<?xml version="1.0" encoding="utf-8"?>
<COLLADA xmlns="http://www.collada.org/2005/11/COLLADASchema" version="1.4.1" xmlns:xsi="http://www.w3.org/2001/XMLSchema-instance">
  <asset>
    <contributor>
      <author>Blender User</author>
      <authoring_tool>Blender 4.0.2 commit date:2023-12-05, commit time:07:41, hash:9be62e85b727</authoring_tool>
    </contributor>
    <created>2023-12-25T12:20:38</created>
    <modified>2023-12-25T12:20:38</modified>
    <unit name="meter" meter="1"/>
    <up_axis>Z_UP</up_axis>
  </asset>
  <library_effects>
    <effect id="unnamed_002-effect">
      <profile_COMMON>
        <newparam sid="tex_0000_squidward_128_PNG-surface">
          <surface type="2D">
            <init_from>tex_0000_squidward_128_PNG</init_from>
          </surface>
        </newparam>
        <newparam sid="tex_0000_squidward_128_PNG-sampler">
          <sampler2D>
            <source>tex_0000_squidward_128_PNG-surface</source>
          </sampler2D>
        </newparam>
        <technique sid="common">
          <lambert>
            <emission>
              <color sid="emission">0 0 0 1</color>
            </emission>
            <diffuse>
              <texture texture="tex_0000_squidward_128_PNG-sampler" texcoord="Float2"/>
            </diffuse>
            <index_of_refraction>
              <float sid="ior">1.45</float>
            </index_of_refraction>
          </lambert>
        </technique>
      </profile_COMMON>
    </effect>
    <effect id="unnamed_001-effect">
      <profile_COMMON>
        <newparam sid="tx8_0000_squideyes_128_PNG-surface">
          <surface type="2D">
            <init_from>tx8_0000_squideyes_128_PNG</init_from>
          </surface>
        </newparam>
        <newparam sid="tx8_0000_squideyes_128_PNG-sampler">
          <sampler2D>
            <source>tx8_0000_squideyes_128_PNG-surface</source>
          </sampler2D>
        </newparam>
        <technique sid="common">
          <lambert>
            <emission>
              <color sid="emission">0 0 0 1</color>
            </emission>
            <diffuse>
              <texture texture="tx8_0000_squideyes_128_PNG-sampler" texcoord="Float2"/>
            </diffuse>
            <index_of_refraction>
              <float sid="ior">1.45</float>
            </index_of_refraction>
          </lambert>
        </technique>
      </profile_COMMON>
    </effect>
    <effect id="unnamed_0-effect">
      <profile_COMMON>
        <newparam sid="tx8_0000_squideyes_128_PNG-surface">
          <surface type="2D">
            <init_from>tx8_0000_squideyes_128_PNG</init_from>
          </surface>
        </newparam>
        <newparam sid="tx8_0000_squideyes_128_PNG-sampler">
          <sampler2D>
            <source>tx8_0000_squideyes_128_PNG-surface</source>
          </sampler2D>
        </newparam>
        <technique sid="common">
          <lambert>
            <emission>
              <color sid="emission">0 0 0 1</color>
            </emission>
            <diffuse>
              <texture texture="tx8_0000_squideyes_128_PNG-sampler" texcoord="Float2"/>
            </diffuse>
            <index_of_refraction>
              <float sid="ior">1.45</float>
            </index_of_refraction>
          </lambert>
        </technique>
      </profile_COMMON>
    </effect>
  </library_effects>
  <library_images>
    <image id="tex_0000_squidward_128_PNG" name="tex_0000_squidward_128_PNG">
      <init_from>tex_0000_squidward_128.PNG</init_from>
    </image>
    <image id="tx8_0000_squideyes_128_PNG" name="tx8_0000_squideyes_128_PNG">
      <init_from>tx8_0000_squideyes_128.PNG</init_from>
    </image>
  </library_images>
  <library_materials>
    <material id="unnamed_002-material" name="unnamed.002">
      <instance_effect url="#unnamed_002-effect"/>
    </material>
    <material id="unnamed_001-material" name="unnamed.001">
      <instance_effect url="#unnamed_001-effect"/>
    </material>
    <material id="unnamed_0-material" name="unnamed.0">
      <instance_effect url="#unnamed_0-effect"/>
    </material>
  </library_materials>
  <library_geometries>
    <geometry id="unnamed_005-mesh" name="unnamed.005">
      <mesh>
        <source id="unnamed_005-mesh-positions">
          <float_array id="unnamed_005-mesh-positions-array" count="1530">-0.09654796 0.06720393 0.086299 -0.09086596 0.125481 0.08719903 -0.107133 0.07947397 0.093809 -0.112322 0.08466291 0.128792 -0.09832799 0.09633994 0.148946 -0.138404 0.07634496 0.135063 -0.05504494 0.09224194 0.04822301 -0.09424597 0.144352 0.008569002 -0.115673 0.163002 0.04688501 -0.08458596 0.1429619 0.045017 -0.101821 0.1129329 0.135053 -0.114131 0.09019792 0.164372 -0.1224409 0.07224196 0.148933 -0.151605 0.06475192 0.08718901 -0.1715509 0.09956395 0.108122 -0.166483 0.06109994 0.04498296 -0.183515 0.09517198 0.04686897 -0.164965 0.07363694 0.008565008 -0.1186 0.02868098 0.04822099 -0.09090298 0.06155896 0.07403498 -0.08223599 0.008235931 0.06661695 -0.06475299 0.03462892 0.08176797 -0.05348199 0.02235293 0.102172 0.003978967 0.01956796 0.04347896 -0.03683197 0.05364394 0.06661701 -0.007021963 0.01589095 0.104477 -0.03164297 0.02836793 0.22288 -0.058779 0.02859491 0.221534 -0.03259795 0.02673387 0.258248 -0.03065794 0.003017902 0.2579 -0.05570495 0.001103878 0.257048 -0.05640399 0.00265789 0.2393659 -0.03143298 0.004122912 0.240405 -0.02940398 0.002833902 0.223006 -0.05650097 -0.06449508 0.4181039 -0.03402996 -0.07601809 0.458561 -0.05933898 -0.06267112 0.4555979 -0.07601696 -0.02710711 0.482375 -0.08257699 -0.03177112 0.529689 -0.08291596 -0.03069716 0.571445 -0.2605 0.02143871 0.886887 -0.154477 0.03569871 0.866683 -0.154473 0.004255712 0.877762 -0.2605 0.03784668 0.868008 -0.28326 0.03800272 0.868007 -0.260503 0.02070474 0.849184 -0.260501 0.001141726 0.857679 -0.260498 0.002198696 0.8783339 -0.283259 6.06734e-4 0.878685 -0.28326 0.02067172 0.88753 -0.283263 0.02062273 0.848541 -0.304062 0.02030974 0.847489 -0.283261 0.002299726 0.857326 -0.304054 -0.002105236 0.8567479 -0.424277 0.01805073 0.895092 -0.477813 0.01764172 0.90063 -0.478443 -0.03723424 0.88584 -0.57186 0.01877468 0.903887 -0.567532 -0.04285222 0.887925 -0.639978 -0.02214026 0.874956 -0.688994 0.02131974 0.8514 -0.644667 0.02020072 0.885391 -0.638944 0.06739771 0.874961 -0.566025 0.08752971 0.887931 -0.304047 0.02028268 0.888582 -0.304047 0.04234272 0.868005 0.03065699 0.003017902 0.2579 0.03018397 0.01839685 0.382064 0.02644699 0.02210384 0.419731 0.05167496 0.02209085 0.418907 0.03331094 0.02799284 0.449121 0.07601696 -0.02710711 0.482375 0.058088 -0.0240761 0.449121 0.027619 -0.06961804 0.25814 0.02644795 -0.07199603 0.2228289 0.04362696 -0.03301697 0.101361 0.02037197 -0.01497 0.02776497 -0.001243948 -0.02517497 0.02901494 -0.01189196 -0.04722601 0.02776694 0.006192982 -0.027938 0.101812 0.04723298 -0.07980698 0.1031839 0.05483299 -0.04963606 0.2214339 0.05514395 -0.05012005 0.2390449 0.02945399 -0.03784811 0.381862 0 -0.0240761 0.444306 -0.02892094 -0.0307151 0.419362 -0.05304294 -0.04271608 0.380679 -0.02945196 -0.03784406 0.3818629 -0.05460494 -0.04811203 0.256664 -0.05518698 -0.05014306 0.239133 -0.03097397 -0.04630905 0.2393969 -0.05483299 -0.04961705 0.2214329 -0.04485297 -0.02396196 0.04348397 -0.078929 -0.06477499 0.06662195 -0.04364395 -0.03300899 0.101357 -0.05421596 -0.07599604 0.2401939 -0.05355995 -0.07422405 0.256833 -0.05807894 -0.03930312 0.417911 -0.03348797 -0.0240761 0.445395 -0.019683 -0.007564127 0.419437 -0.05191695 -0.006439089 0.380923 -0.05416297 0.02031487 0.381314 -0.05871194 0.02731192 0.257405 -0.033773 0.02852588 0.240512 -0.05963599 0.02913492 0.239453 -0.05570697 0.001400887 0.221704 -0.04932498 -0.020756 0.1024039 -0.107217 0.02336394 0.006538987 -0.03887295 -0.02375996 0.009618937 -0.044972 -0.029428 0.04348897 -0.01927697 -0.03715395 0.02775996 -0.004250943 -0.02177703 0.104631 -0.02678197 -0.00547707 0.381761 0 0.03328084 0.449121 -0.03331094 0.02799284 0.449121 0 0.04841685 0.482375 0 0.05416679 0.529689 0.08291596 -0.03069716 0.571445 0.08257699 -0.03177112 0.529689 0.05303895 -0.09334713 0.529689 0 -0.1110562 0.5296889 0.02497297 -0.06857711 0.419734 0.02693295 -0.06288707 0.3821039 0.03108495 -0.04472506 0.25785 0.03094798 -0.04627305 0.2397859 0.02794599 -0.07111704 0.2404469 0.02948695 -0.04582107 0.221722 0.05989098 -0.09270298 0.08177393 0.00446397 -0.07299101 0.103654 -0.004164993 -0.07292199 0.04349595 0.001501977 -0.066823 0.009625971 0.04862695 -0.135167 0.006544947 0.033499 -0.110185 0.06662392 0.08682096 -0.118853 0.07404196 0.07890599 -0.06478202 0.06662392 0.117504 -0.08299398 0.04822993 0.04482996 -0.02396899 0.04348498 0.09001398 -0.179554 0.08719593 0.05394297 -0.146549 0.04822695 0.086362 -0.194433 0.04498994 0.1204349 -0.211465 0.04687494 0.101607 -0.166353 0.1350699 0.121601 -0.126276 0.1489569 0.1447499 -0.146886 0.1488159 0.168224 -0.112536 0.04502296 0.111152 -0.072645 0.00654596 -0.001301944 0.01642596 0.009616971 -0.003978967 0.01956796 0.04347896 0.1186 0.02867996 0.04822099 0.044972 -0.029428 0.04348897 0.03887295 -0.02375996 0.009618937 0.01927697 -0.03715395 0.02775996 0.08223599 0.008235931 0.06661695 0.06475299 0.03462892 0.08176797 0.05348199 0.02235293 0.102172 0.03683197 0.05364394 0.06661701 0.004250943 -0.02177703 0.104631 0.04932498 -0.020756 0.1024039 0.058779 0.02859491 0.221534 0.03164297 0.02836793 0.22288 0.007021963 0.01589095 0.104477 0.05640399 0.00265789 0.2393659 0.05570697 0.001400887 0.221704 0.033773 0.02852588 0.240512 0.03143298 0.004122912 0.240405 0.02940398 0.002832889 0.223006 0.05963599 0.02913492 0.239454 0.05570495 0.001103878 0.257048 0.05191695 -0.006439089 0.380923 0.05871099 0.02731192 0.257405 0.03259795 0.02673387 0.258248 0.06478899 -0.008253097 0.448152 0.019683 -0.007564127 0.419437 0.03348797 -0.0240761 0.445395 0.02892297 -0.03071612 0.419361 0.05807995 -0.0393061 0.417911 0.05304497 -0.0427221 0.380679 0.05346697 -0.06678611 0.3807669 0.05460697 -0.04813104 0.256664 0.05355995 -0.07424306 0.2568359 0.05415594 -0.07598203 0.239659 0.05339795 -0.07674503 0.2225509 0.05312395 -0.09556317 0.571445 -0.05303895 -0.09334713 0.529689 -0.053819 -0.07852512 0.482375 0 -0.09416514 0.482375 0 -0.07130509 0.4491209 -0.024975 -0.06857711 0.4197329 -0.02693295 -0.06288307 0.382103 -0.02761799 -0.06960207 0.258138 -0.03108096 -0.04470902 0.25785 -0.02798795 -0.07114404 0.2404509 -0.02948695 -0.04580503 0.2217159 -0.006208956 -0.02793401 0.1018019 -0.004483997 -0.07298702 0.1036469 -0.05396598 -0.146543 0.04822492 -0.138218 -0.129764 0.1350579 -0.121623 -0.126269 0.1489549 -0.09751194 -0.150374 0.1489629 -0.109948 -0.140265 0.1287969 -0.10163 -0.166347 0.1350679 -0.104759 -0.135076 0.09381395 -0.09003698 -0.179548 0.0871939 -0.092489 -0.124491 0.08630293 0.05649894 -0.06449812 0.418106 0.03402996 -0.07601809 0.458561 0.05933898 -0.06267112 0.4555979 0.053819 -0.07852512 0.482375 0.05843394 0.03316283 0.529689 0.05298697 0.03000384 0.482375 0.02678197 -0.00547707 0.381761 0.05769699 -0.009155094 0.418168 0.05416297 0.02031487 0.381314 -0.554699 0.07697373 0.856537 -0.662133 0.04349273 0.843159 -0.674081 0.04489672 0.855848 -0.626546 0.06016874 0.849753 -0.477215 0.0697717 0.856158 -0.477098 0.07897573 0.884835 -0.424271 0.06341171 0.877901 -0.424283 0.05667072 0.857976 -0.40886 0.01865375 0.841983 -0.424282 -0.01892322 0.85309 -0.477818 0.0181607 0.8354409 -0.478397 -0.03243023 0.855149 -0.556025 -0.03769123 0.856538 -0.54167 0.01890975 0.83058 -0.621877 0.0203427 0.839386 -0.662641 -4.29255e-4 0.843159 -0.670374 0.02140474 0.838352 -0.674597 1.78741e-4 0.855846 -0.627457 -0.0185762 0.849753 -0.42427 -0.02254122 0.882827 -0.30404 -0.00421226 0.87926 0.109926 -0.140272 0.1287989 0.138195 -0.12977 0.1350599 0.104737 -0.135083 0.09381592 0.150743 -0.118815 0.08720493 0.09246599 -0.124498 0.08630496 0.09748899 -0.15038 0.1489649 0.05804294 0.02855283 0.571445 -0.05843394 0.03316283 0.529689 -0.05298697 0.03000384 0.482375 -0.02644699 0.02210384 0.419731 -0.03018397 0.01839685 0.382064 -0.05167496 0.02209186 0.418907 -0.05769699 -0.009154081 0.418168 -0.06478899 -0.008252084 0.448152 -0.058088 -0.0240761 0.449121 -0.05346697 -0.06678009 0.380765 -0.05340099 -0.07672601 0.222552 -0.02644997 -0.07198005 0.222826 -0.04725295 -0.07979798 0.1031839 -0.03352099 -0.110179 0.06662195 0.004142999 -0.07291501 0.04349392 -0.05991399 -0.09269601 0.08177196 -0.08684396 -0.118846 0.07403993 -0.117527 -0.08298802 0.04822796 -0.111174 -0.07263797 0.006543934 -0.169637 -0.122189 0.008573949 -0.188287 -0.143616 0.04688996 -0.1682469 -0.112529 0.04502195 -0.175592 -0.148751 0.1081249 -0.150766 -0.118809 0.08720296 -0.121915 -0.169736 0.1488159 -0.120457 -0.211458 0.04687291 -0.08638495 -0.194426 0.04498791 -0.09892296 -0.192908 0.008569896 -0.04864895 -0.13516 0.006543934 -0.05304294 -0.09445118 0.656894 -0.08122295 -0.02757316 0.656894 -0.05066096 -3.55263e-4 0.869266 -0.06965297 -0.001124262 0.869805 -0.142418 0.0249257 0.893703 -0.154484 0.0207597 0.85023 -0.150071 0.04522669 0.865502 -0.154476 0.02287471 0.885397 -0.15448 0.003323733 0.858254 0.06965297 0.04067873 0.86551 0.045717 0.03958773 0.86469 -0.02520996 0.04383069 0.865244 -0.045717 0.03958773 0.86469 -0.05274999 0.01997274 0.846362 -0.04073494 0.03296971 0.7871209 -0.06198894 -0.00420022 0.7871209 -0.05213797 0.03033679 0.656894 -0.06266599 0.03558677 0.584745 0 0.05702477 0.584745 0 0.04382175 0.7871209 0.04073494 0.03296971 0.7871209 0 0.04877179 0.656894 0.06266599 0.03558677 0.584745 0.08968299 -0.03007215 0.584745 0.05213797 0.03033679 0.656894 0.06198894 -0.00420022 0.7871209 0.05274999 0.01997274 0.846362 -0.142418 0.04457771 0.865503 -0.150071 0.02490973 0.894424 -0.142413 -0.004334211 0.8815709 -0.150065 -0.004869222 0.883532 -0.142423 -0.005607247 0.8549299 -0.150076 -0.006354212 0.852451 -0.14243 0.02087074 0.8413749 -0.150083 0.02085471 0.840655 -0.05174899 0.02585572 0.888694 -0.03493297 -0.007599234 0.885055 0.01186895 -0.04721999 0.02776497 0.154473 0.004255712 0.877762 0.15448 0.003323733 0.858254 0.260501 0.001141726 0.857679 0.2605 0.03784668 0.868008 0.2605 0.02143871 0.886887 0.260498 0.002198696 0.8783339 0.28326 0.02067172 0.88753 0.283259 6.06734e-4 0.878685 0.260503 0.02070474 0.849184 0.30404 -0.00421226 0.87926 0.304054 -0.002105236 0.8567479 0.283261 0.002299726 0.857326 0.283263 0.02062273 0.848541 0.107133 0.07947397 0.093809 0.09086596 0.125481 0.08719903 0.09090298 0.06155896 0.07403498 0.05504494 0.09224194 0.04822301 0.04469496 0.08588898 0.006538987 0.09424597 0.144352 0.008569002 0.115673 0.163002 0.04688501 0.08458596 0.1429619 0.045017 0.120808 0.1503069 0.10812 0.118937 0.119488 0.148809 0.101821 0.1129329 0.135053 0.09833097 0.09634792 0.148935 0.114131 0.09019792 0.164372 0.141793 0.09662991 0.148811 0.1715509 0.09956395 0.108122 0.166483 0.06109893 0.04498296 0.164965 0.07363694 0.008565008 0.151605 0.06475192 0.08718901 0.09654796 0.06720393 0.086299 0.138404 0.07634496 0.135063 0.112322 0.08466291 0.128792 0.1224409 0.07224196 0.148933 0.06965297 -0.001124262 0.869805 0.304047 0.02028268 0.888582 0.424276 0.01804268 0.895091 0.477758 0.01759868 0.90063 0.571813 0.01764369 0.903887 0.566772 -0.04392826 0.887925 0.6446321 0.01822668 0.885391 0.639453 -0.02405726 0.874956 0.674327 -0.002138257 0.855846 0.688969 0.01883369 0.8514 0.674329 0.04258173 0.855848 0.639455 0.06548672 0.874961 0.4777539 0.07893669 0.884835 0.477764 0.06973272 0.856158 0.47777 0.01811772 0.8354409 0.555326 0.0760377 0.856537 0.626974 0.0584017 0.849753 0.621844 0.0186327 0.839386 0.662365 0.04131573 0.843159 0.67035 0.01913273 0.838352 0.626974 -0.02034825 0.849753 0.541627 0.01812773 0.83058 0.555325 -0.03863525 0.856538 0.477764 -0.03247624 0.855149 0.40886 0.01865375 0.841983 0.304062 0.02030974 0.847489 0.424283 0.05667269 0.857985 0.424271 0.06340771 0.877911 0.566773 0.08646172 0.887931 0.662366 -0.002609252 0.843159 0.4777539 -0.03728121 0.88584 0.42427 -0.02254521 0.882815 0.424282 -0.01892024 0.853079 0.154476 0.02287471 0.885397 0.154477 0.03569871 0.866683 0.150071 0.04522669 0.865502 0.154484 0.0207597 0.85023 0.28326 0.03800272 0.868007 0.304047 0.04234272 0.868005 0.14243 0.02087074 0.8413749 0.142423 -0.005607247 0.8549299 0.06965297 0.02502667 0.889382 0.150071 0.02490973 0.894424 0.150083 0.02085471 0.840655 0.150076 -0.006354212 0.852451 0.150065 -0.004869222 0.883532 0.142413 -0.004334211 0.8815709 0.142418 0.0249257 0.893703 0.142418 0.04457771 0.865503 0.05174899 0.02585572 0.888694 0.03155499 0.02182072 0.89317 0.021595 0.03791069 0.8994439 0.02520996 0.04383069 0.865244 0 0.04683572 0.865389 0 0.04209369 0.901233 -0.021595 0.03791069 0.8994439 -0.03155499 0.02182072 0.895742 -0.06965297 0.02502667 0.889382 -0.06965297 0.04067873 0.86551 -0.06966197 0.02097171 0.845697 0.124826 -0.199501 0.1081279 0.160061 -0.182368 0.04259693 0.09889996 -0.192915 0.008571922 0.169614 -0.122195 0.008575916 0.188264 -0.143622 0.04689192 0.17557 -0.148758 0.1081269 0.1560339 -0.178994 0.1086969 0.121893 -0.169743 0.1488179 0.1154479 -0.142069 0.1643999 0.06966197 0.02097171 0.845697 0.04144597 -0.05587118 0.7871209 0.08122295 -0.02757316 0.656894 0.05743497 -0.1037421 0.5847449 0 -0.1152762 0.6568939 -0.05743497 -0.1037421 0.5847449 0 -0.07410919 0.7871209 -0.04144597 -0.05587118 0.7871209 -0.03197699 -0.02045422 0.86742 0.03493297 -0.007599234 0.885055 0.05066096 -3.55263e-4 0.869266 0.03197699 -0.02045422 0.86742 0.05304294 -0.09445118 0.656894 0.03927099 -0.02283227 0.889634 0.03311997 -0.03646826 0.872885 0.04858398 -0.002553224 0.886967 0.036089 0.03560268 0.912465 -0.03692597 0.03657269 0.899688 -0.04858398 -0.002553224 0.886967 -0.039065 -0.02314323 0.889706 0.151044 0.1307719 0.10869 0.154419 0.134799 0.04259002 0.1331689 0.113637 0.00288403 0.01540094 -0.007761955 -1.00235e-6 -0.002774 -0.026506 0.02900797 -0.01297897 -0.004888951 0.027758 0.183515 0.09517198 0.04686897 0.07598698 0.05582398 -9.83088e-7 0.107217 0.02336394 0.006538987 0.04250794 -0.003701269 0.934699 0 0.04856771 0.915017 0 0.0430057 0.950218 -0.036089 0.03560268 0.912465 -0.03106695 0.02978271 0.946825 0.04168796 -0.02664697 0.009623944 0.08108699 -0.103937 4.96851e-6 0.1389 -0.161119 0.002890944 0.01749897 -0.04335099 4.98687e-6 0.01156795 -0.02153128 0.920732 0.03171396 -0.01650327 0.9255059 0.025469 0.0229507 0.9439 0.03106695 0.02978271 0.946825 0 0.0336467 0.947647 -0.025469 0.0229507 0.9439 -0.04250794 -0.003701269 0.934699 -0.03492695 -0.004208266 0.9342769 -0.03171396 -0.01650327 0.9255059 -0.01156795 -0.02153128 0.920732 0.020527 -0.003142237 0.888806 0.02309596 -0.02363026 0.919949 0.030927 -0.02919626 0.899572 0.03692597 0.03657269 0.899688 0 0.04949468 0.902099 -0.030927 -0.02919626 0.899572 0.03848296 -0.02026623 0.8987 0.04771596 -0.002717256 0.899462 0.01127696 0.004174709 0.899434 0 -0.04507821 0.85225 0 -0.002750217 0.891975 -0.01127696 0.004174709 0.899434 -0.001524984 -0.06681597 0.009623944 -0.138922 -0.161112 0.002888917 -0.124849 -0.199494 0.1081269 -0.156057 -0.178987 0.1086949 -0.115471 -0.142063 0.1643979 -0.144773 -0.14688 0.1488139 -0.160084 -0.182362 0.0425949 -0.08111 -0.1039299 2.96851e-6 -0.01752197 -0.04334396 2.98687e-6 -0.04171097 -0.02663999 0.009621977 0.001220941 -0.025168 0.02901297 -0.02039498 -0.01496297 0.02776294 -0.020527 -0.003142237 0.892734 -0.010746 0.01747667 0.912913 0 0.02228868 0.9184629 0.010746 0.01747667 0.912913 0.03492695 -0.004208266 0.9342769 0.01297897 -0.004888951 0.027758 0.001301944 0.01642596 0.009616971 -0.04469496 0.08588898 0.006538987 -0.07598698 0.05582398 -9.83088e-7 -0.01540094 -0.007761955 -1.00235e-6 0.002774 -0.026506 0.02900797 -0.118937 0.119488 0.148809 -0.120808 0.1503069 0.10812 -0.151044 0.1307719 0.10869 -0.1331689 0.113637 0.00288403 -0.154419 0.134799 0.04259002 -0.141793 0.09662991 0.148811 -0.05804294 0.02855283 0.571445 0 0.0478698 0.571445 0 -0.1251221 0.5847449 0 -0.1143661 0.5714449 -0.05312395 -0.09556317 0.571445 -0.08968299 -0.03007215 0.584745 -0.02309596 -0.02363026 0.919949 -0.03311997 -0.03646826 0.872885 -0.03776198 -0.02135425 0.898949 -0.04771596 -0.002717256 0.899462</float_array>
          <technique_common>
            <accessor source="#unnamed_005-mesh-positions-array" count="510" stride="3">
              <param name="X" type="float"/>
              <param name="Y" type="float"/>
              <param name="Z" type="float"/>
            </accessor>
          </technique_common>
        </source>
        <source id="unnamed_005-mesh-normals">
          <float_array id="unnamed_005-mesh-normals-array" count="1530">0.4874719 -0.5234026 0.6988711 0.848203 0.3041117 0.433668 0.5343077 -0.5367016 0.6530442 0.901315 0.3507983 0.2541098 0.6893334 -0.7240691 -0.02331113 0.9566311 -0.09020364 0.2769846 0.03557515 -0.9444227 0.3268031 -0.4612351 -0.8384109 0.2903953 -0.4070237 -0.8057969 0.4301432 0.2310636 -0.2620819 0.9369753 0.7590405 0.4632307 0.4574657 0.7135184 0.6943193 0.09387415 0.6197886 0.472139 -0.6268547 0.22793 0.6906925 -0.6862884 -0.05333566 0.9902743 -0.1284999 0.09174597 0.9034987 0.4186563 0.06170099 0.6860035 0.7249774 0.1911773 -0.1748102 0.9658637 -0.6940867 0.01616555 0.7197099 -0.9142463 -0.02288997 0.4045118 -0.7533675 -0.6572824 0.02043211 -0.9842874 0.1038658 -0.1427944 -0.6762729 -0.1912124 -0.7114021 -0.4508463 -0.5700417 -0.6868699 -0.520433 -0.7781379 0.3516406 -0.6953666 -0.4799925 0.5348576 -0.385632 0.3679639 0.8461032 -0.6197456 0.6068051 0.4976977 0.438923 0.6545544 0.6155527 0.8791727 0.4674411 0.09248954 0.7559518 0.2349723 -0.6110032 0.954811 -0.105836 -0.2777312 0.7780831 0.5726984 0.2580764 0.6584699 0.7487693 0.07590812 -0.7365518 0.6738349 -0.05863529 0.6441157 0.7632098 0.05124223 0.7585461 -0.6511046 0.02590209 0.6923587 0.7210937 0.02575838 0.7620652 -0.643585 -0.07109886 0.7524078 -0.6503887 -0.1042933 -0.6342352 -0.7724248 -0.03325456 -0.6684574 -0.7437404 -0.003880083 0.7407466 -0.6357512 0.2170598 0.6910089 -0.6698787 0.271605 0.6777632 -0.6716839 -0.2991285 0.1123286 -0.9439436 -0.3104074 -0.7243894 -0.682078 -0.1001483 -0.2000333 -0.9216479 -0.3324937 -0.8384277 -0.5174548 -0.1711132 -0.6447071 -0.7249175 -0.2425849 -0.9795761 -0.0120874 -0.2007104 -0.6445851 -0.7523528 -0.1359244 -0.9961777 -0.04635238 -0.07403743 -0.6498767 -0.6861419 -0.3269093 -0.9677748 -0.02028065 -0.2509996 -0.6825753 0.6842318 -0.2567451 0.01558959 0.2204977 0.9752629 -0.6573422 -0.605691 0.4483744 -0.6511661 0.2329961 0.722285 0.006373405 0.9998986 -0.01274162 -0.6586223 0.751551 -0.03725409 0.01117902 0.2080128 -0.9780622 -0.6494994 0.1822894 -0.7381877 0.01127582 -0.8461593 -0.5328108 -0.6747534 -0.6276032 -0.3883582 0.04255437 -0.821344 0.5688439 0.03367286 0.2112436 0.9768533 0.09133112 0.9957391 0.0127483 0.05349558 0.1842335 -0.9814257 0.07618302 -0.799686 -0.5955656 0.110842 -0.8326389 0.542611 0.1057699 0.1730204 0.9792225 0.1997445 0.9798447 0.002568781 0.08415281 0.153085 -0.9846235 0.1509086 -0.7938947 -0.5890315 0.1650876 -0.8358964 0.5234723 0.09784692 0.01484119 0.9950909 0.1875329 -0.8132957 0.5508009 0.07484614 -0.01380473 0.9970996 0.1517286 -0.8352346 0.5285468 -0.1101502 -0.01329481 0.993826 -0.1349751 -0.8434633 0.5199534 -0.4339852 -0.00893402 0.9008756 -0.4634951 -0.7749438 0.4296913 -0.7717843 -0.629364 0.09082973 -0.9969322 -0.01326292 -0.07713854 -0.7644603 0.6406694 0.07171636 -0.4485138 0.8014078 0.3957033 -0.1150049 0.8755703 0.469202 0.1806313 0.8657461 0.4667506 0.2339043 0.8827814 0.4074137 -0.6923493 0.7211028 0.02575367 -0.7620828 -0.6435623 -0.07111585 -0.7524079 -0.6503887 -0.1042929 -0.6859934 0.7262971 -0.04365247 -0.4968875 0.7867329 -0.3662708 0.6212863 0.7835688 -0.004833161 0.3920851 0.8934881 -0.2189713 0.9685597 0.1068927 -0.224647 0.6662937 0.7170206 -0.2047784 0.9795761 -0.01208645 -0.200711 0.8565148 -0.164013 -0.4893692 0.8384324 -0.5174509 -0.1711013 0.8358781 0.510587 -0.2015163 0.7243209 -0.6821573 -0.1001041 0.642986 -0.7657563 0.01365196 -0.78788 -0.6157891 -0.007000684 0.6285548 -0.7744012 0.07226169 -0.8108102 -0.5843626 0.03327792 0.6323909 -0.7729132 0.05183649 -0.7920426 -0.6065711 0.06884747 -0.7797649 -0.6132431 0.1260939 -0.5911779 0.7911587 0.1567692 -0.6214571 0.7453047 0.2414789 0.619379 0.7546671 0.2164424 -0.1015993 0.9511771 -0.2914446 -0.6767189 0.6704569 -0.3042026 -0.9457722 0.1142125 -0.3040893 -0.8051488 -0.5273104 0.271439 0.5705565 -0.633384 0.5227714 0.6226193 -0.7825243 9.85831e-4 0.7895688 0.6134165 0.01736462 0.7927529 0.609142 -0.02210962 -0.6047387 0.7964197 -0.002582371 0.7608466 0.647745 -0.039231 -0.595777 0.8010584 -0.05792617 -0.6092339 0.7863596 -0.1023361 0.7632055 0.6376802 -0.1043135 -0.3687826 0.8044406 -0.4656981 -0.484212 -0.8141292 -0.3205189 2.81305e-6 0.002386569 -0.9999971 -9.99545e-6 -0.7706078 -0.6373098 0.4841275 -0.8141923 -0.3204863 0.3688498 0.8044299 -0.4656635 0.609305 0.7863157 -0.1022509 -0.7631522 0.6377516 -0.1042678 -0.7603801 0.6483083 -0.03897041 0.5960056 0.8008274 -0.05876064 0.6043993 0.7966812 -7.8752e-4 -0.7936372 0.6079709 -0.02261346 -0.7889969 0.6141498 0.01744019 0.5909931 0.7909024 0.1587466 -0.6193043 0.7547129 0.216496 0.6215547 0.7452468 0.2414061 0.1015996 0.9511793 -0.2914366 -0.4754875 0.8766509 0.07344979 -0.2349715 0.7559511 -0.6110045 -0.4721474 0.6197892 -0.6268479 -0.4632354 0.7590352 0.4574697 -0.6612164 0.4333243 0.6123912 -0.5705766 -0.6333095 0.52284 -0.6226964 -0.7824631 -8.43985e-4 -0.6324866 -0.772711 0.05365133 -0.6287038 -0.7739607 0.07560694 -0.6430367 -0.7657154 0.01356542 -0.8358367 0.5106641 -0.2014929 -0.8565191 -0.1640015 -0.4893655 -0.1061432 0.1762032 -0.9786144 0.6753751 -0.5075414 -0.5350425 -0.7478184 -0.5969003 -0.2906504 -0.6356268 -0.7667505 -0.08984708 -0.7034302 0.7107387 -0.006051301 -0.7413296 0.6658599 0.08403062 -0.7350655 0.677577 0.02383798 -0.6669576 -0.7419819 0.06804877 -0.5810947 -0.7794706 0.2339972 -0.454236 -0.8908116 -0.01116263 -0.2260652 -0.7236707 -0.6520699 0.4969036 0.7867251 -0.3662659 1.65063e-7 0.8091281 -0.5876324 -0.3920776 0.8934926 -0.2189663 0 0.9748293 -0.222953 -0.6662928 0.7170222 -0.2047761 -0.6986473 0.7151356 -0.02174812 0 0.9999731 0.007332384 0.6986473 0.7151356 -0.02174812 0.6825753 0.6842318 -0.2567451 0.9961777 -0.04635238 -0.07403743 0.9677745 -0.02028071 -0.2510004 0.6498767 -0.6861419 -0.3269094 0.6445851 -0.7523527 -0.1359244 0 -0.981796 -0.189939 0.6447071 -0.7249175 -0.2425849 0 -0.9155794 -0.4021373 0.2000322 -0.9216553 -0.3324735 0.6612343 0.4333147 0.6123788 0.3578951 -0.3838512 0.8512165 -0.4870021 -0.6829001 0.5444964 -0.8911234 -0.4537603 9.06367e-4 -0.7236905 -0.2260822 -0.6520422 -0.5700376 -0.4508466 -0.6868731 -0.7781429 -0.5204333 0.351629 -0.2620904 0.2310565 0.9369747 0.4632392 0.7590351 0.4574663 0.4754881 0.8766523 0.07342958 0.2349683 0.7559511 -0.6110056 0.4721457 0.61979 -0.6268483 0.6943194 0.7135186 0.09387087 0.3041133 0.8482041 0.4336647 -0.5233997 0.4874644 0.6988786 -0.805801 -0.4070076 0.4301506 -0.6572835 -0.7533665 0.02043122 -0.1912019 -0.6762737 -0.7114041 0.1038867 -0.9842829 -0.1428101 -0.0229004 -0.9142475 0.4045085 0.0163331 -0.6942332 0.7195649 -0.8384324 -0.46135 0.2901507 -0.9444076 0.03552126 0.3268525 -0.1746526 0.1914634 0.9658355 -0.08990734 0.9567546 0.2766538 0.6861005 0.0616821 0.7248872 0.350796 0.9013256 0.2540755 0.9035025 0.09173184 0.4186508 0.9902744 -0.05332714 -0.1285026 0.6906968 0.2279376 -0.6862816 -0.7559518 0.2349723 -0.6110033 -0.954811 -0.105836 -0.2777312 -0.8791727 0.467441 0.09248954 -0.6197886 0.472139 -0.6268547 -0.7590406 0.4632307 0.4574657 -0.438923 0.6545545 0.6155527 -0.2310661 -0.2620797 0.9369753 0.385632 0.367964 0.8461031 0.6953608 -0.479991 0.5348663 0.5204324 -0.7781397 0.3516373 0.454235 -0.890812 -0.01116263 0.450841 -0.5700389 -0.6868757 0.2260653 -0.7236707 -0.6520699 -0.1123285 -0.9439436 -0.3104074 0.5810947 -0.7794706 0.2339972 0.6197456 0.6068051 0.4976977 -0.7780831 0.5726982 0.2580766 -0.6910089 -0.6698788 0.2716048 -0.6777632 -0.6716839 -0.2991285 0.6669698 -0.7419713 0.06804335 0.736552 0.6738348 -0.05863398 -0.6584707 0.7487686 0.07590776 -0.7407283 -0.6357701 0.217067 0.6684621 -0.7437362 -0.003873705 0.7350668 0.677575 0.02385526 -0.6441159 0.7632096 0.05124193 -0.7585504 -0.6510991 0.02590918 0.6342459 -0.7724164 -0.03324681 0.7413088 0.6658799 0.0840553 0.6356275 -0.7667489 -0.08985489 0.7034282 0.7107408 -0.006044387 0.7478041 -0.596917 -0.2906532 -0.67538 -0.5075383 -0.5350391 0.1061422 0.1761904 -0.9786168 0 -0.9208909 -0.3898206 0.7878354 -0.6158456 -0.007040083 0.8112271 -0.5837838 0.03327667 0.7912946 -0.6075824 0.06853258 0.7802035 -0.6126782 0.1261274 0.8051167 -0.5273818 0.2713961 0.9457689 0.1141987 -0.3041054 0.891127 -0.4537533 8.78136e-4 0.7236824 -0.226076 -0.6520532 0.5700455 -0.4508524 -0.6868627 0.7781399 -0.5204374 0.3516296 0.6572828 -0.7533673 0.02042728 0.8057985 -0.4070218 0.4301419 0.2620792 0.2310579 0.9369775 0.5233969 0.4874737 0.6988742 -0.3041099 0.8482025 0.4336699 0.5367134 0.5343293 0.6530168 -0.3508188 0.9013168 0.2540753 0.7240414 0.689356 -0.02350622 0.08991825 0.9567542 0.2766519 0.944404 0.03549754 0.3268658 0.8384175 -0.4613744 0.2901547 0.1606438 0.7324356 -0.661613 0.07872086 0.04347455 -0.9959483 0.1241577 0.7338064 -0.667917 0.06332713 0.005041658 -0.9979801 -0.006268799 0.7595627 -0.650404 0.0212695 -0.004494667 -0.9997637 -0.1504122 0.6762029 -0.7211975 -0.04021048 -0.002205133 -0.9991888 -0.2990761 0.5442529 -0.7837999 0.1528204 -0.7535333 -0.6394008 0.1099705 -0.7865591 -0.6076443 -0.03212612 -0.8091227 -0.5867611 -0.1914271 -0.7075541 -0.6802374 -0.334842 -0.5624949 -0.7559632 -0.3712108 -0.003804266 -0.928541 -0.7240349 0.6893625 -0.02351194 -0.5367092 0.5343342 0.6530163 0 0.9707178 -0.2402229 -0.968559 0.1069087 -0.2246417 -0.6212704 0.7835814 -0.004835903 0.6859964 0.7262941 -0.04365837 0.4869979 -0.6829074 0.5444912 -0.3578885 -0.3838227 0.8512321 -0.6943182 0.713519 0.0938763 -0.6906949 0.2279296 -0.6862861 -0.9902743 -0.05333572 -0.1285002 -0.9034981 0.09174942 0.4186567 -0.6861012 0.06166714 0.7248879 0.1746407 0.1914401 0.9658424 -0.01632213 -0.6942373 0.7195611 0.02288943 -0.9142469 0.4045106 -0.1038674 -0.984286 -0.1428034 0.1912019 -0.6762721 -0.7114056 -0.9854744 -0.01071101 -0.1694864 -0.6565301 -0.7231984 -0.214365 -0.6786497 -0.707571 0.1969212 -0.9901394 0.007778167 0.1398701 -0.6761373 -0.6743105 0.2968904 -0.9925918 0.06284403 0.1039814 -0.6155397 -0.7179666 0.3250153 -0.8492711 0.2466352 -0.466808 0.1331709 -0.985549 0.1046833 0.0889045 0.0166254 -0.9959015 0.08708459 0.1748287 -0.9807402 0.1555675 -0.8758649 -0.4567927 0.1372017 -0.8277388 0.5440811 0.08760118 0.1887198 0.978116 0.08237546 0.2908076 0.9532289 -0.3848058 -0.7679826 -0.5119836 -0.3980066 -0.7271896 0.559273 -0.4271619 0.1586498 -0.8901479 -0.4209442 0.9040908 -0.07366132 -0.4217114 0.2586129 0.8690678 -0.06652492 0.9940746 -0.08596646 -0.08708494 0.1748287 -0.9807401 -0.05522459 0.9934614 -0.0999248 -0.08890479 0.0166254 -0.9959015 0.8492711 0.2466351 -0.466808 0.2668544 0.9627246 0.04415935 0.6078861 0.7938263 -0.01773506 0.1781123 0.9826892 0.05097162 0 0.9998128 -0.01934999 0 0.9989176 0.0465154 -0.1781123 0.9826892 0.05097162 -0.6078861 0.7938263 -0.01773506 -0.2681589 0.962616 0.03822803 -0.6565585 0.7486429 0.092004 -0.6634426 0.7219993 -0.1963695 0 0.9744912 -0.2244256 0 0.9978388 0.0657109 0.6565585 0.7486429 0.092004 0.6634426 0.7219993 -0.1963694 0.9854742 -0.01071101 -0.1694869 0.9901394 0.007778227 0.1398701 0.9925918 0.06284397 0.1039815 0.06652456 0.9940747 -0.08596658 -0.1713796 0.3464079 0.9222964 0.01512724 -0.9091802 -0.416128 -0.6212273 0.7147313 -0.3213033 0.6767126 0.6704578 -0.3042144 -0.04255497 -0.821344 0.5688439 0.657343 -0.6056907 0.4483736 0.6747536 -0.6276031 -0.3883582 -0.01127582 -0.8461593 -0.5328108 0.6494995 0.1822893 -0.7381877 -0.01280879 0.2066734 -0.9783262 0.6586226 0.7515508 -0.03725403 -0.008095681 0.9999024 -0.01139444 0.651167 0.2329966 0.722284 -0.01559007 0.2204979 0.9752629 -0.03367292 0.2112436 0.9768533 -0.1108421 -0.8326389 0.542611 -0.07618212 -0.799686 -0.5955657 -0.05193465 0.1830191 -0.9817367 -0.08959102 0.9958803 0.01399862 -0.1057826 0.1730163 0.9792219 -0.1650983 -0.8358921 0.5234759 -0.1509227 -0.7938887 -0.5890357 -0.08414065 0.1530928 -0.9846233 -0.03566277 -0.9444092 0.3268325 -0.9567002 -0.090092 0.2767824 -0.6893433 -0.7240617 -0.02324807 -0.901309 0.3507855 0.2541489 -0.5343077 -0.5367015 0.6530443 -0.8482031 0.3041116 0.4336679 -0.4874719 -0.5234026 0.6988712 -0.7135184 0.6943193 0.09387409 -0.2279301 0.6906925 -0.6862885 0.05333566 0.9902743 -0.1284999 -0.09174615 0.9034985 0.4186563 -0.06172984 0.6859831 0.7249943 -0.1913906 -0.1748546 0.9658135 0.6940868 0.01616543 0.7197099 0.4612349 -0.8384111 0.2903952 0.40702 -0.805794 0.4301519 0.9142459 -0.02288907 0.4045128 0.7533687 -0.6572811 0.02042984 0.9842867 0.1038706 -0.1427955 0.6762708 -0.1912071 -0.7114055 -0.1331712 -0.985549 0.1046833 -0.0876007 0.1887198 0.978116 0.6155397 -0.7179666 0.3250154 0.1262512 0.3420586 0.9311587 -0.1074316 -0.8859436 -0.4511789 0.6955835 0.7027557 -0.1493251 -0.09765797 0.01495182 0.9951078 -0.1891245 -0.8128228 0.5509548 -0.07512605 -0.01224333 0.9970989 -0.1585687 -0.8334511 0.5293537 0.1099895 -0.01456856 0.993826 0.1252018 -0.8449633 0.5199632 0.4338583 -0.01395881 0.900873 0.4545102 -0.7802559 0.429676 0.7644452 -0.6382559 0.09084594 0.9967113 -0.02480119 -0.07714664 0.7718142 0.631793 0.07169806 0.457752 0.7961653 0.3957071 0.1251273 0.8741801 0.4692041 -0.1737124 0.8675473 0.4660318 -0.231613 0.8831729 0.4078739 -0.199741 0.9798455 0.002553164 -0.07864195 0.04379391 -0.9959406 -0.1593058 0.7327884 -0.6615458 -0.1189179 0.7352193 -0.6673164 -0.06345283 0.006909549 -0.997961 0.01506018 0.7594401 -0.6504029 -0.02131861 -0.00425136 -0.9997638 0.1582248 0.6744165 -0.7211985 0.0401839 -0.002669394 -0.9991887 0.3053414 0.5407463 -0.7838113 0.3711349 -0.008126437 -0.9285435 0.3283463 -0.5663608 -0.7559261 0.1832342 -0.7097175 -0.6802399 0.02275604 -0.8094483 -0.5867503 -0.1157478 -0.7852742 -0.6082326 -0.1538897 -0.7528706 -0.639925 0.4217121 0.2586135 0.8690674 0.4209446 0.9040907 -0.07366114 0.4271619 0.1586498 -0.8901478 0.384806 -0.7679824 -0.5119838 0.3980073 -0.7271895 0.5592724 -0.1555675 -0.8758648 -0.4567928 -0.1372015 -0.8277388 0.5440811 -0.0823754 0.2908077 0.9532289 0.2927649 0.7588638 -0.5817341 0 0.7445123 -0.6676088 -0.3032742 0.7562865 -0.5797031 0.05522435 0.9934613 -0.0999248 0.6674004 -0.661847 0.3413728 0.6796331 -0.6760178 -0.2847786 0.3361817 -0.3325775 -0.881121 0.6761372 -0.6743104 0.2968904 0.6786497 -0.707571 0.1969212 0.6565301 -0.7231984 -0.2143651 0 -0.9756417 0.2193708 0 -0.9686357 -0.2484852 0 -0.9295058 0.3688077 -0.4705283 -0.7416878 0.4780192 -0.3507528 -0.9238507 -0.1532068 0.001475632 -0.8936017 0.4488583 0.4448171 -0.7402939 0.5040862 0.3705607 -0.927081 -0.05661904 0.8565697 -0.5026122 0.1169171 -0.1474202 -0.7226166 -0.6753463 0.9889728 -0.09865659 0.1104522 0.8125119 0.08192861 -0.5771588 0.7378889 0.6577983 0.1510673 0.6066805 0.664114 -0.4369113 0 0.9930874 0.1173774 0 0.8355239 -0.5494543 -0.5964595 0.6408929 -0.4832105 -0.7378892 0.6577981 0.1510672 -0.8024788 0.1058681 -0.5872136 -0.9887614 -0.1000627 0.1110786 0.1470988 -0.720816 -0.6773377 -0.858821 -0.4988403 0.1165548 0.6618424 0.6674036 0.3413752 0.676028 0.6796228 -0.2847787 0.3325697 0.3361646 -0.8811304 0.00567609 0.01052576 -0.9999286 -0.3082669 -0.3152859 -0.8975335 0.3211606 -0.7284422 0.6051676 0.8019232 -0.5562536 0.217948 0.6930862 -0.3111771 0.650231 0.5471103 0.3051732 0.7794483 0 0.6186346 0.785679 -0.5471103 0.3051733 0.7794484 -0.6930301 -0.3100485 0.6508297 -0.7941157 -0.5656213 0.2223804 -0.3150783 -0.7285048 0.6082816 -0.2924777 -0.9553519 0.04194813 0.1102981 -0.8889915 0.4444417 -0.6833283 -0.3475739 0.6420708 -0.3153054 0.3082603 -0.897529 0.01053529 -0.00567156 -0.9999285 -0.3253107 -0.4025977 0.8556216 -0.264194 -0.543733 0.7965903 0 -0.5876281 0.8091312 0.2641937 -0.5437331 0.7965904 0.3253092 -0.4025979 0.855622 0.6833289 -0.3475738 0.6420702 0.3017368 -0.9522563 0.04650908 -0.1104406 -0.8916124 0.4391247 -0.8653573 -0.1321943 0.4834061 0 -0.6843309 0.7291716 0.8653575 -0.1321944 0.4834059 0.3153049 0.3082586 -0.8975297 -0.01052922 -0.005674839 -0.9999285 -0.3361685 -0.332571 -0.8811284 -0.6796248 -0.6760267 -0.2847774 -0.6674035 -0.6618428 0.3413748 0.6233955 -0.6711262 0.4012079 0 -0.9461532 0.3237194 -0.6233955 -0.6711261 0.4012079 0.3082669 -0.315286 -0.8975335 -0.00567609 0.01052576 -0.9999286 -0.3325697 0.3361646 -0.8811304 -0.6618425 0.6674036 0.3413752 -0.6760281 0.6796228 -0.2847787</float_array>
          <technique_common>
            <accessor source="#unnamed_005-mesh-normals-array" count="510" stride="3">
              <param name="X" type="float"/>
              <param name="Y" type="float"/>
              <param name="Z" type="float"/>
            </accessor>
          </technique_common>
        </source>
        <source id="unnamed_005-mesh-map-0">
          <float_array id="unnamed_005-mesh-map-0-array" count="6072">0.4703 0.7496 0.4771 0.7497 0.4704 0.7504 0.4704 0.7504 0.4771 0.7497 0.4746 0.7543 0.4704 0.7504 0.4746 0.7543 0.4704 0.7537 0.4704 0.7537 0.4746 0.7543 0.4732 0.7557 0.4704 0.7537 0.4732 0.7557 0.468 0.7557 0.4704 0.7537 0.468 0.7557 0.4667 0.7543 0.4704 0.7537 0.4667 0.7543 0.4704 0.7504 0.4704 0.7504 0.4667 0.7543 0.4641 0.7497 0.4704 0.7504 0.4641 0.7497 0.4703 0.7496 0.4703 0.7496 0.4641 0.7497 0.4703 0.7485 0.4703 0.7496 0.4703 0.7485 0.4771 0.7497 0.4771 0.7497 0.4703 0.7485 0.4774 0.746 0.4771 0.7497 0.4774 0.746 0.4797 0.7457 0.4797 0.7457 0.4774 0.746 0.4778 0.742 0.4797 0.7457 0.4778 0.742 0.4788 0.7422 0.4788 0.7422 0.4785 0.7458 0.4797 0.7457 0.4797 0.7457 0.4785 0.7458 0.4766 0.7517 0.4797 0.7457 0.4766 0.7517 0.4771 0.7497 0.4771 0.7497 0.4766 0.7517 0.4735 0.7556 0.4771 0.7497 0.4735 0.7556 0.4746 0.7543 0.4746 0.7543 0.4735 0.7556 0.4732 0.7557 0.4732 0.7557 0.4735 0.7556 0.4708 0.7571 0.4732 0.7557 0.4708 0.7571 0.468 0.7557 0.468 0.7557 0.4708 0.7571 0.4686 0.7556 0.468 0.7557 0.4686 0.7556 0.4667 0.7543 0.4667 0.7543 0.4686 0.7556 0.4641 0.7497 0.4641 0.7497 0.4686 0.7556 0.4657 0.7517 0.4641 0.7497 0.4657 0.7517 0.4621 0.7457 0.4621 0.7457 0.4657 0.7517 0.4639 0.7458 0.4621 0.7457 0.4639 0.7458 0.4636 0.7422 0.4636 0.7422 0.4644 0.742 0.4621 0.7457 0.4621 0.7457 0.4644 0.742 0.4637 0.746 0.4621 0.7457 0.4637 0.746 0.4641 0.7497 0.4641 0.7497 0.4637 0.746 0.4703 0.7485 0.4703 0.7485 0.4637 0.746 0.4655 0.7477 0.4703 0.7485 0.4655 0.7477 0.4702 0.7492 0.4702 0.7492 0.4655 0.7477 0.4701 0.7512 0.4702 0.7492 0.4701 0.7512 0.4752 0.7477 0.4702 0.7492 0.4752 0.7477 0.4703 0.7485 0.4703 0.7485 0.4752 0.7477 0.4774 0.746 0.4774 0.746 0.4752 0.7477 0.4759 0.7455 0.4774 0.746 0.4759 0.7455 0.4778 0.742 0.4778 0.742 0.4759 0.7455 0.4753 0.7423 0.4743 0.744 0.4753 0.7423 0.4759 0.7455 0.4743 0.744 0.4759 0.7455 0.4746 0.7512 0.4746 0.7512 0.4759 0.7455 0.4752 0.7477 0.4746 0.7512 0.4752 0.7477 0.4701 0.7512 0.4746 0.7512 0.4701 0.7512 0.4738 0.7627 0.4738 0.7627 0.4701 0.7512 0.4708 0.7627 0.4738 0.7627 0.4708 0.7627 0.4737 0.7644 0.4738 0.7627 0.4737 0.7644 0.4714 0.7644 0.4714 0.7644 0.4737 0.7644 0.4737 0.7661 0.4714 0.7644 0.4737 0.7661 0.4715 0.7661 0.4715 0.7661 0.4737 0.7661 0.4717 0.778 0.4715 0.7661 0.4717 0.778 0.4685 0.7661 0.4715 0.7661 0.4685 0.7661 0.4714 0.7644 0.4714 0.7644 0.4685 0.7661 0.4685 0.7644 0.4714 0.7644 0.4685 0.7644 0.4714 0.7627 0.4714 0.7644 0.4714 0.7627 0.4738 0.7627 0.4738 0.7627 0.4714 0.7627 0.4746 0.7512 0.4746 0.7512 0.4714 0.7627 0.471 0.7512 0.4746 0.7512 0.471 0.7512 0.4743 0.744 0.4743 0.744 0.471 0.7512 0.4709 0.7441 0.4709 0.7441 0.471 0.7512 0.4673 0.744 0.4709 0.7816 0.4719 0.7854 0.4681 0.7852 0.4681 0.7852 0.4719 0.7854 0.4689 0.7877 0.4681 0.7852 0.4689 0.7877 0.4655 0.7877 0.4655 0.7877 0.4689 0.7877 0.469 0.7923 0.4655 0.7877 0.469 0.7923 0.4645 0.7923 0.4645 0.7923 0.469 0.7923 0.469 0.7968 0.4645 0.7923 0.469 0.7968 0.4645 0.7968 0.4645 0.7923 0.4645 0.7968 0.4682 0.7968 0.5232 0.7754 0.5265 0.7729 0.5265 0.775 0.5232 0.7754 0.5265 0.775 0.5232 0.7702 0.5232 0.7702 0.5265 0.775 0.5265 0.7699 0.5232 0.7702 0.5265 0.7699 0.5232 0.7651 0.5232 0.7651 0.5265 0.7699 0.5265 0.7654 0.5232 0.7651 0.5265 0.7654 0.5232 0.7674 0.5232 0.7674 0.5265 0.7654 0.5265 0.7676 0.5232 0.7674 0.5265 0.7676 0.5232 0.773 0.5232 0.773 0.5265 0.7676 0.5265 0.7729 0.5232 0.773 0.5265 0.7729 0.5232 0.7754 0.5232 0.773 0.5232 0.7754 0.5225 0.7755 0.5225 0.7755 0.5232 0.7754 0.5225 0.7702 0.5225 0.7702 0.5232 0.7754 0.5232 0.7702 0.5225 0.7702 0.5232 0.7702 0.5232 0.7651 0.5225 0.7702 0.5232 0.7651 0.5225 0.7649 0.5225 0.7649 0.5232 0.7651 0.5225 0.7673 0.5225 0.7673 0.5232 0.7651 0.5232 0.7674 0.5225 0.7673 0.5232 0.7674 0.5225 0.7731 0.5225 0.7731 0.5232 0.7674 0.5232 0.773 0.5225 0.7731 0.5232 0.773 0.5225 0.7755 0.5225 0.7731 0.5225 0.7755 0.5219 0.7758 0.5219 0.7758 0.5225 0.7755 0.5225 0.7702 0.5219 0.7758 0.5225 0.7702 0.5219 0.7702 0.5219 0.7702 0.5225 0.7702 0.5225 0.7649 0.5219 0.7702 0.5225 0.7649 0.5219 0.7646 0.5219 0.7646 0.5225 0.7649 0.5225 0.7673 0.5219 0.7646 0.5225 0.7673 0.5219 0.7671 0.5219 0.7671 0.5225 0.7673 0.5219 0.7653 0.5219 0.7653 0.5225 0.7673 0.5225 0.7731 0.5219 0.7653 0.5225 0.7731 0.5219 0.7758 0.5219 0.7653 0.5219 0.7758 0.5182 0.7776 0.5219 0.7653 0.5182 0.7776 0.5182 0.7743 0.5182 0.7743 0.5182 0.7776 0.5165 0.7791 0.5182 0.7743 0.5165 0.7791 0.5165 0.7751 0.5165 0.7751 0.5165 0.7791 0.5136 0.78 0.5165 0.7751 0.5136 0.78 0.5137 0.7756 0.5137 0.7756 0.5136 0.78 0.5113 0.775 0.5137 0.7756 0.5113 0.775 0.5115 0.7721 0.5115 0.7721 0.5113 0.775 0.5104 0.7669 0.5099 0.7657 0.5104 0.7669 0.5113 0.775 0.5099 0.7657 0.5113 0.775 0.5104 0.7669 0.5104 0.7669 0.5113 0.775 0.5115 0.7721 0.5115 0.7721 0.5113 0.775 0.5137 0.7756 0.5137 0.7756 0.5113 0.775 0.5136 0.78 0.5137 0.7756 0.5136 0.78 0.5165 0.7791 0.5137 0.7756 0.5165 0.7791 0.5165 0.7748 0.5165 0.7748 0.5165 0.7791 0.5182 0.7776 0.5165 0.7748 0.5182 0.7776 0.5182 0.7729 0.5182 0.7729 0.5182 0.7776 0.5219 0.7758 0.5182 0.7729 0.5219 0.7758 0.5219 0.7702 0.4804 0.7661 0.4827 0.7661 0.4824 0.778 0.4804 0.7661 0.4824 0.778 0.4803 0.778 0.4803 0.778 0.4824 0.778 0.4793 0.7816 0.4803 0.778 0.4793 0.7816 0.4821 0.7816 0.4821 0.7816 0.4793 0.7816 0.4821 0.7845 0.4821 0.7816 0.4821 0.7845 0.4866 0.7845 0.4866 0.7845 0.4821 0.7845 0.4851 0.7877 0.4866 0.7845 0.4851 0.7877 0.4886 0.7877 0.4866 0.7845 0.4886 0.7877 0.4859 0.7845 0.4859 0.7845 0.4886 0.7877 0.4861 0.7852 0.4859 0.7845 0.4861 0.7852 0.486 0.7816 0.486 0.7816 0.4861 0.7852 0.4832 0.7816 0.486 0.7816 0.4832 0.7816 0.4829 0.778 0.4829 0.778 0.4832 0.7816 0.4803 0.778 0.4829 0.778 0.4803 0.778 0.4829 0.7661 0.4829 0.7661 0.4803 0.778 0.4805 0.7661 0.4829 0.7661 0.4805 0.7661 0.4829 0.7644 0.4829 0.7644 0.4805 0.7661 0.4805 0.7644 0.4829 0.7644 0.4805 0.7644 0.4803 0.7627 0.4803 0.7627 0.4805 0.7644 0.4834 0.7627 0.4803 0.7627 0.4834 0.7627 0.4834 0.7512 0.4834 0.7512 0.4834 0.7627 0.487 0.7512 0.4834 0.7512 0.487 0.7512 0.4867 0.744 0.4867 0.744 0.4833 0.7441 0.4834 0.7512 0.4834 0.7512 0.4833 0.7441 0.4798 0.744 0.4834 0.7512 0.4798 0.744 0.4785 0.7512 0.4834 0.7512 0.4785 0.7512 0.4803 0.7627 0.4803 0.7627 0.4785 0.7512 0.4825 0.7512 0.4803 0.7627 0.4825 0.7512 0.4828 0.7627 0.4828 0.7627 0.4825 0.7512 0.4858 0.7627 0.4828 0.7627 0.4858 0.7627 0.4857 0.7644 0.4857 0.7644 0.4858 0.7627 0.4834 0.7644 0.4857 0.7644 0.4834 0.7644 0.4857 0.7661 0.4857 0.7661 0.4834 0.7644 0.4835 0.7661 0.4857 0.7661 0.4835 0.7661 0.4832 0.778 0.4857 0.7661 0.4832 0.778 0.4853 0.778 0.4853 0.778 0.4832 0.778 0.4837 0.7816 0.4837 0.7816 0.4832 0.778 0.4793 0.7816 0.4837 0.7816 0.4793 0.7816 0.4771 0.7841 0.4771 0.7841 0.4793 0.7816 0.4771 0.7845 0.4771 0.7841 0.4771 0.7845 0.4748 0.7816 0.4771 0.7841 0.4748 0.7816 0.4704 0.7816 0.4704 0.7816 0.4748 0.7816 0.4709 0.778 0.4704 0.7816 0.4709 0.778 0.4688 0.778 0.4688 0.778 0.4709 0.778 0.4684 0.7661 0.4684 0.7661 0.4709 0.778 0.4707 0.7661 0.4684 0.7661 0.4707 0.7661 0.4707 0.7644 0.4684 0.7661 0.4707 0.7644 0.4685 0.7644 0.4685 0.7644 0.4707 0.7644 0.4683 0.7627 0.4683 0.7627 0.4707 0.7644 0.4707 0.7627 0.4683 0.7627 0.4707 0.7627 0.4671 0.7512 0.4671 0.7512 0.4707 0.7627 0.4707 0.7512 0.4671 0.7512 0.4707 0.7512 0.4674 0.744 0.4671 0.7512 0.4674 0.744 0.4658 0.7455 0.4658 0.7455 0.4674 0.744 0.4664 0.7423 0.4658 0.7455 0.4664 0.7423 0.4639 0.742 0.4639 0.742 0.4643 0.746 0.4658 0.7455 0.4658 0.7455 0.4643 0.746 0.4665 0.7477 0.4658 0.7455 0.4665 0.7477 0.4671 0.7512 0.4671 0.7512 0.4665 0.7477 0.4716 0.7512 0.4671 0.7512 0.4716 0.7512 0.4683 0.7627 0.4683 0.7627 0.4716 0.7512 0.4713 0.7627 0.4683 0.7627 0.4713 0.7627 0.4685 0.7644 0.4685 0.7644 0.4713 0.7627 0.4713 0.7644 0.4685 0.7644 0.4713 0.7644 0.4713 0.7661 0.4685 0.7644 0.4713 0.7661 0.4684 0.7661 0.4684 0.7661 0.4713 0.7661 0.4713 0.778 0.4684 0.7661 0.4713 0.778 0.4688 0.778 0.4688 0.778 0.4713 0.778 0.4681 0.7816 0.4688 0.778 0.4681 0.7816 0.4704 0.7816 0.4704 0.7816 0.4681 0.7816 0.4682 0.7845 0.4704 0.7816 0.4682 0.7845 0.472 0.7842 0.4704 0.7816 0.472 0.7842 0.4771 0.7841 0.4771 0.7841 0.472 0.7842 0.4725 0.7816 0.4725 0.7816 0.472 0.7842 0.4682 0.7845 0.4725 0.7816 0.4682 0.7845 0.4681 0.7816 0.4725 0.7816 0.4681 0.7816 0.4688 0.778 0.4688 0.778 0.4681 0.7816 0.4713 0.778 0.4688 0.778 0.4713 0.778 0.4709 0.7661 0.4709 0.7661 0.4713 0.778 0.4737 0.7661 0.4709 0.7661 0.4737 0.7661 0.4737 0.7644 0.4709 0.7661 0.4737 0.7644 0.4709 0.7644 0.4709 0.7644 0.4737 0.7644 0.4708 0.7627 0.4709 0.7644 0.4708 0.7627 0.4683 0.7627 0.4683 0.7627 0.4708 0.7627 0.4701 0.7512 0.4683 0.7627 0.4701 0.7512 0.4661 0.7512 0.4661 0.7512 0.4701 0.7512 0.4655 0.7477 0.4661 0.7512 0.4655 0.7477 0.4654 0.7455 0.4654 0.7455 0.4655 0.7477 0.4637 0.746 0.4654 0.7455 0.4637 0.746 0.4644 0.742 0.4644 0.742 0.4667 0.7423 0.4654 0.7455 0.4654 0.7455 0.4667 0.7423 0.4673 0.744 0.4654 0.7455 0.4673 0.744 0.4661 0.7512 0.4661 0.7512 0.4673 0.744 0.471 0.7512 0.4661 0.7512 0.471 0.7512 0.4683 0.7627 0.4683 0.7627 0.471 0.7512 0.4714 0.7627 0.4683 0.7627 0.4714 0.7627 0.4685 0.7644 0.4683 0.7627 0.4685 0.7644 0.4709 0.7644 0.4709 0.7644 0.4685 0.7644 0.4685 0.7661 0.4709 0.7644 0.4685 0.7661 0.4709 0.7661 0.4709 0.7661 0.4685 0.7661 0.4688 0.778 0.4688 0.778 0.4685 0.7661 0.4717 0.778 0.4688 0.778 0.4717 0.778 0.4725 0.7816 0.4725 0.7816 0.4717 0.778 0.4748 0.7816 0.4725 0.7816 0.4748 0.7816 0.4771 0.7841 0.4771 0.7841 0.4748 0.7816 0.4771 0.7845 0.4771 0.7845 0.4748 0.7816 0.472 0.7845 0.4771 0.7845 0.472 0.7845 0.4771 0.7877 0.4771 0.7877 0.472 0.7845 0.469 0.7877 0.4771 0.7877 0.469 0.7877 0.4682 0.7923 0.4771 0.7877 0.4682 0.7923 0.4771 0.7923 0.4771 0.7877 0.4771 0.7923 0.4859 0.7923 0.4859 0.7923 0.4771 0.7923 0.4859 0.7968 0.4859 0.7923 0.4859 0.7968 0.4896 0.7923 0.4896 0.7923 0.4859 0.7968 0.4897 0.7968 0.4896 0.7923 0.4897 0.7968 0.4851 0.7968 0.4896 0.7923 0.4851 0.7968 0.4851 0.7923 0.4851 0.7923 0.4851 0.7968 0.4771 0.7923 0.4851 0.7923 0.4771 0.7923 0.4852 0.7877 0.4852 0.7877 0.4771 0.7923 0.4771 0.7877 0.4852 0.7877 0.4771 0.7877 0.4822 0.7854 0.4822 0.7854 0.4771 0.7877 0.4771 0.7845 0.4822 0.7854 0.4771 0.7845 0.4832 0.7816 0.4832 0.7816 0.4771 0.7845 0.4793 0.7816 0.4832 0.7816 0.4793 0.7816 0.4803 0.778 0.4803 0.778 0.4793 0.7816 0.4832 0.778 0.4803 0.778 0.4832 0.778 0.4805 0.7661 0.4805 0.7661 0.4832 0.778 0.4835 0.7661 0.4805 0.7661 0.4835 0.7661 0.4834 0.7644 0.4805 0.7661 0.4834 0.7644 0.4805 0.7644 0.4805 0.7644 0.4834 0.7644 0.4834 0.7627 0.4834 0.7627 0.4834 0.7644 0.4858 0.7627 0.4834 0.7627 0.4858 0.7627 0.487 0.7512 0.487 0.7512 0.4858 0.7627 0.4825 0.7512 0.487 0.7512 0.4825 0.7512 0.4876 0.7477 0.4876 0.7477 0.4825 0.7512 0.4826 0.7492 0.4826 0.7492 0.4825 0.7512 0.4779 0.7477 0.4779 0.7477 0.4825 0.7512 0.4785 0.7512 0.4779 0.7477 0.4785 0.7512 0.4778 0.7455 0.4778 0.7455 0.4785 0.7512 0.4798 0.744 0.4778 0.7455 0.4798 0.744 0.4791 0.7423 0.4791 0.7423 0.4768 0.742 0.4778 0.7455 0.4778 0.7455 0.4768 0.742 0.4762 0.746 0.4778 0.7455 0.4762 0.746 0.4779 0.7477 0.4779 0.7477 0.4762 0.746 0.4827 0.7485 0.4779 0.7477 0.4827 0.7485 0.4826 0.7492 0.4826 0.7492 0.4827 0.7485 0.4876 0.7477 0.4876 0.7477 0.4827 0.7485 0.4898 0.746 0.4876 0.7477 0.4898 0.746 0.4884 0.7455 0.4876 0.7477 0.4884 0.7455 0.487 0.7512 0.487 0.7512 0.4884 0.7455 0.4867 0.744 0.4877 0.7423 0.4867 0.744 0.4884 0.7455 0.4877 0.7423 0.4884 0.7455 0.4903 0.742 0.4903 0.742 0.4884 0.7455 0.4898 0.746 0.4903 0.742 0.4898 0.746 0.4921 0.7457 0.4921 0.7457 0.4898 0.746 0.4895 0.7497 0.4895 0.7497 0.4898 0.746 0.4827 0.7485 0.4895 0.7497 0.4827 0.7485 0.4827 0.7496 0.4827 0.7496 0.4827 0.7485 0.4765 0.7497 0.4765 0.7497 0.4827 0.7485 0.4762 0.746 0.4765 0.7497 0.4762 0.746 0.4745 0.7457 0.4745 0.7457 0.4762 0.746 0.4768 0.742 0.4745 0.7457 0.4768 0.742 0.476 0.7422 0.476 0.7422 0.4763 0.7458 0.4745 0.7457 0.4745 0.7457 0.4763 0.7458 0.4781 0.7517 0.4745 0.7457 0.4781 0.7517 0.4765 0.7497 0.4765 0.7497 0.4781 0.7517 0.481 0.7556 0.4765 0.7497 0.481 0.7556 0.4792 0.7543 0.4792 0.7543 0.481 0.7556 0.4804 0.7557 0.4804 0.7557 0.481 0.7556 0.4833 0.7571 0.4804 0.7557 0.4833 0.7571 0.4856 0.7557 0.4856 0.7557 0.4833 0.7571 0.4859 0.7556 0.4856 0.7557 0.4859 0.7556 0.487 0.7543 0.487 0.7543 0.4859 0.7556 0.4895 0.7497 0.4895 0.7497 0.4859 0.7556 0.489 0.7517 0.4895 0.7497 0.489 0.7517 0.4921 0.7457 0.4921 0.7457 0.489 0.7517 0.4909 0.7458 0.4921 0.7457 0.4909 0.7458 0.4912 0.7422 0.4921 0.7457 0.4912 0.7422 0.4903 0.742 0.4788 0.7423 0.4799 0.744 0.4782 0.7455 0.4788 0.7423 0.4782 0.7455 0.4763 0.742 0.4763 0.742 0.4782 0.7455 0.4767 0.746 0.4767 0.746 0.4782 0.7455 0.4789 0.7477 0.4767 0.746 0.4789 0.7477 0.4839 0.7485 0.4839 0.7485 0.4789 0.7477 0.484 0.7492 0.4839 0.7485 0.484 0.7492 0.4887 0.7477 0.4839 0.7485 0.4887 0.7477 0.4904 0.746 0.4904 0.746 0.4887 0.7477 0.4887 0.7455 0.4904 0.746 0.4887 0.7455 0.4897 0.742 0.4897 0.742 0.4887 0.7455 0.4875 0.7423 0.4868 0.744 0.4875 0.7423 0.4887 0.7455 0.4868 0.744 0.4887 0.7455 0.488 0.7512 0.488 0.7512 0.4887 0.7455 0.4887 0.7477 0.488 0.7512 0.4887 0.7477 0.484 0.7512 0.484 0.7512 0.4887 0.7477 0.484 0.7492 0.484 0.7512 0.484 0.7492 0.4789 0.7477 0.484 0.7512 0.4789 0.7477 0.4795 0.7512 0.4795 0.7512 0.4789 0.7477 0.4782 0.7455 0.4795 0.7512 0.4782 0.7455 0.4799 0.744 0.4795 0.7512 0.4799 0.744 0.4831 0.7512 0.4831 0.7512 0.4799 0.744 0.4833 0.7441 0.4831 0.7512 0.4833 0.7441 0.4868 0.744 0.4831 0.7512 0.4868 0.744 0.488 0.7512 0.4831 0.7512 0.488 0.7512 0.4858 0.7627 0.4858 0.7627 0.488 0.7512 0.484 0.7512 0.4858 0.7627 0.484 0.7512 0.4833 0.7627 0.4833 0.7627 0.484 0.7512 0.4803 0.7627 0.4803 0.7627 0.484 0.7512 0.4795 0.7512 0.4803 0.7627 0.4795 0.7512 0.4827 0.7627 0.4827 0.7627 0.4795 0.7512 0.4831 0.7512 0.4827 0.7627 0.4831 0.7512 0.4858 0.7627 0.4827 0.7627 0.4858 0.7627 0.4856 0.7644 0.4856 0.7644 0.4858 0.7627 0.4833 0.7644 0.4833 0.7644 0.4858 0.7627 0.4833 0.7627 0.4833 0.7644 0.4833 0.7627 0.4804 0.7644 0.4804 0.7644 0.4833 0.7627 0.4803 0.7627 0.4804 0.7644 0.4803 0.7627 0.4827 0.7644 0.4827 0.7644 0.4803 0.7627 0.4827 0.7627 0.4827 0.7644 0.4827 0.7627 0.4856 0.7644 0.4827 0.7644 0.4856 0.7644 0.4856 0.7661 0.4856 0.7661 0.4856 0.7644 0.4833 0.7644 0.4856 0.7661 0.4833 0.7644 0.4832 0.7661 0.4832 0.7661 0.4833 0.7644 0.4804 0.7644 0.4832 0.7661 0.4804 0.7644 0.4804 0.7661 0.4804 0.7661 0.4804 0.7644 0.4827 0.7644 0.4804 0.7661 0.4827 0.7644 0.4827 0.7661 0.4827 0.7661 0.4827 0.7644 0.4856 0.7661 0.4827 0.7661 0.4856 0.7661 0.4824 0.778 0.4824 0.778 0.4856 0.7661 0.4853 0.778 0.4853 0.778 0.4856 0.7661 0.4832 0.7661 0.4853 0.778 0.4832 0.7661 0.4828 0.778 0.4828 0.778 0.4832 0.7661 0.4804 0.7661 0.4828 0.778 0.4804 0.7661 0.4803 0.778 0.4828 0.778 0.4803 0.778 0.4821 0.7816 0.4828 0.778 0.4821 0.7816 0.4861 0.7816 0.4861 0.7816 0.4821 0.7816 0.4866 0.7845 0.4861 0.7816 0.4866 0.7845 0.4859 0.7845 0.4861 0.7816 0.4859 0.7845 0.4817 0.7816 0.4817 0.7816 0.4859 0.7845 0.4822 0.7842 0.4817 0.7816 0.4822 0.7842 0.4771 0.7841 0.4771 0.7841 0.4822 0.7842 0.4837 0.7816 0.4837 0.7816 0.4822 0.7842 0.4859 0.7845 0.4837 0.7816 0.4859 0.7845 0.486 0.7816 0.4837 0.7816 0.486 0.7816 0.4853 0.778 0.4853 0.778 0.486 0.7816 0.4829 0.778 0.4853 0.778 0.4829 0.778 0.4857 0.7661 0.4857 0.7661 0.4829 0.778 0.4829 0.7661 0.4857 0.7661 0.4829 0.7661 0.4857 0.7644 0.4857 0.7644 0.4829 0.7661 0.4829 0.7644 0.4857 0.7644 0.4829 0.7644 0.4828 0.7627 0.4828 0.7627 0.4829 0.7644 0.4803 0.7627 0.4851 0.7968 0.4771 0.7968 0.4771 0.7923 0.4771 0.7923 0.4771 0.7968 0.469 0.7968 0.4771 0.7923 0.469 0.7968 0.469 0.7923 0.4771 0.7923 0.469 0.7923 0.4689 0.7877 0.4771 0.7923 0.4689 0.7877 0.4771 0.7877 0.4771 0.7877 0.4689 0.7877 0.4719 0.7854 0.4771 0.7877 0.4719 0.7854 0.4771 0.7845 0.4771 0.7845 0.4719 0.7854 0.4709 0.7816 0.4771 0.7845 0.4709 0.7816 0.4748 0.7816 0.4748 0.7816 0.4709 0.7816 0.4738 0.778 0.4748 0.7816 0.4738 0.778 0.4709 0.778 0.4709 0.778 0.4738 0.778 0.4737 0.7661 0.4709 0.778 0.4737 0.7661 0.4707 0.7661 0.4707 0.7661 0.4737 0.7661 0.4707 0.7644 0.4707 0.7644 0.4737 0.7661 0.4737 0.7644 0.4707 0.7644 0.4737 0.7644 0.4707 0.7627 0.4707 0.7627 0.4737 0.7644 0.4738 0.7627 0.4707 0.7627 0.4738 0.7627 0.4707 0.7512 0.4707 0.7512 0.4738 0.7627 0.4756 0.7512 0.4707 0.7512 0.4756 0.7512 0.4744 0.744 0.4744 0.744 0.4756 0.7512 0.4763 0.7455 0.4744 0.744 0.4763 0.7455 0.475 0.7423 0.475 0.7423 0.4763 0.7455 0.4773 0.742 0.4773 0.742 0.4763 0.7455 0.478 0.746 0.4773 0.742 0.478 0.746 0.4796 0.7457 0.4796 0.7457 0.478 0.746 0.4776 0.7497 0.4776 0.7497 0.478 0.746 0.4715 0.7485 0.4776 0.7497 0.4715 0.7485 0.4715 0.7496 0.4715 0.7496 0.4715 0.7485 0.4646 0.7497 0.4715 0.7496 0.4646 0.7497 0.4713 0.7504 0.4713 0.7504 0.4646 0.7497 0.4671 0.7543 0.4713 0.7504 0.4671 0.7543 0.4713 0.7537 0.4713 0.7537 0.4671 0.7543 0.4685 0.7557 0.4713 0.7537 0.4685 0.7557 0.4737 0.7557 0.4713 0.7537 0.4737 0.7557 0.475 0.7543 0.4713 0.7537 0.475 0.7543 0.4713 0.7504 0.4713 0.7504 0.475 0.7543 0.4776 0.7497 0.4713 0.7504 0.4776 0.7497 0.4715 0.7496 0.4822 0.7854 0.4832 0.7816 0.4861 0.7852 0.4822 0.7854 0.4861 0.7852 0.4852 0.7877 0.4852 0.7877 0.4861 0.7852 0.4886 0.7877 0.4852 0.7877 0.4886 0.7877 0.4851 0.7923 0.4851 0.7923 0.4886 0.7877 0.4896 0.7923 0.4896 0.7923 0.4886 0.7877 0.4851 0.7877 0.4896 0.7923 0.4851 0.7877 0.4859 0.7923 0.4859 0.7923 0.4851 0.7877 0.4771 0.7877 0.4771 0.7877 0.4851 0.7877 0.4821 0.7845 0.4771 0.7877 0.4821 0.7845 0.4771 0.7845 0.4771 0.7845 0.4821 0.7845 0.4793 0.7816 0.4771 0.7845 0.4793 0.7816 0.4771 0.7841 0.4771 0.7841 0.4793 0.7816 0.4817 0.7816 0.4817 0.7816 0.4793 0.7816 0.4824 0.778 0.4817 0.7816 0.4824 0.778 0.4853 0.778 0.4817 0.7816 0.4853 0.778 0.4861 0.7816 0.4861 0.7816 0.4853 0.778 0.4828 0.778 0.5782 0.5984 0.5218 0.611 0.5824 0.4795 0.5824 0.4795 0.5218 0.611 0.5222 0.4867 0.5824 0.4795 0.5222 0.4867 0.5853 0.3188 0.5853 0.3188 0.5222 0.4867 0.5223 0.3322 0.5853 0.3188 0.5223 0.3322 0.5703 0.1880999 0.5703 0.1880999 0.5223 0.3322 0.5218 0.2045 0.5703 0.1880999 0.5218 0.2045 0.5538 0.1126999 0.5538 0.1126999 0.5703 0.04030001 0.5703 0.1880999 0.5703 0.1880999 0.5703 0.04030001 0.6203 0.1165999 0.5703 0.1880999 0.6203 0.1165999 0.5853 0.3188 0.5853 0.3188 0.6203 0.1165999 0.6661 0.2754001 0.5853 0.3188 0.6661 0.2754001 0.5824 0.4795 0.5824 0.4795 0.6661 0.2754001 0.6497 0.4699 0.5824 0.4795 0.6497 0.4699 0.6196 0.5838 0.5824 0.4795 0.6196 0.5838 0.5782 0.5984 0.5782 0.5984 0.6196 0.5838 0.5697 0.8416 0.5782 0.5984 0.5697 0.8416 0.5216 0.8416 0.5782 0.5984 0.5216 0.8416 0.5218 0.611 0.5218 0.611 0.5216 0.8416 0.4726 0.8416 0.5218 0.611 0.4726 0.8416 0.4654 0.5975 0.5218 0.611 0.4654 0.5975 0.5222 0.4867 0.5222 0.4867 0.4654 0.5975 0.4623 0.4795 0.5222 0.4867 0.4623 0.4795 0.4599 0.3188 0.5222 0.4867 0.4599 0.3188 0.5223 0.3322 0.5223 0.3322 0.4599 0.3188 0.4738 0.1880999 0.5223 0.3322 0.4738 0.1880999 0.5218 0.2045 0.5218 0.2045 0.4738 0.1880999 0.489 0.1126999 0.5218 0.2045 0.489 0.1126999 0.5207 0.1096 0.5218 0.2045 0.5207 0.1096 0.5538 0.1126999 0.5538 0.1126999 0.5207 0.1096 0.5703 0.04030001 0.5184 0.008400022 0.5703 0.04030001 0.5207 0.1096 0.5184 0.008400022 0.5207 0.1096 0.4725 0.04030001 0.4725 0.04030001 0.5207 0.1096 0.489 0.1126999 0.4725 0.04030001 0.489 0.1126999 0.4738 0.1880999 0.4725 0.04030001 0.4738 0.1880999 0.4246 0.1165999 0.4246 0.1165999 0.4738 0.1880999 0.4599 0.3188 0.4246 0.1165999 0.4599 0.3188 0.3812 0.2754001 0.3812 0.2754001 0.4599 0.3188 0.4623 0.4795 0.3812 0.2754001 0.4623 0.4795 0.3957 0.4699 0.3957 0.4699 0.4623 0.4795 0.433 0.5838 0.433 0.5838 0.4623 0.4795 0.4654 0.5975 0.433 0.5838 0.4654 0.5975 0.4726 0.8416 0.433 0.5838 0.4726 0.8416 0.4449 0.8416 0.4829 0.7537 0.4856 0.7557 0.487 0.7543 0.4829 0.7537 0.487 0.7543 0.4829 0.7504 0.4829 0.7504 0.487 0.7543 0.4895 0.7497 0.4829 0.7504 0.4895 0.7497 0.4827 0.7496 0.4827 0.7496 0.4765 0.7497 0.4829 0.7504 0.4829 0.7504 0.4765 0.7497 0.4792 0.7543 0.4829 0.7504 0.4792 0.7543 0.4829 0.7537 0.4829 0.7537 0.4792 0.7543 0.4804 0.7557 0.4829 0.7537 0.4804 0.7557 0.4856 0.7557 0.4771 0.7968 0.4859 0.7968 0.4771 0.7923 0.4771 0.7968 0.4771 0.7923 0.4682 0.7968 0.4682 0.7968 0.4771 0.7923 0.4682 0.7923 0.4682 0.7968 0.4682 0.7923 0.4645 0.7923 0.4645 0.7923 0.4682 0.7923 0.469 0.7877 0.4645 0.7923 0.469 0.7877 0.4655 0.7877 0.4655 0.7877 0.469 0.7877 0.4676 0.7845 0.4676 0.7845 0.469 0.7877 0.472 0.7845 0.4676 0.7845 0.472 0.7845 0.472 0.7816 0.472 0.7816 0.472 0.7845 0.4748 0.7816 0.472 0.7816 0.4748 0.7816 0.4738 0.778 0.4738 0.778 0.4748 0.7816 0.4717 0.778 0.4738 0.778 0.4717 0.778 0.4737 0.7661 0.4738 0.778 0.4737 0.7661 0.4713 0.778 0.4738 0.778 0.4713 0.778 0.472 0.7816 0.472 0.7816 0.4713 0.778 0.4681 0.7816 0.472 0.7816 0.4681 0.7816 0.4676 0.7845 0.4676 0.7845 0.4681 0.7816 0.4682 0.7845 0.4676 0.7845 0.4682 0.7845 0.4655 0.7877 0.4655 0.7877 0.4682 0.7845 0.4681 0.7852 0.4681 0.7852 0.4682 0.7845 0.4681 0.7816 0.4681 0.7852 0.4681 0.7816 0.4709 0.7816 0.4709 0.7816 0.4681 0.7816 0.4713 0.778 0.4709 0.7816 0.4713 0.778 0.4738 0.778 0.4738 0.778 0.4713 0.778 0.4713 0.7661 0.4738 0.778 0.4713 0.7661 0.4737 0.7661 0.4737 0.7661 0.4713 0.7661 0.4713 0.7644 0.4737 0.7661 0.4713 0.7644 0.4737 0.7644 0.4737 0.7644 0.4713 0.7644 0.4738 0.7627 0.4738 0.7627 0.4713 0.7644 0.4713 0.7627 0.4738 0.7627 0.4713 0.7627 0.4716 0.7512 0.4738 0.7627 0.4716 0.7512 0.4756 0.7512 0.4756 0.7512 0.4716 0.7512 0.4763 0.7477 0.4756 0.7512 0.4763 0.7477 0.4763 0.7455 0.4763 0.7455 0.4763 0.7477 0.478 0.746 0.4715 0.7485 0.478 0.746 0.4763 0.7477 0.4715 0.7485 0.4763 0.7477 0.4715 0.7492 0.4715 0.7492 0.4763 0.7477 0.4716 0.7512 0.4715 0.7492 0.4716 0.7512 0.4665 0.7477 0.4715 0.7492 0.4665 0.7477 0.4715 0.7485 0.4715 0.7485 0.4665 0.7477 0.4643 0.746 0.4715 0.7485 0.4643 0.746 0.4646 0.7497 0.4646 0.7497 0.4643 0.746 0.462 0.7457 0.462 0.7457 0.4643 0.746 0.4639 0.742 0.462 0.7457 0.4639 0.742 0.4629 0.7422 0.4629 0.7422 0.4632 0.7458 0.462 0.7457 0.462 0.7457 0.4632 0.7458 0.4651 0.7517 0.462 0.7457 0.4651 0.7517 0.4646 0.7497 0.4646 0.7497 0.4651 0.7517 0.4682 0.7556 0.4646 0.7497 0.4682 0.7556 0.4671 0.7543 0.4671 0.7543 0.4682 0.7556 0.4685 0.7557 0.4685 0.7557 0.4682 0.7556 0.4709 0.7571 0.4685 0.7557 0.4709 0.7571 0.4737 0.7557 0.4737 0.7557 0.4709 0.7571 0.4732 0.7556 0.4737 0.7557 0.4732 0.7556 0.475 0.7543 0.475 0.7543 0.4732 0.7556 0.4776 0.7497 0.4776 0.7497 0.4732 0.7556 0.476 0.7517 0.4776 0.7497 0.476 0.7517 0.4796 0.7457 0.4796 0.7457 0.476 0.7517 0.4778 0.7458 0.4796 0.7457 0.4778 0.7458 0.4781 0.7422 0.4796 0.7457 0.4781 0.7422 0.4773 0.742 0.6992 0.4849 0.7998 0.4849 0.8231 0.589 0.6992 0.4849 0.8231 0.589 0.7195 0.589 0.7195 0.589 0.8231 0.589 0.8598 0.8063 0.7195 0.589 0.8598 0.8063 0.7794 0.8023 0.7794 0.8023 0.8598 0.8063 0.8033 0.9433 0.7794 0.8023 0.8033 0.9433 0.8037 0.9131 0.8037 0.9131 0.8033 0.9433 0.7485 0.9442 0.8037 0.9131 0.7485 0.9442 0.7485 0.91 0.5915 0.9028 0.7485 0.91 0.5915 0.9194 0.5915 0.9194 0.7485 0.91 0.7485 0.9442 0.5915 0.9194 0.7485 0.9442 0.5915 0.9639 0.5915 0.9639 0.7485 0.9442 0.7485 0.9729 0.5915 0.9639 0.7485 0.9729 0.5915 0.9801 0.7464 0.5251 0.7477 0.5518 0.7548 0.5301 0.7464 0.5251 0.7548 0.5301 0.7698 0.515 0.7698 0.515 0.7548 0.5301 0.7697 0.5232 0.7698 0.515 0.7697 0.5232 0.7907 0.5363 0.7907 0.5363 0.7697 0.5232 0.7826 0.5373 0.7907 0.5363 0.7826 0.5373 0.7733 0.5611 0.7733 0.5611 0.7826 0.5373 0.7716 0.5534 0.7733 0.5611 0.7716 0.5534 0.7556 0.5468 0.7733 0.5611 0.7556 0.5468 0.7477 0.5518 0.7477 0.5518 0.7556 0.5468 0.7548 0.5301 0.5915 0.9374 0.5915 0.9038 0.7485 0.9374 0.7485 0.9374 0.5915 0.9038 0.7485 0.9109 0.7485 0.9374 0.7485 0.9109 0.8037 0.914 0.7485 0.9374 0.8037 0.914 0.823 0.9361 0.823 0.9361 0.8037 0.914 0.8414 0.8063 0.823 0.9361 0.8414 0.8063 0.8532 0.937 0.8532 0.937 0.8414 0.8063 0.9926 0.8063 0.8532 0.937 0.9926 0.8063 0.9926 0.9372 0.9926 0.9372 0.9926 0.8063 0.8532 0.937 0.8532 0.937 0.9926 0.8063 0.8415 0.8063 0.8532 0.937 0.8415 0.8063 0.823 0.9361 0.823 0.9361 0.8415 0.8063 0.8037 0.914 0.8037 0.914 0.8415 0.8063 0.7794 0.8023 0.7794 0.8023 0.8415 0.8063 0.7328 0.589 0.7794 0.8023 0.7328 0.589 0.7195 0.589 0.7195 0.589 0.7328 0.589 0.7996 0.485 0.7195 0.589 0.7996 0.485 0.6992 0.485 0.9926 0.485 0.7996 0.485 0.7328 0.589 0.9926 0.485 0.7328 0.589 0.9926 0.589 0.9926 0.589 0.7328 0.589 0.8415 0.8063 0.9926 0.589 0.8415 0.8063 0.9926 0.8063 0.9926 0.8063 0.8414 0.8063 0.9926 0.589 0.9926 0.589 0.8414 0.8063 0.7328 0.589 0.9926 0.589 0.7328 0.589 0.9926 0.485 0.9926 0.485 0.7328 0.589 0.7995 0.485 0.6992 0.485 0.7995 0.485 0.7195 0.589 0.7195 0.589 0.7995 0.485 0.7328 0.589 0.7195 0.589 0.7328 0.589 0.7794 0.8023 0.7794 0.8023 0.7328 0.589 0.8414 0.8063 0.7794 0.8023 0.8414 0.8063 0.8037 0.914 0.7845 0.5361 0.7702 0.5215 0.7849 0.5361 0.7845 0.5361 0.7849 0.5361 0.7727 0.5532 0.7727 0.5532 0.7849 0.5361 0.7726 0.5536 0.7727 0.5532 0.7726 0.5536 0.7546 0.547 0.7727 0.5532 0.7546 0.547 0.7549 0.5458 0.7549 0.5458 0.7546 0.547 0.7542 0.5297 0.7542 0.5297 0.7546 0.547 0.7537 0.5282 0.7542 0.5297 0.7537 0.5282 0.7702 0.5215 0.7702 0.5215 0.7537 0.5282 0.7702 0.5211 0.7702 0.5215 0.7702 0.5211 0.7849 0.5361 0.7485 0.9729 0.7485 0.9442 0.8033 0.9433 0.7485 0.9729 0.8033 0.9433 0.7999 0.9728 0.7999 0.9728 0.8033 0.9433 0.8804 0.9697 0.7999 0.9728 0.8804 0.9697 0.8911 0.9875 0.4707 0.7512 0.4744 0.744 0.4709 0.7441 0.4707 0.7512 0.4709 0.7441 0.4674 0.744 0.5394 0.773 0.5361 0.7729 0.5361 0.7676 0.5394 0.773 0.5361 0.7676 0.5394 0.7674 0.5394 0.7674 0.5361 0.7676 0.5361 0.7654 0.5394 0.7674 0.5361 0.7654 0.5394 0.7651 0.5394 0.7651 0.5361 0.7654 0.5361 0.7699 0.5394 0.7651 0.5361 0.7699 0.5394 0.7702 0.5394 0.7702 0.5361 0.7699 0.5361 0.775 0.5394 0.7702 0.5361 0.775 0.5394 0.7754 0.5394 0.7754 0.5361 0.775 0.5361 0.7729 0.5394 0.7754 0.5361 0.7729 0.5394 0.773 0.5394 0.7754 0.5394 0.773 0.5401 0.7755 0.5401 0.7755 0.5394 0.773 0.5401 0.7731 0.5401 0.7731 0.5394 0.773 0.5394 0.7674 0.5401 0.7731 0.5394 0.7674 0.5401 0.7673 0.5401 0.7673 0.5394 0.7674 0.5394 0.7651 0.5401 0.7673 0.5394 0.7651 0.5401 0.7649 0.5401 0.7649 0.5394 0.7651 0.5394 0.7702 0.5401 0.7649 0.5394 0.7702 0.5401 0.7702 0.5401 0.7702 0.5394 0.7702 0.5394 0.7754 0.5401 0.7702 0.5394 0.7754 0.5401 0.7755 0.5401 0.7702 0.5401 0.7755 0.5407 0.7758 0.5407 0.7758 0.5401 0.7755 0.5401 0.7731 0.5407 0.7758 0.5401 0.7731 0.5407 0.7653 0.5407 0.7653 0.5401 0.7731 0.5401 0.7673 0.5407 0.7653 0.5401 0.7673 0.5407 0.7671 0.5407 0.7671 0.5401 0.7673 0.5407 0.7646 0.5407 0.7646 0.5401 0.7673 0.5401 0.7649 0.4861 0.7557 0.4809 0.7557 0.4837 0.7537 0.4837 0.7537 0.4809 0.7557 0.4795 0.7543 0.4837 0.7537 0.4795 0.7543 0.4837 0.7504 0.4837 0.7504 0.4795 0.7543 0.477 0.7497 0.4837 0.7504 0.477 0.7497 0.4839 0.7496 0.4839 0.7496 0.477 0.7497 0.4839 0.7485 0.4839 0.7485 0.477 0.7497 0.4767 0.746 0.4767 0.746 0.477 0.7497 0.4745 0.7457 0.4767 0.746 0.4745 0.7457 0.4763 0.742 0.4763 0.742 0.4745 0.7457 0.4753 0.7422 0.4756 0.7458 0.4753 0.7422 0.4745 0.7457 0.4756 0.7458 0.4745 0.7457 0.4776 0.7517 0.4776 0.7517 0.4745 0.7457 0.477 0.7497 0.4776 0.7517 0.477 0.7497 0.4807 0.7556 0.4807 0.7556 0.477 0.7497 0.4795 0.7543 0.4807 0.7556 0.4795 0.7543 0.4809 0.7557 0.4807 0.7556 0.4809 0.7557 0.4833 0.7571 0.4833 0.7571 0.4809 0.7557 0.4861 0.7557 0.4833 0.7571 0.4861 0.7557 0.4856 0.7556 0.4856 0.7556 0.4861 0.7557 0.4874 0.7543 0.4856 0.7556 0.4874 0.7543 0.4901 0.7497 0.4856 0.7556 0.4901 0.7497 0.4885 0.7517 0.4885 0.7517 0.4901 0.7497 0.4921 0.7457 0.4885 0.7517 0.4921 0.7457 0.4902 0.7458 0.4902 0.7458 0.4921 0.7457 0.4905 0.7422 0.4897 0.742 0.4905 0.7422 0.4921 0.7457 0.4897 0.742 0.4921 0.7457 0.4904 0.746 0.4904 0.746 0.4921 0.7457 0.4901 0.7497 0.4904 0.746 0.4901 0.7497 0.4839 0.7485 0.4839 0.7485 0.4901 0.7497 0.4839 0.7496 0.4839 0.7496 0.4901 0.7497 0.4837 0.7504 0.4837 0.7504 0.4901 0.7497 0.4874 0.7543 0.4837 0.7504 0.4874 0.7543 0.4837 0.7537 0.4837 0.7537 0.4874 0.7543 0.4861 0.7557 0.7485 0.9442 0.7485 0.9729 0.8038 0.9433 0.8038 0.9433 0.7485 0.9729 0.7999 0.9728 0.8038 0.9433 0.7999 0.9728 0.8809 0.9697 0.8809 0.9697 0.7999 0.9728 0.8916 0.9832 0.5407 0.7758 0.5407 0.7653 0.5445 0.7776 0.5445 0.7776 0.5407 0.7653 0.5445 0.7742 0.5445 0.7776 0.5445 0.7742 0.5461 0.7791 0.5461 0.7791 0.5445 0.7742 0.5461 0.7751 0.5461 0.7791 0.5461 0.7751 0.549 0.78 0.549 0.78 0.5461 0.7751 0.5489 0.7756 0.549 0.78 0.5489 0.7756 0.5513 0.775 0.5513 0.775 0.5489 0.7756 0.5511 0.7721 0.5513 0.775 0.5511 0.7721 0.5522 0.7669 0.5522 0.7669 0.5527 0.7657 0.5513 0.775 0.5513 0.775 0.5527 0.7657 0.5522 0.7669 0.5513 0.775 0.5522 0.7669 0.5511 0.7721 0.5513 0.775 0.5511 0.7721 0.5489 0.7757 0.5513 0.775 0.5489 0.7757 0.549 0.78 0.549 0.78 0.5489 0.7757 0.5461 0.7791 0.5461 0.7791 0.5489 0.7757 0.5461 0.7748 0.5461 0.7791 0.5461 0.7748 0.5445 0.7776 0.5445 0.7776 0.5461 0.7748 0.5445 0.7729 0.5445 0.7776 0.5445 0.7729 0.5407 0.7758 0.5407 0.7758 0.5445 0.7729 0.5407 0.7702 0.5407 0.7758 0.5407 0.7702 0.5401 0.7702 0.5218 0.6107 0.5782 0.5981 0.5824 0.4793 0.5218 0.6107 0.5824 0.4793 0.5222 0.4864 0.5222 0.4864 0.5824 0.4793 0.5853 0.3185001 0.5222 0.4864 0.5853 0.3185001 0.5223 0.3319 0.5223 0.3319 0.5853 0.3185001 0.5703 0.1877999 0.5223 0.3319 0.5703 0.1877999 0.5218 0.2042 0.5218 0.2042 0.5703 0.1877999 0.5538 0.1123999 0.5218 0.2042 0.5538 0.1123999 0.5207 0.1093 0.5207 0.1093 0.489 0.1123999 0.5218 0.2042 0.5218 0.2042 0.489 0.1123999 0.4738 0.1877999 0.5218 0.2042 0.4738 0.1877999 0.5223 0.3319 0.5223 0.3319 0.4738 0.1877999 0.4599 0.3185001 0.5223 0.3319 0.4599 0.3185001 0.5222 0.4864 0.5222 0.4864 0.4599 0.3185001 0.4623 0.4793 0.5222 0.4864 0.4623 0.4793 0.4654 0.5989 0.5222 0.4864 0.4654 0.5989 0.5218 0.6107 0.5218 0.6107 0.4654 0.5989 0.4726 0.8413 0.5218 0.6107 0.4726 0.8413 0.5216 0.8413 0.5218 0.6107 0.5216 0.8413 0.5782 0.5981 0.5782 0.5981 0.5216 0.8413 0.5697 0.8413 0.5782 0.5981 0.5697 0.8413 0.6196 0.5835 0.5782 0.5981 0.6196 0.5835 0.5824 0.4793 0.5824 0.4793 0.6196 0.5835 0.6497 0.4696 0.5824 0.4793 0.6497 0.4696 0.6661 0.2751 0.5824 0.4793 0.6661 0.2751 0.5853 0.3185001 0.5853 0.3185001 0.6661 0.2751 0.6203 0.1162999 0.5853 0.3185001 0.6203 0.1162999 0.5703 0.1877999 0.5703 0.1877999 0.6203 0.1162999 0.5703 0.04009997 0.5703 0.1877999 0.5703 0.04009997 0.5538 0.1123999 0.5538 0.1123999 0.5703 0.04009997 0.5207 0.1093 0.5207 0.1093 0.5703 0.04009997 0.5184 0.008099973 0.5207 0.1093 0.5184 0.008099973 0.4725 0.04009997 0.5207 0.1093 0.4725 0.04009997 0.489 0.1123999 0.489 0.1123999 0.4725 0.04009997 0.4738 0.1877999 0.4738 0.1877999 0.4725 0.04009997 0.4246 0.1162999 0.4738 0.1877999 0.4246 0.1162999 0.4599 0.3185001 0.4599 0.3185001 0.4246 0.1162999 0.3812 0.2751 0.4599 0.3185001 0.3812 0.2751 0.4623 0.4793 0.4623 0.4793 0.3812 0.2751 0.3957 0.4696 0.4623 0.4793 0.3957 0.4696 0.433 0.5835 0.4623 0.4793 0.433 0.5835 0.4654 0.5989 0.4654 0.5989 0.433 0.5835 0.4726 0.8413 0.4726 0.8413 0.433 0.5835 0.4449 0.8413 0.7556 0.5468 0.7716 0.5534 0.7733 0.5611 0.7733 0.5611 0.7716 0.5534 0.7826 0.5373 0.7733 0.5611 0.7826 0.5373 0.7907 0.5363 0.7907 0.5363 0.7826 0.5373 0.7697 0.5232 0.7907 0.5363 0.7697 0.5232 0.7698 0.515 0.7698 0.515 0.7697 0.5232 0.7548 0.5301 0.7698 0.515 0.7548 0.5301 0.7464 0.5251 0.7464 0.5251 0.7548 0.5301 0.7477 0.5518 0.7477 0.5518 0.7548 0.5301 0.7556 0.5468 0.7477 0.5518 0.7556 0.5468 0.7733 0.5611 0.5258 0.7646 0.5258 0.7892 0.5291 0.7953 0.5258 0.7646 0.5291 0.7953 0.5291 0.7642 0.7485 0.91 0.5915 0.9028 0.5915 0.9194 0.7485 0.91 0.5915 0.9194 0.7485 0.9442 0.7485 0.9442 0.5915 0.9194 0.5915 0.9639 0.7485 0.9442 0.5915 0.9639 0.7485 0.9729 0.7485 0.9729 0.5915 0.9639 0.5915 0.9801 0.7546 0.547 0.7726 0.5536 0.7727 0.5532 0.7727 0.5532 0.7726 0.5536 0.7849 0.5361 0.7727 0.5532 0.7849 0.5361 0.7845 0.5361 0.7845 0.5361 0.7849 0.5361 0.7702 0.5215 0.7702 0.5215 0.7849 0.5361 0.7702 0.5211 0.7702 0.5215 0.7702 0.5211 0.7537 0.5282 0.7702 0.5215 0.7537 0.5282 0.7542 0.5297 0.7542 0.5297 0.7537 0.5282 0.7546 0.547 0.7542 0.5297 0.7546 0.547 0.7549 0.5458 0.7549 0.5458 0.7546 0.547 0.7727 0.5532 0.5915 0.9796 0.5915 0.9374 0.7485 0.9726 0.7485 0.9726 0.5915 0.9374 0.7485 0.9374 0.7485 0.9726 0.7485 0.9374 0.823 0.9361 0.7485 0.9726 0.823 0.9361 0.7999 0.9728 0.7999 0.9728 0.823 0.9361 0.8944 0.9828 0.8944 0.9828 0.823 0.9361 0.9254 0.993 0.9254 0.993 0.823 0.9361 0.8532 0.937 0.9254 0.993 0.8532 0.937 0.9926 0.996 0.9926 0.996 0.8532 0.937 0.9926 0.9372 0.9926 0.996 0.9926 0.9372 0.8532 0.937 0.9926 0.996 0.8532 0.937 0.9254 0.993 0.9254 0.993 0.8532 0.937 0.823 0.9361 0.9254 0.993 0.823 0.9361 0.8944 0.987 0.8944 0.987 0.823 0.9361 0.7999 0.9728 0.7485 0.9726 0.7999 0.9728 0.823 0.9361 0.7485 0.9726 0.823 0.9361 0.7485 0.9374 0.7485 0.9374 0.823 0.9361 0.8037 0.914 0.7485 0.9374 0.8037 0.914 0.7485 0.9109 0.7485 0.9109 0.5915 0.9038 0.7485 0.9374 0.7485 0.9374 0.5915 0.9038 0.5915 0.9374 0.7485 0.9374 0.5915 0.9374 0.7485 0.9726 0.7485 0.9726 0.5915 0.9374 0.5915 0.9796 0.5849 0.02509999 0.6263 0.1014 0.5241 0.1123999 0.5241 0.1123999 0.6263 0.1014 0.6597 0.2593 0.5241 0.1123999 0.6597 0.2593 0.5238 0.2488999 0.5238 0.2488999 0.6597 0.2593 0.6661 0.3552 0.5238 0.2488999 0.6661 0.3552 0.5263 0.3443 0.5263 0.3443 0.3839 0.3604 0.5238 0.2488999 0.5238 0.2488999 0.3839 0.3604 0.3944 0.263 0.5238 0.2488999 0.3944 0.263 0.5241 0.1123999 0.5241 0.1123999 0.3944 0.263 0.4175 0.09909999 0.5241 0.1123999 0.4175 0.09909999 0.4674 0.02270001 0.5241 0.1123999 0.4674 0.02270001 0.5849 0.02509999 0.5849 0.02509999 0.4674 0.02270001 0.5263 0.0101 0.7485 0.91 0.7485 0.9442 0.8037 0.9131 0.8037 0.9131 0.7485 0.9442 0.8038 0.9433 0.8037 0.9131 0.8038 0.9433 0.7794 0.8023 0.7794 0.8023 0.8038 0.9433 0.8603 0.8063 0.7794 0.8023 0.8603 0.8063 0.7195 0.589 0.7195 0.589 0.8603 0.8063 0.8236 0.589 0.7195 0.589 0.8236 0.589 0.6992 0.4849 0.6992 0.4849 0.8236 0.589 0.8003 0.4849 0.8003 0.4849 0.8236 0.589 0.9911 0.589 0.8003 0.4849 0.9911 0.589 0.9911 0.4849 0.9911 0.4849 0.9911 0.589 0.7998 0.4849 0.7998 0.4849 0.9911 0.589 0.8231 0.589 0.8231 0.589 0.9911 0.589 0.9911 0.8063 0.8231 0.589 0.9911 0.8063 0.8598 0.8063 0.8598 0.8063 0.9911 0.8063 0.8898 0.9403 0.8598 0.8063 0.8898 0.9403 0.8033 0.9433 0.8033 0.9433 0.8898 0.9403 0.8804 0.9697 0.9261 0.9825 0.8804 0.9697 0.8898 0.9403 0.9261 0.9825 0.8898 0.9403 0.9911 0.915 0.9911 0.915 0.8898 0.9403 0.9911 0.8063 0.9911 0.915 0.9911 0.8063 0.8903 0.9403 0.9911 0.915 0.8903 0.9403 0.9266 0.976 0.9266 0.976 0.8903 0.9403 0.8809 0.9697 0.8038 0.9433 0.8809 0.9697 0.8903 0.9403 0.8038 0.9433 0.8903 0.9403 0.8603 0.8063 0.8603 0.8063 0.8903 0.9403 0.9911 0.8063 0.8603 0.8063 0.9911 0.8063 0.8236 0.589 0.8236 0.589 0.9911 0.8063 0.9911 0.589 0.9506 0.9851 0.95 0.9842 0.9533 0.9861 0.9533 0.9861 0.95 0.9842 0.9533 0.9855 0.9533 0.9861 0.9533 0.9855 0.957 0.9874 0.957 0.9874 0.9533 0.9855 0.9571 0.9868 0.957 0.9874 0.9571 0.9868 0.9582 0.9876 0.9582 0.9876 0.9571 0.9868 0.9583 0.987 0.9582 0.9876 0.9583 0.987 0.9571 0.9868 0.9582 0.9876 0.9571 0.9868 0.957 0.9874 0.957 0.9874 0.9571 0.9868 0.9533 0.9855 0.957 0.9874 0.9533 0.9855 0.9533 0.9861 0.9533 0.9861 0.9533 0.9855 0.95 0.9842 0.9533 0.9861 0.95 0.9842 0.9506 0.9851 0.4175 0.09909999 0.4674 0.02270001 0.5241 0.1123999 0.4175 0.09909999 0.5241 0.1123999 0.3944 0.263 0.3944 0.263 0.5241 0.1123999 0.5238 0.2488999 0.3944 0.263 0.5238 0.2488999 0.3839 0.3604 0.3839 0.3604 0.5238 0.2488999 0.5263 0.3443 0.3839 0.3604 0.5263 0.3443 0.5263 0.489 0.3839 0.3604 0.5263 0.489 0.4088 0.4906 0.4088 0.4906 0.5263 0.489 0.5263 0.6651 0.4088 0.4906 0.5263 0.6651 0.4532 0.6588 0.4532 0.6588 0.5263 0.6651 0.5263 0.7121 0.4532 0.6588 0.5263 0.7121 0.477 0.6969 0.4674 0.02270001 0.5263 0.0101 0.5849 0.02509999 0.4674 0.02270001 0.5849 0.02509999 0.5241 0.1123999 0.5241 0.1123999 0.5849 0.02509999 0.6263 0.1014 0.5241 0.1123999 0.6263 0.1014 0.6597 0.2593 0.5241 0.1123999 0.6597 0.2593 0.5238 0.2488999 0.5238 0.2488999 0.6597 0.2593 0.6661 0.3552 0.5238 0.2488999 0.6661 0.3552 0.5263 0.3443 0.5263 0.3443 0.6661 0.3552 0.5263 0.489 0.5263 0.489 0.6661 0.3552 0.6378 0.4918 0.5263 0.489 0.6378 0.4918 0.5263 0.6651 0.5263 0.6651 0.6378 0.4918 0.5959 0.66 0.5263 0.6651 0.5959 0.66 0.5263 0.7121 0.5263 0.7121 0.5959 0.66 0.5713 0.7006 0.9444 0.9878 0.9434 0.9807 0.9477 0.9902 0.9477 0.9902 0.9434 0.9807 0.948 0.9809 0.9477 0.9902 0.948 0.9809 0.9565 0.9933 0.9565 0.9933 0.948 0.9809 0.958 0.9843 0.9565 0.9933 0.958 0.9843 0.9599 0.9942 0.9599 0.9942 0.958 0.9843 0.9614 0.985 0.9599 0.9942 0.9614 0.985 0.958 0.9843 0.9599 0.9942 0.958 0.9843 0.9565 0.9933 0.9565 0.9933 0.958 0.9843 0.948 0.9809 0.9565 0.9933 0.948 0.9809 0.9477 0.9902 0.9477 0.9902 0.948 0.9809 0.9431 0.9808 0.9477 0.9902 0.9431 0.9808 0.9444 0.9878 0.95 0.9842 0.9506 0.9851 0.9512 0.9867 0.95 0.9842 0.9512 0.9867 0.9507 0.9868 0.9507 0.9868 0.9512 0.9867 0.9515 0.9889 0.9507 0.9868 0.9515 0.9889 0.9512 0.9887 0.9512 0.9887 0.9515 0.9889 0.9514 0.9888 0.9512 0.9887 0.9514 0.9888 0.9492 0.9822 0.5263 0.7121 0.477 0.6969 0.4532 0.6588 0.5263 0.7121 0.4532 0.6588 0.5263 0.6651 0.5263 0.6651 0.4532 0.6588 0.4088 0.4906 0.5263 0.6651 0.4088 0.4906 0.5263 0.489 0.5263 0.489 0.4088 0.4906 0.3839 0.3604 0.5263 0.489 0.3839 0.3604 0.5263 0.3443 0.5263 0.3443 0.6661 0.3552 0.5263 0.489 0.5263 0.489 0.6661 0.3552 0.6378 0.4918 0.5263 0.489 0.6378 0.4918 0.5263 0.6651 0.5263 0.6651 0.6378 0.4918 0.5959 0.66 0.5263 0.6651 0.5959 0.66 0.5263 0.7121 0.5263 0.7121 0.5959 0.66 0.5713 0.7006 0.9514 0.9888 0.9515 0.9889 0.9531 0.9901 0.9531 0.9901 0.9515 0.9889 0.9532 0.9902 0.9531 0.9901 0.9532 0.9902 0.9558 0.991 0.9558 0.991 0.9532 0.9902 0.9564 0.9913 0.9558 0.991 0.9564 0.9913 0.9568 0.9914 0.9568 0.9914 0.9564 0.9913 0.9577 0.9917 0.9568 0.9914 0.9577 0.9917 0.9564 0.9913 0.9568 0.9914 0.9564 0.9913 0.9558 0.991 0.9558 0.991 0.9564 0.9913 0.9532 0.9902 0.9558 0.991 0.9532 0.9902 0.9531 0.9901 0.9531 0.9901 0.9532 0.9902 0.9515 0.9889 0.9531 0.9901 0.9515 0.9889 0.9514 0.9888 0.8458 0.5358 0.8545 0.5225 0.8526 0.5209 0.8458 0.5358 0.8526 0.5209 0.8434 0.5271 0.8434 0.5271 0.8526 0.5209 0.8403 0.5157 0.8403 0.5157 0.8526 0.5209 0.8548 0.5217 0.8548 0.5217 0.8526 0.5209 0.8652 0.5243 0.8548 0.5217 0.8652 0.5243 0.8715 0.5271 0.8715 0.5271 0.8652 0.5243 0.8721 0.527 0.8715 0.5271 0.8721 0.527 0.877 0.5282 0.877 0.5282 0.8721 0.527 0.8738 0.5278 0.877 0.5282 0.8738 0.5278 0.8721 0.527 0.877 0.5282 0.8721 0.527 0.8715 0.5271 0.8715 0.5271 0.8721 0.527 0.8652 0.5254 0.8715 0.5271 0.8652 0.5254 0.8548 0.5217 0.8548 0.5217 0.8652 0.5254 0.8526 0.5209 0.8548 0.5217 0.8526 0.5209 0.8403 0.5157 0.8403 0.5157 0.8526 0.5209 0.8434 0.5271 0.8434 0.5271 0.8526 0.5209 0.8458 0.5358 0.8458 0.5358 0.8526 0.5209 0.8545 0.5242 0.9434 0.9807 0.9427 0.9784 0.948 0.9809 0.5313 0.7659 0.5317 0.7788 0.5313 0.7768 0.5313 0.7659 0.5313 0.7768 0.531 0.7788 0.5263 0.7121 0.5713 0.7006 0.5959 0.66 0.5263 0.7121 0.5959 0.66 0.5263 0.6651 0.5263 0.6651 0.5959 0.66 0.6378 0.4918 0.5263 0.6651 0.6378 0.4918 0.5263 0.489 0.5263 0.489 0.6378 0.4918 0.6661 0.3552 0.5263 0.489 0.6661 0.3552 0.5263 0.3443 0.5263 0.3443 0.6661 0.3552 0.5238 0.2488999 0.5238 0.2488999 0.6661 0.3552 0.6597 0.2593 0.5238 0.2488999 0.6597 0.2593 0.5241 0.1123999 0.5241 0.1123999 0.6597 0.2593 0.6263 0.1014 0.5241 0.1123999 0.6263 0.1014 0.5849 0.02509999 0.5241 0.1123999 0.5849 0.02509999 0.4674 0.02270001 0.4674 0.02270001 0.5849 0.02509999 0.5263 0.0101 0.4674 0.02270001 0.4175 0.09909999 0.5241 0.1123999 0.5241 0.1123999 0.4175 0.09909999 0.3944 0.263 0.5241 0.1123999 0.3944 0.263 0.5238 0.2488999 0.5238 0.2488999 0.3944 0.263 0.3839 0.3604 0.5238 0.2488999 0.3839 0.3604 0.5263 0.3443 0.5263 0.3443 0.3839 0.3604 0.5263 0.489 0.5263 0.489 0.3839 0.3604 0.4088 0.4906 0.5263 0.489 0.4088 0.4906 0.5263 0.6651 0.5263 0.6651 0.4088 0.4906 0.4532 0.6588 0.5263 0.6651 0.4532 0.6588 0.5263 0.7121 0.5263 0.7121 0.4532 0.6588 0.477 0.6969 0.8545 0.5225 0.8458 0.5358 0.8366 0.5069 0.8545 0.5242 0.8366 0.5069 0.8458 0.5358 0.9699 0.9896 0.9653 0.9762 0.9749 0.9854 0.9699 0.9896 0.9749 0.9854 0.9733 0.9922 0.9733 0.9922 0.9749 0.9854 0.9775 0.988 0.9733 0.9922 0.9775 0.988 0.9786 0.9941 0.9786 0.9941 0.9775 0.988 0.9784 0.9891 0.9786 0.9941 0.9784 0.9891 0.9806 0.9948 0.9806 0.9948 0.9784 0.9891 0.9786 0.9941 0.9786 0.9941 0.9784 0.9891 0.9775 0.988 0.9786 0.9941 0.9775 0.988 0.9733 0.9922 0.9733 0.9922 0.9775 0.988 0.9749 0.9854 0.9733 0.9922 0.9749 0.9854 0.9699 0.9896 0.9699 0.9896 0.9749 0.9854 0.9653 0.9762 0.477 0.6969 0.5263 0.7121 0.4532 0.6588 0.4532 0.6588 0.5263 0.7121 0.5263 0.6651 0.4532 0.6588 0.5263 0.6651 0.4088 0.4906 0.4088 0.4906 0.5263 0.6651 0.5263 0.489 0.4088 0.4906 0.5263 0.489 0.3839 0.3604 0.3839 0.3604 0.5263 0.489 0.5263 0.3443 0.6661 0.3552 0.5263 0.3443 0.5263 0.489 0.6661 0.3552 0.5263 0.489 0.6378 0.4918 0.6378 0.4918 0.5263 0.489 0.5263 0.6651 0.6378 0.4918 0.5263 0.6651 0.5959 0.66 0.5959 0.66 0.5263 0.6651 0.5263 0.7121 0.5959 0.66 0.5263 0.7121 0.5713 0.7006 0.5849 0.02509999 0.5263 0.0101 0.4674 0.02270001 0.5849 0.02509999 0.4674 0.02270001 0.5241 0.1123999 0.5241 0.1123999 0.4674 0.02270001 0.4175 0.09909999 0.5241 0.1123999 0.4175 0.09909999 0.3944 0.263 0.5241 0.1123999 0.3944 0.263 0.5238 0.2488999 0.5238 0.2488999 0.3944 0.263 0.3839 0.3604 0.5238 0.2488999 0.3839 0.3604 0.5263 0.3443 0.5263 0.3443 0.6661 0.3552 0.5238 0.2488999 0.5238 0.2488999 0.6661 0.3552 0.6597 0.2593 0.5238 0.2488999 0.6597 0.2593 0.5241 0.1123999 0.5241 0.1123999 0.6597 0.2593 0.6263 0.1014 0.5241 0.1123999 0.6263 0.1014 0.5849 0.02509999 0.76 0.5528 0.7552 0.5438 0.7593 0.5539 0.76 0.5528 0.7593 0.5539 0.769 0.5558 0.769 0.5558 0.7593 0.5539 0.769 0.5572 0.769 0.5558 0.769 0.5572 0.7786 0.5539 0.769 0.5558 0.7786 0.5539 0.7779 0.5528 0.7779 0.5528 0.7786 0.5539 0.7828 0.5438 0.7779 0.5528 0.7828 0.5438 0.7817 0.5437 0.7817 0.5437 0.7828 0.5438 0.7772 0.5337 0.7772 0.5337 0.7828 0.5438 0.7778 0.5325 0.7772 0.5337 0.7778 0.5325 0.769 0.5308 0.769 0.5308 0.7778 0.5325 0.769 0.5292 0.769 0.5308 0.769 0.5292 0.7601 0.5325 0.769 0.5308 0.7601 0.5325 0.7608 0.5337 0.7608 0.5337 0.7601 0.5325 0.7552 0.5438 0.7608 0.5337 0.7552 0.5438 0.7562 0.5437 0.7562 0.5437 0.7552 0.5438 0.76 0.5528 0.9492 0.9822 0.9514 0.9888 0.9512 0.9887 0.9512 0.9887 0.9514 0.9888 0.9515 0.9889 0.9512 0.9887 0.9515 0.9889 0.9507 0.9868 0.9507 0.9868 0.9515 0.9889 0.9511 0.9867 0.9507 0.9868 0.9511 0.9867 0.95 0.9842 0.95 0.9842 0.9511 0.9867 0.9506 0.9851 0.9431 0.9808 0.948 0.9809 0.9426 0.9784</float_array>
          <technique_common>
            <accessor source="#unnamed_005-mesh-map-0-array" count="3036" stride="2">
              <param name="S" type="float"/>
              <param name="T" type="float"/>
            </accessor>
          </technique_common>
        </source>
        <source id="unnamed_005-mesh-colors-Col" name="Col">
          <float_array id="unnamed_005-mesh-colors-Col-array" count="12144">0 0 0 1 0 0 0 1 0 0 0 1 0 0 0 1 0 0 0 1 0 0 0 1 0 0 0 1 0 0 0 1 0 0 0 1 0 0 0 1 0 0 0 1 0 0 0 1 0 0 0 1 0 0 0 1 0 0 0 1 0 0 0 1 0 0 0 1 0 0 0 1 0 0 0 1 0 0 0 1 0 0 0 1 0 0 0 1 0 0 0 1 0 0 0 1 0 0 0 1 0 0 0 1 0 0 0 1 0 0 0 1 0 0 0 1 0 0 0 1 0 0 0 1 0 0 0 1 0 0 0 1 0 0 0 1 0 0 0 1 0 0 0 1 0 0 0 1 0 0 0 1 0 0 0 1 0 0 0 1 0 0 0 1 0 0 0 1 0 0 0 1 0 0 0 1 0 0 0 1 0 0 0 1 0 0 0 1 0 0 0 1 0 0 0 1 0 0 0 1 0 0 0 1 0 0 0 1 0 0 0 1 0 0 0 1 0 0 0 1 0 0 0 1 0 0 0 1 0 0 0 1 0 0 0 1 0 0 0 1 0 0 0 1 0 0 0 1 0 0 0 1 0 0 0 1 0 0 0 1 0 0 0 1 0 0 0 1 0 0 0 1 0 0 0 1 0 0 0 1 0 0 0 1 0 0 0 1 0 0 0 1 0 0 0 1 0 0 0 1 0 0 0 1 0 0 0 1 0 0 0 1 0 0 0 1 0 0 0 1 0 0 0 1 0 0 0 1 0 0 0 1 0 0 0 1 0 0 0 1 0 0 0 1 0 0 0 1 0 0 0 1 0 0 0 1 0 0 0 1 0 0 0 1 0 0 0 1 0 0 0 1 0 0 0 1 0 0 0 1 0 0 0 1 0 0 0 1 0 0 0 1 0 0 0 1 0 0 0 1 0 0 0 1 0 0 0 1 0 0 0 1 0 0 0 1 0 0 0 1 0 0 0 1 0 0 0 1 0 0 0 1 0 0 0 1 0 0 0 1 0 0 0 1 0 0 0 1 0 0 0 1 0 0 0 1 0 0 0 1 0 0 0 1 0 0 0 1 0 0 0 1 0 0 0 1 0 0 0 1 0 0 0 1 0 0 0 1 0 0 0 1 0 0 0 1 0 0 0 1 0 0 0 1 0 0 0 1 0 0 0 1 0 0 0 1 0 0 0 1 0 0 0 1 0 0 0 1 0 0 0 1 0 0 0 1 0 0 0 1 0 0 0 1 0 0 0 1 0 0 0 1 0 0 0 1 0 0 0 1 0 0 0 1 0 0 0 1 0 0 0 1 0 0 0 1 0 0 0 1 0 0 0 1 0 0 0 1 0 0 0 1 0 0 0 1 0 0 0 1 0 0 0 1 0 0 0 1 0 0 0 1 0 0 0 1 0 0 0 1 0 0 0 1 0 0 0 1 0 0 0 1 0 0 0 1 0 0 0 1 0 0 0 1 0 0 0 1 0 0 0 1 0 0 0 1 0 0 0 1 0 0 0 1 0 0 0 1 0 0 0 1 0 0 0 1 0 0 0 1 0 0 0 1 0 0 0 1 0 0 0 1 0 0 0 1 0 0 0 1 0 0 0 1 0 0 0 1 0 0 0 1 0 0 0 1 0 0 0 1 0 0 0 1 0 0 0 1 0 0 0 1 0 0 0 1 0 0 0 1 0 0 0 1 0 0 0 1 0 0 0 1 0 0 0 1 0 0 0 1 0 0 0 1 0 0 0 1 0 0 0 1 0 0 0 1 0 0 0 1 0 0 0 1 0 0 0 1 0 0 0 1 0 0 0 1 0 0 0 1 0 0 0 1 0 0 0 1 0 0 0 1 0 0 0 1 0 0 0 1 0 0 0 1 0 0 0 1 0 0 0 1 0 0 0 1 0 0 0 1 0 0 0 1 0 0 0 1 0 0 0 1 0 0 0 1 0 0 0 1 0 0 0 1 0 0 0 1 0 0 0 1 0 0 0 1 0 0 0 1 0 0 0 1 0 0 0 1 0 0 0 1 0 0 0 1 0 0 0 1 0 0 0 1 0 0 0 1 0 0 0 1 0 0 0 1 0 0 0 1 0 0 0 1 0 0 0 1 0 0 0 1 0 0 0 1 0 0 0 1 0 0 0 1 0 0 0 1 0 0 0 1 0 0 0 1 0 0 0 1 0 0 0 1 0 0 0 1 0 0 0 1 0 0 0 1 0 0 0 1 0 0 0 1 0 0 0 1 0 0 0 1 0 0 0 1 0 0 0 1 0 0 0 1 0 0 0 1 0 0 0 1 0 0 0 1 0 0 0 1 0 0 0 1 0 0 0 1 0 0 0 1 0 0 0 1 0 0 0 1 0 0 0 1 0 0 0 1 0 0 0 1 0 0 0 1 0 0 0 1 0 0 0 1 0 0 0 1 0 0 0 1 0 0 0 1 0 0 0 1 0 0 0 1 0 0 0 1 0 0 0 1 0 0 0 1 0 0 0 1 0 0 0 1 0 0 0 1 0 0 0 1 0 0 0 1 0 0 0 1 0 0 0 1 0 0 0 1 0 0 0 1 0 0 0 1 0 0 0 1 0 0 0 1 0 0 0 1 0 0 0 1 0 0 0 1 0 0 0 1 0 0 0 1 0 0 0 1 0 0 0 1 0 0 0 1 0 0 0 1 0 0 0 1 0 0 0 1 0 0 0 1 0 0 0 1 0 0 0 1 0 0 0 1 0 0 0 1 0 0 0 1 0 0 0 1 0 0 0 1 0 0 0 1 0 0 0 1 0 0 0 1 0 0 0 1 0 0 0 1 0 0 0 1 0 0 0 1 0 0 0 1 0 0 0 1 0 0 0 1 0 0 0 1 0 0 0 1 0 0 0 1 0 0 0 1 0 0 0 1 0 0 0 1 0 0 0 1 0 0 0 1 0 0 0 1 0 0 0 1 0 0 0 1 0 0 0 1 0 0 0 1 0 0 0 1 0 0 0 1 0 0 0 1 0 0 0 1 0 0 0 1 0 0 0 1 0 0 0 1 0 0 0 1 0 0 0 1 0 0 0 1 0 0 0 1 0 0 0 1 0 0 0 1 0 0 0 1 0 0 0 1 0 0 0 1 0 0 0 1 0 0 0 1 0 0 0 1 0 0 0 1 0 0 0 1 0 0 0 1 0 0 0 1 0 0 0 1 0 0 0 1 0 0 0 1 0 0 0 1 0 0 0 1 0 0 0 1 0 0 0 1 0 0 0 1 0 0 0 1 0 0 0 1 0 0 0 1 0 0 0 1 0 0 0 1 0 0 0 1 0 0 0 1 0 0 0 1 0 0 0 1 0 0 0 1 0 0 0 1 0 0 0 1 0 0 0 1 0 0 0 1 0 0 0 1 0 0 0 1 0 0 0 1 0 0 0 1 0 0 0 1 0 0 0 1 0 0 0 1 0 0 0 1 0 0 0 1 0 0 0 1 0 0 0 1 0 0 0 1 0 0 0 1 0 0 0 1 0 0 0 1 0 0 0 1 0 0 0 1 0 0 0 1 0 0 0 1 0 0 0 1 0 0 0 1 0 0 0 1 0 0 0 1 0 0 0 1 0 0 0 1 0 0 0 1 0 0 0 1 0 0 0 1 0 0 0 1 0 0 0 1 0 0 0 1 0 0 0 1 0 0 0 1 0 0 0 1 0 0 0 1 0 0 0 1 0 0 0 1 0 0 0 1 0 0 0 1 0 0 0 1 0 0 0 1 0 0 0 1 0 0 0 1 0 0 0 1 0 0 0 1 0 0 0 1 0 0 0 1 0 0 0 1 0 0 0 1 0 0 0 1 0 0 0 1 0 0 0 1 0 0 0 1 0 0 0 1 0 0 0 1 0 0 0 1 0 0 0 1 0 0 0 1 0 0 0 1 0 0 0 1 0 0 0 1 0 0 0 1 0 0 0 1 0 0 0 1 0 0 0 1 0 0 0 1 0 0 0 1 0 0 0 1 0 0 0 1 0 0 0 1 0 0 0 1 0 0 0 1 0 0 0 1 0 0 0 1 0 0 0 1 0 0 0 1 0 0 0 1 0 0 0 1 0 0 0 1 0 0 0 1 0 0 0 1 0 0 0 1 0 0 0 1 0 0 0 1 0 0 0 1 0 0 0 1 0 0 0 1 0 0 0 1 0 0 0 1 0 0 0 1 0 0 0 1 0 0 0 1 0 0 0 1 0 0 0 1 0 0 0 1 0 0 0 1 0 0 0 1 0 0 0 1 0 0 0 1 0 0 0 1 0 0 0 1 0 0 0 1 0 0 0 1 0 0 0 1 0 0 0 1 0 0 0 1 0 0 0 1 0 0 0 1 0 0 0 1 0 0 0 1 0 0 0 1 0 0 0 1 0 0 0 1 0 0 0 1 0 0 0 1 0 0 0 1 0 0 0 1 0 0 0 1 0 0 0 1 0 0 0 1 0 0 0 1 0 0 0 1 0 0 0 1 0 0 0 1 0 0 0 1 0 0 0 1 0 0 0 1 0 0 0 1 0 0 0 1 0 0 0 1 0 0 0 1 0 0 0 1 0 0 0 1 0 0 0 1 0 0 0 1 0 0 0 1 0 0 0 1 0 0 0 1 0 0 0 1 0 0 0 1 0 0 0 1 0 0 0 1 0 0 0 1 0 0 0 1 0 0 0 1 0 0 0 1 0 0 0 1 0 0 0 1 0 0 0 1 0 0 0 1 0 0 0 1 0 0 0 1 0 0 0 1 0 0 0 1 0 0 0 1 0 0 0 1 0 0 0 1 0 0 0 1 0 0 0 1 0 0 0 1 0 0 0 1 0 0 0 1 0 0 0 1 0 0 0 1 0 0 0 1 0 0 0 1 0 0 0 1 0 0 0 1 0 0 0 1 0 0 0 1 0 0 0 1 0 0 0 1 0 0 0 1 0 0 0 1 0 0 0 1 0 0 0 1 0 0 0 1 0 0 0 1 0 0 0 1 0 0 0 1 0 0 0 1 0 0 0 1 0 0 0 1 0 0 0 1 0 0 0 1 0 0 0 1 0 0 0 1 0 0 0 1 0 0 0 1 0 0 0 1 0 0 0 1 0 0 0 1 0 0 0 1 0 0 0 1 0 0 0 1 0 0 0 1 0 0 0 1 0 0 0 1 0 0 0 1 0 0 0 1 0 0 0 1 0 0 0 1 0 0 0 1 0 0 0 1 0 0 0 1 0 0 0 1 0 0 0 1 0 0 0 1 0 0 0 1 0 0 0 1 0 0 0 1 0 0 0 1 0 0 0 1 0 0 0 1 0 0 0 1 0 0 0 1 0 0 0 1 0 0 0 1 0 0 0 1 0 0 0 1 0 0 0 1 0 0 0 1 0 0 0 1 0 0 0 1 0 0 0 1 0 0 0 1 0 0 0 1 0 0 0 1 0 0 0 1 0 0 0 1 0 0 0 1 0 0 0 1 0 0 0 1 0 0 0 1 0 0 0 1 0 0 0 1 0 0 0 1 0 0 0 1 0 0 0 1 0 0 0 1 0 0 0 1 0 0 0 1 0 0 0 1 0 0 0 1 0 0 0 1 0 0 0 1 0 0 0 1 0 0 0 1 0 0 0 1 0 0 0 1 0 0 0 1 0 0 0 1 0 0 0 1 0 0 0 1 0 0 0 1 0 0 0 1 0 0 0 1 0 0 0 1 0 0 0 1 0 0 0 1 0 0 0 1 0 0 0 1 0 0 0 1 0 0 0 1 0 0 0 1 0 0 0 1 0 0 0 1 0 0 0 1 0 0 0 1 0 0 0 1 0 0 0 1 0 0 0 1 0 0 0 1 0 0 0 1 0 0 0 1 0 0 0 1 0 0 0 1 0 0 0 1 0 0 0 1 0 0 0 1 0 0 0 1 0 0 0 1 0 0 0 1 0 0 0 1 0 0 0 1 0 0 0 1 0 0 0 1 0 0 0 1 0 0 0 1 0 0 0 1 0 0 0 1 0 0 0 1 0 0 0 1 0 0 0 1 0 0 0 1 0 0 0 1 0 0 0 1 0 0 0 1 0 0 0 1 0 0 0 1 0 0 0 1 0 0 0 1 0 0 0 1 0 0 0 1 0 0 0 1 0 0 0 1 0 0 0 1 0 0 0 1 0 0 0 1 0 0 0 1 0 0 0 1 0 0 0 1 0 0 0 1 0 0 0 1 0 0 0 1 0 0 0 1 0 0 0 1 0 0 0 1 0 0 0 1 0 0 0 1 0 0 0 1 0 0 0 1 0 0 0 1 0 0 0 1 0 0 0 1 0 0 0 1 0 0 0 1 0 0 0 1 0 0 0 1 0 0 0 1 0 0 0 1 0 0 0 1 0 0 0 1 0 0 0 1 0 0 0 1 0 0 0 1 0 0 0 1 0 0 0 1 0 0 0 1 0 0 0 1 0 0 0 1 0 0 0 1 0 0 0 1 0 0 0 1 0 0 0 1 0 0 0 1 0 0 0 1 0 0 0 1 0 0 0 1 0 0 0 1 0 0 0 1 0 0 0 1 0 0 0 1 0 0 0 1 0 0 0 1 0 0 0 1 0 0 0 1 0 0 0 1 0 0 0 1 0 0 0 1 0 0 0 1 0 0 0 1 0 0 0 1 0 0 0 1 0 0 0 1 0 0 0 1 0 0 0 1 0 0 0 1 0 0 0 1 0 0 0 1 0 0 0 1 0 0 0 1 0 0 0 1 0 0 0 1 0 0 0 1 0 0 0 1 0 0 0 1 0 0 0 1 0 0 0 1 0 0 0 1 0 0 0 1 0 0 0 1 0 0 0 1 0 0 0 1 0 0 0 1 0 0 0 1 0 0 0 1 0 0 0 1 0 0 0 1 0 0 0 1 0 0 0 1 0 0 0 1 0 0 0 1 0 0 0 1 0 0 0 1 0 0 0 1 0 0 0 1 0 0 0 1 0 0 0 1 0 0 0 1 0 0 0 1 0 0 0 1 0 0 0 1 0 0 0 1 0 0 0 1 0 0 0 1 0 0 0 1 0 0 0 1 0 0 0 1 0 0 0 1 0 0 0 1 0 0 0 1 0 0 0 1 0 0 0 1 0 0 0 1 0 0 0 1 0 0 0 1 0 0 0 1 0 0 0 1 0 0 0 1 0 0 0 1 0 0 0 1 0 0 0 1 0 0 0 1 0 0 0 1 0 0 0 1 0 0 0 1 0 0 0 1 0 0 0 1 0 0 0 1 0 0 0 1 0 0 0 1 0 0 0 1 0 0 0 1 0 0 0 1 0 0 0 1 0 0 0 1 0 0 0 1 0 0 0 1 0 0 0 1 0 0 0 1 0 0 0 1 0 0 0 1 0 0 0 1 0 0 0 1 0 0 0 1 0 0 0 1 0 0 0 1 0 0 0 1 0 0 0 1 0 0 0 1 0 0 0 1 0 0 0 1 0 0 0 1 0 0 0 1 0 0 0 1 0 0 0 1 0 0 0 1 0 0 0 1 0 0 0 1 0 0 0 1 0 0 0 1 0 0 0 1 0 0 0 1 0 0 0 1 0 0 0 1 0 0 0 1 0 0 0 1 0 0 0 1 0 0 0 1 0 0 0 1 0 0 0 1 0 0 0 1 0 0 0 1 0 0 0 1 0 0 0 1 0 0 0 1 0 0 0 1 0 0 0 1 0 0 0 1 0 0 0 1 0 0 0 1 0 0 0 1 0 0 0 1 0 0 0 1 0 0 0 1 0 0 0 1 0 0 0 1 0 0 0 1 0 0 0 1 0 0 0 1 0 0 0 1 0 0 0 1 0 0 0 1 0 0 0 1 0 0 0 1 0 0 0 1 0 0 0 1 0 0 0 1 0 0 0 1 0 0 0 1 0 0 0 1 0 0 0 1 0 0 0 1 0 0 0 1 0 0 0 1 0 0 0 1 0 0 0 1 0 0 0 1 0 0 0 1 0 0 0 1 0 0 0 1 0 0 0 1 0 0 0 1 0 0 0 1 0 0 0 1 0 0 0 1 0 0 0 1 0 0 0 1 0 0 0 1 0 0 0 1 0 0 0 1 0 0 0 1 0 0 0 1 0 0 0 1 0 0 0 1 0 0 0 1 0 0 0 1 0 0 0 1 0 0 0 1 0 0 0 1 0 0 0 1 0 0 0 1 0 0 0 1 0 0 0 1 0 0 0 1 0 0 0 1 0 0 0 1 0 0 0 1 0 0 0 1 0 0 0 1 0 0 0 1 0 0 0 1 0 0 0 1 0 0 0 1 0 0 0 1 0 0 0 1 0 0 0 1 0 0 0 1 0 0 0 1 0 0 0 1 0 0 0 1 0 0 0 1 0 0 0 1 0 0 0 1 0 0 0 1 0 0 0 1 0 0 0 1 0 0 0 1 0 0 0 1 0 0 0 1 0 0 0 1 0 0 0 1 0 0 0 1 0 0 0 1 0 0 0 1 0 0 0 1 0 0 0 1 0 0 0 1 0 0 0 1 0 0 0 1 0 0 0 1 0 0 0 1 0 0 0 1 0 0 0 1 0 0 0 1 0 0 0 1 0 0 0 1 0 0 0 1 0 0 0 1 0 0 0 1 0 0 0 1 0 0 0 1 0 0 0 1 0 0 0 1 0 0 0 1 0 0 0 1 0 0 0 1 0 0 0 1 0 0 0 1 0 0 0 1 0 0 0 1 0 0 0 1 0 0 0 1 0 0 0 1 0 0 0 1 0 0 0 1 0 0 0 1 0 0 0 1 0 0 0 1 0 0 0 1 0 0 0 1 0 0 0 1 0 0 0 1 0 0 0 1 0 0 0 1 0 0 0 1 0 0 0 1 0 0 0 1 0 0 0 1 0 0 0 1 0 0 0 1 0 0 0 1 0 0 0 1 0 0 0 1 0 0 0 1 0 0 0 1 0 0 0 1 0 0 0 1 0 0 0 1 0 0 0 1 0 0 0 1 0 0 0 1 0 0 0 1 0 0 0 1 0 0 0 1 0 0 0 1 0 0 0 1 0 0 0 1 0 0 0 1 0 0 0 1 0 0 0 1 0 0 0 1 0 0 0 1 0 0 0 1 0 0 0 1 0 0 0 1 0 0 0 1 0 0 0 1 0 0 0 1 0 0 0 1 0 0 0 1 0 0 0 1 0 0 0 1 0 0 0 1 0 0 0 1 0 0 0 1 0 0 0 1 0 0 0 1 0 0 0 1 0 0 0 1 0 0 0 1 0 0 0 1 0 0 0 1 0 0 0 1 0 0 0 1 0 0 0 1 0 0 0 1 0 0 0 1 0 0 0 1 0 0 0 1 0 0 0 1 0 0 0 1 0 0 0 1 0 0 0 1 0 0 0 1 0 0 0 1 0 0 0 1 0 0 0 1 0 0 0 1 0 0 0 1 0 0 0 1 0 0 0 1 0 0 0 1 0 0 0 1 0 0 0 1 0 0 0 1 0 0 0 1 0 0 0 1 0 0 0 1 0 0 0 1 0 0 0 1 0 0 0 1 0 0 0 1 0 0 0 1 0 0 0 1 0 0 0 1 0 0 0 1 0 0 0 1 0 0 0 1 0 0 0 1 0 0 0 1 0 0 0 1 0 0 0 1 0 0 0 1 0 0 0 1 0 0 0 1 0 0 0 1 0 0 0 1 0 0 0 1 0 0 0 1 0 0 0 1 0 0 0 1 0 0 0 1 0 0 0 1 0 0 0 1 0 0 0 1 0 0 0 1 0 0 0 1 0 0 0 1 0 0 0 1 0 0 0 1 0 0 0 1 0 0 0 1 0 0 0 1 0 0 0 1 0 0 0 1 0 0 0 1 0 0 0 1 0 0 0 1 0 0 0 1 0 0 0 1 0 0 0 1 0 0 0 1 0 0 0 1 0 0 0 1 0 0 0 1 0 0 0 1 0 0 0 1 0 0 0 1 0 0 0 1 0 0 0 1 0 0 0 1 0 0 0 1 0 0 0 1 0 0 0 1 0 0 0 1 0 0 0 1 0 0 0 1 0 0 0 1 0 0 0 1 0 0 0 1 0 0 0 1 0 0 0 1 0 0 0 1 0 0 0 1 0 0 0 1 0 0 0 1 0 0 0 1 0 0 0 1 0 0 0 1 0 0 0 1 0 0 0 1 0 0 0 1 0 0 0 1 0 0 0 1 0 0 0 1 0 0 0 1 0 0 0 1 0 0 0 1 0 0 0 1 0 0 0 1 0 0 0 1 0 0 0 1 0 0 0 1 0 0 0 1 0 0 0 1 0 0 0 1 0 0 0 1 0 0 0 1 0 0 0 1 0 0 0 1 0 0 0 1 0 0 0 1 0 0 0 1 0 0 0 1 0 0 0 1 0 0 0 1 0 0 0 1 0 0 0 1 0 0 0 1 0 0 0 1 0 0 0 1 0 0 0 1 0 0 0 1 0 0 0 1 0 0 0 1 0 0 0 1 0 0 0 1 0 0 0 1 0 0 0 1 0 0 0 1 0 0 0 1 0 0 0 1 0 0 0 1 0 0 0 1 0 0 0 1 0 0 0 1 0 0 0 1 0 0 0 1 0 0 0 1 0 0 0 1 0 0 0 1 0 0 0 1 0 0 0 1 0 0 0 1 0 0 0 1 0 0 0 1 0 0 0 1 0 0 0 1 0 0 0 1 0 0 0 1 0 0 0 1 0 0 0 1 0 0 0 1 0 0 0 1 0 0 0 1 0 0 0 1 0 0 0 1 0 0 0 1 0 0 0 1 0 0 0 1 0 0 0 1 0 0 0 1 0 0 0 1 0 0 0 1 0 0 0 1 0 0 0 1 0 0 0 1 0 0 0 1 0 0 0 1 0 0 0 1 0 0 0 1 0 0 0 1 0 0 0 1 0 0 0 1 0 0 0 1 0 0 0 1 0 0 0 1 0 0 0 1 0 0 0 1 0 0 0 1 0 0 0 1 0 0 0 1 0 0 0 1 0 0 0 1 0 0 0 1 0 0 0 1 0 0 0 1 0 0 0 1 0 0 0 1 0 0 0 1 0 0 0 1 0 0 0 1 0 0 0 1 0 0 0 1 0 0 0 1 0 0 0 1 0 0 0 1 0 0 0 1 0 0 0 1 0 0 0 1 0 0 0 1 0 0 0 1 0 0 0 1 0 0 0 1 0 0 0 1 0 0 0 1 0 0 0 1 0 0 0 1 0 0 0 1 0 0 0 1 0 0 0 1 0 0 0 1 0 0 0 1 0 0 0 1 0 0 0 1 0 0 0 1 0 0 0 1 0 0 0 1 0 0 0 1 0 0 0 1 0 0 0 1 0 0 0 1 0 0 0 1 0 0 0 1 0 0 0 1 0 0 0 1 0 0 0 1 0 0 0 1 0 0 0 1 0 0 0 1 0 0 0 1 0 0 0 1 0 0 0 1 0 0 0 1 0 0 0 1 0 0 0 1 0 0 0 1 0 0 0 1 0 0 0 1 0 0 0 1 0 0 0 1 0 0 0 1 0 0 0 1 0 0 0 1 0 0 0 1 0 0 0 1 0 0 0 1 0 0 0 1 0 0 0 1 0 0 0 1 0 0 0 1 0 0 0 1 0 0 0 1 0 0 0 1 0 0 0 1 0 0 0 1 0 0 0 1 0 0 0 1 0 0 0 1 0 0 0 1 0 0 0 1 0 0 0 1 0 0 0 1 0 0 0 1 0 0 0 1 0 0 0 1 0 0 0 1 0 0 0 1 0 0 0 1 0 0 0 1 0 0 0 1 0 0 0 1 0 0 0 1 0 0 0 1 0 0 0 1 0 0 0 1 0 0 0 1 0 0 0 1 0 0 0 1 0 0 0 1 0 0 0 1 0 0 0 1 0 0 0 1 0 0 0 1 0 0 0 1 0 0 0 1 0 0 0 1 0 0 0 1 0 0 0 1 0 0 0 1 0 0 0 1 0 0 0 1 0 0 0 1 0 0 0 1 0 0 0 1 0 0 0 1 0 0 0 1 0 0 0 1 0 0 0 1 0 0 0 1 0 0 0 1 0 0 0 1 0 0 0 1 0 0 0 1 0 0 0 1 0 0 0 1 0 0 0 1 0 0 0 1 0 0 0 1 0 0 0 1 0 0 0 1 0 0 0 1 0 0 0 1 0 0 0 1 0 0 0 1 0 0 0 1 0 0 0 1 0 0 0 1 0 0 0 1 0 0 0 1 0 0 0 1 0 0 0 1 0 0 0 1 0 0 0 1 0 0 0 1 0 0 0 1 0 0 0 1 0 0 0 1 0 0 0 1 0 0 0 1 0 0 0 1 0 0 0 1 0 0 0 1 0 0 0 1 0 0 0 1 0 0 0 1 0 0 0 1 0 0 0 1 0 0 0 1 0 0 0 1 0 0 0 1 0 0 0 1 0 0 0 1 0 0 0 1 0 0 0 1 0 0 0 1 0 0 0 1 0 0 0 1 0 0 0 1 0 0 0 1 0 0 0 1 0 0 0 1 0 0 0 1 0 0 0 1 0 0 0 1 0 0 0 1 0 0 0 1 0 0 0 1 0 0 0 1 0 0 0 1 0 0 0 1 0 0 0 1 0 0 0 1 0 0 0 1 0 0 0 1 0 0 0 1 0 0 0 1 0 0 0 1 0 0 0 1 0 0 0 1 0 0 0 1 0 0 0 1 0 0 0 1 0 0 0 1 0 0 0 1 0 0 0 1 0 0 0 1 0 0 0 1 0 0 0 1 0 0 0 1 0 0 0 1 0 0 0 1 0 0 0 1 0 0 0 1 0 0 0 1 0 0 0 1 0 0 0 1 0 0 0 1 0 0 0 1 0 0 0 1 0 0 0 1 0 0 0 1 0 0 0 1 0 0 0 1 0 0 0 1 0 0 0 1 0 0 0 1 0 0 0 1 0 0 0 1 0 0 0 1 0 0 0 1 0 0 0 1 0 0 0 1 0 0 0 1 0 0 0 1 0 0 0 1 0 0 0 1 0 0 0 1 0 0 0 1 0 0 0 1 0 0 0 1 0 0 0 1 0 0 0 1 0 0 0 1 0 0 0 1 0 0 0 1 0 0 0 1 0 0 0 1 0 0 0 1 0 0 0 1 0 0 0 1 0 0 0 1 0 0 0 1 0 0 0 1 0 0 0 1 0 0 0 1 0 0 0 1 0 0 0 1 0 0 0 1 0 0 0 1 0 0 0 1 0 0 0 1 0 0 0 1 0 0 0 1 0 0 0 1 0 0 0 1 0 0 0 1 0 0 0 1 0 0 0 1 0 0 0 1 0 0 0 1 0 0 0 1 0 0 0 1 0 0 0 1 0 0 0 1 0 0 0 1 0 0 0 1 0 0 0 1 0 0 0 1 0 0 0 1 0 0 0 1 0 0 0 1 0 0 0 1 0 0 0 1 0 0 0 1 0 0 0 1 0 0 0 1 0 0 0 1 0 0 0 1 0 0 0 1 0 0 0 1 0 0 0 1 0 0 0 1 0 0 0 1 0 0 0 1 0 0 0 1 0 0 0 1 0 0 0 1 0 0 0 1 0 0 0 1 0 0 0 1 0 0 0 1 0 0 0 1 0 0 0 1 0 0 0 1 0 0 0 1 0 0 0 1 0 0 0 1 0 0 0 1 0 0 0 1 0 0 0 1 0 0 0 1 0 0 0 1 0 0 0 1 0 0 0 1 0 0 0 1 0 0 0 1 0 0 0 1 0 0 0 1 0 0 0 1 0 0 0 1 0 0 0 1 0 0 0 1 0 0 0 1 0 0 0 1 0 0 0 1 0 0 0 1 0 0 0 1 0 0 0 1 0 0 0 1 0 0 0 1 0 0 0 1 0 0 0 1 0 0 0 1 0 0 0 1 0 0 0 1 0 0 0 1 0 0 0 1 0 0 0 1 0 0 0 1 0 0 0 1 0 0 0 1 0 0 0 1 0 0 0 1 0 0 0 1 0 0 0 1 0 0 0 1 0 0 0 1 0 0 0 1 0 0 0 1 0 0 0 1 0 0 0 1 0 0 0 1 0 0 0 1 0 0 0 1 0 0 0 1 0 0 0 1 0 0 0 1 0 0 0 1 0 0 0 1 0 0 0 1 0 0 0 1 0 0 0 1 0 0 0 1 0 0 0 1 0 0 0 1 0 0 0 1 0 0 0 1 0 0 0 1 0 0 0 1 0 0 0 1 0 0 0 1 0 0 0 1 0 0 0 1 0 0 0 1 0 0 0 1 0 0 0 1 0 0 0 1 0 0 0 1 0 0 0 1 0 0 0 1 0 0 0 1 0 0 0 1 0 0 0 1 0 0 0 1 0 0 0 1 0 0 0 1 0 0 0 1 0 0 0 1 0 0 0 1 0 0 0 1 0 0 0 1 0 0 0 1 0 0 0 1 0 0 0 1 0 0 0 1 0 0 0 1 0 0 0 1 0 0 0 1 0 0 0 1 0 0 0 1 0 0 0 1 0 0 0 1 0 0 0 1 0 0 0 1 0 0 0 1 0 0 0 1 0 0 0 1 0 0 0 1 0 0 0 1 0 0 0 1 0 0 0 1 0 0 0 1 0 0 0 1 0 0 0 1 0 0 0 1 0 0 0 1 0 0 0 1 0 0 0 1 0 0 0 1 0 0 0 1 0 0 0 1 0 0 0 1 0 0 0 1 0 0 0 1 0 0 0 1 0 0 0 1 0 0 0 1 0 0 0 1 0 0 0 1 0 0 0 1 0 0 0 1 0 0 0 1 0 0 0 1 0 0 0 1 0 0 0 1 0 0 0 1 0 0 0 1 0 0 0 1 0 0 0 1 0 0 0 1 0 0 0 1 0 0 0 1 0 0 0 1 0 0 0 1 0 0 0 1 0 0 0 1 0 0 0 1 0 0 0 1 0 0 0 1 0 0 0 1 0 0 0 1 0 0 0 1 0 0 0 1 0 0 0 1 0 0 0 1 0 0 0 1 0 0 0 1 0 0 0 1 0 0 0 1 0 0 0 1 0 0 0 1 0 0 0 1 0 0 0 1 0 0 0 1 0 0 0 1 0 0 0 1 0 0 0 1 0 0 0 1 0 0 0 1 0 0 0 1 0 0 0 1 0 0 0 1 0 0 0 1 0 0 0 1 0 0 0 1 0 0 0 1 0 0 0 1 0 0 0 1 0 0 0 1 0 0 0 1 0 0 0 1 0 0 0 1 0 0 0 1 0 0 0 1 0 0 0 1 0 0 0 1 0 0 0 1 0 0 0 1 0 0 0 1 0 0 0 1 0 0 0 1 0 0 0 1 0 0 0 1 0 0 0 1 0 0 0 1 0 0 0 1 0 0 0 1 0 0 0 1 0 0 0 1 0 0 0 1 0 0 0 1 0 0 0 1 0 0 0 1 0 0 0 1 0 0 0 1 0 0 0 1 0 0 0 1 0 0 0 1 0 0 0 1 0 0 0 1 0 0 0 1 0 0 0 1 0 0 0 1 0 0 0 1 0 0 0 1 0 0 0 1 0 0 0 1 0 0 0 1 0 0 0 1 0 0 0 1 0 0 0 1 0 0 0 1 0 0 0 1 0 0 0 1 0 0 0 1 0 0 0 1 0 0 0 1 0 0 0 1 0 0 0 1 0 0 0 1 0 0 0 1 0 0 0 1 0 0 0 1 0 0 0 1 0 0 0 1 0 0 0 1 0 0 0 1 0 0 0 1 0 0 0 1 0 0 0 1 0 0 0 1 0 0 0 1 0 0 0 1 0 0 0 1 0 0 0 1 0 0 0 1 0 0 0 1 0 0 0 1 0 0 0 1 0 0 0 1 0 0 0 1 0 0 0 1 0 0 0 1 0 0 0 1 0 0 0 1 0 0 0 1 0 0 0 1 0 0 0 1 0 0 0 1 0 0 0 1 0 0 0 1 0 0 0 1 0 0 0 1 0 0 0 1 0 0 0 1 0 0 0 1 0 0 0 1 0 0 0 1 0 0 0 1 0 0 0 1 0 0 0 1 0 0 0 1 0 0 0 1 0 0 0 1 0 0 0 1 0 0 0 1 0 0 0 1 0 0 0 1 0 0 0 1 0 0 0 1 0 0 0 1 0 0 0 1 0 0 0 1 0 0 0 1 0 0 0 1 0 0 0 1 0 0 0 1 0 0 0 1 0 0 0 1 0 0 0 1 0 0 0 1 0 0 0 1 0 0 0 1 0 0 0 1 0 0 0 1 0 0 0 1 0 0 0 1 0 0 0 1 0 0 0 1 0 0 0 1 0 0 0 1 0 0 0 1 0 0 0 1 0 0 0 1 0 0 0 1 0 0 0 1 0 0 0 1 0 0 0 1 0 0 0 1 0 0 0 1 0 0 0 1 0 0 0 1 0 0 0 1 0 0 0 1 0 0 0 1 0 0 0 1 0 0 0 1 0 0 0 1 0 0 0 1 0 0 0 1 0 0 0 1 0 0 0 1 0 0 0 1 0 0 0 1 0 0 0 1 0 0 0 1 0 0 0 1 0 0 0 1 0 0 0 1 0 0 0 1 0 0 0 1 0 0 0 1 0 0 0 1 0 0 0 1 0 0 0 1 0 0 0 1 0 0 0 1 0 0 0 1 0 0 0 1 0 0 0 1 0 0 0 1 0 0 0 1 0 0 0 1 0 0 0 1 0 0 0 1 0 0 0 1 0 0 0 1 0 0 0 1 0 0 0 1 0 0 0 1 0 0 0 1 0 0 0 1 0 0 0 1 0 0 0 1 0 0 0 1 0 0 0 1 0 0 0 1 0 0 0 1 0 0 0 1 0 0 0 1 0 0 0 1 0 0 0 1 0 0 0 1 0 0 0 1 0 0 0 1 0 0 0 1 0 0 0 1 0 0 0 1 0 0 0 1 0 0 0 1 0 0 0 1 0 0 0 1 0 0 0 1 0 0 0 1 0 0 0 1 0 0 0 1 0 0 0 1 0 0 0 1 0 0 0 1 0 0 0 1 0 0 0 1 0 0 0 1 0 0 0 1 0 0 0 1 0 0 0 1 0 0 0 1 0 0 0 1 0 0 0 1 0 0 0 1 0 0 0 1 0 0 0 1 0 0 0 1 0 0 0 1 0 0 0 1 0 0 0 1 0 0 0 1 0 0 0 1 0 0 0 1 0 0 0 1 0 0 0 1 0 0 0 1 0 0 0 1 0 0 0 1 0 0 0 1 0 0 0 1 0 0 0 1 0 0 0 1 0 0 0 1 0 0 0 1 0 0 0 1 0 0 0 1 0 0 0 1 0 0 0 1 0 0 0 1 0 0 0 1 0 0 0 1 0 0 0 1 0 0 0 1 0 0 0 1 0 0 0 1 0 0 0 1 0 0 0 1 0 0 0 1 0 0 0 1 0 0 0 1 0 0 0 1 0 0 0 1 0 0 0 1 0 0 0 1 0 0 0 1 0 0 0 1 0 0 0 1 0 0 0 1 0 0 0 1 0 0 0 1 0 0 0 1 0 0 0 1 0 0 0 1 0 0 0 1 0 0 0 1 0 0 0 1 0 0 0 1 0 0 0 1 0 0 0 1 0 0 0 1 0 0 0 1 0 0 0 1 0 0 0 1 0 0 0 1 0 0 0 1 0 0 0 1 0 0 0 1 0 0 0 1 0 0 0 1 0 0 0 1 0 0 0 1 0 0 0 1 0 0 0 1 0 0 0 1 0 0 0 1 0 0 0 1 0 0 0 1 0 0 0 1 0 0 0 1 0 0 0 1 0 0 0 1 0 0 0 1 0 0 0 1 0 0 0 1 0 0 0 1 0 0 0 1 0 0 0 1 0 0 0 1 0 0 0 1 0 0 0 1 0 0 0 1 0 0 0 1 0 0 0 1 0 0 0 1 0 0 0 1 0 0 0 1 0 0 0 1 0 0 0 1 0 0 0 1 0 0 0 1 0 0 0 1 0 0 0 1 0 0 0 1 0 0 0 1 0 0 0 1 0 0 0 1 0 0 0 1 0 0 0 1 0 0 0 1 0 0 0 1 0 0 0 1 0 0 0 1 0 0 0 1 0 0 0 1 0 0 0 1 0 0 0 1 0 0 0 1 0 0 0 1 0 0 0 1 0 0 0 1 0 0 0 1 0 0 0 1 0 0 0 1 0 0 0 1 0 0 0 1 0 0 0 1 0 0 0 1 0 0 0 1 0 0 0 1 0 0 0 1 0 0 0 1 0 0 0 1 0 0 0 1 0 0 0 1 0 0 0 1 0 0 0 1 0 0 0 1 0 0 0 1 0 0 0 1 0 0 0 1 0 0 0 1 0 0 0 1 0 0 0 1 0 0 0 1 0 0 0 1 0 0 0 1 0 0 0 1 0 0 0 1 0 0 0 1 0 0 0 1 0 0 0 1 0 0 0 1 0 0 0 1 0 0 0 1 0 0 0 1 0 0 0 1 0 0 0 1 0 0 0 1 0 0 0 1 0 0 0 1 0 0 0 1 0 0 0 1 0 0 0 1 0 0 0 1 0 0 0 1 0 0 0 1 0 0 0 1 0 0 0 1 0 0 0 1 0 0 0 1 0 0 0 1 0 0 0 1 0 0 0 1 0 0 0 1 0 0 0 1 0 0 0 1 0 0 0 1 0 0 0 1 0 0 0 1 0 0 0 1 0 0 0 1 0 0 0 1 0 0 0 1 0 0 0 1 0 0 0 1 0 0 0 1 0 0 0 1 0 0 0 1 0 0 0 1 0 0 0 1 0 0 0 1 0 0 0 1 0 0 0 1 0 0 0 1 0 0 0 1 0 0 0 1 0 0 0 1 0 0 0 1 0 0 0 1 0 0 0 1 0 0 0 1 0 0 0 1 0 0 0 1 0 0 0 1 0 0 0 1 0 0 0 1 0 0 0 1 0 0 0 1 0 0 0 1 0 0 0 1 0 0 0 1 0 0 0 1 0 0 0 1 0 0 0 1 0 0 0 1 0 0 0 1 0 0 0 1 0 0 0 1 0 0 0 1 0 0 0 1 0 0 0 1 0 0 0 1 0 0 0 1 0 0 0 1 0 0 0 1 0 0 0 1 0 0 0 1 0 0 0 1 0 0 0 1 0 0 0 1 0 0 0 1 0 0 0 1 0 0 0 1 0 0 0 1 0 0 0 1 0 0 0 1 0 0 0 1 0 0 0 1 0 0 0 1 0 0 0 1 0 0 0 1 0 0 0 1 0 0 0 1 0 0 0 1 0 0 0 1 0 0 0 1 0 0 0 1 0 0 0 1 0 0 0 1 0 0 0 1 0 0 0 1 0 0 0 1 0 0 0 1 0 0 0 1 0 0 0 1 0 0 0 1 0 0 0 1 0 0 0 1 0 0 0 1 0 0 0 1 0 0 0 1 0 0 0 1 0 0 0 1 0 0 0 1 0 0 0 1 0 0 0 1 0 0 0 1 0 0 0 1 0 0 0 1 0 0 0 1 0 0 0 1 0 0 0 1 0 0 0 1 0 0 0 1 0 0 0 1 0 0 0 1 0 0 0 1 0 0 0 1 0 0 0 1 0 0 0 1 0 0 0 1 0 0 0 1 0 0 0 1 0 0 0 1 0 0 0 1 0 0 0 1 0 0 0 1 0 0 0 1 0 0 0 1 0 0 0 1 0 0 0 1 0 0 0 1 0 0 0 1 0 0 0 1 0 0 0 1 0 0 0 1 0 0 0 1 0 0 0 1 0 0 0 1 0 0 0 1 0 0 0 1 0 0 0 1 0 0 0 1 0 0 0 1 0 0 0 1 0 0 0 1 0 0 0 1 0 0 0 1 0 0 0 1 0 0 0 1 0 0 0 1 0 0 0 1 0 0 0 1 0 0 0 1 0 0 0 1 0 0 0 1 0 0 0 1 0 0 0 1 0 0 0 1 0 0 0 1 0 0 0 1 0 0 0 1 0 0 0 1 0 0 0 1 0 0 0 1 0 0 0 1 0 0 0 1 0 0 0 1 0 0 0 1 0 0 0 1 0 0 0 1 0 0 0 1 0 0 0 1 0 0 0 1 0 0 0 1 0 0 0 1 0 0 0 1 0 0 0 1 0 0 0 1 0 0 0 1 0 0 0 1 0 0 0 1 0 0 0 1 0 0 0 1 0 0 0 1 0 0 0 1 0 0 0 1 0 0 0 1 0 0 0 1 0 0 0 1 0 0 0 1 0 0 0 1 0 0 0 1 0 0 0 1 0 0 0 1 0 0 0 1 0 0 0 1 0 0 0 1 0 0 0 1 0 0 0 1 0 0 0 1 0 0 0 1 0 0 0 1 0 0 0 1 0 0 0 1 0 0 0 1 0 0 0 1 0 0 0 1 0 0 0 1 0 0 0 1 0 0 0 1 0 0 0 1 0 0 0 1 0 0 0 1 0 0 0 1 0 0 0 1 0 0 0 1 0 0 0 1 0 0 0 1 0 0 0 1 0 0 0 1 0 0 0 1 0 0 0 1 0 0 0 1 0 0 0 1 0 0 0 1 0 0 0 1 0 0 0 1 0 0 0 1 0 0 0 1 0 0 0 1 0 0 0 1 0 0 0 1 0 0 0 1 0 0 0 1 0 0 0 1 0 0 0 1 0 0 0 1 0 0 0 1 0 0 0 1 0 0 0 1 0 0 0 1 0 0 0 1 0 0 0 1 0 0 0 1 0 0 0 1 0 0 0 1 0 0 0 1 0 0 0 1 0 0 0 1 0 0 0 1 0 0 0 1 0 0 0 1 0 0 0 1 0 0 0 1 0 0 0 1 0 0 0 1 0 0 0 1 0 0 0 1 0 0 0 1 0 0 0 1 0 0 0 1 0 0 0 1 0 0 0 1 0 0 0 1 0 0 0 1 0 0 0 1 0 0 0 1 0 0 0 1 0 0 0 1 0 0 0 1 0 0 0 1 0 0 0 1 0 0 0 1 0 0 0 1 0 0 0 1 0 0 0 1 0 0 0 1 0 0 0 1 0 0 0 1 0 0 0 1 0 0 0 1 0 0 0 1 0 0 0 1 0 0 0 1 0 0 0 1 0 0 0 1 0 0 0 1 0 0 0 1 0 0 0 1 0 0 0 1 0 0 0 1 0 0 0 1 0 0 0 1 0 0 0 1 0 0 0 1 0 0 0 1 0 0 0 1 0 0 0 1 0 0 0 1 0 0 0 1 0 0 0 1 0 0 0 1 0 0 0 1 0 0 0 1 0 0 0 1 0 0 0 1 0 0 0 1 0 0 0 1 0 0 0 1 0 0 0 1 0 0 0 1 0 0 0 1 0 0 0 1 0 0 0 1 0 0 0 1 0 0 0 1 0 0 0 1 0 0 0 1 0 0 0 1 0 0 0 1 0 0 0 1 0 0 0 1 0 0 0 1 0 0 0 1 0 0 0 1 0 0 0 1 0 0 0 1 0 0 0 1 0 0 0 1 0 0 0 1 0 0 0 1 0 0 0 1 0 0 0 1 0 0 0 1 0 0 0 1 0 0 0 1 0 0 0 1 0 0 0 1 0 0 0 1 0 0 0 1 0 0 0 1 0 0 0 1 0 0 0 1 0 0 0 1 0 0 0 1 0 0 0 1 0 0 0 1 0 0 0 1 0 0 0 1 0 0 0 1 0 0 0 1 0 0 0 1 0 0 0 1 0 0 0 1 0 0 0 1 0 0 0 1 0 0 0 1 0 0 0 1 0 0 0 1 0 0 0 1 0 0 0 1 0 0 0 1 0 0 0 1 0 0 0 1 0 0 0 1 0 0 0 1 0 0 0 1 0 0 0 1 0 0 0 1 0 0 0 1 0 0 0 1 0 0 0 1 0 0 0 1 0 0 0 1 0 0 0 1 0 0 0 1 0 0 0 1 0 0 0 1 0 0 0 1 0 0 0 1 0 0 0 1 0 0 0 1 0 0 0 1 0 0 0 1 0 0 0 1 0 0 0 1 0 0 0 1 0 0 0 1 0 0 0 1 0 0 0 1 0 0 0 1 0 0 0 1 0 0 0 1 0 0 0 1 0 0 0 1 0 0 0 1 0 0 0 1 0 0 0 1 0 0 0 1 0 0 0 1 0 0 0 1 0 0 0 1 0 0 0 1 0 0 0 1 0 0 0 1 0 0 0 1 0 0 0 1 0 0 0 1 0 0 0 1 0 0 0 1 0 0 0 1 0 0 0 1 0 0 0 1 0 0 0 1 0 0 0 1 0 0 0 1 0 0 0 1 0 0 0 1 0 0 0 1 0 0 0 1 0 0 0 1 0 0 0 1 0 0 0 1 0 0 0 1 0 0 0 1 0 0 0 1 0 0 0 1 0 0 0 1 0 0 0 1 0 0 0 1 0 0 0 1 0 0 0 1 0 0 0 1 0 0 0 1 0 0 0 1 0 0 0 1 0 0 0 1 0 0 0 1 0 0 0 1 0 0 0 1 0 0 0 1 0 0 0 1 0 0 0 1 0 0 0 1 0 0 0 1 0 0 0 1 0 0 0 1 0 0 0 1 0 0 0 1 0 0 0 1 0 0 0 1 0 0 0 1 0 0 0 1 0 0 0 1 0 0 0 1 0 0 0 1 0 0 0 1 0 0 0 1 0 0 0 1 0 0 0 1 0 0 0 1 0 0 0 1 0 0 0 1 0 0 0 1 0 0 0 1 0 0 0 1 0 0 0 1 0 0 0 1 0 0 0 1 0 0 0 1 0 0 0 1 0 0 0 1 0 0 0 1 0 0 0 1 0 0 0 1 0 0 0 1 0 0 0 1 0 0 0 1 0 0 0 1 0 0 0 1 0 0 0 1 0 0 0 1 0 0 0 1 0 0 0 1 0 0 0 1 0 0 0 1 0 0 0 1 0 0 0 1 0 0 0 1 0 0 0 1 0 0 0 1 0 0 0 1 0 0 0 1 0 0 0 1 0 0 0 1 0 0 0 1 0 0 0 1 0 0 0 1 0 0 0 1 0 0 0 1 0 0 0 1 0 0 0 1 0 0 0 1 0 0 0 1 0 0 0 1 0 0 0 1 0 0 0 1 0 0 0 1 0 0 0 1 0 0 0 1 0 0 0 1 0 0 0 1 0 0 0 1 0 0 0 1 0 0 0 1 0 0 0 1 0 0 0 1 0 0 0 1 0 0 0 1 0 0 0 1 0 0 0 1 0 0 0 1 0 0 0 1 0 0 0 1 0 0 0 1 0 0 0 1 0 0 0 1 0 0 0 1 0 0 0 1 0 0 0 1 0 0 0 1 0 0 0 1 0 0 0 1 0 0 0 1 0 0 0 1 0 0 0 1 0 0 0 1 0 0 0 1 0 0 0 1 0 0 0 1 0 0 0 1 0 0 0 1 0 0 0 1 0 0 0 1 0 0 0 1 0 0 0 1 0 0 0 1 0 0 0 1 0 0 0 1 0 0 0 1 0 0 0 1 0 0 0 1 0 0 0 1 0 0 0 1 0 0 0 1 0 0 0 1 0 0 0 1 0 0 0 1 0 0 0 1 0 0 0 1 0 0 0 1 0 0 0 1 0 0 0 1 0 0 0 1 0 0 0 1 0 0 0 1 0 0 0 1 0 0 0 1 0 0 0 1 0 0 0 1 0 0 0 1 0 0 0 1 0 0 0 1 0 0 0 1 0 0 0 1 0 0 0 1 0 0 0 1 0 0 0 1 0 0 0 1 0 0 0 1 0 0 0 1 0 0 0 1 0 0 0 1 0 0 0 1 0 0 0 1 0 0 0 1 0 0 0 1 0 0 0 1 0 0 0 1 0 0 0 1 0 0 0 1 0 0 0 1 0 0 0 1 0 0 0 1 0 0 0 1 0 0 0 1 0 0 0 1 0 0 0 1 0 0 0 1 0 0 0 1 0 0 0 1 0 0 0 1 0 0 0 1 0 0 0 1 0 0 0 1 0 0 0 1 0 0 0 1 0 0 0 1 0 0 0 1 0 0 0 1 0 0 0 1 0 0 0 1 0 0 0 1 0 0 0 1 0 0 0 1 0 0 0 1 0 0 0 1 0 0 0 1 0 0 0 1 0 0 0 1 0 0 0 1 0 0 0 1 0 0 0 1 0 0 0 1 0 0 0 1 0 0 0 1 0 0 0 1 0 0 0 1 0 0 0 1 0 0 0 1 0 0 0 1 0 0 0 1 0 0 0 1 0 0 0 1 0 0 0 1 0 0 0 1 0 0 0 1 0 0 0 1 0 0 0 1 0 0 0 1 0 0 0 1 0 0 0 1 0 0 0 1 0 0 0 1 0 0 0 1 0 0 0 1 0 0 0 1 0 0 0 1 0 0 0 1 0 0 0 1 0 0 0 1 0 0 0 1 0 0 0 1 0 0 0 1 0 0 0 1 0 0 0 1 0 0 0 1 0 0 0 1 0 0 0 1 0 0 0 1 0 0 0 1 0 0 0 1 0 0 0 1 0 0 0 1 0 0 0 1 0 0 0 1 0 0 0 1 0 0 0 1 0 0 0 1 0 0 0 1 0 0 0 1 0 0 0 1 0 0 0 1 0 0 0 1 0 0 0 1 0 0 0 1 0 0 0 1 0 0 0 1 0 0 0 1 0 0 0 1 0 0 0 1 0 0 0 1 0 0 0 1 0 0 0 1 0 0 0 1 0 0 0 1 0 0 0 1 0 0 0 1 0 0 0 1 0 0 0 1 0 0 0 1 0 0 0 1 0 0 0 1 0 0 0 1 0 0 0 1 0 0 0 1 0 0 0 1 0 0 0 1 0 0 0 1 0 0 0 1 0 0 0 1 0 0 0 1 0 0 0 1 0 0 0 1 0 0 0 1 0 0 0 1 0 0 0 1 0 0 0 1 0 0 0 1 0 0 0 1 0 0 0 1 0 0 0 1 0 0 0 1 0 0 0 1 0 0 0 1 0 0 0 1 0 0 0 1 0 0 0 1 0 0 0 1 0 0 0 1 0 0 0 1 0 0 0 1 0 0 0 1 0 0 0 1 0 0 0 1 0 0 0 1 0 0 0 1 0 0 0 1 0 0 0 1 0 0 0 1 0 0 0 1 0 0 0 1 0 0 0 1 0 0 0 1 0 0 0 1 0 0 0 1 0 0 0 1 0 0 0 1 0 0 0 1 0 0 0 1 0 0 0 1 0 0 0 1 0 0 0 1 0 0 0 1 0 0 0 1 0 0 0 1 0 0 0 1 0 0 0 1 0 0 0 1 0 0 0 1 0 0 0 1 0 0 0 1 0 0 0 1 0 0 0 1 0 0 0 1 0 0 0 1 0 0 0 1 0 0 0 1 0 0 0 1 0 0 0 1 0 0 0 1 0 0 0 1 0 0 0 1 0 0 0 1 0 0 0 1 0 0 0 1 0 0 0 1 0 0 0 1 0 0 0 1 0 0 0 1 0 0 0 1 0 0 0 1 0 0 0 1 0 0 0 1 0 0 0 1 0 0 0 1 0 0 0 1 0 0 0 1 0 0 0 1 0 0 0 1 0 0 0 1 0 0 0 1 0 0 0 1 0 0 0 1 0 0 0 1 0 0 0 1 0 0 0 1 0 0 0 1 0 0 0 1 0 0 0 1 0 0 0 1 0 0 0 1 0 0 0 1 0 0 0 1 0 0 0 1 0 0 0 1 0 0 0 1 0 0 0 1 0 0 0 1 0 0 0 1 0 0 0 1 0 0 0 1 0 0 0 1 0 0 0 1 0 0 0 1 0 0 0 1 0 0 0 1 0 0 0 1 0 0 0 1 0 0 0 1 0 0 0 1 0 0 0 1 0 0 0 1 0 0 0 1 0 0 0 1 0 0 0 1 0 0 0 1 0 0 0 1 0 0 0 1 0 0 0 1 0 0 0 1 0 0 0 1 0 0 0 1 0 0 0 1 0 0 0 1 0 0 0 1 0 0 0 1 0 0 0 1 0 0 0 1 0 0 0 1 0 0 0 1 0 0 0 1 0 0 0 1 0 0 0 1 0 0 0 1 0 0 0 1 0 0 0 1 0 0 0 1 0 0 0 1 0 0 0 1 0 0 0 1 0 0 0 1 0 0 0 1 0 0 0 1 0 0 0 1 0 0 0 1 0 0 0 1 0 0 0 1 0 0 0 1 0 0 0 1 0 0 0 1 0 0 0 1 0 0 0 1 0 0 0 1 0 0 0 1 0 0 0 1 0 0 0 1 0 0 0 1 0 0 0 1 0 0 0 1 0 0 0 1 0 0 0 1 0 0 0 1 0 0 0 1 0 0 0 1 0 0 0 1 0 0 0 1 0 0 0 1 0 0 0 1 0 0 0 1 0 0 0 1 0 0 0 1 0 0 0 1 0 0 0 1 0 0 0 1 0 0 0 1 0 0 0 1 0 0 0 1 0 0 0 1 0 0 0 1 0 0 0 1 0 0 0 1 0 0 0 1 0 0 0 1 0 0 0 1 0 0 0 1 0 0 0 1 0 0 0 1 0 0 0 1 0 0 0 1 0 0 0 1 0 0 0 1 0 0 0 1 0 0 0 1 0 0 0 1 0 0 0 1 0 0 0 1 0 0 0 1 0 0 0 1 0 0 0 1 0 0 0 1 0 0 0 1 0 0 0 1 0 0 0 1 0 0 0 1 0 0 0 1 0 0 0 1 0 0 0 1 0 0 0 1 0 0 0 1 0 0 0 1 0 0 0 1 0 0 0 1 0 0 0 1 0 0 0 1 0 0 0 1 0 0 0 1 0 0 0 1 0 0 0 1 0 0 0 1 0 0 0 1 0 0 0 1 0 0 0 1 0 0 0 1 0 0 0 1 0 0 0 1 0 0 0 1 0 0 0 1 0 0 0 1 0 0 0 1 0 0 0 1 0 0 0 1 0 0 0 1 0 0 0 1 0 0 0 1 0 0 0 1 0 0 0 1 0 0 0 1 0 0 0 1 0 0 0 1 0 0 0 1 0 0 0 1 0 0 0 1 0 0 0 1 0 0 0 1 0 0 0 1 0 0 0 1 0 0 0 1 0 0 0 1 0 0 0 1 0 0 0 1 0 0 0 1 0 0 0 1 0 0 0 1 0 0 0 1 0 0 0 1 0 0 0 1 0 0 0 1 0 0 0 1 0 0 0 1 0 0 0 1 0 0 0 1 0 0 0 1 0 0 0 1 0 0 0 1 0 0 0 1 0 0 0 1 0 0 0 1 0 0 0 1 0 0 0 1 0 0 0 1 0 0 0 1 0 0 0 1 0 0 0 1 0 0 0 1 0 0 0 1 0 0 0 1 0 0 0 1 0 0 0 1 0 0 0 1 0 0 0 1 0 0 0 1 0 0 0 1 0 0 0 1</float_array>
          <technique_common>
            <accessor source="#unnamed_005-mesh-colors-Col-array" count="3036" stride="4">
              <param name="R" type="float"/>
              <param name="G" type="float"/>
              <param name="B" type="float"/>
              <param name="A" type="float"/>
            </accessor>
          </technique_common>
        </source>
        <vertices id="unnamed_005-mesh-vertices">
          <input semantic="POSITION" source="#unnamed_005-mesh-positions"/>
        </vertices>
        <triangles material="unnamed_002-material" count="1012">
          <input semantic="VERTEX" source="#unnamed_005-mesh-vertices" offset="0"/>
          <input semantic="NORMAL" source="#unnamed_005-mesh-normals" offset="1"/>
          <input semantic="TEXCOORD" source="#unnamed_005-mesh-map-0" offset="2" set="0"/>
          <input semantic="COLOR" source="#unnamed_005-mesh-colors-Col" offset="3" set="0"/>
          <p>0 0 0 0 1 1 1 1 2 2 2 2 2 2 3 3 1 1 4 4 10 3 5 5 2 2 6 6 10 3 7 7 3 4 8 8 3 4 9 9 10 3 10 10 4 5 11 11 3 4 12 12 4 5 13 13 12 6 14 14 3 4 15 15 12 6 16 16 5 7 17 17 3 4 18 18 5 7 19 19 2 2 20 20 2 2 21 21 5 7 22 22 13 8 23 23 2 2 24 24 13 8 25 25 0 0 26 26 0 0 27 27 13 8 28 28 19 9 29 29 0 0 30 30 19 9 31 31 1 1 32 32 1 1 33 33 19 9 34 34 6 10 35 35 1 1 36 36 6 10 37 37 9 11 38 38 9 11 39 39 6 10 40 40 490 12 41 41 9 11 42 42 490 12 43 43 7 13 44 44 7 13 45 45 8 14 46 46 9 11 47 47 9 11 48 48 8 14 49 49 495 15 50 50 9 11 51 51 495 15 52 52 1 1 53 53 1 1 54 54 495 15 55 55 494 16 56 56 1 1 57 57 494 16 58 58 10 3 59 59 10 3 60 60 494 16 61 61 4 5 62 62 4 5 63 63 494 16 64 64 11 17 65 65 4 5 66 66 11 17 67 67 12 6 68 68 12 6 69 69 11 17 70 70 499 18 71 71 12 6 72 72 499 18 73 73 5 7 74 74 5 7 75 75 499 18 76 76 13 8 77 77 13 8 78 78 499 18 79 79 14 19 80 80 13 8 81 81 14 19 82 82 15 20 83 83 15 20 84 84 14 19 85 85 16 21 86 86 15 20 87 87 16 21 88 88 17 22 89 89 17 22 90 90 107 23 91 91 15 20 92 92 15 20 93 93 107 23 94 94 18 24 95 95 15 20 96 96 18 24 97 97 13 8 98 98 13 8 99 99 18 24 100 100 19 9 101 101 19 9 102 102 18 24 103 103 20 25 104 104 19 9 105 105 20 25 106 106 21 26 107 107 21 26 108 108 20 25 109 109 22 27 110 110 21 26 111 111 22 27 112 112 24 28 113 113 21 26 114 114 24 28 115 115 19 9 116 116 19 9 117 117 24 28 118 118 6 10 119 119 6 10 120 120 24 28 121 121 23 29 122 122 6 10 123 123 23 29 124 124 490 12 125 125 490 12 126 126 23 29 127 127 489 30 128 128 488 31 129 129 489 30 130 130 23 29 131 131 488 31 132 132 23 29 133 133 25 32 134 134 25 32 135 135 23 29 136 136 24 28 137 137 25 32 138 138 24 28 139 139 22 27 140 140 25 32 141 141 22 27 142 142 26 33 143 143 26 33 144 144 22 27 145 145 27 34 146 146 26 33 147 147 27 34 148 148 103 35 149 149 26 33 150 150 103 35 151 151 32 36 152 152 32 36 153 153 103 35 154 154 28 37 155 155 32 36 156 156 28 37 157 157 29 38 158 158 29 38 159 159 28 37 160 160 112 39 161 161 29 38 162 162 112 39 163 163 30 40 164 164 29 38 165 165 30 40 166 166 32 36 167 167 32 36 168 168 30 40 169 169 31 41 170 170 32 36 171 171 31 41 172 172 33 42 173 173 32 36 174 174 33 42 175 175 26 33 176 176 26 33 177 177 33 42 178 178 25 32 179 179 25 32 180 180 33 42 181 181 111 43 182 182 25 32 183 183 111 43 184 184 488 31 185 185 488 31 186 186 111 43 187 187 493 44 188 188 493 44 189 189 111 43 190 190 110 45 191 191 34 46 192 192 35 47 193 193 36 48 194 194 36 48 195 195 35 47 196 196 184 49 197 197 36 48 198 198 184 49 199 199 37 50 200 200 37 50 201 201 184 49 202 202 183 51 203 203 37 50 204 204 183 51 205 205 38 52 206 206 38 52 207 207 183 51 208 208 504 53 209 209 38 52 210 210 504 53 211 211 39 54 212 212 38 52 213 213 39 54 214 214 500 55 215 215 40 56 216 216 42 57 217 217 276 58 218 218 40 56 219 219 276 58 220 220 43 59 221 221 43 59 222 222 276 58 223 223 41 60 224 224 43 59 225 225 41 60 226 226 45 61 227 227 45 61 228 228 41 60 229 229 274 62 230 230 45 61 231 231 274 62 232 232 46 63 233 233 46 63 234 234 274 62 235 235 277 64 236 236 46 63 237 237 277 64 238 238 47 65 239 239 47 65 240 240 277 64 241 241 42 57 242 242 47 65 243 243 42 57 244 244 40 56 245 245 47 65 246 246 40 56 247 247 49 66 248 248 49 66 249 249 40 56 250 250 44 67 251 251 44 67 252 252 40 56 253 253 43 59 254 254 44 67 255 255 43 59 256 256 45 61 257 257 44 67 258 258 45 61 259 259 50 68 260 260 50 68 261 261 45 61 262 262 52 69 263 263 52 69 264 264 45 61 265 265 46 63 266 266 52 69 267 267 46 63 268 268 48 70 269 269 48 70 270 270 46 63 271 271 47 65 272 272 48 70 273 273 47 65 274 274 49 66 275 275 48 70 276 276 49 66 277 277 64 71 278 278 64 71 279 279 49 66 280 280 44 67 281 281 64 71 282 282 44 67 283 283 65 72 284 284 65 72 285 285 44 67 286 286 50 68 287 287 65 72 288 288 50 68 289 289 51 73 290 290 51 73 291 291 50 68 292 292 52 69 293 293 51 73 294 294 52 69 295 295 53 74 296 296 53 74 297 297 52 69 298 298 233 75 299 299 233 75 300 300 52 69 301 301 48 70 302 302 233 75 303 303 48 70 304 304 64 71 305 305 233 75 306 306 64 71 307 307 54 76 308 308 233 75 309 309 54 76 310 310 232 77 311 311 232 77 312 312 54 76 313 313 55 78 314 314 232 77 315 315 55 78 316 316 56 79 317 317 56 79 318 318 55 78 319 319 57 80 320 320 56 79 321 321 57 80 322 322 58 81 323 323 58 81 324 324 57 80 325 325 61 82 326 326 58 81 327 327 61 82 328 328 59 83 329 329 59 83 330 330 61 82 331 331 230 84 332 332 60 85 333 333 230 84 334 334 61 82 335 335 60 85 336 336 61 82 337 337 215 86 338 338 215 86 339 339 61 82 340 340 62 87 341 341 62 87 342 342 61 82 343 343 63 88 344 344 63 88 345 345 61 82 346 346 57 80 347 347 63 88 348 348 57 80 349 349 55 78 350 350 63 88 351 351 55 78 352 352 218 89 353 353 218 89 354 354 55 78 355 355 54 76 356 356 218 89 357 357 54 76 358 358 219 90 359 359 219 90 360 360 54 76 361 361 64 71 362 362 219 90 363 363 64 71 364 364 65 72 365 365 170 91 366 366 66 92 367 367 210 93 368 368 170 91 369 369 210 93 370 370 67 94 371 371 67 94 372 372 210 93 373 373 68 95 374 374 67 94 375 375 68 95 376 376 69 96 377 377 69 96 378 378 68 95 379 379 70 97 380 380 69 96 381 381 70 97 382 382 171 98 383 383 171 98 384 384 70 97 385 385 209 99 386 386 171 98 387 387 209 99 388 388 71 100 389 389 171 98 390 390 71 100 391 391 72 101 392 392 72 101 393 393 71 100 394 394 206 102 395 395 72 101 396 396 206 102 397 397 175 103 398 398 175 103 399 399 206 102 400 400 204 104 401 401 175 103 402 402 204 104 403 403 177 105 404 404 177 105 405 405 204 104 406 406 122 106 407 407 177 105 408 408 122 106 409 409 179 107 410 410 179 107 411 411 122 106 412 412 73 108 413 413 179 107 414 414 73 108 415 415 180 109 416 416 180 109 417 417 73 108 418 418 125 110 419 419 180 109 420 420 125 110 421 421 74 111 422 422 74 111 423 423 125 110 424 424 126 112 425 425 74 111 426 426 126 112 427 427 79 113 428 428 79 113 429 429 126 112 430 430 75 114 431 431 79 113 432 432 75 114 433 433 76 115 434 434 76 115 435 435 77 116 436 436 79 113 437 437 79 113 438 438 77 116 439 439 78 117 440 440 79 113 441 441 78 117 442 442 128 118 443 443 79 113 444 444 128 118 445 445 74 111 446 446 74 111 447 447 128 118 448 448 80 119 449 449 74 111 450 450 80 119 451 451 181 120 452 452 181 120 453 453 80 119 454 454 81 121 455 455 181 120 456 456 81 121 457 457 82 122 458 458 82 122 459 459 81 121 460 460 124 123 461 461 82 122 462 462 124 123 463 463 178 124 464 464 178 124 465 465 124 123 466 466 123 125 467 467 178 124 468 468 123 125 469 469 83 126 470 470 178 124 471 471 83 126 472 472 176 127 473 473 176 127 474 474 83 126 475 475 174 128 476 476 174 128 477 477 83 126 478 478 121 129 479 479 174 128 480 480 121 129 481 481 84 130 482 482 84 130 483 483 121 129 484 484 186 131 485 485 84 130 486 486 186 131 487 487 187 132 488 488 84 130 489 489 187 132 490 490 85 133 491 491 85 133 492 492 187 132 493 493 87 134 494 494 85 133 495 495 87 134 496 496 86 135 497 497 86 135 498 498 87 134 499 499 88 136 500 500 88 136 501 501 87 134 502 502 190 137 503 503 88 136 504 504 190 137 505 505 90 138 506 506 88 136 507 507 90 138 508 508 89 139 509 509 89 139 510 510 90 138 511 511 91 140 512 512 91 140 513 513 90 138 514 514 192 141 515 515 91 140 516 516 192 141 517 517 94 142 518 518 94 142 519 519 192 141 520 520 193 143 521 521 94 142 522 522 193 143 523 523 482 144 524 524 94 142 525 525 482 144 526 526 92 145 527 527 92 145 528 528 482 144 529 529 480 146 530 530 92 145 531 531 480 146 532 532 258 147 533 533 258 147 534 534 257 148 535 535 92 145 536 536 92 145 537 537 257 148 538 538 93 149 539 539 92 145 540 540 93 149 541 541 94 142 542 542 94 142 543 543 93 149 544 544 252 150 545 545 94 142 546 546 252 150 547 547 91 140 548 548 91 140 549 549 252 150 550 550 250 151 551 551 91 140 552 552 250 151 553 553 89 139 554 554 89 139 555 555 250 151 556 556 95 152 557 557 89 139 558 558 95 152 559 559 96 153 560 560 89 139 561 561 96 153 562 562 88 136 563 563 88 136 564 564 96 153 565 565 249 154 566 566 88 136 567 567 249 154 568 568 86 135 569 569 86 135 570 570 249 154 571 571 97 155 572 572 86 135 573 573 97 155 574 574 85 133 575 575 85 133 576 576 97 155 577 577 248 156 578 578 85 133 579 579 248 156 580 580 98 157 581 581 85 133 582 582 98 157 583 583 84 130 584 584 84 130 585 585 98 157 586 586 99 158 587 587 99 158 588 588 98 157 589 589 248 156 590 590 99 158 591 591 248 156 592 592 246 159 593 593 99 158 594 594 246 159 595 595 100 160 596 596 100 160 597 597 246 159 598 598 101 161 599 599 100 160 600 600 101 161 601 601 102 162 602 602 102 162 603 603 101 161 604 604 28 37 605 605 102 162 606 606 28 37 607 607 103 35 608 608 102 162 609 609 103 35 610 610 104 163 611 611 104 163 612 612 103 35 613 613 27 34 614 614 104 163 615 615 27 34 616 616 105 164 617 617 105 164 618 618 27 34 619 619 22 27 620 620 105 164 621 621 22 27 622 622 106 165 623 623 106 165 624 624 22 27 625 625 20 25 626 626 106 165 627 627 20 25 628 628 109 166 629 629 109 166 630 630 20 25 631 631 18 24 632 632 109 166 633 633 18 24 634 634 107 23 635 635 107 23 636 636 108 167 637 637 109 166 638 638 109 166 639 639 108 167 640 640 110 45 641 641 109 166 642 642 110 45 643 643 106 165 644 644 106 165 645 645 110 45 646 646 111 43 647 647 106 165 648 648 111 43 649 649 105 164 650 650 105 164 651 651 111 43 652 652 33 42 653 653 105 164 654 654 33 42 655 655 31 41 656 656 105 164 657 657 31 41 658 658 104 163 659 659 104 163 660 660 31 41 661 661 30 40 662 662 104 163 663 663 30 40 664 664 102 162 665 665 102 162 666 666 30 40 667 667 100 160 668 668 100 160 669 669 30 40 670 670 112 39 671 671 100 160 672 672 112 39 673 673 99 158 674 674 99 158 675 675 112 39 676 676 243 168 677 677 99 158 678 678 243 168 679 679 84 130 680 680 84 130 681 681 243 168 682 682 113 169 683 683 113 169 684 684 243 168 685 685 114 170 686 686 113 169 687 687 114 170 688 688 115 171 689 689 115 171 690 690 114 170 691 691 242 172 692 692 115 171 693 693 242 172 694 694 241 173 695 695 115 171 696 696 241 173 697 697 116 174 698 698 115 171 699 699 116 174 700 700 208 175 701 701 208 175 702 702 116 174 703 703 240 176 704 704 208 175 705 705 240 176 706 706 118 177 707 707 118 177 708 708 240 176 709 709 117 178 710 710 118 177 711 711 117 178 712 712 182 179 713 713 118 177 714 714 182 179 715 715 119 180 716 716 119 180 717 717 182 179 718 718 120 181 719 719 119 180 720 720 120 181 721 721 207 182 722 722 207 182 723 723 120 181 724 724 185 183 725 725 207 182 726 726 185 183 727 727 205 184 728 728 205 184 729 729 185 183 730 730 186 131 731 731 205 184 732 732 186 131 733 733 204 104 734 734 204 104 735 735 186 131 736 736 121 129 737 737 204 104 738 738 121 129 739 739 122 106 740 740 122 106 741 741 121 129 742 742 83 126 743 743 122 106 744 744 83 126 745 745 73 108 746 746 73 108 747 747 83 126 748 748 123 125 749 749 73 108 750 750 123 125 751 751 124 123 752 752 73 108 753 753 124 123 754 754 125 110 755 755 125 110 756 756 124 123 757 757 126 112 758 758 126 112 759 759 124 123 760 760 81 121 761 761 126 112 762 762 81 121 763 763 75 114 764 764 75 114 765 765 81 121 766 766 80 119 767 767 75 114 768 768 80 119 769 769 134 185 770 770 134 185 771 771 80 119 772 772 127 186 773 773 127 186 774 774 80 119 775 775 132 187 776 776 132 187 777 777 80 119 778 778 128 118 779 779 132 187 780 780 128 118 781 781 129 188 782 782 129 188 783 783 128 118 784 784 78 117 785 785 129 188 786 786 78 117 787 787 130 189 788 788 130 189 789 789 131 190 790 790 129 188 791 791 129 188 792 792 131 190 793 793 138 191 794 794 129 188 795 795 138 191 796 796 132 187 797 797 132 187 798 798 138 191 799 799 133 192 800 800 132 187 801 801 133 192 802 802 127 186 803 803 127 186 804 804 133 192 805 805 134 185 806 806 134 185 807 807 133 192 808 808 135 193 809 809 134 185 810 810 135 193 811 811 136 194 812 812 134 185 813 813 136 194 814 814 75 114 815 815 75 114 816 816 136 194 817 817 76 115 818 818 445 195 819 819 76 115 820 820 136 194 821 821 445 195 822 822 136 194 823 823 145 196 824 824 145 196 825 825 136 194 826 826 135 193 827 827 145 196 828 828 135 193 829 829 144 197 830 830 144 197 831 831 135 193 832 832 237 198 833 833 237 198 834 834 135 193 835 835 133 192 836 836 237 198 837 837 133 192 838 838 238 199 839 839 238 199 840 840 133 192 841 841 137 200 842 842 137 200 843 843 133 192 844 844 138 191 845 845 137 200 846 846 138 191 847 847 139 201 848 848 139 201 849 849 138 191 850 850 131 190 851 851 139 201 852 852 131 190 853 853 404 202 854 854 404 202 855 855 140 203 856 856 139 201 857 857 139 201 858 858 140 203 859 859 402 204 860 860 139 201 861 861 402 204 862 862 137 200 863 863 137 200 864 864 402 204 865 865 409 205 866 866 137 200 867 867 409 205 868 868 141 206 869 869 141 206 870 870 409 205 871 871 239 207 872 872 239 207 873 873 409 205 874 874 410 208 875 875 239 207 876 876 410 208 877 877 142 209 878 878 142 209 879 879 410 208 880 880 143 210 881 881 142 209 882 882 143 210 883 883 235 211 884 884 235 211 885 885 143 210 886 886 237 198 887 887 237 198 888 888 143 210 889 889 407 212 890 890 237 198 891 891 407 212 892 892 144 197 893 893 144 197 894 894 407 212 895 895 406 213 896 896 144 197 897 897 406 213 898 898 405 214 899 899 144 197 900 900 405 214 901 901 145 196 902 902 146 215 903 903 436 216 904 904 147 217 905 905 146 215 906 906 147 217 907 907 324 218 908 908 324 218 909 909 147 217 910 910 323 219 911 911 323 219 912 912 147 217 913 913 155 220 914 914 323 219 915 915 155 220 916 916 322 221 917 917 322 221 918 918 155 220 919 919 153 222 920 920 322 221 921 921 153 222 922 922 152 223 923 923 322 221 924 924 152 223 925 925 148 224 926 926 148 224 927 927 152 223 928 928 149 225 929 929 148 224 930 930 149 225 931 931 439 226 932 932 439 226 933 933 149 225 934 934 150 227 935 935 151 228 936 936 150 227 937 937 149 225 938 938 151 228 939 939 149 225 940 940 157 229 941 941 157 229 942 942 149 225 943 943 152 223 944 944 157 229 945 945 152 223 946 946 154 230 947 947 154 230 948 948 152 223 949 949 153 222 950 950 154 230 951 951 153 222 952 952 155 220 953 953 154 230 954 954 155 220 955 955 160 231 956 956 160 231 957 957 155 220 958 958 147 217 959 959 160 231 960 960 147 217 961 961 436 216 962 962 160 231 963 963 436 216 964 964 156 232 965 965 156 232 966 966 436 216 967 967 435 233 968 968 156 232 969 969 435 233 970 970 151 228 971 971 156 232 972 972 151 228 973 973 157 229 974 974 156 232 975 975 157 229 976 976 162 234 977 977 162 234 978 978 157 229 979 979 154 230 980 980 162 234 981 981 154 230 982 982 158 235 983 983 158 235 984 984 154 230 985 985 159 236 986 986 159 236 987 987 154 230 988 988 160 231 989 989 159 236 990 990 160 231 991 991 165 237 992 992 165 237 993 993 160 231 994 994 156 232 995 995 165 237 996 996 156 232 997 997 162 234 998 998 165 237 999 999 162 234 1000 1000 161 238 1001 1001 161 238 1002 1002 162 234 1003 1003 166 239 1004 1004 166 239 1005 1005 162 234 1006 1006 158 235 1007 1007 166 239 1008 1008 158 235 1009 1009 163 240 1010 1010 163 240 1011 1011 158 235 1012 1012 159 236 1013 1013 163 240 1014 1014 159 236 1015 1015 164 241 1016 1016 164 241 1017 1017 159 236 1018 1018 165 237 1019 1019 164 241 1020 1020 165 237 1021 1021 161 238 1022 1022 164 241 1023 1023 161 238 1024 1024 167 242 1025 1025 167 242 1026 1026 161 238 1027 1027 166 239 1028 1028 167 242 1029 1029 166 239 1030 1030 169 243 1031 1031 169 243 1032 1032 166 239 1033 1033 163 240 1034 1034 169 243 1035 1035 163 240 1036 1036 170 91 1037 1037 170 91 1038 1038 163 240 1039 1039 164 241 1040 1040 170 91 1041 1041 164 241 1042 1042 66 92 1043 1043 66 92 1044 1044 164 241 1045 1045 167 242 1046 1046 66 92 1047 1047 167 242 1048 1048 210 93 1049 1049 210 93 1050 1050 167 242 1051 1051 168 244 1052 1052 168 244 1053 1053 167 242 1054 1054 169 243 1055 1055 168 244 1056 1056 169 243 1057 1057 212 245 1058 1058 212 245 1059 1059 169 243 1060 1060 170 91 1061 1061 212 245 1062 1062 170 91 1063 1063 67 94 1064 1064 212 245 1065 1065 67 94 1066 1066 69 96 1067 1067 212 245 1068 1068 69 96 1069 1069 211 246 1070 1070 211 246 1071 1071 69 96 1072 1072 171 98 1073 1073 211 246 1074 1074 171 98 1075 1075 72 101 1076 1076 211 246 1077 1077 72 101 1078 1078 172 247 1079 1079 172 247 1080 1080 72 101 1081 1081 173 248 1082 1082 172 247 1083 1083 173 248 1084 1084 84 130 1085 1085 84 130 1086 1086 173 248 1087 1087 174 128 1088 1088 174 128 1089 1089 173 248 1090 1090 72 101 1091 1091 174 128 1092 1092 72 101 1093 1093 175 103 1094 1094 174 128 1095 1095 175 103 1096 1096 176 127 1097 1097 176 127 1098 1098 175 103 1099 1099 177 105 1100 1100 176 127 1101 1101 177 105 1102 1102 178 124 1103 1103 178 124 1104 1104 177 105 1105 1105 179 107 1106 1106 178 124 1107 1107 179 107 1108 1108 82 122 1109 1109 82 122 1110 1110 179 107 1111 1111 180 109 1112 1112 82 122 1113 1113 180 109 1114 1114 181 120 1115 1115 181 120 1116 1116 180 109 1117 1117 74 111 1118 1118 182 179 1119 1119 503 249 1120 1120 120 181 1121 1121 120 181 1122 1122 503 249 1123 1123 504 53 1124 1124 120 181 1125 1125 504 53 1126 1126 183 51 1127 1127 120 181 1128 1128 183 51 1129 1129 184 49 1130 1130 120 181 1131 1131 184 49 1132 1132 185 183 1133 1133 185 183 1134 1134 184 49 1135 1135 35 47 1136 1136 185 183 1137 1137 35 47 1138 1138 186 131 1139 1139 186 131 1140 1140 35 47 1141 1141 34 46 1142 1142 186 131 1143 1143 34 46 1144 1144 187 132 1145 1145 187 132 1146 1146 34 46 1147 1147 188 250 1148 1148 187 132 1149 1149 188 250 1150 1150 87 134 1151 1151 87 134 1152 1152 188 250 1153 1153 189 251 1154 1154 87 134 1155 1155 189 251 1156 1156 190 137 1157 1157 190 137 1158 1158 189 251 1159 1159 90 138 1160 1160 90 138 1161 1161 189 251 1162 1162 191 252 1163 1163 90 138 1164 1164 191 252 1165 1165 192 141 1166 1166 192 141 1167 1167 191 252 1168 1168 251 253 1169 1169 192 141 1170 1170 251 253 1171 1171 193 143 1172 1172 193 143 1173 1173 251 253 1174 1174 194 254 1175 1175 193 143 1176 1176 194 254 1177 1177 306 255 1178 1178 306 255 1179 1179 194 254 1180 1180 254 256 1181 1181 306 255 1182 1182 254 256 1183 1183 471 257 1184 1184 471 257 1185 1185 254 256 1186 1186 268 258 1187 1187 268 258 1188 1188 254 256 1189 1189 195 259 1190 1190 268 258 1191 1191 195 259 1192 1192 266 260 1193 1193 266 260 1194 1194 195 259 1195 1195 202 261 1196 1196 202 261 1197 1197 195 259 1198 1198 256 262 1199 1199 202 261 1200 1200 256 262 1201 1201 203 263 1202 1202 203 263 1203 1203 256 262 1204 1204 263 264 1205 1205 203 263 1206 1206 263 264 1207 1207 201 265 1208 1208 201 265 1209 1209 263 264 1210 1210 196 266 1211 1211 201 265 1212 1212 196 266 1213 1213 199 267 1214 1214 199 267 1215 1215 196 266 1216 1216 197 268 1217 1217 199 267 1218 1218 197 268 1219 1219 198 269 1220 1220 199 267 1221 1221 198 269 1222 1222 200 270 1223 1223 199 267 1224 1224 200 270 1225 1225 201 265 1226 1226 201 265 1227 1227 200 270 1228 1228 202 261 1229 1229 201 265 1230 1230 202 261 1231 1231 203 263 1232 1232 205 184 1233 1233 204 104 1234 1234 206 102 1235 1235 205 184 1236 1236 206 102 1237 1237 207 182 1238 1238 207 182 1239 1239 206 102 1240 1240 71 100 1241 1241 207 182 1242 1242 71 100 1243 1243 119 180 1244 1244 119 180 1245 1245 71 100 1246 1246 118 177 1247 1247 118 177 1248 1248 71 100 1249 1249 209 99 1250 1250 118 177 1251 1251 209 99 1252 1252 208 175 1253 1253 208 175 1254 1254 209 99 1255 1255 115 171 1256 1256 115 171 1257 1257 209 99 1258 1258 70 97 1259 1259 115 171 1260 1260 70 97 1261 1261 113 169 1262 1262 113 169 1263 1263 70 97 1264 1264 68 95 1265 1265 113 169 1266 1266 68 95 1267 1267 84 130 1268 1268 84 130 1269 1269 68 95 1270 1270 172 247 1271 1271 172 247 1272 1272 68 95 1273 1273 210 93 1274 1274 172 247 1275 1275 210 93 1276 1276 168 244 1277 1277 172 247 1278 1278 168 244 1279 1279 211 246 1280 1280 211 246 1281 1281 168 244 1282 1282 212 245 1283 1283 220 271 1284 1284 221 272 1285 1285 217 273 1286 1286 217 273 1287 1287 221 272 1288 1288 223 274 1289 1289 217 273 1290 1290 223 274 1291 1291 213 275 1292 1292 213 275 1293 1293 223 274 1294 1294 226 276 1295 1295 213 275 1296 1296 226 276 1297 1297 216 277 1298 1298 216 277 1299 1299 226 276 1300 1300 227 278 1301 1301 216 277 1302 1302 227 278 1303 1303 214 279 1304 1304 214 279 1305 1305 215 86 1306 1306 216 277 1307 1307 216 277 1308 1308 215 86 1309 1309 62 87 1310 1310 216 277 1311 1311 62 87 1312 1312 213 275 1313 1313 213 275 1314 1314 62 87 1315 1315 63 88 1316 1316 213 275 1317 1317 63 88 1318 1318 217 273 1319 1319 217 273 1320 1320 63 88 1321 1321 218 89 1322 1322 217 273 1323 1323 218 89 1324 1324 219 90 1325 1325 217 273 1326 1326 219 90 1327 1327 220 271 1328 1328 220 271 1329 1329 219 90 1330 1330 65 72 1331 1331 220 271 1332 1332 65 72 1333 1333 51 73 1334 1334 220 271 1335 1335 51 73 1336 1336 221 272 1337 1337 221 272 1338 1338 51 73 1339 1339 53 74 1340 1340 221 272 1341 1341 53 74 1342 1342 222 280 1343 1343 221 272 1344 1344 222 280 1345 1345 223 274 1346 1346 223 274 1347 1347 222 280 1348 1348 224 281 1349 1349 223 274 1350 1350 224 281 1351 1351 225 282 1352 1352 223 274 1353 1353 225 282 1354 1354 226 276 1355 1355 226 276 1356 1356 225 282 1357 1357 231 283 1358 1358 226 276 1359 1359 231 283 1360 1360 227 278 1361 1361 227 278 1362 1362 231 283 1363 1363 228 284 1364 1364 227 278 1365 1365 228 284 1366 1366 229 285 1367 1367 227 278 1368 1368 229 285 1369 1369 214 279 1370 1370 214 279 1371 1371 229 285 1372 1372 215 86 1373 1373 60 85 1374 1374 215 86 1375 1375 229 285 1376 1376 60 85 1377 1377 229 285 1378 1378 230 84 1379 1379 230 84 1380 1380 229 285 1381 1381 228 284 1382 1382 230 84 1383 1383 228 284 1384 1384 231 283 1385 1385 230 84 1386 1386 231 283 1387 1387 59 83 1388 1388 59 83 1389 1389 231 283 1390 1390 225 282 1391 1391 59 83 1392 1392 225 282 1393 1393 58 81 1394 1394 58 81 1395 1395 225 282 1396 1396 224 281 1397 1397 58 81 1398 1398 224 281 1399 1399 56 79 1400 1400 56 79 1401 1401 224 281 1402 1402 232 77 1403 1403 232 77 1404 1404 224 281 1405 1405 222 280 1406 1406 232 77 1407 1407 222 280 1408 1408 53 74 1409 1409 232 77 1410 1410 53 74 1411 1411 233 75 1412 1412 234 286 1413 1413 142 209 1414 1414 235 211 1415 1415 234 286 1416 1416 235 211 1417 1417 236 287 1418 1418 236 287 1419 1419 235 211 1420 1420 237 198 1421 1421 236 287 1422 1422 237 198 1423 1423 238 199 1424 1424 238 199 1425 1425 137 200 1426 1426 236 287 1427 1427 236 287 1428 1428 137 200 1429 1429 141 206 1430 1430 236 287 1431 1431 141 206 1432 1432 234 286 1433 1433 234 286 1434 1434 141 206 1435 1435 239 207 1436 1436 234 286 1437 1437 239 207 1438 1438 142 209 1439 1439 501 288 1440 1440 240 176 1441 1441 116 174 1442 1442 501 288 1443 1443 116 174 1444 1444 500 55 1445 1445 500 55 1446 1446 116 174 1447 1447 241 173 1448 1448 500 55 1449 1449 241 173 1450 1450 38 52 1451 1451 38 52 1452 1452 241 173 1453 1453 242 172 1454 1454 38 52 1455 1455 242 172 1456 1456 37 50 1457 1457 37 50 1458 1458 242 172 1459 1459 247 289 1460 1460 247 289 1461 1461 242 172 1462 1462 114 170 1463 1463 247 289 1464 1464 114 170 1465 1465 245 290 1466 1466 245 290 1467 1467 114 170 1468 1468 243 168 1469 1469 245 290 1470 1470 243 168 1471 1471 244 291 1472 1472 244 291 1473 1473 243 168 1474 1474 112 39 1475 1475 244 291 1476 1476 112 39 1477 1477 28 37 1478 1478 244 291 1479 1479 28 37 1480 1480 101 161 1481 1481 244 291 1482 1482 101 161 1483 1483 245 290 1484 1484 245 290 1485 1485 101 161 1486 1486 246 159 1487 1487 245 290 1488 1488 246 159 1489 1489 247 289 1490 1490 247 289 1491 1491 246 159 1492 1492 248 156 1493 1493 247 289 1494 1494 248 156 1495 1495 37 50 1496 1496 37 50 1497 1497 248 156 1498 1498 36 48 1499 1499 36 48 1500 1500 248 156 1501 1501 97 155 1502 1502 36 48 1503 1503 97 155 1504 1504 34 46 1505 1505 34 46 1506 1506 97 155 1507 1507 249 154 1508 1508 34 46 1509 1509 249 154 1510 1510 188 250 1511 1511 188 250 1512 1512 249 154 1513 1513 96 153 1514 1514 188 250 1515 1515 96 153 1516 1516 189 251 1517 1517 189 251 1518 1518 96 153 1519 1519 95 152 1520 1520 189 251 1521 1521 95 152 1522 1522 191 252 1523 1523 191 252 1524 1524 95 152 1525 1525 251 253 1526 1526 251 253 1527 1527 95 152 1528 1528 250 151 1529 1529 251 253 1530 1530 250 151 1531 1531 252 150 1532 1532 251 253 1533 1533 252 150 1534 1534 194 254 1535 1535 194 254 1536 1536 252 150 1537 1537 253 292 1538 1538 194 254 1539 1539 253 292 1540 1540 254 256 1541 1541 254 256 1542 1542 253 292 1543 1543 195 259 1544 1544 256 262 1545 1545 195 259 1546 1546 253 292 1547 1547 256 262 1548 1548 253 292 1549 1549 255 293 1550 1550 255 293 1551 1551 253 292 1552 1552 252 150 1553 1553 255 293 1554 1554 252 150 1555 1555 93 149 1556 1556 255 293 1557 1557 93 149 1558 1558 256 262 1559 1559 256 262 1560 1560 93 149 1561 1561 257 148 1562 1562 256 262 1563 1563 257 148 1564 1564 263 264 1565 1565 263 264 1566 1566 257 148 1567 1567 261 294 1568 1568 261 294 1569 1569 257 148 1570 1570 258 147 1571 1571 261 294 1572 1572 258 147 1573 1573 259 295 1574 1574 259 295 1575 1575 260 296 1576 1576 261 294 1577 1577 261 294 1578 1578 260 296 1579 1579 262 297 1580 1580 261 294 1581 1581 262 297 1582 1582 263 264 1583 1583 263 264 1584 1584 262 297 1585 1585 476 298 1586 1586 263 264 1587 1587 476 298 1588 1588 196 266 1589 1589 196 266 1590 1590 476 298 1591 1591 197 268 1592 1592 197 268 1593 1593 476 298 1594 1594 475 299 1595 1595 197 268 1596 1596 475 299 1597 1597 198 269 1598 1598 198 269 1599 1599 475 299 1600 1600 264 300 1601 1601 198 269 1602 1602 264 300 1603 1603 200 270 1604 1604 200 270 1605 1605 264 300 1606 1606 202 261 1607 1607 202 261 1608 1608 264 300 1609 1609 473 301 1610 1610 202 261 1611 1611 473 301 1612 1612 266 260 1613 1613 266 260 1614 1614 473 301 1615 1615 265 302 1616 1616 266 260 1617 1617 265 302 1618 1618 267 303 1619 1619 266 260 1620 1620 267 303 1621 1621 268 258 1622 1622 505 304 1623 1623 416 305 1624 1624 269 306 1625 1625 505 304 1626 1626 269 306 1627 1627 270 307 1628 1628 270 307 1629 1629 269 306 1630 1630 418 308 1631 1631 270 307 1632 1632 418 308 1633 1633 284 309 1634 1634 284 309 1635 1635 418 308 1636 1636 271 310 1637 1637 284 309 1638 1638 271 310 1639 1639 282 311 1640 1640 282 311 1641 1641 271 310 1642 1642 272 312 1643 1643 282 311 1644 1644 272 312 1645 1645 401 313 1646 1646 302 314 1647 1647 401 313 1648 1648 300 315 1649 1649 300 315 1650 1650 401 313 1651 1651 272 312 1652 1652 300 315 1653 1653 272 312 1654 1654 298 316 1655 1655 298 316 1656 1656 272 312 1657 1657 399 317 1658 1658 298 316 1659 1659 399 317 1660 1660 273 318 1661 1661 301 319 1662 1662 299 320 1663 1663 277 64 1664 1664 301 319 1665 1665 277 64 1666 1666 303 321 1667 1667 303 321 1668 1668 277 64 1669 1669 274 62 1670 1670 303 321 1671 1671 274 62 1672 1672 275 322 1673 1673 275 322 1674 1674 274 62 1675 1675 41 60 1676 1676 275 322 1677 1677 41 60 1678 1678 297 323 1679 1679 297 323 1680 1680 41 60 1681 1681 276 58 1682 1682 297 323 1683 1683 276 58 1684 1684 42 57 1685 1685 297 323 1686 1686 42 57 1687 1687 299 320 1688 1688 299 320 1689 1689 42 57 1690 1690 277 64 1691 1691 390 324 1692 1692 381 325 1693 1693 278 326 1694 1694 278 326 1695 1695 381 325 1696 1696 411 327 1697 1697 278 326 1698 1698 411 327 1699 1699 295 328 1700 1700 278 326 1701 1701 295 328 1702 1702 279 329 1703 1703 279 329 1704 1704 295 328 1705 1705 289 330 1706 1706 279 329 1707 1707 289 330 1708 1708 394 331 1709 1709 394 331 1710 1710 289 330 1711 1711 288 332 1712 1712 394 331 1713 1713 288 332 1714 1714 395 333 1715 1715 395 333 1716 1716 288 332 1717 1717 280 334 1718 1718 280 334 1719 1719 288 332 1720 1720 283 335 1721 1721 280 334 1722 1722 283 335 1723 1723 281 336 1724 1724 281 336 1725 1725 283 335 1726 1726 282 311 1727 1727 282 311 1728 1728 283 335 1729 1729 284 309 1730 1730 284 309 1731 1731 283 335 1732 1732 285 337 1733 1733 284 309 1734 1734 285 337 1735 1735 270 307 1736 1736 270 307 1737 1737 285 337 1738 1738 286 338 1739 1739 270 307 1740 1740 286 338 1741 1741 505 304 1742 1742 287 339 1743 1743 286 338 1744 1744 285 337 1745 1745 287 339 1746 1746 285 337 1747 1747 290 340 1748 1748 290 340 1749 1749 285 337 1750 1750 283 335 1751 1751 290 340 1752 1752 283 335 1753 1753 288 332 1754 1754 288 332 1755 1755 289 330 1756 1756 290 340 1757 1757 290 340 1758 1758 289 330 1759 1759 293 341 1760 1760 290 340 1761 1761 293 341 1762 1762 287 339 1763 1763 287 339 1764 1764 293 341 1765 1765 291 342 1766 1766 292 343 1767 1767 291 342 1768 1768 413 344 1769 1769 413 344 1770 1770 291 342 1771 1771 293 341 1772 1772 413 344 1773 1773 293 341 1774 1774 294 345 1775 1775 294 345 1776 1776 293 341 1777 1777 289 330 1778 1778 294 345 1779 1779 289 330 1780 1780 295 328 1781 1781 296 346 1782 1782 302 314 1783 1783 275 322 1784 1784 296 346 1785 1785 275 322 1786 1786 273 318 1787 1787 273 318 1788 1788 275 322 1789 1789 297 323 1790 1790 273 318 1791 1791 297 323 1792 1792 299 320 1793 1793 273 318 1794 1794 299 320 1795 1795 298 316 1796 1796 298 316 1797 1797 299 320 1798 1798 300 315 1799 1799 300 315 1800 1800 299 320 1801 1801 301 319 1802 1802 300 315 1803 1803 301 319 1804 1804 302 314 1805 1805 302 314 1806 1806 301 319 1807 1807 303 321 1808 1808 302 314 1809 1809 303 321 1810 1810 275 322 1811 1811 399 317 1812 1812 272 312 1813 1813 271 310 1814 1814 399 317 1815 1815 271 310 1816 1816 304 347 1817 1817 304 347 1818 1818 271 310 1819 1819 305 348 1820 1820 304 347 1821 1821 305 348 1822 1822 398 349 1823 1823 193 143 1824 1824 306 255 1825 1825 481 350 1826 1826 193 143 1827 1827 481 350 1828 1828 482 144 1829 1829 312 351 1830 1830 307 352 1831 1831 308 353 1832 1832 312 351 1833 1833 308 353 1834 1834 309 354 1835 1835 309 354 1836 1836 308 353 1837 1837 378 355 1838 1838 309 354 1839 1839 378 355 1840 1840 315 356 1841 1841 315 356 1842 1842 378 355 1843 1843 376 357 1844 1844 315 356 1845 1845 376 357 1846 1846 310 358 1847 1847 310 358 1848 1848 376 357 1849 1849 375 359 1850 1850 310 358 1851 1851 375 359 1852 1852 311 360 1853 1853 311 360 1854 1854 375 359 1855 1855 307 352 1856 1856 311 360 1857 1857 307 352 1858 1858 312 351 1859 1859 311 360 1860 1860 312 351 1861 1861 313 361 1862 1862 313 361 1863 1863 312 351 1864 1864 314 362 1865 1865 314 362 1866 1866 312 351 1867 1867 309 354 1868 1868 314 362 1869 1869 309 354 1870 1870 318 363 1871 1871 318 363 1872 1872 309 354 1873 1873 315 356 1874 1874 318 363 1875 1875 315 356 1876 1876 319 364 1877 1877 319 364 1878 1878 315 356 1879 1879 310 358 1880 1880 319 364 1881 1881 310 358 1882 1882 379 365 1883 1883 379 365 1884 1884 310 358 1885 1885 311 360 1886 1886 379 365 1887 1887 311 360 1888 1888 313 361 1889 1889 379 365 1890 1890 313 361 1891 1891 343 366 1892 1892 343 366 1893 1893 313 361 1894 1894 314 362 1895 1895 343 366 1896 1896 314 362 1897 1897 316 367 1898 1898 316 367 1899 1899 314 362 1900 1900 318 363 1901 1901 316 367 1902 1902 318 363 1903 1903 317 368 1904 1904 317 368 1905 1905 318 363 1906 1906 367 369 1907 1907 367 369 1908 1908 318 363 1909 1909 319 364 1910 1910 341 370 1911 1911 331 371 1912 1912 340 372 1913 1913 340 372 1914 1914 331 371 1915 1915 330 373 1916 1916 340 372 1917 1917 330 373 1918 1918 320 374 1919 1919 320 374 1920 1920 330 373 1921 1921 321 375 1922 1922 320 374 1923 1923 321 375 1924 1924 338 376 1925 1925 338 376 1926 1926 321 375 1927 1927 322 221 1928 1928 322 221 1929 1929 321 375 1930 1930 323 219 1931 1931 323 219 1932 1932 321 375 1933 1933 327 377 1934 1934 323 219 1935 1935 327 377 1936 1936 324 218 1937 1937 324 218 1938 1938 327 377 1939 1939 325 378 1940 1940 326 379 1941 1941 325 378 1942 1942 327 377 1943 1943 326 379 1944 1944 327 377 1945 1945 328 380 1946 1946 328 380 1947 1947 327 377 1948 1948 321 375 1949 1949 328 380 1950 1950 321 375 1951 1951 329 381 1952 1952 329 381 1953 1953 321 375 1954 1954 330 373 1955 1955 329 381 1956 1956 330 373 1957 1957 331 371 1958 1958 329 381 1959 1959 331 371 1960 1960 332 382 1961 1961 332 382 1962 1962 331 371 1963 1963 341 370 1964 1964 332 382 1965 1965 341 370 1966 1966 333 383 1967 1967 333 383 1968 1968 341 370 1969 1969 339 384 1970 1970 333 383 1971 1971 339 384 1972 1972 337 385 1973 1973 333 383 1974 1974 337 385 1975 1975 334 386 1976 1976 334 386 1977 1977 337 385 1978 1978 335 387 1979 1979 334 386 1980 1980 335 387 1981 1981 437 388 1982 1982 437 388 1983 1983 335 387 1984 1984 336 389 1985 1985 439 226 1986 1986 336 389 1987 1987 335 387 1988 1988 439 226 1989 1989 335 387 1990 1990 148 224 1991 1991 148 224 1992 1992 335 387 1993 1993 337 385 1994 1994 148 224 1995 1995 337 385 1996 1996 322 221 1997 1997 322 221 1998 1998 337 385 1999 1999 338 376 2000 2000 338 376 2001 2001 337 385 2002 2002 320 374 2003 2003 320 374 2004 2004 337 385 2005 2005 339 384 2006 2006 320 374 2007 2007 339 384 2008 2008 340 372 2009 2009 340 372 2010 2010 339 384 2011 2011 341 370 2012 2012 342 390 2013 2013 383 391 2014 2014 421 392 2015 2015 421 392 2016 2016 383 391 2017 2017 391 393 2018 2018 421 392 2019 2019 391 393 2020 2020 420 394 2021 2021 420 394 2022 2022 391 393 2023 2023 392 395 2024 2024 343 366 2025 2025 316 367 2026 2026 344 396 2027 2027 344 396 2028 2028 316 367 2029 2029 373 397 2030 2030 344 396 2031 2031 373 397 2032 2032 345 398 2033 2033 345 398 2034 2034 373 397 2035 2035 372 399 2036 2036 345 398 2037 2037 372 399 2038 2038 346 400 2039 2039 346 400 2040 2040 372 399 2041 2041 347 401 2042 2042 346 400 2043 2043 347 401 2044 2044 348 402 2045 2045 348 402 2046 2046 347 401 2047 2047 349 403 2048 2048 348 402 2049 2049 349 403 2050 2050 350 404 2051 2051 350 404 2052 2052 351 405 2053 2053 348 402 2054 2054 348 402 2055 2055 351 405 2056 2056 352 406 2057 2057 348 402 2058 2058 352 406 2059 2059 353 407 2060 2060 348 402 2061 2061 353 407 2062 2062 370 408 2063 2063 348 402 2064 2064 370 408 2065 2065 346 400 2066 2066 346 400 2067 2067 370 408 2068 2068 345 398 2069 2069 345 398 2070 2070 370 408 2071 2071 354 409 2072 2072 345 398 2073 2073 354 409 2074 2074 344 396 2075 2075 344 396 2076 2076 354 409 2077 2077 369 410 2078 2078 344 396 2079 2079 369 410 2080 2080 343 366 2081 2081 343 366 2082 2082 369 410 2083 2083 380 411 2084 2084 343 366 2085 2085 380 411 2086 2086 379 365 2087 2087 366 412 2088 2088 368 413 2089 2089 355 414 2090 2090 366 412 2091 2091 355 414 2092 2092 356 415 2093 2093 356 415 2094 2094 355 414 2095 2095 357 416 2096 2096 356 415 2097 2097 357 416 2098 2098 363 417 2099 2099 363 417 2100 2100 357 416 2101 2101 358 418 2102 2102 363 417 2103 2103 358 418 2104 2104 359 419 2105 2105 359 419 2106 2106 358 418 2107 2107 360 420 2108 2108 359 419 2109 2109 360 420 2110 2110 361 421 2111 2111 361 421 2112 2112 371 422 2113 2113 359 419 2114 2114 359 419 2115 2115 371 422 2116 2116 362 423 2117 2117 359 419 2118 2118 362 423 2119 2119 363 417 2120 2120 363 417 2121 2121 362 423 2122 2122 364 424 2123 2123 363 417 2124 2124 364 424 2125 2125 356 415 2126 2126 356 415 2127 2127 364 424 2128 2128 365 425 2129 2129 356 415 2130 2130 365 425 2131 2131 374 426 2132 2132 356 415 2133 2133 374 426 2134 2134 366 412 2135 2135 366 412 2136 2136 374 426 2137 2137 317 368 2138 2138 366 412 2139 2139 317 368 2140 2140 367 369 2141 2141 366 412 2142 2142 367 369 2143 2143 368 413 2144 2144 368 413 2145 2145 367 369 2146 2146 380 411 2147 2147 368 413 2148 2148 380 411 2149 2149 369 410 2150 2150 368 413 2151 2151 369 410 2152 2152 355 414 2153 2153 355 414 2154 2154 369 410 2155 2155 354 409 2156 2156 355 414 2157 2157 354 409 2158 2158 370 408 2159 2159 355 414 2160 2160 370 408 2161 2161 357 416 2162 2162 357 416 2163 2163 370 408 2164 2164 353 407 2165 2165 357 416 2166 2166 353 407 2167 2167 358 418 2168 2168 358 418 2169 2169 353 407 2170 2170 352 406 2171 2171 358 418 2172 2172 352 406 2173 2173 360 420 2174 2174 360 420 2175 2175 352 406 2176 2176 361 421 2177 2177 361 421 2178 2178 352 406 2179 2179 351 405 2180 2180 361 421 2181 2181 351 405 2182 2182 350 404 2183 2183 361 421 2184 2184 350 404 2185 2185 371 422 2186 2186 371 422 2187 2187 350 404 2188 2188 362 423 2189 2189 362 423 2190 2190 350 404 2191 2191 349 403 2192 2192 362 423 2193 2193 349 403 2194 2194 364 424 2195 2195 364 424 2196 2196 349 403 2197 2197 347 401 2198 2198 364 424 2199 2199 347 401 2200 2200 365 425 2201 2201 365 425 2202 2202 347 401 2203 2203 372 399 2204 2204 365 425 2205 2205 372 399 2206 2206 373 397 2207 2207 365 425 2208 2208 373 397 2209 2209 374 426 2210 2210 374 426 2211 2211 373 397 2212 2212 317 368 2213 2213 317 368 2214 2214 373 397 2215 2215 316 367 2216 2216 307 352 2217 2217 375 359 2218 2218 384 427 2219 2219 384 427 2220 2220 375 359 2221 2221 376 357 2222 2222 384 427 2223 2223 376 357 2224 2224 377 428 2225 2225 377 428 2226 2226 376 357 2227 2227 378 355 2228 2228 377 428 2229 2229 378 355 2230 2230 385 429 2231 2231 385 429 2232 2232 378 355 2233 2233 308 353 2234 2234 385 429 2235 2235 308 353 2236 2236 386 430 2237 2237 386 430 2238 2238 308 353 2239 2239 387 431 2240 2240 387 431 2241 2241 308 353 2242 2242 307 352 2243 2243 387 431 2244 2244 307 352 2245 2245 384 427 2246 2246 319 364 2247 2247 379 365 2248 2248 380 411 2249 2249 319 364 2250 2250 380 411 2251 2251 367 369 2252 2252 411 327 2253 2253 381 325 2254 2254 382 432 2255 2255 411 327 2256 2256 382 432 2257 2257 342 390 2258 2258 342 390 2259 2259 382 432 2260 2260 388 433 2261 2261 342 390 2262 2262 388 433 2263 2263 383 391 2264 2264 383 391 2265 2265 388 433 2266 2266 389 434 2267 2267 387 431 2268 2268 384 427 2269 2269 389 434 2270 2270 389 434 2271 2271 384 427 2272 2272 377 428 2273 2273 389 434 2274 2274 377 428 2275 2275 390 324 2276 2276 390 324 2277 2277 377 428 2278 2278 381 325 2279 2279 381 325 2280 2280 377 428 2281 2281 385 429 2282 2282 381 325 2283 2283 385 429 2284 2284 386 430 2285 2285 381 325 2286 2286 386 430 2287 2287 382 432 2288 2288 382 432 2289 2289 386 430 2290 2290 387 431 2291 2291 382 432 2292 2292 387 431 2293 2293 388 433 2294 2294 388 433 2295 2295 387 431 2296 2296 389 434 2297 2297 389 434 2298 2298 390 324 2299 2299 383 391 2300 2300 383 391 2301 2301 390 324 2302 2302 278 326 2303 2303 383 391 2304 2304 278 326 2305 2305 279 329 2306 2306 383 391 2307 2307 279 329 2308 2308 391 393 2309 2309 391 393 2310 2310 279 329 2311 2311 392 395 2312 2312 392 395 2313 2313 279 329 2314 2314 393 435 2315 2315 393 435 2316 2316 279 329 2317 2317 394 331 2318 2318 393 435 2319 2319 394 331 2320 2320 396 436 2321 2321 396 436 2322 2322 394 331 2323 2323 395 333 2324 2324 396 436 2325 2325 395 333 2326 2326 280 334 2327 2327 396 436 2328 2328 280 334 2329 2329 397 437 2330 2330 397 437 2331 2331 280 334 2332 2332 281 336 2333 2333 397 437 2334 2334 281 336 2335 2335 398 349 2336 2336 398 349 2337 2337 281 336 2338 2338 304 347 2339 2339 399 317 2340 2340 304 347 2341 2341 281 336 2342 2342 399 317 2343 2343 281 336 2344 2344 400 438 2345 2345 400 438 2346 2346 281 336 2347 2347 282 311 2348 2348 400 438 2349 2349 282 311 2350 2350 401 313 2351 2351 401 313 2352 2352 302 314 2353 2353 400 438 2354 2354 400 438 2355 2355 302 314 2356 2356 296 346 2357 2357 400 438 2358 2358 296 346 2359 2359 399 317 2360 2360 399 317 2361 2361 296 346 2362 2362 273 318 2363 2363 409 205 2364 2364 402 204 2365 2365 408 439 2366 2366 408 439 2367 2367 402 204 2368 2368 140 203 2369 2369 408 439 2370 2370 140 203 2371 2371 403 440 2372 2372 403 440 2373 2373 140 203 2374 2374 404 202 2375 2375 403 440 2376 2376 404 202 2377 2377 447 441 2378 2378 447 441 2379 2379 405 214 2380 2380 403 440 2381 2381 403 440 2382 2382 405 214 2383 2383 406 213 2384 2384 403 440 2385 2385 406 213 2386 2386 408 439 2387 2387 408 439 2388 2388 406 213 2389 2389 407 212 2390 2390 408 439 2391 2391 407 212 2392 2392 143 210 2393 2393 408 439 2394 2394 143 210 2395 2395 409 205 2396 2396 409 205 2397 2397 143 210 2398 2398 410 208 2399 2399 411 327 2400 2400 342 390 2401 2401 295 328 2402 2402 295 328 2403 2403 342 390 2404 2404 421 392 2405 2405 295 328 2406 2406 421 392 2407 2407 294 345 2408 2408 294 345 2409 2409 421 392 2410 2410 412 442 2411 2411 294 345 2412 2412 412 442 2413 2413 413 344 2414 2414 413 344 2415 2415 412 442 2416 2416 423 443 2417 2417 413 344 2418 2418 423 443 2419 2419 292 343 2420 2420 292 343 2421 2421 423 443 2422 2422 414 444 2423 2423 414 444 2424 2424 423 443 2425 2425 415 445 2426 2426 414 444 2427 2427 415 445 2428 2428 502 446 2429 2429 502 446 2430 2430 415 445 2431 2431 416 305 2432 2432 416 305 2433 2433 415 445 2434 2434 269 306 2435 2435 269 306 2436 2436 415 445 2437 2437 417 447 2438 2438 269 306 2439 2439 417 447 2440 2440 418 308 2441 2441 418 308 2442 2442 417 447 2443 2443 419 448 2444 2444 418 308 2445 2445 419 448 2446 2446 271 310 2447 2447 271 310 2448 2448 419 448 2449 2449 305 348 2450 2450 483 449 2451 2451 305 348 2452 2452 419 448 2453 2453 483 449 2454 2454 419 448 2455 2455 468 450 2456 2456 468 450 2457 2457 419 448 2458 2458 417 447 2459 2459 468 450 2460 2460 417 447 2461 2461 422 451 2462 2462 468 450 2463 2463 422 451 2464 2464 459 452 2465 2465 459 452 2466 2466 422 451 2467 2467 420 394 2468 2468 421 392 2469 2469 420 394 2470 2470 422 451 2471 2471 421 392 2472 2472 422 451 2473 2473 412 442 2474 2474 412 442 2475 2475 422 451 2476 2476 417 447 2477 2477 412 442 2478 2478 417 447 2479 2479 423 443 2480 2480 423 443 2481 2481 417 447 2482 2482 415 445 2483 2483 424 453 2484 2484 425 454 2485 2485 466 455 2486 2486 466 455 2487 2487 425 454 2488 2488 426 456 2489 2489 466 455 2490 2490 426 456 2491 2491 427 457 2492 2492 427 457 2493 2493 426 456 2494 2494 462 458 2495 2495 427 457 2496 2496 462 458 2497 2497 441 459 2498 2498 441 459 2499 2499 462 458 2500 2500 463 460 2501 2501 441 459 2502 2502 463 460 2503 2503 428 461 2504 2504 441 459 2505 2505 428 461 2506 2506 443 462 2507 2507 443 462 2508 2508 428 461 2509 2509 429 463 2510 2510 443 462 2511 2511 429 463 2512 2512 509 464 2513 2513 509 464 2514 2514 429 463 2515 2515 507 465 2516 2516 509 464 2517 2517 507 465 2518 2518 430 466 2519 2519 328 380 2520 2520 329 381 2521 2521 431 467 2522 2522 328 380 2523 2523 431 467 2524 2524 326 379 2525 2525 326 379 2526 2526 431 467 2527 2527 432 468 2528 2528 326 379 2529 2529 432 468 2530 2530 325 378 2531 2531 325 378 2532 2532 432 468 2533 2533 433 469 2534 2534 325 378 2535 2535 433 469 2536 2536 438 470 2537 2537 325 378 2538 2538 438 470 2539 2539 324 218 2540 2540 324 218 2541 2541 438 470 2542 2542 434 471 2543 2543 324 218 2544 2544 434 471 2545 2545 146 215 2546 2546 146 215 2547 2547 434 471 2548 2548 435 233 2549 2549 146 215 2550 2550 435 233 2551 2551 436 216 2552 2552 329 381 2553 2553 332 382 2554 2554 333 383 2555 2555 329 381 2556 2556 333 383 2557 2557 431 467 2558 2558 431 467 2559 2559 333 383 2560 2560 334 386 2561 2561 431 467 2562 2562 334 386 2563 2563 437 388 2564 2564 431 467 2565 2565 437 388 2566 2566 432 468 2567 2567 432 468 2568 2568 437 388 2569 2569 336 389 2570 2570 432 468 2571 2571 336 389 2572 2572 433 469 2573 2573 433 469 2574 2574 336 389 2575 2575 438 470 2576 2576 438 470 2577 2577 336 389 2578 2578 439 226 2579 2579 438 470 2580 2580 439 226 2581 2581 434 471 2582 2582 434 471 2583 2583 439 226 2584 2584 150 227 2585 2585 434 471 2586 2586 150 227 2587 2587 435 233 2588 2588 435 233 2589 2589 150 227 2590 2590 151 228 2591 2591 450 472 2592 2592 465 473 2593 2593 440 474 2594 2594 440 474 2595 2595 465 473 2596 2596 466 455 2597 2597 440 474 2598 2598 466 455 2599 2599 452 475 2600 2600 452 475 2601 2601 466 455 2602 2602 427 457 2603 2603 452 475 2604 2604 427 457 2605 2605 442 476 2606 2606 442 476 2607 2607 427 457 2608 2608 441 459 2609 2609 442 476 2610 2610 441 459 2611 2611 443 462 2612 2612 442 476 2613 2613 443 462 2614 2614 444 477 2615 2615 444 477 2616 2616 443 462 2617 2617 509 464 2618 2618 444 477 2619 2619 509 464 2620 2620 455 478 2621 2621 455 478 2622 2622 509 464 2623 2623 508 479 2624 2624 455 478 2625 2625 508 479 2626 2626 457 480 2627 2627 425 454 2628 2628 424 453 2629 2629 465 473 2630 2630 425 454 2631 2631 465 473 2632 2632 461 481 2633 2633 461 481 2634 2634 465 473 2635 2635 450 472 2636 2636 461 481 2637 2637 450 472 2638 2638 460 482 2639 2639 460 482 2640 2640 450 472 2641 2641 449 483 2642 2642 460 482 2643 2643 449 483 2644 2644 468 450 2645 2645 77 116 2646 2646 76 115 2647 2647 445 195 2648 2648 77 116 2649 2649 445 195 2650 2650 448 484 2651 2651 448 484 2652 2652 445 195 2653 2653 145 196 2654 2654 448 484 2655 2655 145 196 2656 2656 446 485 2657 2657 446 485 2658 2658 145 196 2659 2659 405 214 2660 2660 446 485 2661 2661 405 214 2662 2662 447 441 2663 2663 447 441 2664 2664 404 202 2665 2665 446 485 2666 2666 446 485 2667 2667 404 202 2668 2668 131 190 2669 2669 446 485 2670 2670 131 190 2671 2671 448 484 2672 2672 448 484 2673 2673 131 190 2674 2674 130 189 2675 2675 448 484 2676 2676 130 189 2677 2677 77 116 2678 2678 77 116 2679 2679 130 189 2680 2680 78 117 2681 2681 449 483 2682 2682 450 472 2683 2683 487 486 2684 2684 487 486 2685 2685 450 472 2686 2686 440 474 2687 2687 487 486 2688 2688 440 474 2689 2689 451 487 2690 2690 451 487 2691 2691 440 474 2692 2692 452 475 2693 2693 451 487 2694 2694 452 475 2695 2695 453 488 2696 2696 453 488 2697 2697 452 475 2698 2698 442 476 2699 2699 453 488 2700 2700 442 476 2701 2701 444 477 2702 2702 453 488 2703 2703 444 477 2704 2704 454 489 2705 2705 454 489 2706 2706 444 477 2707 2707 455 478 2708 2708 454 489 2709 2709 455 478 2710 2710 456 490 2711 2711 456 490 2712 2712 455 478 2713 2713 457 480 2714 2714 456 490 2715 2715 457 480 2716 2716 458 491 2717 2717 460 482 2718 2718 459 452 2719 2719 420 394 2720 2720 460 482 2721 2721 420 394 2722 2722 461 481 2723 2723 461 481 2724 2724 420 394 2725 2725 425 454 2726 2726 425 454 2727 2727 420 394 2728 2728 426 456 2729 2729 426 456 2730 2730 420 394 2731 2731 392 395 2732 2732 426 456 2733 2733 392 395 2734 2734 462 458 2735 2735 462 458 2736 2736 392 395 2737 2737 393 435 2738 2738 462 458 2739 2739 393 435 2740 2740 463 460 2741 2741 463 460 2742 2742 393 435 2743 2743 396 436 2744 2744 463 460 2745 2745 396 436 2746 2746 397 437 2747 2747 463 460 2748 2748 397 437 2749 2749 428 461 2750 2750 428 461 2751 2751 397 437 2752 2752 398 349 2753 2753 428 461 2754 2754 398 349 2755 2755 429 463 2756 2756 429 463 2757 2757 398 349 2758 2758 305 348 2759 2759 429 463 2760 2760 305 348 2761 2761 507 465 2762 2762 507 465 2763 2763 305 348 2764 2764 464 492 2765 2765 464 492 2766 2766 305 348 2767 2767 506 493 2768 2768 506 493 2769 2769 305 348 2770 2770 483 449 2771 2771 465 473 2772 2772 424 453 2773 2773 466 455 2774 2774 468 450 2775 2775 467 494 2776 2776 469 495 2777 2777 468 450 2778 2778 469 495 2779 2779 470 496 2780 2780 481 350 2781 2781 306 255 2782 2782 471 257 2783 2783 481 350 2784 2784 471 257 2785 2785 479 497 2786 2786 479 497 2787 2787 471 257 2788 2788 268 258 2789 2789 479 497 2790 2790 268 258 2791 2791 478 498 2792 2792 478 498 2793 2793 268 258 2794 2794 267 303 2795 2795 478 498 2796 2796 267 303 2797 2797 472 499 2798 2798 472 499 2799 2799 267 303 2800 2800 477 500 2801 2801 477 500 2802 2802 267 303 2803 2803 265 302 2804 2804 477 500 2805 2805 265 302 2806 2806 474 501 2807 2807 474 501 2808 2808 265 302 2809 2809 473 301 2810 2810 474 501 2811 2811 473 301 2812 2812 264 300 2813 2813 474 501 2814 2814 264 300 2815 2815 476 298 2816 2816 476 298 2817 2817 264 300 2818 2818 475 299 2819 2819 476 298 2820 2820 262 297 2821 2821 474 501 2822 2822 474 501 2823 2823 262 297 2824 2824 260 296 2825 2825 474 501 2826 2826 260 296 2827 2827 477 500 2828 2828 477 500 2829 2829 260 296 2830 2830 259 295 2831 2831 477 500 2832 2832 259 295 2833 2833 472 499 2834 2834 472 499 2835 2835 259 295 2836 2836 478 498 2837 2837 478 498 2838 2838 259 295 2839 2839 258 147 2840 2840 478 498 2841 2841 258 147 2842 2842 479 497 2843 2843 479 497 2844 2844 258 147 2845 2845 480 146 2846 2846 479 497 2847 2847 480 146 2848 2848 481 350 2849 2849 481 350 2850 2850 480 146 2851 2851 482 144 2852 2852 459 452 2853 2853 460 482 2854 2854 468 450 2855 2855 483 449 2856 2856 468 450 2857 2857 506 493 2858 2858 458 491 2859 2859 468 450 2860 2860 470 496 2861 2861 458 491 2862 2862 470 496 2863 2863 456 490 2864 2864 456 490 2865 2865 470 496 2866 2866 484 502 2867 2867 456 490 2868 2868 484 502 2869 2869 454 489 2870 2870 454 489 2871 2871 484 502 2872 2872 485 503 2873 2873 454 489 2874 2874 485 503 2875 2875 453 488 2876 2876 453 488 2877 2877 485 503 2878 2878 451 487 2879 2879 451 487 2880 2880 485 503 2881 2881 486 504 2882 2882 451 487 2883 2883 486 504 2884 2884 487 486 2885 2885 487 486 2886 2886 486 504 2887 2887 467 494 2888 2888 487 486 2889 2889 467 494 2890 2890 449 483 2891 2891 449 483 2892 2892 467 494 2893 2893 468 450 2894 2894 488 31 2895 2895 493 44 2896 2896 489 30 2897 2897 489 30 2898 2898 493 44 2899 2899 492 505 2900 2900 489 30 2901 2901 492 505 2902 2902 490 12 2903 2903 490 12 2904 2904 492 505 2905 2905 491 506 2906 2906 490 12 2907 2907 491 506 2908 2908 7 13 2909 2909 7 13 2910 2910 491 506 2911 2911 497 507 2912 2912 17 22 2913 2913 497 507 2914 2914 491 506 2915 2915 17 22 2916 2916 491 506 2917 2917 107 23 2918 2918 107 23 2919 2919 491 506 2920 2920 492 505 2921 2921 107 23 2922 2922 492 505 2923 2923 108 167 2924 2924 108 167 2925 2925 492 505 2926 2926 493 44 2927 2927 108 167 2928 2928 493 44 2929 2929 110 45 2930 2930 499 18 2931 2931 11 17 2932 2932 494 16 2933 2933 499 18 2934 2934 494 16 2935 2935 496 508 2936 2936 496 508 2937 2937 494 16 2938 2938 495 15 2939 2939 496 508 2940 2940 495 15 2941 2941 8 14 2942 2942 496 508 2943 2943 8 14 2944 2944 498 509 2945 2945 498 509 2946 2946 8 14 2947 2947 7 13 2948 2948 498 509 2949 2949 7 13 2950 2950 497 507 2951 2951 497 507 2952 2952 17 22 2953 2953 498 509 2954 2954 498 509 2955 2955 17 22 2956 2956 16 21 2957 2957 498 509 2958 2958 16 21 2959 2959 496 508 2960 2960 496 508 2961 2961 16 21 2962 2962 14 19 2963 2963 496 508 2964 2964 14 19 2965 2965 499 18 2966 2966 500 55 2967 2967 505 304 2968 2968 286 338 2969 2969 500 55 2970 2970 286 338 2971 2971 501 288 2972 2972 501 288 2973 2973 286 338 2974 2974 287 339 2975 2975 501 288 2976 2976 287 339 2977 2977 291 342 2978 2978 501 288 2979 2979 291 342 2980 2980 240 176 2981 2981 240 176 2982 2982 291 342 2983 2983 292 343 2984 2984 240 176 2985 2985 292 343 2986 2986 117 178 2987 2987 117 178 2988 2988 292 343 2989 2989 182 179 2990 2990 182 179 2991 2991 292 343 2992 2992 414 444 2993 2993 182 179 2994 2994 414 444 2995 2995 503 249 2996 2996 503 249 2997 2997 414 444 2998 2998 502 446 2999 2999 503 249 3000 3000 502 446 3001 3001 416 305 3002 3002 503 249 3003 3003 416 305 3004 3004 504 53 3005 3005 504 53 3006 3006 416 305 3007 3007 505 304 3008 3008 504 53 3009 3009 505 304 3010 3010 39 54 3011 3011 39 54 3012 3012 505 304 3013 3013 500 55 3014 3014 468 450 3015 3015 458 491 3016 3016 506 493 3017 3017 506 493 3018 3018 458 491 3019 3019 457 480 3020 3020 506 493 3021 3021 457 480 3022 3022 464 492 3023 3023 464 492 3024 3024 457 480 3025 3025 508 479 3026 3026 464 492 3027 3027 508 479 3028 3028 507 465 3029 3029 507 465 3030 3030 508 479 3031 3031 430 466 3032 3032 508 479 3033 3033 509 464 3034 3034 430 466 3035 3035</p>
        </triangles>
      </mesh>
    </geometry>
    <geometry id="unnamed_004-mesh" name="unnamed.004">
      <mesh>
        <source id="unnamed_004-mesh-positions">
          <float_array id="unnamed_004-mesh-positions-array" count="990">0.04342699 0.03150361 1.152576 0.120021 0.04748564 1.143962 0.103087 0.01019161 1.137173 0.1779739 1.76622e-5 1.117125 0.125946 -0.1177223 1.137781 0.05663096 -0.1619563 1.142312 -0.125946 -0.1177223 1.137781 -0.168268 -0.05391728 1.12804 -0.08307498 -0.06937032 1.131589 0 -0.04472631 1.140261 0 -0.1042463 1.139968 0.02928495 -0.03299832 1.140941 0.08307498 -0.06937032 1.131589 0.01864194 0.01703161 1.145714 0 0.01804864 1.145714 0 0.0321176 1.154161 -0.01864194 0.01703161 1.145714 -0.04342699 0.03150361 1.152576 -0.103087 0.01019161 1.137173 -0.120021 0.04748564 1.143962 -0.1966379 0.03652763 1.118233 -0.179979 0.06395065 1.150137 -0.185631 0.04894459 1.182734 -0.149229 0.01600259 1.205021 -0.124228 -0.07538133 1.231198 -0.09252297 0.005600571 1.327123 -0.128204 -0.0716654 1.348523 -0.183521 -0.05027639 1.343839 -0.1807579 0.03981858 1.331009 -0.273947 0.03306949 1.574161 -0.193349 0.01007747 1.651055 -0.1209 0.1572235 1.642828 0 0.03751343 1.692415 0.124409 0.2486835 1.576775 0.240056 0.1625025 1.573377 0.263661 0.1632655 1.466651 0.243512 0.1131355 1.365684 0.11377 0.1090205 1.331644 0.1807579 0.03981858 1.331009 -0.301589 0.02328354 1.469537 -0.245667 -0.09119147 1.589747 -0.10054 0.03751343 1.682208 0 -0.1047055 1.687493 0.10054 0.03751343 1.682208 0.193349 0.01007747 1.651055 0.273947 0.03306949 1.574161 0.191 -0.1781084 1.520553 0.09431797 -0.2313255 1.55603 -0.08994698 -0.1959924 1.636269 -0.26512 -0.1139965 1.499033 -0.172437 -0.1689444 1.604528 -0.107805 -0.09227448 1.676244 0 -0.2053635 1.6433 0.08994698 -0.1959924 1.636269 0.107805 -0.09227448 1.676244 0.172437 -0.1689444 1.604528 0.245667 -0.09119147 1.589747 0.26512 -0.1139965 1.499033 -0.243512 0.1131355 1.365684 -0.131668 0.2145056 1.379027 -0.263661 0.1632655 1.466651 -0.1419939 0.2662546 1.472558 -0.124409 0.2486835 1.576775 -0.240056 0.1625025 1.573377 0 0.1808314 1.652003 -0.105974 0.001090586 1.212825 0 0.0226556 1.252301 -0.08650898 0.00657761 1.254533 0 0.02593058 1.320001 -0.11377 0.1090205 1.331644 0 0.2292366 1.371331 0 0.2653135 1.580943 0 0.2856255 1.477008 0.1419939 0.2662546 1.472558 0.131668 0.2145056 1.379027 0 0.1135966 1.324131 0.09252297 0.005600571 1.327123 0.08650898 0.00657761 1.254533 0.105974 0.001090586 1.212825 0.04939895 0.02027559 1.203785 0 0.02171063 1.202582 -0.04939895 0.02027559 1.203785 -0.122871 0.05423361 1.174351 -0.05724596 0.0408746 1.17828 0 0.04029262 1.182179 0.05724596 0.0408746 1.17828 0.122871 0.05423361 1.174351 0.149229 0.01600259 1.205021 0.179979 0.06395065 1.150137 0.1966379 0.03652763 1.118233 0.185631 0.04894459 1.182734 0.179782 -0.05450934 1.2028 0.124228 -0.07538133 1.231198 0.301589 0.02328354 1.469537 0.1209 0.1572235 1.642828 -0.01431596 -0.1924044 1.321587 -0.01924496 -0.1925644 1.415488 -0.07842397 -0.1868894 1.406323 -0.1078079 -0.1694744 1.413762 -0.112246 -0.1687684 1.35972 -0.07825899 -0.1869414 1.360253 -0.09661 -0.1658744 1.284273 -0.06110399 -0.1821134 1.284868 -0.02403295 -0.1847974 1.285687 -0.01367396 -0.1743593 1.286072 -0.006645977 -0.1788074 1.322098 -0.01293796 -0.1946604 1.361656 -0.06496095 -0.1879664 1.428376 -0.11568 -0.1513454 1.413832 -0.108763 -0.1677794 1.319746 -0.103008 -0.1510683 1.284331 -0.03776895 -0.1713944 1.268446 -0.05906194 -0.1718823 1.264273 -0.05891495 -0.1587544 1.255798 -0.07855296 -0.1607614 1.267651 -0.1093029 -0.1353514 1.27761 -0.117146 -0.1483694 1.319822 -0.121075 -0.1484504 1.359799 -0.123651 -0.1355124 1.418735 -0.09796595 -0.1463104 1.455159 -0.09331196 -0.1609224 1.44723 -0.06432998 -0.1793624 1.452768 -0.03289598 -0.1766744 1.448407 -0.006519973 -0.1798864 1.415965 -0.003342986 -0.1804544 1.362191 0 -0.1767974 1.36258 0.006645977 -0.1788074 1.322098 0.03776895 -0.1713944 1.268446 0.03456896 -0.1584774 1.260368 0.103008 -0.1510683 1.284331 0.1093029 -0.1353514 1.27761 0.12545 -0.1322174 1.316275 0.117146 -0.1483694 1.319822 0.121075 -0.1484504 1.359799 0.123651 -0.1355124 1.418735 0.11568 -0.1513454 1.413832 0.09796595 -0.1463104 1.455159 0.06432998 -0.1793624 1.452768 0.02876394 -0.1643534 1.456507 0.03289598 -0.1766744 1.448407 0.006519973 -0.1798864 1.415965 0.003342986 -0.1804544 1.362191 -0.06512999 -0.1763483 1.22785 0.08603698 -0.1510254 1.241664 0.138463 -0.1223673 1.218172 0.118335 -0.07559937 1.269411 0.13771 -0.1399083 1.1976 0.06512999 -0.1763483 1.22785 0.06770199 -0.1867143 1.204326 0 -0.1826533 1.231723 -0.06770199 -0.1867143 1.204326 -0.138463 -0.1223673 1.218172 -0.079737 -0.2447763 1.063565 -0.04685395 -0.2427613 1.03398 0.079737 -0.2447763 1.063565 0.08428198 -0.2487643 1.121952 0.05630999 -0.2152003 1.110002 0 0.02228868 0.918462 0.010746 0.01747667 0.912913 0.01911097 -0.007947266 1.037374 0.01127797 0.004174709 0.899434 0 -0.002750217 0.8919751 0 -0.0193693 1.03637 -0.01127797 0.004174709 0.899434 -0.01911097 -0.007947266 1.037374 -0.010746 0.01747667 0.912913 -0.01468795 0.01364868 1.037131 0 0.01741665 1.03637 0.01468795 0.01364868 1.037131 0.03583097 -0.006463289 1.143902 -0.02928495 -0.03299832 1.140941 -0.03583097 -0.006463289 1.143902 0 -0.2119203 1.191098 0 -0.2083223 1.121441 0 -0.2067783 1.072623 -0.05630999 -0.2152003 1.110002 0 -0.1886613 1.239714 0 -0.03697532 1.187917 0 -0.04188835 1.21419 0.04635995 -0.03529632 1.208225 0.06084096 -0.04002535 1.154107 0.1838229 -0.0585283 1.161219 0 -0.06627434 1.155347 -0.1838229 -0.0585283 1.161219 -0.03417497 -0.03783732 1.189361 0 -0.1800593 1.190858 0.136173 -0.1336253 1.184329 0.1833069 -0.05774533 1.165456 -0.03560799 -0.1004453 1.174607 0.03560799 -0.1004453 1.174607 0 -0.1152243 1.172824 -0.06084096 -0.04002535 1.154107 -0.03620797 -0.0956723 1.186507 -0.07188898 -0.02787035 1.178283 0 -0.1062643 1.18727 0.03417497 -0.03783732 1.189361 0.03620797 -0.0956723 1.186507 0.07188898 -0.02787035 1.178283 -0.04635995 -0.03529632 1.208225 -0.1833069 -0.05774533 1.165456 0.05906194 -0.1718823 1.264273 0.01367396 -0.1743593 1.286072 0.01431596 -0.1924044 1.321587 0.01924496 -0.1925644 1.415488 0.06496095 -0.1879664 1.428376 0.09331196 -0.1609224 1.44723 0.108763 -0.1677794 1.319746 0.09661 -0.1658744 1.284273 0.07855296 -0.1607614 1.267651 0.02403295 -0.1847974 1.285687 0.01293796 -0.1946604 1.361656 0.051467 -0.1939174 1.406849 0.1078079 -0.1694744 1.413762 0.07842397 -0.1868894 1.406323 0.112246 -0.1687684 1.35972 0.07629597 -0.1849014 1.314254 0.06110399 -0.1821134 1.284868 0.04933899 -0.1919304 1.314779 0.128204 -0.0716654 1.348523 0.183521 -0.05027639 1.343839 0.177497 -0.08473438 1.375097 0.267016 -0.01569139 1.383019 0.2298009 -0.1047504 1.424177 0.131102 -0.1911514 1.487353 0 -0.2493305 1.560524 -0.09431797 -0.2313255 1.55603 -0.08770197 -0.2200624 1.497141 -0.191 -0.1781084 1.520553 -0.170345 -0.1155014 1.414473 -0.2298009 -0.1047504 1.424177 -0.267016 -0.01569139 1.383019 0.198315 -0.004190325 1.160967 0.201856 0.00537163 1.186564 0.213236 0.03591662 1.146852 0.168268 -0.05391728 1.12804 0.135715 -0.1329153 1.15604 0.06529796 -0.1792603 1.158168 0 -0.1678513 1.142481 -0.05663096 -0.1619563 1.142312 -0.06529796 -0.1792603 1.158168 -0.135715 -0.1329153 1.15604 -0.179865 -0.05798631 1.139201 -0.1779739 1.76622e-5 1.117123 -0.213236 0.03591662 1.146852 -0.201856 0.00537163 1.186564 -0.179782 -0.05450934 1.2028 -0.198315 -0.004190325 1.160967 -0.1828039 -0.05728334 1.170791 -0.135734 -0.1329693 1.168996 -0.065535 -0.1783933 1.168871 0 -0.1881673 1.158257 0.179865 -0.05798631 1.139201 0.203809 -9.33346e-4 1.145435 0.198282 -0.005091309 1.146382 0.19277 -0.01409232 1.133971 0.1821269 -0.05829632 1.151782 0.135734 -0.1329693 1.168996 0.135749 -0.1330103 1.178713 0 -0.1715444 1.318881 0.05891495 -0.1587544 1.255798 0.08128297 -0.1462973 1.259458 0.129899 -0.1322614 1.359839 0.170345 -0.1155014 1.414473 0.156678 -0.1461264 1.461291 0.06467896 -0.1669274 1.461226 0.08770197 -0.2200624 1.497141 0.03027999 -0.2127424 1.486527 0 -0.2394544 1.509583 0 -0.2054214 1.453907 0 -0.1734874 1.421179 -0.03027999 -0.2127424 1.486527 -0.02876394 -0.1643534 1.456507 -0.06467896 -0.1669274 1.461226 -0.131102 -0.1911514 1.487353 -0.156678 -0.1461264 1.461291 -0.177497 -0.08473438 1.375097 -0.129899 -0.1322614 1.359839 -0.12545 -0.1322174 1.316275 -0.118335 -0.07559937 1.269411 -0.08603698 -0.1510254 1.241664 -0.08128297 -0.1462973 1.259458 0 -0.1742373 1.245138 -0.03456896 -0.1584774 1.260368 0.06584995 -0.1772373 1.183143 -0.06584995 -0.1772373 1.183143 0 -0.1833003 1.182996 0 -0.1860814 1.168859 0.065535 -0.1783933 1.168871 0.1828039 -0.05728334 1.170791 0.06546896 -0.1747073 1.189082 0 -0.1927874 1.205115 -0.06546896 -0.1747073 1.189082 -0.136173 -0.1336253 1.184329 -0.13771 -0.1399083 1.1976 -0.198282 -0.005091309 1.146382 -0.1821269 -0.05829632 1.151782 -0.135749 -0.1330103 1.178713 -0.04933899 -0.1919304 1.314779 -0.07629597 -0.1849014 1.314254 -0.04991495 -0.1943314 1.360805 -0.051467 -0.1939174 1.406849 0.07825899 -0.1869414 1.360253 0.04991495 -0.1943314 1.360805 0.03621798 -0.2266454 1.260318 0.04575699 -0.2002003 1.244752 0.066266 -0.2453213 1.203001 0.05099797 -0.2838804 1.220147 0.06540995 -0.3071483 1.057489 0.04348999 -0.2984873 1.027084 0.04685395 -0.2427613 1.03398 0 -0.3015653 1.017468 0.06980597 -0.3233193 1.126081 0 -0.2465543 1.270837 0.006977975 -0.1620293 1.279604 -0.006977975 -0.1620293 1.279604 -0.04575699 -0.2002003 1.244752 -0.03621798 -0.2266454 1.260318 -0.066266 -0.2453213 1.203001 -0.05099797 -0.2838804 1.220147 -0.08428198 -0.2487643 1.121952 -0.06540995 -0.3071483 1.057489 0 -0.2411553 1.02272 -0.04348999 -0.2984873 1.027084 0 -0.3390423 1.058168 0 -0.3549793 1.127266 -0.06980597 -0.3233193 1.126081 0 -0.3106994 1.228581 0 -0.1670804 1.288007 -0.19277 -0.01409232 1.133971 -0.203809 -9.33346e-4 1.145435</float_array>
          <technique_common>
            <accessor source="#unnamed_004-mesh-positions-array" count="330" stride="3">
              <param name="X" type="float"/>
              <param name="Y" type="float"/>
              <param name="Z" type="float"/>
            </accessor>
          </technique_common>
        </source>
        <source id="unnamed_004-mesh-normals">
          <float_array id="unnamed_004-mesh-normals-array" count="990">-0.07860064 0.6835542 -0.7256553 -0.2484652 0.7223525 -0.6453464 -0.1960018 0.1910194 -0.9618186 0.4331912 0.3364298 -0.8361581 0.1860576 -0.09558463 -0.9778784 -0.07681065 -0.02124798 -0.9968193 0.3370749 -0.3008818 -0.8921046 0.2799376 -0.3753308 -0.8836073 0.1161803 -0.4103162 -0.9045125 3.26589e-7 -0.37843 -0.9256299 1.06306e-6 -0.007516324 -0.9999718 0.07681328 -0.02125006 -0.9968191 -0.1161801 -0.4103164 -0.9045125 -0.2799378 -0.3753308 -0.8836072 -0.3370807 -0.3008957 -0.8920977 -0.1860775 -0.09557145 -0.977876 -0.4331962 0.3364394 -0.8361517 0.196009 0.1910247 -0.961816 -0.476005 0.2429268 -0.8452254 -0.33192 -0.2667245 -0.9048134 0 -0.5087705 -0.8609023 0.3319204 -0.2667244 -0.9048132 0.476005 0.2429269 -0.8452254 0.2717907 0.695745 -0.6648825 0 0.7830566 -0.6219506 0 0.8645539 -0.5025402 -0.2717907 0.695745 -0.6648826 0.07860064 0.6835542 -0.7256553 0.248465 0.7223526 -0.6453464 -0.2084993 0.9662952 -0.1510027 -0.95231 0.2949152 -0.07830017 -0.4100134 0.6336231 0.656057 -0.79817 -0.02405989 0.6019517 -0.7853204 -0.1884866 0.5896989 -0.1671259 0.3780104 0.9105917 -0.7445612 0.01030296 0.6674748 -0.3222851 0.6258133 0.7102746 -0.6029677 0.7936742 0.08069223 -0.9954492 0.07116472 -0.06337624 -0.4421328 0.3649272 -0.8193575 -0.7047217 -0.1219093 -0.6989317 -0.3238605 -0.4122877 -0.8515477 -0.2691904 0.01497602 -0.9629706 -0.7588996 -0.2252241 -0.6110202 -0.6401403 0.3338941 -0.6919069 -0.9985811 0.00658518 -0.05284392 -0.8277534 0.5510742 -0.1055534 -0.8721846 0.05872958 0.4856386 -0.7172122 0.4971267 0.4883358 -0.5202686 0.02994376 0.8534775 -0.2936082 0.4023954 0.8671056 -0.2151783 0.1312467 0.9677152 1.29343e-7 0.125417 0.9921041 0 0.4665499 0.8844949 0.2936081 0.4023954 0.8671056 0.3394507 0.7998871 0.4949282 0.7172122 0.4971267 0.4883357 0.8277534 0.5510743 -0.1055535 0.4024395 0.9061256 -0.1303038 0.2904299 0.653115 -0.6993507 0.6401405 0.3338941 -0.6919067 0.1223577 0.2348785 -0.9642929 0.2691907 0.01497602 -0.9629705 0.4421325 0.3649274 -0.8193576 -0.7679112 -0.3390161 0.5434893 -0.2956269 -0.2267717 0.9279975 0 -0.2337256 0.9723026 0.2151783 0.1312467 0.9677152 0.2956269 -0.2267717 0.9279976 0.5202685 0.02994382 0.8534777 0.7679111 -0.3390161 0.5434893 0.8721846 0.05872964 0.4856387 0.9985811 0.00658518 -0.05284398 0.8363742 -0.546571 -0.04169613 0.7588996 -0.2252241 -0.6110201 0.5058408 -0.6778905 -0.5334694 0.5525209 -0.8216565 -0.1400052 0.5661742 -0.6241595 0.5383975 0.3292443 -0.9390642 0.0987761 0.2803044 -0.6611169 0.6959555 0 -0.9905911 0.1368554 0 -0.6787801 0.7343416 -0.2803045 -0.6611169 0.6959554 -0.3292445 -0.9390641 0.0987761 -0.5661742 -0.6241595 0.5383975 -0.5525209 -0.8216564 -0.1400052 -0.8363742 -0.5465708 -0.04169607 -0.5058413 -0.6778902 -0.5334693 -0.1253008 0.23137 -0.964763 -0.2928699 0.6542535 -0.6972658 -0.4024395 0.9061256 -0.1303038 -0.3394507 0.7998872 0.4949282 -0.1285429 0.9107227 0.3925057 0 0.9999814 0.006109058 -6.51413e-7 0.6794092 -0.7337597 0.002817571 0.2163649 -0.9763085 0.002328991 0.6742843 -0.7384682 0 0.9903863 -0.1383295 0 0.8656357 0.5006746 0.6029678 0.7936742 0.08069217 0.1285429 0.9107227 0.3925057 0.3222844 0.6258134 0.7102748 -0.06559765 0.9627709 0.2622392 0 0.9366434 0.3502846 0.06559741 0.9627708 0.2622392 0.149541 0.9192187 0.3642451 -1.53961e-7 0.9692324 0.2461475 -0.1495414 0.9192187 0.3642451 0.1671252 0.3780103 0.9105918 0.4100133 0.6336231 0.6560571 0.2084993 0.9662951 -0.1510028 0.9523099 0.2949151 -0.07830017 0.79817 -0.02405977 0.6019517 0.7853205 -0.1884865 0.5896988 0.7445613 0.01030296 0.6674746 0.9954492 0.07116472 -0.06337636 0.7047218 -0.1219093 -0.6989317 0.3238608 -0.4122877 -0.8515476 -0.3661027 -0.9179781 -0.152595 -0.2242993 -0.9056969 -0.3597261 -0.1163364 -0.9814726 -0.1522412 0.333819 -0.8022682 -0.4949046 0.5004895 -0.8502528 -0.1630357 0.4688127 -0.8832927 -0.002910554 -0.1258937 -0.9918541 -0.01939785 0.3754062 -0.8831453 0.2812905 -0.1027341 -0.9900606 0.09605079 -0.2585195 -0.9238129 0.2823783 -0.3846938 -0.918338 0.09309244 -0.7243164 -0.6456759 0.2418025 -0.7448277 -0.6670021 -0.01843953 -0.3649748 -0.9305659 -0.02899277 -0.7361 -0.653612 -0.1759211 -0.6379727 -0.5942341 -0.4897722 -0.1511547 -0.704006 -0.6939221 0.2670164 -0.6173321 -0.7400023 0.6615889 -0.5878423 -0.4655554 0.7905544 -0.5904844 -0.1623327 0.7873569 -0.6163794 -0.01206678 0.6352702 -0.7307711 0.2498105 0.3109673 -0.7104183 0.6313519 -0.2052443 -0.7699911 0.6041428 -0.6077206 -0.5978632 0.5227193 -0.8648689 -0.4457268 0.2309317 -0.8979483 -0.4399769 -0.01044559 -0.8780257 -0.4372643 -0.1946042 -0.7663073 -0.4328485 -0.4747794 -0.490715 -0.5123301 -0.7047814 1.57086e-7 -0.95991 -0.2803086 -0.5186772 -0.8544713 -0.02920114 0.05951929 -0.9931051 -0.1009934 -0.2611889 -0.8802823 -0.3960852 -0.4729266 -0.8667111 -0.1585952 -0.8279397 -0.3788168 -0.4135382 -0.9441831 -0.26091 -0.2011075 -0.8913729 -0.4268475 -0.1524987 -0.600981 -0.7942448 -0.08942621 -0.4712114 -0.8390995 -0.271794 -0.2695592 -0.9526355 -0.1407958 -0.1709542 -0.9728766 -0.155839 0 -0.9939467 0.1098638 0 -0.9998106 -0.01946228 -0.787357 -0.6163792 -0.01206672 -0.7905543 -0.5904847 -0.1623328 0.5186787 -0.8544704 -0.02920281 -0.661589 -0.5878422 -0.4655552 -0.2670164 -0.6173319 -0.7400024 -0.05951929 -0.9931052 -0.1009929 0.1511551 -0.7040058 -0.6939221 0.2611894 -0.8802822 -0.3960852 0.4907148 -0.5123301 -0.7047815 0.472925 -0.8667119 -0.1585956 0.8279393 -0.3788171 -0.4135386 0.7663069 -0.4328487 -0.4747797 0.8780257 -0.4372645 -0.1946041 0.9441831 -0.2609102 -0.2011076 0.8913729 -0.4268473 -0.1524986 0.8979484 -0.4399768 -0.01044553 0.6009812 -0.7942447 -0.08942615 0.864869 -0.4457265 0.2309318 0.4712114 -0.8390994 -0.271794 0.6077209 -0.5978629 0.5227192 0.2695598 -0.9526354 -0.1407957 0.2052456 -0.7699908 0.6041428 0.1709537 -0.9728767 -0.1558395 -0.3109678 -0.7104183 0.6313517 -0.6352702 -0.7307711 0.2498107 -0.563634 -0.7281135 0.3900865 -0.674639 -0.3697128 0.6388855 -0.306556 -0.7651418 0.5661992 0 -0.8855978 0.464453 0 -0.8916655 0.4526949 0.3065558 -0.7651419 0.5661992 0.5636337 -0.7281137 0.3900865 0.6746393 -0.3697126 0.6388854 0.9263121 -0.3563511 0.1223107 0.7110451 -0.7015086 0.04796653 0.3179035 -0.9423441 -0.1045221 -1.43099e-7 -0.9857761 -0.1680637 -0.3179041 -0.9423441 -0.1045221 -0.7110453 -0.7015082 0.04796695 -0.9263117 -0.3563518 0.1223109 -0.4398762 0.4940935 -0.7499203 -0.8463659 0.3656963 -0.3872097 0 0.9543758 -0.2986087 0 0.4890184 -0.8722736 0.4398763 0.4940935 -0.7499203 0.846366 0.3656961 -0.3872095 0.4805698 0.8763667 -0.03216105 0.9705733 0.2278422 0.07794523 0.9370126 0.2736364 0.217096 2.26539e-7 0.986715 -0.1624606 0.8161809 0.5737404 0.06834346 1.7014e-7 0.8591817 -0.5116707 -1.54743e-7 0.9998378 0.01801759 0 0.9999935 0.00361222 0.717387 0.6949165 -0.04946637 0.9076169 0.4187437 -0.02975648 0.9067685 -0.3879691 -0.1650789 0.7764164 -0.6235155 -0.09168583 0 -0.9789597 -0.2040543 0 -0.9934418 -0.1143395 -0.7764163 -0.6235156 -0.09168583 -0.9067685 -0.3879691 -0.1650789 -0.907617 0.4187435 -0.02975648 -0.7173871 0.6949165 -0.04946637 -0.4805696 0.8763667 -0.03216117 0 0.9990825 0.04283076 -0.9705733 0.2278423 0.07794517 -0.9370126 0.2736366 0.2170959 -0.8161807 0.5737406 0.0683434 -0.2072111 -0.7203313 0.6619566 0 -0.7673279 0.641255 -6.51619e-7 -0.5339213 -0.8455343 0.2072112 -0.7203313 0.6619565 -0.006245613 -0.6424413 -0.7663094 0.3766039 -0.9123553 0.1605535 0.7420803 -0.6626027 0.1013636 0.5605722 -0.4496613 0.6953874 0.7444714 -0.1706904 0.6454666 0.5339224 -0.4233748 0.731902 0.2377355 -0.6084514 0.7571452 0 -0.931972 0.3625305 0 -0.5704529 0.8213303 -0.2377359 -0.6084513 0.7571452 -0.5605715 -0.4496629 0.6953868 -0.533923 -0.4233746 0.7319018 -0.7444714 -0.1706895 0.6454669 -0.7420788 -0.6626042 0.1013644 -0.3766034 -0.9123555 0.1605532 0.006245136 -0.6424413 -0.7663095 0 -0.3684793 -0.929636 0.1038725 -0.4138571 -0.9043964 0.3386795 -0.4447329 -0.8291617 0.5915936 -0.438629 -0.6764774 -0.5386657 -0.4931089 0.683142 -0.5903449 -0.7483601 -0.3024073 0 -0.5712651 0.8207657 0 -0.9575747 -0.2881853 0.5903452 -0.7483599 -0.3024074 0.538666 -0.4931083 0.6831421 -0.1038728 -0.413857 -0.9043964 -0.3386809 -0.444732 -0.8291615 -0.5915936 -0.4386296 -0.676477 -0.3338192 -0.8022683 -0.4949045 -0.5004894 -0.8502528 -0.1630359 -0.4688131 -0.8832926 -0.002910554 -0.3754061 -0.8831455 0.2812907 0.2585201 -0.9238128 0.2823782 0.7243163 -0.645676 0.2418025 0.7448276 -0.6670022 -0.01843941 0.7360997 -0.6536123 -0.1759211 0.6379721 -0.5942344 -0.4897725 0.2242992 -0.9056971 -0.3597261 0.1163365 -0.9814726 -0.1522412 0.125895 -0.991854 -0.01939684 0.1027355 -0.9900607 0.09604912 0.3846927 -0.9183385 0.09309113 0.3649738 -0.9305663 -0.02899152 0.3661022 -0.9179782 -0.1525951 0.4312398 -0.63424 -0.6416947 0.2637553 -0.8099288 -0.5238783 0.2285183 -0.7860625 -0.5743564 0.3205938 -0.6652764 -0.6742603 0.2326508 -0.7997267 -0.5534535 0 -0.9200467 -0.3918087 -0.2326508 -0.7997267 -0.5534536 -0.3205937 -0.6652763 -0.6742605 -0.2285183 -0.7860624 -0.5743564 -0.2637556 -0.8099287 -0.5238783 -0.4312396 -0.63424 -0.6416947 0.9375514 -0.3428544 0.05872261 0.8919915 -0.4418481 -0.09550589 0.8005303 -0.3145498 -0.5101076 0.7783635 -0.4137018 -0.4722301 0.6478214 -0.676104 -0.3510141 0.3137248 -0.8755836 -0.3673285 3.46146e-7 -0.9419149 -0.3358517 -0.3137242 -0.8755839 -0.3673284 -0.6478219 -0.6761034 -0.3510141 -0.7783635 -0.4137018 -0.4722301 -0.8005422 -0.3145532 -0.510087 -0.8919912 -0.4418489 -0.09550571 -0.9375513 -0.3428546 0.05872267 -0.8907966 -0.4223552 -0.1676232 -0.710987 -0.7031835 -0.005532562 -0.3404752 -0.9376199 0.07032507 3.26094e-7 -0.9826691 0.1853685 0.3404754 -0.9376198 0.07032495 0.7109864 -0.703184 -0.005532443 0.8907962 -0.4223558 -0.1676235 0.2295441 -0.6501953 -0.7242622 -1.82045e-7 -0.6877532 -0.7259446 -0.2295441 -0.6501954 -0.7242621 0.6449517 -0.1455903 0.7502272 0.706914 -0.4678946 0.5304219 0.7637621 -0.6396281 0.08685326 0.7547344 -0.5285726 -0.3885704 0.4661104 -0.346028 -0.8142518 -1.32567e-7 -0.3583015 -0.933606 0 -0.9086461 -0.4175674 2.8461e-7 -0.9960772 0.08848911 -1.3563e-7 -0.7683615 0.6400161 -3.58946e-7 -0.3720167 0.9282261 7.74553e-7 -0.9492284 0.3145878 -0.6449519 -0.1455902 0.750227 -0.7069141 -0.4678946 0.5304216 -0.763762 -0.6396283 0.08685326 -0.7547345 -0.5285726 -0.3885706 -0.4661104 -0.3460279 -0.8142517</float_array>
          <technique_common>
            <accessor source="#unnamed_004-mesh-normals-array" count="330" stride="3">
              <param name="X" type="float"/>
              <param name="Y" type="float"/>
              <param name="Z" type="float"/>
            </accessor>
          </technique_common>
        </source>
        <source id="unnamed_004-mesh-map-0">
          <float_array id="unnamed_004-mesh-map-0-array" count="3918">0.9502 0.1158 0.868 0.1101 0.8958 0.08749997 0.8958 0.08749997 0.868 0.1101 0.7857 0.09310001 0.8958 0.08749997 0.7857 0.09310001 0.8006 0.07529997 0.8958 0.08749997 0.8006 0.07529997 0.9162 0.04379999 0.9162 0.04379999 0.8006 0.07529997 0.8216 0.05229997 0.9162 0.04379999 0.8216 0.05229997 0.8725 0.02200001 0.8725 0.02200001 0.9431 0.005200028 0.9162 0.04379999 0.9162 0.04379999 0.9431 0.005200028 0.997 0.00150001 0.9162 0.04379999 0.997 0.00150001 0.997 0.03039997 0.997 0.03039997 0.997 0.00150001 0.9162 0.04379999 0.9162 0.04379999 0.997 0.00150001 0.9431 0.005200028 0.9162 0.04379999 0.9431 0.005200028 0.8725 0.02200001 0.9162 0.04379999 0.8725 0.02200001 0.8216 0.05229997 0.9162 0.04379999 0.8216 0.05229997 0.8006 0.07529997 0.8006 0.07529997 0.7857 0.09310001 0.8958 0.08749997 0.8006 0.07529997 0.8958 0.08749997 0.9162 0.04379999 0.9162 0.04379999 0.8958 0.08749997 0.9643 0.07709997 0.9162 0.04379999 0.9643 0.07709997 0.9709 0.0665 0.9162 0.04379999 0.9709 0.0665 0.997 0.03039997 0.997 0.03039997 0.9709 0.0665 0.997 0.05919998 0.997 0.03039997 0.997 0.05919998 0.9709 0.0665 0.997 0.03039997 0.9709 0.0665 0.9162 0.04379999 0.9162 0.04379999 0.9709 0.0665 0.9643 0.07709997 0.9162 0.04379999 0.9643 0.07709997 0.8958 0.08749997 0.8958 0.08749997 0.9643 0.07709997 0.9502 0.1158 0.9502 0.1158 0.9643 0.07709997 0.9818 0.09179997 0.9502 0.1158 0.9818 0.09179997 0.9969 0.1168 0.9969 0.1168 0.9818 0.09179997 0.997 0.09240001 0.9969 0.1168 0.997 0.09240001 0.9818 0.09179997 0.9969 0.1168 0.9818 0.09179997 0.9502 0.1158 0.9502 0.1158 0.9818 0.09179997 0.9643 0.07709997 0.9502 0.1158 0.9643 0.07709997 0.8958 0.08749997 0.9502 0.1158 0.8958 0.08749997 0.868 0.1101 0.868 0.1101 0.8958 0.08749997 0.7857 0.09310001 0.868 0.1101 0.7857 0.09310001 0.802 0.1141999 0.802 0.1141999 0.7857 0.09310001 0.7679 0.1119999 0.802 0.1141999 0.7679 0.1119999 0.7956 0.1258 0.7956 0.1258 0.7679 0.1119999 0.7801 0.1381999 0.7956 0.1258 0.7801 0.1381999 0.8038 0.1489 0.7956 0.1258 0.8038 0.1489 0.8375 0.1391 0.8375 0.1391 0.8038 0.1489 0.8635 0.1676 0.8375 0.1391 0.8635 0.1676 0.8928 0.1575 0.8928 0.1575 0.8635 0.1676 0.9174 0.1880999 0.9174 0.1880999 0.8635 0.1676 0.8698 0.1927999 0.9174 0.1880999 0.8698 0.1927999 0.8913 0.2372999 0.8913 0.2372999 0.8698 0.1927999 0.8592 0.2193 0.8913 0.2372999 0.8592 0.2193 0.7998 0.2418999 0.8913 0.2372999 0.7998 0.2418999 0.8567 0.2575 0.8567 0.2575 0.7998 0.2418999 0.7101 0.2677 0.8567 0.2575 0.7101 0.2677 0.819 0.2887 0.819 0.2887 0.7101 0.2677 0.673 0.3247 0.819 0.2887 0.673 0.3247 0.8029 0.3355 0.8029 0.3355 0.673 0.3247 0.7027 0.3937 0.8029 0.3355 0.7027 0.3937 0.8284 0.3851 0.8284 0.3851 0.7027 0.3937 0.796 0.4472 0.8284 0.3851 0.796 0.4472 0.9026 0.4419 0.9026 0.4419 0.796 0.4472 0.8889 0.465 0.9026 0.4419 0.8889 0.465 0.9977 0.4683 0.9026 0.4419 0.9977 0.4683 0.9977 0.419 0.9977 0.419 0.9977 0.4683 0.9026 0.4419 0.9977 0.419 0.9026 0.4419 0.9094 0.3811 0.9094 0.3811 0.9026 0.4419 0.8284 0.3851 0.9094 0.3811 0.8284 0.3851 0.8029 0.3355 0.9094 0.3811 0.8029 0.3355 0.9021 0.3373 0.9021 0.3373 0.8029 0.3355 0.911 0.2948001 0.911 0.2948001 0.8029 0.3355 0.819 0.2887 0.911 0.2948001 0.819 0.2887 0.9165 0.2639001 0.9165 0.2639001 0.819 0.2887 0.8567 0.2575 0.9165 0.2639001 0.8567 0.2575 0.8913 0.2372999 0.396 0.8327 0.4214 0.6125 0.2774 0.7661 0.396 0.8327 0.2774 0.7661 0.2632 0.9252 0.2632 0.9252 0.2774 0.7661 0.131 0.9136 0.2632 0.9252 0.131 0.9136 0.1483 0.9822 0.1483 0.9822 0.131 0.9136 0.006099998 0.9488 0.1483 0.9822 0.006099998 0.9488 0.006099998 0.9999 0.006099998 0.9999 0.006099998 0.9488 0.1483 0.9822 0.1483 0.9822 0.006099998 0.9488 0.131 0.9136 0.1483 0.9822 0.131 0.9136 0.2632 0.9252 0.2632 0.9252 0.131 0.9136 0.2774 0.7661 0.2632 0.9252 0.2774 0.7661 0.396 0.8327 0.396 0.8327 0.2774 0.7661 0.4214 0.6125 0.4214 0.6125 0.2774 0.7661 0.3587 0.6638 0.4214 0.6125 0.3587 0.6638 0.3641 0.4621 0.3641 0.4621 0.3587 0.6638 0.2975 0.5152 0.2975 0.5152 0.3587 0.6638 0.2601 0.7012 0.2601 0.7012 0.3587 0.6638 0.2354 0.8472 0.2601 0.7012 0.2354 0.8472 0.1315 0.7629 0.1315 0.7629 0.2354 0.8472 0.1256999 0.9024 0.1315 0.7629 0.1256999 0.9024 0.006099998 0.7707 0.006099998 0.7707 0.1256999 0.9024 0.006099998 0.9146 0.006099998 0.7707 0.006099998 0.9146 0.1256999 0.9024 0.006099998 0.7707 0.1256999 0.9024 0.1315 0.7629 0.1315 0.7629 0.1256999 0.9024 0.2354 0.8472 0.1315 0.7629 0.2354 0.8472 0.2601 0.7012 0.2601 0.7012 0.2354 0.8472 0.3587 0.6638 0.2601 0.7012 0.3587 0.6638 0.2975 0.5152 0.2975 0.5152 0.3587 0.6638 0.3641 0.4621 0.4214 0.6125 0.3641 0.4621 0.3587 0.6638 0.4214 0.6125 0.3587 0.6638 0.2774 0.7661 0.2774 0.7661 0.3587 0.6638 0.2354 0.8472 0.2774 0.7661 0.2354 0.8472 0.131 0.9136 0.131 0.9136 0.2354 0.8472 0.1256999 0.9024 0.131 0.9136 0.1256999 0.9024 0.006099998 0.9146 0.131 0.9136 0.006099998 0.9146 0.006099998 0.9488 0.006099998 0.9488 0.006099998 0.9146 0.131 0.9136 0.131 0.9136 0.006099998 0.9146 0.1256999 0.9024 0.131 0.9136 0.1256999 0.9024 0.2354 0.8472 0.131 0.9136 0.2354 0.8472 0.2774 0.7661 0.2774 0.7661 0.2354 0.8472 0.3587 0.6638 0.8913 0.2372999 0.8567 0.2575 0.9165 0.2639001 0.9165 0.2639001 0.8567 0.2575 0.819 0.2887 0.9165 0.2639001 0.819 0.2887 0.911 0.2948001 0.911 0.2948001 0.819 0.2887 0.8029 0.3355 0.911 0.2948001 0.8029 0.3355 0.9021 0.3373 0.9021 0.3373 0.8029 0.3355 0.9094 0.3811 0.9094 0.3811 0.8029 0.3355 0.8284 0.3851 0.9094 0.3811 0.8284 0.3851 0.9026 0.4419 0.9094 0.3811 0.9026 0.4419 0.9977 0.419 0.9297 0.1592 0.8928 0.1575 0.9174 0.1880999 0.9297 0.1592 0.9174 0.1880999 0.9969 0.1924999 0.9969 0.1924999 0.9174 0.1880999 0.9969 0.2335 0.9969 0.2335 0.9174 0.1880999 0.8913 0.2372999 0.9969 0.2335 0.8913 0.2372999 0.9969 0.2646 0.9969 0.2646 0.8913 0.2372999 0.9165 0.2639001 0.9969 0.2646 0.9165 0.2639001 0.9969 0.2982 0.9969 0.2982 0.9165 0.2639001 0.911 0.2948001 0.9969 0.2982 0.911 0.2948001 0.9021 0.3373 0.9969 0.2982 0.9021 0.3373 0.9969 0.3373 0.9969 0.3373 0.9021 0.3373 0.9094 0.3811 0.9969 0.3373 0.9094 0.3811 0.9969 0.3825 0.9969 0.3825 0.9094 0.3811 0.9977 0.419 0.9969 0.3825 0.9977 0.419 0.9094 0.3811 0.9969 0.3825 0.9094 0.3811 0.9969 0.3373 0.9969 0.3373 0.9094 0.3811 0.9021 0.3373 0.9969 0.3373 0.9021 0.3373 0.9969 0.2982 0.9969 0.2982 0.9021 0.3373 0.911 0.2948001 0.9969 0.2982 0.911 0.2948001 0.9969 0.2646 0.9969 0.2646 0.911 0.2948001 0.9165 0.2639001 0.9969 0.2646 0.9165 0.2639001 0.8913 0.2372999 0.9969 0.2646 0.8913 0.2372999 0.9969 0.2335 0.9969 0.2335 0.8913 0.2372999 0.9174 0.1880999 0.9969 0.2335 0.9174 0.1880999 0.9969 0.1924999 0.9969 0.1924999 0.9174 0.1880999 0.9297 0.1592 0.9297 0.1592 0.9174 0.1880999 0.8928 0.1575 0.9297 0.1592 0.8928 0.1575 0.9161 0.1333999 0.9297 0.1592 0.9161 0.1333999 0.9969 0.1608999 0.9297 0.1592 0.9969 0.1608999 0.9969 0.1924999 0.9969 0.1924999 0.9969 0.1608999 0.9297 0.1592 0.9297 0.1592 0.9969 0.1608999 0.9161 0.1333999 0.9297 0.1592 0.9161 0.1333999 0.8928 0.1575 0.8928 0.1575 0.9161 0.1333999 0.8545 0.1244 0.8928 0.1575 0.8545 0.1244 0.8375 0.1391 0.8375 0.1391 0.8545 0.1244 0.7956 0.1258 0.802 0.1141999 0.7956 0.1258 0.8545 0.1244 0.802 0.1141999 0.8545 0.1244 0.868 0.1101 0.868 0.1101 0.8545 0.1244 0.9161 0.1333999 0.868 0.1101 0.9161 0.1333999 0.9503 0.1158 0.9503 0.1158 0.9161 0.1333999 0.9969 0.1168 0.9969 0.1168 0.9161 0.1333999 0.9969 0.1353999 0.9969 0.1353999 0.9161 0.1333999 0.9969 0.1608999 0.9969 0.1353999 0.9969 0.1608999 0.9161 0.1333999 0.9969 0.1353999 0.9161 0.1333999 0.9969 0.1168 0.9969 0.1168 0.9161 0.1333999 0.9503 0.1158 0.868 0.1101 0.9503 0.1158 0.9161 0.1333999 0.868 0.1101 0.9161 0.1333999 0.8545 0.1244 0.8545 0.1244 0.9161 0.1333999 0.8928 0.1575 0.8545 0.1244 0.8928 0.1575 0.8375 0.1391 0.8375 0.1391 0.7956 0.1258 0.8545 0.1244 0.8545 0.1244 0.7956 0.1258 0.802 0.1141999 0.8545 0.1244 0.802 0.1141999 0.868 0.1101 0.868 0.1101 0.802 0.1141999 0.7857 0.09310001 0.7857 0.09310001 0.802 0.1141999 0.7679 0.1119999 0.7679 0.1119999 0.802 0.1141999 0.7956 0.1258 0.7679 0.1119999 0.7956 0.1258 0.7801 0.1381999 0.7801 0.1381999 0.7956 0.1258 0.8038 0.1489 0.8038 0.1489 0.7956 0.1258 0.8375 0.1391 0.8038 0.1489 0.8375 0.1391 0.8635 0.1676 0.8635 0.1676 0.8375 0.1391 0.8928 0.1575 0.8635 0.1676 0.8928 0.1575 0.9174 0.1880999 0.8635 0.1676 0.9174 0.1880999 0.8698 0.1927999 0.8698 0.1927999 0.9174 0.1880999 0.8913 0.2372999 0.8698 0.1927999 0.8913 0.2372999 0.8592 0.2193 0.8592 0.2193 0.8913 0.2372999 0.7998 0.2418999 0.7998 0.2418999 0.8913 0.2372999 0.8567 0.2575 0.7998 0.2418999 0.8567 0.2575 0.7101 0.2677 0.7101 0.2677 0.8567 0.2575 0.819 0.2887 0.7101 0.2677 0.819 0.2887 0.673 0.3247 0.673 0.3247 0.819 0.2887 0.8029 0.3355 0.673 0.3247 0.8029 0.3355 0.7027 0.3937 0.7027 0.3937 0.8029 0.3355 0.8284 0.3851 0.7027 0.3937 0.8284 0.3851 0.796 0.4472 0.796 0.4472 0.8284 0.3851 0.9026 0.4419 0.796 0.4472 0.9026 0.4419 0.8889 0.465 0.8889 0.465 0.9026 0.4419 0.9977 0.4683 0.3238 0.3729 0.3194 0.3666 0.3149 0.3729 0.3149 0.3729 0.3194 0.3666 0.3075 0.3666 0.3149 0.3729 0.3075 0.3666 0.3038 0.3742 0.3149 0.3729 0.3038 0.3742 0.303 0.3826 0.3149 0.3729 0.303 0.3826 0.3147 0.3826 0.3147 0.3826 0.303 0.3826 0.3048 0.394 0.3147 0.3826 0.3048 0.394 0.3149 0.3923 0.3149 0.3923 0.3048 0.394 0.3194 0.3969 0.3149 0.3923 0.3194 0.3969 0.3238 0.3923 0.3238 0.3923 0.3194 0.3969 0.334 0.394 0.3238 0.3923 0.334 0.394 0.3357 0.3826 0.3238 0.3923 0.3357 0.3826 0.324 0.3826 0.324 0.3826 0.3357 0.3826 0.3349 0.3742 0.324 0.3826 0.3349 0.3742 0.3238 0.3729 0.3238 0.3729 0.3349 0.3742 0.3314 0.3666 0.3238 0.3729 0.3314 0.3666 0.3194 0.3666 0.3194 0.3666 0.3314 0.3666 0.3194 0.363 0.3194 0.3666 0.3194 0.363 0.3075 0.3666 0.3075 0.3666 0.3194 0.363 0.3127 0.363 0.3075 0.3666 0.3127 0.363 0.3048 0.3666 0.3075 0.3666 0.3048 0.3666 0.3038 0.3742 0.3038 0.3742 0.3048 0.3666 0.3002 0.3742 0.3038 0.3742 0.3002 0.3742 0.2992 0.3826 0.3038 0.3742 0.2992 0.3826 0.303 0.3826 0.303 0.3826 0.2992 0.3826 0.3014 0.394 0.303 0.3826 0.3014 0.394 0.3048 0.394 0.3048 0.394 0.3014 0.394 0.3097 0.401 0.3048 0.394 0.3097 0.401 0.3195 0.4013 0.3048 0.394 0.3195 0.4013 0.3194 0.3969 0.3194 0.3969 0.3195 0.4013 0.3296 0.401 0.3194 0.3969 0.3296 0.401 0.334 0.394 0.334 0.394 0.3296 0.401 0.3374 0.394 0.334 0.394 0.3374 0.394 0.3357 0.3826 0.3357 0.3826 0.3374 0.394 0.3396 0.3826 0.3357 0.3826 0.3396 0.3826 0.3386 0.3742 0.3357 0.3826 0.3386 0.3742 0.3349 0.3742 0.3349 0.3742 0.3386 0.3742 0.3342 0.3666 0.3349 0.3742 0.3342 0.3666 0.3314 0.3666 0.3314 0.3666 0.3342 0.3666 0.3261 0.363 0.3314 0.3666 0.3261 0.363 0.3194 0.363 0.3131 0.3755 0.3127 0.3816 0.3124 0.376 0.3131 0.3755 0.3124 0.376 0.3123 0.3699 0.3123 0.3699 0.3124 0.376 0.3116 0.3709 0.3123 0.3699 0.3116 0.3709 0.3089 0.3684 0.3123 0.3699 0.3089 0.3684 0.3093 0.3672 0.3093 0.3672 0.3089 0.3684 0.3066 0.3678 0.3093 0.3672 0.3066 0.3678 0.3066 0.3666 0.3066 0.3666 0.3066 0.3678 0.3044 0.3682 0.3066 0.3666 0.3044 0.3682 0.3041 0.3671 0.3041 0.3671 0.3044 0.3682 0.301 0.3697 0.301 0.3697 0.3044 0.3682 0.3017 0.3706 0.301 0.3697 0.3017 0.3706 0.3002 0.3756 0.301 0.3697 0.3002 0.3756 0.2993 0.3751 0.2993 0.3751 0.3002 0.3756 0.2988 0.3813 0.2988 0.3813 0.3002 0.3756 0.2998 0.3813 0.2988 0.3813 0.2998 0.3813 0.2995 0.3897 0.2995 0.3897 0.2998 0.3813 0.3003 0.389 0.2995 0.3897 0.3003 0.389 0.3023 0.3948 0.3023 0.3948 0.3003 0.389 0.3028 0.3937 0.3023 0.3948 0.3028 0.3937 0.306 0.3957 0.306 0.3957 0.3028 0.3937 0.306 0.3945 0.306 0.3957 0.306 0.3945 0.3099 0.395 0.3099 0.395 0.306 0.3945 0.3095 0.3939 0.3099 0.395 0.3095 0.3939 0.3131 0.39 0.3131 0.39 0.3095 0.3939 0.3124 0.3893 0.3131 0.39 0.3124 0.3893 0.3131 0.3817 0.3131 0.3817 0.3124 0.3893 0.3127 0.3816 0.3131 0.3817 0.3127 0.3816 0.3131 0.3755 0.3131 0.3817 0.3131 0.3755 0.3135 0.3816 0.3135 0.3816 0.3131 0.3755 0.3138 0.376 0.3138 0.376 0.3131 0.3755 0.3139 0.3699 0.3138 0.376 0.3139 0.3699 0.3146 0.3709 0.3146 0.3709 0.3139 0.3699 0.3173 0.3684 0.3173 0.3684 0.3139 0.3699 0.3169 0.3672 0.3173 0.3684 0.3169 0.3672 0.3196 0.3678 0.3196 0.3678 0.3169 0.3672 0.3196 0.3666 0.3196 0.3678 0.3196 0.3666 0.3218 0.3682 0.3218 0.3682 0.3196 0.3666 0.3221 0.3671 0.3218 0.3682 0.3221 0.3671 0.3252 0.3697 0.3218 0.3682 0.3252 0.3697 0.3245 0.3706 0.3245 0.3706 0.3252 0.3697 0.326 0.3756 0.326 0.3756 0.3252 0.3697 0.3269 0.3751 0.326 0.3756 0.3269 0.3751 0.3274 0.3813 0.326 0.3756 0.3274 0.3813 0.3265 0.3813 0.3265 0.3813 0.3274 0.3813 0.3267 0.3897 0.3265 0.3813 0.3267 0.3897 0.3259 0.389 0.3259 0.389 0.3267 0.3897 0.3239 0.3948 0.3259 0.389 0.3239 0.3948 0.3234 0.3937 0.3234 0.3937 0.3239 0.3948 0.3202 0.3957 0.3234 0.3937 0.3202 0.3957 0.3202 0.3945 0.3202 0.3945 0.3202 0.3957 0.3163 0.395 0.3202 0.3945 0.3163 0.395 0.3167 0.3939 0.3167 0.3939 0.3163 0.395 0.3131 0.39 0.3167 0.3939 0.3131 0.39 0.3138 0.3893 0.3138 0.3893 0.3131 0.39 0.3131 0.3817 0.3138 0.3893 0.3131 0.3817 0.3135 0.3816 0.1205 0.2164 0.1903 0.1661999 0.0927 0.1661999 0.1205 0.2164 0.0927 0.1661999 0.006099998 0.2224999 0.006099998 0.2224999 0.0927 0.1661999 0.006099998 0.1661999 0.006099998 0.2224999 0.006099998 0.1661999 0.0927 0.1661999 0.006099998 0.2224999 0.0927 0.1661999 0.1205 0.2164 0.1205 0.2164 0.0927 0.1661999 0.1903 0.1661999 0.1205 0.2164 0.1903 0.1661999 0.1835 0.2123 0.1205 0.2164 0.1835 0.2123 0.187 0.2459 0.311 0.1869 0.1835 0.2123 0.1903 0.1661999 0.311 0.1869 0.1903 0.1661999 0.2455 0.1308 0.2455 0.1308 0.1903 0.1661999 0.1893 0.1341999 0.1893 0.1341999 0.1903 0.1661999 0.0927 0.1661999 0.1893 0.1341999 0.0927 0.1661999 0.09609997 0.1326999 0.09609997 0.1326999 0.0927 0.1661999 0.006099998 0.1661999 0.09609997 0.1326999 0.006099998 0.1661999 0.006099998 0.136 0.006099998 0.136 0.006099998 0.1661999 0.09609997 0.1326999 0.09609997 0.1326999 0.006099998 0.1661999 0.0927 0.1661999 0.09609997 0.1326999 0.0927 0.1661999 0.1893 0.1341999 0.1893 0.1341999 0.0927 0.1661999 0.1903 0.1661999 0.1893 0.1341999 0.1903 0.1661999 0.2455 0.1308 0.2455 0.1308 0.1903 0.1661999 0.311 0.1869 0.311 0.1869 0.1903 0.1661999 0.1835 0.2123 0.1835 0.2123 0.1903 0.1661999 0.1205 0.2164 0.1835 0.2123 0.1205 0.2164 0.187 0.2459 0.4484 0.8716 0.4442 0.8755 0.4545 0.8766 0.4484 0.8716 0.4545 0.8766 0.4545 0.8701 0.4545 0.8701 0.4545 0.8766 0.4484 0.8716 0.4484 0.8716 0.4545 0.8766 0.4442 0.8755 0.4442 0.8755 0.4545 0.8766 0.4472 0.8815 0.4442 0.8755 0.4472 0.8815 0.4436 0.883 0.4436 0.883 0.4472 0.8815 0.4459 0.8936 0.4459 0.8936 0.4472 0.8815 0.4545 0.892 0.4459 0.8936 0.4545 0.892 0.448 0.8985 0.448 0.8985 0.4545 0.892 0.4545 0.9008 0.448 0.8985 0.4545 0.9008 0.4501 0.9035 0.6186 0.6667 0.6181 0.7923 0.6454 0.7923 0.6186 0.6667 0.6454 0.7923 0.6454 0.6667 0.6454 0.6667 0.6454 0.7923 0.6873 0.7923 0.6454 0.6667 0.6873 0.7923 0.6825 0.6667 0.6825 0.6667 0.6873 0.7923 0.7283 0.7923 0.6825 0.6667 0.7283 0.7923 0.7144 0.6667 0.7144 0.6667 0.7283 0.7923 0.6825 0.6667 0.6825 0.6667 0.7283 0.7923 0.6873 0.7923 0.6825 0.6667 0.6873 0.7923 0.6454 0.6667 0.6454 0.6667 0.6873 0.7923 0.6454 0.7923 0.6454 0.6667 0.6454 0.7923 0.6186 0.6667 0.6186 0.6667 0.6454 0.7923 0.6181 0.7923 0.6181 0.7923 0.6454 0.7923 0.6454 0.8874 0.6181 0.7923 0.6454 0.8874 0.6183 0.8874 0.6181 0.7923 0.6183 0.8874 0.6454 0.8874 0.6181 0.7923 0.6454 0.8874 0.6454 0.7923 0.6454 0.7923 0.6454 0.8874 0.6837 0.8867 0.6454 0.7923 0.6837 0.8867 0.6873 0.7923 0.6873 0.7923 0.6837 0.8867 0.7245 0.887 0.6873 0.7923 0.7245 0.887 0.7283 0.7923 0.7283 0.7923 0.7245 0.887 0.7511 0.8864 0.7283 0.7923 0.7511 0.8864 0.7245 0.887 0.7283 0.7923 0.7245 0.887 0.6873 0.7923 0.6873 0.7923 0.7245 0.887 0.6837 0.8867 0.6873 0.7923 0.6837 0.8867 0.6454 0.7923 0.6454 0.7923 0.6837 0.8867 0.6454 0.8874 0.4472 0.8815 0.4545 0.892 0.4545 0.883 0.4545 0.883 0.4545 0.892 0.4472 0.8815 0.4545 0.883 0.4472 0.8815 0.4545 0.8766 0.4545 0.883 0.4545 0.8766 0.4472 0.8815 0.4472 0.8815 0.4545 0.8766 0.4442 0.8755 0.4472 0.8815 0.4442 0.8755 0.4436 0.883 0.4472 0.8815 0.4436 0.883 0.4459 0.8936 0.4472 0.8815 0.4459 0.8936 0.4545 0.892 0.4545 0.892 0.4459 0.8936 0.448 0.8985 0.4545 0.892 0.448 0.8985 0.4545 0.9008 0.4545 0.9008 0.448 0.8985 0.4501 0.9035 0.4545 0.9008 0.4501 0.9035 0.4545 0.903 0.4545 0.903 0.4501 0.9035 0.4523 0.9069 0.2347 0.3193 0.2388 0.3189 0.2388 0.3252 0.2388 0.3252 0.2388 0.3189 0.2347 0.3193 0.2388 0.3252 0.2347 0.3193 0.2332 0.3238 0.2332 0.3238 0.2347 0.3193 0.2301999 0.3166 0.2332 0.3238 0.2301999 0.3166 0.215 0.3089 0.215 0.3089 0.2301999 0.3166 0.2315 0.3108 0.215 0.3089 0.2315 0.3108 0.2167 0.3125 0.2167 0.3125 0.2315 0.3108 0.2225 0.3167 0.2225 0.3167 0.2315 0.3108 0.2309 0.3178 0.2309 0.3178 0.2315 0.3108 0.2388 0.3111 0.2309 0.3178 0.2388 0.3111 0.2388 0.3177 0.2388 0.3177 0.2388 0.3111 0.2309 0.3178 0.2309 0.3178 0.2388 0.3111 0.2315 0.3108 0.2309 0.3178 0.2315 0.3108 0.2225 0.3167 0.2225 0.3167 0.2315 0.3108 0.2167 0.3125 0.2167 0.3125 0.2315 0.3108 0.215 0.3089 0.215 0.3089 0.2315 0.3108 0.2301999 0.3166 0.215 0.3089 0.2301999 0.3166 0.2332 0.3238 0.2332 0.3238 0.2301999 0.3166 0.2347 0.3193 0.2332 0.3238 0.2347 0.3193 0.2388 0.3252 0.2332 0.3238 0.2388 0.3252 0.2388 0.3196 0.2388 0.3196 0.2388 0.3252 0.2332 0.3238 0.2388 0.3196 0.2332 0.3238 0.2309 0.3192 0.2309 0.3192 0.2332 0.3238 0.2225 0.3181 0.2225 0.3181 0.2332 0.3238 0.2168 0.3135 0.2168 0.3135 0.2332 0.3238 0.215 0.3089 0.3111 0.2418 0.3112 0.2408 0.3185 0.2396 0.3185 0.2396 0.3112 0.2408 0.3185 0.2378 0.3185 0.2396 0.3185 0.2378 0.3112 0.2408 0.3185 0.2396 0.3112 0.2408 0.3111 0.2418 0.3111 0.2418 0.3112 0.2408 0.3061 0.2532 0.3061 0.2532 0.3112 0.2408 0.3185 0.2378 0.3061 0.2532 0.3185 0.2378 0.3185 0.2477999 0.3185 0.2477999 0.3185 0.2378 0.3061 0.2532 0.3061 0.2532 0.3185 0.2378 0.3112 0.2408 0.3061 0.2532 0.3112 0.2408 0.3111 0.2418 0.3061 0.2532 0.3111 0.2418 0.3038 0.2556 0.3038 0.2556 0.3111 0.2418 0.3115 0.2536 0.3115 0.2536 0.3111 0.2418 0.3185 0.2396 0.3115 0.2536 0.3185 0.2396 0.3185 0.2538 0.3185 0.2538 0.3185 0.2396 0.3115 0.2536 0.3115 0.2536 0.3185 0.2396 0.3111 0.2418 0.3115 0.2536 0.3111 0.2418 0.3038 0.2556 0.3038 0.2556 0.3111 0.2418 0.3061 0.2532 0.2388 0.3196 0.2309 0.3192 0.2332 0.3238 0.2332 0.3238 0.2309 0.3192 0.2225 0.3181 0.2332 0.3238 0.2225 0.3181 0.2168 0.3135 0.2332 0.3238 0.2168 0.3135 0.215 0.3089 0.3127 0.363 0.3194 0.363 0.3075 0.3666 0.3127 0.363 0.3075 0.3666 0.3048 0.3666 0.3048 0.3666 0.3075 0.3666 0.3038 0.3742 0.3048 0.3666 0.3038 0.3742 0.3002 0.3742 0.3002 0.3742 0.3038 0.3742 0.2992 0.3826 0.2992 0.3826 0.3038 0.3742 0.303 0.3826 0.2992 0.3826 0.303 0.3826 0.3014 0.394 0.3014 0.394 0.303 0.3826 0.3048 0.394 0.3014 0.394 0.3048 0.394 0.3097 0.401 0.3097 0.401 0.3048 0.394 0.3195 0.4013 0.3195 0.4013 0.3048 0.394 0.3194 0.3969 0.3195 0.4013 0.3194 0.3969 0.3296 0.401 0.3296 0.401 0.3194 0.3969 0.334 0.394 0.3296 0.401 0.334 0.394 0.3374 0.394 0.3374 0.394 0.334 0.394 0.3357 0.3826 0.3374 0.394 0.3357 0.3826 0.3396 0.3826 0.3396 0.3826 0.3357 0.3826 0.3386 0.3742 0.3386 0.3742 0.3357 0.3826 0.3349 0.3742 0.3386 0.3742 0.3349 0.3742 0.3342 0.3666 0.3342 0.3666 0.3349 0.3742 0.3314 0.3666 0.3342 0.3666 0.3314 0.3666 0.3261 0.363 0.3261 0.363 0.3314 0.3666 0.3194 0.363 0.3194 0.363 0.3314 0.3666 0.3194 0.3666 0.3194 0.363 0.3194 0.3666 0.3075 0.3666 0.3075 0.3666 0.3194 0.3666 0.3149 0.3729 0.3075 0.3666 0.3149 0.3729 0.3038 0.3742 0.3038 0.3742 0.3149 0.3729 0.303 0.3826 0.303 0.3826 0.3149 0.3729 0.3147 0.3826 0.303 0.3826 0.3147 0.3826 0.3048 0.394 0.3048 0.394 0.3147 0.3826 0.3149 0.3923 0.3048 0.394 0.3149 0.3923 0.3194 0.3969 0.3194 0.3969 0.3149 0.3923 0.3238 0.3923 0.3194 0.3969 0.3238 0.3923 0.334 0.394 0.334 0.394 0.3238 0.3923 0.3357 0.3826 0.3357 0.3826 0.3238 0.3923 0.324 0.3826 0.3357 0.3826 0.324 0.3826 0.3349 0.3742 0.3349 0.3742 0.324 0.3826 0.3238 0.3729 0.3349 0.3742 0.3238 0.3729 0.3314 0.3666 0.3314 0.3666 0.3238 0.3729 0.3194 0.3666 0.3194 0.3666 0.3238 0.3729 0.3149 0.3729 0.1926 0.4229 0.2492 0.4222 0.2422 0.4484 0.2422 0.4484 0.2492 0.4222 0.3641 0.4621 0.2422 0.4484 0.3641 0.4621 0.2975 0.5152 0.2422 0.4484 0.2975 0.5152 0.2043 0.504 0.2043 0.504 0.2975 0.5152 0.2045 0.5868 0.2045 0.5868 0.2975 0.5152 0.2601 0.7012 0.2045 0.5868 0.2601 0.7012 0.1748 0.6378 0.1748 0.6378 0.2601 0.7012 0.1227 0.6605 0.1227 0.6605 0.2601 0.7012 0.1315 0.7629 0.1227 0.6605 0.1315 0.7629 0.006099998 0.6821 0.006099998 0.6821 0.1315 0.7629 0.006099998 0.7707 0.006099998 0.6821 0.006099998 0.7707 0.1315 0.7629 0.006099998 0.6821 0.1315 0.7629 0.1227 0.6605 0.1227 0.6605 0.1315 0.7629 0.2601 0.7012 0.1227 0.6605 0.2601 0.7012 0.1748 0.6378 0.1748 0.6378 0.2601 0.7012 0.2045 0.5868 0.2045 0.5868 0.2601 0.7012 0.2975 0.5152 0.2045 0.5868 0.2975 0.5152 0.2043 0.504 0.2043 0.504 0.2975 0.5152 0.2422 0.4484 0.2422 0.4484 0.2975 0.5152 0.3641 0.4621 0.2422 0.4484 0.3641 0.4621 0.2492 0.4222 0.2422 0.4484 0.2492 0.4222 0.1926 0.4229 0.2455 0.1308 0.2745 0.1184999 0.3103 0.142 0.2455 0.1308 0.3103 0.142 0.311 0.1869 0.311 0.1869 0.3103 0.142 0.3517 0.1629999 0.3517 0.1629999 0.3103 0.142 0.364 0.08640003 0.364 0.08640003 0.3103 0.142 0.3035 0.08679997 0.364 0.08640003 0.3035 0.08679997 0.2968 0.01609998 0.2968 0.01609998 0.3035 0.08679997 0.2653 0.07630002 0.2968 0.01609998 0.2653 0.07630002 0.2541 0.01609998 0.2541 0.01609998 0.2653 0.07630002 0.2299 0.01609998 0.2299 0.01609998 0.2653 0.07630002 0.2444 0.06749999 0.2299 0.01609998 0.2444 0.06749999 0.1866 0.06760001 0.2299 0.01609998 0.1866 0.06760001 0.1745 0.01609998 0.1745 0.01609998 0.1866 0.06760001 0.09289997 0.07130002 0.1745 0.01609998 0.09289997 0.07130002 0.08889997 0.01609998 0.08889997 0.01609998 0.09289997 0.07130002 0.006099998 0.07139998 0.08889997 0.01609998 0.006099998 0.07139998 0.006099998 0.01609998 0.006099998 0.01609998 0.006099998 0.07139998 0.08889997 0.01609998 0.08889997 0.01609998 0.006099998 0.07139998 0.09289997 0.07130002 0.08889997 0.01609998 0.09289997 0.07130002 0.1745 0.01609998 0.1745 0.01609998 0.09289997 0.07130002 0.1866 0.06760001 0.1745 0.01609998 0.1866 0.06760001 0.2299 0.01609998 0.2299 0.01609998 0.1866 0.06760001 0.2444 0.06749999 0.2299 0.01609998 0.2444 0.06749999 0.2653 0.07630002 0.2299 0.01609998 0.2653 0.07630002 0.2541 0.01609998 0.2541 0.01609998 0.2653 0.07630002 0.2968 0.01609998 0.2968 0.01609998 0.2653 0.07630002 0.3035 0.08679997 0.2968 0.01609998 0.3035 0.08679997 0.364 0.08640003 0.364 0.08640003 0.3035 0.08679997 0.3103 0.142 0.364 0.08640003 0.3103 0.142 0.3517 0.1629999 0.3517 0.1629999 0.3103 0.142 0.311 0.1869 0.311 0.1869 0.3103 0.142 0.2455 0.1308 0.2455 0.1308 0.3103 0.142 0.2745 0.1184999 0.2745 0.1184999 0.2653 0.07630002 0.249 0.1118 0.249 0.1118 0.2653 0.07630002 0.2444 0.06749999 0.249 0.1118 0.2444 0.06749999 0.1866 0.06760001 0.249 0.1118 0.1866 0.06760001 0.1885 0.1108 0.1885 0.1108 0.1866 0.06760001 0.09289997 0.07130002 0.1885 0.1108 0.09289997 0.07130002 0.097 0.1096 0.097 0.1096 0.09289997 0.07130002 0.006099998 0.07139998 0.097 0.1096 0.006099998 0.07139998 0.007999956 0.1133999 0.007999956 0.1133999 0.006099998 0.07139998 0.097 0.1096 0.097 0.1096 0.006099998 0.07139998 0.09289997 0.07130002 0.097 0.1096 0.09289997 0.07130002 0.1885 0.1108 0.1885 0.1108 0.09289997 0.07130002 0.1866 0.06760001 0.1885 0.1108 0.1866 0.06760001 0.249 0.1118 0.249 0.1118 0.1866 0.06760001 0.2444 0.06749999 0.249 0.1118 0.2444 0.06749999 0.2653 0.07630002 0.249 0.1118 0.2653 0.07630002 0.2745 0.1184999 0.307 0.1129 0.3037 0.1287 0.3028 0.1137999 0.307 0.1129 0.3028 0.1137999 0.2936 0.1011999 0.2057 0.115 0.2046 0.1136 0.2056 0.1172999 0.2057 0.115 0.2056 0.1172999 0.2089 0.1191999 0.2089 0.1191999 0.2056 0.1172999 0.2089 0.1216 0.02649998 0.2824 0.006099998 0.2224999 0.06319999 0.2488999 0.06319999 0.2488999 0.006099998 0.2224999 0.09549999 0.2409999 0.09549999 0.2409999 0.006099998 0.2224999 0.1205 0.2164 0.09549999 0.2409999 0.1205 0.2164 0.1131 0.253 0.1131 0.253 0.1205 0.2164 0.1287 0.2864 0.1287 0.2864 0.1205 0.2164 0.187 0.2459 0.1287 0.2864 0.187 0.2459 0.1351 0.3461 0.1351 0.3461 0.187 0.2459 0.1926 0.4229 0.1351 0.3461 0.1926 0.4229 0.131 0.4313001 0.131 0.4313001 0.1926 0.4229 0.2422 0.4484 0.131 0.4313001 0.2422 0.4484 0.08509999 0.4419 0.08509999 0.4419 0.2422 0.4484 0.2043 0.504 0.08509999 0.4419 0.2043 0.504 0.2045 0.5868 0.08509999 0.4419 0.2045 0.5868 0.1049 0.535 0.1049 0.535 0.2045 0.5868 0.1748 0.6378 0.1049 0.535 0.1748 0.6378 0.08619999 0.5441 0.08619999 0.5441 0.1748 0.6378 0.1227 0.6605 0.08619999 0.5441 0.1227 0.6605 0.05689996 0.5416 0.05689996 0.5416 0.1227 0.6605 0.04639995 0.6421 0.04639995 0.6421 0.1227 0.6605 0.006099998 0.6821 0.04639995 0.6421 0.006099998 0.6821 0.006099998 0.5854 0.04639995 0.6421 0.006099998 0.5854 0.05689996 0.5416 0.05689996 0.5416 0.006099998 0.5854 0.003499984 0.51 0.05689996 0.5416 0.003499984 0.51 0.006099998 0.5854 0.05689996 0.5416 0.006099998 0.5854 0.04639995 0.6421 0.04639995 0.6421 0.006099998 0.5854 0.006099998 0.6821 0.04639995 0.6421 0.006099998 0.6821 0.1227 0.6605 0.04639995 0.6421 0.1227 0.6605 0.05689996 0.5416 0.05689996 0.5416 0.1227 0.6605 0.08619999 0.5441 0.08619999 0.5441 0.1227 0.6605 0.1748 0.6378 0.08619999 0.5441 0.1748 0.6378 0.1049 0.535 0.1049 0.535 0.1748 0.6378 0.2045 0.5868 0.1049 0.535 0.2045 0.5868 0.08509999 0.4419 0.08509999 0.4419 0.2045 0.5868 0.2043 0.504 0.08509999 0.4419 0.2043 0.504 0.2422 0.4484 0.08509999 0.4419 0.2422 0.4484 0.131 0.4313001 0.131 0.4313001 0.2422 0.4484 0.1926 0.4229 0.131 0.4313001 0.1926 0.4229 0.1351 0.3461 0.1351 0.3461 0.1926 0.4229 0.187 0.2459 0.1351 0.3461 0.187 0.2459 0.1287 0.2864 0.1287 0.2864 0.187 0.2459 0.1205 0.2164 0.1287 0.2864 0.1205 0.2164 0.1131 0.253 0.1131 0.253 0.1205 0.2164 0.09549999 0.2409999 0.09549999 0.2409999 0.1205 0.2164 0.006099998 0.2224999 0.09549999 0.2409999 0.006099998 0.2224999 0.06319999 0.2488999 0.06319999 0.2488999 0.006099998 0.2224999 0.02649998 0.2824 0.02649998 0.2824 0.006099998 0.2224999 0.006099998 0.2751 0.215 0.1179 0.215 0.1179 0.215 0.1179 0.215 0.1179 0.215 0.1179 0.215 0.1179 0.2052 0.1254 0.2052 0.1179 0.215 0.1179 0.2052 0.1254 0.215 0.1179 0.215 0.1252999 0.215 0.1252999 0.215 0.1179 0.2052 0.1254 0.2052 0.1254 0.215 0.1179 0.2052 0.1179 0.2046 0.1136 0.2056 0.1195999 0.2056 0.1183 0.2056 0.1183 0.2056 0.1195999 0.2088 0.1262 0.2056 0.1183 0.2088 0.1262 0.2089 0.1229 0.2089 0.1229 0.2088 0.1262 0.2136 0.1279 0.2089 0.1229 0.2136 0.1279 0.2138 0.1240999 0.2138 0.1240999 0.2136 0.1279 0.2183 0.1280999 0.2138 0.1240999 0.2183 0.1280999 0.2183 0.1244999 0.2183 0.1244999 0.2183 0.1280999 0.2138 0.1240999 0.2138 0.1240999 0.2183 0.1280999 0.2136 0.1279 0.2138 0.1240999 0.2136 0.1279 0.2089 0.1229 0.2089 0.1229 0.2136 0.1279 0.2088 0.1262 0.2089 0.1229 0.2088 0.1262 0.2056 0.1183 0.2056 0.1183 0.2088 0.1262 0.2056 0.1195999 0.2056 0.1183 0.2056 0.1195999 0.2046 0.1136 0.2046 0.1136 0.2057 0.115 0.2056 0.1172999 0.2056 0.1172999 0.2057 0.115 0.2089 0.1191999 0.2056 0.1172999 0.2089 0.1191999 0.2089 0.1216 0.3289 0.3625 0.3099 0.3625 0.3099 0.3819 0.3289 0.3625 0.3099 0.3819 0.3289 0.3819 0.3289 0.3819 0.3099 0.3819 0.3289 0.4013 0.3289 0.4013 0.3099 0.3819 0.3099 0.4013 0.3289 0.4013 0.3099 0.4013 0.3289 0.3819 0.3289 0.3819 0.3099 0.4013 0.3099 0.3819 0.3289 0.3819 0.3099 0.3819 0.3289 0.3625 0.3289 0.3625 0.3099 0.3819 0.3099 0.3625 0.2619 0.9401 0.3146 0.953 0.3034 0.9128 0.3034 0.9128 0.3146 0.953 0.3448 0.8855 0.3448 0.8855 0.3146 0.953 0.3477 0.944 0.3448 0.8855 0.3477 0.944 0.4328 0.8553 0.4328 0.8553 0.3477 0.944 0.4154 0.9329 0.4328 0.8553 0.4154 0.9329 0.4686 0.9358 0.4328 0.8553 0.4686 0.9358 0.4962 0.8629 0.4962 0.8629 0.4686 0.9358 0.4988 0.9502 0.4962 0.8629 0.4988 0.9502 0.5284 0.9181 0.5284 0.9181 0.4988 0.9502 0.5406 0.9966 0.5005 0.9966 0.5406 0.9966 0.4988 0.9502 0.5005 0.9966 0.4988 0.9502 0.4623 0.9966 0.4623 0.9966 0.4988 0.9502 0.4686 0.9358 0.4623 0.9966 0.4686 0.9358 0.4154 0.9329 0.4623 0.9966 0.4154 0.9329 0.4105 0.9966 0.4105 0.9966 0.4154 0.9329 0.3479 0.9966 0.3479 0.9966 0.4154 0.9329 0.3477 0.944 0.3479 0.9966 0.3477 0.944 0.3149 0.9966 0.3149 0.9966 0.3477 0.944 0.3146 0.953 0.3149 0.9966 0.3146 0.953 0.2815 0.962 0.3149 0.9966 0.2815 0.962 0.2819 0.9966 0.2819 0.9966 0.2815 0.962 0.2253 0.9825 0.2819 0.9966 0.2253 0.9825 0.2815 0.962 0.2815 0.962 0.3034 0.9128 0.3146 0.953 0.3146 0.953 0.3034 0.9128 0.3448 0.8855 0.3146 0.953 0.3448 0.8855 0.3477 0.944 0.3477 0.944 0.3448 0.8855 0.4328 0.8553 0.3477 0.944 0.4328 0.8553 0.4154 0.9329 0.4154 0.9329 0.4328 0.8553 0.4686 0.9358 0.4686 0.9358 0.4328 0.8553 0.4962 0.8629 0.4686 0.9358 0.4962 0.8629 0.4988 0.9502 0.4988 0.9502 0.4962 0.8629 0.5284 0.9181 0.4988 0.9502 0.5284 0.9181 0.5406 0.9966 0.5406 0.9966 0.5005 0.9966 0.4988 0.9502 0.4988 0.9502 0.5005 0.9966 0.4623 0.9966 0.4988 0.9502 0.4623 0.9966 0.4686 0.9358 0.4686 0.9358 0.4623 0.9966 0.4154 0.9329 0.4154 0.9329 0.4623 0.9966 0.4105 0.9966 0.4154 0.9329 0.4105 0.9966 0.3479 0.9966 0.4154 0.9329 0.3479 0.9966 0.3477 0.944 0.3477 0.944 0.3479 0.9966 0.3149 0.9966 0.3477 0.944 0.3149 0.9966 0.3146 0.953 0.3146 0.953 0.3149 0.9966 0.2815 0.962 0.2815 0.962 0.3149 0.9966 0.2819 0.9966 0.2936 0.1011999 0.3028 0.1137999 0.307 0.1129 0.307 0.1129 0.3028 0.1137999 0.3037 0.1287 0.215 0.1179 0.215 0.1179 0.215 0.1179 0.215 0.1179 0.215 0.1179 0.215 0.1179</float_array>
          <technique_common>
            <accessor source="#unnamed_004-mesh-map-0-array" count="1959" stride="2">
              <param name="S" type="float"/>
              <param name="T" type="float"/>
            </accessor>
          </technique_common>
        </source>
        <source id="unnamed_004-mesh-colors-Col" name="Col">
          <float_array id="unnamed_004-mesh-colors-Col-array" count="7836">0 0 0 1 0 0 0 1 0 0 0 1 0 0 0 1 0 0 0 1 0 0 0 1 0 0 0 1 0 0 0 1 0 0 0 1 0 0 0 1 0 0 0 1 0 0 0 1 0 0 0 1 0 0 0 1 0 0 0 1 0 0 0 1 0 0 0 1 0 0 0 1 0 0 0 1 0 0 0 1 0 0 0 1 0 0 0 1 0 0 0 1 0 0 0 1 0 0 0 1 0 0 0 1 0 0 0 1 0 0 0 1 0 0 0 1 0 0 0 1 0 0 0 1 0 0 0 1 0 0 0 1 0 0 0 1 0 0 0 1 0 0 0 1 0 0 0 1 0 0 0 1 0 0 0 1 0 0 0 1 0 0 0 1 0 0 0 1 0 0 0 1 0 0 0 1 0 0 0 1 0 0 0 1 0 0 0 1 0 0 0 1 0 0 0 1 0 0 0 1 0 0 0 1 0 0 0 1 0 0 0 1 0 0 0 1 0 0 0 1 0 0 0 1 0 0 0 1 0 0 0 1 0 0 0 1 0 0 0 1 0 0 0 1 0 0 0 1 0 0 0 1 0 0 0 1 0 0 0 1 0 0 0 1 0 0 0 1 0 0 0 1 0 0 0 1 0 0 0 1 0 0 0 1 0 0 0 1 0 0 0 1 0 0 0 1 0 0 0 1 0 0 0 1 0 0 0 1 0 0 0 1 0 0 0 1 0 0 0 1 0 0 0 1 0 0 0 1 0 0 0 1 0 0 0 1 0 0 0 1 0 0 0 1 0 0 0 1 0 0 0 1 0 0 0 1 0 0 0 1 0 0 0 1 0 0 0 1 0 0 0 1 0 0 0 1 0 0 0 1 0 0 0 1 0 0 0 1 0 0 0 1 0 0 0 1 0 0 0 1 0 0 0 1 0 0 0 1 0 0 0 1 0 0 0 1 0 0 0 1 0 0 0 1 0 0 0 1 0 0 0 1 0 0 0 1 0 0 0 1 0 0 0 1 0 0 0 1 0 0 0 1 0 0 0 1 0 0 0 1 0 0 0 1 0 0 0 1 0 0 0 1 0 0 0 1 0 0 0 1 0 0 0 1 0 0 0 1 0 0 0 1 0 0 0 1 0 0 0 1 0 0 0 1 0 0 0 1 0 0 0 1 0 0 0 1 0 0 0 1 0 0 0 1 0 0 0 1 0 0 0 1 0 0 0 1 0 0 0 1 0 0 0 1 0 0 0 1 0 0 0 1 0 0 0 1 0 0 0 1 0 0 0 1 0 0 0 1 0 0 0 1 0 0 0 1 0 0 0 1 0 0 0 1 0 0 0 1 0 0 0 1 0 0 0 1 0 0 0 1 0 0 0 1 0 0 0 1 0 0 0 1 0 0 0 1 0 0 0 1 0 0 0 1 0 0 0 1 0 0 0 1 0 0 0 1 0 0 0 1 0 0 0 1 0 0 0 1 0 0 0 1 0 0 0 1 0 0 0 1 0 0 0 1 0 0 0 1 0 0 0 1 0 0 0 1 0 0 0 1 0 0 0 1 0 0 0 1 0 0 0 1 0 0 0 1 0 0 0 1 0 0 0 1 0 0 0 1 0 0 0 1 0 0 0 1 0 0 0 1 0 0 0 1 0 0 0 1 0 0 0 1 0 0 0 1 0 0 0 1 0 0 0 1 0 0 0 1 0 0 0 1 0 0 0 1 0 0 0 1 0 0 0 1 0 0 0 1 0 0 0 1 0 0 0 1 0 0 0 1 0 0 0 1 0 0 0 1 0 0 0 1 0 0 0 1 0 0 0 1 0 0 0 1 0 0 0 1 0 0 0 1 0 0 0 1 0 0 0 1 0 0 0 1 0 0 0 1 0 0 0 1 0 0 0 1 0 0 0 1 0 0 0 1 0 0 0 1 0 0 0 1 0 0 0 1 0 0 0 1 0 0 0 1 0 0 0 1 0 0 0 1 0 0 0 1 0 0 0 1 0 0 0 1 0 0 0 1 0 0 0 1 0 0 0 1 0 0 0 1 0 0 0 1 0 0 0 1 0 0 0 1 0 0 0 1 0 0 0 1 0 0 0 1 0 0 0 1 0 0 0 1 0 0 0 1 0 0 0 1 0 0 0 1 0 0 0 1 0 0 0 1 0 0 0 1 0 0 0 1 0 0 0 1 0 0 0 1 0 0 0 1 0 0 0 1 0 0 0 1 0 0 0 1 0 0 0 1 0 0 0 1 0 0 0 1 0 0 0 1 0 0 0 1 0 0 0 1 0 0 0 1 0 0 0 1 0 0 0 1 0 0 0 1 0 0 0 1 0 0 0 1 0 0 0 1 0 0 0 1 0 0 0 1 0 0 0 1 0 0 0 1 0 0 0 1 0 0 0 1 0 0 0 1 0 0 0 1 0 0 0 1 0 0 0 1 0 0 0 1 0 0 0 1 0 0 0 1 0 0 0 1 0 0 0 1 0 0 0 1 0 0 0 1 0 0 0 1 0 0 0 1 0 0 0 1 0 0 0 1 0 0 0 1 0 0 0 1 0 0 0 1 0 0 0 1 0 0 0 1 0 0 0 1 0 0 0 1 0 0 0 1 0 0 0 1 0 0 0 1 0 0 0 1 0 0 0 1 0 0 0 1 0 0 0 1 0 0 0 1 0 0 0 1 0 0 0 1 0 0 0 1 0 0 0 1 0 0 0 1 0 0 0 1 0 0 0 1 0 0 0 1 0 0 0 1 0 0 0 1 0 0 0 1 0 0 0 1 0 0 0 1 0 0 0 1 0 0 0 1 0 0 0 1 0 0 0 1 0 0 0 1 0 0 0 1 0 0 0 1 0 0 0 1 0 0 0 1 0 0 0 1 0 0 0 1 0 0 0 1 0 0 0 1 0 0 0 1 0 0 0 1 0 0 0 1 0 0 0 1 0 0 0 1 0 0 0 1 0 0 0 1 0 0 0 1 0 0 0 1 0 0 0 1 0 0 0 1 0 0 0 1 0 0 0 1 0 0 0 1 0 0 0 1 0 0 0 1 0 0 0 1 0 0 0 1 0 0 0 1 0 0 0 1 0 0 0 1 0 0 0 1 0 0 0 1 0 0 0 1 0 0 0 1 0 0 0 1 0 0 0 1 0 0 0 1 0 0 0 1 0 0 0 1 0 0 0 1 0 0 0 1 0 0 0 1 0 0 0 1 0 0 0 1 0 0 0 1 0 0 0 1 0 0 0 1 0 0 0 1 0 0 0 1 0 0 0 1 0 0 0 1 0 0 0 1 0 0 0 1 0 0 0 1 0 0 0 1 0 0 0 1 0 0 0 1 0 0 0 1 0 0 0 1 0 0 0 1 0 0 0 1 0 0 0 1 0 0 0 1 0 0 0 1 0 0 0 1 0 0 0 1 0 0 0 1 0 0 0 1 0 0 0 1 0 0 0 1 0 0 0 1 0 0 0 1 0 0 0 1 0 0 0 1 0 0 0 1 0 0 0 1 0 0 0 1 0 0 0 1 0 0 0 1 0 0 0 1 0 0 0 1 0 0 0 1 0 0 0 1 0 0 0 1 0 0 0 1 0 0 0 1 0 0 0 1 0 0 0 1 0 0 0 1 0 0 0 1 0 0 0 1 0 0 0 1 0 0 0 1 0 0 0 1 0 0 0 1 0 0 0 1 0 0 0 1 0 0 0 1 0 0 0 1 0 0 0 1 0 0 0 1 0 0 0 1 0 0 0 1 0 0 0 1 0 0 0 1 0 0 0 1 0 0 0 1 0 0 0 1 0 0 0 1 0 0 0 1 0 0 0 1 0 0 0 1 0 0 0 1 0 0 0 1 0 0 0 1 0 0 0 1 0 0 0 1 0 0 0 1 0 0 0 1 0 0 0 1 0 0 0 1 0 0 0 1 0 0 0 1 0 0 0 1 0 0 0 1 0 0 0 1 0 0 0 1 0 0 0 1 0 0 0 1 0 0 0 1 0 0 0 1 0 0 0 1 0 0 0 1 0 0 0 1 0 0 0 1 0 0 0 1 0 0 0 1 0 0 0 1 0 0 0 1 0 0 0 1 0 0 0 1 0 0 0 1 0 0 0 1 0 0 0 1 0 0 0 1 0 0 0 1 0 0 0 1 0 0 0 1 0 0 0 1 0 0 0 1 0 0 0 1 0 0 0 1 0 0 0 1 0 0 0 1 0 0 0 1 0 0 0 1 0 0 0 1 0 0 0 1 0 0 0 1 0 0 0 1 0 0 0 1 0 0 0 1 0 0 0 1 0 0 0 1 0 0 0 1 0 0 0 1 0 0 0 1 0 0 0 1 0 0 0 1 0 0 0 1 0 0 0 1 0 0 0 1 0 0 0 1 0 0 0 1 0 0 0 1 0 0 0 1 0 0 0 1 0 0 0 1 0 0 0 1 0 0 0 1 0 0 0 1 0 0 0 1 0 0 0 1 0 0 0 1 0 0 0 1 0 0 0 1 0 0 0 1 0 0 0 1 0 0 0 1 0 0 0 1 0 0 0 1 0 0 0 1 0 0 0 1 0 0 0 1 0 0 0 1 0 0 0 1 0 0 0 1 0 0 0 1 0 0 0 1 0 0 0 1 0 0 0 1 0 0 0 1 0 0 0 1 0 0 0 1 0 0 0 1 0 0 0 1 0 0 0 1 0 0 0 1 0 0 0 1 0 0 0 1 0 0 0 1 0 0 0 1 0 0 0 1 0 0 0 1 0 0 0 1 0 0 0 1 0 0 0 1 0 0 0 1 0 0 0 1 0 0 0 1 0 0 0 1 0 0 0 1 0 0 0 1 0 0 0 1 0 0 0 1 0 0 0 1 0 0 0 1 0 0 0 1 0 0 0 1 0 0 0 1 0 0 0 1 0 0 0 1 0 0 0 1 0 0 0 1 0 0 0 1 0 0 0 1 0 0 0 1 0 0 0 1 0 0 0 1 0 0 0 1 0 0 0 1 0 0 0 1 0 0 0 1 0 0 0 1 0 0 0 1 0 0 0 1 0 0 0 1 0 0 0 1 0 0 0 1 0 0 0 1 0 0 0 1 0 0 0 1 0 0 0 1 0 0 0 1 0 0 0 1 0 0 0 1 0 0 0 1 0 0 0 1 0 0 0 1 0 0 0 1 0 0 0 1 0 0 0 1 0 0 0 1 0 0 0 1 0 0 0 1 0 0 0 1 0 0 0 1 0 0 0 1 0 0 0 1 0 0 0 1 0 0 0 1 0 0 0 1 0 0 0 1 0 0 0 1 0 0 0 1 0 0 0 1 0 0 0 1 0 0 0 1 0 0 0 1 0 0 0 1 0 0 0 1 0 0 0 1 0 0 0 1 0 0 0 1 0 0 0 1 0 0 0 1 0 0 0 1 0 0 0 1 0 0 0 1 0 0 0 1 0 0 0 1 0 0 0 1 0 0 0 1 0 0 0 1 0 0 0 1 0 0 0 1 0 0 0 1 0 0 0 1 0 0 0 1 0 0 0 1 0 0 0 1 0 0 0 1 0 0 0 1 0 0 0 1 0 0 0 1 0 0 0 1 0 0 0 1 0 0 0 1 0 0 0 1 0 0 0 1 0 0 0 1 0 0 0 1 0 0 0 1 0 0 0 1 0 0 0 1 0 0 0 1 0 0 0 1 0 0 0 1 0 0 0 1 0 0 0 1 0 0 0 1 0 0 0 1 0 0 0 1 0 0 0 1 0 0 0 1 0 0 0 1 0 0 0 1 0 0 0 1 0 0 0 1 0 0 0 1 0 0 0 1 0 0 0 1 0 0 0 1 0 0 0 1 0 0 0 1 0 0 0 1 0 0 0 1 0 0 0 1 0 0 0 1 0 0 0 1 0 0 0 1 0 0 0 1 0 0 0 1 0 0 0 1 0 0 0 1 0 0 0 1 0 0 0 1 0 0 0 1 0 0 0 1 0 0 0 1 0 0 0 1 0 0 0 1 0 0 0 1 0 0 0 1 0 0 0 1 0 0 0 1 0 0 0 1 0 0 0 1 0 0 0 1 0 0 0 1 0 0 0 1 0 0 0 1 0 0 0 1 0 0 0 1 0 0 0 1 0 0 0 1 0 0 0 1 0 0 0 1 0 0 0 1 0 0 0 1 0 0 0 1 0 0 0 1 0 0 0 1 0 0 0 1 0 0 0 1 0 0 0 1 0 0 0 1 0 0 0 1 0 0 0 1 0 0 0 1 0 0 0 1 0 0 0 1 0 0 0 1 0 0 0 1 0 0 0 1 0 0 0 1 0 0 0 1 0 0 0 1 0 0 0 1 0 0 0 1 0 0 0 1 0 0 0 1 0 0 0 1 0 0 0 1 0 0 0 1 0 0 0 1 0 0 0 1 0 0 0 1 0 0 0 1 0 0 0 1 0 0 0 1 0 0 0 1 0 0 0 1 0 0 0 1 0 0 0 1 0 0 0 1 0 0 0 1 0 0 0 1 0 0 0 1 0 0 0 1 0 0 0 1 0 0 0 1 0 0 0 1 0 0 0 1 0 0 0 1 0 0 0 1 0 0 0 1 0 0 0 1 0 0 0 1 0 0 0 1 0 0 0 1 0 0 0 1 0 0 0 1 0 0 0 1 0 0 0 1 0 0 0 1 0 0 0 1 0 0 0 1 0 0 0 1 0 0 0 1 0 0 0 1 0 0 0 1 0 0 0 1 0 0 0 1 0 0 0 1 0 0 0 1 0 0 0 1 0 0 0 1 0 0 0 1 0 0 0 1 0 0 0 1 0 0 0 1 0 0 0 1 0 0 0 1 0 0 0 1 0 0 0 1 0 0 0 1 0 0 0 1 0 0 0 1 0 0 0 1 0 0 0 1 0 0 0 1 0 0 0 1 0 0 0 1 0 0 0 1 0 0 0 1 0 0 0 1 0 0 0 1 0 0 0 1 0 0 0 1 0 0 0 1 0 0 0 1 0 0 0 1 0 0 0 1 0 0 0 1 0 0 0 1 0 0 0 1 0 0 0 1 0 0 0 1 0 0 0 1 0 0 0 1 0 0 0 1 0 0 0 1 0 0 0 1 0 0 0 1 0 0 0 1 0 0 0 1 0 0 0 1 0 0 0 1 0 0 0 1 0 0 0 1 0 0 0 1 0 0 0 1 0 0 0 1 0 0 0 1 0 0 0 1 0 0 0 1 0 0 0 1 0 0 0 1 0 0 0 1 0 0 0 1 0 0 0 1 0 0 0 1 0 0 0 1 0 0 0 1 0 0 0 1 0 0 0 1 0 0 0 1 0 0 0 1 0 0 0 1 0 0 0 1 0 0 0 1 0 0 0 1 0 0 0 1 0 0 0 1 0 0 0 1 0 0 0 1 0 0 0 1 0 0 0 1 0 0 0 1 0 0 0 1 0 0 0 1 0 0 0 1 0 0 0 1 0 0 0 1 0 0 0 1 0 0 0 1 0 0 0 1 0 0 0 1 0 0 0 1 0 0 0 1 0 0 0 1 0 0 0 1 0 0 0 1 0 0 0 1 0 0 0 1 0 0 0 1 0 0 0 1 0 0 0 1 0 0 0 1 0 0 0 1 0 0 0 1 0 0 0 1 0 0 0 1 0 0 0 1 0 0 0 1 0 0 0 1 0 0 0 1 0 0 0 1 0 0 0 1 0 0 0 1 0 0 0 1 0 0 0 1 0 0 0 1 0 0 0 1 0 0 0 1 0 0 0 1 0 0 0 1 0 0 0 1 0 0 0 1 0 0 0 1 0 0 0 1 0 0 0 1 0 0 0 1 0 0 0 1 0 0 0 1 0 0 0 1 0 0 0 1 0 0 0 1 0 0 0 1 0 0 0 1 0 0 0 1 0 0 0 1 0 0 0 1 0 0 0 1 0 0 0 1 0 0 0 1 0 0 0 1 0 0 0 1 0 0 0 1 0 0 0 1 0 0 0 1 0 0 0 1 0 0 0 1 0 0 0 1 0 0 0 1 0 0 0 1 0 0 0 1 0 0 0 1 0 0 0 1 0 0 0 1 0 0 0 1 0 0 0 1 0 0 0 1 0 0 0 1 0 0 0 1 0 0 0 1 0 0 0 1 0 0 0 1 0 0 0 1 0 0 0 1 0 0 0 1 0 0 0 1 0 0 0 1 0 0 0 1 0 0 0 1 0 0 0 1 0 0 0 1 0 0 0 1 0 0 0 1 0 0 0 1 0 0 0 1 0 0 0 1 0 0 0 1 0 0 0 1 0 0 0 1 0 0 0 1 0 0 0 1 0 0 0 1 0 0 0 1 0 0 0 1 0 0 0 1 0 0 0 1 0 0 0 1 0 0 0 1 0 0 0 1 0 0 0 1 0 0 0 1 0 0 0 1 0 0 0 1 0 0 0 1 0 0 0 1 0 0 0 1 0 0 0 1 0 0 0 1 0 0 0 1 0 0 0 1 0 0 0 1 0 0 0 1 0 0 0 1 0 0 0 1 0 0 0 1 0 0 0 1 0 0 0 1 0 0 0 1 0 0 0 1 0 0 0 1 0 0 0 1 0 0 0 1 0 0 0 1 0 0 0 1 0 0 0 1 0 0 0 1 0 0 0 1 0 0 0 1 0 0 0 1 0 0 0 1 0 0 0 1 0 0 0 1 0 0 0 1 0 0 0 1 0 0 0 1 0 0 0 1 0 0 0 1 0 0 0 1 0 0 0 1 0 0 0 1 0 0 0 1 0 0 0 1 0 0 0 1 0 0 0 1 0 0 0 1 0 0 0 1 0 0 0 1 0 0 0 1 0 0 0 1 0 0 0 1 0 0 0 1 0 0 0 1 0 0 0 1 0 0 0 1 0 0 0 1 0 0 0 1 0 0 0 1 0 0 0 1 0 0 0 1 0 0 0 1 0 0 0 1 0 0 0 1 0 0 0 1 0 0 0 1 0 0 0 1 0 0 0 1 0 0 0 1 0 0 0 1 0 0 0 1 0 0 0 1 0 0 0 1 0 0 0 1 0 0 0 1 0 0 0 1 0 0 0 1 0 0 0 1 0 0 0 1 0 0 0 1 0 0 0 1 0 0 0 1 0 0 0 1 0 0 0 1 0 0 0 1 0 0 0 1 0 0 0 1 0 0 0 1 0 0 0 1 0 0 0 1 0 0 0 1 0 0 0 1 0 0 0 1 0 0 0 1 0 0 0 1 0 0 0 1 0 0 0 1 0 0 0 1 0 0 0 1 0 0 0 1 0 0 0 1 0 0 0 1 0 0 0 1 0 0 0 1 0 0 0 1 0 0 0 1 0 0 0 1 0 0 0 1 0 0 0 1 0 0 0 1 0 0 0 1 0 0 0 1 0 0 0 1 0 0 0 1 0 0 0 1 0 0 0 1 0 0 0 1 0 0 0 1 0 0 0 1 0 0 0 1 0 0 0 1 0 0 0 1 0 0 0 1 0 0 0 1 0 0 0 1 0 0 0 1 0 0 0 1 0 0 0 1 0 0 0 1 0 0 0 1 0 0 0 1 0 0 0 1 0 0 0 1 0 0 0 1 0 0 0 1 0 0 0 1 0 0 0 1 0 0 0 1 0 0 0 1 0 0 0 1 0 0 0 1 0 0 0 1 0 0 0 1 0 0 0 1 0 0 0 1 0 0 0 1 0 0 0 1 0 0 0 1 0 0 0 1 0 0 0 1 0 0 0 1 0 0 0 1 0 0 0 1 0 0 0 1 0 0 0 1 0 0 0 1 0 0 0 1 0 0 0 1 0 0 0 1 0 0 0 1 0 0 0 1 0 0 0 1 0 0 0 1 0 0 0 1 0 0 0 1 0 0 0 1 0 0 0 1 0 0 0 1 0 0 0 1 0 0 0 1 0 0 0 1 0 0 0 1 0 0 0 1 0 0 0 1 0 0 0 1 0 0 0 1 0 0 0 1 0 0 0 1 0 0 0 1 0 0 0 1 0 0 0 1 0 0 0 1 0 0 0 1 0 0 0 1 0 0 0 1 0 0 0 1 0 0 0 1 0 0 0 1 0 0 0 1 0 0 0 1 0 0 0 1 0 0 0 1 0 0 0 1 0 0 0 1 0 0 0 1 0 0 0 1 0 0 0 1 0 0 0 1 0 0 0 1 0 0 0 1 0 0 0 1 0 0 0 1 0 0 0 1 0 0 0 1 0 0 0 1 0 0 0 1 0 0 0 1 0 0 0 1 0 0 0 1 0 0 0 1 0 0 0 1 0 0 0 1 0 0 0 1 0 0 0 1 0 0 0 1 0 0 0 1 0 0 0 1 0 0 0 1 0 0 0 1 0 0 0 1 0 0 0 1 0 0 0 1 0 0 0 1 0 0 0 1 0 0 0 1 0 0 0 1 0 0 0 1 0 0 0 1 0 0 0 1 0 0 0 1 0 0 0 1 0 0 0 1 0 0 0 1 0 0 0 1 0 0 0 1 0 0 0 1 0 0 0 1 0 0 0 1 0 0 0 1 0 0 0 1 0 0 0 1 0 0 0 1 0 0 0 1 0 0 0 1 0 0 0 1 0 0 0 1 0 0 0 1 0 0 0 1 0 0 0 1 0 0 0 1 0 0 0 1 0 0 0 1 0 0 0 1 0 0 0 1 0 0 0 1 0 0 0 1 0 0 0 1 0 0 0 1 0 0 0 1 0 0 0 1 0 0 0 1 0 0 0 1 0 0 0 1 0 0 0 1 0 0 0 1 0 0 0 1 0 0 0 1 0 0 0 1 0 0 0 1 0 0 0 1 0 0 0 1 0 0 0 1 0 0 0 1 0 0 0 1 0 0 0 1 0 0 0 1 0 0 0 1 0 0 0 1 0 0 0 1 0 0 0 1 0 0 0 1 0 0 0 1 0 0 0 1 0 0 0 1 0 0 0 1 0 0 0 1 0 0 0 1 0 0 0 1 0 0 0 1 0 0 0 1 0 0 0 1 0 0 0 1 0 0 0 1 0 0 0 1 0 0 0 1 0 0 0 1 0 0 0 1 0 0 0 1 0 0 0 1 0 0 0 1 0 0 0 1 0 0 0 1 0 0 0 1 0 0 0 1 0 0 0 1 0 0 0 1 0 0 0 1 0 0 0 1 0 0 0 1 0 0 0 1 0 0 0 1 0 0 0 1 0 0 0 1 0 0 0 1 0 0 0 1 0 0 0 1 0 0 0 1 0 0 0 1 0 0 0 1 0 0 0 1 0 0 0 1 0 0 0 1 0 0 0 1 0 0 0 1 0 0 0 1 0 0 0 1 0 0 0 1 0 0 0 1 0 0 0 1 0 0 0 1 0 0 0 1 0 0 0 1 0 0 0 1 0 0 0 1 0 0 0 1 0 0 0 1 0 0 0 1 0 0 0 1 0 0 0 1 0 0 0 1 0 0 0 1 0 0 0 1 0 0 0 1 0 0 0 1 0 0 0 1 0 0 0 1 0 0 0 1 0 0 0 1 0 0 0 1 0 0 0 1 0 0 0 1 0 0 0 1 0 0 0 1 0 0 0 1 0 0 0 1 0 0 0 1 0 0 0 1 0 0 0 1 0 0 0 1 0 0 0 1 0 0 0 1 0 0 0 1 0 0 0 1 0 0 0 1 0 0 0 1 0 0 0 1 0 0 0 1 0 0 0 1 0 0 0 1 0 0 0 1 0 0 0 1 0 0 0 1 0 0 0 1 0 0 0 1 0 0 0 1 0 0 0 1 0 0 0 1 0 0 0 1 0 0 0 1 0 0 0 1 0 0 0 1 0 0 0 1 0 0 0 1 0 0 0 1 0 0 0 1 0 0 0 1 0 0 0 1 0 0 0 1 0 0 0 1 0 0 0 1 0 0 0 1 0 0 0 1 0 0 0 1 0 0 0 1 0 0 0 1 0 0 0 1 0 0 0 1 0 0 0 1 0 0 0 1 0 0 0 1 0 0 0 1 0 0 0 1 0 0 0 1 0 0 0 1 0 0 0 1 0 0 0 1 0 0 0 1 0 0 0 1 0 0 0 1 0 0 0 1 0 0 0 1 0 0 0 1 0 0 0 1 0 0 0 1 0 0 0 1 0 0 0 1 0 0 0 1 0 0 0 1 0 0 0 1 0 0 0 1 0 0 0 1 0 0 0 1 0 0 0 1 0 0 0 1 0 0 0 1 0 0 0 1 0 0 0 1 0 0 0 1 0 0 0 1 0 0 0 1 0 0 0 1 0 0 0 1 0 0 0 1 0 0 0 1 0 0 0 1 0 0 0 1 0 0 0 1 0 0 0 1 0 0 0 1 0 0 0 1 0 0 0 1 0 0 0 1 0 0 0 1 0 0 0 1 0 0 0 1 0 0 0 1 0 0 0 1 0 0 0 1 0 0 0 1 0 0 0 1 0 0 0 1 0 0 0 1 0 0 0 1 0 0 0 1 0 0 0 1 0 0 0 1 0 0 0 1 0 0 0 1 0 0 0 1 0 0 0 1 0 0 0 1 0 0 0 1 0 0 0 1 0 0 0 1 0 0 0 1 0 0 0 1 0 0 0 1 0 0 0 1 0 0 0 1 0 0 0 1 0 0 0 1 0 0 0 1 0 0 0 1 0 0 0 1 0 0 0 1 0 0 0 1 0 0 0 1 0 0 0 1 0 0 0 1 0 0 0 1 0 0 0 1 0 0 0 1 0 0 0 1 0 0 0 1 0 0 0 1 0 0 0 1 0 0 0 1 0 0 0 1 0 0 0 1 0 0 0 1 0 0 0 1 0 0 0 1 0 0 0 1 0 0 0 1 0 0 0 1 0 0 0 1 0 0 0 1 0 0 0 1 0 0 0 1 0 0 0 1 0 0 0 1 0 0 0 1 0 0 0 1 0 0 0 1 0 0 0 1 0 0 0 1 0 0 0 1 0 0 0 1 0 0 0 1 0 0 0 1 0 0 0 1 0 0 0 1 0 0 0 1 0 0 0 1 0 0 0 1 0 0 0 1 0 0 0 1 0 0 0 1 0 0 0 1 0 0 0 1 0 0 0 1 0 0 0 1 0 0 0 1 0 0 0 1 0 0 0 1 0 0 0 1 0 0 0 1 0 0 0 1 0 0 0 1 0 0 0 1 0 0 0 1 0 0 0 1 0 0 0 1 0 0 0 1 0 0 0 1 0 0 0 1 0 0 0 1 0 0 0 1 0 0 0 1 0 0 0 1 0 0 0 1 0 0 0 1 0 0 0 1 0 0 0 1 0 0 0 1 0 0 0 1 0 0 0 1 0 0 0 1 0 0 0 1 0 0 0 1 0 0 0 1 0 0 0 1 0 0 0 1 0 0 0 1 0 0 0 1 0 0 0 1 0 0 0 1 0 0 0 1 0 0 0 1 0 0 0 1 0 0 0 1 0 0 0 1 0 0 0 1 0 0 0 1 0 0 0 1 0 0 0 1 0 0 0 1 0 0 0 1 0 0 0 1 0 0 0 1 0 0 0 1 0 0 0 1 0 0 0 1 0 0 0 1 0 0 0 1 0 0 0 1 0 0 0 1 0 0 0 1 0 0 0 1 0 0 0 1 0 0 0 1 0 0 0 1 0 0 0 1 0 0 0 1 0 0 0 1 0 0 0 1 0 0 0 1 0 0 0 1 0 0 0 1 0 0 0 1 0 0 0 1 0 0 0 1 0 0 0 1 0 0 0 1 0 0 0 1 0 0 0 1 0 0 0 1 0 0 0 1 0 0 0 1 0 0 0 1 0 0 0 1 0 0 0 1 0 0 0 1 0 0 0 1 0 0 0 1 0 0 0 1 0 0 0 1 0 0 0 1 0 0 0 1 0 0 0 1 0 0 0 1 0 0 0 1 0 0 0 1 0 0 0 1 0 0 0 1 0 0 0 1 0 0 0 1 0 0 0 1 0 0 0 1 0 0 0 1 0 0 0 1 0 0 0 1 0 0 0 1 0 0 0 1 0 0 0 1 0 0 0 1 0 0 0 1 0 0 0 1 0 0 0 1 0 0 0 1 0 0 0 1 0 0 0 1 0 0 0 1 0 0 0 1 0 0 0 1 0 0 0 1 0 0 0 1 0 0 0 1 0 0 0 1 0 0 0 1 0 0 0 1 0 0 0 1 0 0 0 1 0 0 0 1 0 0 0 1 0 0 0 1 0 0 0 1 0 0 0 1 0 0 0 1 0 0 0 1 0 0 0 1 0 0 0 1 0 0 0 1 0 0 0 1 0 0 0 1 0 0 0 1 0 0 0 1 0 0 0 1 0 0 0 1 0 0 0 1 0 0 0 1 0 0 0 1 0 0 0 1 0 0 0 1 0 0 0 1 0 0 0 1 0 0 0 1 0 0 0 1 0 0 0 1 0 0 0 1 0 0 0 1 0 0 0 1 0 0 0 1 0 0 0 1 0 0 0 1 0 0 0 1 0 0 0 1 0 0 0 1 0 0 0 1 0 0 0 1 0 0 0 1 0 0 0 1 0 0 0 1 0 0 0 1 0 0 0 1 0 0 0 1 0 0 0 1 0 0 0 1 0 0 0 1 0 0 0 1 0 0 0 1 0 0 0 1 0 0 0 1 0 0 0 1 0 0 0 1 0 0 0 1 0 0 0 1 0 0 0 1 0 0 0 1 0 0 0 1 0 0 0 1 0 0 0 1 0 0 0 1 0 0 0 1 0 0 0 1 0 0 0 1 0 0 0 1 0 0 0 1 0 0 0 1 0 0 0 1 0 0 0 1 0 0 0 1 0 0 0 1 0 0 0 1 0 0 0 1 0 0 0 1 0 0 0 1 0 0 0 1 0 0 0 1 0 0 0 1 0 0 0 1 0 0 0 1 0 0 0 1 0 0 0 1 0 0 0 1 0 0 0 1 0 0 0 1 0 0 0 1 0 0 0 1 0 0 0 1 0 0 0 1 0 0 0 1 0 0 0 1 0 0 0 1 0 0 0 1 0 0 0 1 0 0 0 1 0 0 0 1 0 0 0 1 0 0 0 1 0 0 0 1 0 0 0 1 0 0 0 1 0 0 0 1 0 0 0 1 0 0 0 1 0 0 0 1 0 0 0 1 0 0 0 1 0 0 0 1 0 0 0 1 0 0 0 1 0 0 0 1 0 0 0 1 0 0 0 1 0 0 0 1 0 0 0 1 0 0 0 1 0 0 0 1 0 0 0 1 0 0 0 1 0 0 0 1 0 0 0 1 0 0 0 1 0 0 0 1 0 0 0 1 0 0 0 1 0 0 0 1 0 0 0 1 0 0 0 1 0 0 0 1 0 0 0 1 0 0 0 1 0 0 0 1 0 0 0 1 0 0 0 1 0 0 0 1 0 0 0 1 0 0 0 1 0 0 0 1 0 0 0 1 0 0 0 1 0 0 0 1 0 0 0 1 0 0 0 1 0 0 0 1 0 0 0 1 0 0 0 1 0 0 0 1 0 0 0 1 0 0 0 1 0 0 0 1 0 0 0 1 0 0 0 1 0 0 0 1 0 0 0 1 0 0 0 1 0 0 0 1 0 0 0 1 0 0 0 1 0 0 0 1 0 0 0 1 0 0 0 1 0 0 0 1 0 0 0 1 0 0 0 1 0 0 0 1 0 0 0 1 0 0 0 1 0 0 0 1 0 0 0 1 0 0 0 1 0 0 0 1 0 0 0 1 0 0 0 1 0 0 0 1 0 0 0 1 0 0 0 1 0 0 0 1 0 0 0 1 0 0 0 1 0 0 0 1 0 0 0 1 0 0 0 1 0 0 0 1 0 0 0 1 0 0 0 1 0 0 0 1 0 0 0 1 0 0 0 1 0 0 0 1 0 0 0 1 0 0 0 1 0 0 0 1 0 0 0 1 0 0 0 1 0 0 0 1 0 0 0 1 0 0 0 1 0 0 0 1 0 0 0 1 0 0 0 1 0 0 0 1 0 0 0 1 0 0 0 1 0 0 0 1 0 0 0 1 0 0 0 1 0 0 0 1 0 0 0 1 0 0 0 1 0 0 0 1 0 0 0 1 0 0 0 1 0 0 0 1 0 0 0 1 0 0 0 1 0 0 0 1 0 0 0 1 0 0 0 1 0 0 0 1 0 0 0 1 0 0 0 1 0 0 0 1 0 0 0 1 0 0 0 1 0 0 0 1 0 0 0 1 0 0 0 1 0 0 0 1 0 0 0 1 0 0 0 1 0 0 0 1 0 0 0 1 0 0 0 1 0 0 0 1 0 0 0 1 0 0 0 1 0 0 0 1 0 0 0 1 0 0 0 1 0 0 0 1 0 0 0 1 0 0 0 1 0 0 0 1 0 0 0 1 0 0 0 1 0 0 0 1 0 0 0 1 0 0 0 1 0 0 0 1 0 0 0 1 0 0 0 1 0 0 0 1 0 0 0 1 0 0 0 1 0 0 0 1 0 0 0 1 0 0 0 1 0 0 0 1 0 0 0 1 0 0 0 1 0 0 0 1 0 0 0 1 0 0 0 1 0 0 0 1 0 0 0 1 0 0 0 1 0 0 0 1 0 0 0 1 0 0 0 1 0 0 0 1 0 0 0 1 0 0 0 1 0 0 0 1 0 0 0 1 0 0 0 1 0 0 0 1 0 0 0 1 0 0 0 1 0 0 0 1 0 0 0 1 0 0 0 1 0 0 0 1 0 0 0 1 0 0 0 1 0 0 0 1 0 0 0 1 0 0 0 1 0 0 0 1 0 0 0 1 0 0 0 1 0 0 0 1 0 0 0 1 0 0 0 1 0 0 0 1 0 0 0 1 0 0 0 1 0 0 0 1 0 0 0 1 0 0 0 1 0 0 0 1 0 0 0 1 0 0 0 1 0 0 0 1 0 0 0 1 0 0 0 1 0 0 0 1 0 0 0 1 0 0 0 1 0 0 0 1 0 0 0 1 0 0 0 1 0 0 0 1 0 0 0 1 0 0 0 1 0 0 0 1 0 0 0 1 0 0 0 1 0 0 0 1 0 0 0 1 0 0 0 1 0 0 0 1 0 0 0 1 0 0 0 1 0 0 0 1 0 0 0 1 0 0 0 1 0 0 0 1 0 0 0 1 0 0 0 1 0 0 0 1 0 0 0 1 0 0 0 1 0 0 0 1 0 0 0 1 0 0 0 1 0 0 0 1 0 0 0 1 0 0 0 1 0 0 0 1 0 0 0 1 0 0 0 1 0 0 0 1 0 0 0 1 0 0 0 1 0 0 0 1 0 0 0 1 0 0 0 1 0 0 0 1 0 0 0 1 0 0 0 1 0 0 0 1 0 0 0 1 0 0 0 1 0 0 0 1 0 0 0 1 0 0 0 1 0 0 0 1 0 0 0 1 0 0 0 1 0 0 0 1 0 0 0 1 0 0 0 1 0 0 0 1 0 0 0 1 0 0 0 1 0 0 0 1 0 0 0 1 0 0 0 1 0 0 0 1 0 0 0 1 0 0 0 1 0 0 0 1 0 0 0 1 0 0 0 1 0 0 0 1 0 0 0 1 0 0 0 1 0 0 0 1 0 0 0 1 0 0 0 1 0 0 0 1 0 0 0 1 0 0 0 1 0 0 0 1 0 0 0 1 0 0 0 1 0 0 0 1 0 0 0 1 0 0 0 1 0 0 0 1</float_array>
          <technique_common>
            <accessor source="#unnamed_004-mesh-colors-Col-array" count="1959" stride="4">
              <param name="R" type="float"/>
              <param name="G" type="float"/>
              <param name="B" type="float"/>
              <param name="A" type="float"/>
            </accessor>
          </technique_common>
        </source>
        <vertices id="unnamed_004-mesh-vertices">
          <input semantic="POSITION" source="#unnamed_004-mesh-positions"/>
        </vertices>
        <triangles material="unnamed_002-material" count="653">
          <input semantic="VERTEX" source="#unnamed_004-mesh-vertices" offset="0"/>
          <input semantic="NORMAL" source="#unnamed_004-mesh-normals" offset="1"/>
          <input semantic="TEXCOORD" source="#unnamed_004-mesh-map-0" offset="2" set="0"/>
          <input semantic="COLOR" source="#unnamed_004-mesh-colors-Col" offset="3" set="0"/>
          <p>0 0 0 0 1 1 1 1 2 2 2 2 2 2 3 3 1 1 4 4 89 3 5 5 2 2 6 6 89 3 7 7 3 4 8 8 2 2 9 9 3 4 10 10 12 5 11 11 12 5 12 12 3 4 13 13 234 6 14 14 12 5 15 15 234 6 16 16 4 7 17 17 4 7 18 18 5 8 19 19 12 5 20 20 12 5 21 21 5 8 22 22 237 9 23 23 12 5 24 24 237 9 25 25 10 10 26 26 10 10 27 27 237 9 28 28 8 11 29 29 8 11 30 30 237 9 31 31 238 12 32 32 8 11 33 33 238 12 34 34 6 13 35 35 8 11 36 36 6 13 37 37 7 14 38 38 8 11 39 39 7 14 40 40 242 15 41 41 242 15 42 42 20 16 43 43 18 17 44 44 242 15 45 45 18 17 46 46 8 11 47 47 8 11 48 48 18 17 49 49 171 18 50 50 8 11 51 51 171 18 52 52 170 19 53 53 8 11 54 54 170 19 55 55 10 10 56 56 10 10 57 57 170 19 58 58 9 20 59 59 10 10 60 60 9 20 61 61 11 21 62 62 10 10 63 63 11 21 64 64 12 5 65 65 12 5 66 66 11 21 67 67 169 22 68 68 12 5 69 69 169 22 70 70 2 2 71 71 2 2 72 72 169 22 73 73 0 0 74 74 0 0 75 75 169 22 76 76 13 23 77 77 0 0 78 78 13 23 79 79 15 24 80 80 15 24 81 81 13 23 82 82 14 25 83 83 15 24 84 84 14 25 85 85 16 26 86 86 15 24 87 87 16 26 88 88 17 27 89 89 17 27 90 90 16 26 91 91 171 18 92 92 17 27 93 93 171 18 94 94 18 17 95 95 17 27 96 96 18 17 97 97 19 28 98 98 19 28 99 99 18 17 100 100 20 16 101 101 19 28 102 102 20 16 103 103 21 29 104 104 21 29 105 105 20 16 106 106 243 30 107 107 21 29 108 108 243 30 109 109 22 31 110 110 22 31 111 111 243 30 112 112 244 32 113 113 22 31 114 114 244 32 115 115 245 33 116 116 22 31 117 117 245 33 118 118 23 34 119 119 23 34 120 120 245 33 121 121 24 35 122 122 23 34 123 123 24 35 124 124 65 36 125 125 65 36 126 126 24 35 127 127 67 37 128 128 67 37 129 129 24 35 130 130 278 38 131 131 67 37 132 132 278 38 133 133 25 39 134 134 25 39 135 135 278 38 136 136 26 40 137 137 25 39 138 138 26 40 139 139 27 41 140 140 25 39 141 141 27 41 142 142 28 42 143 143 28 42 144 144 27 41 145 145 230 43 146 146 28 42 147 147 230 43 148 148 58 44 149 149 58 44 150 150 230 43 151 151 39 45 152 152 58 44 153 153 39 45 154 154 60 46 155 155 60 46 156 156 39 45 157 157 29 47 158 158 60 46 159 159 29 47 160 160 63 48 161 161 63 48 162 162 29 47 163 163 30 49 164 164 63 48 165 165 30 49 166 166 31 50 167 167 31 50 168 168 30 49 169 169 41 51 170 170 31 50 171 171 41 51 172 172 32 52 173 173 31 50 174 174 32 52 175 175 64 53 176 176 64 53 177 177 32 52 178 178 94 54 179 179 64 53 180 180 94 54 181 181 33 55 182 182 33 55 183 183 94 54 184 184 34 56 185 185 33 55 186 186 34 56 187 187 35 57 188 188 33 55 189 189 35 57 190 190 73 58 191 191 73 58 192 192 35 57 193 193 74 59 194 194 74 59 195 195 35 57 196 196 36 60 197 197 74 59 198 198 36 60 199 199 37 61 200 200 37 61 201 201 36 60 202 202 38 62 203 203 37 61 204 204 38 62 205 205 76 63 206 206 29 47 207 207 39 45 208 208 40 64 209 209 29 47 210 210 40 64 211 211 30 49 212 212 30 49 213 213 40 64 214 214 51 65 215 215 30 49 216 216 51 65 217 217 41 51 218 218 41 51 219 219 51 65 220 220 42 66 221 221 41 51 222 222 42 66 223 223 32 52 224 224 32 52 225 225 42 66 226 226 43 67 227 227 43 67 228 228 42 66 229 229 54 68 230 230 43 67 231 231 54 68 232 232 44 69 233 233 44 69 234 234 54 68 235 235 56 70 236 236 44 69 237 237 56 70 238 238 45 71 239 239 45 71 240 240 56 70 241 241 93 72 242 242 93 72 243 243 56 70 244 244 57 73 245 245 93 72 246 246 57 73 247 247 221 74 248 248 221 74 249 249 57 73 250 250 222 75 251 251 222 75 252 252 57 73 253 253 46 76 254 254 46 76 255 255 57 73 256 256 55 77 257 257 46 76 258 258 55 77 259 259 47 78 260 260 47 78 261 261 55 77 262 262 53 79 263 263 47 78 264 264 53 79 265 265 224 80 266 266 224 80 267 267 53 79 268 268 52 81 269 269 224 80 270 270 52 81 271 271 48 82 272 272 224 80 273 273 48 82 274 274 225 83 275 275 225 83 276 276 48 82 277 277 50 84 278 278 225 83 279 279 50 84 280 280 227 85 281 281 227 85 282 282 50 84 283 283 49 86 284 284 227 85 285 285 49 86 286 286 229 87 287 287 229 87 288 288 49 86 289 289 230 43 290 290 39 45 291 291 230 43 292 292 49 86 293 293 39 45 294 294 49 86 295 295 40 64 296 296 40 64 297 297 49 86 298 298 50 84 299 299 40 64 300 300 50 84 301 301 51 65 302 302 51 65 303 303 50 84 304 304 48 82 305 305 51 65 306 306 48 82 307 307 52 81 308 308 51 65 309 309 52 81 310 310 42 66 311 311 42 66 312 312 52 81 313 313 54 68 314 314 54 68 315 315 52 81 316 316 53 79 317 317 54 68 318 318 53 79 319 319 55 77 320 320 54 68 321 321 55 77 322 322 56 70 323 323 56 70 324 324 55 77 325 325 57 73 326 326 25 39 327 327 28 42 328 328 69 88 329 329 69 88 330 330 28 42 331 331 58 44 332 332 69 88 333 333 58 44 334 334 59 89 335 335 59 89 336 336 58 44 337 337 60 46 338 338 59 89 339 339 60 46 340 340 61 90 341 341 61 90 342 342 60 46 343 343 62 91 344 344 62 91 345 345 60 46 346 346 63 48 347 347 62 91 348 348 63 48 349 349 31 50 350 350 62 91 351 351 31 50 352 352 64 53 353 353 81 92 354 354 65 36 355 355 67 37 356 356 81 92 357 357 67 37 358 358 66 93 359 359 66 93 360 360 67 37 361 361 68 94 362 362 68 94 363 363 67 37 364 364 25 39 365 365 68 94 366 366 25 39 367 367 75 95 368 368 75 95 369 369 25 39 370 370 69 88 371 371 75 95 372 372 69 88 373 373 70 96 374 374 70 96 375 375 69 88 376 376 59 89 377 377 70 96 378 378 59 89 379 379 61 90 380 380 70 96 381 381 61 90 382 382 72 97 383 383 72 97 384 384 61 90 385 385 62 91 386 386 72 97 387 387 62 91 388 388 71 98 389 389 71 98 390 390 62 91 391 391 64 53 392 392 71 98 393 393 64 53 394 394 33 55 395 395 71 98 396 396 33 55 397 397 72 97 398 398 72 97 399 399 33 55 400 400 73 58 401 401 72 97 402 402 73 58 403 403 70 96 404 404 70 96 405 405 73 58 406 406 74 59 407 407 70 96 408 408 74 59 409 409 75 95 410 410 75 95 411 411 74 59 412 412 37 61 413 413 75 95 414 414 37 61 415 415 76 63 416 416 75 95 417 417 76 63 418 418 68 94 419 419 68 94 420 420 76 63 421 421 77 99 422 422 68 94 423 423 77 99 424 424 66 93 425 425 66 93 426 426 77 99 427 427 79 100 428 428 79 100 429 429 77 99 430 430 78 101 431 431 79 100 432 432 78 101 433 433 85 102 434 434 79 100 435 435 85 102 436 436 80 103 437 437 79 100 438 438 80 103 439 439 66 93 440 440 66 93 441 441 80 103 442 442 81 92 443 443 81 92 444 444 80 103 445 445 83 104 446 446 81 92 447 447 83 104 448 448 65 36 449 449 65 36 450 450 83 104 451 451 82 105 452 452 65 36 453 453 82 105 454 454 23 34 455 455 23 34 456 456 82 105 457 457 22 31 458 458 21 29 459 459 22 31 460 460 82 105 461 461 21 29 462 462 82 105 463 463 19 28 464 464 19 28 465 465 82 105 466 466 83 104 467 467 19 28 468 468 83 104 469 469 17 27 470 470 17 27 471 471 83 104 472 472 15 24 473 473 15 24 474 474 83 104 475 475 84 106 476 476 84 106 477 477 83 104 478 478 80 103 479 479 84 106 480 480 80 103 481 481 85 102 482 482 84 106 483 483 85 102 484 484 15 24 485 485 15 24 486 486 85 102 487 487 0 0 488 488 1 1 489 489 0 0 490 490 85 102 491 491 1 1 492 492 85 102 493 493 86 107 494 494 86 107 495 495 85 102 496 496 78 101 497 497 86 107 498 498 78 101 499 499 87 108 500 500 87 108 501 501 90 109 502 502 86 107 503 503 86 107 504 504 90 109 505 505 88 110 506 506 86 107 507 507 88 110 508 508 1 1 509 509 1 1 510 510 88 110 511 511 89 3 512 512 89 3 513 513 88 110 514 514 233 111 515 515 233 111 516 516 88 110 517 517 90 109 518 518 233 111 519 519 90 109 520 520 232 112 521 521 232 112 522 522 90 109 523 523 91 113 524 524 91 113 525 525 90 109 526 526 87 108 527 527 91 113 528 528 87 108 529 529 92 114 530 530 92 114 531 531 87 108 532 532 78 101 533 533 92 114 534 534 78 101 535 535 77 99 536 536 92 114 537 537 77 99 538 538 145 115 539 539 145 115 540 540 77 99 541 541 76 63 542 542 145 115 543 543 76 63 544 544 218 116 545 545 218 116 546 546 76 63 547 547 219 117 548 548 219 117 549 549 76 63 550 550 38 62 551 551 219 117 552 552 38 62 553 553 221 74 554 554 221 74 555 555 38 62 556 556 36 60 557 557 221 74 558 558 36 60 559 559 93 72 560 560 93 72 561 561 36 60 562 562 35 57 563 563 93 72 564 564 35 57 565 565 45 71 566 566 45 71 567 567 35 57 568 568 34 56 569 569 45 71 570 570 34 56 571 571 44 69 572 572 44 69 573 573 34 56 574 574 94 54 575 575 44 69 576 576 94 54 577 577 43 67 578 578 43 67 579 579 94 54 580 580 32 52 581 581 298 118 582 582 102 119 583 583 297 120 584 584 297 120 585 585 102 119 586 586 103 121 587 587 297 120 588 588 103 121 589 589 95 122 590 590 297 120 591 591 95 122 592 592 106 123 593 593 297 120 594 594 106 123 595 595 299 124 596 596 299 124 597 597 106 123 598 598 96 125 599 599 299 124 600 600 96 125 601 601 300 126 602 602 300 126 603 603 96 125 604 604 107 127 605 605 300 126 606 606 107 127 607 607 97 128 608 608 97 128 609 609 107 127 610 610 98 129 611 611 97 128 612 612 98 129 613 613 99 130 614 614 97 128 615 615 99 130 616 616 100 131 617 617 100 131 618 618 99 130 619 619 109 132 620 620 100 131 621 621 109 132 622 622 298 118 623 623 298 118 624 624 109 132 625 625 101 133 626 626 298 118 627 627 101 133 628 628 102 119 629 629 102 119 630 630 101 133 631 631 112 134 632 632 102 119 633 633 112 134 634 634 103 121 635 635 103 121 636 636 112 134 637 637 111 135 638 638 103 121 639 639 111 135 640 640 104 136 641 641 103 121 642 642 104 136 643 643 95 122 644 644 95 122 645 645 104 136 646 646 105 137 647 647 95 122 648 648 105 137 649 649 124 138 650 650 95 122 651 651 124 138 652 652 106 123 653 653 106 123 654 654 124 138 655 655 123 139 656 656 106 123 657 657 123 139 658 658 96 125 659 659 96 125 660 660 123 139 661 661 122 140 662 662 96 125 663 663 122 140 664 664 121 141 665 665 96 125 666 666 121 141 667 667 107 127 668 668 107 127 669 669 121 141 670 670 120 142 671 671 107 127 672 672 120 142 673 673 98 129 674 674 98 129 675 675 120 142 676 676 108 143 677 677 98 129 678 678 108 143 679 679 99 130 680 680 99 130 681 681 108 143 682 682 117 144 683 683 99 130 684 684 117 144 685 685 116 145 686 686 99 130 687 687 116 145 688 688 109 132 689 689 109 132 690 690 116 145 691 691 110 146 692 692 109 132 693 693 110 146 694 694 101 133 695 695 101 133 696 696 110 146 697 697 114 147 698 698 101 133 699 699 114 147 700 700 112 134 701 701 258 148 702 702 124 138 703 703 105 137 704 704 258 148 705 705 105 137 706 706 314 149 707 707 314 149 708 708 105 137 709 709 104 136 710 710 314 149 711 711 104 136 712 712 111 135 713 713 314 149 714 714 111 135 715 715 282 150 716 716 282 150 717 717 111 135 718 718 112 134 719 719 282 150 720 720 112 134 721 721 113 151 722 722 113 151 723 723 112 134 724 724 114 147 725 725 113 151 726 726 114 147 727 727 280 152 728 728 280 152 729 729 114 147 730 730 115 153 731 731 115 153 732 732 114 147 733 733 110 146 734 734 115 153 735 735 110 146 736 736 116 145 737 737 115 153 738 738 116 145 739 739 277 154 740 740 277 154 741 741 116 145 742 742 276 155 743 743 276 155 744 744 116 145 745 745 117 144 746 746 276 155 747 747 117 144 748 748 118 156 749 749 118 156 750 750 117 144 751 751 108 143 752 752 118 156 753 753 108 143 754 754 119 157 755 755 119 157 756 756 108 143 757 757 120 142 758 758 119 157 759 759 120 142 760 760 272 158 761 761 272 158 762 762 120 142 763 763 121 141 764 764 272 158 765 765 121 141 766 766 271 159 767 767 271 159 768 768 121 141 769 769 122 140 770 770 271 159 771 771 122 140 772 772 269 160 773 773 269 160 774 774 122 140 775 775 123 139 776 776 269 160 777 777 123 139 778 778 125 161 779 779 125 161 780 780 123 139 781 781 124 138 782 782 125 161 783 783 124 138 784 784 258 148 785 785 125 161 786 786 258 148 787 787 141 162 788 788 141 162 789 789 258 148 790 790 126 163 791 791 126 163 792 792 258 148 793 793 313 164 794 794 126 163 795 795 313 164 796 796 201 165 797 797 201 165 798 798 313 164 799 799 127 166 800 800 127 166 801 801 313 164 802 802 128 167 803 803 127 166 804 804 128 167 805 805 200 168 806 806 200 168 807 807 128 167 808 808 259 169 809 809 200 168 810 810 259 169 811 811 208 170 812 812 208 170 813 813 259 169 814 814 260 171 815 815 208 170 816 816 260 171 817 817 130 172 818 818 208 170 819 819 130 172 820 820 129 173 821 821 129 173 822 822 130 172 823 823 132 174 824 824 132 174 825 825 130 172 826 826 131 175 827 827 132 174 828 828 131 175 829 829 261 176 830 830 132 174 831 831 261 176 832 832 133 177 833 833 133 177 834 834 261 176 835 835 134 178 836 836 133 177 837 837 134 178 838 838 135 179 839 839 135 179 840 840 134 178 841 841 136 180 842 842 135 179 843 843 136 180 844 844 205 181 845 845 205 181 846 846 136 180 847 847 264 182 848 848 205 181 849 849 264 182 850 850 137 183 851 851 137 183 852 852 264 182 853 853 138 184 854 854 137 183 855 855 138 184 856 856 139 185 857 857 139 185 858 858 138 184 859 859 269 160 860 860 139 185 861 861 269 160 862 862 140 186 863 863 140 186 864 864 269 160 865 865 125 161 866 866 140 186 867 867 125 161 868 868 141 162 869 869 279 187 870 870 151 188 871 871 142 189 872 872 279 187 873 873 142 189 874 874 281 190 875 875 281 190 876 876 142 189 877 877 149 191 878 878 281 190 879 879 149 191 880 880 147 192 881 881 281 190 882 882 147 192 883 883 143 193 884 884 143 193 885 885 147 192 886 886 144 194 887 887 143 193 888 888 144 194 889 889 92 114 890 890 143 193 891 891 92 114 892 892 145 115 893 893 91 113 894 894 92 114 895 895 144 194 896 896 91 113 897 897 144 194 898 898 288 195 899 899 288 195 900 900 144 194 901 901 146 196 902 902 146 196 903 903 144 194 904 904 147 192 905 905 146 196 906 906 147 192 907 907 148 197 908 908 148 197 909 909 147 192 910 910 149 191 911 911 148 197 912 912 149 191 913 913 290 198 914 914 290 198 915 915 149 191 916 916 150 199 917 917 150 199 918 918 149 191 919 919 142 189 920 920 150 199 921 921 142 189 922 922 293 200 923 923 293 200 924 924 142 189 925 925 151 188 926 926 293 200 927 927 151 188 928 928 247 201 929 929 247 201 930 930 151 188 931 931 245 33 932 932 245 33 933 933 151 188 934 934 24 35 935 935 24 35 936 936 151 188 937 937 279 187 938 938 24 35 939 939 279 187 940 940 278 38 941 941 153 202 942 942 152 203 943 943 174 204 944 944 153 202 945 945 174 204 946 946 321 205 947 947 321 205 948 948 174 204 949 949 309 206 950 950 309 206 951 951 174 204 952 952 154 207 953 953 154 207 954 954 174 204 955 955 156 208 956 956 154 207 957 957 156 208 958 958 155 209 959 959 155 209 960 960 156 208 961 961 305 210 962 962 305 210 963 963 156 208 964 964 172 211 965 965 305 210 966 966 172 211 967 967 304 212 968 968 304 212 969 969 172 211 970 970 176 213 971 971 304 212 972 972 176 213 973 973 313 164 974 974 157 214 975 975 167 215 976 976 168 216 977 977 157 214 978 978 168 216 979 979 158 217 980 980 158 217 981 981 168 216 982 982 159 218 983 983 158 217 984 984 159 218 985 985 160 219 986 986 160 219 987 987 159 218 988 988 162 220 989 989 160 219 990 990 162 220 991 991 161 221 992 992 161 221 993 993 162 220 994 994 163 222 995 995 163 222 996 996 162 220 997 997 164 223 998 998 163 222 999 999 164 223 1000 1000 165 224 1001 1001 165 224 1002 1002 164 223 1003 1003 166 225 1004 1004 165 224 1005 1005 166 225 1006 1006 157 214 1007 1007 157 214 1008 1008 166 225 1009 1009 167 215 1010 1010 167 215 1011 1011 166 225 1012 1012 16 26 1013 1013 167 215 1014 1014 16 26 1015 1015 14 25 1016 1016 167 215 1017 1017 14 25 1018 1018 13 23 1019 1019 167 215 1020 1020 13 23 1021 1021 168 216 1022 1022 168 216 1023 1023 13 23 1024 1024 169 22 1025 1025 168 216 1026 1026 169 22 1027 1027 159 218 1028 1028 159 218 1029 1029 169 22 1030 1030 11 21 1031 1031 159 218 1032 1032 11 21 1033 1033 162 220 1034 1034 162 220 1035 1035 11 21 1036 1036 9 20 1037 1037 162 220 1038 1038 9 20 1039 1039 170 19 1040 1040 162 220 1041 1041 170 19 1042 1042 164 223 1043 1043 164 223 1044 1044 170 19 1045 1045 171 18 1046 1046 164 223 1047 1047 171 18 1048 1048 166 225 1049 1049 166 225 1050 1050 171 18 1051 1051 16 26 1052 1052 175 226 1053 1053 172 211 1054 1054 173 227 1055 1055 173 227 1056 1056 172 211 1057 1057 156 208 1058 1058 173 227 1059 1059 156 208 1060 1060 174 204 1061 1061 173 227 1062 1062 174 204 1063 1063 175 226 1064 1064 175 226 1065 1065 174 204 1066 1066 152 203 1067 1067 175 226 1068 1068 152 203 1069 1069 319 228 1070 1070 175 226 1071 1071 319 228 1072 1072 317 229 1073 1073 175 226 1074 1074 317 229 1075 1075 172 211 1076 1076 172 211 1077 1077 317 229 1078 1078 315 230 1079 1079 172 211 1080 1080 315 230 1081 1081 176 213 1082 1082 176 213 1083 1083 315 230 1084 1084 314 149 1085 1085 176 213 1086 1086 314 149 1087 1087 313 164 1088 1088 313 164 1089 1089 314 149 1090 1090 258 148 1091 1091 184 231 1092 1092 177 232 1093 1093 178 233 1094 1094 178 233 1095 1095 177 232 1096 1096 195 234 1097 1097 178 233 1098 1098 195 234 1099 1099 179 235 1100 1100 179 235 1101 1101 195 234 1102 1102 197 236 1103 1103 179 235 1104 1104 197 236 1105 1105 253 237 1106 1106 253 237 1107 1107 197 236 1108 1108 180 238 1109 1109 253 237 1110 1110 180 238 1111 1111 181 239 1112 1112 181 239 1113 1113 180 238 1114 1114 257 240 1115 1115 257 240 1116 1116 180 238 1117 1117 283 241 1118 1118 283 241 1119 1119 180 238 1120 1120 182 242 1121 1121 283 241 1122 1122 182 242 1123 1123 285 243 1124 1124 285 243 1125 1125 182 242 1126 1126 284 244 1127 1127 284 244 1128 1128 182 242 1129 1129 191 245 1130 1130 284 244 1131 1131 191 245 1132 1132 296 246 1133 1133 296 246 1134 1134 191 245 1135 1135 183 247 1136 1136 183 247 1137 1137 191 245 1138 1138 294 248 1139 1139 294 248 1140 1140 191 245 1141 1141 193 249 1142 1142 294 248 1143 1143 193 249 1144 1144 198 250 1145 1145 198 250 1146 1146 193 249 1147 1147 184 231 1148 1148 198 250 1149 1149 184 231 1150 1150 178 233 1151 1151 198 250 1152 1152 178 233 1153 1153 185 251 1154 1154 185 251 1155 1155 178 233 1156 1156 179 235 1157 1157 185 251 1158 1158 179 235 1159 1159 289 252 1160 1160 289 252 1161 1161 179 235 1162 1162 186 253 1163 1163 186 253 1164 1164 179 235 1165 1165 187 254 1166 1166 187 254 1167 1167 179 235 1168 1168 253 237 1169 1169 192 255 1170 1170 188 256 1171 1171 194 257 1172 1172 194 257 1173 1173 188 256 1174 1174 190 258 1175 1175 194 257 1176 1176 190 258 1177 1177 189 259 1178 1178 194 257 1179 1179 189 259 1180 1180 196 260 1181 1181 196 260 1182 1182 189 259 1183 1183 180 238 1184 1184 180 238 1185 1185 189 259 1186 1186 190 258 1187 1187 180 238 1188 1188 190 258 1189 1189 182 242 1190 1190 182 242 1191 1191 190 258 1192 1192 191 245 1193 1193 191 245 1194 1194 190 258 1195 1195 188 256 1196 1196 191 245 1197 1197 188 256 1198 1198 192 255 1199 1199 191 245 1200 1200 192 255 1201 1201 193 249 1202 1202 193 249 1203 1203 192 255 1204 1204 184 231 1205 1205 184 231 1206 1206 192 255 1207 1207 194 257 1208 1208 184 231 1209 1209 194 257 1210 1210 177 232 1211 1211 177 232 1212 1212 194 257 1213 1213 195 234 1214 1214 195 234 1215 1215 194 257 1216 1216 196 260 1217 1217 195 234 1218 1218 196 260 1219 1219 197 236 1220 1220 197 236 1221 1221 196 260 1222 1222 180 238 1223 1223 185 251 1224 1224 291 261 1225 1225 198 250 1226 1226 198 250 1227 1227 291 261 1228 1228 292 262 1229 1229 198 250 1230 1230 292 262 1231 1231 199 263 1232 1232 198 250 1233 1233 199 263 1234 1234 294 248 1235 1235 127 166 1236 1236 200 168 1237 1237 209 264 1238 1238 127 166 1239 1239 209 264 1240 1240 201 165 1241 1241 201 165 1242 1242 209 264 1243 1243 202 265 1244 1244 201 165 1245 1245 202 265 1246 1246 126 163 1247 1247 126 163 1248 1248 202 265 1249 1249 141 162 1250 1250 141 162 1251 1251 202 265 1252 1252 210 266 1253 1253 141 162 1254 1254 210 266 1255 1255 140 186 1256 1256 140 186 1257 1257 210 266 1258 1258 203 267 1259 1259 140 186 1260 1260 203 267 1261 1261 139 185 1262 1262 139 185 1263 1263 203 267 1264 1264 137 183 1265 1265 137 183 1266 1266 203 267 1267 1267 204 268 1268 1268 137 183 1269 1269 204 268 1270 1270 205 181 1271 1271 205 181 1272 1272 204 268 1273 1273 212 269 1274 1274 205 181 1275 1275 212 269 1276 1276 135 179 1277 1277 135 179 1278 1278 212 269 1279 1279 214 270 1280 1280 135 179 1281 1281 214 270 1282 1282 133 177 1283 1283 133 177 1284 1284 214 270 1285 1285 132 174 1286 1286 132 174 1287 1287 214 270 1288 1288 206 271 1289 1289 132 174 1290 1290 206 271 1291 1291 129 173 1292 1292 129 173 1293 1293 206 271 1294 1294 207 272 1295 1295 129 173 1296 1296 207 272 1297 1297 208 170 1298 1298 208 170 1299 1299 207 272 1300 1300 200 168 1301 1301 200 168 1302 1302 207 272 1303 1303 216 273 1304 1304 200 168 1305 1305 216 273 1306 1306 209 264 1307 1307 209 264 1308 1308 216 273 1309 1309 217 274 1310 1310 209 264 1311 1311 217 274 1312 1312 202 265 1313 1313 202 265 1314 1314 217 274 1315 1315 210 266 1316 1316 210 266 1317 1317 217 274 1318 1318 302 275 1319 1319 210 266 1320 1320 302 275 1321 1321 203 267 1322 1322 203 267 1323 1323 302 275 1324 1324 211 276 1325 1325 203 267 1326 1326 211 276 1327 1327 204 268 1328 1328 204 268 1329 1329 211 276 1330 1330 213 277 1331 1331 204 268 1332 1332 213 277 1333 1333 212 269 1334 1334 212 269 1335 1335 213 277 1336 1336 214 270 1337 1337 214 270 1338 1338 213 277 1339 1339 301 278 1340 1340 214 270 1341 1341 301 278 1342 1342 206 271 1343 1343 206 271 1344 1344 301 278 1345 1345 215 279 1346 1346 206 271 1347 1347 215 279 1348 1348 207 272 1349 1349 207 272 1350 1350 215 279 1351 1351 216 273 1352 1352 216 273 1353 1353 215 279 1354 1354 217 274 1355 1355 218 116 1356 1356 219 117 1357 1357 220 280 1358 1358 220 280 1359 1359 219 117 1360 1360 221 74 1361 1361 220 280 1362 1362 221 74 1363 1363 222 75 1364 1364 220 280 1365 1365 222 75 1366 1366 262 281 1367 1367 262 281 1368 1368 222 75 1369 1369 263 282 1370 1370 263 282 1371 1371 222 75 1372 1372 46 76 1373 1373 263 282 1374 1374 46 76 1375 1375 223 283 1376 1376 223 283 1377 1377 46 76 1378 1378 265 284 1379 1379 265 284 1380 1380 46 76 1381 1381 47 78 1382 1382 265 284 1383 1383 47 78 1384 1384 267 285 1385 1385 267 285 1386 1386 47 78 1387 1387 224 80 1388 1388 267 285 1389 1389 224 80 1390 1390 225 83 1391 1391 267 285 1392 1392 225 83 1393 1393 226 286 1394 1394 226 286 1395 1395 225 83 1396 1396 227 85 1397 1397 226 286 1398 1398 227 85 1399 1399 273 287 1400 1400 273 287 1401 1401 227 85 1402 1402 274 288 1403 1403 274 288 1404 1404 227 85 1405 1405 229 87 1406 1406 274 288 1407 1407 229 87 1408 1408 228 289 1409 1409 228 289 1410 1410 229 87 1411 1411 275 290 1412 1412 275 290 1413 1413 229 87 1414 1414 230 43 1415 1415 275 290 1416 1416 230 43 1417 1417 27 41 1418 1418 275 290 1419 1419 27 41 1420 1420 26 40 1421 1421 288 195 1422 1422 253 237 1423 1423 231 291 1424 1424 288 195 1425 1425 231 291 1426 1426 91 113 1427 1427 91 113 1428 1428 231 291 1429 1429 232 112 1430 1430 232 112 1431 1431 231 291 1432 1432 233 111 1433 1433 233 111 1434 1434 231 291 1435 1435 252 292 1436 1436 233 111 1437 1437 252 292 1438 1438 89 3 1439 1439 89 3 1440 1440 252 292 1441 1441 254 293 1442 1442 89 3 1443 1443 254 293 1444 1444 3 4 1445 1445 3 4 1446 1446 254 293 1447 1447 234 6 1448 1448 234 6 1449 1449 254 293 1450 1450 251 294 1451 1451 234 6 1452 1452 251 294 1453 1453 235 295 1454 1454 234 6 1455 1455 235 295 1456 1456 4 7 1457 1457 4 7 1458 1458 235 295 1459 1459 236 296 1460 1460 4 7 1461 1461 236 296 1462 1462 5 8 1463 1463 5 8 1464 1464 236 296 1465 1465 250 297 1466 1466 5 8 1467 1467 250 297 1468 1468 237 9 1469 1469 237 9 1470 1470 250 297 1471 1471 238 12 1472 1472 238 12 1473 1473 250 297 1474 1474 239 298 1475 1475 238 12 1476 1476 239 298 1477 1477 6 13 1478 1478 6 13 1479 1479 239 298 1480 1480 240 299 1481 1481 6 13 1482 1482 240 299 1483 1483 7 14 1484 1484 7 14 1485 1485 240 299 1486 1486 241 300 1487 1487 7 14 1488 1488 241 300 1489 1489 328 301 1490 1490 7 14 1491 1491 328 301 1492 1492 242 15 1493 1493 242 15 1494 1494 328 301 1495 1495 20 16 1496 1496 20 16 1497 1497 328 301 1498 1498 329 302 1499 1499 20 16 1500 1500 329 302 1501 1501 243 30 1502 1502 243 30 1503 1503 329 302 1504 1504 246 303 1505 1505 243 30 1506 1506 246 303 1507 1507 244 32 1508 1508 244 32 1509 1509 246 303 1510 1510 245 33 1511 1511 245 33 1512 1512 246 303 1513 1513 247 201 1514 1514 247 201 1515 1515 246 303 1516 1516 294 248 1517 1517 294 248 1518 1518 328 301 1519 1519 295 304 1520 1520 295 304 1521 1521 328 301 1522 1522 241 300 1523 1523 295 304 1524 1524 241 300 1525 1525 240 299 1526 1526 295 304 1527 1527 240 299 1528 1528 248 305 1529 1529 248 305 1530 1530 240 299 1531 1531 239 298 1532 1532 248 305 1533 1533 239 298 1534 1534 249 306 1535 1535 249 306 1536 1536 239 298 1537 1537 250 297 1538 1538 249 306 1539 1539 250 297 1540 1540 286 307 1541 1541 286 307 1542 1542 250 297 1543 1543 287 308 1544 1544 287 308 1545 1545 250 297 1546 1546 236 296 1547 1547 287 308 1548 1548 236 296 1549 1549 256 309 1550 1550 256 309 1551 1551 236 296 1552 1552 235 295 1553 1553 256 309 1554 1554 235 295 1555 1555 255 310 1556 1556 255 310 1557 1557 235 295 1558 1558 251 294 1559 1559 255 310 1560 1560 251 294 1561 1561 254 293 1562 1562 255 310 1563 1563 254 293 1564 1564 253 237 1565 1565 252 292 1566 1566 231 291 1567 1567 253 237 1568 1568 252 292 1569 1569 253 237 1570 1570 254 293 1571 1571 255 310 1572 1572 253 237 1573 1573 181 239 1574 1574 255 310 1575 1575 181 239 1576 1576 256 309 1577 1577 256 309 1578 1578 181 239 1579 1579 257 240 1580 1580 313 164 1581 1581 281 190 1582 1582 128 167 1583 1583 128 167 1584 1584 281 190 1585 1585 259 169 1586 1586 259 169 1587 1587 281 190 1588 1588 143 193 1589 1589 259 169 1590 1590 143 193 1591 1591 260 171 1592 1592 260 171 1593 1593 143 193 1594 1594 130 172 1595 1595 130 172 1596 1596 143 193 1597 1597 145 115 1598 1598 130 172 1599 1599 145 115 1600 1600 131 175 1601 1601 131 175 1602 1602 145 115 1603 1603 218 116 1604 1604 131 175 1605 1605 218 116 1606 1606 261 176 1607 1607 261 176 1608 1608 218 116 1609 1609 220 280 1610 1610 261 176 1611 1611 220 280 1612 1612 134 178 1613 1613 134 178 1614 1614 220 280 1615 1615 262 281 1616 1616 134 178 1617 1617 262 281 1618 1618 263 282 1619 1619 134 178 1620 1620 263 282 1621 1621 136 180 1622 1622 136 180 1623 1623 263 282 1624 1624 223 283 1625 1625 136 180 1626 1626 223 283 1627 1627 264 182 1628 1628 264 182 1629 1629 223 283 1630 1630 265 284 1631 1631 264 182 1632 1632 265 284 1633 1633 138 184 1634 1634 138 184 1635 1635 265 284 1636 1636 266 311 1637 1637 266 311 1638 1638 265 284 1639 1639 267 285 1640 1640 266 311 1641 1641 267 285 1642 1642 268 312 1643 1643 266 311 1644 1644 268 312 1645 1645 138 184 1646 1646 138 184 1647 1647 268 312 1648 1648 269 160 1649 1649 271 159 1650 1650 269 160 1651 1651 268 312 1652 1652 271 159 1653 1653 268 312 1654 1654 270 313 1655 1655 270 313 1656 1656 268 312 1657 1657 267 285 1658 1658 270 313 1659 1659 267 285 1660 1660 226 286 1661 1661 270 313 1662 1662 226 286 1663 1663 271 159 1664 1664 271 159 1665 1665 226 286 1666 1666 272 158 1667 1667 272 158 1668 1668 226 286 1669 1669 273 287 1670 1670 272 158 1671 1671 273 287 1672 1672 119 157 1673 1673 119 157 1674 1674 273 287 1675 1675 274 288 1676 1676 119 157 1677 1677 274 288 1678 1678 118 156 1679 1679 118 156 1680 1680 274 288 1681 1681 228 289 1682 1682 118 156 1683 1683 228 289 1684 1684 275 290 1685 1685 118 156 1686 1686 275 290 1687 1687 276 155 1688 1688 276 155 1689 1689 275 290 1690 1690 26 40 1691 1691 276 155 1692 1692 26 40 1693 1693 277 154 1694 1694 277 154 1695 1695 26 40 1696 1696 278 38 1697 1697 277 154 1698 1698 278 38 1699 1699 115 153 1700 1700 115 153 1701 1701 278 38 1702 1702 279 187 1703 1703 115 153 1704 1704 279 187 1705 1705 280 152 1706 1706 280 152 1707 1707 279 187 1708 1708 113 151 1709 1709 113 151 1710 1710 279 187 1711 1711 281 190 1712 1712 113 151 1713 1713 281 190 1714 1714 282 150 1715 1715 282 150 1716 1716 281 190 1717 1717 314 149 1718 1718 314 149 1719 1719 281 190 1720 1720 313 164 1721 1721 257 240 1722 1722 283 241 1723 1723 287 308 1724 1724 257 240 1725 1725 287 308 1726 1726 256 309 1727 1727 284 244 1728 1728 249 306 1729 1729 286 307 1730 1730 284 244 1731 1731 286 307 1732 1732 285 243 1733 1733 285 243 1734 1734 286 307 1735 1735 283 241 1736 1736 283 241 1737 1737 286 307 1738 1738 287 308 1739 1739 253 237 1740 1740 288 195 1741 1741 187 254 1742 1742 187 254 1743 1743 288 195 1744 1744 146 196 1745 1745 187 254 1746 1746 146 196 1747 1747 186 253 1748 1748 186 253 1749 1749 146 196 1750 1750 148 197 1751 1751 186 253 1752 1752 148 197 1753 1753 289 252 1754 1754 289 252 1755 1755 148 197 1756 1756 290 198 1757 1757 289 252 1758 1758 290 198 1759 1759 185 251 1760 1760 185 251 1761 1761 290 198 1762 1762 291 261 1763 1763 291 261 1764 1764 290 198 1765 1765 150 199 1766 1766 291 261 1767 1767 150 199 1768 1768 292 262 1769 1769 292 262 1770 1770 150 199 1771 1771 293 200 1772 1772 292 262 1773 1773 293 200 1774 1774 199 263 1775 1775 199 263 1776 1776 293 200 1777 1777 247 201 1778 1778 199 263 1779 1779 247 201 1780 1780 294 248 1781 1781 294 248 1782 1782 295 304 1783 1783 183 247 1784 1784 183 247 1785 1785 295 304 1786 1786 248 305 1787 1787 183 247 1788 1788 248 305 1789 1789 296 246 1790 1790 298 118 1791 1791 297 120 1792 1792 299 124 1793 1793 298 118 1794 1794 299 124 1795 1795 100 131 1796 1796 100 131 1797 1797 299 124 1798 1798 97 128 1799 1799 97 128 1800 1800 299 124 1801 1801 300 126 1802 1802 213 277 1803 1803 211 276 1804 1804 301 278 1805 1805 301 278 1806 1806 211 276 1807 1807 302 275 1808 1808 301 278 1809 1809 302 275 1810 1810 215 279 1811 1811 215 279 1812 1812 302 275 1813 1813 217 274 1814 1814 313 164 1815 1815 303 314 1816 1816 304 212 1817 1817 304 212 1818 1818 303 314 1819 1819 305 210 1820 1820 305 210 1821 1821 303 314 1822 1822 306 315 1823 1823 305 210 1824 1824 306 315 1825 1825 155 209 1826 1826 155 209 1827 1827 306 315 1828 1828 311 316 1829 1829 155 209 1830 1830 311 316 1831 1831 307 317 1832 1832 155 209 1833 1833 307 317 1834 1834 154 207 1835 1835 154 207 1836 1836 307 317 1837 1837 308 318 1838 1838 154 207 1839 1839 308 318 1840 1840 309 206 1841 1841 309 206 1842 1842 308 318 1843 1843 321 205 1844 1844 310 319 1845 1845 321 205 1846 1846 308 318 1847 1847 310 319 1848 1848 308 318 1849 1849 323 320 1850 1850 323 320 1851 1851 308 318 1852 1852 307 317 1853 1853 323 320 1854 1854 307 317 1855 1855 311 316 1856 1856 323 320 1857 1857 311 316 1858 1858 324 321 1859 1859 324 321 1860 1860 311 316 1861 1861 326 322 1862 1862 326 322 1863 1863 311 316 1864 1864 306 315 1865 1865 326 322 1866 1866 306 315 1867 1867 312 323 1868 1868 312 323 1869 1869 306 315 1870 1870 303 314 1871 1871 312 323 1872 1872 303 314 1873 1873 313 164 1874 1874 312 323 1875 1875 313 164 1876 1876 327 324 1877 1877 327 324 1878 1878 313 164 1879 1879 258 148 1880 1880 327 324 1881 1881 258 148 1882 1882 314 149 1883 1883 314 149 1884 1884 315 230 1885 1885 316 325 1886 1886 316 325 1887 1887 315 230 1888 1888 317 229 1889 1889 316 325 1890 1890 317 229 1891 1891 318 326 1892 1892 318 326 1893 1893 317 229 1894 1894 319 228 1895 1895 318 326 1896 1896 319 228 1897 1897 325 327 1898 1898 325 327 1899 1899 319 228 1900 1900 320 328 1901 1901 320 328 1902 1902 319 228 1903 1903 152 203 1904 1904 320 328 1905 1905 152 203 1906 1906 322 329 1907 1907 322 329 1908 1908 152 203 1909 1909 153 202 1910 1910 322 329 1911 1911 153 202 1912 1912 321 205 1913 1913 321 205 1914 1914 310 319 1915 1915 322 329 1916 1916 322 329 1917 1917 310 319 1918 1918 323 320 1919 1919 322 329 1920 1920 323 320 1921 1921 320 328 1922 1922 320 328 1923 1923 323 320 1924 1924 325 327 1925 1925 325 327 1926 1926 323 320 1927 1927 324 321 1928 1928 325 327 1929 1929 324 321 1930 1930 326 322 1931 1931 325 327 1932 1932 326 322 1933 1933 318 326 1934 1934 318 326 1935 1935 326 322 1936 1936 312 323 1937 1937 318 326 1938 1938 312 323 1939 1939 316 325 1940 1940 316 325 1941 1941 312 323 1942 1942 314 149 1943 1943 314 149 1944 1944 312 323 1945 1945 327 324 1946 1946 328 301 1947 1947 294 248 1948 1948 329 302 1949 1949 329 302 1950 1950 294 248 1951 1951 246 303 1952 1952 296 246 1953 1953 248 305 1954 1954 249 306 1955 1955 296 246 1956 1956 249 306 1957 1957 284 244 1958 1958</p>
        </triangles>
      </mesh>
    </geometry>
    <geometry id="unnamed_003-mesh" name="unnamed.003">
      <mesh>
        <source id="unnamed_003-mesh-positions">
          <float_array id="unnamed_003-mesh-positions-array" count="18">0.08224642 -0.1971435 1.406323 0.05528938 -0.2041715 1.406849 0.08208143 -0.1971965 1.360253 0.0537374 -0.2045855 1.360805 0.08011841 -0.1951565 1.314254 0.05316138 -0.2021844 1.314779</float_array>
          <technique_common>
            <accessor source="#unnamed_003-mesh-positions-array" count="6" stride="3">
              <param name="X" type="float"/>
              <param name="Y" type="float"/>
              <param name="Z" type="float"/>
            </accessor>
          </technique_common>
        </source>
        <source id="unnamed_003-mesh-normals">
          <float_array id="unnamed_003-mesh-normals-array" count="18">0.2522826 -0.9676536 2.08974e-4 0.2522757 -0.9676555 2.04967e-4 0.251685 -0.9674401 -0.02672821 0.2516869 -0.9674414 -0.02666151 0.2509326 -0.9665215 -0.05356454 0.25094 -0.9665197 -0.05356019</float_array>
          <technique_common>
            <accessor source="#unnamed_003-mesh-normals-array" count="6" stride="3">
              <param name="X" type="float"/>
              <param name="Y" type="float"/>
              <param name="Z" type="float"/>
            </accessor>
          </technique_common>
        </source>
        <source id="unnamed_003-mesh-map-0">
          <float_array id="unnamed_003-mesh-map-0-array" count="24">0.2443 0.3354 0.2251999 0.3354 0.2443 0.316 0.2443 0.316 0.2251999 0.3354 0.2251999 0.316 0.2443 0.316 0.2251999 0.316 0.2443 0.2966 0.2443 0.2966 0.2251999 0.316 0.2251999 0.2966</float_array>
          <technique_common>
            <accessor source="#unnamed_003-mesh-map-0-array" count="12" stride="2">
              <param name="S" type="float"/>
              <param name="T" type="float"/>
            </accessor>
          </technique_common>
        </source>
        <source id="unnamed_003-mesh-colors-Col" name="Col">
          <float_array id="unnamed_003-mesh-colors-Col-array" count="48">0 0 0 1 0 0 0 1 0 0 0 1 0 0 0 1 0 0 0 1 0 0 0 1 0 0 0 1 0 0 0 1 0 0 0 1 0 0 0 1 0 0 0 1 0 0 0 1</float_array>
          <technique_common>
            <accessor source="#unnamed_003-mesh-colors-Col-array" count="12" stride="4">
              <param name="R" type="float"/>
              <param name="G" type="float"/>
              <param name="B" type="float"/>
              <param name="A" type="float"/>
            </accessor>
          </technique_common>
        </source>
        <vertices id="unnamed_003-mesh-vertices">
          <input semantic="POSITION" source="#unnamed_003-mesh-positions"/>
        </vertices>
        <triangles material="unnamed_002-material" count="4">
          <input semantic="VERTEX" source="#unnamed_003-mesh-vertices" offset="0"/>
          <input semantic="NORMAL" source="#unnamed_003-mesh-normals" offset="1"/>
          <input semantic="TEXCOORD" source="#unnamed_003-mesh-map-0" offset="2" set="0"/>
          <input semantic="COLOR" source="#unnamed_003-mesh-colors-Col" offset="3" set="0"/>
          <p>0 0 0 0 1 1 1 1 2 2 2 2 2 2 3 3 1 1 4 4 3 3 5 5 2 2 6 6 3 3 7 7 4 4 8 8 4 4 9 9 3 3 10 10 5 5 11 11</p>
        </triangles>
      </mesh>
    </geometry>
    <geometry id="unnamed_002-mesh" name="unnamed.002">
      <mesh>
        <source id="unnamed_002-mesh-positions">
          <float_array id="unnamed_002-mesh-positions-array" count="18">-0.05528938 -0.2041715 1.406849 -0.08224642 -0.1971435 1.406323 -0.0537374 -0.2045855 1.360805 -0.08208143 -0.1971965 1.360253 -0.08011841 -0.1951565 1.314254 -0.05316138 -0.2021844 1.314779</float_array>
          <technique_common>
            <accessor source="#unnamed_002-mesh-positions-array" count="6" stride="3">
              <param name="X" type="float"/>
              <param name="Y" type="float"/>
              <param name="Z" type="float"/>
            </accessor>
          </technique_common>
        </source>
        <source id="unnamed_002-mesh-normals">
          <float_array id="unnamed_002-mesh-normals-array" count="18">-0.2522826 -0.9676536 1.9736e-4 -0.2522756 -0.9676554 2.01694e-4 -0.2516905 -0.9674406 -0.02665793 -0.2516819 -0.9674411 -0.02672439 -0.2509333 -0.9665213 -0.05356484 -0.2509407 -0.9665196 -0.05356055</float_array>
          <technique_common>
            <accessor source="#unnamed_002-mesh-normals-array" count="6" stride="3">
              <param name="X" type="float"/>
              <param name="Y" type="float"/>
              <param name="Z" type="float"/>
            </accessor>
          </technique_common>
        </source>
        <source id="unnamed_002-mesh-map-0">
          <float_array id="unnamed_002-mesh-map-0-array" count="24">0.2251999 0.3354 0.2443 0.3354 0.2251999 0.316 0.2251999 0.316 0.2443 0.3354 0.2443 0.316 0.2251999 0.316 0.2443 0.316 0.2443 0.2966 0.2251999 0.316 0.2443 0.2966 0.2251999 0.2966</float_array>
          <technique_common>
            <accessor source="#unnamed_002-mesh-map-0-array" count="12" stride="2">
              <param name="S" type="float"/>
              <param name="T" type="float"/>
            </accessor>
          </technique_common>
        </source>
        <source id="unnamed_002-mesh-colors-Col" name="Col">
          <float_array id="unnamed_002-mesh-colors-Col-array" count="48">0 0 0 1 0 0 0 1 0 0 0 1 0 0 0 1 0 0 0 1 0 0 0 1 0 0 0 1 0 0 0 1 0 0 0 1 0 0 0 1 0 0 0 1 0 0 0 1</float_array>
          <technique_common>
            <accessor source="#unnamed_002-mesh-colors-Col-array" count="12" stride="4">
              <param name="R" type="float"/>
              <param name="G" type="float"/>
              <param name="B" type="float"/>
              <param name="A" type="float"/>
            </accessor>
          </technique_common>
        </source>
        <vertices id="unnamed_002-mesh-vertices">
          <input semantic="POSITION" source="#unnamed_002-mesh-positions"/>
        </vertices>
        <triangles material="unnamed_002-material" count="4">
          <input semantic="VERTEX" source="#unnamed_002-mesh-vertices" offset="0"/>
          <input semantic="NORMAL" source="#unnamed_002-mesh-normals" offset="1"/>
          <input semantic="TEXCOORD" source="#unnamed_002-mesh-map-0" offset="2" set="0"/>
          <input semantic="COLOR" source="#unnamed_002-mesh-colors-Col" offset="3" set="0"/>
          <p>0 0 0 0 1 1 1 1 2 2 2 2 2 2 3 3 1 1 4 4 3 3 5 5 2 2 6 6 3 3 7 7 4 4 8 8 2 2 9 9 4 4 10 10 5 5 11 11</p>
        </triangles>
      </mesh>
    </geometry>
    <geometry id="unnamed_001-mesh" name="unnamed.001">
      <mesh>
        <source id="unnamed_001-mesh-positions">
          <float_array id="unnamed_001-mesh-positions-array" count="132">0.1259729 -0.1321064 1.420065 0.132468 -0.1283324 1.359955 0.127843 -0.1282804 1.314668 0.07674396 -0.2003084 1.312567 0.01231294 -0.2090184 1.32019 0.04872196 -0.2084674 1.313113 0.078785 -0.2026764 1.360386 0.110496 -0.1804314 1.318276 0.119211 -0.1578984 1.318356 0.114117 -0.1815794 1.359831 0.123295 -0.1579924 1.359909 0.117687 -0.1613524 1.414968 0.09927195 -0.1446414 1.455699 0.06466799 -0.1685754 1.462006 0.02733194 -0.1655874 1.458216 0.004208981 -0.1944864 1.418302 -0.00256896 -0.1761904 1.42149 9.06e-4 -0.1951454 1.3624 -0.00256896 -0.1800344 1.362805 -0.00256896 -0.1739364 1.317377 0.004684984 -0.1628894 1.276546 0.01164597 -0.1880704 1.28327 0.03336799 -0.1587654 1.256549 0.03669399 -0.1846274 1.264947 0.05867594 -0.1590874 1.251798 0.08192896 -0.1446263 1.255603 0.07909095 -0.1722834 1.264121 0.111057 -0.1319184 1.274473 0.104514 -0.1610314 1.28146 0.09786194 -0.1782203 1.2814 0.05882894 -0.1851934 1.260609 0.06095194 -0.1970714 1.282018 0.02241498 -0.2001873 1.28287 0.004338979 -0.1932334 1.320721 0.02892899 -0.1964994 1.449796 0.01743698 -0.2092034 1.417805 0.06441497 -0.1996204 1.453213 0.09713298 -0.1782124 1.447456 0.109503 -0.1823984 1.414895 0.07895696 -0.2026154 1.408265 0.05093395 -0.2107744 1.408811 0.04931998 -0.2112554 1.36096 0.01088094 -0.2116374 1.361844 0.06496095 -0.2086244 1.437084</float_array>
          <technique_common>
            <accessor source="#unnamed_001-mesh-positions-array" count="44" stride="3">
              <param name="X" type="float"/>
              <param name="Y" type="float"/>
              <param name="Z" type="float"/>
            </accessor>
          </technique_common>
        </source>
        <source id="unnamed_001-mesh-normals">
          <float_array id="unnamed_001-mesh-normals-array" count="132">0.9237276 -0.2784237 0.2630732 0.9449372 -0.3271664 -0.00747025 0.9556057 -0.2945562 -0.007389485 0.9229639 -0.3228372 -0.2095563 0.9280272 -0.2982599 -0.2231744 0.7959935 -0.3041868 -0.5233211 0.7917077 -0.3105033 -0.5261051 0.7621269 -0.621293 -0.1820924 0.6571337 -0.5626329 -0.501617 0.3995268 -0.901462 -0.1665671 0.2433321 -0.8873171 -0.3917371 0.1283575 -0.9773719 -0.1681327 -0.3465872 -0.7814445 -0.5188661 -0.5223959 -0.8362715 -0.1665915 0.139122 -0.9900279 -0.02213758 0.3997141 -0.9160882 -0.03180086 0.7726147 -0.6345891 -0.01905959 0.9184737 -0.3265653 0.2230719 0.6298841 -0.4494595 0.6334291 0.669224 -0.2171273 0.71063 0.1407286 -0.2666617 0.9534606 0.1661916 -0.6413789 0.7490083 -0.3895575 -0.5748326 0.7195919 -0.4135422 -0.259113 0.8728364 -0.866126 -0.3341587 0.371704 -0.8156912 -0.4967834 0.296402 -0.9241151 -0.3812318 -0.0259521 -0.9701969 -0.2402001 -0.03196817 -0.9079036 -0.3935834 -0.1442331 -0.917236 -0.3584608 -0.173736 -0.7133511 -0.3641718 -0.5987564 -0.7430939 -0.4316815 -0.511334 -0.3468357 -0.335445 -0.8758892 -0.3106772 -0.4748229 -0.8234215 0.1149781 -0.3192951 -0.9406544 0.1375352 -0.6041808 -0.7848883 0.5177367 -0.2981836 -0.8018949 0.480558 -0.3887674 -0.7860815 -0.4931921 -0.8698561 -0.0105763 -0.4163268 -0.8748319 0.2476716 0.2269541 -0.9282896 0.2945683 0.7725569 -0.6057557 0.1903055 0.4314716 -0.9018996 0.02023524 0.102887 -0.9945572 0.01644176</float_array>
          <technique_common>
            <accessor source="#unnamed_001-mesh-normals-array" count="44" stride="3">
              <param name="X" type="float"/>
              <param name="Y" type="float"/>
              <param name="Z" type="float"/>
            </accessor>
          </technique_common>
        </source>
        <source id="unnamed_001-mesh-map-0">
          <float_array id="unnamed_001-mesh-map-0-array" count="432">0.2196 0.8742 0.2261 0.7521 0.2424 0.7522 0.2424 0.7522 0.2261 0.7521 0.2189 0.6677 0.2424 0.7522 0.2189 0.6677 0.2342 0.6602 0.2342 0.6602 0.2189 0.6677 0.2044 0.5786 0.2044 0.5786 0.2189 0.6677 0.1928 0.5928 0.1928 0.5928 0.2189 0.6677 0.2034 0.6675 0.1928 0.5928 0.2034 0.6675 0.1809 0.5927 0.1809 0.5927 0.2034 0.6675 0.1434 0.6559 0.1809 0.5927 0.1434 0.6559 0.1154 0.5939 0.1154 0.5939 0.1434 0.6559 0.09359997 0.657 0.1154 0.5939 0.09359997 0.657 0.07039999 0.5956 0.07039999 0.5956 0.09359997 0.657 0.03869998 0.6714 0.03869998 0.6714 0.09359997 0.657 0.09469997 0.7542 0.09469997 0.7542 0.09359997 0.657 0.1434 0.6559 0.09469997 0.7542 0.1434 0.6559 0.147 0.753 0.147 0.753 0.1434 0.6559 0.2034 0.6675 0.147 0.753 0.2034 0.6675 0.2098 0.7519 0.2098 0.7519 0.2034 0.6675 0.2189 0.6677 0.2098 0.7519 0.2189 0.6677 0.2261 0.7521 0.2098 0.7519 0.2261 0.7521 0.2075 0.8639 0.2075 0.8639 0.2261 0.7521 0.2196 0.8742 0.2075 0.8639 0.2196 0.8742 0.1716 0.9251 0.1716 0.9251 0.2196 0.8742 0.1802 0.9419 0.1716 0.9251 0.1802 0.9419 0.122 0.9609 0.1716 0.9251 0.122 0.9609 0.1213 0.9431 0.1213 0.9431 0.122 0.9609 0.07539999 0.9236 0.07539999 0.9236 0.122 0.9609 0.06779998 0.9407 0.07539999 0.9236 0.06779998 0.9407 0.03159999 0.8771 0.07539999 0.9236 0.03159999 0.8771 0.04159998 0.8706 0.04159998 0.8706 0.03159999 0.8771 0.009499967 0.7571 0.009499967 0.7571 0.03159999 0.8771 0.003299951 0.7579 0.009499967 0.7571 0.003299951 0.7579 0.02449995 0.6725 0.02449995 0.6725 0.003299951 0.7579 0.01219999 0.6657 0.02449995 0.6725 0.01219999 0.6657 0.03889995 0.5828 0.02449995 0.6725 0.03889995 0.5828 0.05129998 0.5965 0.05129998 0.5965 0.03889995 0.5828 0.0769 0.5422 0.05129998 0.5965 0.0769 0.5422 0.08279997 0.5593 0.08279997 0.5593 0.0769 0.5422 0.1113 0.5326 0.08279997 0.5593 0.1113 0.5326 0.1116 0.5504 0.1116 0.5504 0.1113 0.5326 0.1526 0.5403 0.1116 0.5504 0.1526 0.5403 0.1475999 0.5576 0.1475999 0.5576 0.1526 0.5403 0.2044 0.5786 0.1475999 0.5576 0.2044 0.5786 0.1928 0.5928 0.1475999 0.5576 0.1928 0.5928 0.1809 0.5927 0.1475999 0.5576 0.1809 0.5927 0.1116 0.5504 0.1116 0.5504 0.1809 0.5927 0.1154 0.5939 0.1116 0.5504 0.1154 0.5939 0.07039999 0.5956 0.1116 0.5504 0.07039999 0.5956 0.08279997 0.5593 0.08279997 0.5593 0.07039999 0.5956 0.05129998 0.5965 0.05129998 0.5965 0.07039999 0.5956 0.03869998 0.6714 0.05129998 0.5965 0.03869998 0.6714 0.02449995 0.6725 0.02449995 0.6725 0.03869998 0.6714 0.02719998 0.7560001 0.02449995 0.6725 0.02719998 0.7560001 0.009499967 0.7571 0.009499967 0.7571 0.02719998 0.7560001 0.04159998 0.8706 0.04159998 0.8706 0.02719998 0.7560001 0.06089997 0.8696 0.04159998 0.8706 0.06089997 0.8696 0.07539999 0.9236 0.07539999 0.9236 0.06089997 0.8696 0.1213 0.9431 0.1213 0.9431 0.06089997 0.8696 0.1304 0.8968001 0.1213 0.9431 0.1304 0.8968001 0.1716 0.9251 0.1716 0.9251 0.1304 0.8968001 0.1955 0.8637 0.1716 0.9251 0.1955 0.8637 0.2075 0.8639 0.2075 0.8639 0.1955 0.8637 0.2098 0.7519 0.2098 0.7519 0.1955 0.8637 0.1508 0.8503 0.2098 0.7519 0.1508 0.8503 0.147 0.753 0.147 0.753 0.1508 0.8503 0.1098999 0.8514 0.147 0.753 0.1098999 0.8514 0.09469997 0.7542 0.02719998 0.7560001 0.03869998 0.6714 0.09469997 0.7542 0.02719998 0.7560001 0.09469997 0.7542 0.06089997 0.8696 0.06089997 0.8696 0.09469997 0.7542 0.1098999 0.8514 0.06089997 0.8696 0.1098999 0.8514 0.1304 0.8968001 0.1304 0.8968001 0.1098999 0.8514 0.1508 0.8503 0.1304 0.8968001 0.1508 0.8503 0.1955 0.8637</float_array>
          <technique_common>
            <accessor source="#unnamed_001-mesh-map-0-array" count="216" stride="2">
              <param name="S" type="float"/>
              <param name="T" type="float"/>
            </accessor>
          </technique_common>
        </source>
        <source id="unnamed_001-mesh-colors-Col" name="Col">
          <float_array id="unnamed_001-mesh-colors-Col-array" count="864">0 0 0 1 0 0 0 1 0 0 0 1 0 0 0 1 0 0 0 1 0 0 0 1 0 0 0 1 0 0 0 1 0 0 0 1 0 0 0 1 0 0 0 1 0 0 0 1 0 0 0 1 0 0 0 1 0 0 0 1 0 0 0 1 0 0 0 1 0 0 0 1 0 0 0 1 0 0 0 1 0 0 0 1 0 0 0 1 0 0 0 1 0 0 0 1 0 0 0 1 0 0 0 1 0 0 0 1 0 0 0 1 0 0 0 1 0 0 0 1 0 0 0 1 0 0 0 1 0 0 0 1 0 0 0 1 0 0 0 1 0 0 0 1 0 0 0 1 0 0 0 1 0 0 0 1 0 0 0 1 0 0 0 1 0 0 0 1 0 0 0 1 0 0 0 1 0 0 0 1 0 0 0 1 0 0 0 1 0 0 0 1 0 0 0 1 0 0 0 1 0 0 0 1 0 0 0 1 0 0 0 1 0 0 0 1 0 0 0 1 0 0 0 1 0 0 0 1 0 0 0 1 0 0 0 1 0 0 0 1 0 0 0 1 0 0 0 1 0 0 0 1 0 0 0 1 0 0 0 1 0 0 0 1 0 0 0 1 0 0 0 1 0 0 0 1 0 0 0 1 0 0 0 1 0 0 0 1 0 0 0 1 0 0 0 1 0 0 0 1 0 0 0 1 0 0 0 1 0 0 0 1 0 0 0 1 0 0 0 1 0 0 0 1 0 0 0 1 0 0 0 1 0 0 0 1 0 0 0 1 0 0 0 1 0 0 0 1 0 0 0 1 0 0 0 1 0 0 0 1 0 0 0 1 0 0 0 1 0 0 0 1 0 0 0 1 0 0 0 1 0 0 0 1 0 0 0 1 0 0 0 1 0 0 0 1 0 0 0 1 0 0 0 1 0 0 0 1 0 0 0 1 0 0 0 1 0 0 0 1 0 0 0 1 0 0 0 1 0 0 0 1 0 0 0 1 0 0 0 1 0 0 0 1 0 0 0 1 0 0 0 1 0 0 0 1 0 0 0 1 0 0 0 1 0 0 0 1 0 0 0 1 0 0 0 1 0 0 0 1 0 0 0 1 0 0 0 1 0 0 0 1 0 0 0 1 0 0 0 1 0 0 0 1 0 0 0 1 0 0 0 1 0 0 0 1 0 0 0 1 0 0 0 1 0 0 0 1 0 0 0 1 0 0 0 1 0 0 0 1 0 0 0 1 0 0 0 1 0 0 0 1 0 0 0 1 0 0 0 1 0 0 0 1 0 0 0 1 0 0 0 1 0 0 0 1 0 0 0 1 0 0 0 1 0 0 0 1 0 0 0 1 0 0 0 1 0 0 0 1 0 0 0 1 0 0 0 1 0 0 0 1 0 0 0 1 0 0 0 1 0 0 0 1 0 0 0 1 0 0 0 1 0 0 0 1 0 0 0 1 0 0 0 1 0 0 0 1 0 0 0 1 0 0 0 1 0 0 0 1 0 0 0 1 0 0 0 1 0 0 0 1 0 0 0 1 0 0 0 1 0 0 0 1 0 0 0 1 0 0 0 1 0 0 0 1 0 0 0 1 0 0 0 1 0 0 0 1 0 0 0 1 0 0 0 1 0 0 0 1 0 0 0 1 0 0 0 1 0 0 0 1 0 0 0 1 0 0 0 1 0 0 0 1 0 0 0 1 0 0 0 1 0 0 0 1 0 0 0 1 0 0 0 1 0 0 0 1 0 0 0 1 0 0 0 1 0 0 0 1 0 0 0 1 0 0 0 1 0 0 0 1 0 0 0 1 0 0 0 1 0 0 0 1 0 0 0 1 0 0 0 1 0 0 0 1 0 0 0 1 0 0 0 1 0 0 0 1 0 0 0 1 0 0 0 1 0 0 0 1 0 0 0 1 0 0 0 1 0 0 0 1 0 0 0 1 0 0 0 1 0 0 0 1</float_array>
          <technique_common>
            <accessor source="#unnamed_001-mesh-colors-Col-array" count="216" stride="4">
              <param name="R" type="float"/>
              <param name="G" type="float"/>
              <param name="B" type="float"/>
              <param name="A" type="float"/>
            </accessor>
          </technique_common>
        </source>
        <vertices id="unnamed_001-mesh-vertices">
          <input semantic="POSITION" source="#unnamed_001-mesh-positions"/>
        </vertices>
        <triangles material="unnamed_001-material" count="72">
          <input semantic="VERTEX" source="#unnamed_001-mesh-vertices" offset="0"/>
          <input semantic="NORMAL" source="#unnamed_001-mesh-normals" offset="1"/>
          <input semantic="TEXCOORD" source="#unnamed_001-mesh-map-0" offset="2" set="0"/>
          <input semantic="COLOR" source="#unnamed_001-mesh-colors-Col" offset="3" set="0"/>
          <p>0 0 0 0 10 1 1 1 1 2 2 2 1 2 3 3 10 1 4 4 8 3 5 5 1 2 6 6 8 3 7 7 2 4 8 8 2 4 9 9 8 3 10 10 27 5 11 11 27 5 12 12 8 3 13 13 28 6 14 14 28 6 15 15 8 3 16 16 7 7 17 17 28 6 18 18 7 7 19 19 29 8 20 20 29 8 21 21 7 7 22 22 3 9 23 23 29 8 24 24 3 9 25 25 31 10 26 26 31 10 27 27 3 9 28 28 5 11 29 29 31 10 30 30 5 11 31 31 32 12 32 32 32 12 33 33 5 11 34 34 4 13 35 35 4 13 36 36 5 11 37 37 41 14 38 38 41 14 39 39 5 11 40 40 3 9 41 41 41 14 42 42 3 9 43 43 6 15 44 44 6 15 45 45 3 9 46 46 7 7 47 47 6 15 48 48 7 7 49 49 9 16 50 50 9 16 51 51 7 7 52 52 8 3 53 53 9 16 54 54 8 3 55 55 10 1 56 56 9 16 57 57 10 1 58 58 11 17 59 59 11 17 60 60 10 1 61 61 0 0 62 62 11 17 63 63 0 0 64 64 37 18 65 65 37 18 66 66 0 0 67 67 12 19 68 68 37 18 69 69 12 19 70 70 13 20 71 71 37 18 72 72 13 20 73 73 36 21 74 74 36 21 75 75 13 20 76 76 34 22 77 77 34 22 78 78 13 20 79 79 14 23 80 80 34 22 81 81 14 23 82 82 16 24 83 83 34 22 84 84 16 24 85 85 15 25 86 86 15 25 87 87 16 24 88 88 17 26 89 89 17 26 90 90 16 24 91 91 18 27 92 92 17 26 93 93 18 27 94 94 33 28 95 95 33 28 96 96 18 27 97 97 19 29 98 98 33 28 99 99 19 29 100 100 20 30 101 101 33 28 102 102 20 30 103 103 21 31 104 104 21 31 105 105 20 30 106 106 22 32 107 107 21 31 108 108 22 32 109 109 23 33 110 110 23 33 111 111 22 32 112 112 24 34 113 113 23 33 114 114 24 34 115 115 30 35 116 116 30 35 117 117 24 34 118 118 25 36 119 119 30 35 120 120 25 36 121 121 26 37 122 122 26 37 123 123 25 36 124 124 27 5 125 125 26 37 126 126 27 5 127 127 28 6 128 128 26 37 129 129 28 6 130 130 29 8 131 131 26 37 132 132 29 8 133 133 30 35 134 134 30 35 135 135 29 8 136 136 31 10 137 137 30 35 138 138 31 10 139 139 32 12 140 140 30 35 141 141 32 12 142 142 23 33 143 143 23 33 144 144 32 12 145 145 21 31 146 146 21 31 147 147 32 12 148 148 4 13 149 149 21 31 150 150 4 13 151 151 33 28 152 152 33 28 153 153 4 13 154 154 42 38 155 155 33 28 156 156 42 38 157 157 17 26 158 158 17 26 159 159 42 38 160 160 15 25 161 161 15 25 162 162 42 38 163 163 35 39 164 164 15 25 165 165 35 39 166 166 34 22 167 167 34 22 168 168 35 39 169 169 36 21 170 170 36 21 171 171 35 39 172 172 43 40 173 173 36 21 174 174 43 40 175 175 37 18 176 176 37 18 177 177 43 40 178 178 38 41 179 179 37 18 180 180 38 41 181 181 11 17 182 182 11 17 183 183 38 41 184 184 9 16 185 185 9 16 186 186 38 41 187 187 39 42 188 188 9 16 189 189 39 42 190 190 6 15 191 191 6 15 192 192 39 42 193 193 40 43 194 194 6 15 195 195 40 43 196 196 41 14 197 197 42 38 198 198 4 13 199 199 41 14 200 200 42 38 201 201 41 14 202 202 35 39 203 203 35 39 204 204 41 14 205 205 40 43 206 206 35 39 207 207 40 43 208 208 43 40 209 209 43 40 210 210 40 43 211 211 39 42 212 212 43 40 213 213 39 42 214 214 38 41 215 215</p>
        </triangles>
      </mesh>
    </geometry>
    <geometry id="unnamed-mesh" name="unnamed">
      <mesh>
        <source id="unnamed-mesh-positions">
          <float_array id="unnamed-mesh-positions-array" count="132">-0.07674396 -0.2003084 1.312567 -0.04872196 -0.2084674 1.313113 -0.01088094 -0.2116374 1.361844 -0.04931998 -0.2112554 1.36096 -0.05093395 -0.2107744 1.408811 -0.07895696 -0.2026154 1.408265 -0.078785 -0.2026764 1.360386 -0.110496 -0.1804314 1.318276 -0.09786194 -0.1782203 1.2814 -0.06095194 -0.1970714 1.282018 -0.02241498 -0.2001873 1.28287 -0.03669399 -0.1846274 1.264947 -0.01164597 -0.1880704 1.28327 -0.01231294 -0.2090184 1.32019 -9.06e-4 -0.1951454 1.3624 -0.01743698 -0.2092034 1.417805 -0.06441497 -0.1996204 1.453213 -0.06496095 -0.2086244 1.437084 -0.109503 -0.1823984 1.414895 -0.117687 -0.1613524 1.414968 -0.119211 -0.1578984 1.318356 -0.123295 -0.1579924 1.359909 -0.132468 -0.1283324 1.359955 -0.1259729 -0.1321064 1.420065 -0.09927195 -0.1446414 1.455699 -0.09713298 -0.1782124 1.447456 -0.06466799 -0.1685754 1.462006 -0.02733194 -0.1655874 1.458216 -0.02892899 -0.1964994 1.449796 0.00256896 -0.1761904 1.42149 -0.004208981 -0.1944864 1.418302 0.00256896 -0.1800344 1.362805 -0.004338979 -0.1932334 1.320721 0.00256896 -0.1739364 1.317377 -0.004684984 -0.1628894 1.276546 -0.03336799 -0.1587654 1.256549 -0.05867594 -0.1590874 1.251798 -0.08192896 -0.1446263 1.255603 -0.104514 -0.1610314 1.28146 -0.111057 -0.1319184 1.274473 -0.127843 -0.1282804 1.314668 -0.114117 -0.1815794 1.359831 -0.07909095 -0.1722834 1.264121 -0.05882894 -0.1851934 1.260609</float_array>
          <technique_common>
            <accessor source="#unnamed-mesh-positions-array" count="44" stride="3">
              <param name="X" type="float"/>
              <param name="Y" type="float"/>
              <param name="Z" type="float"/>
            </accessor>
          </technique_common>
        </source>
        <source id="unnamed-mesh-normals">
          <float_array id="unnamed-mesh-normals-array" count="132">-0.1028868 -0.9945572 0.01644206 -0.4314731 -0.9018989 0.02023524 -0.1391214 -0.9900279 -0.02213805 -0.3997145 -0.9160879 -0.03180146 -0.399527 -0.9014619 -0.166567 -0.1283577 -0.9773718 -0.1681327 -0.2433325 -0.887317 -0.3917371 0.3465866 -0.7814447 -0.5188661 0.5223956 -0.8362717 -0.1665916 0.4931921 -0.8698561 -0.0105763 0.4163273 -0.8748317 0.2476716 -0.2269545 -0.9282894 0.2945684 -0.7725571 -0.6057553 0.1903055 -0.7726147 -0.6345891 -0.01905959 -0.7621271 -0.6212928 -0.1820923 -0.6571336 -0.562633 -0.501617 -0.1375337 -0.604181 -0.7848884 0.3106789 -0.4748227 -0.823421 0.7430934 -0.431682 -0.5113344 0.9079034 -0.3935838 -0.1442334 0.9241151 -0.3812319 -0.02595198 0.8156912 -0.4967833 0.2964022 0.3895576 -0.5748326 0.7195919 -0.1661905 -0.6413792 0.7490082 -0.6298841 -0.4494594 0.6334289 -0.9179474 -0.3274399 0.2239547 -0.9446623 -0.3279336 -0.008542358 -0.922964 -0.3228369 -0.2095562 -0.9560488 -0.2930693 -0.009014844 -0.9236046 -0.2769229 0.2650819 -0.6692241 -0.2171273 0.7106299 -0.140729 -0.2666618 0.9534605 0.4135426 -0.2591131 0.8728362 0.8661257 -0.334159 0.3717044 0.9701969 -0.2402001 -0.03196805 0.9172357 -0.3584612 -0.1737363 0.7133495 -0.3641726 -0.5987578 0.3468344 -0.3354452 -0.8758895 -0.1149808 -0.319295 -0.9406541 -0.5177367 -0.2981837 -0.8018948 -0.4805563 -0.3887678 -0.7860823 -0.7959934 -0.3041868 -0.523321 -0.7917079 -0.3105032 -0.5261051 -0.9280272 -0.2982596 -0.2231744</float_array>
          <technique_common>
            <accessor source="#unnamed-mesh-normals-array" count="44" stride="3">
              <param name="X" type="float"/>
              <param name="Y" type="float"/>
              <param name="Z" type="float"/>
            </accessor>
          </technique_common>
        </source>
        <source id="unnamed-mesh-map-0">
          <float_array id="unnamed-mesh-map-0-array" count="432">0.1098999 0.8514 0.1508 0.8503 0.09469997 0.7542 0.09469997 0.7542 0.1508 0.8503 0.147 0.753 0.09469997 0.7542 0.147 0.753 0.1434 0.6559 0.09469997 0.7542 0.1434 0.6559 0.09359997 0.657 0.09359997 0.657 0.1434 0.6559 0.1154 0.5939 0.09359997 0.657 0.1154 0.5939 0.07039999 0.5956 0.09359997 0.657 0.07039999 0.5956 0.03869998 0.6714 0.09359997 0.657 0.03869998 0.6714 0.09469997 0.7542 0.09469997 0.7542 0.03869998 0.6714 0.02719998 0.7560001 0.09469997 0.7542 0.02719998 0.7560001 0.06089997 0.8696 0.09469997 0.7542 0.06089997 0.8696 0.1098999 0.8514 0.1098999 0.8514 0.06089997 0.8696 0.1304 0.8968001 0.1098999 0.8514 0.1304 0.8968001 0.1508 0.8503 0.1508 0.8503 0.1304 0.8968001 0.1955 0.8637 0.1508 0.8503 0.1955 0.8637 0.2098 0.7519 0.1508 0.8503 0.2098 0.7519 0.147 0.753 0.147 0.753 0.2098 0.7519 0.2034 0.6675 0.147 0.753 0.2034 0.6675 0.1434 0.6559 0.1434 0.6559 0.2034 0.6675 0.1809 0.5927 0.1434 0.6559 0.1809 0.5927 0.1154 0.5939 0.1154 0.5939 0.1809 0.5927 0.1116 0.5504 0.1154 0.5939 0.1116 0.5504 0.07039999 0.5956 0.07039999 0.5956 0.1116 0.5504 0.08279997 0.5593 0.07039999 0.5956 0.08279997 0.5593 0.05129998 0.5965 0.07039999 0.5956 0.05129998 0.5965 0.03869998 0.6714 0.03869998 0.6714 0.05129998 0.5965 0.02449995 0.6725 0.03869998 0.6714 0.02449995 0.6725 0.02719998 0.7560001 0.02719998 0.7560001 0.02449995 0.6725 0.009499967 0.7571 0.02719998 0.7560001 0.009499967 0.7571 0.04159998 0.8706 0.02719998 0.7560001 0.04159998 0.8706 0.06089997 0.8696 0.06089997 0.8696 0.04159998 0.8706 0.07539999 0.9236 0.06089997 0.8696 0.07539999 0.9236 0.1213 0.9431 0.06089997 0.8696 0.1213 0.9431 0.1304 0.8968001 0.1304 0.8968001 0.1213 0.9431 0.1716 0.9251 0.1304 0.8968001 0.1716 0.9251 0.1955 0.8637 0.1955 0.8637 0.1716 0.9251 0.2075 0.8639 0.1955 0.8637 0.2075 0.8639 0.2098 0.7519 0.2098 0.7519 0.2075 0.8639 0.2261 0.7521 0.2098 0.7519 0.2261 0.7521 0.2189 0.6677 0.2189 0.6677 0.2261 0.7521 0.2424 0.7522 0.2424 0.7522 0.2261 0.7521 0.2075 0.8639 0.2424 0.7522 0.2075 0.8639 0.2196 0.8742 0.2196 0.8742 0.2075 0.8639 0.1716 0.9251 0.2196 0.8742 0.1716 0.9251 0.1802 0.9419 0.1802 0.9419 0.1716 0.9251 0.122 0.9609 0.122 0.9609 0.1716 0.9251 0.1213 0.9431 0.122 0.9609 0.1213 0.9431 0.07539999 0.9236 0.122 0.9609 0.07539999 0.9236 0.06779998 0.9407 0.06779998 0.9407 0.07539999 0.9236 0.03159999 0.8771 0.03159999 0.8771 0.07539999 0.9236 0.04159998 0.8706 0.03159999 0.8771 0.04159998 0.8706 0.009499967 0.7571 0.03159999 0.8771 0.009499967 0.7571 0.003299951 0.7579 0.003299951 0.7579 0.009499967 0.7571 0.02449995 0.6725 0.003299951 0.7579 0.02449995 0.6725 0.01219999 0.6657 0.01219999 0.6657 0.02449995 0.6725 0.03889995 0.5828 0.03889995 0.5828 0.02449995 0.6725 0.05129998 0.5965 0.03889995 0.5828 0.05129998 0.5965 0.0769 0.5422 0.0769 0.5422 0.05129998 0.5965 0.08279997 0.5593 0.0769 0.5422 0.08279997 0.5593 0.1113 0.5326 0.1113 0.5326 0.08279997 0.5593 0.1116 0.5504 0.1113 0.5326 0.1116 0.5504 0.1526 0.5403 0.1526 0.5403 0.1116 0.5504 0.1475999 0.5576 0.1526 0.5403 0.1475999 0.5576 0.2044 0.5786 0.2044 0.5786 0.1475999 0.5576 0.1928 0.5928 0.2044 0.5786 0.1928 0.5928 0.2189 0.6677 0.2044 0.5786 0.2189 0.6677 0.2342 0.6602 0.2342 0.6602 0.2189 0.6677 0.2424 0.7522 0.2098 0.7519 0.2189 0.6677 0.2034 0.6675 0.2034 0.6675 0.2189 0.6677 0.1928 0.5928 0.2034 0.6675 0.1928 0.5928 0.1809 0.5927 0.1809 0.5927 0.1928 0.5928 0.1475999 0.5576 0.1809 0.5927 0.1475999 0.5576 0.1116 0.5504</float_array>
          <technique_common>
            <accessor source="#unnamed-mesh-map-0-array" count="216" stride="2">
              <param name="S" type="float"/>
              <param name="T" type="float"/>
            </accessor>
          </technique_common>
        </source>
        <source id="unnamed-mesh-colors-Col" name="Col">
          <float_array id="unnamed-mesh-colors-Col-array" count="864">0 0 0 1 0 0 0 1 0 0 0 1 0 0 0 1 0 0 0 1 0 0 0 1 0 0 0 1 0 0 0 1 0 0 0 1 0 0 0 1 0 0 0 1 0 0 0 1 0 0 0 1 0 0 0 1 0 0 0 1 0 0 0 1 0 0 0 1 0 0 0 1 0 0 0 1 0 0 0 1 0 0 0 1 0 0 0 1 0 0 0 1 0 0 0 1 0 0 0 1 0 0 0 1 0 0 0 1 0 0 0 1 0 0 0 1 0 0 0 1 0 0 0 1 0 0 0 1 0 0 0 1 0 0 0 1 0 0 0 1 0 0 0 1 0 0 0 1 0 0 0 1 0 0 0 1 0 0 0 1 0 0 0 1 0 0 0 1 0 0 0 1 0 0 0 1 0 0 0 1 0 0 0 1 0 0 0 1 0 0 0 1 0 0 0 1 0 0 0 1 0 0 0 1 0 0 0 1 0 0 0 1 0 0 0 1 0 0 0 1 0 0 0 1 0 0 0 1 0 0 0 1 0 0 0 1 0 0 0 1 0 0 0 1 0 0 0 1 0 0 0 1 0 0 0 1 0 0 0 1 0 0 0 1 0 0 0 1 0 0 0 1 0 0 0 1 0 0 0 1 0 0 0 1 0 0 0 1 0 0 0 1 0 0 0 1 0 0 0 1 0 0 0 1 0 0 0 1 0 0 0 1 0 0 0 1 0 0 0 1 0 0 0 1 0 0 0 1 0 0 0 1 0 0 0 1 0 0 0 1 0 0 0 1 0 0 0 1 0 0 0 1 0 0 0 1 0 0 0 1 0 0 0 1 0 0 0 1 0 0 0 1 0 0 0 1 0 0 0 1 0 0 0 1 0 0 0 1 0 0 0 1 0 0 0 1 0 0 0 1 0 0 0 1 0 0 0 1 0 0 0 1 0 0 0 1 0 0 0 1 0 0 0 1 0 0 0 1 0 0 0 1 0 0 0 1 0 0 0 1 0 0 0 1 0 0 0 1 0 0 0 1 0 0 0 1 0 0 0 1 0 0 0 1 0 0 0 1 0 0 0 1 0 0 0 1 0 0 0 1 0 0 0 1 0 0 0 1 0 0 0 1 0 0 0 1 0 0 0 1 0 0 0 1 0 0 0 1 0 0 0 1 0 0 0 1 0 0 0 1 0 0 0 1 0 0 0 1 0 0 0 1 0 0 0 1 0 0 0 1 0 0 0 1 0 0 0 1 0 0 0 1 0 0 0 1 0 0 0 1 0 0 0 1 0 0 0 1 0 0 0 1 0 0 0 1 0 0 0 1 0 0 0 1 0 0 0 1 0 0 0 1 0 0 0 1 0 0 0 1 0 0 0 1 0 0 0 1 0 0 0 1 0 0 0 1 0 0 0 1 0 0 0 1 0 0 0 1 0 0 0 1 0 0 0 1 0 0 0 1 0 0 0 1 0 0 0 1 0 0 0 1 0 0 0 1 0 0 0 1 0 0 0 1 0 0 0 1 0 0 0 1 0 0 0 1 0 0 0 1 0 0 0 1 0 0 0 1 0 0 0 1 0 0 0 1 0 0 0 1 0 0 0 1 0 0 0 1 0 0 0 1 0 0 0 1 0 0 0 1 0 0 0 1 0 0 0 1 0 0 0 1 0 0 0 1 0 0 0 1 0 0 0 1 0 0 0 1 0 0 0 1 0 0 0 1 0 0 0 1 0 0 0 1 0 0 0 1 0 0 0 1 0 0 0 1 0 0 0 1 0 0 0 1 0 0 0 1 0 0 0 1 0 0 0 1 0 0 0 1 0 0 0 1 0 0 0 1 0 0 0 1 0 0 0 1 0 0 0 1 0 0 0 1 0 0 0 1 0 0 0 1 0 0 0 1 0 0 0 1 0 0 0 1 0 0 0 1 0 0 0 1 0 0 0 1 0 0 0 1 0 0 0 1</float_array>
          <technique_common>
            <accessor source="#unnamed-mesh-colors-Col-array" count="216" stride="4">
              <param name="R" type="float"/>
              <param name="G" type="float"/>
              <param name="B" type="float"/>
              <param name="A" type="float"/>
            </accessor>
          </technique_common>
        </source>
        <vertices id="unnamed-mesh-vertices">
          <input semantic="POSITION" source="#unnamed-mesh-positions"/>
        </vertices>
        <triangles material="unnamed_0-material" count="72">
          <input semantic="VERTEX" source="#unnamed-mesh-vertices" offset="0"/>
          <input semantic="NORMAL" source="#unnamed-mesh-normals" offset="1"/>
          <input semantic="TEXCOORD" source="#unnamed-mesh-map-0" offset="2" set="0"/>
          <input semantic="COLOR" source="#unnamed-mesh-colors-Col" offset="3" set="0"/>
          <p>4 0 0 0 5 1 1 1 3 2 2 2 3 2 3 3 5 1 4 4 6 3 5 5 3 2 6 6 6 3 7 7 0 4 8 8 3 2 9 9 0 4 10 10 1 5 11 11 1 5 12 12 0 4 13 13 9 6 14 14 1 5 15 15 9 6 16 16 10 7 17 17 1 5 18 18 10 7 19 19 13 8 20 20 1 5 21 21 13 8 22 22 3 2 23 23 3 2 24 24 13 8 25 25 2 9 26 26 3 2 27 27 2 9 28 28 15 10 29 29 3 2 30 30 15 10 31 31 4 0 32 32 4 0 33 33 15 10 34 34 17 11 35 35 4 0 36 36 17 11 37 37 5 1 38 38 5 1 39 39 17 11 40 40 18 12 41 41 5 1 42 42 18 12 43 43 41 13 44 44 5 1 45 45 41 13 46 46 6 3 47 47 6 3 48 48 41 13 49 49 7 14 50 50 6 3 51 51 7 14 52 52 0 4 53 53 0 4 54 54 7 14 55 55 8 15 56 56 0 4 57 57 8 15 58 58 9 6 59 59 9 6 60 60 8 15 61 61 43 16 62 62 9 6 63 63 43 16 64 64 10 7 65 65 10 7 66 66 43 16 67 67 11 17 68 68 10 7 69 69 11 17 70 70 12 18 71 71 10 7 72 72 12 18 73 73 13 8 74 74 13 8 75 75 12 18 76 76 32 19 77 77 13 8 78 78 32 19 79 79 2 9 80 80 2 9 81 81 32 19 82 82 14 20 83 83 2 9 84 84 14 20 85 85 30 21 86 86 2 9 87 87 30 21 88 88 15 10 89 89 15 10 90 90 30 21 91 91 28 22 92 92 15 10 93 93 28 22 94 94 16 23 95 95 15 10 96 96 16 23 97 97 17 11 98 98 17 11 99 99 16 23 100 100 25 24 101 101 17 11 102 102 25 24 103 103 18 12 104 104 18 12 105 105 25 24 106 106 19 25 107 107 18 12 108 108 19 25 109 109 41 13 110 110 41 13 111 111 19 25 112 112 21 26 113 113 41 13 114 114 21 26 115 115 20 27 116 116 20 27 117 117 21 26 118 118 22 28 119 119 22 28 120 120 21 26 121 121 19 25 122 122 22 28 123 123 19 25 124 124 23 29 125 125 23 29 126 126 19 25 127 127 25 24 128 128 23 29 129 129 25 24 130 130 24 30 131 131 24 30 132 132 25 24 133 133 26 31 134 134 26 31 135 135 25 24 136 136 16 23 137 137 26 31 138 138 16 23 139 139 28 22 140 140 26 31 141 141 28 22 142 142 27 32 143 143 27 32 144 144 28 22 145 145 29 33 146 146 29 33 147 147 28 22 148 148 30 21 149 149 29 33 150 150 30 21 151 151 14 20 152 152 29 33 153 153 14 20 154 154 31 34 155 155 31 34 156 156 14 20 157 157 32 19 158 158 31 34 159 159 32 19 160 160 33 35 161 161 33 35 162 162 32 19 163 163 34 36 164 164 34 36 165 165 32 19 166 166 12 18 167 167 34 36 168 168 12 18 169 169 35 37 170 170 35 37 171 171 12 18 172 172 11 17 173 173 35 37 174 174 11 17 175 175 36 38 176 176 36 38 177 177 11 17 178 178 43 16 179 179 36 38 180 180 43 16 181 181 37 39 182 182 37 39 183 183 43 16 184 184 42 40 185 185 37 39 186 186 42 40 187 187 39 41 188 188 39 41 189 189 42 40 190 190 38 42 191 191 39 41 192 192 38 42 193 193 20 27 194 194 39 41 195 195 20 27 196 196 40 43 197 197 40 43 198 198 20 27 199 199 22 28 200 200 41 13 201 201 20 27 202 202 7 14 203 203 7 14 204 204 20 27 205 205 38 42 206 206 7 14 207 207 38 42 208 208 8 15 209 209 8 15 210 210 38 42 211 211 42 40 212 212 8 15 213 213 42 40 214 214 43 16 215 215</p>
        </triangles>
      </mesh>
    </geometry>
  </library_geometries>
  <library_controllers>
    <controller id="squidward_root_mesh_005-skin" name="squidward_root">
      <skin source="#unnamed_005-mesh">
        <bind_shape_matrix>1 0 0 0 0 1 0 0 0 0 1 0 0 0 0 1</bind_shape_matrix>
        <source id="squidward_root_mesh_005-skin-joints">
          <Name_array id="squidward_root_mesh_005-skin-joints-array" count="48">squidward_root squidward_sub_root squidward_connect squidward_hips squidward_front_thigh_L squidward_front_knee_L squidward_front_ankle_L squidward_front_toe_L squidward_front_thigh_R squidward_front_knee_R squidward_front_ankle_R squidward_front_toe_R squidward_rear_thigh_L squidward_rear_knee_L squidward_rear_ankle_L squidward_rear_toe_L squidward_rear_thigh_R squidward_rear_knee_R squidward_rear_ankle_R squidward_rear_toe_R squidward_spine_base squidward_chest squidward_clavicle_L squidward_bicep_L squidward_elbow_L squidward_twist_L squidward_hand_L squidward_fingers_L squidward_clavicle_R squidward_bicep_R squidward_elbow_R squidward_twist_R squidward_hand_R squidward_fingers_R squidward_neck_base squidward_neck_end squidward_head squidward_eye_rotate_space_L squidward_eye_scale_space_L pupil_L squidward_eye_rotate_space_R squidward_eye_scale_space_R pupil_R squidward_mouth squidward_mouth_corner_L squidward_mouth_corner_R squidward_nose_base squidward_nose_end</Name_array>
          <technique_common>
            <accessor source="#squidward_root_mesh_005-skin-joints-array" count="48" stride="1">
              <param name="JOINT" type="name"/>
            </accessor>
          </technique_common>
        </source>
        <source id="squidward_root_mesh_005-skin-bind_poses">
          <float_array id="squidward_root_mesh_005-skin-bind_poses-array" count="768">1 0 0 0 0 -3.57628e-7 1 0 0 -1 -2.8213e-7 0 0 0 0 1 1 0 0 0 0 -3.20375e-7 1 -0.5010337 0 -1 -2.44877e-7 -0.02677041 0 0 0 1 1 0 0 0 0 -3.94881e-7 1 0 0 -1 -3.19383e-7 0 0 0 0 1 0 -0.03276944 0.999463 -0.5016419 0 0.999463 0.03276938 0.01033759 -1 0 0 0 0 0 0 1 0.004731655 -0.06365108 -0.9979611 0.4289914 0.6860732 -0.7258434 0.04954802 -0.08253324 -0.7275173 -0.6849088 0.04023486 -0.02146649 0 0 0 1 0.004781782 -0.06382465 -0.9979496 0.2378032 0.6860722 -0.7258333 0.04970866 -0.08257156 -0.7275178 -0.6849032 0.04031753 -0.0214861 0 0 0 1 0.608457 -0.6084575 -0.5094698 -0.02589136 0.3602494 -0.3602495 0.8604885 -0.1095466 -0.707107 -0.7071065 1.49012e-7 -0.02059656 0 0 0 1 0.6084572 -0.6084574 -0.5094698 -0.1009756 0.3602494 -0.3602495 0.8604885 -0.1095466 -0.707107 -0.7071065 0 -0.02059656 0 0 0 1 0.004820287 0.06368243 0.9979586 -0.4289858 0.6861364 0.7257782 -0.04962807 0.08256733 -0.727457 0.6849749 -0.04019635 0.02145528 0 0 0 1 0.004817962 0.06374555 0.9979545 -0.2378081 0.6861363 0.7257754 -0.04967236 0.08257788 -0.7274571 0.6849721 -0.04024142 0.02146595 0 0 0 1 0.6084571 0.6084575 0.5094699 0.02590119 0.3602495 0.3602498 -0.8604885 0.109552 -0.707107 0.7071065 0 0.02057564 0 0 0 1 0.6084572 0.6084572 0.5094699 0.1009857 0.3602496 0.3602498 -0.8604883 0.1095523 -0.7071069 0.7071066 0 0.02057564 0 0 0 1 0.02312296 0.07659196 -0.9967944 0.4308105 0.6848629 0.7251446 0.0716058 -0.05741846 0.7283048 -0.6843234 -0.03568744 -0.01320129 0 0 0 1 -0.02746015 0.02283406 -0.999362 0.243221 0.6847016 0.7288198 -0.002161562 -0.03957462 0.7283058 -0.6843244 -0.03564798 -0.01321083 0 0 0 1 0.6084572 0.6084574 -0.5094695 0.006681084 0.3602493 0.3602491 0.8604887 -0.09025537 0.7071068 -0.7071067 -1.49012e-7 -0.01486611 0 0 0 1 0.6084571 0.6084576 -0.5094694 -0.06840312 0.3602492 0.360249 0.8604887 -0.09025537 0.7071069 -0.7071067 -2.38418e-7 -0.01486611 0 0 0 1 0.0231238 -0.07659298 0.9967943 -0.4308106 0.6848631 -0.7251448 -0.07160717 0.05741906 0.7283049 0.6843234 0.03568756 0.01320129 0 0 0 1 -0.02746111 -0.02283346 0.999362 -0.2432215 0.6847018 -0.7288202 0.002162635 0.03957456 0.7283059 0.6843243 0.03564828 0.01321083 0 0 0 1 0.6084575 -0.6084575 0.5094694 -0.006681025 0.3602493 -0.3602489 -0.8604888 0.09025537 0.7071068 0.7071069 1.49012e-7 0.01486611 0 0 0 1 0.6084574 -0.6084574 0.5094695 0.06840312 0.3602495 -0.3602489 -0.8604887 0.09025537 0.7071068 0.707107 1.78814e-7 0.01486605 0 0 0 1 1.92956e-4 0.1349341 0.9908546 -0.6452321 -1.39429e-7 0.9908547 -0.1349342 0.1205496 -1 2.60364e-5 1.91191e-4 -1.24502e-4 0 0 0 1 1.92951e-4 0.1997389 0.9798491 -0.7709176 -1.39153e-7 0.9798492 -0.1997389 0.1715673 -1 3.85416e-5 1.89072e-4 -1.48756e-4 0 0 0 1 0 -0.03276962 0.999463 -0.8638154 -1.42913e-7 0.9994631 0.0327695 -0.03631526 -1 0 0 0.009528756 0 0 0 1 0.9998477 0.01745241 0 -0.04760539 -2.54225e-7 -4.52058e-6 -0.9999998 0.8645414 -0.01745259 0.9998478 -4.61434e-6 -0.02065539 0 0 0 1 0.9998476 -0.01745241 0 -0.2831999 -2.53487e-7 -4.56285e-6 -0.9999998 0.8645414 0.01745229 0.9998477 -4.65777e-6 -0.03055751 0 0 0 1 0.9998476 -0.01745253 0 -0.4119206 -7.23136e-6 -4.04327e-4 -0.9999999 0.8645538 0.01745241 0.9998476 -4.04483e-4 -0.03021186 0 0 0 1 0.9989501 0 -0.04580974 -0.433972 -0.04580992 4.0096e-7 -0.9989502 0.8853511 0 1 3.01611e-7 -0.02229142 0 0 0 1 0.9989501 0 -0.04580974 -0.533972 -0.04580992 3.62194e-7 -0.9989502 0.8853511 0 1 2.63648e-7 -0.02229142 0 0 0 1 0 0.03276956 -0.9994657 0.8638173 1.42808e-7 -0.999463 -0.03276997 0.03631567 -1 0 0 -0.009528756 0 0 0 1 0.9996417 -0.02676475 0 0.04779583 -1.71195e-7 0 1.000003 -0.8645433 -0.02676463 -0.9996418 -2.80046e-7 0.02021527 0 0 0 1 0.9995787 0.02901911 0 0.2827692 -1.70679e-7 0 1.000002 -0.8645433 0.02901923 -0.9995789 -2.59222e-7 0.03603923 0 0 0 1 0.9995787 0.02901911 0 0.4115195 -1.70769e-7 0 1.000002 -0.8645433 0.02901923 -0.9995789 -2.56114e-7 0.03603923 0 0 0 1 0.9989502 -1.83352e-5 0.0458098 0.433971 -0.0458098 -7.9952e-4 0.9989524 -0.8853347 1.84398e-5 -0.9999998 -7.9989e-4 0.02299153 0 0 0 1 0.9989502 -1.83297e-5 0.04580962 0.5339712 -0.04580962 -7.99519e-4 0.9989524 -0.8853346 1.84452e-5 -0.9999998 -7.99889e-4 0.02299147 0 0 0 1 2.3638e-4 -0.09618127 0.9953638 -0.9049527 -1.35919e-7 0.9953638 0.09618121 -0.09793412 -1 -2.27324e-5 2.35253e-4 -2.13884e-4 0 0 0 1 0 -0.1506974 0.9885799 -1.024382 -1.3377e-7 0.9885799 0.1506973 -0.1544219 -1 0 0 0 0 0 0 1 2.34942e-4 -0.03276813 0.9994629 -1.145092 -1.37538e-7 0.9994629 0.03276807 -0.01918089 -1 -7.69789e-6 2.34793e-4 -2.69005e-4 0 0 0 1 0.05928689 -0.03163355 0.9977394 -1.360749 -0.2588164 0.9648319 0.0459693 0.09858655 -0.9641053 -0.2609567 0.04901462 -0.04893624 0 0 0 1 0.05928695 -0.03163361 0.9977394 -1.360749 -0.2588164 0.9648319 0.04596936 0.09858649 -0.9641053 -0.2609566 0.04901462 -0.04893624 0 0 0 1 0.03623074 -0.07119864 0.9968037 -1.364092 -0.3712594 0.9251133 0.07957208 0.05367708 -0.927822 -0.3729557 0.007084369 -0.0111438 0 0 0 1 0.05928713 0.03163349 -0.9977395 1.360749 -0.2588167 -0.9648315 -0.0459693 -0.09858685 -0.9641022 0.2609556 -0.0490151 0.04893702 0 0 0 1 0.05928707 0.03163355 -0.9977396 1.360749 -0.2588169 -0.9648315 -0.04596936 -0.09858679 -0.9641022 0.2609558 -0.04901504 0.04893696 0 0 0 1 0.03623127 0.0711984 -0.9968038 1.364092 -0.3712592 -0.925113 -0.07957208 -0.05367738 -0.927819 0.3729546 -0.007085084 0.01114493 0 0 0 1 1 0 0 0 0 -3.4092e-7 0.9999999 -1.150085 1.40082e-7 -0.9999999 -2.6261e-7 -0.007723033 0 0 0 1 0 -0.03276818 0.9994629 -1.144285 -1.37521e-7 0.9994629 0.03276813 -0.05764096 -1 0 0 0.1795976 0 0 0 1 0 -0.03276818 0.9994629 -1.14425 -4.35544e-7 0.9994629 0.03276813 -0.05869078 -1 -2.96475e-7 0 -0.1753963 0 0 0 1 0 -0.6382823 -0.7698023 0.8737565 0 -0.7698023 0.6382824 -0.9478949 -1 0 0 0 0 0 0 1 0 -0.03277069 0.9994629 -1.212618 -1.37525e-7 0.9994628 0.03277075 0.2130485 -1 0 0 0 0 0 0 1</float_array>
          <technique_common>
            <accessor source="#squidward_root_mesh_005-skin-bind_poses-array" count="48" stride="16">
              <param name="TRANSFORM" type="float4x4"/>
            </accessor>
          </technique_common>
        </source>
        <source id="squidward_root_mesh_005-skin-weights">
          <float_array id="squidward_root_mesh_005-skin-weights-array" count="576">0.003921687 0.9960783 1 0.003921687 0.9960783 0.003921687 0.9960783 1.53788e-5 0.9999846 0.003921687 0.9960783 0.9960783 0.003921687 1 1 1 1.53788e-5 0.9999846 0.003921687 0.9960783 0.003921687 0.9960783 1 1 1 1 1 1 1 1 1 1 1 1 1 1 1 1 1 1 0.4980304 0.5019696 0.4980304 0.5019696 1 1 1 1 1 1 1 1 1 1 1 1 1 1 1 1 1 1 1 1 1 1 1 1 1 1 1 1 1 1 1 1 1 1 1 1 1 1 1 1 1 1 1 1 1 1 0.9960783 0.003921687 1 1 0.4980311 0.5019689 1 1 1 1 1 1 1 1 1 1 1 1 1 1 1 1 1 1 1 1 0.4980304 0.5019696 0.4980304 0.5019696 1 1 0.9960783 0.003921687 1 1 1 0.9960783 0.003921687 1 1 1 1 1 1 1 1 1 1 1 1 0.4980311 0.5019689 0.4980311 0.5019689 1 1 1 1 1 0.9960783 0.003921687 1 1 1 1 1 1 0.9960783 0.003921687 1 1 0.003921687 0.9960783 0.003921687 0.9960783 1 1 0.9960783 0.003921687 1 1 0.9980318 0.001968204 1 1 1 1 1 1 1 0.9960783 0.003921687 1 1 1 1 0.4980307 0.5019693 1 0.4980307 0.5019693 0.4980307 0.5019693 1 0.4999839 0.5000162 1 1 1 1 1 1 1 1 1 1 1 1 1 0.4999843 0.5000157 1 1 1 1 1 1 1 1 1 1 1 1 0.9960783 0.003921687 1 0.9960783 0.003921687 0.003921687 0.9960783 0.003921687 0.9960783 0.003921687 0.9960783 0.003921687 0.9960783 0.003921687 0.9960783 0.003921687 0.9960783 1 0.003921687 0.9960783 1 1 1 1 1 1 1 1 1 1 1 1 1 1 1 1 1 1 1 1 1 1 1 1 1 1 1 1 1 1 0.003921687 0.9960783 0.003921687 0.9960783 0.003921687 0.9960783 1 0.003921687 0.9960783 0.003921687 0.9960783 1 1 1 1 1 1 1 1 1 1 1 1 1 1 1 1 1 1 0.9960783 0.003921687 1 1 1 1 1 1 1 1 1 0.9999846 1.53787e-5 1 1 1 1 1 1 1 1 1 1 1 1 1 1 1 1 1 1 1 1 1 1 1 1 1 1 1 1 1 1 1 1 1 1 1 1 1 1 1 1 1 1 1 1 1 1 1 1 1 1 1 1.53788e-5 0.9999846 1 0.996094 0.003906011 0.9980316 0.001968443 0.9999846 1.53788e-5 1 1 1 1 1 0.003921687 0.9960783 0.003921687 0.9960783 0.003921687 0.9960783 1 1 1 1 1 1.53788e-5 0.9999846 0.003921687 0.9960783 0.003921687 0.9960783 0.003921687 0.9960783 1 1 1 1 1 1 1 1 1 1 1 1 1 1 1 1 1 1 1 1 1 1 1 1 1 1 1 1 1 1 1 1 1 1 1 1 1 1 1 1 1 1 1 1 1 1 1 1 1 1 1 1 1 1 1 1 1 1 1 1 1 1 1 1 1 1 1 1 0.003921687 0.9960783 1 1 1 1 1 1 1 1 1 1 1 1 1 1 1 1 1 1 1 1 1 1 1 1 1 1 1 0.9999846 1.53788e-5 0.9999846 1.53788e-5 1 1 1 1 1 1 0.9960783 0.003921687 1 1 1 1 1 1 1 1 1 1 1 1 1 1 1 1 1 1 1 1 1 1 1 1 1 1 1 1 0.003921687 0.9960783 1 1 0.9960783 0.003921687 1 1 1 1 1 1 1 1 1 1 1 0.9960783 0.003921687 0.9960783 0.003921687 1 1 1 1 1 1 1 1 1 1 1 1 1 1 1 1 1 1</float_array>
          <technique_common>
            <accessor source="#squidward_root_mesh_005-skin-weights-array" count="576" stride="1">
              <param name="WEIGHT" type="float"/>
            </accessor>
          </technique_common>
        </source>
        <joints>
          <input semantic="JOINT" source="#squidward_root_mesh_005-skin-joints"/>
          <input semantic="INV_BIND_MATRIX" source="#squidward_root_mesh_005-skin-bind_poses"/>
        </joints>
        <vertex_weights count="510">
          <input semantic="JOINT" source="#squidward_root_mesh_005-skin-joints" offset="0"/>
          <input semantic="WEIGHT" source="#squidward_root_mesh_005-skin-weights" offset="1"/>
          <vcount>2 1 2 2 2 2 2 1 1 1 2 2 2 1 1 1 1 1 1 1 1 1 1 1 1 1 1 1 1 1 1 2 2 1 1 1 1 1 1 1 1 1 1 1 1 1 1 1 1 1 1 1 1 1 1 1 1 1 1 1 1 1 1 1 1 1 1 1 1 1 1 1 1 1 1 1 1 1 1 2 1 1 2 1 1 1 1 1 1 1 1 1 1 1 1 1 1 1 1 1 1 1 1 2 2 1 1 2 1 1 1 2 1 1 1 1 1 1 1 1 1 1 1 1 2 2 1 1 1 1 1 2 1 1 1 1 1 1 2 1 1 2 2 1 1 2 1 1 2 1 1 1 1 1 1 1 2 1 1 1 1 2 1 2 2 1 2 1 1 1 1 1 1 1 1 1 1 1 1 1 2 1 1 1 1 1 1 1 1 1 1 1 1 2 1 2 2 2 2 2 2 2 1 2 1 1 1 1 1 1 1 1 1 1 1 1 1 1 1 1 1 1 1 1 1 1 1 1 1 1 1 1 1 1 2 2 2 1 2 2 1 1 1 1 1 1 1 1 1 1 1 1 1 1 1 1 1 1 2 1 1 1 1 1 1 1 1 1 2 1 1 1 1 1 1 1 1 1 1 1 1 1 1 1 1 1 1 1 1 1 1 1 1 1 1 1 1 1 1 1 1 1 1 1 1 1 1 1 1 1 1 1 1 1 1 1 1 1 1 1 2 1 2 2 2 1 1 1 1 1 2 2 2 1 1 1 1 1 2 2 2 2 1 1 1 1 1 1 1 1 1 1 1 1 1 1 1 1 1 1 1 1 1 1 1 1 1 1 1 1 1 1 1 1 1 1 1 1 1 1 1 1 1 1 1 1 1 1 1 1 1 1 1 1 1 1 1 1 1 1 1 1 1 1 1 1 1 1 1 1 2 1 1 1 1 1 1 1 1 1 1 1 1 1 1 1 1 1 1 1 1 1 1 1 1 1 1 1 2 2 1 1 1 1 1 1 2 1 1 1 1 1 1 1 1 1 1 1 1 1 1 1 1 1 1 1 1 1 1 1 1 1 1 1 1 2 1 1 2 1 1 1 1 1 1 1 1 1 1 1 2 2 1 1 1 1 1 1 1 1 1 1 1 1 1 1 1 1 1 1 </vcount>
          <v>18 0 19 1 19 2 18 3 19 4 18 5 19 6 17 7 19 8 18 9 19 10 18 11 19 12 19 13 19 14 19 15 18 16 19 17 17 18 19 19 17 20 19 21 19 22 19 23 19 24 19 25 19 26 18 27 18 28 18 29 18 30 17 31 18 32 18 33 17 34 17 35 17 36 16 37 16 38 16 39 16 40 17 41 16 42 17 43 17 44 8 45 3 46 3 47 3 48 1 49 1 50 29 51 29 52 29 53 29 54 29 55 29 56 29 57 29 58 29 59 29 60 29 61 30 62 29 63 30 64 31 65 32 66 32 67 32 68 32 69 33 70 33 71 33 72 33 73 32 74 30 75 30 76 12 77 12 78 12 79 12 80 3 81 3 82 3 83 4 84 5 85 5 86 6 87 6 88 6 89 5 90 6 91 5 92 5 93 4 94 5 95 4 96 3 97 8 98 8 99 8 100 8 101 9 102 9 103 9 104 10 105 10 106 9 107 9 108 8 109 8 110 3 111 16 112 16 113 16 114 16 115 16 116 17 117 16 118 17 119 17 120 17 121 18 122 19 123 18 124 18 125 18 126 17 127 18 128 16 129 3 130 3 131 3 132 1 133 1 134 1 135 1 136 1 137 4 138 4 139 4 140 4 141 5 142 4 143 5 144 5 145 6 146 5 147 6 148 6 149 6 150 7 151 6 152 6 153 6 154 6 155 6 156 7 157 6 158 7 159 7 160 7 161 6 162 7 163 5 164 7 165 7 166 7 167 6 168 7 169 14 170 14 171 14 172 15 173 14 174 14 175 14 176 14 177 14 178 13 179 14 180 13 181 14 182 13 183 13 184 13 185 13 186 12 187 13 188 13 189 12 190 13 191 12 192 13 193 13 194 12 195 13 196 12 197 12 198 12 199 12 200 12 201 12 202 3 203 4 204 4 205 4 206 4 207 4 208 4 209 4 210 5 211 5 212 1 213 1 214 3 215 3 216 3 217 8 218 8 219 8 220 8 221 9 222 9 223 9 224 10 225 9 226 10 227 11 228 10 229 11 230 9 231 11 232 9 233 11 234 10 235 11 236 10 237 11 238 10 239 11 240 11 241 10 242 11 243 4 244 3 245 3 246 3 247 1 248 3 249 12 250 12 251 12 252 32 253 33 254 33 255 33 256 32 257 32 258 31 259 31 260 30 261 31 262 32 263 32 264 32 265 32 266 33 267 33 268 33 269 33 270 33 271 31 272 30 273 6 274 7 275 6 276 7 277 6 278 7 279 7 280 6 281 7 282 5 283 7 284 1 285 1 286 3 287 16 288 16 289 16 290 16 291 16 292 3 293 8 294 9 295 9 296 9 297 10 298 10 299 10 300 10 301 10 302 10 303 11 304 11 305 11 306 11 307 11 308 11 309 11 310 11 311 11 312 11 313 10 314 11 315 1 316 20 317 28 318 29 319 29 320 29 321 29 322 29 323 29 324 23 325 23 326 28 327 29 328 29 329 21 330 21 331 20 332 1 333 1 334 21 335 21 336 20 337 1 338 1 339 20 340 21 341 23 342 29 343 29 344 29 345 29 346 29 347 29 348 29 349 29 350 29 351 28 352 10 353 23 354 23 355 23 356 23 357 23 358 23 359 23 360 23 361 23 362 24 363 24 364 23 365 23 366 14 367 15 368 15 369 14 370 15 371 14 372 15 373 14 374 15 375 15 376 15 377 15 378 15 379 15 380 14 381 15 382 13 383 15 384 13 385 15 386 15 387 15 388 15 389 15 390 15 391 14 392 15 393 14 394 15 395 14 396 15 397 13 398 15 399 23 400 24 401 25 402 26 403 26 404 26 405 27 406 27 407 27 408 27 409 27 410 27 411 26 412 26 413 26 414 26 415 27 416 27 417 27 418 27 419 27 420 26 421 26 422 26 423 24 424 24 425 25 426 25 427 26 428 27 429 26 430 25 431 25 432 23 433 23 434 23 435 23 436 23 437 24 438 23 439 23 440 23 441 23 442 23 443 23 444 23 445 23 446 23 447 23 448 23 449 22 450 21 451 22 452 22 453 21 454 21 455 28 456 29 457 29 458 29 459 7 460 7 461 7 462 7 463 7 464 7 465 7 466 7 467 5 468 7 469 23 470 20 471 20 472 1 473 1 474 1 475 20 476 20 477 28 478 22 479 22 480 22 481 1 482 22 483 22 484 22 485 22 486 28 487 28 488 21 489 15 490 15 491 15 492 14 493 14 494 14 495 15 496 14 497 15 498 14 499 15 500 34 501 21 502 34 503 28 504 34 505 6 506 6 507 7 508 7 509 6 510 34 511 34 512 34 513 34 514 34 515 34 516 34 517 34 518 34 519 34 520 21 521 34 522 21 523 22 524 21 525 21 526 21 527 22 528 21 529 21 530 21 531 21 532 10 533 11 534 11 535 11 536 9 537 11 538 11 539 11 540 10 541 11 542 10 543 10 544 10 545 10 546 21 547 34 548 34 549 34 550 34 551 18 552 18 553 18 554 19 555 18 556 19 557 18 558 18 559 19 560 19 561 19 562 19 563 19 564 19 565 1 566 1 567 1 568 1 569 1 570 1 571 34 572 28 573 21 574 28 575</v>
        </vertex_weights>
      </skin>
    </controller>
    <controller id="squidward_root_mesh_004-skin" name="squidward_root">
      <skin source="#unnamed_004-mesh">
        <bind_shape_matrix>1 0 0 0 0 1 0 0 0 0 1 0 0 0 0 1</bind_shape_matrix>
        <source id="squidward_root_mesh_004-skin-joints">
          <Name_array id="squidward_root_mesh_004-skin-joints-array" count="48">squidward_root squidward_sub_root squidward_connect squidward_hips squidward_front_thigh_L squidward_front_knee_L squidward_front_ankle_L squidward_front_toe_L squidward_front_thigh_R squidward_front_knee_R squidward_front_ankle_R squidward_front_toe_R squidward_rear_thigh_L squidward_rear_knee_L squidward_rear_ankle_L squidward_rear_toe_L squidward_rear_thigh_R squidward_rear_knee_R squidward_rear_ankle_R squidward_rear_toe_R squidward_spine_base squidward_chest squidward_clavicle_L squidward_bicep_L squidward_elbow_L squidward_twist_L squidward_hand_L squidward_fingers_L squidward_clavicle_R squidward_bicep_R squidward_elbow_R squidward_twist_R squidward_hand_R squidward_fingers_R squidward_neck_base squidward_neck_end squidward_head squidward_eye_rotate_space_L squidward_eye_scale_space_L pupil_L squidward_eye_rotate_space_R squidward_eye_scale_space_R pupil_R squidward_mouth squidward_mouth_corner_L squidward_mouth_corner_R squidward_nose_base squidward_nose_end</Name_array>
          <technique_common>
            <accessor source="#squidward_root_mesh_004-skin-joints-array" count="48" stride="1">
              <param name="JOINT" type="name"/>
            </accessor>
          </technique_common>
        </source>
        <source id="squidward_root_mesh_004-skin-bind_poses">
          <float_array id="squidward_root_mesh_004-skin-bind_poses-array" count="768">1 0 0 0 0 -3.57628e-7 1 0 0 -1 -2.8213e-7 0 0 0 0 1 1 0 0 0 0 -3.20375e-7 1 -0.5010337 0 -1 -2.44877e-7 -0.02677041 0 0 0 1 1 0 0 0 0 -3.94881e-7 1 0 0 -1 -3.19383e-7 0 0 0 0 1 0 -0.03276944 0.999463 -0.5016419 0 0.999463 0.03276938 0.01033759 -1 0 0 0 0 0 0 1 0.004731655 -0.06365108 -0.9979611 0.4289914 0.6860732 -0.7258434 0.04954802 -0.08253324 -0.7275173 -0.6849088 0.04023486 -0.02146649 0 0 0 1 0.004781782 -0.06382465 -0.9979496 0.2378032 0.6860722 -0.7258333 0.04970866 -0.08257156 -0.7275178 -0.6849032 0.04031753 -0.0214861 0 0 0 1 0.608457 -0.6084575 -0.5094698 -0.02589136 0.3602494 -0.3602495 0.8604885 -0.1095466 -0.707107 -0.7071065 1.49012e-7 -0.02059656 0 0 0 1 0.6084572 -0.6084574 -0.5094698 -0.1009756 0.3602494 -0.3602495 0.8604885 -0.1095466 -0.707107 -0.7071065 0 -0.02059656 0 0 0 1 0.004820287 0.06368243 0.9979586 -0.4289858 0.6861364 0.7257782 -0.04962807 0.08256733 -0.727457 0.6849749 -0.04019635 0.02145528 0 0 0 1 0.004817962 0.06374555 0.9979545 -0.2378081 0.6861363 0.7257754 -0.04967236 0.08257788 -0.7274571 0.6849721 -0.04024142 0.02146595 0 0 0 1 0.6084571 0.6084575 0.5094699 0.02590119 0.3602495 0.3602498 -0.8604885 0.109552 -0.707107 0.7071065 0 0.02057564 0 0 0 1 0.6084572 0.6084572 0.5094699 0.1009857 0.3602496 0.3602498 -0.8604883 0.1095523 -0.7071069 0.7071066 0 0.02057564 0 0 0 1 0.02312296 0.07659196 -0.9967944 0.4308105 0.6848629 0.7251446 0.0716058 -0.05741846 0.7283048 -0.6843234 -0.03568744 -0.01320129 0 0 0 1 -0.02746015 0.02283406 -0.999362 0.243221 0.6847016 0.7288198 -0.002161562 -0.03957462 0.7283058 -0.6843244 -0.03564798 -0.01321083 0 0 0 1 0.6084572 0.6084574 -0.5094695 0.006681084 0.3602493 0.3602491 0.8604887 -0.09025537 0.7071068 -0.7071067 -1.49012e-7 -0.01486611 0 0 0 1 0.6084571 0.6084576 -0.5094694 -0.06840312 0.3602492 0.360249 0.8604887 -0.09025537 0.7071069 -0.7071067 -2.38418e-7 -0.01486611 0 0 0 1 0.0231238 -0.07659298 0.9967943 -0.4308106 0.6848631 -0.7251448 -0.07160717 0.05741906 0.7283049 0.6843234 0.03568756 0.01320129 0 0 0 1 -0.02746111 -0.02283346 0.999362 -0.2432215 0.6847018 -0.7288202 0.002162635 0.03957456 0.7283059 0.6843243 0.03564828 0.01321083 0 0 0 1 0.6084575 -0.6084575 0.5094694 -0.006681025 0.3602493 -0.3602489 -0.8604888 0.09025537 0.7071068 0.7071069 1.49012e-7 0.01486611 0 0 0 1 0.6084574 -0.6084574 0.5094695 0.06840312 0.3602495 -0.3602489 -0.8604887 0.09025537 0.7071068 0.707107 1.78814e-7 0.01486605 0 0 0 1 1.92956e-4 0.1349341 0.9908546 -0.6452321 -1.39429e-7 0.9908547 -0.1349342 0.1205496 -1 2.60364e-5 1.91191e-4 -1.24502e-4 0 0 0 1 1.92951e-4 0.1997389 0.9798491 -0.7709176 -1.39153e-7 0.9798492 -0.1997389 0.1715673 -1 3.85416e-5 1.89072e-4 -1.48756e-4 0 0 0 1 0 -0.03276962 0.999463 -0.8638154 -1.42913e-7 0.9994631 0.0327695 -0.03631526 -1 0 0 0.009528756 0 0 0 1 0.9998477 0.01745241 0 -0.04760539 -2.54225e-7 -4.52058e-6 -0.9999998 0.8645414 -0.01745259 0.9998478 -4.61434e-6 -0.02065539 0 0 0 1 0.9998476 -0.01745241 0 -0.2831999 -2.53487e-7 -4.56285e-6 -0.9999998 0.8645414 0.01745229 0.9998477 -4.65777e-6 -0.03055751 0 0 0 1 0.9998476 -0.01745253 0 -0.4119206 -7.23136e-6 -4.04327e-4 -0.9999999 0.8645538 0.01745241 0.9998476 -4.04483e-4 -0.03021186 0 0 0 1 0.9989501 0 -0.04580974 -0.433972 -0.04580992 4.0096e-7 -0.9989502 0.8853511 0 1 3.01611e-7 -0.02229142 0 0 0 1 0.9989501 0 -0.04580974 -0.533972 -0.04580992 3.62194e-7 -0.9989502 0.8853511 0 1 2.63648e-7 -0.02229142 0 0 0 1 0 0.03276956 -0.9994657 0.8638173 1.42808e-7 -0.999463 -0.03276997 0.03631567 -1 0 0 -0.009528756 0 0 0 1 0.9996417 -0.02676475 0 0.04779583 -1.71195e-7 0 1.000003 -0.8645433 -0.02676463 -0.9996418 -2.80046e-7 0.02021527 0 0 0 1 0.9995787 0.02901911 0 0.2827692 -1.70679e-7 0 1.000002 -0.8645433 0.02901923 -0.9995789 -2.59222e-7 0.03603923 0 0 0 1 0.9995787 0.02901911 0 0.4115195 -1.70769e-7 0 1.000002 -0.8645433 0.02901923 -0.9995789 -2.56114e-7 0.03603923 0 0 0 1 0.9989502 -1.83352e-5 0.0458098 0.433971 -0.0458098 -7.9952e-4 0.9989524 -0.8853347 1.84398e-5 -0.9999998 -7.9989e-4 0.02299153 0 0 0 1 0.9989502 -1.83297e-5 0.04580962 0.5339712 -0.04580962 -7.99519e-4 0.9989524 -0.8853346 1.84452e-5 -0.9999998 -7.99889e-4 0.02299147 0 0 0 1 2.3638e-4 -0.09618127 0.9953638 -0.9049527 -1.35919e-7 0.9953638 0.09618121 -0.09793412 -1 -2.27324e-5 2.35253e-4 -2.13884e-4 0 0 0 1 0 -0.1506974 0.9885799 -1.024382 -1.3377e-7 0.9885799 0.1506973 -0.1544219 -1 0 0 0 0 0 0 1 2.34942e-4 -0.03276813 0.9994629 -1.145092 -1.37538e-7 0.9994629 0.03276807 -0.01918089 -1 -7.69789e-6 2.34793e-4 -2.69005e-4 0 0 0 1 0.05928689 -0.03163355 0.9977394 -1.360749 -0.2588164 0.9648319 0.0459693 0.09858655 -0.9641053 -0.2609567 0.04901462 -0.04893624 0 0 0 1 0.05928695 -0.03163361 0.9977394 -1.360749 -0.2588164 0.9648319 0.04596936 0.09858649 -0.9641053 -0.2609566 0.04901462 -0.04893624 0 0 0 1 0.03623074 -0.07119864 0.9968037 -1.364092 -0.3712594 0.9251133 0.07957208 0.05367708 -0.927822 -0.3729557 0.007084369 -0.0111438 0 0 0 1 0.05928713 0.03163349 -0.9977395 1.360749 -0.2588167 -0.9648315 -0.0459693 -0.09858685 -0.9641022 0.2609556 -0.0490151 0.04893702 0 0 0 1 0.05928707 0.03163355 -0.9977396 1.360749 -0.2588169 -0.9648315 -0.04596936 -0.09858679 -0.9641022 0.2609558 -0.04901504 0.04893696 0 0 0 1 0.03623127 0.0711984 -0.9968038 1.364092 -0.3712592 -0.925113 -0.07957208 -0.05367738 -0.927819 0.3729546 -0.007085084 0.01114493 0 0 0 1 1 0 0 0 0 -3.4092e-7 0.9999999 -1.150085 1.40082e-7 -0.9999999 -2.6261e-7 -0.007723033 0 0 0 1 0 -0.03276818 0.9994629 -1.144285 -1.37521e-7 0.9994629 0.03276813 -0.05764096 -1 0 0 0.1795976 0 0 0 1 0 -0.03276818 0.9994629 -1.14425 -4.35544e-7 0.9994629 0.03276813 -0.05869078 -1 -2.96475e-7 0 -0.1753963 0 0 0 1 0 -0.6382823 -0.7698023 0.8737565 0 -0.7698023 0.6382824 -0.9478949 -1 0 0 0 0 0 0 1 0 -0.03277069 0.9994629 -1.212618 -1.37525e-7 0.9994628 0.03277075 0.2130485 -1 0 0 0 0 0 0 1</float_array>
          <technique_common>
            <accessor source="#squidward_root_mesh_004-skin-bind_poses-array" count="48" stride="16">
              <param name="TRANSFORM" type="float4x4"/>
            </accessor>
          </technique_common>
        </source>
        <source id="squidward_root_mesh_004-skin-weights">
          <float_array id="squidward_root_mesh_004-skin-weights-array" count="497">1 0.500017 0.499983 0.5019702 0.4980298 0 0.4003711 0.5996288 0.00353074 0.8968657 0.09960359 0.003921687 0.9960784 0.00353074 0.8968656 0.09960359 0.001968443 0.4999923 0.4980393 0.003921687 0.9960784 0.4980293 0.5019707 0.003921687 0.9960784 0.4980293 0.5019707 0.003921687 0.9960784 0.4980293 0.5019707 0.4980293 0.5019707 1 0.4980293 0.5019707 1 1 0.5019701 0.4980299 0.003921687 0.9960784 0.003921687 0.9960784 0.003921687 0.9960784 0.5019701 0.4980299 1 1 1 1 1 1 1 1 1 1 1 1 1 1 1 1 1 1 1 1 1 1 1 1 1 1 1 1 1 1 1 1 1 1 1 1 1 1 1 1 1 1 1 1 1 1 1 1 1 1 1 1 1 1 1 1 1 1 0.5019701 0.4980299 1 1 1 0.5019702 0.4980298 0.5019702 0.4980298 0.003921687 0.9960784 0.003921687 0.9960784 0.003921687 0.9960784 0.5019702 0.4980298 1 1 1 1 1 1 1 1 1 1 0.9960784 0.003921687 0.9960784 0.003921687 1 1 1 1 1 1 1 1 1 1 1 1 1 1 1 1 1 1 1 1 1 1 1 1 1 1 1 1 1 1 1 1 1 1 1 1 1 1 1 1 0.9003972 0.09960281 1 0.9003972 0.09960281 1 0.9960784 0.003921687 1 0.9960784 0.003921687 0.9003971 0.09960281 0.00390613 1.53789e-5 0.9960785 0.00390613 1.53789e-5 0.9960785 0.00390613 1.53789e-5 0.9960785 0.00392121 0 0.9960787 0.00390613 1.53789e-5 0.9960785 1 1 1 1 1 1 1 1 1 0.003921687 0.9960784 0.003921687 0.9960784 0.003921687 0.9960784 0.4999825 0.5000175 0.4980293 0.5019707 0.4980293 0.5019707 9.82339e-4 0.4980715 0.5009462 0.00390613 1.53789e-5 0.9960785 1.5197e-5 1.80918e-7 0.9999846 0.00392121 0 0.9960787 0.003921687 0.9960784 1 1 1 1 0.001968443 0.4999923 0.4980393 1 0.001968443 0.4999923 0.4980393 1 1 0.9003972 0.09960281 0.500017 0.499983 1 1 1 1 1 1 1 1 1 1 1 0.5019701 0.4980299 1 1 1 1 1 1 1 1 1 0.9960784 0.003921687 1 1 1 1 1 1 0.9960784 0.003921687 0.9960784 0.003921687 1 1 1 1 1 1 1 1 1 1 1 1 1 0.003921687 0.9960784 0.003921687 0.9960784 0.003921687 0.9960784 0.001968443 0.4999923 0.4980393 0.00353074 0.8968657 0.09960359 0.003921687 0.9960784 0.003921687 0.9960784 0.003921687 0.9960784 0.003921687 0.9960784 0.00353074 0.8968656 0.09960359 0.001968443 0.4999923 0.4980393 8.89841e-7 0.4003707 0.5996285 0.003921687 0.9960784 0.00367558 0.9963244 0.5019701 0.4980299 0.003921687 0.9960784 0.5019701 0.4980299 1.38467e-5 0.9003788 0.0996074 0.003921687 0.9960784 0.9999846 1.53789e-5 0.001960754 0.4980582 0.499981 0 0.3007603 0.6992397 0 0.3007603 0.6992397 0 0.4004139 0.5995861 0.001968443 0.4999923 0.4980393 0.00353074 0.8968657 0.09960359 0.00353074 0.8968657 0.09960359 1 1 1 1 1 1 1 1 1 1 1 1 1 1 1 1 1 1 1 1 1 1 1 1 1 0.003921687 0.9960784 0.003921687 0.9960784 0.003921687 0.9960784 0.9999846 1.53789e-5 0.003921687 0.9960784 0.500017 0.499983 1 0.9960784 0.003921687 1 0.9003971 0.09960281 0.9003971 0.09960281 0 0.3003941 0.699606 0.001968443 0.4999923 0.4980393 1.38467e-5 0.9003788 0.0996074 0.9960784 0.003921687 1 1 1 1 1 1 1 9.78503e-4 0.4999837 0.4990378 9.82339e-4 0.4980715 0.5009462 0.00390613 1.53789e-5 0.9960785 1.53173e-5 0 0.9999846 0.00392121 0 0.9960787 1.53769e-5 0 0.9999846 1.53173e-5 0 0.9999846 1 1 1 1 1 9.82339e-4 0.4980715 0.5009462 9.82339e-4 0.4980715 0.5009462 0.00390613 1.53789e-5 0.9960785 0.00390613 1.53789e-5 0.9960785 1.53769e-5 0 0.9999846 0.00390613 1.53789e-5 0.9960785 1.53769e-5 0 0.9999846 0.00390613 1.53789e-5 0.9960785 0.00390613 1.53789e-5 0.9960785 9.36186e-4 0.4999896 0.4990742 1 0 0.4003711 0.5996289 0 0.3003941 0.699606</float_array>
          <technique_common>
            <accessor source="#squidward_root_mesh_004-skin-weights-array" count="497" stride="1">
              <param name="WEIGHT" type="float"/>
            </accessor>
          </technique_common>
        </source>
        <joints>
          <input semantic="JOINT" source="#squidward_root_mesh_004-skin-joints"/>
          <input semantic="INV_BIND_MATRIX" source="#squidward_root_mesh_004-skin-bind_poses"/>
        </joints>
        <vertex_weights count="330">
          <input semantic="JOINT" source="#squidward_root_mesh_004-skin-joints" offset="0"/>
          <input semantic="WEIGHT" source="#squidward_root_mesh_004-skin-weights" offset="1"/>
          <vcount>1 2 2 3 3 2 3 3 2 2 2 2 2 2 2 1 2 1 1 2 2 2 2 2 1 1 1 1 1 1 1 1 1 1 1 1 1 1 1 1 1 1 1 1 1 1 1 1 1 1 1 1 1 1 1 1 1 1 1 1 1 1 1 1 1 1 1 1 1 1 1 1 1 1 1 1 1 1 1 1 1 1 2 1 1 1 2 2 2 2 2 2 1 1 1 1 1 1 1 1 1 1 2 2 1 1 1 1 1 1 1 1 1 1 1 1 1 1 1 1 1 1 1 1 1 1 1 1 1 1 1 1 1 1 1 1 1 1 1 1 1 1 1 1 2 1 2 1 2 1 2 2 3 3 3 3 3 1 1 1 1 1 1 1 1 1 2 2 2 2 2 2 3 3 3 3 2 1 1 1 1 3 1 3 1 1 2 2 1 1 1 1 1 1 1 1 1 1 1 2 1 1 1 1 1 1 1 1 1 2 1 1 1 1 1 1 2 2 1 1 1 1 1 1 1 1 1 1 1 1 1 2 2 2 3 3 2 2 2 2 3 3 3 2 2 2 2 2 3 2 2 3 3 3 3 3 3 3 1 1 1 1 1 1 1 1 1 1 1 1 1 1 1 1 1 1 1 1 1 1 1 1 1 2 2 2 2 2 2 1 2 1 2 2 3 3 3 2 1 1 1 1 1 1 1 3 3 3 3 3 3 3 1 1 1 1 1 3 3 3 3 3 3 3 3 3 3 1 3 3 </vcount>
          <v>36 0 36 1 44 2 36 3 44 4 36 5 43 6 44 7 36 8 43 9 44 10 36 11 43 12 36 13 43 14 45 15 36 16 43 17 45 18 36 19 43 20 35 21 36 22 36 23 43 24 35 25 36 26 36 27 43 28 35 29 36 30 35 31 36 32 36 33 35 34 36 35 36 36 36 37 36 38 45 39 36 40 45 41 36 42 45 43 36 44 45 45 36 46 45 47 36 48 36 49 36 50 36 51 36 52 36 53 36 54 36 55 36 56 36 57 36 58 36 59 36 60 36 61 36 62 36 63 36 64 36 65 36 66 36 67 36 68 36 69 36 70 36 71 36 72 36 73 36 74 36 75 36 76 36 77 36 78 36 79 36 80 36 81 36 82 36 83 36 84 36 85 36 86 36 87 36 88 36 89 36 90 36 91 36 92 36 93 36 94 36 95 36 96 36 97 36 98 36 99 36 100 36 101 36 102 36 103 36 104 36 105 36 106 45 107 36 108 36 109 36 110 36 111 44 112 36 113 44 114 36 115 44 116 36 117 44 118 36 119 44 120 36 121 44 122 36 123 36 124 36 125 36 126 36 127 36 128 36 129 36 130 36 131 36 132 36 133 46 134 36 135 46 136 36 137 36 138 36 139 36 140 36 141 36 142 36 143 36 144 36 145 36 146 36 147 36 148 36 149 36 150 36 151 36 152 36 153 36 154 36 155 36 156 36 157 36 158 36 159 36 160 36 161 36 162 36 163 36 164 36 165 36 166 36 167 36 168 36 169 36 170 36 171 36 172 36 173 36 174 36 175 36 176 36 177 44 178 36 179 36 180 44 181 36 182 36 183 46 184 36 185 36 186 46 187 36 188 45 189 35 190 46 191 47 192 35 193 46 194 47 195 35 196 46 197 47 198 35 199 46 200 47 201 35 202 46 203 47 204 34 205 34 206 35 207 34 208 34 209 35 210 34 211 35 212 34 213 34 214 35 215 34 216 35 217 34 218 35 219 35 220 36 221 35 222 36 223 35 224 36 225 35 226 46 227 47 228 35 229 46 230 47 231 35 232 46 233 47 234 35 235 46 236 47 237 36 238 46 239 36 240 36 241 36 242 36 243 36 244 43 245 44 246 36 247 36 248 43 249 45 250 36 251 36 252 36 253 44 254 36 255 44 256 36 257 36 258 36 259 36 260 36 261 36 262 36 263 36 264 36 265 36 266 36 267 36 268 45 269 36 270 36 271 36 272 36 273 36 274 36 275 36 276 36 277 36 278 36 279 46 280 36 281 36 282 36 283 36 284 36 285 36 286 36 287 46 288 36 289 46 290 36 291 36 292 36 293 36 294 36 295 36 296 36 297 36 298 36 299 36 300 36 301 36 302 36 303 36 304 44 305 36 306 44 307 36 308 44 309 36 310 43 311 44 312 36 313 43 314 44 315 36 316 43 317 36 318 43 319 36 320 43 321 36 322 43 323 36 324 43 325 45 326 36 327 43 328 45 329 36 330 43 331 45 332 36 333 45 334 36 335 45 336 36 337 45 338 36 339 45 340 36 341 45 342 36 343 43 344 45 345 36 346 43 347 43 348 46 349 36 350 43 351 44 352 36 353 43 354 44 355 36 356 43 357 44 358 36 359 43 360 44 361 36 362 43 363 44 364 36 365 43 366 44 367 36 368 43 369 44 370 36 371 36 372 36 373 36 374 36 375 36 376 36 377 36 378 36 379 36 380 36 381 36 382 36 383 36 384 36 385 36 386 36 387 36 388 36 389 36 390 36 391 36 392 36 393 36 394 36 395 36 396 43 397 36 398 43 399 36 400 43 401 43 402 46 403 36 404 43 405 36 406 44 407 36 408 36 409 46 410 36 411 36 412 45 413 36 414 45 415 36 416 43 417 45 418 36 419 43 420 45 421 36 422 43 423 45 424 36 425 46 426 36 427 36 428 36 429 36 430 36 431 46 432 46 433 35 434 46 435 47 436 35 437 46 438 47 439 35 440 46 441 47 442 35 443 46 444 47 445 35 446 46 447 47 448 35 449 46 450 47 451 35 452 46 453 47 454 46 455 36 456 36 457 46 458 46 459 35 460 46 461 47 462 35 463 46 464 47 465 35 466 46 467 47 468 35 469 46 470 47 471 35 472 46 473 47 474 35 475 46 476 47 477 35 478 46 479 47 480 35 481 46 482 47 483 35 484 46 485 47 486 35 487 46 488 47 489 36 490 36 491 43 492 45 493 36 494 43 495 45 496</v>
        </vertex_weights>
      </skin>
    </controller>
    <controller id="squidward_root_mesh_003-skin" name="squidward_root">
      <skin source="#unnamed_003-mesh">
        <bind_shape_matrix>1 0 0 0 0 1 0 0 0 0 1 0 0 0 0 1</bind_shape_matrix>
        <source id="squidward_root_mesh_003-skin-joints">
          <Name_array id="squidward_root_mesh_003-skin-joints-array" count="48">squidward_root squidward_sub_root squidward_connect squidward_hips squidward_front_thigh_L squidward_front_knee_L squidward_front_ankle_L squidward_front_toe_L squidward_front_thigh_R squidward_front_knee_R squidward_front_ankle_R squidward_front_toe_R squidward_rear_thigh_L squidward_rear_knee_L squidward_rear_ankle_L squidward_rear_toe_L squidward_rear_thigh_R squidward_rear_knee_R squidward_rear_ankle_R squidward_rear_toe_R squidward_spine_base squidward_chest squidward_clavicle_L squidward_bicep_L squidward_elbow_L squidward_twist_L squidward_hand_L squidward_fingers_L squidward_clavicle_R squidward_bicep_R squidward_elbow_R squidward_twist_R squidward_hand_R squidward_fingers_R squidward_neck_base squidward_neck_end squidward_head squidward_eye_rotate_space_L squidward_eye_scale_space_L pupil_L squidward_eye_rotate_space_R squidward_eye_scale_space_R pupil_R squidward_mouth squidward_mouth_corner_L squidward_mouth_corner_R squidward_nose_base squidward_nose_end</Name_array>
          <technique_common>
            <accessor source="#squidward_root_mesh_003-skin-joints-array" count="48" stride="1">
              <param name="JOINT" type="name"/>
            </accessor>
          </technique_common>
        </source>
        <source id="squidward_root_mesh_003-skin-bind_poses">
          <float_array id="squidward_root_mesh_003-skin-bind_poses-array" count="768">1 0 0 0 0 -3.57628e-7 1 0 0 -1 -2.8213e-7 0 0 0 0 1 1 0 0 0 0 -3.20375e-7 1 -0.5010337 0 -1 -2.44877e-7 -0.02677041 0 0 0 1 1 0 0 0 0 -3.94881e-7 1 0 0 -1 -3.19383e-7 0 0 0 0 1 0 -0.03276944 0.999463 -0.5016419 0 0.999463 0.03276938 0.01033759 -1 0 0 0 0 0 0 1 0.004731655 -0.06365108 -0.9979611 0.4289914 0.6860732 -0.7258434 0.04954802 -0.08253324 -0.7275173 -0.6849088 0.04023486 -0.02146649 0 0 0 1 0.004781782 -0.06382465 -0.9979496 0.2378032 0.6860722 -0.7258333 0.04970866 -0.08257156 -0.7275178 -0.6849032 0.04031753 -0.0214861 0 0 0 1 0.608457 -0.6084575 -0.5094698 -0.02589136 0.3602494 -0.3602495 0.8604885 -0.1095466 -0.707107 -0.7071065 1.49012e-7 -0.02059656 0 0 0 1 0.6084572 -0.6084574 -0.5094698 -0.1009756 0.3602494 -0.3602495 0.8604885 -0.1095466 -0.707107 -0.7071065 0 -0.02059656 0 0 0 1 0.004820287 0.06368243 0.9979586 -0.4289858 0.6861364 0.7257782 -0.04962807 0.08256733 -0.727457 0.6849749 -0.04019635 0.02145528 0 0 0 1 0.004817962 0.06374555 0.9979545 -0.2378081 0.6861363 0.7257754 -0.04967236 0.08257788 -0.7274571 0.6849721 -0.04024142 0.02146595 0 0 0 1 0.6084571 0.6084575 0.5094699 0.02590119 0.3602495 0.3602498 -0.8604885 0.109552 -0.707107 0.7071065 0 0.02057564 0 0 0 1 0.6084572 0.6084572 0.5094699 0.1009857 0.3602496 0.3602498 -0.8604883 0.1095523 -0.7071069 0.7071066 0 0.02057564 0 0 0 1 0.02312296 0.07659196 -0.9967944 0.4308105 0.6848629 0.7251446 0.0716058 -0.05741846 0.7283048 -0.6843234 -0.03568744 -0.01320129 0 0 0 1 -0.02746015 0.02283406 -0.999362 0.243221 0.6847016 0.7288198 -0.002161562 -0.03957462 0.7283058 -0.6843244 -0.03564798 -0.01321083 0 0 0 1 0.6084572 0.6084574 -0.5094695 0.006681084 0.3602493 0.3602491 0.8604887 -0.09025537 0.7071068 -0.7071067 -1.49012e-7 -0.01486611 0 0 0 1 0.6084571 0.6084576 -0.5094694 -0.06840312 0.3602492 0.360249 0.8604887 -0.09025537 0.7071069 -0.7071067 -2.38418e-7 -0.01486611 0 0 0 1 0.0231238 -0.07659298 0.9967943 -0.4308106 0.6848631 -0.7251448 -0.07160717 0.05741906 0.7283049 0.6843234 0.03568756 0.01320129 0 0 0 1 -0.02746111 -0.02283346 0.999362 -0.2432215 0.6847018 -0.7288202 0.002162635 0.03957456 0.7283059 0.6843243 0.03564828 0.01321083 0 0 0 1 0.6084575 -0.6084575 0.5094694 -0.006681025 0.3602493 -0.3602489 -0.8604888 0.09025537 0.7071068 0.7071069 1.49012e-7 0.01486611 0 0 0 1 0.6084574 -0.6084574 0.5094695 0.06840312 0.3602495 -0.3602489 -0.8604887 0.09025537 0.7071068 0.707107 1.78814e-7 0.01486605 0 0 0 1 1.92956e-4 0.1349341 0.9908546 -0.6452321 -1.39429e-7 0.9908547 -0.1349342 0.1205496 -1 2.60364e-5 1.91191e-4 -1.24502e-4 0 0 0 1 1.92951e-4 0.1997389 0.9798491 -0.7709176 -1.39153e-7 0.9798492 -0.1997389 0.1715673 -1 3.85416e-5 1.89072e-4 -1.48756e-4 0 0 0 1 0 -0.03276962 0.999463 -0.8638154 -1.42913e-7 0.9994631 0.0327695 -0.03631526 -1 0 0 0.009528756 0 0 0 1 0.9998477 0.01745241 0 -0.04760539 -2.54225e-7 -4.52058e-6 -0.9999998 0.8645414 -0.01745259 0.9998478 -4.61434e-6 -0.02065539 0 0 0 1 0.9998476 -0.01745241 0 -0.2831999 -2.53487e-7 -4.56285e-6 -0.9999998 0.8645414 0.01745229 0.9998477 -4.65777e-6 -0.03055751 0 0 0 1 0.9998476 -0.01745253 0 -0.4119206 -7.23136e-6 -4.04327e-4 -0.9999999 0.8645538 0.01745241 0.9998476 -4.04483e-4 -0.03021186 0 0 0 1 0.9989501 0 -0.04580974 -0.433972 -0.04580992 4.0096e-7 -0.9989502 0.8853511 0 1 3.01611e-7 -0.02229142 0 0 0 1 0.9989501 0 -0.04580974 -0.533972 -0.04580992 3.62194e-7 -0.9989502 0.8853511 0 1 2.63648e-7 -0.02229142 0 0 0 1 0 0.03276956 -0.9994657 0.8638173 1.42808e-7 -0.999463 -0.03276997 0.03631567 -1 0 0 -0.009528756 0 0 0 1 0.9996417 -0.02676475 0 0.04779583 -1.71195e-7 0 1.000003 -0.8645433 -0.02676463 -0.9996418 -2.80046e-7 0.02021527 0 0 0 1 0.9995787 0.02901911 0 0.2827692 -1.70679e-7 0 1.000002 -0.8645433 0.02901923 -0.9995789 -2.59222e-7 0.03603923 0 0 0 1 0.9995787 0.02901911 0 0.4115195 -1.70769e-7 0 1.000002 -0.8645433 0.02901923 -0.9995789 -2.56114e-7 0.03603923 0 0 0 1 0.9989502 -1.83352e-5 0.0458098 0.433971 -0.0458098 -7.9952e-4 0.9989524 -0.8853347 1.84398e-5 -0.9999998 -7.9989e-4 0.02299153 0 0 0 1 0.9989502 -1.83297e-5 0.04580962 0.5339712 -0.04580962 -7.99519e-4 0.9989524 -0.8853346 1.84452e-5 -0.9999998 -7.99889e-4 0.02299147 0 0 0 1 2.3638e-4 -0.09618127 0.9953638 -0.9049527 -1.35919e-7 0.9953638 0.09618121 -0.09793412 -1 -2.27324e-5 2.35253e-4 -2.13884e-4 0 0 0 1 0 -0.1506974 0.9885799 -1.024382 -1.3377e-7 0.9885799 0.1506973 -0.1544219 -1 0 0 0 0 0 0 1 2.34942e-4 -0.03276813 0.9994629 -1.145092 -1.37538e-7 0.9994629 0.03276807 -0.01918089 -1 -7.69789e-6 2.34793e-4 -2.69005e-4 0 0 0 1 0.05928689 -0.03163355 0.9977394 -1.360749 -0.2588164 0.9648319 0.0459693 0.09858655 -0.9641053 -0.2609567 0.04901462 -0.04893624 0 0 0 1 0.05928695 -0.03163361 0.9977394 -1.360749 -0.2588164 0.9648319 0.04596936 0.09858649 -0.9641053 -0.2609566 0.04901462 -0.04893624 0 0 0 1 0.03623074 -0.07119864 0.9968037 -1.364092 -0.3712594 0.9251133 0.07957208 0.05367708 -0.927822 -0.3729557 0.007084369 -0.0111438 0 0 0 1 0.05928713 0.03163349 -0.9977395 1.360749 -0.2588167 -0.9648315 -0.0459693 -0.09858685 -0.9641022 0.2609556 -0.0490151 0.04893702 0 0 0 1 0.05928707 0.03163355 -0.9977396 1.360749 -0.2588169 -0.9648315 -0.04596936 -0.09858679 -0.9641022 0.2609558 -0.04901504 0.04893696 0 0 0 1 0.03623127 0.0711984 -0.9968038 1.364092 -0.3712592 -0.925113 -0.07957208 -0.05367738 -0.927819 0.3729546 -0.007085084 0.01114493 0 0 0 1 1 0 0 0 0 -3.4092e-7 0.9999999 -1.150085 1.40082e-7 -0.9999999 -2.6261e-7 -0.007723033 0 0 0 1 0 -0.03276818 0.9994629 -1.144285 -1.37521e-7 0.9994629 0.03276813 -0.05764096 -1 0 0 0.1795976 0 0 0 1 0 -0.03276818 0.9994629 -1.14425 -4.35544e-7 0.9994629 0.03276813 -0.05869078 -1 -2.96475e-7 0 -0.1753963 0 0 0 1 0 -0.6382823 -0.7698023 0.8737565 0 -0.7698023 0.6382824 -0.9478949 -1 0 0 0 0 0 0 1 0 -0.03277069 0.9994629 -1.212618 -1.37525e-7 0.9994628 0.03277075 0.2130485 -1 0 0 0 0 0 0 1</float_array>
          <technique_common>
            <accessor source="#squidward_root_mesh_003-skin-bind_poses-array" count="48" stride="16">
              <param name="TRANSFORM" type="float4x4"/>
            </accessor>
          </technique_common>
        </source>
        <source id="squidward_root_mesh_003-skin-weights">
          <float_array id="squidward_root_mesh_003-skin-weights-array" count="6">1 1 1 1 1 1</float_array>
          <technique_common>
            <accessor source="#squidward_root_mesh_003-skin-weights-array" count="6" stride="1">
              <param name="WEIGHT" type="float"/>
            </accessor>
          </technique_common>
        </source>
        <joints>
          <input semantic="JOINT" source="#squidward_root_mesh_003-skin-joints"/>
          <input semantic="INV_BIND_MATRIX" source="#squidward_root_mesh_003-skin-bind_poses"/>
        </joints>
        <vertex_weights count="6">
          <input semantic="JOINT" source="#squidward_root_mesh_003-skin-joints" offset="0"/>
          <input semantic="WEIGHT" source="#squidward_root_mesh_003-skin-weights" offset="1"/>
          <vcount>1 1 1 1 1 1 </vcount>
          <v>39 0 39 1 39 2 39 3 39 4 39 5</v>
        </vertex_weights>
      </skin>
    </controller>
    <controller id="squidward_root_mesh_002-skin" name="squidward_root">
      <skin source="#unnamed_002-mesh">
        <bind_shape_matrix>1 0 0 0 0 1 0 0 0 0 1 0 0 0 0 1</bind_shape_matrix>
        <source id="squidward_root_mesh_002-skin-joints">
          <Name_array id="squidward_root_mesh_002-skin-joints-array" count="48">squidward_root squidward_sub_root squidward_connect squidward_hips squidward_front_thigh_L squidward_front_knee_L squidward_front_ankle_L squidward_front_toe_L squidward_front_thigh_R squidward_front_knee_R squidward_front_ankle_R squidward_front_toe_R squidward_rear_thigh_L squidward_rear_knee_L squidward_rear_ankle_L squidward_rear_toe_L squidward_rear_thigh_R squidward_rear_knee_R squidward_rear_ankle_R squidward_rear_toe_R squidward_spine_base squidward_chest squidward_clavicle_L squidward_bicep_L squidward_elbow_L squidward_twist_L squidward_hand_L squidward_fingers_L squidward_clavicle_R squidward_bicep_R squidward_elbow_R squidward_twist_R squidward_hand_R squidward_fingers_R squidward_neck_base squidward_neck_end squidward_head squidward_eye_rotate_space_L squidward_eye_scale_space_L pupil_L squidward_eye_rotate_space_R squidward_eye_scale_space_R pupil_R squidward_mouth squidward_mouth_corner_L squidward_mouth_corner_R squidward_nose_base squidward_nose_end</Name_array>
          <technique_common>
            <accessor source="#squidward_root_mesh_002-skin-joints-array" count="48" stride="1">
              <param name="JOINT" type="name"/>
            </accessor>
          </technique_common>
        </source>
        <source id="squidward_root_mesh_002-skin-bind_poses">
          <float_array id="squidward_root_mesh_002-skin-bind_poses-array" count="768">1 0 0 0 0 -3.57628e-7 1 0 0 -1 -2.8213e-7 0 0 0 0 1 1 0 0 0 0 -3.20375e-7 1 -0.5010337 0 -1 -2.44877e-7 -0.02677041 0 0 0 1 1 0 0 0 0 -3.94881e-7 1 0 0 -1 -3.19383e-7 0 0 0 0 1 0 -0.03276944 0.999463 -0.5016419 0 0.999463 0.03276938 0.01033759 -1 0 0 0 0 0 0 1 0.004731655 -0.06365108 -0.9979611 0.4289914 0.6860732 -0.7258434 0.04954802 -0.08253324 -0.7275173 -0.6849088 0.04023486 -0.02146649 0 0 0 1 0.004781782 -0.06382465 -0.9979496 0.2378032 0.6860722 -0.7258333 0.04970866 -0.08257156 -0.7275178 -0.6849032 0.04031753 -0.0214861 0 0 0 1 0.608457 -0.6084575 -0.5094698 -0.02589136 0.3602494 -0.3602495 0.8604885 -0.1095466 -0.707107 -0.7071065 1.49012e-7 -0.02059656 0 0 0 1 0.6084572 -0.6084574 -0.5094698 -0.1009756 0.3602494 -0.3602495 0.8604885 -0.1095466 -0.707107 -0.7071065 0 -0.02059656 0 0 0 1 0.004820287 0.06368243 0.9979586 -0.4289858 0.6861364 0.7257782 -0.04962807 0.08256733 -0.727457 0.6849749 -0.04019635 0.02145528 0 0 0 1 0.004817962 0.06374555 0.9979545 -0.2378081 0.6861363 0.7257754 -0.04967236 0.08257788 -0.7274571 0.6849721 -0.04024142 0.02146595 0 0 0 1 0.6084571 0.6084575 0.5094699 0.02590119 0.3602495 0.3602498 -0.8604885 0.109552 -0.707107 0.7071065 0 0.02057564 0 0 0 1 0.6084572 0.6084572 0.5094699 0.1009857 0.3602496 0.3602498 -0.8604883 0.1095523 -0.7071069 0.7071066 0 0.02057564 0 0 0 1 0.02312296 0.07659196 -0.9967944 0.4308105 0.6848629 0.7251446 0.0716058 -0.05741846 0.7283048 -0.6843234 -0.03568744 -0.01320129 0 0 0 1 -0.02746015 0.02283406 -0.999362 0.243221 0.6847016 0.7288198 -0.002161562 -0.03957462 0.7283058 -0.6843244 -0.03564798 -0.01321083 0 0 0 1 0.6084572 0.6084574 -0.5094695 0.006681084 0.3602493 0.3602491 0.8604887 -0.09025537 0.7071068 -0.7071067 -1.49012e-7 -0.01486611 0 0 0 1 0.6084571 0.6084576 -0.5094694 -0.06840312 0.3602492 0.360249 0.8604887 -0.09025537 0.7071069 -0.7071067 -2.38418e-7 -0.01486611 0 0 0 1 0.0231238 -0.07659298 0.9967943 -0.4308106 0.6848631 -0.7251448 -0.07160717 0.05741906 0.7283049 0.6843234 0.03568756 0.01320129 0 0 0 1 -0.02746111 -0.02283346 0.999362 -0.2432215 0.6847018 -0.7288202 0.002162635 0.03957456 0.7283059 0.6843243 0.03564828 0.01321083 0 0 0 1 0.6084575 -0.6084575 0.5094694 -0.006681025 0.3602493 -0.3602489 -0.8604888 0.09025537 0.7071068 0.7071069 1.49012e-7 0.01486611 0 0 0 1 0.6084574 -0.6084574 0.5094695 0.06840312 0.3602495 -0.3602489 -0.8604887 0.09025537 0.7071068 0.707107 1.78814e-7 0.01486605 0 0 0 1 1.92956e-4 0.1349341 0.9908546 -0.6452321 -1.39429e-7 0.9908547 -0.1349342 0.1205496 -1 2.60364e-5 1.91191e-4 -1.24502e-4 0 0 0 1 1.92951e-4 0.1997389 0.9798491 -0.7709176 -1.39153e-7 0.9798492 -0.1997389 0.1715673 -1 3.85416e-5 1.89072e-4 -1.48756e-4 0 0 0 1 0 -0.03276962 0.999463 -0.8638154 -1.42913e-7 0.9994631 0.0327695 -0.03631526 -1 0 0 0.009528756 0 0 0 1 0.9998477 0.01745241 0 -0.04760539 -2.54225e-7 -4.52058e-6 -0.9999998 0.8645414 -0.01745259 0.9998478 -4.61434e-6 -0.02065539 0 0 0 1 0.9998476 -0.01745241 0 -0.2831999 -2.53487e-7 -4.56285e-6 -0.9999998 0.8645414 0.01745229 0.9998477 -4.65777e-6 -0.03055751 0 0 0 1 0.9998476 -0.01745253 0 -0.4119206 -7.23136e-6 -4.04327e-4 -0.9999999 0.8645538 0.01745241 0.9998476 -4.04483e-4 -0.03021186 0 0 0 1 0.9989501 0 -0.04580974 -0.433972 -0.04580992 4.0096e-7 -0.9989502 0.8853511 0 1 3.01611e-7 -0.02229142 0 0 0 1 0.9989501 0 -0.04580974 -0.533972 -0.04580992 3.62194e-7 -0.9989502 0.8853511 0 1 2.63648e-7 -0.02229142 0 0 0 1 0 0.03276956 -0.9994657 0.8638173 1.42808e-7 -0.999463 -0.03276997 0.03631567 -1 0 0 -0.009528756 0 0 0 1 0.9996417 -0.02676475 0 0.04779583 -1.71195e-7 0 1.000003 -0.8645433 -0.02676463 -0.9996418 -2.80046e-7 0.02021527 0 0 0 1 0.9995787 0.02901911 0 0.2827692 -1.70679e-7 0 1.000002 -0.8645433 0.02901923 -0.9995789 -2.59222e-7 0.03603923 0 0 0 1 0.9995787 0.02901911 0 0.4115195 -1.70769e-7 0 1.000002 -0.8645433 0.02901923 -0.9995789 -2.56114e-7 0.03603923 0 0 0 1 0.9989502 -1.83352e-5 0.0458098 0.433971 -0.0458098 -7.9952e-4 0.9989524 -0.8853347 1.84398e-5 -0.9999998 -7.9989e-4 0.02299153 0 0 0 1 0.9989502 -1.83297e-5 0.04580962 0.5339712 -0.04580962 -7.99519e-4 0.9989524 -0.8853346 1.84452e-5 -0.9999998 -7.99889e-4 0.02299147 0 0 0 1 2.3638e-4 -0.09618127 0.9953638 -0.9049527 -1.35919e-7 0.9953638 0.09618121 -0.09793412 -1 -2.27324e-5 2.35253e-4 -2.13884e-4 0 0 0 1 0 -0.1506974 0.9885799 -1.024382 -1.3377e-7 0.9885799 0.1506973 -0.1544219 -1 0 0 0 0 0 0 1 2.34942e-4 -0.03276813 0.9994629 -1.145092 -1.37538e-7 0.9994629 0.03276807 -0.01918089 -1 -7.69789e-6 2.34793e-4 -2.69005e-4 0 0 0 1 0.05928689 -0.03163355 0.9977394 -1.360749 -0.2588164 0.9648319 0.0459693 0.09858655 -0.9641053 -0.2609567 0.04901462 -0.04893624 0 0 0 1 0.05928695 -0.03163361 0.9977394 -1.360749 -0.2588164 0.9648319 0.04596936 0.09858649 -0.9641053 -0.2609566 0.04901462 -0.04893624 0 0 0 1 0.03623074 -0.07119864 0.9968037 -1.364092 -0.3712594 0.9251133 0.07957208 0.05367708 -0.927822 -0.3729557 0.007084369 -0.0111438 0 0 0 1 0.05928713 0.03163349 -0.9977395 1.360749 -0.2588167 -0.9648315 -0.0459693 -0.09858685 -0.9641022 0.2609556 -0.0490151 0.04893702 0 0 0 1 0.05928707 0.03163355 -0.9977396 1.360749 -0.2588169 -0.9648315 -0.04596936 -0.09858679 -0.9641022 0.2609558 -0.04901504 0.04893696 0 0 0 1 0.03623127 0.0711984 -0.9968038 1.364092 -0.3712592 -0.925113 -0.07957208 -0.05367738 -0.927819 0.3729546 -0.007085084 0.01114493 0 0 0 1 1 0 0 0 0 -3.4092e-7 0.9999999 -1.150085 1.40082e-7 -0.9999999 -2.6261e-7 -0.007723033 0 0 0 1 0 -0.03276818 0.9994629 -1.144285 -1.37521e-7 0.9994629 0.03276813 -0.05764096 -1 0 0 0.1795976 0 0 0 1 0 -0.03276818 0.9994629 -1.14425 -4.35544e-7 0.9994629 0.03276813 -0.05869078 -1 -2.96475e-7 0 -0.1753963 0 0 0 1 0 -0.6382823 -0.7698023 0.8737565 0 -0.7698023 0.6382824 -0.9478949 -1 0 0 0 0 0 0 1 0 -0.03277069 0.9994629 -1.212618 -1.37525e-7 0.9994628 0.03277075 0.2130485 -1 0 0 0 0 0 0 1</float_array>
          <technique_common>
            <accessor source="#squidward_root_mesh_002-skin-bind_poses-array" count="48" stride="16">
              <param name="TRANSFORM" type="float4x4"/>
            </accessor>
          </technique_common>
        </source>
        <source id="squidward_root_mesh_002-skin-weights">
          <float_array id="squidward_root_mesh_002-skin-weights-array" count="6">1 1 1 1 1 1</float_array>
          <technique_common>
            <accessor source="#squidward_root_mesh_002-skin-weights-array" count="6" stride="1">
              <param name="WEIGHT" type="float"/>
            </accessor>
          </technique_common>
        </source>
        <joints>
          <input semantic="JOINT" source="#squidward_root_mesh_002-skin-joints"/>
          <input semantic="INV_BIND_MATRIX" source="#squidward_root_mesh_002-skin-bind_poses"/>
        </joints>
        <vertex_weights count="6">
          <input semantic="JOINT" source="#squidward_root_mesh_002-skin-joints" offset="0"/>
          <input semantic="WEIGHT" source="#squidward_root_mesh_002-skin-weights" offset="1"/>
          <vcount>1 1 1 1 1 1 </vcount>
          <v>42 0 42 1 42 2 42 3 42 4 42 5</v>
        </vertex_weights>
      </skin>
    </controller>
    <controller id="squidward_root_mesh_001-skin" name="squidward_root">
      <skin source="#unnamed_001-mesh">
        <bind_shape_matrix>1 0 0 0 0 1 0 0 0 0 1 0 0 0 0 1</bind_shape_matrix>
        <source id="squidward_root_mesh_001-skin-joints">
          <Name_array id="squidward_root_mesh_001-skin-joints-array" count="48">squidward_root squidward_sub_root squidward_connect squidward_hips squidward_front_thigh_L squidward_front_knee_L squidward_front_ankle_L squidward_front_toe_L squidward_front_thigh_R squidward_front_knee_R squidward_front_ankle_R squidward_front_toe_R squidward_rear_thigh_L squidward_rear_knee_L squidward_rear_ankle_L squidward_rear_toe_L squidward_rear_thigh_R squidward_rear_knee_R squidward_rear_ankle_R squidward_rear_toe_R squidward_spine_base squidward_chest squidward_clavicle_L squidward_bicep_L squidward_elbow_L squidward_twist_L squidward_hand_L squidward_fingers_L squidward_clavicle_R squidward_bicep_R squidward_elbow_R squidward_twist_R squidward_hand_R squidward_fingers_R squidward_neck_base squidward_neck_end squidward_head squidward_eye_rotate_space_L squidward_eye_scale_space_L pupil_L squidward_eye_rotate_space_R squidward_eye_scale_space_R pupil_R squidward_mouth squidward_mouth_corner_L squidward_mouth_corner_R squidward_nose_base squidward_nose_end</Name_array>
          <technique_common>
            <accessor source="#squidward_root_mesh_001-skin-joints-array" count="48" stride="1">
              <param name="JOINT" type="name"/>
            </accessor>
          </technique_common>
        </source>
        <source id="squidward_root_mesh_001-skin-bind_poses">
          <float_array id="squidward_root_mesh_001-skin-bind_poses-array" count="768">1 0 0 0 0 -3.57628e-7 1 0 0 -1 -2.8213e-7 0 0 0 0 1 1 0 0 0 0 -3.20375e-7 1 -0.5010337 0 -1 -2.44877e-7 -0.02677041 0 0 0 1 1 0 0 0 0 -3.94881e-7 1 0 0 -1 -3.19383e-7 0 0 0 0 1 0 -0.03276944 0.999463 -0.5016419 0 0.999463 0.03276938 0.01033759 -1 0 0 0 0 0 0 1 0.004731655 -0.06365108 -0.9979611 0.4289914 0.6860732 -0.7258434 0.04954802 -0.08253324 -0.7275173 -0.6849088 0.04023486 -0.02146649 0 0 0 1 0.004781782 -0.06382465 -0.9979496 0.2378032 0.6860722 -0.7258333 0.04970866 -0.08257156 -0.7275178 -0.6849032 0.04031753 -0.0214861 0 0 0 1 0.608457 -0.6084575 -0.5094698 -0.02589136 0.3602494 -0.3602495 0.8604885 -0.1095466 -0.707107 -0.7071065 1.49012e-7 -0.02059656 0 0 0 1 0.6084572 -0.6084574 -0.5094698 -0.1009756 0.3602494 -0.3602495 0.8604885 -0.1095466 -0.707107 -0.7071065 0 -0.02059656 0 0 0 1 0.004820287 0.06368243 0.9979586 -0.4289858 0.6861364 0.7257782 -0.04962807 0.08256733 -0.727457 0.6849749 -0.04019635 0.02145528 0 0 0 1 0.004817962 0.06374555 0.9979545 -0.2378081 0.6861363 0.7257754 -0.04967236 0.08257788 -0.7274571 0.6849721 -0.04024142 0.02146595 0 0 0 1 0.6084571 0.6084575 0.5094699 0.02590119 0.3602495 0.3602498 -0.8604885 0.109552 -0.707107 0.7071065 0 0.02057564 0 0 0 1 0.6084572 0.6084572 0.5094699 0.1009857 0.3602496 0.3602498 -0.8604883 0.1095523 -0.7071069 0.7071066 0 0.02057564 0 0 0 1 0.02312296 0.07659196 -0.9967944 0.4308105 0.6848629 0.7251446 0.0716058 -0.05741846 0.7283048 -0.6843234 -0.03568744 -0.01320129 0 0 0 1 -0.02746015 0.02283406 -0.999362 0.243221 0.6847016 0.7288198 -0.002161562 -0.03957462 0.7283058 -0.6843244 -0.03564798 -0.01321083 0 0 0 1 0.6084572 0.6084574 -0.5094695 0.006681084 0.3602493 0.3602491 0.8604887 -0.09025537 0.7071068 -0.7071067 -1.49012e-7 -0.01486611 0 0 0 1 0.6084571 0.6084576 -0.5094694 -0.06840312 0.3602492 0.360249 0.8604887 -0.09025537 0.7071069 -0.7071067 -2.38418e-7 -0.01486611 0 0 0 1 0.0231238 -0.07659298 0.9967943 -0.4308106 0.6848631 -0.7251448 -0.07160717 0.05741906 0.7283049 0.6843234 0.03568756 0.01320129 0 0 0 1 -0.02746111 -0.02283346 0.999362 -0.2432215 0.6847018 -0.7288202 0.002162635 0.03957456 0.7283059 0.6843243 0.03564828 0.01321083 0 0 0 1 0.6084575 -0.6084575 0.5094694 -0.006681025 0.3602493 -0.3602489 -0.8604888 0.09025537 0.7071068 0.7071069 1.49012e-7 0.01486611 0 0 0 1 0.6084574 -0.6084574 0.5094695 0.06840312 0.3602495 -0.3602489 -0.8604887 0.09025537 0.7071068 0.707107 1.78814e-7 0.01486605 0 0 0 1 1.92956e-4 0.1349341 0.9908546 -0.6452321 -1.39429e-7 0.9908547 -0.1349342 0.1205496 -1 2.60364e-5 1.91191e-4 -1.24502e-4 0 0 0 1 1.92951e-4 0.1997389 0.9798491 -0.7709176 -1.39153e-7 0.9798492 -0.1997389 0.1715673 -1 3.85416e-5 1.89072e-4 -1.48756e-4 0 0 0 1 0 -0.03276962 0.999463 -0.8638154 -1.42913e-7 0.9994631 0.0327695 -0.03631526 -1 0 0 0.009528756 0 0 0 1 0.9998477 0.01745241 0 -0.04760539 -2.54225e-7 -4.52058e-6 -0.9999998 0.8645414 -0.01745259 0.9998478 -4.61434e-6 -0.02065539 0 0 0 1 0.9998476 -0.01745241 0 -0.2831999 -2.53487e-7 -4.56285e-6 -0.9999998 0.8645414 0.01745229 0.9998477 -4.65777e-6 -0.03055751 0 0 0 1 0.9998476 -0.01745253 0 -0.4119206 -7.23136e-6 -4.04327e-4 -0.9999999 0.8645538 0.01745241 0.9998476 -4.04483e-4 -0.03021186 0 0 0 1 0.9989501 0 -0.04580974 -0.433972 -0.04580992 4.0096e-7 -0.9989502 0.8853511 0 1 3.01611e-7 -0.02229142 0 0 0 1 0.9989501 0 -0.04580974 -0.533972 -0.04580992 3.62194e-7 -0.9989502 0.8853511 0 1 2.63648e-7 -0.02229142 0 0 0 1 0 0.03276956 -0.9994657 0.8638173 1.42808e-7 -0.999463 -0.03276997 0.03631567 -1 0 0 -0.009528756 0 0 0 1 0.9996417 -0.02676475 0 0.04779583 -1.71195e-7 0 1.000003 -0.8645433 -0.02676463 -0.9996418 -2.80046e-7 0.02021527 0 0 0 1 0.9995787 0.02901911 0 0.2827692 -1.70679e-7 0 1.000002 -0.8645433 0.02901923 -0.9995789 -2.59222e-7 0.03603923 0 0 0 1 0.9995787 0.02901911 0 0.4115195 -1.70769e-7 0 1.000002 -0.8645433 0.02901923 -0.9995789 -2.56114e-7 0.03603923 0 0 0 1 0.9989502 -1.83352e-5 0.0458098 0.433971 -0.0458098 -7.9952e-4 0.9989524 -0.8853347 1.84398e-5 -0.9999998 -7.9989e-4 0.02299153 0 0 0 1 0.9989502 -1.83297e-5 0.04580962 0.5339712 -0.04580962 -7.99519e-4 0.9989524 -0.8853346 1.84452e-5 -0.9999998 -7.99889e-4 0.02299147 0 0 0 1 2.3638e-4 -0.09618127 0.9953638 -0.9049527 -1.35919e-7 0.9953638 0.09618121 -0.09793412 -1 -2.27324e-5 2.35253e-4 -2.13884e-4 0 0 0 1 0 -0.1506974 0.9885799 -1.024382 -1.3377e-7 0.9885799 0.1506973 -0.1544219 -1 0 0 0 0 0 0 1 2.34942e-4 -0.03276813 0.9994629 -1.145092 -1.37538e-7 0.9994629 0.03276807 -0.01918089 -1 -7.69789e-6 2.34793e-4 -2.69005e-4 0 0 0 1 0.05928689 -0.03163355 0.9977394 -1.360749 -0.2588164 0.9648319 0.0459693 0.09858655 -0.9641053 -0.2609567 0.04901462 -0.04893624 0 0 0 1 0.05928695 -0.03163361 0.9977394 -1.360749 -0.2588164 0.9648319 0.04596936 0.09858649 -0.9641053 -0.2609566 0.04901462 -0.04893624 0 0 0 1 0.03623074 -0.07119864 0.9968037 -1.364092 -0.3712594 0.9251133 0.07957208 0.05367708 -0.927822 -0.3729557 0.007084369 -0.0111438 0 0 0 1 0.05928713 0.03163349 -0.9977395 1.360749 -0.2588167 -0.9648315 -0.0459693 -0.09858685 -0.9641022 0.2609556 -0.0490151 0.04893702 0 0 0 1 0.05928707 0.03163355 -0.9977396 1.360749 -0.2588169 -0.9648315 -0.04596936 -0.09858679 -0.9641022 0.2609558 -0.04901504 0.04893696 0 0 0 1 0.03623127 0.0711984 -0.9968038 1.364092 -0.3712592 -0.925113 -0.07957208 -0.05367738 -0.927819 0.3729546 -0.007085084 0.01114493 0 0 0 1 1 0 0 0 0 -3.4092e-7 0.9999999 -1.150085 1.40082e-7 -0.9999999 -2.6261e-7 -0.007723033 0 0 0 1 0 -0.03276818 0.9994629 -1.144285 -1.37521e-7 0.9994629 0.03276813 -0.05764096 -1 0 0 0.1795976 0 0 0 1 0 -0.03276818 0.9994629 -1.14425 -4.35544e-7 0.9994629 0.03276813 -0.05869078 -1 -2.96475e-7 0 -0.1753963 0 0 0 1 0 -0.6382823 -0.7698023 0.8737565 0 -0.7698023 0.6382824 -0.9478949 -1 0 0 0 0 0 0 1 0 -0.03277069 0.9994629 -1.212618 -1.37525e-7 0.9994628 0.03277075 0.2130485 -1 0 0 0 0 0 0 1</float_array>
          <technique_common>
            <accessor source="#squidward_root_mesh_001-skin-bind_poses-array" count="48" stride="16">
              <param name="TRANSFORM" type="float4x4"/>
            </accessor>
          </technique_common>
        </source>
        <source id="squidward_root_mesh_001-skin-weights">
          <float_array id="squidward_root_mesh_001-skin-weights-array" count="44">1 1 1 1 1 1 1 1 1 1 1 1 1 1 1 1 1 1 1 1 1 1 1 1 1 1 1 1 1 1 1 1 1 1 1 1 1 1 1 1 1 1 1 1</float_array>
          <technique_common>
            <accessor source="#squidward_root_mesh_001-skin-weights-array" count="44" stride="1">
              <param name="WEIGHT" type="float"/>
            </accessor>
          </technique_common>
        </source>
        <joints>
          <input semantic="JOINT" source="#squidward_root_mesh_001-skin-joints"/>
          <input semantic="INV_BIND_MATRIX" source="#squidward_root_mesh_001-skin-bind_poses"/>
        </joints>
        <vertex_weights count="44">
          <input semantic="JOINT" source="#squidward_root_mesh_001-skin-joints" offset="0"/>
          <input semantic="WEIGHT" source="#squidward_root_mesh_001-skin-weights" offset="1"/>
          <vcount>1 1 1 1 1 1 1 1 1 1 1 1 1 1 1 1 1 1 1 1 1 1 1 1 1 1 1 1 1 1 1 1 1 1 1 1 1 1 1 1 1 1 1 1 </vcount>
          <v>36 0 36 1 36 2 36 3 36 4 36 5 36 6 36 7 36 8 36 9 36 10 36 11 36 12 36 13 36 14 36 15 36 16 36 17 36 18 36 19 36 20 36 21 36 22 36 23 36 24 36 25 36 26 36 27 36 28 36 29 36 30 36 31 36 32 36 33 36 34 36 35 36 36 36 37 36 38 36 39 36 40 36 41 36 42 36 43</v>
        </vertex_weights>
      </skin>
    </controller>
    <controller id="squidward_root_mesh-skin" name="squidward_root">
      <skin source="#unnamed-mesh">
        <bind_shape_matrix>1 0 0 0 0 1 0 0 0 0 1 0 0 0 0 1</bind_shape_matrix>
        <source id="squidward_root_mesh-skin-joints">
          <Name_array id="squidward_root_mesh-skin-joints-array" count="48">squidward_root squidward_sub_root squidward_connect squidward_hips squidward_front_thigh_L squidward_front_knee_L squidward_front_ankle_L squidward_front_toe_L squidward_front_thigh_R squidward_front_knee_R squidward_front_ankle_R squidward_front_toe_R squidward_rear_thigh_L squidward_rear_knee_L squidward_rear_ankle_L squidward_rear_toe_L squidward_rear_thigh_R squidward_rear_knee_R squidward_rear_ankle_R squidward_rear_toe_R squidward_spine_base squidward_chest squidward_clavicle_L squidward_bicep_L squidward_elbow_L squidward_twist_L squidward_hand_L squidward_fingers_L squidward_clavicle_R squidward_bicep_R squidward_elbow_R squidward_twist_R squidward_hand_R squidward_fingers_R squidward_neck_base squidward_neck_end squidward_head squidward_eye_rotate_space_L squidward_eye_scale_space_L pupil_L squidward_eye_rotate_space_R squidward_eye_scale_space_R pupil_R squidward_mouth squidward_mouth_corner_L squidward_mouth_corner_R squidward_nose_base squidward_nose_end</Name_array>
          <technique_common>
            <accessor source="#squidward_root_mesh-skin-joints-array" count="48" stride="1">
              <param name="JOINT" type="name"/>
            </accessor>
          </technique_common>
        </source>
        <source id="squidward_root_mesh-skin-bind_poses">
          <float_array id="squidward_root_mesh-skin-bind_poses-array" count="768">1 0 0 0 0 -3.57628e-7 1 0 0 -1 -2.8213e-7 0 0 0 0 1 1 0 0 0 0 -3.20375e-7 1 -0.5010337 0 -1 -2.44877e-7 -0.02677041 0 0 0 1 1 0 0 0 0 -3.94881e-7 1 0 0 -1 -3.19383e-7 0 0 0 0 1 0 -0.03276944 0.999463 -0.5016419 0 0.999463 0.03276938 0.01033759 -1 0 0 0 0 0 0 1 0.004731655 -0.06365108 -0.9979611 0.4289914 0.6860732 -0.7258434 0.04954802 -0.08253324 -0.7275173 -0.6849088 0.04023486 -0.02146649 0 0 0 1 0.004781782 -0.06382465 -0.9979496 0.2378032 0.6860722 -0.7258333 0.04970866 -0.08257156 -0.7275178 -0.6849032 0.04031753 -0.0214861 0 0 0 1 0.608457 -0.6084575 -0.5094698 -0.02589136 0.3602494 -0.3602495 0.8604885 -0.1095466 -0.707107 -0.7071065 1.49012e-7 -0.02059656 0 0 0 1 0.6084572 -0.6084574 -0.5094698 -0.1009756 0.3602494 -0.3602495 0.8604885 -0.1095466 -0.707107 -0.7071065 0 -0.02059656 0 0 0 1 0.004820287 0.06368243 0.9979586 -0.4289858 0.6861364 0.7257782 -0.04962807 0.08256733 -0.727457 0.6849749 -0.04019635 0.02145528 0 0 0 1 0.004817962 0.06374555 0.9979545 -0.2378081 0.6861363 0.7257754 -0.04967236 0.08257788 -0.7274571 0.6849721 -0.04024142 0.02146595 0 0 0 1 0.6084571 0.6084575 0.5094699 0.02590119 0.3602495 0.3602498 -0.8604885 0.109552 -0.707107 0.7071065 0 0.02057564 0 0 0 1 0.6084572 0.6084572 0.5094699 0.1009857 0.3602496 0.3602498 -0.8604883 0.1095523 -0.7071069 0.7071066 0 0.02057564 0 0 0 1 0.02312296 0.07659196 -0.9967944 0.4308105 0.6848629 0.7251446 0.0716058 -0.05741846 0.7283048 -0.6843234 -0.03568744 -0.01320129 0 0 0 1 -0.02746015 0.02283406 -0.999362 0.243221 0.6847016 0.7288198 -0.002161562 -0.03957462 0.7283058 -0.6843244 -0.03564798 -0.01321083 0 0 0 1 0.6084572 0.6084574 -0.5094695 0.006681084 0.3602493 0.3602491 0.8604887 -0.09025537 0.7071068 -0.7071067 -1.49012e-7 -0.01486611 0 0 0 1 0.6084571 0.6084576 -0.5094694 -0.06840312 0.3602492 0.360249 0.8604887 -0.09025537 0.7071069 -0.7071067 -2.38418e-7 -0.01486611 0 0 0 1 0.0231238 -0.07659298 0.9967943 -0.4308106 0.6848631 -0.7251448 -0.07160717 0.05741906 0.7283049 0.6843234 0.03568756 0.01320129 0 0 0 1 -0.02746111 -0.02283346 0.999362 -0.2432215 0.6847018 -0.7288202 0.002162635 0.03957456 0.7283059 0.6843243 0.03564828 0.01321083 0 0 0 1 0.6084575 -0.6084575 0.5094694 -0.006681025 0.3602493 -0.3602489 -0.8604888 0.09025537 0.7071068 0.7071069 1.49012e-7 0.01486611 0 0 0 1 0.6084574 -0.6084574 0.5094695 0.06840312 0.3602495 -0.3602489 -0.8604887 0.09025537 0.7071068 0.707107 1.78814e-7 0.01486605 0 0 0 1 1.92956e-4 0.1349341 0.9908546 -0.6452321 -1.39429e-7 0.9908547 -0.1349342 0.1205496 -1 2.60364e-5 1.91191e-4 -1.24502e-4 0 0 0 1 1.92951e-4 0.1997389 0.9798491 -0.7709176 -1.39153e-7 0.9798492 -0.1997389 0.1715673 -1 3.85416e-5 1.89072e-4 -1.48756e-4 0 0 0 1 0 -0.03276962 0.999463 -0.8638154 -1.42913e-7 0.9994631 0.0327695 -0.03631526 -1 0 0 0.009528756 0 0 0 1 0.9998477 0.01745241 0 -0.04760539 -2.54225e-7 -4.52058e-6 -0.9999998 0.8645414 -0.01745259 0.9998478 -4.61434e-6 -0.02065539 0 0 0 1 0.9998476 -0.01745241 0 -0.2831999 -2.53487e-7 -4.56285e-6 -0.9999998 0.8645414 0.01745229 0.9998477 -4.65777e-6 -0.03055751 0 0 0 1 0.9998476 -0.01745253 0 -0.4119206 -7.23136e-6 -4.04327e-4 -0.9999999 0.8645538 0.01745241 0.9998476 -4.04483e-4 -0.03021186 0 0 0 1 0.9989501 0 -0.04580974 -0.433972 -0.04580992 4.0096e-7 -0.9989502 0.8853511 0 1 3.01611e-7 -0.02229142 0 0 0 1 0.9989501 0 -0.04580974 -0.533972 -0.04580992 3.62194e-7 -0.9989502 0.8853511 0 1 2.63648e-7 -0.02229142 0 0 0 1 0 0.03276956 -0.9994657 0.8638173 1.42808e-7 -0.999463 -0.03276997 0.03631567 -1 0 0 -0.009528756 0 0 0 1 0.9996417 -0.02676475 0 0.04779583 -1.71195e-7 0 1.000003 -0.8645433 -0.02676463 -0.9996418 -2.80046e-7 0.02021527 0 0 0 1 0.9995787 0.02901911 0 0.2827692 -1.70679e-7 0 1.000002 -0.8645433 0.02901923 -0.9995789 -2.59222e-7 0.03603923 0 0 0 1 0.9995787 0.02901911 0 0.4115195 -1.70769e-7 0 1.000002 -0.8645433 0.02901923 -0.9995789 -2.56114e-7 0.03603923 0 0 0 1 0.9989502 -1.83352e-5 0.0458098 0.433971 -0.0458098 -7.9952e-4 0.9989524 -0.8853347 1.84398e-5 -0.9999998 -7.9989e-4 0.02299153 0 0 0 1 0.9989502 -1.83297e-5 0.04580962 0.5339712 -0.04580962 -7.99519e-4 0.9989524 -0.8853346 1.84452e-5 -0.9999998 -7.99889e-4 0.02299147 0 0 0 1 2.3638e-4 -0.09618127 0.9953638 -0.9049527 -1.35919e-7 0.9953638 0.09618121 -0.09793412 -1 -2.27324e-5 2.35253e-4 -2.13884e-4 0 0 0 1 0 -0.1506974 0.9885799 -1.024382 -1.3377e-7 0.9885799 0.1506973 -0.1544219 -1 0 0 0 0 0 0 1 2.34942e-4 -0.03276813 0.9994629 -1.145092 -1.37538e-7 0.9994629 0.03276807 -0.01918089 -1 -7.69789e-6 2.34793e-4 -2.69005e-4 0 0 0 1 0.05928689 -0.03163355 0.9977394 -1.360749 -0.2588164 0.9648319 0.0459693 0.09858655 -0.9641053 -0.2609567 0.04901462 -0.04893624 0 0 0 1 0.05928695 -0.03163361 0.9977394 -1.360749 -0.2588164 0.9648319 0.04596936 0.09858649 -0.9641053 -0.2609566 0.04901462 -0.04893624 0 0 0 1 0.03623074 -0.07119864 0.9968037 -1.364092 -0.3712594 0.9251133 0.07957208 0.05367708 -0.927822 -0.3729557 0.007084369 -0.0111438 0 0 0 1 0.05928713 0.03163349 -0.9977395 1.360749 -0.2588167 -0.9648315 -0.0459693 -0.09858685 -0.9641022 0.2609556 -0.0490151 0.04893702 0 0 0 1 0.05928707 0.03163355 -0.9977396 1.360749 -0.2588169 -0.9648315 -0.04596936 -0.09858679 -0.9641022 0.2609558 -0.04901504 0.04893696 0 0 0 1 0.03623127 0.0711984 -0.9968038 1.364092 -0.3712592 -0.925113 -0.07957208 -0.05367738 -0.927819 0.3729546 -0.007085084 0.01114493 0 0 0 1 1 0 0 0 0 -3.4092e-7 0.9999999 -1.150085 1.40082e-7 -0.9999999 -2.6261e-7 -0.007723033 0 0 0 1 0 -0.03276818 0.9994629 -1.144285 -1.37521e-7 0.9994629 0.03276813 -0.05764096 -1 0 0 0.1795976 0 0 0 1 0 -0.03276818 0.9994629 -1.14425 -4.35544e-7 0.9994629 0.03276813 -0.05869078 -1 -2.96475e-7 0 -0.1753963 0 0 0 1 0 -0.6382823 -0.7698023 0.8737565 0 -0.7698023 0.6382824 -0.9478949 -1 0 0 0 0 0 0 1 0 -0.03277069 0.9994629 -1.212618 -1.37525e-7 0.9994628 0.03277075 0.2130485 -1 0 0 0 0 0 0 1</float_array>
          <technique_common>
            <accessor source="#squidward_root_mesh-skin-bind_poses-array" count="48" stride="16">
              <param name="TRANSFORM" type="float4x4"/>
            </accessor>
          </technique_common>
        </source>
        <source id="squidward_root_mesh-skin-weights">
          <float_array id="squidward_root_mesh-skin-weights-array" count="44">1 1 1 1 1 1 1 1 1 1 1 1 1 1 1 1 1 1 1 1 1 1 1 1 1 1 1 1 1 1 1 1 1 1 1 1 1 1 1 1 1 1 1 1</float_array>
          <technique_common>
            <accessor source="#squidward_root_mesh-skin-weights-array" count="44" stride="1">
              <param name="WEIGHT" type="float"/>
            </accessor>
          </technique_common>
        </source>
        <joints>
          <input semantic="JOINT" source="#squidward_root_mesh-skin-joints"/>
          <input semantic="INV_BIND_MATRIX" source="#squidward_root_mesh-skin-bind_poses"/>
        </joints>
        <vertex_weights count="44">
          <input semantic="JOINT" source="#squidward_root_mesh-skin-joints" offset="0"/>
          <input semantic="WEIGHT" source="#squidward_root_mesh-skin-weights" offset="1"/>
          <vcount>1 1 1 1 1 1 1 1 1 1 1 1 1 1 1 1 1 1 1 1 1 1 1 1 1 1 1 1 1 1 1 1 1 1 1 1 1 1 1 1 1 1 1 1 </vcount>
          <v>36 0 36 1 36 2 36 3 36 4 36 5 36 6 36 7 36 8 36 9 36 10 36 11 36 12 36 13 36 14 36 15 36 16 36 17 36 18 36 19 36 20 36 21 36 22 36 23 36 24 36 25 36 26 36 27 36 28 36 29 36 30 36 31 36 32 36 33 36 34 36 35 36 36 36 37 36 38 36 39 36 40 36 41 36 42 36 43</v>
        </vertex_weights>
      </skin>
    </controller>
  </library_controllers>
  <library_visual_scenes>
    <visual_scene id="Scene" name="Scene">
      <node id="unnamed" name="unnamed" type="NODE">
        <matrix sid="transform">1 0 0 0 0 1 0 0 0 0 1 0 0 0 0 1</matrix>
        <node id="squidward_root" name="squidward_root" type="NODE">
          <matrix sid="transform">1 0 0 0 0 1 0 0 0 0 1 0 0 0 0 1</matrix>
          <node id="squidward_root_squidward_root" name="squidward_root" sid="squidward_root" type="JOINT">
            <matrix sid="transform">1 0 0 0 0 -2.8213e-7 -1 0 0 1 -3.57628e-7 0 0 0 0 1</matrix>
            <node id="squidward_root_squidward_sub_root" name="squidward_sub_root" sid="squidward_sub_root" type="JOINT">
              <matrix sid="transform">1 0 0 0 0 1 3.72529e-8 0.5010337 0 -3.72529e-8 1 0.02677043 0 0 0 1</matrix>
              <node id="squidward_root_squidward_connect" name="squidward_connect" sid="squidward_connect" type="JOINT">
                <matrix sid="transform">1 0 0 0 0 1 -7.45058e-8 -0.5010337 0 7.45058e-8 1 -0.02677045 0 0 0 1</matrix>
                <extra>
                  <technique profile="blender">
                    <tip_x sid="tip_x" type="float">0</tip_x>
                    <tip_y sid="tip_y" type="float">0</tip_y>
                    <tip_z sid="tip_z" type="float">0.05000001</tip_z>
                  </technique>
                </extra>
              </node>
              <node id="squidward_root_squidward_hips" name="squidward_hips" sid="squidward_hips" type="JOINT">
                <matrix sid="transform">-4.37114e-8 0 -1 0 0.999463 0.03276914 -3.99305e-8 8.57662e-9 0.03276914 -0.999463 -1.15484e-7 0 0 0 0 1</matrix>
                <node id="squidward_root_squidward_front_thigh_L" name="squidward_front_thigh_L" sid="squidward_front_thigh_L" type="JOINT">
                  <matrix sid="transform">-0.9953393 0.07330689 0.06265736 -0.06725462 -0.09631951 -0.7238299 -0.6832225 -0.02274856 -0.004731633 -0.6860732 0.7275171 -0.03897675 0 0 0 1</matrix>
                  <node id="squidward_root_squidward_front_knee_L" name="squidward_front_knee_L" sid="squidward_front_knee_L" type="JOINT">
                    <matrix sid="transform">1 -1.6094e-4 -8.28952e-5 0.1911731 1.60933e-4 1 -2.90805e-7 8.9407e-8 8.28952e-5 2.55648e-7 1 -4.37722e-8 0 0 0 1</matrix>
                    <node id="squidward_root_squidward_front_ankle_L" name="squidward_front_ankle_L" sid="squidward_front_ankle_L" type="JOINT">
                      <matrix sid="transform">0.5501693 -0.8340089 0.04174951 0.1615449 0.8337592 0.551412 0.0281151 -1.49012e-8 -0.04646935 0.01934099 0.9987324 -5.21541e-8 0 0 0 1</matrix>
                      <node id="squidward_root_squidward_front_toe_L" name="squidward_front_toe_L" sid="squidward_front_toe_L" type="JOINT">
                        <matrix sid="transform">1 0 1.16661e-7 0.07508424 -2.98023e-8 1 2.48383e-8 1.49012e-8 -1.35522e-7 9.01349e-9 1 -5.40167e-8 0 0 0 1</matrix>
                        <extra>
                          <technique profile="blender">
                            <roll sid="roll" type="float">-0.3140663</roll>
                            <tip_x sid="tip_x" type="float">0.01801246</tip_x>
                            <tip_y sid="tip_y" type="float">-0.01801246</tip_y>
                            <tip_z sid="tip_z" type="float">0.04302442</tip_z>
                          </technique>
                        </extra>
                      </node>
                      <extra>
                        <technique profile="blender">
                          <roll sid="roll" type="float">-0.3140664</roll>
                          <tip_x sid="tip_x" type="float">0.01801246</tip_x>
                          <tip_y sid="tip_y" type="float">-0.01801246</tip_y>
                          <tip_z sid="tip_z" type="float">0.04302442</tip_z>
                        </technique>
                      </extra>
                    </node>
                    <extra>
                      <technique profile="blender">
                        <roll sid="roll" type="float">1.405549</roll>
                        <tip_x sid="tip_x" type="float">0.0343036</tip_x>
                        <tip_y sid="tip_y" type="float">-0.03629165</tip_y>
                        <tip_z sid="tip_z" type="float">0.002485394</tip_z>
                      </technique>
                    </extra>
                  </node>
                  <extra>
                    <technique profile="blender">
                      <roll sid="roll" type="float">1.406034</roll>
                      <tip_x sid="tip_x" type="float">0.0343036</tip_x>
                      <tip_y sid="tip_y" type="float">-0.03629213</tip_y>
                      <tip_z sid="tip_z" type="float">0.002477407</tip_z>
                    </technique>
                  </extra>
                </node>
                <node id="squidward_root_squidward_front_thigh_R" name="squidward_front_thigh_R" sid="squidward_front_thigh_R" type="JOINT">
                  <matrix sid="transform">0.9953358 -0.07338478 -0.06262099 -0.06725426 0.0963508 0.7237622 0.6832898 -0.02274857 -0.004820357 -0.6861363 0.727457 0.03897681 0 0 0 1</matrix>
                  <node id="squidward_root_squidward_front_knee_R" name="squidward_front_knee_R" sid="squidward_front_knee_R" type="JOINT">
                    <matrix sid="transform">1 -4.44017e-5 -4.51319e-5 -0.1911731 4.44055e-5 1 1.39466e-7 3.72529e-8 4.51356e-5 -1.35507e-7 1 6.23986e-8 0 0 0 1</matrix>
                    <node id="squidward_root_squidward_front_ankle_R" name="squidward_front_ankle_R" sid="squidward_front_ankle_R" type="JOINT">
                      <matrix sid="transform">0.5501457 -0.8340284 0.04166816 -0.1615454 0.8337812 0.5513831 0.02802872 5.96046e-8 -0.04635181 0.01932227 0.9987383 5.02914e-8 0 0 0 1</matrix>
                      <node id="squidward_root_squidward_front_toe_R" name="squidward_front_toe_R" sid="squidward_front_toe_R" type="JOINT">
                        <matrix sid="transform">1 1.19209e-7 2.58498e-7 -0.07508455 -1.49012e-7 1 9.45642e-8 -2.30968e-7 -1.56603e-7 -1.698e-8 1 2.23517e-8 0 0 0 1</matrix>
                        <extra>
                          <technique profile="blender">
                            <roll sid="roll" type="float">-1.107038</roll>
                            <tip_x sid="tip_x" type="float">0.01801246</tip_x>
                            <tip_y sid="tip_y" type="float">0.01801246</tip_y>
                            <tip_z sid="tip_z" type="float">-0.04302442</tip_z>
                          </technique>
                        </extra>
                      </node>
                      <extra>
                        <technique profile="blender">
                          <roll sid="roll" type="float">-1.107038</roll>
                          <tip_x sid="tip_x" type="float">0.01801246</tip_x>
                          <tip_y sid="tip_y" type="float">0.01801246</tip_y>
                          <tip_z sid="tip_z" type="float">-0.04302442</tip_z>
                        </technique>
                      </extra>
                    </node>
                    <extra>
                      <technique profile="blender">
                        <roll sid="roll" type="float">-1.591324</roll>
                        <tip_x sid="tip_x" type="float">0.03430676</tip_x>
                        <tip_y sid="tip_y" type="float">0.03628873</tip_y>
                        <tip_z sid="tip_z" type="float">-0.002483606</tip_z>
                      </technique>
                    </extra>
                  </node>
                  <extra>
                    <technique profile="blender">
                      <roll sid="roll" type="float">-1.591296</roll>
                      <tip_x sid="tip_x" type="float">0.03430682</tip_x>
                      <tip_y sid="tip_y" type="float">0.03628885</tip_y>
                      <tip_z sid="tip_z" type="float">-0.0024814</tip_z>
                    </technique>
                  </extra>
                </node>
                <node id="squidward_root_squidward_rear_thigh_L" name="squidward_rear_thigh_L" sid="squidward_rear_thigh_L" type="JOINT">
                  <matrix sid="transform">-0.998769 0.04780487 -0.01324347 -0.06879175 0.04388647 0.7271022 -0.6851254 0.02413541 -0.02312294 -0.6848634 -0.7283048 -0.03897676 0 0 0 1</matrix>
                  <node id="squidward_root_squidward_rear_knee_L" name="squidward_rear_knee_L" sid="squidward_rear_knee_L" type="JOINT">
                    <matrix sid="transform">0.9972725 0.07380874 -3.93763e-5 0.1911732 -0.07380874 0.9972723 2.85031e-6 9.68575e-8 3.94732e-5 6.95945e-8 1 -3.72529e-8 0 0 0 1</matrix>
                    <node id="squidward_root_squidward_rear_ankle_L" name="squidward_rear_ankle_L" sid="squidward_rear_ankle_L" type="JOINT">
                      <matrix sid="transform">0.5063297 -0.8616064 -0.03556321 0.1615449 0.8611692 0.5073603 -0.03119615 2.98023e-8 0.04492222 -0.01483037 0.9988804 -5.7742e-8 0 0 0 1</matrix>
                      <node id="squidward_root_squidward_rear_toe_L" name="squidward_rear_toe_L" sid="squidward_rear_toe_L" type="JOINT">
                        <matrix sid="transform">1 -1.78814e-7 1.17541e-7 0.07508424 1.19209e-7 1 -1.0443e-8 -1.11759e-8 -1.02897e-7 2.07888e-8 1 -1.86265e-9 0 0 0 1</matrix>
                        <extra>
                          <technique profile="blender">
                            <roll sid="roll" type="float">1.107038</roll>
                            <tip_x sid="tip_x" type="float">0.01801246</tip_x>
                            <tip_y sid="tip_y" type="float">0.01801246</tip_y>
                            <tip_z sid="tip_z" type="float">0.04302442</tip_z>
                          </technique>
                        </extra>
                      </node>
                      <extra>
                        <technique profile="blender">
                          <roll sid="roll" type="float">1.107038</roll>
                          <tip_x sid="tip_x" type="float">0.01801246</tip_x>
                          <tip_y sid="tip_y" type="float">0.01801246</tip_y>
                          <tip_z sid="tip_z" type="float">0.04302442</tip_z>
                        </technique>
                      </extra>
                    </node>
                    <extra>
                      <technique profile="blender">
                        <roll sid="roll" type="float">1.607308</roll>
                        <tip_x sid="tip_x" type="float">0.03423506</tip_x>
                        <tip_y sid="tip_y" type="float">0.03644096</tip_y>
                        <tip_z sid="tip_z" type="float">-1.08063e-4</tip_z>
                      </technique>
                    </extra>
                  </node>
                  <extra>
                    <technique profile="blender">
                      <roll sid="roll" type="float">1.578079</roll>
                      <tip_x sid="tip_x" type="float">0.03424316</tip_x>
                      <tip_y sid="tip_y" type="float">0.0362572</tip_y>
                      <tip_z sid="tip_z" type="float">0.003580272</tip_z>
                    </technique>
                  </extra>
                </node>
                <node id="squidward_root_squidward_rear_thigh_R" name="squidward_rear_thigh_R" sid="squidward_rear_thigh_R" type="JOINT">
                  <matrix sid="transform">0.9987689 -0.04780621 0.01324352 -0.06879147 -0.04388749 -0.7271019 0.6851254 0.02413541 -0.02312386 -0.6848631 -0.7283047 0.0389768 0 0 0 1</matrix>
                  <node id="squidward_root_squidward_rear_knee_R" name="squidward_rear_knee_R" sid="squidward_rear_knee_R" type="JOINT">
                    <matrix sid="transform">0.9972723 0.07381109 -3.91714e-5 -0.1911731 -0.07381111 0.9972723 2.87034e-6 -7.45058e-9 3.92832e-5 4.89017e-8 1 2.42144e-8 0 0 0 1</matrix>
                    <node id="squidward_root_squidward_rear_ankle_R" name="squidward_rear_ankle_R" sid="squidward_rear_ankle_R" type="JOINT">
                      <matrix sid="transform">0.5063285 -0.861607 -0.03556345 -0.1615454 0.8611699 0.5073594 -0.03119656 -7.45058e-8 0.04492263 -0.01483047 0.9988803 1.86265e-8 0 0 0 1</matrix>
                      <node id="squidward_root_squidward_rear_toe_R" name="squidward_rear_toe_R" sid="squidward_rear_toe_R" type="JOINT">
                        <matrix sid="transform">1 1.49012e-7 -4.0531e-8 -0.07508421 -1.78814e-7 1 -1.14349e-7 1.86265e-8 7.59169e-8 8.03934e-8 1 7.45058e-9 0 0 0 1</matrix>
                        <extra>
                          <technique profile="blender">
                            <roll sid="roll" type="float">0.314066</roll>
                            <tip_x sid="tip_x" type="float">0.01801246</tip_x>
                            <tip_y sid="tip_y" type="float">-0.01801246</tip_y>
                            <tip_z sid="tip_z" type="float">-0.04302442</tip_z>
                          </technique>
                        </extra>
                      </node>
                      <extra>
                        <technique profile="blender">
                          <roll sid="roll" type="float">0.3140663</roll>
                          <tip_x sid="tip_x" type="float">0.01801246</tip_x>
                          <tip_y sid="tip_y" type="float">-0.01801246</tip_y>
                          <tip_z sid="tip_z" type="float">-0.04302442</tip_z>
                        </technique>
                      </extra>
                    </node>
                    <extra>
                      <technique profile="blender">
                        <roll sid="roll" type="float">-1.540601</roll>
                        <tip_x sid="tip_x" type="float">0.03423506</tip_x>
                        <tip_y sid="tip_y" type="float">-0.03644096</tip_y>
                        <tip_z sid="tip_z" type="float">1.08138e-4</tip_z>
                      </technique>
                    </extra>
                  </node>
                  <extra>
                    <technique profile="blender">
                      <roll sid="roll" type="float">-1.355157</roll>
                      <tip_x sid="tip_x" type="float">0.0342431</tip_x>
                      <tip_y sid="tip_y" type="float">-0.0362572</tip_y>
                      <tip_z sid="tip_z" type="float">-0.003580331</tip_z>
                    </technique>
                  </extra>
                </node>
                <extra>
                  <technique profile="blender">
                    <roll sid="roll" type="float">-1.570796</roll>
                    <tip_x sid="tip_x" type="float">0</tip_x>
                    <tip_y sid="tip_y" type="float">0.04997313</tip_y>
                    <tip_z sid="tip_z" type="float">0.001638472</tip_z>
                  </technique>
                </extra>
              </node>
              <node id="squidward_root_squidward_spine_base" name="squidward_spine_base" sid="squidward_spine_base" type="JOINT">
                <matrix sid="transform">1.92956e-4 0 -0.9999999 0 0.9908545 -0.1349344 1.9121e-4 0.1545638 -0.1349344 -0.9908544 -2.58982e-5 0.005612593 0 0 0 1</matrix>
                <node id="squidward_root_squidward_chest" name="squidward_chest" sid="squidward_chest" type="JOINT">
                  <matrix sid="transform">0.9978397 -0.0656971 -4.12751e-7 0.1352916 0.06569715 0.9978397 1.26769e-5 -9.40636e-8 -4.20958e-7 -1.26766e-5 1 2.61053e-5 0 0 0 1</matrix>
                  <node id="squidward_root_squidward_clavicle_L" name="squidward_clavicle_L" sid="squidward_clavicle_L" type="JOINT">
                    <matrix sid="transform">0.9727775 0.2317409 -1.93002e-4 0.0778 -0.2317409 0.9727775 4.46634e-9 0.006712733 1.87749e-4 4.47221e-5 1 -0.009513711 0 0 0 1</matrix>
                    <node id="squidward_root_squidward_bicep_L" name="squidward_bicep_L" sid="squidward_bicep_L" type="JOINT">
                      <matrix sid="transform">-5.72267e-4 -0.999463 -0.03276914 -4.42341e-4 0.01744308 -0.03277413 0.9993107 0.0134909 -0.9998478 7.58061e-8 0.01745246 -0.03770902 0 0 0 1</matrix>
                      <node id="squidward_root_squidward_elbow_L" name="squidward_elbow_L" sid="squidward_elbow_L" type="JOINT">
                        <matrix sid="transform">0.9993909 7.10543e-15 0.03489961 0.2364884 -1.47541e-9 1 4.22488e-8 -9.09935e-9 -0.03489961 -4.22751e-8 0.9993909 -1.30385e-8 0 0 0 1</matrix>
                        <node id="squidward_root_squidward_twist_L" name="squidward_twist_L" sid="squidward_twist_L" type="JOINT">
                          <matrix sid="transform">1 -1.35003e-13 9.68381e-8 0.1287207 -3.9492e-11 0.9999998 3.99825e-4 -3.23463e-8 -9.87194e-8 -3.99825e-4 0.9999999 -3.72529e-8 0 0 0 1</matrix>
                          <node id="squidward_root_squidward_hand_L" name="squidward_hand_L" sid="squidward_hand_L" type="JOINT">
                            <matrix sid="transform">0.9987981 -0.04580282 -0.01745246 0.06169236 0.04580275 0.9989504 -4.04723e-4 7.58328e-8 0.01745268 -3.95133e-4 0.9998476 -3.72529e-9 0 0 0 1</matrix>
                            <node id="squidward_root_squidward_fingers_L" name="squidward_fingers_L" sid="squidward_fingers_L" type="JOINT">
                              <matrix sid="transform">1 0 -1.66324e-8 0.09999999 -3.72529e-9 1 3.87662e-8 -4.28408e-8 1.66323e-8 -3.87663e-8 1 -1.86265e-9 0 0 0 1</matrix>
                              <extra>
                                <technique profile="blender">
                                  <roll sid="roll" type="float">0.04582577</roll>
                                  <tip_x sid="tip_x" type="float">-0.002290487</tip_x>
                                  <tip_y sid="tip_y" type="float">0</tip_y>
                                  <tip_z sid="tip_z" type="float">-0.0499475</tip_z>
                                </technique>
                              </extra>
                            </node>
                            <extra>
                              <technique profile="blender">
                                <roll sid="roll" type="float">0.04582577</roll>
                                <tip_x sid="tip_x" type="float">-0.002290487</tip_x>
                                <tip_y sid="tip_y" type="float">0</tip_y>
                                <tip_z sid="tip_z" type="float">-0.0499475</tip_z>
                              </technique>
                            </extra>
                          </node>
                          <extra>
                            <technique profile="blender">
                              <roll sid="roll" type="float">0.01746034</roll>
                              <tip_x sid="tip_x" type="float">-3.57628e-7</tip_x>
                              <tip_y sid="tip_y" type="float">-2.02209e-5</tip_y>
                              <tip_z sid="tip_z" type="float">-0.05000001</tip_z>
                            </technique>
                          </extra>
                        </node>
                        <extra>
                          <technique profile="blender">
                            <roll sid="roll" type="float">0.01745331</roll>
                            <tip_x sid="tip_x" type="float">0</tip_x>
                            <tip_y sid="tip_y" type="float">-2.32831e-7</tip_y>
                            <tip_z sid="tip_z" type="float">-0.05000001</tip_z>
                          </technique>
                        </extra>
                      </node>
                      <extra>
                        <technique profile="blender">
                          <roll sid="roll" type="float">-0.01745337</roll>
                          <tip_x sid="tip_x" type="float">0</tip_x>
                          <tip_y sid="tip_y" type="float">-2.32831e-7</tip_y>
                          <tip_z sid="tip_z" type="float">-0.05000001</tip_z>
                        </technique>
                      </extra>
                    </node>
                    <extra>
                      <technique profile="blender">
                        <roll sid="roll" type="float">-1.570796</roll>
                        <tip_x sid="tip_x" type="float">0</tip_x>
                        <tip_y sid="tip_y" type="float">0.04997313</tip_y>
                        <tip_z sid="tip_z" type="float">0.001638472</tip_z>
                      </technique>
                    </extra>
                  </node>
                  <node id="squidward_root_squidward_clavicle_R" name="squidward_clavicle_R" sid="squidward_clavicle_R" type="JOINT">
                    <matrix sid="transform">-0.9727747 -0.2317407 -1.92917e-4 0.07779602 0.2317407 -0.9727775 -1.57498e-8 0.006712815 -1.87662e-4 -4.47221e-5 1 0.009543731 0 0 0 1</matrix>
                    <node id="squidward_root_squidward_bicep_R" name="squidward_bicep_R" sid="squidward_bicep_R" type="JOINT">
                      <matrix sid="transform">-8.77308e-4 -0.9994632 -0.0327579 4.42341e-4 0.02675043 -0.03276964 0.999105 -0.01349087 -0.999642 7.27746e-8 0.0267648 0.03770899 0 0 0 1</matrix>
                      <node id="squidward_root_squidward_elbow_R" name="squidward_elbow_R" sid="squidward_elbow_R" type="JOINT">
                        <matrix sid="transform">0.9984441 0 0.05576226 -0.236543 -1.07487e-9 1 1.9246e-8 -8.58124e-9 -0.05576226 -1.92759e-8 0.9984441 -4.09782e-8 0 0 0 1</matrix>
                        <node id="squidward_root_squidward_twist_R" name="squidward_twist_R" sid="squidward_twist_R" type="JOINT">
                          <matrix sid="transform">1 -3.55271e-15 -1.86264e-9 -0.1287503 -1.42109e-14 1 3.10813e-9 -4.62323e-8 3.72525e-9 -3.10814e-9 1 3.72529e-9 0 0 0 1</matrix>
                          <node id="squidward_root_squidward_hand_R" name="squidward_hand_R" sid="squidward_hand_R" type="JOINT">
                            <matrix sid="transform">0.9985288 -0.04581357 -0.02900082 -0.06170672 0.04580966 0.9989499 -7.99631e-4 -3.57853e-8 0.029007 -5.30063e-4 0.9995791 -8.56817e-8 0 0 0 1</matrix>
                            <node id="squidward_root_squidward_fingers_R" name="squidward_fingers_R" sid="squidward_fingers_R" type="JOINT">
                              <matrix sid="transform">1 1.49012e-7 5.43514e-9 -0.1000001 -1.49012e-7 1 6.40284e-10 -3.1665e-8 -5.43878e-9 -5.82077e-10 1 2.23517e-8 0 0 0 1</matrix>
                              <extra>
                                <technique profile="blender">
                                  <roll sid="roll" type="float">-0.04584395</roll>
                                  <tip_x sid="tip_x" type="float">-0.002290487</tip_x>
                                  <tip_y sid="tip_y" type="float">-3.99947e-5</tip_y>
                                  <tip_z sid="tip_z" type="float">0.0499475</tip_z>
                                </technique>
                              </extra>
                            </node>
                            <extra>
                              <technique profile="blender">
                                <roll sid="roll" type="float">-0.04584407</roll>
                                <tip_x sid="tip_x" type="float">-0.002290487</tip_x>
                                <tip_y sid="tip_y" type="float">-3.99947e-5</tip_y>
                                <tip_z sid="tip_z" type="float">0.0499475</tip_z>
                              </technique>
                            </extra>
                          </node>
                          <extra>
                            <technique profile="blender">
                              <roll sid="roll" type="float">0.02902323</roll>
                              <tip_x sid="tip_x" type="float">0</tip_x>
                              <tip_y sid="tip_y" type="float">0</tip_y>
                              <tip_z sid="tip_z" type="float">0.05000001</tip_z>
                            </technique>
                          </extra>
                        </node>
                        <extra>
                          <technique profile="blender">
                            <roll sid="roll" type="float">0.02902323</roll>
                            <tip_x sid="tip_x" type="float">0</tip_x>
                            <tip_y sid="tip_y" type="float">0</tip_y>
                            <tip_z sid="tip_z" type="float">0.05000001</tip_z>
                          </technique>
                        </extra>
                      </node>
                      <extra>
                        <technique profile="blender">
                          <roll sid="roll" type="float">-0.0267679</roll>
                          <tip_x sid="tip_x" type="float">0</tip_x>
                          <tip_y sid="tip_y" type="float">0</tip_y>
                          <tip_z sid="tip_z" type="float">0.05000001</tip_z>
                        </technique>
                      </extra>
                    </node>
                    <extra>
                      <technique profile="blender">
                        <roll sid="roll" type="float">-1.570797</roll>
                        <tip_x sid="tip_x" type="float">0</tip_x>
                        <tip_y sid="tip_y" type="float">-0.04997313</tip_y>
                        <tip_z sid="tip_z" type="float">-0.001638472</tip_z>
                      </technique>
                    </extra>
                  </node>
                  <node id="squidward_root_squidward_neck_base" name="squidward_neck_base" sid="squidward_neck_base" type="JOINT">
                    <matrix sid="transform">0.9560952 0.293056 3.30114e-5 0.1230034 -0.2930561 0.9560953 -6.92634e-5 -7.72998e-8 -5.18601e-5 5.65482e-5 1 2.37348e-5 0 0 0 1</matrix>
                    <node id="squidward_root_squidward_neck_end" name="squidward_neck_end" sid="squidward_neck_end" type="JOINT">
                      <matrix sid="transform">0.998491 0.05491583 -2.3639e-4 0.1263643 -0.05491583 0.998491 2.5096e-9 -3.25963e-9 2.36034e-4 1.29791e-5 1 2.9866e-5 0 0 0 1</matrix>
                      <node id="squidward_root_squidward_head" name="squidward_head" sid="squidward_head" type="JOINT">
                        <matrix sid="transform">0.9929872 -0.1182225 2.33314e-4 0.1104116 0.1182225 0.9929872 2.77727e-5 8.3819e-8 -2.34961e-4 5.04685e-9 1 -4.63042e-9 0 0 0 1</matrix>
                        <node id="squidward_root_squidward_eye_rotate_space_L" name="squidward_eye_rotate_space_L" sid="squidward_eye_rotate_space_L" type="JOINT">
                          <matrix sid="transform">0.9982543 0.01426815 0.05731291 0.2146794 0.00107751 0.9658203 -0.2592105 -0.1256164 -0.05905243 0.2588197 0.964119 -0.05896027 0 0 0 1</matrix>
                          <node id="squidward_root_squidward_eye_scale_space_L" name="squidward_eye_scale_space_L" sid="squidward_eye_scale_space_L" type="JOINT">
                            <matrix sid="transform">1 4.84288e-8 7.45058e-9 -1.86265e-7 -4.09782e-8 0.9999999 8.75443e-8 -1.49012e-8 -3.72529e-9 -4.14439e-8 0.9999999 1.49012e-8 0 0 0 1</matrix>
                            <node id="squidward_root_pupil_L" name="pupil_L" sid="pupil_L" type="JOINT">
                              <matrix sid="transform">0.998951 0.02811678 -0.03614144 -6.14673e-8 -0.03224931 0.9923248 -0.1193785 2.98023e-8 0.03250752 0.1204189 0.9921907 1.11759e-8 0 0 0 1</matrix>
                              <extra>
                                <technique profile="blender">
                                  <roll sid="roll" type="float">-1.548294</roll>
                                  <tip_x sid="tip_x" type="float">-0.01856297</tip_x>
                                  <tip_y sid="tip_y" type="float">0.04625564</tip_y>
                                  <tip_z sid="tip_z" type="float">0.00397861</tip_z>
                                </technique>
                              </extra>
                            </node>
                            <extra>
                              <technique profile="blender">
                                <roll sid="roll" type="float">-1.515648</roll>
                                <tip_x sid="tip_x" type="float">-0.01294076</tip_x>
                                <tip_y sid="tip_y" type="float">0.04824161</tip_y>
                                <tip_z sid="tip_z" type="float">0.002298474</tip_z>
                              </technique>
                            </extra>
                          </node>
                          <extra>
                            <technique profile="blender">
                              <roll sid="roll" type="float">-1.515648</roll>
                              <tip_x sid="tip_x" type="float">-0.01294076</tip_x>
                              <tip_y sid="tip_y" type="float">0.04824161</tip_y>
                              <tip_z sid="tip_z" type="float">0.002298474</tip_z>
                            </technique>
                          </extra>
                        </node>
                        <node id="squidward_root_squidward_eye_rotate_space_R" name="squidward_eye_rotate_space_R" sid="squidward_eye_rotate_space_R" type="JOINT">
                          <matrix sid="transform">-0.9982263 -0.01438976 -0.0577663 0.2146522 -0.001077708 -0.9658206 0.2592119 -0.1256167 -0.059522 0.2588128 0.9640949 0.05906113 0 0 0 1</matrix>
                          <node id="squidward_root_squidward_eye_scale_space_R" name="squidward_eye_scale_space_R" sid="squidward_eye_scale_space_R" type="JOINT">
                            <matrix sid="transform">0.9999999 5.21541e-8 -3.72529e-8 -1.88127e-7 -4.84288e-8 0.9999999 -1.39233e-7 0 4.09782e-8 1.5879e-7 0.9999999 -3.72529e-9 0 0 0 1</matrix>
                            <node id="squidward_root_pupil_R" name="pupil_R" sid="pupil_R" type="JOINT">
                              <matrix sid="transform">0.9989511 0.02811674 -0.0361411 1.6205e-7 -0.03224924 0.992325 -0.1193782 -1.49012e-8 0.0325072 0.1204186 0.9921908 -3.72529e-9 0 0 0 1</matrix>
                              <extra>
                                <technique profile="blender">
                                  <roll sid="roll" type="float">1.171027</roll>
                                  <tip_x sid="tip_x" type="float">-0.01856297</tip_x>
                                  <tip_y sid="tip_y" type="float">-0.04625564</tip_y>
                                  <tip_z sid="tip_z" type="float">-0.00397861</tip_z>
                                </technique>
                              </extra>
                            </node>
                            <extra>
                              <technique profile="blender">
                                <roll sid="roll" type="float">1.274382</roll>
                                <tip_x sid="tip_x" type="float">-0.01294076</tip_x>
                                <tip_y sid="tip_y" type="float">-0.04824161</tip_y>
                                <tip_z sid="tip_z" type="float">-0.002298474</tip_z>
                              </technique>
                            </extra>
                          </node>
                          <extra>
                            <technique profile="blender">
                              <roll sid="roll" type="float">1.274383</roll>
                              <tip_x sid="tip_x" type="float">-0.01294076</tip_x>
                              <tip_y sid="tip_y" type="float">-0.04824161</tip_y>
                              <tip_z sid="tip_z" type="float">-0.002298474</tip_z>
                            </technique>
                          </extra>
                        </node>
                        <node id="squidward_root_squidward_mouth" name="squidward_mouth" sid="squidward_mouth" type="JOINT">
                          <matrix sid="transform">2.3498e-4 0.999463 0.03276783 0.004628657 3.85721e-9 0.03276784 -0.999463 0.01078598 -1 2.34793e-4 7.69597e-6 1.08737e-6 0 0 0 1</matrix>
                          <extra>
                            <technique profile="blender">
                              <roll sid="roll" type="float">0</roll>
                              <tip_x sid="tip_x" type="float">0</tip_x>
                              <tip_y sid="tip_y" type="float">0</tip_y>
                              <tip_z sid="tip_z" type="float">0.04999995</tip_z>
                            </technique>
                          </extra>
                        </node>
                        <node id="squidward_root_squidward_mouth_corner_L" name="squidward_mouth_corner_L" sid="squidward_mouth_corner_L" type="JOINT">
                          <matrix sid="transform">1 7.45058e-8 -2.34961e-4 -7.6484e-4 -7.45058e-8 1 1.69708e-11 0.03845998 2.34961e-4 -9.09495e-13 1 -0.1795977 0 0 0 1</matrix>
                          <extra>
                            <technique profile="blender">
                              <roll sid="roll" type="float">-1.570796</roll>
                              <tip_x sid="tip_x" type="float">0</tip_x>
                              <tip_y sid="tip_y" type="float">0.04997313</tip_y>
                              <tip_z sid="tip_z" type="float">0.001638412</tip_z>
                            </technique>
                          </extra>
                        </node>
                        <node id="squidward_root_squidward_mouth_corner_R" name="squidward_mouth_corner_R" sid="squidward_mouth_corner_R" type="JOINT">
                          <matrix sid="transform">1 7.45058e-8 -2.34961e-4 -8.82778e-4 -7.45058e-8 1 -2.98006e-7 0.03950974 2.34961e-4 2.98022e-7 1 0.1753962 0 0 0 1</matrix>
                          <extra>
                            <technique profile="blender">
                              <roll sid="roll" type="float">-1.570796</roll>
                              <tip_x sid="tip_x" type="float">0</tip_x>
                              <tip_y sid="tip_y" type="float">0.04997313</tip_y>
                              <tip_z sid="tip_z" type="float">0.001638412</tip_z>
                            </technique>
                          </extra>
                        </node>
                        <node id="squidward_root_squidward_nose_base" name="squidward_nose_base" sid="squidward_nose_base" type="JOINT">
                          <matrix sid="transform">-0.7484736 0.6631646 -2.34882e-4 0.1375018 -0.6631646 -0.7484737 3.32069e-8 -0.149211 -1.75781e-4 1.5579e-4 1 3.23019e-5 0 0 0 1</matrix>
                          <node id="squidward_root_squidward_nose_end" name="squidward_nose_end" sid="squidward_nose_end" type="JOINT">
                            <matrix sid="transform">-0.7484719 -0.6631665 8.14106e-8 0.1074328 0.6631665 -0.7484719 -2.77837e-8 0.01573344 7.93588e-8 3.31935e-8 1 -5.38412e-9 0 0 0 1</matrix>
                            <extra>
                              <technique profile="blender">
                                <roll sid="roll" type="float">-1.570796</roll>
                                <tip_x sid="tip_x" type="float">0</tip_x>
                                <tip_y sid="tip_y" type="float">0.04997313</tip_y>
                                <tip_z sid="tip_z" type="float">0.001638531</tip_z>
                              </technique>
                            </extra>
                          </node>
                          <extra>
                            <technique profile="blender">
                              <roll sid="roll" type="float">-1.570796</roll>
                              <tip_x sid="tip_x" type="float">0</tip_x>
                              <tip_y sid="tip_y" type="float">-0.03849011</tip_y>
                              <tip_z sid="tip_z" type="float">0.03191411</tip_z>
                            </technique>
                          </extra>
                        </node>
                        <extra>
                          <technique profile="blender">
                            <roll sid="roll" type="float">-1.570561</roll>
                            <tip_x sid="tip_x" type="float">0</tip_x>
                            <tip_y sid="tip_y" type="float">0.04997313</tip_y>
                            <tip_z sid="tip_z" type="float">0.001638412</tip_z>
                          </technique>
                        </extra>
                      </node>
                      <extra>
                        <technique profile="blender">
                          <roll sid="roll" type="float">-1.570796</roll>
                          <tip_x sid="tip_x" type="float">0</tip_x>
                          <tip_y sid="tip_y" type="float">0.04942899</tip_y>
                          <tip_z sid="tip_z" type="float">0.007534861</tip_z>
                        </technique>
                      </extra>
                    </node>
                    <extra>
                      <technique profile="blender">
                        <roll sid="roll" type="float">-1.57056</roll>
                        <tip_x sid="tip_x" type="float">0</tip_x>
                        <tip_y sid="tip_y" type="float">0.04976814</tip_y>
                        <tip_z sid="tip_z" type="float">0.004809081</tip_z>
                      </technique>
                    </extra>
                  </node>
                  <extra>
                    <technique profile="blender">
                      <roll sid="roll" type="float">-1.570603</roll>
                      <tip_x sid="tip_x" type="float">0</tip_x>
                      <tip_y sid="tip_y" type="float">0.04899245</tip_y>
                      <tip_z sid="tip_z" type="float">-0.009986937</tip_z>
                    </technique>
                  </extra>
                </node>
                <extra>
                  <technique profile="blender">
                    <roll sid="roll" type="float">-1.570603</roll>
                    <tip_x sid="tip_x" type="float">0</tip_x>
                    <tip_y sid="tip_y" type="float">0.04954272</tip_y>
                    <tip_z sid="tip_z" type="float">-0.006746709</tip_z>
                  </technique>
                </extra>
              </node>
              <extra>
                <technique profile="blender">
                  <tip_x sid="tip_x" type="float">0</tip_x>
                  <tip_y sid="tip_y" type="float">0</tip_y>
                  <tip_z sid="tip_z" type="float">0.05000001</tip_z>
                </technique>
              </extra>
            </node>
            <extra>
              <technique profile="blender">
                <tip_x sid="tip_x" type="float">0</tip_x>
                <tip_y sid="tip_y" type="float">0</tip_y>
                <tip_z sid="tip_z" type="float">0.05000001</tip_z>
              </technique>
            </extra>
          </node>
          <node id="mesh" name="mesh" type="NODE">
            <matrix sid="transform">1 0 0 0 0 1 0 0 0 0 1 0 0 0 0 1</matrix>
            <instance_controller url="#squidward_root_mesh-skin">
              <skeleton>#squidward_root_squidward_root</skeleton>
              <bind_material>
                <technique_common>
                  <instance_material symbol="unnamed_0-material" target="#unnamed_0-material">
                    <bind_vertex_input semantic="Float2" input_semantic="TEXCOORD" input_set="0"/>
                  </instance_material>
                </technique_common>
              </bind_material>
            </instance_controller>
          </node>
          <node id="mesh_001" name="mesh.001" type="NODE">
            <matrix sid="transform">1 0 0 0 0 1 0 0 0 0 1 0 0 0 0 1</matrix>
            <instance_controller url="#squidward_root_mesh_001-skin">
              <skeleton>#squidward_root_squidward_root</skeleton>
              <bind_material>
                <technique_common>
                  <instance_material symbol="unnamed_001-material" target="#unnamed_001-material">
                    <bind_vertex_input semantic="Float2" input_semantic="TEXCOORD" input_set="0"/>
                  </instance_material>
                </technique_common>
              </bind_material>
            </instance_controller>
          </node>
          <node id="mesh_002" name="mesh.002" type="NODE">
            <matrix sid="transform">1 0 0 0 0 1 0 0 0 0 1 0 0 0 0 1</matrix>
            <instance_controller url="#squidward_root_mesh_002-skin">
              <skeleton>#squidward_root_squidward_root</skeleton>
              <bind_material>
                <technique_common>
                  <instance_material symbol="unnamed_002-material" target="#unnamed_002-material">
                    <bind_vertex_input semantic="Float2" input_semantic="TEXCOORD" input_set="0"/>
                  </instance_material>
                </technique_common>
              </bind_material>
            </instance_controller>
          </node>
          <node id="mesh_003" name="mesh.003" type="NODE">
            <matrix sid="transform">1 0 0 0 0 1 0 0 0 0 1 0 0 0 0 1</matrix>
            <instance_controller url="#squidward_root_mesh_003-skin">
              <skeleton>#squidward_root_squidward_root</skeleton>
              <bind_material>
                <technique_common>
                  <instance_material symbol="unnamed_002-material" target="#unnamed_002-material">
                    <bind_vertex_input semantic="Float2" input_semantic="TEXCOORD" input_set="0"/>
                  </instance_material>
                </technique_common>
              </bind_material>
            </instance_controller>
          </node>
          <node id="mesh_004" name="mesh.004" type="NODE">
            <matrix sid="transform">1 0 0 0 0 1 0 0 0 0 1 0 0 0 0 1</matrix>
            <instance_controller url="#squidward_root_mesh_004-skin">
              <skeleton>#squidward_root_squidward_root</skeleton>
              <bind_material>
                <technique_common>
                  <instance_material symbol="unnamed_002-material" target="#unnamed_002-material">
                    <bind_vertex_input semantic="Float2" input_semantic="TEXCOORD" input_set="0"/>
                  </instance_material>
                </technique_common>
              </bind_material>
            </instance_controller>
          </node>
          <node id="mesh_005" name="mesh.005" type="NODE">
            <matrix sid="transform">1 0 0 0 0 1 0 0 0 0 1 0 0 0 0 1</matrix>
            <instance_controller url="#squidward_root_mesh_005-skin">
              <skeleton>#squidward_root_squidward_root</skeleton>
              <bind_material>
                <technique_common>
                  <instance_material symbol="unnamed_002-material" target="#unnamed_002-material">
                    <bind_vertex_input semantic="Float2" input_semantic="TEXCOORD" input_set="0"/>
                  </instance_material>
                </technique_common>
              </bind_material>
            </instance_controller>
          </node>
        </node>
      </node>
    </visual_scene>
  </library_visual_scenes>
  <scene>
    <instance_visual_scene url="#Scene"/>
  </scene>
</COLLADA>