<?xml version="1.0" encoding="utf-8"?>
<COLLADA xmlns="http://www.collada.org/2005/11/COLLADASchema" version="1.4.1" xmlns:xsi="http://www.w3.org/2001/XMLSchema-instance">
  <asset>
    <contributor>
      <author>Blender User</author>
      <authoring_tool>Blender 4.5.11 LTS commit date:2026-06-22, commit time:11:08, hash:4db51e9d1e1e</authoring_tool>
    </contributor>
    <created>2026-06-29T09:50:10</created>
    <modified>2026-06-29T09:50:10</modified>
    <unit name="meter" meter="1"/>
    <up_axis>Z_UP</up_axis>
  </asset>
  <library_effects>
    <effect id="Kermit_Space_Hero_D-effect">
      <profile_COMMON>
        <newparam sid="Kermit_Space_Hero_D_png-surface">
          <surface type="2D">
            <init_from>Kermit_Space_Hero_D_png</init_from>
          </surface>
        </newparam>
        <newparam sid="Kermit_Space_Hero_D_png-sampler">
          <sampler2D>
            <source>Kermit_Space_Hero_D_png-surface</source>
          </sampler2D>
        </newparam>
        <technique sid="common">
          <lambert>
            <emission>
              <color sid="emission">0 0 0 1</color>
            </emission>
            <diffuse>
              <texture texture="Kermit_Space_Hero_D_png-sampler" texcoord="UV0"/>
            </diffuse>
            <index_of_refraction>
              <float sid="ior">1.5</float>
            </index_of_refraction>
          </lambert>
        </technique>
      </profile_COMMON>
    </effect>
    <effect id="SpaceGlasses_D-effect">
      <profile_COMMON>
        <newparam sid="SpaceGlasses_D_png-surface">
          <surface type="2D">
            <init_from>SpaceGlasses_D_png</init_from>
          </surface>
        </newparam>
        <newparam sid="SpaceGlasses_D_png-sampler">
          <sampler2D>
            <source>SpaceGlasses_D_png-surface</source>
          </sampler2D>
        </newparam>
        <technique sid="common">
          <lambert>
            <emission>
              <color sid="emission">0 0 0 1</color>
            </emission>
            <diffuse>
              <texture texture="SpaceGlasses_D_png-sampler" texcoord="UV0"/>
            </diffuse>
            <index_of_refraction>
              <float sid="ior">1.5</float>
            </index_of_refraction>
          </lambert>
        </technique>
      </profile_COMMON>
    </effect>
  </library_effects>
  <library_images>
    <image id="Kermit_Space_Hero_D_png" name="Kermit_Space_Hero_D_png">
      <init_from>Kermit_Space_Hero_D.png</init_from>
    </image>
    <image id="SpaceGlasses_D_png" name="SpaceGlasses_D_png">
      <init_from>SpaceGlasses_D.png</init_from>
    </image>
  </library_images>
  <library_materials>
    <material id="Kermit_Space_Hero_D-material" name="Kermit_Space_Hero_D">
      <instance_effect url="#Kermit_Space_Hero_D-effect"/>
    </material>
    <material id="SpaceGlasses_D-material" name="SpaceGlasses_D">
      <instance_effect url="#SpaceGlasses_D-effect"/>
    </material>
  </library_materials>
  <library_geometries>
    <geometry id="Mesh-mesh" name="Mesh">
      <mesh>
        <source id="Mesh-mesh-positions">
          <float_array id="Mesh-mesh-positions-array" count="9390">0 0.09771519 0.5823961 0.04530656 0.08789116 0.5481359 0.04621189 0.09672683 0.5827 0 0.08843362 0.5480223 0 0.1110497 0.6176906 0.04779106 0.1134922 0.6184489 0 0.1219104 0.6592249 0.05035567 0.1235719 0.6588897 0 0.1232822 0.6958202 0.05034148 0.1255003 0.6995832 0 0.1127396 0.7385785 0.04982173 0.1141057 0.7395497 0 0.0975846 0.7656762 0.04920262 0.09634059 0.7654433 0.09162867 0.08709877 0.5837964 0.09010195 0.07932811 0.5486216 0.1292577 0.06415611 0.5835294 0.126685 0.05501651 0.5476096 0.1459293 0.02148008 0.5845064 0.1446456 0.01451891 0.5462337 0.1375793 -0.0196309 0.5865428 0.1353384 -0.02514362 0.5454101 0.1109785 -0.05593645 0.5879372 0.1111859 -0.05952352 0.5453941 0.1368324 0.08214557 0.6158474 0.09320205 0.1036937 0.6195169 0.1428506 0.09772372 0.6517269 0.09817236 0.1165311 0.6577565 0.1322683 0.1123647 0.6928691 0.1008051 0.1210498 0.6974475 0.1575058 0.0456469 0.6310478 0.153433 0.03922247 0.6167193 0.1490677 0.002752244 0.6524227 0.1432369 -0.008832693 0.6203603 0.09534639 0.1084339 0.7312764 0.09615582 0.08168834 0.7534778 0.1143611 -0.0360043 0.6628006 0.1135574 -0.04784768 0.6252114 0.09600245 0.07578933 0.7887751 0.05002337 0.09880304 0.7955374 0 0.1015722 0.795935 0.1077777 0.04231828 0.7603766 0.1090472 0.03144901 0.7716263 0.111734 0.006816506 0.7362467 0.0968914 -0.007509112 0.7445286 0.1114045 -0.0175178 0.6994696 0.08200621 -0.0388444 0.7086008 0 0.1082181 0.8357879 0.05775713 0.1039891 0.8331125 0.1089535 0.07087022 0.8236151 0.1377582 0.02134668 0.80729 0.0765106 -0.04987269 0.722347 0.1280364 -0.02499306 0.7882696 0.08872032 -0.07166224 0.7684766 0.1127991 -0.02889257 0.6802561 0.0875104 -0.05321556 0.6814149 0.1351765 -0.007148444 0.69344 0.08656185 -0.05998647 0.666541 0.0864312 -0.07182985 0.6273642 0.07886791 -0.08386355 0.5895135 0.07899284 -0.08461052 0.5457612 0.1089735 -0.06121933 0.5167459 0.07730662 -0.08460557 0.5169268 0.1318433 -0.02754461 0.5162048 0.1406721 0.01257956 0.5161461 0.123551 0.05112642 0.5161242 0.08871144 0.07327634 0.5155924 0.04449778 0.08320879 0.5156258 0 0.08507686 0.5155262 -0.04530656 0.08789116 0.5481359 -0.04621189 0.09672683 0.5827 -0.04779106 0.1134922 0.6184489 -0.05035567 0.1235719 0.6588897 -0.05034148 0.1255003 0.6995833 -0.04982173 0.1141057 0.7395497 -0.04920262 0.09634059 0.7654433 -0.08818358 0.08709877 0.5830409 -0.08794206 0.07932811 0.5486216 -0.1292577 0.06668382 0.5835294 -0.1253031 0.05501651 0.5473987 -0.1459293 0.02148008 0.5845064 -0.1427597 0.01451891 0.5444217 -0.1375793 -0.0196309 0.5865428 -0.1356253 -0.02514362 0.5451602 -0.1109785 -0.05593645 0.5879372 -0.1101833 -0.05952352 0.5463653 -0.1368324 0.08214557 0.6158474 -0.09320205 0.1036937 0.6195169 -0.1428506 0.09772372 0.6517269 -0.09817236 0.1165311 0.6577565 -0.1322683 0.1123647 0.6928692 -0.1008051 0.1210498 0.6974475 -0.1575058 0.0456469 0.6310478 -0.153433 0.03922247 0.6167193 -0.1490677 0.002752244 0.6524228 -0.1432369 -0.008832693 0.6203603 -0.09534639 0.1084339 0.7312764 -0.09615582 0.08168834 0.7534778 -0.1121884 -0.0360043 0.66386 -0.113654 -0.04784768 0.6257822 -0.09600245 0.07578933 0.7887751 -0.05002337 0.09880304 0.7955375 -0.1077777 0.04231828 0.7603766 -0.1090472 0.03144901 0.7716263 -0.111734 0.006816506 0.7362467 -0.0968914 -0.007509112 0.7445286 -0.1114045 -0.0175178 0.6994697 -0.1351765 -0.007148444 0.6934401 -0.08178758 -0.03848373 0.7094584 -0.07709562 -0.05966836 0.6691369 -0.05775713 0.1039891 0.8331125 -0.1089535 0.07087022 0.8236151 -0.1411238 0.02134668 0.80729 -0.0740993 -0.04987269 0.722347 -0.1298854 -0.02499306 0.7882696 -0.1052642 -0.07166224 0.7684766 -0.08423292 -0.07393723 0.6279975 -0.07682299 -0.08316206 0.5885593 -0.07989317 -0.08461052 0.5457612 -0.1084789 -0.06124806 0.5167882 -0.07768046 -0.08460557 0.5169016 -0.1319966 -0.0275343 0.5161787 -0.1399158 0.01266461 0.5162556 -0.123589 0.0511257 0.5161195 -0.08871144 0.07327634 0.5155924 -0.04449778 0.08320879 0.5156258 -0.1243947 0.04695272 0.4754297 -0.08921962 0.06989622 0.4752457 -0.09359121 0.07143819 0.4489747 -0.1290276 0.04539692 0.4473161 -0.1412773 0.01001411 0.4755755 -0.1470199 0.008841454 0.4474269 -0.1326982 -0.03226089 0.4757592 -0.1387807 -0.03598445 0.4457682 -0.1086763 -0.06554239 0.4757691 -0.111379 -0.07027918 0.4418063 -0.04423803 0.08236706 0.4491111 -0.04429453 0.08079767 0.474615 0 0.08368521 0.4743564 0 0.08524125 0.4490514 0.04423803 0.08236706 0.4491111 0.04429453 0.08079767 0.474615 0.08921962 0.06989622 0.4752457 0.09359121 0.07143819 0.4489747 0.1243947 0.04695272 0.4754297 0.1290276 0.04539692 0.4473161 0.1412773 0.01001411 0.4755755 0.1470199 0.008841454 0.4474269 0.1328476 -0.03235238 0.4758017 0.1387807 -0.03598445 0.4476399 0.1087023 -0.06558787 0.4757776 0.111379 -0.07027918 0.4426838 0.07686287 -0.08699268 0.4757341 0.07832825 -0.09157741 0.4363475 0.07231855 -0.07888197 0.5874118 0.03847253 -0.09281855 0.5431795 0.03912293 -0.08900988 0.5881588 0.07433784 -0.07761812 0.5431056 0 -0.09320193 0.5887098 0 -0.08424699 0.6285881 0.03933024 -0.08106881 0.6284092 0 -0.06782811 0.6700742 0.03928768 -0.0652095 0.6695004 0 -0.09681749 0.5433158 0.03640776 -0.04963982 0.7033323 0 -0.05391991 0.7023126 0.03785687 -0.09256589 0.5165239 0 -0.09651589 0.5164665 0.07265496 -0.07774549 0.5167635 0.05684822 -0.07538002 0.6277929 0.05368435 -0.06085836 0.6685718 0.0550391 -0.0541386 0.6810258 0.07449406 -0.03228086 0.7049995 0.08044701 -0.04516375 0.6813296 -0.03912293 -0.08900988 0.5891386 -0.03847253 -0.09281855 0.5431795 -0.07294619 -0.07761812 0.5431056 -0.07062864 -0.07451099 0.5882611 -0.03933024 -0.08106881 0.6284092 -0.03928768 -0.0652095 0.6695004 -0.06990438 -0.05301958 0.6668989 -0.03640776 -0.04963982 0.7033323 -0.07449406 -0.03228086 0.7049995 -0.07682299 -0.06723451 0.6269097 -0.07204449 -0.07774531 0.5167934 -0.03785687 -0.09256589 0.5165239 -0.03285759 -0.04502457 0.7245367 0 -0.04868268 0.7237331 -0.06252568 -0.03053414 0.7301205 -0.087323 -0.002720654 0.7446081 -0.05856084 -0.03205651 0.7461701 -0.08108037 -0.003334105 0.7577608 -0.08788251 0.02082121 0.7750401 -0.02999758 -0.04541933 0.7406007 0 -0.0495063 0.7393424 -0.08627498 0.01722848 0.7832823 -0.06795608 0.04857796 0.7927939 -0.07588857 -0.01393067 0.7703455 -0.05591386 -0.03587365 0.7629668 -0.03010547 -0.04975622 0.7583061 0 -0.05330926 0.757045 0.02999758 -0.04541933 0.7406007 0.03285759 -0.04502457 0.7245367 0.06252568 -0.03053414 0.7301204 0.087323 -0.002720654 0.7446081 0.05856084 -0.03205651 0.7461701 0.08108037 -0.003334105 0.7577608 0.08788251 0.02082121 0.7750401 0.08627498 0.01722848 0.7832823 0.06795608 0.04857796 0.7927939 0.07588857 -0.01393067 0.7703455 0.05591386 -0.03587365 0.7629668 0.03010547 -0.04975622 0.7583061 0.0765106 -0.04987269 0.722347 0.08155465 -0.06762641 0.770371 0.08872032 -0.07166224 0.7684766 0.06899273 -0.04555851 0.7226822 0.08200621 -0.0388444 0.7086008 0.07449406 -0.03228086 0.7049995 0.08200621 -0.0388444 0.7086008 0.0765106 -0.04987269 0.722347 0.1203879 -0.0208038 0.7908114 0.08872032 -0.07166224 0.7684766 0.1280364 -0.02499306 0.7882696 0.1377582 0.02134668 0.80729 0.1296638 0.02070194 0.8081534 0.1089535 0.07087022 0.8236151 0.1020832 0.06680315 0.824967 0.05775713 0.1039891 0.8331125 0.05634272 0.09653663 0.8350665 0 0.1082181 0.8357879 0 0.0997346 0.8357453 -0.05634272 0.09653663 0.8350665 -0.05775713 0.1039891 0.8331125 -0.1020832 0.06680315 0.824967 -0.1089535 0.07087022 0.8236151 -0.1330294 0.02070194 0.8081534 -0.1411238 0.02134668 0.80729 -0.1222369 -0.0208038 0.7908114 -0.1298854 -0.02499306 0.7882696 -0.09810131 -0.06762641 0.7703711 -0.1052642 -0.07166224 0.7684766 -0.0740993 -0.04987269 0.722347 -0.06658428 -0.04555851 0.7226822 -0.1052642 -0.07166224 0.7684766 -0.08178758 -0.03848373 0.7094584 -0.07449406 -0.03228086 0.7049995 -0.0740993 -0.04987269 0.722347 -0.07709562 -0.05966836 0.6691369 -0.06990438 -0.05301958 0.6668989 -0.07682299 -0.06723451 0.6269097 -0.08423292 -0.07393723 0.6279975 -0.07682299 -0.08316206 0.5885593 -0.07682299 -0.08316206 0.5885593 -0.07062864 -0.07451099 0.5882611 -0.07989317 -0.08461052 0.5457612 -0.07989317 -0.08461052 0.5457612 -0.07294619 -0.07761812 0.5431056 -0.07768046 -0.08460557 0.5169016 -0.07204449 -0.07774531 0.5167934 -0.07213622 -0.08020675 0.4755759 -0.07709562 -0.05966836 0.6691369 -0.08178758 -0.03848373 0.7094584 -0.0736761 -0.08474969 0.4360607 -0.07686287 -0.08699268 0.4757341 -0.07768046 -0.08460557 0.5169016 -0.07686287 -0.08699268 0.4757341 -0.07832825 -0.09157741 0.4363475 0.07686287 -0.08699268 0.4757341 0.0736761 -0.08474969 0.4360607 0.07213622 -0.08020675 0.4755759 0.07265496 -0.07774549 0.5167635 0.07730662 -0.08460557 0.5169268 0.07433784 -0.07761812 0.5431056 0.07899284 -0.08461052 0.5457612 0.07231855 -0.07888197 0.5874118 0.07686287 -0.08699268 0.4757341 0.07832825 -0.09157741 0.4363475 0.06195765 -0.08089846 0.6277929 0.05684822 -0.07538002 0.6277929 0.07886791 -0.08386355 0.5895135 0.07899284 -0.08461052 0.5457612 0.05879092 -0.0663796 0.6685745 0.05368435 -0.06085836 0.6685718 0.06014853 -0.05965983 0.6810257 0.0550391 -0.0541386 0.6810258 0.08044701 -0.04516375 0.6813296 0.0875104 -0.05321556 0.6814149 0.08200621 -0.0388444 0.7086008 0.09036761 0.0638777 0.4481 0.1034465 0.02157098 0.4957178 0.1226288 0.04025912 0.446325 0.07684004 0.04815185 0.4957179 0.04304516 0.07421296 0.4484351 0.03760629 0.05489152 0.4957178 0 0.07698494 0.448401 0 0.05843603 0.4957178 0.1388375 0.008531868 0.4463022 0.1126372 -0.01546162 0.4957178 0.1313139 -0.03250813 0.4469469 0.1031966 -0.05760931 0.4957178 0.1055737 -0.06441712 0.4421443 0.08880019 -0.06675302 0.4958975 0.0736761 -0.08474969 0.4360607 0.07213622 -0.08020675 0.4755759 -0.03760629 0.05489152 0.4957178 -0.04304516 0.07421296 0.4484351 -0.07684004 0.04815185 0.4957179 -0.09036761 0.0638777 0.4481 -0.1034465 0.02157098 0.4957178 -0.1226288 0.04025912 0.4463249 -0.1388375 0.008531868 0.4463022 -0.1126372 -0.01546162 0.4957178 -0.1313139 -0.03250813 0.4450753 -0.1031966 -0.05760931 0.4957178 -0.1055737 -0.06441712 0.4412666 -0.07213622 -0.08020675 0.4755759 -0.0736761 -0.08474969 0.4360607 -0.08880019 -0.06675302 0.4958975 0.06899273 -0.04555851 0.7226822 0.07449406 -0.03228086 0.7049995 0.087323 -0.002720654 0.7446081 0.08155465 -0.06762641 0.770371 0.1203879 -0.0208038 0.7908114 0.08788251 0.02082121 0.7750401 0.1296638 0.02070194 0.8081534 0.1020832 0.06680315 0.824967 0.06795608 0.04857796 0.7927939 0.05634272 0.09653663 0.8350665 0.03703826 0.07191824 0.800235 0 0.0997346 0.8357453 0 0.07718104 0.8025072 -0.03703826 0.07191824 0.800235 -0.05634272 0.09653663 0.8350665 -0.06795608 0.04857796 0.7927939 -0.1020832 0.06680315 0.824967 -0.08788251 0.02082121 0.7750401 -0.1330294 0.02070194 0.8081534 -0.1222369 -0.0208038 0.7908114 -0.087323 -0.002720654 0.7446081 -0.09810131 -0.06762641 0.7703711 -0.06658428 -0.04555851 0.7226822 -0.07449406 -0.03228086 0.7049995 0 0.08524125 0.4490514 0.04304516 0.07421296 0.4484351 0.04423803 0.08236706 0.4491111 0 0.07698494 0.448401 0.09036761 0.0638777 0.4481 0.09359121 0.07143819 0.4489747 0.1226288 0.04025912 0.446325 0.1290276 0.04539692 0.4473161 -0.04304516 0.07421296 0.4484351 -0.04423803 0.08236706 0.4491111 -0.09036761 0.0638777 0.4481 -0.09359121 0.07143819 0.4489747 -0.1226288 0.04025912 0.4463249 -0.1290276 0.04539692 0.4473161 0.1290276 0.04539692 0.4473161 0.1388375 0.008531868 0.4463022 0.1470199 0.008841454 0.4474269 0.1226288 0.04025912 0.446325 0.1470199 0.008841454 0.4474269 0.1313139 -0.03250813 0.4469469 0.1387807 -0.03598445 0.4476399 0.1313139 -0.03250813 0.4469469 0.1470199 0.008841454 0.4474269 0.1388375 0.008531868 0.4463022 0.111379 -0.07027918 0.4426838 0.1313139 -0.03250813 0.4469469 0.1055737 -0.06441712 0.4421443 0.1387807 -0.03598445 0.4476399 0.07832825 -0.09157741 0.4363475 0.07832825 -0.09157741 0.4363475 0.0736761 -0.08474969 0.4360607 0.06195765 -0.08089846 0.6277929 0.05879092 -0.0663796 0.6685745 0.06014853 -0.05965983 0.6810257 -0.1341797 0.1209362 0.7102281 -0.1049886 0.1141625 0.7411829 -0.1355259 0.09904158 0.7507768 -0.1092546 0.1269517 0.711739 -0.1634303 0.09525567 0.7417652 -0.1557562 0.1153894 0.7045392 -0.1088257 0.08555662 0.7648526 -0.1687726 0.05804979 0.7590189 -0.1415811 0.05273306 0.768792 -0.1640608 0.01402479 0.7382093 -0.1409307 0.006404697 0.7479481 -0.1561993 -0.004478693 0.7061553 -0.1363438 -0.0127719 0.7111512 -0.1192263 0.0462774 0.7730322 -0.1231599 0.001329302 0.747326 -0.1853733 0.02097177 0.7256558 -0.1901844 0.0594415 0.7440912 -0.2055609 0.06154602 0.7251133 -0.2005055 0.02532851 0.7121312 -0.1890427 0.01426899 0.6903386 -0.174291 0.005103886 0.6980581 -0.1846405 0.09130501 0.7306458 -0.1974836 0.08997869 0.7163884 -0.1740041 0.1093655 0.6980184 -0.1834732 0.1054773 0.6913298 -0.1207429 -0.01704919 0.7136307 -0.15441 0.1050513 0.686388 -0.1322683 0.1123647 0.6928692 -0.1008051 0.1210498 0.6974475 -0.1705222 0.1006633 0.6803101 -0.1812862 0.09891945 0.673792 -0.1943736 0.08640581 0.698717 -0.1812862 0.09891945 0.673792 -0.2010053 0.0581265 0.7088364 -0.1953393 0.03015959 0.6978082 -0.1832119 0.0190007 0.6736471 -0.1710163 0.01118463 0.6796597 -0.1832119 0.0190007 0.6736471 -0.1560261 0.002289295 0.6868821 -0.1351765 -0.007148444 0.6934401 -0.1114045 -0.0175178 0.6994697 -0.111734 0.006816506 0.7362467 -0.1114045 -0.0175178 0.6994697 -0.1077777 0.04231828 0.7603766 -0.09615582 0.08168834 0.7534778 -0.09534639 0.1084339 0.7312764 -0.1008051 0.1210498 0.6974475 -0.15441 0.1050513 0.686388 -0.1428506 0.09772372 0.6517269 -0.1322683 0.1123647 0.6928692 -0.1559067 0.08949303 0.6527237 -0.1575058 0.0456469 0.6310478 -0.1620329 0.04913461 0.6354159 -0.1677587 0.05237805 0.639324 -0.1670686 0.08694541 0.6531583 -0.1746432 0.05561864 0.6411643 -0.1744869 0.08600246 0.6537519 -0.2394979 0.09213721 0.6352513 -0.2480523 0.07001817 0.6209028 -0.2412274 0.1028218 0.6576912 -0.1812862 0.09891945 0.673792 -0.1943736 0.08640581 0.698717 -0.2502847 0.09312272 0.6798755 -0.2010053 0.0581265 0.7088364 -0.2639032 0.0686208 0.685587 -0.1953393 0.03015959 0.6978082 -0.2639666 0.04585725 0.674174 -0.2770189 0.0680499 0.68246 -0.2472369 0.03569203 0.6556689 -0.1832119 0.0190007 0.6736471 -0.2441624 0.04513108 0.6323062 -0.1763842 0.02578294 0.6537661 -0.1746432 0.05561864 0.6411643 -0.2480523 0.07001817 0.6209028 -0.1670969 0.02096319 0.6551265 -0.1710163 0.01118463 0.6796597 -0.1677587 0.05237805 0.639324 -0.2896945 0.0680499 0.6768565 -0.2605603 0.07135301 0.6154582 -0.3047013 0.04811018 0.6574102 -0.3014013 0.03882306 0.6337855 -0.3372839 0.03891003 0.6223314 -0.3473466 0.04797577 0.6420959 -0.3088115 0.07123088 0.6647573 -0.3532143 0.06982219 0.6493638 -0.3286499 0.04797863 0.6018596 -0.2842125 0.04809814 0.6154907 -0.2726281 0.07138425 0.6086192 -0.326818 0.06978809 0.592561 -0.3019185 0.06950694 0.670026 -0.3592951 0.05320733 0.6306928 -0.3637541 0.0698108 0.6362168 -0.3516466 0.04631996 0.6156769 -0.3450858 0.05321013 0.6001186 -0.3436941 0.06978523 0.5930523 -0.3510331 0.09159183 0.6401618 -0.3620955 0.08635461 0.6292244 -0.3423565 0.1005696 0.6197526 -0.3555006 0.09317666 0.6137143 -0.347926 0.08631199 0.5987355 -0.3323875 0.09153789 0.6000391 -0.3436941 0.06978523 0.5930523 -0.326818 0.06978809 0.592561 -0.3035317 0.1032165 0.6317606 -0.2854087 0.0932874 0.6155009 -0.313512 0.09375888 0.6524255 -0.2726281 0.07138425 0.6086192 -0.2763969 0.09450018 0.6153617 -0.2605603 0.07135301 0.6154582 -0.2612647 0.09588044 0.6216498 -0.2482199 0.09309148 0.6289206 -0.1575058 0.0456469 0.6310478 -0.1581618 0.01404464 0.6544081 -0.1490677 0.002752244 0.6524228 -0.1620329 0.04913461 0.6354159 -0.1560261 0.002289295 0.6868821 -0.1351765 -0.007148444 0.6934401 -0.07588857 -0.01393067 0.7703455 -0.07902979 0.0172739 0.7840037 -0.07016569 -0.011491 0.773461 -0.08627498 0.01722848 0.7832823 -0.06795608 0.04857796 0.7927939 -0.05591386 -0.03587365 0.7629668 -0.05174452 -0.03299939 0.7657501 -0.03010547 -0.04975622 0.7583061 -0.0265212 -0.0442208 0.7617426 0 -0.05330926 0.757045 0 -0.04819416 0.7604248 0.0265212 -0.0442208 0.7617426 0.03010547 -0.04975622 0.7583061 0.05174452 -0.03299939 0.7657501 0.05591386 -0.03587365 0.7629668 0.07016569 -0.011491 0.773461 0.07588857 -0.01393067 0.7703455 0.07902979 0.0172739 0.7840037 0.08627498 0.01722848 0.7832823 0.06795608 0.04857796 0.7927939 -0.07686287 -0.08699268 0.4757341 -0.07832825 -0.09157741 0.4363475 -0.2879365 0.1070678 0.6209596 -0.292032 0.1201466 0.6437233 -0.3060622 0.1169998 0.6372194 -0.2789247 0.1082805 0.6208205 -0.3025262 0.1104447 0.6646636 -0.3160396 0.1075421 0.6578842 -0.3113421 0.08501124 0.6702162 -0.304449 0.0832901 0.6754846 -0.2753404 0.1214929 0.651832 -0.2637953 0.1096608 0.6271085 -0.2507505 0.1068747 0.6343793 -0.2574334 0.1201807 0.6594492 -0.2678794 0.1106492 0.6799581 -0.2857353 0.1120693 0.6721589 -0.2795466 0.08183312 0.6879188 -0.2922251 0.08183032 0.6823152 -0.2420284 0.1059176 0.6407101 -0.2437552 0.116605 0.6631498 -0.2528153 0.1069031 0.6853342 -0.2664337 0.08240115 0.6910457 -0.2482199 0.09309148 0.6289206 -0.2394979 0.09213721 0.6352513 -0.2612647 0.09588044 0.6216498 -0.2763969 0.09450018 0.6153617 -0.2854087 0.0932874 0.6155009 -0.2896945 0.0680499 0.6768565 -0.3019185 0.06950694 0.670026 -0.3088115 0.07123088 0.6647573 -0.2502847 0.09312272 0.6798755 -0.2639032 0.0686208 0.685587 -0.3035317 0.1032165 0.6317606 -0.2854087 0.0932874 0.6155009 -0.313512 0.09375888 0.6524255 -0.3088115 0.07123088 0.6647573 -0.2770189 0.0680499 0.68246 -0.2639032 0.0686208 0.685587 -0.2412274 0.1028218 0.6576912 -0.2394979 0.09213721 0.6352513 -0.1705222 0.1006633 0.6803101 -0.3872903 0.0516566 0.619781 -0.3637541 0.0698108 0.6362168 -0.3592951 0.05320733 0.6306928 -0.3915221 0.06741654 0.6250211 -0.3800309 0.04511576 0.6055235 -0.3516466 0.04631996 0.6156769 -0.3738025 0.0516566 0.5907546 -0.3450858 0.05321013 0.6001186 -0.3724818 0.06739097 0.5840463 -0.3436941 0.06978523 0.5930523 -0.3899487 0.08311969 0.6183865 -0.3620955 0.08635461 0.6292244 -0.3836891 0.08959519 0.6036631 -0.3555006 0.09317666 0.6137143 -0.3764978 0.08307993 0.5894425 -0.347926 0.08631199 0.5987355 -0.3724818 0.06739097 0.5840463 -0.3436941 0.06978523 0.5930523 -0.3875147 0.05559021 0.6150634 -0.3915221 0.06741654 0.6250211 -0.3872903 0.0516566 0.619781 -0.3907667 0.06746482 0.6189743 -0.3800309 0.04511576 0.6055235 -0.3820077 0.05042111 0.6041744 -0.3738025 0.0516566 0.5907546 -0.3774974 0.05537432 0.5930694 -0.3724818 0.06739097 0.5840463 -0.3768101 0.06719505 0.5884541 -0.3899487 0.08311969 0.6183865 -0.3895965 0.07906967 0.6138025 -0.3836891 0.08959519 0.6036631 -0.3847597 0.08351731 0.6027458 -0.3764978 0.08307993 0.5894425 -0.3797526 0.07856982 0.5923509 -0.3724818 0.06739097 0.5840463 -0.3768101 0.06719505 0.5884541 -0.1290276 0.04539692 0.4473161 -0.1388375 0.008531868 0.4463022 -0.1226288 0.04025912 0.4463249 -0.1470199 0.008841454 0.4474269 -0.1470199 0.008841454 0.4474269 -0.1313139 -0.03250813 0.4450753 -0.1388375 0.008531868 0.4463022 -0.1387807 -0.03598445 0.4457682 -0.111379 -0.07027918 0.4418063 -0.1055737 -0.06441712 0.4412666 -0.07832825 -0.09157741 0.4363475 -0.07832825 -0.09157741 0.4363475 -0.0736761 -0.08474969 0.4360607 0.1045626 -0.05548775 0.4659645 0.1126372 -0.01546162 0.4957178 0.1129411 -0.01321506 0.4671858 0.1031966 -0.05760931 0.4957178 0.07442593 -0.07322728 0.459452 0.07305997 -0.07526862 0.4756587 0.08880019 -0.06675302 0.4958975 0.03678417 -0.08684659 0.4668944 0.03595048 -0.08137178 0.4382232 0.1034465 0.02157098 0.4957178 0.1035857 0.02640485 0.4613237 0.07684004 0.04815185 0.4957179 0.07917743 0.04815185 0.4514372 0.03760629 0.05489152 0.4957178 0.0375353 0.05474382 0.4467083 0 -0.08956706 0.4670351 0 -0.08233177 0.4382232 0 0.05843603 0.4957178 0 0.0572403 0.4467083 0.0778284 -0.06616663 0.4388951 0.1071415 -0.05152857 0.4469043 0.08260554 -0.05597907 0.4244841 0.1079169 -0.04501897 0.4302695 0.1155852 -0.01304179 0.4463192 0.1164202 -0.01111334 0.4300793 0.0479018 -0.06386899 0.4111072 0.06133568 -0.04650717 0.405478 0.1073716 0.02351927 0.4395086 0.1066359 0.01982998 0.4224705 0.08035326 0.0441302 0.4252255 0.08574956 0.03190058 0.4095195 0.04607844 0.03348821 0.4051258 0.06105732 0.01700687 0.3979659 0.0439341 -0.01829606 0.3979658 0.05523502 -0.0144363 0.3944298 0.03596466 0.05041259 0.4204711 0.02263307 0.03167051 0.4056484 0 0.05261373 0.4216668 0 0.03162503 0.4061766 0.01907438 -0.01729351 0.3951541 0 -0.01715719 0.3951541 0.02234339 -0.06363892 0.4084318 0 -0.06452506 0.4081676 0.0439341 -0.01829606 0.3979658 0.01907438 -0.01729351 0.3951541 0 -0.01715719 0.3951541 0.05523502 -0.0144363 0.3944298 -0.02234339 -0.06363892 0.4084318 -0.03595048 -0.08137178 0.4382232 -0.03678417 -0.08684659 0.4668943 -0.07442593 -0.07322728 0.459452 -0.07305997 -0.07526862 0.4756587 -0.08880019 -0.06675302 0.4958975 -0.1031966 -0.05760931 0.4957178 -0.1045626 -0.05548775 0.4659645 -0.1126372 -0.01546162 0.4957178 -0.1129411 -0.01321506 0.4671858 -0.1034465 0.02157098 0.4957178 -0.1035856 0.02640485 0.4613237 -0.07684004 0.04815185 0.4957179 -0.07917743 0.04815185 0.4514372 -0.03760629 0.05489152 0.4957178 -0.0375353 0.05474382 0.4467083 0 0.05843603 0.4957178 0 0.0572403 0.4467083 -0.1071415 -0.05152857 0.4469043 -0.1155852 -0.01304179 0.4463192 -0.1079168 -0.04501897 0.4302695 -0.1164202 -0.01111334 0.4300793 -0.08260554 -0.05597907 0.4244841 -0.0778284 -0.06616663 0.4388951 -0.0479018 -0.06386899 0.4111072 -0.06133568 -0.04650717 0.405478 -0.1073715 0.02351927 0.4395086 -0.1066359 0.01982998 0.4224705 -0.08035326 0.0441302 0.4252255 -0.0857495 0.03190058 0.4095195 -0.04607844 0.03348821 0.4051258 -0.06105732 0.01700687 0.3979659 -0.0439341 -0.01829606 0.3979658 -0.05523502 -0.0144363 0.3944298 -0.03596466 0.05041259 0.4204711 -0.02263307 0.03167051 0.4056484 0 0.05261373 0.4216668 0 0.03162503 0.4061766 -0.01907438 -0.01729351 0.3951541 0 -0.01715719 0.3951541 -0.0439341 -0.01829606 0.3979658 -0.01907438 -0.01729351 0.3951541 -0.05523502 -0.0144363 0.3944298 -0.1164202 -0.01111334 0.4300793 -0.1103224 -0.03844118 0.4092383 -0.1184367 -0.009099662 0.4094598 -0.1079168 -0.04501897 0.4302695 -0.08701628 -0.05104571 0.4074746 -0.08260554 -0.05597907 0.4244841 -0.06133568 -0.04650717 0.405478 -0.06963455 -0.03855758 0.3930069 -0.05523502 -0.0144363 0.3944298 -0.05987584 -0.01158195 0.3808624 -0.1066359 0.01982998 0.4224705 -0.1096607 0.01806342 0.4045805 -0.0857495 0.03190058 0.4095195 -0.0881409 0.02798122 0.3918283 -0.06105732 0.01700687 0.3979659 -0.06523233 0.01495915 0.3812687 -0.05987584 -0.01158195 0.3808624 -0.05523502 -0.0144363 0.3944298 -0.1057242 -0.03029268 0.2841585 -0.1315297 -0.01721382 0.2851781 -0.1386187 0.0110796 0.2822641 -0.08042418 -0.02065891 0.2772967 -0.06799292 0.006271243 0.2684014 -0.06799292 0.006271243 0.2684014 -0.06997585 0.0329163 0.2747325 -0.06727433 0.0102986 0.2445782 -0.07294392 0.03936982 0.2422893 -0.09541958 0.04654306 0.2789928 -0.09814983 0.05259799 0.2455781 -0.1288045 0.04374384 0.2478588 -0.1242963 0.0373364 0.283838 -0.1473863 0.01992952 0.2544648 -0.1310923 0.05012875 0.2121096 -0.100646 0.05848157 0.2112718 -0.1496924 0.02480036 0.2241803 -0.148758 0.02722585 0.203416 -0.06807243 0.0140447 0.2207664 -0.1282976 0.06052929 0.1927399 -0.1007 0.06555634 0.1953982 -0.07753574 0.04708975 0.1908825 -0.100592 0.07309973 0.1473999 -0.07668942 0.05245757 0.1470817 -0.07585722 0.01877355 0.1848642 -0.07681441 0.01783907 0.1465762 -0.0798363 0.04638242 0.08871686 -0.08274459 0.01119589 0.08830219 -0.08363926 0.01164466 0.06858593 -0.07994139 0.05027627 0.06626552 -0.1025801 0.06860941 0.08869129 -0.1026285 0.07125926 0.06588774 -0.1332423 0.07139271 0.06664609 -0.1332054 0.06765514 0.08839589 -0.1572501 0.04424381 0.06879323 -0.1549354 0.04199445 0.08867424 -0.1571762 0.007211208 0.07176691 -0.1540946 0.007316291 0.0885294 -0.1383063 -0.01397621 0.07297962 -0.1347646 -0.01268112 0.08795571 -0.1085189 -0.01320654 0.0715965 -0.1049943 -0.01099687 0.08788758 -0.08363926 0.01164466 0.06858593 -0.08274459 0.01119589 0.08830219 -0.1488233 0.04031312 0.1467608 -0.1459236 0.006026923 0.1452897 -0.1239466 -0.01182329 0.1449659 -0.1409078 1.36538e-4 0.1816974 -0.1186894 -0.01490765 0.1805728 -0.09581494 -0.008616805 0.1449403 -0.07681441 0.01783907 0.1465762 -0.09138715 -0.00990051 0.1812487 -0.07585722 0.01877355 0.1848642 -0.1137079 -0.0212413 0.05949461 -0.1433249 -0.01958835 0.0611391 -0.08572107 0.0102927 0.04906845 -0.1179453 -0.0312159 0.0480858 -0.1458952 -0.02779918 0.05251073 -0.0978201 -0.01153653 0.03510063 -0.08780288 0.01165884 0.02161848 -0.1658074 -0.007216691 0.04611754 -0.1735951 -0.02096581 0.03852587 -0.1827034 -0.002456605 0.02296757 -0.1711952 0.01988673 0.0337516 -0.1759098 0.01361 -0.001446247 -0.1568638 0.04321569 0.02104192 -0.1920333 -0.01173818 -0.00133264 -0.1949018 -0.01911121 0.01798599 -0.1976312 -0.02577137 -0.001358151 -0.1995086 -0.03068476 0.01658576 -0.1506211 -0.03687345 0.04609483 -0.1620385 -4.40134e-4 0.05655223 -0.1587411 0.04468971 0.04912245 -0.1330322 0.07219934 0.04714566 -0.1030431 0.0717023 0.04616296 -0.08138138 0.05088686 0.04620844 -0.08572107 0.0102927 0.04906845 -0.08357679 0.04737365 0.02097094 -0.08780288 0.01165884 0.02161848 -0.1045541 0.06926548 0.02096807 -0.1327993 0.06927114 0.02097094 -0.08932238 0.04445683 -0.001548469 -0.09254312 0.01213884 -0.001375257 -0.1074169 0.06294047 -0.001548469 -0.1309191 0.06303989 -0.001548469 -0.153981 0.03964561 -0.001548469 -0.149309 -0.032579 0.2515593 -0.1480224 -0.003680527 0.2783617 -0.1404449 -0.02994048 0.2810599 -0.1549268 0.004754662 0.2583274 -0.1135402 -0.04507279 0.2471514 -0.1100952 -0.04207926 0.2800914 -0.07990443 -0.03313565 0.2736982 -0.07884222 -0.03583663 0.2440556 -0.06636834 -0.008241832 0.2654249 -0.06364464 -0.00750339 0.2431553 -0.1600731 0.008674025 0.2269126 -0.1528649 -0.02859145 0.2204995 -0.1169399 -0.041 0.2160632 -0.08038443 -0.03246539 0.2164182 -0.06516408 -0.003490269 0.221113 -0.1510216 -0.01700651 0.1963185 -0.1562247 0.01082682 0.2051571 -0.08382385 -0.02377456 0.1940777 -0.1192433 -0.031744 0.1919646 -0.07068532 0.002704024 0.2010502 -0.1496924 0.02480036 0.2241803 -0.1473863 0.01992952 0.2544648 -0.1386187 0.0110796 0.2822641 -0.148758 0.02722585 0.203416 -0.1423762 -0.003041505 0.194285 -0.148758 0.02722585 0.203416 -0.1182094 -0.01918488 0.1897237 -0.08844763 -0.01027256 0.1919021 -0.07300007 0.01846396 0.1992041 -0.1315297 -0.01721382 0.2851781 -0.1386187 0.0110796 0.2822641 -0.1057242 -0.03029268 0.2841585 -0.08042418 -0.02065891 0.2772967 -0.06799292 0.006271243 0.2684014 -0.06727433 0.0102986 0.2445782 -0.06807243 0.0140447 0.2207664 -0.07300007 0.01846396 0.1992041 -0.06799292 0.006271243 0.2684014 -0.1290503 0.07092422 0.1479735 -0.145898 0.03359907 0.1843615 -0.1423762 -0.003041505 0.194285 -0.1182094 -0.01918488 0.1897237 -0.08844763 -0.01027256 0.1919021 -0.07300007 0.01846396 0.1992041 -0.1092374 -0.0348882 0.02372586 -0.1122111 -0.05129569 -4.20963e-4 -0.114682 -0.05831366 0.01875847 -0.1053351 -0.01674824 -7.56119e-4 -0.1194194 -0.06590825 -6.45335e-4 -0.1209701 -0.07045817 0.0170629 -0.1238074 -0.04405051 0.04134047 -0.1317541 -0.05791324 0.03516882 -0.1569093 -0.04907184 0.03905129 -0.1805165 -0.03399074 0.03308701 -0.1287152 -0.07930237 -0.001042902 -0.1291866 -0.08117115 0.01606607 -0.1608542 -0.1067665 0.002123773 -0.1595193 -0.103702 0.01722198 -0.1994574 -0.09104347 0.002123773 -0.1981254 -0.08797329 0.01773035 -0.2019766 -0.04314446 0.01516574 -0.2010933 -0.04065084 -0.001426339 -0.1893408 -0.05297136 0.02715963 -0.1922066 -0.08301723 0.02734142 -0.1650605 -0.06608432 0.03122389 -0.1408681 -0.07691377 0.02888363 -0.1608116 -0.09568142 0.02826446 -0.1855805 -0.04324102 0.03014749 -0.1609621 -0.0576775 0.03518587 -0.1356281 -0.06779694 0.03207308 -0.1309191 0.06303989 -0.001548469 -0.09254312 0.01213884 -0.001375257 -0.08932238 0.04445683 -0.001548469 -0.153981 0.03964561 -0.001548469 -0.1074169 0.06294047 -0.001548469 -0.1053351 -0.01674824 -7.56119e-4 -0.1759098 0.01361 -0.001446247 -0.1920333 -0.01173818 -0.00133264 -0.1122111 -0.05129569 -4.20963e-4 -0.1976312 -0.02577137 -0.001358151 -0.1194194 -0.06590825 -6.45335e-4 -0.2010933 -0.04065084 -0.001426339 -0.1287152 -0.07930237 -0.001042902 -0.1994574 -0.09104347 0.002123773 -0.1608542 -0.1067665 0.002123773 -0.07300007 0.01846396 0.1992041 -0.07716935 0.04340326 0.2082555 -0.09254312 0.01213884 -0.001375257 0.03624022 0.06980234 0.8285626 0 0.0748493 0.8129248 0.03612375 0.07039874 0.8120358 0 0.0739575 0.8295993 0.06798732 0.0518583 0.8251062 0.06710118 0.04888468 0.8062619 0 0.07718104 0.8025072 0.03703826 0.07191824 0.800235 0.06795608 0.04857796 0.7927939 0.07642537 0.03517818 0.8224819 0.07760971 0.01695579 0.7962985 0.08042711 0.007645845 0.814873 0.06727159 -0.007401227 0.7863382 0.0675556 -0.01833009 0.8028395 0.05104583 -0.02407002 0.7771674 0.0512191 -0.03545045 0.7926887 0.02693587 -0.03196841 0.7722795 0.02732217 -0.04273825 0.7872073 0 -0.04674571 0.784299 0 -0.03541636 0.7694337 0.02757489 -0.06197172 0.7959322 0 -0.06421542 0.793308 0.02728807 -0.08384078 0.7985649 0 -0.08792495 0.794498 0.02638489 -0.1091408 0.7988208 0 -0.1131369 0.7937482 0.024962 -0.1349889 0.801323 0 -0.1398938 0.796009 0.02248823 -0.1450771 0.8084176 0.04766893 -0.1304106 0.8216782 0.05207395 -0.1193681 0.8165091 0.06765502 -0.1111914 0.8371058 0.07073372 -0.1033867 0.8310591 0.0867294 -0.08804136 0.8567936 0.0919581 -0.08157438 0.8499091 0 -0.1507602 0.803416 0.07221341 -0.08485472 0.8232998 0.09156048 -0.06379789 0.8420675 0.1160879 -0.05905485 0.8671659 0.1120748 -0.06501066 0.8731244 0.1290106 -0.05431467 0.8836585 0.1230918 -0.06025338 0.8896172 0.1143839 -0.04608392 0.8610936 0.05321574 -0.09734284 0.8114026 0.1329669 -0.03761178 0.8781771 0.1360797 -0.03974187 0.9014436 0.1305158 -0.05380058 0.8981517 0.122197 -0.05437999 0.9199385 0.1252076 -0.06116795 0.9058145 0.1341228 -0.01283156 0.8809888 0.1368778 -0.01803469 0.9084985 0.1190559 -0.03166168 0.9299954 0.1140289 -0.02147692 0.85334 0.08727186 -0.03758627 0.8346405 0.07101488 -0.05850106 0.8183581 0.05278116 -0.07455354 0.8065033 0.08446866 -0.007378458 0.8268501 0.1045144 0.0106734 0.8563761 0.06894159 -0.03258472 0.8131066 0.05178993 -0.05251973 0.8023026 0.0899558 0.0237835 0.8400084 0.07799309 0.04827409 0.8654759 0.08890497 0.04353958 0.8953515 0.1184083 0.01547044 0.8856551 0.09249204 0.03091228 0.9269508 0.1208338 0.007660031 0.9176324 0.08876579 0.006132066 0.9526003 0.109283 -0.01181477 0.9415946 0.04989844 0.0519464 0.9328497 0.04708385 0.06412208 0.898808 0 0.06091272 0.9353293 0 0.07106626 0.8993873 0.04121327 0.0681011 0.871074 0 0.07334119 0.8707331 0 0.02295136 0.9663239 0.04603582 0.01948642 0.963941 0.03826802 0.06869757 0.8486765 0 0.07336676 0.8490714 0.07240653 0.05184978 0.8455921 0.1112313 -0.07772308 0.9065132 0.1208537 -0.06455624 0.8987965 0.1105525 -0.07784241 0.8983905 0.1252076 -0.06116795 0.9058145 0.09584909 -0.1056786 0.8983563 0.0947954 -0.104909 0.8879274 0.07728308 -0.1339465 0.8864079 0.07570683 -0.1313678 0.8757432 0.0530169 -0.1570483 0.8736302 0.05172181 -0.1508596 0.8664788 0.02509266 -0.1694029 0.8579157 0.02602422 -0.1773354 0.8647122 0 -0.1766112 0.8545784 0 -0.1840069 0.8614375 0.07056897 -0.1350911 0.9032613 0.08910375 -0.1071413 0.916698 0.04916852 -0.1603059 0.8888505 0 -0.1849555 0.8797081 0.02467513 -0.1798518 0.8809292 0 -0.172598 0.911323 0.02229791 -0.1685707 0.910948 0.06180715 -0.1190897 0.9413362 0.05032444 -0.1409339 0.9257844 0.03504163 -0.1208961 0.9529668 0.02531987 -0.1468982 0.9377214 0.03980457 -0.1595476 0.9110037 0 -0.1503859 0.9407775 0.01872503 -0.1202315 0.9625607 0 -0.1197572 0.9640688 0.08065432 -0.09552794 0.9395469 0.1031255 -0.0803616 0.921938 0.122197 -0.05437999 0.9199385 0.09230178 -0.07920283 0.9385075 0.07922005 -0.09307974 0.9402513 0.06570953 -0.1033525 0.9444037 0.06510174 -0.1070873 0.945105 0.08994728 -0.07812923 0.9399901 0.09716689 -0.06414151 0.9419611 0.09425008 -0.06371551 0.9425717 0.09724926 -0.04840713 0.9492914 0.09413367 -0.0487309 0.9490641 0.09078514 -0.03514933 0.9576442 0.08799612 -0.03604686 0.9570648 0.0770502 -0.02445054 0.9682125 0.07530635 -0.02585637 0.9674882 0.06096363 -0.02144283 0.9767443 0.06076198 -0.02299636 0.9746255 0.0510714 -0.106542 0.9503764 0.0511623 -0.1098678 0.9508677 0.03559547 -0.1065306 0.9580362 0.03583407 -0.1034207 0.957099 0.0232352 -0.09689688 0.9670367 0.02351921 -0.09405672 0.9658523 0.01484823 -0.08259677 0.9758468 0.01646429 -0.08100628 0.9738019 0.01319241 -0.06740486 0.9818651 0.0151692 -0.06646192 0.979698 0.01851487 -0.04859459 0.985171 0.02042061 -0.04930174 0.9829187 0.0296539 -0.03504139 0.9861508 0.0306707 -0.03608089 0.9837167 0.04399949 -0.02563488 0.9828647 0.0444709 -0.02678513 0.9805302 0.05660682 -0.009301185 0.9755315 0.03039515 -0.009162008 0.9827084 0.08284693 -0.01416355 0.9660141 0.0990045 -0.02556669 0.9530148 0.1066786 -0.04145449 0.9418702 0 -0.03298801 0.9901185 0 -0.008096992 0.9854919 0 0.02295136 0.9663239 0.04603582 0.01948642 0.963941 0.08876579 0.006132066 0.9526003 0.109283 -0.01181477 0.9415946 0.1190559 -0.03166168 0.9299954 0.108695 -0.06029313 0.9332901 -0.03039515 -0.009162008 0.9827084 -0.04603582 0.01948642 0.963941 -0.0296539 -0.03504139 0.9861508 -0.04399943 -0.02563488 0.9828647 -0.03067064 -0.03608089 0.9837167 -0.02042061 -0.04930174 0.9829187 -0.01851487 -0.04859459 0.985171 -0.0444709 -0.02678513 0.9805302 -0.01516914 -0.06646192 0.979698 -0.01319241 -0.06740486 0.9818651 -0.01646429 -0.08100628 0.9738019 -0.01484823 -0.08259677 0.9758468 -0.02351921 -0.09405672 0.9658523 -0.02323514 -0.09689688 0.9670367 -0.03583407 -0.1034207 0.957099 -0.03559547 -0.1065306 0.9580362 -0.0510714 -0.106542 0.9503764 -0.0511623 -0.1098678 0.9508677 -0.06510168 -0.1070873 0.945105 -0.06570953 -0.1033525 0.9444037 -0.08065432 -0.09552794 0.9395469 -0.07922005 -0.09307974 0.9402513 -0.09230178 -0.07920283 0.9385075 -0.08994728 -0.07812923 0.9399901 -0.09716689 -0.06414157 0.9419611 -0.09425008 -0.06371551 0.9425717 -0.09724926 -0.04840713 0.9492914 -0.09413367 -0.0487309 0.9490643 -0.09078514 -0.03514933 0.9576444 -0.08799612 -0.03604686 0.9570649 -0.0770502 -0.02445054 0.9682125 -0.07530635 -0.02585643 0.9674882 -0.06096363 -0.02144283 0.9767443 -0.06076198 -0.02299636 0.9746255 -0.05660682 -0.009301185 0.9755315 -0.08284693 -0.01416355 0.9660141 -0.0990045 -0.02556669 0.9530148 -0.1066786 -0.04145449 0.9418703 -0.08876579 0.006132066 0.9526003 -0.109283 -0.01181477 0.9415946 -0.1190559 -0.03166168 0.9299954 -0.1221971 -0.05437999 0.9199385 -0.108695 -0.06029313 0.9332901 -0.1031255 -0.0803616 0.921938 -0.1112313 -0.07772314 0.9065132 -0.09584909 -0.1056786 0.8983563 -0.1105525 -0.07784241 0.8983905 -0.1208537 -0.06455624 0.8987965 -0.1252076 -0.06116795 0.9058145 -0.0947954 -0.104909 0.8879274 -0.07728308 -0.1339465 0.886408 -0.07570677 -0.1313678 0.8757433 -0.0530169 -0.1570483 0.8736302 -0.05172181 -0.1508596 0.8664788 -0.0250926 -0.1694029 0.8579157 -0.02602416 -0.1773354 0.8647122 -0.07056897 -0.1350911 0.9032614 -0.08910375 -0.1071413 0.916698 -0.04916852 -0.1603059 0.8888505 -0.02467513 -0.1798518 0.8809292 -0.02229791 -0.1685707 0.910948 -0.06180715 -0.1190897 0.9413362 -0.05032444 -0.1409339 0.9257844 -0.03504163 -0.1208961 0.9529668 -0.02531981 -0.1468982 0.9377214 -0.03980457 -0.1595476 0.9110037 -0.01872503 -0.1202315 0.9625607 0 -0.08691376 0.9781672 0 -0.05815446 0.9865739 0.1121459 -0.05701845 0.8994668 0.1234809 -0.06095778 0.8963142 0.1120237 -0.05521786 0.8969191 0.1208537 -0.06455624 0.8987965 0.1104474 -0.05600452 0.8924744 0.1056845 -0.05194032 0.897419 0.1034777 -0.05290311 0.8932724 0.1011545 -0.06831657 0.8765384 0.09462499 -0.06921404 0.879495 0.07943022 -0.08849292 0.862383 0.0609579 -0.1113533 0.8425559 0.04100877 -0.1303226 0.8273897 0.01799798 -0.1429215 0.8175118 0 -0.1468181 0.8140211 0.09278172 -0.06449943 0.8786202 0.101944 -0.05134958 0.8920314 0.1041139 -0.05037254 0.8962346 0.1062554 -0.05278664 0.9003359 0.01725667 -0.1398769 0.8159467 0.03962844 -0.1265338 0.8255949 0.05868864 -0.1075304 0.8403748 0.07723766 -0.08307397 0.8599265 0 -0.1418365 0.8124051 -0.01799798 -0.1429215 0.8175118 -0.02248823 -0.1450771 0.8084176 -0.04100877 -0.1303226 0.8273897 -0.04766893 -0.1304106 0.8216782 -0.024962 -0.1349889 0.801323 -0.05207395 -0.1193681 0.8165091 -0.06765502 -0.1111914 0.8371058 -0.07073372 -0.1033867 0.8310591 -0.0867294 -0.08804136 0.8567936 -0.0919581 -0.08157438 0.8499091 -0.02638489 -0.1091408 0.7988208 -0.02728807 -0.08384078 0.7985649 -0.02757489 -0.06197172 0.7959322 -0.07221341 -0.08485472 0.8232998 -0.09156048 -0.06379795 0.8420675 -0.1160879 -0.05905485 0.8671659 -0.1120749 -0.06501066 0.8731244 -0.1290106 -0.05431467 0.8836585 -0.1230918 -0.06025338 0.8896172 -0.1143839 -0.04608392 0.8610936 -0.1329669 -0.03761178 0.8781771 -0.1360797 -0.03974187 0.9014436 -0.1305158 -0.05380058 0.8981518 -0.1221971 -0.05437999 0.9199385 -0.1252076 -0.06116795 0.9058145 -0.1341229 -0.01283156 0.8809888 -0.1368778 -0.01803469 0.9084985 -0.1190559 -0.03166168 0.9299954 -0.1140289 -0.02147692 0.85334 -0.08727186 -0.03758627 0.8346405 -0.07101488 -0.05850106 0.8183581 -0.08446866 -0.007378458 0.8268501 -0.1045144 0.0106734 0.8563761 -0.06894159 -0.03258472 0.8131066 -0.05178993 -0.05251973 0.8023026 -0.05278116 -0.07455354 0.8065033 -0.05321574 -0.09734284 0.8114026 -0.02732217 -0.04273825 0.7872073 -0.02693587 -0.03196841 0.7722795 -0.0512191 -0.03545045 0.7926887 -0.05104583 -0.02407002 0.7771674 -0.0675556 -0.01833009 0.8028395 -0.06727159 -0.007401227 0.7863382 -0.08042711 0.007645845 0.814873 -0.07760971 0.01695579 0.7962985 -0.07642537 0.03517818 0.8224819 -0.06710118 0.04888468 0.8062619 -0.06795608 0.04857796 0.7927939 -0.03703826 0.07191824 0.800235 -0.03612375 0.07039874 0.8120358 -0.06798732 0.0518583 0.8251062 -0.03624022 0.06980234 0.8285626 0 0.0748493 0.8129248 0 0.0739575 0.8295993 0 0.07718104 0.8025072 -0.0782544 0.01937842 0.7751424 -0.07005774 -0.003870904 0.7643101 -0.05163657 -0.01961952 0.755412 -0.02641332 -0.0285688 0.7513987 0 -0.03254216 0.7494903 -0.03826802 0.06869757 0.8486765 -0.07240653 0.05184978 0.8455921 -0.04121327 0.0681011 0.871074 0 0.07334119 0.8707331 0 0.07106626 0.8993873 -0.04708385 0.06412208 0.898808 0 0.06091272 0.9353293 -0.04989844 0.0519464 0.9328497 0 0.02295136 0.9663239 -0.04603582 0.01948642 0.963941 -0.08890497 0.04353958 0.8953515 -0.09249204 0.03091228 0.9269508 -0.1184083 0.01547044 0.8856551 -0.1208338 0.007660031 0.9176324 -0.08876579 0.006132066 0.9526003 -0.109283 -0.01181477 0.9415946 -0.07799309 0.04827409 0.8654759 -0.0899558 0.0237835 0.8400084 0 -0.147548 0.8734172 0.02105396 -0.161283 0.8619204 0.04444819 -0.1447561 0.8693217 0 -0.1676391 0.858728 0 -0.129036 0.8830311 0.06743061 -0.1265224 0.8779586 0 -0.1042188 0.8944 0.08522695 -0.1031311 0.8888589 0 -0.07455921 0.9039202 0.09928852 -0.07348561 0.9004212 0 -0.05867427 0.9045733 0.1062554 -0.05278664 0.9003359 0.1041139 -0.05037254 0.8962346 0 -0.05520081 0.9019235 0.101944 -0.05134958 0.8920314 0 -0.05565237 0.8963825 0.09278172 -0.06449943 0.8786202 0 -0.06635689 0.8787338 0.07723766 -0.08307397 0.8599265 0 -0.08583176 0.8589748 0.05868864 -0.1075304 0.8403748 0 -0.1092317 0.839057 0.03962844 -0.1265338 0.8255949 0 -0.127082 0.8244502 0.01725667 -0.1398769 0.8159467 0 -0.1418365 0.8124051 -0.1041139 -0.05037254 0.8962346 -0.1062554 -0.05278664 0.9003359 -0.09928852 -0.07348561 0.9004212 -0.08522695 -0.1031311 0.8888589 -0.06743061 -0.1265224 0.8779586 -0.04444819 -0.1447561 0.8693217 -0.02105396 -0.161283 0.8619204 -0.01725667 -0.1398769 0.8159467 -0.0396285 -0.1265338 0.8255949 -0.0586887 -0.1075304 0.8403748 -0.07723766 -0.08307397 0.8599265 -0.09278172 -0.06449943 0.8786202 -0.101944 -0.05134958 0.8920314 0.1062554 -0.05278664 0.9003359 0.09928852 -0.07348561 0.9004212 0.1121459 -0.05701845 0.8994668 0.1105525 -0.07784241 0.8983905 0.0947954 -0.104909 0.8879274 0.07570683 -0.1313678 0.8757432 0.06743061 -0.1265224 0.8779586 0.05172181 -0.1508596 0.8664788 0.04444819 -0.1447561 0.8693217 0.02105396 -0.161283 0.8619204 0.02509266 -0.1694029 0.8579157 0 -0.1676391 0.858728 0 -0.1766112 0.8545784 0.1208537 -0.06455624 0.8987965 -0.0250926 -0.1694029 0.8579157 -0.02105396 -0.161283 0.8619204 -0.05172181 -0.1508596 0.8664788 -0.04444819 -0.1447561 0.8693217 -0.06743061 -0.1265224 0.8779586 -0.07570677 -0.1313678 0.8757433 -0.0947954 -0.104909 0.8879274 -0.09928852 -0.07348561 0.9004212 -0.1105525 -0.07784241 0.8983905 -0.1121459 -0.05701845 0.8994668 -0.1062554 -0.05278664 0.9003359 -0.1208537 -0.06455624 0.8987965 0.08234423 -0.06555873 0.9950746 0.07147216 -0.07782244 0.9992581 0.07204306 -0.0618239 1.00088 0.08467316 -0.07668638 0.990127 0.0796262 -0.08787655 0.9883719 0.06839627 -0.09178745 0.9918794 0.05809509 -0.08805263 0.9976846 0.05576616 -0.07692497 1.002632 0.06081026 -0.0657348 1.00439 0.08069694 -0.04687911 0.9916181 0.07019978 -0.04474616 0.9969434 0.09128499 -0.08485752 0.973589 0.09478688 -0.07367873 0.9760143 0.09400302 -0.06253683 0.9802916 0.08905547 -0.0531274 0.985773 0.05260223 -0.1009384 0.9847478 0.06309944 -0.1030713 0.9794253 0.07413619 -0.1007623 0.975435 0.08403408 -0.09436631 0.9733843 0.04201418 -0.06296002 1.002777 0.03851515 -0.07413882 1.000352 0.03929901 -0.08528065 0.9960744 0.04424369 -0.09469288 0.9905957 0.06594806 -0.03147137 0.9873608 0.07966309 -0.03425753 0.9804051 0.0905835 -0.04242008 0.9727652 0.09704762 -0.05471509 0.9656053 0.09807008 -0.06927365 0.960016 0.09349745 -0.08387768 0.9568462 0.08402276 -0.09630328 0.9565793 0.07109159 -0.1046618 0.9592575 0.05666935 -0.1076752 0.964472 0.04295426 -0.104889 0.9714276 0.03203392 -0.09672927 0.9790675 0.06076198 -0.02299636 0.9746255 0.08799612 -0.03604686 0.9570648 0.07530635 -0.02585637 0.9674882 0.07922005 -0.09307974 0.9402513 0.08994728 -0.07812923 0.9399901 0.06570953 -0.1033525 0.9444037 0.03583407 -0.1034207 0.957099 0.0510714 -0.106542 0.9503764 0.02351921 -0.09405672 0.9658523 0.0444709 -0.02678513 0.9805302 0.09413367 -0.0487309 0.9490641 0.09425008 -0.06371551 0.9425717 0.02557259 -0.08443146 0.9862248 0.01646429 -0.08100628 0.9738019 0.02454733 -0.06987291 0.9918141 0.02912276 -0.05526888 0.9949837 0.04926508 -0.05345118 1.002982 0.03859466 -0.04284328 0.9952507 0.05916297 -0.04705518 1.000934 0.05152583 -0.0344876 0.9925723 0.02042061 -0.04930174 0.9829187 0.0151692 -0.06646192 0.979698 0.0306707 -0.03608089 0.9837167 -0.1234808 -0.06095778 0.8963142 -0.1121459 -0.05701845 0.8994668 -0.1120237 -0.05521786 0.8969191 -0.1208537 -0.06455624 0.8987965 -0.1104474 -0.05600458 0.8924744 -0.1056845 -0.05194032 0.897419 -0.1034777 -0.05290311 0.8932725 -0.1011545 -0.06831657 0.8765384 -0.09462499 -0.0692141 0.879495 -0.07943022 -0.08849292 0.862383 -0.06095796 -0.1113533 0.8425559 -0.1062554 -0.05278664 0.9003359 -0.1041139 -0.05037254 0.8962346 -0.101944 -0.05134958 0.8920314 -0.09278172 -0.06449943 0.8786202 -0.07723766 -0.08307397 0.8599265 -0.0586887 -0.1075304 0.8403748 -0.0396285 -0.1265338 0.8255949 -0.01725667 -0.1398769 0.8159467 0 0.07336676 0.8490714 -0.08234423 -0.06555873 0.9950746 -0.07147216 -0.07782244 0.9992581 -0.0846731 -0.07668644 0.990127 -0.072043 -0.06182396 1.00088 -0.0796262 -0.08787655 0.9883719 -0.06839627 -0.09178745 0.9918794 -0.05809509 -0.08805263 0.9976846 -0.05576616 -0.07692497 1.002632 -0.06081026 -0.0657348 1.00439 -0.08069694 -0.04687911 0.9916182 -0.07019978 -0.04474616 0.9969434 -0.09128499 -0.08485752 0.973589 -0.09478688 -0.07367873 0.9760143 -0.09400302 -0.06253683 0.9802916 -0.08905547 -0.05312746 0.9857731 -0.05260223 -0.1009384 0.9847478 -0.06309938 -0.1030713 0.9794253 -0.07413619 -0.1007623 0.975435 -0.08403408 -0.09436631 0.9733843 -0.04201418 -0.06296002 1.002777 -0.03851515 -0.07413882 1.000352 -0.03929901 -0.08528065 0.9960744 -0.04424369 -0.09469288 0.9905957 -0.06594806 -0.03147137 0.9873608 -0.07966309 -0.03425753 0.9804052 -0.09058344 -0.04242008 0.9727653 -0.09704762 -0.05471509 0.9656053 -0.09807008 -0.06927365 0.960016 -0.09349745 -0.08387768 0.9568462 -0.0840227 -0.09630328 0.9565793 -0.07109159 -0.1046618 0.9592575 -0.05666929 -0.1076752 0.964472 -0.04295426 -0.104889 0.9714276 -0.03203392 -0.09672927 0.9790675 -0.06076198 -0.02299636 0.9746255 -0.08799612 -0.03604686 0.9570649 -0.07530635 -0.02585643 0.9674882 -0.07922005 -0.09307974 0.9402513 -0.08994728 -0.07812923 0.9399901 -0.06570953 -0.1033525 0.9444037 -0.0510714 -0.106542 0.9503764 -0.03583407 -0.1034207 0.957099 -0.02351921 -0.09405672 0.9658523 -0.02557259 -0.08443146 0.9862248 -0.02454733 -0.06987291 0.9918141 -0.02912276 -0.05526888 0.9949837 -0.04926508 -0.05345118 1.002982 -0.03859466 -0.04284328 0.9952507 -0.05916297 -0.04705518 1.000934 -0.05152583 -0.0344876 0.9925723 -0.01516914 -0.06646192 0.979698 -0.01646429 -0.08100628 0.9738019 -0.02042061 -0.04930174 0.9829187 -0.03067064 -0.03608089 0.9837167 -0.0444709 -0.02678513 0.9805302 -0.09413367 -0.0487309 0.9490643 -0.09425008 -0.06371551 0.9425717 -0.0782544 0.01937842 0.7751424 -0.07902979 0.0172739 0.7840037 -0.06795608 0.04857796 0.7927939 -0.07005774 -0.003870904 0.7643101 -0.07016569 -0.011491 0.773461 -0.05163657 -0.01961952 0.755412 -0.05174452 -0.03299939 0.7657501 -0.02641332 -0.0285688 0.7513987 -0.0265212 -0.0442208 0.7617426 0 -0.03254216 0.7494903 0 -0.04819416 0.7604248 0.0265212 -0.0442208 0.7617426 0.02641332 -0.0285688 0.7513987 0.05174452 -0.03299939 0.7657501 0.05163657 -0.01961952 0.755412 0.07016569 -0.011491 0.773461 0.07005774 -0.003870904 0.7643101 0.07902979 0.0172739 0.7840037 0.0782544 0.01937842 0.7751424 0.06795608 0.04857796 0.7927939 0.0782544 0.01937842 0.7751424 0.07005774 -0.003870904 0.7643101 0.05163657 -0.01961952 0.755412 0.02641332 -0.0285688 0.7513987 -0.4679163 0.04225003 0.5615296 -0.4811456 0.0467801 0.562873 -0.4774477 0.04668349 0.572467 -0.4700804 0.04264485 0.5593683 -0.4779902 0.05729711 0.5713735 -0.4818245 0.05570948 0.56195 -0.4687967 0.05934202 0.5608196 -0.4715176 0.05879956 0.5573291 -0.4597423 0.04648756 0.5571756 -0.4893338 0.04229265 0.5314298 -0.4962183 0.046817 0.534304 -0.4959683 0.0546984 0.5339888 -0.4891435 0.05751013 0.5313474 -0.4819551 0.04623758 0.5286266 -0.4600973 0.05709266 0.5565764 -0.4817648 0.0544002 0.5277659 -0.4715176 0.05879956 0.5573291 -0.4687967 0.05934202 0.5608196 -0.4891435 0.05751013 0.5313474 -0.4920517 0.04226708 0.5264084 -0.5006092 0.04629439 0.5284391 -0.5001007 0.05457907 0.5280216 -0.4917422 0.05770611 0.5262011 -0.4846702 0.05398553 0.5241193 -0.4917422 0.05770611 0.5262011 -0.4849713 0.04605871 0.5247583 -0.4996975 0.04674601 0.5220886 -0.4920149 0.04282945 0.5210008 -0.4951362 0.04687947 0.5023837 -0.4891236 0.04412454 0.501739 -0.4990413 0.05430644 0.5215746 -0.4950965 0.05420988 0.5019662 -0.4916002 0.05754703 0.5204499 -0.4890981 0.05703014 0.501046 -0.4837217 0.04613822 0.5205379 -0.4814354 0.04644209 0.5026478 -0.4835029 0.05381792 0.5201573 -0.4813103 0.05388039 0.5024349 -0.4890981 0.05703014 0.501046 -0.4916002 0.05754703 0.5204499 -0.4931396 0.0479303 0.4821988 -0.4895212 0.0448715 0.4819915 -0.4934775 0.0542525 0.4821335 -0.4901745 0.05710685 0.4820908 -0.4895212 0.0448715 0.4819915 -0.4863858 0.05428653 0.4835252 -0.4901745 0.05710685 0.4820908 -0.4895212 0.0448715 0.4819915 -0.4861528 0.04716634 0.4835109 -0.4895212 0.0448715 0.4819915 -0.4720799 0.02729958 0.5724983 -0.4696373 0.02297967 0.5607855 -0.4777772 0.02768868 0.5663976 -0.462253 0.02240598 0.5658551 -0.4743605 0.03694468 0.5732197 -0.4789984 0.03500771 0.5663465 -0.467655 0.04046076 0.5614189 -0.4708188 0.03922247 0.5593824 -0.4595662 0.03682255 0.5576357 -0.4955935 0.02709507 0.5406773 -0.4901262 0.02284902 0.5354713 -0.4961586 0.03443115 0.5400837 -0.4909016 0.03766322 0.5347102 -0.4844374 0.03455609 0.5308248 -0.4843778 0.0261777 0.5307169 -0.4583989 0.02705246 0.5582237 -0.4696373 0.02297967 0.5607855 -0.462253 0.02240598 0.5658551 -0.4901262 0.02284902 0.5354713 -0.4939859 0.02295982 0.5317053 -0.5016543 0.02630263 0.5352185 -0.5019469 0.03505599 0.5348777 -0.4945398 0.03756952 0.5306971 -0.4862352 0.03444248 0.5269708 -0.4861074 0.02646738 0.527465 -0.4939859 0.02295982 0.5317053 -0.501944 0.02674287 0.5278967 -0.4944631 0.02345967 0.5255166 -0.5052045 0.02752393 0.5114465 -0.5003564 0.02434009 0.509041 -0.5021741 0.03416985 0.5274223 -0.5056135 0.03367847 0.5112222 -0.4946051 0.0371378 0.5245538 -0.5004785 0.03674304 0.5088763 -0.4937587 0.03379207 0.505843 -0.4871952 0.03443115 0.5227674 -0.4940143 0.02688485 0.5060645 -0.4873825 0.02664345 0.5237898 -0.4944631 0.02345967 0.5255166 -0.5003564 0.02434009 0.509041 -0.5117368 0.02806067 0.4939456 -0.5085871 0.02503311 0.49227 -0.5094363 0.03676575 0.4926533 -0.5123162 0.03409886 0.4940393 -0.5094363 0.03676575 0.4926533 -0.5052301 0.03402781 0.4923551 -0.5094363 0.03676575 0.4926533 -0.5050455 0.02720296 0.4922358 -0.5085871 0.02503311 0.49227 -0.5094363 0.03676575 0.4926533 -0.4666694 0.07872599 0.5564685 -0.4747411 0.08234149 0.55335 -0.473037 0.08189558 0.5641624 -0.4680269 0.07885098 0.5512086 -0.4715431 0.09234446 0.5618477 -0.4725996 0.0912851 0.5526655 -0.4647778 0.09455126 0.5571957 -0.4738153 0.07882541 0.5332872 -0.4798533 0.08260846 0.5336792 -0.4788508 0.08973723 0.5330203 -0.4719322 0.09183609 0.5324267 -0.4649994 0.08765542 0.5329521 -0.4568653 0.09039616 0.5550058 -0.4566097 0.08106058 0.5532024 -0.4658202 0.08101516 0.5336963 -0.4680269 0.07885098 0.5512086 -0.4666694 0.07872599 0.5564685 -0.4738153 0.07882541 0.5332872 -0.4749683 0.07833123 0.5283738 -0.4818983 0.08252042 0.5278853 -0.4807651 0.08984518 0.5274139 -0.4730995 0.09162878 0.5271753 -0.4671096 0.08696806 0.5287089 -0.4679248 0.0807709 0.5291549 -0.4749683 0.07833123 0.5283738 -0.4782828 0.08227902 0.5226197 -0.4733381 0.07844763 0.5242414 -0.4712477 0.08202624 0.5111852 -0.4671636 0.07829427 0.5128411 -0.4774847 0.08889937 0.5221028 -0.4708615 0.08782863 0.5110575 -0.4717562 0.09102952 0.5230514 -0.4665417 0.08992749 0.5128212 -0.4646103 0.08702206 0.524676 -0.4607818 0.08629214 0.5151786 -0.4612363 0.0794928 0.5149258 -0.4657435 0.08029377 0.5254797 -0.4671636 0.07829427 0.5128411 -0.4733381 0.07844763 0.5242414 -0.4649938 0.08108329 0.4977627 -0.4622303 0.07788813 0.4987341 -0.4621536 0.0889846 0.4987823 -0.4648886 0.08683741 0.4977031 -0.4621536 0.0889846 0.4987823 -0.4597537 0.08603084 0.5012022 -0.4621536 0.0889846 0.4987823 -0.4599667 0.07947576 0.5010857 -0.4622303 0.07788813 0.4987341 -0.4621536 0.0889846 0.4987823 -0.4666694 0.07872599 0.5564685 -0.4584955 0.0736109 0.5539407 -0.4566097 0.08106058 0.5532024 -0.4673141 0.07741385 0.5570053 -0.4490008 0.07761549 0.5630462 -0.4491798 0.09029388 0.5613024 -0.4330563 0.08999282 0.566622 -0.437859 0.09471035 0.5758126 -0.4531588 0.09512782 0.568823 -0.4417473 0.09102952 0.5841598 -0.4576946 0.09190994 0.5767585 -0.4592368 0.08076524 0.5802291 -0.4438886 0.07940477 0.5893857 -0.4330706 0.07764959 0.5671815 -0.4497421 0.06138122 0.5648043 -0.4328746 0.06090694 0.5701408 -0.437646 0.04175871 0.5654377 -0.4484755 0.04306232 0.5643328 -0.4606511 0.06366187 0.5841968 -0.443883 0.06436622 0.5925468 -0.458754 0.04404503 0.5849778 -0.4408468 0.04473519 0.5925411 -0.4551385 0.02637082 0.5824387 -0.4357772 0.02802097 0.5895307 -0.4172311 0.04795593 0.6031632 -0.4119882 0.03075033 0.596878 -0.4199661 0.06563293 0.6044582 -0.3972933 0.05482053 0.6101415 -0.4028372 0.04323846 0.6050406 -0.3941009 0.04030174 0.5938618 -0.3973302 0.03025043 0.5886786 -0.400852 0.06714391 0.6140211 -0.3993495 0.0785641 0.6082868 -0.42123 0.07809263 0.6019476 -0.423823 0.08881986 0.5960629 -0.4091792 0.08514475 0.6035637 -0.4192646 0.09162878 0.5881531 -0.4033541 0.08738559 0.596185 -0.4009741 0.0836054 0.5858072 -0.4153764 0.08709877 0.5780166 -0.4139308 0.07724058 0.5747447 -0.3977137 0.07718384 0.5806154 -0.3937715 0.08225631 0.5973438 -0.3895823 0.07682311 0.5873579 -0.3948933 0.06545686 0.5778803 -0.3867166 0.06597089 0.5833902 -0.4127607 0.063838 0.573995 -0.4243399 0.05305677 0.5666646 -0.427538 0.04075044 0.5653638 -0.4123659 0.04113954 0.5662642 -0.4101109 0.02696156 0.5656905 -0.4293585 0.02267861 0.5668379 -0.4112299 0.0556811 0.5689283 -0.4031752 0.0388078 0.570033 -0.3928797 0.05620086 0.5761223 -0.3867734 0.0539543 0.5869916 -0.3877561 0.04762929 0.583234 -0.4019114 0.01973909 0.5731431 -0.3958221 0.03568649 0.5785421 -0.3941009 0.04030174 0.5938618 -0.3973302 0.03025043 0.5886786 -0.4037234 0.01623719 0.5837737 -0.3912978 0.04875117 0.5984145 -0.4376034 0.02381753 0.5647106 -0.4419857 0.01960277 0.5765909 -0.4504153 0.02080696 0.57172 -0.4462772 0.02520918 0.5623618 -0.462253 0.02240598 0.5658551 -0.4583989 0.02705246 0.5582237 -0.4595662 0.03682255 0.5576357 -0.4597423 0.04648756 0.5571756 -0.4600973 0.05709266 0.5565764 -0.4679163 0.04225003 0.5615296 -0.467655 0.04046076 0.5614189 -0.4598729 0.06412768 0.5561419 -0.4689188 0.06033039 0.5606321 -0.4687967 0.05934202 0.5608196 -0.4673141 0.07741385 0.5570053 -0.473037 0.08189558 0.5641624 -0.476181 0.07535761 0.5681528 -0.4666694 0.07872599 0.5564685 -0.4684473 0.0817337 0.5752902 -0.4659338 0.09250068 0.5723364 -0.4715431 0.09234446 0.5618477 -0.4607335 0.09509658 0.5638641 -0.4647778 0.09455126 0.5571957 -0.4568653 0.09039616 0.5550058 -0.4701798 0.06307965 0.5795218 -0.469217 0.04309928 0.5811635 -0.4774477 0.04668349 0.572467 -0.4779902 0.05729711 0.5713735 -0.4743605 0.03694468 0.5732197 -0.4661781 0.02695024 0.5791243 -0.4720799 0.02729958 0.5724983 -0.462253 0.02240598 0.5658551 -0.4504153 0.02080696 0.57172 -0.4419857 0.01960277 0.5765909 -0.43292 0.01921367 0.5828335 -0.4197645 0.01653254 0.5901697 -0.4037234 0.01623719 0.5837737 -0.4679163 0.04225003 0.5615296 -0.467655 0.04046076 0.5614189 -0.3912978 0.04875117 0.5984145 -0.3866512 0.04958611 0.6012945 -0.3924054 0.05520397 0.612601 -0.3820077 0.05042111 0.6041744 -0.3875147 0.05559021 0.6150634 -0.3907667 0.06746482 0.6189743 -0.3958107 0.0673058 0.6164977 -0.3895965 0.07906967 0.6138025 -0.394473 0.07881689 0.6110447 -0.3847597 0.08351731 0.6027458 -0.3892642 0.08288681 0.6000448 -0.3797526 0.07856982 0.5923509 -0.384666 0.07769787 0.5898544 -0.3768101 0.06719505 0.5884541 -0.3817633 0.06658154 0.5859236 -0.3821354 0.05466431 0.5900304 -0.3774974 0.05537432 0.5930694 -0.3866512 0.04958611 0.6012945 -0.3820077 0.05042111 0.6041744 -0.4096763 0.01022458 0.5664942 -0.4067339 0.009738922 0.5799764 -0.4019114 0.01973909 0.5731431 -0.4099717 0.004010379 0.5744836 -0.4217497 0.004388093 0.5783661 -0.4212584 0.0099321 0.5851029 -0.4197645 0.01653254 0.5901697 -0.4037234 0.01623719 0.5837737 -0.43292 0.01921367 0.5828335 -0.4251863 0.009250462 0.5731487 -0.4293585 0.02267861 0.5668379 -0.4244508 0.01467514 0.5658922 -0.4140842 0.01398777 0.563143 -0.4101109 0.02696156 0.5656905 -0.4019114 0.01973909 0.5731431 -0.4096763 0.01022458 0.5664942 -0.4265155 0.00122416 0.5573034 -0.4278361 -0.004458904 0.5620182 -0.419026 0.001229882 0.5549121 -0.4147658 -0.002337276 0.5580419 -0.4247688 -0.00858277 0.5662727 -0.4159246 -0.007673919 0.5640262 -0.4147658 -0.002337276 0.5580419 -0.4273676 -0.002777516 0.5544407 -0.429296 -0.008812844 0.5582805 -0.4202729 -0.002442359 0.5524781 -0.4162086 -0.00674802 0.5548212 -0.4162086 -0.00674802 0.5548212 -0.4183643 -0.01322072 0.5596495 -0.426169 -0.01415514 0.5618818 -0.4309688 -0.01103949 0.554006 -0.4285236 -0.003987431 0.5506121 -0.4328377 -0.008321464 0.539223 -0.4349138 -0.01524859 0.5410209 -0.4262628 -0.007929563 0.5375701 -0.4216617 -0.003726124 0.5485813 -0.4187108 -0.009111046 0.5498197 -0.4235476 -0.01346212 0.5377377 -0.4323521 -0.019719 0.543398 -0.4286882 -0.01614606 0.5550172 -0.4257686 -0.01932418 0.5415009 -0.4211277 -0.01546162 0.5531143 -0.4187108 -0.009111046 0.5498197 -0.4235476 -0.01346212 0.5377377 -0.4364589 -0.01792687 0.5264567 -0.4383391 -0.02247393 0.5256018 -0.4319885 -0.01760309 0.5254853 -0.4309064 -0.0219627 0.5237613 -0.4383391 -0.02247393 0.5256018 -0.4309064 -0.0219627 0.5237613 -0.432281 -0.02532541 0.5254909 -0.4383391 -0.02247393 0.5256018 -0.4366577 -0.0255981 0.5266952 -0.4383391 -0.02247393 0.5256018 -0.43292 0.01921367 0.5828335 -0.4689188 0.06033039 0.5606321 -0.4687967 0.05934202 0.5608196 -0.4773598 0.06503081 0.5710213 -0.4689188 0.06033039 0.5606321 -0.4815149 0.06564146 0.5617029 -0.4773598 0.06503081 0.5710213 -0.4714721 0.06099498 0.557613 -0.476181 0.07535761 0.5681528 -0.4813359 0.07443737 0.5597971 -0.4673141 0.07741385 0.5570053 -0.4703559 0.07701623 0.5538442 -0.4584955 0.0736109 0.5539407 -0.4842471 0.0605235 0.5343466 -0.4911543 0.06563293 0.5358093 -0.489845 0.07343196 0.534412 -0.482046 0.07563024 0.5320149 -0.4743322 0.07186138 0.5297087 -0.4759652 0.06381523 0.532208 -0.4598729 0.06412768 0.5561419 -0.4714721 0.06099498 0.557613 -0.4842471 0.0605235 0.5343466 -0.4860677 0.06045538 0.5289475 -0.4945199 0.06514161 0.5293225 -0.4930004 0.07332974 0.5280473 -0.4836705 0.07576376 0.5264282 -0.4766752 0.07148367 0.5257979 -0.4783112 0.06366473 0.5279478 -0.4860677 0.06045538 0.5289475 -0.4925063 0.06524103 0.523219 -0.4850623 0.06076496 0.5236138 -0.4853917 0.06456786 0.5073113 -0.4795807 0.06138694 0.5078169 -0.490964 0.07269352 0.5220715 -0.4846447 0.07185 0.5064792 -0.4826537 0.07534056 0.5209951 -0.4779988 0.07419312 0.5057351 -0.4749003 0.07105761 0.5221796 -0.4706428 0.07057762 0.5081946 -0.4718669 0.0632103 0.5096743 -0.4763714 0.06346875 0.5240398 -0.4795807 0.06138694 0.5078169 -0.4850623 0.06076496 0.5236138 -0.4798988 0.06455934 0.4877597 -0.476539 0.06125628 0.4882881 -0.4762038 0.07349443 0.4877058 -0.4797483 0.07088148 0.4874247 -0.4762038 0.07349443 0.4877058 -0.4728581 0.07048958 0.4897081 -0.4762038 0.07349443 0.4877058 -0.4733182 0.06338351 0.4902903 -0.476539 0.06125628 0.4882881 -0.4762038 0.07349443 0.4877058 -0.4689188 0.06033039 0.5606321 -0.03993803 -0.09253168 0.5170587 3.43656e-4 -0.09253168 0.4647414 3.43656e-4 -0.09253168 0.5170587 -0.03993803 -0.09253174 0.4647414 0.04062539 -0.09253168 0.4647414 0.04062539 -0.09253168 0.5170587 3.43656e-4 -0.09981101 0.4647414 -0.03993803 -0.09981095 0.5170587 3.43656e-4 -0.09981101 0.5170587 -0.03993803 -0.09981101 0.4647414 0.04062539 -0.09981101 0.4647414 0.04062539 -0.09981095 0.5170587 3.43656e-4 -0.09253168 0.4647414 -0.03993803 -0.09981101 0.4647414 3.43656e-4 -0.09981101 0.4647414 -0.03993803 -0.09253174 0.4647414 0.04062539 -0.09253168 0.4647414 0.04062539 -0.09981101 0.4647414 0.04062539 -0.09253168 0.5170587 0.04062539 -0.09981101 0.4647414 0.04062539 -0.09981095 0.5170587 0.04062539 -0.09253168 0.4647414 3.43656e-4 -0.09253168 0.5170587 0.04062539 -0.09981095 0.5170587 3.43656e-4 -0.09981101 0.5170587 0.04062539 -0.09253168 0.5170587 -0.03993803 -0.09253168 0.5170587 -0.03993803 -0.09981095 0.5170587 -0.03993803 -0.09253174 0.4647414 -0.03993803 -0.09981095 0.5170587 -0.03993803 -0.09981101 0.4647414 -0.03993803 -0.09253168 0.5170587 0.1341797 0.1209362 0.710228 0.1049886 0.1141625 0.7411829 0.1092546 0.1269516 0.711739 0.1355259 0.09904158 0.7507768 0.1634303 0.09525567 0.7417652 0.1557562 0.1153894 0.7045392 0.1088257 0.08555662 0.7648526 0.1687726 0.05804979 0.759019 0.1415811 0.05273306 0.7687919 0.1640608 0.01402479 0.7382093 0.1409307 0.006404697 0.747948 0.1561993 -0.004478693 0.7061553 0.1363438 -0.0127719 0.7111512 0.1192263 0.0462774 0.7730321 0.1231599 0.001329302 0.747326 0.1853733 0.02097177 0.7256559 0.1901844 0.0594415 0.7440912 0.2055609 0.06154602 0.7251133 0.2005055 0.02532851 0.7121312 0.1890427 0.01426899 0.6903387 0.174291 0.005103886 0.6980581 0.1846405 0.09130501 0.7306459 0.1974836 0.08997869 0.7163884 0.1740041 0.1093655 0.6980184 0.1834732 0.1054773 0.6913298 0.1207429 -0.01704919 0.7136307 0.15441 0.1050513 0.686388 0.1322683 0.1123647 0.6928691 0.1008051 0.1210498 0.6974475 0.1705222 0.1006633 0.6803101 0.1812862 0.09891945 0.673792 0.1943736 0.08640581 0.6987171 0.1812862 0.09891945 0.673792 0.2010053 0.0581265 0.7088365 0.1953393 0.03015959 0.6978082 0.1832119 0.0190007 0.6736472 0.1710163 0.01118463 0.6796597 0.1832119 0.0190007 0.6736472 0.1560261 0.002289295 0.6868821 0.1351765 -0.007148444 0.69344 0.1114045 -0.0175178 0.6994696 0.111734 0.006816506 0.7362467 0.1114045 -0.0175178 0.6994696 0.1077777 0.04231828 0.7603766 0.09615582 0.08168834 0.7534778 0.09534639 0.1084339 0.7312764 0.1008051 0.1210498 0.6974475 0.15441 0.1050513 0.686388 0.1428506 0.09772372 0.6517269 0.1559067 0.08949303 0.6527237 0.1322683 0.1123647 0.6928691 0.1575058 0.0456469 0.6310478 0.1620329 0.04913461 0.6354159 0.1677587 0.05237805 0.639324 0.1670686 0.08694541 0.6531583 0.1746432 0.05561864 0.6411644 0.1744869 0.08600246 0.653752 0.2394978 0.09213721 0.6352513 0.2480523 0.07001817 0.6209028 0.2412275 0.1028218 0.6576912 0.1812862 0.09891945 0.673792 0.1943736 0.08640581 0.6987171 0.2502847 0.09312272 0.6798756 0.2010053 0.0581265 0.7088365 0.2639032 0.0686208 0.685587 0.1953393 0.03015959 0.6978082 0.2639666 0.04585725 0.674174 0.2770189 0.0680499 0.68246 0.2472369 0.03569203 0.655669 0.1832119 0.0190007 0.6736472 0.2441625 0.04513108 0.6323062 0.1763842 0.02578294 0.6537661 0.1746432 0.05561864 0.6411644 0.2480523 0.07001817 0.6209028 0.1670969 0.02096319 0.6551265 0.1710163 0.01118463 0.6796597 0.1677587 0.05237805 0.639324 0.2896945 0.0680499 0.6768565 0.2605603 0.07135301 0.6154582 0.3047013 0.04811018 0.6574102 0.3014013 0.03882306 0.6337854 0.3372839 0.03891009 0.6223313 0.3473466 0.04797577 0.6420959 0.3088114 0.07123088 0.6647573 0.3532143 0.06982219 0.6493638 0.3286504 0.04797875 0.6018607 0.2842125 0.04809814 0.6154906 0.2726281 0.07138425 0.6086192 0.326818 0.06978809 0.5925609 0.3019185 0.06950694 0.670026 0.359295 0.05320733 0.6306927 0.363754 0.0698108 0.6362168 0.3516465 0.04631996 0.6156769 0.3450857 0.05321013 0.6001185 0.343694 0.06978523 0.5930523 0.3510331 0.09159189 0.6401618 0.3620954 0.08635467 0.6292243 0.3423564 0.1005696 0.6197525 0.3555005 0.09317666 0.6137143 0.3479259 0.08631205 0.5987354 0.3323875 0.09153789 0.600039 0.343694 0.06978523 0.5930523 0.326818 0.06978809 0.5925609 0.3035317 0.1032166 0.6317605 0.2854087 0.0932874 0.6155008 0.3135119 0.09375888 0.6524255 0.2726281 0.07138425 0.6086192 0.2763969 0.09450018 0.6153616 0.2605603 0.07135301 0.6154582 0.2612647 0.0958805 0.6216498 0.2482199 0.09309148 0.6289206 0.1575058 0.0456469 0.6310478 0.1581618 0.01404464 0.6544081 0.1620329 0.04913461 0.6354159 0.1490677 0.002752244 0.6524227 0.1560261 0.002289295 0.6868821 0.1351765 -0.007148444 0.69344 0.2879364 0.1070678 0.6209595 0.2920319 0.1201466 0.6437233 0.2789247 0.1082805 0.6208204 0.3060622 0.1169998 0.6372194 0.3025262 0.1104447 0.6646637 0.3160396 0.1075421 0.6578842 0.311342 0.0850113 0.6702162 0.304449 0.08329015 0.6754847 0.2753404 0.1214929 0.651832 0.2637952 0.1096608 0.6271085 0.2507505 0.1068747 0.6343793 0.2574334 0.1201807 0.6594492 0.2678794 0.1106492 0.6799581 0.2857353 0.1120693 0.6721589 0.2795466 0.08183312 0.6879189 0.2922251 0.08183032 0.6823152 0.2420284 0.1059176 0.6407101 0.2437552 0.116605 0.6631498 0.2528153 0.1069031 0.6853342 0.2664337 0.08240115 0.6910458 0.2482199 0.09309148 0.6289206 0.2394978 0.09213721 0.6352513 0.2612647 0.0958805 0.6216498 0.2763969 0.09450018 0.6153616 0.2854087 0.0932874 0.6155008 0.2896945 0.0680499 0.6768565 0.3019185 0.06950694 0.670026 0.3088114 0.07123088 0.6647573 0.2502847 0.09312272 0.6798756 0.2639032 0.0686208 0.685587 0.3035317 0.1032166 0.6317605 0.2854087 0.0932874 0.6155008 0.3135119 0.09375888 0.6524255 0.3088114 0.07123088 0.6647573 0.2770189 0.0680499 0.68246 0.2639032 0.0686208 0.685587 0.2412275 0.1028218 0.6576912 0.2394978 0.09213721 0.6352513 0.1705222 0.1006633 0.6803101 0.3872902 0.0516566 0.6197809 0.363754 0.0698108 0.6362168 0.3915221 0.06741654 0.625021 0.359295 0.05320733 0.6306927 0.3800308 0.04511576 0.6055234 0.3516465 0.04631996 0.6156769 0.3738024 0.0516566 0.5907545 0.3450857 0.05321013 0.6001185 0.3724818 0.06739097 0.5840462 0.343694 0.06978523 0.5930523 0.3899486 0.08311975 0.6183864 0.3620954 0.08635467 0.6292243 0.3836889 0.08959525 0.603663 0.3555005 0.09317666 0.6137143 0.3764977 0.08307999 0.5894424 0.3479259 0.08631205 0.5987354 0.3724818 0.06739097 0.5840462 0.343694 0.06978523 0.5930523 0.3875147 0.05559021 0.6150634 0.3915221 0.06741654 0.625021 0.3907666 0.06746482 0.6189743 0.3872902 0.0516566 0.6197809 0.3800308 0.04511576 0.6055234 0.3820076 0.05042111 0.6041743 0.3738024 0.0516566 0.5907545 0.3774974 0.05537432 0.5930693 0.3724818 0.06739097 0.5840462 0.3768101 0.06719505 0.5884541 0.3899486 0.08311975 0.6183864 0.3895965 0.07906967 0.6138024 0.3836889 0.08959525 0.603663 0.3847597 0.08351731 0.6027457 0.3764977 0.08307999 0.5894424 0.3797526 0.07856982 0.5923508 0.3724818 0.06739097 0.5840462 0.3768101 0.06719505 0.5884541 0.1164202 -0.01111334 0.4300793 0.1103225 -0.03844118 0.4092383 0.1079169 -0.04501897 0.4302695 0.1184368 -0.009099662 0.4094598 0.08701628 -0.05104571 0.4074746 0.08260554 -0.05597907 0.4244841 0.06133568 -0.04650717 0.405478 0.06963455 -0.03855758 0.3930069 0.05523502 -0.0144363 0.3944298 0.05987584 -0.01158195 0.3808624 0.1066359 0.01982998 0.4224705 0.1096607 0.01806342 0.4045805 0.08574956 0.03190058 0.4095195 0.0881409 0.02798116 0.3918283 0.06105732 0.01700687 0.3979659 0.06523233 0.01495915 0.3812687 0.05987584 -0.01158195 0.3808624 0.05523502 -0.0144363 0.3944298 0.1057242 -0.03029268 0.2841585 0.1315298 -0.01721382 0.2851781 0.1386188 0.0110796 0.2822641 0.08042424 -0.02065891 0.2772967 0.06799292 0.006271243 0.2684014 0.06799292 0.006271243 0.2684014 0.06997585 0.0329163 0.2747325 0.06727439 0.01029855 0.2445783 0.07294398 0.03936976 0.2422893 0.09541958 0.04654306 0.2789928 0.09814989 0.05259799 0.2455781 0.1288046 0.04374384 0.2478588 0.1242963 0.03733634 0.283838 0.1473863 0.01992952 0.2544648 0.1310924 0.05012875 0.2121097 0.100646 0.05848157 0.2112718 0.1496924 0.02480036 0.2241804 0.1487581 0.02722585 0.203416 0.06807243 0.0140447 0.2207665 0.1282976 0.06052929 0.1927399 0.1007 0.06555634 0.1953983 0.0775358 0.04708975 0.1908825 0.1005921 0.07309973 0.1473999 0.07668948 0.05245757 0.1470818 0.07585728 0.01877349 0.1848642 0.07681441 0.01783907 0.1465763 0.07983636 0.04638242 0.08871686 0.08274465 0.01119595 0.08830225 0.08363932 0.01164466 0.06858599 0.07994139 0.05027627 0.06626558 0.1025802 0.06860941 0.08869129 0.1026285 0.07125926 0.0658878 0.1332424 0.07139271 0.06664609 0.1332054 0.06765514 0.08839595 0.1572501 0.04424381 0.06879329 0.1549354 0.04199445 0.0886743 0.1571763 0.007211208 0.07176697 0.1540947 0.007316291 0.08852946 0.1383063 -0.01397621 0.07297968 0.1347647 -0.01268106 0.08795577 0.1085189 -0.01320654 0.07159656 0.1049943 -0.01099687 0.08788758 0.08363932 0.01164466 0.06858599 0.08274465 0.01119595 0.08830225 0.1488233 0.04031312 0.1467609 0.1459236 0.006026923 0.1452897 0.1239466 -0.01182329 0.144966 0.1409079 1.36548e-4 0.1816975 0.1186894 -0.01490765 0.1805728 0.09581494 -0.008616805 0.1449404 0.07681441 0.01783907 0.1465763 0.09138715 -0.00990051 0.1812488 0.07585728 0.01877349 0.1848642 0.1137079 -0.0212413 0.05949467 0.1433249 -0.01958829 0.0611391 0.08572113 0.01029276 0.04906851 0.1179454 -0.03121584 0.0480858 0.1458952 -0.02779918 0.05251073 0.0978201 -0.01153653 0.03510069 0.08780294 0.01165884 0.02161854 0.1658074 -0.007216632 0.0461176 0.1735951 -0.02096575 0.03852587 0.1827034 -0.002456545 0.02296757 0.1711952 0.01988679 0.0337516 0.1759098 0.01361006 -0.001446247 0.1568638 0.04321569 0.02104198 0.1920333 -0.01173818 -0.001332581 0.1949019 -0.01911115 0.01798599 0.1976312 -0.02577131 -0.001358151 0.1995086 -0.03068476 0.01658576 0.1506212 -0.0368734 0.04609483 0.1620386 -4.401e-4 0.05655229 0.1587412 0.04468971 0.04912245 0.1330322 0.07219934 0.04714572 0.1030431 0.0717023 0.04616302 0.08138138 0.05088686 0.0462085 0.08572113 0.01029276 0.04906851 0.08357679 0.04737365 0.02097094 0.08780294 0.01165884 0.02161854 0.1045541 0.06926548 0.02096813 0.1327993 0.06927114 0.02097094 0.08932238 0.04445677 -0.001548469 0.09254312 0.01213884 -0.001375198 0.1074169 0.06294047 -0.001548469 0.1309191 0.06303983 -0.001548469 0.1539811 0.03964561 -0.001548469 0.149309 -0.03257894 0.2515593 0.1480225 -0.003680527 0.2783617 0.1549268 0.004754662 0.2583274 0.140445 -0.02994048 0.2810599 0.1135403 -0.04507279 0.2471514 0.1100952 -0.04207926 0.2800914 0.07990449 -0.03313565 0.2736983 0.07884228 -0.03583663 0.2440556 0.0663684 -0.008241832 0.2654249 0.06364464 -0.00750339 0.2431553 0.1600732 0.008674025 0.2269126 0.1528649 -0.02859139 0.2204995 0.1169399 -0.041 0.2160632 0.08038443 -0.03246539 0.2164183 0.06516414 -0.003490269 0.221113 0.1510217 -0.01700651 0.1963185 0.1562248 0.01082682 0.2051571 0.08382385 -0.02377456 0.1940777 0.1192433 -0.031744 0.1919646 0.07068538 0.002704024 0.2010502 0.1496924 0.02480036 0.2241804 0.1473863 0.01992952 0.2544648 0.1386188 0.0110796 0.2822641 0.1487581 0.02722585 0.203416 0.1423763 -0.003041505 0.194285 0.1487581 0.02722585 0.203416 0.1182095 -0.01918488 0.1897237 0.08844763 -0.01027256 0.1919021 0.07300007 0.01846396 0.1992042 0.1315298 -0.01721382 0.2851781 0.1386188 0.0110796 0.2822641 0.1057242 -0.03029268 0.2841585 0.08042424 -0.02065891 0.2772967 0.06799292 0.006271243 0.2684014 0.06727439 0.01029855 0.2445783 0.06799292 0.006271243 0.2684014 0.06807243 0.0140447 0.2207665 0.07300007 0.01846396 0.1992042 0.1290503 0.07092422 0.1479736 0.145898 0.03359907 0.1843615 0.1423763 -0.003041505 0.194285 0.1182095 -0.01918488 0.1897237 0.08844763 -0.01027256 0.1919021 0.07300007 0.01846396 0.1992042 0.1092375 -0.03488814 0.02372592 0.1122111 -0.05129569 -4.20937e-4 0.1053351 -0.01674818 -7.5608e-4 0.114682 -0.05831366 0.01875847 0.1194194 -0.06590819 -6.45317e-4 0.1209701 -0.07045811 0.01706296 0.1238074 -0.04405045 0.04134047 0.1317541 -0.05791318 0.03516882 0.1569093 -0.04907184 0.03905129 0.1805165 -0.03399068 0.03308701 0.1287152 -0.07930231 -0.001042902 0.1291866 -0.08117109 0.01606607 0.1608542 -0.1067665 0.002123773 0.1595194 -0.103702 0.01722198 0.1994574 -0.09104347 0.002123773 0.1981254 -0.08797323 0.01773035 0.2019767 -0.04314446 0.01516574 0.2010934 -0.04065084 -0.001426339 0.1893409 -0.05297136 0.02715963 0.1922066 -0.08301723 0.02734142 0.1650605 -0.06608432 0.03122389 0.1408681 -0.07691377 0.02888357 0.1608116 -0.09568142 0.02826446 0.1855805 -0.04324102 0.03014749 0.1609622 -0.05767744 0.03518587 0.1356281 -0.06779688 0.03207308 0.1309191 0.06303983 -0.001548469 0.09254312 0.01213884 -0.001375198 0.1539811 0.03964561 -0.001548469 0.08932238 0.04445677 -0.001548469 0.1074169 0.06294047 -0.001548469 0.1053351 -0.01674818 -7.5608e-4 0.1759098 0.01361006 -0.001446247 0.1920333 -0.01173818 -0.001332581 0.1122111 -0.05129569 -4.20937e-4 0.1976312 -0.02577131 -0.001358151 0.1194194 -0.06590819 -6.45317e-4 0.2010934 -0.04065084 -0.001426339 0.1287152 -0.07930231 -0.001042902 0.1994574 -0.09104347 0.002123773 0.1608542 -0.1067665 0.002123773 0.07300007 0.01846396 0.1992042 0.07716941 0.04340326 0.2082556 0.09254312 0.01213884 -0.001375198 0.4679163 0.04225003 0.5615297 0.4811456 0.0467801 0.5628731 0.4700804 0.04264485 0.5593683 0.4774477 0.04668354 0.572467 0.4779902 0.05729717 0.5713735 0.4818244 0.05570948 0.5619501 0.4687967 0.05934202 0.5608196 0.4715176 0.05879956 0.5573291 0.4597423 0.04648756 0.5571756 0.4742838 0.04375594 0.5265954 0.4817489 0.04815155 0.5255602 0.4814951 0.05603408 0.5252865 0.4743087 0.05897319 0.5263757 0.4665542 0.04783856 0.5278033 0.4600974 0.05709266 0.5565764 0.4660825 0.05599772 0.527023 0.4715176 0.05879956 0.5573291 0.4687967 0.05934202 0.5608196 0.4743087 0.05897319 0.5263757 0.4718396 0.04361295 0.5215011 0.4803379 0.0474689 0.5188366 0.4798126 0.0557596 0.518598 0.4717114 0.05905336 0.5212206 0.4644574 0.0554766 0.5232244 0.4717114 0.05905336 0.5212206 0.4649298 0.04754871 0.5237271 0.476033 0.047894 0.5138455 0.4688318 0.04414308 0.5170325 0.4531266 0.04787534 0.506889 0.4503961 0.04550719 0.5124649 0.4753107 0.05546361 0.5136249 0.4526777 0.05517464 0.5062378 0.4684229 0.0588625 0.5165286 0.4496603 0.05835735 0.5112924 0.4615491 0.04763644 0.521044 0.448488 0.04835933 0.5197808 0.4612771 0.05531692 0.5207171 0.4481989 0.0557788 0.5192745 0.4496603 0.05835735 0.5112924 0.4684229 0.0588625 0.5165286 0.4301141 0.04926848 0.5118677 0.4300733 0.05553233 0.5109472 0.429929 0.05867886 0.5139694 0.429782 0.04655617 0.515744 0.4312326 0.05622106 0.5180465 0.429929 0.05867886 0.5139694 0.429782 0.04655617 0.515744 0.4311953 0.04915255 0.5189343 0.429782 0.04655617 0.515744 0.4503961 0.04550719 0.5124649 0.429782 0.04655617 0.515744 0.4720799 0.02729958 0.5724983 0.4696374 0.02297967 0.5607855 0.462253 0.02240598 0.5658552 0.4777772 0.02768868 0.5663976 0.4743605 0.03694468 0.5732197 0.4789984 0.03500771 0.5663465 0.467655 0.04046076 0.5614189 0.4708189 0.03922247 0.5593824 0.4595662 0.03682255 0.5576357 0.4979067 0.02690404 0.5448856 0.4924393 0.02265799 0.5396797 0.4984718 0.03424012 0.544292 0.4932147 0.03747218 0.5389184 0.4867506 0.03436505 0.5350332 0.4866909 0.02598667 0.5349253 0.4583989 0.02705246 0.5582237 0.4696374 0.02297967 0.5607855 0.462253 0.02240598 0.5658552 0.4924393 0.02265799 0.5396797 0.4945231 0.02283757 0.5356546 0.5026001 0.02619504 0.5380652 0.502812 0.03495097 0.537732 0.4948798 0.03745394 0.5346542 0.4861421 0.03431075 0.5321236 0.4861122 0.02633297 0.5325894 0.4945231 0.02283757 0.5356546 0.5034549 0.02662479 0.5303895 0.4956458 0.02330774 0.5297394 0.5028962 0.02754718 0.5136358 0.4976449 0.02434772 0.5123648 0.503534 0.03405642 0.5299392 0.5032126 0.03370589 0.5133775 0.4954969 0.03699314 0.528887 0.497664 0.03675204 0.5122835 0.4904465 0.03377717 0.5108273 0.4878885 0.03424876 0.528804 0.4907804 0.02687042 0.5109257 0.4883422 0.02645534 0.5296902 0.4956458 0.02330774 0.5297394 0.4976449 0.02434772 0.5123648 0.5052869 0.02825528 0.4951149 0.5018545 0.02521836 0.4941711 0.5027095 0.0369535 0.4944528 0.505842 0.03429645 0.4951268 0.5027095 0.0369535 0.4944528 0.4985591 0.03418904 0.4950925 0.5027095 0.0369535 0.4944528 0.4983866 0.02736413 0.4949594 0.5018545 0.02521836 0.4941711 0.5027095 0.0369535 0.4944528 0.4666694 0.07872605 0.5564685 0.4747411 0.08234155 0.55335 0.4680269 0.07885098 0.5512085 0.473037 0.08189564 0.5641624 0.4715431 0.09234452 0.5618476 0.4725996 0.0912851 0.5526655 0.4647779 0.09455132 0.5571957 0.4644272 0.07849639 0.5299814 0.4704328 0.08222985 0.5290239 0.4693632 0.08936417 0.5285589 0.4624976 0.09151899 0.529478 0.4558162 0.08739918 0.5315285 0.4568653 0.09039616 0.5550059 0.4566096 0.08106064 0.5532023 0.4567308 0.08075523 0.5321135 0.4680269 0.07885098 0.5512085 0.4666694 0.07872605 0.5564685 0.4644272 0.07849639 0.5299814 0.4644339 0.07799744 0.5256418 0.4710705 0.08211117 0.5232492 0.4699094 0.08944523 0.5230533 0.4624267 0.09131222 0.5250039 0.4570351 0.08672761 0.5282691 0.4578657 0.08051812 0.528366 0.4644339 0.07799744 0.5256418 0.4660096 0.08189898 0.51968 0.4616752 0.07813751 0.5228561 0.4543719 0.08226299 0.5162647 0.451636 0.07862955 0.5198145 0.4651153 0.08852928 0.5194957 0.4540602 0.0880717 0.5162725 0.4598676 0.09075117 0.5226821 0.4512671 0.09027385 0.5199408 0.4536458 0.08687669 0.5274083 0.4474617 0.08678323 0.52509 0.4476221 0.07997536 0.5247854 0.4548572 0.08010971 0.5270949 0.451636 0.07862955 0.5198145 0.4616752 0.07813751 0.5228561 0.4402176 0.08176004 0.5158063 0.4388754 0.07866036 0.5185225 0.4390661 0.08975386 0.5183207 0.4402105 0.08751416 0.5156875 0.4390661 0.08975386 0.5183207 0.4390057 0.08689039 0.5218047 0.4390661 0.08975386 0.5183207 0.4389505 0.08033156 0.5217436 0.4388754 0.07866036 0.5185225 0.4390661 0.08975386 0.5183207 0.4584955 0.07361096 0.5539407 0.4666694 0.07872605 0.5564685 0.4566096 0.08106064 0.5532023 0.4673141 0.07741385 0.5570053 0.4494419 0.0772891 0.5641679 0.4491798 0.09029394 0.5613026 0.4331027 0.08996903 0.5667302 0.437859 0.09471035 0.5758128 0.4531589 0.09512788 0.5688231 0.4417473 0.09102952 0.5841599 0.4576946 0.09190994 0.5767585 0.4592368 0.08076524 0.5802291 0.4438887 0.07940483 0.5893858 0.4332479 0.0775752 0.567579 0.4503663 0.06089824 0.5664117 0.4341772 0.06046444 0.5729621 0.4393273 0.04234439 0.5679881 0.4489529 0.04290056 0.5653665 0.4606512 0.06366193 0.5841969 0.443883 0.06436628 0.5925469 0.458754 0.04404503 0.5849778 0.4408469 0.04473519 0.5925412 0.4547324 0.02564585 0.582373 0.4339675 0.02615922 0.5879466 0.4172312 0.04795593 0.6031633 0.4101252 0.0304476 0.5937256 0.4199662 0.06563299 0.6044583 0.3972754 0.0547887 0.6101386 0.4025539 0.04300016 0.6047425 0.3939406 0.04164487 0.5922993 0.396955 0.03350609 0.5849161 0.400852 0.06714391 0.6140211 0.3993495 0.0785641 0.6082869 0.42123 0.07809269 0.6019477 0.4238231 0.08881992 0.596063 0.4091793 0.08514475 0.6035637 0.4192646 0.09162878 0.5881532 0.4033541 0.08738565 0.596185 0.4009742 0.0836054 0.5858073 0.4153776 0.08709824 0.5780193 0.4139539 0.07723742 0.5747903 0.3978928 0.07721096 0.5809205 0.3937715 0.08225631 0.5973438 0.3896154 0.07682871 0.5874136 0.3962784 0.06638216 0.5795639 0.3870674 0.06624698 0.5837774 0.4142176 0.06418377 0.5763577 0.4287017 0.05495452 0.5729244 0.4323531 0.04518282 0.5700701 0.4188253 0.05042153 0.5694316 0.4149375 0.04068005 0.5616614 0.4309144 0.02850127 0.5642185 0.4155167 0.05877894 0.5739183 0.4090144 0.05017733 0.5700876 0.3954746 0.05917859 0.5781031 0.3868777 0.05411314 0.5870344 0.3890754 0.05033499 0.5831173 0.4036036 0.03284978 0.5639029 0.3989249 0.04588663 0.5746496 0.3939406 0.04164487 0.5922993 0.396955 0.03350609 0.5849161 0.4020713 0.02382051 0.5735739 0.3912943 0.04877167 0.5983888 0.4382033 0.02534222 0.5643799 0.4464803 0.02549791 0.5624644 0.4502223 0.0207023 0.5714626 0.462253 0.02240598 0.5658552 0.4583989 0.02705246 0.5582237 0.4595662 0.03682255 0.5576357 0.4597423 0.04648756 0.5571756 0.4600974 0.05709266 0.5565764 0.4413985 0.01962357 0.5754875 0.4308355 0.01949942 0.5787172 0.4679163 0.04225003 0.5615297 0.467655 0.04046076 0.5614189 0.4598729 0.06412768 0.5561419 0.4689188 0.06033045 0.5606321 0.4687967 0.05934202 0.5608196 0.473037 0.08189564 0.5641624 0.4673141 0.07741385 0.5570053 0.476181 0.07535761 0.5681528 0.4666694 0.07872605 0.5564685 0.4684473 0.08173376 0.5752902 0.4659338 0.09250074 0.5723364 0.4715431 0.09234452 0.5618476 0.4607335 0.09509658 0.5638641 0.4647779 0.09455132 0.5571957 0.4568653 0.09039616 0.5550059 0.4701798 0.06307971 0.5795218 0.4692171 0.04309928 0.5811635 0.4774477 0.04668354 0.572467 0.4779902 0.05729717 0.5713735 0.4743605 0.03694468 0.5732197 0.4661781 0.02695024 0.5791244 0.4720799 0.02729958 0.5724983 0.462253 0.02240598 0.5658552 0.4502223 0.0207023 0.5714626 0.4413985 0.01962357 0.5754875 0.4308355 0.01949942 0.5787172 0.4152144 0.01842099 0.579992 0.4020713 0.02382051 0.5735739 0.4679163 0.04225003 0.5615297 0.467655 0.04046076 0.5614189 0.3912943 0.04877167 0.5983888 0.3866492 0.04959201 0.6012852 0.3923943 0.05518734 0.6125963 0.3820076 0.05042111 0.6041743 0.3875147 0.05559021 0.6150634 0.3907666 0.06746482 0.6189743 0.3958107 0.0673058 0.6164977 0.3895965 0.07906967 0.6138024 0.394473 0.07881689 0.6110447 0.3847597 0.08351731 0.6027457 0.3892642 0.08288681 0.6000448 0.3797526 0.07856982 0.5923508 0.3846793 0.07770085 0.589876 0.3768101 0.06719505 0.5884541 0.3818985 0.0666998 0.5860615 0.3821488 0.05468726 0.5900335 0.3774974 0.05537432 0.5930693 0.3866492 0.04959201 0.6012852 0.3820076 0.05042111 0.6041743 0.4114167 0.02764195 0.5532811 0.4047342 0.01989543 0.5667087 0.4081232 0.01780617 0.5579853 0.4036036 0.03284978 0.5639029 0.4178785 0.01280677 0.5632175 0.416489 0.01472115 0.5717852 0.4152144 0.01842099 0.579992 0.4020713 0.02382051 0.5735739 0.4308355 0.01949942 0.5787172 0.4233611 0.01778846 0.5617112 0.4309144 0.02850127 0.5642185 0.4258207 0.02563887 0.5580816 0.4172072 0.03055363 0.553327 0.4149375 0.04068005 0.5616614 0.4036036 0.03284978 0.5639029 0.4114167 0.02764195 0.5532811 0.4271355 0.02077537 0.5424222 0.4261545 0.01387077 0.5414736 0.4213802 0.02508842 0.5392436 0.4161075 0.0224809 0.5375828 0.421503 0.009824275 0.5403868 0.4145101 0.01507306 0.5376523 0.4161075 0.0224809 0.5375828 0.427809 0.01943898 0.539268 0.4285294 0.01310467 0.5366817 0.4221531 0.02341151 0.5367261 0.4179461 0.02099591 0.5331994 0.4179461 0.02099591 0.5331994 0.4184931 0.01362472 0.5308107 0.4247152 0.008924067 0.5331985 0.4318786 0.0154457 0.5342302 0.4296021 0.02151578 0.5385497 0.4377827 0.03023999 0.5362485 0.4411303 0.02642101 0.5307955 0.4323207 0.03363323 0.5340651 0.4241155 0.0253669 0.5360388 0.4220055 0.0233134 0.5308511 0.431495 0.03293865 0.527995 0.439397 0.02385926 0.5260382 0.4303998 0.01348483 0.5294317 0.4340067 0.02748405 0.523824 0.4241631 0.01758503 0.5271024 0.4220055 0.0233134 0.5308511 0.431495 0.03293865 0.527995 0.4481045 0.03903263 0.5270558 0.4514341 0.03829294 0.5234078 0.4443234 0.04121005 0.5256433 0.4452298 0.04211801 0.5210061 0.4514341 0.03829294 0.5234078 0.4452298 0.04211801 0.5210061 0.4469016 0.03936386 0.5185959 0.4514341 0.03829294 0.5234078 0.4505069 0.03700512 0.5200514 0.4514341 0.03829294 0.5234078 0.4689188 0.06033045 0.5606321 0.4773598 0.06503087 0.5710214 0.4687967 0.05934202 0.5608196 0.4689188 0.06033045 0.5606321 0.4815149 0.06564146 0.5617029 0.4714722 0.06099504 0.557613 0.4773598 0.06503087 0.5710214 0.476181 0.07535761 0.5681528 0.4813359 0.07443737 0.5597972 0.4673141 0.07741385 0.5570053 0.4703559 0.07701629 0.5538442 0.4584955 0.07361096 0.5539407 0.470025 0.05994278 0.5270661 0.4770938 0.06497275 0.5262373 0.4754915 0.07278025 0.5252536 0.4673573 0.07506364 0.5254113 0.4592714 0.07137978 0.5256811 0.4592714 0.07137978 0.5256811 0.4681813 0.05979412 0.5225244 0.4763556 0.06436961 0.5200261 0.4745768 0.07257002 0.5192455 0.4652398 0.07512003 0.5208268 0.4583673 0.07093793 0.5228225 0.4718033 0.06424754 0.5138515 0.4651829 0.06000924 0.5176253 0.4532389 0.064058 0.508679 0.4491764 0.06110543 0.5130278 0.4701184 0.07175272 0.5134747 0.452389 0.0713725 0.508427 0.4622874 0.07467204 0.5163029 0.4470672 0.07398384 0.5123095 0.4557822 0.07063823 0.5211278 0.4431654 0.07063823 0.519151 0.4448007 0.06321358 0.5195614 0.4577087 0.06299144 0.5220828 0.4491764 0.06110543 0.5130278 0.4651829 0.06000924 0.5176253 0.4605603 0.06310683 0.5243004 0.4592714 0.07137978 0.5256811 0.461525 0.06332689 0.5276113 0.4584955 0.07361096 0.5539407 0.470025 0.05994278 0.5270661 0.4714722 0.06099504 0.557613 0.4598729 0.06412768 0.5561419 0.4681813 0.05979412 0.5225244 0.4292958 0.06386274 0.5157411 0.4288244 0.07099068 0.515594 0.4293138 0.06162244 0.5120148 0.4291042 0.0738691 0.5116114 0.4689188 0.06033045 0.5606321 0.4291042 0.0738691 0.5116114 0.4307183 0.07110363 0.5085768 0.4291042 0.0738691 0.5116114 0.4308428 0.06477642 0.5088229 0.4291042 0.0738691 0.5116114 0.4293138 0.06162244 0.5120148 0.08880019 -0.06675302 0.4958975 0.07265496 -0.07774549 0.5167635 0.07213622 -0.08020675 0.4755759 0.07265496 -0.07774549 0.5167635 0.07305997 -0.07526862 0.4756587 -0.07204449 -0.07774531 0.5167934 -0.07305997 -0.07526862 0.4756587 -0.07204449 -0.07774531 0.5167934 -0.08880019 -0.06675302 0.4958975 -0.07213622 -0.08020675 0.4755759 0.1711384 0.03026193 0.331444 0.1389936 0.02872258 0.3015004 0.1721523 0.02836471 0.3055959 0.1311151 0.03044366 0.329365 0.127315 -0.002607047 0.3674712 0.1311151 9.51647e-4 0.3267862 0.127315 0.02889007 0.370229 0.1259461 -0.008577048 0.4356857 0.1259461 0.02452754 0.4385827 0.1389936 0.02872258 0.3015004 0.1389936 0.003357231 0.2992822 0.1721523 0.002999365 0.3033778 0.1389936 -0.0220052 0.2970641 0.127315 -0.03410708 0.3647162 0.1259461 -0.0416789 0.4327916 0.1801729 -0.0405485 0.42159 0.1801729 -0.007446646 0.424487 0.1801729 0.02565801 0.4273812 0.1259461 0.02452754 0.4385827 0.1794373 0.02890998 0.3700018 0.1794373 -0.002587139 0.367244 0.1814197 0.03012841 0.3329607 0.1814197 6.36409e-4 0.3303818 0.1845524 0.0278989 0.310924 0.1845524 0.002533614 0.3087058 0.1794373 -0.03408718 0.364489 0.1845524 -0.02283167 0.3064877 0.1770374 -0.02275496 0.3056356 0.1770374 0.002607464 0.3078538 0.1814197 -0.02885276 0.3278 0.1770373 0.02797275 0.3100748 0.1389936 -0.0220052 0.2970641 0.1711384 -0.0287221 0.3262835 0.1721523 -0.02236586 0.3011596 0.1311151 -0.02854037 0.3242045 0.1311151 -0.02854037 0.3242045 0.1718939 -0.03410989 0.3647758 0.1801729 -0.0405485 0.42159 0.1259461 -0.0416789 0.4327916 0.1794373 -0.03408718 0.364489 0.1738763 -0.02887833 0.3280869 0.1814197 -0.02885276 0.3278 0.1770374 -0.02275496 0.3056356 0.1845524 -0.02283167 0.3064877 0.1389936 0.02872258 0.3015004 0.1721523 0.02836471 0.3055959 0.1389936 -0.0220052 0.2970641 0.1721523 -0.02236586 0.3011596 0.1801729 0.02565801 0.4273812 0.1259461 0.02452754 0.4385827 0.1718938 0.02888441 0.3702858 0.1794373 0.02890998 0.3700018 0.1311151 0.03044366 0.329365 0.1738762 0.03010284 0.3332475 0.1814197 0.03012841 0.3329607 0.1770373 0.02797275 0.3100748 0.1845524 0.0278989 0.310924 0.1721523 -0.02236586 0.3011596 0.1711384 7.69893e-4 0.3288623 0.1721523 0.002999365 0.3033778 0.1711384 -0.0287221 0.3262835 0.1718938 -0.002612709 0.3675308 0.1718939 -0.03410989 0.3647758 0.1721523 0.02836471 0.3055959 0.1711384 0.03026193 0.331444 0.1718938 0.02888441 0.3702858 0.1738762 0.03010284 0.3332475 0.1738762 6.13685e-4 0.3306658 0.1770373 0.02797275 0.3100748 0.1770374 0.002607464 0.3078538 0.1770374 -0.02275496 0.3056356 0.1738763 -0.02887833 0.3280869 0.03171867 0.06210261 0.4327718 0.02103972 0.0639317 0.4769786 -0.005410432 0.06442588 0.459398 0.04694181 0.0621168 0.4594464 0.04607278 0.05693358 0.4601082 0.02061659 0.05873137 0.4774103 0.08329564 0.05264496 0.4384294 0.07106316 0.05237799 0.4104028 0.08139842 0.04791897 0.4396364 0.06916594 0.047652 0.4116099 0.03084957 0.05691939 0.4334308 0.08139842 0.04791897 0.4396364 0.04607278 0.05693358 0.4601082 0.1011942 0.03735649 0.4000988 0.1098623 0.03791028 0.4286422 0.1070818 0.0337069 0.4301788 0.0984137 0.03315025 0.4016354 0.1070818 0.0337069 0.4301788 0.126568 0.01979303 0.4233624 0.1228276 0.01951473 0.3938874 0.1218847 0.01860302 0.4253732 0.1218847 0.01860302 0.4253732 0.1181442 0.01832187 0.3958982 0.1282182 -0.01254189 0.4224989 0.1244521 -0.0125845 0.3930324 0.121203 -0.04175561 0.3941912 0.1249151 -0.04219299 0.4236776 0.1011942 -0.0583449 0.4000987 0.1098624 -0.05890154 0.4286422 0.0832957 -0.07363623 0.4384294 0.07106316 -0.0733664 0.4104028 0.03260767 -0.08878844 0.4313971 0.04887312 -0.09027379 0.4577167 0.02338284 -0.09365075 0.4779386 -0.00178641 -0.09364503 0.4595828 0.04801827 -0.08509051 0.4583984 0.02289152 -0.08845043 0.4782794 0.03175276 -0.08360517 0.432076 -0.002277791 -0.08844476 0.4599208 0.02289152 -0.08845043 0.4782794 0.04801827 -0.08509051 0.4583984 0.08139848 -0.06891024 0.4396364 0.08139848 -0.06891024 0.4396364 0.069166 -0.06864041 0.41161 0.1070818 -0.0546953 0.4301787 0.09841376 -0.05414146 0.4016353 0.1070818 -0.0546953 0.4301787 0.1203482 -0.03975898 0.4256401 0.1203482 -0.03975898 0.4256401 0.116639 -0.0393216 0.3961566 0.1234183 -0.01220959 0.4245495 0.1234183 -0.01220959 0.4245495 0.1196523 -0.01224935 0.395083 -0.005833625 0.05922555 0.4598299 -0.002575993 0.05305677 0.4957208 0.02061659 0.05873137 0.4774103 -0.042355 0.05305677 0.4947465 -0.04237771 0.05827414 0.4945421 -0.002601563 0.05827414 0.4955163 -0.002575993 0.05305677 0.4957208 0.007926821 -0.09247207 0.4954168 -0.033508 -0.09247207 0.4961723 0.007969439 -0.0872547 0.4956185 -0.03346818 -0.08725476 0.4963739 0.007969439 -0.0872547 0.4956185 0.6072847 -0.0632295 0.5067247 0.6472744 -0.118245 0.4777697 0.6001214 -0.07027477 0.4926928 0.6645184 -0.1012874 0.5115498 0.678002 -0.06565374 0.5281147 0.6128863 -0.04842674 0.5136067 0.6147859 -0.03152155 0.5107087 0.6825755 -0.02495437 0.5211376 0.6122583 -0.01896882 0.4991371 0.6764916 0.005263328 0.4932838 0.6620742 0.01345765 0.4551919 0.6062694 -0.01556372 0.4833136 0.5941327 -0.06686973 0.4768694 0.6328571 -0.1100506 0.4396778 0.6267732 -0.07983291 0.4118239 0.591605 -0.05431699 0.4652977 0.6313467 -0.03913348 0.4048468 0.5935047 -0.0374118 0.4623997 0.5991063 -0.02260899 0.4692817 0.6448304 -0.003499865 0.4214118 0.6062694 -0.01556372 0.4833136 0.6620742 0.01345765 0.4551919 0.5647241 -0.0637601 0.5074918 0.6072847 -0.0632295 0.5067247 0.6001214 -0.07027477 0.4926928 0.5718873 -0.05671483 0.5215237 0.5774888 -0.04191207 0.5284058 0.6128863 -0.04842674 0.5136067 0.6147859 -0.03152155 0.5107087 0.5793886 -0.02500689 0.5255078 0.5768609 -0.01245409 0.5139361 0.6122583 -0.01896882 0.4991371 0.6062694 -0.01556372 0.4833136 0.5708721 -0.009049057 0.4981127 0.5941327 -0.06686973 0.4768694 0.5587353 -0.06035506 0.4916684 0.5562077 -0.04780232 0.4800968 0.591605 -0.05431699 0.4652977 0.5581073 -0.03089714 0.4771987 0.5935047 -0.0374118 0.4623997 0.563709 -0.01609432 0.4840807 0.5991063 -0.02260899 0.4692817 0.6062694 -0.01556372 0.4833136 0.5708721 -0.009049057 0.4981127 0.5718873 -0.05671483 0.5215237 0.5596783 -0.06823277 0.5102599 0.5682272 -0.05982542 0.5270067 0.5647241 -0.0637601 0.5074918 0.5774888 -0.04191207 0.5284058 0.5749123 -0.04215908 0.53522 0.5793886 -0.02500689 0.5255078 0.5771797 -0.02198189 0.531761 0.5768609 -0.01245409 0.5139361 0.5741634 -0.006998062 0.5179505 0.5708721 -0.009049057 0.4981127 0.5670159 -0.002935171 0.4990659 0.5587353 -0.06035506 0.4916684 0.5525308 -0.06416988 0.4913755 0.5495142 -0.04918885 0.4775654 0.5562077 -0.04780232 0.4800968 0.5517815 -0.02901166 0.4741064 0.5581073 -0.03089714 0.4771987 0.5584671 -0.01134252 0.4823193 0.563709 -0.01609432 0.4840807 0.5708721 -0.009049057 0.4981127 0.5670159 -0.002935171 0.4990659 0.55191 8.26246e-4 0.5267996 0.5547961 -0.01644241 0.5409461 0.5447857 0.005776524 0.5077967 0.5447857 0.005776524 0.5077967 0.5362137 -0.003518164 0.4911684 0.5293979 -0.02347213 0.4832915 0.5268182 -0.04642885 0.487227 0.5294563 -0.06365191 0.5014772 0.5110295 -0.00729978 0.5591115 0.50821 -0.03239053 0.5634129 0.4697562 -0.02531617 0.5794901 0.5010783 -0.05403 0.5558807 0.4626242 -0.04695844 0.5719584 0.4486329 -0.02025252 0.5822947 0.442705 -0.03824299 0.5760355 0.4539043 -0.05688768 0.5554725 0.4354574 -0.04649239 0.5623313 0.4509766 6.03528e-4 0.5787193 0.4725763 -2.19895e-4 0.5751878 0.4700068 0.01873981 0.5606957 0.4488412 0.01636224 0.5666745 0.4430419 0.02100318 0.5507606 0.46303 0.02432185 0.5415507 0.4296578 -0.04185426 0.5464178 0.4469279 -0.05130285 0.5363272 0.444358 -0.03234589 0.5218355 0.4275224 -0.0260955 0.5343731 0.429866 -0.005239427 0.5307978 0.4471781 -0.007249593 0.5175332 0.4357939 0.01275098 0.5370568 0.4543105 0.01439541 0.5250645 0.46303 0.02432185 0.5415507 0.4430419 0.02100318 0.5507606 0.4373422 -0.004393577 0.5713104 0.4361332 -0.01515269 0.5731549 0.4330748 -0.0244342 0.5699254 0.4293364 -0.02869039 0.5628572 0.4332489 0.006127178 0.5568884 0.4295105 0.001871049 0.5498202 0.4264524 -0.007407665 0.5465902 0.4252434 -0.01816678 0.5484347 0.4263452 -0.02629685 0.5546491 0.4362401 0.003733694 0.5650966 0.4330748 -0.0244342 0.5699254 0.4332489 0.006127178 0.5568884 0.4293364 -0.02869039 0.5628572 0.4263452 -0.02629685 0.5546491 0.4295105 0.001871049 0.5498202 0.4252434 -0.01816678 0.5484347 0.4264524 -0.007407665 0.5465902 0.4362401 0.003733694 0.5650966 0.4332489 0.006127178 0.5568884 0.5364304 -0.0685774 0.5205432 0.5451527 -0.05930745 0.5371084 0.5522164 -0.03939914 0.5448816 0.4923588 -0.06395643 0.5393943 0.485382 -0.0583744 0.5202495 0.4828118 -0.03942024 0.5057582 0.4856313 -0.01432949 0.5014569 0.4927634 0.007312715 0.5089887 0.5014826 0.01723635 0.5254755 0.5084597 0.01165711 0.5446199 0.5014826 0.01723635 0.5254755 0.578332 0.07959657 0.5052685 0.5561008 0.01378136 0.5318896 0.5639599 0.0837199 0.5199 0.5704728 0.009658098 0.5172581 0.5700119 0.006174504 0.4966354 0.577871 0.07611304 0.4846458 0.562845 0.07531011 0.4701126 0.5549859 0.00537157 0.4821022 0.5420574 0.07765769 0.4701806 0.5341983 0.007719218 0.4821702 0.5198262 0.01184248 0.4968019 0.5276853 0.08178102 0.4848122 0.5281463 0.08526456 0.5054349 0.5202872 0.01532608 0.5174245 0.5353132 0.01612901 0.5319578 0.5431723 0.08606755 0.5199682 0.5281463 0.08526456 0.5054349 0.5202872 0.01532608 0.5174245 0.577871 0.07611304 0.4846458 0.5431723 0.08606755 0.5199682 0.5281463 0.08526456 0.5054349 0.578332 0.07959657 0.5052685 0.562845 0.07531011 0.4701126 0.5276853 0.08178102 0.4848122 0.5639599 0.0837199 0.5199 0.5420574 0.07765769 0.4701806 0.5561008 0.01378136 0.5318896 0.5637969 0.009946048 0.5145617 0.5532139 0.01298236 0.5253363 0.5704728 0.009658098 0.5172581 0.5634579 0.007380723 0.4993755 0.5700119 0.006174504 0.4966354 0.5523927 0.006789565 0.4886738 0.5549859 0.00537157 0.4821022 0.5341983 0.007719218 0.4821702 0.5370851 0.008518218 0.4887235 0.5265021 0.01155459 0.4994983 0.5198262 0.01184248 0.4968019 0.5202872 0.01532608 0.5174245 0.5268412 0.01411986 0.5146844 0.5379064 0.01471102 0.525386 0.5353132 0.01612901 0.5319578 0.5637969 0.009946048 0.5145617 0.5510748 -0.006054043 0.5285997 0.5532139 0.01298236 0.5253363 0.5616577 -0.009090363 0.5178251 0.5613188 -0.01165568 0.5026389 0.5634579 0.007380723 0.4993755 0.5523927 0.006789565 0.4886738 0.5502536 -0.01224684 0.4919373 0.534946 -0.01051819 0.4919869 0.5370851 0.008518218 0.4887235 0.524363 -0.007481813 0.5027617 0.5265021 0.01155459 0.4994983 0.524702 -0.004916548 0.5179478 0.5268412 0.01411986 0.5146844 0.5379064 0.01471102 0.525386 0.5357671 -0.004325389 0.5286495 0.524702 -0.004916548 0.5179478 0.5268412 0.01411986 0.5146844 0.5156301 0.008195817 0.5271843 0.518316 0.02892923 0.5234731 0.5203757 0.008588969 0.5250458 0.5137087 0.0273264 0.5256981 0.5098822 0.03379839 0.5265947 0.5130384 0.03785777 0.5247093 0.4944237 0.04124677 0.5324963 0.4949802 0.04619926 0.5316473 0.4779517 0.03967499 0.5399443 0.4758172 0.04470813 0.5402709 0.4687875 0.03804469 0.5441801 0.4728578 0.03484475 0.5427772 0.4635754 0.02085173 0.5485725 0.4680446 0.01876258 0.5468584 0.5137087 0.0273264 0.5256981 0.5106461 0.006816327 0.5158703 0.5087246 0.02594691 0.5143842 0.5156301 0.008195817 0.5271843 0.5048981 0.0324189 0.5152807 0.5098822 0.03379839 0.5265947 0.4894396 0.03986728 0.5211824 0.4944237 0.04124677 0.5324963 0.4729676 0.0382955 0.5286303 0.4779517 0.03967499 0.5399443 0.4678737 0.03346526 0.5314632 0.4728578 0.03484475 0.5427772 0.4680446 0.01876258 0.5468584 0.4630606 0.01738309 0.5355444 0.5087246 0.02594691 0.5143842 0.5153917 0.007209479 0.5137318 0.5133319 0.02754974 0.5121591 0.5106461 0.006816327 0.5158703 0.5048981 0.0324189 0.5152807 0.5080543 0.03647828 0.5133953 0.4899961 0.04481977 0.5203334 0.4894396 0.03986728 0.5211824 0.4729676 0.0382955 0.5286303 0.4708331 0.04332864 0.5289569 0.4678737 0.03346526 0.5314632 0.4638035 0.03666514 0.5328661 0.4630606 0.01738309 0.5355444 0.4585912 0.01947224 0.5372585 0.518316 0.02892923 0.5234731 0.5153917 0.007209479 0.5137318 0.5203757 0.008588969 0.5250458 0.5133319 0.02754974 0.5121591 0.5080543 0.03647828 0.5133953 0.5130384 0.03785777 0.5247093 0.4949802 0.04619926 0.5316473 0.4899961 0.04481977 0.5203334 0.4708331 0.04332864 0.5289569 0.4758172 0.04470813 0.5402709 0.4638035 0.03666514 0.5328661 0.4687875 0.03804469 0.5441801 0.4585912 0.01947224 0.5372585 0.4635754 0.02085173 0.5485725 0.4818048 0.02634322 0.5367465 0.4921334 0.01703232 0.5340032 0.486126 0.01438403 0.5373129 0.4864146 0.02788048 0.5343098 0.4816781 0.03483372 0.5349988 0.4846553 0.03509396 0.5335807 0.4791 0.02559459 0.5306065 0.486126 0.01438403 0.5373129 0.4826827 0.01343101 0.5294964 0.4818048 0.02634322 0.5367465 0.4795321 0.0342397 0.5301272 0.4816781 0.03483372 0.5349988 0.4889382 0.01614797 0.5267499 0.4826827 0.01343101 0.5294964 0.483868 0.02717566 0.5285288 0.4864146 0.02788048 0.5343098 0.4921334 0.01703232 0.5340032 0.4825637 0.03451508 0.528833 0.4795321 0.0342397 0.5301272 0.4846553 0.03509396 0.5335807 0.4795321 0.0342397 0.5301272 0.4846553 0.03509396 0.5335807 0.4825637 0.03451508 0.528833 0.3925548 0.1112978 0.5439767 0.4416304 0.08473038 0.5265307 0.4391175 0.1027282 0.5245096 0.3917849 0.08515036 0.5489029 0.4458476 0.05739217 0.5294209 0.4040828 0.05124759 0.5493053 0.424564 0.02295434 0.5450411 0.4518548 0.03248304 0.5310795 0.4586665 0.01453578 0.5311571 0.4421883 0.006867349 0.5399225 0.3953095 0.1165724 0.5491026 0.3909507 0.1128016 0.5516292 0.4412341 0.1081202 0.5299022 0.40335 0.1187978 0.5673546 0.4492746 0.1103457 0.5481543 0.446026 0.1027954 0.5285841 0.446026 0.1027954 0.5285841 0.4483057 0.08537977 0.5302467 0.4558455 0.08746665 0.5473623 0.4539618 0.1049919 0.5465986 0.4522451 0.05862903 0.5326099 0.459175 0.06054711 0.5483409 0.4642585 0.03620004 0.5483269 0.4578703 0.03443187 0.5338254 0.4643996 0.01683306 0.5336195 0.4704055 0.01849538 0.5472531 0.4056841 0.1149317 0.5737804 0.3988842 0.1149974 0.5696385 0.4522468 0.1063621 0.5543133 0.4539618 0.1049919 0.5465986 0.4038945 0.0885021 0.5763922 0.4522468 0.1063621 0.5543133 0.4540792 0.08817595 0.5547897 0.4056841 0.1149317 0.5737804 0.4149635 0.05425918 0.5740049 0.4572654 0.06055241 0.5553396 0.4344911 0.02570199 0.5675759 0.4623486 0.03538751 0.5549008 0.4685117 0.01726073 0.553506 0.4516171 0.009477078 0.5613261 0.3972685 0.08786898 0.5727868 0.3988842 0.1149974 0.5696385 0.3909507 0.1128016 0.5516292 0.38997 0.08584892 0.5562188 0.4020992 0.05123245 0.5561361 0.4086399 0.05304282 0.5709838 0.4285393 0.0237708 0.5649747 0.4225904 0.02212423 0.5514703 0.4402695 0.005625784 0.5461186 0.445909 0.00718671 0.5589205 0.4558455 0.08746665 0.5473623 0.4539618 0.1049919 0.5465986 0.459175 0.06054711 0.5483409 0.4642585 0.03620004 0.5483269 0.4704055 0.01849538 0.5472531 0.6624196 -0.09086418 0.5019414 0.6472744 -0.118245 0.4777697 0.6645184 -0.1012874 0.5115498 0.6488518 -0.1042083 0.4753634 0.6730297 -0.06282728 0.5149775 0.678002 -0.06565374 0.5281147 0.6825755 -0.02495437 0.5211376 0.6766284 -0.03080308 0.5094875 0.6718407 -0.007025361 0.4875689 0.6764916 0.005263328 0.4932838 0.6604968 -5.79e-4 0.4575982 0.6620742 0.01345765 0.4551919 0.6448304 -0.003499865 0.4214118 0.6469283 -0.0139206 0.4310171 0.636319 -0.04195994 0.4179841 0.6313467 -0.03913348 0.4048468 0.6267732 -0.07983291 0.4118239 0.6327204 -0.07398414 0.423474 0.6375073 -0.09775942 0.4453897 0.6328571 -0.1100506 0.4396778 0.6056866 -0.05529606 0.4994102 0.6488518 -0.1042083 0.4753634 0.6624196 -0.09086418 0.5019414 0.6013224 -0.05958795 0.4908607 0.6730297 -0.06282728 0.5149775 0.6091006 -0.04627466 0.5036046 0.6102584 -0.03597187 0.5018383 0.6766284 -0.03080308 0.5094875 0.6718407 -0.007025361 0.4875689 0.6087175 -0.02832454 0.4947864 0.6604968 -5.79e-4 0.4575982 0.6050686 -0.02625054 0.4851456 0.6469283 -0.0139206 0.4310171 0.6007031 -0.03054273 0.4765936 0.5972906 -0.03956103 0.4724014 0.636319 -0.04195994 0.4179841 0.5961329 -0.04986387 0.4741676 0.6327204 -0.07398414 0.423474 0.5976723 -0.0575143 0.4812174 0.6375073 -0.09775942 0.4453897 0.5972906 -0.03956103 0.4724014 0.6050686 -0.02625054 0.4851456 0.6007031 -0.03054273 0.4765936 0.6056866 -0.05529606 0.4994102 0.6087175 -0.02832454 0.4947864 0.6102584 -0.03597187 0.5018383 0.6091006 -0.04627466 0.5036046 0.5976723 -0.0575143 0.4812174 0.6013224 -0.05958795 0.4908607 0.5961329 -0.04986387 0.4741676</float_array>
          <technique_common>
            <accessor source="#Mesh-mesh-positions-array" count="3130" stride="3">
              <param name="X" type="float"/>
              <param name="Y" type="float"/>
              <param name="Z" type="float"/>
            </accessor>
          </technique_common>
        </source>
        <source id="Mesh-mesh-normals">
          <float_array id="Mesh-mesh-normals-array" count="9444">0.1047009 0.9374875 -0.3318961 0.1134197 0.9740523 -0.1958523 0 0.9524101 -0.3048198 0 0.9832445 -0.1822919 0 0.9470486 -0.3210906 0.08254551 0.9379363 -0.3368411 0 0.989737 -0.1429013 0.05486369 0.9851468 -0.1627138 1.79364e-7 0.9956148 0.09354782 0.03564977 0.9914054 0.1258753 0 0.9275348 0.3737369 0.119402 0.887575 0.4449198 0 0.9788592 0.2045353 0.2304791 0.9389417 0.2554757 0.3335326 0.8799586 -0.3382738 0.3633828 0.909242 -0.2030569 0.7331351 0.5865552 -0.3441889 0.7626433 0.6230474 -0.1737446 0.9876624 0.05576115 -0.1463338 0.9918532 0.08563548 -0.09430712 0.9061252 -0.4229847 0.004591286 0.9113456 -0.4102458 -0.03387814 0.7305566 -0.6794472 0.06810718 0.727329 -0.6859902 0.02024722 0.6693999 0.6124219 -0.4205273 0.2699545 0.8872177 -0.3741249 0.4731019 0.7785641 -0.4123256 0.2278802 0.9430279 -0.2424231 0.2793933 0.9362035 -0.2132198 0.1577938 0.9865038 0.04371839 0.878504 0.01514154 -0.4774951 0.9605153 0.05644804 -0.2724409 0.8128406 -0.5725829 -0.1069536 0.9039467 -0.4276441 -9.31838e-4 0.1737112 0.8244611 0.5385984 0.5715865 0.7396491 0.3552577 0.6954718 -0.6830587 0.2230467 0.7330607 -0.665143 0.1421507 0.723398 0.6857817 -0.07999229 0.2366894 0.9618318 -0.1373238 0 0.9902189 -0.1395233 0.9767774 0.205172 0.06172913 0.9510302 0.199888 -0.2357678 0.7936483 -0.4882534 0.3629477 0.9037876 -0.4184572 -0.08978664 0.5799767 -0.6953136 0.4244598 0.748176 -0.6046851 0.2731091 0 0.9873715 -0.1584222 0.2753909 0.9484365 -0.1569334 0.7118817 0.6623184 -0.2335784 0.7794171 0.325646 -0.535223 0.9199082 -0.3440411 -0.1881611 0.7847818 -0.07847124 -0.6147844 0.8133952 -0.2915155 -0.5033955 0.5780134 -0.7122137 0.3983117 0.5255047 -0.7583944 0.3855943 0.5834838 -0.7950275 0.1657651 0.4442791 -0.8417664 0.3066686 0.5071856 -0.8338543 0.2178297 0.6050812 -0.7912644 0.08819067 0.6191212 -0.7852309 0.01008003 0.7202107 -0.6931998 0.02776026 0.5852578 -0.8107047 0.01521223 0.9180697 -0.396402 -0.003699541 0.9927741 0.1008668 -0.06500494 0.7523018 0.6503049 -0.1055726 0.3789194 0.9174147 -0.121533 0.1332706 0.9861162 -0.09906446 -0.003052055 0.9968295 -0.07951021 -0.1170403 0.9739456 -0.1942461 -0.1093837 0.9366199 -0.332834 -0.08319753 0.9376484 -0.3374816 -0.05486369 0.9851469 -0.1627138 -0.03564983 0.9914054 0.1258755 -0.1194021 0.8875751 0.44492 -0.230479 0.9389417 0.2554758 -0.3088735 0.891071 -0.3325502 -0.3521935 0.9143377 -0.1998655 -0.7109881 0.6060586 -0.3566356 -0.7608404 0.6205733 -0.1897646 -0.9847909 0.04700326 -0.1672649 -0.9903903 0.1011347 -0.09433388 -0.9089717 -0.4168571 -7.79854e-4 -0.9161204 -0.3994429 -0.03418779 -0.72347 -0.6872597 0.06530934 -0.7291203 -0.6841574 0.01767551 -0.6686435 0.6184227 -0.4128792 -0.2712583 0.8839573 -0.3808392 -0.4730947 0.7785698 -0.4123237 -0.2278804 0.9430279 -0.2424229 -0.2793928 0.9362037 -0.2132189 -0.1577943 0.9865038 0.04371815 -0.8785 0.01515686 -0.4775019 -0.9619107 0.05396813 -0.2679842 -0.8064732 -0.5815588 -0.1067259 -0.902552 -0.4305447 0.00559014 -0.1737114 0.824461 0.5385986 -0.5715865 0.7396491 0.3552578 -0.6441239 -0.7202863 0.2574727 -0.7233192 -0.6675614 0.1765534 -0.723398 0.6857818 -0.07999229 -0.2366893 0.9618318 -0.1373239 -0.9767774 0.2051718 0.06172925 -0.9440898 0.211791 -0.2526637 -0.7936476 -0.4882537 0.3629488 -0.918731 -0.3740733 -0.1265015 -0.5799944 -0.7177962 0.3851951 -0.5675372 -0.8100841 0.1471917 -0.7107064 -0.6544074 0.2581619 -0.5832281 -0.7468706 0.3194203 -0.2753909 0.9484365 -0.1569336 -0.7015193 0.6702783 -0.24207 -0.745081 0.3399323 -0.573847 -0.8966706 -0.3250636 -0.3005253 -0.782087 0.00387156 -0.6231573 -0.7795622 -0.1271899 -0.6132745 -0.6456351 -0.7344496 0.2091394 -0.6226158 -0.7795301 0.06842941 -0.6241437 -0.7810838 0.01878559 -0.7208221 -0.6926887 0.02445369 -0.6042565 -0.7967758 -0.004760801 -0.9170483 -0.3987173 -0.00685656 -0.9934076 0.1058928 -0.04391151 -0.7558833 0.6488897 -0.08707839 -0.3825621 0.9168304 -0.1143167 -0.1325809 0.9856612 -0.104376 -0.7599993 0.649248 0.02963453 -0.38683 0.9218942 0.02176314 -0.4111682 0.9057703 0.102573 -0.784288 0.6115538 0.1043758 -0.9878231 0.1154289 0.104315 -0.9739503 0.1121681 0.1970764 -0.9052808 -0.3982794 0.1477844 -0.8862663 -0.4124451 0.2107632 -0.6830548 -0.7190644 0.1279944 -0.648056 -0.7478178 0.1441945 -0.1464408 0.9870176 0.06596648 -0.1483417 0.9889282 0.003973245 -0.003035843 0.9999348 0.01100772 0 0.9981148 0.06137573 0.1464409 0.9870176 0.06596654 0.1490693 0.9888258 -0.001379609 0.3877733 0.9215797 0.01796525 0.411168 0.9057703 0.1025729 0.7618597 0.6470328 0.03030723 0.7842879 0.6115539 0.1043757 0.9877787 0.1184225 0.1013384 0.972916 0.1193302 0.197977 0.9069798 -0.3936671 0.1497128 0.8865113 -0.4079707 0.2183064 0.6841665 -0.7196608 0.118341 0.6441398 -0.7508416 0.1460176 0.5465654 -0.8324706 0.09088033 0.521861 -0.8448631 0.1177608 0.1981878 -0.9702317 0.1391842 0.2393726 -0.9707278 0.01970672 0.3182877 -0.9422228 0.1044464 0.3901543 -0.9206359 -0.01446777 0.001612484 -0.9887324 0.1496853 6.37412e-4 -0.9577507 0.287599 0.19174 -0.9428251 0.2726107 0 -0.9222241 0.3866559 0.1836081 -0.902698 0.3891329 0 -0.9994222 0.03399139 0.2349642 -0.9094796 0.342985 0 -0.9474803 0.3198143 0.2414283 -0.9687278 -0.05726206 -0.003050804 -0.9974154 -0.07178628 0.3912448 -0.9196105 -0.03527498 0.3014168 -0.917952 0.2578993 0.2894725 -0.8749583 0.3881415 0.3085055 -0.8376969 0.4506531 0.4184882 -0.8267619 0.3759421 0.280575 -0.8116614 0.5123314 -0.2585148 -0.9560621 0.1382586 -0.2551165 -0.9664098 0.03110998 -0.4066692 -0.9129694 0.03327453 -0.399966 -0.9088987 0.1180274 -0.22312 -0.9372409 0.2679495 -0.2242074 -0.8945574 0.3866502 -0.3604604 -0.8507823 0.3824104 -0.2442223 -0.9102486 0.3343697 -0.4431248 -0.8311823 0.3358219 -0.3440032 -0.9052667 0.2493071 -0.3822447 -0.9227142 -0.04987722 -0.2490578 -0.9660459 -0.06874412 -0.2634074 -0.9542603 0.141435 0 -0.9945683 0.1040863 -0.5414534 -0.8181921 0.1933651 -0.7141944 -0.6330026 0.2987208 -0.6011191 -0.7991591 -7.72748e-4 -0.8344077 -0.5193554 0.1844827 -0.9754782 -0.05321997 0.2135651 -0.2844011 -0.9541182 -0.09367257 0 -0.9914358 -0.1305952 -0.9761548 0.03177589 0.2147375 -0.8534495 0.3958522 0.3390059 -0.8570349 -0.5134745 -0.04283905 -0.607445 -0.7880791 -0.09970897 -0.317785 -0.9204882 -0.2274076 0 -0.9755215 -0.219904 0.284401 -0.9541182 -0.09367257 0.2634081 -0.9542602 0.1414349 0.541453 -0.8181921 0.1933658 0.7141941 -0.6330029 0.2987208 0.6011201 -0.7991584 -7.72986e-4 0.8344079 -0.5193551 0.1844827 0.9754784 -0.05321896 0.2135643 0.9761549 0.03177654 0.2147368 0.8534499 0.3958524 0.339005 0.8570353 -0.5134738 -0.04283887 0.607445 -0.7880791 -0.09970897 0.317785 -0.9204882 -0.2274076 -0.3050464 -0.7951622 0.524084 -0.3741028 -0.8470621 0.3775356 -0.4610744 -0.7647742 -0.4500346 -0.4322707 -0.7506763 -0.4996272 -0.5956789 -0.7821341 -0.1828473 -0.5667711 -0.772041 -0.2876169 -0.4322088 -0.750661 -0.4997037 -0.4610534 -0.764748 -0.4501006 -0.4322254 -0.7506409 -0.4997193 -0.5667645 -0.7720491 -0.2876079 -0.3741682 -0.8470761 0.3774393 -0.3050706 -0.7951693 0.5240589 0.07597362 -0.4119372 0.9080396 0.07352858 -0.415768 0.9064936 0.1233678 -0.3343014 0.934357 0.13204 -0.3199676 0.9381824 0.2406054 -0.1029899 0.9651436 0.2365124 -0.0621013 0.9696419 0.178664 0.2083686 0.9615933 0.1997458 0.2024576 0.9587036 0 0.0173096 0.9998502 0 -0.005023479 0.9999874 -0.1997458 0.2024574 0.9587036 -0.178664 0.2083685 0.9615933 -0.2324565 -0.05458194 0.9710741 -0.237351 -0.0955851 0.96671 -0.1314015 -0.3176479 0.9390599 -0.1231538 -0.3340824 0.9344636 -0.0796445 -0.4105048 0.9083736 -0.07206845 -0.4128713 0.9079337 0.3299594 -0.8157018 0.4751396 0.2576352 -0.7456903 0.6144673 0.4150373 -0.7625916 -0.4961837 0.3299679 -0.8156734 0.4751822 0.4739587 -0.7960086 -0.3764749 0.2575784 -0.7456718 0.6145137 0.6335369 -0.773238 -0.02709293 0.4150273 -0.7625529 -0.4962514 0.5497174 -0.7882512 -0.2765335 0.4739469 -0.7959901 -0.3765292 0.6971732 -0.6592112 0.2817627 0.6335591 -0.7732186 -0.02712923 0.6991209 -0.6639772 0.2652626 0.6844042 -0.7000059 0.2039185 0.67232 -0.7083662 0.2149495 0.8023552 -0.5886306 0.09869223 0.8034967 -0.5858621 0.1056357 0.6844592 -0.69995 0.2039254 0.8023838 -0.5885974 0.09865844 0.7234742 -0.6898707 0.02576071 0.7215002 -0.6915826 0.03392708 0.8034604 -0.5859178 0.1056016 0.7234223 -0.689924 0.02579081 0.7698658 -0.6371629 0.03647303 0.7725192 -0.634142 0.03283774 0.8171588 -0.5749586 0.04091644 0.5496671 -0.7882816 -0.2765476 0.6991441 -0.6639254 0.2653313 0.6335867 -0.7731959 -0.02713018 0.8171656 -0.5749492 0.0409137 0.8206397 -0.5699468 0.04136586 0.8258047 -0.5628994 0.03450912 0.769905 -0.637115 0.03648215 0.8265827 -0.5617486 0.03463596 0.8258342 -0.5628561 0.03451365 0.820726 -0.5698294 0.04127144 -0.8203631 -0.5704956 0.03923439 -0.8258047 -0.5628994 0.03450947 -0.8211974 -0.5693295 0.03871452 -0.8267728 -0.5604341 0.04858452 -0.8284856 -0.5579584 0.04789614 -0.8325618 -0.5538637 0.008709788 -0.8191249 -0.573548 -0.008792817 -0.6090162 -0.7882711 -0.0879085 -0.8265827 -0.5617486 0.03463596 -0.8212184 -0.5693002 0.03869926 -0.8258341 -0.562856 0.03451365 -0.7336279 -0.679215 0.02138411 -0.6089606 -0.7883152 -0.08789926 -0.7229659 -0.6885731 -0.05645847 -0.5844479 -0.806409 -0.09014064 -0.8191224 -0.5735517 -0.008775115 -0.7057451 -0.6526502 0.2756294 -0.6960678 -0.6437288 0.3179669 -0.3807598 -0.350967 0.855479 -0.4224125 -0.3909191 0.8177713 -0.4940743 -0.4361381 0.7521132 -0.4886775 -0.420599 0.7643892 -0.5667979 -0.7720251 -0.2876067 -0.5956905 -0.7821342 -0.1828091 -0.4940614 -0.4361632 0.7521071 -0.5667906 -0.7720322 -0.2876018 -0.6760004 -0.5629386 -0.4755246 -0.7363457 -0.4695634 -0.4871398 -0.4185972 -0.8068653 -0.4168269 -0.4159079 -0.8163859 -0.4006678 -0.1232013 -0.917607 -0.377914 -0.1140576 -0.9176063 -0.3807752 0 -0.9264672 -0.3763755 0 -0.9310178 -0.3649739 -0.869848 -0.1492458 -0.4702022 -0.8843188 0.03679352 -0.4654315 -0.885041 0.3385362 -0.3195241 -0.7419087 0.6299759 -0.2295688 -0.6356235 0.7622764 -0.1221374 -0.5285351 0.839511 -0.1259838 -0.5204513 0.8450427 -0.1226109 -0.5334932 0.8376599 -0.117094 0.1140576 -0.9176063 -0.3807752 0.1232013 -0.917607 -0.377914 0.4159079 -0.816386 -0.4006679 0.4185973 -0.8068654 -0.416827 0.7363458 -0.4695635 -0.4871397 0.6760002 -0.5629388 -0.4755246 0.8733381 -0.1377732 -0.4672251 0.8875553 0.04138982 -0.4588382 0.8849558 0.3475688 -0.3099183 0.7437482 0.6299147 -0.2237101 0.6409589 0.7581952 -0.1196315 0.5257595 0.8416943 -0.1229951 0.5200811 0.845992 -0.1175294 0.5334906 0.8376614 -0.1170956 -0.8982318 0.04864895 0.4368216 -0.9205967 0.3904563 0.006774604 -0.9342011 0.3051887 0.184738 -0.8203843 0.2724572 0.5027295 -0.7410832 -0.05369359 0.669263 -0.6156706 -0.4853286 0.6208107 -0.5728176 -0.3892571 0.7213592 -0.3641241 -0.6354436 0.6809002 -0.3061493 -0.6636185 0.6825563 -0.1926758 -0.7391663 0.6453753 -0.1962658 -0.7539858 0.6268854 0 -0.8160361 0.5780009 0 -0.8274857 0.5614868 0.1962658 -0.7539858 0.6268854 0.1926758 -0.7391662 0.6453754 0.3061493 -0.6636186 0.6825563 0.3552999 -0.6392344 0.6820127 0.5948696 -0.4972457 0.631567 0.5438607 -0.395605 0.7400758 0.7335527 -0.126634 0.6677307 0.871295 -0.04493135 0.4886986 0.7875147 0.1099279 0.6064128 0.9113668 0.2935348 0.2885271 0.8877063 0.4572637 -0.05373674 0.006645739 0.0816434 -0.9966395 0.006679832 0.08163535 -0.9966399 0.006671965 0.08165353 -0.9966384 0.00581479 0.07853722 -0.9968943 0.02247083 0.1054223 -0.9941737 0.02248549 0.1054258 -0.9941729 0.02249675 0.105443 -0.9941709 0.04910641 0.1298925 -0.9903114 -0.005865573 0.07855588 -0.9968925 -0.006689786 0.08166235 -0.9966376 -0.02242898 0.105399 -0.9941771 -0.04910838 0.129902 -0.9903101 -0.04908585 0.1298785 -0.9903142 -0.04910641 0.1298954 -0.990311 0.1335781 0.06274831 -0.9890499 0.1335819 0.06274652 -0.9890495 0.1335575 0.06274408 -0.989053 0.1086102 0.05619919 -0.9924947 0.08316147 -0.02001839 -0.9963351 0.1375735 -0.04076784 -0.9896522 0.1336551 0.04121971 -0.9901703 0.1336426 0.04122185 -0.9901719 0.1336625 0.04122984 -0.990169 0.1157547 0.05086749 -0.9919745 0.1512119 0.05891799 -0.9867441 0.1496457 0.06050962 -0.9868864 0.1336603 0.04122501 -0.9901695 0.337129 -0.8961808 0.2884514 0.2524905 -0.8933656 0.3716809 0.2235368 -0.8760019 0.4273781 -0.2522003 0.6531764 0.7139717 0.3078052 0.7702608 0.5585287 -0.2436253 0.9697908 0.01235586 0.1654531 0.9856979 0.0320155 -0.3802745 0.6642756 0.6435288 -0.2677422 0.9622204 -0.04945623 0.2924284 0.3424651 0.8928624 -0.4615373 0.01106792 0.8870519 -0.2983429 -0.02871578 0.9540267 -0.4993023 -0.632492 0.5921581 -0.3302875 -0.6554837 0.6791549 -0.4307495 -0.9019079 0.03189492 -0.3251728 -0.9436776 0.06111782 0.233006 -0.1806086 0.9555569 0.2451274 -0.7170988 0.6524431 -0.5871291 -0.6303918 0.5078245 -0.6682251 1.01037e-4 0.7439591 -0.9610257 0.05388176 0.2711576 -0.8693 -0.4766167 0.1309736 -0.7236214 -0.6524103 -0.2252395 -0.4743762 -0.8796262 -0.03500449 -0.532341 0.6314412 0.5638219 -0.8284026 0.530216 0.1806108 -0.3023635 0.9512516 -0.0608009 -0.5435708 0.813396 -0.2071665 0.1059699 -0.9618228 0.252324 -0.1076834 0.8685398 -0.4837797 -0.1470372 0.873052 -0.4649304 0.2432578 0.9388008 -0.243883 -0.01652413 0.9123318 -0.4091182 -0.4080305 0.8372726 -0.3639861 -0.9192374 0.3192257 -0.2304288 -0.408021 0.8373099 -0.3639109 -0.9593383 0.05162805 -0.2774972 -0.9188328 -0.1311061 -0.3722333 -0.5974983 -0.6921002 -0.4049606 -0.5974859 -0.6921358 -0.404918 -0.3557416 -0.8641218 -0.3560079 -0.3270881 -0.8866815 -0.326817 -0.2931059 -0.9113451 -0.2890316 0.02880692 -0.9982303 0.05202382 0.02877265 -0.998232 0.05201297 0.6979784 -0.54995 0.4586735 0.6740717 -0.2766652 0.6848969 0.7005368 0.2079561 0.6826437 0.7272924 0.5971211 0.3383669 0.2432417 0.938809 -0.243867 -0.2793809 0.9362054 -0.2132273 -0.4730808 0.778559 -0.41236 -0.2214706 0.9152656 -0.336511 -0.3198915 0.6496955 -0.6896124 -0.8785151 0.01513922 -0.4774748 -0.6103432 0.03233021 -0.7914771 -0.3937576 0.02383124 -0.9189054 -0.1393053 0.640408 -0.7552958 0.01332134 0.03151106 -0.9994146 0.04068261 0.6492631 -0.7594751 0.3642942 0.5685549 -0.7375874 0.3649418 0.002829074 -0.9310261 0.09352648 0.9954289 -0.01934421 0.08582442 0.9677113 -0.2370002 -0.1590953 0.7000905 0.6961049 -0.1686224 0.669974 0.7229809 -0.3498883 -0.0491963 0.9354988 -0.3054181 -0.1994796 0.9310896 -0.364967 -0.7550061 0.5447613 -0.3078671 -0.7254961 0.6155269 -0.2892215 -0.4794521 0.8285388 -0.1608647 -0.9861423 -0.0405718 -0.2872169 -0.93353 -0.2145422 0.1309535 -0.7026917 -0.6993394 -0.1483635 -0.7010634 -0.6974944 0.01331394 0.03142189 -0.9994176 0.3649092 0.002762377 -0.931039 -0.422195 -0.6514047 -0.6304153 -0.3978141 -0.8511054 -0.3425837 -0.3937443 0.02379912 -0.9189118 -0.3885098 -0.4754397 0.7893145 0.4287522 -0.04119348 -0.9024825 -0.2953205 -0.7132208 0.6356902 -0.01958811 -0.9995896 -0.02090251 -0.1914187 -0.978895 -0.07157838 -0.4463347 -0.6963831 0.561993 -0.4484136 -0.1319051 0.8840397 -0.5676354 -0.01061308 0.8232117 0.04932874 -0.7068105 -0.705681 0.2270525 -0.6979786 -0.6791708 0.3832669 -0.03507727 -0.9229714 0.1444868 -0.02233242 -0.9892547 -0.5448198 -0.3721922 0.7514283 -0.6535717 -0.6509183 0.3861988 -0.7801318 -0.01512831 0.6254323 -0.3846505 -0.9057055 -0.1781613 -0.12889 -0.6532074 -0.7461283 -0.0291174 -0.02100026 -0.9993554 -0.4797554 0.6807062 0.5536009 -0.6768311 0.6282144 0.3837269 -0.2378 0.9668305 -0.09322035 -0.4123682 0.890438 -0.1925425 -0.1457362 0.624776 -0.7670828 0.03123348 0.6724473 -0.7394857 -0.02907598 -0.02090471 -0.9993586 0.1444759 -0.02226859 -0.9892578 -0.01448124 0.9929855 -0.1173469 0.1385265 0.5316417 -0.8355641 -0.2598406 0.7063562 0.6584404 0.3832314 -0.03499799 -0.9229891 0.1754997 0.2751228 -0.9452552 0.4287686 -0.04111754 -0.9024782 0.4357128 0.2320439 -0.8696609 0.534333 0.2605252 -0.8041236 -0.8064516 -0.5815806 -0.1067698 -0.6465876 -0.590769 -0.4826143 -0.8784767 0.01509761 -0.4775467 -0.6103454 0.03228378 -0.7914773 -0.4478189 -0.8782091 -0.1679496 -0.5675036 -0.8101189 0.1471296 -0.2686035 -0.4524946 0.8503534 -0.1030686 -0.3215114 0.9412797 -0.2527834 -0.4554194 0.8536356 -0.09131217 -0.334076 0.9381126 -0.09476017 -0.2379169 0.966652 -0.1944858 -0.5241731 0.8291067 -0.1802271 -0.5258628 0.831256 -0.06122469 -0.5057037 0.860532 -0.04977488 -0.5060881 0.8610444 0 -0.5453253 0.8382244 0 -0.5512737 0.8343246 0.04977488 -0.5060881 0.8610444 0.06122469 -0.5057038 0.860532 0.1802271 -0.5258628 0.831256 0.1944858 -0.5241731 0.8291067 0.2686035 -0.4524946 0.8503534 0.2527834 -0.4554195 0.8536356 0.1030648 -0.3215114 0.9412801 0.09130901 -0.334076 0.938113 0.0947529 -0.2379169 0.9666527 -0.5584146 -0.8234358 0.1006317 -0.5241098 -0.8434806 0.1176836 -0.6030389 0.7002704 -0.3820545 -0.1154702 0.9891176 -0.09117597 -0.2982609 0.5338324 -0.7912417 0.07855093 0.664135 -0.7434746 -0.3948722 0.6961139 0.5995845 -0.8735974 0.4348732 0.2184333 -0.833652 -0.04656499 0.5503236 -0.5490245 -0.02786809 0.8353415 0.01431161 0.9998058 -0.0135585 0.3355387 0.7156504 -0.6125834 0.4646722 0.6651336 -0.5845316 0.1552758 0.9874387 0.02922856 -0.1623446 0.6944943 0.7009436 -0.2918906 0.7117258 0.6389416 -0.3235442 -0.0243926 0.9458986 -0.448252 -0.02960473 0.893417 0.7589301 0.5375161 -0.3675617 0.7008964 0.6927287 0.1699157 0.4405639 0.4229061 0.7918673 0.127487 -0.06611537 0.9896343 0.5409674 0.3936927 -0.7432096 0.7652516 0.3536055 -0.5379156 0.4199757 0.3998185 -0.8147183 0.1308661 0.3857722 -0.9132655 -0.2483076 0.317046 -0.915328 -0.4264038 -0.3996911 0.8114351 -0.5497404 -0.392898 0.7371681 -0.799063 -0.3424431 0.4941975 0.7802498 -0.10124 0.6172201 0.1201466 -0.346476 0.9303329 -0.248382 0.3170318 -0.9153127 -0.738064 0.126972 -0.6626761 -0.9792948 -0.1131874 -0.1678404 -0.7990837 -0.3424524 0.4941576 -0.2838017 -0.3976445 0.8725454 0.1201211 -0.3464686 0.930339 0.9816527 0.1220493 0.1464993 0.7652738 0.3536127 -0.5378794 -0.02627944 0.9019157 -0.4311119 -0.2184806 -0.7165669 0.6624184 -0.3743112 0.005951941 0.9272841 -0.2296451 -0.6893855 0.6870304 -0.3748874 0.01320475 0.9269763 0.02863061 -0.9988535 0.03836828 0.04358351 -0.9990442 -0.003356039 0.2493763 -0.7224431 -0.6448935 0.2540912 -0.7048637 -0.6622725 0.2992588 -0.009323775 -0.9541264 0.2997758 -0.01667177 -0.953864 -0.327717 0.701624 0.6327127 -0.3220316 0.722319 0.6120057 -0.1151567 0.9928693 -0.03081303 -0.1002039 0.992322 -0.07249939 0.145141 0.7069658 -0.6921947 0.1548786 0.6830835 -0.7137295 0.2992684 -0.00926578 -0.954124 0.2998125 -0.01659792 -0.9538537 -0.9317736 -0.2993987 -0.2053253 -0.9877059 -0.09274721 -0.1258381 -0.7936761 -0.5753297 0.1976715 -0.9218872 -0.06301033 0.3823004 -0.8321832 -0.4038459 -0.3799732 -0.5258754 -0.8209356 -0.2225304 -0.7231614 -0.3398206 -0.6012983 -0.2578623 -0.6215744 -0.7396975 -0.7066913 -0.08856606 -0.7019569 -0.2420722 -0.03487598 -0.9696312 -0.9691352 0.14247 -0.2011946 -0.8623728 0.4787565 0.1646372 -0.8833059 0.2234752 -0.4121038 -0.6604406 0.6757082 -0.3274703 -0.7741459 0.157691 -0.6130511 -0.4098467 0.4795907 -0.7758986 -0.7067034 -0.08849608 -0.7019535 -0.242088 -0.03488278 -0.969627 -0.1086102 0.0562002 -0.9924945 -0.1086196 0.05620354 -0.9924934 -0.108603 0.05620032 -0.9924953 -0.1335662 0.06274831 -0.9890515 -0.1360033 0.004684269 -0.9906973 -0.1359888 0.004692077 -0.9906994 -0.1360094 0.004682242 -0.9906966 -0.1008288 0.01828551 -0.9947358 -0.1168192 0.02428197 -0.9928564 -0.1167772 0.02433186 -0.9928601 -0.135644 0.043204 -0.9898152 -0.1311609 0.04777085 -0.9902095 -0.116811 0.02427369 -0.9928575 0.9974689 0.0260185 0.06617265 0.9997934 0.008019685 0.01867645 0.8001775 -0.5992159 -0.02562022 0.8011205 -0.5983539 -0.01336383 0.423803 -0.8927873 -0.152715 0.4229599 -0.902736 -0.07856619 0.534597 -0.8428946 -0.06111299 0.198264 -0.9682272 -0.1524059 0.16131 -0.9227337 -0.3500596 0.8794417 0.471136 0.06792086 0.8410564 0.5368177 0.06671702 0.4366767 0.8987318 0.03993362 0.4196702 0.9066339 -0.04349529 0.128624 0.9916934 -3.75984e-5 0.1147464 0.9892446 -0.09071004 -0.003250122 -0.9843777 -0.1760397 1.30122e-7 -0.9237692 -0.3829498 -2.47947e-6 0.9999278 -0.01202088 1.74865e-5 0.9946796 -0.1030164 0.4199102 -0.8481959 -0.3228613 0.7952812 -0.5971322 -0.1046954 0.3458103 -0.8576219 -0.3806574 0.7873079 -0.6008619 -0.1382436 0.9964364 -4.64588e-4 0.084347 0.9982889 0.01589024 0.05627447 0.1966248 -0.6466854 -0.7369781 -0.05422139 -0.5770662 -0.8148956 0.8519986 0.5228741 -0.02647936 0.8133711 0.5777533 -0.06803447 0.3781627 0.8656849 -0.3279978 0.2743657 0.8761553 -0.3963273 0.007534921 0.4992355 -0.8664337 -0.4366046 0.5133336 -0.7388269 -0.06212759 -0.09635889 -0.9934058 -0.6506978 -0.1228383 -0.7493351 0.07830834 0.8676133 -0.4910349 -0.01490896 0.4085346 -0.9126211 3.4064e-5 0.8603166 -0.5097601 -1.05053e-5 0.4136157 -0.9104515 0.0526939 -0.02716505 -0.9982412 9.51579e-7 -0.02177822 -0.9997629 0.05362546 -0.5957235 -0.8013975 -6.50736e-7 -0.6141054 -0.7892242 -0.06210017 -0.09644526 -0.9933992 0.05269336 -0.02724516 -0.998239 1.2501e-5 -0.02190989 -0.99976 -0.6506879 -0.1228603 -0.7493402 -0.05362606 -0.5957233 -0.8013976 -0.1613097 -0.9227337 -0.3500598 -0.2012665 -0.9692684 -0.1414588 -0.4238017 -0.8927878 -0.1527159 -0.4109384 -0.9092791 -0.06588894 -0.5345939 -0.8428966 -0.06111317 -0.8011146 -0.5983619 -0.0133652 -0.8001776 -0.5992159 -0.02562016 -0.9997934 0.008019804 0.01867622 -0.997469 0.02601867 0.06617206 -0.8794418 0.471136 0.06792074 -0.8410563 0.5368177 0.06671702 -0.4366768 0.8987318 0.03993386 -0.4196701 0.9066341 -0.04349523 -0.128624 0.9916934 -3.75167e-5 -0.1147462 0.9892446 -0.0907101 -4.57391e-5 0.9999278 -0.012021 -1.74344e-5 0.9946797 -0.1030169 -0.7952811 -0.5971321 -0.1046957 -0.9964364 -4.64801e-4 0.08434641 -0.7873098 -0.6008603 -0.1382402 -0.998291 0.01591867 0.05622905 -0.3458144 -0.8576221 -0.3806532 -0.4199101 -0.8481959 -0.3228611 -0.1966258 -0.6466853 -0.7369779 0.0542339 -0.5770541 -0.8149033 -0.8519986 0.522874 -0.02647936 -0.8133658 0.5777606 -0.06803673 -0.3781625 0.8656852 -0.3279978 -0.2743408 0.8761567 -0.3963417 -0.007535338 0.4992356 -0.8664335 0.4366155 0.51332 -0.7388299 0.06208848 -0.09635245 -0.9934089 0.6506922 -0.1228514 -0.7493379 -0.07830816 0.8676133 -0.4910346 0.01490974 0.4085346 -0.9126211 -3.39597e-5 0.8603164 -0.5097604 1.17868e-5 0.4136158 -0.9104515 -0.05267107 -0.02716481 -0.9982424 1.08569e-6 -0.02177816 -0.9997629 -0.05268824 -0.02724528 -0.9982393 0.06209456 -0.09644484 -0.9933996 0.6507153 -0.122837 -0.7493202 -0.9909428 0.02922838 0.1310653 -0.7931764 -0.6082381 -0.03029268 -0.9982889 0.01588129 0.05627816 -0.7872937 -0.6008844 -0.1382262 -0.1326401 -0.9587397 -0.2514457 -0.3457582 -0.8576585 -0.3806223 0.05427372 -0.5770935 -0.8148728 0.5822099 -0.6864247 -0.4357212 0.6507034 -0.1228422 -0.7493296 0.9708369 -0.1168698 -0.2093261 -0.8133574 0.5777755 -0.06800836 -0.7511495 0.649884 0.1158678 -0.2743282 0.8761835 -0.3962911 0.03963935 0.9990594 -0.01758515 0.4365968 0.5133684 -0.7388073 0.8112782 0.5761329 -0.09949147 0.9708455 -0.116771 -0.2093407 0.6506727 -0.1229037 -0.7493462 -0.07278347 -0.9878454 -0.1373469 -0.8244713 -0.5645329 0.03936856 -0.9348404 0.2530056 0.2491219 0.6998579 -0.695302 -0.163567 0.9972983 -0.06542295 -0.03340905 0.9973037 -0.06535238 -0.03338289 0.8381612 0.5423148 0.05814117 0.987474 0.1576089 -0.007383048 0.79614 0.6047908 0.01973116 0.1200726 0.978641 0.166867 0.1233813 0.9805033 0.152939 -0.5329841 0.8236758 0.1936134 -0.5911224 0.7728307 0.2308837 -0.7748977 0.585688 0.2377043 -0.5886585 0.7798143 0.2130045 0.1872249 0.9439378 0.2718979 -0.7726873 0.6239572 0.1167562 -0.9299513 0.3665578 -0.02874529 0.9703027 0.2261901 -0.08573627 -0.5352334 0.8056655 0.2538276 0.232599 0.9324216 0.276564 0.8697187 0.4861737 0.08499765 0.2977015 0.9537115 0.0425238 0.9000174 0.4357333 -0.01025742 0.9740099 -0.2023316 -0.1018179 0.956299 -0.2884315 -0.04795205 0.9460042 0.3226299 -0.03140097 0.9046205 -0.4211282 -0.06567329 0.9077073 -0.4157379 -0.05682879 0.9318383 0.3628512 -0.004065752 0.3609479 0.9323678 0.02017956 0.3699219 0.9272671 0.05773675 -0.4006869 0.9116356 0.09149068 -0.4571617 0.8846973 0.09118139 -0.9266152 0.3600559 0.10837 -0.9354007 0.3277465 0.1326939 -0.9263011 -0.2638996 0.2689299 -0.913292 -0.37933 0.1483455 -0.3722927 -0.8528106 0.3662137 -0.352596 -0.9285653 0.1159432 0.4603095 -0.8736941 0.1573974 0.420452 -0.9072965 -0.005778133 0.9076741 -0.415813 -0.05680984 0.9045873 -0.4212005 -0.06566584 -0.9587012 0.2651017 0.1030204 -0.885973 -0.4555208 0.08690541 -0.2740114 -0.9617031 0.006707191 -0.8444786 -0.5273513 -0.09357678 -0.2158011 -0.9502044 -0.2248148 0.5090368 -0.8586583 -0.0598973 0.9562764 -0.288504 -0.0479685 0.5840147 -0.7984942 -0.1460615 0.973982 -0.2024426 -0.1018633 0.4283739 -0.7942206 0.4309402 -0.3822004 -0.6920434 0.6123716 0.9263826 -0.3758904 -0.02284401 0.4728441 -0.6632964 0.5800488 -0.278971 -0.5309089 0.8001943 0.8533221 -0.5148182 0.08248549 0.9515673 -0.2733172 -0.1407747 -0.765372 -0.137693 0.6286864 -0.6062905 -0.03993839 0.7942398 -0.8478811 0.370879 0.3788754 -0.9104453 0.3247123 0.2562249 -0.614237 0.3819743 -0.6905133 -0.7776982 0.6173375 -0.1186594 -0.6536546 0.3628022 -0.6641614 -0.8441132 0.3576177 0.3994777 -0.6788886 0.2256549 -0.6987061 -0.8916861 0.2170637 0.3972144 -0.249943 -0.4171432 0.8737964 -0.8555275 -0.235225 0.4612396 -0.8828233 0.4645255 0.06956458 -0.3881419 0.9208976 -0.03596544 0.3790027 0.9240748 -0.0494247 0.9307807 0.3561032 -0.0826925 0.9264009 -0.3758438 -0.02286833 0.932599 0.3020737 -0.1975108 0.9515954 -0.2732146 -0.1407839 0.3787046 0.9020668 -0.207023 -0.3948923 0.8993241 -0.1878204 0.6563928 0.2148687 -0.7231736 0.6413956 -0.1804867 -0.7456784 0.2634659 0.6225573 -0.7368909 -0.2754446 0.6270427 -0.7286617 -0.4750612 0.4288663 -0.7683688 -0.5455493 -0.5321046 0.6474881 -0.7778443 0.03418302 0.6275268 -0.735848 -0.664735 0.1290553 -0.9432645 0.1761984 0.2814362 -0.04136437 -0.9991415 -0.002307474 0.01056396 -0.8140374 0.5807164 0.6011973 -0.6269315 0.4954985 0.6152887 -0.7880893 -0.01830703 0.918206 -0.157871 0.3632829 0.9879255 -0.1545811 0.01038807 -0.981226 0.1920292 0.01789975 -0.7594412 -0.6331869 -0.1494104 -0.06179529 -0.9687513 -0.2402136 0.5969673 -0.7605067 -0.2554596 0.9754477 -0.1325022 -0.1759119 -0.6675897 -0.3164776 -0.6739184 -0.8666645 0.1892378 -0.4616077 0.4939998 -0.4955874 -0.714393 -0.08768224 -0.6647843 -0.7418718 0.8207037 -0.06375139 -0.5677863 -0.857266 0.5137407 0.03414344 -0.8230577 0.4993197 0.2706581 -0.6913757 0.2926518 0.6605713 -0.8715876 0.3617308 -0.3308864 -0.3824893 0.09516704 -0.9190458 -0.871603 0.361714 -0.3308646 -0.0557841 -0.1464707 -0.9876409 0.3164907 -0.05083888 -0.9472323 0.867371 0.06965333 -0.4927638 -0.2626769 -0.1262577 0.9565876 -0.6913688 0.2926263 0.6605899 0.1294658 -0.3447326 0.9297301 0.5917308 -0.1877039 0.7839782 0.9569727 0.04844087 0.2861063 0.9844817 0.1720294 0.03466707 0.9807903 0.1517373 -0.1225816 0.8673908 0.06967532 -0.492726 0.9569736 0.04842829 0.2861054 -0.4844299 0.8701367 0.09049713 -0.9699533 0.2367757 0.05592697 -0.8400602 -0.491306 -0.2300379 -0.180971 -0.9108659 -0.3709081 0.6912788 -0.6933106 -0.2036028 0.9865906 2.949e-4 -0.1632148 0.8604093 -0.4102555 0.3023018 0.7047203 -0.2234584 -0.6733765 0.9092894 -0.3728613 0.184844 0.6021292 -0.2354812 -0.7628821 0.6178641 -0.3426451 -0.7076993 0.7844172 -0.5336853 0.316022 0.435113 -0.5242393 0.7320177 0.3076031 -0.4724774 0.8259211 -0.2050879 -0.3447653 0.9160109 -0.5148371 -0.0315665 0.8567067 0.5144298 -0.4819397 -0.7092928 0.6724736 -0.6732655 0.307397 0.0759496 -0.8586803 -0.5068529 0.1525479 -0.9107072 0.3838512 -0.6742715 -0.5390249 -0.5047874 -0.76087 -0.5085291 0.4030818 -0.9332941 0.05176842 0.3553622 -0.7096195 0.05906778 -0.7021049 -0.5179128 -0.04204052 0.8543999 -0.5261973 -0.2710623 0.8060036 -0.1295948 -0.2015072 0.9708759 0.3077097 -0.4548775 0.835704 0.1011752 -0.5780037 0.8097379 -0.5032156 -0.04242044 0.8631191 -0.1782636 -0.3199653 0.9305076 0.312402 -0.4242327 0.8499598 0.6564153 0.2149121 -0.7231402 0.6414484 -0.180495 -0.7456309 -0.2754507 0.6270729 -0.7286333 -0.4750951 0.4289072 -0.768325 0.2634425 0.6225965 -0.7368662 0.6021992 -0.2354748 -0.7628288 -0.6142815 0.3820192 -0.6904488 -0.6536626 0.3629021 -0.6640989 0.7048011 -0.2234706 -0.6732877 -0.6789278 0.2257077 -0.6986509 0.6179204 -0.3426907 -0.7076281 -0.7096528 0.05915212 -0.7020641 0.5144076 -0.4820314 -0.7092465 -0.6742905 -0.5390238 -0.504763 0.07590252 -0.8587173 -0.5067975 0.9865846 3.50222e-4 -0.1632506 0.8220545 0.5686015 0.03031247 0.6413934 -0.1805427 -0.7456668 0.3454957 0.9352859 0.07663607 2.64794e-5 0.9910468 0.133515 0.3071204 0.9512892 0.02694755 2.73287e-5 0.9991307 0.04168963 0.6967957 0.7065743 -0.123404 0.7864547 0.6140365 -0.06669425 4.68344e-5 0.9792139 0.2028306 0.3991768 0.9071336 0.133291 0.8587674 0.510414 0.04467844 0.8854439 0.3945584 -0.2455869 0.9955886 0.002472162 -0.0937938 0.9436116 -0.04565745 -0.327891 0.8638742 -0.4783129 -0.157918 0.8277679 -0.3612126 -0.4293317 0.5799755 -0.7546184 -0.3068869 0.5882773 -0.5242182 -0.6157314 0.2665843 -0.8864132 -0.3784238 0.2746801 -0.609535 -0.7436518 0 -0.6322277 -0.7747827 0 -0.9232769 -0.3841353 0.2409424 -0.2618122 -0.9345594 0 -0.2685228 -0.9632734 0.260475 -0.07986342 -0.9621718 0 -0.01832133 -0.9998322 0.3398529 -0.07481408 -0.9374982 0 -0.03873568 -0.9992495 0.4330253 -0.3647421 -0.8242889 0 -0.3604427 -0.9327815 0.4048955 -0.8838948 -0.234072 0.6132664 -0.7874171 -0.06227993 0.6772726 -0.3641203 -0.6393108 0.6779342 -0.7297714 0.08853816 0.7800239 -0.4271787 -0.4572541 0.6361438 -0.7362841 0.2306659 0.8059707 -0.5048812 -0.309041 0 -0.9388786 -0.3442487 0.703922 -0.2147767 -0.6770265 0.7364684 -0.1629924 -0.6565423 0.7637056 -0.4310873 -0.4805389 0.5205387 -0.8505589 0.07476067 0.8060416 -0.5225093 -0.2779945 0.2930706 -0.9559314 0.0174601 0.7124921 -0.2088788 -0.6698692 0.549825 -0.1907512 -0.8132076 0.8906612 -0.1702696 -0.4215814 0.9633671 -0.2091776 0.1678352 0.8649097 -0.4990123 0.05401951 0.8001258 -0.3366293 0.4964671 0.819441 -0.5458886 0.1747063 0.9150171 0.2618818 -0.306858 0.9381207 0.1624916 0.3058203 0.7803869 -0.05146247 0.6231756 0.7218896 0.02245372 -0.691644 0.7008994 -0.1115121 -0.7044893 0.6841472 -0.09683239 -0.7228874 0.4777007 -0.1498574 -0.8656471 0.8099293 -0.05124104 -0.584285 0.7576392 0.437073 -0.4847164 0.7515625 -0.1994987 -0.6287719 0.517438 -0.2515257 -0.8179198 0.8477964 0.3756363 -0.3743509 0.6476485 0.7572482 -0.08442109 0.6031742 0.7961378 0.04843437 0.7530586 0.6372237 -0.1638562 0.5567178 0.6998028 0.447595 0.7821623 0.5040125 0.3663247 0.5241344 0.4582723 0.7178229 0.7343519 0.1724204 0.6565048 0.3008465 0.7972982 0.5232658 0.3151566 0.9332742 0.1722658 1.61529e-5 0.8357611 0.5490933 9.40263e-6 0.9833985 0.181459 0.2979782 0.9539912 0.03331536 2.3447e-5 0.9991456 0.0413295 4.04539e-5 0.5924519 0.8056058 0.2316116 0.5754491 0.7843561 0.2937276 0.9558784 -0.004532456 2.02134e-5 0.9998446 0.01763701 0.6564037 0.7463245 -0.1101551 0.5884917 -0.2567169 -0.7666642 0.4391531 -0.5615658 -0.7012763 0.8139678 -0.5602402 0.1535823 0.8194059 -0.5459331 0.1747316 0.8434748 -0.5314705 0.07803475 0.6366323 -0.08466112 -0.7665062 0.7803654 -0.6252183 -0.01148694 0.5671234 -0.1289995 -0.813468 0.6681891 -0.6805817 -0.3005529 0.3850292 -0.08147037 -0.9193015 0.2833134 -0.116838 -0.9518837 0.4507541 -0.7866771 -0.421853 -3.13967e-5 -0.2304853 -0.9730759 3.51433e-7 -0.9053552 -0.4246552 0.6848464 -0.6579422 0.3132054 0.7462441 -0.5519585 0.3721042 0.6202704 -0.7681675 0.1586934 0 -0.9908568 0.1349176 0.3886305 -0.9141572 0.115252 0 -0.876062 0.4821984 0.3011868 -0.8377511 0.4554774 0.5233197 -0.5498954 0.6509622 0.5351344 -0.6599841 0.5273066 0.4093437 -0.4761838 0.7782588 0.3173965 -0.679703 0.661259 0.4999572 -0.7719283 0.3926444 0 -0.7210859 0.6928458 0.2659808 -0.4621801 0.8459573 0 -0.4994891 0.8663203 0.5539314 -0.3264724 0.7658825 0.7556686 -0.5046394 0.4174976 0.8001114 -0.3366373 0.4964847 0.5888112 -0.4020693 0.7011717 0.30229 -0.1076714 0.9471154 0.2810688 0.124018 0.9516407 0.4423435 -0.1675916 0.881048 0.3931308 -0.2989898 0.8695133 0.4415079 -0.3501018 0.8261353 0.1398017 -0.325019 0.9353172 0.405485 -0.3437564 0.8470028 -0.01528507 -0.470637 0.8821946 0.3786954 -0.3672842 0.8495247 0.03438037 -0.6059718 0.7947428 0.3822085 -0.3478776 0.8560945 0.2049245 -0.646453 0.7349179 0.3677278 -0.2904919 0.8833973 0.2327543 -0.7947328 0.560558 0.3952198 0.1475148 0.9066646 0.4032874 -0.1538417 0.9020488 0.4838563 -0.07974725 0.8715065 0.5637874 0.2014777 0.8009685 0.6044129 -0.05235022 0.7949495 0.7675396 0.172693 0.6173008 0.5344588 -0.2055402 0.8198214 0.7991514 -0.05325949 0.5987659 0.4654522 -0.2729634 0.8419296 0.7629271 -0.2563266 0.5934973 0.3742755 -0.2965279 0.8786291 0.6263057 -0.4257398 0.6530596 0.389754 -0.273732 0.8792967 0.6076545 -0.6085848 0.5102751 0.3994771 -0.2800309 0.8729265 0.4578305 -0.7558223 0.4681068 0.3144816 0.3374316 0.8872662 0.1549469 0.3299447 0.9311971 0.5321564 0.1713498 0.8291254 0.6782926 -0.01810282 0.7345688 0.71783 -0.1582174 0.6780025 -6.9666e-7 0.009729564 0.9999527 -1.21851e-6 0.3601208 0.9329057 -5.72763e-6 0.592406 0.8056396 0.2316067 0.5753887 0.7844018 0.5241436 0.4582359 0.7178394 0.7343342 0.1723812 0.656535 0.7803587 -0.05150568 0.6232075 0.7066013 -0.3580307 0.6103513 -0.1549487 0.3299447 0.9311969 -0.2316216 0.5753859 0.7843995 -0.3897538 -0.2737318 0.8792968 -0.399479 -0.2800312 0.8729257 -0.6076543 -0.6085847 0.5102754 -0.6263058 -0.4257397 0.6530596 -0.3742762 -0.2965279 0.8786288 -0.4578306 -0.7558226 0.4681061 -0.7629273 -0.2563263 0.5934972 -0.4654533 -0.2729631 0.841929 -0.7991519 -0.05325931 0.5987651 -0.5344591 -0.2055404 0.8198212 -0.7675384 0.1726924 0.6173025 -0.604412 -0.05235058 0.7949501 -0.5637869 0.2014786 0.8009687 -0.4838564 -0.07974666 0.8715064 -0.3952198 0.1475155 0.9066645 -0.4032869 -0.1538414 0.9020491 -0.4423429 -0.1675922 0.8810481 -0.2810688 0.1240173 0.9516407 -0.5539317 -0.3264727 0.7658822 -0.3022893 -0.1076723 0.9471156 -0.5888132 -0.4020692 0.7011701 -0.3931308 -0.2989897 0.8695134 -0.4414959 -0.350105 0.8261404 -0.1397651 -0.3250215 0.9353218 -0.4054831 -0.3437595 0.8470023 0.01528298 -0.4706397 0.8821932 -0.3787045 -0.367283 0.8495211 -0.03439587 -0.6059759 0.794739 -0.382203 -0.3478785 0.8560966 -0.2049071 -0.646455 0.7349211 -0.3677279 -0.2904916 0.8833974 -0.2327541 -0.7947328 0.560558 -0.3144824 0.3374316 0.887266 -0.5321583 0.1713508 0.8291239 -0.6782916 -0.01809895 0.7345699 -0.7178297 -0.1582176 0.6780028 -0.524124 0.4582417 0.7178501 -0.7343332 0.1723793 0.6565365 -0.7803564 -0.05150002 0.6232107 -0.8001124 -0.3366383 0.4964824 -0.706601 -0.3580327 0.6103504 -0.7556686 -0.5046391 0.4174976 -0.8139688 -0.5602387 0.1535821 -0.8434736 -0.5314727 0.07803463 -0.5885099 -0.256688 -0.76666 -0.4391601 -0.5615555 -0.7012802 -0.8194042 -0.5459364 0.1747295 -0.6366701 -0.0846042 -0.7664812 -0.7803652 -0.6252185 -0.01148766 -0.5671249 -0.1289964 -0.8134675 -0.6681915 -0.6805797 -0.3005518 -0.3850338 -0.08146923 -0.9192997 -0.2833287 -0.1168303 -0.9518801 -0.4507542 -0.7866768 -0.4218534 -0.6848461 -0.6579423 0.3132057 -0.7462441 -0.5519584 0.3721044 -0.6202703 -0.7681674 0.1586934 -0.3886304 -0.9141572 0.1152523 -0.3011868 -0.8377511 0.4554774 -0.523319 -0.5498955 0.6509625 -0.5351344 -0.6599839 0.5273068 -0.4093437 -0.4761839 0.7782588 -0.3173964 -0.6797031 0.6612589 -0.4999566 -0.7719286 0.3926447 -0.2659806 -0.4621803 0.8459573 0 -0.3263355 0.945254 -1.03331e-6 -0.2112226 0.9774381 -0.4542863 -0.883516 -0.1141211 0.3384281 -0.8779792 -0.3385545 -0.3290172 -0.3762474 -0.8661326 0.4391188 -0.5616051 -0.7012664 -0.2317674 -0.873716 0.4276733 -0.5941914 -0.795806 0.1167451 -0.5664595 -0.559605 0.6049513 0.366557 -0.809108 0.4593257 -0.1976268 -0.5790017 0.7910125 -0.220558 -0.5347478 0.8157199 -0.16637 -0.5402146 0.8249178 -0.1258299 -0.5203908 0.8446066 -0.07684773 -0.4954857 0.86521 0 -0.5495672 0.8354496 -0.71437 -0.1533533 0.6827579 -0.7497991 -0.2512633 0.6121014 -0.7826251 -0.4602422 0.4191364 -0.4625903 -0.6216581 -0.6321009 -0.3672685 0.3493466 0.8620157 -0.5862612 0.1590973 0.7943462 -0.6826819 0.01478338 0.7305662 -0.7380807 -0.002699196 0.674707 0 0.3205586 0.9472288 0.07684725 -0.4954861 0.8652099 -0.4048954 -0.8838948 -0.2340721 0.1258299 -0.5203902 0.844607 -0.6132664 -0.7874171 -0.0622791 -0.4330253 -0.364742 -0.8242891 -0.6772726 -0.3641206 -0.6393107 -0.6779341 -0.7297716 0.08853781 -0.7800238 -0.4271786 -0.4572543 -0.6361426 -0.736285 0.2306665 -0.8059694 -0.5048831 -0.3090414 -0.3398528 -0.07481396 -0.9374982 -0.260475 -0.07986336 -0.9621719 -0.2409424 -0.2618122 -0.9345593 -0.7039219 -0.2147765 -0.6770266 -0.736468 -0.1629927 -0.6565426 -0.7637057 -0.4310871 -0.4805389 -0.5205392 -0.8505585 0.07476055 -0.8060411 -0.5225102 -0.2779943 -0.2930706 -0.9559314 0.01746028 -0.7124925 -0.2088783 -0.669869 -0.8906615 -0.1702696 -0.4215809 -0.9633672 -0.2091773 0.1678349 -0.8649095 -0.4990125 0.05402076 -0.8001225 -0.3366238 0.4964761 -0.8194387 -0.5458934 0.1747021 -0.9150173 0.2618812 -0.3068575 -0.9381206 0.1624907 0.3058212 -0.780382 -0.0514549 0.6231825 -0.7218896 0.02245408 -0.6916438 -0.7008997 -0.1115117 -0.7044891 -0.6841468 -0.09683245 -0.7228878 -0.8099294 -0.0512408 -0.5842849 -0.7576386 0.4370737 -0.4847171 -0.7515617 -0.1994989 -0.6287729 -0.5174382 -0.2515256 -0.8179198 -0.4777012 -0.1498572 -0.8656469 -0.5498249 -0.1907511 -0.8132076 -0.2746801 -0.609535 -0.7436518 -0.2665844 -0.8864132 -0.3784237 -0.5882778 -0.5242181 -0.6157311 -0.5799755 -0.7546184 -0.3068869 -0.8277675 -0.361213 -0.4293323 -0.8638744 -0.4783127 -0.1579181 -0.9436117 -0.04565739 -0.3278908 -0.9955886 0.002472162 -0.09379386 -0.8854437 0.3945587 -0.2455869 -0.7864546 0.6140368 -0.06669431 -0.8587674 0.510414 0.04467839 -0.3991768 0.9071338 0.133291 -0.3454957 0.9352859 0.07663607 -0.6967953 0.7065747 -0.1234041 -0.3071204 0.9512891 0.02694755 -2.64868e-5 0.9910467 0.1335155 -2.73362e-5 0.9991305 0.04169279 -4.6841e-5 0.9792132 0.2028343 -0.9915707 -0.1244397 0.03609114 -0.8236081 -0.5670105 -0.01299345 -0.5080379 -0.8473275 -0.154705 -0.2455628 -0.9565652 -0.1571053 0 -0.9897741 -0.1426448 -0.2937276 0.9558784 -0.004532456 -0.6564037 0.7463245 -0.1101551 -0.2979782 0.9539912 0.03331536 -2.3447e-5 0.9991457 0.04132872 -9.40263e-6 0.9833986 0.1814585 -0.3151566 0.9332742 0.1722658 -1.61231e-5 0.8357723 0.5490762 -0.3008463 0.7972981 0.5232658 -4.35859e-5 0.5924493 0.8056078 -0.2316233 0.5754469 0.7843543 -0.6031745 0.7961374 0.04843431 -0.5567175 0.699803 0.4475952 -0.7530575 0.6372249 -0.1638565 -0.7821618 0.5040127 0.3663254 -0.524129 0.4582743 0.7178257 -0.7343549 0.1724174 0.6565022 -0.6476489 0.7572478 -0.08442097 -0.8477961 0.3756369 -0.3743513 -0.09298807 0.5078861 -0.8563907 -0.09082645 0.5536642 -0.8277721 0 0.5148035 -0.8573083 0 0.5902048 -0.8072536 0 0.4459553 -0.8950552 -0.07113468 0.4674116 -0.8811733 0 0.366738 -0.9303243 -0.04907625 0.3976613 -0.9162189 3.63389e-7 0.1839359 -0.9829383 -0.0393849 0.152952 -0.9874485 8.78473e-7 -0.2944256 -0.9556745 -0.007523 -0.4911286 -0.8710547 0.03982746 -0.9615324 -0.2717893 6.06717e-7 -0.9054439 -0.4244661 0.05938184 -0.922589 0.3811869 4.00127e-7 -0.9486241 0.3164055 0.04199755 -0.7371348 0.6744395 4.86563e-7 -0.7887601 0.6147012 0.01466506 -0.6889978 0.7246152 0 -0.6774995 0.7355232 0.00741142 -0.6286226 0.7776752 0 -0.6373106 0.7706071 -0.005835175 -0.608143 0.7938061 0 -0.6177987 0.7863364 -0.0404129 -0.5902943 0.806176 0 -0.6323957 0.7746456 -0.03982627 -0.9615327 -0.271788 0.007525026 -0.4911293 -0.8710542 0.03938639 0.1529519 -0.9874485 0.04907691 0.3976612 -0.9162189 0.07113474 0.4674118 -0.8811733 0.09298813 0.5078864 -0.8563905 0.09082639 0.553664 -0.8277723 0.04041296 -0.5902954 0.8061751 0.005835175 -0.6081432 0.793806 -0.00741142 -0.6286227 0.7776751 -0.01466506 -0.6889979 0.724615 -0.04199802 -0.7371348 0.6744394 -0.0593822 -0.9225889 0.3811869 -0.3290005 -0.3762276 -0.8661475 -0.08658218 0.216438 -0.9724496 -0.4625808 -0.6216676 -0.6320984 0.5885726 -0.2567354 -0.7665959 0.6366909 -0.0847187 -0.7664512 -0.04907953 0.3976613 -0.9162188 0.5671842 -0.1290308 -0.8134207 0.004249811 0.4223074 -0.9064427 0.3850069 -0.08152973 -0.9193056 -0.002071619 0.420217 -0.9074213 -0.005857288 0.4379053 -0.8990021 0.2833677 -0.1169054 -0.9518592 0 0.4247714 -0.9053006 4.31091e-5 -0.2305099 -0.97307 0.4391615 -0.5616095 -0.701236 -0.283388 -0.1168951 -0.9518545 0.005857288 0.4379051 -0.8990021 -0.3850634 -0.0814895 -0.9192854 0.002071559 0.4202163 -0.9074216 -0.004255294 0.4223027 -0.9064449 -0.5672088 -0.1290135 -0.8134062 0.04906928 0.3976608 -0.9162195 -0.6367443 -0.08465278 -0.7664142 0.08657556 0.2164382 -0.9724501 -0.5885597 -0.256761 -0.7665972 0.329023 -0.3762109 -0.8661463 0.4626055 -0.6216812 -0.6320672 -0.4392215 -0.5615633 -0.7012354 0.3949422 0.08696806 0.9145804 0.3798198 -0.308227 0.8722001 0.6370263 -0.01620882 0.7706716 0.7074943 -0.2809057 0.6484936 0.5724964 -0.5461993 0.6114853 0.3046068 -0.6546477 0.6918462 0.06113135 -0.5504238 0.8326444 -0.008038997 -0.286818 0.9579514 0.1256045 -0.02036887 0.9918713 0.5903804 0.4123511 0.6938426 0.349547 0.4589912 0.8167888 0.8402045 -0.4679477 0.2740096 0.9193277 -0.211575 0.3317719 0.9026535 0.04487556 0.4280222 0.7893693 0.2730419 0.5498585 -0.05694824 -0.8453111 0.5312308 0.1849223 -0.892777 0.4107956 0.4378174 -0.8412037 0.3173207 0.6716232 -0.6940266 0.259325 -0.3069179 0.03500169 0.9510922 -0.384896 -0.2222152 0.89581 -0.3692988 -0.4776875 0.7971406 -0.2613558 -0.701591 0.6629204 0.2516821 0.7540828 0.6066427 0.5716225 0.6858225 0.450439 0.8208172 0.5046653 0.2675298 0.9698539 0.2213787 0.1018566 0.9925937 -0.1139894 -0.0420053 0.885285 -0.4479482 -0.1249518 0.6728008 -0.7289798 -0.1262047 0.3761255 -0.9257243 -0.03954845 0.04110646 -0.9957662 0.08221966 -0.2783752 -0.931138 0.2355617 -0.52965 -0.7449184 0.4056691 0.1952323 0.8498563 0.4895189 0.8201912 0.5656595 0.08553355 0.5400421 0.7813979 0.3126854 0.6495611 -0.6846101 -0.3307257 0.8678616 -0.3844177 -0.314705 0.3392284 -0.9150688 -0.218113 -0.3639696 -0.9274097 0.08624154 -0.02070188 -0.9971525 -0.07251411 -0.6300144 -0.7299106 0.265165 -0.1594048 0.7841764 0.5997146 0.9607357 0.2632042 -0.08780944 0.9691314 -0.0730099 -0.2354871 -0.7747083 -0.4503846 0.4438251 -0.6697173 -0.4674003 0.5770752 -0.6926187 -0.1213744 0.7110187 -0.5971618 0.2100108 0.7741404 -0.1437325 0.2654383 0.9533538 -0.3750809 0.4963505 0.7829116 0.0956242 0.4083495 0.9078034 -0.07792532 0.6903253 0.7192903 -0.7059502 0.2788401 0.6510627 -0.8035674 -0.08866304 0.5885733 -0.4764628 0.5788517 0.6617507 0.4542829 -0.8835178 -0.1141201 0.3290039 -0.3762562 -0.8661339 -0.338427 -0.8779795 -0.3385548 -0.4391115 -0.5616019 -0.7012735 0.2317664 -0.8737159 0.4276738 0.5941877 -0.7958082 0.1167495 0.5664733 -0.5595961 0.6049466 -0.3665568 -0.8091086 0.4593248 0.1976289 -0.5790042 0.7910101 0.2205584 -0.5347465 0.8157207 0.1663709 -0.5402148 0.8249174 0.4625781 -0.6216672 -0.6321009 0.782627 -0.4602347 0.4191409 0.749824 -0.251241 0.61208 0.7143707 -0.1533541 0.6827569 0.7380814 -0.002697169 0.6747063 0.6826825 0.0147835 0.7305656 0.5862612 0.1590971 0.7943464 0.3672676 0.3493452 0.8620165 -2.0206e-5 0.9998446 0.01763713 -0.7074944 -0.2809056 0.6484934 -0.3798209 -0.308227 0.8721997 -0.6370262 -0.01621025 0.7706719 -0.3949436 0.08696728 0.9145798 -0.5724961 -0.5461993 0.6114855 -0.3046072 -0.6546478 0.6918459 -0.06113058 -0.5504241 0.8326443 0.008038461 -0.286818 0.9579514 -0.125606 -0.02036905 0.9918711 -0.5903797 0.4123504 0.6938436 -0.349545 0.4589915 0.8167895 -0.8402046 -0.4679476 0.2740099 -0.9193272 -0.211575 0.3317736 -0.9026532 0.04487377 0.4280228 -0.7893689 0.2730387 0.5498606 0.05694723 -0.8453114 0.5312305 -0.1849243 -0.8927769 0.4107952 -0.4378165 -0.8412041 0.3173208 -0.6716224 -0.6940274 0.2593248 0.3069179 0.03500175 0.9510923 0.3848951 -0.2222153 0.8958104 0.3692986 -0.4776877 0.7971406 0.2613557 -0.7015912 0.6629201 -0.2516803 0.7540829 0.6066433 -0.5716246 0.6858218 0.4504375 -0.8208185 0.5046638 0.2675286 -0.9698542 0.2213785 0.1018556 -0.9925937 -0.1139895 -0.0420041 -0.8852851 -0.447948 -0.1249516 -0.6728008 -0.7289798 -0.1262048 -0.3761256 -0.9257243 -0.03954833 -0.04110646 -0.9957661 0.08221977 0.2783752 -0.9311381 0.2355617 0.52965 -0.7449184 0.4056692 -0.1952322 0.8498563 0.4895189 -0.8201899 0.5656611 0.08553421 -0.5400441 0.7813969 0.3126838 -0.6495623 -0.6846096 -0.3307244 -0.867863 -0.3844165 -0.3147028 -0.3392286 -0.9150688 -0.2181129 0.02070194 -0.9971527 -0.07251316 0.3639696 -0.9274095 0.08624243 0.6300145 -0.7299104 0.2651653 0.6697174 -0.4674 0.5770753 0.6926187 -0.1213743 0.7110188 0.5971618 0.210011 0.7741404 0.143733 0.2654381 0.9533538 0.3750826 0.49635 0.7829111 -0.09562504 0.4083496 0.9078031 0.07792544 0.6903251 0.7192906 0.8035674 -0.08866286 0.5885731 0.7747085 -0.4503844 0.4438251 0.7059502 0.2788402 0.6510627 0.4764686 0.5788495 0.6617484 0.1594082 0.7841757 0.5997145 -0.9607353 0.2632058 -0.08780878 -0.9691318 -0.07300978 -0.2354848 0.9424741 -0.3342652 0.003079354 0.9950588 -0.0565254 0.08162689 0.9957712 0.01485782 0.09065926 0.8657728 0.3835887 0.3213988 0.8295459 0.4042513 0.385272 0.5616424 0.5203506 0.6432676 0.4976148 0.5150677 0.6979146 0.2521955 0.5430851 0.8009095 0.2330372 0.5398564 0.8088565 0 0.5642605 0.8255968 0 0.5726929 0.8197701 -0.2330372 0.5398563 0.8088565 -0.2521955 0.5430851 0.8009095 -0.4976143 0.5150678 0.6979148 -0.5616416 0.5203509 0.643268 -0.8295459 0.4042513 0.3852719 -0.8657732 0.3835884 0.3213984 -0.9950588 -0.05652642 0.08162665 -0.9957712 0.01485735 0.09065926 -0.9424737 -0.3342664 0.003079354 0.9915705 -0.1244402 0.03609126 0.8236077 -0.5670113 -0.01299327 0.5080379 -0.8473276 -0.1547051 0.2455628 -0.9565651 -0.1571055 -0.884145 -0.2842856 0.3707687 -0.7316637 -0.5854603 0.3491485 -0.472631 -0.6425729 -0.603092 -0.02373987 -0.9981691 -0.05563217 -0.9224643 0.231898 0.3086794 -0.7475217 0.5918995 0.3014404 -0.5043327 0.5462325 -0.668789 -0.06022626 0.9960369 -0.06544756 0.4887821 -0.2327364 -0.8407888 -0.03954982 -0.9991759 0.009136557 -0.7435481 -0.4799793 0.4655709 -0.6970651 0.5950955 0.3999521 -0.007000625 0.9995631 -0.02871656 0.671313 -0.5535592 -0.4928601 0.482537 0.1964018 -0.8535715 0.6515037 0.5318729 -0.5409753 -0.06015878 0.9960379 -0.06549608 -0.5043317 0.5462507 -0.6687747 -0.006962835 0.9995618 -0.02877444 -0.06904906 -0.997494 -0.01542663 -0.8521191 -0.4740871 0.2216631 -0.817954 0.5481749 0.1745159 -0.01313132 0.9999028 -0.004691839 0.7702664 0.6167672 -0.1621359 -0.01307034 0.9999035 -0.004730761 0.7377907 -0.6542376 -0.1662467 -0.8635222 -0.4713553 -0.1793141 -0.05035126 -0.9960594 -0.07300943 -0.8266608 -0.5413394 -0.1535696 -0.0437358 -0.9960574 -0.07718175 -0.807909 0.566863 -0.1610884 -0.8348175 0.5370404 -0.1211089 8.15511e-4 0.9997069 -0.0241996 -6.88314e-4 0.999283 -0.03785723 0.8151198 -0.5590546 0.1517826 0.8174889 -0.5732097 -0.05605989 0.8420833 0.5157393 0.1578245 0.8519269 0.5216231 -0.04615318 -6.84798e-4 0.9992842 -0.03782504 8.37982e-4 0.9997064 -0.02421647 -0.6896102 -0.3488533 -0.6346174 0.02135878 -0.7572152 -0.6528163 -0.7021339 0.3263654 -0.6328457 0.005573034 0.7865296 -0.6175276 0.02126938 -0.7572128 -0.652822 0.7452945 0.390815 -0.5401849 0.005500793 0.7865261 -0.6175327 0.02132338 -0.7572193 -0.6528126 0.760636 -0.3740546 -0.5305809 0.02126407 -0.7571792 -0.6528611 -0.6467954 -0.5825163 0.4922708 -0.05511802 -0.9983987 0.01273506 -0.58023 -0.6402851 0.5033568 -0.08176356 -0.9929261 -0.08609652 -0.9156275 -0.04258102 0.3997665 -0.7611544 0.4717322 0.4450985 -0.5134326 0.5000414 -0.6973848 -0.1421409 0.9850307 -0.09752279 0.3744614 0.2296481 -0.8983543 -0.6272367 -0.5330612 0.5678203 -0.02828723 -0.9993766 0.02112692 -0.6177759 0.5698484 0.5418725 -0.02238631 0.9996759 -0.01212435 0.6596813 0.5848746 -0.471956 0.6582594 -0.5743219 -0.4866713 0.3917033 -0.5453544 -0.7410514 -0.05509144 -0.9984005 0.01271098 -0.0816915 -0.9929298 -0.08612108 -0.0282514 -0.9993789 0.021066 -0.1038804 -0.9943787 0.02049165 -0.7623353 -0.5283187 0.3737974 -0.760286 0.5528265 0.3410984 -0.08552294 0.9962794 -0.01064759 0.763256 0.5783542 -0.2880048 0.7459449 -0.561369 -0.3583727 -0.1038286 -0.9943843 0.02048128 -0.8210319 -0.56777 0.05952966 0.002204596 -0.9971767 -0.07505851 -0.8152279 -0.5326098 0.2274429 -0.09714269 -0.9947646 -0.03173202 -0.8288182 0.5569446 0.05360174 -0.8251208 0.496017 0.2704493 0.006525874 0.9981855 -0.05985963 -0.03756433 0.999203 -0.0134983 0.740826 0.5126712 -0.4339875 0.7994452 0.5437155 -0.2554621 0.7105965 -0.5652533 -0.4189767 0.7794707 -0.5574082 -0.28587 0.002258658 -0.9971753 -0.07507562 -0.09712135 -0.9947665 -0.03173696 -0.8883737 -0.3635836 -0.2803556 -0.2562004 -0.7581102 -0.5996918 -0.253609 0.7717852 -0.583121 -0.9129241 0.2946023 -0.2824521 -0.253556 0.7717732 -0.5831599 0.4414401 0.4017706 -0.8023161 -0.2535912 0.7717369 -0.5831927 0.4651369 -0.3774417 -0.8007407 -0.2562661 -0.7581504 -0.599613 -0.25347 0.7718214 -0.5831337 -0.9943354 0.102622 0.02767479 -0.8850073 -0.4313229 0.1752786 -0.4637609 -0.67981 -0.5681411 -0.1091425 -0.9939369 0.01331573 -0.7297878 0.6560782 0.192279 -0.7399326 0.667174 0.08589947 0.01296871 0.991746 -0.1275613 -0.1295756 -0.9891275 0.0695489 -0.8720899 -0.4014703 0.279787 -0.7206412 0.6602373 0.2115729 0.1389487 0.9828426 -0.1212997 0.8172454 0.4010975 -0.4138005 0.6093911 0.627519 -0.4846262 0.6704002 -0.2870682 -0.6842189 0.6879838 -0.6613143 -0.2989012 -0.109099 -0.9939416 0.01331949 -0.463782 -0.6798395 -0.5680884 -0.1295185 -0.989133 0.06957787 -0.1904717 -0.9816778 0.005408763 -0.9225674 -0.3732665 -0.09768104 -0.7756778 0.6170856 -0.1323993 0.1209284 0.9886634 -0.08900064 0.8772267 0.4800187 -0.007455289 0.6644689 -0.7427811 0.08220344 -0.1904293 -0.9816861 0.005402505 -0.7705271 -0.4299843 -0.4705333 -0.1768198 -0.980664 -0.08386307 -0.8173121 -0.4044052 -0.4104357 -0.2044824 -0.9748944 -0.08813554 -0.6658836 0.5741338 -0.4764133 -0.7195953 0.5637873 -0.4053723 0.09459251 0.9929994 -0.07074177 0.1186428 0.9908663 -0.06409251 0.7973108 0.464241 0.3857149 0.8804967 0.4341078 0.1904631 0.7373952 -0.6450606 0.2003626 0.6629651 -0.6376581 0.3922621 -0.2044403 -0.9749037 -0.08813065 -0.1768292 -0.9806607 -0.08388143 -0.4434974 -0.2988306 -0.8449913 0.1706337 -0.7736194 -0.6102436 0.333633 0.7503491 -0.570671 -0.3882325 0.3386844 -0.8570696 0.3337617 0.7502901 -0.5706734 0.925056 0.2977545 -0.2358253 0.3337199 0.7502836 -0.5707063 0.8613915 -0.4617785 -0.2115783 0.1705728 -0.7735782 -0.6103129 0.3337393 0.7503408 -0.5706197 0.6703972 -0.2870544 -0.6842277 0.5702956 0.03318244 -0.8207691 -0.4637351 -0.6798745 -0.5680848 -0.4078226 0.6366128 -0.6545265 0.5202351 -0.1175402 -0.8458959 0.4541153 0.5283992 -0.7173379 0.3937219 0.5119041 -0.7635033 0.08491384 0.9963173 -0.01190346 0.06202507 0.9966269 -0.05373853 -0.2845858 0.7405661 0.608747 -0.2838845 0.697553 0.6578977 -0.4365491 0.2922257 0.8508991 -0.4583961 0.3094942 0.8331184 0.3476655 -0.06649142 -0.935258 0.4570333 -0.04648083 -0.8882343 0.2011073 0.1023573 -0.9742068 0.08378934 0.1022988 -0.9912186 0.3173664 0.07482379 -0.9453465 -0.4427763 0.1216011 0.8883481 -0.4441137 0.06285506 0.8937631 -0.362572 -0.1045519 0.9260727 -0.3796074 -0.1671955 0.9099142 -0.279546 -0.6151165 0.7372149 -0.3336221 -0.4616137 0.8219545 -0.3027676 -0.2464102 0.9206595 0.07591992 -0.4916906 0.8674541 -0.3860126 0.02214521 0.9222277 -0.1601764 -0.5592063 0.8134075 0.186559 -0.5357208 0.8235285 0.7356889 -0.5444763 0.402874 0.7863387 -0.4687656 0.4024057 -0.449335 0.04045218 0.892447 -0.2168672 0.6867972 0.6937422 -0.3743781 0.2506975 0.892744 -0.2356616 0.7308049 0.6406151 -0.04711967 0.6817097 0.7301039 0.1711573 0.9840708 0.04805952 0.3367208 0.9312473 0.1392753 0.4311059 0.7887551 -0.4381932 0.4454032 0.6590774 -0.6059976 0.3556827 0.215619 -0.9093945 0.4154438 0.4805971 -0.7722908 0.2232502 0.9740874 -0.03623771 0.4174352 0.646686 -0.6383926 0.3950794 0.3155397 -0.8627555 0.5527045 0.1540742 -0.819011 0.1681883 0.3260368 -0.9302756 0.02551943 0.2910457 -0.9563688 0.02850472 0.04042291 -0.998776 0.2300916 0.1053079 -0.9674545 0.3419817 0.01433539 -0.9395973 -0.2226979 -0.419929 -0.8798099 0.1978379 0.3318222 -0.9223635 0.5610178 -7.30196e-4 -0.8278034 0.6146409 0.06272047 -0.7863096 0.8273722 -0.3773125 -0.4160416 0.9290317 -0.2649961 -0.2582195 0.8632587 -0.2910685 -0.4123877 0.880254 -0.2869345 -0.3779176 0.7357224 -0.5444643 0.4028289 0.7863341 -0.468792 0.402384 0.6914874 -0.5498588 0.468509 0.5401195 -0.7810705 0.3133689 0.1161816 -0.5752275 -0.8097008 -0.1238691 -0.9838852 0.1289435 -0.1156246 -0.992479 -0.04020464 0.1882818 -0.5042708 -0.8427698 -0.08174622 -0.9929225 -0.08615481 0.3916555 -0.5453403 -0.741087 0.3744291 0.2295789 -0.8983854 0.4887847 -0.2326813 -0.8408027 0.4825685 0.1963578 -0.8535639 -0.4725969 -0.6426428 -0.6030445 -0.51347 0.5000683 -0.6973381 0.4986323 -0.3975622 -0.7702665 -0.4526973 -0.6622493 -0.5970687 -0.5043154 0.5462949 -0.6687511 -0.8187387 0.460913 0.3423832 -0.9943292 0.1026875 0.02765452 -0.407819 0.6366007 -0.6545406 -0.4636805 -0.6798421 -0.5681684 -0.6586304 0.322757 0.6797308 -0.5194511 0.685651 0.5099544 -0.7297313 0.6561231 0.1923406 0.01901262 0.9972821 -0.07118225 0.0129624 0.9917458 -0.1275634 0.609318 0.6275321 -0.4847009 -0.6012412 0.1384063 0.7869898 -0.5603939 -0.1013081 0.822007 -0.8841623 -0.284188 0.3708021 -0.9224773 0.2318128 0.3087049 -0.9156243 -0.04261064 0.3997704 -0.4486128 -0.6052063 0.657626 -0.580255 -0.6402571 0.5033637 -0.08177703 -0.9929239 -0.08610862 -0.1156467 -0.9924787 -0.04014974 -0.1238846 -0.9838737 0.1290166 -0.5274397 -0.763983 0.3716685 -0.08755677 -0.528377 0.8444831 0.6914706 -0.5498912 0.4684956 -0.4725715 -0.6426434 -0.6030635 -0.5134628 0.5001235 -0.6973038 0.5400638 -0.7810761 0.3134506 0.1273896 -0.9890416 0.07462358 -0.2748648 -0.6989203 0.6602726 -0.5258282 -0.8209428 -0.2226158 -0.7936466 -0.5753898 0.1976152 -0.9219041 -0.06307548 0.3822492 -0.4448122 0.02158117 0.8953638 -0.8623878 0.4787322 0.164629 -0.358815 0.7436149 0.5641707 -0.6604478 0.6756967 -0.3274794 -0.07784408 0.9919483 -0.099895 -0.4098875 0.4796001 -0.7758712 0.2333669 0.6885605 -0.6866036 -0.2421397 -0.03491181 -0.9696131 0.4536949 0.061284 -0.8890473 0.4737485 -0.6615288 -0.5813279 -0.2578706 -0.6215628 -0.7397044 0.1274162 -0.9890444 0.07454138 -0.5258654 -0.8209351 -0.2225563 0.8632629 -0.2910938 -0.4123611 0.6567073 -0.6612817 0.3625494 0.8460063 -0.1310015 -0.5168288 0.7067679 -0.6424964 0.296104 -0.4328384 -0.6266537 0.6480402 -0.2541801 -0.7046021 0.6625167 -0.08755701 -0.5283974 0.8444703 0.6914588 -0.5499043 0.4684976 -0.5274699 -0.7640022 0.371586 -0.9501457 -0.294942 0.1011552 -0.222761 -0.4198985 -0.8798085 -0.6888365 0.01983284 -0.7246454 0.2990283 0.2422627 -0.9229794 0.3419806 0.01434987 -0.9395976 0.8632607 -0.2910754 -0.4123789 0.8459801 -0.1309373 -0.5168882 -0.7434394 0.4664897 -0.4792549 -0.9684532 0.04164153 0.2456917 0.2551748 0.4528518 -0.8542898 0.8973646 -0.04454523 -0.4390357 -0.3948765 -0.5388951 0.7440865 0.7066395 -0.6127887 0.3537663 0.8973793 -0.0446034 -0.439 -0.7235705 0.6475735 -0.2389439 -0.9482489 0.04344785 0.3145416 0.3721596 0.6340082 -0.6778872 0.9204135 -0.08047056 -0.3825749 0.9204255 -0.08048266 -0.3825438 0.6308317 -0.7323652 0.2563057 -0.3547108 -0.7142386 0.6033602 -0.9454656 0.02920562 0.3244102 -0.5948519 0.8002566 -0.07576894 -0.6485326 0.7348232 -0.198596 -0.9712062 0.01193445 0.2379416 0.3471435 0.7515621 -0.560933 0.4290227 0.7862841 -0.444631 0.9227464 -0.05339443 -0.3816913 0.9081572 -0.02709686 -0.4177514 -0.4751528 -0.7857172 0.3960787 -0.4660691 -0.7847262 0.4086373 0.5882011 -0.8073326 0.04726201 0.5907052 -0.8065869 0.02202594 0.9227395 -0.05342036 -0.3817042 0.9081538 -0.02712684 -0.4177569 -0.6297789 0.5560588 -0.5423811 -0.8568279 -0.1161224 -0.502356 0.1747787 0.5747948 -0.7994144 0.4688986 -0.1277043 -0.8739713 -0.8568583 -0.116171 -0.5022931 0.4688661 -0.127677 -0.8739927 0.3140513 -0.8395256 -0.4433605 -0.8568769 -0.116111 -0.5022751 -0.4925375 -0.8514669 -0.1800306 -0.8568376 -0.116139 -0.5023356 -0.5274516 -0.7639827 0.3716522 -0.504309 0.5463127 -0.6687414 -0.4526548 -0.6622739 -0.5970737 -0.9298135 -0.02081865 0.3674417 -0.9298182 -0.02088356 0.3674261 -0.8076236 -0.4672476 0.3597553 -0.4526358 -0.6622325 -0.597134 -0.08669376 -0.9958698 -0.02697265 -0.8186924 0.4609978 0.3423796 -0.7020303 0.6506951 0.2893952 -0.4078692 0.6365531 -0.6545554 0.01718837 0.9943611 -0.1046456 0.5703249 0.03324115 -0.8207464 -0.128871 -0.9906563 0.04463678 -0.8551988 -0.366273 0.3667143 -0.659231 0.7051727 0.2610481 0.06903886 0.9957015 -0.06174427 0.7706079 0.3979231 -0.4978158 0.6280167 -0.6942614 -0.3515626 0.498667 -0.3975867 -0.7702312 -0.0866726 -0.9958709 -0.02699959 -0.1288296 -0.9906625 0.04462003 -0.146736 -0.9891577 0.005975067 -0.9179829 -0.3844826 0.09736913 -0.77458 0.632445 0.006270051 0.07244676 0.9962587 -0.04711633 0.8463462 0.5317288 -0.03102797 0.6642093 -0.7469967 -0.02867102 -0.1466778 -0.9891663 0.005983054 -0.8511033 -0.4163494 -0.319807 -0.1120506 -0.9917433 -0.06236958 -0.8235137 -0.4866282 -0.2915788 -0.1021966 -0.9928184 -0.0621888 -0.7229315 0.6108418 -0.322866 -0.7545682 0.5924047 -0.2822827 0.07940834 0.9953151 -0.0551567 0.08112621 0.9945098 -0.06609636 0.8435459 0.4557204 0.2841641 0.8950454 0.4402536 0.07120919 0.7562826 -0.6455328 0.1064147 0.7270606 -0.6145936 0.3060355 -0.1021394 -0.9928255 -0.0621702 -0.1119884 -0.9917499 -0.0623762 -0.6005228 -0.3330314 -0.7269543 0.06999629 -0.7916119 -0.607002 0.1547812 0.7513632 -0.6414797 -0.5760056 0.3484338 -0.7394671 0.1547565 0.7513111 -0.6415467 0.8400909 0.3028103 -0.4500592 0.1547415 0.7513424 -0.6415137 0.8009471 -0.4733882 -0.3665887 0.06994557 -0.7916349 -0.6069777 0.1548178 0.7513563 -0.641479 -0.4527232 -0.662214 -0.5970883 0 1 0 0 1 -1.28663e-7 -1.54525e-7 1 -1.84601e-7 -3.69923e-7 1 -4.41923e-7 0 -1 1.28663e-7 -2.15398e-7 -1 1.84601e-7 0 -1 1.28663e-7 0 -1 4.41922e-7 1.54525e-7 -1 1.84601e-7 3.69924e-7 -1 4.41922e-7 0 0 -1 -1.40737e-6 0 -1 0 0 -1 -1.58809e-6 0 -1 1 0 0 1 0 0 1 0 0 1 0 0 0 4.65874e-7 1 0 7.2565e-6 1 0 4.65873e-7 1 0 8.18826e-6 1 0 7.25651e-6 1 0 8.18827e-6 1 -1 0 0 -1 0 0 -1 0 0 -1 0 0 -0.1654521 0.9856981 0.03201645 -0.3078054 0.7702608 0.5585287 0.2436255 0.9697908 0.01235556 0.2522002 0.6531766 0.7139716 0.3802742 0.6642767 0.6435278 0.2677428 0.9622204 -0.04945546 -0.2924275 0.3424647 0.8928629 0.4615345 0.01106816 0.8870532 0.2983403 -0.02871692 0.9540275 0.4993016 -0.6324923 0.5921583 0.3302866 -0.6554835 0.6791555 0.4307485 -0.9019082 0.03189522 0.325174 -0.9436771 0.06111919 -0.2330037 -0.1806089 0.9555573 -0.2451276 -0.7170984 0.6524434 0.58713 -0.6303915 0.5078238 0.6682244 1.01481e-4 0.7439599 0.9610253 0.05388188 0.2711589 0.8693007 -0.4766161 0.130972 0.7236216 -0.6524105 -0.2252388 0.474376 -0.8796261 -0.03500473 0.5323401 0.6314411 0.5638228 0.8284032 0.5302157 0.1806089 0.3023634 0.9512516 -0.06080156 0.543572 0.8133952 -0.2071661 -0.1059693 -0.9618228 0.2523244 0.1076846 0.8685396 -0.48378 0.1470385 0.8730521 -0.4649299 -0.2432627 0.9387977 -0.2438898 0.01652628 0.9123319 -0.4091178 0.4080365 0.8372778 -0.3639671 0.9192376 0.3192247 -0.2304297 0.4080099 0.8372831 -0.3639849 0.9593383 0.0516287 -0.2774973 0.918833 -0.1311054 -0.3722331 0.5975219 -0.6921203 -0.4048914 0.3557439 -0.8641208 -0.3560078 0.5974881 -0.6921327 -0.4049202 0.3270882 -0.8866814 -0.326817 0.293106 -0.9113454 -0.2890303 -0.0288006 -0.9982298 0.05203914 -0.6979783 -0.5499496 0.458674 -0.02875244 -0.9982311 0.0520398 -0.6740703 -0.2766658 0.6848981 -0.7005368 0.2079561 0.6826437 -0.7272931 0.5971204 0.3383668 -0.2432416 0.9388085 -0.2438694 0.3198879 0.6496959 -0.6896138 0.4730808 0.778558 -0.4123618 0.221471 0.9152655 -0.3365111 0.2793907 0.9362007 -0.213235 0.8784874 0.01506805 -0.477528 0.6103512 0.03233414 -0.7914709 0.3937789 0.02383393 -0.9188961 0.1393077 0.6404083 -0.755295 -0.01332843 0.03151094 -0.9994146 -0.04068058 0.6492632 -0.7594751 -0.3642948 0.5685532 -0.7375884 -0.3649021 0.002834379 -0.9310417 -0.09352684 0.9954289 -0.0193448 -0.08582276 0.9677115 -0.2370002 0.1590949 0.7000903 0.6961052 0.1686242 0.6699737 0.7229807 0.3498896 -0.04919677 0.9354982 0.3054158 -0.1994791 0.9310904 0.3649681 -0.7550054 0.5447616 0.3078672 -0.7254954 0.6155276 0.2892165 -0.4794508 0.8285414 0.1608653 -0.9861422 -0.04057079 0.2872174 -0.93353 -0.2145413 -0.1309546 -0.7026922 -0.6993386 0.1483673 -0.7010635 -0.6974935 -0.01330894 0.03142344 -0.9994176 -0.364914 0.002765893 -0.9310371 0.4221967 -0.6514046 -0.6304142 0.3978146 -0.851105 -0.3425842 0.3937324 0.02379798 -0.918917 0.3885105 -0.4754389 0.7893145 -0.4287461 -0.04123872 -0.9024834 0.2953211 -0.713221 0.6356896 0.0195893 -0.9995896 -0.02090787 0.191414 -0.9788952 -0.07158809 0.4463348 -0.6963835 0.5619922 0.4484143 -0.1319047 0.8840395 0.5676366 -0.01061385 0.8232109 -0.04933702 -0.7068238 -0.7056671 -0.2270441 -0.6979737 -0.6791787 -0.3832468 -0.03508251 -0.9229795 -0.1444872 -0.02236843 -0.9892539 0.5448204 -0.3721906 0.7514286 0.6535732 -0.6509181 0.3861968 0.780135 -0.01512908 0.6254283 0.3846431 -0.905708 -0.1781656 0.1288587 -0.65322 -0.7461227 0.02910119 -0.02100199 -0.9993559 0.4797572 0.6807062 0.5535994 0.6768336 0.6282141 0.3837232 0.2378014 0.96683 -0.09322202 0.4123772 0.8904342 -0.1925406 0.1457389 0.6247734 -0.7670845 -0.03123408 0.6724468 -0.7394862 0.02911663 -0.02090507 -0.9993574 -0.144488 -0.02226948 -0.9892559 0.01448231 0.9929856 -0.1173459 -0.1385281 0.5316413 -0.8355641 0.2598409 0.7063559 0.6584407 -0.3832391 -0.03499752 -0.9229859 -0.1755079 0.2751222 -0.9452538 -0.4287632 -0.04111719 -0.9024807 -0.4357166 0.2320431 -0.8696591 -0.5343326 0.2605221 -0.804125 0.6103351 0.03227865 -0.7914854 0.6465868 -0.5907693 -0.482615 0.8784579 0.01510888 -0.4775809 0.8128222 -0.572602 -0.1069909 0.4478192 -0.8782089 -0.1679498 0.5834591 -0.7950526 0.1657314 -0.07855159 0.6641355 -0.7434742 0.1154695 0.9891178 -0.09117537 0.2982599 0.5338312 -0.7912429 0.6030401 0.7002705 -0.3820521 0.3948726 0.6961135 0.5995845 0.8735983 0.434872 0.2184322 0.8336508 -0.04656565 0.5503253 0.5490243 -0.02787071 0.8353416 -0.01431143 0.9998058 -0.0135582 -0.3355404 0.715649 -0.6125841 -0.4646732 0.6651332 -0.5845312 -0.1552753 0.9874387 0.02922916 0.1623456 0.6944948 0.7009429 0.2918907 0.7117265 0.6389408 0.3235519 -0.02439308 0.945896 0.4482559 -0.02960431 0.8934149 -0.758929 0.537518 -0.3675614 -0.7008963 0.6927287 0.1699157 -0.440564 0.4229071 0.7918667 -0.1274852 -0.06611788 0.9896343 -0.5409684 0.393692 -0.7432092 -0.7652506 0.3536064 -0.5379165 -0.4199793 0.3998164 -0.8147173 -0.1308629 0.3857722 -0.913266 0.2483181 0.3170509 -0.9153234 0.4264076 -0.399689 0.8114341 0.5497487 -0.3929013 0.7371601 0.7990679 -0.3424564 0.4941805 -0.78025 -0.1012393 0.6172202 -0.1201475 -0.3464682 0.9303357 0.7380657 0.1269715 -0.6626744 0.2483853 0.3170424 -0.9153081 0.9792947 -0.1131893 -0.1678397 0.7990801 -0.3424691 0.4941517 0.2837944 -0.3976496 0.8725455 -0.1201433 -0.3464832 0.9303305 -0.9816528 0.1220498 0.1464983 -0.7652769 0.353595 -0.5378865 0.02628087 0.9019154 -0.4311124 0.3748854 0.01320415 0.9269771 0.3743115 0.005952358 0.927284 0.2296432 -0.6893872 0.6870293 0.2184817 -0.7165669 0.662418 -0.02863186 -0.9988535 0.03836733 -0.04358386 -0.9990442 -0.003355503 -0.2493788 -0.7224417 -0.644894 -0.2540921 -0.7048635 -0.6622724 -0.2992708 -0.009321987 -0.9541228 -0.2998171 -0.01666933 -0.9538511 0.3277156 0.7016245 0.6327129 0.3220304 0.7223198 0.6120053 0.1151554 0.9928695 -0.03081375 0.1002036 0.9923223 -0.07249766 -0.1451391 0.7069661 -0.6921948 -0.1548789 0.6830839 -0.7137289 -0.2992511 -0.009267389 -0.9541295 -0.2997764 -0.01660418 -0.9538651 0.9218804 -0.06308919 0.3823041 0.987706 -0.0927453 -0.1258379 0.7935473 -0.5753058 0.1982576 0.9317736 -0.2993971 -0.2053277 0.8321808 -0.4038525 -0.3799715 0.5259642 -0.8208032 -0.2228095 0.723153 -0.339829 -0.6013037 0.2594431 -0.6208636 -0.7397417 0.7066985 -0.08856165 -0.7019502 0.2527731 -0.03738737 -0.966803 0.9691377 0.1424608 -0.2011889 0.8623806 0.4787356 0.1646569 0.8833035 0.2234784 -0.4121073 0.6604436 0.6757126 -0.3274552 0.7741475 0.1576922 -0.6130488 0.4106608 0.4786149 -0.7760706 0.7066891 -0.08849769 -0.7019678 0.2527592 -0.03734838 -0.9668081 0.7872924 -0.6008856 -0.1382287 0.7931764 -0.6082383 -0.03029251 0.9982888 0.01588129 0.05627959 0.9909428 0.02922773 0.1310657 0.1326402 -0.9587397 -0.2514454 0.3457768 -0.8576593 -0.3806035 -0.05428481 -0.5770831 -0.8148794 -0.5822094 -0.6864247 -0.4357216 -0.6506939 -0.1228516 -0.7493363 -0.9708382 -0.1168693 -0.20932 0.813369 0.5777596 -0.06800502 0.7511492 0.6498842 0.1158677 0.2743209 0.876184 -0.396295 -0.03963983 0.9990594 -0.01758515 -0.436593 0.5133727 -0.7388065 -0.8112779 0.5761335 -0.09949159 -0.970844 -0.1167699 -0.2093482 -0.6506499 -0.1228417 -0.7493762 0.07278406 -0.9878454 -0.1373468 0.8244709 -0.5645333 0.03936874 0.9348402 0.2530059 0.2491225 -0.6998575 -0.6953024 -0.1635671 -0.9972984 -0.06542861 -0.03339201 -0.9973037 -0.0653522 -0.03338432 -0.8381613 0.5423148 0.05814105 -0.9874741 0.157609 -0.007382869 -0.7961397 0.6047911 0.0197314 -0.1200727 0.9786409 0.1668669 -0.1233815 0.9805033 0.1529391 0.5329839 0.823676 0.1936134 0.5911221 0.7728307 0.230884 0.7748973 0.5856882 0.2377046 0.5886583 0.7798145 0.2130042 -0.1872249 0.9439377 0.2718979 0.7726868 0.6239575 0.1167563 0.929951 0.366558 -0.02874642 -0.9703026 0.2261908 -0.08573609 0.5352334 0.8056654 0.2538275 -0.2325989 0.9324217 0.2765639 -0.8697187 0.4861736 0.08499801 -0.2977015 0.9537115 0.04252398 -0.9000174 0.4357336 -0.01025748 -0.9740095 -0.2023313 -0.1018217 -0.9562988 -0.2884314 -0.04795831 -0.9460041 0.3226302 -0.03140127 -0.9046214 -0.421128 -0.06566232 -0.9077069 -0.4157378 -0.0568372 -0.9318383 0.3628512 -0.004065573 -0.3609476 0.9323678 0.02017968 -0.3699221 0.9272671 0.05773687 0.4006868 0.9116358 0.0914905 0.4571616 0.8846974 0.09118139 0.9266152 0.3600562 0.1083697 0.9354008 0.3277468 0.1326937 0.926301 -0.2639002 0.2689298 0.9132917 -0.3793308 0.1483455 0.372293 -0.8528106 0.3662131 0.3525959 -0.9285652 0.115943 -0.4603092 -0.8736943 0.1573972 -0.4204518 -0.9072966 -0.005778491 -0.9076709 -0.4158138 -0.05685436 -0.9045881 -0.4212006 -0.06565582 0.9587013 0.2651016 0.1030207 0.8859732 -0.4555206 0.0869053 0.2740117 -0.961703 0.006707131 0.8444786 -0.5273512 -0.09357726 0.2158014 -0.9502043 -0.2248147 -0.5090366 -0.8586584 -0.05989748 -0.9562759 -0.2885042 -0.04797703 -0.5840148 -0.7984941 -0.146062 -0.9739822 -0.2024431 -0.1018607 -0.4283735 -0.7942209 0.43094 0.3822003 -0.692044 0.6123709 -0.9263807 -0.375894 -0.02285999 -0.4728434 -0.663297 0.5800485 0.2789711 -0.5309095 0.8001939 -0.8533219 -0.5148184 0.08248579 -0.9515669 -0.2733172 -0.1407778 0.7653724 -0.1376926 0.6286858 0.606291 -0.03993904 0.7942394 0.8478809 0.3708794 0.3788753 0.9104455 0.3247123 0.2562244 0.6142348 0.3819778 -0.6905133 0.7776979 0.6173377 -0.1186598 0.6536207 0.3628634 -0.6641613 0.8441132 0.3576173 0.399478 0.6788882 0.2256586 -0.6987054 0.8916857 0.217064 0.397215 0.2499438 -0.4171429 0.8737963 0.8555277 -0.2352247 0.4612394 0.8828233 0.4645254 0.06956446 0.3881416 0.9208978 -0.03596609 -0.3790026 0.9240748 -0.04942518 -0.9307807 0.3561029 -0.0826922 -0.9263989 -0.3758476 -0.02288693 -0.9325992 0.3020734 -0.1975108 -0.9515951 -0.2732146 -0.1407854 -0.3787046 0.9020667 -0.2070233 0.3948919 0.8993241 -0.1878209 -0.6563718 0.2149333 -0.7231734 -0.6413962 -0.1804822 -0.745679 -0.2634452 0.6225661 -0.7368909 0.2754646 0.6270338 -0.7286617 0.4750607 0.4288656 -0.7683695 0.9432646 0.1761981 0.281436 0.7778425 0.03418326 0.627529 0.735848 -0.664735 0.129055 0.5455482 -0.5321046 0.647489 0.04136443 -0.9991415 -0.002307534 -0.01056313 -0.8140377 0.580716 -0.6011971 -0.6269321 0.4954979 -0.6152886 -0.7880895 -0.01830697 -0.9182057 -0.1578711 0.3632837 -0.9879255 -0.1545817 0.01038837 0.9812262 0.1920289 0.01789945 0.7594409 -0.6331873 -0.1494104 0.06179541 -0.9687511 -0.2402138 -0.5969675 -0.7605066 -0.2554594 -0.9754477 -0.1325021 -0.1759118 0.6675891 -0.316477 -0.6739192 0.8666642 0.1892375 -0.4616087 -0.4939995 -0.4955877 -0.714393 0.08768284 -0.6647838 -0.7418721 -0.8207041 -0.06375122 -0.5677857 0.8572661 0.5137403 0.03414338 0.8230581 0.4993189 0.2706586 0.6913822 0.2926439 0.6605681 0.8715888 0.3617285 -0.330886 0.3824864 0.09516876 -0.9190469 0.8716139 0.3616881 -0.3308641 0.05578398 -0.1464696 -0.9876411 -0.3164914 -0.05083978 -0.9472321 -0.8673687 0.06967681 -0.4927643 0.691354 0.2926389 0.6605998 0.2626733 -0.1262575 0.9565887 -0.1294633 -0.3447343 0.9297298 -0.591732 -0.1877048 0.7839772 -0.9569743 0.04841893 0.286105 -0.9569727 0.04843735 0.2861071 -0.9844816 0.1720294 0.03466707 -0.9807902 0.1517379 -0.1225816 -0.8673886 0.06968849 -0.4927278 0.4844295 0.8701369 0.09049731 0.9699534 0.2367758 0.05592632 0.84006 -0.4913064 -0.2300378 0.1809722 -0.9108658 -0.3709079 -0.6912789 -0.6933103 -0.2036035 -0.9865823 2.98619e-4 -0.163265 -0.6021301 -0.2354795 -0.7628819 -0.7047415 -0.2233937 -0.6733756 -0.9092894 -0.3728615 0.1848443 -0.8604089 -0.4102557 0.3023024 -0.617866 -0.3426431 -0.7076986 -0.7844171 -0.5336852 0.3160221 -0.4351127 -0.5242395 0.7320177 -0.3076027 -0.4724776 0.8259211 0.205088 -0.3447655 0.9160107 0.5148372 -0.03156608 0.8567067 -0.5143775 -0.4819986 -0.7092907 -0.6724737 -0.6732653 0.3073973 -0.07586902 -0.8586894 -0.5068497 -0.1525481 -0.9107071 0.3838512 0.6743223 -0.5389583 -0.5047904 0.76087 -0.5085291 0.4030823 0.933294 0.05176818 0.3553625 0.7096185 0.05907863 -0.7021049 0.5179125 -0.04203987 0.8544 0.5261965 -0.2710624 0.806004 0.1295947 -0.2015075 0.9708759 -0.307709 -0.4548773 0.8357043 -0.1011751 -0.5780034 0.809738 0.5032153 -0.04241913 0.8631195 0.1782638 -0.3199654 0.9305076 -0.3124015 -0.4242331 0.8499598 0.4751467 0.4288503 -0.7683249 -0.641456 -0.1804676 -0.7456312 0.2754226 0.6270852 -0.7286334 -0.6564227 0.2148901 -0.72314 -0.2634704 0.6225847 -0.7368662 -0.6021895 -0.2355009 -0.7628284 0.6142938 0.3819995 -0.6904489 0.6537144 0.3628088 -0.6640989 -0.7048113 -0.223439 -0.6732876 0.6789356 0.2256838 -0.6986511 -0.6179328 -0.3426693 -0.7076276 0.7096639 0.0590474 -0.7020617 -0.5144288 -0.482008 -0.709247 0.674335 -0.5389655 -0.504766 -0.07592755 -0.8587142 -0.5067988 -0.8220543 0.5686017 0.03031301 -0.9865837 3.5128e-4 -0.1632567 -0.6414034 -0.1805225 -0.7456631 0.07587873 -0.9958057 -0.05112105 0.8073915 -0.5653612 0.1687779 0.4726164 -0.6425715 -0.603105 0.8841363 -0.2842927 0.3707841 0.92172 0.2321403 0.310714 0.8402714 0.5260539 0.131193 0.5043399 0.5462297 -0.6687858 0.09579342 0.9949496 -0.02998542 -0.6226349 -0.2993323 -0.7229979 0.09862971 -0.9942908 -0.04071921 0.8783255 -0.468209 -0.09656465 0.8197569 0.560209 -0.1190151 0.06361186 0.9976813 -0.02420032 -0.8106217 -0.5800979 0.07986849 -0.6260603 0.2947362 -0.7219273 -0.7700232 0.6357809 0.05335819 0.09573918 0.9949544 -0.0299986 0.5043622 0.5462217 -0.6687754 0.06353026 0.997687 -0.02418094 -0.01205307 -0.9996858 -0.02197855 0.7782512 -0.5130001 -0.3621549 0.7359542 0.5414898 -0.406399 -0.01523458 0.9997932 -0.013475 -0.6602885 0.5847005 0.4713221 -0.01522964 0.9997935 -0.01345568 -0.6600653 -0.5831826 0.4735102 0.4958984 -0.4536955 -0.7404358 0.003123641 -0.9839714 -0.1782994 0.02761924 -0.5385468 -0.8421428 -0.0878067 -0.9931359 -0.07727402 0.4690167 0.4919031 -0.7335222 0.0478354 0.4118498 -0.9099954 0.02257651 0.9883129 -0.1507582 -0.02274185 0.9852049 -0.1698651 -0.3330978 -0.5767158 0.7459523 -0.09139955 -0.5469357 0.8321704 -0.3072758 0.5876658 0.7484855 -0.04590475 0.6218544 0.7817864 -0.02275115 0.9852038 -0.1698705 0.02255082 0.988312 -0.1507676 -0.6698265 -0.3893998 -0.6322186 -0.669403 0.2453571 -0.701213 -0.6192471 0.7847602 -0.02616328 -0.6551966 -0.7453197 0.1233526 -0.4808394 0.4739488 0.7376762 -0.6192348 0.7847673 -0.02624285 -0.6551887 -0.7453264 0.1233549 -0.4727028 -0.3084412 0.8254793 -0.6552377 -0.7452991 0.1232594 -0.6552758 -0.7452584 0.1233033 -0.6698234 -0.3894228 -0.6322078 -0.08778011 -0.9931389 -0.0772643 0.07869088 -0.9930276 -0.08777225 0.0366854 -0.9993247 -0.002058088 0.5802312 -0.6402875 0.5033524 0.6057122 -0.5878348 0.536249 0.9156094 -0.04259318 0.3998065 0.7186338 0.493008 0.490417 0.5134753 0.4999957 -0.6973862 0.1291324 0.9844093 -0.1194286 -0.3676818 0.2150328 -0.9047492 0.660463 -0.5106365 0.5504899 0.09183967 -0.9943972 0.05234271 0.6676238 0.533681 0.5190983 0.08487004 0.9961151 0.02349227 -0.7124914 0.6590406 -0.2408767 -0.7199208 -0.6516157 -0.2389793 -0.3707959 -0.5309782 -0.7619532 0.03664016 -0.9993265 -0.002074062 0.07865452 -0.9930268 -0.08781439 0.09181952 -0.9944027 0.05227339 0.06799316 -0.997641 -0.009466826 0.7833726 -0.5456345 0.297675 0.7708659 0.5792607 0.2649961 0.03563159 0.9991505 -0.02070379 -0.8535477 0.4952356 -0.1618583 -0.8560193 -0.4746738 -0.2047339 0.06793791 -0.9976447 -0.009468197 0.8380734 -0.5455437 0.003908634 0.03249394 -0.9964473 -0.07769811 0.8482369 -0.5286431 0.03210413 0.09242725 -0.993816 -0.06153857 0.8367862 0.5474869 -0.006867349 0.8624486 0.499687 0.08059394 0.01426762 0.9978201 -0.06443154 0.0285018 0.9995084 -0.01306796 -0.8225089 0.510712 -0.2503049 -0.7831716 0.5613784 -0.2673884 -0.7842411 -0.5670613 -0.251809 -0.7289286 -0.5950005 -0.3385819 0.03246527 -0.996449 -0.07768881 0.09240448 -0.9938184 -0.06153625 0.8034699 -0.3554508 -0.4775888 0.1173496 -0.7520271 -0.648602 0.1109041 0.7777075 -0.618766 0.8236015 0.3028954 -0.4795154 0.1107419 0.7777093 -0.6187928 -0.6138988 0.4045239 -0.677856 0.110843 0.7776708 -0.6188232 -0.6326963 -0.3748117 -0.6776515 0.11742 -0.7520225 -0.6485945 0.1107609 0.7777339 -0.6187584 0.1801611 -0.9836124 -0.006974279 0.9165887 -0.3997483 -0.008161127 0.4637602 -0.6798104 -0.5681412 0.9943345 0.1026246 0.0276966 0.7297726 0.6561011 0.192259 0.7613589 0.6430655 -0.08245956 0.009602665 0.9945448 -0.1038678 0.1079117 -0.9932973 0.04141825 0.9021948 -0.4311184 -0.01347279 0.7408505 0.6705306 -0.03910684 -0.1804516 0.9790674 -0.09415125 -0.9006261 0.3900693 -0.1916214 -0.655759 0.6647519 -0.3578898 -0.7448097 -0.4025763 -0.5321568 -0.767978 -0.6352718 -0.08148449 0.1800807 -0.9836271 -0.006991028 0.4637296 -0.6798254 -0.5681483 0.1078221 -0.9933072 0.04141515 0.1863319 -0.9810024 -0.05398941 0.8545681 -0.3796128 -0.3544116 0.711862 0.6018624 -0.3619589 -0.104219 0.99127 -0.0807597 -0.7473041 0.5832391 0.3183848 -0.5116153 -0.7964731 0.3223052 0.186326 -0.9810038 -0.05398291 0.4220407 -0.4188987 -0.8039936 0.07698941 -0.9683785 -0.2373095 0.1567263 -0.3809497 -0.9112158 0.01070743 -0.9602255 -0.2790207 0.3400661 0.5103628 -0.7898638 0.1350594 0.4932646 -0.8593305 -0.09128534 0.9936123 -0.06634473 -0.06276267 0.9976223 -0.02847385 -0.2662637 0.4578151 0.8482388 -0.3131233 0.4776953 0.8208295 -0.2638683 -0.6513266 0.7114403 -0.2365847 -0.6437429 0.7277519 0.01071953 -0.9602347 -0.2789883 0.07694059 -0.9683741 -0.2373429 -0.430146 -0.2858893 -0.8562954 -0.6150276 -0.7587466 -0.2145803 -0.6378564 0.764069 -0.09663277 -0.4533923 0.3082087 -0.836327 -0.6379098 0.7640317 -0.09657549 -0.7172021 0.3509517 0.6020416 -0.6379018 0.7640293 -0.09664648 -0.6882196 -0.4360091 0.5798707 -0.6150254 -0.7587353 -0.2146264 -0.6378545 0.7640772 -0.09658074 -0.7448233 -0.4026117 -0.5321109 0.4637551 -0.6798396 -0.5681105 -0.7326083 0.1492913 -0.6640762 0.4078331 0.6366363 -0.6544972 -0.5323621 -0.1620073 -0.8308696 -0.4755864 0.5004153 -0.7234654 -0.3899241 0.4937779 -0.777266 -0.08597737 0.9962016 -0.01379477 -0.06202548 0.9966268 -0.0537393 0.2845854 0.7405675 0.6087454 0.2838886 0.6975525 0.6578966 0.4365557 0.2922272 0.8508952 0.4583967 0.3094971 0.8331171 -0.3310901 -0.1339901 -0.9340375 -0.5256721 -0.06361383 -0.8483056 -0.2880805 -0.03775572 -0.9568617 -0.2492169 0.1796674 -0.9516357 -0.4266844 0.1230108 -0.895996 0.442784 0.1216008 0.8883443 0.4441128 0.062855 0.8937634 0.3620467 -0.1054427 0.9261772 0.3657323 -0.1938782 0.9103028 0.2701916 -0.6436551 0.7160341 0.1797419 -0.6261574 0.7586963 0.2912192 -0.2982608 0.908973 -0.1883762 -0.7050809 0.6836486 0.3860001 0.02212595 0.9222334 0.160005 -0.5605142 0.8125408 -0.1900087 -0.5974293 0.779086 -0.7850729 -0.5897594 0.1893261 -0.8562884 -0.5009713 0.1256896 0.4493268 0.04054623 0.8924468 0.2168627 0.6867959 0.6937449 0.3743787 0.2506967 0.892744 0.2356635 0.7308035 0.6406161 0.04711788 0.6817105 0.7301033 -0.1711698 0.9840711 0.04800933 -0.3367216 0.9312472 0.1392739 -0.434744 0.7825611 -0.4456411 -0.4426851 0.6557719 -0.6115498 -0.3633438 0.1176635 -0.9241951 -0.4231101 0.4052575 -0.8103975 -0.2235312 0.9740015 -0.0368086 -0.4037282 0.625063 -0.6680568 -0.3199067 0.2318323 -0.9186477 -0.4542396 0.1225609 -0.8824088 -0.1614221 0.145681 -0.9760738 -0.05202805 0.2706134 -0.9612812 0.0241577 0.2930934 -0.9557787 0.07632815 0.5139421 -0.8544223 -0.05090618 0.5399224 -0.840174 0.4804947 -0.1126595 -0.8697315 -0.03744661 0.4376683 -0.8983564 -0.2799576 0.4541956 -0.845772 -0.4648143 0.1414479 -0.8740367 -0.7197959 -0.4536187 -0.5254751 -0.8441525 -0.3042584 -0.4413993 -0.7955097 0.1354705 -0.5906032 -0.7468314 0.004557132 -0.6649979 -0.7850692 -0.589774 0.1892963 -0.8562846 -0.5009667 0.1257343 -0.8252877 -0.5609267 0.06527942 -0.520008 -0.8171457 0.2487257 -0.2371876 -0.5016494 -0.8319194 -0.2473269 -0.471218 -0.8466304 0.08595371 -0.993358 -0.07649898 0.07869756 -0.9930204 -0.08784878 -0.3707314 -0.5309597 -0.7619974 -0.3676334 0.2149635 -0.9047853 -0.622634 -0.2993053 -0.7230098 -0.6260892 0.2946698 -0.7219294 0.01739847 -0.9995942 0.02255755 0.2069159 -0.95807 0.1982112 0.4725697 -0.6426433 -0.6030651 0.5134291 0.5000597 -0.6973745 -0.6310465 -0.4807593 -0.6088111 0.4526448 -0.6622662 -0.5970898 0.504346 0.5462971 -0.6687261 0.818737 0.4609122 0.3423884 0.4078056 0.6366286 -0.6545218 0.9943289 0.1026884 0.02766185 0.4636778 -0.6798629 -0.5681456 0.6586342 0.322757 0.6797272 0.5194549 0.6856506 0.509951 0.7297335 0.6561212 0.1923382 -0.01901346 0.9972822 -0.07118159 0.009581923 0.9945451 -0.103867 -0.6557096 0.664773 -0.3579412 0.6012459 0.1384074 0.7869859 0.560397 -0.1013058 0.8220051 0.8841654 -0.2841826 0.3707988 0.9224711 0.2318192 0.3087182 0.9156216 -0.04260963 0.3997772 0.4539456 -0.6026803 0.6562849 0.5802584 -0.6402588 0.5033577 0.07869434 -0.9930278 -0.08776688 0.08598995 -0.9933596 -0.07643681 0.01741689 -0.9995942 0.02254325 0.2069451 -0.9580662 0.1981989 -0.2101534 -0.8479731 0.4865975 -0.8252663 -0.5609611 0.06525677 0.4725909 -0.6426535 -0.6030377 0.5134186 0.5000761 -0.6973703 -0.5199607 -0.8171533 0.2488 -0.1265681 -0.9893151 0.072362 0.2735649 -0.6993185 0.6603907 0.5260137 -0.8207724 -0.2228056 0.7935945 -0.5752356 0.1982723 0.9218956 -0.06312614 0.3822612 0.4447532 0.02158266 0.8953931 0.8624122 0.4787009 0.1645931 0.3588137 0.7436153 0.5641713 0.6604475 0.6756929 -0.3274877 0.07785058 0.9919279 -0.1000915 0.4106832 0.4786053 -0.7760646 -0.2302168 0.6858009 -0.6904183 0.2528527 -0.03741568 -0.966781 -0.4199939 0.06063395 -0.9054992 -0.4612318 -0.6591352 -0.5939749 0.2594824 -0.6208247 -0.7397605 -0.126613 -0.9893107 0.07234293 0.5260174 -0.8207761 -0.2227828 -0.848154 -0.4836859 -0.2160621 -0.8028087 -0.5876255 -0.100969 -0.7169675 0.4711514 -0.5137841 -0.7955362 0.1354066 -0.5905821 0.1335917 -0.9754832 0.174888 -0.07562232 -0.9711803 0.2260313 -0.2101553 -0.847992 0.4865639 -0.8252674 -0.5609608 0.0652433 0.2069893 -0.9580718 0.1981256 0.7738184 -0.6332784 0.01279079 0.4805304 -0.11267 -0.8697103 0.9063424 0.1401548 -0.3986229 0.0873925 0.8276554 -0.5543908 -0.05090117 0.5399542 -0.840154 -0.7954944 0.1354542 -0.5906276 -0.7169418 0.4711531 -0.5138182 0.9360548 0.3518521 -0.001301646 0.8048021 -0.4935044 0.3297683 0.214841 0.8902773 -0.4015589 -0.6688656 0.5873591 -0.4556624 -0.04558974 -0.9908573 0.1269789 -0.879997 -0.3745986 -0.2920295 -0.6688676 0.5873644 -0.4556525 0.769383 0.1655133 0.6169725 0.7161666 -0.5658765 0.408521 -0.1514713 0.98802 -0.02954667 -0.6891623 0.5030587 -0.5215241 -0.6891707 0.5030773 -0.521495 -0.6354683 -0.4233052 -0.6457499 0.09732758 -0.9643012 -0.2462731 0.7269549 -0.5626256 0.3936864 0.260208 0.05183112 0.9641605 0.3884427 0.1599306 0.9074881 0.7873204 -0.4769847 0.3906559 -0.3830788 0.7523872 0.5358771 -0.5100603 0.6681681 0.5416548 -0.6733871 0.5707882 -0.4698414 -0.6700567 0.6309159 -0.3911128 0.543471 -0.66288 -0.5150043 0.4385966 -0.7392635 -0.5110017 -0.286962 -0.05772417 -0.9562013 -0.3269786 -0.1570187 -0.9318961 -0.6733671 0.5707874 -0.4698708 -0.6700833 0.6308905 -0.3911082 0.5752834 0.4665178 0.6718708 0.9672241 0.2149745 0.1351429 -0.06631767 0.9263342 0.3708196 -0.09431767 0.914344 -0.3938011 0.9672401 0.2148989 0.1351482 -0.09433197 0.9143555 -0.3937709 0.1165115 0.3073349 -0.9444419 0.9672343 0.2148988 0.1351904 0.755831 -0.1573467 -0.6355797 0.9672348 0.2149354 0.1351283 0.9298116 -0.02081251 0.367447 0.4526685 -0.6622712 -0.5970665 0.5043517 0.5463172 -0.6687054 0.1566548 -0.9874506 -0.02001905 0.8747395 -0.4498102 0.1802821 0.4527145 -0.6622028 -0.5971073 0.9298089 -0.02088177 0.36745 0.8186904 0.460995 0.3423883 0.8038646 0.5843801 0.1109137 0.4078724 0.6365559 -0.6545509 0.04580163 0.9955657 -0.08216565 -0.7326115 0.1493448 -0.6640606 0.1556479 -0.987527 -0.02375441 0.9130488 -0.3897741 -0.1200758 0.7248013 0.673454 -0.1453377 -0.05234098 0.9981296 -0.03158533 -0.8676149 0.4887015 0.09173512 -0.8676208 0.4886878 0.09175163 0.07934933 -0.9965505 -0.02430826 0.8561111 -0.4208614 -0.2999161 0.6943419 0.6310186 -0.3459839 -0.1003316 0.9949541 4.84211e-5 -0.6876506 0.5351503 0.4906638 0.5503185 -0.4189465 -0.7222419 0.05823498 -0.9791718 -0.1945031 0.1192612 -0.4711428 -0.8739573 -0.04067897 -0.9825842 -0.1813107 0.442596 0.5240207 -0.7276751 0.1126683 0.4668923 -0.8771074 -0.03259527 0.9902721 -0.1352731 -0.03639245 0.9944347 -0.09887021 -0.3127962 0.5474908 0.7761523 -0.164923 0.5371156 0.8272288 -0.1812528 -0.5954272 0.7826966 -0.3493179 -0.6115343 0.7099316 -0.04068797 -0.9825922 -0.1812656 0.05821126 -0.9791768 -0.1944847 -0.6161427 -0.6705467 0.4132013 -0.8675906 0.488748 0.09171783 -0.7242749 -0.6781644 0.1245751 -0.7326043 0.1493833 -0.6640599 0.155606 -0.9875336 -0.02375584 0.1566024 -0.987458 -0.02006423 -0.6310217 -0.4808011 -0.6088038 -0.7325748 0.1493753 -0.6640943 0.07932633 -0.9965527 -0.02429306 -0.6513364 -0.4234815 0.6296223 -0.7078357 0.3759802 0.598003 -0.6128007 -0.7728313 -0.164946 -0.622352 0.771356 -0.1329962 0.4526953 -0.662232 -0.5970895 -0.622349 0.7713536 -0.1330244 -0.622387 0.7713273 -0.1329994 -0.437492 0.2956863 -0.8492175 -0.437467 -0.3203485 -0.8402379 -0.622343 0.7713548 -0.1330451 -0.6128229 -0.7728207 -0.1649132 -0.5974264 0.8009088 -0.04033607 0.5206668 -0.852507 -0.04623907 0.5345937 -0.8428966 -0.06111568 -0.5137282 -0.8570698 -0.03892093 -0.5345974 -0.842894 -0.0611177 0.5902252 0.8057238 -0.04942995 0.6324255 0.5751476 -0.5188867 -0.4490747 0.5938891 -0.6675536 0.6916083 0.7222564 -0.004874229 -0.6975523 0.7043566 -0.13154 -0.9828665 0.01606237 -0.1836183 -0.9984109 0.004911959 -0.0561397 -0.6974844 0.7044215 -0.1315518 -0.7110337 0.7031416 -0.004788577 -0.6388829 -0.06703519 0.7663779 -0.5263748 0.5155751 0.6761006 -0.4490516 0.5939083 -0.6675519 -0.551978 0.07264709 -0.8306881 0.7623433 0.05632644 -0.644717 -0.4490214 -0.4689828 -0.7605492 -0.7105779 -0.6922742 -0.1258398 -0.5251485 -0.6266428 0.5757933 0.6293819 -0.6366899 0.4455385 0.7796453 -0.05456691 0.6238394 0.6279088 0.5521187 0.5485395 -0.5263669 0.5155254 0.6761446 0.696322 0.7162973 0.04531913 0.9997928 -0.001774609 0.02028113 0.682432 0.7299381 0.03843283 0.9951766 -0.008548498 0.09772694 0.6631363 0.5609112 -0.4956097 0.7916879 0.05322569 -0.6086029 0.6956424 -0.7141371 -0.07803839 0.6632108 -0.4664241 -0.5853204 -0.5051811 -0.4552791 -0.7331528 -0.6132524 0.06879872 -0.7868852 0.682478 -0.7254677 -0.08899772 -0.5052626 0.5757689 -0.6428064 0.6324419 -0.4763557 -0.6108212 0.6916158 -0.7104285 -0.1302268 -0.4490852 -0.4689199 -0.7605502 -0.6975452 -0.670803 -0.2519011 0.691607 -0.7104501 -0.1301557 4.50027e-4 -0.989696 -0.1431843 -0.6975698 -0.6707941 -0.2518568 -0.7106205 -0.6922224 -0.1258833 0.6293624 -0.6366621 0.4456056 -0.5251567 -0.6266077 0.575824 0.6957286 -0.7140501 -0.07806545 -0.6976007 -0.6869251 -0.2036843 0.6825283 -0.7254285 -0.08893066 -0.505141 -0.4552506 -0.7331982 0.6632725 -0.4664052 -0.5852656 -0.6974923 -0.6708859 -0.2518269 0.6324332 0.5751944 -0.5188253 0.7623419 0.05640155 -0.6447123 -0.4490395 0.5939242 -0.6675459 0.6324223 -0.4764305 -0.6107831 -0.4490524 -0.4689696 -0.7605391 0.7623489 0.05633318 -0.6447098 -0.5263332 0.5154814 0.6762044 0.6279415 0.5520733 0.5485478 -0.7111037 0.7030711 -0.004756033 2.53415e-4 0.9996044 0.02812647 0.6963701 0.7162516 0.045304 -0.6975753 0.7043479 -0.1314644 0.6916346 0.722231 -0.004892528 -0.6976698 0.7118043 -0.08118826 0.6825049 0.7298696 0.03843927 -0.5052707 0.575744 -0.6428223 0.6631572 0.5608752 -0.4956223 0.7622864 0.05641686 -0.6447765 0.9999492 -8.77639e-4 0.01003903 0.6324013 -0.4763947 -0.6108329 0.691561 -0.7104806 -0.1302332 0.0169413 0.08713555 -0.9960525 1.05679e-4 -0.9897006 -0.1431534 0.6324006 0.5751941 -0.5188654 0.69156 0.7223026 -0.004869818 2.6229e-4 0.9996023 0.02820158 -0.6975979 0.7118624 -0.08129733 -0.9954576 0.008298933 -0.09484368 -0.5052487 0.575717 -0.6428638 -0.61322 0.06886136 -0.7869051 -0.5051635 -0.4553253 -0.7331363 -0.6975702 -0.6869789 -0.2036067 -0.4741933 0.7246734 -0.4999892 0.3749233 0.7340354 0.5662373 -0.2960072 0.7033434 -0.6462877 0.4445385 0.7295947 0.5196896 0.3059399 -0.6850681 0.6611222 0.4512907 -0.6896365 0.5663376 0.5013428 0.7227448 0.4757053 -0.09262877 0.6527547 -0.7518852 0.1198285 -0.6414288 0.7577666 -0.5051662 -0.6464736 -0.5717334 -0.4751817 -0.6738043 -0.5658534 0.1198909 -0.6413744 0.7578029 0.306003 -0.684999 0.6611645 0.1558694 0.5690439 -0.8073994 0.6418485 0.6200687 0.45116 -0.09473741 -0.517392 0.8504883 -0.579416 -0.6070454 -0.5438503 -0.09465837 -0.5174012 0.8504915 0.8443607 0.3338853 0.4190174 0.5103415 0.3550232 -0.7832689 -0.2545511 -0.2806507 0.9254398 -0.2545595 -0.280642 0.9254402 -0.7283896 -0.2793456 -0.6256315 0.8798928 -0.02361267 0.4745851 0.5189098 -0.02091467 -0.8545731 0.4966706 -0.3705769 -0.7848511 0.8333076 -0.3511669 0.4269432 0.1546195 -0.5725052 -0.8051898 0.6474164 -0.6149481 0.4502121 0.5488253 -0.6906028 0.4710188 -0.06045514 -0.6245504 -0.7786411 -0.2604774 -0.6800391 -0.6853455 0.5133164 -0.7475764 0.4214688 0.4800476 -0.7407169 0.4699924 -0.473523 -0.7095872 -0.5217874 0.2789309 0.6475873 0.7091039 0.4658135 0.712612 0.524597 -0.5496956 0.6514614 -0.522908 -0.5377524 0.6638615 -0.5197215 0.4657987 0.7125326 0.524718 0.2789086 0.647504 0.7091887 0.05617499 0.6353101 0.7702113 0.05619359 0.6352221 0.7702825 -0.5331321 0.6505442 -0.5408905 -0.09501785 0.5053279 0.8576802 -0.5916492 0.5948114 -0.5441973 -0.09496778 0.5052506 0.8577314 -0.2776372 0.3017592 0.9120631 -0.2776176 0.3017176 0.9120828 -0.7335706 0.2824481 -0.6181401 -0.4718421 0.02024245 0.8814507 -0.4718169 0.02015185 0.8814663 -0.8536536 0.02288532 -0.5203381 0.4513617 -0.6895906 0.5663369 0.3598152 -0.8988842 0.2500803 -0.4514752 -0.6524891 -0.6086282 -0.5636727 -0.47756 -0.6739507 -0.6650455 0.4101222 -0.6241109 0.3087282 0.7643578 0.5660779 0.3599042 -0.8988627 0.2500299 0.4205186 -0.8135065 0.4017108 -0.6873149 -0.4446403 -0.5743634 0.4323959 0.8383058 0.3320801 -0.6493634 0.5011698 -0.5719757 0.4324281 0.8383044 0.3320417 -0.6091973 -0.7092032 0.3548373 -0.6092033 -0.7091969 0.3548393 -0.3984887 -0.5019834 0.7676063 -0.3985044 -0.5019778 0.7676018 -0.2337342 -0.06655496 0.97002 -0.2337332 -0.06656736 0.9700194 -0.177845 0.4307818 0.884759 -0.1778486 0.4307633 0.8847672 -0.2521809 0.800019 0.544403 -0.2521985 0.8000153 0.5444002 -0.4283184 0.9001675 0.0790047 -0.4283188 0.9001675 0.0790041 -0.7853689 -0.6090637 -0.1106216 -0.7853762 -0.6090568 -0.1106085 -0.8597153 -0.239807 -0.4509792 -0.8597139 -0.2398271 -0.4509712 -0.80383 0.2575125 -0.5362319 -0.803826 0.2575245 -0.5362322 -0.6390684 0.6929316 -0.3338225 -0.6390702 0.6929302 -0.3338218 -0.4283812 0.900146 0.07890981 -0.4283596 0.9001591 0.07887834 -0.1100835 -0.9796317 0.167939 0.1464402 -0.7273559 0.6704541 -0.1100826 -0.9796318 0.1679391 0.1464391 -0.7273559 0.6704543 0.347022 -0.1972789 0.9168734 0.3470221 -0.1972798 0.9168731 0.4150624 0.4082058 0.8130754 0.4150618 0.4082073 0.8130748 0.3245574 0.8577194 0.398723 0.324559 0.8577183 0.398724 0.110095 0.9796416 -0.1678739 0.1101219 0.9796366 -0.1678851 -0.3245574 -0.8577195 -0.3987228 -0.3245565 -0.8577197 -0.3987232 -0.4150605 -0.408201 -0.8130785 -0.41506 -0.4082142 -0.8130722 -0.3470181 0.1972865 -0.9168732 -0.3470213 0.197272 -0.9168751 -0.1464389 0.7273564 -0.6704539 -0.1464396 0.7273555 -0.6704546 0.1101832 0.9796097 -0.1680016 0.1100888 0.9796271 -0.1679622 0.531734 -0.7127665 0.4574088 0.3226866 -0.9461266 -0.02679228 0.7724577 -0.6123757 0.168241 0.6002089 -0.7817664 -0.1690877 0.907113 -0.2565039 0.3336942 0.6728732 -0.2406047 0.6995364 0.9527884 0.1499724 0.2640123 0.7389199 0.2969586 0.6048248 0.89213 0.4515547 -0.01422697 0.6930668 0.6910636 0.2051572 0.7481949 0.5333979 -0.3945772 0.517982 0.7914043 -0.3246139 0.4562606 -0.6998922 -0.5495245 0.09100502 -0.8347508 -0.5430554 -0.0315783 -0.4355812 -0.8995954 0.3954961 -0.3981098 -0.8277027 0.02986669 0.1112126 -0.9933478 0.4411712 0.008328258 -0.8973844 0.2488256 0.5690945 -0.7837202 0.5759754 0.3640614 -0.7319234 0.7481556 0.5333849 -0.3946693 0.5179668 0.7913662 -0.3247306 0.4015229 0.8209004 0.4060814 0.425791 0.3817056 0.8203676 0.2123087 0.9539231 -0.2120282 0.2122805 0.9539092 -0.2121186 -0.08963733 0.6808004 -0.7269635 -0.3314325 0.1708485 -0.9278811 -0.3945618 -0.39089 -0.8315805 -0.2594581 -0.8449285 -0.4677365 0.4214324 0.3660944 0.8296805 0.3603025 -0.1512547 0.9204913 0.2368354 -0.1283607 0.963033 0.1937025 -0.6762513 0.7107486 0.04469287 -0.6409669 0.7662663 -0.2183406 -0.02890497 0.9754445 -0.3921656 -0.4402027 0.8077301 -0.2484179 -0.9423194 0.2243275 -0.6387456 -0.6778535 0.3640313 -0.1707428 0.394603 0.9028485 0.2943902 0.3837761 0.875243 0.2101552 0.8317948 0.5137628 -0.2578836 0.7550216 0.6028586 -0.4635707 0.8807523 0.09683811 -0.03082495 0.9937239 -0.1075301 -0.8158069 -0.55746 -0.1539399 -0.4711311 -0.7837527 -0.4046815 -0.5296305 -0.3404973 -0.7768869 -0.8565727 -0.2055261 -0.4733312 -0.8089752 0.2179449 -0.545948 -0.4720901 0.1716257 -0.8646823 -0.6815181 0.6377771 -0.3588503 -0.3056486 0.689042 -0.6571151 -0.03081762 0.9937161 -0.1076036 -0.463571 0.8807566 0.096798 -0.7259492 0.2696915 0.6326645 -0.7431376 0.1168209 0.6588622 -0.8057574 -0.0355612 0.5911773 -0.9019977 -0.1265672 0.4127722 -0.8375917 0.4467083 0.3144712 -0.9256799 0.3542557 0.1327388 -0.9779279 0.1999588 0.06061029 -0.9951067 0.04706496 0.08687674 -0.9747561 -0.08233296 0.207538 -0.7567549 0.4009597 0.5162881 -0.8057837 -0.03555136 0.591142 -0.8376047 0.4466247 0.3145554 -0.9020136 -0.1265035 0.4127572 -0.9747554 -0.08228683 0.2075592 -0.9256897 0.3542061 0.1328036 -0.995098 0.04712516 0.08694434 -0.9779201 0.1999589 0.06073588 -0.7566938 0.4010255 0.5163266 -0.8375694 0.4467036 0.3145372 -0.003253161 -0.9924704 0.1224415 0.2397977 -0.7067448 0.6655892 0.3728882 -0.1784728 0.9105503 -0.08173459 -0.9843655 0.1560261 -0.3263697 -0.8202014 -0.4698433 -0.4127639 -0.3652189 -0.8344107 -0.3548549 0.1502113 -0.9227756 -0.1558521 0.6707811 -0.7250951 0.1398089 0.9732475 -0.1823264 0.3646799 0.8117591 0.4561313 0.1398132 0.973257 -0.1822723 0.4006648 0.110892 0.9094893 0.4006451 0.1108938 0.9094978 0.9264838 -0.03995966 0.3742073 0.9264838 -0.03995996 0.3742073 0.9095931 -0.1674038 -0.3802847 0.9095939 -0.1674054 -0.3802821 0.359867 -0.1967863 -0.9120148 0.3598848 -0.1967862 -0.9120078 -0.4006529 -0.1108934 -0.9094944 -0.4006524 -0.1108935 -0.9094946 -0.9264845 0.03996038 -0.3742056 -0.9264838 0.03996002 -0.3742071 -0.9096034 0.1673849 0.3802685 -0.9095993 0.1674212 0.3802621 -0.3598724 0.1967856 0.9120128 -0.3598743 0.1967873 0.9120117 -0.9095868 0.1673899 0.3803058 -0.9095793 0.1674246 0.3803088 0.1100834 0.9796317 -0.1679391 0.1100834 0.9796317 -0.1679394 0.1100828 0.9796318 -0.1679388 0.1100829 0.9796319 -0.1679382 0.1100828 0.9796317 -0.1679389 0.1100835 0.9796318 -0.1679382 0.1100817 0.9796316 -0.1679409 0.110085 0.9796318 -0.1679373 -0.1100834 -0.9796319 0.1679381 -0.1100851 -0.9796313 0.1679396 -0.1100831 -0.9796319 0.1679381 -0.1100839 -0.9796317 0.1679389 -0.1100832 -0.9796317 0.1679389 -0.1100823 -0.979632 0.167938 -0.1100827 -0.9796319 0.1679383 -0.1100825 -0.9796319 0.1679382 -0.1100832 -0.9796317 0.1679391 -0.1100835 -0.9796317 0.1679393 -0.1100812 -0.9796321 0.1679379 -0.1100803 -0.9796323 0.1679373 -0.1100833 -0.9796317 0.1679389 -0.1100844 -0.9796315 0.1679392 -0.1100826 -0.9796319 0.1679388 -0.1100826 -0.9796319 0.1679388 0.4006545 0.1108974 0.9094932 0.400649 0.1108939 0.9094961 0.9264827 -0.03995865 0.3742101 0.926482 -0.03995794 0.3742118 0.9095935 -0.1674041 -0.3802838 0.9095945 -0.1674053 -0.3802807 0.3598761 -0.1967861 -0.9120113 0.3598726 -0.1967889 -0.912012 -0.4006448 -0.1108964 -0.9094975 -0.4006631 -0.110892 -0.9094901 -0.9264812 0.03995954 -0.3742137 -0.9264885 0.03996008 -0.3741955 -0.9096108 0.1674152 0.3802372 -0.9096167 0.1673726 0.380242 -0.3598746 0.1967856 0.9120119 -0.3598805 0.1967848 0.9120097 -0.9095708 0.167427 0.3803277 -0.9095752 0.1673918 0.3803328 0.4006454 0.1108954 0.9094974 0.4006596 0.1108909 0.9094917 0.400649 0.1108945 0.909496 0.4006615 0.110888 0.9094912 0.4006602 0.1108974 0.9094907 0.4006594 0.110899 0.9094908 0.4006534 0.1109036 0.9094929 0.4006532 0.1109022 0.9094932 0.4006517 0.1108956 0.9094947 0.400653 0.1108967 0.9094939 0.400654 0.110893 0.9094939 0.4006508 0.1108899 0.9094957 0.4006408 0.1108912 0.9095 0.4006361 0.1108903 0.9095022 -0.8617398 -0.2916072 0.4151744 -0.9107962 -0.05974358 0.4085106 -0.8617427 -0.2915997 0.4151736 -0.9107973 -0.05974328 0.4085085 -0.5773648 -0.7402054 0.3445953 -0.5773677 -0.7402026 0.3445963 -0.1100853 -0.9796314 0.1679394 -0.1100819 -0.979632 0.1679378 0.3911024 -0.9183688 -0.06031459 0.3911077 -0.9183663 -0.06031656 0.7729063 -0.5739748 -0.2704976 0.7729064 -0.5739753 -0.2704958 0.8728443 -0.3480373 -0.3420714 0.8728443 -0.3480352 -0.3420736 -0.4006633 -0.1108973 -0.9094893 -0.4006673 -0.1108904 -0.9094883 -0.4006675 -0.1108973 -0.9094875 -0.4006689 -0.1108902 -0.9094877 -0.4006569 -0.1109033 -0.9094914 -0.4006538 -0.1109046 -0.9094927 -0.4006549 -0.1108903 -0.9094938 -0.4006567 -0.1108868 -0.9094935 -0.4006426 -0.1108968 -0.9094985 -0.4006427 -0.1108981 -0.9094982 -0.4006409 -0.1108943 -0.9094996 -0.4006438 -0.1108944 -0.9094983 -0.4006593 -0.1108929 -0.9094915 -0.4006634 -0.1108925 -0.9094899 0.9107066 0.06063097 -0.4085796 0.9107066 0.06063097 -0.4085797 0.8616212 0.2919729 -0.4151638 0.8616228 0.2919679 -0.4151638 0.5717126 0.7454343 -0.3427425 0.5717066 0.7454395 -0.3427414 0.110083 0.9796318 -0.1679384 0.1100837 0.9796319 -0.1679378 -0.384404 0.921404 0.05699306 -0.38441 0.9214014 0.05699497 -0.7719521 0.5755444 0.2698865 -0.7719571 0.5755366 0.2698891 -0.8718108 0.3514661 0.3412003 -0.8718107 0.3514655 0.341201 -0.329409 -0.07442635 0.9412494 0.8378612 0.4322011 0.3334529 -0.4018251 0.03634065 0.9149951 0.8602605 0.3453477 0.3750826 -0.3272054 0.64991 0.6859691 0.6505033 0.7237021 0.230436 -0.9029614 -0.2330754 -0.3610216 -0.3293122 -0.07438653 0.9412865 -0.9429382 -0.1134525 -0.3130432 -0.4017537 0.03636711 0.9150254 -0.7798469 0.5244945 -0.3416788 -0.3271865 0.6499238 0.6859651 -0.9030042 -0.2330884 -0.3609062 -0.9429597 -0.1134402 -0.3129833 0.2873286 0.2799118 -0.9160195 0.2797291 0.1846677 -0.9421516 0.860221 0.345345 0.3751755 0.8378463 0.4321762 0.3335226 0.2093253 0.6015918 -0.7708894 -0.7798567 0.5245213 -0.3416153 0.6504738 0.7237239 0.230451 -0.3271277 0.6498653 0.6860486 0.6505369 0.7236803 0.2304096 -0.7799059 0.5244465 -0.341618 0.2092832 0.6015317 -0.7709476 0.03458672 0.2679721 -0.9628056 0.04381823 -0.09734869 -0.9942853 -0.6676456 0.3251636 -0.6697149 -0.7899224 -0.1831445 -0.5852185 0.01037663 -0.08443534 -0.996375 -0.7151955 -0.3449178 -0.6078874 -0.634694 -0.4324026 -0.640462 -0.0260331 -0.0393781 -0.9988853 -0.04228061 -0.02036249 -0.9988983 -0.5617684 -0.3742136 -0.7378215 -0.350428 0.8986378 -0.2639136 -0.9092046 0.414154 0.04270523 0.2569616 0.8196581 -0.5119878 -0.1254461 0.9609073 0.2468203 0.4747515 0.8799445 -0.01757878 0.6932083 0.3235199 -0.6440476 0.6932332 0.323473 -0.6440442 0.7348302 0.04007875 -0.677066 0.9893669 0.1058329 -0.09976339 0.9102196 0.3855798 -0.1510919 0.7117658 0.08113682 -0.6977151 0.984233 0.1593474 -0.0767706 0.9627253 0.2646981 -0.05563312 0.6711132 0.1865195 -0.7175079 0.6479001 0.2437976 -0.7216566 0.9428574 0.3300901 -0.04539304 0.008013725 0.5133861 0.8581203 -0.685671 0.4779441 0.5490217 0.6998156 0.4540682 0.5514347 0.9101866 0.385662 -0.1510803 0.7633877 0.0969848 0.6386181 0.6998687 0.4539994 0.5514238 -0.09327602 0.002547681 0.9956371 0.008005321 0.5133927 0.8581165 -0.01481294 -0.1478616 0.9888972 0.7415724 0.1206153 0.6599412 0.07425326 -0.2361758 0.9688692 0.7154335 0.1636722 0.6792395 0.7016487 0.1906253 0.6865502 0.1895476 -0.166256 0.9676935 -0.7370787 -0.07309108 0.6718427 -0.6856893 0.4778872 0.5490482 -0.9092286 0.4141005 0.04271191 -0.9842607 -0.1366745 0.1120319 -0.8847848 -0.4564746 0.09373974 -0.6280954 -0.3819443 0.677949 -0.4817116 -0.5859053 0.6516663 -0.7499194 -0.6601414 0.04282909 -0.6863677 -0.7267566 -0.02691453 -0.3818244 -0.6424619 0.6644193 0.9893817 0.1058046 -0.09964525 0.9102063 0.385629 -0.1510463 0.9842384 0.1593637 -0.07666903 0.9627322 0.2646831 -0.05558526 0.9428586 0.3300963 -0.0453208 0.9095915 -0.1674057 -0.3802877 0.9095931 -0.1674041 -0.3802847 0.9095916 -0.1674043 -0.3802881 0.9095934 -0.1674032 -0.3802843 0.9095922 -0.1674057 -0.3802863 0.9095922 -0.1674063 -0.3802859 0.9095917 -0.167406 -0.3802871 0.9095916 -0.1674054 -0.3802875 0.9095925 -0.1674053 -0.3802856 0.9095925 -0.1674069 -0.3802848 0.9095927 -0.167406 -0.3802846 0.9095927 -0.1674064 -0.3802844 0.9095934 -0.1674076 -0.3802824 0.9095935 -0.1674083 -0.3802817 0.9095931 -0.1674064 -0.3802834 0.9095931 -0.167406 -0.3802837 0.9095923 -0.1674069 -0.3802853 0.9095922 -0.1674077 -0.3802852 0.9095924 -0.1674059 -0.3802853 0.9095925 -0.1674059 -0.3802855 0.3633112 0.5247108 -0.7698596 0.5799622 0.7377704 -0.3454545 0.3633263 0.5247198 -0.7698463 0.5799558 0.737762 -0.345483 0.1939181 0.07700175 -0.9779911 0.1939182 0.07699465 -0.9779917 0.1364707 -0.4344551 -0.8902946 0.1364395 -0.4343908 -0.8903309 0.2128941 -0.8140779 -0.540327 0.2129173 -0.8141069 -0.5402744 0.3940224 -0.9170231 -0.06176841 0.3940033 -0.917029 -0.06179982 0.610684 -0.7039598 0.3626373 0.6106737 -0.7039778 0.3626194 0.7801006 -0.2562288 0.5707803 0.7800987 -0.2562217 0.5707858 0.8375651 0.2550547 0.4831477 0.8375594 0.2551167 0.4831252 0.7611385 0.6347746 0.1331522 0.7611101 0.6348064 0.1331627 0.9095918 -0.1674146 -0.3802832 0.9095905 -0.1674149 -0.3802863 0.9095925 -0.1674079 -0.3802843 0.9095929 -0.1674048 -0.3802849 0.9095898 -0.167415 -0.3802878 0.9095927 -0.1674034 -0.3802858 0.9095978 -0.1673988 -0.3802756 0.9095942 -0.1673984 -0.3802846 0.9095938 -0.1673998 -0.380285 0.9095959 -0.1674076 -0.3802762</float_array>
          <technique_common>
            <accessor source="#Mesh-mesh-normals-array" count="3148" stride="3">
              <param name="X" type="float"/>
              <param name="Y" type="float"/>
              <param name="Z" type="float"/>
            </accessor>
          </technique_common>
        </source>
        <source id="Mesh-mesh-map-0">
          <float_array id="Mesh-mesh-map-0-array" count="25548">0.2141 0.1087 0.2127935 0.08308571 0.2472 0.1080999 0.247198 0.08229279 0.2472 0.1080999 0.2127935 0.08308571 0.2472 0.1080999 0.2472 0.1363 0.2141 0.1087 0.2161999 0.1375 0.2141 0.1087 0.2472 0.1363 0.2472 0.1363 0.2473 0.1696 0.2161999 0.1375 0.2163 0.1691 0.2161999 0.1375 0.2473 0.1696 0.2473 0.1696 0.2474 0.1987 0.2163 0.1691 0.2151 0.2008 0.2163 0.1691 0.2474 0.1987 0.2474 0.1987 0.2476 0.2322 0.2151 0.2008 0.2114 0.2319 0.2151 0.2008 0.2476 0.2322 0.2476 0.2322 0.2477999 0.2545 0.2114 0.2319 0.2081 0.2541 0.2114 0.2319 0.2477999 0.2545 0.2141 0.1087 0.18 0.11 0.2127935 0.08308571 0.1777324 0.08479833 0.2127935 0.08308571 0.18 0.11 0.18 0.11 0.1463 0.1106 0.1777324 0.08479833 0.143137 0.08515256 0.1777324 0.08479833 0.1463 0.1106 0.1463 0.1106 0.1106 0.1121 0.143137 0.08515256 0.1088321 0.08509379 0.143137 0.08515256 0.1106 0.1121 0.1106 0.1121 0.07879996 0.1158 0.1088321 0.08509379 0.07770627 0.08581078 0.1088321 0.08509379 0.07879996 0.1158 0.07879996 0.1158 0.04609996 0.1195999 0.07770627 0.08581078 0.04628473 0.0875898 0.07770627 0.08581078 0.04609996 0.1195999 0.1463 0.1106 0.18 0.11 0.1523 0.1337 0.1859 0.1369 0.1523 0.1337 0.18 0.11 0.1523 0.1337 0.1859 0.1369 0.156 0.155 0.1851 0.1654 0.156 0.155 0.1859 0.1369 0.156 0.155 0.1851 0.1654 0.1624 0.1893 0.1849 0.1976 0.1624 0.1893 0.1851 0.1654 0.156 0.155 0.12 0.1413 0.1523 0.1337 0.1191 0.1342999 0.1523 0.1337 0.12 0.1413 0.1523 0.1337 0.1191 0.1342999 0.1463 0.1106 0.1106 0.1121 0.1463 0.1106 0.1191 0.1342999 0.12 0.1413 0.09369999 0.1633999 0.1191 0.1342999 0.08439999 0.1405 0.1191 0.1342999 0.09369999 0.1633999 0.1191 0.1342999 0.08439999 0.1405 0.1106 0.1121 0.07879996 0.1158 0.1106 0.1121 0.08439999 0.1405 0.1851 0.1654 0.2163 0.1691 0.1849 0.1976 0.1851 0.1654 0.1859 0.1369 0.2163 0.1691 0.2151 0.2008 0.1849 0.1976 0.2163 0.1691 0.1849 0.1976 0.2151 0.2008 0.1789 0.2253 0.2114 0.2319 0.1789 0.2253 0.2151 0.2008 0.2161999 0.1375 0.2163 0.1691 0.1859 0.1369 0.2161999 0.1375 0.1859 0.1369 0.2141 0.1087 0.18 0.11 0.2141 0.1087 0.1859 0.1369 0.1789 0.2253 0.2114 0.2319 0.1664 0.2459 0.2081 0.2541 0.1664 0.2459 0.2114 0.2319 0.09369999 0.1633999 0.0593 0.1788 0.08439999 0.1405 0.05089998 0.1485 0.08439999 0.1405 0.0593 0.1788 0.08439999 0.1405 0.05089998 0.1485 0.07879996 0.1158 0.04609996 0.1195999 0.07879996 0.1158 0.05089998 0.1485 0.1664 0.2459 0.2081 0.2541 0.1664 0.2717 0.2082 0.2756 0.1664 0.2717 0.2081 0.2541 0.2082 0.2756 0.2081 0.2541 0.2479 0.2758 0.2477999 0.2545 0.2479 0.2758 0.2081 0.2541 0.1664 0.2459 0.1664 0.2717 0.1328 0.251 0.1269 0.2619 0.1328 0.251 0.1664 0.2717 0.1328 0.251 0.1269 0.2619 0.103 0.2373 0.08959996 0.2472 0.103 0.2373 0.1269 0.2619 0.103 0.2373 0.08959996 0.2472 0.07949995 0.2133 0.05509996 0.225 0.07949995 0.2133 0.08959996 0.2472 0.2479 0.2758 0.248 0.3047 0.2082 0.2756 0.2057999 0.3033 0.2082 0.2756 0.248 0.3047 0.2082 0.2756 0.2057999 0.3033 0.1664 0.2717 0.1622 0.2984 0.1664 0.2717 0.2057999 0.3033 0.1664 0.2717 0.1622 0.2984 0.1269 0.2619 0.1213 0.2962 0.1269 0.2619 0.1622 0.2984 0.08959996 0.2472 0.05139994 0.2387 0.05509996 0.225 0.1213 0.2962 0.08789998 0.2884 0.1269 0.2619 0.08959996 0.2472 0.1269 0.2619 0.08789998 0.2884 0.08789998 0.2884 0.04549998 0.2752 0.08959996 0.2472 0.05139994 0.2387 0.08959996 0.2472 0.04549998 0.2752 0.07949995 0.2133 0.05509996 0.225 0.06559997 0.1955 0.04099994 0.2001 0.06559997 0.1955 0.05509996 0.225 0.07949995 0.2133 0.06559997 0.1955 0.09319996 0.1978999 0.06559997 0.1955 0.0593 0.1788 0.09319996 0.1978999 0.06559997 0.1955 0.04099994 0.2001 0.0593 0.1788 0.09369999 0.1633999 0.09319996 0.1978999 0.0593 0.1788 0.03499996 0.1845 0.0593 0.1788 0.04099994 0.2001 0.0593 0.1788 0.03499996 0.1845 0.05089998 0.1485 0.0266 0.1527 0.05089998 0.1485 0.03499996 0.1845 0.05089998 0.1485 0.0266 0.1527 0.04609996 0.1195999 0.01519995 0.1234 0.04609996 0.1195999 0.0266 0.1527 0.01519995 0.1234 0.0162 0.08939999 0.04609996 0.1195999 0.04628473 0.0875898 0.04609996 0.1195999 0.0162 0.08939999 0.04628473 0.0875898 0.0162 0.08939999 0.04544395 0.06645882 0.0162 0.06778413 0.04544395 0.06645882 0.0162 0.08939999 0.04544395 0.06645882 0.07655221 0.06443077 0.04628473 0.0875898 0.07770627 0.08581078 0.04628473 0.0875898 0.07655221 0.06443077 0.07655221 0.06443077 0.1089529 0.06320732 0.07770627 0.08581078 0.1088321 0.08509379 0.07770627 0.08581078 0.1089529 0.06320732 0.1089529 0.06320732 0.1428756 0.06234204 0.1088321 0.08509379 0.143137 0.08515256 0.1088321 0.08509379 0.1428756 0.06234204 0.143137 0.08515256 0.1428756 0.06234204 0.1777324 0.08479833 0.1762986 0.06081175 0.1777324 0.08479833 0.1428756 0.06234204 0.1777324 0.08479833 0.1762986 0.06081175 0.2127935 0.08308571 0.2122603 0.05953443 0.2127935 0.08308571 0.1762986 0.06081175 0.2122603 0.05953443 0.2472558 0.05885928 0.2127935 0.08308571 0.247198 0.08229279 0.2127935 0.08308571 0.2472558 0.05885928 0.247198 0.08229279 0.2472558 0.05885928 0.2816027 0.08298784 0.247198 0.08229279 0.2816027 0.08298784 0.2472 0.1080999 0.2803 0.1086 0.2472 0.1080999 0.2816027 0.08298784 0.2472 0.1080999 0.2803 0.1086 0.2472 0.1363 0.2782 0.1374 0.2472 0.1363 0.2803 0.1086 0.2472 0.1363 0.2782 0.1374 0.2473 0.1696 0.2783 0.169 0.2473 0.1696 0.2782 0.1374 0.2473 0.1696 0.2783 0.169 0.2474 0.1987 0.2797 0.2007 0.2474 0.1987 0.2783 0.169 0.2474 0.1987 0.2797 0.2007 0.2476 0.2322 0.2838 0.2318 0.2476 0.2322 0.2797 0.2007 0.2476 0.2322 0.2838 0.2318 0.2477999 0.2545 0.2875 0.254 0.2477999 0.2545 0.2838 0.2318 0.2803 0.1086 0.2816027 0.08298784 0.3118 0.109 0.2803 0.1086 0.3118 0.109 0.2782 0.1374 0.3150677 0.08441531 0.3118 0.109 0.2816027 0.08298784 0.3118 0.109 0.3150677 0.08441531 0.3466 0.1107 0.350525 0.08486801 0.3466 0.1107 0.3150677 0.08441531 0.3466 0.1107 0.350525 0.08486801 0.3836 0.1119 0.3853223 0.0835787 0.3836 0.1119 0.350525 0.08486801 0.3836 0.1119 0.3853223 0.0835787 0.4151 0.1158 0.4162176 0.08576679 0.4151 0.1158 0.3853223 0.0835787 0.4151 0.1158 0.4162176 0.08576679 0.4474 0.1201 0.4480801 0.08879226 0.4474 0.1201 0.4162176 0.08576679 0.3466 0.1107 0.3419 0.1333 0.3118 0.109 0.3084 0.1368 0.3118 0.109 0.3419 0.1333 0.3419 0.1333 0.3376 0.1547 0.3084 0.1368 0.3065 0.1651999 0.3084 0.1368 0.3376 0.1547 0.3376 0.1547 0.3304 0.1858 0.3065 0.1651999 0.3098 0.1974 0.3065 0.1651999 0.3304 0.1858 0.3376 0.1547 0.3419 0.1333 0.374 0.1404 0.3749 0.1338 0.374 0.1404 0.3419 0.1333 0.3419 0.1333 0.3466 0.1107 0.3749 0.1338 0.3836 0.1119 0.3749 0.1338 0.3466 0.1107 0.374 0.1404 0.3749 0.1338 0.3999 0.1633999 0.4093 0.1403 0.3999 0.1633999 0.3749 0.1338 0.3749 0.1338 0.3836 0.1119 0.4093 0.1403 0.4151 0.1158 0.4093 0.1403 0.3836 0.1119 0.3065 0.1651999 0.3098 0.1974 0.2783 0.169 0.3065 0.1651999 0.2783 0.169 0.3084 0.1368 0.2797 0.2007 0.2783 0.169 0.3098 0.1974 0.3098 0.1974 0.319 0.2251 0.2797 0.2007 0.2838 0.2318 0.2797 0.2007 0.319 0.2251 0.2782 0.1374 0.3084 0.1368 0.2783 0.169 0.3084 0.1368 0.2782 0.1374 0.3118 0.109 0.319 0.2251 0.3291 0.2455 0.2838 0.2318 0.2875 0.254 0.2838 0.2318 0.3291 0.2455 0.3999 0.1633999 0.4093 0.1403 0.4335 0.1799 0.4425 0.1493 0.4335 0.1799 0.4093 0.1403 0.4093 0.1403 0.4151 0.1158 0.4425 0.1493 0.4474 0.1201 0.4425 0.1493 0.4151 0.1158 0.3291 0.2455 0.3295 0.2712 0.2875 0.254 0.2876 0.2753 0.2875 0.254 0.3295 0.2712 0.2876 0.2753 0.2479 0.2758 0.2875 0.254 0.2477999 0.2545 0.2875 0.254 0.2479 0.2758 0.3291 0.2455 0.3628 0.2501 0.3295 0.2712 0.3691 0.2609 0.3295 0.2712 0.3628 0.2501 0.3628 0.2501 0.3924 0.2357 0.3691 0.2609 0.4062 0.2447 0.3691 0.2609 0.3924 0.2357 0.3924 0.2357 0.4153 0.2104 0.4062 0.2447 0.4153 0.2104 0.4012 0.1989 0.4335 0.1799 0.3999 0.1633999 0.4335 0.1799 0.4012 0.1989 0.4395 0.2212 0.4062 0.2447 0.4153 0.2104 0.4153 0.2104 0.4335 0.1799 0.4395 0.2212 0.4606 0.1892 0.4395 0.2212 0.4335 0.1799 0.4335 0.1799 0.4425 0.1493 0.4606 0.1892 0.2479 0.2758 0.2876 0.2753 0.248 0.3047 0.2902 0.303 0.248 0.3047 0.2876 0.2753 0.2876 0.2753 0.3295 0.2712 0.2902 0.303 0.3339 0.2978 0.2902 0.303 0.3295 0.2712 0.3295 0.2712 0.3691 0.2609 0.3339 0.2978 0.376 0.2964 0.3339 0.2978 0.3691 0.2609 0.4395 0.2212 0.445 0.2344 0.4062 0.2447 0.376 0.2964 0.3691 0.2609 0.4094 0.2869 0.4062 0.2447 0.4094 0.2869 0.3691 0.2609 0.4094 0.2869 0.4062 0.2447 0.4472 0.2766 0.445 0.2344 0.4472 0.2766 0.4062 0.2447 0.4696 0.1546 0.4606 0.1892 0.4425 0.1493 0.4425 0.1493 0.4474 0.1201 0.4696 0.1546 0.4782 0.1231999 0.4696 0.1546 0.4474 0.1201 0.4782 0.1231999 0.4474 0.1201 0.4771 0.09029996 0.4480801 0.08879226 0.4771 0.09029996 0.4474 0.1201 0.4480801 0.08879226 0.4489705 0.0669825 0.4771 0.09029996 0.4776831 0.06872349 0.4771 0.09029996 0.4489705 0.0669825 0.4489705 0.0669825 0.4480801 0.08879226 0.4176012 0.06465548 0.4162176 0.08576679 0.4176012 0.06465548 0.4480801 0.08879226 0.4176012 0.06465548 0.4162176 0.08576679 0.385352 0.06320363 0.3853223 0.0835787 0.385352 0.06320363 0.4162176 0.08576679 0.385352 0.06320363 0.3853223 0.0835787 0.3515805 0.06228256 0.350525 0.08486801 0.3515805 0.06228256 0.3853223 0.0835787 0.350525 0.08486801 0.3150677 0.08441531 0.3515805 0.06228256 0.3181153 0.0606687 0.3515805 0.06228256 0.3150677 0.08441531 0.3150677 0.08441531 0.2816027 0.08298784 0.3181153 0.0606687 0.2821957 0.05943441 0.3181153 0.0606687 0.2816027 0.08298784 0.2821957 0.05943441 0.2816027 0.08298784 0.2472558 0.05885928 0.3515805 0.06228256 0.3181153 0.0606687 0.3535653 0.03256279 0.3197783 0.03109216 0.3535653 0.03256279 0.3181153 0.0606687 0.3181153 0.0606687 0.2821957 0.05943441 0.3197783 0.03109216 0.3197783 0.03109216 0.3222 0.01199996 0.3535653 0.03256279 0.356 0.01209998 0.3535653 0.03256279 0.3222 0.01199996 0.3535653 0.03256279 0.356 0.01209998 0.3860022 0.03327685 0.385352 0.06320363 0.3515805 0.06228256 0.3860022 0.03327685 0.3535653 0.03256279 0.3860022 0.03327685 0.3515805 0.06228256 0.3867 0.01239997 0.3860022 0.03327685 0.356 0.01209998 0.3860022 0.03327685 0.3867 0.01239997 0.4194819 0.03477948 0.3860022 0.03327685 0.4194819 0.03477948 0.385352 0.06320363 0.4202 0.01239997 0.4194819 0.03477948 0.3867 0.01239997 0.4194819 0.03477948 0.4202 0.01239997 0.4506014 0.03677654 0.4521 0.01179999 0.4506014 0.03677654 0.4202 0.01239997 0.3222 0.01199996 0.3197783 0.03109216 0.2827 0.01119995 0.2828105 0.02965575 0.2827 0.01119995 0.3197783 0.03109216 0.2821957 0.05943441 0.2472558 0.05885928 0.2828105 0.02965575 0.2828105 0.02965575 0.3197783 0.03109216 0.2821957 0.05943441 0.2828105 0.02965575 0.2473 0.02908086 0.2827 0.01119995 0.2473 0.02908086 0.2828105 0.02965575 0.2472558 0.05885928 0.2473 0.0108 0.2827 0.01119995 0.2473 0.02908086 0.2473 0.0108 0.2473 0.02908086 0.2118999 0.01129996 0.2117342 0.02975577 0.2118999 0.01129996 0.2473 0.02908086 0.2117342 0.02975577 0.1747654 0.03119218 0.2118999 0.01129996 0.1723999 0.01209998 0.2118999 0.01129996 0.1747654 0.03119218 0.1747654 0.03119218 0.1409767 0.03262072 0.1723999 0.01209998 0.1386 0.01209998 0.1723999 0.01209998 0.1409767 0.03262072 0.1409767 0.03262072 0.1086233 0.03327685 0.1386 0.01209998 0.1080999 0.01239997 0.1386 0.01209998 0.1086233 0.03327685 0.1086233 0.03327685 0.07506692 0.03442931 0.1080999 0.01239997 0.07459998 0.0133 0.1080999 0.01239997 0.07506692 0.03442931 0.07506692 0.03442931 0.04393678 0.03622734 0.07459998 0.0133 0.04269999 0.01179999 0.07459998 0.0133 0.04393678 0.03622734 0.04393678 0.03622734 0.01575446 0.03752845 0.04269999 0.01179999 0.01489996 0.009199976 0.04269999 0.01179999 0.01575446 0.03752845 0.1409767 0.03262072 0.1747654 0.03119218 0.1428756 0.06234204 0.1762986 0.06081175 0.1428756 0.06234204 0.1747654 0.03119218 0.1747654 0.03119218 0.2117342 0.02975577 0.1762986 0.06081175 0.1428756 0.06234204 0.1089529 0.06320732 0.1409767 0.03262072 0.1086233 0.03327685 0.1409767 0.03262072 0.1089529 0.06320732 0.1089529 0.06320732 0.07655221 0.06443077 0.1086233 0.03327685 0.07506692 0.03442931 0.1086233 0.03327685 0.07655221 0.06443077 0.01575446 0.03752845 0.04393678 0.03622734 0.0162 0.06778413 0.04544395 0.06645882 0.0162 0.06778413 0.04393678 0.03622734 0.07655221 0.06443077 0.04544395 0.06645882 0.07506692 0.03442931 0.04393678 0.03622734 0.07506692 0.03442931 0.04544395 0.06645882 0.2122603 0.05953443 0.1762986 0.06081175 0.2117342 0.02975577 0.2117342 0.02975577 0.2473 0.02908086 0.2122603 0.05953443 0.2472558 0.05885928 0.2122603 0.05953443 0.2473 0.02908086 0.2637 0.5326 0.2631 0.4999 0.2889 0.533 0.2916 0.4998 0.2889 0.533 0.2631 0.4999 0.2637 0.5326 0.235 0.5327 0.2631 0.4999 0.235 0.5327 0.2637 0.5326 0.2352 0.5621 0.2638 0.5625 0.2352 0.5621 0.2637 0.5326 0.2352 0.5621 0.2638 0.5625 0.235 0.5946 0.2636 0.5946 0.235 0.5946 0.2638 0.5625 0.2346 0.5002 0.2631 0.4999 0.235 0.5327 0.2636 0.5946 0.2619 0.622 0.235 0.5946 0.2348 0.6204 0.235 0.5946 0.2619 0.622 0.2631 0.4999 0.2346 0.5002 0.2624806 0.4806992 0.2344306 0.4811665 0.2624806 0.4806992 0.2346 0.5002 0.2916 0.4998 0.2631 0.4999 0.2904788 0.4796189 0.2624806 0.4806992 0.2904788 0.4796189 0.2631 0.4999 0.2638 0.5625 0.2637 0.5326 0.2772 0.5631 0.2889 0.533 0.2772 0.5631 0.2637 0.5326 0.2638 0.5625 0.2772 0.5631 0.2636 0.5946 0.2744 0.595 0.2636 0.5946 0.2772 0.5631 0.2619 0.622 0.2636 0.5946 0.2754 0.6051 0.2744 0.595 0.2754 0.6051 0.2636 0.5946 0.2619 0.622 0.2754 0.6051 0.2922 0.6261 0.2947 0.6065 0.2922 0.6261 0.2754 0.6051 0.235 0.5327 0.2352 0.5621 0.2063 0.5335 0.2346 0.5002 0.235 0.5327 0.2061 0.5001 0.2063 0.5335 0.2061 0.5001 0.235 0.5327 0.2061 0.5001 0.2063 0.5335 0.1786 0.5005 0.1811 0.5345 0.1786 0.5005 0.2063 0.5335 0.2063 0.5335 0.2066 0.5624 0.1811 0.5345 0.2066 0.5624 0.2063 0.5335 0.2352 0.5621 0.2352 0.5621 0.235 0.5946 0.2066 0.5624 0.2064999 0.5942 0.2066 0.5624 0.235 0.5946 0.2064999 0.5942 0.1825 0.595 0.2066 0.5624 0.2064999 0.5942 0.2077 0.6216 0.1825 0.595 0.2064999 0.5942 0.235 0.5946 0.2077 0.6216 0.1773999 0.6253 0.1825 0.595 0.2077 0.6216 0.1777 0.5639 0.2066 0.5624 0.1825 0.595 0.1777 0.5639 0.1811 0.5345 0.2066 0.5624 0.2348 0.6204 0.2077 0.6216 0.235 0.5946 0.1786 0.5005 0.1787679 0.4802298 0.2061 0.5001 0.2063815 0.4809556 0.2061 0.5001 0.1787679 0.4802298 0.2061 0.5001 0.2063815 0.4809556 0.2346 0.5002 0.2344306 0.4811665 0.2346 0.5002 0.2063815 0.4809556 0.2077 0.6216 0.2348 0.6204 0.21 0.6377 0.2347 0.6367 0.21 0.6377 0.2348 0.6204 0.1773999 0.6253 0.2077 0.6216 0.1856 0.6435 0.21 0.6377 0.1856 0.6435 0.2077 0.6216 0.1856 0.6435 0.1594 0.6568 0.1773999 0.6253 0.1856 0.6435 0.1892 0.655 0.1594 0.6568 0.1856 0.6435 0.21 0.6377 0.1892 0.655 0.1633999 0.6662 0.1594 0.6568 0.1892 0.655 0.1594 0.6568 0.1633999 0.6662 0.1468999 0.6817 0.2122 0.6494 0.1892 0.655 0.21 0.6377 0.21 0.6377 0.2347 0.6367 0.2122 0.6494 0.2346 0.6482 0.2122 0.6494 0.2347 0.6367 0.1468999 0.6817 0.1633999 0.6662 0.151 0.6865 0.1468999 0.6817 0.151 0.6865 0.1334 0.7067 0.1727 0.6743 0.151 0.6865 0.1633999 0.6662 0.1633999 0.6662 0.1892 0.655 0.1727 0.6743 0.1931 0.667 0.1727 0.6743 0.1892 0.655 0.1892 0.655 0.2122 0.6494 0.1931 0.667 0.2133 0.6626 0.1931 0.667 0.2122 0.6494 0.2133 0.6626 0.2122 0.6494 0.2345 0.6614 0.2346 0.6482 0.2345 0.6614 0.2122 0.6494 0.2346 0.6482 0.2347 0.6367 0.2569 0.6498 0.2346 0.6482 0.2569 0.6498 0.2345 0.6614 0.2595 0.6381 0.2569 0.6498 0.2347 0.6367 0.2347 0.6367 0.2348 0.6204 0.2595 0.6381 0.2619 0.622 0.2595 0.6381 0.2348 0.6204 0.2595 0.6381 0.2619 0.622 0.2837 0.6444 0.2922 0.6261 0.2837 0.6444 0.2619 0.622 0.3096 0.6585 0.2837 0.6444 0.2922 0.6261 0.2837 0.6444 0.3096 0.6585 0.2798 0.6558 0.2837 0.6444 0.2798 0.6558 0.2595 0.6381 0.2569 0.6498 0.2595 0.6381 0.2798 0.6558 0.3053 0.668 0.2798 0.6558 0.3096 0.6585 0.3053 0.668 0.3096 0.6585 0.3211 0.6842 0.3211 0.6842 0.3168 0.6889 0.3053 0.668 0.3168 0.6889 0.3211 0.6842 0.3334 0.7099 0.2957 0.6758 0.3053 0.668 0.3168 0.6889 0.3053 0.668 0.2957 0.6758 0.2798 0.6558 0.2757 0.6678 0.2798 0.6558 0.2957 0.6758 0.2798 0.6558 0.2757 0.6678 0.2569 0.6498 0.2555 0.663 0.2569 0.6498 0.2757 0.6678 0.2555 0.663 0.2345 0.6614 0.2569 0.6498 0.04549998 0.2752 0.04129999 0.2772 0.05139994 0.2387 0.04559999 0.2372 0.05139994 0.2387 0.04129999 0.2772 0.04749995 0.2236 0.05509996 0.225 0.04559999 0.2372 0.05139994 0.2387 0.04559999 0.2372 0.05509996 0.225 0.04129999 0.2772 0.04549998 0.2752 0.08679997 0.2947 0.08789998 0.2884 0.08679997 0.2947 0.04549998 0.2752 0.08789998 0.2884 0.1213 0.2962 0.08679997 0.2947 0.1212 0.3017 0.08679997 0.2947 0.1213 0.2962 0.1213 0.2962 0.1622 0.2984 0.1212 0.3017 0.1636 0.3042 0.1212 0.3017 0.1622 0.2984 0.1622 0.2984 0.2057999 0.3033 0.1636 0.3042 0.2052 0.3087 0.1636 0.3042 0.2057999 0.3033 0.2057999 0.3033 0.248 0.3047 0.2052 0.3087 0.248 0.3109 0.2052 0.3087 0.248 0.3047 0.248 0.3109 0.248 0.3047 0.2909 0.3085 0.2902 0.303 0.2909 0.3085 0.248 0.3047 0.2909 0.3085 0.2902 0.303 0.3324 0.3036 0.3339 0.2978 0.3324 0.3036 0.2902 0.303 0.3324 0.3036 0.3339 0.2978 0.3761 0.3017 0.376 0.2964 0.3761 0.3017 0.3339 0.2978 0.3761 0.3017 0.376 0.2964 0.4102 0.2935 0.4094 0.2869 0.4102 0.2935 0.376 0.2964 0.4102 0.2935 0.4094 0.2869 0.4505 0.2783 0.4472 0.2766 0.4505 0.2783 0.4094 0.2869 0.4507 0.2325 0.4505 0.2783 0.445 0.2344 0.4472 0.2766 0.445 0.2344 0.4505 0.2783 0.4472 0.2186 0.4507 0.2325 0.4395 0.2212 0.445 0.2344 0.4395 0.2212 0.4507 0.2325 0.4665 0.1919 0.4472 0.2186 0.4606 0.1892 0.4665 0.1919 0.4606 0.1892 0.4763 0.1572999 0.4696 0.1546 0.4763 0.1572999 0.4606 0.1892 0.4696 0.1546 0.4782 0.1231999 0.4763 0.1572999 0.4852 0.1251 0.4763 0.1572999 0.4782 0.1231999 0.4782 0.1231999 0.4771 0.09029996 0.4852 0.1251 0.4844 0.0891 0.4852 0.1251 0.4771 0.09029996 0.4771 0.09029996 0.4776831 0.06872349 0.4844 0.0891 0.484344 0.06927776 0.4844 0.0891 0.4776831 0.06872349 0.484344 0.06927776 0.4776831 0.06872349 0.4837186 0.03796732 0.4395 0.2212 0.4606 0.1892 0.4472 0.2186 0.4837186 0.03796732 0.4787169 0.03849422 0.4826 0.007699966 0.4787169 0.03849422 0.4837186 0.03796732 0.4776831 0.06872349 0.4799 0.01009994 0.4826 0.007699966 0.4787169 0.03849422 0.01075237 0.03690153 0.01219999 0.006699979 0.01575446 0.03752845 0.01075237 0.03690153 0.01575446 0.03752845 0.01004391 0.06815516 0.0162 0.06778413 0.01004391 0.06815516 0.01575446 0.03752845 0.01004391 0.06815516 0.0162 0.06778413 0.01009994 0.08799999 0.0162 0.08939999 0.01009994 0.08799999 0.0162 0.06778413 0.01009994 0.08799999 0.0162 0.08939999 0.008999943 0.1226 0.01489996 0.009199976 0.01575446 0.03752845 0.01219999 0.006699979 0.004099965 0.1568 0.008999943 0.1226 0.008899986 0.1553 0.01519995 0.1234 0.008899986 0.1553 0.008999943 0.1226 0.01519995 0.1234 0.008999943 0.1226 0.0162 0.08939999 0.008899986 0.1553 0.01529997 0.1876 0.004099965 0.1568 0.0108 0.1903 0.004099965 0.1568 0.01529997 0.1876 0.01529997 0.1876 0.0194 0.1978 0.0108 0.1903 0.01599997 0.2014 0.0108 0.1903 0.0194 0.1978 0.01599997 0.2014 0.0194 0.1978 0.03669995 0.2074 0.04099994 0.2001 0.03669995 0.2074 0.0194 0.1978 0.04099994 0.2001 0.05509996 0.225 0.03669995 0.2074 0.04749995 0.2236 0.03669995 0.2074 0.05509996 0.225 0.9025 0.6906 0.8908 0.7275 0.8754 0.6853 0.8659 0.7198 0.8754 0.6853 0.8908 0.7275 0.8754 0.6853 0.8659 0.7198 0.8421 0.6828 0.8382 0.718 0.8421 0.6828 0.8659 0.7198 0.8421 0.6828 0.8382 0.718 0.8124 0.6818 0.812 0.7168 0.8124 0.6818 0.8382 0.718 0.9025 0.6906 0.9247 0.7012 0.8908 0.7275 0.9247 0.7012 0.9132 0.7415 0.8908 0.7275 0.9247 0.7012 0.9451 0.7216 0.9132 0.7415 0.9132 0.7415 0.9451 0.7216 0.9332 0.7626 0.9638 0.7419 0.9332 0.7626 0.9451 0.7216 0.9332 0.7626 0.9638 0.7419 0.9399326 0.7722696 0.9399326 0.7722696 0.9638 0.7419 0.9826 0.7605 0.9598995 0.7759627 0.9399326 0.7722696 0.9826 0.7605 0.812 0.7168 0.7857 0.7173 0.8124 0.6818 0.7827 0.682 0.8124 0.6818 0.7857 0.7173 0.7857 0.7173 0.758 0.7185 0.7827 0.682 0.7493 0.6837 0.7827 0.682 0.758 0.7185 0.758 0.7185 0.7329 0.7255 0.7493 0.6837 0.7221 0.6883 0.7493 0.6837 0.7329 0.7255 0.7329 0.7255 0.6997 0.6984 0.7221 0.6883 0.7329 0.7255 0.7101 0.739 0.6997 0.6984 0.7101 0.739 0.678 0.7173 0.6997 0.6984 0.7101 0.739 0.6896 0.7595 0.678 0.7173 0.6591 0.7375 0.678 0.7173 0.6896 0.7595 0.6591 0.7375 0.6896 0.7595 0.66244 0.7719864 0.6402 0.7558 0.6591 0.7375 0.66244 0.7719864 0.6896 0.7595 0.6825511 0.7689437 0.66244 0.7719864 0.1080999 0.6341 0.1401 0.6196 0.1434 0.6349 0.1434 0.6349 0.1389 0.6715 0.1080999 0.6341 0.09489995 0.6726 0.1080999 0.6341 0.1389 0.6715 0.1080999 0.6341 0.09489995 0.6726 0.08249998 0.6363 0.06439995 0.6679 0.08249998 0.6363 0.09489995 0.6726 0.06439995 0.6679 0.03509998 0.6428 0.08249998 0.6363 0.06129997 0.62 0.08249998 0.6363 0.03509998 0.6428 0.03509998 0.6428 0.01779997 0.6089 0.06129997 0.62 0.04739999 0.5961 0.06129997 0.62 0.01779997 0.6089 0.01779997 0.6089 0.01639997 0.5702 0.04739999 0.5961 0.04409998 0.5699 0.04739999 0.5961 0.01639997 0.5702 0.04409998 0.5699 0.01639997 0.5702 0.04679995 0.5437 0.0169 0.5316 0.04679995 0.5437 0.01639997 0.5702 0.04679995 0.5437 0.0169 0.5316 0.06009995 0.5194 0.03339999 0.4973 0.06009995 0.5194 0.0169 0.5316 0.06009995 0.5194 0.03339999 0.4973 0.08089995 0.5025 0.0618 0.4694 0.08089995 0.5025 0.03339999 0.4973 0.0618 0.4694 0.09249997 0.4651 0.08089995 0.5025 0.1064 0.5042 0.08089995 0.5025 0.09249997 0.4651 0.09249997 0.4651 0.1314 0.4624 0.1064 0.5042 0.1425999 0.5032 0.1064 0.5042 0.1314 0.4624 0.1425999 0.5032 0.1385 0.5189 0.1064 0.5042 0.2118999 0.01129996 0.2118999 0.005299985 0.2473 0.0108 0.2473 0.004799962 0.2473 0.0108 0.2118999 0.005299985 0.2118999 0.005299985 0.2118999 0.01129996 0.1723999 0.006199955 0.1723999 0.01209998 0.1723999 0.006199955 0.2118999 0.01129996 0.1723999 0.006199955 0.1723999 0.01209998 0.1389 0.006199955 0.1386 0.01209998 0.1389 0.006199955 0.1723999 0.01209998 0.2473 0.004799962 0.2827 0.005199968 0.2473 0.0108 0.2827 0.01119995 0.2473 0.0108 0.2827 0.005199968 0.2827 0.005199968 0.3222 0.006099998 0.2827 0.01119995 0.3222 0.01199996 0.2827 0.01119995 0.3222 0.006099998 0.3222 0.006099998 0.3557 0.006199955 0.3222 0.01199996 0.356 0.01209998 0.3222 0.01199996 0.3557 0.006199955 0.1080999 0.01239997 0.1088 0.006699979 0.1386 0.01209998 0.1389 0.006199955 0.1386 0.01209998 0.1088 0.006699979 0.07459998 0.0133 0.07499998 0.007299959 0.1080999 0.01239997 0.1088 0.006699979 0.1080999 0.01239997 0.07499998 0.007299959 0.04269999 0.005899965 0.07499998 0.007299959 0.04269999 0.01179999 0.07459998 0.0133 0.04269999 0.01179999 0.07499998 0.007299959 0.04269999 0.01179999 0.01489996 0.009199976 0.04269999 0.005899965 0.01219999 0.006699979 0.04269999 0.005899965 0.01489996 0.009199976 0.008899986 0.1553 0.01519995 0.1234 0.0266 0.1527 0.008899986 0.1553 0.0266 0.1527 0.01529997 0.1876 0.03499996 0.1845 0.01529997 0.1876 0.0266 0.1527 0.01529997 0.1876 0.03499996 0.1845 0.0194 0.1978 0.04099994 0.2001 0.0194 0.1978 0.03499996 0.1845 0.6637 0.4627 0.6445 0.4776 0.6351 0.4461 0.6252 0.4633 0.6351 0.4461 0.6445 0.4776 0.6637 0.4627 0.6351 0.4461 0.6704 0.4433 0.643 0.43 0.6704 0.4433 0.6351 0.4461 0.6701 0.4854 0.6445 0.4776 0.6637 0.4627 0.6704 0.4433 0.6977 0.4511 0.6637 0.4627 0.6979 0.4707 0.6637 0.4627 0.6977 0.4511 0.6637 0.4627 0.6979 0.4707 0.6701 0.4854 0.6977 0.4511 0.7318 0.4523 0.6979 0.4707 0.7336 0.4707 0.6979 0.4707 0.7318 0.4523 0.7318 0.4523 0.7582 0.4481 0.7336 0.4707 0.7625 0.4646 0.7336 0.4707 0.7582 0.4481 0.6979 0.4707 0.7336 0.4707 0.6997 0.4865 0.6997 0.4865 0.6701 0.4854 0.6979 0.4707 0.737 0.4826 0.6997 0.4865 0.7336 0.4707 0.7336 0.4707 0.7625 0.4646 0.737 0.4826 0.7318 0.4523 0.6977 0.4511 0.7299 0.434 0.6997 0.434 0.7299 0.434 0.6977 0.4511 0.6977 0.4511 0.6704 0.4433 0.6997 0.434 0.6997 0.434 0.7009 0.4173 0.7299 0.434 0.7291 0.4192 0.7299 0.434 0.7009 0.4173 0.7291 0.4192 0.7492 0.4169 0.7299 0.434 0.7539 0.4315 0.7299 0.434 0.7492 0.4169 0.7582 0.4481 0.7318 0.4523 0.7539 0.4315 0.7299 0.434 0.7539 0.4315 0.7318 0.4523 0.6997 0.434 0.6763 0.4274 0.7009 0.4173 0.6786 0.4141 0.7009 0.4173 0.6763 0.4274 0.6763 0.4274 0.651 0.4159 0.6786 0.4141 0.6552 0.4064 0.6786 0.4141 0.651 0.4159 0.651 0.4159 0.6763 0.4274 0.643 0.43 0.6704 0.4433 0.643 0.43 0.6763 0.4274 0.6763 0.4274 0.6997 0.434 0.6704 0.4433 0.7648 0.4773 0.737 0.4826 0.7625 0.4646 0.643 0.43 0.6327 0.4191 0.651 0.4159 0.6327 0.4191 0.643 0.43 0.6243 0.437 0.6351 0.4461 0.6243 0.437 0.643 0.43 0.6351 0.4461 0.6252 0.4633 0.6243 0.437 0.6126 0.4592 0.6243 0.437 0.6252 0.4633 0.6401 0.4064 0.651 0.4159 0.6327 0.4191 0.651 0.4159 0.6401 0.4064 0.6552 0.4064 0.6438 0.3973 0.6552 0.4064 0.6401 0.4064 0.6786 0.4141 0.6552 0.4064 0.6764 0.4017 0.6534 0.3923 0.6764 0.4017 0.6552 0.4064 0.6764 0.4017 0.7046 0.4063 0.6786 0.4141 0.7009 0.4173 0.6786 0.4141 0.7046 0.4063 0.7009 0.4173 0.7046 0.4063 0.7291 0.4192 0.7329 0.409 0.7291 0.4192 0.7046 0.4063 0.7291 0.4192 0.7329 0.409 0.7492 0.4169 0.7562 0.4053 0.7492 0.4169 0.7329 0.409 0.7625 0.4117 0.7657 0.4236 0.7492 0.4169 0.7539 0.4315 0.7492 0.4169 0.7657 0.4236 0.7657 0.4236 0.7696 0.4389 0.7539 0.4315 0.7582 0.4481 0.7539 0.4315 0.7696 0.4389 0.7696 0.4389 0.774 0.4578 0.7582 0.4481 0.7625 0.4646 0.7582 0.4481 0.774 0.4578 0.7625 0.4646 0.774 0.4578 0.7648 0.4773 0.7777 0.4779 0.7648 0.4773 0.774 0.4578 0.7743 0.4849 0.7404 0.4935 0.7648 0.4773 0.737 0.4826 0.7648 0.4773 0.7404 0.4935 0.7404 0.4935 0.7028 0.4975 0.737 0.4826 0.6997 0.4865 0.737 0.4826 0.7028 0.4975 0.6997 0.4865 0.7028 0.4975 0.6701 0.4854 0.6661 0.4966 0.6701 0.4854 0.7028 0.4975 0.6701 0.4854 0.6661 0.4966 0.6445 0.4776 0.6381 0.4854 0.6445 0.4776 0.6661 0.4966 0.6445 0.4776 0.6381 0.4854 0.6252 0.4633 0.6138 0.4699 0.6252 0.4633 0.6381 0.4854 0.2136 0.8922 0.183 0.8828 0.2081 0.8757 0.1812 0.8717 0.2081 0.8757 0.183 0.8828 0.183 0.8828 0.1456 0.8645 0.1812 0.8717 0.1502 0.8617 0.1812 0.8717 0.1456 0.8645 0.1502 0.8617 0.1545 0.8582 0.1812 0.8717 0.1814 0.8628 0.1812 0.8717 0.1545 0.8582 0.1545 0.8582 0.158 0.854 0.1814 0.8628 0.1820999 0.8568 0.1814 0.8628 0.158 0.854 0.1820999 0.8568 0.158 0.854 0.1851 0.807 0.1667 0.7981 0.1851 0.807 0.158 0.854 0.1851 0.807 0.2032 0.8109 0.1820999 0.8568 0.2003999 0.8561 0.1820999 0.8568 0.2032 0.8109 0.1820999 0.8568 0.2003999 0.8561 0.1814 0.8628 0.2003999 0.8561 0.2032 0.8109 0.2233 0.854 0.2222999 0.8107 0.2233 0.854 0.2032 0.8109 0.2233 0.854 0.2222999 0.8107 0.2462 0.8537 0.2423 0.8045 0.2462 0.8537 0.2222999 0.8107 0.2462 0.8537 0.2423 0.8045 0.2687 0.8558 0.2612226 0.8019764 0.2687 0.8558 0.2423 0.8045 0.2612226 0.8019764 0.2423 0.8045 0.2425 0.7958 0.2612226 0.8019764 0.2808561 0.8073903 0.2687 0.8558 0.2899 0.8564 0.2687 0.8558 0.2808561 0.8073903 0.2808561 0.8073903 0.2984024 0.7996806 0.2899 0.8564 0.3059 0.8538 0.2899 0.8564 0.2984024 0.7996806 0.3059 0.8538 0.2984024 0.7996806 0.3272 0.8434 0.3155 0.7886 0.3272 0.8434 0.2984024 0.7996806 0.3059 0.8538 0.3067 0.8621 0.2899 0.8564 0.2877 0.8669 0.2899 0.8564 0.3067 0.8621 0.3272 0.8434 0.3286 0.8484 0.3059 0.8538 0.3067 0.8621 0.3059 0.8538 0.3286 0.8484 0.2612226 0.8019764 0.2425 0.7958 0.2424 0.7868 0.3155 0.7886 0.2984024 0.7996806 0.3144 0.7794 0.2612226 0.8019764 0.2424 0.7868 0.2582256 0.7713769 0.2612226 0.8019764 0.2582256 0.7713769 0.2808561 0.8073903 0.2749784 0.7644936 0.2808561 0.8073903 0.2582256 0.7713769 0.2808561 0.8073903 0.2749784 0.7644936 0.2984024 0.7996806 0.2749784 0.7644936 0.2582256 0.7713769 0.2691 0.7377 0.2537 0.7386 0.2691 0.7377 0.2582256 0.7713769 0.2582256 0.7713769 0.2402 0.772 0.2537 0.7386 0.2387 0.7383 0.2537 0.7386 0.2402 0.772 0.2691 0.7377 0.2848 0.7347 0.2749784 0.7644936 0.2936387 0.7675584 0.2749784 0.7644936 0.2848 0.7347 0.2936387 0.7675584 0.2848 0.7347 0.313 0.769 0.3144 0.7794 0.2936387 0.7675584 0.313 0.769 0.3004 0.7286 0.313 0.769 0.2848 0.7347 0.2936387 0.7675584 0.2984024 0.7996806 0.2749784 0.7644936 0.3144 0.7794 0.2984024 0.7996806 0.2936387 0.7675584 0.2582256 0.7713769 0.2424 0.7868 0.2413 0.7775 0.2413 0.7775 0.2402 0.772 0.2582256 0.7713769 0.2537 0.7386 0.2387 0.7383 0.2524 0.7264 0.2379 0.7266 0.2524 0.7264 0.2387 0.7383 0.2691 0.7377 0.2537 0.7386 0.2669 0.7253 0.2524 0.7264 0.2669 0.7253 0.2537 0.7386 0.2691 0.7377 0.2669 0.7253 0.2848 0.7347 0.2811 0.7224 0.2848 0.7347 0.2669 0.7253 0.2848 0.7347 0.2811 0.7224 0.3004 0.7286 0.2937 0.7172 0.3004 0.7286 0.2811 0.7224 0.2387 0.7383 0.2237 0.7381 0.2379 0.7266 0.2236 0.7266 0.2379 0.7266 0.2237 0.7381 0.2237 0.7381 0.2082 0.7377 0.2236 0.7266 0.2093 0.7261 0.2236 0.7266 0.2082 0.7377 0.2093 0.7261 0.2082 0.7377 0.1953999 0.7246 0.1921 0.7362 0.1953999 0.7246 0.2082 0.7377 0.1953999 0.7246 0.1921 0.7362 0.1823 0.7212 0.1757 0.7332 0.1823 0.7212 0.1921 0.7362 0.2082 0.7377 0.2032 0.7669 0.1921 0.7362 0.185 0.7713 0.1921 0.7362 0.2032 0.7669 0.1921 0.7362 0.185 0.7713 0.1757 0.7332 0.2237 0.7381 0.2215999 0.7667 0.2082 0.7377 0.2032 0.7669 0.2082 0.7377 0.2215999 0.7667 0.2237 0.7381 0.2387 0.7383 0.2215999 0.7667 0.2402 0.772 0.2215999 0.7667 0.2387 0.7383 0.1665 0.7755 0.1757 0.7332 0.185 0.7713 0.185 0.7713 0.1844 0.7769 0.1665 0.7755 0.1665 0.7755 0.1844 0.7769 0.1668 0.787 0.1852 0.7882 0.1668 0.787 0.1844 0.7769 0.1852 0.7882 0.1844 0.799 0.1668 0.787 0.1667 0.7981 0.1668 0.787 0.1844 0.799 0.1844 0.799 0.1851 0.807 0.1667 0.7981 0.3084 0.8814 0.3076 0.8708 0.3336 0.8574 0.331 0.853 0.3336 0.8574 0.3076 0.8708 0.3076 0.8708 0.3084 0.8814 0.2839 0.8796 0.2806 0.8962 0.2839 0.8796 0.3084 0.8814 0.2839 0.8796 0.2877 0.8669 0.3076 0.8708 0.3067 0.8621 0.3076 0.8708 0.2877 0.8669 0.3076 0.8708 0.3067 0.8621 0.331 0.853 0.3286 0.8484 0.331 0.853 0.3067 0.8621 0.1746 0.679 0.1536 0.6908 0.1727 0.6743 0.151 0.6865 0.1727 0.6743 0.1536 0.6908 0.1536 0.6908 0.1334 0.7067 0.151 0.6865 0.1727 0.6743 0.1931 0.667 0.1746 0.679 0.1948 0.6708 0.1746 0.679 0.1931 0.667 0.1931 0.667 0.2133 0.6626 0.1948 0.6708 0.215 0.6676 0.1948 0.6708 0.2133 0.6626 0.2133 0.6626 0.2345 0.6614 0.215 0.6676 0.2344 0.6658 0.215 0.6676 0.2345 0.6614 0.2344 0.6658 0.2345 0.6614 0.2538 0.668 0.2555 0.663 0.2538 0.668 0.2345 0.6614 0.2538 0.668 0.2555 0.663 0.2738 0.6716 0.2757 0.6678 0.2738 0.6716 0.2555 0.663 0.2738 0.6716 0.2757 0.6678 0.2936 0.6804 0.2957 0.6758 0.2936 0.6804 0.2757 0.6678 0.2936 0.6804 0.2957 0.6758 0.314 0.6931 0.3168 0.6889 0.314 0.6931 0.2957 0.6758 0.3334 0.7099 0.314 0.6931 0.3168 0.6889 0.4506014 0.03677654 0.4521 0.01179999 0.4787169 0.03849422 0.4799 0.01009994 0.4787169 0.03849422 0.4521 0.01179999 0.4506014 0.03677654 0.4787169 0.03849422 0.4489705 0.0669825 0.4776831 0.06872349 0.4489705 0.0669825 0.4787169 0.03849422 0.4489705 0.0669825 0.4176012 0.06465548 0.4506014 0.03677654 0.4194819 0.03477948 0.4506014 0.03677654 0.4176012 0.06465548 0.4176012 0.06465548 0.385352 0.06320363 0.4194819 0.03477948 0.1317 0.5599 0.1217 0.5585 0.1298 0.541 0.1225 0.538 0.1298 0.541 0.1217 0.5585 0.1217 0.5585 0.1317 0.5599 0.122 0.5764 0.1317 0.5764 0.122 0.5764 0.1317 0.5599 0.1317 0.5764 0.1291 0.5949 0.122 0.5764 0.1216 0.5973 0.122 0.5764 0.1291 0.5949 0.1217 0.5585 0.1095 0.5582 0.1225 0.538 0.1098 0.5372 0.1225 0.538 0.1095 0.5582 0.1098 0.5372 0.1095 0.5582 0.09799998 0.5372 0.09679996 0.5579 0.09799998 0.5372 0.1095 0.5582 0.09679996 0.5579 0.1095 0.5582 0.09709995 0.5753 0.11 0.5756 0.09709995 0.5753 0.1095 0.5582 0.122 0.5764 0.11 0.5756 0.1217 0.5585 0.1095 0.5582 0.1217 0.5585 0.11 0.5756 0.122 0.5764 0.1216 0.5973 0.11 0.5756 0.09709995 0.5753 0.11 0.5756 0.09969997 0.5979 0.1106 0.5988 0.09969997 0.5979 0.11 0.5756 0.1106 0.5988 0.11 0.5756 0.1216 0.5973 0.09799998 0.5372 0.09679996 0.5579 0.08899998 0.5395 0.08759999 0.5574 0.08899998 0.5395 0.09679996 0.5579 0.08759999 0.5574 0.09679996 0.5579 0.08669996 0.5748 0.09709995 0.5753 0.08669996 0.5748 0.09679996 0.5579 0.08669996 0.5748 0.09709995 0.5753 0.08899998 0.5952 0.09969997 0.5979 0.08899998 0.5952 0.09709995 0.5753 0.09799998 0.5372 0.08899998 0.5395 0.097 0.5265 0.08859997 0.5277 0.097 0.5265 0.08899998 0.5395 0.097 0.5265 0.1098 0.5267 0.09799998 0.5372 0.1098 0.5372 0.09799998 0.5372 0.1098 0.5267 0.1098 0.5372 0.1098 0.5267 0.1225 0.538 0.1235 0.5274 0.1225 0.538 0.1098 0.5267 0.1235 0.5274 0.1306 0.529 0.1225 0.538 0.1298 0.541 0.1225 0.538 0.1306 0.529 0.1106 0.5988 0.1103 0.6095 0.09969997 0.5979 0.1103 0.6095 0.1106 0.5988 0.122 0.6081 0.1216 0.5973 0.122 0.6081 0.1106 0.5988 0.122 0.6081 0.1216 0.5973 0.1289 0.6068 0.1291 0.5949 0.1289 0.6068 0.1216 0.5973 0.08669996 0.5748 0.08899998 0.5952 0.07779997 0.5776 0.08669996 0.5748 0.07779997 0.5776 0.08759999 0.5574 0.07919996 0.6013 0.07779997 0.5776 0.08899998 0.5952 0.1393 0.5345 0.1405 0.5563 0.1298 0.541 0.1317 0.5599 0.1298 0.541 0.1405 0.5563 0.1405 0.5563 0.1405 0.5797 0.1317 0.5599 0.1317 0.5764 0.1317 0.5599 0.1405 0.5797 0.1317 0.5764 0.1405 0.5797 0.1291 0.5949 0.1387 0.6014 0.1291 0.5949 0.1405 0.5797 0.09859997 0.6085 0.09969997 0.5979 0.1103 0.6095 0.09969997 0.5979 0.09859997 0.6085 0.08899998 0.5952 0.08809995 0.607 0.08899998 0.5952 0.09859997 0.6085 0.07889997 0.5535 0.08759999 0.5574 0.07779997 0.5776 0.08759999 0.5574 0.07889997 0.5535 0.08899998 0.5395 0.0798 0.5327 0.08899998 0.5395 0.07889997 0.5535 0.2038 0.8639 0.1814 0.8628 0.2003999 0.8561 0.1814 0.8628 0.2038 0.8639 0.1812 0.8717 0.2081 0.8757 0.1812 0.8717 0.2038 0.8639 0.2524 0.7264 0.2379 0.7266 0.2493 0.7048 0.2373999 0.7048 0.2493 0.7048 0.2379 0.7266 0.2493 0.7048 0.2612 0.7039 0.2524 0.7264 0.2669 0.7253 0.2524 0.7264 0.2612 0.7039 0.2612 0.7039 0.273 0.7017 0.2669 0.7253 0.2811 0.7224 0.2669 0.7253 0.273 0.7017 0.273 0.7017 0.2841 0.6968 0.2811 0.7224 0.2937 0.7172 0.2811 0.7224 0.2841 0.6968 0.2373999 0.7048 0.2379 0.7266 0.2255 0.7048 0.2236 0.7266 0.2255 0.7048 0.2379 0.7266 0.2255 0.7048 0.2236 0.7266 0.2136 0.7046 0.2093 0.7261 0.2136 0.7046 0.2236 0.7266 0.2136 0.7046 0.2093 0.7261 0.2018 0.7034 0.1953999 0.7246 0.2018 0.7034 0.2093 0.7261 0.2018 0.7034 0.1953999 0.7246 0.1902 0.6998 0.1823 0.7212 0.1902 0.6998 0.1953999 0.7246 0.2493 0.7048 0.2373999 0.7048 0.2491 0.7005 0.2372 0.7007 0.2491 0.7005 0.2373999 0.7048 0.2493 0.7048 0.2491 0.7005 0.2612 0.7039 0.2608 0.6998 0.2612 0.7039 0.2491 0.7005 0.2612 0.7039 0.2608 0.6998 0.273 0.7017 0.2717 0.6978 0.273 0.7017 0.2608 0.6998 0.273 0.7017 0.2717 0.6978 0.2841 0.6968 0.2806 0.6935 0.2841 0.6968 0.2717 0.6978 0.2373999 0.7048 0.2255 0.7048 0.2372 0.7007 0.2254 0.7006 0.2372 0.7007 0.2255 0.7048 0.2255 0.7048 0.2136 0.7046 0.2254 0.7006 0.2136999 0.7003 0.2254 0.7006 0.2136 0.7046 0.2136 0.7046 0.2018 0.7034 0.2136999 0.7003 0.2027 0.6991 0.2136999 0.7003 0.2018 0.7034 0.2018 0.7034 0.1902 0.6998 0.2027 0.6991 0.1934 0.6961 0.2027 0.6991 0.1902 0.6998 0.3557 0.006199955 0.3859 0.006699979 0.356 0.01209998 0.3867 0.01239997 0.356 0.01209998 0.3859 0.006699979 0.3859 0.006699979 0.4198 0.006499946 0.3867 0.01239997 0.4202 0.01239997 0.3867 0.01239997 0.4198 0.006499946 0.4202 0.01239997 0.4198 0.006499946 0.4521 0.01179999 0.4522 0.005899965 0.4521 0.01179999 0.4198 0.006499946 0.4521 0.01179999 0.4522 0.005899965 0.4799 0.01009994 0.4826 0.007699966 0.4799 0.01009994 0.4522 0.005899965 0.3443 0.4256 0.3496 0.4459 0.3142 0.435 0.3183 0.4563 0.3142 0.435 0.3496 0.4459 0.2886 0.436 0.3142 0.435 0.3183 0.4563 0.2890421 0.4482887 0.2886 0.436 0.3183 0.4563 0.3053318 0.4596889 0.2890421 0.4482887 0.3183 0.4563 0.2890421 0.4482887 0.2608276 0.4448135 0.2886 0.436 0.2591583 0.4237511 0.2886 0.436 0.2608276 0.4448135 0.3496 0.4459 0.3443 0.4256 0.3768 0.4357 0.3706 0.4112 0.3768 0.4357 0.3443 0.4256 0.3768 0.4357 0.3706 0.4112 0.4034 0.4254 0.3901 0.3962 0.4034 0.4254 0.3706 0.4112 0.4034 0.4254 0.3901 0.3962 0.4307 0.4135 0.4166 0.3807 0.4307 0.4135 0.3901 0.3962 0.2608276 0.4448135 0.2341728 0.4454916 0.2591583 0.4237511 0.2340605 0.4240617 0.2591583 0.4237511 0.2341728 0.4454916 0.4307 0.4135 0.4166 0.3807 0.456 0.402 0.4413 0.3691 0.456 0.402 0.4166 0.3807 0.2886 0.436 0.2591583 0.4237511 0.2898 0.4197 0.2886 0.436 0.2898 0.4197 0.3142 0.435 0.3134 0.4208 0.3142 0.435 0.2898 0.4197 0.2898 0.4197 0.2937 0.407 0.3134 0.4208 0.3137 0.4079 0.3134 0.4208 0.2937 0.407 0.3134 0.4208 0.3137 0.4079 0.3394 0.411 0.3367 0.3993 0.3394 0.411 0.3137 0.4079 0.2898 0.4197 0.2676 0.4008 0.2937 0.407 0.2792 0.3897 0.2937 0.407 0.2676 0.4008 0.3394 0.411 0.3367 0.3993 0.3625 0.3972 0.3567 0.3859 0.3625 0.3972 0.3367 0.3993 0.3625 0.3972 0.3567 0.3859 0.3814 0.3793 0.37 0.3702 0.3814 0.3793 0.3567 0.3859 0.3814 0.3793 0.37 0.3702 0.3941 0.3528 0.3778 0.3483 0.3941 0.3528 0.37 0.3702 0.3941 0.3528 0.3778 0.3483 0.3761 0.3194 0.3697 0.326 0.3761 0.3194 0.3778 0.3483 0.3394 0.411 0.3443 0.4256 0.3134 0.4208 0.3142 0.435 0.3134 0.4208 0.3443 0.4256 0.3814 0.3793 0.3941 0.3528 0.4092 0.3629 0.3814 0.3793 0.3901 0.3962 0.3625 0.3972 0.3706 0.4112 0.3625 0.3972 0.3901 0.3962 0.3625 0.3972 0.3706 0.4112 0.3394 0.411 0.3443 0.4256 0.3394 0.411 0.3706 0.4112 0.3941 0.3528 0.3761 0.3194 0.4084 0.3432 0.3941 0.3528 0.4084 0.3432 0.4092 0.3629 0.4092 0.3629 0.4084 0.3432 0.4327 0.3518 0.4228 0.335 0.4327 0.3518 0.4084 0.3432 0.4084 0.3432 0.392 0.3105 0.4228 0.335 0.392 0.3105 0.4084 0.3432 0.3761 0.3194 0.4041 0.3035 0.4228 0.335 0.392 0.3105 0.4092 0.3629 0.4327 0.3518 0.4166 0.3807 0.3901 0.3962 0.3814 0.3793 0.4166 0.3807 0.4092 0.3629 0.4166 0.3807 0.3814 0.3793 0.4413 0.3691 0.4166 0.3807 0.4327 0.3518 0.2676 0.4008 0.2898 0.4197 0.2591583 0.4237511 0.2676 0.4008 0.2591583 0.4237511 0.2495999 0.3987 0.2591583 0.4237511 0.2340605 0.4240617 0.2495999 0.3987 0.234 0.3989 0.2495999 0.3987 0.2340605 0.4240617 0.2676 0.4008 0.2495999 0.3987 0.2675 0.3664 0.2487 0.3637 0.2675 0.3664 0.2495999 0.3987 0.2495999 0.3987 0.234 0.3989 0.2487 0.3637 0.234 0.3633 0.2487 0.3637 0.234 0.3989 0.2676 0.4008 0.2675 0.3664 0.2792 0.3897 0.2765 0.3639 0.2792 0.3897 0.2675 0.3664 0.234 0.3989 0.2340605 0.4240617 0.2184 0.3988 0.2088422 0.423968 0.2184 0.3988 0.2340605 0.4240617 0.2340605 0.4240617 0.2341728 0.4454916 0.2088422 0.423968 0.2075083 0.4450719 0.2088422 0.423968 0.2341728 0.4454916 0.2088422 0.423968 0.2075083 0.4450719 0.1796 0.4364 0.1792905 0.4487329 0.1796 0.4364 0.2075083 0.4450719 0.1792905 0.4487329 0.1629489 0.4601341 0.1796 0.4364 0.1629489 0.4601341 0.1498 0.4567 0.1796 0.4364 0.1498 0.4567 0.154 0.4354 0.1796 0.4364 0.1498 0.4567 0.1185 0.4461 0.154 0.4354 0.1238999 0.4259 0.154 0.4354 0.1185 0.4461 0.1185 0.4461 0.09130001 0.4358 0.1238999 0.4259 0.09749996 0.4113 0.1238999 0.4259 0.09130001 0.4358 0.09130001 0.4358 0.0647 0.4254 0.09749996 0.4113 0.078 0.3963 0.09749996 0.4113 0.0647 0.4254 0.0647 0.4254 0.03739994 0.4136 0.078 0.3963 0.05149996 0.3808 0.078 0.3963 0.03739994 0.4136 0.03739994 0.4136 0.01209998 0.402 0.05149996 0.3808 0.02679997 0.3692 0.05149996 0.3808 0.01209998 0.402 0.154 0.4354 0.1238999 0.4259 0.1547 0.4212 0.1287 0.4112 0.1547 0.4212 0.1238999 0.4259 0.1238999 0.4259 0.09749996 0.4113 0.1287 0.4112 0.1547 0.4212 0.1287 0.4112 0.1545 0.4083 0.1314 0.3995 0.1545 0.4083 0.1287 0.4112 0.1545 0.4083 0.1744 0.4073 0.1547 0.4212 0.1784 0.42 0.1547 0.4212 0.1744 0.4073 0.1784 0.42 0.1744 0.4073 0.2003999 0.401 0.1888 0.3899 0.2003999 0.401 0.1744 0.4073 0.1287 0.4112 0.1055999 0.3973 0.1314 0.3995 0.09749996 0.4113 0.078 0.3963 0.1055999 0.3973 0.1055999 0.3973 0.1287 0.4112 0.09749996 0.4113 0.1115 0.3861 0.1314 0.3995 0.1055999 0.3973 0.1055999 0.3973 0.08669996 0.3794 0.1115 0.3861 0.08669996 0.3794 0.1055999 0.3973 0.078 0.3963 0.078 0.3963 0.05149996 0.3808 0.08669996 0.3794 0.0981 0.3702 0.1115 0.3861 0.08669996 0.3794 0.08669996 0.3794 0.07389998 0.3529 0.0981 0.3702 0.09029996 0.3483 0.0981 0.3702 0.07389998 0.3529 0.07389998 0.3529 0.09189999 0.3195 0.09029996 0.3483 0.09829998 0.3261 0.09029996 0.3483 0.09189999 0.3195 0.1547 0.4212 0.1784 0.42 0.154 0.4354 0.1796 0.4364 0.154 0.4354 0.1784 0.42 0.1796 0.4364 0.1784 0.42 0.2088422 0.423968 0.2003999 0.401 0.2088422 0.423968 0.1784 0.42 0.07389998 0.3529 0.08669996 0.3794 0.05889999 0.363 0.2088422 0.423968 0.2003999 0.401 0.2184 0.3988 0.07389998 0.3529 0.05969995 0.3432 0.09189999 0.3195 0.05969995 0.3432 0.07389998 0.3529 0.05889999 0.363 0.05889999 0.363 0.03539997 0.3519 0.05969995 0.3432 0.04529994 0.3351 0.05969995 0.3432 0.03539997 0.3519 0.05969995 0.3432 0.04529994 0.3351 0.07599997 0.3106 0.07599997 0.3106 0.09189999 0.3195 0.05969995 0.3432 0.06389999 0.3036 0.07599997 0.3106 0.04529994 0.3351 0.05889999 0.363 0.05149996 0.3808 0.03539997 0.3519 0.05889999 0.363 0.08669996 0.3794 0.05149996 0.3808 0.02679997 0.3692 0.03539997 0.3519 0.05149996 0.3808 0.2192 0.3637 0.2184 0.3988 0.2003 0.3666 0.2003999 0.401 0.2003 0.3666 0.2184 0.3988 0.2184 0.3988 0.2192 0.3637 0.234 0.3989 0.234 0.3633 0.234 0.3989 0.2192 0.3637 0.2003999 0.401 0.1888 0.3899 0.2003 0.3666 0.1914 0.3642 0.2003 0.3666 0.1888 0.3899 0.4158 0.7654 0.4375 0.7718 0.4136 0.7803 0.437 0.7879 0.4136 0.7803 0.4375 0.7718 0.4375 0.7718 0.4568 0.7765 0.437 0.7879 0.4564 0.7897 0.437 0.7879 0.4568 0.7765 0.4564 0.7897 0.4568 0.7765 0.4747 0.7806 0.4745 0.7683 0.4747 0.7806 0.4568 0.7765 0.4747 0.7806 0.4745 0.7683 0.4959 0.7689 0.4956 0.7589 0.4959 0.7689 0.4745 0.7683 0.4136 0.7803 0.3924 0.7707 0.4158 0.7654 0.3956 0.7579 0.4158 0.7654 0.3924 0.7707 0.3924 0.7707 0.3765 0.7617 0.3956 0.7579 0.3776 0.7484 0.3956 0.7579 0.3765 0.7617 0.3765 0.7617 0.357 0.7552 0.3776 0.7484 0.3568 0.7425 0.3776 0.7484 0.357 0.7552 0.3568 0.7425 0.357 0.7552 0.3367 0.7443 0.3344 0.7543 0.3367 0.7443 0.357 0.7552 0.4568 0.7765 0.4649 0.6847 0.4745 0.7683 0.4568 0.7765 0.4375 0.7718 0.4649 0.6847 0.4447 0.6791 0.4649 0.6847 0.4375 0.7718 0.4375 0.7718 0.4158 0.7654 0.4447 0.6791 0.4249 0.671 0.4447 0.6791 0.4158 0.7654 0.4158 0.7654 0.3956 0.7579 0.4249 0.671 0.4849 0.683 0.4745 0.7683 0.4649 0.6847 0.5066 0.6769 0.4956 0.7589 0.4849 0.683 0.4745 0.7683 0.4849 0.683 0.4956 0.7589 0.3367 0.7443 0.3397 0.6619 0.3568 0.7425 0.3597304 0.6637762 0.3568 0.7425 0.3397 0.6619 0.3397 0.6619 0.34 0.6447 0.3597304 0.6637762 0.34 0.6447 0.3610529 0.6399335 0.3597304 0.6637762 0.3597304 0.6637762 0.3610529 0.6399335 0.381078 0.6647145 0.3597304 0.6637762 0.381078 0.6647145 0.3568 0.7425 0.3820294 0.6397122 0.381078 0.6647145 0.3610529 0.6399335 0.3820294 0.6397122 0.4053025 0.6412548 0.381078 0.6647145 0.4032935 0.6683922 0.381078 0.6647145 0.4053025 0.6412548 0.4032935 0.6683922 0.4264 0.6488 0.4249 0.671 0.4032935 0.6683922 0.4053025 0.6412548 0.4264 0.6488 0.4053025 0.6412548 0.3820294 0.6397122 0.406 0.6146 0.3822 0.6143 0.406 0.6146 0.3820294 0.6397122 0.4053025 0.6412548 0.406 0.6146 0.4276 0.6261 0.4053025 0.6412548 0.4276 0.6261 0.4264 0.6488 0.4278 0.6102 0.4276 0.6261 0.406 0.6146 0.381078 0.6647145 0.4032935 0.6683922 0.3776 0.7484 0.3776 0.7484 0.3568 0.7425 0.381078 0.6647145 0.3956 0.7579 0.3776 0.7484 0.4032935 0.6683922 0.4032935 0.6683922 0.4249 0.671 0.3956 0.7579 0.34 0.6447 0.3401 0.6274 0.3610529 0.6399335 0.406 0.6146 0.3822 0.6143 0.4018 0.5994 0.382 0.6022 0.4018 0.5994 0.3822 0.6143 0.382 0.6022 0.3822 0.6143 0.3606 0.6021 0.382 0.6022 0.3606 0.6021 0.3804 0.5679 0.382 0.6022 0.3804 0.5679 0.4018 0.5994 0.3588 0.5702 0.3804 0.5679 0.3606 0.6021 0.3606 0.6021 0.3396 0.6009 0.3588 0.5702 0.3342 0.5723 0.3588 0.5702 0.3396 0.6009 0.3588 0.5702 0.3342 0.5723 0.3538 0.5282 0.3276 0.529 0.3538 0.5282 0.3342 0.5723 0.3276 0.529 0.3271 0.5142 0.3538 0.5282 0.3552 0.5122 0.3538 0.5282 0.3271 0.5142 0.3538 0.5282 0.3552 0.5122 0.3781 0.5263 0.3804 0.5679 0.3588 0.5702 0.3781 0.5263 0.3538 0.5282 0.3781 0.5263 0.3588 0.5702 0.3775 0.5106 0.3781 0.5263 0.3552 0.5122 0.3775 0.5106 0.4 0.5093 0.3781 0.5263 0.4019 0.5243 0.3781 0.5263 0.4 0.5093 0.4 0.5093 0.427 0.5086 0.4019 0.5243 0.4277 0.5234 0.4019 0.5243 0.427 0.5086 0.427 0.5086 0.4552 0.5098 0.4277 0.5234 0.4538 0.5243 0.4277 0.5234 0.4552 0.5098 0.4552 0.5098 0.4767 0.5144 0.4538 0.5243 0.4741 0.528 0.4538 0.5243 0.4767 0.5144 0.4767 0.5144 0.4972 0.5236 0.4741 0.528 0.4938 0.5359 0.4741 0.528 0.4972 0.5236 0.4972 0.5236 0.5174 0.5391 0.4938 0.5359 0.5138 0.5455 0.4938 0.5359 0.5174 0.5391 0.4277 0.5234 0.4538 0.5243 0.4253 0.5663 0.4277 0.5234 0.4253 0.5663 0.4019 0.5243 0.4501 0.5677 0.4253 0.5663 0.4538 0.5243 0.4538 0.5243 0.4741 0.528 0.4501 0.5677 0.4702 0.572 0.4501 0.5677 0.4741 0.528 0.4741 0.528 0.4938 0.5359 0.4702 0.572 0.4501 0.5677 0.4702 0.572 0.4497 0.5956 0.4686 0.5989 0.4497 0.5956 0.4702 0.572 0.49 0.578 0.4702 0.572 0.4938 0.5359 0.4938 0.5359 0.5138 0.5455 0.49 0.578 0.4702 0.572 0.49 0.578 0.4686 0.5989 0.5128 0.5844 0.49 0.578 0.5138 0.5455 0.49 0.578 0.5128 0.5844 0.4877 0.6045 0.4877 0.6045 0.4686 0.5989 0.49 0.578 0.5106 0.611 0.4877 0.6045 0.5128 0.5844 0.4972 0.5236 0.4767 0.5144 0.5004 0.5121 0.4803 0.5018 0.5004 0.5121 0.4767 0.5144 0.5174 0.5391 0.4972 0.5236 0.5226 0.5345 0.5004 0.5121 0.5226 0.5345 0.4972 0.5236 0.5004 0.5121 0.4803 0.5018 0.5062 0.5008 0.4859 0.4917 0.5062 0.5008 0.4803 0.5018 0.5226 0.5345 0.5004 0.5121 0.5244 0.5161 0.5062 0.5008 0.5244 0.5161 0.5004 0.5121 0.5226 0.5345 0.5244 0.5161 0.5388 0.5322 0.4859 0.4917 0.4803 0.5018 0.4643 0.4842 0.4643 0.4842 0.4715 0.4715 0.4859 0.4917 0.4715 0.4715 0.4643 0.4842 0.4545 0.4625 0.4419 0.4777 0.4545 0.4625 0.4643 0.4842 0.4545 0.4625 0.4419 0.4777 0.436 0.4518 0.4197 0.4748 0.436 0.4518 0.4419 0.4777 0.436 0.4518 0.4507 0.4416 0.4545 0.4625 0.4629 0.4501 0.4545 0.4625 0.4507 0.4416 0.4545 0.4625 0.4629 0.4501 0.4715 0.4715 0.4507 0.4416 0.4579 0.4352 0.4629 0.4501 0.468 0.444 0.4629 0.4501 0.4579 0.4352 0.4906 0.4818 0.4859 0.4917 0.4715 0.4715 0.4643 0.4842 0.4602 0.4953 0.4419 0.4777 0.4602 0.4953 0.4643 0.4842 0.4803 0.5018 0.4602 0.4953 0.4803 0.5018 0.4552 0.5098 0.4602 0.4953 0.4552 0.5098 0.4257 0.4943 0.4257 0.4943 0.4419 0.4777 0.4602 0.4953 0.4419 0.4777 0.4257 0.4943 0.4197 0.4748 0.427 0.5086 0.4257 0.4943 0.4552 0.5098 0.4767 0.5144 0.4552 0.5098 0.4803 0.5018 0.427 0.5086 0.4 0.5093 0.4257 0.4943 0.398 0.4964 0.4257 0.4943 0.4 0.5093 0.4257 0.4943 0.398 0.4964 0.4197 0.4748 0.4 0.5093 0.3775 0.5106 0.398 0.4964 0.3766 0.4973 0.398 0.4964 0.3775 0.5106 0.3766 0.4973 0.3775 0.5106 0.3553 0.4981 0.3552 0.5122 0.3553 0.4981 0.3775 0.5106 0.3553 0.4981 0.3552 0.5122 0.3258 0.499 0.3271 0.5142 0.3258 0.499 0.3552 0.5122 0.3553 0.4981 0.3258 0.499 0.354 0.48 0.3281 0.4781 0.354 0.48 0.3258 0.499 0.354 0.48 0.3755 0.4797 0.3553 0.4981 0.3766 0.4973 0.3553 0.4981 0.3755 0.4797 0.3766 0.4973 0.3755 0.4797 0.398 0.4964 0.3952 0.4784 0.398 0.4964 0.3755 0.4797 0.3952 0.4784 0.4197 0.4748 0.398 0.4964 0.354 0.48 0.3281 0.4781 0.3544 0.4631 0.3302 0.4607 0.3544 0.4631 0.3281 0.4781 0.3544 0.4631 0.3747 0.4629 0.354 0.48 0.3755 0.4797 0.354 0.48 0.3747 0.4629 0.3755 0.4797 0.3747 0.4629 0.3952 0.4784 0.3928 0.4618 0.3952 0.4784 0.3747 0.4629 0.3952 0.4784 0.3928 0.4618 0.4197 0.4748 0.4154 0.4583 0.4197 0.4748 0.3928 0.4618 0.4154 0.4583 0.436 0.4518 0.4197 0.4748 0.8724 0.4839 0.8487 0.4835 0.8697 0.4597 0.8394 0.4643 0.8697 0.4597 0.8487 0.4835 0.8697 0.4597 0.8994 0.4594 0.8724 0.4839 0.8994 0.4865 0.8724 0.4839 0.8994 0.4594 0.8994 0.4865 0.8994 0.4594 0.926 0.4828 0.9276 0.4582 0.926 0.4828 0.8994 0.4594 0.926 0.4828 0.9276 0.4582 0.951 0.4767 0.9533 0.4564 0.951 0.4767 0.9276 0.4582 0.8394 0.4643 0.838 0.4359 0.8697 0.4597 0.8685 0.4354 0.8697 0.4597 0.838 0.4359 0.8685 0.4354 0.8982 0.4339 0.8697 0.4597 0.8994 0.4594 0.8697 0.4597 0.8982 0.4339 0.8982 0.4339 0.9276 0.4355 0.8994 0.4594 0.9276 0.4582 0.8994 0.4594 0.9276 0.4355 0.9276 0.4582 0.9276 0.4355 0.9533 0.4564 0.9541 0.4362 0.9533 0.4564 0.9276 0.4355 0.8685 0.4354 0.838 0.4359 0.8669 0.4148 0.8411 0.4156 0.8669 0.4148 0.838 0.4359 0.9276 0.4355 0.8982 0.4339 0.9268 0.4159 0.9276 0.4355 0.9268 0.4159 0.9541 0.4362 0.8964 0.4129 0.9268 0.4159 0.8982 0.4339 0.8669 0.4148 0.8964 0.4129 0.8685 0.4354 0.8982 0.4339 0.8685 0.4354 0.8964 0.4129 0.9529 0.4165 0.9541 0.4362 0.9268 0.4159 0.838 0.4359 0.8229 0.4325 0.8411 0.4156 0.8229 0.4325 0.838 0.4359 0.8254 0.4619 0.8394 0.4643 0.8254 0.4619 0.838 0.4359 0.8254 0.4619 0.8394 0.4643 0.8333 0.4883 0.8487 0.4835 0.8333 0.4883 0.8394 0.4643 0.8245 0.413 0.8411 0.4156 0.8229 0.4325 0.8669 0.4148 0.8411 0.4156 0.8635 0.4031 0.8324 0.4027 0.8635 0.4031 0.8411 0.4156 0.8635 0.4031 0.8962 0.4031 0.8669 0.4148 0.8964 0.4129 0.8669 0.4148 0.8962 0.4031 0.8964 0.4129 0.8962 0.4031 0.9268 0.4159 0.9297 0.4053 0.9268 0.4159 0.8962 0.4031 0.9268 0.4159 0.9297 0.4053 0.9529 0.4165 0.9614 0.4059 0.9529 0.4165 0.9297 0.4053 0.8724 0.4839 0.8705 0.4958 0.8487 0.4835 0.8424 0.4982 0.8487 0.4835 0.8705 0.4958 0.8724 0.4839 0.8994 0.4865 0.8705 0.4958 0.9021 0.496 0.8705 0.4958 0.8994 0.4865 0.8994 0.4865 0.926 0.4828 0.9021 0.496 0.9318 0.4907 0.9021 0.496 0.926 0.4828 0.926 0.4828 0.951 0.4767 0.9318 0.4907 0.9603 0.4851 0.9318 0.4907 0.951 0.4767 0.9533 0.4564 0.9682 0.4562 0.951 0.4767 0.9533 0.4564 0.9541 0.4362 0.9682 0.4562 0.9683 0.4329 0.9682 0.4562 0.9541 0.4362 0.9541 0.4362 0.9529 0.4165 0.9683 0.4329 0.9667 0.4124 0.9683 0.4329 0.9529 0.4165 0.9646 0.4779 0.951 0.4767 0.9682 0.4562 0.4019 0.5243 0.3998 0.5668 0.3781 0.5263 0.3804 0.5679 0.3781 0.5263 0.3998 0.5668 0.3998 0.5668 0.4019 0.5243 0.4253 0.5663 0.3998 0.5668 0.4018 0.5994 0.3804 0.5679 0.3998 0.5668 0.4253 0.5663 0.4018 0.5994 0.4253 0.5951 0.4018 0.5994 0.4253 0.5663 0.4253 0.5663 0.4501 0.5677 0.4253 0.5951 0.4497 0.5956 0.4253 0.5951 0.4501 0.5677 0.4253 0.5951 0.4497 0.5956 0.4278 0.6102 0.4493 0.6052 0.4278 0.6102 0.4497 0.5956 0.4497 0.5956 0.4686 0.5989 0.4493 0.6052 0.4681 0.6061 0.4493 0.6052 0.4686 0.5989 0.4686 0.5989 0.4877 0.6045 0.4681 0.6061 0.4879 0.6125 0.4681 0.6061 0.4877 0.6045 0.4877 0.6045 0.5106 0.611 0.4879 0.6125 0.51 0.6215 0.4879 0.6125 0.5106 0.611 0.4018 0.5994 0.4253 0.5951 0.406 0.6146 0.4278 0.6102 0.406 0.6146 0.4253 0.5951 0.5311 0.4802 0.5456 0.4837 0.5281 0.4969 0.549 0.5066 0.5281 0.4969 0.5456 0.4837 0.5456 0.4837 0.5311 0.4802 0.5456 0.4729 0.5324 0.4713 0.5456 0.4729 0.5311 0.4802 0.5281 0.4969 0.549 0.5066 0.5244 0.5161 0.5244 0.5161 0.5062 0.5008 0.5281 0.4969 0.5105 0.4893 0.5281 0.4969 0.5062 0.5008 0.5281 0.4969 0.5105 0.4893 0.5311 0.4802 0.5062 0.5008 0.4859 0.4917 0.5105 0.4893 0.4906 0.4818 0.5105 0.4893 0.4859 0.4917 0.5388 0.5322 0.5244 0.5161 0.549 0.5066 0.5105 0.4893 0.4906 0.4818 0.5142 0.4768 0.5142 0.4768 0.5311 0.4802 0.5105 0.4893 0.5311 0.4802 0.5142 0.4768 0.5324 0.4713 0.4958 0.4701 0.5142 0.4768 0.4906 0.4818 0.4906 0.4818 0.4715 0.4715 0.4958 0.4701 0.4776 0.4607 0.4958 0.4701 0.4715 0.4715 0.4776 0.4607 0.4715 0.4715 0.4629 0.4501 0.5456 0.4729 0.5324 0.4713 0.5448 0.4609 0.5326 0.4626 0.5448 0.4609 0.5324 0.4713 0.5448 0.4609 0.5326 0.4626 0.5341 0.4294 0.5272 0.4368 0.5341 0.4294 0.5326 0.4626 0.5341 0.4294 0.5272 0.4368 0.5031 0.4137 0.5016 0.4237 0.5031 0.4137 0.5272 0.4368 0.5016 0.4237 0.4738 0.4384 0.5031 0.4137 0.4668 0.4286 0.5031 0.4137 0.4738 0.4384 0.4738 0.4384 0.5016 0.4237 0.4853 0.446 0.5008 0.4316 0.4853 0.446 0.5016 0.4237 0.4853 0.446 0.5008 0.4316 0.5026 0.455 0.5326 0.4626 0.5202 0.4615 0.5272 0.4368 0.5204 0.4425 0.5272 0.4368 0.5202 0.4615 0.5204 0.4425 0.5026 0.455 0.5008 0.4316 0.5272 0.4368 0.5204 0.4425 0.5016 0.4237 0.5008 0.4316 0.5016 0.4237 0.5204 0.4425 0.5204 0.4425 0.5202 0.4615 0.5026 0.455 0.4853 0.446 0.4814 0.4531 0.4738 0.4384 0.468 0.444 0.4738 0.4384 0.4814 0.4531 0.4738 0.4384 0.468 0.444 0.4668 0.4286 0.5026 0.455 0.4994 0.4624 0.4853 0.446 0.4814 0.4531 0.4853 0.446 0.4994 0.4624 0.5026 0.455 0.5202 0.4615 0.4994 0.4624 0.5202 0.4615 0.5326 0.4626 0.5176 0.4691 0.5176 0.4691 0.4994 0.4624 0.5202 0.4615 0.5324 0.4713 0.5176 0.4691 0.5326 0.4626 0.4579 0.4352 0.4668 0.4286 0.468 0.444 0.4814 0.4531 0.4776 0.4607 0.468 0.444 0.4629 0.4501 0.468 0.444 0.4776 0.4607 0.4776 0.4607 0.4814 0.4531 0.4958 0.4701 0.4994 0.4624 0.4958 0.4701 0.4814 0.4531 0.5176 0.4691 0.5324 0.4713 0.5142 0.4768 0.4958 0.4701 0.4994 0.4624 0.5142 0.4768 0.5176 0.4691 0.5142 0.4768 0.4994 0.4624 0.8423 0.8102 0.8169 0.8191 0.8418 0.7724 0.8161 0.7632 0.8418 0.7724 0.8169 0.8191 0.8418 0.7724 0.8499 0.7901 0.8423 0.8102 0.8169 0.8191 0.7907 0.8196 0.8161 0.7632 0.7889 0.7558 0.8161 0.7632 0.7907 0.8196 0.7889 0.7558 0.7907 0.8196 0.7642 0.7525 0.7623 0.8265 0.7642 0.7525 0.7907 0.8196 0.7642 0.7525 0.7623 0.8265 0.7516 0.7532 0.7487 0.8261 0.7516 0.7532 0.7623 0.8265 0.7516 0.7532 0.7487 0.8261 0.7392 0.7558 0.7354 0.8238 0.7392 0.7558 0.7487 0.8261 0.7392 0.7558 0.7354 0.8238 0.7018 0.7747 0.7035 0.8092 0.7018 0.7747 0.7354 0.8238 0.3396 0.6009 0.3606 0.6021 0.3414 0.6114 0.3609 0.615 0.3414 0.6114 0.3606 0.6021 0.3609 0.615 0.3606 0.6021 0.3822 0.6143 0.3414 0.6114 0.3609 0.615 0.3401 0.6274 0.3610529 0.6399335 0.3401 0.6274 0.3609 0.615 0.3822 0.6143 0.3820294 0.6397122 0.3609 0.615 0.3610529 0.6399335 0.3609 0.615 0.3820294 0.6397122 0.5548 0.5282 0.5388 0.5322 0.549 0.5066 0.8664 0.8161 0.8724 0.7898 0.8779 0.819 0.8845 0.7926 0.8779 0.819 0.8724 0.7898 0.8779 0.819 0.87 0.8457 0.8664 0.8161 0.8576 0.8435 0.8664 0.8161 0.87 0.8457 0.8724 0.7898 0.8664 0.8161 0.8647 0.7879 0.8578 0.8146 0.8647 0.7879 0.8664 0.8161 0.8664 0.8161 0.8576 0.8435 0.8578 0.8146 0.8501 0.8408 0.8578 0.8146 0.8576 0.8435 0.8576 0.8435 0.87 0.8457 0.8633 0.8592 0.8576 0.8435 0.8633 0.8592 0.8406 0.8635 0.8576 0.8435 0.8406 0.8635 0.8501 0.8408 0.8488 0.8765 0.8406 0.8635 0.8633 0.8592 0.8406 0.8635 0.8488 0.8765 0.8226 0.8752 0.8273 0.8892 0.8226 0.8752 0.8488 0.8765 0.8226 0.8752 0.8273 0.8892 0.8047 0.8824 0.8077 0.8966 0.8047 0.8824 0.8273 0.8892 0.8047 0.8824 0.8077 0.8966 0.7852 0.887 0.7869 0.9002 0.7852 0.887 0.8077 0.8966 0.7869 0.9002 0.764 0.9018 0.7852 0.887 0.764 0.8882 0.7852 0.887 0.764 0.9018 0.7869 0.9002 0.7868 0.9158 0.764 0.9018 0.764 0.9164 0.764 0.9018 0.7868 0.9158 0.7868 0.9158 0.7855 0.9322 0.764 0.9164 0.764 0.934 0.764 0.9164 0.7855 0.9322 0.7855 0.9322 0.7831 0.9508 0.764 0.934 0.764 0.9523 0.764 0.934 0.7831 0.9508 0.7831 0.9508 0.7802 0.9698 0.764 0.9523 0.764 0.9715 0.764 0.9523 0.7802 0.9698 0.7802 0.9698 0.779 0.979 0.764 0.9715 0.779 0.979 0.7802 0.9698 0.8002 0.9732 0.803 0.9635 0.8002 0.9732 0.7802 0.9698 0.7802 0.9698 0.7831 0.9508 0.803 0.9635 0.8002 0.9732 0.803 0.9635 0.8214 0.9657 0.822 0.9578 0.8214 0.9657 0.803 0.9635 0.8214 0.9657 0.822 0.9578 0.8467 0.9589 0.8471 0.9509 0.8467 0.9589 0.822 0.9578 0.764 0.9802 0.764 0.9715 0.779 0.979 0.822 0.9578 0.8232 0.9425 0.8471 0.9509 0.847 0.9359 0.8471 0.9509 0.8232 0.9425 0.8471 0.9509 0.847 0.9359 0.8734 0.9436 0.8734 0.9436 0.8738 0.9507 0.8471 0.9509 0.8734 0.9436 0.8895 0.9453 0.8738 0.9507 0.8898 0.9526 0.8738 0.9507 0.8895 0.9453 0.8718 0.9327 0.8734 0.9436 0.847 0.9359 0.8734 0.9436 0.8718 0.9327 0.8895 0.9453 0.803 0.9635 0.8054 0.9465 0.822 0.9578 0.8232 0.9425 0.822 0.9578 0.8054 0.9465 0.8909 0.933 0.8895 0.9453 0.8718 0.9327 0.8909 0.933 0.9066 0.9397 0.8895 0.9453 0.9003 0.9491 0.8895 0.9453 0.9066 0.9397 0.8895 0.9453 0.9003 0.9491 0.8898 0.9526 0.9066 0.9397 0.9189 0.9555 0.9003 0.9491 0.9045 0.9569 0.9003 0.9491 0.9189 0.9555 0.8909 0.933 0.898 0.918 0.9066 0.9397 0.9152 0.9264 0.9066 0.9397 0.898 0.918 0.9189 0.9555 0.9066 0.9397 0.9337 0.9384 0.9152 0.9264 0.9337 0.9384 0.9066 0.9397 0.8718 0.9327 0.8739 0.9137 0.8909 0.933 0.898 0.918 0.8909 0.933 0.8739 0.9137 0.847 0.9359 0.8479 0.9147 0.8718 0.9327 0.8739 0.9137 0.8718 0.9327 0.8479 0.9147 0.8479 0.9147 0.847 0.9359 0.8261 0.9224 0.8232 0.9425 0.8261 0.9224 0.847 0.9359 0.8054 0.9465 0.8068 0.9288 0.8232 0.9425 0.8261 0.9224 0.8232 0.9425 0.8068 0.9288 0.8068 0.9288 0.8054 0.9465 0.7855 0.9322 0.7831 0.9508 0.7855 0.9322 0.8054 0.9465 0.8479 0.9147 0.8518 0.891 0.8739 0.9137 0.8819 0.8904 0.8739 0.9137 0.8518 0.891 0.8739 0.9137 0.8819 0.8904 0.898 0.918 0.8261 0.9224 0.8289 0.9024 0.8479 0.9147 0.8518 0.891 0.8479 0.9147 0.8289 0.9024 0.8068 0.9288 0.8082 0.9117 0.8261 0.9224 0.8289 0.9024 0.8261 0.9224 0.8082 0.9117 0.8082 0.9117 0.8068 0.9288 0.7868 0.9158 0.7855 0.9322 0.7868 0.9158 0.8068 0.9288 0.7868 0.9158 0.7869 0.9002 0.8082 0.9117 0.8077 0.8966 0.8082 0.9117 0.7869 0.9002 0.8082 0.9117 0.8077 0.8966 0.8289 0.9024 0.8273 0.8892 0.8289 0.9024 0.8077 0.8966 0.8289 0.9024 0.8273 0.8892 0.8518 0.891 0.8518 0.891 0.8728 0.8745 0.8819 0.8904 0.8819 0.8904 0.8728 0.8745 0.8964 0.8585 0.8964 0.8585 0.9162 0.8708 0.8819 0.8904 0.9046 0.8973 0.8819 0.8904 0.9162 0.8708 0.9162 0.8708 0.9381 0.8834 0.9046 0.8973 0.9264 0.9075 0.9046 0.8973 0.9381 0.8834 0.9381 0.8834 0.9603 0.8979 0.9264 0.9075 0.9472 0.9197 0.9264 0.9075 0.9603 0.8979 0.9381 0.8834 0.9162 0.8708 0.9497 0.8507 0.926 0.8386 0.9497 0.8507 0.9162 0.8708 0.9162 0.8708 0.8964 0.8585 0.926 0.8386 0.9497 0.8507 0.926 0.8386 0.9642 0.8162 0.9369 0.8053 0.9642 0.8162 0.926 0.8386 0.926 0.8386 0.9074 0.8291 0.9369 0.8053 0.9074 0.8291 0.926 0.8386 0.8964 0.8585 0.9151 0.7992 0.9369 0.8053 0.9074 0.8291 0.9642 0.8162 0.9961 0.8354 0.9497 0.8507 0.9792 0.8663 0.9497 0.8507 0.9961 0.8354 0.9497 0.8507 0.9792 0.8663 0.9381 0.8834 0.9603 0.8979 0.9381 0.8834 0.9792 0.8663 0.9074 0.8291 0.8918 0.8236 0.9151 0.7992 0.8987 0.7957 0.9151 0.7992 0.8918 0.8236 0.8918 0.8236 0.9074 0.8291 0.8835 0.8512 0.8964 0.8585 0.8835 0.8512 0.9074 0.8291 0.8835 0.8512 0.8964 0.8585 0.8728 0.8745 0.9472 0.9197 0.9337 0.9384 0.9264 0.9075 0.8728 0.8745 0.8633 0.8592 0.8835 0.8512 0.8633 0.8592 0.8728 0.8745 0.8488 0.8765 0.8518 0.891 0.8488 0.8765 0.8728 0.8745 0.8488 0.8765 0.8518 0.891 0.8273 0.8892 0.87 0.8457 0.8835 0.8512 0.8633 0.8592 0.8835 0.8512 0.87 0.8457 0.8918 0.8236 0.8779 0.819 0.8918 0.8236 0.87 0.8457 0.8918 0.8236 0.8779 0.819 0.8987 0.7957 0.8845 0.7926 0.8987 0.7957 0.8779 0.819 0.9152 0.9264 0.9264 0.9075 0.9337 0.9384 0.9152 0.9264 0.898 0.918 0.9264 0.9075 0.9046 0.8973 0.9264 0.9075 0.898 0.918 0.9046 0.8973 0.898 0.918 0.8819 0.8904 0.5434 0.883 0.5523 0.8925 0.5396 0.8882 0.5517 0.8996 0.5396 0.8882 0.5523 0.8925 0.5396 0.8882 0.5263 0.8658 0.5434 0.883 0.531 0.8596 0.5434 0.883 0.5263 0.8658 0.5263 0.8658 0.5101 0.842 0.531 0.8596 0.5145 0.8354 0.531 0.8596 0.5101 0.842 0.5101 0.842 0.4902 0.8208 0.5145 0.8354 0.4945 0.8158 0.5145 0.8354 0.4902 0.8208 0.4945 0.8158 0.4902 0.8208 0.469 0.8001 0.4659 0.8062 0.469 0.8001 0.4902 0.8208 0.469 0.8001 0.4659 0.8062 0.4441 0.7953 0.4441 0.8016 0.4441 0.7953 0.4659 0.8062 0.5101 0.842 0.5263 0.8658 0.501 0.8509 0.5156 0.8749 0.501 0.8509 0.5263 0.8658 0.4902 0.8208 0.5101 0.842 0.4834 0.8293 0.501 0.8509 0.4834 0.8293 0.5101 0.842 0.4441 0.8016 0.4659 0.8062 0.4441 0.8132 0.4628 0.8161 0.4441 0.8132 0.4659 0.8062 0.4659 0.8062 0.4902 0.8208 0.4628 0.8161 0.4834 0.8293 0.4628 0.8161 0.4902 0.8208 0.4441 0.8132 0.4628 0.8161 0.4441 0.8338 0.4602 0.8355 0.4441 0.8338 0.4628 0.8161 0.4628 0.8161 0.4834 0.8293 0.4602 0.8355 0.5156 0.8749 0.4887 0.8795 0.501 0.8509 0.479 0.8613 0.501 0.8509 0.4887 0.8795 0.4887 0.8795 0.4684 0.8835 0.479 0.8613 0.4604 0.8632 0.479 0.8613 0.4684 0.8835 0.4834 0.8293 0.501 0.8509 0.4728 0.8425 0.479 0.8613 0.4728 0.8425 0.501 0.8509 0.4728 0.8425 0.4602 0.8355 0.4834 0.8293 0.4602 0.8355 0.4728 0.8425 0.4604 0.8632 0.479 0.8613 0.4604 0.8632 0.4728 0.8425 0.4441 0.8338 0.4602 0.8355 0.4441 0.8629 0.4604 0.8632 0.4441 0.8629 0.4602 0.8355 0.4604 0.8632 0.4562 0.8874 0.4441 0.8629 0.4604 0.8632 0.4684 0.8835 0.4562 0.8874 0.4441 0.8887 0.4441 0.8629 0.4562 0.8874 0.5156 0.8749 0.5056 0.893 0.4887 0.8795 0.5156 0.8749 0.5282 0.895 0.5056 0.893 0.5156 0.8749 0.5263 0.8658 0.5282 0.895 0.5396 0.8882 0.5282 0.895 0.5263 0.8658 0.5282 0.895 0.5396 0.8882 0.5458 0.912 0.5517 0.8996 0.5458 0.912 0.5396 0.8882 0.5159 0.9033 0.5056 0.893 0.5282 0.895 0.5056 0.893 0.5159 0.9033 0.5049 0.8955 0.5049 0.8955 0.4933 0.8906 0.5056 0.893 0.492 0.8881 0.5056 0.893 0.4933 0.8906 0.5142 0.9053 0.5049 0.8955 0.5159 0.9033 0.5159 0.9033 0.5204 0.9148 0.5142 0.9053 0.5183 0.9159 0.5142 0.9053 0.5204 0.9148 0.5204 0.9148 0.5205 0.9282 0.5183 0.9159 0.5184 0.9282 0.5183 0.9159 0.5205 0.9282 0.5205 0.9282 0.5153 0.9401 0.5184 0.9282 0.5137 0.9394 0.5184 0.9282 0.5153 0.9401 0.5153 0.9401 0.504 0.9508 0.5137 0.9394 0.5035 0.9496 0.5137 0.9394 0.504 0.9508 0.504 0.9508 0.4911 0.9558 0.5035 0.9496 0.4921 0.9539 0.5035 0.9496 0.4911 0.9558 0.4933 0.8906 0.4815 0.8908 0.492 0.8881 0.4811 0.8889 0.492 0.8881 0.4815 0.8908 0.4811 0.8889 0.4815 0.8908 0.4695 0.894 0.4701 0.8955 0.4695 0.894 0.4815 0.8908 0.4695 0.894 0.4701 0.8955 0.4603 0.9035 0.461 0.9047 0.4603 0.9035 0.4701 0.8955 0.4603 0.9035 0.461 0.9047 0.4545 0.9157 0.456 0.9158 0.4545 0.9157 0.461 0.9047 0.4545 0.9157 0.456 0.9158 0.4533 0.9271 0.4551 0.9271 0.4533 0.9271 0.456 0.9158 0.4533 0.9271 0.4551 0.9271 0.4579 0.9404 0.4598 0.9394 0.4579 0.9404 0.4551 0.9271 0.4579 0.9404 0.4598 0.9394 0.4664 0.9494 0.468 0.9482 0.4664 0.9494 0.4598 0.9394 0.4664 0.9494 0.468 0.9482 0.4777 0.9548 0.4792 0.9533 0.4777 0.9548 0.468 0.9482 0.4777 0.9548 0.4792 0.9533 0.4911 0.9558 0.4921 0.9539 0.4911 0.9558 0.4792 0.9533 0.4911 0.9558 0.4887 0.9651 0.4777 0.9548 0.468 0.9676 0.4777 0.9548 0.4887 0.9651 0.4777 0.9548 0.468 0.9676 0.4664 0.9494 0.4887 0.9651 0.4911 0.9558 0.5089 0.9575 0.504 0.9508 0.5089 0.9575 0.4911 0.9558 0.504 0.9508 0.5153 0.9401 0.5089 0.9575 0.5231 0.9457 0.5089 0.9575 0.5153 0.9401 0.5231 0.9457 0.5153 0.9401 0.5302 0.9305 0.5205 0.9282 0.5302 0.9305 0.5153 0.9401 0.4664 0.9494 0.468 0.9676 0.4441 0.9517 0.4441 0.9691 0.4441 0.9517 0.468 0.9676 0.4441 0.9691 0.468 0.9676 0.4441 0.9954 0.4844 0.9897 0.4441 0.9954 0.468 0.9676 0.4887 0.9651 0.4844 0.9897 0.468 0.9676 0.4844 0.9897 0.4887 0.9651 0.5195 0.9723 0.5089 0.9575 0.5195 0.9723 0.4887 0.9651 0.5089 0.9575 0.5231 0.9457 0.5195 0.9723 0.536 0.9533 0.5195 0.9723 0.5231 0.9457 0.5231 0.9457 0.5302 0.9305 0.536 0.9533 0.5443 0.9337 0.536 0.9533 0.5302 0.9305 0.5443 0.9337 0.5302 0.9305 0.5458 0.912 0.5312 0.9139 0.5458 0.912 0.5302 0.9305 0.5302 0.9305 0.5205 0.9282 0.5312 0.9139 0.5282 0.895 0.5458 0.912 0.5312 0.9139 0.5282 0.895 0.5312 0.9139 0.5159 0.9033 0.5204 0.9148 0.5159 0.9033 0.5312 0.9139 0.5204 0.9148 0.5312 0.9139 0.5205 0.9282 0.4441 0.9691 0.4441 0.9954 0.4202 0.9676 0.4441 0.9691 0.4202 0.9676 0.4441 0.9517 0.4038 0.9897 0.4202 0.9676 0.4441 0.9954 0.4219 0.9494 0.4441 0.9517 0.4202 0.9676 0.4202 0.9676 0.4106 0.9548 0.4219 0.9494 0.4219 0.9494 0.4106 0.9548 0.4203 0.9482 0.4203 0.9482 0.4285 0.9394 0.4219 0.9494 0.4304 0.9404 0.4219 0.9494 0.4285 0.9394 0.4091 0.9533 0.4203 0.9482 0.4106 0.9548 0.4285 0.9394 0.4331 0.9271 0.4304 0.9404 0.435 0.9271 0.4304 0.9404 0.4331 0.9271 0.4331 0.9271 0.4323 0.9158 0.435 0.9271 0.4338 0.9157 0.435 0.9271 0.4323 0.9158 0.4323 0.9158 0.4272 0.9047 0.4338 0.9157 0.428 0.9035 0.4338 0.9157 0.4272 0.9047 0.4272 0.9047 0.4182 0.8955 0.428 0.9035 0.4188 0.894 0.428 0.9035 0.4182 0.8955 0.4182 0.8955 0.4067 0.8908 0.4188 0.894 0.4072 0.8889 0.4188 0.894 0.4067 0.8908 0.4072 0.8889 0.4067 0.8908 0.3962 0.8881 0.395 0.8906 0.3962 0.8881 0.4067 0.8908 0.3962 0.8881 0.395 0.8906 0.3827 0.893 0.3834 0.8955 0.3827 0.893 0.395 0.8906 0.3827 0.893 0.3834 0.8955 0.3723 0.9033 0.374 0.9053 0.3723 0.9033 0.3834 0.8955 0.3723 0.9033 0.374 0.9053 0.3678 0.9148 0.3699 0.9159 0.3678 0.9148 0.374 0.9053 0.3678 0.9148 0.3699 0.9159 0.3678 0.9282 0.3699 0.9282 0.3678 0.9282 0.3699 0.9159 0.3678 0.9282 0.3699 0.9282 0.373 0.9401 0.3746 0.9394 0.373 0.9401 0.3699 0.9282 0.373 0.9401 0.3746 0.9394 0.3842 0.9508 0.3848 0.9496 0.3842 0.9508 0.3746 0.9394 0.3842 0.9508 0.3848 0.9496 0.3971 0.9558 0.3962 0.9539 0.3971 0.9558 0.3848 0.9496 0.3962 0.9539 0.4091 0.9533 0.3971 0.9558 0.4106 0.9548 0.3971 0.9558 0.4091 0.9533 0.3971 0.9558 0.4106 0.9548 0.3996 0.9651 0.4202 0.9676 0.3996 0.9651 0.4106 0.9548 0.3842 0.9508 0.3971 0.9558 0.3793 0.9575 0.3996 0.9651 0.3793 0.9575 0.3971 0.9558 0.3842 0.9508 0.3793 0.9575 0.373 0.9401 0.3651 0.9457 0.373 0.9401 0.3793 0.9575 0.3678 0.9282 0.373 0.9401 0.3581 0.9305 0.3651 0.9457 0.3581 0.9305 0.373 0.9401 0.3793 0.9575 0.3996 0.9651 0.3688 0.9723 0.3793 0.9575 0.3688 0.9723 0.3651 0.9457 0.4038 0.9897 0.3688 0.9723 0.3996 0.9651 0.4038 0.9897 0.3996 0.9651 0.4202 0.9676 0.3523 0.9533 0.3651 0.9457 0.3688 0.9723 0.3651 0.9457 0.3523 0.9533 0.3581 0.9305 0.344 0.9337 0.3581 0.9305 0.3523 0.9533 0.344 0.9337 0.3425 0.912 0.3581 0.9305 0.357 0.9139 0.3581 0.9305 0.3425 0.912 0.3425 0.912 0.36 0.895 0.357 0.9139 0.36 0.895 0.3425 0.912 0.3486 0.8882 0.3486 0.8882 0.362 0.8658 0.36 0.895 0.3486 0.8882 0.3449 0.883 0.362 0.8658 0.3449 0.883 0.3486 0.8882 0.336 0.8925 0.3366 0.8996 0.336 0.8925 0.3486 0.8882 0.3366 0.8996 0.3486 0.8882 0.3425 0.912 0.3573 0.8596 0.362 0.8658 0.3449 0.883 0.362 0.8658 0.3573 0.8596 0.3782 0.842 0.3738 0.8354 0.3782 0.842 0.3573 0.8596 0.3782 0.842 0.3738 0.8354 0.3981 0.8208 0.3938 0.8158 0.3981 0.8208 0.3738 0.8354 0.3938 0.8158 0.4193 0.8001 0.3981 0.8208 0.4223 0.8062 0.3981 0.8208 0.4193 0.8001 0.4193 0.8001 0.4441 0.7953 0.4223 0.8062 0.4441 0.8016 0.4223 0.8062 0.4441 0.7953 0.3782 0.842 0.3873 0.8509 0.362 0.8658 0.3727 0.8749 0.362 0.8658 0.3873 0.8509 0.3981 0.8208 0.4049 0.8293 0.3782 0.842 0.3873 0.8509 0.3782 0.842 0.4049 0.8293 0.4441 0.8016 0.4441 0.8132 0.4223 0.8062 0.4255 0.8161 0.4223 0.8062 0.4441 0.8132 0.4223 0.8062 0.4255 0.8161 0.3981 0.8208 0.4049 0.8293 0.3981 0.8208 0.4255 0.8161 0.4441 0.8132 0.4441 0.8338 0.4255 0.8161 0.4281 0.8355 0.4255 0.8161 0.4441 0.8338 0.4255 0.8161 0.4281 0.8355 0.4049 0.8293 0.3727 0.8749 0.3873 0.8509 0.3996 0.8795 0.4093 0.8613 0.3996 0.8795 0.3873 0.8509 0.3996 0.8795 0.4093 0.8613 0.4198 0.8835 0.4279 0.8632 0.4198 0.8835 0.4093 0.8613 0.4093 0.8613 0.3873 0.8509 0.4154 0.8425 0.4049 0.8293 0.4154 0.8425 0.3873 0.8509 0.4154 0.8425 0.4049 0.8293 0.4281 0.8355 0.4093 0.8613 0.4154 0.8425 0.4279 0.8632 0.4281 0.8355 0.4279 0.8632 0.4154 0.8425 0.4441 0.8338 0.4441 0.8629 0.4281 0.8355 0.4279 0.8632 0.4281 0.8355 0.4441 0.8629 0.4279 0.8632 0.4441 0.8629 0.432 0.8874 0.4198 0.8835 0.4279 0.8632 0.432 0.8874 0.4441 0.8887 0.432 0.8874 0.4441 0.8629 0.3727 0.8749 0.3996 0.8795 0.3827 0.893 0.3727 0.8749 0.3827 0.893 0.36 0.895 0.3727 0.8749 0.36 0.895 0.362 0.8658 0.3723 0.9033 0.36 0.895 0.3827 0.893 0.36 0.895 0.3723 0.9033 0.357 0.9139 0.3678 0.9148 0.357 0.9139 0.3723 0.9033 0.3962 0.8881 0.3827 0.893 0.3996 0.8795 0.3996 0.8795 0.4072 0.8889 0.3962 0.8881 0.3996 0.8795 0.4198 0.8835 0.4072 0.8889 0.4198 0.8835 0.4188 0.894 0.4072 0.8889 0.4198 0.8835 0.432 0.8874 0.4188 0.894 0.428 0.9035 0.4188 0.894 0.432 0.8874 0.432 0.8874 0.4338 0.9157 0.428 0.9035 0.4338 0.9157 0.432 0.8874 0.4441 0.9136 0.4441 0.8887 0.4441 0.9136 0.432 0.8874 0.4441 0.8887 0.4562 0.8874 0.4441 0.9136 0.4545 0.9157 0.4441 0.9136 0.4562 0.8874 0.4545 0.9157 0.4562 0.8874 0.4603 0.9035 0.4603 0.9035 0.4562 0.8874 0.4695 0.894 0.4684 0.8835 0.4695 0.894 0.4562 0.8874 0.4695 0.894 0.4684 0.8835 0.4811 0.8889 0.4684 0.8835 0.4887 0.8795 0.4811 0.8889 0.4811 0.8889 0.4887 0.8795 0.492 0.8881 0.492 0.8881 0.4887 0.8795 0.5056 0.893 0.4545 0.9157 0.4533 0.9271 0.4441 0.9136 0.4441 0.9344 0.4441 0.9136 0.4533 0.9271 0.4579 0.9404 0.4441 0.9344 0.4533 0.9271 0.4441 0.9344 0.4579 0.9404 0.4441 0.9517 0.4664 0.9494 0.4441 0.9517 0.4579 0.9404 0.4441 0.9344 0.4441 0.9517 0.4304 0.9404 0.4441 0.9344 0.4304 0.9404 0.435 0.9271 0.4441 0.9344 0.435 0.9271 0.4441 0.9136 0.4338 0.9157 0.4441 0.9136 0.435 0.9271 0.4219 0.9494 0.4304 0.9404 0.4441 0.9517 0.8896 0.963 0.8955 0.9553 0.8917 0.9635 0.8977 0.9587 0.8917 0.9635 0.8955 0.9553 0.8955 0.9553 0.8896 0.963 0.8898 0.9526 0.8863 0.9621 0.8898 0.9526 0.8896 0.963 0.8896 0.963 0.8884 0.9681 0.8863 0.9621 0.8849 0.9676 0.8863 0.9621 0.8884 0.9681 0.8863 0.9621 0.8849 0.9676 0.8701 0.9582 0.8687 0.963 0.8701 0.9582 0.8849 0.9676 0.8701 0.9582 0.8687 0.963 0.8467 0.9589 0.847 0.9658 0.8467 0.9589 0.8687 0.963 0.8467 0.9589 0.847 0.9658 0.8214 0.9657 0.8218 0.9723 0.8214 0.9657 0.847 0.9658 0.8214 0.9657 0.8218 0.9723 0.8002 0.9732 0.7996 0.98 0.8002 0.9732 0.8218 0.9723 0.8002 0.9732 0.7996 0.98 0.779 0.979 0.7791 0.9864 0.779 0.979 0.7996 0.98 0.7791 0.9864 0.764 0.9874 0.779 0.979 0.764 0.9802 0.779 0.979 0.764 0.9874 0.8701 0.9582 0.8738 0.9507 0.8863 0.9621 0.8898 0.9526 0.8863 0.9621 0.8738 0.9507 0.8467 0.9589 0.8471 0.9509 0.8701 0.9582 0.8738 0.9507 0.8701 0.9582 0.8471 0.9509 0.8687 0.963 0.8849 0.9676 0.8698 0.9665 0.8841 0.9693 0.8698 0.9665 0.8849 0.9676 0.8841 0.9693 0.8849 0.9676 0.8871 0.9695 0.8884 0.9681 0.8871 0.9695 0.8849 0.9676 0.8871 0.9695 0.8884 0.9681 0.8906 0.9683 0.8884 0.9681 0.8896 0.963 0.8906 0.9683 0.8917 0.9635 0.8906 0.9683 0.8896 0.963 0.7791 0.9864 0.7996 0.98 0.7792 0.9889 0.8004 0.9831 0.7792 0.9889 0.7996 0.98 0.7996 0.98 0.8218 0.9723 0.8004 0.9831 0.8225 0.9759 0.8004 0.9831 0.8218 0.9723 0.8218 0.9723 0.847 0.9658 0.8225 0.9759 0.8484 0.9703 0.8225 0.9759 0.847 0.9658 0.8698 0.9665 0.8484 0.9703 0.8687 0.963 0.847 0.9658 0.8687 0.963 0.8484 0.9703 0.7792 0.9889 0.764 0.991 0.7791 0.9864 0.764 0.9874 0.7791 0.9864 0.764 0.991 0.764 0.9874 0.764 0.991 0.7489 0.9864 0.7489 0.9864 0.749 0.979 0.764 0.9874 0.7489 0.9864 0.7284 0.98 0.749 0.979 0.7278 0.9732 0.749 0.979 0.7284 0.98 0.749 0.979 0.7278 0.9732 0.7478 0.9698 0.725 0.9635 0.7478 0.9698 0.7278 0.9732 0.7278 0.9732 0.7066 0.9657 0.725 0.9635 0.706 0.9578 0.725 0.9635 0.7066 0.9657 0.7066 0.9657 0.6813 0.9589 0.706 0.9578 0.6809 0.9509 0.706 0.9578 0.6813 0.9589 0.7478 0.9698 0.764 0.9715 0.749 0.979 0.764 0.9802 0.749 0.979 0.764 0.9715 0.764 0.9802 0.764 0.9874 0.749 0.979 0.764 0.9715 0.7478 0.9698 0.764 0.9523 0.7449 0.9508 0.764 0.9523 0.7478 0.9698 0.7478 0.9698 0.725 0.9635 0.7449 0.9508 0.764 0.9523 0.7449 0.9508 0.764 0.934 0.7425 0.9322 0.764 0.934 0.7449 0.9508 0.764 0.934 0.7425 0.9322 0.764 0.9164 0.7412 0.9158 0.764 0.9164 0.7425 0.9322 0.706 0.9578 0.6809 0.9509 0.7047 0.9425 0.681 0.9359 0.7047 0.9425 0.6809 0.9509 0.6809 0.9509 0.6546 0.9436 0.681 0.9359 0.6542 0.9507 0.6546 0.9436 0.6809 0.9509 0.6546 0.9436 0.6542 0.9507 0.6385 0.9453 0.6381 0.9526 0.6385 0.9453 0.6542 0.9507 0.6562 0.9327 0.681 0.9359 0.6546 0.9436 0.6546 0.9436 0.6385 0.9453 0.6562 0.9327 0.6371 0.933 0.6562 0.9327 0.6385 0.9453 0.6371 0.933 0.6385 0.9453 0.6214 0.9397 0.6277 0.9491 0.6214 0.9397 0.6385 0.9453 0.6385 0.9453 0.6381 0.9526 0.6277 0.9491 0.6214 0.9397 0.6277 0.9491 0.6091 0.9555 0.6235 0.9569 0.6091 0.9555 0.6277 0.9491 0.6371 0.933 0.6214 0.9397 0.63 0.918 0.6127 0.9264 0.63 0.918 0.6214 0.9397 0.6127 0.9264 0.6214 0.9397 0.5943 0.9384 0.6091 0.9555 0.5943 0.9384 0.6214 0.9397 0.63 0.918 0.6541 0.9137 0.6371 0.933 0.6562 0.9327 0.6371 0.933 0.6541 0.9137 0.681 0.9359 0.6562 0.9327 0.6801 0.9147 0.6541 0.9137 0.6801 0.9147 0.6562 0.9327 0.6801 0.9147 0.7019 0.9224 0.681 0.9359 0.6801 0.9147 0.6541 0.9137 0.6762 0.891 0.6461 0.8904 0.6762 0.891 0.6541 0.9137 0.6541 0.9137 0.63 0.918 0.6461 0.8904 0.7019 0.9224 0.6801 0.9147 0.6991 0.9024 0.6762 0.891 0.6991 0.9024 0.6801 0.9147 0.6991 0.9024 0.7198 0.9117 0.7019 0.9224 0.7212 0.9288 0.7019 0.9224 0.7198 0.9117 0.7019 0.9224 0.7212 0.9288 0.7047 0.9425 0.7047 0.9425 0.681 0.9359 0.7019 0.9224 0.7226 0.9465 0.7047 0.9425 0.7212 0.9288 0.7047 0.9425 0.7226 0.9465 0.706 0.9578 0.725 0.9635 0.706 0.9578 0.7226 0.9465 0.7226 0.9465 0.7449 0.9508 0.725 0.9635 0.7212 0.9288 0.7425 0.9322 0.7226 0.9465 0.7449 0.9508 0.7226 0.9465 0.7425 0.9322 0.7425 0.9322 0.7212 0.9288 0.7412 0.9158 0.7198 0.9117 0.7412 0.9158 0.7212 0.9288 0.7412 0.9158 0.7198 0.9117 0.7411 0.9002 0.7411 0.9002 0.764 0.9018 0.7412 0.9158 0.7411 0.9002 0.7428 0.887 0.764 0.9018 0.7411 0.9002 0.7203 0.8966 0.7428 0.887 0.7203 0.8966 0.7411 0.9002 0.7198 0.9117 0.7198 0.9117 0.6991 0.9024 0.7203 0.8966 0.7233 0.8824 0.7428 0.887 0.7203 0.8966 0.7203 0.8966 0.7006 0.8892 0.7233 0.8824 0.7054 0.8752 0.7233 0.8824 0.7006 0.8892 0.7006 0.8892 0.6792 0.8765 0.7054 0.8752 0.6874 0.8635 0.7054 0.8752 0.6792 0.8765 0.6792 0.8765 0.6647 0.8592 0.6874 0.8635 0.6704 0.8435 0.6874 0.8635 0.6647 0.8592 0.764 0.8882 0.764 0.9018 0.7428 0.887 0.764 0.9164 0.7412 0.9158 0.764 0.9018 0.7006 0.8892 0.7203 0.8966 0.6991 0.9024 0.6792 0.8765 0.7006 0.8892 0.6762 0.891 0.6991 0.9024 0.6762 0.891 0.7006 0.8892 0.6704 0.8435 0.6779 0.8408 0.6874 0.8635 0.6779 0.8408 0.6704 0.8435 0.6702 0.8146 0.6616 0.8161 0.6702 0.8146 0.6704 0.8435 0.6704 0.8435 0.658 0.8457 0.6616 0.8161 0.658 0.8457 0.6704 0.8435 0.6647 0.8592 0.6501 0.819 0.6616 0.8161 0.658 0.8457 0.6616 0.8161 0.6501 0.819 0.6556 0.7898 0.6435 0.7926 0.6556 0.7898 0.6501 0.819 0.6702 0.8146 0.6616 0.8161 0.6633 0.7879 0.6556 0.7898 0.6633 0.7879 0.6616 0.8161 0.6986 0.8534 0.6874 0.8635 0.6779 0.8408 0.6874 0.8635 0.6986 0.8534 0.7054 0.8752 0.7144 0.8613 0.7054 0.8752 0.6986 0.8534 0.7054 0.8752 0.7144 0.8613 0.7233 0.8824 0.7298 0.8675 0.7233 0.8824 0.7144 0.8613 0.7233 0.8824 0.7298 0.8675 0.7428 0.887 0.7466 0.8725 0.7428 0.887 0.7298 0.8675 0.7428 0.887 0.7466 0.8725 0.764 0.8882 0.764 0.874 0.764 0.8882 0.7466 0.8725 0.6501 0.819 0.658 0.8457 0.6362 0.8236 0.6445 0.8512 0.6362 0.8236 0.658 0.8457 0.6362 0.8236 0.6445 0.8512 0.6206 0.8291 0.6206 0.8291 0.6129 0.7992 0.6362 0.8236 0.6129 0.7992 0.6206 0.8291 0.5911 0.8053 0.602 0.8386 0.5911 0.8053 0.6206 0.8291 0.5911 0.8053 0.602 0.8386 0.5638 0.8162 0.5783 0.8507 0.5638 0.8162 0.602 0.8386 0.5638 0.8162 0.5783 0.8507 0.5319 0.8354 0.5488 0.8663 0.5319 0.8354 0.5783 0.8507 0.602 0.8386 0.6118 0.8708 0.5783 0.8507 0.5899 0.8834 0.5783 0.8507 0.6118 0.8708 0.5783 0.8507 0.5899 0.8834 0.5488 0.8663 0.6118 0.8708 0.6234 0.8973 0.5899 0.8834 0.6016 0.9075 0.5899 0.8834 0.6234 0.8973 0.5899 0.8834 0.6016 0.9075 0.5677 0.8978 0.5677 0.8978 0.5488 0.8663 0.5899 0.8834 0.5808 0.9197 0.5677 0.8978 0.6016 0.9075 0.6234 0.8973 0.6118 0.8708 0.6461 0.8904 0.6316 0.8585 0.6461 0.8904 0.6118 0.8708 0.6206 0.8291 0.6316 0.8585 0.602 0.8386 0.6118 0.8708 0.602 0.8386 0.6316 0.8585 0.6316 0.8585 0.6206 0.8291 0.6445 0.8512 0.6461 0.8904 0.6316 0.8585 0.6552 0.8745 0.6445 0.8512 0.6552 0.8745 0.6316 0.8585 0.6552 0.8745 0.6762 0.891 0.6461 0.8904 0.6234 0.8973 0.6461 0.8904 0.63 0.918 0.6234 0.8973 0.63 0.918 0.6016 0.9075 0.6127 0.9264 0.6016 0.9075 0.63 0.918 0.6127 0.9264 0.5943 0.9384 0.6016 0.9075 0.5808 0.9197 0.6016 0.9075 0.5943 0.9384 0.6762 0.891 0.6552 0.8745 0.6792 0.8765 0.6647 0.8592 0.6792 0.8765 0.6552 0.8745 0.6552 0.8745 0.6445 0.8512 0.6647 0.8592 0.658 0.8457 0.6647 0.8592 0.6445 0.8512 0.8054 0.9465 0.803 0.9635 0.7831 0.9508 0.5652 0.628 0.5811 0.6159 0.5953 0.6278 0.5953 0.6111 0.5953 0.6278 0.5811 0.6159 0.5953 0.6278 0.5953 0.6418 0.5652 0.628 0.5497 0.6416 0.5652 0.628 0.5953 0.6418 0.5953 0.6418 0.5953 0.6601 0.5497 0.6416 0.5378 0.6591 0.5497 0.6416 0.5953 0.6601 0.5953 0.6601 0.5953 0.6811 0.5378 0.6591 0.5283 0.6805 0.5378 0.6591 0.5953 0.6811 0.5953 0.6811 0.5953 0.692 0.5283 0.6805 0.5235 0.6943 0.5283 0.6805 0.5953 0.692 0.5235 0.6943 0.5953 0.692 0.5249 0.6974 0.5953 0.695 0.5249 0.6974 0.5953 0.692 0.5249 0.6974 0.5953 0.695 0.5264 0.7002 0.5953 0.6989 0.5264 0.7002 0.5953 0.695 0.5264 0.7002 0.5953 0.6989 0.5327 0.7125 0.5953 0.7129 0.5327 0.7125 0.5953 0.6989 0.5327 0.7125 0.5953 0.7129 0.5432 0.7301 0.5953 0.7317 0.5432 0.7301 0.5953 0.7129 0.5432 0.7301 0.5953 0.7317 0.5557 0.7511 0.5953 0.7525 0.5557 0.7511 0.5953 0.7317 0.5557 0.7511 0.5953 0.7525 0.5686 0.7673 0.5953 0.7681 0.5686 0.7673 0.5953 0.7525 0.5686 0.7673 0.5953 0.7681 0.5836 0.7784 0.5953 0.7809 0.5836 0.7784 0.5953 0.7681 0.5953 0.695 0.5953 0.692 0.6656 0.6974 0.6671 0.6943 0.6656 0.6974 0.5953 0.692 0.6671 0.6943 0.5953 0.692 0.6622 0.6805 0.5953 0.6811 0.6622 0.6805 0.5953 0.692 0.6622 0.6805 0.5953 0.6811 0.6528 0.6591 0.5953 0.6601 0.6528 0.6591 0.5953 0.6811 0.6528 0.6591 0.5953 0.6601 0.6409 0.6416 0.5953 0.6418 0.6409 0.6416 0.5953 0.6601 0.6409 0.6416 0.5953 0.6418 0.6254 0.628 0.5953 0.6278 0.6254 0.628 0.5953 0.6418 0.6254 0.628 0.5953 0.6278 0.6095 0.6159 0.5953 0.6111 0.6095 0.6159 0.5953 0.6278 0.5953 0.7809 0.5953 0.7681 0.6069 0.7784 0.622 0.7673 0.6069 0.7784 0.5953 0.7681 0.5953 0.7681 0.5953 0.7525 0.622 0.7673 0.6348 0.7511 0.622 0.7673 0.5953 0.7525 0.5953 0.7525 0.5953 0.7317 0.6348 0.7511 0.6474 0.7301 0.6348 0.7511 0.5953 0.7317 0.5953 0.7317 0.5953 0.7129 0.6474 0.7301 0.6579 0.7125 0.6474 0.7301 0.5953 0.7129 0.5953 0.7129 0.5953 0.6989 0.6579 0.7125 0.6642 0.7001 0.6579 0.7125 0.5953 0.6989 0.5953 0.6989 0.5953 0.695 0.6642 0.7001 0.6656 0.6974 0.6642 0.7001 0.5953 0.695 0.5195 0.6914 0.5283 0.6805 0.5235 0.6943 0.5283 0.6805 0.5195 0.6914 0.5207 0.6773 0.5207 0.6773 0.5313 0.6577 0.5283 0.6805 0.5378 0.6591 0.5283 0.6805 0.5313 0.6577 0.5313 0.6577 0.5441 0.6381 0.5378 0.6591 0.5497 0.6416 0.5378 0.6591 0.5441 0.6381 0.5441 0.6381 0.5603 0.6235 0.5497 0.6416 0.5652 0.628 0.5497 0.6416 0.5603 0.6235 0.5652 0.628 0.5603 0.6235 0.5811 0.6159 0.5784 0.6098 0.5811 0.6159 0.5603 0.6235 0.5811 0.6159 0.5784 0.6098 0.5953 0.6111 0.5953 0.6044 0.5953 0.6111 0.5784 0.6098 0.5137 0.6862 0.5207 0.6773 0.5195 0.6914 0.5953 0.6044 0.6122 0.6098 0.5953 0.6111 0.6095 0.6159 0.5953 0.6111 0.6122 0.6098 0.6122 0.6098 0.6303 0.6235 0.6095 0.6159 0.6254 0.628 0.6095 0.6159 0.6303 0.6235 0.6254 0.628 0.6303 0.6235 0.6409 0.6416 0.6464 0.6381 0.6409 0.6416 0.6303 0.6235 0.6409 0.6416 0.6464 0.6381 0.6528 0.6591 0.6593 0.6577 0.6528 0.6591 0.6464 0.6381 0.6528 0.6591 0.6593 0.6577 0.6622 0.6805 0.6699 0.6773 0.6622 0.6805 0.6593 0.6577 0.6622 0.6805 0.6699 0.6773 0.6711 0.6914 0.6622 0.6805 0.6711 0.6914 0.6671 0.6943 0.6769 0.6862 0.6711 0.6914 0.6699 0.6773 0.9003 0.9491 0.9045 0.9569 0.8955 0.9553 0.8977 0.9587 0.8955 0.9553 0.9045 0.9569 0.8955 0.9553 0.8898 0.9526 0.9003 0.9491 0.2939537 0.9579488 0.2880374 0.9495118 0.2982241 0.9512957 0.2965114 0.9436219 0.2982241 0.9512957 0.2880374 0.9495118 0.2965114 0.9436219 0.2880374 0.9495118 0.289866 0.9393659 0.2821448 0.9410474 0.289866 0.9393659 0.2880374 0.9495118 0.2821448 0.9410474 0.2880374 0.9495118 0.2778594 0.9476988 0.2795732 0.9554127 0.2778594 0.9476988 0.2880374 0.9495118 0.2795732 0.9554127 0.2880374 0.9495118 0.2862371 0.9596765 0.2939537 0.9579488 0.2862371 0.9596765 0.2880374 0.9495118 0.2982241 0.9512957 0.3072416 0.9616668 0.2939537 0.9579488 0.3072416 0.9616668 0.3009332 0.9678726 0.2939537 0.9579488 0.289866 0.9393659 0.3003234 0.9304062 0.2965114 0.9436219 0.3003234 0.9304062 0.3064948 0.9366804 0.2965114 0.9436219 0.3064948 0.9366804 0.310276 0.9446061 0.2965114 0.9436219 0.2965114 0.9436219 0.310276 0.9446061 0.2982241 0.9512957 0.310276 0.9446061 0.3099807 0.9533357 0.2982241 0.9512957 0.3099807 0.9533357 0.3072416 0.9616668 0.2982241 0.9512957 0.2778594 0.9476988 0.2688915 0.9372475 0.2821448 0.9410474 0.2688915 0.9372475 0.2752359 0.9310491 0.2821448 0.9410474 0.2752359 0.9310491 0.2832463 0.9272939 0.2821448 0.9410474 0.2821448 0.9410474 0.2832463 0.9272939 0.289866 0.9393659 0.2832463 0.9272939 0.2920131 0.927649 0.289866 0.9393659 0.2920131 0.927649 0.3003234 0.9304062 0.289866 0.9393659 0.2862371 0.9596765 0.2758377 0.9686942 0.2795732 0.9554127 0.2758377 0.9686942 0.2696153 0.9623767 0.2795732 0.9554127 0.2696153 0.9623767 0.2658035 0.9543834 0.2795732 0.9554127 0.2795732 0.9554127 0.2658035 0.9543834 0.2778594 0.9476988 0.2658035 0.9543834 0.2661077 0.9456008 0.2778594 0.9476988 0.3009332 0.9678726 0.3072416 0.9616668 0.3078228 0.9776437 0.3171156 0.9679216 0.3078228 0.9776437 0.3072416 0.9616668 0.3072416 0.9616668 0.3099807 0.9533357 0.3171156 0.9679216 0.3218569 0.955349 0.3171156 0.9679216 0.3099807 0.9533357 0.3099807 0.9533357 0.310276 0.9446061 0.3218569 0.955349 0.3217284 0.9419824 0.3218569 0.955349 0.310276 0.9446061 0.310276 0.9446061 0.3064948 0.9366804 0.3217284 0.9419824 0.3163229 0.9298122 0.3217284 0.9419824 0.3064948 0.9366804 0.3064948 0.9366804 0.3003234 0.9304062 0.3163229 0.9298122 0.3067085 0.9206307 0.3163229 0.9298122 0.3003234 0.9304062 0.3003234 0.9304062 0.2920131 0.927649 0.3067085 0.9206307 0.2942488 0.9158502 0.3067085 0.9206307 0.2920131 0.927649 0.2920131 0.927649 0.2832463 0.9272939 0.2942488 0.9158502 0.2808288 0.9158128 0.2942488 0.9158502 0.2832463 0.9272939 0.2832463 0.9272939 0.2752359 0.9310491 0.2808288 0.9158128 0.2684336 0.9211646 0.2808288 0.9158128 0.2752359 0.9310491 0.2752359 0.9310491 0.2688915 0.9372475 0.2684336 0.9211646 0.2590687 0.9309042 0.2684336 0.9211646 0.2688915 0.9372475 0.2688915 0.9372475 0.2661077 0.9456008 0.2590687 0.9309042 0.2542291 0.9434829 0.2590687 0.9309042 0.2661077 0.9456008 0.3078228 0.9776437 0.3171156 0.9679216 0.3148686 0.987182 0.3218569 0.955349 0.3217284 0.9419824 0.3344544 0.95609 0.3344544 0.95609 0.3268725 0.9743832 0.3218569 0.955349 0.3268725 0.9743832 0.3148686 0.987182 0.3171156 0.9679216 0.3171156 0.9679216 0.3218569 0.955349 0.3268725 0.9743832 0.2942488 0.9158502 0.2966756 0.9033643 0.3067085 0.9206307 0.3148717 0.9100874 0.3067085 0.9206307 0.2966756 0.9033643 0.2808288 0.9158128 0.2782011 0.9045177 0.2942488 0.9158502 0.2966756 0.9033643 0.2942488 0.9158502 0.2782011 0.9045177 0.2590687 0.9309042 0.2493929 0.9242447 0.2684336 0.9211646 0.2623801 0.911801 0.2684336 0.9211646 0.2493929 0.9242447 0.2684336 0.9211646 0.2623801 0.911801 0.2808288 0.9158128 0.2782011 0.9045177 0.2808288 0.9158128 0.2623801 0.911801 0.2542291 0.9434829 0.2426779 0.9415753 0.2590687 0.9309042 0.2493929 0.9242447 0.2590687 0.9309042 0.2426779 0.9415753 0.3148686 0.987182 0.2978541 0.9945297 0.3078228 0.9776437 0.3343653 0.9384373 0.3344544 0.95609 0.3217284 0.9419824 0.3217284 0.9419824 0.3163229 0.9298122 0.3343653 0.9384373 0.3275449 0.921745 0.3343653 0.9384373 0.3163229 0.9298122 0.3275449 0.921745 0.3163229 0.9298122 0.3148717 0.9100874 0.3067085 0.9206307 0.3148717 0.9100874 0.3163229 0.9298122 0.2430422 0.9594679 0.2426779 0.9415753 0.2543259 0.956946 0.2542291 0.9434829 0.2543259 0.956946 0.2426779 0.9415753 0.2543259 0.956946 0.2542291 0.9434829 0.2658035 0.9543834 0.2661077 0.9456008 0.2658035 0.9543834 0.2542291 0.9434829 0.2658035 0.9543834 0.2696153 0.9623767 0.2543259 0.956946 0.2598079 0.9692596 0.2543259 0.956946 0.2696153 0.9623767 0.2696153 0.9623767 0.2758377 0.9686942 0.2598079 0.9692596 0.2695683 0.9785606 0.2598079 0.9692596 0.2758377 0.9686942 0.2758377 0.9686942 0.2841799 0.9714407 0.2695683 0.9785606 0.2821153 0.9833585 0.2695683 0.9785606 0.2841799 0.9714407 0.2841799 0.9714407 0.2929496 0.9716982 0.2821153 0.9833585 0.2929496 0.9716982 0.2841799 0.9714407 0.2862371 0.9596765 0.2841799 0.9714407 0.2758377 0.9686942 0.2862371 0.9596765 0.2955399 0.983111 0.2821153 0.9833585 0.2929496 0.9716982 0.2929496 0.9716982 0.3009332 0.9678726 0.2955399 0.983111 0.3009332 0.9678726 0.2929496 0.9716982 0.2939537 0.9579488 0.2939537 0.9579488 0.2929496 0.9716982 0.2862371 0.9596765 0.3078228 0.9776437 0.2955399 0.983111 0.3009332 0.9678726 0.2695683 0.9785606 0.2632885 0.9884454 0.2598079 0.9692596 0.2498794 0.9751044 0.2598079 0.9692596 0.2632885 0.9884454 0.2598079 0.9692596 0.2498794 0.9751044 0.2543259 0.956946 0.2430422 0.9594679 0.2543259 0.956946 0.2498794 0.9751044 0.2821153 0.9833585 0.27995 0.9945648 0.2695683 0.9785606 0.2632885 0.9884454 0.2695683 0.9785606 0.27995 0.9945648 0.2955399 0.983111 0.2978541 0.9945297 0.2821153 0.9833585 0.27995 0.9945648 0.2821153 0.9833585 0.2978541 0.9945297 0.2955399 0.983111 0.3078228 0.9776437 0.2978541 0.9945297 0.2661077 0.9456008 0.2688915 0.9372475 0.2778594 0.9476988 0.6384 0.963 0.6363 0.9634 0.6325 0.9553 0.6303 0.9587 0.6325 0.9553 0.6363 0.9634 0.6325 0.9553 0.6381 0.9526 0.6384 0.963 0.6417 0.9621 0.6384 0.963 0.6381 0.9526 0.6384 0.963 0.6417 0.9621 0.6396 0.9681 0.6431 0.9676 0.6396 0.9681 0.6417 0.9621 0.6417 0.9621 0.6579 0.9582 0.6431 0.9676 0.6593 0.963 0.6431 0.9676 0.6579 0.9582 0.6579 0.9582 0.6813 0.9589 0.6593 0.963 0.681 0.9658 0.6593 0.963 0.6813 0.9589 0.6813 0.9589 0.7066 0.9657 0.681 0.9658 0.7062 0.9723 0.681 0.9658 0.7066 0.9657 0.7066 0.9657 0.7278 0.9732 0.7062 0.9723 0.7284 0.98 0.7062 0.9723 0.7278 0.9732 0.6303 0.9587 0.6235 0.9569 0.6325 0.9553 0.6381 0.9526 0.6542 0.9507 0.6417 0.9621 0.6579 0.9582 0.6417 0.9621 0.6542 0.9507 0.6396 0.9681 0.6374 0.9683 0.6384 0.963 0.6813 0.9589 0.6579 0.9582 0.6809 0.9509 0.6542 0.9507 0.6809 0.9509 0.6579 0.9582 0.6396 0.9681 0.6409 0.9695 0.6374 0.9683 0.6396 0.9681 0.6431 0.9676 0.6409 0.9695 0.6439 0.9693 0.6409 0.9695 0.6431 0.9676 0.6439 0.9693 0.6431 0.9676 0.6582 0.9665 0.6593 0.963 0.6582 0.9665 0.6431 0.9676 0.6582 0.9665 0.6593 0.963 0.6796 0.9703 0.681 0.9658 0.6796 0.9703 0.6593 0.963 0.6796 0.9703 0.681 0.9658 0.7055 0.9759 0.7062 0.9723 0.7055 0.9759 0.681 0.9658 0.7055 0.9759 0.7062 0.9723 0.7276 0.9831 0.7284 0.98 0.7276 0.9831 0.7062 0.9723 0.7276 0.9831 0.7284 0.98 0.7488 0.9889 0.7489 0.9864 0.7488 0.9889 0.7284 0.98 0.7488 0.9889 0.7489 0.9864 0.764 0.991 0.6277 0.9491 0.6325 0.9553 0.6235 0.9569 0.6325 0.9553 0.6277 0.9491 0.6381 0.9526 0.6363 0.9634 0.6384 0.963 0.6374 0.9683 0.6293 0.7957 0.6362 0.8236 0.6129 0.7992 0.6362 0.8236 0.6293 0.7957 0.6501 0.819 0.6435 0.7926 0.6501 0.819 0.6293 0.7957 0.3678 0.9148 0.3678 0.9282 0.357 0.9139 0.3581 0.9305 0.357 0.9139 0.3678 0.9282 0.2967303 0.9433378 0.2882561 0.9492275 0.2984428 0.9510115 0.2941723 0.9576646 0.2984428 0.9510115 0.2882561 0.9492275 0.2967303 0.9433378 0.2900851 0.9390816 0.2882561 0.9492275 0.2823638 0.940763 0.2882561 0.9492275 0.2900851 0.9390816 0.2823638 0.940763 0.2780783 0.9474142 0.2882561 0.9492275 0.2797918 0.9551282 0.2882561 0.9492275 0.2780783 0.9474142 0.2941723 0.9576646 0.2882561 0.9492275 0.2864556 0.9593922 0.2797918 0.9551282 0.2864556 0.9593922 0.2882561 0.9492275 0.3074601 0.9613826 0.2984428 0.9510115 0.2941723 0.9576646 0.3011516 0.9675885 0.3074601 0.9613826 0.2941723 0.9576646 0.3005427 0.9301221 0.2900851 0.9390816 0.2967303 0.9433378 0.3067138 0.9363965 0.3005427 0.9301221 0.2967303 0.9433378 0.3104949 0.9443223 0.3067138 0.9363965 0.2967303 0.9433378 0.3104949 0.9443223 0.2967303 0.9433378 0.2984428 0.9510115 0.3101994 0.9530516 0.3104949 0.9443223 0.2984428 0.9510115 0.3074601 0.9613826 0.3101994 0.9530516 0.2984428 0.9510115 0.2691107 0.9369626 0.2780783 0.9474142 0.2823638 0.940763 0.2754552 0.9307644 0.2691107 0.9369626 0.2823638 0.940763 0.2834659 0.9270095 0.2754552 0.9307644 0.2823638 0.940763 0.2834659 0.9270095 0.2823638 0.940763 0.2900851 0.9390816 0.2922326 0.9273647 0.2834659 0.9270095 0.2900851 0.9390816 0.3005427 0.9301221 0.2922326 0.9273647 0.2900851 0.9390816 0.2760562 0.9684095 0.2864556 0.9593922 0.2797918 0.9551282 0.2698339 0.9620918 0.2760562 0.9684095 0.2797918 0.9551282 0.2660222 0.9540985 0.2698339 0.9620918 0.2797918 0.9551282 0.2660222 0.9540985 0.2797918 0.9551282 0.2780783 0.9474142 0.2663266 0.9453157 0.2660222 0.9540985 0.2780783 0.9474142 0.3011516 0.9675885 0.3080411 0.9773596 0.3074601 0.9613826 0.317334 0.9676378 0.3074601 0.9613826 0.3080411 0.9773596 0.3074601 0.9613826 0.317334 0.9676378 0.3101994 0.9530516 0.3220757 0.9550653 0.3101994 0.9530516 0.317334 0.9676378 0.3101994 0.9530516 0.3220757 0.9550653 0.3104949 0.9443223 0.3219473 0.9416986 0.3104949 0.9443223 0.3220757 0.9550653 0.3104949 0.9443223 0.3219473 0.9416986 0.3067138 0.9363965 0.3165422 0.9295284 0.3067138 0.9363965 0.3219473 0.9416986 0.3067138 0.9363965 0.3165422 0.9295284 0.3005427 0.9301221 0.3069282 0.9203466 0.3005427 0.9301221 0.3165422 0.9295284 0.3005427 0.9301221 0.3069282 0.9203466 0.2922326 0.9273647 0.2944687 0.9155659 0.2922326 0.9273647 0.3069282 0.9203466 0.2922326 0.9273647 0.2944687 0.9155659 0.2834659 0.9270095 0.2810488 0.9155282 0.2834659 0.9270095 0.2944687 0.9155659 0.2834659 0.9270095 0.2810488 0.9155282 0.2754552 0.9307644 0.2686533 0.9208797 0.2754552 0.9307644 0.2810488 0.9155282 0.2754552 0.9307644 0.2686533 0.9208797 0.2691107 0.9369626 0.2592882 0.930619 0.2691107 0.9369626 0.2686533 0.9208797 0.2691107 0.9369626 0.2592882 0.930619 0.2663266 0.9453157 0.2544482 0.9431974 0.2663266 0.9453157 0.2592882 0.930619 0.3080411 0.9773596 0.3150867 0.9868981 0.317334 0.9676378 0.3220757 0.9550653 0.3346731 0.9558066 0.3219473 0.9416986 0.3346731 0.9558066 0.3220757 0.9550653 0.3270908 0.9740995 0.3270908 0.9740995 0.317334 0.9676378 0.3150867 0.9868981 0.317334 0.9676378 0.3270908 0.9740995 0.3220757 0.9550653 0.2944687 0.9155659 0.3069282 0.9203466 0.2968958 0.9030799 0.3150917 0.9098035 0.2968958 0.9030799 0.3069282 0.9203466 0.2968958 0.9030799 0.2784213 0.9042331 0.2944687 0.9155659 0.2810488 0.9155282 0.2944687 0.9155659 0.2784213 0.9042331 0.2784213 0.9042331 0.2626002 0.9115161 0.2810488 0.9155282 0.2686533 0.9208797 0.2810488 0.9155282 0.2626002 0.9115161 0.2626002 0.9115161 0.2496126 0.9239593 0.2686533 0.9208797 0.2592882 0.930619 0.2686533 0.9208797 0.2496126 0.9239593 0.2496126 0.9239593 0.242897 0.9412895 0.2592882 0.930619 0.2544482 0.9431974 0.2592882 0.930619 0.242897 0.9412895 0.2544482 0.9431974 0.242897 0.9412895 0.2545446 0.9566607 0.2545446 0.9566607 0.2660222 0.9540985 0.2544482 0.9431974 0.2663266 0.9453157 0.2544482 0.9431974 0.2660222 0.9540985 0.2660222 0.9540985 0.2545446 0.9566607 0.2698339 0.9620918 0.2600263 0.9689743 0.2698339 0.9620918 0.2545446 0.9566607 0.2698339 0.9620918 0.2600263 0.9689743 0.2760562 0.9684095 0.2697865 0.9782758 0.2760562 0.9684095 0.2600263 0.9689743 0.2760562 0.9684095 0.2697865 0.9782758 0.2843982 0.9711562 0.2823334 0.983074 0.2843982 0.9711562 0.2697865 0.9782758 0.2843982 0.9711562 0.2823334 0.983074 0.293168 0.9714139 0.2843982 0.9711562 0.293168 0.9714139 0.2864556 0.9593922 0.2760562 0.9684095 0.2843982 0.9711562 0.2864556 0.9593922 0.295758 0.9828268 0.293168 0.9714139 0.2823334 0.983074 0.293168 0.9714139 0.295758 0.9828268 0.3011516 0.9675885 0.293168 0.9714139 0.3011516 0.9675885 0.2941723 0.9576646 0.293168 0.9714139 0.2941723 0.9576646 0.2864556 0.9593922 0.3080411 0.9773596 0.3011516 0.9675885 0.295758 0.9828268 0.2600263 0.9689743 0.2545446 0.9566607 0.2500976 0.974819 0.2432609 0.9591822 0.2500976 0.974819 0.2545446 0.9566607 0.2500976 0.974819 0.2635064 0.9881605 0.2600263 0.9689743 0.2697865 0.9782758 0.2600263 0.9689743 0.2635064 0.9881605 0.2635064 0.9881605 0.2801678 0.9942803 0.2697865 0.9782758 0.2823334 0.983074 0.2697865 0.9782758 0.2801678 0.9942803 0.2801678 0.9942803 0.298072 0.9942456 0.2823334 0.983074 0.295758 0.9828268 0.2823334 0.983074 0.298072 0.9942456 0.295758 0.9828268 0.298072 0.9942456 0.3080411 0.9773596 0.3150867 0.9868981 0.3080411 0.9773596 0.298072 0.9942456 0.2432609 0.9591822 0.2545446 0.9566607 0.242897 0.9412895 0.3345845 0.938154 0.3219473 0.9416986 0.3346731 0.9558066 0.3219473 0.9416986 0.3345845 0.938154 0.3165422 0.9295284 0.3277645 0.9214613 0.3165422 0.9295284 0.3345845 0.938154 0.3277645 0.9214613 0.3150917 0.9098035 0.3165422 0.9295284 0.3069282 0.9203466 0.3165422 0.9295284 0.3150917 0.9098035 0.2691107 0.9369626 0.2663266 0.9453157 0.2780783 0.9474142 0.6779 0.8408 0.6996 0.8466 0.6986 0.8534 0.6986 0.8534 0.6996 0.8466 0.7144 0.8613 0.7188 0.8537 0.7144 0.8613 0.6996 0.8466 0.7144 0.8613 0.7188 0.8537 0.7298 0.8675 0.7359 0.8567 0.7298 0.8675 0.7188 0.8537 0.7298 0.8675 0.7359 0.8567 0.7466 0.8725 0.7506 0.8596 0.7466 0.8725 0.7359 0.8567 0.7466 0.8725 0.7506 0.8596 0.764 0.874 0.764 0.8604 0.764 0.874 0.7506 0.8596 0.764 0.8604 0.7774 0.8596 0.764 0.874 0.7814 0.8725 0.764 0.874 0.7774 0.8596 0.7774 0.8596 0.7921 0.8567 0.7814 0.8725 0.7982 0.8675 0.7814 0.8725 0.7921 0.8567 0.7921 0.8567 0.8092 0.8537 0.7982 0.8675 0.8136 0.8613 0.7982 0.8675 0.8092 0.8537 0.8092 0.8537 0.8284 0.8466 0.8136 0.8613 0.8294 0.8534 0.8136 0.8613 0.8284 0.8466 0.8284 0.8466 0.8501 0.8408 0.8294 0.8534 0.8294 0.8534 0.8501 0.8408 0.8406 0.8635 0.8406 0.8635 0.8226 0.8752 0.8294 0.8534 0.8136 0.8613 0.8294 0.8534 0.8226 0.8752 0.8226 0.8752 0.8047 0.8824 0.8136 0.8613 0.7982 0.8675 0.8136 0.8613 0.8047 0.8824 0.8047 0.8824 0.7852 0.887 0.7982 0.8675 0.7814 0.8725 0.7982 0.8675 0.7852 0.887 0.7852 0.887 0.764 0.8882 0.7814 0.8725 0.764 0.874 0.7814 0.8725 0.764 0.8882 0.9297 0.6568 0.9302 0.648 0.9415 0.6522 0.9408 0.6497 0.9415 0.6522 0.9302 0.648 0.9297 0.6568 0.9211 0.6555 0.9302 0.648 0.9223 0.6468 0.9302 0.648 0.9211 0.6555 0.9211 0.6555 0.9109 0.6496 0.9223 0.6468 0.9122 0.6461 0.9223 0.6468 0.9109 0.6496 0.9408 0.6497 0.95 0.6521 0.9415 0.6522 0.9408 0.6497 0.9302 0.648 0.9394 0.621 0.9315 0.6209 0.9394 0.621 0.9302 0.648 0.9302 0.648 0.9223 0.6468 0.9315 0.6209 0.9243 0.6203 0.9315 0.6209 0.9223 0.6468 0.9243 0.6203 0.9223 0.6468 0.9175 0.6197 0.9122 0.6461 0.9175 0.6197 0.9223 0.6468 0.95 0.6521 0.9408 0.6497 0.947 0.6211 0.9394 0.621 0.947 0.6211 0.9408 0.6497 0.95 0.6521 0.947 0.6211 0.9586 0.6507 0.954 0.62 0.9586 0.6507 0.947 0.6211 0.9586 0.6507 0.954 0.62 0.9661 0.6444 0.9661 0.6444 0.9666 0.6481 0.9586 0.6507 0.9612 0.6186 0.9661 0.6444 0.954 0.62 0.9394 0.621 0.9315 0.6209 0.939 0.6163 0.9314 0.6158 0.939 0.6163 0.9315 0.6209 0.9314 0.6158 0.9315 0.6209 0.9255 0.6148 0.9243 0.6203 0.9255 0.6148 0.9315 0.6209 0.9255 0.6148 0.9243 0.6203 0.9184 0.6136 0.9175 0.6197 0.9184 0.6136 0.9243 0.6203 0.954 0.62 0.9538 0.6153 0.9612 0.6186 0.954 0.62 0.947 0.6211 0.9538 0.6153 0.9612 0.6148 0.9612 0.6186 0.9538 0.6153 0.9463 0.6162 0.9538 0.6153 0.947 0.6211 0.939 0.6163 0.9463 0.6162 0.9394 0.621 0.947 0.6211 0.9394 0.621 0.9463 0.6162 0.9314 0.6158 0.9321 0.6115 0.939 0.6163 0.9314 0.6158 0.9255 0.6148 0.9321 0.6115 0.9395 0.6117 0.939 0.6163 0.9321 0.6115 0.939 0.6163 0.9395 0.6117 0.9463 0.6162 0.9321 0.6115 0.9354 0.5952 0.9395 0.6117 0.9409 0.5952 0.9395 0.6117 0.9354 0.5952 0.9321 0.6115 0.9258 0.6098 0.9354 0.5952 0.9258 0.6098 0.9321 0.6115 0.9255 0.6148 0.9255 0.6148 0.9184 0.6136 0.9258 0.6098 0.9292 0.5933 0.9354 0.5952 0.9258 0.6098 0.9258 0.6098 0.9193 0.6073 0.9292 0.5933 0.9193 0.6073 0.9258 0.6098 0.9184 0.6136 0.9242 0.5905 0.9292 0.5933 0.9193 0.6073 0.9395 0.6117 0.9409 0.5952 0.9469 0.6118 0.9463 0.6162 0.9469 0.6118 0.9538 0.6153 0.9469 0.6118 0.9463 0.6162 0.9395 0.6117 0.9471 0.5965 0.9469 0.6118 0.9409 0.5952 0.9469 0.6118 0.9471 0.5965 0.9532 0.6113 0.9532 0.6113 0.9538 0.6153 0.9469 0.6118 0.9526 0.596 0.9532 0.6113 0.9471 0.5965 0.9526 0.596 0.959 0.5938 0.9532 0.6113 0.9607 0.6109 0.9532 0.6113 0.959 0.5938 0.9532 0.6113 0.9607 0.6109 0.9538 0.6153 0.9612 0.6148 0.9538 0.6153 0.9607 0.6109 0.9354 0.5952 0.9391 0.5787 0.9409 0.5952 0.9354 0.5952 0.9292 0.5933 0.9391 0.5787 0.9428 0.5779 0.9409 0.5952 0.9391 0.5787 0.9342 0.5775 0.9391 0.5787 0.9292 0.5933 0.9292 0.5933 0.9242 0.5905 0.9342 0.5775 0.9342 0.5775 0.9319 0.5752 0.9391 0.5787 0.9319 0.5752 0.9342 0.5775 0.9242 0.5905 0.9428 0.5779 0.9391 0.5787 0.9319 0.5752 0.9526 0.596 0.9514 0.5798 0.959 0.5938 0.9542 0.577 0.959 0.5938 0.9514 0.5798 0.9542 0.577 0.9514 0.5798 0.9428 0.5779 0.9456 0.5802 0.9428 0.5779 0.9514 0.5798 0.9471 0.5965 0.9456 0.5802 0.9526 0.596 0.9514 0.5798 0.9526 0.596 0.9456 0.5802 0.9471 0.5965 0.9409 0.5952 0.9456 0.5802 0.9428 0.5779 0.9456 0.5802 0.9409 0.5952 0.8818 0.656 0.8911 0.6563 0.8826 0.663 0.8936 0.6635 0.8826 0.663 0.8911 0.6563 0.8826 0.663 0.8743 0.6627 0.8818 0.656 0.8754 0.6555 0.8818 0.656 0.8743 0.6627 0.8743 0.6627 0.8641 0.6571 0.8754 0.6555 0.8655 0.654 0.8754 0.6555 0.8641 0.6571 0.8655 0.654 0.8641 0.6571 0.8562 0.6574 0.8818 0.656 0.8826 0.6296 0.8911 0.6563 0.8818 0.656 0.8754 0.6555 0.8826 0.6296 0.8902 0.6283 0.8911 0.6563 0.8826 0.6296 0.8757 0.6289 0.8826 0.6296 0.8754 0.6555 0.8754 0.6555 0.8655 0.654 0.8757 0.6289 0.8684 0.6271 0.8757 0.6289 0.8655 0.654 0.8684 0.6271 0.8655 0.654 0.8611 0.6263 0.8562 0.6574 0.8611 0.6263 0.8655 0.654 0.8611 0.6263 0.8562 0.6574 0.8537 0.6248 0.8481 0.6567 0.8537 0.6248 0.8562 0.6574 0.8481 0.6567 0.84 0.6503 0.8537 0.6248 0.84 0.6503 0.8481 0.6567 0.8399 0.6579 0.8467 0.6237 0.8537 0.6248 0.84 0.6503 0.8902 0.6283 0.8826 0.6296 0.8894 0.6229 0.8824 0.6231 0.8894 0.6229 0.8826 0.6296 0.8826 0.6296 0.8757 0.6289 0.8824 0.6231 0.8762 0.6231 0.8824 0.6231 0.8757 0.6289 0.8762 0.6231 0.8757 0.6289 0.8696 0.6226 0.8684 0.6271 0.8696 0.6226 0.8757 0.6289 0.8696 0.6226 0.8684 0.6271 0.8614 0.6222 0.8611 0.6263 0.8614 0.6222 0.8684 0.6271 0.8614 0.6222 0.8611 0.6263 0.8544 0.6214 0.8537 0.6248 0.8544 0.6214 0.8611 0.6263 0.8537 0.6248 0.8467 0.6237 0.8544 0.6214 0.8464 0.6197 0.8544 0.6214 0.8467 0.6237 0.8824 0.6231 0.8825 0.6174 0.8894 0.6229 0.8824 0.6231 0.8762 0.6231 0.8825 0.6174 0.8898 0.6165 0.8894 0.6229 0.8825 0.6174 0.8825 0.6174 0.8806 0.6033 0.8898 0.6165 0.8858 0.6016 0.8898 0.6165 0.8806 0.6033 0.8825 0.6174 0.8758 0.6174 0.8806 0.6033 0.8758 0.6174 0.8825 0.6174 0.8762 0.6231 0.8762 0.6231 0.8696 0.6226 0.8758 0.6174 0.8751 0.6035 0.8806 0.6033 0.8758 0.6174 0.8758 0.6174 0.8683 0.6175 0.8751 0.6035 0.8683 0.6175 0.8758 0.6174 0.8696 0.6226 0.8696 0.6226 0.8614 0.6222 0.8683 0.6175 0.8696 0.6033 0.8751 0.6035 0.8683 0.6175 0.8696 0.6033 0.8683 0.6175 0.8632 0.6031 0.8616 0.6183 0.8632 0.6031 0.8683 0.6175 0.8616 0.6183 0.8683 0.6175 0.8614 0.6222 0.8632 0.6031 0.8616 0.6183 0.8579 0.6022 0.8551 0.618 0.8579 0.6022 0.8616 0.6183 0.8616 0.6183 0.8614 0.6222 0.8551 0.618 0.8544 0.6214 0.8551 0.618 0.8614 0.6222 0.8551 0.618 0.8488 0.6156 0.8579 0.6022 0.8551 0.618 0.8544 0.6214 0.8488 0.6156 0.8464 0.6197 0.8488 0.6156 0.8544 0.6214 0.8522 0.6005 0.8579 0.6022 0.8488 0.6156 0.8806 0.6033 0.8779 0.5878 0.8858 0.6016 0.8806 0.6033 0.8751 0.6035 0.8779 0.5878 0.8809 0.5858 0.8858 0.6016 0.8779 0.5878 0.8809 0.5858 0.8779 0.5878 0.8702 0.5869 0.8731 0.5882 0.8702 0.5869 0.8779 0.5878 0.8731 0.5882 0.8779 0.5878 0.8751 0.6035 0.8696 0.6033 0.8702 0.5869 0.8751 0.6035 0.8731 0.5882 0.8751 0.6035 0.8702 0.5869 0.8632 0.6031 0.8667 0.5889 0.8696 0.6033 0.8702 0.5869 0.8696 0.6033 0.8667 0.5889 0.8579 0.6022 0.8612 0.5879 0.8632 0.6031 0.8667 0.5889 0.8632 0.6031 0.8612 0.5879 0.8579 0.6022 0.8522 0.6005 0.8612 0.5879 0.8612 0.5879 0.8594 0.5852 0.8667 0.5889 0.8594 0.5852 0.8612 0.5879 0.8522 0.6005 0.8702 0.5869 0.8667 0.5889 0.8594 0.5852 0.1481 0.2271 0.1475999 0.2177 0.1547999 0.2214 0.1544 0.2169 0.1547999 0.2214 0.1475999 0.2177 0.1481 0.2271 0.1392 0.2256 0.1475999 0.2177 0.1395 0.2177 0.1475999 0.2177 0.1392 0.2256 0.1395 0.2177 0.1392 0.2256 0.1328999 0.2225 0.1544 0.2169 0.1475999 0.2177 0.1532 0.2006 0.147 0.2007 0.1532 0.2006 0.1475999 0.2177 0.1475999 0.2177 0.1395 0.2177 0.147 0.2007 0.1406 0.2005 0.147 0.2007 0.1395 0.2177 0.1406 0.2005 0.1395 0.2177 0.1342 0.2003999 0.1328999 0.2225 0.1342 0.2003999 0.1395 0.2177 0.1342 0.2003999 0.1328999 0.2225 0.1272 0.2008 0.1254 0.2212 0.1272 0.2008 0.1328999 0.2225 0.1254 0.2212 0.1182 0.2184 0.1272 0.2008 0.1216 0.2001 0.1272 0.2008 0.1182 0.2184 0.1182 0.2184 0.111 0.2116 0.1216 0.2001 0.111 0.2116 0.1182 0.2184 0.1094 0.2159 0.1154 0.1967 0.1216 0.2001 0.111 0.2116 0.1532 0.2006 0.147 0.2007 0.1525 0.1951 0.1464 0.1962 0.1525 0.1951 0.147 0.2007 0.147 0.2007 0.1406 0.2005 0.1464 0.1962 0.1411 0.1965 0.1464 0.1962 0.1406 0.2005 0.1411 0.1965 0.1406 0.2005 0.135 0.1958 0.1342 0.2003999 0.135 0.1958 0.1406 0.2005 0.135 0.1958 0.1342 0.2003999 0.1279 0.196 0.1272 0.2008 0.1279 0.196 0.1342 0.2003999 0.1272 0.2008 0.1216 0.2001 0.1279 0.196 0.1218 0.1953 0.1279 0.196 0.1216 0.2001 0.1216 0.2001 0.1154 0.1967 0.1218 0.1953 0.1152999 0.1935999 0.1218 0.1953 0.1154 0.1967 0.1464 0.1962 0.1463 0.1915 0.1525 0.1951 0.1464 0.1962 0.1411 0.1965 0.1463 0.1915 0.1517 0.1901 0.1525 0.1951 0.1463 0.1915 0.1463 0.1915 0.1439999 0.1805 0.1517 0.1901 0.1486999 0.1788 0.1517 0.1901 0.1439999 0.1805 0.1463 0.1915 0.1404 0.192 0.1439999 0.1805 0.1404 0.192 0.1463 0.1915 0.1411 0.1965 0.1411 0.1965 0.135 0.1958 0.1404 0.192 0.1389 0.1815 0.1439999 0.1805 0.1404 0.192 0.1404 0.192 0.135 0.192 0.1389 0.1815 0.135 0.192 0.1404 0.192 0.135 0.1958 0.135 0.1958 0.1279 0.196 0.135 0.192 0.1345 0.1820999 0.1389 0.1815 0.135 0.192 0.135 0.192 0.1281999 0.1914 0.1345 0.1820999 0.1281999 0.1914 0.135 0.192 0.1279 0.196 0.1288 0.1825 0.1345 0.1820999 0.1281999 0.1914 0.1288 0.1825 0.1281999 0.1914 0.1237 0.1816 0.1226 0.1913 0.1237 0.1816 0.1281999 0.1914 0.1281999 0.1914 0.1279 0.196 0.1226 0.1913 0.1218 0.1953 0.1226 0.1913 0.1279 0.196 0.1237 0.1816 0.1226 0.1913 0.1188 0.1802 0.1159999 0.1909 0.1188 0.1802 0.1226 0.1913 0.1226 0.1913 0.1218 0.1953 0.1159999 0.1909 0.1152999 0.1935999 0.1159999 0.1909 0.1218 0.1953 0.1439999 0.1805 0.141 0.1685 0.1486999 0.1788 0.1436 0.1662999 0.1486999 0.1788 0.141 0.1685 0.1436 0.1662999 0.141 0.1685 0.1339 0.169 0.1366 0.1697 0.1339 0.169 0.141 0.1685 0.1389 0.1815 0.1366 0.1697 0.1439999 0.1805 0.141 0.1685 0.1439999 0.1805 0.1366 0.1697 0.1345 0.1820999 0.1339 0.169 0.1389 0.1815 0.1366 0.1697 0.1389 0.1815 0.1339 0.169 0.1288 0.1825 0.1307 0.171 0.1345 0.1820999 0.1288 0.1825 0.1237 0.1816 0.1307 0.171 0.1339 0.169 0.1345 0.1820999 0.1307 0.171 0.1253 0.1702 0.1307 0.171 0.1237 0.1816 0.1237 0.1816 0.1188 0.1802 0.1253 0.1702 0.1253 0.1702 0.1238 0.1676999 0.1307 0.171 0.1238 0.1676999 0.1253 0.1702 0.1188 0.1802 0.1339 0.169 0.1307 0.171 0.1238 0.1676999 0.7254 0.5874 0.7188 0.5865 0.7221 0.5787 0.7209 0.5782 0.7221 0.5787 0.7188 0.5865 0.722 0.5979 0.7188 0.5865 0.7254 0.5874 0.722 0.5979 0.7254 0.5874 0.7334 0.5972 0.7334 0.5972 0.7315 0.6117 0.722 0.5979 0.7315 0.6117 0.7334 0.5972 0.7404 0.612 0.742 0.5979 0.7404 0.612 0.7334 0.5972 0.7404 0.612 0.742 0.5979 0.7483 0.6135 0.7503 0.5989 0.7483 0.6135 0.742 0.5979 0.7503 0.5989 0.7601 0.6009 0.7483 0.6135 0.7587 0.6161 0.7483 0.6135 0.7601 0.6009 0.7218 0.6122 0.722 0.5979 0.7315 0.6117 0.722 0.5979 0.7218 0.6122 0.7079 0.5982 0.722 0.5979 0.7079 0.5982 0.7188 0.5865 0.7077 0.6133 0.7079 0.5982 0.7218 0.6122 0.7077 0.6133 0.6909 0.6086 0.7079 0.5982 0.6923 0.5992 0.7079 0.5982 0.6909 0.6086 0.7601 0.6009 0.7746 0.6043 0.7587 0.6161 0.771 0.62 0.7587 0.6161 0.7746 0.6043 0.7746 0.6043 0.7906 0.6094 0.771 0.62 0.7869 0.6257 0.771 0.62 0.7906 0.6094 0.7906 0.6094 0.8054 0.6143 0.7869 0.6257 0.8009 0.6315 0.7869 0.6257 0.8054 0.6143 0.7869 0.6257 0.8009 0.6315 0.7795 0.6469 0.795 0.6523 0.7795 0.6469 0.8009 0.6315 0.771 0.62 0.7869 0.6257 0.7652 0.6423 0.7795 0.6469 0.7652 0.6423 0.7869 0.6257 0.7795 0.6469 0.7705 0.664 0.7652 0.6423 0.7817 0.6594 0.7705 0.664 0.7795 0.6469 0.795 0.6523 0.7817 0.6594 0.7795 0.6469 0.7817 0.6594 0.795 0.6523 0.7891 0.669 0.7986 0.6663 0.7891 0.669 0.795 0.6523 0.7592 0.6597 0.7652 0.6423 0.7705 0.664 0.7592 0.6597 0.748 0.6561 0.7652 0.6423 0.7557 0.638 0.7652 0.6423 0.748 0.6561 0.7652 0.6423 0.7557 0.638 0.771 0.62 0.7587 0.6161 0.771 0.62 0.7557 0.638 0.7557 0.638 0.7477 0.6317 0.7587 0.6161 0.7557 0.638 0.7467 0.6456 0.7477 0.6317 0.748 0.6561 0.7467 0.6456 0.7557 0.638 0.7477 0.6317 0.7467 0.6456 0.7401 0.6309 0.7389 0.6462 0.7401 0.6309 0.7467 0.6456 0.7467 0.6456 0.748 0.6561 0.7389 0.6462 0.7389 0.6462 0.7297 0.644 0.7401 0.6309 0.7305 0.6297 0.7401 0.6309 0.7297 0.644 0.7305 0.6297 0.7297 0.644 0.7219 0.6301 0.7225 0.645 0.7219 0.6301 0.7297 0.644 0.7358 0.6549 0.7389 0.6462 0.748 0.6561 0.7389 0.6462 0.7358 0.6549 0.7297 0.644 0.7244 0.6542 0.7297 0.644 0.7358 0.6549 0.7244 0.6542 0.7225 0.645 0.7297 0.644 0.7225 0.645 0.7244 0.6542 0.7122 0.6469 0.7135 0.6556 0.7122 0.6469 0.7244 0.6542 0.7483 0.6135 0.7587 0.6161 0.7477 0.6317 0.7477 0.6317 0.7401 0.6309 0.7483 0.6135 0.7404 0.612 0.7483 0.6135 0.7401 0.6309 0.7401 0.6309 0.7305 0.6297 0.7404 0.612 0.7315 0.6117 0.7404 0.612 0.7305 0.6297 0.7219 0.6301 0.7218 0.6122 0.7305 0.6297 0.7315 0.6117 0.7305 0.6297 0.7218 0.6122 0.7218 0.6122 0.7219 0.6301 0.7077 0.6133 0.7106 0.631 0.7077 0.6133 0.7219 0.6301 0.7122 0.6469 0.7106 0.631 0.7225 0.645 0.7219 0.6301 0.7225 0.645 0.7106 0.631 0.7077 0.6133 0.7106 0.631 0.7002 0.6203 0.7077 0.6133 0.7002 0.6203 0.6909 0.6086 0.6898 0.6172 0.6909 0.6086 0.7002 0.6203 0.6898 0.6172 0.7002 0.6203 0.6901 0.6303 0.6901 0.6303 0.6781 0.6323 0.6898 0.6172 0.6744 0.6156 0.6898 0.6172 0.6781 0.6323 0.7026 0.6315 0.6901 0.6303 0.7002 0.6203 0.7026 0.6315 0.7002 0.6203 0.7106 0.631 0.7106 0.631 0.7122 0.6469 0.7026 0.6315 0.6901 0.6303 0.7026 0.6315 0.6885 0.6389 0.6885 0.6389 0.6781 0.6323 0.6901 0.6303 0.7042 0.6481 0.6885 0.6389 0.7026 0.6315 0.7135 0.6556 0.7025 0.6595 0.7042 0.6481 0.6975 0.6555 0.7042 0.6481 0.7025 0.6595 0.6781 0.6323 0.6885 0.6389 0.6723 0.6419 0.6862 0.6487 0.6723 0.6419 0.6885 0.6389 0.6885 0.6389 0.7042 0.6481 0.6862 0.6487 0.6975 0.6555 0.6862 0.6487 0.7042 0.6481 0.6975 0.6555 0.6877 0.6624 0.6862 0.6487 0.68 0.6564 0.6862 0.6487 0.6877 0.6624 0.6862 0.6487 0.68 0.6564 0.6723 0.6419 0.6676 0.6504 0.6723 0.6419 0.68 0.6564 0.7025 0.6595 0.6939 0.6677 0.6975 0.6555 0.6877 0.6624 0.6975 0.6555 0.6939 0.6677 0.6744 0.6156 0.6755 0.6082 0.6898 0.6172 0.6755 0.6082 0.6744 0.6156 0.6643 0.6061 0.6643 0.6061 0.6674 0.5984 0.6755 0.6082 0.6767 0.6004 0.6755 0.6082 0.6674 0.5984 0.6674 0.5984 0.6705 0.5875 0.6767 0.6004 0.6785 0.5894 0.6767 0.6004 0.6705 0.5875 0.6785 0.5894 0.6868 0.5882 0.6767 0.6004 0.6923 0.5992 0.6767 0.6004 0.6868 0.5882 0.6868 0.5882 0.695 0.5877 0.6923 0.5992 0.6923 0.5992 0.695 0.5877 0.7079 0.5982 0.7042 0.587 0.7079 0.5982 0.695 0.5877 0.6755 0.6082 0.6767 0.6004 0.6909 0.6086 0.6923 0.5992 0.6909 0.6086 0.6767 0.6004 0.6909 0.6086 0.6898 0.6172 0.6755 0.6082 0.695 0.5877 0.6868 0.5882 0.6909 0.58 0.6894 0.5804 0.6909 0.58 0.6868 0.5882 0.7042 0.587 0.7103 0.5868 0.7079 0.5982 0.7103 0.5868 0.7042 0.587 0.7064 0.5784 0.7056 0.5785 0.7064 0.5784 0.7042 0.587 0.7103 0.5868 0.7188 0.5865 0.7079 0.5982 0.7667 0.5836 0.7595 0.5817 0.7607 0.5728 0.7595 0.5725 0.7607 0.5728 0.7595 0.5817 0.7667 0.5836 0.7607 0.592 0.7595 0.5817 0.7607 0.592 0.7512 0.5915 0.7595 0.5817 0.7491 0.5819 0.7595 0.5817 0.7512 0.5915 0.7512 0.5915 0.7427 0.5902 0.7491 0.5819 0.7409 0.5837 0.7491 0.5819 0.7427 0.5902 0.7427 0.5902 0.7336 0.5882 0.7409 0.5837 0.7512 0.5915 0.7607 0.592 0.7503 0.5989 0.7601 0.6009 0.7503 0.5989 0.7607 0.592 0.7427 0.5902 0.7512 0.5915 0.742 0.5979 0.7503 0.5989 0.742 0.5979 0.7512 0.5915 0.742 0.5979 0.7334 0.5972 0.7427 0.5902 0.7336 0.5882 0.7427 0.5902 0.7334 0.5972 0.7336 0.5882 0.7334 0.5972 0.7254 0.5874 0.7607 0.592 0.7768 0.5954 0.7601 0.6009 0.7607 0.592 0.7667 0.5836 0.7768 0.5954 0.7746 0.6043 0.7601 0.6009 0.7768 0.5954 0.7768 0.5954 0.7931 0.6002 0.7746 0.6043 0.7931 0.6002 0.7768 0.5954 0.7925 0.5896 0.7832 0.5867 0.7925 0.5896 0.7768 0.5954 0.8005 0.594 0.7931 0.6002 0.7925 0.5896 0.7931 0.6002 0.8005 0.594 0.8061 0.6047 0.8089 0.5979 0.8061 0.6047 0.8005 0.594 0.8061 0.6047 0.8089 0.5979 0.8183 0.6047 0.7906 0.6094 0.7746 0.6043 0.7931 0.6002 0.7931 0.6002 0.8061 0.6047 0.7906 0.6094 0.8183 0.6047 0.8163 0.6165 0.8061 0.6047 0.8054 0.6143 0.8061 0.6047 0.8163 0.6165 0.8054 0.6143 0.7906 0.6094 0.8061 0.6047 0.8163 0.6165 0.8138 0.625 0.8054 0.6143 0.8054 0.6143 0.8138 0.625 0.8009 0.6315 0.8138 0.625 0.8103 0.6338 0.8009 0.6315 0.8103 0.6338 0.8089 0.6464 0.8009 0.6315 0.795 0.6523 0.8009 0.6315 0.8089 0.6464 0.8089 0.6464 0.8112 0.6609 0.795 0.6523 0.7986 0.6663 0.795 0.6523 0.8112 0.6609 0.7925 0.5896 0.8029 0.5818 0.8005 0.594 0.8043 0.5825 0.8005 0.594 0.8029 0.5818 0.7705 0.664 0.7817 0.6594 0.7811 0.6712 0.7891 0.669 0.7811 0.6712 0.7817 0.6594 0.7811 0.6712 0.7784 0.6745 0.7705 0.664 0.7682 0.6684 0.7705 0.664 0.7784 0.6745 0.7784 0.6745 0.7757 0.6783 0.7682 0.6684 0.7662 0.6727 0.7682 0.6684 0.7757 0.6783 0.7662 0.6727 0.7564 0.6687 0.7682 0.6684 0.7578 0.6642 0.7682 0.6684 0.7564 0.6687 0.7682 0.6684 0.7578 0.6642 0.7705 0.664 0.7564 0.6687 0.7464 0.6656 0.7578 0.6642 0.7471 0.6609 0.7578 0.6642 0.7464 0.6656 0.7464 0.6656 0.7361 0.6639 0.7471 0.6609 0.736 0.6594 0.7471 0.6609 0.7361 0.6639 0.7361 0.6639 0.7259 0.6636 0.736 0.6594 0.7252 0.6589 0.736 0.6594 0.7259 0.6636 0.7259 0.6636 0.7161 0.6648 0.7252 0.6589 0.7148 0.6602 0.7252 0.6589 0.7161 0.6648 0.7148 0.6602 0.7161 0.6648 0.7047 0.664 0.7067 0.6684 0.7047 0.664 0.7161 0.6648 0.7047 0.664 0.7067 0.6684 0.6961 0.6713 0.6984 0.6752 0.6961 0.6713 0.7067 0.6684 0.7578 0.6642 0.7471 0.6609 0.7592 0.6597 0.7592 0.6597 0.7705 0.664 0.7578 0.6642 0.748 0.6561 0.7592 0.6597 0.7471 0.6609 0.7471 0.6609 0.736 0.6594 0.748 0.6561 0.7358 0.6549 0.748 0.6561 0.736 0.6594 0.736 0.6594 0.7252 0.6589 0.7358 0.6549 0.7244 0.6542 0.7358 0.6549 0.7252 0.6589 0.7252 0.6589 0.7148 0.6602 0.7244 0.6542 0.7135 0.6556 0.7244 0.6542 0.7148 0.6602 0.7047 0.664 0.7025 0.6595 0.7148 0.6602 0.7135 0.6556 0.7148 0.6602 0.7025 0.6595 0.6961 0.6713 0.6939 0.6677 0.7047 0.664 0.7025 0.6595 0.7047 0.664 0.6939 0.6677 0.7135 0.6556 0.7042 0.6481 0.7122 0.6469 0.7042 0.6481 0.7026 0.6315 0.7122 0.6469 0.3952 0.2164 0.3843 0.2157 0.39 0.206 0.3818 0.2091 0.39 0.206 0.3843 0.2157 0.3818 0.2091 0.3843 0.2157 0.3706 0.211 0.3718 0.2183 0.3706 0.211 0.3843 0.2157 0.3718 0.2183 0.3843 0.2157 0.3735 0.2254 0.3874 0.2218 0.3735 0.2254 0.3843 0.2157 0.3874 0.2218 0.3843 0.2157 0.3952 0.2164 0.3615 0.2243 0.3718 0.2183 0.3735 0.2254 0.3706 0.211 0.3718 0.2183 0.3627 0.2107 0.3615 0.2243 0.3627 0.2107 0.3718 0.2183 0.3615 0.2243 0.3518 0.2174 0.3627 0.2107 0.3534 0.2095 0.3627 0.2107 0.3518 0.2174 0.3534 0.2095 0.3518 0.2174 0.3442 0.2056 0.3368 0.2148 0.3442 0.2056 0.3518 0.2174 0.3368 0.2148 0.3294 0.207 0.3442 0.2056 0.3395 0.2021 0.3442 0.2056 0.3294 0.207 0.3534 0.2095 0.357 0.1953 0.3627 0.2107 0.3636 0.1952 0.3627 0.2107 0.357 0.1953 0.357 0.1953 0.3534 0.2095 0.3506 0.1934 0.3442 0.2056 0.3506 0.1934 0.3534 0.2095 0.3506 0.1934 0.3442 0.2056 0.3456 0.1917 0.3395 0.2021 0.3456 0.1917 0.3442 0.2056 0.3706 0.211 0.3627 0.2107 0.3698 0.1958 0.3636 0.1952 0.3698 0.1958 0.3627 0.2107 0.3698 0.1958 0.378 0.1957 0.3706 0.211 0.3818 0.2091 0.3706 0.211 0.378 0.1957 0.378 0.1957 0.3848 0.1938 0.3818 0.2091 0.39 0.206 0.3818 0.2091 0.3848 0.1938 0.357 0.1953 0.3579 0.1903 0.3636 0.1952 0.3644 0.1899999 0.3636 0.1952 0.3579 0.1903 0.3636 0.1952 0.3644 0.1899999 0.3698 0.1958 0.3579 0.1903 0.357 0.1953 0.3513 0.1893 0.3506 0.1934 0.3513 0.1893 0.357 0.1953 0.3506 0.1934 0.3456 0.1917 0.3513 0.1893 0.3459 0.1883 0.3513 0.1893 0.3456 0.1917 0.3848 0.1938 0.378 0.1957 0.3831 0.1891 0.3764 0.1901 0.3831 0.1891 0.378 0.1957 0.378 0.1957 0.3698 0.1958 0.3764 0.1901 0.3701 0.1903 0.3764 0.1901 0.3698 0.1958 0.3701 0.1903 0.3698 0.1958 0.3644 0.1899999 0.3644 0.1899999 0.3579 0.1903 0.3645 0.1855 0.3578 0.1861 0.3645 0.1855 0.3579 0.1903 0.3578 0.1861 0.3584 0.175 0.3645 0.1855 0.3639 0.1735 0.3645 0.1855 0.3584 0.175 0.3584 0.175 0.3578 0.1861 0.3534 0.1748 0.352 0.1855 0.3534 0.1748 0.3578 0.1861 0.3578 0.1861 0.3579 0.1903 0.352 0.1855 0.3513 0.1893 0.352 0.1855 0.3579 0.1903 0.352 0.1855 0.3469 0.1842 0.3534 0.1748 0.352 0.1855 0.3513 0.1893 0.3469 0.1842 0.3459 0.1883 0.3469 0.1842 0.3513 0.1893 0.3491 0.1723999 0.3534 0.1748 0.3469 0.1842 0.3639 0.1735 0.3683 0.1741999 0.3645 0.1855 0.3691 0.1845999 0.3645 0.1855 0.3683 0.1741999 0.3645 0.1855 0.3691 0.1845999 0.3644 0.1899999 0.3701 0.1903 0.3644 0.1899999 0.3691 0.1845999 0.3683 0.1741999 0.3739 0.1735 0.3691 0.1845999 0.3758 0.1842 0.3691 0.1845999 0.3739 0.1735 0.3764 0.1901 0.3758 0.1842 0.3831 0.1891 0.3691 0.1845999 0.3758 0.1842 0.3701 0.1903 0.3764 0.1901 0.3701 0.1903 0.3758 0.1842 0.3758 0.1842 0.3739 0.1735 0.3822 0.1833 0.3822 0.1833 0.3831 0.1891 0.3758 0.1842 0.3797 0.1712 0.3822 0.1833 0.3739 0.1735 0.3584 0.175 0.361 0.1615999 0.3639 0.1735 0.3636 0.1583 0.3639 0.1735 0.361 0.1615999 0.3534 0.1748 0.3573 0.1615 0.3584 0.175 0.361 0.1615999 0.3584 0.175 0.3573 0.1615 0.3534 0.1748 0.3491 0.1723999 0.3573 0.1615 0.3573 0.1615 0.3561 0.1578 0.361 0.1615999 0.3561 0.1578 0.3573 0.1615 0.3491 0.1723999 0.3636 0.1583 0.361 0.1615999 0.3561 0.1578 0.3797 0.1712 0.3739 0.1735 0.3713 0.157 0.3692 0.159 0.3713 0.157 0.3739 0.1735 0.3739 0.1735 0.3683 0.1741999 0.3692 0.159 0.3713 0.157 0.3692 0.159 0.3636 0.1583 0.3659 0.1595 0.3636 0.1583 0.3692 0.159 0.3659 0.1595 0.3692 0.159 0.3683 0.1741999 0.3683 0.1741999 0.3639 0.1735 0.3659 0.1595 0.3636 0.1583 0.3659 0.1595 0.3639 0.1735 0.6602 0.6145 0.6643 0.6061 0.6744 0.6156 0.7819 0.5746 0.7832 0.5867 0.7811 0.5745 0.7763 0.5858 0.7811 0.5745 0.7832 0.5867 0.7832 0.5867 0.7768 0.5954 0.7763 0.5858 0.7763 0.5858 0.7768 0.5954 0.7667 0.5836 0.608 0.5825 0.6073 0.5739 0.6186 0.5764 0.6173 0.5732 0.6186 0.5764 0.6073 0.5739 0.608 0.5825 0.5986 0.5808 0.6073 0.5739 0.5998 0.5726 0.6073 0.5739 0.5986 0.5808 0.5986 0.5808 0.5878 0.5746 0.5998 0.5726 0.5891 0.5711 0.5998 0.5726 0.5878 0.5746 0.5891 0.5711 0.5878 0.5746 0.5794 0.5744 0.6173 0.5732 0.6073 0.5739 0.6136 0.5504 0.606 0.5507 0.6136 0.5504 0.6073 0.5739 0.6073 0.5739 0.5998 0.5726 0.606 0.5507 0.5986 0.5503 0.606 0.5507 0.5998 0.5726 0.5998 0.5726 0.5891 0.5711 0.5986 0.5503 0.591 0.5499 0.5986 0.5503 0.5891 0.5711 0.591 0.5499 0.5891 0.5711 0.5832 0.5495 0.5794 0.5744 0.5832 0.5495 0.5891 0.5711 0.5832 0.5495 0.5794 0.5744 0.5757 0.5494 0.5716 0.5739 0.5757 0.5494 0.5794 0.5744 0.5716 0.5739 0.5632 0.5683 0.5757 0.5494 0.5683 0.547 0.5757 0.5494 0.5632 0.5683 0.6136 0.5504 0.606 0.5507 0.6129 0.5444 0.6054 0.5454 0.6129 0.5444 0.606 0.5507 0.606 0.5507 0.5986 0.5503 0.6054 0.5454 0.5992 0.5453 0.6054 0.5454 0.5986 0.5503 0.5992 0.5453 0.5986 0.5503 0.5913 0.5448 0.591 0.5499 0.5913 0.5448 0.5986 0.5503 0.5913 0.5448 0.591 0.5499 0.5838 0.5446 0.5832 0.5495 0.5838 0.5446 0.591 0.5499 0.5838 0.5446 0.5832 0.5495 0.5759 0.5448 0.5757 0.5494 0.5759 0.5448 0.5832 0.5495 0.5757 0.5494 0.5683 0.547 0.5759 0.5448 0.5685 0.5437 0.5759 0.5448 0.5683 0.547 0.6054 0.5454 0.6049 0.5408 0.6129 0.5444 0.6054 0.5454 0.5992 0.5453 0.6049 0.5408 0.6119 0.5384 0.6129 0.5444 0.6049 0.5408 0.6049 0.5408 0.6026 0.5265 0.6119 0.5384 0.6077 0.5239 0.6119 0.5384 0.6026 0.5265 0.6049 0.5408 0.5983 0.5409 0.6026 0.5265 0.5983 0.5409 0.6049 0.5408 0.5992 0.5453 0.5992 0.5453 0.5913 0.5448 0.5983 0.5409 0.5961 0.5272 0.6026 0.5265 0.5983 0.5409 0.5983 0.5409 0.591 0.54 0.5961 0.5272 0.591 0.54 0.5983 0.5409 0.5913 0.5448 0.5913 0.5448 0.5838 0.5446 0.591 0.54 0.5903 0.5262 0.5961 0.5272 0.591 0.54 0.591 0.54 0.5835 0.5402 0.5903 0.5262 0.5835 0.5402 0.591 0.54 0.5838 0.5446 0.5839 0.5276 0.5903 0.5262 0.5835 0.5402 0.5839 0.5276 0.5835 0.5402 0.5783 0.5283 0.5769 0.5409 0.5783 0.5283 0.5835 0.5402 0.5835 0.5402 0.5838 0.5446 0.5769 0.5409 0.5759 0.5448 0.5769 0.5409 0.5838 0.5446 0.5783 0.5283 0.5769 0.5409 0.5721 0.5264 0.5692 0.5404 0.5721 0.5264 0.5769 0.5409 0.5769 0.5409 0.5759 0.5448 0.5692 0.5404 0.5685 0.5437 0.5692 0.5404 0.5759 0.5448 0.6026 0.5265 0.5976 0.5102 0.6077 0.5239 0.6026 0.5265 0.5961 0.5272 0.5976 0.5102 0.6004 0.5078 0.6077 0.5239 0.5976 0.5102 0.6004 0.5078 0.5976 0.5102 0.5894 0.5102 0.5927 0.5112 0.5894 0.5102 0.5976 0.5102 0.5927 0.5112 0.5976 0.5102 0.5961 0.5272 0.5961 0.5272 0.5903 0.5262 0.5927 0.5112 0.5894 0.5102 0.5927 0.5112 0.5903 0.5262 0.5839 0.5276 0.5862 0.5124 0.5903 0.5262 0.5894 0.5102 0.5903 0.5262 0.5862 0.5124 0.5783 0.5283 0.5803 0.5122 0.5839 0.5276 0.5862 0.5124 0.5839 0.5276 0.5803 0.5122 0.5783 0.5283 0.5721 0.5264 0.5803 0.5122 0.5803 0.5122 0.5781 0.5096 0.5862 0.5124 0.5781 0.5096 0.5803 0.5122 0.5721 0.5264 0.5894 0.5102 0.5862 0.5124 0.5781 0.5096 0.5716 0.5739 0.5628 0.5716 0.5632 0.5683 0.1664 0.9538 0.1227 0.9538 0.1664 0.923 0.1227 0.923 0.1664 0.923 0.1227 0.9538 0.1227 0.9538 0.1664 0.9538 0.1227 0.9845 0.1664 0.9845 0.1227 0.9845 0.1664 0.9538 0.1719 0.9538 0.1719 0.923 0.2156 0.9538 0.2156 0.923 0.2156 0.9538 0.1719 0.923 0.2156 0.9538 0.2156 0.9845 0.1719 0.9538 0.1719 0.9845 0.1719 0.9538 0.2156 0.9845 0.2156 0.9538 0.2156 0.923 0.2211 0.9538 0.2211 0.923 0.2211 0.9538 0.2156 0.923 0.2211 0.9538 0.2211 0.9845 0.2156 0.9538 0.2156 0.9845 0.2156 0.9538 0.2211 0.9845 0.1719 0.9845 0.2156 0.9845 0.1719 0.99 0.2156 0.99 0.1719 0.99 0.2156 0.9845 0.1719 0.9538 0.1719 0.9845 0.1664 0.9538 0.1664 0.9845 0.1664 0.9538 0.1719 0.9845 0.1664 0.9538 0.1664 0.923 0.1719 0.9538 0.1719 0.923 0.1719 0.9538 0.1664 0.923 0.2156 0.923 0.1719 0.923 0.2156 0.9175 0.1719 0.9175 0.2156 0.9175 0.1719 0.923 0.6252 0.4633 0.6445 0.4776 0.6351 0.4461 0.6637 0.4627 0.6351 0.4461 0.6445 0.4776 0.6637 0.4627 0.6704 0.4433 0.6351 0.4461 0.643 0.43 0.6351 0.4461 0.6704 0.4433 0.6445 0.4776 0.6701 0.4854 0.6637 0.4627 0.6704 0.4433 0.6637 0.4627 0.6977 0.4511 0.6979 0.4707 0.6977 0.4511 0.6637 0.4627 0.6637 0.4627 0.6701 0.4854 0.6979 0.4707 0.6977 0.4511 0.6979 0.4707 0.7318 0.4523 0.7336 0.4707 0.7318 0.4523 0.6979 0.4707 0.7318 0.4523 0.7336 0.4707 0.7582 0.4481 0.7625 0.4646 0.7582 0.4481 0.7336 0.4707 0.6979 0.4707 0.6997 0.4865 0.7336 0.4707 0.6997 0.4865 0.6979 0.4707 0.6701 0.4854 0.737 0.4826 0.7336 0.4707 0.6997 0.4865 0.7336 0.4707 0.737 0.4826 0.7625 0.4646 0.7318 0.4523 0.7299 0.434 0.6977 0.4511 0.6997 0.434 0.6977 0.4511 0.7299 0.434 0.6977 0.4511 0.6997 0.434 0.6704 0.4433 0.6997 0.434 0.7299 0.434 0.7009 0.4173 0.7291 0.4192 0.7009 0.4173 0.7299 0.434 0.7291 0.4192 0.7299 0.434 0.7492 0.4169 0.7539 0.4315 0.7492 0.4169 0.7299 0.434 0.7299 0.434 0.7318 0.4523 0.7539 0.4315 0.7582 0.4481 0.7539 0.4315 0.7318 0.4523 0.6997 0.434 0.7009 0.4173 0.6763 0.4274 0.6786 0.4141 0.6763 0.4274 0.7009 0.4173 0.6763 0.4274 0.6786 0.4141 0.651 0.4159 0.6552 0.4064 0.651 0.4159 0.6786 0.4141 0.651 0.4159 0.643 0.43 0.6763 0.4274 0.6704 0.4433 0.6763 0.4274 0.643 0.43 0.6763 0.4274 0.6704 0.4433 0.6997 0.434 0.7648 0.4773 0.7625 0.4646 0.737 0.4826 0.643 0.43 0.651 0.4159 0.6327 0.4191 0.6327 0.4191 0.6243 0.437 0.643 0.43 0.6351 0.4461 0.643 0.43 0.6243 0.437 0.6351 0.4461 0.6243 0.437 0.6252 0.4633 0.6126 0.4592 0.6252 0.4633 0.6243 0.437 0.6401 0.4064 0.6327 0.4191 0.651 0.4159 0.651 0.4159 0.6552 0.4064 0.6401 0.4064 0.6438 0.3973 0.6401 0.4064 0.6552 0.4064 0.6786 0.4141 0.6764 0.4017 0.6552 0.4064 0.6534 0.3923 0.6552 0.4064 0.6764 0.4017 0.6764 0.4017 0.6786 0.4141 0.7046 0.4063 0.7009 0.4173 0.7046 0.4063 0.6786 0.4141 0.7009 0.4173 0.7291 0.4192 0.7046 0.4063 0.7329 0.409 0.7046 0.4063 0.7291 0.4192 0.7291 0.4192 0.7492 0.4169 0.7329 0.409 0.7562 0.4053 0.7329 0.409 0.7492 0.4169 0.7539 0.4315 0.7657 0.4236 0.7492 0.4169 0.7625 0.4117 0.7492 0.4169 0.7657 0.4236 0.7657 0.4236 0.7539 0.4315 0.7696 0.4389 0.7582 0.4481 0.7696 0.4389 0.7539 0.4315 0.7696 0.4389 0.7582 0.4481 0.774 0.4578 0.7625 0.4646 0.774 0.4578 0.7582 0.4481 0.7625 0.4646 0.7648 0.4773 0.774 0.4578 0.7777 0.4779 0.774 0.4578 0.7648 0.4773 0.737 0.4826 0.7404 0.4935 0.7648 0.4773 0.7743 0.4849 0.7648 0.4773 0.7404 0.4935 0.7404 0.4935 0.737 0.4826 0.7028 0.4975 0.6997 0.4865 0.7028 0.4975 0.737 0.4826 0.6997 0.4865 0.6701 0.4854 0.7028 0.4975 0.6661 0.4966 0.7028 0.4975 0.6701 0.4854 0.6701 0.4854 0.6445 0.4776 0.6661 0.4966 0.6381 0.4854 0.6661 0.4966 0.6445 0.4776 0.6445 0.4776 0.6252 0.4633 0.6381 0.4854 0.6138 0.4699 0.6381 0.4854 0.6252 0.4633 0.1812 0.8717 0.183 0.8828 0.2081 0.8757 0.2136 0.8922 0.2081 0.8757 0.183 0.8828 0.183 0.8828 0.1812 0.8717 0.1456 0.8645 0.1502 0.8617 0.1456 0.8645 0.1812 0.8717 0.1502 0.8617 0.1812 0.8717 0.1545 0.8582 0.1814 0.8628 0.1545 0.8582 0.1812 0.8717 0.1545 0.8582 0.1814 0.8628 0.158 0.854 0.1820999 0.8568 0.158 0.854 0.1814 0.8628 0.1820999 0.8568 0.1851 0.807 0.158 0.854 0.1667 0.7981 0.158 0.854 0.1851 0.807 0.1851 0.807 0.1820999 0.8568 0.2032 0.8109 0.2003999 0.8561 0.2032 0.8109 0.1820999 0.8568 0.1820999 0.8568 0.1814 0.8628 0.2003999 0.8561 0.2003999 0.8561 0.2233 0.854 0.2032 0.8109 0.2222999 0.8107 0.2032 0.8109 0.2233 0.854 0.2233 0.854 0.2462 0.8537 0.2222999 0.8107 0.2423 0.8045 0.2222999 0.8107 0.2462 0.8537 0.2462 0.8537 0.2687 0.8558 0.2423 0.8045 0.2612226 0.8019764 0.2423 0.8045 0.2687 0.8558 0.2423 0.8045 0.2612226 0.8019764 0.2425 0.7958 0.2612226 0.8019764 0.2687 0.8558 0.2808561 0.8073903 0.2899 0.8564 0.2808561 0.8073903 0.2687 0.8558 0.2808561 0.8073903 0.2899 0.8564 0.2984024 0.7996806 0.3059 0.8538 0.2984024 0.7996806 0.2899 0.8564 0.3059 0.8538 0.3272 0.8434 0.2984024 0.7996806 0.3155 0.7886 0.2984024 0.7996806 0.3272 0.8434 0.3059 0.8538 0.2899 0.8564 0.3067 0.8621 0.2877 0.8669 0.3067 0.8621 0.2899 0.8564 0.3067 0.8621 0.3286 0.8484 0.3059 0.8538 0.3272 0.8434 0.3059 0.8538 0.3286 0.8484 0.2425 0.7958 0.2612226 0.8019764 0.2424 0.7868 0.2984024 0.7996806 0.3155 0.7886 0.3144 0.7794 0.2424 0.7868 0.2612226 0.8019764 0.2582256 0.7713769 0.2612226 0.8019764 0.2808561 0.8073903 0.2582256 0.7713769 0.2749784 0.7644936 0.2582256 0.7713769 0.2808561 0.8073903 0.2808561 0.8073903 0.2984024 0.7996806 0.2749784 0.7644936 0.2749784 0.7644936 0.2691 0.7377 0.2582256 0.7713769 0.2537 0.7386 0.2582256 0.7713769 0.2691 0.7377 0.2582256 0.7713769 0.2537 0.7386 0.2402 0.772 0.2387 0.7383 0.2402 0.772 0.2537 0.7386 0.2691 0.7377 0.2749784 0.7644936 0.2848 0.7347 0.2936387 0.7675584 0.2848 0.7347 0.2749784 0.7644936 0.2936387 0.7675584 0.313 0.769 0.2848 0.7347 0.2936387 0.7675584 0.3144 0.7794 0.313 0.769 0.3004 0.7286 0.2848 0.7347 0.313 0.769 0.2936387 0.7675584 0.2749784 0.7644936 0.2984024 0.7996806 0.2984024 0.7996806 0.3144 0.7794 0.2936387 0.7675584 0.2424 0.7868 0.2582256 0.7713769 0.2413 0.7775 0.2402 0.772 0.2413 0.7775 0.2582256 0.7713769 0.2537 0.7386 0.2524 0.7264 0.2387 0.7383 0.2379 0.7266 0.2387 0.7383 0.2524 0.7264 0.2524 0.7264 0.2537 0.7386 0.2669 0.7253 0.2691 0.7377 0.2669 0.7253 0.2537 0.7386 0.2691 0.7377 0.2848 0.7347 0.2669 0.7253 0.2811 0.7224 0.2669 0.7253 0.2848 0.7347 0.2848 0.7347 0.3004 0.7286 0.2811 0.7224 0.2937 0.7172 0.2811 0.7224 0.3004 0.7286 0.2387 0.7383 0.2379 0.7266 0.2237 0.7381 0.2236 0.7266 0.2237 0.7381 0.2379 0.7266 0.2237 0.7381 0.2236 0.7266 0.2082 0.7377 0.2093 0.7261 0.2082 0.7377 0.2236 0.7266 0.2093 0.7261 0.1953999 0.7246 0.2082 0.7377 0.1921 0.7362 0.2082 0.7377 0.1953999 0.7246 0.1953999 0.7246 0.1823 0.7212 0.1921 0.7362 0.1757 0.7332 0.1921 0.7362 0.1823 0.7212 0.2082 0.7377 0.1921 0.7362 0.2032 0.7669 0.185 0.7713 0.2032 0.7669 0.1921 0.7362 0.1921 0.7362 0.1757 0.7332 0.185 0.7713 0.2032 0.7669 0.2215999 0.7667 0.2082 0.7377 0.2237 0.7381 0.2082 0.7377 0.2215999 0.7667 0.2237 0.7381 0.2215999 0.7667 0.2387 0.7383 0.2402 0.772 0.2387 0.7383 0.2215999 0.7667 0.1665 0.7755 0.185 0.7713 0.1757 0.7332 0.1844 0.7769 0.185 0.7713 0.1665 0.7755 0.1665 0.7755 0.1668 0.787 0.1844 0.7769 0.1852 0.7882 0.1844 0.7769 0.1668 0.787 0.1852 0.7882 0.1668 0.787 0.1844 0.799 0.1667 0.7981 0.1844 0.799 0.1668 0.787 0.1851 0.807 0.1844 0.799 0.1667 0.7981 0.331 0.853 0.3076 0.8708 0.3336 0.8574 0.3084 0.8814 0.3336 0.8574 0.3076 0.8708 0.3076 0.8708 0.2839 0.8796 0.3084 0.8814 0.2806 0.8962 0.3084 0.8814 0.2839 0.8796 0.2839 0.8796 0.3076 0.8708 0.2877 0.8669 0.3067 0.8621 0.2877 0.8669 0.3076 0.8708 0.3076 0.8708 0.331 0.853 0.3067 0.8621 0.3286 0.8484 0.3067 0.8621 0.331 0.853 0.1225 0.538 0.1217 0.5585 0.1298 0.541 0.1317 0.5599 0.1298 0.541 0.1217 0.5585 0.1217 0.5585 0.122 0.5764 0.1317 0.5599 0.1317 0.5764 0.1317 0.5599 0.122 0.5764 0.1317 0.5764 0.122 0.5764 0.1291 0.5949 0.1216 0.5973 0.1291 0.5949 0.122 0.5764 0.1217 0.5585 0.1225 0.538 0.1095 0.5582 0.1098 0.5372 0.1095 0.5582 0.1225 0.538 0.1098 0.5372 0.09799998 0.5372 0.1095 0.5582 0.09679996 0.5579 0.1095 0.5582 0.09799998 0.5372 0.09679996 0.5579 0.09709995 0.5753 0.1095 0.5582 0.11 0.5756 0.1095 0.5582 0.09709995 0.5753 0.1095 0.5582 0.11 0.5756 0.1217 0.5585 0.122 0.5764 0.1217 0.5585 0.11 0.5756 0.122 0.5764 0.11 0.5756 0.1216 0.5973 0.09709995 0.5753 0.09969997 0.5979 0.11 0.5756 0.1106 0.5988 0.11 0.5756 0.09969997 0.5979 0.1106 0.5988 0.1216 0.5973 0.11 0.5756 0.09799998 0.5372 0.08899998 0.5395 0.09679996 0.5579 0.08759999 0.5574 0.09679996 0.5579 0.08899998 0.5395 0.09709995 0.5753 0.09679996 0.5579 0.08669996 0.5748 0.08759999 0.5574 0.08669996 0.5748 0.09679996 0.5579 0.09969997 0.5979 0.09709995 0.5753 0.08899998 0.5952 0.08669996 0.5748 0.08899998 0.5952 0.09709995 0.5753 0.09799998 0.5372 0.097 0.5265 0.08899998 0.5395 0.08859997 0.5277 0.08899998 0.5395 0.097 0.5265 0.1098 0.5372 0.1098 0.5267 0.09799998 0.5372 0.097 0.5265 0.09799998 0.5372 0.1098 0.5267 0.1098 0.5372 0.1225 0.538 0.1098 0.5267 0.1235 0.5274 0.1098 0.5267 0.1225 0.538 0.1235 0.5274 0.1225 0.538 0.1306 0.529 0.1298 0.541 0.1306 0.529 0.1225 0.538 0.1106 0.5988 0.09969997 0.5979 0.1103 0.6095 0.1103 0.6095 0.122 0.6081 0.1106 0.5988 0.1216 0.5973 0.1106 0.5988 0.122 0.6081 0.122 0.6081 0.1289 0.6068 0.1216 0.5973 0.1291 0.5949 0.1216 0.5973 0.1289 0.6068 0.08669996 0.5748 0.07779997 0.5776 0.08899998 0.5952 0.08669996 0.5748 0.08759999 0.5574 0.07779997 0.5776 0.07919996 0.6013 0.08899998 0.5952 0.07779997 0.5776 0.1317 0.5599 0.1405 0.5563 0.1298 0.541 0.1393 0.5345 0.1298 0.541 0.1405 0.5563 0.1405 0.5563 0.1317 0.5599 0.1405 0.5797 0.1317 0.5764 0.1405 0.5797 0.1317 0.5599 0.1317 0.5764 0.1291 0.5949 0.1405 0.5797 0.1387 0.6014 0.1405 0.5797 0.1291 0.5949 0.09859997 0.6085 0.1103 0.6095 0.09969997 0.5979 0.09969997 0.5979 0.08899998 0.5952 0.09859997 0.6085 0.08809995 0.607 0.09859997 0.6085 0.08899998 0.5952 0.07889997 0.5535 0.07779997 0.5776 0.08759999 0.5574 0.08759999 0.5574 0.08899998 0.5395 0.07889997 0.5535 0.0798 0.5327 0.07889997 0.5535 0.08899998 0.5395 0.2038 0.8639 0.2003999 0.8561 0.1814 0.8628 0.1814 0.8628 0.1812 0.8717 0.2038 0.8639 0.2081 0.8757 0.2038 0.8639 0.1812 0.8717 0.2373999 0.7048 0.2379 0.7266 0.2493 0.7048 0.2524 0.7264 0.2493 0.7048 0.2379 0.7266 0.2493 0.7048 0.2524 0.7264 0.2612 0.7039 0.2669 0.7253 0.2612 0.7039 0.2524 0.7264 0.2612 0.7039 0.2669 0.7253 0.273 0.7017 0.2811 0.7224 0.273 0.7017 0.2669 0.7253 0.273 0.7017 0.2811 0.7224 0.2841 0.6968 0.2937 0.7172 0.2841 0.6968 0.2811 0.7224 0.2373999 0.7048 0.2255 0.7048 0.2379 0.7266 0.2236 0.7266 0.2379 0.7266 0.2255 0.7048 0.2255 0.7048 0.2136 0.7046 0.2236 0.7266 0.2093 0.7261 0.2236 0.7266 0.2136 0.7046 0.2136 0.7046 0.2018 0.7034 0.2093 0.7261 0.1953999 0.7246 0.2093 0.7261 0.2018 0.7034 0.2018 0.7034 0.1902 0.6998 0.1953999 0.7246 0.1823 0.7212 0.1953999 0.7246 0.1902 0.6998 0.2372 0.7007 0.2373999 0.7048 0.2491 0.7005 0.2493 0.7048 0.2491 0.7005 0.2373999 0.7048 0.2493 0.7048 0.2612 0.7039 0.2491 0.7005 0.2608 0.6998 0.2491 0.7005 0.2612 0.7039 0.2612 0.7039 0.273 0.7017 0.2608 0.6998 0.2717 0.6978 0.2608 0.6998 0.273 0.7017 0.273 0.7017 0.2841 0.6968 0.2717 0.6978 0.2806 0.6935 0.2717 0.6978 0.2841 0.6968 0.2373999 0.7048 0.2372 0.7007 0.2255 0.7048 0.2254 0.7006 0.2255 0.7048 0.2372 0.7007 0.2255 0.7048 0.2254 0.7006 0.2136 0.7046 0.2136999 0.7003 0.2136 0.7046 0.2254 0.7006 0.2136 0.7046 0.2136999 0.7003 0.2018 0.7034 0.2027 0.6991 0.2018 0.7034 0.2136999 0.7003 0.2018 0.7034 0.2027 0.6991 0.1902 0.6998 0.1934 0.6961 0.1902 0.6998 0.2027 0.6991 0.437 0.7879 0.4375 0.7718 0.4136 0.7803 0.4158 0.7654 0.4136 0.7803 0.4375 0.7718 0.4375 0.7718 0.437 0.7879 0.4568 0.7765 0.4564 0.7897 0.4568 0.7765 0.437 0.7879 0.4564 0.7897 0.4747 0.7806 0.4568 0.7765 0.4745 0.7683 0.4568 0.7765 0.4747 0.7806 0.4747 0.7806 0.4959 0.7689 0.4745 0.7683 0.4956 0.7589 0.4745 0.7683 0.4959 0.7689 0.4136 0.7803 0.4158 0.7654 0.3924 0.7707 0.3956 0.7579 0.3924 0.7707 0.4158 0.7654 0.3924 0.7707 0.3956 0.7579 0.3765 0.7617 0.3776 0.7484 0.3765 0.7617 0.3956 0.7579 0.3765 0.7617 0.3776 0.7484 0.357 0.7552 0.3568 0.7425 0.357 0.7552 0.3776 0.7484 0.3568 0.7425 0.3367 0.7443 0.357 0.7552 0.3344 0.7543 0.357 0.7552 0.3367 0.7443 0.4568 0.7765 0.4745 0.7683 0.4649 0.6847 0.4568 0.7765 0.4649 0.6847 0.4375 0.7718 0.4447 0.6791 0.4375 0.7718 0.4649 0.6847 0.4375 0.7718 0.4447 0.6791 0.4158 0.7654 0.4249 0.671 0.4158 0.7654 0.4447 0.6791 0.4158 0.7654 0.4249 0.671 0.3956 0.7579 0.4849 0.683 0.4649 0.6847 0.4745 0.7683 0.4745 0.7683 0.4956 0.7589 0.4849 0.683 0.5066 0.6769 0.4849 0.683 0.4956 0.7589 0.3367 0.7443 0.3568 0.7425 0.3397 0.6619 0.3597304 0.6637762 0.3397 0.6619 0.3568 0.7425 0.34 0.6447 0.3397 0.6619 0.3597304 0.6637762 0.3610529 0.6399335 0.34 0.6447 0.3597304 0.6637762 0.3597304 0.6637762 0.381078 0.6647145 0.3610529 0.6399335 0.3597304 0.6637762 0.3568 0.7425 0.381078 0.6647145 0.3820294 0.6397122 0.3610529 0.6399335 0.381078 0.6647145 0.3820294 0.6397122 0.381078 0.6647145 0.4053025 0.6412548 0.4032935 0.6683922 0.4053025 0.6412548 0.381078 0.6647145 0.4264 0.6488 0.4032935 0.6683922 0.4249 0.671 0.4053025 0.6412548 0.4032935 0.6683922 0.4264 0.6488 0.4053025 0.6412548 0.406 0.6146 0.3820294 0.6397122 0.3822 0.6143 0.3820294 0.6397122 0.406 0.6146 0.4053025 0.6412548 0.4276 0.6261 0.406 0.6146 0.4276 0.6261 0.4053025 0.6412548 0.4264 0.6488 0.4278 0.6102 0.406 0.6146 0.4276 0.6261 0.381078 0.6647145 0.3776 0.7484 0.4032935 0.6683922 0.3776 0.7484 0.381078 0.6647145 0.3568 0.7425 0.3956 0.7579 0.4032935 0.6683922 0.3776 0.7484 0.4032935 0.6683922 0.3956 0.7579 0.4249 0.671 0.3401 0.6274 0.34 0.6447 0.3610529 0.6399335 0.406 0.6146 0.4018 0.5994 0.3822 0.6143 0.382 0.6022 0.3822 0.6143 0.4018 0.5994 0.382 0.6022 0.3606 0.6021 0.3822 0.6143 0.382 0.6022 0.3804 0.5679 0.3606 0.6021 0.382 0.6022 0.4018 0.5994 0.3804 0.5679 0.3588 0.5702 0.3606 0.6021 0.3804 0.5679 0.3606 0.6021 0.3588 0.5702 0.3396 0.6009 0.3342 0.5723 0.3396 0.6009 0.3588 0.5702 0.3588 0.5702 0.3538 0.5282 0.3342 0.5723 0.3276 0.529 0.3342 0.5723 0.3538 0.5282 0.3276 0.529 0.3538 0.5282 0.3271 0.5142 0.3552 0.5122 0.3271 0.5142 0.3538 0.5282 0.3538 0.5282 0.3781 0.5263 0.3552 0.5122 0.3538 0.5282 0.3588 0.5702 0.3781 0.5263 0.3804 0.5679 0.3781 0.5263 0.3588 0.5702 0.3775 0.5106 0.3552 0.5122 0.3781 0.5263 0.3775 0.5106 0.3781 0.5263 0.4 0.5093 0.4019 0.5243 0.4 0.5093 0.3781 0.5263 0.4 0.5093 0.4019 0.5243 0.427 0.5086 0.4277 0.5234 0.427 0.5086 0.4019 0.5243 0.427 0.5086 0.4277 0.5234 0.4552 0.5098 0.4538 0.5243 0.4552 0.5098 0.4277 0.5234 0.4552 0.5098 0.4538 0.5243 0.4767 0.5144 0.4741 0.528 0.4767 0.5144 0.4538 0.5243 0.4767 0.5144 0.4741 0.528 0.4972 0.5236 0.4938 0.5359 0.4972 0.5236 0.4741 0.528 0.4972 0.5236 0.4938 0.5359 0.5174 0.5391 0.5138 0.5455 0.5174 0.5391 0.4938 0.5359 0.4277 0.5234 0.4253 0.5663 0.4538 0.5243 0.4277 0.5234 0.4019 0.5243 0.4253 0.5663 0.4501 0.5677 0.4538 0.5243 0.4253 0.5663 0.4538 0.5243 0.4501 0.5677 0.4741 0.528 0.4702 0.572 0.4741 0.528 0.4501 0.5677 0.4741 0.528 0.4702 0.572 0.4938 0.5359 0.4501 0.5677 0.4497 0.5956 0.4702 0.572 0.4686 0.5989 0.4702 0.572 0.4497 0.5956 0.49 0.578 0.4938 0.5359 0.4702 0.572 0.4938 0.5359 0.49 0.578 0.5138 0.5455 0.4702 0.572 0.4686 0.5989 0.49 0.578 0.5128 0.5844 0.5138 0.5455 0.49 0.578 0.49 0.578 0.4877 0.6045 0.5128 0.5844 0.4877 0.6045 0.49 0.578 0.4686 0.5989 0.5106 0.611 0.5128 0.5844 0.4877 0.6045 0.4972 0.5236 0.5004 0.5121 0.4767 0.5144 0.4803 0.5018 0.4767 0.5144 0.5004 0.5121 0.5004 0.5121 0.4972 0.5236 0.5226 0.5345 0.5174 0.5391 0.5226 0.5345 0.4972 0.5236 0.5004 0.5121 0.5062 0.5008 0.4803 0.5018 0.4859 0.4917 0.4803 0.5018 0.5062 0.5008 0.5062 0.5008 0.5004 0.5121 0.5244 0.5161 0.5226 0.5345 0.5244 0.5161 0.5004 0.5121 0.5244 0.5161 0.5226 0.5345 0.5388 0.5322 0.4859 0.4917 0.4643 0.4842 0.4803 0.5018 0.4643 0.4842 0.4859 0.4917 0.4715 0.4715 0.4715 0.4715 0.4545 0.4625 0.4643 0.4842 0.4419 0.4777 0.4643 0.4842 0.4545 0.4625 0.4545 0.4625 0.436 0.4518 0.4419 0.4777 0.4197 0.4748 0.4419 0.4777 0.436 0.4518 0.436 0.4518 0.4545 0.4625 0.4507 0.4416 0.4629 0.4501 0.4507 0.4416 0.4545 0.4625 0.4545 0.4625 0.4715 0.4715 0.4629 0.4501 0.4507 0.4416 0.4629 0.4501 0.4579 0.4352 0.468 0.444 0.4579 0.4352 0.4629 0.4501 0.4906 0.4818 0.4715 0.4715 0.4859 0.4917 0.4643 0.4842 0.4419 0.4777 0.4602 0.4953 0.4602 0.4953 0.4803 0.5018 0.4643 0.4842 0.4602 0.4953 0.4552 0.5098 0.4803 0.5018 0.4602 0.4953 0.4257 0.4943 0.4552 0.5098 0.4257 0.4943 0.4602 0.4953 0.4419 0.4777 0.4257 0.4943 0.4419 0.4777 0.4197 0.4748 0.427 0.5086 0.4552 0.5098 0.4257 0.4943 0.4767 0.5144 0.4803 0.5018 0.4552 0.5098 0.427 0.5086 0.4257 0.4943 0.4 0.5093 0.398 0.4964 0.4 0.5093 0.4257 0.4943 0.4257 0.4943 0.4197 0.4748 0.398 0.4964 0.4 0.5093 0.398 0.4964 0.3775 0.5106 0.3766 0.4973 0.3775 0.5106 0.398 0.4964 0.3766 0.4973 0.3553 0.4981 0.3775 0.5106 0.3552 0.5122 0.3775 0.5106 0.3553 0.4981 0.3553 0.4981 0.3258 0.499 0.3552 0.5122 0.3271 0.5142 0.3552 0.5122 0.3258 0.499 0.3553 0.4981 0.354 0.48 0.3258 0.499 0.3281 0.4781 0.3258 0.499 0.354 0.48 0.3766 0.4973 0.3755 0.4797 0.3553 0.4981 0.354 0.48 0.3553 0.4981 0.3755 0.4797 0.3766 0.4973 0.398 0.4964 0.3755 0.4797 0.3952 0.4784 0.3755 0.4797 0.398 0.4964 0.3952 0.4784 0.398 0.4964 0.4197 0.4748 0.354 0.48 0.3544 0.4631 0.3281 0.4781 0.3302 0.4607 0.3281 0.4781 0.3544 0.4631 0.3755 0.4797 0.3747 0.4629 0.354 0.48 0.3544 0.4631 0.354 0.48 0.3747 0.4629 0.3755 0.4797 0.3952 0.4784 0.3747 0.4629 0.3928 0.4618 0.3747 0.4629 0.3952 0.4784 0.3952 0.4784 0.4197 0.4748 0.3928 0.4618 0.4154 0.4583 0.3928 0.4618 0.4197 0.4748 0.436 0.4518 0.4154 0.4583 0.4197 0.4748 0.8394 0.4643 0.8487 0.4835 0.8697 0.4597 0.8724 0.4839 0.8697 0.4597 0.8487 0.4835 0.8697 0.4597 0.8724 0.4839 0.8994 0.4594 0.8994 0.4865 0.8994 0.4594 0.8724 0.4839 0.8994 0.4865 0.926 0.4828 0.8994 0.4594 0.9276 0.4582 0.8994 0.4594 0.926 0.4828 0.926 0.4828 0.951 0.4767 0.9276 0.4582 0.9533 0.4564 0.9276 0.4582 0.951 0.4767 0.8394 0.4643 0.8697 0.4597 0.838 0.4359 0.8685 0.4354 0.838 0.4359 0.8697 0.4597 0.8685 0.4354 0.8697 0.4597 0.8982 0.4339 0.8994 0.4594 0.8982 0.4339 0.8697 0.4597 0.8982 0.4339 0.8994 0.4594 0.9276 0.4355 0.9276 0.4582 0.9276 0.4355 0.8994 0.4594 0.9276 0.4582 0.9533 0.4564 0.9276 0.4355 0.9541 0.4362 0.9276 0.4355 0.9533 0.4564 0.8685 0.4354 0.8669 0.4148 0.838 0.4359 0.8411 0.4156 0.838 0.4359 0.8669 0.4148 0.9276 0.4355 0.9268 0.4159 0.8982 0.4339 0.9276 0.4355 0.9541 0.4362 0.9268 0.4159 0.8964 0.4129 0.8982 0.4339 0.9268 0.4159 0.8982 0.4339 0.8964 0.4129 0.8685 0.4354 0.8669 0.4148 0.8685 0.4354 0.8964 0.4129 0.9529 0.4165 0.9268 0.4159 0.9541 0.4362 0.838 0.4359 0.8411 0.4156 0.8229 0.4325 0.8229 0.4325 0.8254 0.4619 0.838 0.4359 0.8394 0.4643 0.838 0.4359 0.8254 0.4619 0.8254 0.4619 0.8333 0.4883 0.8394 0.4643 0.8487 0.4835 0.8394 0.4643 0.8333 0.4883 0.8245 0.413 0.8229 0.4325 0.8411 0.4156 0.8669 0.4148 0.8635 0.4031 0.8411 0.4156 0.8324 0.4027 0.8411 0.4156 0.8635 0.4031 0.8964 0.4129 0.8962 0.4031 0.8669 0.4148 0.8635 0.4031 0.8669 0.4148 0.8962 0.4031 0.8964 0.4129 0.9268 0.4159 0.8962 0.4031 0.9297 0.4053 0.8962 0.4031 0.9268 0.4159 0.9268 0.4159 0.9529 0.4165 0.9297 0.4053 0.9614 0.4059 0.9297 0.4053 0.9529 0.4165 0.8424 0.4982 0.8705 0.4958 0.8487 0.4835 0.8724 0.4839 0.8487 0.4835 0.8705 0.4958 0.8724 0.4839 0.8705 0.4958 0.8994 0.4865 0.9021 0.496 0.8994 0.4865 0.8705 0.4958 0.8994 0.4865 0.9021 0.496 0.926 0.4828 0.9318 0.4907 0.926 0.4828 0.9021 0.496 0.926 0.4828 0.9318 0.4907 0.951 0.4767 0.9603 0.4851 0.951 0.4767 0.9318 0.4907 0.9646 0.4779 0.9682 0.4562 0.951 0.4767 0.9533 0.4564 0.951 0.4767 0.9682 0.4562 0.9533 0.4564 0.9682 0.4562 0.9541 0.4362 0.9683 0.4329 0.9541 0.4362 0.9682 0.4562 0.9541 0.4362 0.9683 0.4329 0.9529 0.4165 0.9667 0.4124 0.9529 0.4165 0.9683 0.4329 0.3804 0.5679 0.3998 0.5668 0.3781 0.5263 0.4019 0.5243 0.3781 0.5263 0.3998 0.5668 0.3998 0.5668 0.4253 0.5663 0.4019 0.5243 0.3998 0.5668 0.3804 0.5679 0.4018 0.5994 0.3998 0.5668 0.4018 0.5994 0.4253 0.5663 0.4253 0.5951 0.4253 0.5663 0.4018 0.5994 0.4253 0.5663 0.4253 0.5951 0.4501 0.5677 0.4497 0.5956 0.4501 0.5677 0.4253 0.5951 0.4253 0.5951 0.4278 0.6102 0.4497 0.5956 0.4493 0.6052 0.4497 0.5956 0.4278 0.6102 0.4497 0.5956 0.4493 0.6052 0.4686 0.5989 0.4681 0.6061 0.4686 0.5989 0.4493 0.6052 0.4686 0.5989 0.4681 0.6061 0.4877 0.6045 0.4879 0.6125 0.4877 0.6045 0.4681 0.6061 0.4877 0.6045 0.4879 0.6125 0.5106 0.611 0.51 0.6215 0.5106 0.611 0.4879 0.6125 0.4278 0.6102 0.4253 0.5951 0.406 0.6146 0.4018 0.5994 0.406 0.6146 0.4253 0.5951 0.549 0.5066 0.5456 0.4837 0.5281 0.4969 0.5311 0.4802 0.5281 0.4969 0.5456 0.4837 0.5456 0.4837 0.5456 0.4729 0.5311 0.4802 0.5324 0.4713 0.5311 0.4802 0.5456 0.4729 0.5281 0.4969 0.5244 0.5161 0.549 0.5066 0.5244 0.5161 0.5281 0.4969 0.5062 0.5008 0.5105 0.4893 0.5062 0.5008 0.5281 0.4969 0.5281 0.4969 0.5311 0.4802 0.5105 0.4893 0.5062 0.5008 0.5105 0.4893 0.4859 0.4917 0.4906 0.4818 0.4859 0.4917 0.5105 0.4893 0.5388 0.5322 0.549 0.5066 0.5244 0.5161 0.5105 0.4893 0.5142 0.4768 0.4906 0.4818 0.5142 0.4768 0.5105 0.4893 0.5311 0.4802 0.5311 0.4802 0.5324 0.4713 0.5142 0.4768 0.4958 0.4701 0.4906 0.4818 0.5142 0.4768 0.4906 0.4818 0.4958 0.4701 0.4715 0.4715 0.4776 0.4607 0.4715 0.4715 0.4958 0.4701 0.4776 0.4607 0.4629 0.4501 0.4715 0.4715 0.5456 0.4729 0.5448 0.4609 0.5324 0.4713 0.5326 0.4626 0.5324 0.4713 0.5448 0.4609 0.5448 0.4609 0.5341 0.4294 0.5326 0.4626 0.5272 0.4368 0.5326 0.4626 0.5341 0.4294 0.5341 0.4294 0.5031 0.4137 0.5272 0.4368 0.5016 0.4237 0.5272 0.4368 0.5031 0.4137 0.5016 0.4237 0.5031 0.4137 0.4738 0.4384 0.4668 0.4286 0.4738 0.4384 0.5031 0.4137 0.4738 0.4384 0.4853 0.446 0.5016 0.4237 0.5008 0.4316 0.5016 0.4237 0.4853 0.446 0.5008 0.4316 0.4853 0.446 0.5026 0.455 0.5326 0.4626 0.5272 0.4368 0.5202 0.4615 0.5204 0.4425 0.5202 0.4615 0.5272 0.4368 0.5026 0.455 0.5204 0.4425 0.5008 0.4316 0.5008 0.4316 0.5204 0.4425 0.5016 0.4237 0.5272 0.4368 0.5016 0.4237 0.5204 0.4425 0.5202 0.4615 0.5204 0.4425 0.5026 0.455 0.4853 0.446 0.4738 0.4384 0.4814 0.4531 0.468 0.444 0.4814 0.4531 0.4738 0.4384 0.4738 0.4384 0.4668 0.4286 0.468 0.444 0.4814 0.4531 0.4994 0.4624 0.4853 0.446 0.5026 0.455 0.4853 0.446 0.4994 0.4624 0.5026 0.455 0.4994 0.4624 0.5202 0.4615 0.5202 0.4615 0.5176 0.4691 0.5326 0.4626 0.5176 0.4691 0.5202 0.4615 0.4994 0.4624 0.5324 0.4713 0.5326 0.4626 0.5176 0.4691 0.4579 0.4352 0.468 0.444 0.4668 0.4286 0.4814 0.4531 0.468 0.444 0.4776 0.4607 0.4629 0.4501 0.4776 0.4607 0.468 0.444 0.4994 0.4624 0.4814 0.4531 0.4958 0.4701 0.4776 0.4607 0.4958 0.4701 0.4814 0.4531 0.5176 0.4691 0.5142 0.4768 0.5324 0.4713 0.4958 0.4701 0.5142 0.4768 0.4994 0.4624 0.5176 0.4691 0.4994 0.4624 0.5142 0.4768 0.8161 0.7632 0.8169 0.8191 0.8418 0.7724 0.8423 0.8102 0.8418 0.7724 0.8169 0.8191 0.8499 0.7901 0.8418 0.7724 0.8423 0.8102 0.8169 0.8191 0.8161 0.7632 0.7907 0.8196 0.7889 0.7558 0.7907 0.8196 0.8161 0.7632 0.7889 0.7558 0.7642 0.7525 0.7907 0.8196 0.7623 0.8265 0.7907 0.8196 0.7642 0.7525 0.7642 0.7525 0.7516 0.7532 0.7623 0.8265 0.7487 0.8261 0.7623 0.8265 0.7516 0.7532 0.7516 0.7532 0.7392 0.7558 0.7487 0.8261 0.7354 0.8238 0.7487 0.8261 0.7392 0.7558 0.7392 0.7558 0.7018 0.7747 0.7354 0.8238 0.7035 0.8092 0.7354 0.8238 0.7018 0.7747 0.3609 0.615 0.3606 0.6021 0.3414 0.6114 0.3396 0.6009 0.3414 0.6114 0.3606 0.6021 0.3609 0.615 0.3822 0.6143 0.3606 0.6021 0.3414 0.6114 0.3401 0.6274 0.3609 0.615 0.3610529 0.6399335 0.3609 0.615 0.3401 0.6274 0.3610529 0.6399335 0.3820294 0.6397122 0.3609 0.615 0.3822 0.6143 0.3609 0.615 0.3820294 0.6397122 0.5388 0.5322 0.5548 0.5282 0.549 0.5066 0.9408 0.6497 0.9302 0.648 0.9415 0.6522 0.9297 0.6568 0.9415 0.6522 0.9302 0.648 0.9297 0.6568 0.9302 0.648 0.9211 0.6555 0.9223 0.6468 0.9211 0.6555 0.9302 0.648 0.9211 0.6555 0.9223 0.6468 0.9109 0.6496 0.9122 0.6461 0.9109 0.6496 0.9223 0.6468 0.95 0.6521 0.9408 0.6497 0.9415 0.6522 0.9408 0.6497 0.9394 0.621 0.9302 0.648 0.9315 0.6209 0.9302 0.648 0.9394 0.621 0.9302 0.648 0.9315 0.6209 0.9223 0.6468 0.9243 0.6203 0.9223 0.6468 0.9315 0.6209 0.9122 0.6461 0.9223 0.6468 0.9175 0.6197 0.9243 0.6203 0.9175 0.6197 0.9223 0.6468 0.95 0.6521 0.947 0.6211 0.9408 0.6497 0.9394 0.621 0.9408 0.6497 0.947 0.6211 0.95 0.6521 0.9586 0.6507 0.947 0.6211 0.954 0.62 0.947 0.6211 0.9586 0.6507 0.9586 0.6507 0.9661 0.6444 0.954 0.62 0.9666 0.6481 0.9661 0.6444 0.9586 0.6507 0.9612 0.6186 0.954 0.62 0.9661 0.6444 0.9394 0.621 0.939 0.6163 0.9315 0.6209 0.9314 0.6158 0.9315 0.6209 0.939 0.6163 0.9314 0.6158 0.9255 0.6148 0.9315 0.6209 0.9243 0.6203 0.9315 0.6209 0.9255 0.6148 0.9255 0.6148 0.9184 0.6136 0.9243 0.6203 0.9175 0.6197 0.9243 0.6203 0.9184 0.6136 0.954 0.62 0.9612 0.6186 0.9538 0.6153 0.954 0.62 0.9538 0.6153 0.947 0.6211 0.9612 0.6148 0.9538 0.6153 0.9612 0.6186 0.9463 0.6162 0.947 0.6211 0.9538 0.6153 0.947 0.6211 0.9463 0.6162 0.9394 0.621 0.939 0.6163 0.9394 0.621 0.9463 0.6162 0.9314 0.6158 0.939 0.6163 0.9321 0.6115 0.9314 0.6158 0.9321 0.6115 0.9255 0.6148 0.9395 0.6117 0.9321 0.6115 0.939 0.6163 0.939 0.6163 0.9463 0.6162 0.9395 0.6117 0.9321 0.6115 0.9395 0.6117 0.9354 0.5952 0.9409 0.5952 0.9354 0.5952 0.9395 0.6117 0.9321 0.6115 0.9354 0.5952 0.9258 0.6098 0.9258 0.6098 0.9255 0.6148 0.9321 0.6115 0.9255 0.6148 0.9258 0.6098 0.9184 0.6136 0.9292 0.5933 0.9258 0.6098 0.9354 0.5952 0.9258 0.6098 0.9292 0.5933 0.9193 0.6073 0.9193 0.6073 0.9184 0.6136 0.9258 0.6098 0.9242 0.5905 0.9193 0.6073 0.9292 0.5933 0.9395 0.6117 0.9469 0.6118 0.9409 0.5952 0.9463 0.6162 0.9538 0.6153 0.9469 0.6118 0.9469 0.6118 0.9395 0.6117 0.9463 0.6162 0.9471 0.5965 0.9409 0.5952 0.9469 0.6118 0.9469 0.6118 0.9532 0.6113 0.9471 0.5965 0.9532 0.6113 0.9469 0.6118 0.9538 0.6153 0.9526 0.596 0.9471 0.5965 0.9532 0.6113 0.9526 0.596 0.9532 0.6113 0.959 0.5938 0.9607 0.6109 0.959 0.5938 0.9532 0.6113 0.9532 0.6113 0.9538 0.6153 0.9607 0.6109 0.9612 0.6148 0.9607 0.6109 0.9538 0.6153 0.9354 0.5952 0.9409 0.5952 0.9391 0.5787 0.9354 0.5952 0.9391 0.5787 0.9292 0.5933 0.9342 0.5775 0.9292 0.5933 0.9391 0.5787 0.9292 0.5933 0.9342 0.5775 0.9242 0.5905 0.9342 0.5775 0.9391 0.5787 0.9319 0.5752 0.9319 0.5752 0.9242 0.5905 0.9342 0.5775 0.9428 0.5779 0.9319 0.5752 0.9391 0.5787 0.9526 0.596 0.959 0.5938 0.9514 0.5798 0.9542 0.577 0.9514 0.5798 0.959 0.5938 0.9542 0.577 0.9428 0.5779 0.9514 0.5798 0.9456 0.5802 0.9514 0.5798 0.9428 0.5779 0.9514 0.5798 0.9456 0.5802 0.9526 0.596 0.9471 0.5965 0.9526 0.596 0.9456 0.5802 0.9471 0.5965 0.9456 0.5802 0.9409 0.5952 0.9428 0.5779 0.9409 0.5952 0.9456 0.5802 0.9428 0.5779 0.9391 0.5787 0.9409 0.5952 0.8936 0.6635 0.8911 0.6563 0.8826 0.663 0.8818 0.656 0.8826 0.663 0.8911 0.6563 0.8826 0.663 0.8818 0.656 0.8743 0.6627 0.8754 0.6555 0.8743 0.6627 0.8818 0.656 0.8743 0.6627 0.8754 0.6555 0.8641 0.6571 0.8655 0.654 0.8641 0.6571 0.8754 0.6555 0.8641 0.6571 0.8655 0.654 0.8562 0.6574 0.8818 0.656 0.8911 0.6563 0.8826 0.6296 0.8818 0.656 0.8826 0.6296 0.8754 0.6555 0.8902 0.6283 0.8826 0.6296 0.8911 0.6563 0.8757 0.6289 0.8754 0.6555 0.8826 0.6296 0.8754 0.6555 0.8757 0.6289 0.8655 0.654 0.8684 0.6271 0.8655 0.654 0.8757 0.6289 0.8562 0.6574 0.8655 0.654 0.8611 0.6263 0.8684 0.6271 0.8611 0.6263 0.8655 0.654 0.8611 0.6263 0.8537 0.6248 0.8562 0.6574 0.8481 0.6567 0.8562 0.6574 0.8537 0.6248 0.8481 0.6567 0.8537 0.6248 0.84 0.6503 0.8481 0.6567 0.84 0.6503 0.8399 0.6579 0.8467 0.6237 0.84 0.6503 0.8537 0.6248 0.8902 0.6283 0.8894 0.6229 0.8826 0.6296 0.8824 0.6231 0.8826 0.6296 0.8894 0.6229 0.8826 0.6296 0.8824 0.6231 0.8757 0.6289 0.8762 0.6231 0.8757 0.6289 0.8824 0.6231 0.8762 0.6231 0.8696 0.6226 0.8757 0.6289 0.8684 0.6271 0.8757 0.6289 0.8696 0.6226 0.8696 0.6226 0.8614 0.6222 0.8684 0.6271 0.8611 0.6263 0.8684 0.6271 0.8614 0.6222 0.8614 0.6222 0.8544 0.6214 0.8611 0.6263 0.8537 0.6248 0.8611 0.6263 0.8544 0.6214 0.8537 0.6248 0.8544 0.6214 0.8467 0.6237 0.8464 0.6197 0.8467 0.6237 0.8544 0.6214 0.8824 0.6231 0.8894 0.6229 0.8825 0.6174 0.8824 0.6231 0.8825 0.6174 0.8762 0.6231 0.8898 0.6165 0.8825 0.6174 0.8894 0.6229 0.8825 0.6174 0.8898 0.6165 0.8806 0.6033 0.8858 0.6016 0.8806 0.6033 0.8898 0.6165 0.8825 0.6174 0.8806 0.6033 0.8758 0.6174 0.8758 0.6174 0.8762 0.6231 0.8825 0.6174 0.8762 0.6231 0.8758 0.6174 0.8696 0.6226 0.8751 0.6035 0.8758 0.6174 0.8806 0.6033 0.8758 0.6174 0.8751 0.6035 0.8683 0.6175 0.8683 0.6175 0.8696 0.6226 0.8758 0.6174 0.8696 0.6226 0.8683 0.6175 0.8614 0.6222 0.8696 0.6033 0.8683 0.6175 0.8751 0.6035 0.8696 0.6033 0.8632 0.6031 0.8683 0.6175 0.8616 0.6183 0.8683 0.6175 0.8632 0.6031 0.8616 0.6183 0.8614 0.6222 0.8683 0.6175 0.8632 0.6031 0.8579 0.6022 0.8616 0.6183 0.8551 0.618 0.8616 0.6183 0.8579 0.6022 0.8616 0.6183 0.8551 0.618 0.8614 0.6222 0.8544 0.6214 0.8614 0.6222 0.8551 0.618 0.8551 0.618 0.8579 0.6022 0.8488 0.6156 0.8551 0.618 0.8488 0.6156 0.8544 0.6214 0.8464 0.6197 0.8544 0.6214 0.8488 0.6156 0.8522 0.6005 0.8488 0.6156 0.8579 0.6022 0.8806 0.6033 0.8858 0.6016 0.8779 0.5878 0.8806 0.6033 0.8779 0.5878 0.8751 0.6035 0.8809 0.5858 0.8779 0.5878 0.8858 0.6016 0.8809 0.5858 0.8702 0.5869 0.8779 0.5878 0.8731 0.5882 0.8779 0.5878 0.8702 0.5869 0.8731 0.5882 0.8751 0.6035 0.8779 0.5878 0.8696 0.6033 0.8751 0.6035 0.8702 0.5869 0.8731 0.5882 0.8702 0.5869 0.8751 0.6035 0.8632 0.6031 0.8696 0.6033 0.8667 0.5889 0.8702 0.5869 0.8667 0.5889 0.8696 0.6033 0.8667 0.5889 0.8612 0.5879 0.8632 0.6031 0.8579 0.6022 0.8632 0.6031 0.8612 0.5879 0.8579 0.6022 0.8612 0.5879 0.8522 0.6005 0.8612 0.5879 0.8667 0.5889 0.8594 0.5852 0.8594 0.5852 0.8522 0.6005 0.8612 0.5879 0.8702 0.5869 0.8594 0.5852 0.8667 0.5889 0.1544 0.2169 0.1475999 0.2177 0.1547999 0.2214 0.1481 0.2271 0.1547999 0.2214 0.1475999 0.2177 0.1481 0.2271 0.1475999 0.2177 0.1392 0.2256 0.1395 0.2177 0.1392 0.2256 0.1475999 0.2177 0.1392 0.2256 0.1395 0.2177 0.1328999 0.2225 0.1544 0.2169 0.1532 0.2006 0.1475999 0.2177 0.147 0.2007 0.1475999 0.2177 0.1532 0.2006 0.1475999 0.2177 0.147 0.2007 0.1395 0.2177 0.1406 0.2005 0.1395 0.2177 0.147 0.2007 0.1328999 0.2225 0.1395 0.2177 0.1342 0.2003999 0.1406 0.2005 0.1342 0.2003999 0.1395 0.2177 0.1342 0.2003999 0.1272 0.2008 0.1328999 0.2225 0.1254 0.2212 0.1328999 0.2225 0.1272 0.2008 0.1254 0.2212 0.1272 0.2008 0.1182 0.2184 0.1216 0.2001 0.1182 0.2184 0.1272 0.2008 0.1182 0.2184 0.1216 0.2001 0.111 0.2116 0.1182 0.2184 0.111 0.2116 0.1094 0.2159 0.1154 0.1967 0.111 0.2116 0.1216 0.2001 0.1532 0.2006 0.1525 0.1951 0.147 0.2007 0.1464 0.1962 0.147 0.2007 0.1525 0.1951 0.147 0.2007 0.1464 0.1962 0.1406 0.2005 0.1411 0.1965 0.1406 0.2005 0.1464 0.1962 0.1411 0.1965 0.135 0.1958 0.1406 0.2005 0.1342 0.2003999 0.1406 0.2005 0.135 0.1958 0.135 0.1958 0.1279 0.196 0.1342 0.2003999 0.1272 0.2008 0.1342 0.2003999 0.1279 0.196 0.1272 0.2008 0.1279 0.196 0.1216 0.2001 0.1218 0.1953 0.1216 0.2001 0.1279 0.196 0.1216 0.2001 0.1218 0.1953 0.1154 0.1967 0.1152999 0.1935999 0.1154 0.1967 0.1218 0.1953 0.1464 0.1962 0.1525 0.1951 0.1463 0.1915 0.1464 0.1962 0.1463 0.1915 0.1411 0.1965 0.1517 0.1901 0.1463 0.1915 0.1525 0.1951 0.1463 0.1915 0.1517 0.1901 0.1439999 0.1805 0.1486999 0.1788 0.1439999 0.1805 0.1517 0.1901 0.1463 0.1915 0.1439999 0.1805 0.1404 0.192 0.1404 0.192 0.1411 0.1965 0.1463 0.1915 0.1411 0.1965 0.1404 0.192 0.135 0.1958 0.1389 0.1815 0.1404 0.192 0.1439999 0.1805 0.1404 0.192 0.1389 0.1815 0.135 0.192 0.135 0.192 0.135 0.1958 0.1404 0.192 0.135 0.1958 0.135 0.192 0.1279 0.196 0.1345 0.1820999 0.135 0.192 0.1389 0.1815 0.135 0.192 0.1345 0.1820999 0.1281999 0.1914 0.1281999 0.1914 0.1279 0.196 0.135 0.192 0.1288 0.1825 0.1281999 0.1914 0.1345 0.1820999 0.1288 0.1825 0.1237 0.1816 0.1281999 0.1914 0.1226 0.1913 0.1281999 0.1914 0.1237 0.1816 0.1281999 0.1914 0.1226 0.1913 0.1279 0.196 0.1218 0.1953 0.1279 0.196 0.1226 0.1913 0.1237 0.1816 0.1188 0.1802 0.1226 0.1913 0.1159999 0.1909 0.1226 0.1913 0.1188 0.1802 0.1226 0.1913 0.1159999 0.1909 0.1218 0.1953 0.1152999 0.1935999 0.1218 0.1953 0.1159999 0.1909 0.1439999 0.1805 0.1486999 0.1788 0.141 0.1685 0.1436 0.1662999 0.141 0.1685 0.1486999 0.1788 0.1436 0.1662999 0.1339 0.169 0.141 0.1685 0.1366 0.1697 0.141 0.1685 0.1339 0.169 0.141 0.1685 0.1366 0.1697 0.1439999 0.1805 0.1389 0.1815 0.1439999 0.1805 0.1366 0.1697 0.1345 0.1820999 0.1389 0.1815 0.1339 0.169 0.1366 0.1697 0.1339 0.169 0.1389 0.1815 0.1288 0.1825 0.1345 0.1820999 0.1307 0.171 0.1288 0.1825 0.1307 0.171 0.1237 0.1816 0.1339 0.169 0.1307 0.171 0.1345 0.1820999 0.1253 0.1702 0.1237 0.1816 0.1307 0.171 0.1237 0.1816 0.1253 0.1702 0.1188 0.1802 0.1253 0.1702 0.1307 0.171 0.1238 0.1676999 0.1238 0.1676999 0.1188 0.1802 0.1253 0.1702 0.1339 0.169 0.1238 0.1676999 0.1307 0.171 0.7254 0.5874 0.7221 0.5787 0.7188 0.5865 0.7209 0.5782 0.7188 0.5865 0.7221 0.5787 0.7188 0.5865 0.722 0.5979 0.7254 0.5874 0.722 0.5979 0.7334 0.5972 0.7254 0.5874 0.7334 0.5972 0.722 0.5979 0.7315 0.6117 0.7315 0.6117 0.7404 0.612 0.7334 0.5972 0.742 0.5979 0.7334 0.5972 0.7404 0.612 0.7404 0.612 0.7483 0.6135 0.742 0.5979 0.7503 0.5989 0.742 0.5979 0.7483 0.6135 0.7503 0.5989 0.7483 0.6135 0.7601 0.6009 0.7587 0.6161 0.7601 0.6009 0.7483 0.6135 0.7218 0.6122 0.7315 0.6117 0.722 0.5979 0.722 0.5979 0.7079 0.5982 0.7218 0.6122 0.722 0.5979 0.7188 0.5865 0.7079 0.5982 0.7077 0.6133 0.7218 0.6122 0.7079 0.5982 0.7077 0.6133 0.7079 0.5982 0.6909 0.6086 0.6923 0.5992 0.6909 0.6086 0.7079 0.5982 0.7601 0.6009 0.7587 0.6161 0.7746 0.6043 0.771 0.62 0.7746 0.6043 0.7587 0.6161 0.7746 0.6043 0.771 0.62 0.7906 0.6094 0.7869 0.6257 0.7906 0.6094 0.771 0.62 0.7906 0.6094 0.7869 0.6257 0.8054 0.6143 0.8009 0.6315 0.8054 0.6143 0.7869 0.6257 0.7869 0.6257 0.7795 0.6469 0.8009 0.6315 0.795 0.6523 0.8009 0.6315 0.7795 0.6469 0.771 0.62 0.7652 0.6423 0.7869 0.6257 0.7795 0.6469 0.7869 0.6257 0.7652 0.6423 0.7795 0.6469 0.7652 0.6423 0.7705 0.664 0.7705 0.664 0.7817 0.6594 0.7795 0.6469 0.7817 0.6594 0.795 0.6523 0.7795 0.6469 0.7817 0.6594 0.7891 0.669 0.795 0.6523 0.7986 0.6663 0.795 0.6523 0.7891 0.669 0.7592 0.6597 0.7705 0.664 0.7652 0.6423 0.7592 0.6597 0.7652 0.6423 0.748 0.6561 0.7557 0.638 0.748 0.6561 0.7652 0.6423 0.7652 0.6423 0.771 0.62 0.7557 0.638 0.7587 0.6161 0.7557 0.638 0.771 0.62 0.7557 0.638 0.7587 0.6161 0.7477 0.6317 0.7467 0.6456 0.7557 0.638 0.7477 0.6317 0.7467 0.6456 0.748 0.6561 0.7557 0.638 0.7477 0.6317 0.7401 0.6309 0.7467 0.6456 0.7389 0.6462 0.7467 0.6456 0.7401 0.6309 0.7467 0.6456 0.7389 0.6462 0.748 0.6561 0.7389 0.6462 0.7401 0.6309 0.7297 0.644 0.7305 0.6297 0.7297 0.644 0.7401 0.6309 0.7305 0.6297 0.7219 0.6301 0.7297 0.644 0.7225 0.645 0.7297 0.644 0.7219 0.6301 0.7358 0.6549 0.748 0.6561 0.7389 0.6462 0.7389 0.6462 0.7297 0.644 0.7358 0.6549 0.7244 0.6542 0.7358 0.6549 0.7297 0.644 0.7225 0.645 0.7244 0.6542 0.7297 0.644 0.7225 0.645 0.7122 0.6469 0.7244 0.6542 0.7135 0.6556 0.7244 0.6542 0.7122 0.6469 0.7483 0.6135 0.7477 0.6317 0.7587 0.6161 0.7477 0.6317 0.7483 0.6135 0.7401 0.6309 0.7404 0.612 0.7401 0.6309 0.7483 0.6135 0.7401 0.6309 0.7404 0.612 0.7305 0.6297 0.7315 0.6117 0.7305 0.6297 0.7404 0.612 0.7219 0.6301 0.7305 0.6297 0.7218 0.6122 0.7315 0.6117 0.7218 0.6122 0.7305 0.6297 0.7218 0.6122 0.7077 0.6133 0.7219 0.6301 0.7106 0.631 0.7219 0.6301 0.7077 0.6133 0.7219 0.6301 0.7106 0.631 0.7225 0.645 0.7122 0.6469 0.7225 0.645 0.7106 0.631 0.7077 0.6133 0.7002 0.6203 0.7106 0.631 0.7077 0.6133 0.6909 0.6086 0.7002 0.6203 0.6898 0.6172 0.7002 0.6203 0.6909 0.6086 0.6898 0.6172 0.6901 0.6303 0.7002 0.6203 0.6901 0.6303 0.6898 0.6172 0.6781 0.6323 0.6744 0.6156 0.6781 0.6323 0.6898 0.6172 0.7026 0.6315 0.7002 0.6203 0.6901 0.6303 0.7026 0.6315 0.7106 0.631 0.7002 0.6203 0.7106 0.631 0.7026 0.6315 0.7122 0.6469 0.6901 0.6303 0.6885 0.6389 0.7026 0.6315 0.6781 0.6323 0.6885 0.6389 0.6901 0.6303 0.7042 0.6481 0.7026 0.6315 0.6885 0.6389 0.7135 0.6556 0.7042 0.6481 0.7025 0.6595 0.6975 0.6555 0.7025 0.6595 0.7042 0.6481 0.6781 0.6323 0.6723 0.6419 0.6885 0.6389 0.6862 0.6487 0.6885 0.6389 0.6723 0.6419 0.6885 0.6389 0.6862 0.6487 0.7042 0.6481 0.6975 0.6555 0.7042 0.6481 0.6862 0.6487 0.6975 0.6555 0.6862 0.6487 0.6877 0.6624 0.68 0.6564 0.6877 0.6624 0.6862 0.6487 0.6862 0.6487 0.6723 0.6419 0.68 0.6564 0.6676 0.6504 0.68 0.6564 0.6723 0.6419 0.6877 0.6624 0.6939 0.6677 0.6975 0.6555 0.7025 0.6595 0.6975 0.6555 0.6939 0.6677 0.6744 0.6156 0.6898 0.6172 0.6755 0.6082 0.6909 0.6086 0.6755 0.6082 0.6898 0.6172 0.6755 0.6082 0.6909 0.6086 0.6767 0.6004 0.6767 0.6004 0.6674 0.5984 0.6755 0.6082 0.6674 0.5984 0.6767 0.6004 0.6705 0.5875 0.6785 0.5894 0.6705 0.5875 0.6767 0.6004 0.6785 0.5894 0.6767 0.6004 0.6868 0.5882 0.6923 0.5992 0.6868 0.5882 0.6767 0.6004 0.6923 0.5992 0.6767 0.6004 0.6909 0.6086 0.695 0.5877 0.6868 0.5882 0.6923 0.5992 0.6923 0.5992 0.7079 0.5982 0.695 0.5877 0.7042 0.587 0.695 0.5877 0.7079 0.5982 0.6643 0.6061 0.6755 0.6082 0.6674 0.5984 0.6755 0.6082 0.6643 0.6061 0.6744 0.6156 0.6602 0.6145 0.6744 0.6156 0.6643 0.6061 0.695 0.5877 0.6909 0.58 0.6868 0.5882 0.6894 0.5804 0.6868 0.5882 0.6909 0.58 0.7103 0.5868 0.7042 0.587 0.7079 0.5982 0.7103 0.5868 0.7064 0.5784 0.7042 0.587 0.7056 0.5785 0.7042 0.587 0.7064 0.5784 0.7103 0.5868 0.7079 0.5982 0.7188 0.5865 0.7667 0.5836 0.7607 0.5728 0.7595 0.5817 0.7595 0.5725 0.7595 0.5817 0.7607 0.5728 0.7607 0.592 0.7667 0.5836 0.7595 0.5817 0.7607 0.592 0.7595 0.5817 0.7512 0.5915 0.7491 0.5819 0.7512 0.5915 0.7595 0.5817 0.7512 0.5915 0.7491 0.5819 0.7427 0.5902 0.7409 0.5837 0.7427 0.5902 0.7491 0.5819 0.7336 0.5882 0.7427 0.5902 0.7409 0.5837 0.7512 0.5915 0.7503 0.5989 0.7607 0.592 0.7601 0.6009 0.7607 0.592 0.7503 0.5989 0.7427 0.5902 0.742 0.5979 0.7512 0.5915 0.7503 0.5989 0.7512 0.5915 0.742 0.5979 0.7336 0.5882 0.7334 0.5972 0.7427 0.5902 0.742 0.5979 0.7427 0.5902 0.7334 0.5972 0.7336 0.5882 0.7254 0.5874 0.7334 0.5972 0.7607 0.592 0.7601 0.6009 0.7768 0.5954 0.7607 0.592 0.7768 0.5954 0.7667 0.5836 0.7746 0.6043 0.7768 0.5954 0.7601 0.6009 0.7768 0.5954 0.7746 0.6043 0.7931 0.6002 0.7931 0.6002 0.7925 0.5896 0.7768 0.5954 0.7832 0.5867 0.7768 0.5954 0.7925 0.5896 0.7931 0.6002 0.8005 0.594 0.7925 0.5896 0.7931 0.6002 0.8061 0.6047 0.8005 0.594 0.8089 0.5979 0.8005 0.594 0.8061 0.6047 0.8089 0.5979 0.8061 0.6047 0.8183 0.6047 0.7906 0.6094 0.7931 0.6002 0.7746 0.6043 0.7931 0.6002 0.7906 0.6094 0.8061 0.6047 0.8183 0.6047 0.8061 0.6047 0.8163 0.6165 0.8054 0.6143 0.8163 0.6165 0.8061 0.6047 0.8054 0.6143 0.8061 0.6047 0.7906 0.6094 0.8138 0.625 0.8163 0.6165 0.8054 0.6143 0.8138 0.625 0.8054 0.6143 0.8009 0.6315 0.8103 0.6338 0.8138 0.625 0.8009 0.6315 0.8103 0.6338 0.8009 0.6315 0.8089 0.6464 0.795 0.6523 0.8089 0.6464 0.8009 0.6315 0.8089 0.6464 0.795 0.6523 0.8112 0.6609 0.7986 0.6663 0.8112 0.6609 0.795 0.6523 0.7925 0.5896 0.8005 0.594 0.8029 0.5818 0.8043 0.5825 0.8029 0.5818 0.8005 0.594 0.7891 0.669 0.7817 0.6594 0.7811 0.6712 0.7705 0.664 0.7811 0.6712 0.7817 0.6594 0.7811 0.6712 0.7705 0.664 0.7784 0.6745 0.7682 0.6684 0.7784 0.6745 0.7705 0.664 0.7784 0.6745 0.7682 0.6684 0.7757 0.6783 0.7662 0.6727 0.7757 0.6783 0.7682 0.6684 0.7662 0.6727 0.7682 0.6684 0.7564 0.6687 0.7578 0.6642 0.7564 0.6687 0.7682 0.6684 0.7682 0.6684 0.7705 0.664 0.7578 0.6642 0.7564 0.6687 0.7578 0.6642 0.7464 0.6656 0.7471 0.6609 0.7464 0.6656 0.7578 0.6642 0.7464 0.6656 0.7471 0.6609 0.7361 0.6639 0.736 0.6594 0.7361 0.6639 0.7471 0.6609 0.7361 0.6639 0.736 0.6594 0.7259 0.6636 0.7252 0.6589 0.7259 0.6636 0.736 0.6594 0.7259 0.6636 0.7252 0.6589 0.7161 0.6648 0.7148 0.6602 0.7161 0.6648 0.7252 0.6589 0.7148 0.6602 0.7047 0.664 0.7161 0.6648 0.7067 0.6684 0.7161 0.6648 0.7047 0.664 0.7047 0.664 0.6961 0.6713 0.7067 0.6684 0.6984 0.6752 0.7067 0.6684 0.6961 0.6713 0.7578 0.6642 0.7592 0.6597 0.7471 0.6609 0.7592 0.6597 0.7578 0.6642 0.7705 0.664 0.748 0.6561 0.7471 0.6609 0.7592 0.6597 0.7471 0.6609 0.748 0.6561 0.736 0.6594 0.7358 0.6549 0.736 0.6594 0.748 0.6561 0.736 0.6594 0.7358 0.6549 0.7252 0.6589 0.7244 0.6542 0.7252 0.6589 0.7358 0.6549 0.7252 0.6589 0.7244 0.6542 0.7148 0.6602 0.7135 0.6556 0.7148 0.6602 0.7244 0.6542 0.7135 0.6556 0.7025 0.6595 0.7148 0.6602 0.7047 0.664 0.7148 0.6602 0.7025 0.6595 0.7025 0.6595 0.6939 0.6677 0.7047 0.664 0.6961 0.6713 0.7047 0.664 0.6939 0.6677 0.7042 0.6481 0.7135 0.6556 0.7122 0.6469 0.7042 0.6481 0.7122 0.6469 0.7026 0.6315 0.3818 0.2091 0.3843 0.2157 0.39 0.206 0.3952 0.2164 0.39 0.206 0.3843 0.2157 0.3818 0.2091 0.3706 0.211 0.3843 0.2157 0.3718 0.2183 0.3843 0.2157 0.3706 0.211 0.3718 0.2183 0.3735 0.2254 0.3843 0.2157 0.3874 0.2218 0.3843 0.2157 0.3735 0.2254 0.3843 0.2157 0.3874 0.2218 0.3952 0.2164 0.3718 0.2183 0.3615 0.2243 0.3735 0.2254 0.3615 0.2243 0.3718 0.2183 0.3627 0.2107 0.3706 0.211 0.3627 0.2107 0.3718 0.2183 0.3615 0.2243 0.3627 0.2107 0.3518 0.2174 0.3534 0.2095 0.3518 0.2174 0.3627 0.2107 0.3534 0.2095 0.3442 0.2056 0.3518 0.2174 0.3368 0.2148 0.3518 0.2174 0.3442 0.2056 0.3368 0.2148 0.3442 0.2056 0.3294 0.207 0.3395 0.2021 0.3294 0.207 0.3442 0.2056 0.3534 0.2095 0.3627 0.2107 0.357 0.1953 0.3636 0.1952 0.357 0.1953 0.3627 0.2107 0.3442 0.2056 0.3534 0.2095 0.3506 0.1934 0.357 0.1953 0.3506 0.1934 0.3534 0.2095 0.3395 0.2021 0.3442 0.2056 0.3456 0.1917 0.3506 0.1934 0.3456 0.1917 0.3442 0.2056 0.3706 0.211 0.3698 0.1958 0.3627 0.2107 0.3636 0.1952 0.3627 0.2107 0.3698 0.1958 0.3698 0.1958 0.3706 0.211 0.378 0.1957 0.3818 0.2091 0.378 0.1957 0.3706 0.211 0.378 0.1957 0.3818 0.2091 0.3848 0.1938 0.39 0.206 0.3848 0.1938 0.3818 0.2091 0.357 0.1953 0.3636 0.1952 0.3579 0.1903 0.3644 0.1899999 0.3579 0.1903 0.3636 0.1952 0.3636 0.1952 0.3698 0.1958 0.3644 0.1899999 0.3579 0.1903 0.3513 0.1893 0.357 0.1953 0.3506 0.1934 0.357 0.1953 0.3513 0.1893 0.3506 0.1934 0.3513 0.1893 0.3456 0.1917 0.3459 0.1883 0.3456 0.1917 0.3513 0.1893 0.3848 0.1938 0.3831 0.1891 0.378 0.1957 0.3764 0.1901 0.378 0.1957 0.3831 0.1891 0.378 0.1957 0.3764 0.1901 0.3698 0.1958 0.3701 0.1903 0.3698 0.1958 0.3764 0.1901 0.3701 0.1903 0.3644 0.1899999 0.3698 0.1958 0.3644 0.1899999 0.3645 0.1855 0.3579 0.1903 0.3578 0.1861 0.3579 0.1903 0.3645 0.1855 0.3578 0.1861 0.3645 0.1855 0.3584 0.175 0.3639 0.1735 0.3584 0.175 0.3645 0.1855 0.3584 0.175 0.3534 0.1748 0.3578 0.1861 0.352 0.1855 0.3578 0.1861 0.3534 0.1748 0.3578 0.1861 0.352 0.1855 0.3579 0.1903 0.3513 0.1893 0.3579 0.1903 0.352 0.1855 0.352 0.1855 0.3534 0.1748 0.3469 0.1842 0.352 0.1855 0.3469 0.1842 0.3513 0.1893 0.3459 0.1883 0.3513 0.1893 0.3469 0.1842 0.3491 0.1723999 0.3469 0.1842 0.3534 0.1748 0.3639 0.1735 0.3645 0.1855 0.3683 0.1741999 0.3691 0.1845999 0.3683 0.1741999 0.3645 0.1855 0.3701 0.1903 0.3691 0.1845999 0.3644 0.1899999 0.3645 0.1855 0.3644 0.1899999 0.3691 0.1845999 0.3683 0.1741999 0.3691 0.1845999 0.3739 0.1735 0.3758 0.1842 0.3739 0.1735 0.3691 0.1845999 0.3764 0.1901 0.3831 0.1891 0.3758 0.1842 0.3764 0.1901 0.3758 0.1842 0.3701 0.1903 0.3691 0.1845999 0.3701 0.1903 0.3758 0.1842 0.3758 0.1842 0.3822 0.1833 0.3739 0.1735 0.3822 0.1833 0.3758 0.1842 0.3831 0.1891 0.3797 0.1712 0.3739 0.1735 0.3822 0.1833 0.3584 0.175 0.3639 0.1735 0.361 0.1615999 0.3636 0.1583 0.361 0.1615999 0.3639 0.1735 0.3534 0.1748 0.3584 0.175 0.3573 0.1615 0.361 0.1615999 0.3573 0.1615 0.3584 0.175 0.3534 0.1748 0.3573 0.1615 0.3491 0.1723999 0.3573 0.1615 0.361 0.1615999 0.3561 0.1578 0.3561 0.1578 0.3491 0.1723999 0.3573 0.1615 0.3636 0.1583 0.3561 0.1578 0.361 0.1615999 0.3797 0.1712 0.3713 0.157 0.3739 0.1735 0.3692 0.159 0.3739 0.1735 0.3713 0.157 0.3739 0.1735 0.3692 0.159 0.3683 0.1741999 0.3713 0.157 0.3636 0.1583 0.3692 0.159 0.3659 0.1595 0.3692 0.159 0.3636 0.1583 0.3659 0.1595 0.3683 0.1741999 0.3692 0.159 0.3683 0.1741999 0.3659 0.1595 0.3639 0.1735 0.3636 0.1583 0.3639 0.1735 0.3659 0.1595 0.7763 0.5858 0.7832 0.5867 0.7811 0.5745 0.7819 0.5746 0.7811 0.5745 0.7832 0.5867 0.7768 0.5954 0.7832 0.5867 0.7763 0.5858 0.7763 0.5858 0.7667 0.5836 0.7768 0.5954 0.6173 0.5732 0.6073 0.5739 0.6186 0.5764 0.608 0.5825 0.6186 0.5764 0.6073 0.5739 0.608 0.5825 0.6073 0.5739 0.5986 0.5808 0.5998 0.5726 0.5986 0.5808 0.6073 0.5739 0.5986 0.5808 0.5998 0.5726 0.5878 0.5746 0.5891 0.5711 0.5878 0.5746 0.5998 0.5726 0.5878 0.5746 0.5891 0.5711 0.5794 0.5744 0.6173 0.5732 0.6136 0.5504 0.6073 0.5739 0.606 0.5507 0.6073 0.5739 0.6136 0.5504 0.6073 0.5739 0.606 0.5507 0.5998 0.5726 0.5986 0.5503 0.5998 0.5726 0.606 0.5507 0.5998 0.5726 0.5986 0.5503 0.5891 0.5711 0.591 0.5499 0.5891 0.5711 0.5986 0.5503 0.5794 0.5744 0.5891 0.5711 0.5832 0.5495 0.591 0.5499 0.5832 0.5495 0.5891 0.5711 0.6136 0.5504 0.6129 0.5444 0.606 0.5507 0.6054 0.5454 0.606 0.5507 0.6129 0.5444 0.606 0.5507 0.6054 0.5454 0.5986 0.5503 0.5992 0.5453 0.5986 0.5503 0.6054 0.5454 0.5992 0.5453 0.5913 0.5448 0.5986 0.5503 0.591 0.5499 0.5986 0.5503 0.5913 0.5448 0.5913 0.5448 0.5838 0.5446 0.591 0.5499 0.5832 0.5495 0.591 0.5499 0.5838 0.5446 0.6054 0.5454 0.6129 0.5444 0.6049 0.5408 0.6054 0.5454 0.6049 0.5408 0.5992 0.5453 0.6119 0.5384 0.6049 0.5408 0.6129 0.5444 0.6049 0.5408 0.6119 0.5384 0.6026 0.5265 0.6077 0.5239 0.6026 0.5265 0.6119 0.5384 0.6049 0.5408 0.6026 0.5265 0.5983 0.5409 0.5983 0.5409 0.5992 0.5453 0.6049 0.5408 0.5992 0.5453 0.5983 0.5409 0.5913 0.5448 0.5961 0.5272 0.5983 0.5409 0.6026 0.5265 0.5983 0.5409 0.5961 0.5272 0.591 0.54 0.591 0.54 0.5913 0.5448 0.5983 0.5409 0.5913 0.5448 0.591 0.54 0.5838 0.5446 0.5903 0.5262 0.591 0.54 0.5961 0.5272 0.591 0.54 0.5903 0.5262 0.5835 0.5402 0.5835 0.5402 0.5838 0.5446 0.591 0.54 0.5839 0.5276 0.5835 0.5402 0.5903 0.5262 0.5839 0.5276 0.5783 0.5283 0.5835 0.5402 0.5769 0.5409 0.5835 0.5402 0.5783 0.5283 0.5835 0.5402 0.5769 0.5409 0.5838 0.5446 0.5783 0.5283 0.5721 0.5264 0.5769 0.5409 0.5692 0.5404 0.5769 0.5409 0.5721 0.5264 0.5759 0.5448 0.5838 0.5446 0.5769 0.5409 0.5769 0.5409 0.5692 0.5404 0.5759 0.5448 0.5838 0.5446 0.5759 0.5448 0.5832 0.5495 0.5757 0.5494 0.5832 0.5495 0.5759 0.5448 0.5832 0.5495 0.5757 0.5494 0.5794 0.5744 0.5757 0.5494 0.5759 0.5448 0.5683 0.547 0.5683 0.547 0.5632 0.5683 0.5757 0.5494 0.5716 0.5739 0.5757 0.5494 0.5632 0.5683 0.5716 0.5739 0.5794 0.5744 0.5757 0.5494 0.5685 0.5437 0.5683 0.547 0.5759 0.5448 0.5685 0.5437 0.5759 0.5448 0.5692 0.5404 0.5783 0.5283 0.5839 0.5276 0.5803 0.5122 0.5783 0.5283 0.5803 0.5122 0.5721 0.5264 0.5862 0.5124 0.5803 0.5122 0.5839 0.5276 0.5803 0.5122 0.5862 0.5124 0.5781 0.5096 0.5781 0.5096 0.5721 0.5264 0.5803 0.5122 0.5894 0.5102 0.5781 0.5096 0.5862 0.5124 0.5628 0.5716 0.5716 0.5739 0.5632 0.5683 0.5894 0.5102 0.5862 0.5124 0.5903 0.5262 0.5839 0.5276 0.5903 0.5262 0.5862 0.5124 0.5894 0.5102 0.5903 0.5262 0.5927 0.5112 0.5961 0.5272 0.5927 0.5112 0.5903 0.5262 0.5927 0.5112 0.5961 0.5272 0.5976 0.5102 0.5927 0.5112 0.5976 0.5102 0.5894 0.5102 0.6004 0.5078 0.5894 0.5102 0.5976 0.5102 0.6004 0.5078 0.5976 0.5102 0.6077 0.5239 0.6026 0.5265 0.6077 0.5239 0.5976 0.5102 0.6026 0.5265 0.5976 0.5102 0.5961 0.5272 0.2820085 0.4525313 0.2904788 0.4796189 0.3053318 0.4596889 0.2890421 0.4482887 0.3053318 0.4596889 0.2904788 0.4796189 0.1792905 0.4487329 0.1787679 0.4802298 0.1629489 0.4601341 0.1762351 0.4482848 0.1629489 0.4601341 0.1787679 0.4802298 0.2624806 0.4806992 0.2344306 0.4811665 0.2608276 0.4448135 0.2341728 0.4454916 0.2608276 0.4448135 0.2344306 0.4811665 0.2608276 0.4448135 0.2890421 0.4482887 0.2624806 0.4806992 0.2904788 0.4796189 0.2624806 0.4806992 0.2890421 0.4482887 0.2344306 0.4811665 0.2063815 0.4809556 0.2341728 0.4454916 0.2075083 0.4450719 0.2341728 0.4454916 0.2063815 0.4809556 0.2063815 0.4809556 0.1787679 0.4802298 0.2075083 0.4450719 0.1792905 0.4487329 0.2075083 0.4450719 0.1787679 0.4802298 0.03689998 0.728 0.06329995 0.7308 0.03249996 0.7481 0.06209999 0.7525 0.03249996 0.7481 0.06329995 0.7308 0.0837 0.752 0.0837 0.7831 0.06209999 0.7525 0.06029999 0.783 0.06209999 0.7525 0.0837 0.7831 0.0837 0.7831 0.0837 0.8349 0.06029999 0.783 0.05789995 0.8347 0.06029999 0.783 0.0837 0.8349 0.06209999 0.7525 0.06329995 0.7308 0.0837 0.752 0.0837 0.7304 0.0837 0.752 0.06329995 0.7308 0.0837 0.7304 0.06329995 0.7308 0.0837 0.7051 0.0837 0.7304 0.0837 0.7051 0.104 0.7308 0.0837 0.7304 0.104 0.7308 0.0837 0.752 0.0837 0.7831 0.1071 0.7829 0.0837 0.8349 0.1095 0.8347 0.0837 0.8349 0.1071 0.7829 0.1095 0.8347 0.1089 0.8769 0.0837 0.8349 0.08359998 0.8768 0.0837 0.8349 0.1089 0.8769 0.08359998 0.8768 0.0582 0.8769 0.0837 0.8349 0.05789995 0.8347 0.0837 0.8349 0.0582 0.8769 0.0582 0.8769 0.08359998 0.8768 0.05959999 0.9205 0.0837 0.9205 0.05959999 0.9205 0.08359998 0.8768 0.05959999 0.9205 0.0837 0.9205 0.06119996 0.9486 0.0837 0.9486 0.06119996 0.9486 0.0837 0.9205 0.06119996 0.9486 0.0837 0.9486 0.0643 0.9653 0.0837 0.9653 0.0643 0.9653 0.0837 0.9486 0.1089 0.8769 0.1078 0.9205 0.08359998 0.8768 0.0837 0.9205 0.08359998 0.8768 0.1078 0.9205 0.0837 0.9653 0.0837 0.9486 0.1031 0.9653 0.1031 0.9653 0.1031 0.971 0.0837 0.9653 0.0837 0.971 0.0837 0.9653 0.1031 0.971 0.0837 0.9653 0.0837 0.971 0.0643 0.9653 0.1062 0.9486 0.1031 0.9653 0.0837 0.9486 0.1078 0.9205 0.1062 0.9486 0.0837 0.9205 0.0837 0.9486 0.0837 0.9205 0.1062 0.9486 0.0643 0.971 0.0643 0.9653 0.0837 0.971 0.1305 0.728 0.1349 0.7481 0.104 0.7308 0.1053 0.7525 0.104 0.7308 0.1349 0.7481 0.1349 0.7481 0.1405 0.779 0.1053 0.7525 0.1071 0.7829 0.1053 0.7525 0.1405 0.779 0.1405 0.779 0.1503 0.8222 0.1071 0.7829 0.1095 0.8347 0.1071 0.7829 0.1503 0.8222 0.1462 0.7785 0.1503 0.8222 0.1405 0.779 0.1405 0.779 0.1401 0.7509 0.1462 0.7785 0.1457999 0.7503 0.1462 0.7785 0.1401 0.7509 0.1401 0.7509 0.1413 0.733 0.1457999 0.7503 0.1471 0.7333 0.1457999 0.7503 0.1413 0.733 0.1071 0.7829 0.0837 0.7831 0.1053 0.7525 0.0837 0.752 0.1053 0.7525 0.0837 0.7831 0.1053 0.7525 0.0837 0.752 0.104 0.7308 0.06419998 0.705 0.0837 0.7051 0.06329995 0.7308 0.1032 0.705 0.104 0.7308 0.0837 0.7051 0.05789995 0.8347 0.01709997 0.8222 0.06029999 0.783 0.02689999 0.779 0.06029999 0.783 0.01709997 0.8222 0.0212 0.7785 0.02689999 0.779 0.01709997 0.8222 0.06029999 0.783 0.02689999 0.779 0.06209999 0.7525 0.03249996 0.7481 0.06209999 0.7525 0.02689999 0.779 0.02689999 0.779 0.0212 0.7785 0.0273 0.7509 0.02149999 0.7503 0.0273 0.7509 0.0212 0.7785 0.0273 0.7509 0.02149999 0.7503 0.02609997 0.7331 0.02029997 0.7333 0.02609997 0.7331 0.02149999 0.7503 0.03009998 0.9692 0.03009998 0.9496 0.0496 0.969 0.05259996 0.9495 0.0496 0.969 0.03009998 0.9496 0.03009998 0.9496 0.03009998 0.9199 0.05259996 0.9495 0.05419999 0.9199 0.05259996 0.9495 0.03009998 0.9199 0.03009998 0.9692 0.01059997 0.969 0.03009998 0.9496 0.007599949 0.9495 0.03009998 0.9496 0.01059997 0.969 0.03009998 0.9496 0.007599949 0.9495 0.03009998 0.9199 0.005999982 0.9199 0.03009998 0.9199 0.007599949 0.9495 0.005999982 0.9199 0.007599949 0.8917 0.03009998 0.9199 0.03009998 0.8917 0.03009998 0.9199 0.007599949 0.8917 0.007599949 0.8917 0.01069998 0.8741 0.03009998 0.8917 0.03009998 0.8741 0.03009998 0.8917 0.01069998 0.8741 0.03009998 0.8741 0.04949998 0.8741 0.03009998 0.8917 0.05259996 0.8917 0.03009998 0.8917 0.04949998 0.8741 0.05419999 0.9199 0.03009998 0.9199 0.05259996 0.8917 0.03009998 0.8917 0.05259996 0.8917 0.03009998 0.9199 0.6861 0.5368 0.6947 0.5155 0.7181 0.5381 0.7179 0.5159 0.7181 0.5381 0.6947 0.5155 0.7179 0.5159 0.6947 0.5155 0.7178 0.512 0.6943 0.5118 0.7178 0.512 0.6947 0.5155 0.7179 0.5159 0.7497 0.5168 0.7181 0.5381 0.7503 0.5388 0.7181 0.5381 0.7497 0.5168 0.7178 0.512 0.7493 0.513 0.7179 0.5159 0.7497 0.5168 0.7179 0.5159 0.7493 0.513 0.7503 0.5388 0.7499 0.5422 0.7181 0.5381 0.7178 0.5418 0.7181 0.5381 0.7499 0.5422 0.7181 0.5381 0.7178 0.5418 0.6861 0.5368 0.7499 0.5422 0.7491 0.5641 0.7178 0.5418 0.7162 0.564 0.7178 0.5418 0.7491 0.5641 0.7503 0.5388 0.7497 0.5168 0.7744 0.5382 0.7732 0.5164 0.7744 0.5382 0.7497 0.5168 0.7493 0.513 0.7731 0.5126 0.7497 0.5168 0.7732 0.5164 0.7497 0.5168 0.7731 0.5126 0.7499 0.5422 0.7742 0.5422 0.7491 0.5641 0.7499 0.5422 0.7503 0.5388 0.7742 0.5422 0.7744 0.5382 0.7742 0.5422 0.7503 0.5388 0.7739 0.564 0.7491 0.5641 0.7742 0.5422 0.7732 0.5164 0.7914 0.5165 0.7744 0.5382 0.7935 0.538 0.7744 0.5382 0.7914 0.5165 0.7731 0.5126 0.7906 0.513 0.7732 0.5164 0.7914 0.5165 0.7732 0.5164 0.7906 0.513 0.7739 0.564 0.7742 0.5422 0.7914 0.563 0.7927 0.5414 0.7914 0.563 0.7742 0.5422 0.7742 0.5422 0.7744 0.5382 0.7927 0.5414 0.7935 0.538 0.7927 0.5414 0.7744 0.5382 0.7914 0.5165 0.8149 0.5157 0.7935 0.538 0.7914 0.5165 0.7906 0.513 0.8149 0.5157 0.8153 0.5374 0.7935 0.538 0.8149 0.5157 0.7935 0.538 0.8153 0.5374 0.7927 0.5414 0.8153 0.5374 0.8149 0.5157 0.835 0.5371 0.8366 0.5157 0.835 0.5371 0.8149 0.5157 0.835 0.5371 0.8366 0.5157 0.8527 0.5369 0.8532 0.515 0.8527 0.5369 0.8366 0.5157 0.8532 0.515 0.8768 0.5144 0.8527 0.5369 0.8768 0.5366 0.8527 0.5369 0.8768 0.5144 0.8768 0.5366 0.8768 0.5144 0.909 0.535 0.9085 0.5128 0.909 0.535 0.8768 0.5144 0.9085 0.5128 0.9329 0.511 0.909 0.535 0.9399 0.5323 0.909 0.535 0.9329 0.511 0.9085 0.5128 0.9081 0.509 0.9329 0.511 0.9085 0.5128 0.8768 0.5144 0.9081 0.509 0.9325 0.5072 0.9329 0.511 0.9081 0.509 0.909 0.535 0.9399 0.5323 0.9091 0.5384 0.9403 0.5356 0.9091 0.5384 0.9399 0.5323 0.9403 0.5356 0.9376 0.5579 0.9091 0.5384 0.9117 0.5605 0.9091 0.5384 0.9376 0.5579 0.8767 0.5106 0.9081 0.509 0.8768 0.5144 0.9117 0.5605 0.8787 0.5621 0.9091 0.5384 0.8771 0.5401 0.9091 0.5384 0.8787 0.5621 0.9091 0.5384 0.8771 0.5401 0.909 0.535 0.8768 0.5366 0.909 0.535 0.8771 0.5401 0.8767 0.5106 0.8768 0.5144 0.853 0.5112 0.8532 0.515 0.853 0.5112 0.8768 0.5144 0.8771 0.5401 0.8787 0.5621 0.8529 0.541 0.854 0.5628 0.8529 0.541 0.8787 0.5621 0.8771 0.5401 0.8529 0.541 0.8768 0.5366 0.8527 0.5369 0.8768 0.5366 0.8529 0.541 0.853 0.5112 0.8532 0.515 0.8364 0.5119 0.8366 0.5157 0.8364 0.5119 0.8532 0.515 0.854 0.5628 0.8374 0.5624 0.8529 0.541 0.8352 0.5408 0.8529 0.541 0.8374 0.5624 0.8529 0.541 0.8352 0.5408 0.8527 0.5369 0.835 0.5371 0.8527 0.5369 0.8352 0.5408 0.8366 0.5157 0.8149 0.5157 0.8364 0.5119 0.8147 0.5118 0.8364 0.5119 0.8149 0.5157 0.8374 0.5624 0.8155 0.5629 0.8352 0.5408 0.8152 0.5413 0.8352 0.5408 0.8155 0.5629 0.835 0.5371 0.8352 0.5408 0.8153 0.5374 0.8152 0.5413 0.8153 0.5374 0.8352 0.5408 0.8147 0.5118 0.8149 0.5157 0.7906 0.513 0.8152 0.5413 0.8155 0.5629 0.7927 0.5414 0.8152 0.5413 0.7927 0.5414 0.8153 0.5374 0.7914 0.563 0.7927 0.5414 0.8155 0.5629 0.6917 0.5623 0.669 0.5601 0.6855 0.5401 0.6487 0.5385 0.6855 0.5401 0.669 0.5601 0.6487 0.5385 0.6493 0.5336 0.6855 0.5401 0.6861 0.5368 0.6855 0.5401 0.6493 0.5336 0.6493 0.5336 0.6724 0.5148 0.6861 0.5368 0.6947 0.5155 0.6861 0.5368 0.6724 0.5148 0.6947 0.5155 0.6724 0.5148 0.6943 0.5118 0.672 0.511 0.6943 0.5118 0.6724 0.5148 0.6855 0.5401 0.7178 0.5418 0.6917 0.5623 0.6855 0.5401 0.6861 0.5368 0.7178 0.5418 0.7162 0.564 0.6917 0.5623 0.7178 0.5418 0.9329 0.511 0.9499 0.5082 0.9399 0.5323 0.9743 0.5277 0.9399 0.5323 0.9499 0.5082 0.9329 0.511 0.9325 0.5072 0.9499 0.5082 0.9493 0.5044 0.9499 0.5082 0.9325 0.5072 0.9399 0.5323 0.9743 0.5277 0.9403 0.5356 0.9748 0.533 0.9403 0.5356 0.9743 0.5277 0.9748 0.533 0.9553 0.5571 0.9403 0.5356 0.9376 0.5579 0.9403 0.5356 0.9553 0.5571 0.9258 0.3106 0.9736 0.3067 0.9246 0.3226 0.9708 0.3354 0.9246 0.3226 0.9736 0.3067 0.9708 0.3354 0.9583 0.3615 0.9246 0.3226 0.9194 0.3334 0.9246 0.3226 0.9583 0.3615 0.9194 0.3334 0.9583 0.3615 0.9108 0.3418 0.9375 0.3816 0.9108 0.3418 0.9583 0.3615 0.9108 0.3418 0.9375 0.3816 0.8998 0.3466 0.9111 0.3932 0.8998 0.3466 0.9375 0.3816 0.9111 0.3932 0.8822 0.395 0.8998 0.3466 0.8878 0.3473 0.8998 0.3466 0.8822 0.395 0.9258 0.3106 0.9227 0.299 0.9736 0.3067 0.9661 0.2787 0.9736 0.3067 0.9227 0.299 0.9661 0.2787 0.9227 0.299 0.9495 0.2551 0.9158 0.2891 0.9495 0.2551 0.9227 0.299 0.9495 0.2551 0.9158 0.2891 0.9257 0.2387 0.9059 0.2823 0.9257 0.2387 0.9158 0.2891 0.9059 0.2823 0.8942 0.2794 0.9257 0.2387 0.8977 0.2315 0.9257 0.2387 0.8942 0.2794 0.8942 0.2794 0.8823 0.2806 0.8977 0.2315 0.8689 0.2345 0.8977 0.2315 0.8823 0.2806 0.4654 0.3283 0.4654 0.3133 0.4951 0.3283 0.4951 0.3132 0.4951 0.3283 0.4654 0.3133 0.4951 0.3132 0.4654 0.3133 0.4952 0.2981 0.4656 0.2987 0.4952 0.2981 0.4654 0.3133 0.4656 0.2987 0.4655 0.2848 0.4952 0.2981 0.4952 0.2831 0.4952 0.2981 0.4655 0.2848 0.4952 0.2831 0.4655 0.2848 0.4947 0.2685 0.4649 0.2715 0.4947 0.2685 0.4655 0.2848 0.4649 0.2715 0.4636 0.2583 0.4947 0.2685 0.4931 0.2549 0.4947 0.2685 0.4636 0.2583 0.4654 0.3283 0.4951 0.3283 0.4654 0.3434 0.4951 0.3435 0.4654 0.3434 0.4951 0.3283 0.4951 0.3435 0.4952 0.3586 0.4654 0.3434 0.4656 0.358 0.4654 0.3434 0.4952 0.3586 0.4952 0.3586 0.4952 0.3736 0.4656 0.358 0.4655 0.3719 0.4656 0.358 0.4952 0.3736 0.4952 0.3736 0.4947 0.3881 0.4655 0.3719 0.4649 0.3852 0.4655 0.3719 0.4947 0.3881 0.4649 0.3852 0.4947 0.3881 0.4636 0.3983 0.4931 0.4018 0.4636 0.3983 0.4947 0.3881 0.5004 0.3129 0.5004 0.3283 0.4951 0.3132 0.4951 0.3283 0.4951 0.3132 0.5004 0.3283 0.4951 0.3132 0.4952 0.2981 0.5004 0.3129 0.5004 0.2976 0.5004 0.3129 0.4952 0.2981 0.4952 0.2981 0.4952 0.2831 0.5004 0.2976 0.5006 0.2825 0.5004 0.2976 0.4952 0.2831 0.4952 0.2831 0.4947 0.2685 0.5006 0.2825 0.5005 0.2674 0.5006 0.2825 0.4947 0.2685 0.4947 0.2685 0.4931 0.2549 0.5005 0.2674 0.4985 0.2521 0.5005 0.2674 0.4931 0.2549 0.4951 0.3283 0.5004 0.3283 0.4951 0.3435 0.5004 0.3438 0.4951 0.3435 0.5004 0.3283 0.5004 0.3438 0.5004 0.3591 0.4951 0.3435 0.4952 0.3586 0.4951 0.3435 0.5004 0.3591 0.5004 0.3591 0.5006 0.3742 0.4952 0.3586 0.4952 0.3736 0.4952 0.3586 0.5006 0.3742 0.5006 0.3742 0.5005 0.3893 0.4952 0.3736 0.4947 0.3881 0.4952 0.3736 0.5005 0.3893 0.4947 0.3881 0.5005 0.3893 0.4931 0.4018 0.4985 0.4046 0.4931 0.4018 0.5005 0.3893 0.5005 0.2674 0.5198 0.2635 0.5006 0.2825 0.5195 0.2802 0.5006 0.2825 0.5198 0.2635 0.5198 0.2635 0.5005 0.2674 0.5189 0.2477999 0.4985 0.2521 0.5189 0.2477999 0.5005 0.2674 0.4985 0.4046 0.5005 0.3893 0.5189 0.4089 0.5198 0.3932 0.5189 0.4089 0.5005 0.3893 0.5198 0.3932 0.5005 0.3893 0.5195 0.3765 0.5006 0.3742 0.5195 0.3765 0.5005 0.3893 0.5195 0.3765 0.5006 0.3742 0.5191 0.3593 0.5004 0.3591 0.5191 0.3593 0.5006 0.3742 0.5004 0.3591 0.5004 0.3438 0.5191 0.3593 0.5192 0.3431 0.5191 0.3593 0.5004 0.3438 0.5195 0.2802 0.5198 0.2635 0.5563 0.2789 0.5563 0.2789 0.5555 0.2974 0.5195 0.2802 0.5555 0.2974 0.5563 0.2789 0.5875 0.2991 0.5555 0.2974 0.5875 0.2991 0.5553 0.314 0.5868 0.3149 0.5553 0.314 0.5875 0.2991 0.5875 0.2991 0.6042 0.3005 0.5868 0.3149 0.6031 0.3154 0.5868 0.3149 0.6042 0.3005 0.5868 0.3149 0.6031 0.3154 0.5864 0.3283 0.5868 0.3149 0.5864 0.3283 0.5553 0.314 0.6025 0.3283 0.5864 0.3283 0.6031 0.3154 0.6042 0.3005 0.5875 0.2991 0.6046 0.2846 0.5883 0.2814 0.6046 0.2846 0.5875 0.2991 0.5883 0.2814 0.5875 0.2991 0.5563 0.2789 0.5883 0.2814 0.5898 0.2644 0.6046 0.2846 0.6058 0.2698 0.6046 0.2846 0.5898 0.2644 0.6058 0.2698 0.5898 0.2644 0.6109 0.2578 0.593 0.2491 0.6109 0.2578 0.5898 0.2644 0.6025 0.3283 0.6031 0.3413 0.5864 0.3283 0.5868 0.3418 0.5864 0.3283 0.6031 0.3413 0.5868 0.3418 0.6031 0.3413 0.5875 0.3576 0.6042 0.3562 0.5875 0.3576 0.6031 0.3413 0.6042 0.3562 0.6046 0.3721 0.5875 0.3576 0.5882 0.3753 0.5875 0.3576 0.6046 0.3721 0.6046 0.3721 0.6058 0.3869 0.5882 0.3753 0.5897 0.3923 0.5882 0.3753 0.6058 0.3869 0.5897 0.3923 0.6058 0.3869 0.593 0.4076 0.6109 0.3989 0.593 0.4076 0.6058 0.3869 0.6046 0.2846 0.6058 0.2698 0.6166 0.2882 0.6166 0.2882 0.6164 0.3001 0.6046 0.2846 0.6042 0.3005 0.6046 0.2846 0.6164 0.3001 0.6164 0.3001 0.6161 0.3147 0.6042 0.3005 0.6031 0.3154 0.6042 0.3005 0.6161 0.3147 0.6161 0.3147 0.616 0.3284 0.6031 0.3154 0.6025 0.3283 0.6031 0.3154 0.616 0.3284 0.6109 0.3989 0.6058 0.3869 0.621 0.3871 0.6176 0.3801 0.621 0.3871 0.6058 0.3869 0.6046 0.3721 0.6166 0.3692 0.6058 0.3869 0.6176 0.3801 0.6058 0.3869 0.6166 0.3692 0.6046 0.3721 0.6042 0.3562 0.6166 0.3692 0.6164 0.356 0.6166 0.3692 0.6042 0.3562 0.6164 0.356 0.6042 0.3562 0.6161 0.342 0.6031 0.3413 0.6161 0.342 0.6042 0.3562 0.6025 0.3283 0.616 0.3284 0.6031 0.3413 0.6161 0.342 0.6031 0.3413 0.616 0.3284 0.6166 0.2882 0.6218 0.2803 0.6164 0.3001 0.6212 0.3081 0.6164 0.3001 0.6218 0.2803 0.6218 0.2803 0.6299 0.2772 0.6212 0.3081 0.6293 0.3115 0.6212 0.3081 0.6299 0.2772 0.6293 0.3115 0.6299 0.2772 0.6375 0.3084 0.638 0.2806 0.6375 0.3084 0.6299 0.2772 0.6375 0.3084 0.638 0.2806 0.6426 0.2999 0.6428 0.2893 0.6426 0.2999 0.638 0.2806 0.6176 0.2766 0.6166 0.2882 0.6058 0.2698 0.6058 0.2698 0.6109 0.2578 0.6176 0.2766 0.6211 0.2696 0.6176 0.2766 0.6109 0.2578 0.5004 0.3283 0.5004 0.3129 0.5193 0.3283 0.5192 0.3136 0.5193 0.3283 0.5004 0.3129 0.5192 0.3136 0.5004 0.3129 0.5191 0.2974 0.5004 0.2976 0.5191 0.2974 0.5004 0.3129 0.5004 0.2976 0.5006 0.2825 0.5191 0.2974 0.5195 0.2802 0.5191 0.2974 0.5006 0.2825 0.5004 0.3283 0.5193 0.3283 0.5004 0.3438 0.5192 0.3431 0.5004 0.3438 0.5193 0.3283 0.5193 0.3283 0.5192 0.3136 0.5552 0.3283 0.5193 0.3283 0.5552 0.3283 0.5192 0.3431 0.5553 0.314 0.5552 0.3283 0.5192 0.3136 0.5192 0.3136 0.5191 0.2974 0.5553 0.314 0.5552 0.3283 0.5553 0.314 0.5864 0.3283 0.5552 0.3283 0.5864 0.3283 0.5553 0.3427 0.5553 0.3427 0.5192 0.3431 0.5552 0.3283 0.5868 0.3418 0.5553 0.3427 0.5864 0.3283 0.5553 0.3427 0.5868 0.3418 0.5555 0.3593 0.5875 0.3576 0.5555 0.3593 0.5868 0.3418 0.5555 0.3593 0.5875 0.3576 0.5563 0.3778 0.5882 0.3753 0.5563 0.3778 0.5875 0.3576 0.5882 0.3753 0.5897 0.3923 0.5563 0.3778 0.5572 0.3956 0.5563 0.3778 0.5897 0.3923 0.5572 0.3956 0.5897 0.3923 0.5579 0.4115 0.593 0.4076 0.5579 0.4115 0.5897 0.3923 0.5579 0.4115 0.5189 0.4089 0.5572 0.3956 0.5198 0.3932 0.5572 0.3956 0.5189 0.4089 0.5198 0.3932 0.5195 0.3765 0.5572 0.3956 0.5563 0.3778 0.5572 0.3956 0.5195 0.3765 0.5195 0.3765 0.5191 0.3593 0.5563 0.3778 0.5555 0.3593 0.5563 0.3778 0.5191 0.3593 0.5555 0.3593 0.5191 0.3593 0.5553 0.3427 0.5192 0.3431 0.5553 0.3427 0.5191 0.3593 0.5898 0.2644 0.5883 0.2814 0.5572 0.2611 0.5563 0.2789 0.5572 0.2611 0.5883 0.2814 0.5572 0.2611 0.5579 0.2452 0.5898 0.2644 0.593 0.2491 0.5898 0.2644 0.5579 0.2452 0.5572 0.2611 0.5563 0.2789 0.5198 0.2635 0.5572 0.2611 0.5198 0.2635 0.5579 0.2452 0.5189 0.2477999 0.5579 0.2452 0.5198 0.2635 0.5555 0.2974 0.5553 0.314 0.5191 0.2974 0.5191 0.2974 0.5195 0.2802 0.5555 0.2974 0.8458 0.2979 0.8458 0.3499 0.8306 0.2979 0.8306 0.3499 0.8306 0.2979 0.8458 0.3499 0.8306 0.3499 0.8154 0.3499 0.8306 0.2979 0.8154 0.2979 0.8306 0.2979 0.8154 0.3499 0.8154 0.2979 0.8154 0.3499 0.8001 0.2979 0.8001 0.3499 0.8001 0.2979 0.8154 0.3499 0.8001 0.2979 0.8001 0.3499 0.7849 0.2979 0.7849 0.3499 0.7849 0.2979 0.8001 0.3499 0.7849 0.3499 0.7697 0.3499 0.7849 0.2979 0.7697 0.2979 0.7849 0.2979 0.7697 0.3499 0.7697 0.2979 0.7697 0.3499 0.7544 0.2979 0.7544 0.3499 0.7544 0.2979 0.7697 0.3499 0.8458 0.3499 0.8458 0.2979 0.8611 0.3499 0.8611 0.2979 0.8611 0.3499 0.8458 0.2979 0.8611 0.2979 0.8763 0.2979 0.8611 0.3499 0.8763 0.3499 0.8611 0.3499 0.8763 0.2979 0.8001 0.2611 0.8154 0.2611 0.8154 0.2979 0.8261 0.2871 0.8154 0.2979 0.8154 0.2611 0.8154 0.2979 0.8001 0.2979 0.8001 0.2611 0.7893 0.2719 0.8001 0.2611 0.8001 0.2979 0.8261 0.2719 0.8261 0.2871 0.8154 0.2611 0.7893 0.2871 0.7893 0.2719 0.8001 0.2979 0.8213 0.3739 0.8213 0.3627 0.8261 0.3759 0.8261 0.3607 0.8261 0.3759 0.8213 0.3627 0.8213 0.3627 0.8133 0.3547 0.8261 0.3607 0.8154 0.3499 0.8261 0.3607 0.8133 0.3547 0.8133 0.3547 0.8021 0.3547 0.8154 0.3499 0.8001 0.3499 0.8154 0.3499 0.8021 0.3547 0.8001 0.3499 0.8021 0.3547 0.7893 0.3607 0.7942 0.3627 0.7893 0.3607 0.8021 0.3547 0.7942 0.3627 0.7942 0.3739 0.7893 0.3607 0.7893 0.3759 0.7893 0.3607 0.7942 0.3739 0.7893 0.3759 0.7942 0.3739 0.8001 0.3867 0.8021 0.3818 0.8001 0.3867 0.7942 0.3739 0.8021 0.3818 0.8133 0.3818 0.8001 0.3867 0.8213 0.3739 0.8261 0.3759 0.8133 0.3818 0.8154 0.3867 0.8001 0.3867 0.8133 0.3818 0.8154 0.3867 0.8133 0.3818 0.8261 0.3759 0.2048 0.3277 0.2048 0.3418 0.1935 0.3277 0.1935 0.3418 0.1935 0.3277 0.2048 0.3418 0.1935 0.3418 0.1823 0.3418 0.1935 0.3277 0.1823 0.3277 0.1935 0.3277 0.1823 0.3418 0.1823 0.3277 0.1823 0.3418 0.1711 0.3277 0.1711 0.3418 0.1711 0.3277 0.1823 0.3418 0.1711 0.3418 0.1599 0.3418 0.1711 0.3277 0.1599 0.3277 0.1711 0.3277 0.1599 0.3418 0.1599 0.3418 0.1486999 0.3418 0.1599 0.3277 0.1486999 0.3277 0.1599 0.3277 0.1486999 0.3418 0.1486999 0.3418 0.1374 0.3418 0.1486999 0.3277 0.1374 0.3277 0.1486999 0.3277 0.1374 0.3418 0.2048 0.3277 0.216 0.3277 0.2048 0.3418 0.216 0.3418 0.2048 0.3418 0.216 0.3277 0.216 0.3418 0.216 0.3277 0.2272 0.3418 0.2272 0.3277 0.2272 0.3418 0.216 0.3277 0.3513 0.3254 0.3366 0.3245 0.3513 0.3214 0.3366 0.3207 0.3513 0.3214 0.3366 0.3245 0.3366 0.3207 0.3366 0.3245 0.3296 0.3205 0.3296 0.3242 0.3296 0.3205 0.3366 0.3245 0.3296 0.3205 0.3296 0.3242 0.3148 0.3206 0.3149 0.3242 0.3148 0.3206 0.3296 0.3242 0.3148 0.3206 0.3149 0.3242 0.3 0.3214 0.3002 0.3251 0.3 0.3214 0.3149 0.3242 0.3002 0.3251 0.2933 0.3258 0.3 0.3214 0.293 0.3221 0.3 0.3214 0.2933 0.3258 0.2933 0.3258 0.2802 0.3273 0.293 0.3221 0.2798 0.3233 0.293 0.3221 0.2802 0.3273 0.3356 0.3373 0.3499 0.3388 0.3347 0.3463 0.3487 0.3478 0.3347 0.3463 0.3499 0.3388 0.3356 0.3373 0.3347 0.3463 0.3293 0.3369 0.329 0.346 0.3293 0.3369 0.3347 0.3463 0.3293 0.3369 0.329 0.346 0.3153 0.3369 0.3155 0.346 0.3153 0.3369 0.329 0.346 0.3153 0.3369 0.3155 0.346 0.3013 0.3377 0.3021 0.3467 0.3013 0.3377 0.3155 0.346 0.3013 0.3377 0.3021 0.3467 0.295 0.3384 0.2965 0.3474 0.295 0.3384 0.3021 0.3467 0.2965 0.3474 0.2841 0.3496 0.295 0.3384 0.2823 0.3407 0.295 0.3384 0.2841 0.3496 0.3361 0.3335 0.3506 0.3348 0.3356 0.3373 0.3499 0.3388 0.3356 0.3373 0.3506 0.3348 0.3356 0.3373 0.3293 0.3369 0.3361 0.3335 0.3295 0.3331 0.3361 0.3335 0.3293 0.3369 0.3295 0.3331 0.3293 0.3369 0.3152 0.3333 0.3153 0.3369 0.3152 0.3333 0.3293 0.3369 0.3153 0.3369 0.3013 0.3377 0.3152 0.3333 0.3009 0.334 0.3152 0.3333 0.3013 0.3377 0.3013 0.3377 0.295 0.3384 0.3009 0.334 0.2943 0.3347 0.3009 0.334 0.295 0.3384 0.295 0.3384 0.2823 0.3407 0.2943 0.3347 0.2814 0.3367 0.2943 0.3347 0.2823 0.3407 0.3513 0.3254 0.3506 0.3348 0.3366 0.3245 0.3361 0.3335 0.3366 0.3245 0.3506 0.3348 0.3361 0.3335 0.3295 0.3331 0.3366 0.3245 0.3296 0.3242 0.3366 0.3245 0.3295 0.3331 0.3296 0.3242 0.3295 0.3331 0.3149 0.3242 0.3152 0.3333 0.3149 0.3242 0.3295 0.3331 0.3152 0.3333 0.3009 0.334 0.3149 0.3242 0.3002 0.3251 0.3149 0.3242 0.3009 0.334 0.3009 0.334 0.2943 0.3347 0.3002 0.3251 0.2933 0.3258 0.3002 0.3251 0.2943 0.3347 0.2943 0.3347 0.2814 0.3367 0.2933 0.3258 0.2802 0.3273 0.2933 0.3258 0.2814 0.3367 0.1525 0.3768 0.1473 0.3753 0.154 0.3678 0.1504 0.3667 0.154 0.3678 0.1473 0.3753 0.154 0.3678 0.1504 0.3667 0.1547 0.3617 0.1521 0.3612 0.1547 0.3617 0.1504 0.3667 0.1589 0.3773 0.1525 0.3768 0.1586 0.3682 0.154 0.3678 0.1586 0.3682 0.1525 0.3768 0.1586 0.3682 0.154 0.3678 0.1588 0.362 0.1547 0.3617 0.1588 0.362 0.154 0.3678 0.1589 0.3773 0.1586 0.3682 0.1643 0.3763 0.1624 0.3675 0.1643 0.3763 0.1586 0.3682 0.1624 0.3675 0.1668 0.3663 0.1643 0.3763 0.1699 0.3747 0.1643 0.3763 0.1668 0.3663 0.1624 0.3675 0.1586 0.3682 0.1614 0.362 0.1624 0.3675 0.1614 0.362 0.1668 0.3663 0.1588 0.362 0.1614 0.362 0.1586 0.3682 0.1651 0.3611 0.1668 0.3663 0.1614 0.362 0.1547 0.3617 0.155 0.3592 0.1588 0.362 0.1589 0.3595 0.1588 0.362 0.155 0.3592 0.9758 0.1623 0.9706 0.1748999 0.9453 0.1378 0.9366 0.1547 0.9453 0.1378 0.9706 0.1748999 0.9706 0.1748999 0.9623 0.1941 0.9366 0.1547 0.9322 0.1801 0.9366 0.1547 0.9623 0.1941 0.9322 0.1801 0.9623 0.1941 0.932 0.2054 0.9545 0.212 0.932 0.2054 0.9623 0.1941 0.9545 0.212 0.9499 0.2255 0.932 0.2054 0.9342 0.2229 0.932 0.2054 0.9499 0.2255 0.9453 0.1378 0.9491 0.1335999 0.9758 0.1623 0.9491 0.1335999 0.9453 0.1378 0.9453 0.1312 0.9783 0.1572 0.9758 0.1623 0.9491 0.1335999 0.9491 0.1335999 0.9583 0.1222 0.9783 0.1572 0.9875 0.1457 0.9783 0.1572 0.9583 0.1222 0.9821 0.1608 0.9758 0.1623 0.9783 0.1572 0.9783 0.1572 0.9875 0.1457 0.9821 0.1608 0.9758 0.1623 0.9808 0.1661 0.9706 0.1748999 0.9752 0.1779 0.9706 0.1748999 0.9808 0.1661 0.9752 0.1779 0.9808 0.1661 0.9875 0.1841 0.9937 0.1727 0.9875 0.1841 0.9808 0.1661 0.9752 0.1779 0.9875 0.1841 0.9669 0.1964 0.9783 0.2018 0.9669 0.1964 0.9875 0.1841 0.9783 0.2018 0.9702 0.2179999 0.9669 0.1964 0.9594 0.2135 0.9669 0.1964 0.9702 0.2179999 0.9594 0.2135 0.9702 0.2179999 0.9547 0.2266 0.9649 0.2305999 0.9547 0.2266 0.9702 0.2179999 0.9583 0.1222 0.9616 0.1177 0.9875 0.1457 0.9616 0.1177 0.9583 0.1222 0.9551 0.119 0.9919 0.1421 0.9875 0.1457 0.9616 0.1177 0.9919 0.1421 0.9918 0.1486999 0.9875 0.1457 0.9918 0.1486999 0.9821 0.1608 0.9875 0.1457 0.9752 0.1779 0.9669 0.1964 0.9706 0.1748999 0.9623 0.1941 0.9706 0.1748999 0.9669 0.1964 0.9623 0.1941 0.9669 0.1964 0.9545 0.212 0.9594 0.2135 0.9545 0.212 0.9669 0.1964 0.9594 0.2135 0.9547 0.2266 0.9545 0.212 0.9499 0.2255 0.9545 0.212 0.9547 0.2266 0.9583 0.1222 0.9491 0.1335999 0.9551 0.119 0.9453 0.1312 0.9551 0.119 0.9491 0.1335999 0.8785 0.1673 0.8755 0.154 0.9154 0.1529 0.9097 0.1348 0.9154 0.1529 0.8755 0.154 0.9154 0.1529 0.9155 0.1788 0.8785 0.1673 0.8836 0.1878 0.8785 0.1673 0.9155 0.1788 0.9155 0.1788 0.9118 0.2038 0.8836 0.1878 0.8886 0.2067 0.8836 0.1878 0.9118 0.2038 0.8886 0.2067 0.9118 0.2038 0.8909 0.2208999 0.9069 0.2207 0.8909 0.2208999 0.9118 0.2038 0.9154 0.1529 0.9097 0.1348 0.92 0.1521 0.9154 0.1529 0.92 0.1521 0.9155 0.1788 0.9187 0.1327 0.92 0.1521 0.9097 0.1348 0.9187 0.1327 0.9366 0.1341 0.92 0.1521 0.9322 0.1531 0.92 0.1521 0.9366 0.1341 0.9322 0.1531 0.929 0.1789 0.92 0.1521 0.9189 0.1781 0.92 0.1521 0.929 0.1789 0.9189 0.1781 0.9155 0.1788 0.92 0.1521 0.9189 0.1781 0.929 0.1789 0.9166 0.2036 0.9118 0.2038 0.9155 0.1788 0.9166 0.2036 0.9189 0.1781 0.9166 0.2036 0.9155 0.1788 0.9118 0.2038 0.9166 0.2036 0.9069 0.2207 0.9273 0.2044 0.9166 0.2036 0.929 0.1789 0.9273 0.2044 0.927 0.2222 0.9166 0.2036 0.9141 0.2212 0.9166 0.2036 0.927 0.2222 0.9141 0.2212 0.9069 0.2207 0.9166 0.2036 0.9322 0.1531 0.9366 0.1341 0.9366 0.1547 0.9322 0.1531 0.9366 0.1547 0.929 0.1789 0.9453 0.1378 0.9366 0.1547 0.9366 0.1341 0.9322 0.1801 0.929 0.1789 0.9366 0.1547 0.929 0.1789 0.9322 0.1801 0.9273 0.2044 0.932 0.2054 0.9273 0.2044 0.9322 0.1801 0.927 0.2222 0.9273 0.2044 0.9342 0.2229 0.932 0.2054 0.9342 0.2229 0.9273 0.2044 0.8785 0.1673 0.8733 0.1694 0.8755 0.154 0.87 0.1567 0.8755 0.154 0.8733 0.1694 0.8785 0.1673 0.8836 0.1878 0.8733 0.1694 0.8786 0.1893 0.8733 0.1694 0.8836 0.1878 0.8836 0.1878 0.8886 0.2067 0.8786 0.1893 0.8836 0.2075 0.8786 0.1893 0.8886 0.2067 0.8886 0.2067 0.8909 0.2208999 0.8836 0.2075 0.886 0.2213 0.8836 0.2075 0.8909 0.2208999 0.7181 0.3778 0.691 0.3862 0.7123 0.3702 0.691 0.3768 0.7123 0.3702 0.691 0.3862 0.7123 0.3702 0.7255 0.353 0.7181 0.3778 0.7348 0.3559 0.7181 0.3778 0.7255 0.353 0.7348 0.3559 0.7255 0.353 0.7348 0.3288 0.7255 0.3317 0.7348 0.3288 0.7255 0.353 0.7255 0.3317 0.7123 0.3144 0.7348 0.3288 0.7181 0.3068 0.7348 0.3288 0.7123 0.3144 0.7123 0.3144 0.691 0.3078 0.7181 0.3068 0.691 0.2985 0.7181 0.3068 0.691 0.3078 0.691 0.2985 0.691 0.3078 0.6639 0.3068 0.6697 0.3144 0.6639 0.3068 0.691 0.3078 0.6697 0.3144 0.6565 0.3317 0.6639 0.3068 0.6471 0.3288 0.6639 0.3068 0.6565 0.3317 0.6471 0.3288 0.6565 0.3317 0.6471 0.3559 0.6565 0.353 0.6471 0.3559 0.6565 0.3317 0.6565 0.353 0.6697 0.3702 0.6471 0.3559 0.6639 0.3778 0.6471 0.3559 0.6697 0.3702 0.6639 0.3778 0.6697 0.3702 0.691 0.3862 0.691 0.3768 0.691 0.3862 0.6697 0.3702 0.7123 0.3702 0.691 0.3768 0.6978 0.3513 0.691 0.3534 0.6978 0.3513 0.691 0.3768 0.7123 0.3702 0.6978 0.3513 0.7255 0.353 0.7021 0.3457 0.7255 0.353 0.6978 0.3513 0.7021 0.3457 0.7021 0.3389 0.7255 0.353 0.7255 0.3317 0.7255 0.353 0.7021 0.3389 0.7255 0.3317 0.7021 0.3389 0.7123 0.3144 0.6978 0.3333 0.7123 0.3144 0.7021 0.3389 0.7123 0.3144 0.6978 0.3333 0.691 0.3078 0.691 0.3312 0.691 0.3078 0.6978 0.3333 0.691 0.3078 0.691 0.3312 0.6697 0.3144 0.6841 0.3333 0.6697 0.3144 0.691 0.3312 0.6841 0.3333 0.6799 0.3389 0.6697 0.3144 0.6565 0.3317 0.6697 0.3144 0.6799 0.3389 0.6799 0.3389 0.6799 0.3457 0.6565 0.3317 0.6565 0.353 0.6565 0.3317 0.6799 0.3457 0.6799 0.3457 0.6841 0.3513 0.6565 0.353 0.6697 0.3702 0.6565 0.353 0.6841 0.3513 0.6697 0.3702 0.6841 0.3513 0.691 0.3768 0.691 0.3534 0.691 0.3768 0.6841 0.3513 0.6841 0.3333 0.691 0.3312 0.6799 0.3389 0.691 0.3312 0.6978 0.3513 0.6799 0.3389 0.6978 0.3333 0.6978 0.3513 0.691 0.3312 0.7021 0.3389 0.6978 0.3513 0.6978 0.3333 0.7021 0.3457 0.6978 0.3513 0.7021 0.3389 0.6978 0.3513 0.6841 0.3513 0.6799 0.3389 0.691 0.3534 0.6841 0.3513 0.6978 0.3513 0.6841 0.3513 0.6799 0.3457 0.6799 0.3389</float_array>
          <technique_common>
            <accessor source="#Mesh-mesh-map-0-array" count="12774" stride="2">
              <param name="S" type="float"/>
              <param name="T" type="float"/>
            </accessor>
          </technique_common>
        </source>
        <source id="Mesh-mesh-colors-Attribute" name="Attribute">
          <float_array id="Mesh-mesh-colors-Attribute-array" count="51096">1 1 1 1 1 1 1 1 1 1 1 1 1 1 1 1 1 1 1 1 1 1 1 1 1 1 1 1 1 1 1 1 1 1 1 1 1 1 1 1 1 1 1 1 1 1 1 1 1 1 1 1 1 1 1 1 1 1 1 1 1 1 1 1 1 1 1 1 1 1 1 1 1 1 1 1 1 1 1 1 1 1 1 1 1 1 1 1 1 1 1 1 1 1 1 1 1 1 1 1 1 1 1 1 1 1 1 1 1 1 1 1 1 1 1 1 1 1 1 1 1 1 1 1 1 1 1 1 1 1 1 1 1 1 1 1 1 1 1 1 1 1 1 1 1 1 1 1 1 1 1 1 1 1 1 1 1 1 1 1 1 1 1 1 1 1 1 1 1 1 1 1 1 1 1 1 1 1 1 1 1 1 1 1 1 1 1 1 1 1 1 1 1 1 1 1 1 1 1 1 1 1 1 1 1 1 1 1 1 1 1 1 1 1 1 1 1 1 1 1 1 1 1 1 1 1 1 1 1 1 1 1 1 1 1 1 1 1 1 1 1 1 1 1 1 1 1 1 1 1 1 1 1 1 1 1 1 1 1 1 1 1 1 1 1 1 1 1 1 1 1 1 1 1 1 1 1 1 1 1 1 1 1 1 1 1 1 1 1 1 1 1 1 1 1 1 1 1 1 1 1 1 1 1 1 1 1 1 1 1 1 1 1 1 1 1 1 1 1 1 1 1 1 1 1 1 1 1 1 1 1 1 1 1 1 1 1 1 1 1 1 1 1 1 1 1 1 1 1 1 1 1 1 1 1 1 1 1 1 1 1 1 1 1 1 1 1 1 1 1 1 1 1 1 1 1 1 1 1 1 1 1 1 1 1 1 1 1 1 1 1 1 1 1 1 1 1 1 1 1 1 1 1 1 1 1 1 1 1 1 1 1 1 1 1 1 1 1 1 1 1 1 1 1 1 1 1 1 1 1 1 1 1 1 1 1 1 1 1 1 1 1 1 1 1 1 1 1 1 1 1 1 1 1 1 1 1 1 1 1 1 1 1 1 1 1 1 1 1 1 1 1 1 1 1 1 1 1 1 1 1 1 1 1 1 1 1 1 1 1 1 1 1 1 1 1 1 1 1 1 1 1 1 1 1 1 1 1 1 1 1 1 1 1 1 1 1 1 1 1 1 1 1 1 1 1 1 1 1 1 1 1 1 1 1 1 1 1 1 1 1 1 1 1 1 1 1 1 1 1 1 1 1 1 1 1 1 1 1 1 1 1 1 1 1 1 1 1 1 1 1 1 1 1 1 1 1 1 1 1 1 1 1 1 1 1 1 1 1 1 1 1 1 1 1 1 1 1 1 1 1 1 1 1 1 1 1 1 1 1 1 1 1 1 1 1 1 1 1 1 1 1 1 1 1 1 1 1 1 1 1 1 1 1 1 1 1 1 1 1 1 1 1 1 1 1 1 1 1 1 1 1 1 1 1 1 1 1 1 1 1 1 1 1 1 1 1 1 1 1 1 1 1 1 1 1 1 1 1 1 1 1 1 1 1 1 1 1 1 1 1 1 1 1 1 1 1 1 1 1 1 1 1 1 1 1 1 1 1 1 1 1 1 1 1 1 1 1 1 1 1 1 1 1 1 1 1 1 1 1 1 1 1 1 1 1 1 1 1 1 1 1 1 1 1 1 1 1 1 1 1 1 1 1 1 1 1 1 1 1 1 1 1 1 1 1 1 1 1 1 1 1 1 1 1 1 1 1 1 1 1 1 1 1 1 1 1 1 1 1 1 1 1 1 1 1 1 1 1 1 1 1 1 1 1 1 1 1 1 1 1 1 1 1 1 1 1 1 1 1 1 1 1 1 1 1 1 1 1 1 1 1 1 1 1 1 1 1 1 1 1 1 1 1 1 1 1 1 1 1 1 1 1 1 1 1 1 1 1 1 1 1 1 1 1 1 1 1 1 1 1 1 1 1 1 1 1 1 1 1 1 1 1 1 1 1 1 1 1 1 1 1 1 1 1 1 1 1 1 1 1 1 1 1 1 1 1 1 1 1 1 1 1 1 1 1 1 1 1 1 1 1 1 1 1 1 1 1 1 1 1 1 1 1 1 1 1 1 1 1 1 1 1 1 1 1 1 1 1 1 1 1 1 1 1 1 1 1 1 1 1 1 1 1 1 1 1 1 1 1 1 1 1 1 1 1 1 1 1 1 1 1 1 1 1 1 1 1 1 1 1 1 1 1 1 1 1 1 1 1 1 1 1 1 1 1 1 1 1 1 1 1 1 1 1 1 1 1 1 1 1 1 1 1 1 1 1 1 1 1 1 1 1 1 1 1 1 1 1 1 1 1 1 1 1 1 1 1 1 1 1 1 1 1 1 1 1 1 1 1 1 1 1 1 1 1 1 1 1 1 1 1 1 1 1 1 1 1 1 1 1 1 1 1 1 1 1 1 1 1 1 1 1 1 1 1 1 1 1 1 1 1 1 1 1 1 1 1 1 1 1 1 1 1 1 1 1 1 1 1 1 1 1 1 1 1 1 1 1 1 1 1 1 1 1 1 1 1 1 1 1 1 1 1 1 1 1 1 1 1 1 1 1 1 1 1 1 1 1 1 1 1 1 1 1 1 1 1 1 1 1 1 1 1 1 1 1 1 1 1 1 1 1 1 1 1 1 1 1 1 1 1 1 1 1 1 1 1 1 1 1 1 1 1 1 1 1 1 1 1 1 1 1 1 1 1 1 1 1 1 1 1 1 1 1 1 1 1 1 1 1 1 1 1 1 1 1 1 1 1 1 1 1 1 1 1 1 1 1 1 1 1 1 1 1 1 1 1 1 1 1 1 1 1 1 1 1 1 1 1 1 1 1 1 1 1 1 1 1 1 1 1 1 1 1 1 1 1 1 1 1 1 1 1 1 1 1 1 1 1 1 1 1 1 1 1 1 1 1 1 1 1 1 1 1 1 1 1 1 1 1 1 1 1 1 1 1 1 1 1 1 1 1 1 1 1 1 1 1 1 1 1 1 1 1 1 1 1 1 1 1 1 1 1 1 1 1 1 1 1 1 1 1 1 1 1 1 1 1 1 1 1 1 1 1 1 1 1 1 1 1 1 1 1 1 1 1 1 1 1 1 1 1 1 1 1 1 1 1 1 1 1 1 1 1 1 1 1 1 1 1 1 1 1 1 1 1 1 1 1 1 1 1 1 1 1 1 1 1 1 1 1 1 1 1 1 1 1 1 1 1 1 1 1 1 1 1 1 1 1 1 1 1 1 1 1 1 1 1 1 1 1 1 1 1 1 1 1 1 1 1 1 1 1 1 1 1 1 1 1 1 1 1 1 1 1 1 1 1 1 1 1 1 1 1 1 1 1 1 1 1 1 1 1 1 1 1 1 1 1 1 1 1 1 1 1 1 1 1 1 1 1 1 1 1 1 1 1 1 1 1 1 1 1 1 1 1 1 1 1 1 1 1 1 1 1 1 1 1 1 1 1 1 1 1 1 1 1 1 1 1 1 1 1 1 1 1 1 1 1 1 1 1 1 1 1 1 1 1 1 1 1 1 1 1 1 1 1 1 1 1 1 1 1 1 1 1 1 1 1 1 1 1 1 1 1 1 1 1 1 1 1 1 1 1 1 1 1 1 1 1 1 1 1 1 1 1 1 1 1 1 1 1 1 1 1 1 1 1 1 1 1 1 1 1 1 1 1 1 1 1 1 1 1 1 1 1 1 1 1 1 1 1 1 1 1 1 1 1 1 1 1 1 1 1 1 1 1 1 1 1 1 1 1 1 1 1 1 1 1 1 1 1 1 1 1 1 1 1 1 1 1 1 1 1 1 1 1 1 1 1 1 1 1 1 1 1 1 1 1 1 1 1 1 1 1 1 1 1 1 1 1 1 1 1 1 1 1 1 1 1 1 1 1 1 1 1 1 1 1 1 1 1 1 1 1 1 1 1 1 1 1 1 1 1 1 1 1 1 1 1 1 1 1 1 1 1 1 1 1 1 1 1 1 1 1 1 1 1 1 1 1 1 1 1 1 1 1 1 1 1 1 1 1 1 1 1 1 1 1 1 1 1 1 1 1 1 1 1 1 1 1 1 1 1 1 1 1 1 1 1 1 1 1 1 1 1 1 1 1 1 1 1 1 1 1 1 1 1 1 1 1 1 1 1 1 1 1 1 1 1 1 1 1 1 1 1 1 1 1 1 1 1 1 1 1 1 1 1 1 1 1 1 1 1 1 1 1 1 1 1 1 1 1 1 1 1 1 1 1 1 1 1 1 1 1 1 1 1 1 1 1 1 1 1 1 1 1 1 1 1 1 1 1 1 1 1 1 1 1 1 1 1 1 1 1 1 1 1 1 1 1 1 1 1 1 1 1 1 1 1 1 1 1 1 1 1 1 1 1 1 1 1 1 1 1 1 1 1 1 1 1 1 1 1 1 1 1 1 1 1 1 1 1 1 1 1 1 1 1 1 1 1 1 1 1 1 1 1 1 1 1 1 1 1 1 1 1 1 1 1 1 1 1 1 1 1 1 1 1 1 1 1 1 1 1 1 1 1 1 1 1 1 1 1 1 1 1 1 1 1 1 1 1 1 1 1 1 1 1 1 1 1 1 1 1 1 1 1 1 1 1 1 1 1 1 1 1 1 1 1 1 1 1 1 1 1 1 1 1 1 1 1 1 1 1 1 1 1 1 1 1 1 1 1 1 1 1 1 1 1 1 1 1 1 1 1 1 1 1 1 1 1 1 1 1 1 1 1 1 1 1 1 1 1 1 1 1 1 1 1 1 1 1 1 1 1 1 1 1 1 1 1 1 1 1 1 1 1 1 1 1 1 1 1 1 1 1 1 1 1 1 1 1 1 1 1 1 1 1 1 1 1 1 1 1 1 1 1 1 1 1 1 1 1 1 1 1 1 1 1 1 1 1 1 1 1 1 1 1 1 1 1 1 1 1 1 1 1 1 1 1 1 1 1 1 1 1 1 1 1 1 1 1 1 1 1 1 1 1 1 1 1 1 1 1 1 1 1 1 1 1 1 1 1 1 1 1 1 1 1 1 1 1 1 1 1 1 1 1 1 1 1 1 1 1 1 1 1 1 1 1 1 1 1 1 1 1 1 1 1 1 1 1 1 1 1 1 1 1 1 1 1 1 1 1 1 1 1 1 1 1 1 1 1 1 1 1 1 1 1 1 1 1 1 1 1 1 1 1 1 1 1 1 1 1 1 1 1 1 1 1 1 1 1 1 1 1 1 1 1 1 1 1 1 1 1 1 1 1 1 1 1 1 1 1 1 1 1 1 1 1 1 1 1 1 1 1 1 1 1 1 1 1 1 1 1 1 1 1 1 1 1 1 1 1 1 1 1 1 1 1 1 1 1 1 1 1 1 1 1 1 1 1 1 1 1 1 1 1 1 1 1 1 1 1 1 1 1 1 1 1 1 1 1 1 1 1 1 1 1 1 1 1 1 1 1 1 1 1 1 1 1 1 1 1 1 1 1 1 1 1 1 1 1 1 1 1 1 1 1 1 1 1 1 1 1 1 1 1 1 1 1 1 1 1 1 1 1 1 1 1 1 1 1 1 1 1 1 1 1 1 1 1 1 1 1 1 1 1 1 1 1 1 1 1 1 1 1 1 1 1 1 1 1 1 1 1 1 1 1 1 1 1 1 1 1 1 1 1 1 1 1 1 1 1 1 1 1 1 1 1 1 1 1 1 1 1 1 1 1 1 1 1 1 1 1 1 1 1 1 1 1 1 1 1 1 1 1 1 1 1 1 1 1 1 1 1 1 1 1 1 1 1 1 1 1 1 1 1 1 1 1 1 1 1 1 1 1 1 1 1 1 1 1 1 1 1 1 1 1 1 1 1 1 1 1 1 1 1 1 1 1 1 1 1 1 1 1 1 1 1 1 1 1 1 1 1 1 1 1 1 1 1 1 1 1 1 1 1 1 1 1 1 1 1 1 1 1 1 1 1 1 1 1 1 1 1 1 1 1 1 1 1 1 1 1 1 1 1 1 1 1 1 1 1 1 1 1 1 1 1 1 1 1 1 1 1 1 1 1 1 1 1 1 1 1 1 1 1 1 1 1 1 1 1 1 1 1 1 1 1 1 1 1 1 1 1 1 1 1 1 1 1 1 1 1 1 1 1 1 1 1 1 1 1 1 1 1 1 1 1 1 1 1 1 1 1 1 1 1 1 1 1 1 1 1 1 1 1 1 1 1 1 1 1 1 1 1 1 1 1 1 1 1 1 1 1 1 1 1 1 1 1 1 1 1 1 1 1 1 1 1 1 1 1 1 1 1 1 1 1 1 1 1 1 1 1 1 1 1 1 1 1 1 1 1 1 1 1 1 1 1 1 1 1 1 1 1 1 1 1 1 1 1 1 1 1 1 1 1 1 1 1 1 1 1 1 1 1 1 1 1 1 1 1 1 1 1 1 1 1 1 1 1 1 1 1 1 1 1 1 1 1 1 1 1 1 1 1 1 1 1 1 1 1 1 1 1 1 1 1 1 1 1 1 1 1 1 1 1 1 1 1 1 1 1 1 1 1 1 1 1 1 1 1 1 1 1 1 1 1 1 1 1 1 1 1 1 1 1 1 1 1 1 1 1 1 1 1 1 1 1 1 1 1 1 1 1 1 1 1 1 1 1 1 1 1 1 1 1 1 1 1 1 1 1 1 1 1 1 1 1 1 1 1 1 1 1 1 1 1 1 1 1 1 1 1 1 1 1 1 1 1 1 1 1 1 1 1 1 1 1 1 1 1 1 1 1 1 1 1 1 1 1 1 1 1 1 1 1 1 1 1 1 1 1 1 1 1 1 1 1 1 1 1 1 1 1 1 1 1 1 1 1 1 1 1 1 1 1 1 1 1 1 1 1 1 1 1 1 1 1 1 1 1 1 1 1 1 1 1 1 1 1 1 1 1 1 1 1 1 1 1 1 1 1 1 1 1 1 1 1 1 1 1 1 1 1 1 1 1 1 1 1 1 1 1 1 1 1 1 1 1 1 1 1 1 1 1 1 1 1 1 1 1 1 1 1 1 1 1 1 1 1 1 1 1 1 1 1 1 1 1 1 1 1 1 1 1 1 1 1 1 1 1 1 1 1 1 1 1 1 1 1 1 1 1 1 1 1 1 1 1 1 1 1 1 1 1 1 1 1 1 1 1 1 1 1 1 1 1 1 1 1 1 1 1 1 1 1 1 1 1 1 1 1 1 1 1 1 1 1 1 1 1 1 1 1 1 1 1 1 1 1 1 1 1 1 1 1 1 1 1 1 1 1 1 1 1 1 1 1 1 1 1 1 1 1 1 1 1 1 1 1 1 1 1 1 1 1 1 1 1 1 1 1 1 1 1 1 1 1 1 1 1 1 1 1 1 1 1 1 1 1 1 1 1 1 1 1 1 1 1 1 1 1 1 1 1 1 1 1 1 1 1 1 1 1 1 1 1 1 1 1 1 1 1 1 1 1 1 1 1 1 1 1 1 1 1 1 1 1 1 1 1 1 1 1 1 1 1 1 1 1 1 1 1 1 1 1 1 1 1 1 1 1 1 1 1 1 1 1 1 1 1 1 1 1 1 1 1 1 1 1 1 1 1 1 1 1 1 1 1 1 1 1 1 1 1 1 1 1 1 1 1 1 1 1 1 1 1 1 1 1 1 1 1 1 1 1 1 1 1 1 1 1 1 1 1 1 1 1 1 1 1 1 1 1 1 1 1 1 1 1 1 1 1 1 1 1 1 1 1 1 1 1 1 1 1 1 1 1 1 1 1 1 1 1 1 1 1 1 1 1 1 1 1 1 1 1 1 1 1 1 1 1 1 1 1 1 1 1 1 1 1 1 1 1 1 1 1 1 1 1 1 1 1 1 1 1 1 1 1 1 1 1 1 1 1 1 1 1 1 1 1 1 1 1 1 1 1 1 1 1 1 1 1 1 1 1 1 1 1 1 1 1 1 1 1 1 1 1 1 1 1 1 1 1 1 1 1 1 1 1 1 1 1 1 1 1 1 1 1 1 1 1 1 1 1 1 1 1 1 1 1 1 1 1 1 1 1 1 1 1 1 1 1 1 1 1 1 1 1 1 1 1 1 1 1 1 1 1 1 1 1 1 1 1 1 1 1 1 1 1 1 1 1 1 1 1 1 1 1 1 1 1 1 1 1 1 1 1 1 1 1 1 1 1 1 1 1 1 1 1 1 1 1 1 1 1 1 1 1 1 1 1 1 1 1 1 1 1 1 1 1 1 1 1 1 1 1 1 1 1 1 1 1 1 1 1 1 1 1 1 1 1 1 1 1 1 1 1 1 1 1 1 1 1 1 1 1 1 1 1 1 1 1 1 1 1 1 1 1 1 1 1 1 1 1 1 1 1 1 1 1 1 1 1 1 1 1 1 1 1 1 1 1 1 1 1 1 1 1 1 1 1 1 1 1 1 1 1 1 1 1 1 1 1 1 1 1 1 1 1 1 1 1 1 1 1 1 1 1 1 1 1 1 1 1 1 1 1 1 1 1 1 1 1 1 1 1 1 1 1 1 1 1 1 1 1 1 1 1 1 1 1 1 1 1 1 1 1 1 1 1 1 1 1 1 1 1 1 1 1 1 1 1 1 1 1 1 1 1 1 1 1 1 1 1 1 1 1 1 1 1 1 1 1 1 1 1 1 1 1 1 1 1 1 1 1 1 1 1 1 1 1 1 1 1 1 1 1 1 1 1 1 1 1 1 1 1 1 1 1 1 1 1 1 1 1 1 1 1 1 1 1 1 1 1 1 1 1 1 1 1 1 1 1 1 1 1 1 1 1 1 1 1 1 1 1 1 1 1 1 1 1 1 1 1 1 1 1 1 1 1 1 1 1 1 1 1 1 1 1 1 1 1 1 1 1 1 1 1 1 1 1 1 1 1 1 1 1 1 1 1 1 1 1 1 1 1 1 1 1 1 1 1 1 1 1 1 1 1 1 1 1 1 1 1 1 1 1 1 1 1 1 1 1 1 1 1 1 1 1 1 1 1 1 1 1 1 1 1 1 1 1 1 1 1 1 1 1 1 1 1 1 1 1 1 1 1 1 1 1 1 1 1 1 1 1 1 1 1 1 1 1 1 1 1 1 1 1 1 1 1 1 1 1 1 1 1 1 1 1 1 1 1 1 1 1 1 1 1 1 1 1 1 1 1 1 1 1 1 1 1 1 1 1 1 1 1 1 1 1 1 1 1 1 1 1 1 1 1 1 1 1 1 1 1 1 1 1 1 1 1 1 1 1 1 1 1 1 1 1 1 1 1 1 1 1 1 1 1 1 1 1 1 1 1 1 1 1 1 1 1 1 1 1 1 1 1 1 1 1 1 1 1 1 1 1 1 1 1 1 1 1 1 1 1 1 1 1 1 1 1 1 1 1 1 1 1 1 1 1 1 1 1 1 1 1 1 1 1 1 1 1 1 1 1 1 1 1 1 1 1 1 1 1 1 1 1 1 1 1 1 1 1 1 1 1 1 1 1 1 1 1 1 1 1 1 1 1 1 1 1 1 1 1 1 1 1 1 1 1 1 1 1 1 1 1 1 1 1 1 1 1 1 1 1 1 1 1 1 1 1 1 1 1 1 1 1 1 1 1 1 1 1 1 1 1 1 1 1 1 1 1 1 1 1 1 1 1 1 1 1 1 1 1 1 1 1 1 1 1 1 1 1 1 1 1 1 1 1 1 1 1 1 1 1 1 1 1 1 1 1 1 1 1 1 1 1 1 1 1 1 1 1 1 1 1 1 1 1 1 1 1 1 1 1 1 1 1 1 1 1 1 1 1 1 1 1 1 1 1 1 1 1 1 1 1 1 1 1 1 1 1 1 1 1 1 1 1 1 1 1 1 1 1 1 1 1 1 1 1 1 1 1 1 1 1 1 1 1 1 1 1 1 1 1 1 1 1 1 1 1 1 1 1 1 1 1 1 1 1 1 1 1 1 1 1 1 1 1 1 1 1 1 1 1 1 1 1 1 1 1 1 1 1 1 1 1 1 1 1 1 1 1 1 1 1 1 1 1 1 1 1 1 1 1 1 1 1 1 1 1 1 1 1 1 1 1 1 1 1 1 1 1 1 1 1 1 1 1 1 1 1 1 1 1 1 1 1 1 1 1 1 1 1 1 1 1 1 1 1 1 1 1 1 1 1 1 1 1 1 1 1 1 1 1 1 1 1 1 1 1 1 1 1 1 1 1 1 1 1 1 1 1 1 1 1 1 1 1 1 1 1 1 1 1 1 1 1 1 1 1 1 1 1 1 1 1 1 1 1 1 1 1 1 1 1 1 1 1 1 1 1 1 1 1 1 1 1 1 1 1 1 1 1 1 1 1 1 1 1 1 1 1 1 1 1 1 1 1 1 1 1 1 1 1 1 1 1 1 1 1 1 1 1 1 1 1 1 1 1 1 1 1 1 1 1 1 1 1 1 1 1 1 1 1 1 1 1 1 1 1 1 1 1 1 1 1 1 1 1 1 1 1 1 1 1 1 1 1 1 1 1 1 1 1 1 1 1 1 1 1 1 1 1 1 1 1 1 1 1 1 1 1 1 1 1 1 1 1 1 1 1 1 1 1 1 1 1 1 1 1 1 1 1 1 1 1 1 1 1 1 1 1 1 1 1 1 1 1 1 1 1 1 1 1 1 1 1 1 1 1 1 1 1 1 1 1 1 1 1 1 1 1 1 1 1 1 1 1 1 1 1 1 1 1 1 1 1 1 1 1 1 1 1 1 1 1 1 1 1 1 1 1 1 1 1 1 1 1 1 1 1 1 1 1 1 1 1 1 1 1 1 1 1 1 1 1 1 1 1 1 1 1 1 1 1 1 1 1 1 1 1 1 1 1 1 1 1 1 1 1 1 1 1 1 1 1 1 1 1 1 1 1 1 1 1 1 1 1 1 1 1 1 1 1 1 1 1 1 1 1 1 1 1 1 1 1 1 1 1 1 1 1 1 1 1 1 1 1 1 1 1 1 1 1 1 1 1 1 1 1 1 1 1 1 1 1 1 1 1 1 1 1 1 1 1 1 1 1 1 1 1 1 1 1 1 1 1 1 1 1 1 1 1 1 1 1 1 1 1 1 1 1 1 1 1 1 1 1 1 1 1 1 1 1 1 1 1 1 1 1 1 1 1 1 1 1 1 1 1 1 1 1 1 1 1 1 1 1 1 1 1 1 1 1 1 1 1 1 1 1 1 1 1 1 1 1 1 1 1 1 1 1 1 1 1 1 1 1 1 1 1 1 1 1 1 1 1 1 1 1 1 1 1 1 1 1 1 1 1 1 1 1 1 1 1 1 1 1 1 1 1 1 1 1 1 1 1 1 1 1 1 1 1 1 1 1 1 1 1 1 1 1 1 1 1 1 1 1 1 1 1 1 1 1 1 1 1 1 1 1 1 1 1 1 1 1 1 1 1 1 1 1 1 1 1 1 1 1 1 1 1 1 1 1 1 1 1 1 1 1 1 1 1 1 1 1 1 1 1 1 1 1 1 1 1 1 1 1 1 1 1 1 1 1 1 1 1 1 1 1 1 1 1 1 1 1 1 1 1 1 1 1 1 1 1 1 1 1 1 1 1 1 1 1 1 1 1 1 1 1 1 1 1 1 1 1 1 1 1 1 1 1 1 1 1 1 1 1 1 1 1 1 1 1 1 1 1 1 1 1 1 1 1 1 1 1 1 1 1 1 1 1 1 1 1 1 1 1 1 1 1 1 1 1 1 1 1 1 1 1 1 1 1 1 1 1 1 1 1 1 1 1 1 1 1 1 1 1 1 1 1 1 1 1 1 1 1 1 1 1 1 1 1 1 1 1 1 1 1 1 1 1 1 1 1 1 1 1 1 1 1 1 1 1 1 1 1 1 1 1 1 1 1 1 1 1 1 1 1 1 1 1 1 1 1 1 1 1 1 1 1 1 1 1 1 1 1 1 1 1 1 1 1 1 1 1 1 1 1 1 1 1 1 1 1 1 1 1 1 1 1 1 1 1 1 1 1 1 1 1 1 1 1 1 1 1 1 1 1 1 1 1 1 1 1 1 1 1 1 1 1 1 1 1 1 1 1 1 1 1 1 1 1 1 1 1 1 1 1 1 1 1 1 1 1 1 1 1 1 1 1 1 1 1 1 1 1 1 1 1 1 1 1 1 1 1 1 1 1 1 1 1 1 1 1 1 1 1 1 1 1 1 1 1 1 1 1 1 1 1 1 1 1 1 1 1 1 1 1 1 1 1 1 1 1 1 1 1 1 1 1 1 1 1 1 1 1 1 1 1 1 1 1 1 1 1 1 1 1 1 1 1 1 1 1 1 1 1 1 1 1 1 1 1 1 1 1 1 1 1 1 1 1 1 1 1 1 1 1 1 1 1 1 1 1 1 1 1 1 1 1 1 1 1 1 1 1 1 1 1 1 1 1 1 1 1 1 1 1 1 1 1 1 1 1 1 1 1 1 1 1 1 1 1 1 1 1 1 1 1 1 1 1 1 1 1 1 1 1 1 1 1 1 1 1 1 1 1 1 1 1 1 1 1 1 1 1 1 1 1 1 1 1 1 1 1 1 1 1 1 1 1 1 1 1 1 1 1 1 1 1 1 1 1 1 1 1 1 1 1 1 1 1 1 1 1 1 1 1 1 1 1 1 1 1 1 1 1 1 1 1 1 1 1 1 1 1 1 1 1 1 1 1 1 1 1 1 1 1 1 1 1 1 1 1 1 1 1 1 1 1 1 1 1 1 1 1 1 1 1 1 1 1 1 1 1 1 1 1 1 1 1 1 1 1 1 1 1 1 1 1 1 1 1 1 1 1 1 1 1 1 1 1 1 1 1 1 1 1 1 1 1 1 1 1 1 1 1 1 1 1 1 1 1 1 1 1 1 1 1 1 1 1 1 1 1 1 1 1 1 1 1 1 1 1 1 1 1 1 1 1 1 1 1 1 1 1 1 1 1 1 1 1 1 1 1 1 1 1 1 1 1 1 1 1 1 1 1 1 1 1 1 1 1 1 1 1 1 1 1 1 1 1 1 1 1 1 1 1 1 1 1 1 1 1 1 1 1 1 1 1 1 1 1 1 1 1 1 1 1 1 1 1 1 1 1 1 1 1 1 1 1 1 1 1 1 1 1 1 1 1 1 1 1 1 1 1 1 1 1 1 1 1 1 1 1 1 1 1 1 1 1 1 1 1 1 1 1 1 1 1 1 1 1 1 1 1 1 1 1 1 1 1 1 1 1 1 1 1 1 1 1 1 1 1 1 1 1 1 1 1 1 1 1 1 1 1 1 1 1 1 1 1 1 1 1 1 1 1 1 1 1 1 1 1 1 1 1 1 1 1 1 1 1 1 1 1 1 1 1 1 1 1 1 1 1 1 1 1 1 1 1 1 1 1 1 1 1 1 1 1 1 1 1 1 1 1 1 1 1 1 1 1 1 1 1 1 1 1 1 1 1 1 1 1 1 1 1 1 1 1 1 1 1 1 1 1 1 1 1 1 1 1 1 1 1 1 1 1 1 1 1 1 1 1 1 1 1 1 1 1 1 1 1 1 1 1 1 1 1 1 1 1 1 1 1 1 1 1 1 1 1 1 1 1 1 1 1 1 1 1 1 1 1 1 1 1 1 1 1 1 1 1 1 1 1 1 1 1 1 1 1 1 1 1 1 1 1 1 1 1 1 1 1 1 1 1 1 1 1 1 1 1 1 1 1 1 1 1 1 1 1 1 1 1 1 1 1 1 1 1 1 1 1 1 1 1 1 1 1 1 1 1 1 1 1 1 1 1 1 1 1 1 1 1 1 1 1 1 1 1 1 1 1 1 1 1 1 1 1 1 1 1 1 1 1 1 1 1 1 1 1 1 1 1 1 1 1 1 1 1 1 1 1 1 1 1 1 1 1 1 1 1 1 1 1 1 1 1 1 1 1 1 1 1 1 1 1 1 1 1 1 1 1 1 1 1 1 1 1 1 1 1 1 1 1 1 1 1 1 1 1 1 1 1 1 1 1 1 1 1 1 1 1 1 1 1 1 1 1 1 1 1 1 1 1 1 1 1 1 1 1 1 1 1 1 1 1 1 1 1 1 1 1 1 1 1 1 1 1 1 1 1 1 1 1 1 1 1 1 1 1 1 1 1 1 1 1 1 1 1 1 1 1 1 1 1 1 1 1 1 1 1 1 1 1 1 1 1 1 1 1 1 1 1 1 1 1 1 1 1 1 1 1 1 1 1 1 1 1 1 1 1 1 1 1 1 1 1 1 1 1 1 1 1 1 1 1 1 1 1 1 1 1 1 1 1 1 1 1 1 1 1 1 1 1 1 1 1 1 1 1 1 1 1 1 1 1 1 1 1 1 1 1 1 1 1 1 1 1 1 1 1 1 1 1 1 1 1 1 1 1 1 1 1 1 1 1 1 1 1 1 1 1 1 1 1 1 1 1 1 1 1 1 1 1 1 1 1 1 1 1 1 1 1 1 1 1 1 1 1 1 1 1 1 1 1 1 1 1 1 1 1 1 1 1 1 1 1 1 1 1 1 1 1 1 1 1 1 1 1 1 1 1 1 1 1 1 1 1 1 1 1 1 1 1 1 1 1 1 1 1 1 1 1 1 1 1 1 1 1 1 1 1 1 1 1 1 1 1 1 1 1 1 1 1 1 1 1 1 1 1 1 1 1 1 1 1 1 1 1 1 1 1 1 1 1 1 1 1 1 1 1 1 1 1 1 1 1 1 1 1 1 1 1 1 1 1 1 1 1 1 1 1 1 1 1 1 1 1 1 1 1 1 1 1 1 1 1 1 1 1 1 1 1 1 1 1 1 1 1 1 1 1 1 1 1 1 1 1 1 1 1 1 1 1 1 1 1 1 1 1 1 1 1 1 1 1 1 1 1 1 1 1 1 1 1 1 1 1 1 1 1 1 1 1 1 1 1 1 1 1 1 1 1 1 1 1 1 1 1 1 1 1 1 1 1 1 1 1 1 1 1 1 1 1 1 1 1 1 1 1 1 1 1 1 1 1 1 1 1 1 1 1 1 1 1 1 1 1 1 1 1 1 1 1 1 1 1 1 1 1 1 1 1 1 1 1 1 1 1 1 1 1 1 1 1 1 1 1 1 1 1 1 1 1 1 1 1 1 1 1 1 1 1 1 1 1 1 1 1 1 1 1 1 1 1 1 1 1 1 1 1 1 1 1 1 1 1 1 1 1 1 1 1 1 1 1 1 1 1 1 1 1 1 1 1 1 1 1 1 1 1 1 1 1 1 1 1 1 1 1 1 1 1 1 1 1 1 1 1 1 1 1 1 1 1 1 1 1 1 1 1 1 1 1 1 1 1 1 1 1 1 1 1 1 1 1 1 1 1 1 1 1 1 1 1 1 1 1 1 1 1 1 1 1 1 1 1 1 1 1 1 1 1 1 1 1 1 1 1 1 1 1 1 1 1 1 1 1 1 1 1 1 1 1 1 1 1 1 1 1 1 1 1 1 1 1 1 1 1 1 1 1 1 1 1 1 1 1 1 1 1 1 1 1 1 1 1 1 1 1 1 1 1 1 1 1 1 1 1 1 1 1 1 1 1 1 1 1 1 1 1 1 1 1 1 1 1 1 1 1 1 1 1 1 1 1 1 1 1 1 1 1 1 1 1 1 1 1 1 1 1 1 1 1 1 1 1 1 1 1 1 1 1 1 1 1 1 1 1 1 1 1 1 1 1 1 1 1 1 1 1 1 1 1 1 1 1 1 1 1 1 1 1 1 1 1 1 1 1 1 1 1 1 1 1 1 1 1 1 1 1 1 1 1 1 1 1 1 1 1 1 1 1 1 1 1 1 1 1 1 1 1 1 1 1 1 1 1 1 1 1 1 1 1 1 1 1 1 1 1 1 1 1 1 1 1 1 1 1 1 1 1 1 1 1 1 1 1 1 1 1 1 1 1 1 1 1 1 1 1 1 1 1 1 1 1 1 1 1 1 1 1 1 1 1 1 1 1 1 1 1 1 1 1 1 1 1 1 1 1 1 1 1 1 1 1 1 1 1 1 1 1 1 1 1 1 1 1 1 1 1 1 1 1 1 1 1 1 1 1 1 1 1 1 1 1 1 1 1 1 1 1 1 1 1 1 1 1 1 1 1 1 1 1 1 1 1 1 1 1 1 1 1 1 1 1 1 1 1 1 1 1 1 1 1 1 1 1 1 1 1 1 1 1 1 1 1 1 1 1 1 1 1 1 1 1 1 1 1 1 1 1 1 1 1 1 1 1 1 1 1 1 1 1 1 1 1 1 1 1 1 1 1 1 1 1 1 1 1 1 1 1 1 1 1 1 1 1 1 1 1 1 1 1 1 1 1 1 1 1 1 1 1 1 1 1 1 1 1 1 1 1 1 1 1 1 1 1 1 1 1 1 1 1 1 1 1 1 1 1 1 1 1 1 1 1 1 1 1 1 1 1 1 1 1 1 1 1 1 1 1 1 1 1 1 1 1 1 1 1 1 1 1 1 1 1 1 1 1 1 1 1 1 1 1 1 1 1 1 1 1 1 1 1 1 1 1 1 1 1 1 1 1 1 1 1 1 1 1 1 1 1 1 1 1 1 1 1 1 1 1 1 1 1 1 1 1 1 1 1 1 1 1 1 1 1 1 1 1 1 1 1 1 1 1 1 1 1 1 1 1 1 1 1 1 1 1 1 1 1 1 1 1 1 1 1 1 1 1 1 1 1 1 1 1 1 1 1 1 1 1 1 1 1 1 1 1 1 1 1 1 1 1 1 1 1 1 1 1 1 1 1 1 1 1 1 1 1 1 1 1 1 1 1 1 1 1 1 1 1 1 1 1 1 1 1 1 1 1 1 1 1 1 1 1 1 1 1 1 1 1 1 1 1 1 1 1 1 1 1 1 1 1 1 1 1 1 1 1 1 1 1 1 1 1 1 1 1 1 1 1 1 1 1 1 1 1 1 1 1 1 1 1 1 1 1 1 1 1 1 1 1 1 1 1 1 1 1 1 1 1 1 1 1 1 1 1 1 1 1 1 1 1 1 1 1 1 1 1 1 1 1 1 1 1 1 1 1 1 1 1 1 1 1 1 1 1 1 1 1 1 1 1 1 1 1 1 1 1 1 1 1 1 1 1 1 1 1 1 1 1 1 1 1 1 1 1 1 1 1 1 1 1 1 1 1 1 1 1 1 1 1 1 1 1 1 1 1 1 1 1 1 1 1 1 1 1 1 1 1 1 1 1 1 1 1 1 1 1 1 1 1 1 1 1 1 1 1 1 1 1 1 1 1 1 1 1 1 1 1 1 1 1 1 1 1 1 1 1 1 1 1 1 1 1 1 1 1 1 1 1 1 1 1 1 1 1 1 1 1 1 1 1 1 1 1 1 1 1 1 1 1 1 1 1 1 1 1 1 1 1 1 1 1 1 1 1 1 1 1 1 1 1 1 1 1 1 1 1 1 1 1 1 1 1 1 1 1 1 1 1 1 1 1 1 1 1 1 1 1 1 1 1 1 1 1 1 1 1 1 1 1 1 1 1 1 1 1 1 1 1 1 1 1 1 1 1 1 1 1 1 1 1 1 1 1 1 1 1 1 1 1 1 1 1 1 1 1 1 1 1 1 1 1 1 1 1 1 1 1 1 1 1 1 1 1 1 1 1 1 1 1 1 1 1 1 1 1 1 1 1 1 1 1 1 1 1 1 1 1 1 1 1 1 1 1 1 1 1 1 1 1 1 1 1 1 1 1 1 1 1 1 1 1 1 1 1 1 1 1 1 1 1 1 1 1 1 1 1 1 1 1 1 1 1 1 1 1 1 1 1 1 1 1 1 1 1 1 1 1 1 1 1 1 1 1 1 1 1 1 1 1 1 1 1 1 1 1 1 1 1 1 1 1 1 1 1 1 1 1 1 1 1 1 1 1 1 1 1 1 1 1 1 1 1 1 1 1 1 1 1 1 1 1 1 1 1 1 1 1 1 1 1 1 1 1 1 1 1 1 1 1 1 1 1 1 1 1 1 1 1 1 1 1 1 1 1 1 1 1 1 1 1 1 1 1 1 1 1 1 1 1 1 1 1 1 1 1 1 1 1 1 1 1 1 1 1 1 1 1 1 1 1 1 1 1 1 1 1 1 1 1 1 1 1 1 1 1 1 1 1 1 1 1 1 1 1 1 1 1 1 1 1 1 1 1 1 1 1 1 1 1 1 1 1 1 1 1 1 1 1 1 1 1 1 1 1 1 1 1 1 1 1 1 1 1 1 1 1 1 1 1 1 1 1 1 1 1 1 1 1 1 1 1 1 1 1 1 1 1 1 1 1 1 1 1 1 1 1 1 1 1 1 1 1 1 1 1 1 1 1 1 1 1 1 1 1 1 1 1 1 1 1 1 1 1 1 1 1 1 1 1 1 1 1 1 1 1 1 1 1 1 1 1 1 1 1 1 1 1 1 1 1 1 1 1 1 1 1 1 1 1 1 1 1 1 1 1 1 1 1 1 1 1 1 1 1 1 1 1 1 1 1 1 1 1 1 1 1 1 1 1 1 1 1 1 1 1 1 1 1 1 1 1 1 1 1 1 1 1 1 1 1 1 1 1 1 1 1 1 1 1 1 1 1 1 1 1 1 1 1 1 1 1 1 1 1 1 1 1 1 1 1 1 1 1 1 1 1 1 1 1 1 1 1 1 1 1 1 1 1 1 1 1 1 1 1 1 1 1 1 1 1 1 1 1 1 1 1 1 1 1 1 1 1 1 1 1 1 1 1 1 1 1 1 1 1 1 1 1 1 1 1 1 1 1 1 1 1 1 1 1 1 1 1 1 1 1 1 1 1 1 1 1 1 1 1 1 1 1 1 1 1 1 1 1 1 1 1 1 1 1 1 1 1 1 1 1 1 1 1 1 1 1 1 1 1 1 1 1 1 1 1 1 1 1 1 1 1 1 1 1 1 1 1 1 1 1 1 1 1 1 1 1 1 1 1 1 1 1 1 1 1 1 1 1 1 1 1 1 1 1 1 1 1 1 1 1 1 1 1 1 1 1 1 1 1 1 1 1 1 1 1 1 1 1 1 1 1 1 1 1 1 1 1 1 1 1 1 1 1 1 1 1 1 1 1 1 1 1 1 1 1 1 1 1 1 1 1 1 1 1 1 1 1 1 1 1 1 1 1 1 1 1 1 1 1 1 1 1 1 1 1 1 1 1 1 1 1 1 1 1 1 1 1 1 1 1 1 1 1 1 1 1 1 1 1 1 1 1 1 1 1 1 1 1 1 1 1 1 1 1 1 1 1 1 1 1 1 1 1 1 1 1 1 1 1 1 1 1 1 1 1 1 1 1 1 1 1 1 1 1 1 1 1 1 1 1 1 1 1 1 1 1 1 1 1 1 1 1 1 1 1 1 1 1 1 1 1 1 1 1 1 1 1 1 1 1 1 1 1 1 1 1 1 1 1 1 1 1 1 1 1 1 1 1 1 1 1 1 1 1 1 1 1 1 1 1 1 1 1 1 1 1 1 1 1 1 1 1 1 1 1 1 1 1 1 1 1 1 1 1 1 1 1 1 1 1 1 1 1 1 1 1 1 1 1 1 1 1 1 1 1 1 1 1 1 1 1 1 1 1 1 1 1 1 1 1 1 1 1 1 1 1 1 1 1 1 1 1 1 1 1 1 1 1 1 1 1 1 1 1 1 1 1 1 1 1 1 1 1 1 1 1 1 1 1 1 1 1 1 1 1 1 1 1 1 1 1 1 1 1 1 1 1 1 1 1 1 1 1 1 1 1 1 1 1 1 1 1 1 1 1 1 1 1 1 1 1 1 1 1 1 1 1 1 1 1 1 1 1 1 1 1 1 1 1 1 1 1 1 1 1 1 1 1 1 1 1 1 1 1 1 1 1 1 1 1 1 1 1 1 1 1 1 1 1 1 1 1 1 1 1 1 1 1 1 1 1 1 1 1 1 1 1 1 1 1 1 1 1 1 1 1 1 1 1 1 1 1 1 1 1 1 1 1 1 1 1 1 1 1 1 1 1 1 1 1 1 1 1 1 1 1 1 1 1 1 1 1 1 1 1 1 1 1 1 1 1 1 1 1 1 1 1 1 1 1 1 1 1 1 1 1 1 1 1 1 1 1 1 1 1 1 1 1 1 1 1 1 1 1 1 1 1 1 1 1 1 1 1 1 1 1 1 1 1 1 1 1 1 1 1 1 1 1 1 1 1 1 1 1 1 1 1 1 1 1 1 1 1 1 1 1 1 1 1 1 1 1 1 1 1 1 1 1 1 1 1 1 1 1 1 1 1 1 1 1 1 1 1 1 1 1 1 1 1 1 1 1 1 1 1 1 1 1 1 1 1 1 1 1 1 1 1 1 1 1 1 1 1 1 1 1 1 1 1 1 1 1 1 1 1 1 1 1 1 1 1 1 1 1 1 1 1 1 1 1 1 1 1 1 1 1 1 1 1 1 1 1 1 1 1 1 1 1 1 1 1 1 1 1 1 1 1 1 1 1 1 1 1 1 1 1 1 1 1 1 1 1 1 1 1 1 1 1 1 1 1 1 1 1 1 1 1 1 1 1 1 1 1 1 1 1 1 1 1 1 1 1 1 1 1 1 1 1 1 1 1 1 1 1 1 1 1 1 1 1 1 1 1 1 1 1 1 1 1 1 1 1 1 1 1 1 1 1 1 1 1 1 1 1 1 1 1 1 1 1 1 1 1 1 1 1 1 1 1 1 1 1 1 1 1 1 1 1 1 1 1 1 1 1 1 1 1 1 1 1 1 1 1 1 1 1 1 1 1 1 1 1 1 1 1 1 1 1 1 1 1 1 1 1 1 1 1 1 1 1 1 1 1 1 1 1 1 1 1 1 1 1 1 1 1 1 1 1 1 1 1 1 1 1 1 1 1 1 1 1 1 1 1 1 1 1 1 1 1 1 1 1 1 1 1 1 1 1 1 1 1 1 1 1 1 1 1 1 1 1 1 1 1 1 1 1 1 1 1 1 1 1 1 1 1 1 1 1 1 1 1 1 1 1 1 1 1 1 1 1 1 1 1 1 1 1 1 1 1 1 1 1 1 1 1 1 1 1 1 1 1 1 1 1 1 1 1 1 1 1 1 1 1 1 1 1 1 1 1 1 1 1 1 1 1 1 1 1 1 1 1 1 1 1 1 1 1 1 1 1 1 1 1 1 1 1 1 1 1 1 1 1 1 1 1 1 1 1 1 1 1 1 1 1 1 1 1 1 1 1 1 1 1 1 1 1 1 1 1 1 1 1 1 1 1 1 1 1 1 1 1 1 1 1 1 1 1 1 1 1 1 1 1 1 1 1 1 1 1 1 1 1 1 1 1 1 1 1 1 1 1 1 1 1 1 1 1 1 1 1 1 1 1 1 1 1 1 1 1 1 1 1 1 1 1 1 1 1 1 1 1 1 1 1 1 1 1 1 1 1 1 1 1 1 1 1 1 1 1 1 1 1 1 1 1 1 1 1 1 1 1 1 1 1 1 1 1 1 1 1 1 1 1 1 1 1 1 1 1 1 1 1 1 1 1 1 1 1 1 1 1 1 1 1 1 1 1 1 1 1 1 1 1 1 1 1 1 1 1 1 1 1 1 1 1 1 1 1 1 1 1 1 1 1 1 1 1 1 1 1 1 1 1 1 1 1 1 1 1 1 1 1 1 1 1 1 1 1 1 1 1 1 1 1 1 1 1 1 1 1 1 1 1 1 1 1 1 1 1 1 1 1 1 1 1 1 1 1 1 1 1 1 1 1 1 1 1 1 1 1 1 1 1 1 1 1 1 1 1 1 1 1 1 1 1 1 1 1 1 1 1 1 1 1 1 1 1 1 1 1 1 1 1 1 1 1 1 1 1 1 1 1 1 1 1 1 1 1 1 1 1 1 1 1 1 1 1 1 1 1 1 1 1 1 1 1 1 1 1 1 1 1 1 1 1 1 1 1 1 1 1 1 1 1 1 1 1 1 1 1 1 1 1 1 1 1 1 1 1 1 1 1 1 1 1 1 1 1 1 1 1 1 1 1 1 1 1 1 1 1 1 1 1 1 1 1 1 1 1 1 1 1 1 1 1 1 1 1 1 1 1 1 1 1 1 1 1 1 1 1 1 1 1 1 1 1 1 1 1 1 1 1 1 1 1 1 1 1 1 1 1 1 1 1 1 1 1 1 1 1 1 1 1 1 1 1 1 1 1 1 1 1 1 1 1 1 1 1 1 1 1 1 1 1 1 1 1 1 1 1 1 1 1 1 1 1 1 1 1 1 1 1 1 1 1 1 1 1 1 1 1 1 1 1 1 1 1 1 1 1 1 1 1 1 1 1 1 1 1 1 1 1 1 1 1 1 1 1 1 1 1 1 1 1 1 1 1 1 1 1 1 1 1 1 1 1 1 1 1 1 1 1 1 1 1 1 1 1 1 1 1 1 1 1 1 1 1 1 1 1 1 1 1 1 1 1 1 1 1 1 1 1 1 1 1 1 1 1 1 1 1 1 1 1 1 1 1 1 1 1 1 1 1 1 1 1 1 1 1 1 1 1 1 1 1 1 1 1 1 1 1 1 1 1 1 1 1 1 1 1 1 1 1 1 1 1 1 1 1 1 1 1 1 1 1 1 1 1 1 1 1 1 1 1 1 1 1 1 1 1 1 1 1 1 1 1 1 1 1 1 1 1 1 1 1 1 1 1 1 1 1 1 1 1 1 1 1 1 1 1 1 1 1 1 1 1 1 1 1 1 1 1 1 1 1 1 1 1 1 1 1 1 1 1 1 1 1 1 1 1 1 1 1 1 1 1 1 1 1 1 1 1 1 1 1 1 1 1 1 1 1 1 1 1 1 1 1 1 1 1 1 1 1 1 1 1 1 1 1 1 1 1 1 1 1 1 1 1 1 1 1 1 1 1 1 1 1 1 1 1 1 1 1 1 1 1 1 1 1 1 1 1 1 1 1 1 1 1 1 1 1 1 1 1 1 1 1 1 1 1 1 1 1 1 1 1 1 1 1 1 1 1 1 1 1 1 1 1 1 1 1 1 1 1 1 1 1 1 1 1 1 1 1 1 1 1 1 1 1 1 1 1 1 1 1 1 1 1 1 1 1 1 1 1 1 1 1 1 1 1 1 1 1 1 1 1 1 1 1 1 1 1 1 1 1 1 1 1 1 1 1 1 1 1 1 1 1 1 1 1 1 1 1 1 1 1 1 1 1 1 1 1 1 1 1 1 1 1 1 1 1 1 1 1 1 1 1 1 1 1 1 1 1 1 1 1 1 1 1 1 1 1 1 1 1 1 1 1 1 1 1 1 1 1 1 1 1 1 1 1 1 1 1 1 1 1 1 1 1 1 1 1 1 1 1 1 1 1 1 1 1 1 1 1 1 1 1 1 1 1 1 1 1 1 1 1 1 1 1 1 1 1 1 1 1 1 1 1 1 1 1 1 1 1 1 1 1 1 1 1 1 1 1 1 1 1 1 1 1 1 1 1 1 1 1 1 1 1 1 1 1 1 1 1 1 1 1 1 1 1 1 1 1 1 1 1 1 1 1 1 1 1 1 1 1 1 1 1 1 1 1 1 1 1 1 1 1 1 1 1 1 1 1 1 1 1 1 1 1 1 1 1 1 1 1 1 1 1 1 1 1 1 1 1 1 1 1 1 1 1 1 1 1 1 1 1 1 1 1 1 1 1 1 1 1 1 1 1 1 1 1 1 1 1 1 1 1 1 1 1 1 1 1 1 1 1 1 1 1 1 1 1 1 1 1 1 1 1 1 1 1 1 1 1 1 1 1 1 1 1 1 1 1 1 1 1 1 1 1 1 1 1 1 1 1 1 1 1 1 1 1 1 1 1 1 1 1 1 1 1 1 1 1 1 1 1 1 1 1 1 1 1 1 1 1 1 1 1 1 1 1 1 1 1 1 1 1 1 1 1 1 1 1 1 1 1 1 1 1 1 1 1 1 1 1 1 1 1 1 1 1 1 1 1 1 1 1 1 1 1 1 1 1 1 1 1 1 1 1 1 1 1 1 1 1 1 1 1 1 1 1 1 1 1 1 1 1 1 1 1 1 1 1 1 1 1 1 1 1 1 1 1 1 1 1 1 1 1 1 1 1 1 1 1 1 1 1 1 1 1 1 1 1 1 1 1 1 1 1 1 1 1 1 1 1 1 1 1 1 1 1 1 1 1 1 1 1 1 1 1 1 1 1 1 1 1 1 1 1 1 1 1 1 1 1 1 1 1 1 1 1 1 1 1 1 1 1 1 1 1 1 1 1 1 1 1 1 1 1 1 1 1 1 1 1 1 1 1 1 1 1 1 1 1 1 1 1 1 1 1 1 1 1 1 1 1 1 1 1 1 1 1 1 1 1 1 1 1 1 1 1 1 1 1 1 1 1 1 1 1 1 1 1 1 1 1 1 1 1 1 1 1 1 1 1 1 1 1 1 1 1 1 1 1 1 1 1 1 1 1 1 1 1 1 1 1 1 1 1 1 1 1 1 1 1 1 1 1 1 1 1 1 1 1 1 1 1 1 1 1 1 1 1 1 1 1 1 1 1 1 1 1 1 1 1 1 1 1 1 1 1 1 1 1 1 1 1 1 1 1 1 1 1 1 1 1 1 1 1 1 1 1 1 1 1 1 1 1 1 1 1 1 1 1 1 1 1 1 1 1 1 1 1 1 1 1 1 1 1 1 1 1 1 1 1 1 1 1 1 1 1 1 1 1 1 1 1 1 1 1 1 1 1 1 1 1 1 1 1 1 1 1 1 1 1 1 1 1 1 1 1 1 1 1 1 1 1 1 1 1 1 1 1 1 1 1 1 1 1 1 1 1 1 1 1 1 1 1 1 1 1 1 1 1 1 1 1 1 1 1 1 1 1 1 1 1 1 1 1 1 1 1 1 1 1 1 1 1 1 1 1 1 1 1 1 1 1 1 1 1 1 1 1 1 1 1 1 1 1 1 1 1 1 1 1 1 1 1 1 1 1 1 1 1 1 1 1 1 1 1 1 1 1 1 1 1 1 1 1 1 1 1 1 1 1 1 1 1 1 1 1 1 1 1 1 1 1 1 1 1 1 1 1 1 1 1 1 1 1 1 1 1 1 1 1 1 1 1 1 1 1 1 1 1 1 1 1 1 1 1 1 1 1 1 1 1 1 1 1 1 1 1 1 1 1 1 1 1 1 1 1 1 1 1 1 1 1 1 1 1 1 1 1 1 1 1 1 1 1 1 1 1 1 1 1 1 1 1 1 1 1 1 1 1 1 1 1 1 1 1 1 1 1 1 1 1 1 1 1 1 1 1 1 1 1 1 1 1 1 1 1 1 1 1 1 1 1 1 1 1 1 1 1 1 1 1 1 1 1 1 1 1 1 1 1 1 1 1 1 1 1 1 1 1 1 1 1 1 1 1 1 1 1 1 1 1 1 1 1 1 1 1 1 1 1 1 1 1 1 1 1 1 1 1 1 1 1 1 1 1 1 1 1 1 1 1 1 1 1 1 1 1 1 1 1 1 1 1 1 1 1 1 1 1 1 1 1 1 1 1 1 1 1 1 1 1 1 1 1 1 1 1 1 1 1 1 1 1 1 1 1 1 1 1 1 1 1 1 1 1 1 1 1 1 1 1 1 1 1 1 1 1 1 1 1 1 1 1 1 1 1 1 1 1 1 1 1 1 1 1 1 1 1 1 1 1 1 1 1 1 1 1 1 1 1 1 1 1 1 1 1 1 1 1 1 1 1 1 1 1 1 1 1 1 1 1 1 1 1 1 1 1 1 1 1 1 1 1 1 1 1 1 1 1 1 1 1 1 1 1 1 1 1 1 1 1 1 1 1 1 1 1 1 1 1 1 1 1 1 1 1 1 1 1 1 1 1 1 1 1 1 1 1 1 1 1 1 1 1 1 1 1 1 1 1 1 1 1 1 1 1 1 1 1 1 1 1 1 1 1 1 1 1 1 1 1 1 1 1 1 1 1 1 1 1 1 1 1 1 1 1 1 1 1 1 1 1 1 1 1 1 1 1 1 1 1 1 1 1 1 1 1 1 1 1 1 1 1 1 1 1 1 1 1 1 1 1 1 1 1 1 1 1 1 1 1 1 1 1 1 1 1 1 1 1 1 1 1 1 1 1 1 1 1 1 1 1 1 1 1 1 1 1 1 1 1 1 1 1 1 1 1 1 1 1 1 1 1 1 1 1 1 1 1 1 1 1 1 1 1 1 1 1 1 1 1 1 1 1 1 1 1 1 1 1 1 1 1 1 1 1 1 1 1 1 1 1 1 1 1 1 1 1 1 1 1 1 1 1 1 1 1 1 1 1 1 1 1 1 1 1 1 1 1 1 1 1 1 1 1 1 1 1 1 1 1 1 1 1 1 1 1 1 1 1 1 1 1 1 1 1 1 1 1 1 1 1 1 1 1 1 1 1 1 1 1 1 1 1 1 1 1 1 1 1 1 1 1 1 1 1 1 1 1 1 1 1 1 1 1 1 1 1 1 1 1 1 1 1 1 1 1 1 1 1 1 1 1 1 1 1 1 1 1 1 1 1 1 1 1 1 1 1 1 1 1 1 1 1 1 1 1 1 1 1 1 1 1 1 1 1 1 1 1 1 1 1 1 1 1 1 1 1 1 1 1 1 1 1 1 1 1 1 1 1 1 1 1 1 1 1 1 1 1 1 1 1 1 1 1 1 1 1 1 1 1 1 1 1 1 1 1 1 1 1 1 1 1 1 1 1 1 1 1 1 1 1 1 1 1 1 1 1 1 1 1 1 1 1 1 1 1 1 1 1 1 1 1 1 1 1 1 1 1 1 1 1 1 1 1 1 1 1 1 1 1 1 1 1 1 1 1 1 1 1 1 1 1 1 1 1 1 1 1 1 1 1 1 1 1 1 1 1 1 1 1 1 1 1 1 1 1 1 1 1 1 1 1 1 1 1 1 1 1 1 1 1 1 1 1 1 1 1 1 1 1 1 1 1 1 1 1 1 1 1 1 1 1 1 1 1 1 1 1 1 1 1 1 1 1 1 1 1 1 1 1 1 1 1 1 1 1 1 1 1 1 1 1 1 1 1 1 1 1 1 1 1 1 1 1 1 1 1 1 1 1 1 1 1 1 1 1 1 1 1 1 1 1 1 1 1 1 1 1 1 1 1 1 1 1 1 1 1 1 1 1 1 1 1 1 1 1 1 1 1 1 1 1 1 1 1 1 1 1 1 1 1 1 1 1 1 1 1 1 1 1 1 1 1 1 1 1 1 1 1 1 1 1 1 1 1 1 1 1 1 1 1 1 1 1 1 1 1 1 1 1 1 1 1 1 1 1 1 1 1 1 1 1 1 1 1 1 1 1 1 1 1 1 1 1 1 1 1 1 1 1 1 1 1 1 1 1 1 1 1 1 1 1 1 1 1 1 1 1 1 1 1 1 1 1 1 1 1 1 1 1 1 1 1 1 1 1 1 1 1 1 1 1 1 1 1 1 1 1 1 1 1 1 1 1 1 1 1 1 1 1 1 1 1 1 1 1 1 1 1 1 1 1 1 1 1 1 1 1 1 1 1 1 1 1 1 1 1 1 1 1 1 1 1 1 1 1 1 1 1 1 1 1 1 1 1 1 1 1 1 1 1 1 1 1 1 1 1 1 1 1 1 1 1 1 1 1 1 1 1 1 1 1 1 1 1 1 1 1 1 1 1 1 1 1 1 1 1 1 1 1 1 1 1 1 1 1 1 1 1 1 1 1 1 1 1 1 1 1 1 1 1 1 1 1 1 1 1 1 1 1 1 1 1 1 1 1 1 1 1 1 1 1 1 1 1 1 1 1 1 1 1 1 1 1 1 1 1 1 1 1 1 1 1 1 1 1 1 1 1 1 1 1 1 1 1 1 1 1 1 1 1 1 1 1 1 1 1 1 1 1 1 1 1 1 1 1 1 1 1 1 1 1 1 1 1 1 1 1 1 1 1 1 1 1 1 1 1 1 1 1 1 1 1 1 1 1 1 1 1 1 1 1 1 1 1 1 1 1 1 1 1 1 1 1 1 1 1 1 1 1 1 1 1 1 1 1 1 1 1 1 1 1 1 1 1 1 1 1 1 1 1 1 1 1 1 1 1 1 1 1 1 1 1 1 1 1 1 1 1 1 1 1 1 1 1 1 1 1 1 1 1 1 1 1 1 1 1 1 1 1 1 1 1 1 1 1 1 1 1 1 1 1 1 1 1 1 1 1 1 1 1 1 1 1 1 1 1 1 1 1 1 1 1 1 1 1 1 1 1 1 1 1 1 1 1 1 1 1 1 1 1 1 1 1 1 1 1 1 1 1 1 1 1 1 1 1 1 1 1 1 1 1 1 1 1 1 1 1 1 1 1 1 1 1 1 1 1 1 1 1 1 1 1 1 1 1 1 1 1 1 1 1 1 1 1 1 1 1 1 1 1 1 1 1 1 1 1 1 1 1 1 1 1 1 1 1 1 1 1 1 1 1 1 1 1 1 1 1 1 1 1 1 1 1 1 1 1 1 1 1 1 1 1 1 1 1 1 1 1 1 1 1 1 1 1 1 1 1 1 1 1 1 1 1 1 1 1 1 1 1 1 1 1 1 1 1 1 1 1 1 1 1 1 1 1 1 1 1 1 1 1 1 1 1 1 1 1 1 1 1 1 1 1 1 1 1 1 1 1 1 1 1 1 1 1 1 1 1 1 1 1 1 1 1 1 1 1 1 1 1 1 1 1 1 1 1 1 1 1 1 1 1 1 1 1 1 1 1 1 1 1 1 1 1 1 1 1 1 1 1 1 1 1 1 1 1 1 1 1 1 1 1 1 1 1 1 1 1 1 1 1 1 1 1 1 1 1 1 1 1 1 1 1 1 1 1 1 1 1 1 1 1 1 1 1 1 1 1 1 1 1 1 1 1 1 1 1 1 1 1 1 1 1 1 1 1 1 1 1 1 1 1 1 1 1 1 1 1 1 1 1 1 1 1 1 1 1 1 1 1 1 1 1 1 1 1 1 1 1 1 1 1 1 1 1 1 1 1 1 1 1 1 1 1 1 1 1 1 1 1 1 1 1 1 1 1 1 1 1 1 1 1 1 1 1 1 1 1 1 1 1 1 1 1 1 1 1 1 1 1 1 1 1 1 1 1 1 1 1 1 1 1 1 1 1 1 1 1 1 1 1 1 1 1 1 1 1 1 1 1 1 1 1 1 1 1 1 1 1 1 1 1 1 1 1 1 1 1 1 1 1 1 1 1 1 1 1 1 1 1 1 1 1 1 1 1 1 1 1 1 1 1 1 1 1 1 1 1 1 1 1 1 1 1 1 1 1 1 1 1 1 1 1 1 1 1 1 1 1 1 1 1 1 1 1 1 1 1 1 1 1 1 1 1 1 1 1 1 1 1 1 1 1 1 1 1 1 1 1 1 1 1 1 1 1 1 1 1 1 1 1 1 1 1 1 1 1 1 1 1 1 1 1 1 1 1 1 1 1 1 1 1 1 1 1 1 1 1 1 1 1 1 1 1 1 1 1 1 1 1 1 1 1 1 1 1 1 1 1 1 1 1 1 1 1 1 1 1 1 1 1 1 1 1 1 1 1 1 1 1 1 1 1 1 1 1 1 1 1 1 1 1 1 1 1 1 1 1 1 1 1 1 1 1 1 1 1 1 1 1 1 1 1 1 1 1 1 1 1 1 1 1 1 1 1 1 1 1 1 1 1 1 1 1 1 1 1 1 1 1 1 1 1 1 1 1 1 1 1 1 1 1 1 1 1 1 1 1 1 1 1 1 1 1 1 1 1 1 1 1 1 1 1 1 1 1 1 1 1 1 1 1 1 1 1 1 1 1 1 1 1 1 1 1 1 1 1 1 1 1 1 1 1 1 1 1 1 1 1 1 1 1 1 1 1 1 1 1 1 1 1 1 1 1 1 1 1 1 1 1 1 1 1 1 1 1 1 1 1 1 1 1 1 1 1 1 1 1 1 1 1 1 1 1 1 1 1 1 1 1 1 1 1 1 1 1 1 1 1 1 1 1 1 1 1 1 1 1 1 1 1 1 1 1 1 1 1 1 1 1 1 1 1 1 1 1 1 1 1 1 1 1 1 1 1 1 1 1 1 1 1 1 1 1 1 1 1 1 1 1 1 1 1 1 1 1 1 1 1 1 1 1 1 1 1 1 1 1 1 1 1 1 1 1 1 1 1 1 1 1 1 1 1 1 1 1 1 1 1 1 1 1 1 1 1 1 1 1 1 1 1 1 1 1 1 1 1 1 1 1 1 1 1 1 1 1 1 1 1 1 1 1 1 1 1 1 1 1 1 1 1 1 1 1 1 1 1 1 1 1 1 1 1 1 1 1 1 1 1 1 1 1 1 1 1 1 1 1 1 1 1 1 1 1 1 1 1 1 1 1 1 1 1 1 1 1 1 1 1 1 1 1 1 1 1 1 1 1 1 1 1 1 1 1 1 1 1 1 1 1 1 1 1 1 1 1 1 1 1 1 1 1 1 1 1 1 1 1 1 1 1 1 1 1 1 1 1 1 1 1 1 1 1 1 1 1 1 1 1 1 1 1 1 1 1 1 1 1 1 1 1 1 1 1 1 1 1 1 1 1 1 1 1 1 1 1 1 1 1 1 1 1 1 1 1 1 1 1 1 1 1 1 1 1 1 1 1 1 1 1 1 1 1 1 1 1 1 1 1 1 1 1 1 1 1 1 1 1 1 1 1 1 1 1 1 1 1 1 1 1 1 1 1 1 1 1 1 1 1 1 1 1 1 1 1 1 1 1 1 1 1 1 1 1 1 1 1 1 1 1 1 1 1 1 1 1 1 1 1 1 1 1 1 1 1 1 1 1 1 1 1 1 1 1 1 1 1 1 1 1 1 1 1 1 1 1 1 1 1 1 1 1 1 1 1 1 1 1 1 1 1 1 1 1 1 1 1 1 1 1 1 1 1 1 1 1 1 1 1 1 1 1 1 1 1 1 1 1 1 1 1 1 1 1 1 1 1 1 1 1 1 1 1 1 1 1 1 1 1 1 1 1 1 1 1 1 1 1 1 1 1 1 1 1 1 1 1 1 1 1 1 1 1 1 1 1 1 1 1 1 1 1 1 1 1 1 1 1 1 1 1 1 1 1 1 1 1 1 1 1 1 1 1 1 1 1 1 1 1 1 1 1 1 1 1 1 1 1 1 1 1 1 1 1 1 1 1 1 1 1 1 1 1 1 1 1 1 1 1 1 1 1 1 1 1 1 1 1 1 1 1 1 1 1 1 1 1 1 1 1 1 1 1 1 1 1 1 1 1 1 1 1 1 1 1 1 1 1 1 1 1 1 1 1 1 1 1 1 1 1 1 1 1 1 1 1 1 1 1 1 1 1 1 1 1 1 1 1 1 1 1 1 1 1 1 1 1 1 1 1 1 1 1 1 1 1 1 1 1 1 1 1 1 1 1 1 1 1 1 1 1 1 1 1 1 1 1 1 1 1 1 1 1 1 1 1 1 1 1 1 1 1 1 1 1 1 1 1 1 1 1 1 1 1 1 1 1 1 1 1 1 1 1 1 1 1 1 1 1 1 1 1 1 1 1 1 1 1 1 1 1 1 1 1 1 1 1 1 1 1 1 1 1 1 1 1 1 1 1 1 1 1 1 1 1 1 1 1 1 1 1 1 1 1 1 1 1 1 1 1 1 1 1 1 1 1 1 1 1 1 1 1 1 1 1 1 1 1 1 1 1 1 1 1 1 1 1 1 1 1 1 1 1 1 1 1 1 1 1 1 1 1 1 1 1 1 1 1 1 1 1 1 1 1 1 1 1 1 1 1 1 1 1 1 1 1 1 1 1 1 1 1 1 1 1 1 1 1 1 1 1 1 1 1 1 1 1 1 1 1 1 1 1 1 1 1 1 1 1 1 1 1 1 1 1 1 1 1 1 1 1 1 1 1 1 1 1 1 1 1 1 1 1 1 1 1 1 1 1 1 1 1 1 1 1 1 1 1 1 1 1 1 1 1 1 1 1 1 1 1 1 1 1 1 1 1 1 1 1 1 1 1 1 1 1 1 1 1 1 1 1 1 1 1 1 1 1 1 1 1 1 1 1 1 1 1 1 1 1 1 1 1 1 1 1 1 1 1 1 1 1 1 1 1 1 1 1 1 1 1 1 1 1 1 1 1 1 1 1 1 1 1 1 1 1 1 1 1 1 1 1 1 1 1 1 1 1 1 1 1 1 1 1 1 1 1 1 1 1 1 1 1 1 1 1 1 1 1 1 1 1 1 1 1 1 1 1 1 1 1 1 1 1 1 1 1 1 1 1 1 1 1 1 1 1 1 1 1 1 1 1 1 1 1 1 1 1 1 1 1 1 1 1 1 1 1 1 1 1 1 1 1 1 1 1 1 1 1 1 1 1 1 1 1 1 1 1 1 1 1 1 1 1 1 1 1 1 1 1 1 1 1 1 1 1 1 1 1 1 1 1 1 1 1 1 1 1 1 1 1 1 1 1 1 1 1 1 1 1 1 1 1 1 1 1 1 1 1 1 1 1 1 1 1 1 1 1 1 1 1 1 1 1 1 1 1 1 1 1 1 1 1 1 1 1 1 1 1 1 1 1 1 1 1 1 1 1 1 1 1 1 1 1 1 1 1 1 1 1 1 1 1 1 1 1 1 1 1 1 1 1 1 1 1 1 1 1 1 1 1 1 1 1 1 1 1 1 1 1 1 1 1 1 1 1 1 1 1 1 1 1 1 1 1 1 1 1 1 1 1 1 1 1 1 1 1 1 1 1 1 1 1 1 1 1 1 1 1 1 1 1 1 1 1 1 1 1 1 1 1 1 1 1 1 1 1 1 1 1 1 1 1 1 1 1 1 1 1 1 1 1 1 1 1 1 1 1 1 1 1 1 1 1 1 1 1 1 1 1 1 1 1 1 1 1 1 1 1 1 1 1 1 1 1 1 1 1 1 1 1 1 1 1 1 1 1 1 1 1 1 1 1 1 1 1 1 1 1 1 1 1 1 1 1 1 1 1 1 1 1 1 1 1 1 1 1 1 1 1 1 1 1 1 1 1 1 1 1 1 1 1 1 1 1 1 1 1 1 1 1 1 1 1 1 1 1 1 1 1 1 1 1 1 1 1 1 1 1 1 1 1 1 1 1 1 1 1 1 1 1 1 1 1 1 1 1 1 1 1 1 1 1 1 1 1 1 1 1 1 1 1 1 1 1 1 1 1 1 1 1 1 1 1 1 1 1 1 1 1 1 1 1 1 1 1 1 1 1 1 1 1 1 1 1 1 1 1 1 1 1 1 1 1 1 1 1 1 1 1 1 1 1 1 1 1 1 1 1 1 1 1 1 1 1 1 1 1 1 1 1 1 1 1 1 1 1 1 1 1 1 1 1 1 1 1 1 1 1 1 1 1 1 1 1 1 1 1 1 1 1 1 1 1 1 1 1 1 1 1 1 1 1 1 1 1 1 1 1 1 1 1 1 1 1 1 1 1 1 1 1 1 1 1 1 1 1 1 1 1 1 1 1 1 1 1 1 1 1 1 1 1 1 1 1 1 1 1 1 1 1 1 1 1 1 1 1 1 1 1 1 1 1 1 1 1 1 1 1 1 1 1 1 1 1 1 1 1 1 1 1 1 1 1 1 1 1 1 1 1 1 1 1 1 1 1 1 1 1 1 1 1 1 1 1 1 1 1 1 1 1 1 1 1 1 1 1 1 1 1 1 1 1 1 1 1 1 1 1 1 1 1 1 1 1 1 1 1 1 1 1 1 1 1 1 1 1 1 1 1 1 1 1 1 1 1 1 1 1 1 1 1 1 1 1 1 1 1 1 1 1 1 1 1 1 1 1 1 1 1 1 1 1 1 1 1 1 1 1 1 1 1 1 1 1 1 1 1 1 1 1 1 1 1 1 1 1 1 1 1 1 1 1 1 1 1 1 1 1 1 1 1 1 1 1 1 1 1 1 1 1 1 1 1 1 1 1 1 1 1 1 1 1 1 1 1 1 1 1 1 1 1 1 1 1 1 1 1 1 1 1 1 1 1 1 1 1 1 1 1 1 1 1 1 1 1 1 1 1 1 1 1 1 1 1 1 1 1 1 1 1 1 1 1 1 1 1 1 1 1 1 1 1 1 1 1 1 1 1 1 1 1 1 1 1 1 1 1 1 1 1 1 1 1 1 1 1 1 1 1 1 1 1 1 1 1 1 1 1 1 1 1 1 1 1 1 1 1 1 1 1 1 1 1 1 1 1 1 1 1 1 1 1 1 1 1 1 1 1 1 1 1 1 1 1 1 1 1 1 1 1 1 1 1 1 1 1 1 1 1 1 1 1 1 1 1 1 1 1 1 1 1 1 1 1 1 1 1 1 1 1 1 1 1 1 1 1 1 1 1 1 1 1 1 1 1 1 1 1 1 1 1 1 1 1 1 1 1 1 1 1 1 1 1 1 1 1 1 1 1 1 1 1 1 1 1 1 1 1 1 1 1 1 1 1 1 1 1 1 1 1 1 1 1 1 1 1 1 1 1 1 1 1 1 1 1 1 1 1 1 1 1 1 1 1 1 1 1 1 1 1 1 1 1 1 1 1 1 1 1 1 1 1 1 1 1 1 1 1 1 1 1 1 1 1 1 1 1 1 1 1 1 1 1 1 1 1 1 1 1 1 1 1 1 1 1 1 1 1 1 1 1 1 1 1 1 1 1 1 1 1 1 1 1 1 1 1 1 1 1 1 1 1 1 1 1 1 1 1 1 1 1 1 1 1 1 1 1 1 1 1 1 1 1 1 1 1 1 1 1 1 1 1 1 1 1 1 1 1 1 1 1 1 1 1 1 1 1 1 1 1 1 1 1 1 1 1 1 1 1 1 1 1 1 1 1 1 1 1 1 1 1 1 1 1 1 1 1 1 1 1 1 1 1 1 1 1 1 1 1 1 1 1 1 1 1 1 1 1 1 1 1 1 1 1 1 1 1 1 1 1 1 1 1 1 1 1 1 1 1 1 1 1 1 1 1 1 1 1 1 1 1 1 1 1 1 1 1 1 1 1 1 1 1 1 1 1 1 1 1 1 1 1 1 1 1 1 1 1 1 1 1 1 1 1 1 1 1 1 1 1 1 1 1 1 1 1 1 1 1 1 1 1 1 1 1 1 1 1 1 1 1 1 1 1 1 1 1 1 1 1 1 1 1 1 1 1 1 1 1 1 1 1 1 1 1 1 1 1 1 1 1 1 1 1 1 1 1 1 1 1 1 1 1 1 1 1 1 1 1 1 1 1 1 1 1 1 1 1 1 1 1 1 1 1 1 1 1 1 1 1 1 1 1 1 1 1 1 1 1 1 1 1 1 1 1 1 1 1 1 1 1 1 1 1 1 1 1 1 1 1 1 1 1 1 1 1 1 1 1 1 1 1 1 1 1 1 1 1 1 1 1 1 1 1 1 1 1 1 1 1 1 1 1 1 1 1 1 1 1 1 1 1 1 1 1 1 1 1 1 1 1 1 1 1 1 1 1 1 1 1 1 1 1 1 1 1 1 1 1 1 1 1 1 1 1 1 1 1 1 1 1 1 1 1 1 1 1 1 1 1 1 1 1 1 1 1 1 1 1 1 1 1 1 1 1 1 1 1 1 1 1 1 1 1 1 1 1 1 1 1 1 1 1 1 1 1 1 1 1 1 1 1 1 1 1 1 1 1 1 1 1 1 1 1 1 1 1 1 1 1 1 1 1 1 1 1 1 1 1 1 1 1 1 1 1 1 1 1 1 1 1 1 1 1 1 1 1 1 1 1 1 1 1 1 1 1 1 1 1 1 1 1 1 1 1 1 1 1 1 1 1 1 1 1 1 1 1 1 1 1 1 1 1 1 1 1 1 1 1 1 1 1 1 1 1 1 1 1 1 1 1 1 1 1 1 1 1 1 1 1 1 1 1 1 1 1 1 1 1 1 1 1 1 1 1 1 1 1 1 1 1 1 1 1 1 1 1 1 1 1 1 1 1 1 1 1 1 1 1 1 1 1 1 1 1 1 1 1 1 1 1 1 1 1 1 1 1 1 1 1 1 1 1 1 1 1 1 1 1 1 1 1 1 1 1 1 1 1 1 1 1 1 1 1 1 1 1 1 1 1 1 1 1 1 1 1 1 1 1 1 1 1 1 1 1 1 1 1 1 1 1 1 1 1 1 1 1 1 1 1 1 1 1 1 1 1 1 1 1 1 1 1 1 1 1 1 1 1 1 1 1 1 1 1 1 1 1 1 1 1 1 1 1 1 1 1 1 1 1 1 1 1 1 1 1 1 1 1 1 1 1 1 1 1 1 1 1 1 1 1 1 1 1 1 1 1 1 1 1 1 1 1 1 1 1 1 1 1 1 1 1 1 1 1 1 1 1 1 1 1 1 1 1 1 1 1 1 1 1 1 1 1 1 1 1 1 1 1 1 1 1 1 1 1 1 1 1 1 1 1 1 1 1 1 1 1 1 1 1 1 1 1 1 1 1 1 1 1 1 1 1 1 1 1 1 1 1 1 1 1 1 1 1 1 1 1 1 1 1 1 1 1 1 1 1 1 1 1 1 1 1 1 1 1 1 1 1 1 1 1 1 1 1 1 1 1 1 1 1 1 1 1 1 1 1 1 1 1 1 1 1 1 1 1 1 1 1 1 1 1 1 1 1 1 1 1 1 1 1 1 1 1 1 1 1 1 1 1 1 1 1 1 1 1 1 1 1 1 1 1 1 1 1 1 1 1 1 1 1 1 1 1 1 1 1 1 1 1 1 1 1 1 1 1 1 1 1 1 1 1 1 1 1 1 1 1 1 1 1 1 1 1 1 1 1 1 1 1 1 1 1 1 1 1 1 1 1 1 1 1 1 1 1 1 1 1 1 1 1 1 1 1 1 1 1 1 1 1 1 1 1 1 1 1 1 1 1 1 1 1 1 1 1 1 1 1 1 1 1 1 1 1 1 1 1 1 1 1 1 1 1 1 1 1 1 1 1 1 1 1 1 1 1 1 1 1 1 1 1 1 1 1 1 1 1 1 1 1 1 1 1 1 1 1 1 1 1 1 1 1 1 1 1 1 1 1 1 1 1 1 1 1 1 1 1 1 1 1 1 1 1 1 1 1 1 1 1 1 1 1 1 1 1 1 1 1 1 1 1 1 1 1 1 1 1 1 1 1 1 1 1 1 1 1 1 1 1 1 1 1 1 1 1 1 1 1 1 1 1 1 1 1 1 1 1 1 1 1 1 1 1 1 1 1 1 1 1 1 1 1 1 1 1 1 1 1 1 1 1 1 1 1 1 1 1 1 1 1 1 1 1 1 1 1 1 1 1 1 1 1 1 1 1 1 1 1 1 1 1 1 1 1 1 1 1 1 1 1 1 1 1 1 1 1 1 1 1 1 1 1 1 1 1 1 1 1 1 1 1 1 1 1 1 1 1 1 1 1 1 1 1 1 1 1 1 1 1 1 1 1 1 1 1 1 1 1 1 1 1 1 1 1 1 1 1 1 1 1 1 1 1 1 1 1 1 1 1 1 1 1 1 1 1 1 1 1 1 1 1 1 1 1 1 1 1 1 1 1 1 1 1 1 1 1 1 1 1 1 1 1 1 1 1 1 1 1 1 1 1 1 1 1 1 1 1 1 1 1 1 1 1 1 1 1 1 1 1 1 1 1 1 1 1 1 1 1 1 1 1 1 1 1 1 1 1 1 1 1 1 1 1 1 1 1 1 1 1 1 1 1 1 1 1 1 1 1 1 1 1 1 1 1 1 1 1 1 1 1 1 1 1 1 1 1 1 1 1 1 1 1 1 1 1 1 1 1 1 1 1 1 1 1 1 1 1 1 1 1 1 1 1 1 1 1 1 1 1 1 1 1 1 1 1 1 1 1 1 1 1 1 1 1 1 1 1 1 1 1 1 1 1 1 1 1 1 1 1 1 1 1 1 1 1 1 1 1 1 1 1 1 1 1 1 1 1 1 1 1 1 1 1 1 1 1 1 1 1 1 1 1 1 1 1 1 1 1 1 1 1 1 1 1 1 1 1 1 1 1 1 1 1 1 1 1 1 1 1 1 1 1 1 1 1 1 1 1 1 1 1 1 1 1 1 1 1 1 1 1 1 1 1 1 1 1 1 1 1 1 1 1 1 1 1 1 1 1 1 1 1 1 1 1 1 1 1 1 1 1 1 1 1 1 1 1 1 1 1 1 1 1 1 1 1 1 1 1 1 1 1 1 1 1 1 1 1 1 1 1 1 1 1 1 1 1 1 1 1 1 1 1 1 1 1 1 1 1 1 1 1 1 1 1 1 1 1 1 1 1 1 1 1 1 1 1 1 1 1 1 1 1 1 1 1 1 1 1 1 1 1 1 1 1 1 1 1 1 1 1 1 1 1 1 1 1 1 1 1 1 1 1 1 1 1 1 1 1 1 1 1 1 1 1 1 1 1 1 1 1 1 1 1 1 1 1 1 1 1 1 1 1 1 1 1 1 1 1 1 1 1 1 1 1 1 1 1 1 1 1 1 1 1 1 1 1 1 1 1 1 1 1 1 1 1 1 1 1 1 1 1 1 1 1 1 1 1 1 1 1 1 1 1 1 1 1 1 1 1 1 1 1 1 1 1 1 1 1 1 1 1 1 1 1 1 1 1 1 1 1 1 1 1 1 1 1 1 1 1 1 1 1 1 1 1 1 1 1 1 1 1 1 1 1 1 1 1 1 1 1 1 1 1 1 1 1 1 1 1 1 1 1 1 1 1 1 1 1 1 1 1 1 1 1 1 1 1 1 1 1 1 1 1 1 1 1 1 1 1 1 1 1 1 1 1 1 1 1 1 1 1 1 1 1 1 1 1 1 1 1 1 1 1 1 1 1 1 1 1 1 1 1 1 1 1 1 1 1 1 1 1 1 1 1 1 1 1 1 1 1 1 1 1 1 1 1 1 1 1 1 1 1 1 1 1 1 1 1 1 1 1 1 1 1 1 1 1 1 1 1 1 1 1 1 1 1 1 1 1 1 1 1 1 1 1 1 1 1 1 1 1 1 1 1 1 1 1 1 1 1 1 1 1 1 1 1 1 1 1 1 1 1 1 1 1 1 1 1 1 1 1 1 1 1 1 1 1 1 1 1 1 1 1 1 1 1 1 1 1 1 1 1 1 1 1 1 1 1 1 1 1 1 1 1 1 1 1 1 1 1 1 1 1 1 1 1 1 1 1 1 1 1 1 1 1 1 1 1 1 1 1 1 1 1 1 1 1 1 1 1 1 1 1 1 1 1 1 1 1 1 1 1 1 1 1 1 1 1 1 1 1 1 1 1 1 1 1 1 1 1 1 1 1 1 1 1 1 1 1 1 1 1 1 1 1 1 1 1 1 1 1 1 1 1 1 1 1 1 1 1 1 1 1 1 1 1 1 1 1 1 1 1 1 1 1 1 1 1 1 1 1 1 1 1 1 1 1 1 1 1 1 1 1 1 1 1 1 1 1 1 1 1 1 1 1 1 1 1 1 1 1 1 1 1 1 1 1 1 1 1 1 1 1 1 1 1 1 1 1 1 1 1 1 1 1 1 1 1 1 1 1 1 1 1 1 1 1 1 1 1 1 1 1 1 1 1 1 1 1 1 1 1 1 1 1 1 1 1 1 1 1 1 1 1 1 1 1 1 1 1 1 1 1 1 1 1 1 1 1 1 1 1 1 1 1 1 1 1 1 1 1 1 1 1 1 1 1 1 1 1 1 1 1 1 1 1 1 1 1 1 1 1 1 1 1 1 1 1 1 1 1 1 1 1 1 1 1 1 1 1 1 1 1 1 1 1 1 1 1 1 1 1 1 1 1 1 1 1 1 1 1 1 1 1 1 1 1 1 1 1 1 1 1 1 1 1 1 1 1 1 1 1 1 1 1 1 1 1 1 1 1 1 1 1 1 1 1 1 1 1 1 1 1 1 1 1 1 1 1 1 1 1 1 1 1 1 1 1 1 1 1 1 1 1 1 1 1 1 1 1 1 1 1 1 1 1 1 1 1 1 1 1 1 1 1 1 1 1 1 1 1 1 1 1 1 1 1 1 1 1 1 1 1 1 1 1 1 1 1 1 1 1 1 1 1 1 1 1 1 1 1 1 1 1 1 1 1 1 1 1 1 1 1 1 1 1 1 1 1 1 1 1 1 1 1 1 1 1 1 1 1 1 1 1 1 1 1 1 1 1 1 1 1 1 1 1 1 1 1 1 1 1 1 1 1 1 1 1 1 1 1 1 1 1 1 1 1 1 1 1 1 1 1 1 1 1 1 1 1 1 1 1 1 1 1 1 1 1 1 1 1 1 1 1 1 1 1 1 1 1 1 1 1 1 1 1 1 1 1 1 1 1 1 1 1 1 1 1 1 1 1 1 1 1 1 1 1 1 1 1 1 1 1 1 1 1 1 1 1 1 1 1 1 1 1 1 1 1 1 1 1 1 1 1 1 1 1 1 1 1 1 1 1 1 1 1 1 1 1 1 1 1 1 1 1 1 1 1 1 1 1 1 1 1 1 1 1 1 1 1 1 1 1 1 1 1 1 1 1 1 1 1 1 1 1 1 1 1 1 1 1 1 1 1 1 1 1 1 1 1 1 1 1 1 1 1 1 1 1 1 1 1 1 1 1 1 1 1 1 1 1 1 1 1 1 1 1 1 1 1 1 1 1 1 1 1 1 1 1 1 1 1 1 1 1 1 1 1 1 1 1 1 1 1 1 1 1 1 1 1 1 1 1 1 1 1 1 1 1 1 1 1 1 1 1 1 1 1 1 1 1 1 1 1 1 1 1 1 1 1 1 1 1 1 1 1 1 1 1 1 1 1 1 1 1 1 1 1 1 1 1 1 1 1 1 1 1 1 1 1 1 1 1 1 1 1 1 1 1 1 1 1 1 1 1 1 1 1 1 1 1 1 1 1 1 1 1 1 1 1 1 1 1 1 1 1 1 1 1 1 1 1 1 1 1 1 1 1 1 1 1 1 1 1 1 1 1 1 1 1 1 1 1 1 1 1 1 1 1 1 1 1 1 1 1 1 1 1 1 1 1 1 1 1 1 1 1 1 1 1 1 1 1 1 1 1 1 1 1 1 1 1 1 1 1 1 1 1 1 1 1 1 1 1 1 1 1 1 1 1 1 1 1 1 1 1 1 1 1 1 1 1 1 1 1 1 1 1 1 1 1 1 1 1 1 1 1 1 1 1 1 1 1 1 1 1 1 1 1 1 1 1 1 1 1 1 1 1 1 1 1 1 1 1 1 1 1 1 1 1 1 1 1 1 1 1 1 1 1 1 1 1 1 1 1 1 1 1 1 1 1 1 1 1 1 1 1 1 1 1 1 1 1 1 1 1 1 1 1 1 1 1 1 1 1 1 1 1 1 1 1 1 1 1 1 1 1 1 1 1 1 1 1 1 1 1 1 1 1 1 1 1 1 1 1 1 1 1 1 1 1 1 1 1 1 1 1 1 1 1 1 1 1 1 1 1 1 1 1 1 1 1 1 1 1 1 1 1 1 1 1 1 1 1 1 1 1 1 1 1 1 1 1 1 1 1 1 1 1 1 1 1 1 1 1 1 1 1 1 1 1 1 1 1 1 1 1 1 1 1 1 1 1 1 1 1 1 1 1 1 1 1 1 1 1 1 1 1 1 1 1 1 1 1 1 1 1 1 1 1 1 1 1 1 1 1 1 1 1 1 1 1 1 1 1 1 1 1 1 1 1 1 1 1 1 1 1 1 1 1 1 1 1 1 1 1 1 1 1 1 1 1 1 1 1 1 1 1 1 1 1 1 1 1 1 1 1 1 1 1 1 1 1 1 1 1 1 1 1 1 1 1 1 1 1 1 1 1 1 1 1 1 1 1 1 1 1 1 1 1 1 1 1 1 1 1 1 1 1 1 1 1 1 1 1 1 1 1 1 1 1 1 1 1 1 1 1 1 1 1 1 1 1 1 1 1 1 1 1 1 1 1 1 1 1 1 1 1 1 1 1 1 1 1 1 1 1 1 1 1 1 1 1 1 1 1 1 1 1 1 1 1 1 1 1 1 1 1 1 1 1 1 1 1 1 1 1 1 1 1 1 1 1 1 1 1 1 1 1 1 1 1 1 1 1 1 1 1 1 1 1 1 1 1 1 1 1 1 1 1 1 1 1 1 1 1 1 1 1 1 1 1 1 1 1 1 1 1 1 1 1 1 1 1 1 1 1 1 1 1 1 1 1 1 1 1 1 1 1 1 1 1 1 1 1 1 1 1 1 1 1 1 1 1 1 1 1 1 1 1 1 1 1 1 1 1 1 1 1 1 1 1 1 1 1 1 1 1 1 1 1 1 1 1 1 1 1 1 1 1 1 1 1 1 1 1 1 1 1 1 1 1 1 1 1 1 1 1 1 1 1 1 1 1 1 1 1 1 1 1 1 1 1 1 1 1 1 1 1 1 1 1 1 1 1 1 1 1 1 1 1 1 1 1 1 1 1 1 1 1 1 1 1 1 1 1 1 1 1 1 1 1 1 1 1 1 1 1 1 1 1 1 1 1 1 1 1 1 1 1 1 1 1 1 1 1 1 1 1 1 1 1 1 1 1 1 1 1 1 1 1 1 1 1 1 1 1 1 1 1 1 1 1 1 1 1 1 1 1 1 1 1 1 1 1 1 1 1 1 1 1 1 1 1 1 1 1 1 1 1 1 1 1 1 1 1 1 1 1 1 1 1 1 1 1 1 1 1 1 1 1 1 1 1 1 1 1 1 1 1 1 1 1 1 1 1 1 1 1 1 1 1 1 1 1 1 1 1 1 1 1 1 1 1 1 1 1 1 1 1 1 1 1 1 1 1 1 1 1 1 1 1 1 1 1 1 1 1 1 1 1 1 1 1 1 1 1 1 1 1 1 1 1 1 1 1 1 1 1 1 1 1 1 1 1 1 1 1 1 1 1 1 1 1 1 1 1 1 1 1 1 1 1 1 1 1 1 1 1 1 1 1 1 1 1 1 1 1 1 1 1 1 1 1 1 1 1 1 1 1 1 1 1 1 1 1 1 1 1 1 1 1 1 1 1 1 1 1 1 1 1 1 1 1 1 1 1 1 1 1 1 1 1 1 1 1 1 1 1 1 1 1 1 1 1 1 1 1 1 1 1 1 1 1 1 1 1 1 1 1 1 1 1 1 1 1 1 1 1 1 1 1 1 1 1 1 1 1 1 1 1 1 1 1 1 1 1 1 1 1 1 1 1 1 1 1 1 1 1 1 1 1 1 1 1 1 1 1 1 1 1 1 1 1 1 1 1 1 1 1 1 1 1 1 1 1 1 1 1 1 1 1 1 1 1 1 1 1 1 1 1 1 1 1 1 1 1 1 1 1 1 1 1 1 1 1 1 1 1 1 1 1 1 1 1 1 1 1 1 1 1 1 1 1 1 1 1 1 1 1 1 1 1 1 1 1 1 1 1 1 1 1 1 1 1 1 1 1 1 1 1 1 1 1 1 1 1 1 1 1 1 1 1 1 1 1 1 1 1 1 1 1 1 1 1 1 1 1 1 1 1 1 1 1 1 1 1 1 1 1 1 1 1 1 1 1 1 1 1 1 1 1 1 1 1 1 1 1 1 1 1 1 1 1 1 1 1 1 1 1 1 1 1 1 1 1 1 1 1 1 1 1 1 1 1 1 1 1 1 1 1 1 1 1 1 1 1 1 1 1 1 1 1 1 1 1 1 1 1 1 1 1 1 1 1 1 1 1 1 1 1 1 1 1 1 1 1 1 1 1 1 1 1 1 1 1 1 1 1 1 1 1 1 1 1 1 1 1 1 1 1 1 1 1 1 1 1 1 1 1 1 1 1 1 1 1 1 1 1 1 1 1 1 1 1 1 1 1 1 1 1 1 1 1 1 1 1 1 1 1 1 1 1 1 1 1 1 1 1 1 1 1 1 1 1 1 1 1 1 1 1 1 1 1 1 1 1 1 1 1 1 1 1 1 1 1 1 1 1 1 1 1 1 1 1 1 1 1 1 1 1 1 1 1 1 1 1 1 1 1 1 1 1 1 1 1 1 1 1 1 1 1 1 1 1 1 1 1 1 1 1 1 1 1 1 1 1 1 1 1 1 1 1 1 1 1 1 1 1 1 1 1 1 1 1 1 1 1 1 1 1 1 1 1 1 1 1 1 1 1 1 1 1 1 1 1 1 1 1 1 1 1 1 1 1 1 1 1 1 1 1 1 1 1 1 1 1 1 1 1 1 1 1 1 1 1 1 1 1 1 1 1 1 1 1 1 1 1 1 1 1 1 1 1 1 1 1 1 1 1 1 1 1 1 1 1 1 1 1 1 1 1 1 1 1 1 1 1 1 1 1 1 1 1 1 1 1 1 1 1 1 1 1 1 1 1 1 1 1 1 1 1 1 1 1 1 1 1 1 1 1 1 1 1 1 1 1 1 1 1 1 1 1 1 1 1 1 1 1 1 1 1 1 1 1 1 1 1 1 1 1 1 1 1 1 1 1 1 1 1 1 1 1 1 1 1 1 1 1 1 1 1 1 1 1 1 1 1 1 1 1 1 1 1 1 1 1 1 1 1 1 1 1 1 1 1 1 1 1 1 1 1 1 1 1 1 1 1 1 1 1 1 1 1 1 1 1 1 1 1 1 1 1 1 1 1 1 1 1 1 1 1 1 1 1 1 1 1 1 1 1 1 1 1 1 1 1 1 1 1 1 1 1 1 1 1 1 1 1 1 1 1 1 1 1 1 1 1 1 1 1 1 1 1 1 1 1 1 1 1 1 1 1 1 1 1 1 1 1 1 1 1 1 1 1 1 1 1 1 1 1 1 1 1 1 1 1 1 1 1 1 1 1 1 1 1 1 1 1 1 1 1 1 1 1 1 1 1 1 1 1 1 1 1 1 1 1 1 1 1 1 1 1 1 1 1 1 1 1 1 1 1 1 1 1 1 1 1 1 1 1 1 1 1 1 1 1 1 1 1 1 1 1 1 1 1 1 1 1 1 1 1 1 1 1 1 1 1 1 1 1 1 1 1 1 1 1 1 1 1 1 1 1 1 1 1 1 1 1 1 1 1 1 1 1 1 1 1 1 1 1 1 1 1 1 1 1 1 1 1 1 1 1 1 1 1 1 1 1 1 1 1 1 1 1 1 1 1 1 1 1 1 1 1 1 1 1 1 1 1 1 1 1 1 1 1 1 1 1 1 1 1 1 1 1 1 1 1 1 1 1 1 1 1 1 1 1 1 1 1 1 1 1 1 1 1 1 1 1 1 1 1 1 1 1 1 1 1 1 1 1 1 1 1 1 1 1 1 1 1 1 1 1 1 1 1 1 1 1 1 1 1 1 1 1 1 1 1 1 1 1 1 1 1 1 1 1 1 1 1 1 1 1 1 1 1 1 1 1 1 1 1 1 1 1 1 1 1 1 1 1 1 1 1 1 1 1 1 1 1 1 1 1 1 1 1 1 1 1 1 1 1 1 1 1 1 1 1 1 1 1 1 1 1 1 1 1 1 1 1 1 1 1 1 1 1 1 1 1 1 1 1 1 1 1 1 1 1 1 1 1 1 1 1 1 1 1 1 1 1 1 1 1 1 1 1 1 1 1 1 1 1 1 1 1 1 1 1 1 1 1 1 1 1 1 1 1 1 1 1 1 1 1 1 1 1 1 1 1 1 1 1 1 1 1 1 1 1 1 1 1 1 1 1 1 1 1 1 1 1 1 1 1 1 1 1 1 1 1 1 1 1 1 1 1 1 1 1 1 1 1 1 1 1 1 1 1 1 1 1 1 1 1 1 1 1 1 1 1 1 1 1 1 1 1 1 1 1 1 1 1 1 1 1 1 1 1 1 1 1 1 1 1 1 1 1 1 1 1 1 1 1 1 1 1 1 1 1 1 1 1 1 1 1 1 1 1 1 1 1 1 1 1 1 1 1 1 1 1 1 1 1 1 1 1 1 1 1 1 1 1 1 1 1 1 1 1 1 1 1 1 1 1 1 1 1 1 1 1 1 1 1 1 1 1 1 1 1 1 1 1 1 1 1 1 1 1 1 1 1 1 1 1 1 1 1 1 1 1 1 1 1 1 1 1 1 1 1 1 1 1 1 1 1 1 1 1 1 1 1 1 1 1 1 1 1 1 1 1 1 1 1 1 1 1 1 1 1 1 1 1 1 1 1 1 1 1 1 1 1 1 1 1 1 1 1 1 1 1 1 1 1 1 1 1 1 1 1 1 1 1 1 1 1 1 1 1 1 1 1 1 1 1 1 1 1 1 1 1 1 1 1 1 1 1 1 1 1 1 1 1 1 1 1 1 1 1 1 1 1 1 1 1 1 1 1 1 1 1 1 1 1 1 1 1 1 1 1 1 1 1 1 1 1 1 1 1 1 1 1 1 1 1 1 1 1 1 1 1 1 1 1 1 1 1 1 1 1 1 1 1 1 1 1 1 1 1 1 1 1 1 1 1 1 1 1 1 1 1 1 1 1 1 1 1 1 1 1 1 1 1 1 1 1 1 1 1 1 1 1 1 1 1 1 1 1 1 1 1 1 1 1 1 1 1 1 1 1 1 1 1 1 1 1 1 1 1 1 1 1 1 1 1 1 1 1 1 1 1 1 1 1 1 1 1 1 1 1 1 1 1 1 1 1 1 1 1 1 1 1 1 1 1 1 1 1 1 1 1 1 1 1 1 1 1 1 1 1 1 1 1 1 1 1 1 1 1 1 1 1 1 1 1 1 1 1 1 1 1 1 1 1 1 1 1 1 1 1 1 1 1 1 1 1 1 1 1 1 1 1 1 1 1 1 1 1 1 1 1 1 1 1 1 1 1 1 1 1 1 1 1 1 1 1 1 1 1 1 1 1 1 1 1 1 1 1 1 1 1 1 1 1 1 1 1 1 1 1 1 1 1 1 1 1 1 1 1 1 1 1 1 1 1 1 1 1 1 1 1 1 1 1 1 1 1 1 1 1 1 1 1 1 1 1 1 1 1 1 1 1 1 1 1 1 1 1 1 1 1 1 1 1 1 1 1 1 1 1 1 1 1 1 1 1 1 1 1 1 1 1 1 1 1 1 1 1 1 1 1 1 1 1 1 1 1 1 1 1 1 1 1 1 1 1 1 1 1 1 1 1 1 1 1 1 1 1 1 1 1 1 1 1 1 1 1 1 1 1 1 1 1 1 1 1 1 1 1 1 1 1 1 1 1 1 1 1 1 1 1 1 1 1 1 1 1 1 1 1 1 1 1 1 1 1 1 1 1 1 1 1 1 1 1 1 1 1 1 1 1 1 1 1 1 1 1 1 1 1 1 1 1 1 1 1 1 1 1 1 1 1 1 1 1 1 1 1 1 1 1 1 1 1 1 1 1 1 1 1 1 1 1 1 1 1 1 1 1 1 1 1 1 1 1 1 1 1 1 1 1 1 1 1 1 1 1 1 1 1 1 1 1 1 1 1 1 1 1 1 1 1 1 1 1 1 1 1 1 1 1 1 1 1 1 1 1 1 1 1 1 1 1 1 1 1 1 1 1 1 1 1 1 1 1 1 1 1 1 1 1 1 1 1 1 1 1 1 1 1 1 1 1 1 1 1 1 1 1 1 1 1 1 1 1 1 1 1 1 1 1 1 1 1 1 1 1 1 1 1 1 1 1 1 1 1 1 1 1 1 1 1 1 1 1 1 1 1 1 1 1 1 1 1 1 1 1 1 1 1 1 1 1 1 1 1 1 1 1 1 1 1 1 1 1 1 1 1 1 1 1 1 1 1 1 1 1 1 1 1 1 1 1 1 1 1 1 1 1 1 1 1 1 1 1 1 1 1 1 1 1 1 1 1 1 1 1 1 1 1 1 1 1 1 1 1 1 1 1 1 1 1 1 1 1 1 1 1 1 1 1 1 1 1 1 1 1 1 1 1 1 1 1 1 1 1 1 1 1 1 1 1 1 1 1 1 1 1 1 1 1 1 1 1 1 1 1 1 1 1 1 1 1 1 1 1 1 1 1 1 1 1 1 1 1 1 1 1 1 1 1 1 1 1 1 1 1 1 1 1 1 1 1 1 1 1 1 1 1 1 1 1 1 1 1 1 1 1 1 1 1 1 1 1 1 1 1 1 1 1 1 1 1 1 1 1 1 1 1 1 1 1 1 1 1 1 1 1 1 1 1 1 1 1 1 1 1 1 1 1 1 1 1 1 1 1 1 1 1 1 1 1 1 1 1 1 1 1 1 1 1 1 1 1 1 1 1 1 1 1 1 1 1 1 1 1 1 1 1 1 1 1 1 1 1 1 1 1 1 1 1 1 1 1 1 1 1 1 1 1 1 1 1 1 1 1 1 1 1 1 1 1 1 1 1 1 1 1 1 1 1 1 1 1 1 1 1 1 1 1 1 1 1 1 1 1 1 1 1 1 1 1 1 1 1 1 1 1 1 1 1 1 1 1 1 1 1 1 1 1 1 1 1 1 1 1 1 1 1 1 1 1 1 1 1 1 1 1 1 1 1 1 1 1 1 1 1 1 1 1 1 1 1 1 1 1 1 1 1 1 1 1 1 1 1 1 1 1 1 1 1 1 1 1 1 1 1 1 1 1 1 1 1 1 1 1 1 1 1 1 1 1 1 1 1 1 1 1 1 1 1 1 1 1 1 1 1 1 1 1 1 1 1 1 1 1 1 1 1 1 1 1 1 1 1 1 1 1 1 1 1 1 1 1 1 1 1 1 1 1 1 1 1 1 1 1 1 1 1 1 1 1 1 1 1 1 1 1 1 1 1 1 1 1 1 1 1 1 1 1 1 1 1 1 1 1 1 1 1 1 1 1 1 1 1 1 1 1 1 1 1 1 1 1 1 1 1 1 1 1 1 1 1 1 1 1 1 1 1 1 1 1 1 1 1 1 1 1 1 1 1 1 1 1 1 1 1 1 1 1 1 1 1 1 1 1 1 1 1 1 1 1 1 1 1 1 1 1 1 1 1 1 1 1 1 1 1 1 1 1 1 1 1 1 1 1 1 1 1 1 1 1 1 1 1 1 1 1 1 1 1 1 1 1 1 1 1 1 1 1 1 1 1 1 1 1 1 1 1 1 1 1 1 1 1 1 1 1 1 1 1 1 1 1 1 1 1 1 1 1 1 1 1 1 1 1 1 1 1 1 1 1 1 1 1 1 1 1 1 1 1 1 1 1 1 1 1 1 1 1 1 1 1 1 1 1 1 1 1 1 1 1 1 1 1 1 1 1 1 1 1 1 1 1 1 1 1 1 1 1 1 1 1 1 1 1 1 1 1 1 1 1 1 1 1 1 1 1 1 1 1 1 1 1 1 1 1 1 1 1 1 1 1 1 1 1 1 1 1 1 1 1 1 1 1 1 1 1 1 1 1 1 1 1 1 1 1 1 1 1 1 1 1 1 1 1 1 1 1 1 1 1 1 1 1 1 1 1 1 1 1 1 1 1 1 1 1 1 1 1 1 1 1 1 1 1 1 1 1 1 1 1 1 1 1 1 1 1 1 1 1 1 1 1 1 1 1 1 1 1 1 1 1 1 1 1 1 1 1 1 1 1 1 1 1 1 1 1 1 1 1 1 1 1 1 1 1 1 1 1 1 1 1 1 1 1 1 1 1 1 1 1 1 1 1 1 1 1 1 1 1 1 1 1 1 1 1 1 1 1 1 1 1 1 1 1 1 1 1 1 1 1 1 1 1 1 1 1 1 1 1 1 1 1 1 1 1 1 1 1 1 1 1 1 1 1 1 1 1 1 1 1 1 1 1 1 1 1 1 1 1 1 1 1 1 1 1 1 1 1 1 1 1 1 1 1 1 1 1 1 1 1 1 1 1 1 1 1 1 1 1 1 1 1 1 1 1 1 1 1 1 1 1 1 1 1 1 1 1 1 1 1 1 1 1 1 1 1 1 1 1 1 1 1 1 1 1 1 1 1 1 1 1 1 1 1 1 1 1 1 1 1 1 1 1 1 1 1 1 1 1 1 1 1 1 1 1 1 1 1 1 1 1 1 1 1 1 1 1 1 1 1 1 1 1 1 1 1 1 1 1 1 1 1 1 1 1 1 1 1 1 1 1 1 1 1 1 1 1 1 1 1 1 1 1 1 1 1 1 1 1 1 1 1 1 1 1 1 1 1 1 1 1 1 1 1 1 1 1 1 1 1 1 1 1 1 1 1 1 1 1 1 1 1 1 1 1 1 1 1 1 1 1 1 1 1 1 1 1 1 1 1 1 1 1 1 1 1 1 1 1 1 1 1 1 1 1 1 1 1 1 1 1 1 1 1 1 1 1 1 1 1 1 1 1 1 1 1 1 1 1 1 1 1 1 1 1 1 1 1 1 1 1 1 1 1 1 1 1 1 1 1 1 1 1 1 1 1 1 1 1 1 1 1 1 1 1 1 1 1 1 1 1 1 1 1 1 1 1 1 1 1 1 1 1 1 1 1 1 1 1 1 1 1 1 1 1 1 1 1 1 1 1 1 1 1 1 1 1 1 1 1 1 1 1 1 1 1 1 1 1 1 1 1 1 1 1 1 1 1 1 1 1 1 1 1 1 1 1 1 1 1 1 1 1 1 1 1 1 1 1 1 1 1 1 1 1 1 1 1 1 1 1 1 1 1 1 1 1 1 1 1 1 1 1 1 1 1 1 1 1 1 1 1 1 1 1 1 1 1 1 1 1 1 1 1 1 1 1 1 1 1 1 1 1 1 1 1 1 1 1 1 1 1 1 1 1 1 1 1 1 1 1 1 1 1 1 1 1 1 1 1 1 1 1 1 1 1 1 1 1 1 1 1 1 1 1 1 1 1 1 1 1 1 1 1 1 1 1 1 1 1 1 1 1 1 1 1 1 1 1 1 1 1 1 1 1 1 1 1 1 1 1 1 1 1 1 1 1 1 1 1 1 1 1 1 1 1 1 1 1 1 1 1 1 1 1 1 1 1 1 1 1 1 1 1 1 1 1 1 1 1 1 1 1 1 1 1 1 1 1 1 1 1 1 1 1 1 1 1 1 1 1 1 1 1 1 1 1 1 1 1 1 1 1 1 1 1 1 1 1 1 1 1 1 1 1 1 1 1 1 1 1 1 1 1 1 1 1 1 1 1 1 1 1 1 1 1 1 1 1 1 1 1 1 1 1 1 1 1 1 1 1 1 1 1 1 1 1 1 1 1 1 1 1 1 1 1 1 1 1 1 1 1 1 1 1 1 1 1 1 1 1 1 1 1 1 1 1 1 1 1 1 1 1 1 1 1 1 1 1 1 1 1 1 1 1 1 1 1 1 1 1 1 1 1 1 1 1 1 1 1 1 1 1 1 1 1 1 1 1 1 1 1 1 1 1 1 1 1 1 1 1 1 1 1 1 1 1 1 1 1 1 1 1 1 1 1 1 1 1 1 1 1 1 1 1 1 1 1 1 1 1 1 1 1 1 1 1 1 1 1 1 1 1 1 1 1 1 1 1 1 1 1 1 1 1 1 1 1 1 1 1 1 1 1 1 1 1 1 1 1 1 1 1 1 1 1 1 1 1 1 1 1 1 1 1 1 1 1 1 1 1 1 1 1 1 1 1 1 1 1 1 1 1 1 1 1 1 1 1 1 1 1 1 1 1 1 1 1 1 1 1 1 1 1 1 1 1 1 1 1 1 1 1 1 1 1 1 1 1 1 1 1 1 1 1 1 1 1 1 1 1 1 1 1 1 1 1 1 1 1 1 1 1 1 1 1 1 1 1 1 1 1 1 1 1 1 1 1 1 1 1 1 1 1 1 1 1 1 1 1 1 1 1 1 1 1 1 1 1 1 1 1 1 1 1 1 1 1 1 1 1 1 1 1 1 1 1 1 1 1 1 1 1 1 1 1 1 1 1 1 1 1 1 1 1 1 1 1 1 1 1 1 1 1 1 1 1 1 1 1 1 1 1 1 1 1 1 1 1 1 1 1 1 1 1 1 1 1 1 1 1 1 1 1 1 1 1 1 1 1 1 1 1 1 1 1 1 1 1 1 1 1 1 1 1 1 1 1 1 1 1 1 1 1 1 1 1 1 1 1 1 1 1 1 1 1 1 1 1 1 1 1 1 1 1 1 1 1 1 1 1 1 1 1 1 1 1 1 1 1 1 1 1 1 1 1 1 1 1 1 1 1 1 1 1 1 1 1 1 1 1 1 1 1 1 1 1 1 1 1 1 1 1 1 1 1 1 1 1 1 1 1 1 1 1 1 1 1 1 1 1 1 1 1 1 1 1 1 1 1 1 1 1 1 1 1 1 1 1 1 1 1 1 1 1 1 1 1 1 1 1 1 1 1 1 1 1 1 1 1 1 1 1 1 1 1 1 1 1 1 1 1 1 1 1 1 1 1 1 1 1 1 1 1 1 1 1 1 1 1 1 1 1 1 1 1 1 1 1 1 1 1 1 1 1 1 1 1 1 1 1 1 1 1 1 1 1 1 1 1 1 1 1 1 1 1 1 1 1 1 1 1 1 1 1 1 1 1 1 1 1 1 1 1 1 1 1 1 1 1 1 1 1 1 1 1 1 1 1 1 1 1 1 1 1 1 1 1 1 1 1 1 1 1 1 1 1 1 1 1 1 1 1 1 1 1 1 1 1 1 1 1 1 1 1 1 1 1 1 1 1 1 1 1 1 1 1 1 1 1 1 1 1 1 1 1 1 1 1 1 1 1 1 1 1 1 1 1 1 1 1 1 1 1 1 1 1 1 1 1 1 1 1 1 1 1 1 1 1 1 1 1 1 1 1 1 1 1 1 1 1 1 1 1 1 1 1 1 1 1 1 1 1 1 1 1 1 1 1 1 1 1 1 1 1 1 1 1 1 1 1 1 1 1 1 1 1 1 1 1 1 1 1 1 1 1 1 1 1 1 1 1 1 1 1 1 1 1 1 1 1 1 1 1 1 1 1 1 1 1 1 1 1 1 1 1 1 1 1 1 1 1 1 1 1 1 1 1 1 1 1 1 1 1 1 1 1 1 1 1 1 1 1 1 1 1 1 1 1 1 1 1 1 1 1 1 1 1 1 1 1 1 1 1 1 1 1 1 1 1 1 1 1 1 1 1 1 1 1 1 1 1 1 1 1 1 1 1 1 1 1 1 1 1 1 1 1 1 1 1 1 1 1 1 1 1 1 1 1 1 1 1 1 1 1 1 1 1 1 1 1 1 1 1 1 1 1 1 1 1 1 1 1 1 1 1 1 1 1 1 1 1 1 1 1 1 1 1 1 1 1 1 1 1 1 1 1 1 1 1 1 1 1 1 1 1 1 1 1 1 1 1 1 1 1 1 1 1 1 1 1 1 1 1 1 1 1 1 1 1 1 1 1 1 1 1 1 1 1 1 1 1 1 1 1 1 1 1 1 1 1 1 1 1 1 1 1 1 1 1 1 1 1 1 1 1 1 1 1 1 1 1 1 1 1 1 1 1 1 1 1 1 1 1 1 1 1 1 1 1 1 1 1 1 1 1 1 1 1 1 1 1 1 1 1 1 1 1 1 1 1 1 1 1 1 1 1 1 1 1 1 1 1 1 1 1 1 1 1 1 1 1 1 1 1 1 1 1 1 1 1 1 1 1 1 1 1 1 1 1 1 1 1 1 1 1 1 1 1 1 1 1 1 1 1 1 1 1 1 1 1 1 1 1 1 1 1 1 1 1 1 1 1 1 1 1 1 1 1 1 1 1 1 1 1 1 1 1 1 1 1 1 1 1 1 1 1 1 1 1 1 1 1 1 1 1 1 1 1 1 1 1 1 1 1 1 1 1 1 1 1 1 1 1 1 1 1 1 1 1 1 1 1 1 1 1 1 1 1 1 1 1 1 1 1 1 1 1 1 1 1 1 1 1 1 1 1 1 1 1 1 1 1 1 1 1 1 1 1 1 1 1 1 1 1 1 1 1 1 1 1 1 1 1 1 1 1 1 1 1 1 1 1 1 1 1 1 1 1 1 1 1 1 1 1 1 1 1 1 1 1 1 1 1 1 1 1 1 1 1 1 1 1 1 1 1 1 1 1 1 1 1 1 1 1 1 1 1 1 1 1 1 1 1 1 1 1 1 1 1 1 1 1 1 1 1 1 1 1 1 1 1 1 1 1 1 1 1 1 1 1 1 1 1 1 1 1 1 1 1 1 1 1 1 1 1 1 1 1 1 1 1 1 1 1 1 1 1 1 1 1 1 1 1 1 1 1 1 1 1 1 1 1 1 1 1 1 1 1 1 1 1 1 1 1 1 1 1 1 1 1 1 1 1 1 1 1 1 1 1 1 1 1 1 1 1 1 1 1 1 1 1 1 1 1 1 1 1 1 1 1 1 1 1 1 1 1 1 1 1 1 1 1 1 1 1 1 1 1 1 1 1 1 1 1 1 1 1 1 1 1 1 1 1 1 1 1 1 1 1 1 1 1 1 1 1 1 1 1 1 1 1 1 1 1 1 1 1 1 1 1 1 1 1 1 1 1 1 1 1 1 1 1 1 1 1 1 1 1 1 1 1 1 1 1 1 1 1 1 1 1 1 1 1 1 1 1 1 1 1 1 1 1 1 1 1 1 1 1 1 1 1 1 1 1 1 1 1 1 1 1 1 1 1 1 1 1 1 1 1 1 1 1 1 1 1 1 1 1 1 1 1 1 1 1 1 1 1 1 1 1 1 1 1 1 1 1 1 1 1 1 1 1 1 1 1 1 1 1 1 1 1 1 1 1 1 1 1 1 1 1 1 1 1 1 1 1 1 1 1 1 1 1 1 1 1 1 1 1 1 1 1 1 1 1 1 1 1 1 1 1 1 1 1 1 1 1 1 1 1 1 1 1 1 1 1 1 1 1 1 1 1 1 1 1 1 1 1 1 1 1 1 1 1 1 1 1 1 1 1 1 1 1 1 1 1 1 1 1 1 1 1 1 1 1 1 1 1 1 1 1 1 1 1 1 1 1 1 1 1 1 1 1 1 1 1 1 1 1 1 1 1 1 1 1 1 1 1 1 1 1 1 1 1 1 1 1 1 1 1 1 1 1 1 1 1 1 1 1 1 1 1 1 1 1 1 1 1 1 1 1 1 1 1 1 1 1 1 1 1 1 1 1 1 1 1 1 1 1 1 1 1 1 1 1 1 1 1 1 1 1 1 1 1 1 1 1 1 1 1 1 1 1 1 1 1 1 1 1 1 1 1 1 1 1 1 1 1 1 1 1 1 1 1 1 1 1 1 1 1 1 1 1 1 1 1 1 1 1 1 1 1 1 1 1 1 1 1 1 1 1 1 1 1 1 1 1 1 1 1 1 1 1 1 1 1 1 1 1 1 1 1 1 1 1 1 1 1 1 1 1 1 1 1 1 1 1 1 1 1 1 1 1 1 1 1 1 1 1 1 1 1 1 1 1 1 1 1 1 1 1 1 1 1 1 1 1 1 1 1 1 1 1 1 1 1 1 1 1 1 1 1 1 1 1 1 1 1 1 1 1 1 1 1 1 1 1 1 1 1 1 1 1 1 1 1 1 1 1 1 1 1 1 1 1 1 1 1 1 1 1 1 1 1 1 1 1 1 1 1 1 1 1 1 1 1 1 1 1 1 1 1 1 1 1 1 1 1 1 1 1 1 1 1 1 1 1 1 1 1 1 1 1 1 1 1 1 1 1 1 1 1 1 1 1 1 1 1 1 1 1 1 1 1 1 1 1 1 1 1 1 1 1 1 1 1 1 1 1 1 1 1 1 1 1 1 1 1 1 1 1 1 1 1 1 1 1 1 1 1 1 1 1 1 1 1 1 1 1 1 1 1 1 1 1 1 1 1 1 1 1 1 1 1 1 1 1 1 1 1 1 1 1 1 1 1 1 1 1 1 1 1 1 1 1 1 1 1 1 1 1 1 1 1 1 1 1 1 1 1 1 1 1 1 1 1 1 1 1 1 1 1 1 1 1 1 1 1 1 1 1 1 1 1 1 1 1 1 1 1 1 1 1 1 1 1 1 1 1 1 1 1 1 1 1 1 1 1 1 1 1 1 1 1 1 1 1 1 1 1 1 1 1 1 1 1 1 1 1 1 1 1 1 1 1 1 1 1 1 1 1 1 1 1 1 1 1 1 1 1 1 1 1 1 1 1 1 1 1 1 1 1 1 1 1 1 1 1 1 1 1 1 1 1 1 1 1 1 1 1 1 1 1 1 1 1 1 1 1 1 1 1 1 1 1 1 1 1 1 1 1 1 1 1 1 1 1 1 1 1 1 1 1 1 1 1 1 1 1 1 1 1 1 1 1 1 1 1 1 1 1 1 1 1 1 1 1 1 1 1 1 1 1 1 1 1 1 1 1 1 1 1 1 1 1 1 1 1 1 1 1 1 1 1 1 1 1 1 1 1 1 1 1 1 1 1 1 1 1 1 1 1 1 1 1 1 1 1 1 1 1 1 1 1 1 1 1 1 1 1 1 1 1 1 1 1 1 1 1 1 1 1 1 1 1 1 1 1 1 1 1 1 1 1 1 1 1 1 1 1 1 1 1 1 1 1 1 1 1 1 1 1 1 1 1 1 1 1 1 1 1 1 1 1 1 1 1 1 1 1 1 1 1 1 1 1 1 1 1 1 1 1 1 1 1 1 1 1 1 1 1 1 1 1 1 1 1 1 1 1 1 1 1 1 1 1 1 1 1 1 1 1 1 1 1 1 1 1 1 1 1 1 1 1 1 1 1 1 1 1 1 1 1 1 1 1 1 1 1 1 1 1 1 1 1 1 1 1 1 1 1 1 1 1 1 1 1 1 1 1 1 1 1 1 1 1 1 1 1 1 1 1 1 1 1 1 1 1 1 1 1 1 1 1 1 1 1 1 1 1 1 1 1 1 1 1 1 1 1 1 1 1 1 1 1 1 1 1 1 1 1 1 1 1 1 1 1 1 1 1 1 1 1 1 1 1 1 1 1 1 1 1 1 1 1 1 1 1 1 1 1 1 1 1 1 1 1 1 1 1 1 1 1 1 1 1 1 1 1 1 1 1 1 1 1 1 1 1 1 1 1 1 1 1 1 1 1 1 1 1 1 1 1 1 1 1 1 1 1 1 1 1 1 1 1 1 1 1 1 1 1 1 1 1 1 1 1 1 1 1 1 1 1 1 1 1 1 1 1 1 1 1 1 1 1 1 1 1 1 1 1 1 1 1 1 1 1 1 1 1 1 1 1 1 1 1 1 1 1 1 1 1 1 1 1 1 1 1 1 1 1 1 1 1 1 1 1 1 1 1 1 1 1 1 1 1 1 1 1 1 1 1 1 1 1 1 1 1 1 1 1 1 1 1 1 1 1 1 1 1 1 1 1 1 1 1 1 1 1 1 1 1 1 1 1 1 1 1 1 1 1 1 1 1 1 1 1 1 1 1 1 1 1 1 1 1 1 1 1 1 1 1 1 1 1 1 1 1 1 1 1 1 1 1 1 1 1 1 1 1 1 1 1 1 1 1 1 1 1 1 1 1 1 1 1 1 1 1 1 1 1 1 1 1 1 1 1 1 1 1 1 1 1 1 1 1 1 1 1 1 1 1 1 1 1 1 1 1 1 1 1 1 1 1 1 1 1 1 1 1 1 1 1 1 1 1 1 1 1 1 1 1 1 1 1 1 1 1 1 1 1 1 1 1 1 1 1 1 1 1 1 1 1 1 1 1 1 1 1 1 1 1 1 1 1 1 1 1 1 1 1 1 1 1 1 1 1 1 1 1 1 1 1 1 1 1 1 1 1 1 1 1 1 1 1 1 1 1 1 1 1 1 1 1 1 1 1 1 1 1 1 1 1 1 1 1 1 1 1 1 1 1 1 1 1 1 1 1 1 1 1 1 1 1 1 1 1 1 1 1 1 1 1 1 1 1 1 1 1 1 1 1 1 1 1 1 1 1 1 1 1 1 1 1 1 1 1 1 1 1 1 1 1 1 1 1 1 1 1 1 1 1 1 1 1 1 1 1 1 1 1 1 1 1 1 1 1 1 1 1 1 1 1 1 1 1 1 1 1 1 1 1 1 1 1 1 1 1 1 1 1 1 1 1 1 1 1 1 1 1 1 1 1 1 1 1 1 1 1 1 1 1 1 1 1 1 1 1 1 1 1 1 1 1 1 1 1 1 1 1 1 1 1 1 1 1 1 1 1 1 1 1 1 1 1 1 1 1 1 1 1 1 1 1 1 1 1 1 1 1 1 1 1 1 1 1 1 1 1 1 1 1 1 1 1 1 1 1 1 1 1 1 1 1 1 1 1 1 1 1 1 1 1 1 1 1 1 1 1 1 1 1 1 1 1 1 1 1 1 1 1 1 1 1 1 1 1 1 1 1 1 1 1 1 1 1 1 1 1 1 1 1 1 1 1 1 1 1 1 1 1 1 1 1 1 1 1 1 1 1 1 1 1 1 1 1 1 1 1 1 1 1 1 1 1 1 1 1 1 1 1 1 1 1 1 1 1 1 1 1 1 1 1 1 1 1 1 1 1 1 1 1 1 1 1 1 1 1 1 1 1 1 1 1 1 1 1 1 1 1 1 1 1 1 1 1 1 1 1 1 1 1 1 1 1 1 1 1 1 1 1 1 1 1 1 1 1 1 1 1 1 1 1 1 1 1 1 1 1 1 1 1 1 1 1 1 1 1 1 1 1 1 1 1 1 1 1 1 1 1 1 1 1 1 1 1 1 1 1 1 1 1 1 1 1 1 1 1 1 1 1 1 1 1 1 1 1 1 1 1 1 1 1 1 1 1 1 1 1 1 1 1 1 1 1 1 1 1 1 1 1 1 1 1 1 1 1 1 1 1 1 1 1 1 1 1 1 1 1 1 1 1 1 1 1 1 1 1 1 1 1 1 1 1 1 1 1 1 1 1 1 1 1 1 1 1 1 1 1 1 1 1 1 1 1 1 1 1 1 1 1 1 1 1 1 1 1 1 1 1 1 1 1 1 1 1 1 1 1 1 1 1 1 1 1 1 1 1 1 1 1 1 1 1 1 1 1 1 1 1 1 1 1 1 1 1 1 1 1 1 1 1 1 1 1 1 1 1 1 1 1 1 1 1 1 1 1 1 1 1 1 1 1 1 1 1 1 1 1 1 1 1 1 1 1 1 1 1 1 1 1 1 1 1 1 1 1 1 1 1 1 1 1 1 1 1 1 1 1 1 1 1 1 1 1 1 1 1 1 1 1 1 1 1 1 1 1 1 1 1 1 1 1 1 1 1 1 1 1 1 1 1 1 1 1 1 1 1 1 1 1 1 1 1 1 1 1 1 1 1 1 1 1 1 1 1 1 1 1 1 1 1 1 1 1 1 1 1 1 1 1 1 1 1 1 1 1 1 1 1 1 1 1 1 1 1 1 1 1 1 1 1 1 1 1 1 1 1 1 1 1 1 1 1 1 1 1 1 1 1 1 1 1 1 1 1 1 1 1 1 1 1 1 1 1 1 1 1 1 1 1 1 1 1 1 1 1 1 1 1 1 1 1 1 1 1 1 1 1 1 1 1 1 1 1 1 1 1 1 1 1 1 1 1 1 1 1 1 1 1 1 1 1 1 1 1 1 1 1 1 1 1 1 1 1 1 1 1 1 1 1 1 1 1 1 1 1 1 1 1 1 1 1 1 1 1 1 1 1 1 1 1 1 1 1 1 1 1 1 1 1 1 1 1 1 1 1 1 1 1 1 1 1 1 1 1 1 1 1 1 1 1 1 1 1 1 1 1 1 1 1 1 1 1 1 1 1 1 1 1 1 1 1 1 1 1 1 1 1 1 1 1 1 1 1 1 1 1 1 1 1 1 1 1 1 1 1 1 1 1 1 1 1 1 1 1 1 1 1 1 1 1 1 1 1 1 1 1 1 1 1 1 1 1 1 1 1 1 1 1 1 1 1 1 1 1 1 1 1 1 1 1 1 1 1 1 1 1 1 1 1 1 1 1 1 1 1 1 1 1 1 1 1 1 1 1 1 1 1 1 1 1 1 1 1 1 1 1 1 1 1 1 1 1 1 1 1 1 1 1 1 1 1 1 1 1 1 1 1 1 1 1 1 1 1 1 1 1 1 1 1 1 1 1 1 1 1 1 1 1 1 1 1 1 1 1 1 1 1 1 1 1 1 1 1 1 1 1 1 1 1 1 1 1 1 1 1 1 1 1 1 1 1 1 1 1 1 1 1 1 1 1 1 1 1 1 1 1 1 1 1 1 1 1 1 1 1 1 1 1 1 1 1 1 1 1 1 1 1 1 1 1 1 1 1 1 1 1 1 1 1 1 1 1 1 1 1 1 1 1 1 1 1 1 1 1 1 1 1 1 1 1 1 1 1 1 1 1 1 1 1 1 1 1 1 1 1 1 1 1 1 1 1 1 1 1 1 1 1 1 1 1 1 1 1 1 1 1 1 1 1 1 1 1 1 1 1 1 1 1 1 1 1 1 1 1 1 1 1 1 1 1 1 1 1 1 1 1 1 1 1 1 1 1 1 1 1 1 1 1 1 1 1 1 1 1 1 1 1 1 1 1 1 1 1 1 1 1 1 1 1 1 1 1 1 1 1 1 1 1 1 1 1 1 1 1 1 1 1 1 1 1 1 1 1 1 1 1 1 1 1 1 1 1 1 1 1 1 1 1 1 1 1 1 1 1 1 1 1 1 1 1 1 1 1 1 1 1 1 1 1 1 1 1 1 1 1 1 1 1 1 1 1 1 1 1 1 1 1 1 1 1 1 1 1 1 1 1 1 1 1 1 1 1 1 1 1 1 1 1 1 1 1 1 1 1 1 1 1 1 1 1 1 1 1 1 1 1 1 1 1 1 1 1 1 1 1 1 1 1 1 1 1 1 1 1 1 1 1 1 1 1 1 1 1 1 1 1 1 1 1 1 1 1 1 1 1 1 1 1 1 1 1 1 1 1 1 1 1 1 1 1 1 1 1 1 1 1 1 1 1 1 1 1 1 1 1 1 1 1 1 1 1 1 1 1 1 1 1 1 1 1 1 1 1 1 1 1 1 1 1 1 1 1 1 1 1 1 1 1 1 1 1 1 1 1 1 1 1 1 1 1 1 1 1 1 1 1 1 1 1 1 1 1 1 1 1 1 1 1 1 1 1 1 1 1 1 1 1 1 1 1 1 1 1 1 1 1 1 1 1 1 1 1 1 1 1 1 1 1 1 1 1 1 1 1 1 1 1 1 1 1 1 1 1 1 1 1 1 1 1 1 1 1 1 1 1 1 1 1 1 1 1 1 1 1 1 1 1 1 1 1 1 1 1 1 1 1 1 1 1 1 1 1 1 1 1 1 1 1 1 1 1 1 1 1 1 1 1 1 1 1 1 1 1 1 1 1 1 1 1 1 1 1 1 1 1 1 1 1 1 1 1 1 1 1 1 1 1 1 1 1 1 1 1 1 1 1 1 1 1 1 1 1 1 1 1 1 1 1 1 1 1 1 1 1 1 1 1 1 1 1 1 1 1 1 1 1 1 1 1 1 1 1 1 1 1 1 1 1 1 1 1 1 1 1 1 1 1 1 1 1 1 1 1 1 1 1 1 1 1 1 1 1 1 1 1 1 1 1 1 1 1 1 1 1 1 1 1 1 1 1 1 1 1 1 1 1 1 1 1 1 1 1 1 1 1 1 1 1 1 1 1 1 1 1 1 1 1 1 1 1 1 1 1 1 1 1 1 1 1 1 1 1 1 1 1 1 1 1 1 1 1 1 1 1 1 1 1 1 1 1 1 1 1 1 1 1 1 1 1 1 1 1 1 1 1 1 1 1 1 1 1 1 1 1 1 1 1 1 1 1 1 1 1 1 1 1 1 1 1 1 1 1 1 1 1 1 1 1 1 1 1 1 1 1 1 1 1 1 1 1 1 1 1 1 1 1 1 1 1 1 1 1 1 1 1 1 1 1 1 1 1 1 1 1 1 1 1 1 1 1 1 1 1 1 1 1 1 1 1 1 1 1 1 1 1 1 1 1 1 1 1 1 1 1 1 1 1 1 1 1 1 1 1 1 1 1 1 1 1 1 1 1 1 1 1 1 1 1 1 1 1 1 1 1 1 1 1 1 1 1 1 1 1 1 1 1 1 1 1 1 1 1 1 1 1 1 1 1 1 1 1 1 1 1 1 1 1 1 1 1 1 1 1 1 1 1 1 1 1 1 1 1 1 1 1 1 1 1 1 1 1 1 1 1 1 1 1 1 1 1 1 1 1 1 1 1 1 1 1 1 1 1 1 1 1 1 1 1 1 1 1 1 1 1 1 1 1 1 1 1 1 1 1 1 1 1 1 1 1 1 1 1 1 1 1 1 1 1 1 1 1 1 1 1 1 1 1 1 1 1 1 1 1 1 1 1 1 1 1 1 1 1 1 1 1 1 1 1 1 1 1 1 1 1 1 1 1 1 1 1 1 1 1 1 1 1 1 1 1 1 1 1 1 1 1 1 1 1 1 1 1 1 1 1 1 1 1 1 1 1 1 1 1 1 1 1 1 1 1 1 1 1 1 1 1 1 1 1 1 1 1 1 1 1 1 1 1 1 1 1 1 1 1 1 1 1 1 1 1 1 1 1 1 1 1 1 1 1 1 1 1 1 1 1 1 1 1 1 1 1 1 1 1 1 1 1 1 1 1 1 1 1 1 1 1 1 1 1 1 1 1 1 1 1 1 1 1 1 1 1 1 1 1 1 1 1 1 1 1 1 1 1 1 1 1 1 1 1 1 1 1 1 1 1 1 1 1 1 1 1 1 1 1 1 1 1 1 1 1 1 1 1 1 1 1 1 1 1 1 1 1 1 1 1 1 1 1 1 1 1 1 1 1 1 1 1 1 1 1 1 1 1 1 1 1 1 1 1 1 1 1 1 1 1 1 1 1 1 1 1 1 1 1 1 1 1 1 1 1 1 1 1 1 1 1 1 1 1 1 1 1 1 1 1 1 1 1 1 1 1 1 1 1 1 1 1 1 1 1 1 1 1 1 1 1 1 1 1 1 1 1 1 1 1 1 1 1 1 1 1 1 1 1 1 1 1 1 1 1 1 1 1 1 1 1 1 1 1 1 1 1 1 1 1 1 1 1 1 1 1 1 1 1 1 1 1 1 1 1 1 1 1 1 1 1 1 1 1 1 1 1 1 1 1 1 1 1 1 1 1 1 1 1 1 1 1 1 1 1 1 1 1 1 1 1 1 1 1 1 1 1 1 1 1 1 1 1 1 1 1 1 1 1 1 1 1 1 1 1 1 1 1 1 1 1 1 1 1 1 1 1 1 1 1 1 1 1 1 1 1 1 1 1 1 1 1 1 1 1 1 1 1 1 1 1 1 1 1 1 1 1 1 1 1 1 1 1 1 1 1 1 1 1 1 1 1 1 1 1 1 1 1 1 1 1 1 1 1 1 1 1 1 1 1 1 1 1 1 1 1 1 1 1 1 1 1 1 1 1 1 1 1 1 1 1 1 1 1 1 1 1 1 1 1 1 1 1 1 1 1 1 1 1 1 1 1 1 1 1 1 1 1 1 1 1 1 1 1 1 1 1 1 1 1 1 1 1 1 1 1 1 1 1 1 1 1 1 1 1 1 1 1 1 1 1 1 1 1 1 1 1 1 1 1 1 1 1 1 1 1 1 1 1 1 1 1 1 1 1 1 1 1 1 1 1 1 1 1 1 1 1 1 1 1 1 1 1 1 1 1 1 1 1 1 1 1 1 1 1 1 1 1 1 1 1 1 1 1 1 1 1 1 1 1 1 1 1 1 1 1 1 1 1 1 1 1 1 1 1 1 1 1 1 1 1 1 1 1 1 1 1 1 1 1 1 1 1 1 1 1 1 1 1 1 1 1 1 1 1 1 1 1 1 1 1 1 1 1 1 1 1 1 1 1 1 1 1 1 1 1 1 1 1 1 1 1 1 1 1 1 1 1 1 1 1 1 1 1 1 1 1 1 1 1 1 1 1 1 1 1 1 1 1 1 1 1 1 1 1 1 1 1 1 1 1 1 1 1 1 1 1 1 1 1 1 1 1 1 1 1 1 1 1 1 1 1 1 1 1 1 1 1 1 1 1 1 1 1 1 1 1 1 1 1 1 1 1 1 1 1 1 1 1 1 1 1 1 1 1 1 1 1 1 1 1 1 1 1 1 1 1 1 1 1 1 1 1 1 1 1 1 1 1 1 1 1 1 1 1 1 1 1 1 1 1 1 1 1 1 1 1 1 1 1 1 1 1 1 1 1 1 1 1 1 1 1 1 1 1 1 1 1 1 1 1 1 1 1 1 1 1 1 1 1 1 1 1 1 1 1 1 1 1 1 1 1 1 1 1 1 1 1 1 1 1 1 1 1 1 1 1 1 1 1 1 1 1 1 1 1 1 1 1 1 1 1 1 1 1 1 1 1 1 1 1 1 1 1 1 1 1 1 1 1 1 1 1 1 1 1 1 1 1 1 1 1 1 1 1 1 1 1 1 1 1 1 1 1 1 1 1 1 1 1 1 1 1 1 1 1 1 1 1 1 1 1 1 1 1 1 1 1 1 1 1 1 1 1 1 1 1 1 1 1 1 1 1 1 1 1 1 1 1 1 1 1 1 1 1 1 1 1 1 1 1 1 1 1 1 1 1 1 1 1 1 1 1 1 1 1 1 1 1 1 1 1 1 1 1 1 1 1 1 1 1 1 1 1 1 1 1 1 1 1 1 1 1 1 1 1 1 1 1 1 1 1 1 1 1 1 1 1 1 1 1 1 1 1 1 1 1 1 1 1 1 1 1 1 1 1 1 1 1 1 1 1 1 1 1 1 1 1 1 1 1 1 1 1 1 1 1 1 1 1 1 1 1 1 1 1 1 1 1 1 1 1 1 1 1 1 1 1 1 1 1 1 1 1 1 1 1 1 1 1 1 1 1 1 1 1 1 1 1 1 1 1 1 1 1 1 1 1 1 1 1 1 1 1 1 1 1 1 1 1 1 1 1 1 1 1 1 1 1 1 1 1 1 1 1 1 1 1 1 1 1 1 1 1 1 1 1 1 1 1 1 1 1 1 1 1 1 1 1 1 1 1 1 1 1 1 1 1 1 1 1 1 1 1 1 1 1 1 1 1 1 1 1 1 1 1 1 1 1 1 1 1 1 1 1 1 1 1 1 1 1 1 1 1 1 1 1 1 1 1 1 1 1 1 1 1 1 1 1 1 1 1 1 1 1 1 1 1 1 1 1 1 1 1 1 1 1 1 1 1 1 1 1 1 1 1 1 1 1 1 1 1 1 1 1 1 1 1 1 1 1 1 1 1 1 1 1 1 1 1 1 1 1 1 1 1 1 1 1 1 1 1 1 1 1 1 1 1 1 1 1 1 1 1 1 1 1 1 1 1 1 1 1 1 1 1 1 1 1 1 1 1 1 1 1 1 1 1 1 1 1 1 1 1 1 1 1 1 1 1 1 1 1 1 1 1 1 1 1 1 1 1 1 1 1 1 1 1 1 1 1 1 1 1 1 1 1 1 1 1 1 1 1 1 1 1 1 1 1 1 1 1 1 1 1 1 1 1 1 1 1 1 1 1 1 1 1 1 1 1 1 1 1 1 1 1 1 1 1 1 1 1 1 1 1 1 1 1 1 1 1 1 1 1 1 1 1 1 1 1 1 1 1 1 1 1 1 1 1 1 1 1 1 1 1 1 1 1 1 1 1 1 1 1 1 1 1 1 1 1 1 1 1 1 1 1 1 1 1 1 1 1 1 1 1 1 1 1 1 1 1 1 1 1 1 1 1 1 1 1 1 1 1 1 1 1 1 1 1 1 1 1 1 1 1 1 1 1 1 1 1 1 1 1 1 1 1 1 1 1 1 1 1 1 1 1 1 1 1 1 1 1 1 1 1 1 1 1 1 1 1 1 1 1 1 1 1 1 1 1 1 1 1 1 1 1 1 1 1 1 1 1 1 1 1 1 1 1 1 1 1 1 1 1 1 1 1 1 1 1 1 1 1 1 1 1 1 1 1 1 1 1 1 1 1 1 1 1 1 1 1 1 1 1 1 1 1 1 1 1 1 1 1 1 1 1 1 1 1 1 1 1 1 1 1 1 1 1 1 1 1 1 1 1 1 1 1 1 1 1 1 1 1 1 1 1 1 1 1 1 1 1 1 1 1 1 1 1 1 1 1 1 1 1 1 1 1 1 1 1 1 1 1 1 1 1 1 1 1 1 1 1 1 1 1 1 1 1 1 1 1 1 1 1 1 1 1 1 1 1 1 1 1 1 1 1 1 1 1 1 1 1 1 1 1 1 1 1 1 1 1 1 1 1 1 1 1 1 1 1 1 1 1 1 1 1 1 1 1 1 1 1 1 1 1 1 1 1 1 1 1 1 1 1 1 1 1 1 1 1 1 1 1 1 1 1 1 1 1 1 1 1 1 1 1 1 1 1 1 1 1 1 1 1 1 1 1 1 1 1 1 1 1 1 1 1 1 1 1 1 1 1 1 1 1 1 1 1 1 1 1 1 1 1 1 1 1 1 1 1 1 1 1 1 1 1 1 1 1 1 1 1 1 1 1 1 1 1 1 1 1 1 1 1 1 1 1 1 1 1 1 1 1 1 1 1 1 1 1 1 1 1 1 1 1 1 1 1 1 1 1 1 1 1 1 1 1 1 1 1 1 1 1 1 1 1 1 1 1 1 1 1 1 1 1 1 1 1 1 1 1 1 1 1 1 1 1 1 1 1 1 1 1 1 1 1 1 1 1 1 1 1 1 1 1 1 1 1 1 1 1 1 1 1 1 1 1 1 1 1 1 1 1 1 1 1 1 1 1 1 1 1 1 1 1 1 1 1 1 1 1 1 1 1 1 1 1 1 1 1 1 1 1 1 1 1 1 1 1 1 1 1 1 1 1 1 1 1 1 1 1 1 1 1 1 1 1 1 1 1 1 1 1 1 1 1 1 1 1 1 1 1 1 1 1 1 1 1 1 1 1 1 1 1 1 1 1 1 1 1 1 1 1 1 1 1 1 1 1 1 1 1 1 1 1 1 1 1 1 1 1 1 1 1 1 1 1 1 1 1 1 1 1 1 1 1 1 1 1 1 1 1 1 1 1 1 1 1 1 1 1 1 1 1 1 1 1 1 1 1 1 1 1 1 1 1 1 1 1 1 1 1 1 1 1 1 1 1 1 1 1 1 1 1 1 1 1 1 1 1 1 1 1 1 1 1 1 1 1 1 1 1 1 1 1 1 1 1 1 1 1 1 1 1 1 1 1 1 1 1 1 1 1 1 1 1 1 1 1 1 1 1 1 1 1 1 1 1 1 1 1 1 1 1 1 1 1 1 1 1 1 1 1 1 1 1 1 1 1 1 1 1 1 1 1 1 1 1 1 1 1 1 1 1 1 1 1 1 1 1 1 1 1 1 1 1 1 1 1 1 1 1 1 1 1 1 1 1 1 1 1 1 1 1 1 1 1 1 1 1 1 1 1 1 1 1 1 1 1 1 1 1 1 1 1 1 1 1 1 1 1 1 1 1 1 1 1 1 1 1 1 1 1 1 1 1 1 1 1 1 1 1 1 1 1 1 1 1 1 1 1 1 1 1 1 1 1 1 1 1 1 1 1 1 1 1 1 1 1 1 1 1 1 1 1 1 1 1 1 1 1 1 1 1 1 1 1 1 1 1 1 1 1 1 1 1 1 1 1 1 1 1 1 1 1 1 1 1 1 1 1 1 1 1 1 1 1 1 1 1 1 1 1 1 1 1 1 1 1 1 1 1 1 1 1 1 1 1 1 1 1 1 1 1 1 1 1 1 1 1 1 1 1 1 1 1 1 1 1 1 1 1 1 1 1 1 1 1 1 1 1 1 1 1 1 1 1 1 1 1 1 1 1 1 1 1 1 1 1 1 1 1 1 1 1 1 1 1 1 1 1 1 1 1 1 1 1 1 1 1 1 1 1 1 1 1 1 1 1 1 1 1 1 1 1 1 1 1 1 1 1 1 1 1 1 1 1 1 1 1 1 1 1 1 1 1 1 1 1 1 1 1 1 1 1 1 1 1 1 1 1 1 1 1 1 1 1 1 1 1 1 1 1 1 1 1 1 1 1 1 1 1 1 1 1 1 1 1 1 1 1 1 1 1 1 1 1 1 1 1 1 1 1 1 1 1 1 1 1 1 1 1 1 1 1 1 1 1 1 1 1 1 1 1 1 1 1 1 1 1 1 1 1 1 1 1 1 1 1 1 1 1 1 1 1 1 1 1 1 1 1 1 1 1 1 1 1 1 1 1 1 1 1 1 1 1 1 1 1 1 1 1 1 1 1 1 1 1 1 1 1 1 1 1 1 1 1 1 1 1 1 1 1 1 1 1 1 1 1 1 1 1 1 1 1 1 1 1 1 1 1 1 1 1 1 1 1 1 1 1 1 1 1 1 1 1 1 1 1 1 1 1 1 1 1 1 1 1 1 1 1 1 1 1 1 1 1 1 1 1 1 1 1 1 1 1 1 1 1 1 1 1 1 1 1 1 1 1 1 1 1 1 1 1 1 1 1 1 1 1 1 1 1 1 1 1 1 1 1 1 1 1 1 1 1 1 1 1 1 1 1 1 1 1 1 1 1 1 1 1 1 1 1 1 1 1 1 1 1 1 1 1 1 1 1 1 1 1 1 1 1 1 1 1 1 1 1 1 1 1 1 1 1 1 1 1 1 1 1 1 1 1 1 1 1 1 1 1 1 1 1 1 1 1 1 1 1 1 1 1 1 1 1 1 1 1 1 1 1 1 1 1 1 1 1 1 1 1 1 1 1 1 1 1 1 1 1 1 1 1 1 1 1 1 1 1 1 1 1 1 1 1 1 1 1 1 1 1 1 1 1 1 1 1 1 1 1 1 1 1 1 1 1 1 1 1 1 1 1 1 1 1 1 1 1 1 1 1 1 1 1 1 1 1 1 1 1 1 1 1 1 1 1 1 1 1 1 1 1 1 1 1 1 1 1 1 1 1 1 1 1 1 1 1 1 1 1 1 1 1 1 1 1 1 1 1 1 1 1 1 1 1 1 1 1 1 1 1 1 1 1 1 1 1 1 1 1 1 1 1 1 1 1 1 1 1 1 1 1 1 1 1 1 1 1 1 1 1 1 1 1 1 1 1 1 1 1 1 1 1 1 1 1 1 1 1 1 1 1 1 1 1 1 1 1 1 1 1 1 1 1 1 1 1 1 1 1 1 1 1 1 1 1 1 1 1 1 1 1 1 1 1 1 1 1 1 1 1 1 1 1 1 1 1 1 1 1 1 1 1 1 1 1 1 1 1 1 1 1 1 1 1 1 1 1 1 1 1 1 1 1 1 1 1 1 1 1 1 1 1 1 1 1 1 1 1 1 1 1 1 1 1 1 1 1 1 1 1 1 1 1 1 1 1 1 1 1 1 1 1 1 1 1 1 1 1 1 1 1 1 1 1 1 1 1 1 1 1 1 1 1 1 1 1 1 1 1 1 1 1 1 1 1 1 1 1 1 1 1 1 1 1 1 1 1 1 1 1 1 1 1 1 1 1 1 1 1 1 1 1 1 1 1 1 1 1 1 1 1 1 1 1 1 1 1 1 1 1 1 1 1 1 1 1 1 1 1 1 1 1 1 1 1 1 1 1 1 1 1 1 1 1 1 1 1 1 1 1 1 1 1 1 1 1 1 1 1 1 1 1 1 1 1 1 1 1 1 1 1 1 1 1 1 1 1 1 1 1 1 1 1 1 1 1 1 1 1 1 1 1 1 1 1 1 1 1 1 1 1 1 1 1 1 1 1 1 1 1 1 1 1 1 1 1 1 1 1 1 1 1 1 1 1 1 1 1 1 1 1 1 1 1 1 1 1 1 1 1 1 1 1 1 1 1 1 1 1 1 1 1 1 1 1 1 1 1 1 1 1 1 1 1 1 1 1 1 1 1 1 1 1 1 1 1 1 1 1 1 1 1 1 1 1 1 1 1 1 1 1 1 1 1 1 1 1 1 1 1 1 1 1 1 1 1 1 1 1 1 1 1 1 1 1 1 1 1 1 1 1 1 1 1 1 1 1 1 1 1 1 1 1 1 1 1 1 1 1 1 1 1 1 1 1 1 1 1 1 1 1 1 1 1 1 1 1 1 1 1 1 1 1 1 1 1 1 1 1 1 1 1 1 1 1 1 1 1 1 1 1 1 1 1 1 1 1 1 1 1 1 1 1 1 1 1 1 1 1 1 1 1 1 1 1 1 1 1 1 1 1 1 1 1 1 1 1 1 1 1 1 1 1 1 1 1 1 1 1 1 1 1 1 1 1 1 1 1 1 1 1 1 1 1 1 1 1 1 1 1 1 1 1 1 1 1 1 1 1 1 1 1 1 1 1 1 1 1 1 1 1 1 1 1 1 1 1 1 1 1 1 1 1 1 1 1 1 1 1 1 1 1 1 1 1 1 1 1 1 1 1 1 1 1 1 1 1 1 1 1 1 1 1 1 1 1 1 1 1 1 1 1 1 1 1 1 1 1 1 1 1 1 1 1 1 1 1 1 1 1 1 1 1 1 1 1 1 1 1 1 1 1 1 1 1 1 1 1 1 1 1 1 1 1 1 1 1 1 1 1 1 1 1 1 1 1 1 1 1 1 1 1 1 1 1 1 1 1 1 1 1 1 1 1 1 1 1 1 1 1 1 1 1 1 1 1 1 1 1 1 1 1 1 1 1 1 1 1 1 1 1 1 1 1 1 1 1 1 1 1 1 1 1 1 1 1 1 1 1 1 1 1 1 1 1 1 1 1 1 1 1 1 1 1 1 1 1 1 1 1 1 1 1 1 1 1 1 1 1 1 1 1 1 1 1 1 1 1 1 1 1 1 1 1 1 1 1 1 1 1 1 1 1 1 1 1 1 1 1 1 1 1 1 1 1 1 1 1 1 1 1 1 1 1 1 1 1 1 1 1 1 1 1 1 1 1 1 1 1 1 1 1 1 1 1 1 1 1 1 1 1 1 1 1 1 1 1 1 1 1 1 1 1 1 1 1 1 1 1 1 1 1 1 1 1 1 1 1 1 1 1 1 1 1 1 1 1 1 1 1 1 1 1 1 1 1 1 1 1 1 1 1 1 1 1 1 1 1 1 1 1 1 1 1 1 1 1 1 1 1 1 1 1 1 1 1 1 1 1 1 1 1 1 1 1 1 1 1 1 1 1 1 1 1 1 1 1 1 1 1 1 1 1 1 1 1 1 1 1 1 1 1 1 1 1 1 1 1 1 1 1 1 1 1 1 1 1 1 1 1 1 1 1 1 1 1 1 1 1 1 1 1 1 1 1 1 1 1 1 1 1 1 1 1 1 1 1 1 1 1 1 1 1 1 1 1 1 1 1 1 1 1 1 1 1 1 1 1 1 1 1 1 1 1 1 1 1 1 1 1 1 1 1 1 1 1 1 1 1 1 1 1 1 1 1 1 1 1 1 1 1 1 1 1 1 1 1 1 1 1 1 1 1 1 1 1 1 1 1 1 1 1 1 1 1 1 1 1 1 1 1 1 1 1 1 1 1 1 1 1 1 1 1 1 1 1 1 1 1 1 1 1 1 1 1 1 1 1 1 1 1 1 1 1 1 1 1 1 1 1 1 1 1 1 1 1 1 1 1 1 1 1 1 1 1 1 1 1 1 1 1 1 1 1 1 1 1 1 1 1 1 1 1 1 1 1 1 1 1 1 1 1 1 1 1 1 1 1 1 1 1 1 1 1 1 1 1 1 1 1 1 1 1 1 1 1 1 1 1 1 1 1 1 1 1 1 1 1 1 1 1 1 1 1 1 1 1 1 1 1 1 1 1 1 1 1 1 1 1 1 1 1 1 1 1 1 1 1 1 1 1 1 1 1 1 1 1 1 1 1 1 1 1 1 1 1 1 1 1 1 1 1 1 1 1 1 1 1 1 1 1 1 1 1 1 1 1 1 1 1 1 1 1 1 1 1 1 1 1 1 1 1 1 1 1 1 1 1 1 1 1 1 1 1 1 1 1 1 1 1 1 1 1 1 1 1 1 1 1 1 1 1 1 1 1 1 1 1 1 1 1 1 1 1 1 1 1 1 1 1 1 1 1 1 1 1 1 1 1 1 1 1 1 1 1 1 1 1 1 1 1 1 1 1 1 1 1 1 1 1 1 1 1 1 1 1 1 1 1 1 1 1 1 1 1 1 1 1 1 1 1 1 1 1 1 1 1 1 1 1 1 1 1 1 1 1 1 1 1 1 1 1 1 1 1 1 1 1 1 1 1 1 1 1 1 1 1 1 1 1 1 1 1 1 1 1 1 1 1 1 1 1 1 1 1 1 1 1 1 1 1 1 1 1 1 1 1 1 1 1 1 1 1 1 1 1 1 1 1 1 1 1 1 1 1 1 1 1 1 1 1 1 1 1 1 1 1 1 1 1 1 1 1 1 1 1 1 1 1 1 1 1 1 1 1 1 1 1 1 1 1 1 1 1 1 1 1 1 1 1 1 1 1 1 1 1 1 1 1 1 1 1 1 1 1 1 1 1 1 1 1 1 1 1 1 1 1 1 1 1 1 1 1 1 1 1 1 1 1 1 1 1 1 1 1 1 1 1 1 1 1 1 1 1 1 1 1 1 1 1 1 1 1 1 1 1 1 1 1 1 1 1 1 1 1 1 1 1 1 1 1 1 1 1 1 1 1 1 1 1 1 1 1 1 1 1 1 1 1 1 1 1 1 1 1 1 1 1 1 1 1 1 1 1 1 1 1 1 1 1 1 1 1 1 1 1 1 1 1 1 1 1 1 1 1 1 1 1 1 1 1 1 1 1 1 1 1 1 1 1 1 1 1 1 1 1 1 1 1 1 1 1 1 1 1 1 1 1 1 1 1 1 1 1 1 1 1 1 1 1 1 1 1 1 1 1 1 1 1 1 1 1 1 1 1 1 1 1 1 1 1 1 1 1 1 1 1 1 1 1 1 1 1 1 1 1 1 1 1 1 1 1 1 1 1 1 1 1 1 1 1 1 1 1 1 1 1 1 1 1 1 1 1 1 1 1 1 1 1 1 1 1 1 1 1 1 1 1 1 1 1 1 1 1 1 1 1 1 1 1 1 1 1 1 1 1 1 1 1 1 1 1 1 1 1 1 1 1 1 1 1 1 1 1 1 1 1 1 1 1 1 1 1 1 1 1 1 1 1 1 1 1 1 1 1 1 1 1 1 1 1 1 1 1 1 1 1 1 1 1 1 1 1 1 1 1 1 1 1 1 1 1 1 1 1 1 1 1 1 1 1 1 1 1 1 1 1 1 1 1 1 1 1 1 1 1 1 1 1 1 1 1 1 1 1 1 1 1 1 1 1 1 1 1 1 1 1 1 1 1 1 1 1 1 1 1 1 1 1 1 1 1 1 1 1 1 1 1 1 1 1 1 1 1 1 1 1 1 1 1 1 1 1 1 1 1 1 1 1 1 1 1 1 1 1 1 1 1 1 1 1 1 1 1 1 1 1 1 1 1 1 1 1 1 1 1 1 1 1 1 1 1 1 1 1 1 1 1 1 1 1 1 1 1 1 1 1 1 1 1 1 1 1 1 1 1 1 1 1 1 1 1 1 1 1 1 1 1 1 1 1 1 1 1 1 1 1 1 1 1 1 1 1 1 1 1 1 1 1 1 1 1 1 1 1 1 1 1 1 1 1 1 1 1 1 1 1 1 1 1 1 1 1 1 1 1 1 1 1 1 1 1 1 1 1 1 1 1 1 1 1 1 1 1 1 1 1 1 1 1 1 1 1 1 1 1 1 1 1 1 1 1 1 1 1 1 1 1 1 1 1 1 1 1 1 1 1 1 1 1 1 1 1 1 1 1 1 1 1 1 1 1 1 1 1 1 1 1 1 1 1 1 1 1 1 1 1 1 1 1 1 1 1 1 1 1 1 1 1 1 1 1 1 1 1 1 1 1 1 1 1 1 1 1 1 1 1 1 1 1 1 1 1 1 1 1 1 1 1 1 1 1 1 1 1 1 1 1 1 1 1 1 1 1 1 1 1 1 1 1 1 1 1 1 1 1 1 1 1 1 1 1 1 1 1 1 1 1 1 1 1 1 1 1 1 1 1 1 1 1 1 1 1 1 1 1 1 1 1 1 1 1 1 1 1 1 1 1 1 1 1 1 1 1 1 1 1 1 1 1 1 1 1 1 1 1 1 1 1 1 1 1 1 1 1 1 1 1 1 1 1 1 1 1 1 1 1 1 1 1 1 1 1 1 1 1 1 1 1 1 1 1 1 1 1 1 1 1 1 1 1 1 1 1 1 1 1 1 1 1 1 1 1 1 1 1 1 1 1 1 1 1 1 1 1 1 1 1 1 1 1 1 1 1 1 1 1 1 1 1 1 1 1 1 1 1 1 1 1 1 1 1 1 1 1 1 1 1 1 1 1 1 1 1 1 1 1 1 1 1 1 1 1 1 1 1 1 1 1 1 1 1 1 1 1 1 1 1 1 1 1 1 1 1 1 1 1 1 1 1 1 1 1 1 1 1 1 1 1 1 1 1 1 1 1 1 1 1 1 1 1 1 1 1 1 1 1 1 1 1 1 1 1 1 1 1 1 1 1 1 1 1 1 1 1 1 1 1 1 1 1 1 1 1 1 1 1 1 1 1 1 1 1 1 1 1 1 1 1 1 1 1 1 1 1 1 1 1 1 1 1 1 1 1 1 1 1 1 1 1 1 1 1 1 1 1 1 1 1 1 1 1 1 1 1 1 1 1 1 1 1 1 1 1 1 1 1 1 1 1 1 1 1 1 1 1 1 1 1 1 1 1 1 1 1 1 1 1 1 1 1 1 1 1 1 1 1 1 1 1 1 1 1 1 1 1 1 1 1 1 1 1 1 1 1 1 1 1 1 1 1 1 1 1 1 1 1 1 1 1 1 1 1 1 1 1 1 1 1 1 1 1 1 1 1 1 1 1 1 1 1 1 1 1 1 1 1 1 1 1 1 1 1 1 1 1 1 1 1 1 1 1 1 1 1 1 1 1 1 1 1 1 1 1 1 1 1 1 1 1 1 1 1 1 1 1 1 1 1 1 1 1 1 1 1 1 1 1 1 1 1 1 1 1 1 1 1 1 1 1 1 1 1 1 1 1 1 1 1 1 1 1 1 1 1 1 1 1 1 1 1 1 1 1 1 1 1 1 1 1 1 1 1 1 1 1 1 1 1 1 1 1 1 1 1 1 1 1 1 1 1 1 1 1 1 1 1 1 1 1 1 1 1 1 1 1 1 1 1 1 1 1 1 1 1 1 1 1 1 1 1 1 1 1 1 1 1 1 1 1 1 1 1 1 1 1 1 1 1 1 1 1 1 1 1 1 1 1 1 1 1 1 1 1 1 1 1 1 1 1 1 1 1 1 1 1 1 1 1 1 1 1 1 1 1 1 1 1 1 1 1 1 1 1 1 1 1 1 1 1 1 1 1 1 1 1 1 1 1 1 1 1 1 1 1 1 1 1 1 1 1 1 1 1 1 1 1 1 1 1 1 1 1 1 1 1 1 1 1 1 1 1 1 1 1 1 1 1 1 1 1 1 1 1 1 1 1 1 1 1 1 1 1 1 1 1 1 1 1 1 1 1 1 1 1 1 1 1 1 1 1 1 1 1 1 1 1 1 1 1 1 1 1 1 1 1 1 1 1 1 1 1 1 1 1 1 1 1 1 1 1 1 1 1 1 1 1 1 1 1 1 1 1 1 1 1 1 1 1 1 1 1 1 1 1 1 1 1 1 1 1 1 1 1 1 1 1 1 1 1 1 1 1 1 1 1 1 1 1 1 1 1 1 1 1 1 1 1 1 1 1 1 1 1 1 1 1 1 1 1 1 1 1 1 1 1 1 1 1 1 1 1 1 1 1 1 1 1 1 1 1 1 1 1 1 1 1 1 1 1 1 1 1 1 1 1 1 1 1 1 1 1 1 1 1 1 1 1 1 1 1 1 1 1 1 1 1 1 1 1 1 1 1 1 1 1 1 1 1 1 1 1 1 1 1 1 1 1 1 1 1 1 1 1 1 1 1 1 1 1 1 1 1 1 1 1 1 1 1 1 1 1 1 1 1 1 1 1 1 1 1 1 1 1 1 1 1 1 1 1 1 1 1 1 1 1 1 1 1 1 1 1 1 1 1 1 1 1 1 1 1 1 1 1 1 1 1 1 1 1 1 1 1 1 1 1 1 1 1 1 1 1 1 1 1 1 1 1 1 1 1 1 1 1 1 1 1 1 1 1 1 1 1 1 1 1 1 1 1 1 1 1 1 1 1 1 1 1 1 1 1 1 1 1 1 1 1 1 1 1 1 1 1 1 1 1 1 1 1 1 1 1 1 1 1 1 1 1 1 1 1 1 1 1 1 1 1 1 1 1 1 1 1 1 1 1 1 1 1 1 1 1 1 1 1 1 1 1 1 1 1 1 1 1 1 1 1 1 1 1 1 1 1 1 1 1 1 1 1 1 1 1 1 1 1 1 1 1 1 1 1 1 1 1 1 1 1 1 1 1 1 1 1 1 1 1 1 1 1 1 1 1 1 1 1 1 1 1 1 1 1 1 1 1 1 1 1 1 1 1 1 1 1 1 1 1 1 1 1 1 1 1 1 1 1 1 1 1 1 1 1 1 1 1 1 1 1 1 1 1 1 1 1 1 1 1 1 1 1 1 1 1 1 1 1 1 1 1 1 1 1 1 1 1 1 1 1 1 1 1 1 1 1 1 1 1 1 1 1 1 1 1 1 1 1 1 1 1 1 1 1 1 1 1 1 1 1 1 1 1 1 1 1 1 1 1 1 1 1 1 1 1 1 1 1 1 1 1 1 1 1 1 1 1 1 1 1 1 1 1 1 1 1 1 1 1 1 1 1 1 1 1 1 1 1 1 1 1 1 1 1 1 1 1 1 1 1 1 1 1 1 1 1 1 1 1 1 1 1 1 1 1 1 1 1 1 1 1 1 1 1 1 1 1 1 1 1 1 1 1 1 1 1 1 1 1 1 1 1 1 1 1 1 1 1 1 1 1 1 1 1 1 1 1 1 1 1 1 1 1 1 1 1 1 1 1 1 1 1 1 1 1 1 1 1 1 1 1 1 1 1 1 1 1 1 1 1 1 1 1 1 1 1 1 1 1 1 1 1 1 1 1 1 1 1 1 1 1 1 1 1 1 1 1 1 1 1 1 1 1 1 1 1 1 1 1 1 1 1 1 1 1 1 1 1 1 1 1 1 1 1 1 1 1 1 1 1 1 1 1 1 1 1 1 1 1 1 1 1 1 1 1 1 1 1 1 1 1 1 1 1 1 1 1 1 1 1 1 1 1 1 1 1 1 1 1 1 1 1 1 1 1 1 1 1 1 1 1 1 1 1 1 1 1 1 1 1 1 1 1 1 1 1 1 1 1 1 1 1 1 1 1 1 1 1 1 1 1 1 1 1 1 1 1 1 1 1 1 1 1 1 1 1 1 1 1 1 1 1 1 1 1 1 1 1 1 1 1 1 1 1 1 1 1 1 1 1 1 1 1 1 1 1 1 1 1 1 1 1 1 1 1 1 1 1 1 1 1 1 1 1 1 1 1 1 1 1 1 1 1 1 1 1 1 1 1 1 1 1 1 1 1 1 1 1 1 1 1 1 1 1 1 1 1 1 1 1 1 1 1 1 1 1 1 1 1 1 1 1 1 1 1 1 1 1 1 1 1 1 1 1 1 1 1 1 1 1 1 1 1 1 1 1 1 1 1 1 1 1 1 1 1 1 1 1 1 1 1 1 1 1 1 1 1 1 1 1 1 1 1 1 1 1 1 1 1 1 1 1 1 1 1 1 1 1 1 1 1 1 1 1 1 1 1 1 1 1 1 1 1 1 1 1 1 1 1 1 1 1 1 1 1 1 1 1 1 1 1 1 1 1 1 1 1 1 1 1 1 1 1 1 1 1 1 1 1 1 1 1 1 1 1 1 1 1 1 1 1 1 1 1 1 1 1 1 1 1 1 1 1 1 1 1 1 1 1 1 1 1 1 1 1 1 1 1 1 1 1 1 1 1 1 1 1 1 1 1 1 1 1 1 1 1 1 1 1 1 1 1 1 1 1 1 1 1 1 1 1 1 1 1 1 1 1 1 1 1 1 1 1 1 1 1 1 1 1 1 1 1 1 1 1 1 1 1 1 1 1 1 1 1 1 1 1 1 1 1 1 1 1 1 1 1 1 1 1 1 1 1 1 1 1 1 1 1 1 1 1 1 1 1 1 1 1 1 1 1 1 1 1 1 1 1 1 1 1 1 1 1 1 1 1 1 1 1 1 1 1 1 1 1 1 1 1 1 1 1 1 1 1 1 1 1 1 1 1 1 1 1 1 1 1 1 1 1 1 1 1 1 1 1 1 1 1 1 1 1 1 1 1 1 1 1 1 1 1 1 1 1 1 1 1 1 1 1 1 1 1 1 1 1 1 1 1 1 1 1 1 1 1 1 1 1 1 1 1 1 1 1 1 1 1 1 1 1 1 1 1 1 1 1 1 1 1 1 1 1 1 1 1 1 1 1 1 1 1 1 1 1 1 1 1 1 1 1 1 1 1 1 1 1 1 1 1 1 1 1 1 1 1 1 1 1 1 1 1 1 1 1 1 1 1 1 1 1 1 1 1 1 1 1 1 1 1 1 1 1 1 1 1 1 1 1 1 1 1 1 1 1 1 1 1 1 1 1 1 1 1 1 1 1 1 1 1 1 1 1 1 1 1 1 1 1 1 1 1 1 1 1 1 1 1 1 1 1 1 1 1 1 1 1 1 1 1 1 1 1 1 1 1 1 1 1 1 1 1 1 1 1 1 1 1 1 1 1 1 1 1 1 1 1 1 1 1 1 1 1 1 1 1 1 1 1 1 1 1 1 1 1 1 1 1 1 1 1 1 1 1 1 1 1 1 1 1 1 1 1 1 1 1 1 1 1 1 1 1 1 1 1 1 1 1 1 1 1 1 1 1 1 1 1 1 1 1 1 1 1 1 1 1 1 1 1 1 1 1 1 1 1 1 1 1 1 1 1 1 1 1 1 1 1 1 1 1 1 1 1 1 1 1 1 1 1 1 1 1 1 1 1 1 1 1 1 1 1 1 1 1 1 1 1 1 1 1 1 1 1 1 1 1 1 1 1 1 1 1 1 1 1 1 1 1 1 1 1 1 1 1 1 1 1 1 1 1 1 1 1 1 1 1 1 1 1 1 1 1 1 1 1 1 1 1 1 1 1 1 1 1 1 1 1 1 1 1 1 1 1 1 1 1 1 1 1 1 1 1 1 1 1 1 1 1 1 1 1 1 1 1 1 1 1 1 1 1 1 1 1 1 1 1 1 1 1 1 1 1 1 1 1 1 1 1 1 1 1 1 1 1 1 1 1 1 1 1 1 1 1 1 1 1 1 1 1 1 1 1 1 1 1 1 1 1 1 1 1 1 1 1 1 1 1 1 1 1 1 1 1 1 1 1 1 1 1 1 1 1 1 1 1 1 1 1 1 1 1 1 1 1 1 1 1 1 1 1 1 1 1 1 1 1 1 1 1 1 1 1 1 1 1 1 1 1 1 1 1 1 1 1 1 1 1 1 1 1 1 1 1 1 1 1 1 1 1 1 1 1 1 1 1 1 1 1 1 1 1 1 1 1 1 1 1 1 1 1 1 1 1 1 1 1 1 1 1 1 1 1 1 1 1 1 1 1 1 1 1 1 1 1 1 1 1 1 1 1 1 1 1 1 1 1 1 1 1 1 1 1 1 1 1 1 1 1 1 1 1 1 1 1 1 1 1 1 1 1 1 1 1 1 1 1 1 1 1 1 1 1 1 1 1 1 1 1 1 1 1 1 1 1 1 1 1 1 1 1 1 1 1 1 1 1 1 1 1 1 1 1 1 1 1 1 1 1 1 1 1 1 1 1 1 1 1 1 1 1 1 1 1 1 1 1 1 1 1 1 1 1 1 1 1 1 1 1 1 1 1 1 1 1 1 1 1 1 1 1 1 1 1 1 1 1 1 1 1 1 1 1 1 1 1 1 1 1 1 1 1 1 1 1 1 1 1 1 1 1 1 1 1 1 1 1 1 1 1 1 1 1 1 1 1 1 1 1 1 1 1 1 1 1 1 1 1 1 1 1 1 1 1 1 1 1 1 1 1 1 1 1 1 1 1 1 1 1 1 1 1 1 1 1 1 1 1 1 1 1 1 1 1 1 1 1 1 1 1 1 1 1 1 1 1 1 1 1 1 1 1 1 1 1 1 1 1 1 1 1 1 1 1 1 1 1 1 1 1 1 1 1 1 1 1 1 1 1 1 1 1 1 1 1 1 1 1 1 1 1 1 1 1 1 1 1 1 1 1 1 1 1 1 1 1 1 1 1 1 1 1 1 1 1 1 1 1 1 1 1 1 1 1 1 1 1 1 1 1 1 1 1 1 1 1 1 1 1 1 1 1 1 1 1 1 1 1 1 1 1 1 1 1 1 1 1 1 1 1 1 1 1 1 1 1 1 1 1 1 1 1 1 1 1 1 1 1 1 1 1 1 1 1 1 1 1 1 1 1 1 1 1 1 1 1 1 1 1 1 1 1 1 1 1 1 1 1 1 1 1 1 1 1 1 1 1 1 1 1 1 1 1 1 1 1 1 1 1 1 1 1 1 1 1 1 1 1 1 1 1 1 1 1 1 1 1 1 1 1 1 1 1 1 1 1 1 1 1 1 1 1 1 1 1 1 1 1 1 1 1 1 1 1 1 1 1 1 1 1 1 1 1 1 1 1 1 1 1 1 1 1 1 1 1 1 1 1 1 1 1 1 1 1 1 1 1 1 1 1 1 1 1 1 1 1 1 1 1 1 1 1 1 1 1 1 1 1 1 1 1 1 1 1 1 1 1 1 1 1 1 1 1 1 1 1 1 1 1 1 1 1 1 1 1 1 1 1 1 1 1 1 1 1 1 1 1 1 1 1 1 1 1 1 1 1 1 1 1 1 1 1 1 1 1 1 1 1 1 1 1 1 1 1 1 1 1 1 1 1 1 1 1 1 1 1 1 1 1 1 1 1 1 1 1 1 1 1 1 1 1 1 1 1 1 1 1 1 1 1 1 1 1 1 1 1 1 1 1 1 1 1 1 1 1 1 1 1 1 1 1 1 1 1 1 1 1 1 1 1 1 1 1 1 1 1 1 1 1 1 1 1 1 1 1 1 1 1 1 1 1 1 1 1 1 1 1 1 1 1 1 1 1 1 1 1 1 1 1 1 1 1 1 1 1 1 1 1 1 1 1 1 1 1 1 1 1 1 1 1 1 1 1 1 1 1 1 1 1 1 1 1 1 1 1 1 1 1 1 1 1 1 1 1 1 1 1 1 1 1 1 1 1 1 1 1 1 1 1 1 1 1 1 1 1 1 1 1 1 1 1 1 1 1 1 1 1 1 1 1 1 1 1 1 1 1 1 1 1 1 1 1 1 1 1 1 1 1 1 1 1 1 1 1 1 1 1 1 1 1 1 1 1 1 1 1 1 1 1 1 1 1 1 1 1 1 1 1 1 1 1 1 1 1 1 1 1 1 1 1 1 1 1 1 1 1 1 1 1 1 1 1 1 1 1 1 1 1 1 1 1 1 1 1 1 1 1 1 1 1 1 1 1 1 1 1 1 1 1 1 1 1 1 1 1 1 1 1 1 1 1 1 1 1 1 1 1 1 1 1 1 1 1 1 1 1 1 1 1 1 1 1 1 1 1 1 1 1 1 1 1 1 1 1 1 1 1 1 1 1 1 1 1 1 1 1 1 1 1 1 1 1 1 1 1 1 1 1 1 1 1 1 1 1 1 1 1 1 1 1 1 1 1 1 1 1 1 1 1 1 1 1 1 1 1 1 1 1 1 1 1 1 1 1 1 1 1 1 1 1 1 1 1 1 1 1 1 1 1 1 1 1 1 1 1 1 1 1 1 1 1 1 1 1 1 1 1 1 1 1 1 1 1 1 1 1 1 1 1 1 1 1 1 1 1 1 1 1 1 1 1 1 1 1 1 1 1 1 1 1 1 1 1 1 1 1 1 1 1 1 1 1 1 1 1 1 1 1 1 1 1 1 1 1 1 1 1 1 1 1 1 1 1 1 1 1 1 1 1 1 1 1 1 1 1 1 1 1 1 1 1 1 1 1 1 1 1 1 1 1 1 1 1 1 1 1 1 1 1 1 1 1 1 1 1 1 1 1 1 1 1 1 1 1 1 1 1 1 1 1 1 1 1 1 1 1 1 1 1 1 1 1 1 1 1 1 1 1 1 1 1 1 1 1 1 1 1 1 1 1 1 1 1 1 1 1 1 1 1 1 1 1 1 1 1 1 1 1 1 1 1 1 1 1 1 1 1 1 1 1 1 1 1 1 1 1 1 1 1 1 1 1 1 1 1 1 1 1 1 1 1 1 1 1 1 1 1 1 1 1 1 1 1 1 1 1 1 1 1 1 1 1 1 1 1 1 1 1 1 1 1 1 1 1 1 1 1 1 1 1 1 1 1 1 1 1 1 1 1 1 1 1 1 1 1 1 1 1 1 1 1 1 1 1 1 1 1 1 1 1 1 1 1 1 1 1 1 1 1 1 1 1 1 1 1 1 1 1 1 1 1 1 1 1 1 1 1 1 1 1 1 1 1 1 1 1 1 1 1 1 1 1 1 1 1 1 1 1 1 1 1 1 1 1 1 1 1 1 1 1 1 1 1 1 1 1 1 1 1 1 1 1 1 1 1 1 1 1 1 1 1 1 1 1 1 1 1 1 1 1 1 1 1 1 1 1 1 1 1 1 1 1 1 1 1 1 1 1 1 1 1 1 1 1 1 1 1 1 1 1 1 1 1 1 1 1 1 1 1 1 1 1 1 1 1 1 1 1 1 1 1 1 1 1 1 1 1 1 1 1 1 1 1 1 1 1 1 1 1 1 1 1 1 1 1 1 1 1 1 1 1 1 1 1 1 1 1 1 1 1 1 1 1 1 1 1 1 1 1 1 1 1 1 1 1 1 1 1 1 1 1 1 1 1 1 1 1 1 1 1 1 1 1 1 1 1 1 1 1 1 1 1 1 1 1 1 1 1 1 1 1 1 1 1 1 1 1 1 1 1 1 1 1 1 1 1 1 1 1 1 1 1 1 1 1 1 1 1 1 1 1 1 1 1 1 1 1 1 1 1 1 1 1 1 1 1 1 1 1 1 1 1 1 1 1 1 1 1 1 1 1 1 1 1 1 1 1 1 1 1 1 1 1 1 1 1 1 1 1 1 1 1 1 1 1 1 1 1 1 1 1 1 1 1 1 1 1 1 1 1 1 1 1 1 1 1 1 1 1 1 1 1 1 1 1 1 1 1 1 1 1 1 1 1 1 1 1 1 1 1 1 1 1 1 1 1 1 1 1 1 1 1 1 1 1 1 1 1 1 1 1 1 1 1 1 1 1 1 1 1 1 1 1 1 1 1 1 1 1 1 1 1 1 1 1 1 1 1 1 1 1 1 1 1 1 1 1 1 1 1 1 1 1 1 1 1 1 1 1 1 1 1 1 1 1 1 1 1 1 1 1 1 1 1 1 1 1 1 1 1 1 1 1 1 1 1 1 1 1 1 1 1 1 1 1 1 1 1 1 1 1 1 1 1 1 1 1 1 1 1 1 1 1 1 1 1 1 1 1 1 1 1 1 1 1 1 1 1 1 1 1 1 1 1 1 1 1 1 1 1 1 1 1 1 1 1 1 1 1 1 1 1 1 1 1 1 1 1 1 1 1 1 1 1 1 1 1 1 1 1 1 1 1 1 1 1 1 1 1 1 1 1 1 1 1 1 1 1 1 1 1 1 1 1 1 1 1 1 1 1 1 1 1 1 1 1 1 1 1 1 1 1 1 1 1 1 1 1 1 1 1 1 1 1 1 1 1 1 1 1 1 1 1 1 1 1 1 1 1 1 1 1 1 1 1 1 1 1 1 1 1 1 1 1 1 1 1 1 1 1 1 1 1 1 1 1 1 1 1 1 1 1 1 1 1 1 1 1 1 1 1 1 1 1 1 1 1 1 1 1 1 1 1 1 1 1 1 1 1 1 1 1 1 1 1 1 1 1 1 1 1 1 1 1 1 1 1 1 1 1 1 1 1 1 1 1 1 1 1 1 1 1 1 1 1 1 1 1 1 1 1 1 1 1 1 1 1 1 1 1 1 1 1 1 1 1 1 1 1 1 1 1 1 1 1 1 1 1 1 1 1 1 1 1 1 1 1 1 1 1 1 1 1 1 1 1 1 1 1 1 1 1 1 1 1 1 1 1 1 1 1 1 1 1 1 1 1 1 1 1 1 1 1 1 1 1 1 1 1 1 1 1 1 1 1 1 1 1 1 1 1 1 1 1 1 1 1 1 1 1 1 1 1 1 1 1 1 1 1 1 1 1 1 1 1 1 1 1 1 1 1 1 1 1 1 1 1 1 1 1 1 1 1 1 1 1 1 1 1 1 1 1 1 1 1 1 1 1 1 1 1 1 1 1 1 1 1 1 1 1 1 1 1 1 1 1 1 1 1 1 1 1 1 1 1 1 1 1 1 1 1 1 1 1 1 1 1 1 1 1 1 1 1 1 1 1 1 1 1 1 1 1 1 1 1 1 1 1 1 1 1 1 1 1 1 1 1 1 1 1 1 1 1 1 1 1 1 1 1 1 1 1 1 1 1 1 1 1 1 1 1 1 1 1 1 1 1 1 1 1 1 1 1 1 1 1 1 1 1 1 1 1 1 1 1 1 1 1 1 1 1 1 1 1 1 1 1 1 1 1 1 1 1 1 1 1 1 1 1 1 1 1 1 1 1 1 1 1 1 1 1 1 1 1 1 1 1 1 1 1 1 1 1 1 1 1 1 1 1 1 1 1 1 1 1 1 1 1 1 1 1 1 1 1 1 1 1 1 1 1 1 1 1 1 1 1 1 1 1 1 1 1 1 1 1 1 1 1 1 1 1 1 1 1 1 1 1 1 1 1 1 1 1 1 1 1 1 1 1 1 1 1 1 1 1 1 1 1 1 1 1 1 1 1 1 1 1 1 1 1 1 1 1 1 1 1 1 1 1 1 1 1 1 1 1 1 1 1 1 1 1 1 1 1 1 1 1 1 1 1 1 1 1 1 1 1 1 1 1 1 1 1 1 1 1 1 1 1 1 1 1 1 1 1 1 1 1 1 1 1 1 1 1 1 1 1 1 1 1 1 1 1 1 1 1 1 1 1 1 1 1 1 1 1 1 1 1 1 1 1 1 1 1 1 1 1 1 1 1 1 1 1 1 1 1 1 1 1 1 1 1 1 1 1 1 1 1 1 1 1 1 1 1 1 1 1 1 1 1 1 1 1 1 1 1 1 1 1 1 1 1 1 1 1 1 1 1 1 1 1 1 1 1 1 1 1 1 1 1 1 1 1 1 1 1 1 1 1 1 1 1 1 1 1 1 1 1 1 1 1 1 1 1 1 1 1 1 1 1 1 1 1 1 1 1 1 1 1 1 1 1 1 1 1 1 1 1 1 1 1 1 1 1 1 1 1 1 1 1 1 1 1 1 1 1 1 1 1 1 1 1 1 1 1 1 1 1 1 1 1 1 1 1 1 1 1 1 1 1 1 1 1 1 1 1 1 1 1 1 1 1 1 1 1 1 1 1 1 1 1 1 1 1 1 1 1 1 1 1 1 1 1 1 1 1 1 1 1 1 1 1 1 1 1 1 1 1 1 1 1 1 1 1 1 1 1 1 1 1 1 1 1 1 1 1 1 1 1 1 1 1 1 1 1 1 1 1 1 1 1 1 1 1 1 1 1 1 1 1 1 1 1 1 1 1 1 1 1 1 1 1 1 1 1 1 1 1 1 1 1 1 1 1 1 1 1 1 1 1 1 1 1 1 1 1 1 1 1 1 1 1 1 1 1 1 1 1 1 1 1 1 1 1 1 1 1 1 1 1 1 1 1 1 1 1 1 1 1 1 1 1 1 1 1 1 1 1 1 1 1 1 1 1 1 1 1 1 1 1 1 1 1 1 1 1 1 1 1 1 1 1 1 1 1 1 1 1 1 1 1 1 1 1 1 1 1 1 1 1 1 1 1 1 1 1 1 1 1 1 1 1 1 1 1 1 1 1 1 1 1 1 1 1 1 1 1 1 1 1 1 1 1 1 1 1 1 1 1 1 1 1 1 1 1 1 1 1 1 1 1 1 1 1 1 1 1 1 1 1 1 1 1 1 1 1 1 1 1 1 1 1 1 1 1 1 1 1 1 1 1 1 1 1 1 1 1 1 1 1 1 1 1 1 1 1 1 1 1 1 1 1 1 1 1 1 1 1 1 1 1 1 1 1 1 1 1 1 1 1 1 1 1 1 1 1 1 1 1 1 1 1 1 1 1 1 1 1 1 1 1 1 1 1 1 1 1 1 1 1 1 1 1 1 1 1 1 1 1 1 1 1 1 1 1 1 1 1 1 1 1 1 1 1 1 1 1 1 1 1 1 1 1 1 1 1 1 1 1 1 1 1 1 1 1 1 1 1 1 1 1 1 1 1 1 1 1 1 1 1 1 1 1 1 1 1 1 1 1 1 1 1 1 1 1 1 1 1 1 1 1 1 1 1 1 1 1 1 1 1 1 1 1 1 1 1 1 1 1 1 1 1 1 1 1 1 1 1 1 1 1 1 1 1 1 1 1 1 1 1 1 1 1 1 1 1 1 1 1 1 1 1 1 1 1 1 1 1 1 1 1 1 1 1 1 1 1 1 1 1 1 1 1 1 1 1 1 1 1 1 1 1 1 1 1 1 1 1 1 1 1 1 1 1 1 1 1 1 1 1 1 1 1 1 1 1 1 1 1 1 1 1 1 1 1 1 1 1 1 1 1 1 1 1 1 1 1 1 1 1 1 1 1 1 1 1 1 1 1 1 1 1 1 1 1 1 1 1 1 1 1 1 1 1 1 1 1 1 1 1 1 1 1 1 1 1 1 1 1 1 1 1 1 1 1 1 1 1 1 1 1 1 1 1 1 1 1 1 1 1 1 1 1 1 1 1 1 1 1 1 1 1 1 1 1 1 1 1 1 1 1 1 1 1 1 1 1 1 1 1 1 1 1 1 1 1 1 1 1 1 1 1 1 1 1 1 1 1 1 1 1 1 1 1 1 1 1 1 1 1 1 1 1 1 1 1 1 1 1 1 1 1 1 1 1 1 1 1 1 1 1 1 1 1 1 1 1 1 1 1 1 1 1 1 1 1 1 1 1 1 1 1 1 1 1 1 1 1 1 1 1 1 1 1 1 1 1 1 1 1 1 1 1 1 1 1 1 1 1 1 1 1 1 1 1 1 1 1 1 1 1 1 1 1 1 1 1 1 1 1 1 1 1 1 1 1 1 1 1 1 1 1 1 1 1 1 1 1 1 1 1 1 1 1 1 1 1 1 1 1 1 1 1 1 1 1 1 1 1 1 1 1 1 1 1 1 1 1 1 1 1 1 1 1 1 1 1 1 1 1 1 1 1 1 1 1 1 1 1 1 1 1 1 1 1 1 1 1 1 1 1 1 1 1 1 1 1 1 1 1 1 1 1 1 1 1 1 1 1 1 1 1 1 1 1 1 1 1 1 1 1 1 1 1 1 1 1 1 1 1 1 1 1 1 1 1 1 1 1 1 1 1 1 1 1 1 1 1 1 1 1 1 1 1 1 1 1 1 1 1 1 1 1 1 1 1 1 1 1 1 1 1 1 1 1 1 1 1 1 1 1 1 1 1 1 1 1 1 1 1 1 1 1 1 1 1 1 1 1 1 1 1 1 1 1 1 1 1 1 1 1 1 1 1 1 1 1 1 1 1 1 1 1 1 1 1 1 1 1 1 1 1 1 1 1 1 1 1 1 1 1 1 1 1 1 1 1 1 1 1 1 1 1 1 1 1 1 1 1 1 1 1 1 1 1 1 1 1 1 1 1 1 1 1 1 1 1 1 1 1 1 1 1 1 1 1 1 1 1 1 1 1 1 1 1 1 1 1 1 1 1 1 1 1 1 1 1 1 1 1 1 1 1 1 1 1 1 1 1 1 1 1 1 1 1 1 1 1 1 1 1 1 1 1 1 1 1 1 1 1 1 1 1 1 1 1 1 1 1 1 1 1 1 1 1 1 1 1 1 1 1 1 1 1 1 1 1 1 1 1 1 1 1 1 1 1 1 1 1 1 1 1 1 1 1 1 1 1 1 1 1 1 1 1 1 1 1 1 1 1 1 1 1 1 1 1 1 1 1 1 1 1 1 1 1 1 1 1 1 1 1 1 1 1 1 1 1 1 1 1 1 1 1 1 1 1 1 1 1 1 1 1 1 1 1 1 1 1 1 1 1 1 1 1 1 1 1 1 1 1 1 1 1 1 1 1 1 1 1 1 1 1 1 1 1 1 1 1 1 1 1 1 1 1 1 1 1 1 1 1 1 1 1 1 1 1 1 1 1 1 1 1 1 1 1 1 1 1 1 1 1 1 1 1 1 1 1 1 1 1 1 1 1 1 1 1 1 1 1 1 1 1 1 1 1 1 1 1 1 1 1 1 1 1 1 1 1 1 1 1 1 1 1 1 1 1 1 1 1 1 1 1 1 1 1 1 1 1 1 1 1 1 1 1 1 1 1 1 1 1 1 1 1 1 1 1 1 1 1 1 1 1 1 1 1 1 1 1 1 1 1 1 1 1 1 1 1 1 1 1 1 1 1 1 1 1 1 1 1 1 1 1 1 1 1 1 1 1 1 1 1 1 1 1 1 1 1 1 1 1 1 1 1 1 1 1 1 1 1 1 1 1 1 1 1 1 1 1 1 1 1 1 1 1 1 1 1 1 1 1 1 1 1 1 1 1 1 1 1 1 1 1 1 1 1 1 1 1 1 1 1 1 1 1 1 1 1 1 1 1 1 1 1 1 1 1 1 1 1 1 1 1 1 1 1 1 1 1 1 1 1 1 1 1 1 1 1 1 1 1 1 1 1 1 1 1 1 1 1 1 1 1 1 1 1 1 1 1 1 1 1 1 1 1 1 1 1 1 1 1 1 1 1 1 1 1 1 1 1 1 1 1 1 1 1 1 1 1 1 1 1 1 1 1 1 1 1 1 1 1 1 1 1 1 1 1 1 1 1 1 1 1 1 1 1 1 1 1 1 1 1 1 1 1 1 1 1 1 1 1 1 1 1 1 1 1 1 1 1 1 1 1 1 1 1 1 1 1 1 1 1 1 1 1 1 1 1 1 1 1 1 1 1 1 1 1 1 1 1 1 1 1 1 1 1 1 1 1 1 1 1 1 1 1 1 1 1 1 1 1 1 1 1 1 1 1 1 1 1 1 1 1 1 1 1 1 1 1 1 1 1 1 1 1 1 1 1 1 1 1 1 1 1 1 1 1 1 1 1 1 1 1 1 1 1 1 1 1 1 1 1 1 1 1 1 1 1 1 1 1 1 1 1 1 1 1 1 1 1 1 1 1 1 1 1 1 1 1 1 1 1 1 1 1 1 1 1 1 1 1 1 1 1 1 1 1 1 1 1 1 1 1 1 1 1 1 1 1 1 1 1 1 1 1 1 1 1 1 1 1 1 1 1 1 1 1 1 1 1 1 1 1 1 1 1 1 1 1 1 1 1 1 1 1 1 1 1 1 1 1 1 1 1 1 1 1 1 1 1 1 1 1 1 1 1 1 1 1 1 1 1 1 1 1 1 1 1 1 1 1 1 1 1 1 1 1 1 1 1 1 1 1 1 1 1 1 1 1 1 1 1 1 1 1 1 1 1 1 1 1 1 1 1 1 1 1 1 1 1 1 1 1 1 1 1 1 1 1 1 1 1 1 1 1 1 1 1 1 1 1 1 1 1 1 1 1 1 1 1 1 1 1 1 1 1 1 1 1 1 1 1 1 1 1 1 1 1 1 1 1 1 1 1 1 1 1 1 1 1 1 1 1 1 1 1 1 1 1 1 1 1 1 1 1 1 1 1 1 1 1 1 1 1 1 1 1 1 1 1 1 1 1 1 1 1 1 1 1 1 1 1 1 1 1 1 1 1 1 1 1 1 1 1 1 1 1 1 1 1 1 1 1 1 1 1 1 1 1 1 1 1 1 1 1 1 1 1 1 1 1 1 1 1 1 1 1 1 1 1 1 1 1 1 1 1 1 1 1 1 1 1 1 1 1 1 1 1 1 1 1 1 1 1 1 1 1 1 1 1 1 1 1 1 1 1 1 1 1 1 1 1 1 1 1 1 1 1 1 1 1 1 1 1 1 1 1 1 1 1 1 1 1 1 1 1 1 1 1 1 1 1 1 1 1 1 1 1 1 1 1 1 1 1 1 1 1 1 1 1 1 1 1 1 1 1 1 1 1 1 1 1 1 1 1 1 1 1 1 1 1 1 1 1 1 1 1 1 1 1 1 1 1 1 1 1 1 1 1 1 1 1 1 1 1 1 1 1 1 1 1 1 1 1 1 1 1 1 1 1 1 1 1 1 1 1 1 1 1 1 1 1 1 1 1 1 1 1 1 1 1 1 1 1 1 1 1 1 1 1 1 1 1 1 1 1 1 1 1 1 1 1 1 1 1 1 1 1 1 1 1 1 1 1 1 1 1 1 1 1 1 1 1 1 1 1 1 1 1 1 1 1 1 1 1 1 1 1 1 1 1 1 1 1 1 1 1 1 1 1 1 1 1 1 1 1 1 1 1 1 1 1 1 1 1 1 1 1 1 1 1 1 1 1 1 1 1 1 1 1 1 1 1 1 1 1 1 1 1 1 1 1 1 1 1 1 1 1 1 1 1 1 1 1 1 1 1 1 1 1 1 1 1 1 1 1 1 1 1 1 1 1 1 1 1 1 1 1 1 1 1 1 1 1 1 1 1 1 1 1 1 1 1 1 1 1 1 1 1 1 1 1 1 1 1 1 1 1 1 1 1 1 1 1 1 1 1 1 1 1 1 1 1 1 1 1 1 1 1 1 1 1 1 1 1 1 1 1 1 1 1 1 1 1 1 1 1 1 1 1 1 1 1 1 1 1 1 1 1 1 1 1 1 1 1 1 1 1 1 1 1 1 1 1 1 1 1 1 1 1 1 1 1 1 1 1 1 1 1 1 1 1 1 1 1 1 1 1 1 1 1 1 1 1 1 1 1 1 1 1 1 1 1 1 1 1 1 1 1 1 1 1 1 1 1 1 1 1 1 1 1 1 1 1 1 1 1 1 1 1 1 1 1 1 1 1 1 1 1 1 1 1 1 1 1 1 1 1 1 1 1 1 1 1 1 1 1 1 1 1 1 1 1 1 1 1 1 1 1 1 1 1 1 1 1 1 1 1 1 1 1 1 1 1 1 1 1 1 1 1 1 1 1 1 1 1 1 1 1 1 1 1 1 1 1 1 1 1 1 1 1 1 1 1 1 1 1 1 1 1 1 1 1 1 1 1 1 1 1 1 1 1 1 1 1 1 1 1 1 1 1 1 1 1 1 1 1 1 1 1 1 1 1 1 1 1 1 1 1 1 1 1 1 1 1 1 1 1 1 1 1 1 1 1 1 1 1 1 1 1 1 1 1 1 1 1 1 1 1 1 1 1 1 1 1 1 1 1 1 1 1 1 1 1 1 1 1 1 1 1 1 1 1 1 1 1 1 1 1 1 1 1 1 1 1 1 1 1 1 1 1 1 1 1 1 1 1 1 1 1 1 1 1 1 1 1 1 1 1 1 1 1 1 1 1 1 1 1 1 1 1 1 1 1 1 1 1 1 1 1 1 1 1 1 1 1 1 1 1 1 1 1 1 1 1 1 1 1 1 1 1 1 1 1 1 1 1 1 1 1 1 1 1 1 1 1 1 1 1 1 1 1 1 1 1 1 1 1 1 1 1 1 1 1 1 1 1 1 1 1 1 1 1 1 1 1 1 1 1 1 1 1 1 1 1 1 1 1 1 1 1 1 1 1 1 1 1 1 1 1 1 1 1 1 1 1 1 1 1 1 1 1 1 1 1 1 1 1 1 1 1 1 1 1 1 1 1 1 1 1 1 1 1 1 1 1 1 1 1 1 1 1 1 1 1 1 1 1 1 1 1 1 1 1 1 1 1 1 1 1 1 1 1 1 1 1 1 1 1 1 1 1 1 1 1 1 1 1 1 1 1 1 1 1 1 1 1 1 1 1 1 1 1 1 1 1 1 1 1 1 1 1 1 1 1 1 1 1 1 1 1 1 1 1 1 1 1 1 1 1 1 1 1 1 1 1 1 1 1 1 1 1 1 1 1 1 1 1 1 1 1 1 1 1 1 1 1 1 1 1 1 1 1 1 1 1 1 1 1 1 1 1 1 1 1 1 1 1 1 1 1 1 1 1 1 1 1 1 1 1 1 1 1 1 1 1 1 1 1 1 1 1 1 1 1 1 1 1 1 1 1 1 1 1 1 1 1 1 1 1 1 1 1 1 1 1 1 1 1 1 1 1 1 1 1 1 1 1 1 1 1 1 1 1 1 1 1 1 1 1 1 1 1 1 1 1 1 1 1 1 1 1 1 1 1 1 1 1 1 1 1 1 1 1 1 1 1 1 1 1 1 1 1 1 1 1 1 1 1 1 1 1 1 1 1 1 1 1 1 1 1 1 1 1 1 1 1 1 1 1 1 1 1 1 1 1 1 1 1 1 1 1 1 1 1 1 1 1 1 1 1 1 1 1 1 1 1 1 1 1 1 1 1 1 1 1 1 1 1 1 1 1 1 1 1 1 1 1 1 1 1 1 1 1 1 1 1 1 1 1 1 1 1 1 1 1 1 1 1 1 1 1 1 1 1 1 1 1 1 1 1 1 1 1 1 1 1 1 1 1 1 1 1 1 1 1 1 1 1 1 1 1 1 1 1 1 1 1 1 1 1 1 1 1 1 1 1 1 1 1 1 1 1 1 1 1 1 1 1 1 1 1 1 1 1 1 1 1 1 1 1 1 1 1 1 1 1 1 1 1 1 1 1 1 1 1 1 1 1 1 1 1 1 1 1 1 1 1 1 1 1 1 1 1 1 1 1 1 1 1 1 1 1 1 1 1 1 1 1 1 1 1 1 1 1 1 1 1 1 1 1 1 1 1 1 1 1 1 1 1 1 1 1 1 1 1 1 1 1 1 1 1 1 1 1 1 1 1 1 1 1 1 1 1 1 1 1 1 1 1 1 1 1 1 1 1 1 1 1 1 1 1 1 1 1 1 1 1 1 1 1 1 1 1 1 1 1 1 1 1 1 1 1 1 1 1 1 1 1 1 1 1 1 1 1 1 1 1 1 1 1 1 1 1 1 1 1 1 1 1 1 1 1 1 1 1 1 1 1 1 1 1 1 1 1 1 1 1 1 1 1 1 1 1 1 1 1 1 1 1 1 1 1 1 1 1 1 1 1 1 1 1 1 1 1 1 1 1 1 1 1 1 1 1 1 1 1 1 1 1 1 1 1 1 1 1 1 1 1 1 1 1 1 1 1 1 1 1 1 1 1 1 1 1 1 1 1 1 1 1 1 1 1 1 1 1 1 1 1 1 1 1 1 1 1 1 1 1 1 1 1 1 1 1 1 1 1 1 1 1 1 1 1 1 1 1 1 1 1 1 1 1 1 1 1 1 1 1 1 1 1 1 1 1 1 1 1 1 1 1 1 1 1 1 1 1 1 1 1 1 1 1 1 1 1 1 1 1 1 1 1 1 1 1 1 1 1 1 1 1 1 1 1 1 1 1 1 1 1 1 1 1 1 1 1 1 1 1 1 1 1 1 1 1 1 1 1 1 1 1 1 1 1 1 1 1 1 1 1 1 1 1 1 1 1 1 1 1 1 1 1 1 1 1 1 1 1 1 1 1 1 1 1 1 1 1 1 1 1 1 1 1 1 1 1 1 1 1 1 1 1 1 1 1 1 1 1 1 1 1 1 1 1 1 1 1 1 1 1 1 1 1 1 1 1 1 1 1 1 1 1 1 1 1 1 1 1 1 1 1 1 1 1 1 1 1 1 1 1 1 1 1 1 1 1 1 1 1 1 1 1 1 1 1 1 1 1 1 1 1 1 1 1 1 1 1 1 1 1 1 1 1 1 1 1 1 1 1 1 1 1 1 1 1 1 1 1 1 1 1 1 1 1 1 1 1 1 1 1 1 1 1 1 1 1 1 1 1 1 1 1 1 1 1 1 1 1 1 1 1 1 1 1 1 1 1 1 1 1 1 1 1 1 1 1 1 1 1 1 1 1 1 1 1 1 1 1 1 1 1 1 1 1 1 1 1 1 1 1 1 1 1 1 1 1 1 1 1 1 1 1 1 1 1 1 1 1 1 1 1 1 1 1 1 1 1 1 1 1 1 1 1 1 1 1 1 1 1 1 1 1 1 1 1 1 1 1 1 1 1 1 1 1 1 1 1 1 1 1 1 1 1 1 1 1 1 1 1 1 1 1 1 1 1 1 1 1 1 1 1 1 1 1 1 1 1 1 1 1 1 1 1 1 1 1 1 1 1 1 1 1 1 1 1 1 1 1 1 1 1 1 1 1 1 1 1 1 1 1 1 1 1 1 1 1 1 1 1 1 1 1 1 1 1 1 1 1 1 1 1 1 1 1 1 1 1 1 1 1 1 1 1 1 1 1 1 1 1 1 1 1 1 1 1 1 1 1 1 1 1 1 1 1 1 1 1 1 1 1 1 1 1 1 1 1 1 1 1 1 1 1 1 1 1 1 1 1 1 1 1 1 1 1 1 1 1 1 1 1 1 1 1 1 1 1 1 1 1 1 1 1 1 1 1 1 1 1 1 1 1 1 1 1 1 1 1 1 1 1 1 1 1 1 1 1 1 1 1 1 1 1 1 1 1 1 1 1 1 1 1 1 1 1 1 1 1 1 1 1 1 1 1 1 1 1 1 1 1 1 1 1 1 1 1 1 1 1 1 1 1 1 1 1 1 1 1 1 1 1 1 1 1 1 1 1 1 1 1 1 1 1 1 1 1 1 1 1 1 1 1 1 1 1 1 1 1 1 1 1 1 1 1 1 1 1 1 1 1 1 1 1 1 1 1 1 1 1 1 1 1 1 1 1 1 1 1 1 1 1 1 1 1 1 1 1 1 1 1 1 1 1 1 1 1 1 1 1 1 1 1 1 1 1 1 1 1 1 1 1 1 1 1 1 1 1 1 1 1 1 1 1 1 1 1 1 1 1 1 1 1 1 1 1 1 1 1 1 1 1 1 1 1 1 1 1 1 1 1 1 1 1 1 1 1 1 1 1 1 1 1 1 1 1 1 1 1 1 1 1 1 1 1 1 1 1 1 1 1 1 1 1 1 1 1 1 1 1 1 1 1 1 1 1 1 1 1 1 1 1 1 1 1 1 1 1 1 1 1 1 1 1 1 1 1 1 1 1 1 1 1 1 1 1 1 1 1 1 1 1 1 1 1 1 1 1 1 1 1 1 1 1 1 1 1 1 1 1 1 1 1 1 1 1 1 1 1 1 1 1 1 1 1 1 1 1 1 1 1 1 1 1 1 1 1 1 1 1 1 1 1 1 1 1 1 1 1 1 1 1 1 1 1 1 1 1 1 1 1 1 1 1 1 1 1 1 1 1 1 1 1 1 1 1 1 1 1 1 1 1 1 1 1 1 1 1 1 1 1 1 1 1 1 1 1 1 1 1 1 1 1 1 1 1 1 1 1 1 1 1 1 1 1 1 1 1 1 1 1 1 1 1 1 1 1 1 1 1 1 1 1 1 1 1 1 1 1 1 1 1 1 1 1 1 1 1 1 1 1 1 1 1 1 1 1 1 1 1 1 1 1 1 1 1 1 1 1 1 1 1 1 1 1 1 1 1 1 1 1 1 1 1 1 1 1 1 1 1 1 1 1 1 1 1 1 1 1 1 1 1 1 1 1 1 1 1 1 1 1 1 1 1 1 1 1 1 1 1 1 1 1 1 1 1 1 1 1 1 1 1 1 1 1 1 1 1 1 1 1 1 1 1 1 1 1 1 1 1 1 1 1 1 1 1 1 1 1 1 1 1 1 1 1 1 1 1 1 1 1 1 1 1 1 1 1 1 1 1 1 1 1 1 1 1 1 1 1 1 1 1 1 1 1 1 1 1 1 1 1 1 1 1 1 1 1 1 1 1 1 1 1 1 1 1 1 1 1 1 1 1 1 1 1 1 1 1 1 1 1 1 1 1 1 1 1 1 1 1 1 1 1 1 1 1 1 1 1 1 1 1 1 1 1 1 1 1 1 1 1 1 1 1 1 1 1 1 1 1 1 1 1 1 1 1 1 1 1 1 1 1 1 1 1 1 1 1 1 1 1 1 1 1 1 1 1 1 1 1 1 1 1 1 1 1 1 1 1 1 1 1 1 1 1 1 1 1 1 1 1 1 1 1 1 1 1 1 1 1 1 1 1 1 1 1 1 1 1 1 1 1 1 1 1 1 1 1 1 1 1 1 1 1 1 1 1 1 1 1 1 1 1 1 1 1 1 1 1 1 1 1 1 1 1 1 1 1 1 1 1 1 1 1 1 1 1 1 1 1 1 1 1 1 1 1 1 1 1 1 1 1 1 1 1 1 1 1 1 1 1 1 1 1 1 1 1 1 1 1 1 1 1 1 1 1 1 1 1 1 1 1 1 1 1 1 1 1 1 1 1 1 1 1 1 1 1 1 1 1 1 1 1 1 1 1 1 1 1 1 1 1 1 1 1 1 1 1 1 1 1 1 1 1 1 1 1 1 1 1 1 1 1 1 1 1 1 1 1 1 1 1 1 1 1 1 1 1 1 1 1 1 1 1 1 1 1 1 1 1 1 1 1 1 1 1 1 1 1 1 1 1 1 1 1 1 1 1 1 1 1 1 1 1 1 1 1 1 1 1 1 1 1 1 1 1 1 1 1 1 1 1 1 1 1 1 1 1 1 1 1 1 1 1 1 1 1 1 1 1 1 1 1 1 1 1 1 1 1 1 1 1 1 1 1 1 1 1 1 1 1 1 1 1 1 1 1 1 1 1 1 1 1 1 1 1 1 1 1 1 1 1 1 1 1 1 1 1 1 1 1 1 1 1 1 1 1 1 1 1 1 1 1 1 1 1 1 1 1 1 1 1 1 1 1 1 1 1 1 1 1 1 1 1 1 1 1 1 1 1 1 1 1 1 1 1 1 1 1 1 1 1 1 1 1 1 1 1 1 1 1 1 1 1 1 1 1 1 1 1 1 1 1 1 1 1 1 1 1 1 1 1 1 1 1 1 1 1 1 1 1 1 1 1 1 1 1 1 1 1 1 1 1 1 1 1 1 1 1 1 1 1 1 1 1 1 1 1 1 1 1 1 1 1 1 1 1 1 1 1 1 1 1 1 1 1 1 1 1 1 1 1 1 1 1 1 1 1 1 1 1 1 1 1 1 1 1 1 1 1 1 1 1 1 1 1 1 1 1 1 1 1 1 1 1 1 1 1 1 1 1 1 1 1 1 1 1 1 1 1 1 1 1 1 1 1 1 1 1 1 1 1 1 1 1 1 1 1 1 1 1 1 1 1 1 1 1 1 1 1 1 1 1 1 1 1 1 1 1 1 1 1 1 1 1 1 1 1 1 1 1 1 1 1 1 1 1 1 1 1 1 1 1 1 1 1 1 1 1 1 1 1 1 1 1 1 1 1 1 1 1 1 1 1 1 1 1 1 1 1 1 1 1 1 1 1 1 1 1 1 1 1 1 1 1 1 1 1 1 1 1 1 1 1 1 1 1 1 1 1 1 1 1 1 1 1 1 1 1 1 1 1 1 1 1 1 1 1 1 1 1 1 1 1 1 1 1 1 1 1 1 1 1 1 1 1 1 1 1 1 1 1 1 1 1 1 1 1 1 1 1 1 1 1 1 1 1 1 1 1 1 1 1 1 1 1 1 1 1 1 1 1 1 1 1 1 1 1 1 1 1 1 1 1 1 1 1 1 1 1 1 1 1 1 1 1 1 1 1 1 1 1 1 1 1 1 1 1 1 1 1 1 1 1 1 1 1 1 1 1 1 1 1 1 1 1 1 1 1 1 1 1 1 1 1 1 1 1 1 1 1 1 1 1 1 1 1 1 1 1 1 1 1 1 1 1 1 1 1 1 1 1 1 1 1 1 1 1 1 1 1 1 1 1 1 1 1 1 1 1 1 1 1 1 1 1 1 1 1 1 1 1 1 1 1 1 1 1 1 1 1 1 1 1 1 1 1 1 1 1 1 1 1 1 1 1 1 1 1 1 1 1 1 1 1 1 1 1 1 1 1 1 1 1 1 1 1 1 1 1 1 1 1 1 1 1 1 1 1 1 1 1 1 1 1 1 1 1 1 1 1 1 1 1 1 1 1 1 1 1 1 1 1 1 1 1 1 1 1 1 1 1 1 1 1 1 1 1 1 1 1 1 1 1 1 1 1 1 1 1 1 1 1 1 1 1 1 1 1 1 1 1 1 1 1 1 1 1 1 1 1 1 1 1 1 1 1 1 1 1 1 1 1 1 1 1 1 1 1 1 1 1 1 1 1 1 1 1 1 1 1 1 1 1 1 1 1 1 1 1 1 1 1 1 1 1 1 1 1 1 1 1 1 1 1 1 1 1 1 1 1 1 1 1 1 1 1 1 1 1 1 1 1 1 1 1 1 1 1 1 1 1 1 1 1 1 1 1 1 1 1 1 1 1 1 1 1 1 1 1 1 1 1 1 1 1 1 1 1 1 1 1 1 1 1 1 1 1 1 1 1 1 1 1 1 1 1 1 1 1 1 1 1 1 1 1 1 1 1 1 1 1 1 1 1 1 1 1 1 1 1 1 1 1 1 1 1 1 1 1 1 1 1 1 1 1 1 1 1 1 1 1 1 1 1 1 1 1 1 1 1 1 1 1 1 1 1 1 1 1 1 1 1 1 1 1 1 1 1 1 1 1 1 1 1 1 1 1 1 1 1 1 1 1 1 1 1 1 1 1 1 1 1 1 1 1 1 1 1 1 1 1 1 1 1 1 1 1 1 1 1 1 1 1 1 1 1 1 1 1 1 1 1 1 1 1 1 1 1 1 1 1 1 1 1 1 1 1 1 1 1 1 1 1 1 1 1 1 1 1 1 1 1 1 1 1 1 1 1 1 1 1 1 1 1 1 1 1 1 1 1 1 1 1 1 1 1 1 1 1 1 1 1 1 1 1 1 1 1 1 1 1 1 1 1 1 1 1 1 1 1 1 1 1 1 1 1 1 1 1 1 1 1 1 1 1 1 1 1 1 1 1 1 1 1 1 1 1 1 1 1 1 1 1 1 1 1 1 1 1 1 1 1 1 1 1 1 1 1 1 1 1 1 1 1 1 1 1 1 1 1 1 1 1 1 1 1 1 1 1 1 1 1 1 1 1 1 1 1 1 1 1 1 1 1 1 1 1 1 1 1 1 1 1 1 1 1 1 1 1 1 1 1 1 1 1 1 1 1 1 1 1 1 1 1 1 1 1 1 1 1 1 1 1 1 1 1 1 1 1 1 1 1 1 1 1 1 1 1 1 1 1 1 1 1 1 1 1 1 1 1 1 1 1 1 1 1 1 1 1 1 1 1 1 1 1 1 1 1 1 1 1 1 1 1 1 1 1 1 1 1 1 1 1 1 1 1 1 1 1 1 1 1 1 1 1 1 1 1 1 1 1 1 1 1 1 1 1 1 1 1 1 1 1 1 1 1 1 1 1 1 1 1 1 1 1 1 1 1 1 1 1 1 1 1 1 1 1 1 1 1 1 1 1 1 1 1 1 1 1 1 1 1 1 1 1 1 1 1 1 1 1 1 1 1 1 1 1 1 1 1 1 1 1 1 1 1 1 1 1 1 1 1 1 1 1 1 1 1 1 1 1 1 1 1 1 1 1 1 1 1 1 1 1 1 1 1 1 1 1 1 1 1 1 1 1 1 1 1 1 1 1 1 1 1 1 1 1 1 1 1 1 1 1 1 1 1 1 1 1 1 1 1 1 1 1 1 1 1 1 1 1 1 1 1 1 1 1 1 1 1 1 1 1 1 1 1 1 1 1 1 1 1 1 1 1 1 1 1 1 1 1 1 1 1 1 1 1 1 1 1 1 1 1 1 1 1 1 1 1 1 1 1 1 1 1 1 1 1 1 1 1 1 1 1 1 1 1 1 1 1 1 1 1 1 1 1 1 1 1 1 1 1 1 1 1 1 1 1 1 1 1 1 1 1 1 1 1 1 1 1 1 1 1 1 1 1 1 1 1 1 1 1 1 1 1 1 1 1 1 1 1 1 1 1 1 1 1 1 1 1 1 1 1 1 1 1 1 1 1 1 1 1 1 1 1 1 1 1 1 1 1 1 1 1 1 1 1 1 1 1 1 1 1 1 1 1 1 1 1 1 1 1 1 1 1 1 1 1 1 1 1 1 1 1 1 1 1 1 1 1 1 1 1 1 1 1 1 1 1 1 1 1 1 1 1 1 1 1 1 1 1 1 1 1 1 1 1 1 1 1 1 1 1 1 1 1 1 1 1 1 1 1 1 1 1 1 1 1 1 1 1 1 1 1 1 1 1 1 1 1 1 1 1 1 1 1 1 1 1 1 1 1 1 1 1 1 1 1 1 1 1 1 1 1 1 1 1 1 1 1 1 1 1 1 1 1 1 1 1 1 1 1 1 1 1 1 1 1 1 1 1 1 1 1 1 1 1 1 1 1 1 1 1 1 1 1 1 1 1 1 1 1 1 1 1 1 1 1 1 1 1 1 1 1 1 1 1 1 1 1 1 1 1 1 1 1 1 1 1 1 1 1 1 1 1 1 1 1 1 1 1 1 1 1 1 1 1 1 1 1 1 1 1 1 1 1 1 1 1 1 1 1 1 1 1 1 1 1 1 1 1 1 1 1 1 1 1 1 1 1 1 1 1 1 1 1 1 1 1 1 1 1 1 1 1 1 1 1 1 1 1 1 1 1 1 1 1 1 1 1 1 1 1 1 1 1 1 1 1 1 1 1 1 1 1 1 1 1 1 1 1 1 1 1 1 1 1 1 1 1 1 1 1 1 1 1 1 1 1 1 1 1 1 1 1 1 1 1 1 1 1 1 1 1 1 1 1 1 1 1 1 1 1 1 1 1 1 1 1 1 1 1 1 1 1 1 1 1 1 1 1 1 1 1 1 1 1 1 1 1 1 1 1 1 1 1 1 1 1 1 1 1 1 1 1 1 1 1 1 1 1 1 1 1 1 1 1 1 1 1 1 1 1 1 1 1 1 1 1 1 1 1 1 1 1 1 1 1 1 1 1 1 1 1 1 1 1 1 1 1 1 1 1 1 1 1 1 1 1 1 1 1 1 1 1 1 1 1 1 1 1 1 1 1 1 1 1 1 1 1 1 1 1 1 1 1 1 1 1 1 1 1 1 1 1 1 1 1 1 1 1 1 1 1 1 1 1 1 1 1 1 1 1 1 1 1 1 1 1 1 1 1 1 1 1 1 1 1 1 1 1 1 1 1 1 1 1 1 1 1 1 1 1 1 1 1 1 1 1 1 1 1 1 1 1 1 1 1 1 1 1 1 1 1 1 1 1 1 1 1 1 1 1 1 1 1 1 1 1 1 1 1 1 1 1 1 1 1 1 1 1 1 1 1 1 1 1 1 1 1 1 1 1 1 1 1 1 1 1 1 1 1 1 1 1 1 1 1 1 1 1 1 1 1 1 1 1 1 1 1 1 1 1 1 1 1 1 1 1 1 1 1 1 1 1 1 1 1 1 1 1 1 1 1 1 1 1 1 1 1 1 1 1 1 1 1 1 1 1 1 1 1 1 1 1 1 1 1 1 1 1 1 1 1 1 1 1 1 1 1 1 1 1 1 1 1 1 1 1 1 1 1 1 1 1 1 1 1 1 1 1 1 1 1 1 1 1 1 1 1 1 1 1 1 1 1 1 1 1 1 1 1 1 1 1 1 1 1 1 1 1 1 1 1 1 1 1 1 1 1 1 1 1 1 1 1 1 1 1 1 1 1 1 1 1 1 1 1 1 1 1 1 1 1 1 1 1 1 1 1 1 1 1 1 1 1 1 1 1 1 1 1 1 1 1 1 1 1 1 1 1 1 1 1 1 1 1 1 1 1 1 1 1 1 1 1 1 1 1 1 1 1 1 1 1 1 1 1 1 1 1 1 1 1 1 1 1 1 1 1 1 1 1 1 1 1 1 1 1 1 1 1 1 1 1 1 1 1 1 1 1 1 1 1 1 1 1 1 1 1 1 1 1 1 1 1 1 1 1 1 1 1 1 1 1 1 1 1 1 1 1 1 1 1 1 1 1 1 1 1 1 1 1 1 1 1 1 1 1 1 1 1 1 1 1 1 1 1 1 1 1 1 1 1 1 1 1 1 1 1 1 1 1 1 1 1 1 1 1 1 1 1 1 1 1 1 1 1 1 1 1 1 1 1 1 1 1 1 1 1 1 1 1 1 1 1 1 1 1 1 1 1 1 1 1 1 1 1 1 1 1 1 1 1 1 1 1 1 1 1 1 1 1 1 1 1 1 1 1 1 1 1 1 1 1 1 1 1 1 1 1 1 1 1 1 1 1 1 1 1 1 1 1 1 1 1 1 1 1 1 1 1 1 1 1 1 1 1 1 1 1 1 1 1 1 1 1 1 1 1 1 1 1 1 1 1 1 1 1 1 1 1 1 1 1 1 1 1 1 1 1 1 1 1 1 1 1 1 1 1 1 1 1 1 1 1 1 1 1 1 1 1 1 1 1 1 1 1 1 1 1 1 1 1 1 1 1 1 1 1 1 1 1 1 1 1 1 1 1 1 1 1 1 1 1 1 1 1 1 1 1 1 1 1 1 1 1 1 1 1 1 1 1 1 1 1 1 1 1 1 1 1 1 1 1 1 1 1 1 1 1 1 1 1 1 1 1 1 1 1 1 1 1 1 1 1 1 1 1 1 1 1 1 1 1 1 1 1 1 1 1 1 1 1 1 1 1 1 1 1 1 1 1 1 1 1 1 1 1 1 1 1 1 1 1 1 1 1 1 1 1 1 1 1 1 1 1 1 1 1 1 1 1 1 1 1 1 1 1 1 1 1 1 1 1 1 1 1 1 1 1 1 1 1 1 1 1 1 1 1 1 1 1 1 1 1 1 1 1 1 1 1 1 1 1 1 1 1 1 1 1 1 1 1 1 1 1 1 1 1 1 1 1 1 1 1 1 1 1 1 1 1 1 1 1 1 1 1 1 1 1 1 1 1 1 1 1 1 1 1 1 1 1 1 1 1 1 1 1 1 1 1 1 1 1 1 1 1 1 1 1 1 1 1 1 1 1 1 1 1 1 1 1 1 1 1 1 1 1 1 1 1 1 1 1 1 1 1 1 1 1 1 1 1 1 1 1 1 1 1 1 1 1 1 1 1 1 1 1 1 1 1 1 1 1 1 1 1 1 1 1 1 1 1 1 1 1 1 1 1 1 1 1 1 1 1 1 1 1 1 1 1 1 1 1 1 1 1 1 1 1 1 1 1 1 1 1 1 1 1 1 1 1 1 1 1 1 1 1 1 1 1 1 1 1 1 1 1 1 1 1 1 1 1 1 1 1 1 1 1 1 1 1 1 1 1 1 1 1 1 1 1 1 1 1 1 1 1 1 1 1 1 1 1 1 1 1 1 1 1 1 1 1 1 1 1 1 1 1 1 1 1 1 1 1 1 1 1 1 1 1 1 1 1 1 1 1 1 1 1 1 1 1 1 1 1 1 1 1 1 1 1 1 1 1 1 1 1 1 1 1 1 1 1 1 1 1 1 1 1 1 1 1 1 1 1 1 1 1 1 1 1 1 1 1 1 1 1 1 1 1 1 1 1 1 1 1 1 1 1 1 1 1 1 1 1 1 1 1 1 1 1 1 1 1 1 1 1 1 1 1 1 1 1 1 1 1 1 1 1 1 1 1 1 1 1 1 1 1 1 1 1 1 1 1 1 1 1 1 1 1 1 1 1 1 1 1 1 1 1 1 1 1 1 1 1 1 1 1 1 1 1 1 1 1 1 1 1 1 1 1 1 1 1 1 1 1 1 1 1 1 1 1 1 1 1 1 1 1 1 1 1 1 1 1 1 1 1 1 1 1 1 1 1 1 1 1 1 1 1 1 1 1 1 1 1 1 1 1 1 1 1 1 1 1 1 1 1 1 1 1 1 1 1 1 1 1 1 1 1 1 1 1 1 1 1 1 1 1 1 1 1 1 1 1 1 1 1 1 1 1 1 1 1 1 1 1 1 1 1 1 1 1 1 1 1 1 1 1 1 1 1 1 1 1 1 1 1 1 1 1 1 1 1 1 1 1 1 1 1 1 1 1 1 1 1 1 1 1 1 1 1 1 1 1 1 1 1 1 1 1 1 1 1 1 1 1 1 1 1 1 1 1 1 1 1 1 1 1 1 1 1 1 1 1 1 1 1 1 1 1 1 1 1 1 1 1 1 1 1 1 1 1 1 1 1 1 1 1 1 1 1 1 1 1 1 1 1 1 1 1 1 1 1 1 1 1 1 1 1 1 1 1 1 1 1 1 1 1 1 1 1 1 1 1 1 1 1 1 1 1 1 1 1 1 1 1 1 1 1 1 1 1 1 1 1 1 1 1 1 1 1 1 1 1 1 1 1 1 1 1 1 1 1 1 1 1 1 1 1 1 1 1 1 1 1 1 1 1 1 1 1 1 1 1 1 1 1 1 1 1 1 1 1 1 1 1 1 1 1 1 1 1 1 1 1 1 1 1 1 1 1 1 1 1 1 1 1 1 1 1 1 1 1 1 1 1 1 1 1 1 1 1 1 1 1 1 1 1 1 1 1 1 1 1 1 1 1 1 1 1 1 1 1 1 1 1 1 1 1 1 1 1 1 1 1 1 1 1 1 1 1 1 1 1 1 1 1 1 1 1 1 1 1 1 1 1 1 1 1 1 1 1 1 1 1 1 1 1 1 1 1 1 1 1 1 1 1 1 1 1 1 1 1 1 1 1 1 1 1 1 1 1 1 1 1 1 1 1 1 1 1 1 1 1 1 1 1 1 1 1 1 1 1 1 1 1 1 1 1 1 1 1 1 1 1 1 1 1 1 1 1 1 1 1 1 1 1 1 1 1 1 1 1 1 1 1 1 1 1 1 1 1 1 1 1 1 1 1 1 1 1 1 1 1 1 1 1 1 1 1 1 1 1 1 1 1 1 1 1 1 1 1 1 1 1 1 1 1 1 1 1 1 1 1 1 1 1 1 1 1 1 1 1 1 1 1 1 1 1 1 1 1 1 1 1 1 1 1 1 1 1 1 1 1 1 1 1 1 1 1 1 1 1 1 1 1 1 1 1 1 1 1 1 1 1 1 1 1 1 1 1 1 1 1 1 1 1 1 1 1 1 1 1 1 1 1 1 1 1 1 1 1 1 1 1 1 1 1 1 1 1 1 1 1 1 1 1 1 1 1 1 1 1 1 1 1 1 1 1 1 1 1 1 1 1 1 1 1 1 1 1 1 1 1 1 1 1 1 1 1 1 1 1 1 1 1 1 1 1 1 1 1 1 1 1 1 1 1 1 1 1 1 1 1 1 1 1 1 1 1 1 1 1 1 1 1 1 1 1 1 1 1 1 1 1 1 1 1 1 1 1 1 1 1 1 1 1 1 1 1 1 1 1 1 1 1 1 1 1 1 1 1 1 1 1 1 1 1 1 1 1 1 1 1 1 1 1 1 1 1 1 1 1 1 1 1 1 1 1 1 1 1 1 1 1 1 1 1 1 1 1 1 1 1 1 1 1 1 1 1 1 1 1 1 1 1 1 1 1 1 1 1 1 1 1 1 1 1 1 1 1 1 1 1 1 1 1 1 1 1 1 1 1 1 1 1 1 1 1 1 1 1 1 1 1 1 1 1 1 1 1 1 1 1 1 1 1 1 1 1 1 1 1 1 1 1 1 1 1 1 1 1 1 1 1 1 1 1 1 1 1 1 1 1 1 1 1 1 1 1 1 1 1 1 1 1 1 1 1 1 1 1 1 1 1 1 1 1 1 1 1 1 1 1 1 1 1 1 1 1 1 1 1 1 1 1 1 1 1 1 1 1 1 1 1 1 1 1 1 1 1 1 1 1 1 1 1 1 1 1 1 1 1 1 1 1 1 1 1 1 1 1 1 1 1 1 1 1 1 1 1 1 1 1 1 1 1 1 1 1 1 1 1 1 1 1 1 1 1 1 1 1 1 1 1 1 1 1 1 1 1 1 1 1 1 1 1 1 1 1 1 1 1 1 1 1 1 1 1 1 1 1 1 1 1 1 1 1 1 1 1 1 1 1 1 1 1 1 1 1 1 1 1 1 1 1 1 1 1 1 1 1 1 1 1 1 1 1 1 1 1 1 1 1 1 1 1 1 1 1 1 1 1 1 1 1 1 1 1 1 1 1 1 1 1 1 1 1 1 1 1 1 1 1 1 1 1 1 1 1 1 1 1 1 1 1 1 1 1 1 1 1 1 1 1 1 1 1 1 1 1 1 1 1 1 1 1 1 1 1 1 1 1 1 1 1 1 1 1 1 1 1 1 1 1 1 1 1 1 1 1 1 1 1 1 1 1 1 1 1 1 1 1 1 1 1 1 1 1 1 1 1 1 1 1 1 1 1 1 1 1 1 1 1 1 1 1 1 1 1 1 1 1 1 1 1 1 1 1 1 1 1 1 1 1 1 1 1 1 1 1 1 1 1 1 1 1 1 1 1 1 1 1 1 1 1 1 1 1 1 1 1 1 1 1 1 1 1 1 1 1 1 1 1 1 1 1 1 1 1 1 1 1 1 1 1 1 1 1 1 1 1 1 1 1 1 1 1 1 1 1 1 1 1 1 1 1 1 1 1 1 1 1 1 1 1 1 1 1 1 1 1 1 1 1 1 1 1 1 1 1 1 1 1 1 1 1 1 1 1 1 1 1 1 1 1 1 1 1 1 1 1 1 1 1 1 1 1 1 1 1 1 1 1 1 1 1 1 1 1 1 1 1 1 1 1 1 1 1 1 1 1 1 1 1 1 1 1 1 1 1 1 1 1 1 1 1 1 1 1 1 1 1 1 1 1 1 1 1 1 1 1 1 1 1 1 1 1 1 1 1 1 1 1 1 1 1 1 1 1 1 1 1 1 1 1 1 1 1 1 1 1 1 1 1 1 1 1 1 1 1 1 1 1 1 1 1 1 1 1 1 1 1 1 1 1 1 1 1 1 1 1 1 1 1 1 1 1 1 1 1 1 1 1 1 1 1 1 1 1 1 1 1 1 1 1 1 1 1 1 1 1 1 1 1 1 1 1 1 1 1 1 1 1 1 1 1 1 1 1 1 1 1 1 1 1 1 1 1 1 1 1 1 1 1 1 1 1 1 1 1 1 1 1 1 1 1 1 1 1 1 1 1 1 1 1 1 1 1 1 1 1 1 1 1 1 1 1 1 1 1 1 1 1 1 1 1 1 1 1 1 1 1 1 1 1 1 1 1 1 1 1 1 1 1 1 1 1 1 1 1 1 1 1 1 1 1 1 1 1 1 1 1 1 1 1 1 1 1 1 1 1 1 1 1 1 1 1 1 1 1 1 1 1 1 1 1 1 1 1 1 1 1 1 1 1 1 1 1 1 1 1 1 1 1 1 1 1 1 1 1 1 1 1 1 1 1 1 1 1 1 1 1 1 1 1 1 1 1 1 1 1 1 1 1 1 1 1 1 1 1 1 1 1 1 1 1 1 1 1 1 1 1 1 1 1 1 1 1 1 1 1 1 1 1 1 1 1 1 1 1 1 1 1 1 1 1 1 1 1 1 1 1 1 1 1 1 1 1 1 1 1 1 1 1 1 1 1 1 1 1 1 1 1 1 1 1 1 1 1 1 1 1 1 1 1 1 1 1 1 1 1 1 1 1 1 1 1 1 1 1 1 1 1 1 1 1 1 1 1 1 1 1 1 1 1 1 1 1 1 1 1 1 1 1 1 1 1 1 1 1 1 1 1 1 1 1 1 1 1 1 1 1 1 1 1 1 1 1 1 1 1 1 1 1 1 1 1 1 1 1 1 1 1 1 1 1 1 1 1 1 1 1 1 1 1 1 1 1 1 1 1 1 1 1 1 1 1 1 1 1 1 1 1 1 1 1 1 1 1 1 1 1 1 1 1 1 1 1 1 1 1 1 1 1 1 1 1 1 1 1 1 1 1 1 1 1 1 1 1 1 1 1 1 1 1 1 1 1 1 1 1 1 1 1 1 1 1 1 1 1 1 1 1 1 1 1 1 1 1 1 1 1 1 1 1 1 1 1 1 1 1 1 1 1 1 1 1 1 1 1 1 1 1 1 1 1 1 1 1 1 1 1 1 1 1 1 1 1 1 1 1 1 1 1 1 1 1 1 1 1 1 1 1 1 1 1 1 1 1 1 1 1 1 1 1 1 1 1 1 1 1 1 1 1 1 1 1 1 1 1 1 1 1 1 1 1 1 1 1 1 1 1 1 1 1 1 1 1 1 1 1 1 1 1 1 1 1 1 1 1 1 1 1 1 1 1 1 1 1 1 1 1 1 1 1 1 1 1 1 1 1 1 1 1 1 1 1 1 1 1 1 1 1 1 1 1 1 1 1 1 1 1 1 1 1 1 1 1 1 1 1 1 1 1 1 1 1 1 1 1 1 1 1 1 1 1 1 1 1 1 1 1 1 1 1 1 1 1 1 1 1 1 1 1 1 1 1 1 1 1 1 1 1 1 1 1 1 1 1 1 1 1 1 1 1 1 1 1 1 1 1 1 1 1 1 1 1 1 1 1 1 1 1 1 1 1 1 1 1 1 1 1 1 1 1 1 1 1 1 1 1 1 1 1 1 1 1 1 1 1 1 1 1 1 1 1 1 1 1 1 1 1 1 1 1 1 1 1 1 1 1 1 1 1 1 1 1 1 1 1 1 1 1 1 1 1 1 1 1 1 1 1 1 1 1 1 1 1 1 1 1 1 1 1 1 1 1 1 1 1 1 1 1 1 1 1 1 1 1 1 1 1 1 1 1 1 1 1 1 1 1 1 1 1 1 1 1 1 1 1 1 1 1 1 1 1 1 1 1 1 1 1 1 1 1 1 1 1 1 1 1 1 1 1 1 1 1 1 1 1 1 1 1 1 1 1 1 1 1 1 1 1 1 1 1 1 1 1 1 1 1 1 1 1 1 1 1 1 1 1 1 1 1 1 1 1 1 1 1 1 1 1 1 1 1 1 1 1 1 1 1 1 1 1 1 1 1 1 1 1 1 1 1 1 1 1 1 1 1 1 1 1 1 1 1 1 1 1 1 1 1 1 1 1 1 1 1 1 1 1 1 1 1 1 1 1 1 1 1 1 1 1 1 1 1 1 1 1 1 1 1 1 1 1 1 1 1 1 1 1 1 1 1 1 1 1 1 1 1 1 1 1 1 1 1 1 1 1 1 1 1 1 1 1 1 1 1 1 1 1 1 1 1 1 1 1 1 1 1 1 1 1 1 1 1 1 1 1 1 1 1 1 1 1 1 1 1 1 1 1 1 1 1 1 1 1 1 1 1 1 1 1 1 1 1 1 1 1 1 1 1 1 1 1 1 1 1 1 1 1 1 1 1 1 1 1 1 1 1 1 1 1 1 1 1 1 1 1 1 1 1 1 1 1 1 1 1 1 1 1 1 1 1 1 1 1 1 1 1 1 1 1 1 1 1 1 1 1 1 1 1 1 1 1 1 1 1 1 1 1 1 1 1 1 1 1 1 1 1 1 1 1 1 1 1 1 1 1 1 1 1 1 1 1 1 1 1 1 1 1 1 1 1 1 1 1 1 1 1 1 1 1 1 1 1 1 1 1 1 1 1 1 1 1 1 1 1 1 1 1 1 1 1 1 1 1 1 1 1 1 1 1 1 1 1 1 1 1 1 1 1 1 1 1 1 1 1 1 1 1 1 1 1 1 1 1 1 1 1 1 1 1 1 1 1 1 1 1 1 1 1 1 1 1 1 1 1 1 1 1 1 1 1 1 1 1 1 1 1 1 1 1 1 1 1 1 1 1 1 1 1 1 1 1 1 1 1 1 1 1 1 1 1 1 1 1 1 1 1 1 1 1 1 1 1 1 1 1 1 1 1 1 1 1 1 1 1 1 1 1 1 1 1 1 1 1 1 1 1 1 1 1 1 1 1 1 1 1 1 1 1 1 1 1 1 1 1 1 1 1 1 1 1 1 1 1 1 1 1 1 1 1 1 1 1 1 1 1 1 1 1 1 1 1 1 1 1 1 1 1 1 1 1 1 1 1 1 1 1 1 1 1 1 1 1 1 1 1 1 1 1 1 1 1 1 1 1 1 1 1 1 1 1 1 1 1 1 1 1 1 1 1 1 1 1 1 1 1 1 1 1 1 1 1 1 1 1 1 1 1 1 1 1 1 1 1 1 1 1 1 1 1 1 1 1 1 1 1 1 1 1 1 1 1 1 1 1 1 1 1 1 1 1 1 1 1 1 1 1 1 1 1 1 1 1 1 1 1 1 1 1 1 1 1 1 1 1 1 1 1 1 1 1 1 1 1 1 1 1 1 1 1 1 1 1 1 1 1 1 1 1 1 1 1 1 1 1 1 1 1 1 1 1 1 1 1 1 1 1 1 1 1 1 1 1 1 1 1 1 1 1 1 1 1 1 1 1 1 1 1 1 1 1 1 1 1 1 1 1 1 1 1 1 1 1 1 1 1 1 1 1 1 1 1 1 1 1 1 1 1 1 1 1 1 1 1 1 1 1 1 1 1 1 1 1 1 1 1 1 1 1 1 1 1 1 1 1 1 1 1 1 1 1 1 1 1 1 1 1 1 1 1 1 1 1 1 1 1 1 1 1 1 1 1 1 1 1 1 1 1 1 1 1 1 1 1 1 1 1 1 1 1 1 1 1 1 1 1 1 1 1 1 1 1 1 1 1 1 1 1 1 1 1 1 1 1 1 1 1 1 1 1 1 1 1 1 1 1 1 1 1 1 1 1 1 1 1 1 1 1 1 1 1 1 1 1 1 1 1 1 1 1 1 1 1 1 1 1 1 1 1 1 1 1 1 1 1 1 1 1 1 1 1 1 1 1 1 1 1 1 1 1 1 1 1 1 1 1 1 1 1 1 1 1 1 1 1 1 1 1 1 1 1 1 1 1 1 1 1 1 1 1 1 1 1 1 1 1 1 1 1 1 1 1 1 1 1 1 1 1 1 1 1 1 1 1 1 1 1 1 1 1 1 1 1 1 1 1 1 1 1 1 1 1 1 1 1 1 1 1 1 1 1 1 1 1 1 1 1 1 1 1 1 1 1 1 1 1 1 1 1 1 1 1 1 1 1 1 1 1 1 1 1 1 1 1 1 1 1 1 1 1 1 1 1 1 1 1 1 1 1 1 1 1 1 1 1 1 1 1 1 1 1 1 1 1 1 1 1 1 1 1 1 1 1 1 1 1 1 1 1 1 1 1 1 1 1 1 1 1 1 1 1 1 1 1 1 1 1 1 1 1 1 1 1 1 1 1 1 1 1 1 1 1 1 1 1 1 1 1 1 1 1 1 1 1 1 1 1 1 1 1 1 1 1 1 1 1 1 1 1 1 1 1 1 1 1 1 1 1 1 1 1 1 1 1 1 1 1 1 1 1 1 1 1 1 1 1 1 1 1 1 1 1 1 1 1 1 1 1 1 1 1 1 1 1 1 1 1 1 1 1 1 1 1 1 1 1 1 1 1 1 1 1 1 1 1 1 1 1 1 1 1 1 1 1 1 1 1 1 1 1 1 1 1 1 1 1 1 1 1 1 1 1 1 1 1 1 1 1 1 1 1 1 1 1 1 1 1 1 1 1 1 1 1 1 1 1 1 1 1 1 1 1 1 1 1 1 1 1 1 1 1 1 1 1 1 1 1 1 1 1 1 1 1 1 1 1 1 1 1 1 1 1 1 1 1 1 1 1 1 1 1 1 1 1 1 1 1 1 1 1 1 1 1 1 1 1 1 1 1 1 1 1 1 1 1 1 1 1 1 1 1 1 1 1 1 1 1 1 1 1 1 1 1 1 1 1 1 1 1 1 1 1 1 1 1 1 1 1 1 1 1 1 1 1 1 1 1 1 1 1 1 1 1 1 1 1 1 1 1 1 1 1 1 1 1 1 1 1 1 1 1 1 1 1 1 1 1 1 1 1 1 1 1 1 1 1 1 1 1 1 1 1 1 1 1 1 1 1 1 1 1 1 1 1 1 1 1 1 1 1 1 1 1 1 1 1 1 1 1 1 1 1 1 1 1 1 1 1 1 1 1 1 1 1 1 1 1 1 1 1 1 1 1 1 1 1 1 1 1 1 1 1 1 1 1 1 1 1 1 1 1 1 1 1 1 1 1 1 1 1 1 1 1 1 1 1 1 1 1 1 1 1 1 1 1 1 1 1 1 1 1 1 1 1 1 1 1 1 1 1 1 1 1 1 1 1 1 1 1 1 1 1 1 1 1 1 1 1 1 1 1 1 1 1 1 1 1 1 1 1 1 1 1 1 1 1 1 1 1 1 1 1 1 1 1 1 1 1 1 1 1 1 1 1 1 1 1 1 1 1 1 1 1 1 1 1 1 1 1 1 1 1 1 1 1 1 1 1 1 1 1 1 1 1 1 1 1 1 1 1 1 1 1 1 1 1 1 1 1 1 1 1 1 1 1 1 1 1 1 1 1 1 1 1 1 1 1 1 1 1 1 1 1 1 1 1 1 1 1 1 1 1 1 1 1 1 1 1 1 1 1 1 1 1 1 1 1 1 1 1 1 1 1 1 1 1 1 1 1 1 1 1 1 1 1 1 1 1 1 1 1 1 1 1 1 1 1 1 1 1 1 1 1 1 1 1 1 1 1 1 1 1 1 1 1 1 1 1 1 1 1 1 1 1 1 1 1 1 1 1 1 1 1 1 1 1 1 1 1 1 1 1 1 1 1 1 1 1 1 1 1 1 1 1 1 1 1 1 1 1 1 1 1 1 1 1 1 1 1 1 1 1 1 1 1 1 1 1 1 1 1 1 1 1 1 1 1 1 1 1 1 1 1 1 1 1 1 1 1 1 1 1 1 1 1 1 1 1 1 1 1 1 1 1 1 1 1 1 1 1 1 1 1 1 1 1 1 1 1 1 1 1 1 1 1 1 1 1 1 1 1 1 1 1 1 1 1 1 1 1 1 1 1 1 1 1 1 1 1 1 1 1 1 1 1 1 1 1 1 1 1 1 1 1 1 1 1 1 1 1 1 1 1 1 1 1 1 1 1 1 1 1 1 1 1 1 1 1 1 1 1 1 1 1 1 1 1 1 1 1 1 1 1 1 1 1 1 1 1 1 1 1 1 1 1 1 1 1 1 1 1 1 1 1 1 1 1 1 1 1 1 1 1 1 1 1 1 1 1 1 1 1 1 1 1 1 1 1 1 1 1 1 1 1 1 1 1 1 1 1 1 1 1 1 1 1 1 1 1 1 1 1 1 1 1 1 1 1 1 1 1 1 1 1 1 1 1 1 1 1 1 1 1 1 1 1 1 1 1 1 1 1 1 1 1 1 1 1 1 1 1 1 1 1 1 1 1 1 1 1 1 1 1 1 1 1 1 1 1 1 1 1 1 1 1 1 1 1 1 1 1 1 1 1 1 1 1 1 1 1 1 1 1 1 1 1 1 1 1 1 1 1 1 1 1 1 1 1 1 1 1 1 1 1 1 1 1 1 1 1 1 1 1 1 1 1 1 1 1 1 1 1 1 1 1 1 1 1 1 1 1 1 1 1 1 1 1 1 1 1 1 1 1 1 1 1 1 1 1 1 1 1 1 1 1 1 1 1 1 1 1 1 1 1 1 1 1 1 1 1 1 1 1 1 1 1 1 1 1 1 1 1 1 1 1 1 1 1 1 1 1 1 1 1 1 1 1 1 1 1 1 1 1 1 1 1 1 1 1 1 1 1 1 1 1 1 1 1 1 1 1 1 1 1 1 1 1 1 1 1 1 1 1 1 1 1 1 1 1 1 1 1 1 1 1 1 1 1 1 1 1 1 1 1 1 1 1 1 1 1 1 1 1 1 1 1 1 1 1 1 1 1 1 1 1 1 1 1 1 1 1 1 1 1 1 1 1 1 1 1 1 1 1 1 1 1 1 1 1 1 1 1 1 1 1 1 1 1 1 1 1 1 1 1 1 1 1 1 1 1 1 1 1 1 1 1 1 1 1 1 1 1 1 1 1 1 1 1 1 1 1 1 1 1 1 1 1 1 1 1 1 1 1 1 1 1 1 1 1 1 1 1 1 1 1 1 1 1 1 1 1 1 1 1 1 1 1 1 1 1 1 1 1 1 1 1 1 1 1 1 1 1 1 1 1 1 1 1 1 1 1 1 1 1 1 1 1 1 1 1 1 1 1 1 1 1 1 1 1 1 1 1 1 1 1 1 1 1 1 1 1 1 1 1 1 1 1 1 1 1 1 1 1 1 1 1 1 1 1 1 1 1 1 1 1 1 1 1 1 1 1 1 1 1 1 1 1 1 1 1 1 1 1 1 1 1 1 1 1 1 1 1 1 1 1 1 1 1 1 1 1 1 1 1 1 1 1 1 1 1 1 1 1 1 1 1 1 1 1 1 1 1 1 1 1 1 1 1 1 1 1 1 1 1 1 1 1 1 1</float_array>
          <technique_common>
            <accessor source="#Mesh-mesh-colors-Attribute-array" count="12774" stride="4">
              <param name="R" type="float"/>
              <param name="G" type="float"/>
              <param name="B" type="float"/>
              <param name="A" type="float"/>
            </accessor>
          </technique_common>
        </source>
        <vertices id="Mesh-mesh-vertices">
          <input semantic="POSITION" source="#Mesh-mesh-positions"/>
        </vertices>
        <triangles material="Kermit_Space_Hero_D-material" count="4258">
          <input semantic="VERTEX" source="#Mesh-mesh-vertices" offset="0"/>
          <input semantic="NORMAL" source="#Mesh-mesh-normals" offset="1"/>
          <input semantic="TEXCOORD" source="#Mesh-mesh-map-0" offset="2" set="0"/>
          <input semantic="COLOR" source="#Mesh-mesh-colors-Attribute" offset="3" set="0"/>
          <p>2 0 0 0 1 1 1 1 0 2 2 2 3 3 3 3 0 2 4 4 1 1 5 5 0 2 6 6 4 4 7 7 2 0 8 8 5 5 9 9 2 0 10 10 4 4 11 11 4 4 12 12 6 6 13 13 5 5 14 14 7 7 15 15 5 5 16 16 6 6 17 17 6 6 18 18 8 8 19 19 7 7 20 20 9 9 21 21 7 7 22 22 8 8 23 23 8 8 24 24 10 10 25 25 9 9 26 26 11 11 27 27 9 9 28 28 10 10 29 29 10 10 30 30 12 12 31 31 11 11 32 32 13 13 33 33 11 11 34 34 12 12 35 35 2 0 36 36 14 14 37 37 1 1 38 38 15 15 39 39 1 1 40 40 14 14 41 41 14 14 42 42 16 16 43 43 15 15 44 44 17 17 45 45 15 15 46 46 16 16 47 47 16 16 48 48 18 18 49 49 17 17 50 50 19 19 51 51 17 17 52 52 18 18 53 53 18 18 54 54 20 20 55 55 19 19 56 56 21 21 57 57 19 19 58 58 20 20 59 59 20 20 60 60 22 22 61 61 21 21 62 62 23 23 63 63 21 21 64 64 22 22 65 65 16 16 66 66 14 14 67 67 24 24 68 68 25 25 69 69 24 24 70 70 14 14 71 71 24 24 72 72 25 25 73 73 26 26 74 74 27 27 75 75 26 26 76 76 25 25 77 77 26 26 78 78 27 27 79 79 28 28 80 80 29 29 81 81 28 28 82 82 27 27 83 83 26 26 84 84 30 30 85 85 24 24 86 86 31 31 87 87 24 24 88 88 30 30 89 89 24 24 90 90 31 31 91 91 16 16 92 92 18 18 93 93 16 16 94 94 31 31 95 95 30 30 96 96 32 32 97 97 31 31 98 98 33 33 99 99 31 31 100 100 32 32 101 101 31 31 102 102 33 33 103 103 18 18 104 104 20 20 105 105 18 18 106 106 33 33 107 107 27 27 108 108 7 7 109 109 29 29 110 110 27 27 111 111 25 25 112 112 7 7 113 113 9 9 114 114 29 29 115 115 7 7 116 116 29 29 117 117 9 9 118 118 34 34 119 119 11 11 120 120 34 34 121 121 9 9 122 122 5 5 123 123 7 7 124 124 25 25 125 125 5 5 126 126 25 25 127 127 2 0 128 128 14 14 129 129 2 0 130 130 25 25 131 131 34 34 132 132 11 11 133 133 35 35 134 134 13 13 135 135 35 35 136 136 11 11 137 137 32 32 138 138 36 36 139 139 33 33 140 140 37 37 141 141 33 33 142 142 36 36 143 143 33 33 144 144 37 37 145 145 20 20 146 146 22 22 147 147 20 20 148 148 37 37 149 149 35 35 150 150 13 13 151 151 38 38 152 152 39 39 153 153 38 38 154 154 13 13 155 155 39 39 156 156 13 13 157 157 40 40 158 158 12 12 159 159 40 40 160 160 13 13 161 161 35 35 162 162 38 38 163 163 41 41 164 164 42 42 165 165 41 41 166 166 38 38 167 167 41 41 168 168 42 42 169 169 43 43 170 170 44 44 171 171 43 43 172 172 42 42 173 173 43 43 174 174 44 44 175 175 45 45 176 176 46 46 177 177 45 45 178 178 44 44 179 179 40 40 180 180 47 47 181 181 39 39 182 182 48 48 183 183 39 39 184 184 47 47 185 185 39 39 186 186 48 48 187 187 38 38 188 188 49 49 189 189 38 38 190 190 48 48 191 191 38 38 192 192 49 49 193 193 42 42 194 194 50 50 195 195 42 42 196 196 49 49 197 197 44 44 198 198 51 51 199 199 46 46 200 200 50 50 201 201 52 52 202 202 42 42 203 203 44 44 204 204 42 42 205 205 52 52 206 206 52 52 207 207 53 53 208 208 44 44 209 209 51 51 210 210 44 44 211 211 53 53 212 212 45 45 213 213 46 46 214 214 54 54 215 215 55 55 216 216 54 54 217 217 46 46 218 218 45 45 219 219 54 54 220 220 56 56 221 221 54 54 222 222 36 36 223 223 56 56 224 224 54 54 225 225 55 55 226 226 36 36 227 227 32 32 228 228 56 56 229 229 36 36 230 230 57 57 231 231 36 36 232 232 55 55 233 233 36 36 234 234 57 57 235 235 37 37 236 236 58 58 237 237 37 37 238 238 57 57 239 239 37 37 240 240 58 58 241 241 22 22 242 242 59 59 243 243 22 22 244 244 58 58 245 245 59 59 246 246 60 60 247 247 22 22 248 248 23 23 249 249 22 22 250 250 60 60 251 251 23 23 252 252 60 60 253 253 61 61 254 254 62 62 255 255 61 61 256 256 60 60 257 257 61 61 258 258 63 63 259 259 23 23 260 260 21 21 261 261 23 23 262 262 63 63 263 263 63 63 264 264 64 64 265 265 21 21 266 266 19 19 267 267 21 21 268 268 64 64 269 269 64 64 270 270 65 65 271 271 19 19 272 272 17 17 273 273 19 19 274 274 65 65 275 275 17 17 276 276 65 65 277 277 15 15 278 278 66 66 279 279 15 15 280 280 65 65 281 281 15 15 282 282 66 66 283 283 1 1 284 284 67 67 285 285 1 1 286 286 66 66 287 287 67 67 288 288 68 68 289 289 1 1 290 290 3 3 291 291 1 1 292 292 68 68 293 293 3 3 294 294 68 68 295 295 69 69 296 296 3 3 297 297 69 69 298 298 0 2 299 299 70 70 300 300 0 2 301 301 69 69 302 302 0 2 303 303 70 70 304 304 4 4 305 305 71 71 306 306 4 4 307 307 70 70 308 308 4 4 309 309 71 71 310 310 6 6 311 311 72 72 312 312 6 6 313 313 71 71 314 314 6 6 315 315 72 72 316 316 8 8 317 317 73 73 318 318 8 8 319 319 72 72 320 320 8 8 321 321 73 73 322 322 10 10 323 323 74 74 324 324 10 10 325 325 73 73 326 326 10 10 327 327 74 74 328 328 12 12 329 329 75 75 330 330 12 12 331 331 74 74 332 332 70 70 333 333 69 69 334 334 76 76 335 335 70 70 336 336 76 76 337 337 71 71 338 338 77 77 339 339 76 76 340 340 69 69 341 341 76 76 342 342 77 77 343 343 78 78 344 344 79 79 345 345 78 78 346 346 77 77 347 347 78 78 348 348 79 79 349 349 80 80 350 350 81 81 351 351 80 80 352 352 79 79 353 353 80 80 354 354 81 81 355 355 82 82 356 356 83 83 357 357 82 82 358 358 81 81 359 359 82 82 360 360 83 83 361 361 84 84 362 362 85 85 363 363 84 84 364 364 83 83 365 365 78 78 366 366 86 86 367 367 76 76 368 368 87 87 369 369 76 76 370 370 86 86 371 371 86 86 372 372 88 88 373 373 87 87 374 374 89 89 375 375 87 87 376 376 88 88 377 377 88 88 378 378 90 90 379 379 89 89 380 380 91 91 381 381 89 89 382 382 90 90 383 383 88 88 384 384 86 86 385 385 92 92 386 386 93 93 387 387 92 92 388 388 86 86 389 389 86 86 390 390 78 78 391 391 93 93 392 392 80 80 393 393 93 93 394 394 78 78 395 395 92 92 396 396 93 93 397 397 94 94 398 398 95 95 399 399 94 94 400 400 93 93 401 401 93 93 402 402 80 80 403 403 95 95 404 404 82 82 405 405 95 95 406 406 80 80 407 407 89 89 408 408 91 91 409 409 72 72 410 410 89 89 411 411 72 72 412 412 87 87 413 413 73 73 414 414 72 72 415 415 91 91 416 416 91 91 417 417 96 96 418 418 73 73 419 419 74 74 420 420 73 73 421 421 96 96 422 422 71 71 423 423 87 87 424 424 72 72 425 425 87 87 426 426 71 71 427 427 76 76 428 428 96 96 429 429 97 97 430 430 74 74 431 431 75 75 432 432 74 74 433 433 97 97 434 434 94 94 435 435 95 95 436 436 98 98 437 437 99 99 438 438 98 98 439 439 95 95 440 440 95 95 441 441 82 82 442 442 99 99 443 443 84 84 444 444 99 99 445 445 82 82 446 446 97 97 447 447 100 100 448 448 75 75 449 449 101 101 450 450 75 75 451 451 100 100 452 452 101 101 453 453 40 40 454 454 75 75 455 455 12 12 456 456 75 75 457 457 40 40 458 458 97 97 459 459 102 102 460 460 100 100 461 461 103 103 462 462 100 100 463 463 102 102 464 464 102 102 465 465 104 104 466 466 103 103 467 467 105 105 468 468 103 103 469 469 104 104 470 470 104 104 471 471 106 106 472 472 105 105 473 473 106 106 474 474 107 107 475 475 98 98 476 476 94 94 477 477 98 98 478 478 107 107 479 479 108 108 480 480 105 105 481 481 106 106 482 482 106 106 483 483 98 98 484 484 108 108 485 485 109 109 486 486 108 108 487 487 98 98 488 488 98 98 489 489 99 99 490 490 109 109 491 491 40 40 492 492 101 101 493 493 47 47 494 494 110 110 495 495 47 47 496 496 101 101 497 497 101 101 498 498 100 100 499 499 110 110 500 500 111 111 501 501 110 110 502 502 100 100 503 503 100 100 504 504 103 103 505 505 111 111 506 506 112 112 507 507 111 111 508 508 103 103 509 509 108 108 510 510 113 113 511 511 105 105 512 512 112 112 513 513 103 103 514 514 114 114 515 515 105 105 516 516 114 114 517 517 103 103 518 518 114 114 519 519 105 105 520 520 115 115 521 521 113 113 522 522 115 115 523 523 105 105 524 524 116 116 525 525 109 109 526 526 99 99 527 527 99 99 528 528 84 84 529 529 116 116 530 530 117 117 531 531 116 116 532 532 84 84 533 533 117 117 534 534 84 84 535 535 118 118 536 536 85 85 537 537 118 118 538 538 84 84 539 539 85 85 540 540 119 119 541 541 118 118 542 542 120 120 543 543 118 118 544 544 119 119 545 545 119 119 546 546 85 85 547 547 121 121 548 548 83 83 549 549 121 121 550 550 85 85 551 551 121 121 552 552 83 83 553 553 122 122 554 554 81 81 555 555 122 122 556 556 83 83 557 557 122 122 558 558 81 81 559 559 123 123 560 560 79 79 561 561 123 123 562 562 81 81 563 563 79 79 564 564 77 77 565 565 123 123 566 566 124 124 567 567 123 123 568 568 77 77 569 569 77 77 570 570 69 69 571 571 124 124 572 572 125 125 573 573 124 124 574 574 69 69 575 575 125 125 576 576 69 69 577 577 68 68 578 578 123 123 579 579 124 124 580 580 126 126 581 581 127 127 582 582 126 126 583 583 124 124 584 584 124 124 585 585 125 125 586 586 127 127 587 587 127 127 588 588 128 128 589 589 126 126 590 590 129 129 591 591 126 126 592 592 128 128 593 593 126 126 594 594 129 129 595 595 130 130 596 596 122 122 597 597 123 123 598 598 130 130 599 599 126 126 600 600 130 130 601 601 123 123 602 602 131 131 603 603 130 130 604 604 129 129 605 605 130 130 606 606 131 131 607 607 132 132 608 608 130 130 609 609 132 132 610 610 122 122 611 611 133 133 612 612 132 132 613 613 131 131 614 614 132 132 615 615 133 133 616 616 134 134 617 617 135 135 618 618 134 134 619 619 133 133 620 620 128 128 621 621 127 127 622 622 136 136 623 623 137 137 624 624 136 136 625 625 127 127 626 626 125 125 627 627 68 68 628 628 137 137 629 629 137 137 630 630 127 127 631 631 125 125 632 632 137 137 633 633 138 138 634 634 136 136 635 635 138 138 636 636 137 137 637 637 68 68 638 638 139 139 639 639 136 136 640 640 138 138 641 641 139 139 642 642 138 138 643 643 140 140 644 644 141 141 645 645 140 140 646 646 138 138 647 647 141 141 648 648 142 142 649 649 140 140 650 650 143 143 651 651 140 140 652 652 142 142 653 653 142 142 654 654 144 144 655 655 143 143 656 656 145 145 657 657 143 143 658 658 144 144 659 659 144 144 660 660 146 146 661 661 145 145 662 662 147 147 663 663 145 145 664 664 146 146 665 665 146 146 666 666 148 148 667 667 147 147 668 668 149 149 669 669 147 147 670 670 148 148 671 671 148 148 672 672 150 150 673 673 149 149 674 674 151 151 675 675 149 149 676 676 150 150 677 677 150 150 678 678 152 152 679 679 151 151 680 680 153 153 681 681 151 151 682 682 152 152 683 683 144 144 684 684 142 142 685 685 65 65 686 686 66 66 687 687 65 65 688 688 142 142 689 689 142 142 690 690 141 141 691 691 66 66 692 692 65 65 693 693 64 64 694 694 144 144 695 695 146 146 696 696 144 144 697 697 64 64 698 698 64 64 699 699 63 63 700 700 146 146 701 701 148 148 702 702 146 146 703 703 63 63 704 704 152 152 705 705 150 150 706 706 62 62 707 707 61 61 708 708 62 62 709 709 150 150 710 710 63 63 711 711 61 61 712 712 148 148 713 713 150 150 714 714 148 148 715 715 61 61 716 716 67 67 717 717 66 66 718 718 141 141 719 719 141 141 720 720 138 138 721 721 67 67 722 722 68 68 723 723 67 67 724 724 138 138 725 725 156 154 726 726 155 155 727 727 154 156 728 728 157 157 729 729 154 156 730 730 155 155 731 731 156 154 732 732 158 158 733 733 155 155 734 734 158 158 735 735 156 154 736 736 159 159 737 737 160 160 738 738 159 159 739 739 156 154 740 740 159 159 741 741 160 160 742 742 161 161 743 743 162 162 744 744 161 161 745 745 160 160 746 746 163 163 747 747 155 155 748 748 158 158 749 749 162 162 750 750 164 164 751 751 161 161 752 752 165 165 753 753 161 161 754 754 164 164 755 755 155 155 756 756 163 163 757 757 166 166 758 758 167 167 759 759 166 166 760 760 163 163 761 761 157 157 762 762 155 155 763 763 168 168 764 764 166 166 765 765 168 168 766 766 155 155 767 767 160 160 768 768 156 154 769 769 169 169 770 770 154 156 771 771 169 169 772 772 156 154 773 773 160 160 774 774 169 169 775 775 162 162 776 776 170 170 777 777 162 162 778 778 169 169 779 779 164 164 780 780 162 162 781 781 171 171 782 782 170 170 783 783 171 171 784 784 162 162 785 785 164 164 786 786 171 171 787 787 172 172 788 788 173 173 789 789 172 172 790 790 171 171 791 791 158 158 792 792 159 159 793 793 174 174 794 794 163 163 795 795 158 158 796 796 175 175 797 797 174 174 798 798 175 175 799 799 158 158 800 800 175 175 801 801 174 174 802 802 176 176 803 803 177 177 804 804 176 176 805 805 174 174 806 806 174 174 807 807 178 178 808 808 177 177 809 809 178 178 810 810 174 174 811 811 159 159 812 812 159 159 813 813 161 161 814 814 178 178 815 815 179 179 816 816 178 178 817 817 161 161 818 818 179 179 819 819 180 180 820 820 178 178 821 821 179 179 822 822 181 181 823 823 180 180 824 824 179 179 825 825 161 161 826 826 181 181 827 827 182 182 828 828 180 180 829 829 181 181 830 830 183 183 831 831 178 178 832 832 180 180 833 833 183 183 834 834 177 177 835 835 178 178 836 836 165 165 837 837 181 181 838 838 161 161 839 839 176 176 840 840 184 184 841 841 175 175 842 842 185 185 843 843 175 175 844 844 184 184 845 845 175 175 846 846 185 185 847 847 163 163 848 848 167 167 849 849 163 163 850 850 185 185 851 851 181 181 852 852 165 165 853 853 186 186 854 854 187 187 855 855 186 186 856 856 165 165 857 857 182 182 858 858 181 181 859 859 188 188 860 860 186 186 861 861 188 188 862 862 181 181 863 863 188 188 864 864 189 189 865 865 182 182 866 866 188 188 867 867 190 190 868 868 189 189 869 869 188 188 870 870 186 186 871 871 190 190 872 872 191 191 873 873 189 189 874 874 190 190 875 875 189 189 876 876 191 191 877 877 192 192 878 878 193 193 879 879 190 190 880 880 186 186 881 881 186 186 882 882 187 187 883 883 193 193 884 884 194 194 885 885 193 193 886 886 187 187 887 887 192 192 888 888 191 191 889 889 195 195 890 890 192 192 891 891 195 195 892 892 196 196 893 893 197 197 894 894 195 195 895 895 191 191 896 896 191 191 897 897 190 190 898 898 197 197 899 899 198 198 900 900 197 197 901 901 190 190 902 902 190 190 903 903 193 193 904 904 198 198 905 905 199 199 906 906 198 198 907 907 193 193 908 908 199 199 909 909 193 193 910 910 200 200 911 911 194 194 912 912 200 200 913 913 193 193 914 914 194 194 915 915 187 187 916 916 201 201 917 917 194 194 918 918 201 201 919 919 200 200 920 920 202 202 921 921 201 201 922 922 187 187 923 923 187 187 924 924 165 165 925 925 202 202 926 926 164 164 927 927 202 202 928 928 165 165 929 929 202 202 930 930 164 164 931 931 203 203 932 932 172 172 933 933 203 203 934 934 164 164 935 935 204 204 936 936 203 203 937 937 172 172 938 938 203 203 939 939 204 204 940 940 205 205 941 941 203 203 942 942 205 205 943 943 202 202 944 944 201 201 945 945 202 202 946 946 205 205 947 947 206 206 948 948 205 205 949 949 204 204 950 950 206 206 951 951 204 204 952 952 207 207 953 953 207 207 954 954 208 208 955 955 206 206 956 956 208 208 957 957 207 207 958 958 209 209 959 959 210 210 960 960 206 206 961 961 208 208 962 962 206 206 963 963 210 210 964 964 205 205 965 965 211 211 966 966 205 205 967 967 210 210 968 968 205 205 969 969 211 211 970 970 201 201 971 971 212 212 972 972 201 201 973 973 211 211 974 974 212 212 975 975 200 200 976 976 201 201 977 977 215 213 978 978 214 214 979 979 213 215 980 980 216 216 981 981 213 215 982 982 214 214 983 983 218 217 984 984 217 218 985 985 216 219 986 986 220 220 987 987 216 221 988 988 219 222 989 989 214 223 990 990 222 224 991 991 221 225 992 992 223 226 993 993 221 225 994 994 222 224 995 995 223 226 996 996 224 227 997 997 221 225 998 998 225 228 999 999 221 225 1000 1000 224 227 1001 1001 224 227 1002 1002 226 229 1003 1003 225 228 1004 1004 227 230 1005 1005 225 228 1006 1006 226 229 1007 1007 226 229 1008 1008 228 231 1009 1009 227 230 1010 1010 229 232 1011 1011 227 230 1012 1012 228 231 1013 1013 228 231 1014 1014 230 233 1015 1015 229 232 1016 1016 231 234 1017 1017 229 232 1018 1018 230 233 1019 1019 231 234 1020 1020 230 233 1021 1021 232 235 1022 1022 233 236 1023 1023 232 235 1024 1024 230 233 1025 1025 232 235 1026 1026 233 236 1027 1027 234 237 1028 1028 235 238 1029 1029 234 237 1030 1030 233 236 1031 1031 234 237 1032 1032 235 238 1033 1033 236 239 1034 1034 237 240 1035 1035 236 239 1036 1036 235 238 1037 1037 236 239 1038 1038 237 240 1039 1039 238 241 1040 1040 239 242 1041 1041 238 241 1042 1042 237 240 1043 1043 238 241 1044 1044 239 242 1045 1045 240 243 1046 1046 241 244 1047 1047 240 243 1048 1048 239 242 1049 1049 243 245 1050 1050 240 246 1051 1051 242 247 1052 1052 244 248 1053 1053 242 247 1054 1054 240 246 1055 1055 246 249 1056 1056 243 250 1057 1057 245 251 1058 1058 247 252 1059 1059 245 251 1060 1060 243 250 1061 1061 249 253 1062 1062 246 254 1063 1063 248 255 1064 1064 249 253 1065 1065 248 255 1066 1066 250 256 1067 1067 251 257 1068 1068 250 256 1069 1069 248 255 1070 1070 251 257 1071 1071 252 258 1072 1072 250 256 1073 1073 254 259 1074 1074 250 260 1075 1075 253 261 1076 1076 253 261 1077 1077 255 262 1078 1078 254 259 1079 1079 257 263 1080 1080 254 264 1081 1081 256 265 1082 1082 256 265 1083 1083 258 266 1084 1084 257 263 1085 1085 259 267 1086 1086 257 263 1087 1087 258 266 1088 1088 259 267 1089 1089 258 266 1090 1090 260 268 1091 1091 262 269 1092 1092 261 270 1093 1093 246 271 1094 1094 260 272 1095 1095 264 273 1096 1096 263 274 1097 1097 264 273 1098 1098 260 272 1099 1099 265 275 1100 1100 267 276 1101 1101 263 277 1102 1102 266 278 1103 1103 270 279 1104 1104 269 280 1105 1105 268 281 1106 1106 270 279 1107 1107 268 281 1108 1108 271 282 1109 1109 272 283 1110 1110 271 282 1111 1111 268 281 1112 1112 271 282 1113 1113 272 283 1114 1114 273 284 1115 1115 274 285 1116 1116 273 284 1117 1117 272 283 1118 1118 273 284 1119 1119 274 285 1120 1120 275 286 1121 1121 277 287 1122 1122 276 288 1123 1123 269 289 1124 1124 279 290 1125 1125 275 291 1126 1126 278 292 1127 1127 280 293 1128 1128 278 292 1129 1129 275 291 1130 1130 280 293 1131 1131 275 291 1132 1132 281 294 1133 1133 278 292 1134 1134 282 295 1135 1135 279 290 1136 1136 283 296 1137 1137 279 290 1138 1138 282 295 1139 1139 282 295 1140 1140 284 297 1141 1141 283 296 1142 1142 285 298 1143 1143 283 296 1144 1144 284 297 1145 1145 285 298 1146 1146 284 297 1147 1147 286 299 1148 1148 287 300 1149 1149 286 299 1150 1150 284 297 1151 1151 287 300 1152 1152 219 301 1153 1153 286 299 1154 1154 218 302 1155 1155 286 303 1156 1156 288 304 1157 1157 291 305 1158 1158 290 306 1159 1159 289 307 1160 1160 292 308 1161 1161 289 307 1162 1162 290 306 1163 1163 289 307 1164 1164 292 308 1165 1165 293 309 1166 1166 294 310 1167 1167 293 309 1168 1168 292 308 1169 1169 293 309 1170 1170 294 310 1171 1171 295 311 1172 1172 296 312 1173 1173 295 311 1174 1174 294 310 1175 1175 291 305 1176 1176 297 313 1177 1177 290 306 1178 1178 297 313 1179 1179 298 314 1180 1180 290 306 1181 1181 297 313 1182 1182 299 315 1183 1183 298 314 1184 1184 298 314 1185 1185 299 315 1186 1186 300 316 1187 1187 301 317 1188 1188 300 316 1189 1189 299 315 1190 1190 300 316 1191 1191 301 317 1192 1192 302 318 1193 1193 302 318 1194 1194 301 317 1195 1195 303 319 1196 1196 304 320 1197 1197 302 318 1198 1198 303 319 1199 1199 296 312 1200 1200 305 321 1201 1201 295 311 1202 1202 306 322 1203 1203 295 311 1204 1204 305 321 1205 1205 305 321 1206 1206 307 323 1207 1207 306 322 1208 1208 308 324 1209 1209 306 322 1210 1210 307 323 1211 1211 307 323 1212 1212 309 325 1213 1213 308 324 1214 1214 310 326 1215 1215 308 324 1216 1216 309 325 1217 1217 309 325 1218 1218 311 327 1219 1219 310 326 1220 1220 309 325 1221 1221 312 328 1222 1222 311 327 1223 1223 312 328 1224 1224 313 329 1225 1225 311 327 1226 1226 312 328 1227 1227 314 330 1228 1228 313 329 1229 1229 315 331 1230 1230 313 329 1231 1231 314 330 1232 1232 315 331 1233 1233 314 330 1234 1234 316 332 1235 1235 317 333 1236 1236 315 331 1237 1237 316 332 1238 1238 314 330 1239 1239 318 334 1240 1240 316 332 1241 1241 321 335 1242 1242 320 336 1243 1243 319 337 1244 1244 319 337 1245 1245 322 338 1246 1246 321 335 1247 1247 323 339 1248 1248 321 335 1249 1249 322 338 1250 1250 321 335 1251 1251 323 339 1252 1252 324 340 1253 1253 325 341 1254 1254 324 340 1255 1255 323 339 1256 1256 325 341 1257 1257 326 342 1258 1258 324 340 1259 1259 327 343 1260 1260 324 340 1261 1261 326 342 1262 1262 326 342 1263 1263 328 344 1264 1264 327 343 1265 1265 329 345 1266 1266 327 343 1267 1267 328 344 1268 1268 328 344 1269 1269 330 346 1270 1270 329 345 1271 1271 331 347 1272 1272 329 345 1273 1273 330 346 1274 1274 331 347 1275 1275 330 346 1276 1276 332 348 1277 1277 333 349 1278 1278 332 348 1279 1279 330 346 1280 1280 332 348 1281 1281 333 349 1282 1282 334 350 1283 1283 335 351 1284 1284 334 350 1285 1285 333 349 1286 1286 334 350 1287 1287 335 351 1288 1288 336 352 1289 1289 337 353 1290 1290 336 352 1291 1291 335 351 1292 1292 337 353 1293 1293 338 354 1294 1294 336 352 1295 1295 339 355 1296 1296 336 352 1297 1297 338 354 1298 1298 338 354 1299 1299 340 356 1300 1300 339 355 1301 1301 341 357 1302 1302 339 355 1303 1303 340 356 1304 1304 341 357 1305 1305 342 358 1306 1306 339 355 1307 1307 345 359 1308 1308 344 360 1309 1309 343 361 1310 1310 346 362 1311 1311 343 361 1312 1312 344 360 1313 1313 344 360 1314 1314 345 359 1315 1315 347 363 1316 1316 348 364 1317 1317 347 363 1318 1318 345 359 1319 1319 347 363 1320 1320 348 364 1321 1321 349 365 1322 1322 350 366 1323 1323 349 365 1324 1324 348 364 1325 1325 346 362 1326 1326 351 367 1327 1327 343 361 1328 1328 352 368 1329 1329 343 361 1330 1330 351 367 1331 1331 351 367 1332 1332 353 369 1333 1333 352 368 1334 1334 354 370 1335 1335 352 368 1336 1336 353 369 1337 1337 353 369 1338 1338 355 371 1339 1339 354 370 1340 1340 356 372 1341 1341 354 370 1342 1342 355 371 1343 1343 359 373 1344 1344 358 374 1345 1345 357 375 1346 1346 360 376 1347 1347 357 375 1348 1348 358 374 1349 1349 363 377 1350 1350 362 377 1351 1351 361 377 1352 1352 366 378 1353 1353 365 378 1354 1354 364 378 1355 1355 369 379 1356 1356 368 380 1357 1357 367 381 1358 1358 370 382 1359 1359 367 381 1360 1360 368 380 1361 1361 367 381 1362 1362 371 383 1363 1363 369 379 1364 1364 373 384 1365 1365 369 385 1366 1366 372 384 1367 1367 374 386 1368 1368 59 59 1369 1369 58 58 1370 1370 374 386 1371 1371 58 58 1372 1372 375 387 1373 1373 57 57 1374 1374 375 387 1375 1375 58 58 1376 1376 375 387 1377 1377 57 57 1378 1378 376 388 1379 1379 55 55 1380 1380 376 388 1381 1381 57 57 1382 1382 379 389 1383 1383 378 390 1384 1384 377 391 1385 1385 380 392 1386 1386 377 391 1387 1387 378 390 1388 1388 379 389 1389 1389 377 391 1390 1390 381 393 1391 1391 382 394 1392 1392 381 393 1393 1393 377 391 1394 1394 383 395 1395 1395 378 390 1396 1396 379 389 1397 1397 381 393 1398 1398 384 396 1399 1399 379 389 1400 1400 385 397 1401 1401 379 389 1402 1402 384 396 1403 1403 379 389 1404 1404 385 397 1405 1405 383 395 1406 1406 384 396 1407 1407 386 398 1408 1408 385 397 1409 1409 387 399 1410 1410 385 397 1411 1411 386 398 1412 1412 386 398 1413 1413 388 400 1414 1414 387 399 1415 1415 389 401 1416 1416 387 399 1417 1417 388 400 1418 1418 385 397 1419 1419 387 399 1420 1420 390 402 1421 1421 390 402 1422 1422 383 395 1423 1423 385 397 1424 1424 391 403 1425 1425 390 402 1426 1426 387 399 1427 1427 387 399 1428 1428 389 401 1429 1429 391 403 1430 1430 386 398 1431 1431 384 396 1432 1432 392 404 1433 1433 393 405 1434 1434 392 404 1435 1435 384 396 1436 1436 384 396 1437 1437 381 393 1438 1438 393 405 1439 1439 393 405 1440 1440 394 406 1441 1441 392 404 1442 1442 395 407 1443 1443 392 404 1444 1444 394 406 1445 1445 395 407 1446 1446 396 408 1447 1447 392 404 1448 1448 397 409 1449 1449 392 404 1450 1450 396 408 1451 1451 388 400 1452 1452 386 398 1453 1453 397 409 1454 1454 392 404 1455 1455 397 409 1456 1456 386 398 1457 1457 393 405 1458 1458 398 410 1459 1459 394 406 1460 1460 399 411 1461 1461 394 406 1462 1462 398 410 1463 1463 398 410 1464 1464 400 412 1465 1465 399 411 1466 1466 401 413 1467 1467 399 411 1468 1468 400 412 1469 1469 400 412 1470 1470 398 410 1471 1471 382 394 1472 1472 381 393 1473 1473 382 394 1474 1474 398 410 1475 1475 398 410 1476 1476 393 405 1477 1477 381 393 1478 1478 402 414 1479 1479 391 403 1480 1480 389 401 1481 1481 382 394 1482 1482 403 415 1483 1483 400 412 1484 1484 403 415 1485 1485 382 394 1486 1486 404 416 1487 1487 377 391 1488 1488 404 416 1489 1489 382 394 1490 1490 377 391 1491 1491 380 392 1492 1492 404 416 1493 1493 405 417 1494 1494 404 416 1495 1495 380 392 1496 1496 406 418 1497 1497 400 412 1498 1498 403 415 1499 1499 400 412 1500 1500 406 418 1501 1501 401 413 1502 1502 407 419 1503 1503 401 413 1504 1504 406 418 1505 1505 399 411 1506 1506 401 413 1507 1507 408 420 1508 1508 409 421 1509 1509 408 420 1510 1510 401 413 1511 1511 408 420 1512 1512 410 422 1513 1513 399 411 1514 1514 394 406 1515 1515 399 411 1516 1516 410 422 1517 1517 394 406 1518 1518 410 422 1519 1519 395 407 1520 1520 411 423 1521 1521 395 407 1522 1522 410 422 1523 1523 395 407 1524 1524 411 423 1525 1525 396 408 1526 1526 412 424 1527 1527 396 408 1528 1528 411 423 1529 1529 414 425 1530 1530 413 426 1531 1531 396 408 1532 1532 397 409 1533 1533 396 408 1534 1534 413 426 1535 1535 413 426 1536 1536 415 427 1537 1537 397 409 1538 1538 388 400 1539 1539 397 409 1540 1540 415 427 1541 1541 415 427 1542 1542 416 428 1543 1543 388 400 1544 1544 389 401 1545 1545 388 400 1546 1546 416 428 1547 1547 389 401 1548 1548 416 428 1549 1549 402 414 1550 1550 417 429 1551 1551 402 414 1552 1552 416 428 1553 1553 419 430 1554 1554 418 431 1555 1555 402 414 1556 1556 391 403 1557 1557 402 414 1558 1558 418 431 1559 1559 418 431 1560 1560 420 432 1561 1561 391 403 1562 1562 390 402 1563 1563 391 403 1564 1564 420 432 1565 1565 390 402 1566 1566 420 432 1567 1567 383 395 1568 1568 421 433 1569 1569 383 395 1570 1570 420 432 1571 1571 383 395 1572 1572 421 433 1573 1573 378 390 1574 1574 422 434 1575 1575 378 390 1576 1576 421 433 1577 1577 378 390 1578 1578 422 434 1579 1579 380 392 1580 1580 423 435 1581 1581 380 392 1582 1582 422 434 1583 1583 426 436 1584 1584 425 437 1585 1585 424 438 1586 1586 427 439 1587 1587 424 438 1588 1588 425 437 1589 1589 425 437 1590 1590 428 440 1591 1591 427 439 1592 1592 429 441 1593 1593 427 439 1594 1594 428 440 1595 1595 429 441 1596 1596 430 442 1597 1597 427 439 1598 1598 431 443 1599 1599 427 439 1600 1600 430 442 1601 1601 430 442 1602 1602 432 444 1603 1603 431 443 1604 1604 433 445 1605 1605 431 443 1606 1606 432 444 1607 1607 433 445 1608 1608 432 444 1609 1609 434 446 1610 1610 435 447 1611 1611 434 446 1612 1612 432 444 1613 1613 434 446 1614 1614 436 448 1615 1615 433 445 1616 1616 437 449 1617 1617 433 445 1618 1618 436 448 1619 1619 433 445 1620 1620 437 449 1621 1621 431 443 1622 1622 437 449 1623 1623 436 448 1624 1624 438 450 1625 1625 439 451 1626 1626 438 450 1627 1627 436 448 1628 1628 438 450 1629 1629 439 451 1630 1630 440 452 1631 1631 441 453 1632 1632 440 452 1633 1633 439 451 1634 1634 440 452 1635 1635 441 453 1636 1636 442 454 1637 1637 443 455 1638 1638 442 454 1639 1639 441 453 1640 1640 443 455 1641 1641 441 453 1642 1642 444 456 1643 1643 443 455 1644 1644 445 457 1645 1645 442 454 1646 1646 446 458 1647 1647 442 454 1648 1648 445 457 1649 1649 445 457 1650 1650 447 459 1651 1651 446 458 1652 1652 448 460 1653 1653 446 458 1654 1654 447 459 1655 1655 448 460 1656 1656 447 459 1657 1657 449 461 1658 1658 450 462 1659 1659 449 461 1660 1660 447 459 1661 1661 448 460 1662 1662 451 463 1663 1663 446 458 1664 1664 452 464 1665 1665 446 458 1666 1666 451 463 1667 1667 449 461 1668 1668 453 465 1669 1669 448 460 1670 1670 451 463 1671 1671 448 460 1672 1672 453 465 1673 1673 443 455 1674 1674 444 456 1675 1675 454 466 1676 1676 450 462 1677 1677 447 459 1678 1678 455 467 1679 1679 443 455 1680 1680 454 466 1681 1681 456 468 1682 1682 443 455 1683 1683 456 468 1684 1684 445 457 1685 1685 457 469 1686 1686 445 457 1687 1687 456 468 1688 1688 445 457 1689 1689 457 469 1690 1690 447 459 1691 1691 457 469 1692 1692 456 468 1693 1693 458 470 1694 1694 459 471 1695 1695 458 470 1696 1696 456 468 1697 1697 456 468 1698 1698 460 472 1699 1699 459 471 1700 1700 461 473 1701 1701 459 471 1702 1702 460 472 1703 1703 458 470 1704 1704 462 474 1705 1705 457 469 1706 1706 463 475 1707 1707 457 469 1708 1708 462 474 1709 1709 463 475 1710 1710 462 474 1711 1711 464 476 1712 1712 455 467 1713 1713 463 475 1714 1714 464 476 1715 1715 465 477 1716 1716 464 476 1717 1717 462 474 1718 1718 463 475 1719 1719 447 459 1720 1720 457 469 1721 1721 455 467 1722 1722 447 459 1723 1723 463 475 1724 1724 456 468 1725 1725 454 466 1726 1726 466 478 1727 1727 466 478 1728 1728 460 472 1729 1729 456 468 1730 1730 459 471 1731 1731 461 473 1732 1732 467 479 1733 1733 468 480 1734 1734 467 479 1735 1735 461 473 1736 1736 458 470 1737 1737 459 471 1738 1738 469 481 1739 1739 467 479 1740 1740 469 481 1741 1741 459 471 1742 1742 458 470 1743 1743 469 481 1744 1744 462 474 1745 1745 470 482 1746 1746 462 474 1747 1747 469 481 1748 1748 462 474 1749 1749 470 482 1750 1750 465 477 1751 1751 471 483 1752 1752 465 477 1753 1753 470 482 1754 1754 461 473 1755 1755 472 484 1756 1756 468 480 1757 1757 473 485 1758 1758 468 480 1759 1759 472 484 1760 1760 472 484 1761 1761 474 486 1762 1762 473 485 1763 1763 475 487 1764 1764 473 485 1765 1765 474 486 1766 1766 475 487 1767 1767 474 486 1768 1768 476 488 1769 1769 477 489 1770 1770 476 488 1771 1771 474 486 1772 1772 476 488 1773 1773 477 489 1774 1774 478 490 1775 1775 479 491 1776 1776 478 490 1777 1777 477 489 1778 1778 474 486 1779 1779 480 492 1780 1780 477 489 1781 1781 481 493 1782 1782 477 489 1783 1783 480 492 1784 1784 477 489 1785 1785 481 493 1786 1786 479 491 1787 1787 472 484 1788 1788 482 494 1789 1789 474 486 1790 1790 480 492 1791 1791 474 486 1792 1792 482 494 1793 1793 472 484 1794 1794 461 473 1795 1795 482 494 1796 1796 460 472 1797 1797 482 494 1798 1798 461 473 1799 1799 483 495 1800 1800 479 491 1801 1801 481 493 1802 1802 481 493 1803 1803 484 496 1804 1804 483 495 1805 1805 483 495 1806 1806 484 496 1807 1807 485 497 1808 1808 486 498 1809 1809 485 497 1810 1810 484 496 1811 1811 486 498 1812 1812 487 499 1813 1813 485 497 1814 1814 435 447 1815 1815 485 497 1816 1816 487 499 1817 1817 487 499 1818 1818 434 446 1819 1819 435 447 1820 1820 490 500 1821 1821 489 501 1822 1822 488 502 1823 1823 491 503 1824 1824 488 502 1825 1825 489 501 1826 1826 489 501 1827 1827 490 500 1828 1828 492 504 1829 1829 493 505 1830 1830 492 504 1831 1831 490 500 1832 1832 492 504 1833 1833 452 464 1834 1834 489 501 1835 1835 451 463 1836 1836 489 501 1837 1837 452 464 1838 1838 489 501 1839 1839 451 463 1840 1840 491 503 1841 1841 453 465 1842 1842 491 503 1843 1843 451 463 1844 1844 496 506 1845 1845 495 507 1846 1846 494 508 1847 1847 497 509 1848 1848 494 508 1849 1849 495 507 1850 1850 495 507 1851 1851 498 510 1852 1852 497 509 1853 1853 494 508 1854 1854 499 511 1855 1855 496 506 1856 1856 500 512 1857 1857 496 506 1858 1858 499 511 1859 1859 499 511 1860 1860 501 513 1861 1861 500 512 1862 1862 502 514 1863 1863 500 512 1864 1864 501 513 1865 1865 501 513 1866 1866 503 515 1867 1867 502 514 1868 1868 504 516 1869 1869 502 514 1870 1870 503 515 1871 1871 504 516 1872 1872 503 515 1873 1873 505 517 1874 1874 506 518 1875 1875 505 517 1876 1876 503 515 1877 1877 505 517 1878 1878 506 518 1879 1879 507 519 1880 1880 508 520 1881 1881 507 519 1882 1882 506 518 1883 1883 507 519 1884 1884 508 520 1885 1885 509 521 1886 1886 510 522 1887 1887 509 521 1888 1888 508 520 1889 1889 509 521 1890 1890 510 522 1891 1891 511 523 1892 1892 512 524 1893 1893 511 523 1894 1894 510 522 1895 1895 513 525 1896 1896 511 523 1897 1897 512 524 1898 1898 134 134 1899 1899 135 135 1900 1900 514 526 1901 1901 515 527 1902 1902 514 526 1903 1903 135 135 1904 1904 134 134 1905 1905 514 526 1906 1906 119 119 1907 1907 120 120 1908 1908 119 119 1909 1909 514 526 1910 1910 119 119 1911 1911 121 121 1912 1912 134 134 1913 1913 132 132 1914 1914 134 134 1915 1915 121 121 1916 1916 121 121 1917 1917 122 122 1918 1918 132 132 1919 1919 518 528 1920 1920 517 529 1921 1921 516 530 1922 1922 519 531 1923 1923 516 530 1924 1924 517 529 1925 1925 517 529 1926 1926 518 528 1927 1927 520 532 1928 1928 521 533 1929 1929 520 532 1930 1930 518 528 1931 1931 521 533 1932 1932 522 534 1933 1933 520 532 1934 1934 523 535 1935 1935 520 532 1936 1936 522 534 1937 1937 517 529 1938 1938 524 536 1939 1939 519 531 1940 1940 525 537 1941 1941 519 531 1942 1942 524 536 1943 1943 525 537 1944 1944 524 536 1945 1945 526 538 1946 1946 527 539 1947 1947 526 538 1948 1948 524 536 1949 1949 527 539 1950 1950 524 536 1951 1951 528 540 1952 1952 529 541 1953 1953 528 540 1954 1954 524 536 1955 1955 520 532 1956 1956 529 541 1957 1957 517 529 1958 1958 524 536 1959 1959 517 529 1960 1960 529 541 1961 1961 520 532 1962 1962 523 535 1963 1963 529 541 1964 1964 528 540 1965 1965 529 541 1966 1966 530 542 1967 1967 531 543 1968 1968 530 542 1969 1969 529 541 1970 1970 531 543 1971 1971 529 541 1972 1972 523 535 1973 1973 526 538 1974 1974 527 539 1975 1975 532 544 1976 1976 533 545 1977 1977 532 544 1978 1978 527 539 1979 1979 533 545 1980 1980 527 539 1981 1981 534 546 1982 1982 528 540 1983 1983 534 546 1984 1984 527 539 1985 1985 534 546 1986 1986 528 540 1987 1987 535 547 1988 1988 530 542 1989 1989 535 547 1990 1990 528 540 1991 1991 526 538 1992 1992 532 544 1993 1993 536 548 1994 1994 537 549 1995 1995 536 548 1996 1996 532 544 1997 1997 536 548 1998 1998 538 550 1999 1999 526 538 2000 2000 525 537 2001 2001 526 538 2002 2002 538 550 2003 2003 525 537 2004 2004 538 550 2005 2005 519 531 2006 2006 539 551 2007 2007 519 531 2008 2008 538 550 2009 2009 539 551 2010 2010 540 552 2011 2011 519 531 2012 2012 516 530 2013 2013 519 531 2014 2014 540 552 2015 2015 531 543 2016 2016 541 553 2017 2017 530 542 2018 2018 541 553 2019 2019 531 543 2020 2020 542 554 2021 2021 523 535 2022 2022 542 554 2023 2023 531 543 2024 2024 542 554 2025 2025 523 535 2026 2026 543 555 2027 2027 522 534 2028 2028 543 555 2029 2029 523 535 2030 2030 534 546 2031 2031 535 547 2032 2032 544 556 2033 2033 534 546 2034 2034 544 556 2035 2035 533 545 2036 2036 545 557 2037 2037 544 556 2038 2038 535 547 2039 2039 547 558 2040 2040 546 559 2041 2041 516 530 2042 2042 518 528 2043 2043 516 530 2044 2044 546 559 2045 2045 546 559 2046 2046 548 560 2047 2047 518 528 2048 2048 521 533 2049 2049 518 528 2050 2050 548 560 2051 2051 521 533 2052 2052 548 560 2053 2053 522 534 2054 2054 549 561 2055 2055 522 534 2056 2056 548 560 2057 2057 550 562 2058 2058 530 542 2059 2059 541 553 2060 2060 530 542 2061 2061 550 562 2062 2062 535 547 2063 2063 551 563 2064 2064 535 547 2065 2065 550 562 2066 2066 552 564 2067 2067 533 545 2068 2068 544 556 2069 2069 533 545 2070 2070 552 564 2071 2071 532 544 2072 2072 553 565 2073 2073 532 544 2074 2074 552 564 2075 2075 554 566 2076 2076 431 443 2077 2077 437 449 2078 2078 431 443 2079 2079 554 566 2080 2080 427 439 2081 2081 424 438 2082 2082 427 439 2083 2083 554 566 2084 2084 557 567 2085 2085 556 568 2086 2086 555 569 2087 2087 558 570 2088 2088 555 569 2089 2089 556 568 2090 2090 555 569 2091 2091 559 571 2092 2092 557 567 2093 2093 560 572 2094 2094 557 567 2095 2095 559 571 2096 2096 559 571 2097 2097 561 573 2098 2098 560 572 2099 2099 562 574 2100 2100 560 572 2101 2101 561 573 2102 2102 561 573 2103 2103 563 575 2104 2104 562 574 2105 2105 564 576 2106 2106 562 574 2107 2107 563 575 2108 2108 558 570 2109 2109 556 568 2110 2110 565 577 2111 2111 566 578 2112 2112 565 577 2113 2113 556 568 2114 2114 565 577 2115 2115 566 578 2116 2116 567 579 2117 2117 568 580 2118 2118 567 579 2119 2119 566 578 2120 2120 567 579 2121 2121 568 580 2122 2122 569 581 2123 2123 570 582 2124 2124 569 581 2125 2125 568 580 2126 2126 569 581 2127 2127 570 582 2128 2128 571 583 2129 2129 572 584 2130 2130 571 583 2131 2131 570 582 2132 2132 575 585 2133 2133 574 586 2134 2134 573 587 2135 2135 576 588 2136 2136 573 587 2137 2137 574 586 2138 2138 575 585 2139 2139 573 587 2140 2140 577 589 2141 2141 578 590 2142 2142 577 589 2143 2143 573 587 2144 2144 577 589 2145 2145 578 590 2146 2146 579 591 2147 2147 580 592 2148 2148 579 591 2149 2149 578 590 2150 2150 579 591 2151 2151 580 592 2152 2152 581 593 2153 2153 582 594 2154 2154 581 593 2155 2155 580 592 2156 2156 574 586 2157 2157 583 595 2158 2158 576 588 2159 2159 584 596 2160 2160 576 588 2161 2161 583 595 2162 2162 583 595 2163 2163 585 597 2164 2164 584 596 2165 2165 586 598 2166 2166 584 596 2167 2167 585 597 2168 2168 585 597 2169 2169 587 599 2170 2170 586 598 2171 2171 588 600 2172 2172 586 598 2173 2173 587 599 2174 2174 587 599 2175 2175 589 601 2176 2176 588 600 2177 2177 590 602 2178 2178 588 600 2179 2179 589 601 2180 2180 593 603 2181 2181 592 604 2182 2182 591 605 2183 2183 594 606 2184 2184 591 605 2185 2185 592 604 2186 2186 597 607 2187 2187 596 608 2188 2188 595 609 2189 2189 598 610 2190 2190 595 609 2191 2191 596 608 2192 2192 598 610 2193 2193 596 608 2194 2194 599 611 2195 2195 600 612 2196 2196 599 611 2197 2197 596 608 2198 2198 599 611 2199 2199 600 612 2200 2200 601 613 2201 2201 603 614 2202 2202 602 614 2203 2203 600 615 2204 2204 606 616 2205 2205 605 617 2206 2206 604 618 2207 2207 607 619 2208 2208 604 618 2209 2209 605 617 2210 2210 608 620 2211 2211 604 618 2212 2212 607 619 2213 2213 609 621 2214 2214 608 620 2215 2215 607 619 2216 2216 610 622 2217 2217 609 621 2218 2218 607 619 2219 2219 609 621 2220 2220 611 623 2221 2221 608 620 2222 2222 612 624 2223 2223 608 620 2224 2224 611 623 2225 2225 605 617 2226 2226 606 616 2227 2227 613 625 2228 2228 614 626 2229 2229 613 625 2230 2230 606 616 2231 2231 613 625 2232 2232 614 626 2233 2233 615 627 2234 2234 616 628 2235 2235 615 627 2236 2236 614 626 2237 2237 615 627 2238 2238 616 628 2239 2239 617 629 2240 2240 618 630 2241 2241 617 629 2242 2242 616 628 2243 2243 611 623 2244 2244 619 631 2245 2245 612 624 2246 2246 620 632 2247 2247 612 624 2248 2248 619 631 2249 2249 617 629 2250 2250 618 630 2251 2251 621 633 2252 2252 622 634 2253 2253 621 633 2254 2254 618 630 2255 2255 608 620 2256 2256 612 624 2257 2257 623 635 2258 2258 608 620 2259 2259 623 635 2260 2260 604 618 2261 2261 624 636 2262 2262 604 618 2263 2263 623 635 2264 2264 623 635 2265 2265 625 637 2266 2266 624 636 2267 2267 626 638 2268 2268 624 636 2269 2269 625 637 2270 2270 624 636 2271 2271 626 638 2272 2272 627 639 2273 2273 628 640 2274 2274 627 639 2275 2275 626 638 2276 2276 623 635 2277 2277 629 641 2278 2278 625 637 2279 2279 630 642 2280 2280 625 637 2281 2281 629 641 2282 2282 627 639 2283 2283 628 640 2284 2284 631 643 2285 2285 632 644 2286 2286 631 643 2287 2287 628 640 2288 2288 631 643 2289 2289 632 644 2290 2290 633 645 2291 2291 634 646 2292 2292 633 645 2293 2293 632 644 2294 2294 633 645 2295 2295 634 646 2296 2296 635 647 2297 2297 636 648 2298 2298 635 647 2299 2299 634 646 2300 2300 635 647 2301 2301 636 648 2302 2302 637 649 2303 2303 638 650 2304 2304 637 649 2305 2305 636 648 2306 2306 627 639 2307 2307 606 616 2308 2308 624 636 2309 2309 604 618 2310 2310 624 636 2311 2311 606 616 2312 2312 633 645 2313 2313 635 647 2314 2314 639 651 2315 2315 633 645 2316 2316 616 628 2317 2317 631 643 2318 2318 614 626 2319 2319 631 643 2320 2320 616 628 2321 2321 631 643 2322 2322 614 626 2323 2323 627 639 2324 2324 606 616 2325 2325 627 639 2326 2326 614 626 2327 2327 635 647 2328 2328 637 649 2329 2329 640 652 2330 2330 635 647 2331 2331 640 652 2332 2332 639 651 2333 2333 639 651 2334 2334 640 652 2335 2335 641 653 2336 2336 642 654 2337 2337 641 653 2338 2338 640 652 2339 2339 640 652 2340 2340 643 655 2341 2341 642 654 2342 2342 643 655 2343 2343 640 652 2344 2344 637 649 2345 2345 644 656 2346 2346 642 654 2347 2347 643 655 2348 2348 639 651 2349 2349 641 653 2350 2350 618 630 2351 2351 616 628 2352 2352 633 645 2353 2353 618 630 2354 2354 639 651 2355 2355 618 630 2356 2356 633 645 2357 2357 622 634 2358 2358 618 630 2359 2359 641 653 2360 2360 629 641 2361 2361 623 635 2362 2362 612 624 2363 2363 629 641 2364 2364 612 624 2365 2365 645 657 2366 2366 612 624 2367 2367 620 632 2368 2368 645 657 2369 2369 646 658 2370 2370 645 657 2371 2371 620 632 2372 2372 629 641 2373 2373 645 657 2374 2374 647 659 2375 2375 648 660 2376 2376 647 659 2377 2377 645 657 2378 2378 645 657 2379 2379 646 658 2380 2380 648 660 2381 2381 649 661 2382 2382 648 660 2383 2383 646 658 2384 2384 629 641 2385 2385 647 659 2386 2386 630 642 2387 2387 650 662 2388 2388 630 642 2389 2389 647 659 2390 2390 646 658 2391 2391 620 632 2392 2392 651 663 2393 2393 652 664 2394 2394 651 663 2395 2395 620 632 2396 2396 620 632 2397 2397 619 631 2398 2398 652 664 2399 2399 653 665 2400 2400 652 664 2401 2401 619 631 2402 2402 652 664 2403 2403 653 665 2404 2404 654 666 2405 2405 655 667 2406 2406 654 666 2407 2407 653 665 2408 2408 655 667 2409 2409 656 668 2410 2410 654 666 2411 2411 656 668 2412 2412 657 669 2413 2413 654 666 2414 2414 657 669 2415 2415 658 670 2416 2416 654 666 2417 2417 657 669 2418 2418 659 671 2419 2419 658 670 2420 2420 660 672 2421 2421 658 670 2422 2422 659 671 2423 2423 659 671 2424 2424 661 673 2425 2425 660 672 2426 2426 662 674 2427 2427 660 672 2428 2428 661 673 2429 2429 661 673 2430 2430 663 675 2431 2431 662 674 2432 2432 664 676 2433 2433 662 674 2434 2434 663 675 2435 2435 663 675 2436 2436 665 677 2437 2437 664 676 2438 2438 666 678 2439 2439 664 676 2440 2440 665 677 2441 2441 665 677 2442 2442 667 679 2443 2443 666 678 2444 2444 668 680 2445 2445 666 678 2446 2446 667 679 2447 2447 658 670 2448 2448 660 672 2449 2449 669 681 2450 2450 670 682 2451 2451 669 681 2452 2452 660 672 2453 2453 660 672 2454 2454 662 674 2455 2455 670 682 2456 2456 669 681 2457 2457 670 682 2458 2458 671 683 2459 2459 672 684 2460 2460 671 683 2461 2461 670 682 2462 2462 671 683 2463 2463 673 685 2464 2464 669 681 2465 2465 674 686 2466 2466 669 681 2467 2467 673 685 2468 2468 674 686 2469 2469 673 685 2470 2470 675 687 2471 2471 676 688 2472 2472 675 687 2473 2473 673 685 2474 2474 670 682 2475 2475 677 689 2476 2476 672 684 2477 2477 662 674 2478 2478 664 676 2479 2479 677 689 2480 2480 677 689 2481 2481 670 682 2482 2482 662 674 2483 2483 678 690 2484 2484 672 684 2485 2485 677 689 2486 2486 677 689 2487 2487 679 691 2488 2488 678 690 2489 2489 679 691 2490 2490 677 689 2491 2491 664 676 2492 2492 664 676 2493 2493 666 678 2494 2494 679 691 2495 2495 680 692 2496 2496 678 690 2497 2497 679 691 2498 2498 679 691 2499 2499 681 693 2500 2500 680 692 2501 2501 682 694 2502 2502 680 692 2503 2503 681 693 2504 2504 681 693 2505 2505 683 695 2506 2506 682 694 2507 2507 684 696 2508 2508 682 694 2509 2509 683 695 2510 2510 669 681 2511 2511 674 686 2512 2512 658 670 2513 2513 654 666 2514 2514 658 670 2515 2515 674 686 2516 2516 654 666 2517 2517 674 686 2518 2518 652 664 2519 2519 675 687 2520 2520 652 664 2521 2521 674 686 2522 2522 681 693 2523 2523 679 691 2524 2524 685 697 2525 2525 652 664 2526 2526 675 687 2527 2527 651 663 2528 2528 681 693 2529 2529 686 698 2530 2530 683 695 2531 2531 686 698 2532 2532 681 693 2533 2533 685 697 2534 2534 685 697 2535 2535 687 699 2536 2536 686 698 2537 2537 688 700 2538 2538 686 698 2539 2539 687 699 2540 2540 686 698 2541 2541 688 700 2542 2542 689 701 2543 2543 689 701 2544 2544 683 695 2545 2545 686 698 2546 2546 690 702 2547 2547 689 701 2548 2548 688 700 2549 2549 685 697 2550 2550 666 678 2551 2551 687 699 2552 2552 685 697 2553 2553 679 691 2554 2554 666 678 2555 2555 668 680 2556 2556 687 699 2557 2557 666 678 2558 2558 692 703 2559 2559 651 663 2560 2560 691 704 2561 2561 675 687 2562 2562 691 704 2563 2563 651 663 2564 2564 651 663 2565 2565 692 703 2566 2566 646 658 2567 2567 649 661 2568 2568 646 658 2569 2569 692 703 2570 2570 675 687 2571 2571 676 688 2572 2572 691 704 2573 2573 693 705 2574 2574 691 704 2575 2575 676 688 2576 2576 696 706 2577 2577 695 707 2578 2578 694 708 2579 2579 697 709 2580 2580 694 708 2581 2581 695 707 2582 2582 695 707 2583 2583 698 710 2584 2584 697 709 2585 2585 699 711 2586 2586 697 709 2587 2587 698 710 2588 2588 699 711 2589 2589 698 710 2590 2590 700 712 2591 2591 701 713 2592 2592 700 712 2593 2593 698 710 2594 2594 700 712 2595 2595 701 713 2596 2596 702 714 2597 2597 703 715 2598 2598 702 714 2599 2599 701 713 2600 2600 694 708 2601 2601 704 716 2602 2602 696 706 2603 2603 705 717 2604 2604 696 706 2605 2605 704 716 2606 2606 704 716 2607 2607 706 718 2608 2608 705 717 2609 2609 707 719 2610 2610 705 717 2611 2611 706 718 2612 2612 706 718 2613 2613 708 720 2614 2614 707 719 2615 2615 709 721 2616 2616 707 719 2617 2617 708 720 2618 2618 709 721 2619 2619 708 720 2620 2620 710 722 2621 2621 711 723 2622 2622 710 722 2623 2623 708 720 2624 2624 698 710 2625 2625 712 724 2626 2626 701 713 2627 2627 698 710 2628 2628 695 707 2629 2629 712 724 2630 2630 713 725 2631 2631 712 724 2632 2632 695 707 2633 2633 695 707 2634 2634 696 706 2635 2635 713 725 2636 2636 714 726 2637 2637 713 725 2638 2638 696 706 2639 2639 696 706 2640 2640 705 717 2641 2641 714 726 2642 2642 715 727 2643 2643 701 713 2644 2644 712 724 2645 2645 716 728 2646 2646 703 715 2647 2647 715 727 2648 2648 701 713 2649 2649 715 727 2650 2650 703 715 2651 2651 710 722 2652 2652 717 729 2653 2653 709 721 2654 2654 718 730 2655 2655 709 721 2656 2656 717 729 2657 2657 717 729 2658 2658 719 731 2659 2659 718 730 2660 2660 719 731 2661 2661 720 732 2662 2662 718 730 2663 2663 718 730 2664 2664 720 732 2665 2665 721 733 2666 2666 718 730 2667 2667 721 733 2668 2668 709 721 2669 2669 722 734 2670 2670 721 733 2671 2671 720 732 2672 2672 722 734 2673 2673 723 735 2674 2674 721 733 2675 2675 724 736 2676 2676 721 733 2677 2677 723 735 2678 2678 724 736 2679 2679 725 737 2680 2680 714 726 2681 2681 724 736 2682 2682 723 735 2683 2683 725 737 2684 2684 723 735 2685 2685 722 734 2686 2686 726 738 2687 2687 727 739 2688 2688 726 738 2689 2689 722 734 2690 2690 723 735 2691 2691 726 738 2692 2692 728 740 2693 2693 723 735 2694 2694 728 740 2695 2695 725 737 2696 2696 729 741 2697 2697 728 740 2698 2698 726 738 2699 2699 721 733 2700 2700 724 736 2701 2701 707 719 2702 2702 707 719 2703 2703 709 721 2704 2704 721 733 2705 2705 705 717 2706 2706 707 719 2707 2707 724 736 2708 2708 724 736 2709 2709 714 726 2710 2710 705 717 2711 2711 719 731 2712 2712 730 742 2713 2713 720 732 2714 2714 726 738 2715 2715 727 739 2716 2716 731 743 2717 2717 732 744 2718 2718 731 743 2719 2719 727 739 2720 2720 732 744 2721 2721 727 739 2722 2722 733 745 2723 2723 732 744 2724 2724 733 745 2725 2725 734 746 2726 2726 732 744 2727 2727 734 746 2728 2728 731 743 2729 2729 735 747 2730 2730 734 746 2731 2731 733 745 2732 2732 733 745 2733 2733 736 748 2734 2734 735 747 2735 2735 737 749 2736 2736 735 747 2737 2737 736 748 2738 2738 735 747 2739 2739 737 749 2740 2740 738 750 2741 2741 739 751 2742 2742 738 750 2743 2743 737 749 2744 2744 739 751 2745 2745 740 752 2746 2746 738 750 2747 2747 741 753 2748 2748 738 750 2749 2749 740 752 2750 2750 738 750 2751 2751 741 753 2752 2752 742 754 2753 2753 734 746 2754 2754 735 747 2755 2755 742 754 2756 2756 738 750 2757 2757 742 754 2758 2758 735 747 2759 2759 743 755 2760 2760 742 754 2761 2761 741 753 2762 2762 743 755 2763 2763 744 756 2764 2764 742 754 2765 2765 745 757 2766 2766 742 754 2767 2767 744 756 2768 2768 744 756 2769 2769 746 758 2770 2770 745 757 2771 2771 747 759 2772 2772 745 757 2773 2773 746 758 2774 2774 746 758 2775 2775 748 760 2776 2776 747 759 2777 2777 749 761 2778 2778 747 759 2779 2779 748 760 2780 2780 748 760 2781 2781 750 762 2782 2782 749 761 2783 2783 751 763 2784 2784 749 761 2785 2785 750 762 2786 2786 750 762 2787 2787 752 764 2788 2788 751 763 2789 2789 753 765 2790 2790 751 763 2791 2791 752 764 2792 2792 752 764 2793 2793 754 766 2794 2794 753 765 2795 2795 755 767 2796 2796 753 765 2797 2797 754 766 2798 2798 747 759 2799 2799 749 761 2800 2800 756 768 2801 2801 747 759 2802 2802 756 768 2803 2803 745 757 2804 2804 757 769 2805 2805 756 768 2806 2806 749 761 2807 2807 749 761 2808 2808 751 763 2809 2809 757 769 2810 2810 758 770 2811 2811 757 769 2812 2812 751 763 2813 2813 751 763 2814 2814 753 765 2815 2815 758 770 2816 2816 757 769 2817 2817 758 770 2818 2818 759 771 2819 2819 760 772 2820 2820 759 771 2821 2821 758 770 2822 2822 761 773 2823 2823 758 770 2824 2824 753 765 2825 2825 753 765 2826 2826 755 767 2827 2827 761 773 2828 2828 758 770 2829 2829 761 773 2830 2830 760 772 2831 2831 762 774 2832 2832 761 773 2833 2833 755 767 2834 2834 761 773 2835 2835 762 774 2836 2836 763 775 2837 2837 763 775 2838 2838 760 772 2839 2839 761 773 2840 2840 764 776 2841 2841 763 775 2842 2842 762 774 2843 2843 752 764 2844 2844 750 762 2845 2845 765 777 2846 2846 766 778 2847 2847 765 777 2848 2848 750 762 2849 2849 754 766 2850 2850 752 764 2851 2851 767 779 2852 2852 765 777 2853 2853 767 779 2854 2854 752 764 2855 2855 765 777 2856 2856 766 778 2857 2857 768 780 2858 2858 769 781 2859 2859 768 780 2860 2860 766 778 2861 2861 767 779 2862 2862 765 777 2863 2863 770 782 2864 2864 768 780 2865 2865 770 782 2866 2866 765 777 2867 2867 767 779 2868 2868 770 782 2869 2869 771 783 2870 2870 769 781 2871 2871 766 778 2872 2872 772 784 2873 2873 772 784 2874 2874 773 785 2875 2875 769 781 2876 2876 773 785 2877 2877 772 784 2878 2878 774 786 2879 2879 775 787 2880 2880 774 786 2881 2881 772 784 2882 2882 774 786 2883 2883 775 787 2884 2884 776 788 2885 2885 777 789 2886 2886 776 788 2887 2887 775 787 2888 2888 776 788 2889 2889 778 790 2890 2890 774 786 2891 2891 779 791 2892 2892 774 786 2893 2893 778 790 2894 2894 774 786 2895 2895 779 791 2896 2896 773 785 2897 2897 778 790 2898 2898 780 792 2899 2899 779 791 2900 2900 781 793 2901 2901 779 791 2902 2902 780 792 2903 2903 782 794 2904 2904 769 781 2905 2905 773 785 2906 2906 772 784 2907 2907 783 795 2908 2908 775 787 2909 2909 783 795 2910 2910 772 784 2911 2911 766 778 2912 2912 783 795 2913 2913 766 778 2914 2914 748 760 2915 2915 783 795 2916 2916 748 760 2917 2917 784 796 2918 2918 784 796 2919 2919 775 787 2920 2920 783 795 2921 2921 775 787 2922 2922 784 796 2923 2923 777 789 2924 2924 746 758 2925 2925 784 796 2926 2926 748 760 2927 2927 750 762 2928 2928 748 760 2929 2929 766 778 2930 2930 746 758 2931 2931 744 756 2932 2932 784 796 2933 2933 785 797 2934 2934 784 796 2935 2935 744 756 2936 2936 784 796 2937 2937 785 797 2938 2938 777 789 2939 2939 744 756 2940 2940 743 755 2941 2941 785 797 2942 2942 786 798 2943 2943 785 797 2944 2944 743 755 2945 2945 786 798 2946 2946 743 755 2947 2947 787 799 2948 2948 741 753 2949 2949 787 799 2950 2950 743 755 2951 2951 787 799 2952 2952 741 753 2953 2953 788 800 2954 2954 740 752 2955 2955 788 800 2956 2956 741 753 2957 2957 787 799 2958 2958 788 800 2959 2959 789 801 2960 2960 790 802 2961 2961 789 801 2962 2962 788 800 2963 2963 789 801 2964 2964 791 803 2965 2965 787 799 2966 2966 786 798 2967 2967 787 799 2968 2968 791 803 2969 2969 786 798 2970 2970 791 803 2971 2971 785 797 2972 2972 792 804 2973 2973 785 797 2974 2974 791 803 2975 2975 792 804 2976 2976 777 789 2977 2977 785 797 2978 2978 789 801 2979 2979 790 802 2980 2980 793 805 2981 2981 794 806 2982 2982 793 805 2983 2983 790 802 2984 2984 793 805 2985 2985 795 807 2986 2986 789 801 2987 2987 791 803 2988 2988 789 801 2989 2989 795 807 2990 2990 791 803 2991 2991 795 807 2992 2992 792 804 2993 2993 796 808 2994 2994 792 804 2995 2995 795 807 2996 2996 792 804 2997 2997 796 808 2998 2998 777 789 2999 2999 797 809 3000 3000 777 789 3001 3001 796 808 3002 3002 797 809 3003 3003 776 788 3004 3004 777 789 3005 3005 800 810 3006 3006 799 811 3007 3007 798 812 3008 3008 801 813 3009 3009 798 812 3010 3010 799 811 3011 3011 798 812 3012 3012 802 814 3013 3013 800 810 3014 3014 803 815 3015 3015 800 810 3016 3016 802 814 3017 3017 803 815 3018 3018 802 814 3019 3019 804 816 3020 3020 805 817 3021 3021 804 816 3022 3022 802 814 3023 3023 804 816 3024 3024 805 817 3025 3025 806 818 3026 3026 807 819 3027 3027 806 818 3028 3028 805 817 3029 3029 801 813 3030 3030 808 820 3031 3031 798 812 3032 3032 809 821 3033 3033 798 812 3034 3034 808 820 3035 3035 809 821 3036 3036 810 822 3037 3037 798 812 3038 3038 802 814 3039 3039 798 812 3040 3040 810 822 3041 3041 810 822 3042 3042 811 823 3043 3043 802 814 3044 3044 805 817 3045 3045 802 814 3046 3046 811 823 3047 3047 805 817 3048 3048 811 823 3049 3049 807 819 3050 3050 812 824 3051 3051 807 819 3052 3052 811 823 3053 3053 809 821 3054 3054 808 820 3055 3055 813 825 3056 3056 814 826 3057 3057 813 825 3058 3058 808 820 3059 3059 811 823 3060 3060 810 822 3061 3061 815 827 3062 3062 811 823 3063 3063 815 827 3064 3064 812 824 3065 3065 816 828 3066 3066 815 827 3067 3067 810 822 3068 3068 813 825 3069 3069 816 828 3070 3070 809 821 3071 3071 810 822 3072 3072 809 821 3073 3073 816 828 3074 3074 817 829 3075 3075 812 824 3076 3076 815 827 3077 3077 808 820 3078 3078 818 830 3079 3079 814 826 3080 3080 818 830 3081 3081 808 820 3082 3082 819 831 3083 3083 801 813 3084 3084 819 831 3085 3085 808 820 3086 3086 819 831 3087 3087 801 813 3088 3088 820 832 3089 3089 799 811 3090 3090 820 832 3091 3091 801 813 3092 3092 821 833 3093 3093 814 826 3094 3094 818 830 3095 3095 813 825 3096 3096 814 826 3097 3097 822 834 3098 3098 823 835 3099 3099 822 834 3100 3100 814 826 3101 3101 822 834 3102 3102 824 836 3103 3103 813 825 3104 3104 816 828 3105 3105 813 825 3106 3106 824 836 3107 3107 816 828 3108 3108 824 836 3109 3109 815 827 3110 3110 825 837 3111 3111 815 827 3112 3112 824 836 3113 3113 815 827 3114 3114 825 837 3115 3115 817 829 3116 3116 826 838 3117 3117 817 829 3118 3118 825 837 3119 3119 800 810 3120 3120 827 839 3121 3121 799 811 3122 3122 828 840 3123 3123 799 811 3124 3124 827 839 3125 3125 800 810 3126 3126 803 815 3127 3127 827 839 3128 3128 829 841 3129 3129 827 839 3130 3130 803 815 3131 3131 803 815 3132 3132 804 816 3133 3133 829 841 3134 3134 830 842 3135 3135 829 841 3136 3136 804 816 3137 3137 804 816 3138 3138 806 818 3139 3139 830 842 3140 3140 831 843 3141 3141 830 842 3142 3142 806 818 3143 3143 807 819 3144 3144 832 844 3145 3145 806 818 3146 3146 807 819 3147 3147 812 824 3148 3148 832 844 3149 3149 833 845 3150 3150 832 844 3151 3151 812 824 3152 3152 812 824 3153 3153 817 829 3154 3154 833 845 3155 3155 834 846 3156 3156 833 845 3157 3157 817 829 3158 3158 835 847 3159 3159 806 818 3160 3160 832 844 3161 3161 745 757 3162 3162 836 848 3163 3163 742 754 3164 3164 734 746 3165 3165 742 754 3166 3166 836 848 3167 3167 836 848 3168 3168 745 757 3169 3169 756 768 3170 3170 836 848 3171 3171 731 743 3172 3172 734 746 3173 3173 836 848 3174 3174 756 768 3175 3175 731 743 3176 3176 837 849 3177 3177 731 743 3178 3178 756 768 3179 3179 756 768 3180 3180 757 769 3181 3181 837 849 3182 3182 759 771 3183 3183 837 849 3184 3184 757 769 3185 3185 837 849 3186 3186 759 771 3187 3187 729 741 3188 3188 838 850 3189 3189 729 741 3190 3190 759 771 3191 3191 759 771 3192 3192 760 772 3193 3193 838 850 3194 3194 839 851 3195 3195 838 850 3196 3196 760 772 3197 3197 760 772 3198 3198 763 775 3199 3199 839 851 3200 3200 840 852 3201 3201 839 851 3202 3202 763 775 3203 3203 763 775 3204 3204 764 776 3205 3205 840 852 3206 3206 841 853 3207 3207 840 852 3208 3208 764 776 3209 3209 731 743 3210 3210 837 849 3211 3211 726 738 3212 3212 729 741 3213 3213 726 738 3214 3214 837 849 3215 3215 844 854 3216 3216 843 855 3217 3217 842 856 3218 3218 845 857 3219 3219 842 856 3220 3220 843 855 3221 3221 843 855 3222 3222 844 854 3223 3223 846 858 3224 3224 847 859 3225 3225 846 858 3226 3226 844 854 3227 3227 842 856 3228 3228 845 857 3229 3229 770 782 3230 3230 770 782 3231 3231 768 780 3232 3232 842 856 3233 3233 848 860 3234 3234 842 856 3235 3235 768 780 3236 3236 842 856 3237 3237 848 860 3238 3238 844 854 3239 3239 768 780 3240 3240 769 781 3241 3241 848 860 3242 3242 782 794 3243 3243 848 860 3244 3244 769 781 3245 3245 771 783 3246 3246 770 782 3247 3247 845 857 3248 3248 848 860 3249 3249 782 794 3250 3250 849 861 3251 3251 849 861 3252 3252 844 854 3253 3253 848 860 3254 3254 844 854 3255 3255 849 861 3256 3256 847 859 3257 3257 850 862 3258 3258 849 861 3259 3259 782 794 3260 3260 782 794 3261 3261 773 785 3262 3262 850 862 3263 3263 851 863 3264 3264 850 862 3265 3265 773 785 3266 3266 851 863 3267 3267 773 785 3268 3268 779 791 3269 3269 846 858 3270 3270 847 859 3271 3271 852 864 3272 3272 853 865 3273 3273 852 864 3274 3274 847 859 3275 3275 852 864 3276 3276 853 865 3277 3277 854 866 3278 3278 855 867 3279 3279 854 866 3280 3280 853 865 3281 3281 854 866 3282 3282 855 867 3283 3283 856 868 3284 3284 857 869 3285 3285 856 868 3286 3286 855 867 3287 3287 857 869 3288 3288 858 870 3289 3289 856 868 3290 3290 859 871 3291 3291 856 868 3292 3292 858 870 3293 3293 858 870 3294 3294 857 869 3295 3295 860 872 3296 3296 861 873 3297 3297 860 872 3298 3298 857 869 3299 3299 860 872 3300 3300 861 873 3301 3301 862 874 3302 3302 853 865 3303 3303 863 875 3304 3304 855 867 3305 3305 864 876 3306 3306 855 867 3307 3307 863 875 3308 3308 864 876 3309 3309 862 874 3310 3310 861 873 3311 3311 855 867 3312 3312 864 876 3313 3313 857 869 3314 3314 861 873 3315 3315 857 869 3316 3316 864 876 3317 3317 864 876 3318 3318 863 875 3319 3319 862 874 3320 3320 860 872 3321 3321 865 877 3322 3322 858 870 3323 3323 781 793 3324 3324 858 870 3325 3325 865 877 3326 3326 858 870 3327 3327 781 793 3328 3328 859 871 3329 3329 862 874 3330 3330 866 878 3331 3331 860 872 3332 3332 865 877 3333 3333 860 872 3334 3334 866 878 3335 3335 862 874 3336 3336 863 875 3337 3337 866 878 3338 3338 863 875 3339 3339 853 865 3340 3340 867 879 3341 3341 867 879 3342 3342 866 878 3343 3343 863 875 3344 3344 847 859 3345 3345 867 879 3346 3346 853 865 3347 3347 780 792 3348 3348 859 871 3349 3349 781 793 3350 3350 865 877 3351 3351 851 863 3352 3352 781 793 3353 3353 779 791 3354 3354 781 793 3355 3355 851 863 3356 3356 851 863 3357 3357 865 877 3358 3358 850 862 3359 3359 866 878 3360 3360 850 862 3361 3361 865 877 3362 3362 867 879 3363 3363 847 859 3364 3364 849 861 3365 3365 850 862 3366 3366 866 878 3367 3367 849 861 3368 3368 867 879 3369 3369 849 861 3370 3370 866 878 3371 3371 870 880 3372 3372 869 881 3373 3373 868 882 3374 3374 871 883 3375 3375 868 882 3376 3376 869 881 3377 3377 868 882 3378 3378 872 884 3379 3379 870 880 3380 3380 869 881 3381 3381 873 885 3382 3382 871 883 3383 3383 874 886 3384 3384 871 883 3385 3385 873 885 3386 3386 874 886 3387 3387 873 885 3388 3388 875 887 3389 3389 876 888 3390 3390 875 887 3391 3391 873 885 3392 3392 875 887 3393 3393 876 888 3394 3394 877 889 3395 3395 878 890 3396 3396 877 889 3397 3397 876 888 3398 3398 877 889 3399 3399 878 890 3400 3400 879 891 3401 3401 880 892 3402 3402 879 891 3403 3403 878 890 3404 3404 879 891 3405 3405 880 892 3406 3406 881 893 3407 3407 882 894 3408 3408 881 893 3409 3409 880 892 3410 3410 736 748 3411 3411 733 745 3412 3412 883 895 3413 3413 884 896 3414 3414 883 895 3415 3415 733 745 3416 3416 884 896 3417 3417 733 745 3418 3418 727 739 3419 3419 883 895 3420 3420 884 896 3421 3421 730 742 3422 3422 720 732 3423 3423 730 742 3424 3424 884 896 3425 3425 727 739 3426 3426 722 734 3427 3427 884 896 3428 3428 720 732 3429 3429 884 896 3430 3430 722 734 3431 3431 885 897 3432 3432 771 783 3433 3433 845 857 3434 3434 888 898 3435 3435 887 899 3436 3436 886 900 3437 3437 889 901 3438 3438 886 900 3439 3439 887 899 3440 3440 886 900 3441 3441 890 902 3442 3442 888 898 3443 3443 891 903 3444 3444 888 898 3445 3445 890 902 3446 3446 887 899 3447 3447 888 898 3448 3448 892 904 3449 3449 893 905 3450 3450 892 904 3451 3451 888 898 3452 3452 888 898 3453 3453 891 903 3454 3454 893 905 3455 3455 894 906 3456 3456 893 905 3457 3457 891 903 3458 3458 891 903 3459 3459 890 902 3460 3460 895 907 3461 3461 891 903 3462 3462 895 907 3463 3463 896 908 3464 3464 891 903 3465 3465 896 908 3466 3466 894 906 3467 3467 897 909 3468 3468 896 908 3469 3469 895 907 3470 3470 896 908 3471 3471 897 909 3472 3472 898 910 3473 3473 899 911 3474 3474 898 910 3475 3475 897 909 3476 3476 898 910 3477 3477 899 911 3478 3478 900 912 3479 3479 901 913 3480 3480 900 912 3481 3481 899 911 3482 3482 900 912 3483 3483 901 913 3484 3484 902 914 3485 3485 903 915 3486 3486 902 914 3487 3487 901 913 3488 3488 903 915 3489 3489 904 916 3490 3490 902 914 3491 3491 905 917 3492 3492 902 914 3493 3493 904 916 3494 3494 903 915 3495 3495 906 918 3496 3496 904 916 3497 3497 907 919 3498 3498 904 916 3499 3499 906 918 3500 3500 906 918 3501 3501 908 920 3502 3502 907 919 3503 3503 909 921 3504 3504 907 919 3505 3505 908 920 3506 3506 908 920 3507 3507 910 922 3508 3508 909 921 3509 3509 911 923 3510 3510 909 921 3511 3511 910 922 3512 3512 910 922 3513 3513 912 924 3514 3514 911 923 3515 3515 913 925 3516 3516 911 923 3517 3517 912 924 3518 3518 912 924 3519 3519 914 926 3520 3520 913 925 3521 3521 914 926 3522 3522 912 924 3523 3523 915 927 3524 3524 916 928 3525 3525 915 927 3526 3526 912 924 3527 3527 912 924 3528 3528 910 922 3529 3529 916 928 3530 3530 915 927 3531 3531 916 928 3532 3532 917 929 3533 3533 918 930 3534 3534 917 929 3535 3535 916 928 3536 3536 917 929 3537 3537 918 930 3538 3538 919 931 3539 3539 920 932 3540 3540 919 931 3541 3541 918 930 3542 3542 921 933 3543 3543 913 925 3544 3544 914 926 3545 3545 918 930 3546 3546 922 934 3547 3547 920 932 3548 3548 923 935 3549 3549 920 932 3550 3550 922 934 3551 3551 920 932 3552 3552 923 935 3553 3553 924 936 3554 3554 924 936 3555 3555 925 937 3556 3556 920 932 3557 3557 924 936 3558 3558 926 938 3559 3559 925 937 3560 3560 927 939 3561 3561 925 937 3562 3562 926 938 3563 3563 928 940 3564 3564 924 936 3565 3565 923 935 3566 3566 924 936 3567 3567 928 940 3568 3568 926 938 3569 3569 916 928 3570 3570 929 941 3571 3571 918 930 3572 3572 922 934 3573 3573 918 930 3574 3574 929 941 3575 3575 930 942 3576 3576 926 938 3577 3577 928 940 3578 3578 930 942 3579 3579 931 943 3580 3580 926 938 3581 3581 932 944 3582 3582 926 938 3583 3583 931 943 3584 3584 926 938 3585 3585 932 944 3586 3586 927 939 3587 3587 931 943 3588 3588 933 945 3589 3589 932 944 3590 3590 934 946 3591 3591 932 944 3592 3592 933 945 3593 3593 930 942 3594 3594 935 947 3595 3595 931 943 3596 3596 936 948 3597 3597 931 943 3598 3598 935 947 3599 3599 933 945 3600 3600 931 943 3601 3601 937 949 3602 3602 936 948 3603 3603 937 949 3604 3604 931 943 3605 3605 928 940 3606 3606 938 950 3607 3607 930 942 3608 3608 935 947 3609 3609 930 942 3610 3610 938 950 3611 3611 923 935 3612 3612 939 951 3613 3613 928 940 3614 3614 938 950 3615 3615 928 940 3616 3616 939 951 3617 3617 939 951 3618 3618 923 935 3619 3619 940 952 3620 3620 922 934 3621 3621 940 952 3622 3622 923 935 3623 3623 929 941 3624 3624 941 953 3625 3625 922 934 3626 3626 940 952 3627 3627 922 934 3628 3628 941 953 3629 3629 941 953 3630 3630 929 941 3631 3631 908 920 3632 3632 910 922 3633 3633 908 920 3634 3634 929 941 3635 3635 939 951 3636 3636 942 954 3637 3637 938 950 3638 3638 943 955 3639 3639 938 950 3640 3640 942 954 3641 3641 938 950 3642 3642 943 955 3643 3643 935 947 3644 3644 940 952 3645 3645 944 956 3646 3646 939 951 3647 3647 942 954 3648 3648 939 951 3649 3649 944 956 3650 3650 941 953 3651 3651 945 957 3652 3652 940 952 3653 3653 944 956 3654 3654 940 952 3655 3655 945 957 3656 3656 945 957 3657 3657 941 953 3658 3658 906 918 3659 3659 908 920 3660 3660 906 918 3661 3661 941 953 3662 3662 906 918 3663 3663 903 915 3664 3664 945 957 3665 3665 901 913 3666 3666 945 957 3667 3667 903 915 3668 3668 945 957 3669 3669 901 913 3670 3670 944 956 3671 3671 899 911 3672 3672 944 956 3673 3673 901 913 3674 3674 944 956 3675 3675 899 911 3676 3676 942 954 3677 3677 942 954 3678 3678 946 958 3679 3679 943 955 3680 3680 943 955 3681 3681 946 958 3682 3682 947 959 3683 3683 947 959 3684 3684 948 960 3685 3685 943 955 3686 3686 949 961 3687 3687 943 955 3688 3688 948 960 3689 3689 948 960 3690 3690 950 962 3691 3691 949 961 3692 3692 951 963 3693 3693 949 961 3694 3694 950 962 3695 3695 950 962 3696 3696 952 964 3697 3697 951 963 3698 3698 953 965 3699 3699 951 963 3700 3700 952 964 3701 3701 950 962 3702 3702 948 960 3703 3703 954 966 3704 3704 955 967 3705 3705 954 966 3706 3706 948 960 3707 3707 948 960 3708 3708 947 959 3709 3709 955 967 3710 3710 954 966 3711 3711 955 967 3712 3712 956 968 3713 3713 957 969 3714 3714 956 968 3715 3715 955 967 3716 3716 955 967 3717 3717 958 970 3718 3718 957 969 3719 3719 958 970 3720 3720 955 967 3721 3721 947 959 3722 3722 959 971 3723 3723 957 969 3724 3724 958 970 3725 3725 956 968 3726 3726 960 972 3727 3727 954 966 3728 3728 961 973 3729 3729 954 966 3730 3730 960 972 3731 3731 954 966 3732 3732 961 973 3733 3733 950 962 3734 3734 952 964 3735 3735 950 962 3736 3736 961 973 3737 3737 958 970 3738 3738 962 974 3739 3739 959 971 3740 3740 963 975 3741 3741 959 971 3742 3742 962 974 3743 3743 962 974 3744 3744 958 970 3745 3745 964 976 3746 3746 947 959 3747 3747 964 976 3748 3748 958 970 3749 3749 964 976 3750 3750 947 959 3751 3751 946 958 3752 3752 953 965 3753 3753 937 949 3754 3754 951 963 3755 3755 946 958 3756 3756 895 907 3757 3757 964 976 3758 3758 895 907 3759 3759 946 958 3760 3760 897 909 3761 3761 942 954 3762 3762 897 909 3763 3763 946 958 3764 3764 897 909 3765 3765 942 954 3766 3766 899 911 3767 3767 890 902 3768 3768 964 976 3769 3769 895 907 3770 3770 964 976 3771 3771 890 902 3772 3772 962 974 3773 3773 886 900 3774 3774 962 974 3775 3775 890 902 3776 3776 962 974 3777 3777 886 900 3778 3778 963 975 3779 3779 889 901 3780 3780 963 975 3781 3781 886 900 3782 3782 936 948 3783 3783 951 963 3784 3784 937 949 3785 3785 936 948 3786 3786 935 947 3787 3787 951 963 3788 3788 949 961 3789 3789 951 963 3790 3790 935 947 3791 3791 949 961 3792 3792 935 947 3793 3793 943 955 3794 3794 967 977 3795 3795 966 978 3796 3796 965 979 3797 3797 968 980 3798 3798 965 979 3799 3799 966 978 3800 3800 965 979 3801 3801 969 981 3802 3802 967 977 3803 3803 970 982 3804 3804 967 977 3805 3805 969 981 3806 3806 969 981 3807 3807 971 983 3808 3808 970 982 3809 3809 972 984 3810 3810 970 982 3811 3811 971 983 3812 3812 971 983 3813 3813 973 985 3814 3814 972 984 3815 3815 974 986 3816 3816 972 984 3817 3817 973 985 3818 3818 974 986 3819 3819 973 985 3820 3820 975 987 3821 3821 976 988 3822 3822 975 987 3823 3823 973 985 3824 3824 975 987 3825 3825 976 988 3826 3826 977 989 3827 3827 978 990 3828 3828 977 989 3829 3829 976 988 3830 3830 971 983 3831 3831 969 981 3832 3832 979 991 3833 3833 980 992 3834 3834 979 991 3835 3835 969 981 3836 3836 973 985 3837 3837 971 983 3838 3838 981 993 3839 3839 979 991 3840 3840 981 993 3841 3841 971 983 3842 3842 978 990 3843 3843 976 988 3844 3844 982 994 3845 3845 983 995 3846 3846 982 994 3847 3847 976 988 3848 3848 976 988 3849 3849 973 985 3850 3850 983 995 3851 3851 981 993 3852 3852 983 995 3853 3853 973 985 3854 3854 982 994 3855 3855 983 995 3856 3856 984 996 3857 3857 985 997 3858 3858 984 996 3859 3859 983 995 3860 3860 983 995 3861 3861 981 993 3862 3862 985 997 3863 3863 980 992 3864 3864 986 998 3865 3865 979 991 3866 3866 987 999 3867 3867 979 991 3868 3868 986 998 3869 3869 986 998 3870 3870 988 1000 3871 3871 987 999 3872 3872 989 1001 3873 3873 987 999 3874 3874 988 1000 3875 3875 981 993 3876 3876 979 991 3877 3877 990 1002 3878 3878 987 999 3879 3879 990 1002 3880 3880 979 991 3881 3881 990 1002 3882 3882 985 997 3883 3883 981 993 3884 3884 985 997 3885 3885 990 1002 3886 3886 989 1001 3887 3887 987 999 3888 3888 989 1001 3889 3889 990 1002 3890 3890 984 996 3891 3891 985 997 3892 3892 991 1003 3893 3893 989 1001 3894 3894 991 1003 3895 3895 985 997 3896 3896 989 1001 3897 3897 992 1004 3898 3898 991 1003 3899 3899 989 1001 3900 3900 988 1000 3901 3901 992 1004 3902 3902 993 1005 3903 3903 991 1003 3904 3904 992 1004 3905 3905 980 992 3906 3906 994 1006 3907 3907 986 998 3908 3908 980 992 3909 3909 995 1007 3910 3910 994 1006 3911 3911 980 992 3912 3912 969 981 3913 3913 995 1007 3914 3914 965 979 3915 3915 995 1007 3916 3916 969 981 3917 3917 995 1007 3918 3918 965 979 3919 3919 996 1008 3920 3920 968 980 3921 3921 996 1008 3922 3922 965 979 3923 3923 997 1009 3924 3924 994 1006 3925 3925 995 1007 3926 3926 994 1006 3927 3927 997 1009 3928 3928 998 1010 3929 3929 998 1010 3930 3930 999 1011 3931 3931 994 1006 3932 3932 1000 1012 3933 3933 994 1006 3934 3934 999 1011 3935 3935 1001 1013 3936 3936 998 1010 3937 3937 997 1009 3938 3938 997 1009 3939 3939 1002 1014 3940 3940 1001 1013 3941 3941 1003 1015 3942 3942 1001 1013 3943 3943 1002 1014 3944 3944 1002 1014 3945 3945 1004 1016 3946 3946 1003 1015 3947 3947 1005 1017 3948 3948 1003 1015 3949 3949 1004 1016 3950 3950 1004 1016 3951 3951 1006 1018 3952 3952 1005 1017 3953 3953 1007 1019 3954 3954 1005 1017 3955 3955 1006 1018 3956 3956 1006 1018 3957 3957 1008 1020 3958 3958 1007 1019 3959 3959 1009 1021 3960 3960 1007 1019 3961 3961 1008 1020 3962 3962 1008 1020 3963 3963 1010 1022 3964 3964 1009 1021 3965 3965 1011 1023 3966 3966 1009 1021 3967 3967 1010 1022 3968 3968 999 1011 3969 3969 1012 1024 3970 3970 1000 1012 3971 3971 1013 1025 3972 3972 1000 1012 3973 3973 1012 1024 3974 3974 1013 1025 3975 3975 1012 1024 3976 3976 1014 1026 3977 3977 1015 1027 3978 3978 1014 1026 3979 3979 1012 1024 3980 3980 1014 1026 3981 3981 1015 1027 3982 3982 1016 1028 3983 3983 1017 1029 3984 3984 1016 1028 3985 3985 1015 1027 3986 3986 1016 1028 3987 3987 1017 1029 3988 3988 1018 1030 3989 3989 1019 1031 3990 3990 1018 1030 3991 3991 1017 1029 3992 3992 1018 1030 3993 3993 1019 1031 3994 3994 1020 1032 3995 3995 1021 1033 3996 3996 1020 1032 3997 3997 1019 1031 3998 3998 1020 1032 3999 3999 1021 1033 4000 4000 1022 1034 4001 4001 1023 1035 4002 4002 1022 1034 4003 4003 1021 1033 4004 4004 1022 1034 4005 4005 1023 1035 4006 4006 1024 1036 4007 4007 1025 1037 4008 4008 1024 1036 4009 4009 1023 1035 4010 4010 1024 1036 4011 4011 1025 1037 4012 4012 1026 1038 4013 4013 1027 1039 4014 4014 1026 1038 4015 4015 1025 1037 4016 4016 1026 1038 4017 4017 1027 1039 4018 4018 1010 1022 4019 4019 1011 1023 4020 4020 1010 1022 4021 4021 1027 1039 4022 4022 1010 1022 4023 4023 1028 1040 4024 4024 1026 1038 4025 4025 1029 1041 4026 4026 1026 1038 4027 4027 1028 1040 4028 4028 1026 1038 4029 4029 1029 1041 4030 4030 1024 1036 4031 4031 1028 1040 4032 4032 1010 1022 4033 4033 1030 1042 4034 4034 1008 1020 4035 4035 1030 1042 4036 4036 1010 1022 4037 4037 1008 1020 4038 4038 1006 1018 4039 4039 1030 1042 4040 4040 1031 1043 4041 4041 1030 1042 4042 4042 1006 1018 4043 4043 1031 1043 4044 4044 1006 1018 4045 4045 1032 1044 4046 4046 1004 1016 4047 4047 1032 1044 4048 4048 1006 1018 4049 4049 1024 1036 4050 4050 1029 1041 4051 4051 1033 1045 4052 4052 1034 1046 4053 4053 1033 1045 4054 4054 1029 1041 4055 4055 1034 1046 4056 4056 1029 1041 4057 4057 1035 1047 4058 4058 1036 1048 4059 4059 1035 1047 4060 4060 1029 1041 4061 4061 1028 1040 4062 4062 1036 1048 4063 4063 1029 1041 4064 4064 1036 1048 4065 4065 1028 1040 4066 4066 1037 1049 4067 4067 1030 1042 4068 4068 1037 1049 4069 4069 1028 1040 4070 4070 1030 1042 4071 4071 1031 1043 4072 4072 1037 1049 4073 4073 1038 1050 4074 4074 1037 1049 4075 4075 1031 1043 4076 4076 1031 1043 4077 4077 1032 1044 4078 4078 1038 1050 4079 4079 1039 1051 4080 4080 1038 1050 4081 4081 1032 1044 4082 4082 1039 1051 4083 4083 1032 1044 4084 4084 996 1008 4085 4085 1040 1052 4086 4086 996 1008 4087 4087 1032 1044 4088 4088 1032 1044 4089 4089 1004 1016 4090 4090 1040 1052 4091 4091 995 1007 4092 4092 996 1008 4093 4093 1040 1052 4094 4094 995 1007 4095 4095 1040 1052 4096 4096 997 1009 4097 4097 1002 1014 4098 4098 997 1009 4099 4099 1040 1052 4100 4100 1002 1014 4101 4101 1040 1052 4102 4102 1004 1016 4103 4103 1034 1046 4104 4104 1035 1047 4105 4105 1041 1053 4106 4106 1034 1046 4107 4107 1041 1053 4108 4108 1033 1045 4109 4109 1042 1054 4110 4110 1041 1053 4111 4111 1035 1047 4112 4112 1043 1055 4113 4113 1033 1045 4114 4114 1041 1053 4115 4115 1041 1053 4116 4116 1044 1056 4117 4117 1043 1055 4118 4118 1043 1055 4119 4119 1044 1056 4120 4120 1045 1057 4121 4121 1045 1057 4122 4122 1046 1058 4123 4123 1043 1055 4124 4124 1047 1059 4125 4125 1043 1055 4126 4126 1046 1058 4127 4127 1048 1060 4128 4128 1045 1057 4129 4129 1044 1056 4130 4130 1046 1058 4131 4131 1049 1061 4132 4132 1047 1059 4133 4133 1050 1062 4134 4134 1047 1059 4135 4135 1049 1061 4136 4136 1049 1061 4137 4137 1051 1063 4138 4138 1050 1062 4139 4139 1052 1064 4140 4140 1050 1062 4141 4141 1051 1063 4142 4142 1051 1063 4143 4143 1053 1065 4144 4144 1052 1064 4145 4145 1054 1066 4146 4146 1052 1064 4147 4147 1053 1065 4148 4148 1053 1065 4149 4149 1055 1067 4150 4150 1054 1066 4151 4151 1056 1068 4152 4152 1054 1066 4153 4153 1055 1067 4154 4154 1055 1067 4155 4155 1057 1069 4156 4156 1056 1068 4157 4157 1058 1070 4158 4158 1056 1068 4159 4159 1057 1069 4160 4160 1058 1070 4161 4161 1057 1069 4162 4162 1059 1071 4163 4163 1060 1072 4164 4164 1059 1071 4165 4165 1057 1069 4166 4166 1059 1071 4167 4167 1060 1072 4168 4168 1061 1073 4169 4169 1062 1074 4170 4170 1061 1073 4171 4171 1060 1072 4172 4172 1061 1073 4173 4173 1062 1074 4174 4174 1063 1075 4175 4175 1064 1076 4176 4176 1063 1075 4177 4177 1062 1074 4178 4178 1063 1075 4179 4179 1064 1076 4180 4180 1065 1077 4181 4181 1066 1078 4182 4182 1065 1077 4183 4183 1064 1076 4184 4184 1065 1077 4185 4185 1066 1078 4186 4186 1067 1079 4187 4187 1068 1080 4188 4188 1067 1079 4189 4189 1066 1078 4190 4190 1067 1079 4191 4191 1068 1080 4192 4192 1069 1081 4193 4193 1070 1082 4194 4194 1069 1081 4195 4195 1068 1080 4196 4196 1069 1081 4197 4197 1070 1082 4198 4198 1071 1083 4199 4199 1072 1084 4200 4200 1071 1083 4201 4201 1070 1082 4202 4202 1071 1083 4203 4203 1072 1084 4204 4204 1073 1085 4205 4205 1074 1086 4206 4206 1073 1085 4207 4207 1072 1084 4208 4208 1074 1086 4209 4209 1048 1060 4210 4210 1073 1085 4211 4211 1044 1056 4212 4212 1073 1085 4213 4213 1048 1060 4214 4214 1073 1085 4215 4215 1044 1056 4216 4216 1075 1087 4217 4217 1041 1053 4218 4218 1075 1087 4219 4219 1044 1056 4220 4220 1071 1083 4221 4221 1073 1085 4222 4222 1076 1088 4223 4223 1075 1087 4224 4224 1076 1088 4225 4225 1073 1085 4226 4226 1071 1083 4227 4227 1076 1088 4228 4228 1069 1081 4229 4229 1077 1089 4230 4230 1069 1081 4231 4231 1076 1088 4232 4232 1067 1079 4233 4233 1069 1081 4234 4234 1078 1090 4235 4235 1077 1089 4236 4236 1078 1090 4237 4237 1069 1081 4238 4238 1076 1088 4239 4239 1075 1087 4240 4240 1079 1091 4241 4241 1076 1088 4242 4242 1079 1091 4243 4243 1077 1089 4244 4244 1042 1054 4245 4245 1079 1091 4246 4246 1075 1087 4247 4247 1042 1054 4248 4248 1075 1087 4249 4249 1041 1053 4250 4250 1080 1092 4251 4251 1077 1089 4252 4252 1079 1091 4253 4253 1077 1089 4254 4254 1080 1092 4255 4255 1078 1090 4256 4256 1081 1093 4257 4257 1078 1090 4258 4258 1080 1092 4259 4259 1081 1093 4260 4260 1082 1094 4261 4261 1078 1090 4262 4262 1083 1095 4263 4263 1078 1090 4264 4264 1082 1094 4265 4265 1082 1094 4266 4266 1084 1096 4267 4267 1083 1095 4268 4268 1084 1096 4269 4269 1082 1094 4270 4270 1085 1097 4271 4271 1085 1097 4272 4272 1086 1098 4273 4273 1084 1096 4274 4274 1085 1097 4275 4275 1087 1099 4276 4276 1086 1098 4277 4277 1087 1099 4278 4278 1085 1097 4279 4279 1088 1100 4280 4280 1089 1101 4281 4281 1088 1100 4282 4282 1085 1097 4283 4283 1089 1101 4284 4284 1085 1097 4285 4285 1082 1094 4286 4286 1090 1102 4287 4287 1086 1098 4288 4288 1087 1099 4289 4289 1086 1098 4290 4290 1090 1102 4291 4291 1091 1103 4292 4292 1092 1104 4293 4293 1091 1103 4294 4294 1090 1102 4295 4295 1091 1103 4296 4296 1092 1104 4297 4297 1093 1105 4298 4298 1094 1106 4299 4299 1093 1105 4300 4300 1092 1104 4301 4301 1094 1106 4302 4302 1095 1107 4303 4303 1093 1105 4304 4304 1096 1108 4305 4305 1093 1105 4306 4306 1095 1107 4307 4307 1095 1107 4308 4308 977 989 4309 4309 1096 1108 4310 4310 978 990 4311 4311 1096 1108 4312 4312 977 989 4313 4313 1091 1103 4314 4314 1097 1109 4315 4315 1086 1098 4316 4316 1098 1110 4317 4317 1086 1098 4318 4318 1097 1109 4319 4319 1093 1105 4320 4320 1099 1111 4321 4321 1091 1103 4322 4322 1097 1109 4323 4323 1091 1103 4324 4324 1099 1111 4325 4325 978 990 4326 4326 982 994 4327 4327 1096 1108 4328 4328 1100 1112 4329 4329 1096 1108 4330 4330 982 994 4331 4331 1096 1108 4332 4332 1100 1112 4333 4333 1093 1105 4334 4334 1099 1111 4335 4335 1093 1105 4336 4336 1100 1112 4337 4337 982 994 4338 4338 984 996 4339 4339 1100 1112 4340 4340 1101 1113 4341 4341 1100 1112 4342 4342 984 996 4343 4343 1100 1112 4344 4344 1101 1113 4345 4345 1099 1111 4346 4346 1098 1110 4347 4347 1097 1109 4348 4348 1102 1114 4349 4349 1103 1115 4350 4350 1102 1114 4351 4351 1097 1109 4352 4352 1102 1114 4353 4353 1103 1115 4354 4354 1104 1116 4355 4355 1105 1117 4356 4356 1104 1116 4357 4357 1103 1115 4358 4358 1103 1115 4359 4359 1097 1109 4360 4360 1106 1118 4361 4361 1099 1111 4362 4362 1106 1118 4363 4363 1097 1109 4364 4364 1106 1118 4365 4365 1099 1111 4366 4366 1101 1113 4367 4367 1103 1115 4368 4368 1106 1118 4369 4369 1105 1117 4370 4370 1101 1113 4371 4371 1105 1117 4372 4372 1106 1118 4373 4373 984 996 4374 4374 991 1003 4375 4375 1101 1113 4376 4376 1105 1117 4377 4377 1101 1113 4378 4378 991 1003 4379 4379 1105 1117 4380 4380 991 1003 4381 4381 1107 1119 4382 4382 1104 1116 4383 4383 1105 1117 4384 4384 1107 1119 4385 4385 993 1005 4386 4386 1107 1119 4387 4387 991 1003 4388 4388 1098 1110 4389 4389 1102 1114 4390 4390 1061 1073 4391 4391 1098 1110 4392 4392 1061 1073 4393 4393 1084 1096 4394 4394 1098 1110 4395 4395 1084 1096 4396 4396 1086 1098 4397 4397 1063 1075 4398 4398 1084 1096 4399 4399 1061 1073 4400 4400 1084 1096 4401 4401 1063 1075 4402 4402 1083 1095 4403 4403 1065 1077 4404 4404 1083 1095 4405 4405 1063 1075 4406 4406 1059 1071 4407 4407 1061 1073 4408 4408 1102 1114 4409 4409 1102 1114 4410 4410 1058 1070 4411 4411 1059 1071 4412 4412 1102 1114 4413 4413 1104 1116 4414 4414 1058 1070 4415 4415 1104 1116 4416 4416 1056 1068 4417 4417 1058 1070 4418 4418 1104 1116 4419 4419 1107 1119 4420 4420 1056 1068 4421 4421 1054 1066 4422 4422 1056 1068 4423 4423 1107 1119 4424 4424 1107 1119 4425 4425 1052 1064 4426 4426 1054 1066 4427 4427 1052 1064 4428 4428 1107 1119 4429 4429 1108 1120 4430 4430 993 1005 4431 4431 1108 1120 4432 4432 1107 1119 4433 4433 993 1005 4434 4434 992 1004 4435 4435 1108 1120 4436 4436 1018 1030 4437 4437 1108 1120 4438 4438 992 1004 4439 4439 1018 1030 4440 4440 992 1004 4441 4441 1016 1028 4442 4442 1016 1028 4443 4443 992 1004 4444 4444 1014 1026 4445 4445 988 1000 4446 4446 1014 1026 4447 4447 992 1004 4448 4448 1014 1026 4449 4449 988 1000 4450 4450 1013 1025 4451 4451 988 1000 4452 4452 986 998 4453 4453 1013 1025 4454 4454 1013 1025 4455 4455 986 998 4456 4456 1000 1012 4457 4457 1000 1012 4458 4458 986 998 4459 4459 994 1006 4460 4460 1018 1030 4461 4461 1020 1032 4462 4462 1108 1120 4463 4463 1109 1121 4464 4464 1108 1120 4465 4465 1020 1032 4466 4466 1022 1034 4467 4467 1109 1121 4468 4468 1020 1032 4469 4469 1109 1121 4470 4470 1022 1034 4471 4471 1033 1045 4472 4472 1024 1036 4473 4473 1033 1045 4474 4474 1022 1034 4475 4475 1109 1121 4476 4476 1033 1045 4477 4477 1047 1059 4478 4478 1109 1121 4479 4479 1047 1059 4480 4480 1050 1062 4481 4481 1109 1121 4482 4482 1050 1062 4483 4483 1108 1120 4484 4484 1052 1064 4485 4485 1108 1120 4486 4486 1050 1062 4487 4487 1043 1055 4488 4488 1047 1059 4489 4489 1033 1045 4490 4490 1112 1122 4491 4491 1111 1123 4492 4492 1110 1124 4493 4493 1113 1125 4494 4494 1110 1124 4495 4495 1111 1123 4496 4496 1111 1123 4497 4497 1112 1122 4498 4498 927 939 4499 4499 1114 1126 4500 4500 927 939 4501 4501 1112 1122 4502 4502 1112 1122 4503 4503 1115 1127 4504 4504 1114 1126 4505 4505 1116 1128 4506 4506 1114 1126 4507 4507 1115 1127 4508 4508 1114 1126 4509 4509 1116 1128 4510 4510 1117 1129 4511 4511 1118 1130 4512 4512 1117 1129 4513 4513 1116 1128 4514 4514 1117 1129 4515 4515 1118 1130 4516 4516 919 931 4517 4517 1119 1131 4518 4518 919 931 4519 4519 1118 1130 4520 4520 919 931 4521 4521 1119 1131 4522 4522 917 929 4523 4523 1120 1132 4524 4524 917 929 4525 4525 1119 1131 4526 4526 917 929 4527 4527 1120 1132 4528 4528 915 927 4529 4529 1121 1133 4530 4530 915 927 4531 4531 1120 1132 4532 4532 915 927 4533 4533 1121 1133 4534 4534 914 926 4535 4535 1122 1134 4536 4536 914 926 4537 4537 1121 1133 4538 4538 1122 1134 4539 4539 1123 1135 4540 4540 914 926 4541 4541 921 933 4542 4542 914 926 4543 4543 1123 1135 4544 4544 1117 1129 4545 4545 925 937 4546 4546 1114 1126 4547 4547 927 939 4548 4548 1114 1126 4549 4549 925 937 4550 4550 919 931 4551 4551 920 932 4552 4552 1117 1129 4553 4553 925 937 4554 4554 1117 1129 4555 4555 920 932 4556 4556 1118 1130 4557 4557 1116 1128 4558 4558 1124 1136 4559 4559 1125 1137 4560 4560 1124 1136 4561 4561 1116 1128 4562 4562 1125 1137 4563 4563 1116 1128 4564 4564 1126 1138 4565 4565 1115 1127 4566 4566 1126 1138 4567 4567 1116 1128 4568 4568 1126 1138 4569 4569 1115 1127 4570 4570 1127 1139 4571 4571 1115 1127 4572 4572 1112 1122 4573 4573 1127 1139 4574 4574 1110 1124 4575 4575 1127 1139 4576 4576 1112 1122 4577 4577 1122 1134 4578 4578 1121 1133 4579 4579 1128 1140 4580 4580 1129 1141 4581 4581 1128 1140 4582 4582 1121 1133 4583 4583 1121 1133 4584 4584 1120 1132 4585 4585 1129 1141 4586 4586 1130 1142 4587 4587 1129 1141 4588 4588 1120 1132 4589 4589 1120 1132 4590 4590 1119 1131 4591 4591 1130 1142 4592 4592 1131 1143 4593 4593 1130 1142 4594 4594 1119 1131 4595 4595 1124 1136 4596 4596 1131 1143 4597 4597 1118 1130 4598 4598 1119 1131 4599 4599 1118 1130 4600 4600 1131 1143 4601 4601 1128 1140 4602 4602 1132 1144 4603 4603 1122 1134 4604 4604 1123 1135 4605 4605 1122 1134 4606 4606 1132 1144 4607 4607 1123 1135 4608 4608 1132 1144 4609 4609 1133 1145 4610 4610 1133 1145 4611 4611 1134 1146 4612 4612 1123 1135 4613 4613 1133 1145 4614 4614 1135 1147 4615 4615 1134 1146 4616 4616 1136 1148 4617 4617 1134 1146 4618 4618 1135 1147 4619 4619 1134 1146 4620 4620 1136 1148 4621 4621 1137 1149 4622 4622 1138 1150 4623 4623 1137 1149 4624 4624 1136 1148 4625 4625 1136 1148 4626 4626 1139 1151 4627 4627 1138 1150 4628 4628 1140 1152 4629 4629 1138 1150 4630 4630 1139 1151 4631 4631 1139 1151 4632 4632 1141 1153 4633 4633 1140 1152 4634 4634 1142 1154 4635 4635 1140 1152 4636 4636 1141 1153 4637 4637 1137 1149 4638 4638 913 925 4639 4639 1134 1146 4640 4640 921 933 4641 4641 1134 1146 4642 4642 913 925 4643 4643 921 933 4644 4644 1123 1135 4645 4645 1134 1146 4646 4646 913 925 4647 4647 1137 1149 4648 4648 911 923 4649 4649 1143 1155 4650 4650 911 923 4651 4651 1137 1149 4652 4652 1137 1149 4653 4653 1138 1150 4654 4654 1143 1155 4655 4655 911 923 4656 4656 1143 1155 4657 4657 909 921 4658 4658 1144 1156 4659 4659 909 921 4660 4660 1143 1155 4661 4661 909 921 4662 4662 1144 1156 4663 4663 907 919 4664 4664 1145 1157 4665 4665 907 919 4666 4666 1144 1156 4667 4667 1140 1152 4668 4668 1142 1154 4669 4669 1146 1158 4670 4670 1147 1159 4671 4671 1146 1158 4672 4672 1142 1154 4673 4673 1142 1154 4674 4674 1148 1160 4675 4675 1147 1159 4676 4676 1149 1161 4677 4677 1148 1160 4678 4678 1142 1154 4679 4679 1148 1160 4680 4680 1149 1161 4681 4681 1150 1162 4682 4682 1151 1163 4683 4683 1150 1162 4684 4684 1149 1161 4685 4685 1152 1164 4686 4686 1147 1159 4687 4687 1148 1160 4688 4688 1148 1160 4689 4689 1150 1162 4690 4690 1152 1164 4691 4691 1153 1165 4692 4692 1152 1164 4693 4693 1150 1162 4694 4694 1153 1165 4695 4695 1150 1162 4696 4696 1154 1166 4697 4697 1155 1167 4698 4698 1154 1166 4699 4699 1150 1162 4700 4700 1150 1162 4701 4701 1151 1163 4702 4702 1155 1167 4703 4703 1154 1166 4704 4704 1155 1167 4705 4705 1156 1168 4706 4706 1157 1169 4707 4707 1156 1168 4708 4708 1155 1167 4709 4709 1153 1165 4710 4710 1154 1166 4711 4711 1158 1170 4712 4712 1159 1171 4713 4713 1158 1170 4714 4714 1154 1166 4715 4715 1159 1171 4716 4716 1154 1166 4717 4717 1160 1172 4718 4718 1156 1168 4719 4719 1160 1172 4720 4720 1154 1166 4721 4721 1158 1170 4722 4722 1161 1173 4723 4723 1153 1165 4724 4724 1152 1164 4725 4725 1153 1165 4726 4726 1161 1173 4727 4727 1147 1159 4728 4728 1152 1164 4729 4729 1162 1174 4730 4730 1161 1173 4731 4731 1162 1174 4732 4732 1152 1164 4733 4733 1162 1174 4734 4734 1163 1175 4735 4735 1147 1159 4736 4736 1162 1174 4737 4737 1161 1173 4738 4738 1164 1176 4739 4739 1165 1177 4740 4740 1164 1176 4741 4741 1161 1173 4742 4742 1161 1173 4743 4743 1158 1170 4744 4744 1165 1177 4745 4745 1163 1175 4746 4746 1162 1174 4747 4747 1166 1178 4748 4748 1164 1176 4749 4749 1166 1178 4750 4750 1162 1174 4751 4751 1166 1178 4752 4752 1167 1179 4753 4753 1163 1175 4754 4754 1168 1180 4755 4755 1163 1175 4756 4756 1167 1179 4757 4757 1163 1175 4758 4758 1168 1180 4759 4759 1146 1158 4760 4760 1146 1158 4761 4761 1147 1159 4762 4762 1163 1175 4763 4763 1169 1181 4764 4764 1146 1158 4765 4765 1168 1180 4766 4766 1146 1158 4767 4767 1169 1181 4768 4768 1140 1152 4769 4769 1138 1150 4770 4770 1140 1152 4771 4771 1169 1181 4772 4772 1169 1181 4773 4773 1143 1155 4774 4774 1138 1150 4775 4775 1168 1180 4776 4776 1144 1156 4777 4777 1169 1181 4778 4778 1143 1155 4779 4779 1169 1181 4780 4780 1144 1156 4781 4781 1144 1156 4782 4782 1168 1180 4783 4783 1145 1157 4784 4784 1167 1179 4785 4785 1145 1157 4786 4786 1168 1180 4787 4787 1145 1157 4788 4788 1167 1179 4789 4789 1170 1182 4790 4790 1170 1182 4791 4791 904 916 4792 4792 1145 1157 4793 4793 1170 1182 4794 4794 1171 1183 4795 4795 904 916 4796 4796 1170 1182 4797 4797 1172 1184 4798 4798 1171 1183 4799 4799 1172 1184 4800 4800 1170 1182 4801 4801 1167 1179 4802 4802 1167 1179 4803 4803 1166 1178 4804 4804 1172 1184 4805 4805 1173 1185 4806 4806 1171 1183 4807 4807 1172 1184 4808 4808 1172 1184 4809 4809 1174 1186 4810 4810 1173 1185 4811 4811 1175 1187 4812 4812 1173 1185 4813 4813 1174 1186 4814 4814 1174 1186 4815 4815 1176 1188 4816 4816 1175 1187 4817 4817 1177 1189 4818 4818 1175 1187 4819 4819 1176 1188 4820 4820 1176 1188 4821 4821 1178 1190 4822 4822 1177 1189 4823 4823 1179 1191 4824 4824 1177 1189 4825 4825 1178 1190 4826 4826 905 917 4827 4827 904 916 4828 4828 1171 1183 4829 4829 907 919 4830 4830 1145 1157 4831 4831 904 916 4832 4832 1174 1186 4833 4833 1172 1184 4834 4834 1166 1178 4835 4835 1176 1188 4836 4836 1174 1186 4837 4837 1164 1176 4838 4838 1166 1178 4839 4839 1164 1176 4840 4840 1174 1186 4841 4841 1179 1191 4842 4842 1180 1192 4843 4843 1177 1189 4844 4844 1180 1192 4845 4845 1179 1191 4846 4846 1181 1193 4847 4847 1182 1194 4848 4848 1181 1193 4849 4849 1179 1191 4850 4850 1179 1191 4851 4851 1183 1195 4852 4852 1182 1194 4853 4853 1183 1195 4854 4854 1179 1191 4855 4855 1178 1190 4856 4856 1184 1196 4857 4857 1182 1194 4858 4858 1183 1195 4859 4859 1182 1194 4860 4860 1184 1196 4861 4861 1185 1197 4862 4862 1186 1198 4863 4863 1185 1197 4864 4864 1184 1196 4865 4865 1181 1193 4866 4866 1182 1194 4867 4867 1187 1199 4868 4868 1185 1197 4869 4869 1187 1199 4870 4870 1182 1194 4871 4871 1188 1200 4872 4872 1177 1189 4873 4873 1180 1192 4874 4874 1177 1189 4875 4875 1188 1200 4876 4876 1175 1187 4877 4877 1189 1201 4878 4878 1175 1187 4879 4879 1188 1200 4880 4880 1175 1187 4881 4881 1189 1201 4882 4882 1173 1185 4883 4883 1190 1202 4884 4884 1173 1185 4885 4885 1189 1201 4886 4886 1173 1185 4887 4887 1190 1202 4888 4888 1171 1183 4889 4889 1191 1203 4890 4890 1171 1183 4891 4891 1190 1202 4892 4892 1171 1183 4893 4893 1191 1203 4894 4894 905 917 4895 4895 1192 1204 4896 4896 905 917 4897 4897 1191 1203 4898 4898 1184 1196 4899 4899 1183 1195 4900 4900 1193 1205 4901 4901 1194 1206 4902 4902 1193 1205 4903 4903 1183 1195 4904 4904 1193 1205 4905 4905 1194 1206 4906 4906 1195 1207 4907 4907 1195 1207 4908 4908 1196 1208 4909 4909 1193 1205 4910 4910 1196 1208 4911 4911 1195 1207 4912 4912 1197 1209 4913 4913 1198 1210 4914 4914 1197 1209 4915 4915 1195 1207 4916 4916 1197 1209 4917 4917 1198 1210 4918 4918 1199 1211 4919 4919 1200 1212 4920 4920 1199 1211 4921 4921 1198 1210 4922 4922 1199 1211 4923 4923 1200 1212 4924 4924 1201 1213 4925 4925 1202 1214 4926 4926 1201 1213 4927 4927 1200 1212 4928 4928 1198 1210 4929 4929 1203 1215 4930 4930 1200 1212 4931 4931 1204 1216 4932 4932 1200 1212 4933 4933 1203 1215 4934 4934 1200 1212 4935 4935 1204 1216 4936 4936 1202 1214 4937 4937 1203 1215 4938 4938 1205 1217 4939 4939 1204 1216 4940 4940 1206 1218 4941 4941 1204 1216 4942 4942 1205 1217 4943 4943 1204 1216 4944 4944 1206 1218 4945 4945 1207 1219 4946 4946 1207 1219 4947 4947 1202 1214 4948 4948 1204 1216 4949 4949 1208 1220 4950 4950 1207 1219 4951 4951 1206 1218 4952 4952 1205 1217 4953 4953 1203 1215 4954 4954 1165 1177 4955 4955 1209 1221 4956 4956 1165 1177 4957 4957 1203 1215 4958 4958 1195 1207 4959 4959 1209 1221 4960 4960 1198 1210 4961 4961 1203 1215 4962 4962 1198 1210 4963 4963 1209 1221 4964 4964 1209 1221 4965 4965 1195 1207 4966 4966 1194 1206 4967 4967 1165 1177 4968 4968 1209 1221 4969 4969 1210 1222 4970 4970 1194 1206 4971 4971 1210 1222 4972 4972 1209 1221 4973 4973 1210 1222 4974 4974 1164 1176 4975 4975 1165 1177 4976 4976 1205 1217 4977 4977 1165 1177 4978 4978 1158 1170 4979 4979 1205 1217 4980 4980 1158 1170 4981 4981 1206 1218 4982 4982 1159 1171 4983 4983 1206 1218 4984 4984 1158 1170 4985 4985 1159 1171 4986 4986 1160 1172 4987 4987 1206 1218 4988 4988 1208 1220 4989 4989 1206 1218 4990 4990 1160 1172 4991 4991 1164 1176 4992 4992 1210 1222 4993 4993 1176 1188 4994 4994 1178 1190 4995 4995 1176 1188 4996 4996 1210 1222 4997 4997 1210 1222 4998 4998 1194 1206 4999 4999 1178 1190 5000 5000 1183 1195 5001 5001 1178 1190 5002 5002 1194 1206 5003 5003 929 941 5004 5004 916 928 5005 5005 910 922 5006 5006 1213 1223 5007 5007 1212 1224 5008 5008 1211 1225 5009 5009 1214 1226 5010 5010 1211 1225 5011 5011 1212 1224 5012 5012 1211 1225 5013 5013 1215 1227 5014 5014 1213 1223 5015 5015 1216 1228 5016 5016 1213 1223 5017 5017 1215 1227 5018 5018 1215 1227 5019 5019 1217 1229 5020 5020 1216 1228 5021 5021 1218 1230 5022 5022 1216 1228 5023 5023 1217 1229 5024 5024 1217 1229 5025 5025 1219 1231 5026 5026 1218 1230 5027 5027 1220 1232 5028 5028 1218 1230 5029 5029 1219 1231 5030 5030 1219 1231 5031 5031 1221 1233 5032 5032 1220 1232 5033 5033 1222 1234 5034 5034 1220 1232 5035 5035 1221 1233 5036 5036 1222 1234 5037 5037 1221 1233 5038 5038 1223 1235 5039 5039 1224 1236 5040 5040 1223 1235 5041 5041 1221 1233 5042 5042 1223 1235 5043 5043 1224 1236 5044 5044 1225 1237 5045 5045 1226 1238 5046 5046 1225 1237 5047 5047 1224 1236 5048 5048 1225 1237 5049 5049 1226 1238 5050 5050 1227 1239 5051 5051 1228 1240 5052 5052 1227 1239 5053 5053 1226 1238 5054 5054 1227 1239 5055 5055 1228 1240 5056 5056 1229 1241 5057 5057 1230 1242 5058 5058 1229 1241 5059 5059 1228 1240 5060 5060 1229 1241 5061 5061 1230 1242 5062 5062 1231 1243 5063 5063 1232 1244 5064 5064 1231 1243 5065 5065 1230 1242 5066 5066 1231 1243 5067 5067 1232 1244 5068 5068 1233 1245 5069 5069 1234 1246 5070 5070 1233 1245 5071 5071 1232 1244 5072 5072 1233 1245 5073 5073 1234 1246 5074 5074 1235 1247 5075 5075 1236 1248 5076 5076 1235 1247 5077 5077 1234 1246 5078 5078 1224 1236 5079 5079 1221 1233 5080 5080 1237 1249 5081 5081 1238 1250 5082 5082 1237 1249 5083 5083 1221 1233 5084 5084 1238 1250 5085 5085 1221 1233 5086 5086 1239 1251 5087 5087 1219 1231 5088 5088 1239 1251 5089 5089 1221 1233 5090 5090 1239 1251 5091 5091 1219 1231 5092 5092 1240 1252 5093 5093 1217 1229 5094 5094 1240 1252 5095 5095 1219 1231 5096 5096 1240 1252 5097 5097 1217 1229 5098 5098 1241 1253 5099 5099 1215 1227 5100 5100 1241 1253 5101 5101 1217 1229 5102 5102 1241 1253 5103 5103 1215 1227 5104 5104 1242 1254 5105 5105 1211 1225 5106 5106 1242 1254 5107 5107 1215 1227 5108 5108 1242 1254 5109 5109 1211 1225 5110 5110 1243 1255 5111 5111 1214 1226 5112 5112 1243 1255 5113 5113 1211 1225 5114 5114 1236 1248 5115 5115 1234 1246 5116 5116 1244 1256 5117 5117 1245 1257 5118 5118 1244 1256 5119 5119 1234 1246 5120 5120 1234 1246 5121 5121 1232 1244 5122 5122 1245 1257 5123 5123 1246 1258 5124 5124 1245 1257 5125 5125 1232 1244 5126 5126 1232 1244 5127 5127 1230 1242 5128 5128 1246 1258 5129 5129 1247 1259 5130 5130 1246 1258 5131 5131 1230 1242 5132 5132 1230 1242 5133 5133 1228 1240 5134 5134 1247 1259 5135 5135 1248 1260 5136 5136 1247 1259 5137 5137 1228 1240 5138 5138 1228 1240 5139 5139 1226 1238 5140 5140 1248 1260 5141 5141 1249 1261 5142 5142 1248 1260 5143 5143 1226 1238 5144 5144 1226 1238 5145 5145 1224 1236 5146 5146 1249 1261 5147 5147 1237 1249 5148 5148 1249 1261 5149 5149 1224 1236 5150 5150 1252 1262 5151 5151 1251 1263 5152 5152 1250 1264 5153 5153 1251 1263 5154 5154 1252 1262 5155 5155 1253 1265 5156 5156 1253 1265 5157 5157 1254 1266 5158 5158 1251 1263 5159 5159 1218 1267 5160 5160 1251 1263 5161 5161 1254 1266 5162 5162 1254 1266 5163 5163 1255 1268 5164 5164 1218 1267 5165 5165 1256 1269 5166 5166 1218 1267 5167 5167 1255 1268 5168 5168 1255 1268 5169 5169 1257 1270 5170 5170 1256 1269 5171 5171 1258 1271 5172 5172 1256 1269 5173 5173 1257 1270 5174 5174 1258 1271 5175 5175 1257 1270 5176 5176 1259 1272 5177 5177 1260 1273 5178 5178 1259 1272 5179 5179 1257 1270 5180 5180 1259 1272 5181 5181 1260 1273 5182 5182 1261 1274 5183 5183 1262 1275 5184 5184 1261 1274 5185 5185 1260 1273 5186 5186 1263 1276 5187 5187 1253 1265 5188 5188 1252 1262 5189 5189 1262 1275 5190 5190 1264 1277 5191 5191 1261 1274 5192 5192 1265 1278 5193 5193 1261 1274 5194 5194 1264 1277 5195 5195 1264 1277 5196 5196 1266 1279 5197 5197 1265 1278 5198 5198 1267 1280 5199 5199 1265 1278 5200 5200 1266 1279 5201 5201 1267 1280 5202 5202 1266 1279 5203 5203 1268 1281 5204 5204 1269 1282 5205 5205 1268 1281 5206 5206 1266 1279 5207 5207 1268 1281 5208 5208 1269 1282 5209 5209 1240 1283 5210 5210 1270 1284 5211 5211 1240 1283 5212 5212 1269 1282 5213 5213 1240 1283 5214 5214 1270 1284 5215 5215 1271 1285 5216 5216 1272 1286 5217 5217 1271 1285 5218 5218 1270 1284 5219 5219 1271 1285 5220 5220 1272 1286 5221 5221 1273 1287 5222 5222 1271 1285 5223 5223 1273 1287 5224 5224 1274 1288 5225 5225 1275 1289 5226 5226 1273 1287 5227 5227 1272 1286 5228 5228 932 944 5229 5229 934 946 5230 5230 1111 1123 5231 5231 1113 1125 5232 5232 1111 1123 5233 5233 934 946 5234 5234 1111 1123 5235 5235 927 939 5236 5236 932 944 5237 5237 1278 1290 5238 5238 1277 1291 5239 5239 1276 1292 5240 5240 1279 1293 5241 5241 1276 1292 5242 5242 1277 1291 5243 5243 1279 1293 5244 5244 1277 1291 5245 5245 1280 1294 5246 5246 1281 1295 5247 5247 1280 1294 5248 5248 1277 1291 5249 5249 1281 1295 5250 5250 1277 1291 5251 5251 1282 1296 5252 5252 1283 1297 5253 5253 1282 1296 5254 5254 1277 1291 5255 5255 1283 1297 5256 5256 1277 1291 5257 5257 1284 1298 5258 5258 1278 1290 5259 5259 1284 1298 5260 5260 1277 1291 5261 5261 1276 1292 5262 5262 1285 1299 5263 5263 1278 1290 5264 5264 1285 1299 5265 5265 1286 1300 5266 5266 1278 1290 5267 5267 1280 1294 5268 5268 1287 1301 5269 5269 1279 1293 5270 5270 1287 1301 5271 5271 1288 1302 5272 5272 1279 1293 5273 5273 1288 1302 5274 5274 1289 1303 5275 5275 1279 1293 5276 5276 1279 1293 5277 5277 1289 1303 5278 5278 1276 1292 5279 5279 1289 1303 5280 5280 1290 1304 5281 5281 1276 1292 5282 5282 1290 1304 5283 5283 1285 1299 5284 5284 1276 1292 5285 5285 1282 1296 5286 5286 1291 1305 5287 5287 1281 1295 5288 5288 1291 1305 5289 5289 1292 1306 5290 5290 1281 1295 5291 5291 1292 1306 5292 5292 1293 1307 5293 5293 1281 1295 5294 5294 1281 1295 5295 5295 1293 1307 5296 5296 1280 1294 5297 5297 1293 1307 5298 5298 1294 1308 5299 5299 1280 1294 5300 5300 1294 1308 5301 5301 1287 1301 5302 5302 1280 1294 5303 5303 1284 1298 5304 5304 1295 1309 5305 5305 1283 1297 5306 5306 1295 1309 5307 5307 1296 1310 5308 5308 1283 1297 5309 5309 1296 1310 5310 5310 1297 1311 5311 5311 1283 1297 5312 5312 1283 1297 5313 5313 1297 1311 5314 5314 1282 1296 5315 5315 1297 1311 5316 5316 1298 1312 5317 5317 1282 1296 5318 5318 1286 1300 5319 5319 1285 1299 5320 5320 1299 1313 5321 5321 1300 1314 5322 5322 1299 1313 5323 5323 1285 1299 5324 5324 1285 1299 5325 5325 1290 1304 5326 5326 1300 1314 5327 5327 1301 1315 5328 5328 1300 1314 5329 5329 1290 1304 5330 5330 1290 1304 5331 5331 1289 1303 5332 5332 1301 1315 5333 5333 1302 1316 5334 5334 1301 1315 5335 5335 1289 1303 5336 5336 1289 1303 5337 5337 1288 1302 5338 5338 1302 1316 5339 5339 1303 1317 5340 5340 1302 1316 5341 5341 1288 1302 5342 5342 1288 1302 5343 5343 1287 1301 5344 5344 1303 1317 5345 5345 1304 1318 5346 5346 1303 1317 5347 5347 1287 1301 5348 5348 1287 1301 5349 5349 1294 1308 5350 5350 1304 1318 5351 5351 1305 1319 5352 5352 1304 1318 5353 5353 1294 1308 5354 5354 1294 1308 5355 5355 1293 1307 5356 5356 1305 1319 5357 5357 1306 1320 5358 5358 1305 1319 5359 5359 1293 1307 5360 5360 1293 1307 5361 5361 1292 1306 5362 5362 1306 1320 5363 5363 1307 1321 5364 5364 1306 1320 5365 5365 1292 1306 5366 5366 1292 1306 5367 5367 1291 1305 5368 5368 1307 1321 5369 5369 1308 1322 5370 5370 1307 1321 5371 5371 1291 1305 5372 5372 1291 1305 5373 5373 1298 1312 5374 5374 1308 1322 5375 5375 1309 1323 5376 5376 1308 1322 5377 5377 1298 1312 5378 5378 1299 1313 5379 5379 1300 1314 5380 5380 1310 1324 5381 5381 1301 1315 5382 5382 1302 1316 5383 5383 1311 1325 5384 5384 1311 1325 5385 5385 1312 1326 5386 5386 1301 1315 5387 5387 1312 1326 5388 5388 1310 1324 5389 5389 1300 1314 5390 5390 1300 1314 5391 5391 1301 1315 5392 5392 1312 1326 5393 5393 1305 1319 5394 5394 1313 1327 5395 5395 1304 1318 5396 5396 1314 1328 5397 5397 1304 1318 5398 5398 1313 1327 5399 5399 1306 1320 5400 5400 1315 1329 5401 5401 1305 1319 5402 5402 1313 1327 5403 5403 1305 1319 5404 5404 1315 1329 5405 5405 1308 1322 5406 5406 1316 1330 5407 5407 1307 1321 5408 5408 1317 1331 5409 5409 1307 1321 5410 5410 1316 1330 5411 5411 1307 1321 5412 5412 1317 1331 5413 5413 1306 1320 5414 5414 1315 1329 5415 5415 1306 1320 5416 5416 1317 1331 5417 5417 1309 1323 5418 5418 1318 1332 5419 5419 1308 1322 5420 5420 1316 1330 5421 5421 1308 1322 5422 5422 1318 1332 5423 5423 1310 1324 5424 5424 1319 1333 5425 5425 1299 1313 5426 5426 1320 1334 5427 5427 1311 1325 5428 5428 1302 1316 5429 5429 1302 1316 5430 5430 1303 1317 5431 5431 1320 1334 5432 5432 1321 1335 5433 5433 1320 1334 5434 5434 1303 1317 5435 5435 1321 1335 5436 5436 1303 1317 5437 5437 1314 1328 5438 5438 1304 1318 5439 5439 1314 1328 5440 5440 1303 1317 5441 5441 1323 1336 5442 5442 1318 1332 5443 5443 1322 1337 5444 5444 1309 1323 5445 5445 1322 1337 5446 5446 1318 1332 5447 5447 1322 1337 5448 5448 1309 1323 5449 5449 1297 1311 5450 5450 1298 1312 5451 5451 1297 1311 5452 5452 1309 1323 5453 5453 1297 1311 5454 5454 1296 1310 5455 5455 1322 1337 5456 5456 1324 1338 5457 5457 1322 1337 5458 5458 1296 1310 5459 5459 1296 1310 5460 5460 1295 1309 5461 5461 1324 1338 5462 5462 1325 1339 5463 5463 1324 1338 5464 5464 1295 1309 5465 5465 1295 1309 5466 5466 1326 1340 5467 5467 1325 1339 5468 5468 1327 1341 5469 5469 1325 1339 5470 5470 1326 1340 5471 5471 1326 1340 5472 5472 1328 1342 5473 5473 1327 1341 5474 5474 1328 1342 5475 5475 1326 1340 5476 5476 1284 1298 5477 5477 1326 1340 5478 5478 1295 1309 5479 5479 1284 1298 5480 5480 1329 1343 5481 5481 1327 1341 5482 5482 1328 1342 5483 5483 1328 1342 5484 5484 1286 1300 5485 5485 1329 1343 5486 5486 1286 1300 5487 5487 1328 1342 5488 5488 1278 1290 5489 5489 1278 1290 5490 5490 1328 1342 5491 5491 1284 1298 5492 5492 1299 1313 5493 5493 1329 1343 5494 5494 1286 1300 5495 5495 1325 1339 5496 5496 1330 1344 5497 5497 1324 1338 5498 5498 1331 1345 5499 5499 1324 1338 5500 5500 1330 1344 5501 5501 1324 1338 5502 5502 1331 1345 5503 5503 1322 1337 5504 5504 1323 1336 5505 5505 1322 1337 5506 5506 1331 1345 5507 5507 1327 1341 5508 5508 1332 1346 5509 5509 1325 1339 5510 5510 1330 1344 5511 5511 1325 1339 5512 5512 1332 1346 5513 5513 1329 1343 5514 5514 1319 1333 5515 5515 1327 1341 5516 5516 1332 1346 5517 5517 1327 1341 5518 5518 1319 1333 5519 5519 1329 1343 5520 5520 1299 1313 5521 5521 1319 1333 5522 5522 1298 1312 5523 5523 1291 1305 5524 5524 1282 1296 5525 5525 1335 1347 5526 5526 1334 1348 5527 5527 1333 1349 5528 5528 1336 1350 5529 5529 1333 1349 5530 5530 1334 1348 5531 5531 1333 1349 5532 5532 1151 1163 5533 5533 1335 1347 5534 5534 1337 1351 5535 5535 1335 1347 5536 5536 1151 1163 5537 5537 1335 1347 5538 5538 1337 1351 5539 5539 1338 1352 5540 5540 1339 1353 5541 5541 1338 1352 5542 5542 1337 1351 5543 5543 1337 1351 5544 5544 1340 1354 5545 5545 1339 1353 5546 5546 1341 1355 5547 5547 1339 1353 5548 5548 1340 1354 5549 5549 1340 1354 5550 5550 1141 1153 5551 5551 1341 1355 5552 5552 1342 1356 5553 5553 1341 1355 5554 5554 1141 1153 5555 5555 1141 1153 5556 5556 1139 1151 5557 5557 1342 1356 5558 5558 1343 1357 5559 5559 1342 1356 5560 5560 1139 1151 5561 5561 1139 1151 5562 5562 1136 1148 5563 5563 1343 1357 5564 5564 1135 1147 5565 5565 1343 1357 5566 5566 1136 1148 5567 5567 1336 1350 5568 5568 1157 1169 5569 5569 1333 1349 5570 5570 1151 1163 5571 5571 1149 1161 5572 5572 1337 1351 5573 5573 1340 1354 5574 5574 1337 1351 5575 5575 1149 1161 5576 5576 1338 1352 5577 5577 1344 1358 5578 5578 1335 1347 5579 5579 1141 1153 5580 5580 1340 1354 5581 5581 1142 1154 5582 5582 1149 1161 5583 5583 1142 1154 5584 5584 1340 1354 5585 5585 1338 1352 5586 5586 1345 1359 5587 5587 1344 1358 5588 5588 1338 1352 5589 5589 1339 1353 5590 5590 1345 1359 5591 5591 1346 1360 5592 5592 1345 1359 5593 5593 1339 1353 5594 5594 1346 1360 5595 5595 1339 1353 5596 5596 1347 1361 5597 5597 1341 1355 5598 5598 1347 1361 5599 5599 1339 1353 5600 5600 1347 1361 5601 5601 1341 1355 5602 5602 1348 1362 5603 5603 1342 1356 5604 5604 1348 1362 5605 5605 1341 1355 5606 5606 1348 1362 5607 5607 1342 1356 5608 5608 1349 1363 5609 5609 1343 1357 5610 5610 1349 1363 5611 5611 1342 1356 5612 5612 1349 1363 5613 5613 1343 1357 5614 5614 1350 1364 5615 5615 1135 1147 5616 5616 1350 1364 5617 5617 1343 1357 5618 5618 1350 1364 5619 5619 1135 1147 5620 5620 1351 1365 5621 5621 1133 1145 5622 5622 1351 1365 5623 5623 1135 1147 5624 5624 1351 1365 5625 5625 1133 1145 5626 5626 1132 1144 5627 5627 1155 1167 5628 5628 1333 1349 5629 5629 1157 1169 5630 5630 1333 1349 5631 5631 1155 1167 5632 5632 1151 1163 5633 5633 1334 1348 5634 5634 1335 1347 5635 5635 1344 1358 5636 5636 1352 1366 5637 5637 1193 1205 5638 5638 1196 1208 5639 5639 1193 1205 5640 5640 1352 1366 5641 5641 1184 1196 5642 5642 1186 1198 5643 5643 1184 1196 5644 5644 1352 1366 5645 5645 1065 1077 5646 5646 1067 1079 5647 5647 1083 1095 5648 5648 1078 1090 5649 5649 1083 1095 5650 5650 1067 1079 5651 5651 1355 1367 5652 5652 1354 1368 5653 5653 1353 1369 5654 5654 1356 1370 5655 5655 1353 1369 5656 5656 1354 1368 5657 5657 1355 1367 5658 5658 1357 1371 5659 5659 1354 1368 5660 5660 1358 1372 5661 5661 1354 1368 5662 5662 1357 1371 5663 5663 1358 1372 5664 5664 1359 1373 5665 5665 1354 1368 5666 5666 1360 1374 5667 5667 1354 1368 5668 5668 1359 1373 5669 5669 1356 1370 5670 5670 1354 1368 5671 5671 1361 1375 5672 5672 1360 1374 5673 5673 1361 1375 5674 5674 1354 1368 5675 5675 1362 1376 5676 5676 1353 1369 5677 5677 1356 1370 5678 5678 1363 1377 5679 5679 1362 1376 5680 5680 1356 1370 5681 5681 1364 1378 5682 5682 1357 1371 5683 5683 1355 1367 5684 5684 1365 1379 5685 5685 1364 1378 5686 5686 1355 1367 5687 5687 1366 1380 5688 5688 1365 1379 5689 5689 1355 1367 5690 5690 1366 1380 5691 5691 1355 1367 5692 5692 1353 1369 5693 5693 1367 1381 5694 5694 1366 1380 5695 5695 1353 1369 5696 5696 1362 1376 5697 5697 1367 1381 5698 5698 1353 1369 5699 5699 1368 1382 5700 5700 1359 1373 5701 5701 1358 1372 5702 5702 1369 1383 5703 5703 1368 1382 5704 5704 1358 1372 5705 5705 1370 1384 5706 5706 1369 1383 5707 5707 1358 1372 5708 5708 1370 1384 5709 5709 1358 1372 5710 5710 1357 1371 5711 5711 1371 1385 5712 5712 1370 1384 5713 5713 1357 1371 5714 5714 1364 1378 5715 5715 1371 1385 5716 5716 1357 1371 5717 5717 1372 1386 5718 5718 1361 1375 5719 5719 1360 1374 5720 5720 1373 1387 5721 5721 1372 1386 5722 5722 1360 1374 5723 5723 1374 1388 5724 5724 1373 1387 5725 5725 1360 1374 5726 5726 1374 1388 5727 5727 1360 1374 5728 5728 1359 1373 5729 5729 1375 1389 5730 5730 1374 1388 5731 5731 1359 1373 5732 5732 1363 1377 5733 5733 1376 1390 5734 5734 1362 1376 5735 5735 1377 1391 5736 5736 1362 1376 5737 5737 1376 1390 5738 5738 1362 1376 5739 5739 1377 1391 5740 5740 1367 1381 5741 5741 1378 1392 5742 5742 1367 1381 5743 5743 1377 1391 5744 5744 1367 1381 5745 5745 1378 1392 5746 5746 1366 1380 5747 5747 1379 1393 5748 5748 1366 1380 5749 5749 1378 1392 5750 5750 1366 1380 5751 5751 1379 1393 5752 5752 1365 1379 5753 5753 1380 1394 5754 5754 1365 1379 5755 5755 1379 1393 5756 5756 1365 1379 5757 5757 1380 1394 5758 5758 1364 1378 5759 5759 1381 1395 5760 5760 1364 1378 5761 5761 1380 1394 5762 5762 1364 1378 5763 5763 1381 1395 5764 5764 1371 1385 5765 5765 1382 1396 5766 5766 1371 1385 5767 5767 1381 1395 5768 5768 1371 1385 5769 5769 1382 1396 5770 5770 1370 1384 5771 5771 1383 1397 5772 5772 1370 1384 5773 5773 1382 1396 5774 5774 1370 1384 5775 5775 1383 1397 5776 5776 1369 1383 5777 5777 1384 1398 5778 5778 1369 1383 5779 5779 1383 1397 5780 5780 1369 1383 5781 5781 1384 1398 5782 5782 1368 1382 5783 5783 1385 1399 5784 5784 1368 1382 5785 5785 1384 1398 5786 5786 1368 1382 5787 5787 1385 1399 5788 5788 1375 1389 5789 5789 1386 1400 5790 5790 1375 1389 5791 5791 1385 1399 5792 5792 1376 1390 5793 5793 1387 1401 5794 5794 1377 1391 5795 5795 1378 1392 5796 5796 1388 1402 5797 5797 1379 1393 5798 5798 1388 1402 5799 5799 1378 1392 5800 5800 1389 1403 5801 5801 1389 1403 5802 5802 1377 1391 5803 5803 1387 1401 5804 5804 1377 1391 5805 5805 1389 1403 5806 5806 1378 1392 5807 5807 1382 1396 5808 5808 1381 1395 5809 5809 1390 1404 5810 5810 1391 1405 5811 5811 1390 1404 5812 5812 1381 1395 5813 5813 1390 1404 5814 5814 1392 1406 5815 5815 1382 1396 5816 5816 1383 1397 5817 5817 1382 1396 5818 5818 1392 1406 5819 5819 1392 1406 5820 5820 1393 1407 5821 5821 1383 1397 5822 5822 1384 1398 5823 5823 1383 1397 5824 5824 1393 1407 5825 5825 1393 1407 5826 5826 1394 1408 5827 5827 1384 1398 5828 5828 1385 1399 5829 5829 1384 1398 5830 5830 1394 1408 5831 5831 1394 1408 5832 5832 1395 1409 5833 5833 1385 1399 5834 5834 1386 1400 5835 5835 1385 1399 5836 5836 1395 1409 5837 5837 1386 1400 5838 5838 1395 1409 5839 5839 1396 1410 5840 5840 1396 1410 5841 5841 1374 1388 5842 5842 1386 1400 5843 5843 1375 1389 5844 5844 1386 1400 5845 5845 1374 1388 5846 5846 1374 1388 5847 5847 1396 1410 5848 5848 1373 1387 5849 5849 1397 1411 5850 5850 1373 1387 5851 5851 1396 1410 5852 5852 1373 1387 5853 5853 1397 1411 5854 5854 1372 1386 5855 5855 1398 1412 5856 5856 1372 1386 5857 5857 1397 1411 5858 5858 1372 1386 5859 5859 1398 1412 5860 5860 1399 1413 5861 5861 1400 1414 5862 5862 1399 1413 5863 5863 1398 1412 5864 5864 1399 1413 5865 5865 1400 1414 5866 5866 1401 1415 5867 5867 1399 1413 5868 5868 1401 1415 5869 5869 1361 1375 5870 5870 1372 1386 5871 5871 1399 1413 5872 5872 1361 1375 5873 5873 1402 1416 5874 5874 1401 1415 5875 5875 1400 1414 5876 5876 1401 1415 5877 5877 1402 1416 5878 5878 1363 1377 5879 5879 1401 1415 5880 5880 1363 1377 5881 5881 1356 1370 5882 5882 1401 1415 5883 5883 1356 1370 5884 5884 1361 1375 5885 5885 1376 1390 5886 5886 1363 1377 5887 5887 1402 1416 5888 5888 1397 1411 5889 5889 1396 1410 5890 5890 1403 1417 5891 5891 1404 1418 5892 5892 1403 1417 5893 5893 1396 1410 5894 5894 1403 1417 5895 5895 1405 1419 5896 5896 1397 1411 5897 5897 1398 1412 5898 5898 1397 1411 5899 5899 1405 1419 5900 5900 1405 1419 5901 5901 1406 1420 5902 5902 1398 1412 5903 5903 1400 1414 5904 5904 1398 1412 5905 5905 1406 1420 5906 5906 1406 1420 5907 5907 1407 1421 5908 5908 1400 1414 5909 5909 1402 1416 5910 5910 1400 1414 5911 5911 1407 1421 5912 5912 1402 1416 5913 5913 1407 1421 5914 5914 1376 1390 5915 5915 1387 1401 5916 5916 1376 1390 5917 5917 1407 1421 5918 5918 1404 1418 5919 5919 1396 1410 5920 5920 1395 1409 5921 5921 1408 1422 5922 5922 1379 1393 5923 5923 1388 1402 5924 5924 1379 1393 5925 5925 1408 1422 5926 5926 1380 1394 5927 5927 1409 1423 5928 5928 1380 1394 5929 5929 1408 1422 5930 5930 1409 1423 5931 5931 1391 1405 5932 5932 1380 1394 5933 5933 1381 1395 5934 5934 1380 1394 5935 5935 1391 1405 5936 5936 1368 1382 5937 5937 1375 1389 5938 5938 1359 1373 5939 5939 1412 1424 5940 5940 1411 1425 5941 5941 1410 1426 5942 5942 1410 1426 5943 5943 1411 1425 5944 5944 1413 1427 5945 5945 1414 1428 5946 5946 1413 1427 5947 5947 1411 1425 5948 5948 1413 1427 5949 5949 1414 1428 5950 5950 1415 1429 5951 5951 1416 1430 5952 5952 1415 1429 5953 5953 1414 1428 5954 5954 1415 1429 5955 5955 1416 1430 5956 5956 1417 1431 5957 5957 1418 1432 5958 5958 1417 1431 5959 5959 1416 1430 5960 5960 1417 1431 5961 5961 1418 1432 5962 5962 1419 1433 5963 5963 1420 1434 5964 5964 1419 1433 5965 5965 1418 1432 5966 5966 1420 1434 5967 5967 1421 1435 5968 5968 1419 1433 5969 5969 1422 1436 5970 5970 1419 1433 5971 5971 1421 1435 5972 5972 1421 1435 5973 5973 1423 1437 5974 5974 1422 1436 5975 5975 1424 1438 5976 5976 1422 1436 5977 5977 1423 1437 5978 5978 1423 1437 5979 5979 1425 1439 5980 5980 1424 1438 5981 5981 1426 1440 5982 5982 1424 1438 5983 5983 1425 1439 5984 5984 1425 1439 5985 5985 1427 1441 5986 5986 1426 1440 5987 5987 1428 1442 5988 5988 1426 1440 5989 5989 1427 1441 5990 5990 1427 1441 5991 5991 1429 1443 5992 5992 1428 1442 5993 5993 1430 1444 5994 5994 894 906 5995 5995 896 908 5996 5996 896 908 5997 5997 898 910 5998 5998 1430 1444 5999 5999 1431 1445 6000 6000 1430 1444 6001 6001 898 910 6002 6002 898 910 6003 6003 900 912 6004 6004 1431 1445 6005 6005 1432 1446 6006 6006 1431 1445 6007 6007 900 912 6008 6008 900 912 6009 6009 902 914 6010 6010 1432 1446 6011 6011 1433 1447 6012 6012 1432 1446 6013 6013 902 914 6014 6014 902 914 6015 6015 905 917 6016 6016 1433 1447 6017 6017 1192 1204 6018 6018 1433 1447 6019 6019 905 917 6020 6020 1436 1448 6021 6021 1435 1449 6022 6022 1434 1450 6023 6023 1437 1451 6024 6024 1434 1450 6025 6025 1435 1449 6026 6026 1436 1448 6027 6027 1438 1452 6028 6028 1435 1449 6029 6029 1439 1453 6030 6030 1435 1449 6031 6031 1438 1452 6032 6032 1438 1452 6033 6033 1440 1454 6034 6034 1439 1453 6035 6035 1441 1455 6036 6036 1439 1453 6037 6037 1440 1454 6038 6038 1437 1451 6039 6039 1442 1456 6040 6040 1434 1450 6041 6041 1437 1451 6042 6042 1435 1449 6043 6043 1443 1457 6044 6044 1444 1458 6045 6045 1443 1457 6046 6046 1435 1449 6047 6047 1435 1449 6048 6048 1439 1453 6049 6049 1444 1458 6050 6050 1445 1459 6051 6051 1444 1458 6052 6052 1439 1453 6053 6053 1445 1459 6054 6054 1439 1453 6055 6055 1446 1460 6056 6056 1441 1455 6057 6057 1446 1460 6058 6058 1439 1453 6059 6059 1442 1456 6060 6060 1437 1451 6061 6061 1447 1461 6062 6062 1443 1457 6063 6063 1447 1461 6064 6064 1437 1451 6065 6065 1442 1456 6066 6066 1447 1461 6067 6067 1448 1462 6068 6068 1449 1463 6069 6069 1448 1462 6070 6070 1447 1461 6071 6071 1448 1462 6072 6072 1449 1463 6073 6073 1450 1464 6074 6074 1450 1464 6075 6075 1451 1465 6076 6076 1448 1462 6077 6077 1452 1466 6078 6078 1450 1464 6079 6079 1449 1463 6080 6080 1443 1457 6081 6081 1444 1458 6082 6082 1453 1467 6083 6083 1454 1468 6084 6084 1453 1467 6085 6085 1444 1458 6086 6086 1454 1468 6087 6087 1444 1458 6088 6088 1455 1469 6089 6089 1445 1459 6090 6090 1455 1469 6091 6091 1444 1458 6092 6092 1455 1469 6093 6093 1445 1459 6094 6094 1456 1470 6095 6095 1446 1460 6096 6096 1456 1470 6097 6097 1445 1459 6098 6098 1449 1463 6099 6099 1457 1471 6100 6100 1452 1466 6101 6101 1449 1463 6102 6102 1447 1461 6103 6103 1457 1471 6104 6104 1458 1472 6105 6105 1452 1466 6106 6106 1457 1471 6107 6107 1459 1473 6108 6108 1457 1471 6109 6109 1447 1461 6110 6110 1453 1467 6111 6111 1459 1473 6112 6112 1443 1457 6113 6113 1447 1461 6114 6114 1443 1457 6115 6115 1459 1473 6116 6116 1454 1468 6117 6117 1460 1474 6118 6118 1453 1467 6119 6119 1454 1468 6120 6120 1455 1469 6121 6121 1460 1474 6122 6122 1461 1475 6123 6123 1453 1467 6124 6124 1460 1474 6125 6125 1453 1467 6126 6126 1461 1475 6127 6127 1459 1473 6128 6128 1460 1474 6129 6129 1462 1476 6130 6130 1461 1475 6131 6131 1463 1477 6132 6132 1461 1475 6133 6133 1462 1476 6134 6134 1460 1474 6135 6135 1464 1478 6136 6136 1462 1476 6137 6137 1464 1478 6138 6138 1460 1474 6139 6139 1455 1469 6140 6140 1455 1469 6141 6141 1456 1470 6142 6142 1464 1478 6143 6143 1465 1479 6144 6144 1462 1476 6145 6145 1464 1478 6146 6146 1464 1478 6147 6147 1466 1480 6148 6148 1465 1479 6149 6149 1466 1480 6150 6150 1464 1478 6151 6151 1456 1470 6152 6152 1467 1481 6153 6153 1465 1479 6154 6154 1466 1480 6155 6155 1461 1475 6156 6156 1463 1477 6157 6157 1468 1482 6158 6158 1459 1473 6159 6159 1468 1482 6160 6160 1457 1471 6161 6161 1468 1482 6162 6162 1459 1473 6163 6163 1461 1475 6164 6164 1469 1483 6165 6165 1468 1482 6166 6166 1463 1477 6167 6167 1468 1482 6168 6168 1469 1483 6169 6169 1470 1484 6170 6170 1470 1484 6171 6171 1457 1471 6172 6172 1468 1482 6173 6173 1471 1485 6174 6174 1470 1484 6175 6175 1469 1483 6176 6176 1471 1485 6177 6177 1472 1486 6178 6178 1470 1484 6179 6179 1473 1487 6180 6180 1470 1484 6181 6181 1472 1486 6182 6182 1470 1484 6183 6183 1473 1487 6184 6184 1457 1471 6185 6185 1458 1472 6186 6186 1457 1471 6187 6187 1473 1487 6188 6188 1462 1476 6189 6189 1474 1488 6190 6190 1463 1477 6191 6191 1462 1476 6192 6192 1465 1479 6193 6193 1474 1488 6194 6194 1475 1489 6195 6195 1463 1477 6196 6196 1474 1488 6197 6197 1476 1490 6198 6198 1474 1488 6199 6199 1465 1479 6200 6200 1465 1479 6201 6201 1467 1481 6202 6202 1476 1490 6203 6203 1476 1490 6204 6204 1477 1491 6205 6205 1474 1488 6206 6206 1477 1491 6207 6207 1476 1490 6208 6208 1467 1481 6209 6209 1478 1492 6210 6210 1474 1488 6211 6211 1477 1491 6212 6212 1471 1485 6213 6213 1479 1493 6214 6214 1472 1486 6215 6215 1480 1494 6216 6216 1472 1486 6217 6217 1479 1493 6218 6218 1480 1494 6219 6219 1479 1493 6220 6220 1481 1495 6221 6221 1482 1496 6222 6222 1481 1495 6223 6223 1479 1493 6224 6224 1469 1483 6225 6225 1482 1496 6226 6226 1471 1485 6227 6227 1479 1493 6228 6228 1471 1485 6229 6229 1482 1496 6230 6230 1469 1483 6231 6231 1463 1477 6232 6232 1482 1496 6233 6233 1483 1497 6234 6234 1482 1496 6235 6235 1463 1477 6236 6236 1486 1498 6237 6237 1485 1499 6238 6238 1484 1500 6239 6239 1487 1501 6240 6240 1484 1500 6241 6241 1485 1499 6242 6242 1484 1500 6243 6243 1488 1502 6244 6244 1486 1498 6245 6245 1489 1503 6246 6246 1486 1498 6247 6247 1488 1502 6248 6248 1488 1502 6249 6249 1490 1504 6250 6250 1489 1503 6251 6251 1491 1505 6252 6252 1489 1503 6253 6253 1490 1504 6254 6254 1491 1505 6255 6255 1490 1504 6256 6256 1492 1506 6257 6257 1486 1498 6258 6258 1493 1507 6259 6259 1485 1499 6260 6260 1486 1498 6261 6261 1489 1503 6262 6262 1493 1507 6263 6263 1494 1508 6264 6264 1485 1499 6265 6265 1493 1507 6266 6266 1495 1509 6267 6267 1493 1507 6268 6268 1489 1503 6269 6269 1489 1503 6270 6270 1491 1505 6271 6271 1495 1509 6272 6272 1496 1510 6273 6273 1495 1509 6274 6274 1491 1505 6275 6275 1496 1510 6276 6276 1491 1505 6277 6277 1497 1511 6278 6278 1492 1506 6279 6279 1497 1511 6280 6280 1491 1505 6281 6281 1497 1511 6282 6282 1492 1506 6283 6283 1498 1512 6284 6284 1499 1513 6285 6285 1498 1512 6286 6286 1492 1506 6287 6287 1499 1513 6288 6288 1500 1514 6289 6289 1498 1512 6290 6290 1500 1514 6291 6291 1499 1513 6292 6292 1501 1515 6293 6293 1502 1516 6294 6294 1498 1512 6295 6295 1500 1514 6296 6296 1494 1508 6297 6297 1493 1507 6298 6298 1503 1517 6299 6299 1504 1518 6300 6300 1503 1517 6301 6301 1493 1507 6302 6302 1493 1507 6303 6303 1495 1509 6304 6304 1504 1518 6305 6305 1505 1519 6306 6306 1504 1518 6307 6307 1495 1509 6308 6308 1505 1519 6309 6309 1495 1509 6310 6310 1506 1520 6311 6311 1496 1510 6312 6312 1506 1520 6313 6313 1495 1509 6314 6314 1506 1520 6315 6315 1496 1510 6316 6316 1507 1521 6317 6317 1497 1511 6318 6318 1507 1521 6319 6319 1496 1510 6320 6320 1507 1521 6321 6321 1497 1511 6322 6322 1508 1522 6323 6323 1498 1512 6324 6324 1508 1522 6325 6325 1497 1511 6326 6326 1498 1512 6327 6327 1502 1516 6328 6328 1508 1522 6329 6329 1509 1523 6330 6330 1508 1522 6331 6331 1502 1516 6332 6332 1504 1518 6333 6333 1510 1524 6334 6334 1503 1517 6335 6335 1504 1518 6336 6336 1505 1519 6337 6337 1510 1524 6338 6338 1511 1525 6339 6339 1503 1517 6340 6340 1510 1524 6341 6341 1510 1524 6342 6342 1512 1526 6343 6343 1511 1525 6344 6344 1513 1527 6345 6345 1511 1525 6346 6346 1512 1526 6347 6347 1510 1524 6348 6348 1514 1528 6349 6349 1512 1526 6350 6350 1514 1528 6351 6351 1510 1524 6352 6352 1505 1519 6353 6353 1505 1519 6354 6354 1506 1520 6355 6355 1514 1528 6356 6356 1515 1529 6357 6357 1512 1526 6358 6358 1514 1528 6359 6359 1514 1528 6360 6360 1516 1530 6361 6361 1515 1529 6362 6362 1516 1530 6363 6363 1514 1528 6364 6364 1506 1520 6365 6365 1506 1520 6366 6366 1507 1521 6367 6367 1516 1530 6368 6368 1517 1531 6369 6369 1515 1529 6370 6370 1516 1530 6371 6371 1517 1531 6372 6372 1516 1530 6373 6373 1518 1532 6374 6374 1519 1533 6375 6375 1518 1532 6376 6376 1516 1530 6377 6377 1519 1533 6378 6378 1516 1530 6379 6379 1507 1521 6380 6380 1518 1532 6381 6381 1519 1533 6382 6382 1520 1534 6383 6383 1521 1535 6384 6384 1520 1534 6385 6385 1519 1533 6386 6386 1519 1533 6387 6387 1507 1521 6388 6388 1521 1535 6389 6389 1508 1522 6390 6390 1521 1535 6391 6391 1507 1521 6392 6392 1521 1535 6393 6393 1522 1536 6394 6394 1520 1534 6395 6395 1521 1535 6396 6396 1508 1522 6397 6397 1522 1536 6398 6398 1509 1523 6399 6399 1522 1536 6400 6400 1508 1522 6401 6401 1523 1537 6402 6402 1520 1534 6403 6403 1522 1536 6404 6404 1512 1526 6405 6405 1524 1538 6406 6406 1513 1527 6407 6407 1512 1526 6408 6408 1515 1529 6409 6409 1524 1538 6410 6410 1525 1539 6411 6411 1513 1527 6412 6412 1524 1538 6413 6413 1525 1539 6414 6414 1524 1538 6415 6415 1526 1540 6416 6416 1527 1541 6417 6417 1526 1540 6418 6418 1524 1538 6419 6419 1527 1541 6420 6420 1524 1538 6421 6421 1515 1529 6422 6422 1517 1531 6423 6423 1528 1542 6424 6424 1515 1529 6425 6425 1527 1541 6426 6426 1515 1529 6427 6427 1528 1542 6428 6428 1518 1532 6429 6429 1529 1543 6430 6430 1517 1531 6431 6431 1530 1544 6432 6432 1517 1531 6433 6433 1529 1543 6434 6434 1520 1534 6435 6435 1531 1545 6436 6436 1518 1532 6437 6437 1529 1543 6438 6438 1518 1532 6439 6439 1531 1545 6440 6440 1520 1534 6441 6441 1523 1537 6442 6442 1531 1545 6443 6443 1531 1545 6444 6444 1532 1546 6445 6445 1529 1543 6446 6446 1532 1546 6447 6447 1531 1545 6448 6448 1523 1537 6449 6449 1533 1547 6450 6450 1529 1543 6451 6451 1532 1546 6452 6452 1536 1548 6453 6453 1535 1549 6454 6454 1534 1550 6455 6455 1537 1551 6456 6456 1534 1550 6457 6457 1535 1549 6458 6458 1536 1548 6459 6459 1538 1552 6460 6460 1535 1549 6461 6461 1539 1553 6462 6462 1535 1549 6463 6463 1538 1552 6464 6464 1539 1553 6465 6465 1538 1552 6466 6466 1540 1554 6467 6467 1537 1551 6468 6468 1535 1549 6469 6469 1541 1555 6470 6470 1542 1556 6471 6471 1541 1555 6472 6472 1535 1549 6473 6473 1535 1549 6474 6474 1539 1553 6475 6475 1542 1556 6476 6476 1543 1557 6477 6477 1542 1556 6478 6478 1539 1553 6479 6479 1543 1557 6480 6480 1539 1553 6481 6481 1544 1558 6482 6482 1540 1554 6483 6483 1544 1558 6484 6484 1539 1553 6485 6485 1544 1558 6486 6486 1540 1554 6487 6487 1545 1559 6488 6488 1546 1560 6489 6489 1545 1559 6490 6490 1540 1554 6491 6491 1546 1560 6492 6492 1547 1561 6493 6493 1545 1559 6494 6494 1548 1562 6495 6495 1545 1559 6496 6496 1547 1561 6497 6497 1547 1561 6498 6498 1549 1563 6499 6499 1548 1562 6500 6500 1549 1563 6501 6501 1547 1561 6502 6502 1550 1564 6503 6503 1551 1565 6504 6504 1548 1562 6505 6505 1549 1563 6506 6506 1541 1555 6507 6507 1542 1556 6508 6508 1552 1566 6509 6509 1553 1567 6510 6510 1552 1566 6511 6511 1542 1556 6512 6512 1542 1556 6513 6513 1543 1557 6514 6514 1553 1567 6515 6515 1554 1568 6516 6516 1553 1567 6517 6517 1543 1557 6518 6518 1554 1568 6519 6519 1543 1557 6520 6520 1555 1569 6521 6521 1544 1558 6522 6522 1555 1569 6523 6523 1543 1557 6524 6524 1555 1569 6525 6525 1544 1558 6526 6526 1556 1570 6527 6527 1545 1559 6528 6528 1556 1570 6529 6529 1544 1558 6530 6530 1545 1559 6531 6531 1548 1562 6532 6532 1556 1570 6533 6533 1557 1571 6534 6534 1556 1570 6535 6535 1548 1562 6536 6536 1548 1562 6537 6537 1551 1565 6538 6538 1557 1571 6539 6539 1558 1572 6540 6540 1557 1571 6541 6541 1551 1565 6542 6542 1553 1567 6543 6543 1559 1573 6544 6544 1552 1566 6545 6545 1553 1567 6546 6546 1554 1568 6547 6547 1559 1573 6548 6548 1560 1574 6549 6549 1552 1566 6550 6550 1559 1573 6551 6551 1559 1573 6552 6552 1561 1575 6553 6553 1560 1574 6554 6554 1562 1576 6555 6555 1560 1574 6556 6556 1561 1575 6557 6557 1559 1573 6558 6558 1563 1577 6559 6559 1561 1575 6560 6560 1563 1577 6561 6561 1559 1573 6562 6562 1554 1568 6563 6563 1554 1568 6564 6564 1555 1569 6565 6565 1563 1577 6566 6566 1564 1578 6567 6567 1561 1575 6568 6568 1563 1577 6569 6569 1563 1577 6570 6570 1565 1579 6571 6571 1564 1578 6572 6572 1565 1579 6573 6573 1563 1577 6574 6574 1555 1569 6575 6575 1555 1569 6576 6576 1556 1570 6577 6577 1565 1579 6578 6578 1566 1580 6579 6579 1564 1578 6580 6580 1565 1579 6581 6581 1565 1579 6582 6582 1567 1581 6583 6583 1566 1580 6584 6584 1567 1581 6585 6585 1565 1579 6586 6586 1556 1570 6587 6587 1568 1582 6588 6588 1566 1580 6589 6589 1567 1581 6590 6590 1568 1582 6591 6591 1567 1581 6592 6592 1569 1583 6593 6593 1570 1584 6594 6594 1569 1583 6595 6595 1567 1581 6596 6596 1567 1581 6597 6597 1556 1570 6598 6598 1570 1584 6599 6599 1557 1571 6600 6600 1570 1584 6601 6601 1556 1570 6602 6602 1569 1583 6603 6603 1570 1584 6604 6604 1571 1585 6605 6605 1572 1586 6606 6606 1571 1585 6607 6607 1570 1584 6608 6608 1570 1584 6609 6609 1557 1571 6610 6610 1572 1586 6611 6611 1558 1572 6612 6612 1572 1586 6613 6613 1557 1571 6614 6614 1561 1575 6615 6615 1573 1587 6616 6616 1562 1576 6617 6617 1574 1588 6618 6618 1562 1576 6619 6619 1573 1587 6620 6620 1574 1588 6621 6621 1573 1587 6622 6622 1575 1589 6623 6623 1576 1590 6624 6624 1575 1589 6625 6625 1573 1587 6626 6626 1564 1578 6627 6627 1576 1590 6628 6628 1561 1575 6629 6629 1573 1587 6630 6630 1561 1575 6631 6631 1576 1590 6632 6632 1566 1580 6633 6633 1577 1591 6634 6634 1564 1578 6635 6635 1576 1590 6636 6636 1564 1578 6637 6637 1577 1591 6638 6638 1568 1582 6639 6639 1578 1592 6640 6640 1566 1580 6641 6641 1568 1582 6642 6642 1569 1583 6643 6643 1578 1592 6644 6644 1579 1593 6645 6645 1566 1580 6646 6646 1578 1592 6647 6647 1580 1594 6648 6648 1578 1592 6649 6649 1569 1583 6650 6650 1569 1583 6651 6651 1571 1585 6652 6652 1580 1594 6653 6653 1580 1594 6654 6654 1581 1595 6655 6655 1578 1592 6656 6656 1581 1595 6657 6657 1580 1594 6658 6658 1571 1585 6659 6659 1582 1596 6660 6660 1578 1592 6661 6661 1581 1595 6662 6662 1585 1597 6663 6663 1584 1598 6664 6664 1583 1599 6665 6665 1586 1600 6666 6666 1583 1599 6667 6667 1584 1598 6668 6668 1587 1601 6669 6669 1584 1598 6670 6670 1585 1597 6671 6671 1587 1601 6672 6672 1585 1597 6673 6673 1588 1602 6674 6674 1588 1602 6675 6675 1589 1603 6676 6676 1587 1601 6677 6677 1589 1603 6678 6678 1588 1602 6679 6679 1590 1604 6680 6680 1591 1605 6681 6681 1590 1604 6682 6682 1588 1602 6683 6683 1590 1604 6684 6684 1591 1605 6685 6685 1592 1606 6686 6686 1593 1607 6687 6687 1592 1606 6688 6688 1591 1605 6689 6689 1593 1607 6690 6690 1594 1608 6691 6691 1592 1606 6692 6692 1595 1609 6693 6693 1592 1606 6694 6694 1594 1608 6695 6695 1596 1610 6696 6696 1587 1601 6697 6697 1589 1603 6698 6698 1587 1601 6699 6699 1596 1610 6700 6700 1597 1611 6701 6701 1587 1601 6702 6702 1597 1611 6703 6703 1584 1598 6704 6704 1598 1612 6705 6705 1597 1611 6706 6706 1596 1610 6707 6707 1598 1612 6708 6708 1599 1613 6709 6709 1597 1611 6710 6710 1600 1614 6711 6711 1597 1611 6712 6712 1599 1613 6713 6713 1594 1608 6714 6714 1601 1615 6715 6715 1595 1609 6716 6716 1602 1616 6717 6717 1595 1609 6718 6718 1601 1615 6719 6719 1601 1615 6720 6720 1603 1617 6721 6721 1602 1616 6722 6722 1604 1618 6723 6723 1602 1616 6724 6724 1603 1617 6725 6725 1603 1617 6726 6726 1605 1619 6727 6727 1604 1618 6728 6728 1606 1620 6729 6729 1604 1618 6730 6730 1605 1619 6731 6731 1604 1618 6732 6732 1606 1620 6733 6733 1607 1621 6734 6734 1608 1622 6735 6735 1607 1621 6736 6736 1606 1620 6737 6737 1602 1616 6738 6738 1604 1618 6739 6739 1609 1623 6740 6740 1607 1621 6741 6741 1609 1623 6742 6742 1604 1618 6743 6743 1607 1621 6744 6744 1610 1624 6745 6745 1609 1623 6746 6746 1611 1625 6747 6747 1610 1624 6748 6748 1607 1621 6749 6749 1608 1622 6750 6750 1611 1625 6751 6751 1607 1621 6752 6752 1611 1625 6753 6753 1608 1622 6754 6754 1612 1626 6755 6755 1613 1627 6756 6756 1612 1626 6757 6757 1608 1622 6758 6758 1614 1628 6759 6759 1609 1623 6760 6760 1610 1624 6761 6761 1614 1628 6762 6762 1615 1629 6763 6763 1609 1623 6764 6764 1616 1630 6765 6765 1609 1623 6766 6766 1615 1629 6767 6767 1609 1623 6768 6768 1616 1630 6769 6769 1602 1616 6770 6770 1595 1609 6771 6771 1602 1616 6772 6772 1616 1630 6773 6773 1616 1630 6774 6774 1617 1631 6775 6775 1595 1609 6776 6776 1616 1630 6777 6777 1618 1632 6778 6778 1617 1631 6779 6779 1615 1629 6780 6780 1618 1632 6781 6781 1616 1630 6782 6782 1617 1631 6783 6783 1618 1632 6784 6784 1619 1633 6785 6785 1620 1634 6786 6786 1619 1633 6787 6787 1618 1632 6788 6788 1618 1632 6789 6789 1615 1629 6790 6790 1620 1634 6791 6791 1620 1634 6792 6792 1621 1635 6793 6793 1619 1633 6794 6794 1622 1636 6795 6795 1619 1633 6796 6796 1621 1635 6797 6797 1622 1636 6798 6798 1621 1635 6799 6799 1623 1637 6800 6800 1624 1638 6801 6801 1623 1637 6802 6802 1621 1635 6803 6803 1625 1639 6804 6804 1620 1634 6805 6805 1615 1629 6806 6806 1620 1634 6807 6807 1625 1639 6808 6808 1621 1635 6809 6809 1626 1640 6810 6810 1621 1635 6811 6811 1625 1639 6812 6812 1626 1640 6813 6813 1624 1638 6814 6814 1621 1635 6815 6815 1624 1638 6816 6816 1626 1640 6817 6817 1627 1641 6818 6818 1628 1642 6819 6819 1627 1641 6820 6820 1626 1640 6821 6821 1592 1606 6822 6822 1595 1609 6823 6823 1617 1631 6824 6824 1617 1631 6825 6825 1619 1633 6826 6826 1592 1606 6827 6827 1590 1604 6828 6828 1592 1606 6829 6829 1619 1633 6830 6830 1619 1633 6831 6831 1622 1636 6832 6832 1590 1604 6833 6833 1589 1603 6834 6834 1590 1604 6835 6835 1622 1636 6836 6836 1623 1637 6837 6837 1596 1610 6838 6838 1622 1636 6839 6839 1589 1603 6840 6840 1622 1636 6841 6841 1596 1610 6842 6842 1596 1610 6843 6843 1623 1637 6844 6844 1598 1612 6845 6845 1629 1643 6846 6846 1598 1612 6847 6847 1623 1637 6848 6848 1627 1641 6849 6849 1629 1643 6850 6850 1624 1638 6851 6851 1623 1637 6852 6852 1624 1638 6853 6853 1629 1643 6854 6854 1598 1612 6855 6855 1629 1643 6856 6856 1630 1644 6857 6857 1598 1612 6858 6858 1630 1644 6859 6859 1599 1613 6860 6860 1631 1645 6861 6861 1599 1613 6862 6862 1630 1644 6863 6863 1631 1645 6864 6864 1630 1644 6865 6865 1632 1646 6866 6866 1632 1646 6867 6867 1633 1647 6868 6868 1631 1645 6869 6869 1634 1648 6870 6870 1631 1645 6871 6871 1633 1647 6872 6872 1635 1649 6873 6873 1632 1646 6874 6874 1630 1644 6875 6875 1635 1649 6876 6876 1630 1644 6877 6877 1629 1643 6878 6878 1629 1643 6879 6879 1627 1641 6880 6880 1635 1649 6881 6881 1632 1646 6882 6882 1635 1649 6883 6883 1636 1650 6884 6884 1636 1650 6885 6885 1633 1647 6886 6886 1632 1646 6887 6887 1637 1651 6888 6888 1636 1650 6889 6889 1635 1649 6890 6890 1628 1642 6891 6891 1638 1652 6892 6892 1637 1651 6893 6893 1639 1653 6894 6894 1637 1651 6895 6895 1638 1652 6896 6896 1633 1647 6897 6897 1636 1650 6898 6898 1640 1654 6899 6899 1641 1655 6900 6900 1640 1654 6901 6901 1636 1650 6902 6902 1636 1650 6903 6903 1637 1651 6904 6904 1641 1655 6905 6905 1639 1653 6906 6906 1641 1655 6907 6907 1637 1651 6908 6908 1639 1653 6909 6909 1642 1656 6910 6910 1641 1655 6911 6911 1643 1657 6912 6912 1641 1655 6913 6913 1642 1656 6914 6914 1641 1655 6915 6915 1643 1657 6916 6916 1640 1654 6917 6917 1644 1658 6918 6918 1640 1654 6919 6919 1643 1657 6920 6920 1638 1652 6921 6921 1645 1659 6922 6922 1639 1653 6923 6923 1642 1656 6924 6924 1639 1653 6925 6925 1645 1659 6926 6926 1634 1648 6927 6927 1646 1660 6928 6928 1631 1645 6929 6929 1646 1660 6930 6930 1634 1648 6931 6931 1647 1661 6932 6932 1647 1661 6933 6933 1648 1662 6934 6934 1646 1660 6935 6935 1649 1663 6936 6936 1646 1660 6937 6937 1648 1662 6938 6938 1648 1662 6939 6939 1650 1664 6940 6940 1649 1663 6941 6941 1651 1665 6942 6942 1649 1663 6943 6943 1650 1664 6944 6944 1651 1665 6945 6945 1652 1666 6946 6946 1649 1663 6947 6947 1600 1614 6948 6948 1649 1663 6949 6949 1652 1666 6950 6950 1652 1666 6951 6951 1653 1667 6952 6952 1600 1614 6953 6953 1600 1614 6954 6954 1653 1667 6955 6955 1597 1611 6956 6956 1654 1668 6957 6957 1597 1611 6958 6958 1653 1667 6959 6959 1646 1660 6960 6960 1649 1663 6961 6961 1599 1613 6962 6962 1600 1614 6963 6963 1599 1613 6964 6964 1649 1663 6965 6965 1599 1613 6966 6966 1631 1645 6967 6967 1646 1660 6968 6968 1653 1667 6969 6969 1652 1666 6970 6970 1655 1669 6971 6971 1656 1670 6972 6972 1655 1669 6973 6973 1652 1666 6974 6974 1654 1668 6975 6975 1657 1671 6976 6976 1597 1611 6977 6977 1657 1671 6978 6978 1654 1668 6979 6979 1658 1672 6980 6980 1659 1673 6981 6981 1658 1672 6982 6982 1654 1668 6983 6983 1657 1671 6984 6984 1584 1598 6985 6985 1597 1611 6986 6986 1662 1674 6987 6987 1661 1675 6988 6988 1660 1676 6989 6989 1663 1677 6990 6990 1660 1676 6991 6991 1661 1675 6992 6992 1662 1674 6993 6993 1664 1678 6994 6994 1661 1675 6995 6995 1664 1678 6996 6996 1665 1679 6997 6997 1661 1675 6998 6998 1666 1680 6999 6999 1661 1675 7000 7000 1665 1679 7001 7001 1665 1679 7002 7002 1667 1681 7003 7003 1666 1680 7004 7004 1668 1682 7005 7005 1666 1680 7006 7006 1667 1681 7007 7007 1667 1681 7008 7008 1669 1683 7009 7009 1668 1682 7010 7010 1665 1679 7011 7011 1664 1678 7012 7012 1593 1607 7013 7013 1594 1608 7014 7014 1593 1607 7015 7015 1664 1678 7016 7016 1667 1681 7017 7017 1665 1679 7018 7018 1591 1605 7019 7019 1593 1607 7020 7020 1591 1605 7021 7021 1665 1679 7022 7022 1591 1605 7023 7023 1588 1602 7024 7024 1667 1681 7025 7025 1669 1683 7026 7026 1667 1681 7027 7027 1588 1602 7028 7028 1669 1683 7029 7029 1588 1602 7030 7030 1585 1597 7031 7031 1664 1678 7032 7032 1670 1684 7033 7033 1594 1608 7034 7034 1664 1678 7035 7035 1662 1674 7036 7036 1670 1684 7037 7037 1601 1615 7038 7038 1594 1608 7039 7039 1670 1684 7040 7040 1670 1684 7041 7041 1671 1685 7042 7042 1601 1615 7043 7043 1671 1685 7044 7044 1670 1684 7045 7045 1672 1686 7046 7046 1673 1687 7047 7047 1672 1686 7048 7048 1670 1684 7049 7049 1674 1688 7050 7050 1671 1685 7051 7051 1672 1686 7052 7052 1671 1685 7053 7053 1674 1688 7054 7054 1675 1689 7055 7055 1676 1690 7056 7056 1675 1689 7057 7057 1674 1688 7058 7058 1675 1689 7059 7059 1676 1690 7060 7060 1677 1691 7061 7061 1603 1617 7062 7062 1601 1615 7063 7063 1671 1685 7064 7064 1671 1685 7065 7065 1675 1689 7066 7066 1603 1617 7067 7067 1677 1691 7068 7068 1678 1692 7069 7069 1675 1689 7070 7070 1605 1619 7071 7071 1675 1689 7072 7072 1678 1692 7073 7073 1605 1619 7074 7074 1603 1617 7075 7075 1675 1689 7076 7076 1678 1692 7077 7077 1679 1693 7078 7078 1605 1619 7079 7079 1605 1619 7080 7080 1679 1693 7081 7081 1606 1620 7082 7082 1679 1693 7083 7083 1680 1694 7084 7084 1606 1620 7085 7085 1680 1694 7086 7086 1681 1695 7087 7087 1606 1620 7088 7088 1608 1622 7089 7089 1606 1620 7090 7090 1681 1695 7091 7091 1681 1695 7092 7092 1682 1696 7093 7093 1608 1622 7094 7094 1613 1627 7095 7095 1608 1622 7096 7096 1682 1696 7097 7097 1672 1686 7098 7098 1683 1697 7099 7099 1674 1688 7100 7100 1684 1698 7101 7101 1674 1688 7102 7102 1683 1697 7103 7103 1610 1624 7104 7104 1611 1625 7105 7105 1685 1699 7106 7106 1612 1626 7107 7107 1685 1699 7108 7108 1611 1625 7109 7109 1685 1699 7110 7110 1686 1700 7111 7111 1610 1624 7112 7112 1687 1701 7113 7113 1610 1624 7114 7114 1686 1700 7115 7115 1686 1700 7116 7116 1688 1702 7117 7117 1687 1701 7118 7118 1689 1703 7119 7119 1687 1701 7120 7120 1688 1702 7121 7121 1689 1703 7122 7122 1690 1704 7123 7123 1687 1701 7124 7124 1691 1705 7125 7125 1687 1701 7126 7126 1690 1704 7127 7127 1687 1701 7128 7128 1691 1705 7129 7129 1610 1624 7130 7130 1690 1704 7131 7131 1692 1706 7132 7132 1691 1705 7133 7133 1693 1707 7134 7134 1691 1705 7135 7135 1692 1706 7136 7136 1692 1706 7137 7137 1694 1708 7138 7138 1693 1707 7139 7139 1695 1709 7140 7140 1693 1707 7141 7141 1694 1708 7142 7142 1694 1708 7143 7143 1696 1710 7144 7144 1695 1709 7145 7145 1697 1711 7146 7146 1695 1709 7147 7147 1696 1710 7148 7148 1696 1710 7149 7149 1698 1712 7150 7150 1697 1711 7151 7151 1699 1713 7152 7152 1697 1711 7153 7153 1698 1712 7154 7154 1699 1713 7155 7155 1698 1712 7156 7156 1700 1714 7157 7157 1701 1715 7158 7158 1700 1714 7159 7159 1698 1712 7160 7160 1700 1714 7161 7161 1701 1715 7162 7162 1702 1716 7163 7163 1703 1717 7164 7164 1702 1716 7165 7165 1701 1715 7166 7166 1691 1705 7167 7167 1693 1707 7168 7168 1614 1628 7169 7169 1614 1628 7170 7170 1610 1624 7171 7171 1691 1705 7172 7172 1615 1629 7173 7173 1614 1628 7174 7174 1693 1707 7175 7175 1693 1707 7176 7176 1695 1709 7177 7177 1615 1629 7178 7178 1625 1639 7179 7179 1615 1629 7180 7180 1695 1709 7181 7181 1695 1709 7182 7182 1697 1711 7183 7183 1625 1639 7184 7184 1626 1640 7185 7185 1625 1639 7186 7186 1697 1711 7187 7187 1697 1711 7188 7188 1699 1713 7189 7189 1626 1640 7190 7190 1628 1642 7191 7191 1626 1640 7192 7192 1699 1713 7193 7193 1700 1714 7194 7194 1638 1652 7195 7195 1699 1713 7196 7196 1628 1642 7197 7197 1699 1713 7198 7198 1638 1652 7199 7199 1702 1716 7200 7200 1645 1659 7201 7201 1700 1714 7202 7202 1638 1652 7203 7203 1700 1714 7204 7204 1645 1659 7205 7205 1628 1642 7206 7206 1637 1651 7207 7207 1627 1641 7208 7208 1637 1651 7209 7209 1635 1649 7210 7210 1627 1641 7211 7211 1706 1718 7212 7212 1705 1719 7213 7213 1704 1720 7214 7214 1707 1721 7215 7215 1704 1720 7216 7216 1705 1719 7217 7217 1707 1721 7218 7218 1705 1719 7219 7219 1708 1722 7220 7220 1709 1723 7221 7221 1708 1722 7222 7222 1705 1719 7223 7223 1709 1723 7224 7224 1705 1719 7225 7225 1710 1724 7226 7226 1711 1725 7227 7227 1710 1724 7228 7228 1705 1719 7229 7229 1711 1725 7230 7230 1705 1719 7231 7231 1706 1718 7232 7232 1712 1726 7233 7233 1709 1723 7234 7234 1710 1724 7235 7235 1708 1722 7236 7236 1709 1723 7237 7237 1713 1727 7238 7238 1712 1726 7239 7239 1713 1727 7240 7240 1709 1723 7241 7241 1712 1726 7242 7242 1714 1728 7243 7243 1713 1727 7244 7244 1715 1729 7245 7245 1713 1727 7246 7246 1714 1728 7247 7247 1715 1729 7248 7248 1714 1728 7249 7249 1716 1730 7250 7250 1717 1731 7251 7251 1716 1730 7252 7252 1714 1728 7253 7253 1717 1731 7254 7254 1718 1732 7255 7255 1716 1730 7256 7256 1719 1733 7257 7257 1716 1730 7258 7258 1718 1732 7259 7259 1715 1729 7260 7260 1720 1734 7261 7261 1713 1727 7262 7262 1721 1735 7263 7263 1713 1727 7264 7264 1720 1734 7265 7265 1720 1734 7266 7266 1715 1729 7267 7267 1722 1736 7268 7268 1716 1730 7269 7269 1722 1736 7270 7270 1715 1729 7271 7271 1722 1736 7272 7272 1716 1730 7273 7273 1723 1737 7274 7274 1719 1733 7275 7275 1723 1737 7276 7276 1716 1730 7277 7277 1708 1722 7278 7278 1713 1727 7279 7279 1724 1738 7280 7280 1721 1735 7281 7281 1724 1738 7282 7282 1713 1727 7283 7283 1724 1738 7284 7284 1725 1739 7285 7285 1708 1722 7286 7286 1707 1721 7287 7287 1708 1722 7288 7288 1725 1739 7289 7289 1725 1739 7290 7290 1726 1740 7291 7291 1707 1721 7292 7292 1704 1720 7293 7293 1707 1721 7294 7294 1726 1740 7295 7295 1720 1734 7296 7296 1727 1741 7297 7297 1721 1735 7298 7298 1728 1742 7299 7299 1721 1735 7300 7300 1727 1741 7301 7301 1721 1735 7302 7302 1728 1742 7303 7303 1724 1738 7304 7304 1727 1741 7305 7305 1720 1734 7306 7306 1729 1743 7307 7307 1722 1736 7308 7308 1729 1743 7309 7309 1720 1734 7310 7310 1722 1736 7311 7311 1723 1737 7312 7312 1729 1743 7313 7313 1730 1744 7314 7314 1729 1743 7315 7315 1723 1737 7316 7316 1726 1740 7317 7317 1725 1739 7318 7318 1731 1745 7319 7319 1732 1746 7320 7320 1731 1745 7321 7321 1725 1739 7322 7322 1725 1739 7323 7323 1724 1738 7324 7324 1732 1746 7325 7325 1733 1747 7326 7326 1732 1746 7327 7327 1724 1738 7328 7328 1733 1747 7329 7329 1724 1738 7330 7330 1728 1742 7331 7331 1728 1742 7332 7332 1727 1741 7333 7333 1734 1748 7334 7334 1735 1749 7335 7335 1734 1748 7336 7336 1727 1741 7337 7337 1735 1749 7338 7338 1736 1750 7339 7339 1734 1748 7340 7340 1737 1751 7341 7341 1734 1748 7342 7342 1736 1750 7343 7343 1736 1750 7344 7344 1735 1749 7345 7345 1738 1752 7346 7346 1739 1753 7347 7347 1738 1752 7348 7348 1735 1749 7349 7349 1735 1749 7350 7350 1727 1741 7351 7351 1739 1753 7352 7352 1729 1743 7353 7353 1739 1753 7354 7354 1727 1741 7355 7355 1739 1753 7356 7356 1740 1754 7357 7357 1738 1752 7358 7358 1739 1753 7359 7359 1729 1743 7360 7360 1740 1754 7361 7361 1730 1744 7362 7362 1740 1754 7363 7363 1729 1743 7364 7364 1741 1755 7365 7365 1738 1752 7366 7366 1740 1754 7367 7367 1737 1751 7368 7368 1742 1756 7369 7369 1734 1748 7370 7370 1743 1757 7371 7371 1734 1748 7372 7372 1742 1756 7373 7373 1734 1748 7374 7374 1743 1757 7375 7375 1728 1742 7376 7376 1733 1747 7377 7377 1728 1742 7378 7378 1743 1757 7379 7379 1742 1756 7380 7380 1744 1758 7381 7381 1743 1757 7382 7382 1745 1759 7383 7383 1743 1757 7384 7384 1744 1758 7385 7385 1732 1746 7386 7386 1745 1759 7387 7387 1731 1745 7388 7388 1743 1757 7389 7389 1745 1759 7390 7390 1733 1747 7391 7391 1732 1746 7392 7392 1733 1747 7393 7393 1745 1759 7394 7394 1745 1759 7395 7395 1744 1758 7396 7396 1746 1760 7397 7397 1746 1760 7398 7398 1731 1745 7399 7399 1745 1759 7400 7400 1747 1761 7401 7401 1746 1760 7402 7402 1744 1758 7403 7403 1736 1750 7404 7404 1748 1762 7405 7405 1737 1751 7406 7406 1749 1763 7407 7407 1737 1751 7408 7408 1748 1762 7409 7409 1738 1752 7410 7410 1750 1764 7411 7411 1736 1750 7412 7412 1748 1762 7413 7413 1736 1750 7414 7414 1750 1764 7415 7415 1738 1752 7416 7416 1741 1755 7417 7417 1750 1764 7418 7418 1750 1764 7419 7419 1751 1765 7420 7420 1748 1762 7421 7421 1751 1765 7422 7422 1750 1764 7423 7423 1741 1755 7424 7424 1752 1766 7425 7425 1748 1762 7426 7426 1751 1765 7427 7427 1747 1761 7428 7428 1744 1758 7429 7429 1753 1767 7430 7430 1754 1768 7431 7431 1753 1767 7432 7432 1744 1758 7433 7433 1744 1758 7434 7434 1742 1756 7435 7435 1754 1768 7436 7436 1753 1767 7437 7437 1754 1768 7438 7438 1755 1769 7439 7439 1756 1770 7440 7440 1755 1769 7441 7441 1754 1768 7442 7442 1756 1770 7443 7443 1754 1768 7444 7444 1742 1756 7445 7445 1742 1756 7446 7446 1737 1751 7447 7447 1756 1770 7448 7448 1757 1771 7449 7449 1756 1770 7450 7450 1737 1751 7451 7451 1758 1772 7452 7452 1647 1661 7453 7453 1634 1648 7454 7454 1760 1773 7455 7455 1673 1687 7456 7456 1759 1774 7457 7457 1761 1775 7458 7458 1759 1774 7459 7459 1673 1687 7460 7460 1673 1687 7461 7461 1670 1684 7462 7462 1761 1775 7463 7463 1761 1775 7464 7464 1670 1684 7465 7465 1662 1674 7466 7466 1764 1776 7467 7467 1763 1777 7468 7468 1762 1778 7469 7469 1765 1779 7470 7470 1762 1778 7471 7471 1763 1777 7472 7472 1764 1776 7473 7473 1766 1780 7474 7474 1763 1777 7475 7475 1767 1781 7476 7476 1763 1777 7477 7477 1766 1780 7478 7478 1766 1780 7479 7479 1768 1782 7480 7480 1767 1781 7481 7481 1769 1783 7482 7482 1767 1781 7483 7483 1768 1782 7484 7484 1769 1783 7485 7485 1768 1782 7486 7486 1770 1784 7487 7487 1765 1779 7488 7488 1763 1777 7489 7489 1771 1785 7490 7490 1772 1786 7491 7491 1771 1785 7492 7492 1763 1777 7493 7493 1763 1777 7494 7494 1767 1781 7495 7495 1772 1786 7496 7496 1773 1787 7497 7497 1772 1786 7498 7498 1767 1781 7499 7499 1767 1781 7500 7500 1769 1783 7501 7501 1773 1787 7502 7502 1774 1788 7503 7503 1773 1787 7504 7504 1769 1783 7505 7505 1774 1788 7506 7506 1769 1783 7507 7507 1775 1789 7508 7508 1770 1784 7509 7509 1775 1789 7510 7510 1769 1783 7511 7511 1775 1789 7512 7512 1770 1784 7513 7513 1776 1790 7514 7514 1777 1791 7515 7515 1776 1790 7516 7516 1770 1784 7517 7517 1777 1791 7518 7518 1778 1792 7519 7519 1776 1790 7520 7520 1779 1793 7521 7521 1776 1790 7522 7522 1778 1792 7523 7523 1771 1785 7524 7524 1772 1786 7525 7525 1780 1794 7526 7526 1781 1795 7527 7527 1780 1794 7528 7528 1772 1786 7529 7529 1772 1786 7530 7530 1773 1787 7531 7531 1781 1795 7532 7532 1782 1796 7533 7533 1781 1795 7534 7534 1773 1787 7535 7535 1782 1796 7536 7536 1773 1787 7537 7537 1783 1797 7538 7538 1774 1788 7539 7539 1783 1797 7540 7540 1773 1787 7541 7541 1783 1797 7542 7542 1774 1788 7543 7543 1784 1798 7544 7544 1775 1789 7545 7545 1784 1798 7546 7546 1774 1788 7547 7547 1784 1798 7548 7548 1775 1789 7549 7549 1785 1799 7550 7550 1776 1790 7551 7551 1785 1799 7552 7552 1775 1789 7553 7553 1776 1790 7554 7554 1779 1793 7555 7555 1785 1799 7556 7556 1786 1800 7557 7557 1785 1799 7558 7558 1779 1793 7559 7559 1781 1795 7560 7560 1787 1801 7561 7561 1780 1794 7562 7562 1781 1795 7563 7563 1782 1796 7564 7564 1787 1801 7565 7565 1788 1802 7566 7566 1780 1794 7567 7567 1787 1801 7568 7568 1787 1801 7569 7569 1789 1803 7570 7570 1788 1802 7571 7571 1790 1804 7572 7572 1788 1802 7573 7573 1789 1803 7574 7574 1787 1801 7575 7575 1791 1805 7576 7576 1789 1803 7577 7577 1791 1805 7578 7578 1787 1801 7579 7579 1782 1796 7580 7580 1782 1796 7581 7581 1783 1797 7582 7582 1791 1805 7583 7583 1792 1806 7584 7584 1789 1803 7585 7585 1791 1805 7586 7586 1791 1805 7587 7587 1793 1807 7588 7588 1792 1806 7589 7589 1793 1807 7590 7590 1791 1805 7591 7591 1783 1797 7592 7592 1783 1797 7593 7593 1784 1798 7594 7594 1793 1807 7595 7595 1794 1808 7596 7596 1792 1806 7597 7597 1793 1807 7598 7598 1793 1807 7599 7599 1795 1809 7600 7600 1794 1808 7601 7601 1795 1809 7602 7602 1793 1807 7603 7603 1784 1798 7604 7604 1796 1810 7605 7605 1794 1808 7606 7606 1795 1809 7607 7607 1796 1810 7608 7608 1795 1809 7609 7609 1797 1811 7610 7610 1798 1812 7611 7611 1797 1811 7612 7612 1795 1809 7613 7613 1795 1809 7614 7614 1784 1798 7615 7615 1798 1812 7616 7616 1785 1799 7617 7617 1798 1812 7618 7618 1784 1798 7619 7619 1797 1811 7620 7620 1798 1812 7621 7621 1799 1813 7622 7622 1800 1814 7623 7623 1799 1813 7624 7624 1798 1812 7625 7625 1798 1812 7626 7626 1785 1799 7627 7627 1800 1814 7628 7628 1786 1800 7629 7629 1800 1814 7630 7630 1785 1799 7631 7631 1789 1803 7632 7632 1801 1815 7633 7633 1790 1804 7634 7634 1789 1803 7635 7635 1792 1806 7636 7636 1801 1815 7637 7637 1802 1816 7638 7638 1790 1804 7639 7639 1801 1815 7640 7640 1802 1816 7641 7641 1801 1815 7642 7642 1803 1817 7643 7643 1804 1818 7644 7644 1803 1817 7645 7645 1801 1815 7646 7646 1804 1818 7647 7647 1801 1815 7648 7648 1792 1806 7649 7649 1792 1806 7650 7650 1794 1808 7651 7651 1804 1818 7652 7652 1805 1819 7653 7653 1804 1818 7654 7654 1794 1808 7655 7655 1796 1810 7656 7656 1806 1820 7657 7657 1794 1808 7658 7658 1807 1821 7659 7659 1794 1808 7660 7660 1806 1820 7661 7661 1797 1811 7662 7662 1808 1822 7663 7663 1796 1810 7664 7664 1806 1820 7665 7665 1796 1810 7666 7666 1808 1822 7667 7667 1797 1811 7668 7668 1799 1813 7669 7669 1808 1822 7670 7670 1808 1822 7671 7671 1809 1823 7672 7672 1806 1820 7673 7673 1809 1823 7674 7674 1808 1822 7675 7675 1799 1813 7676 7676 1810 1824 7677 7677 1806 1820 7678 7678 1809 1823 7679 7679 1777 1791 7680 7680 1811 1825 7681 7681 1778 1792 7682 7682 1814 1826 7683 7683 1813 1827 7684 7684 1812 1828 7685 7685 1815 1829 7686 7686 1812 1828 7687 7687 1813 1827 7688 7688 1813 1827 7689 7689 1814 1826 7690 7690 1816 1826 7691 7691 1817 1826 7692 7692 1816 1826 7693 7693 1814 1826 7694 7694 1820 1830 7695 7695 1819 1831 7696 7696 1818 1832 7697 7697 1821 1833 7698 7698 1818 1832 7699 7699 1819 1831 7700 7700 1818 1832 7701 7701 1822 1834 7702 7702 1820 1830 7703 7703 1823 1835 7704 7704 1820 1830 7705 7705 1822 1834 7706 7706 1826 1836 7707 7707 1825 1837 7708 7708 1824 1838 7709 7709 1827 1839 7710 7710 1824 1838 7711 7711 1825 1837 7712 7712 1824 1838 7713 7713 1828 1836 7714 7714 1826 1836 7715 7715 1829 1836 7716 7716 1826 1836 7717 7717 1828 1836 7718 7718 1832 1840 7719 7719 1831 1841 7720 7720 1830 1842 7721 7721 1833 1843 7722 7722 1830 1842 7723 7723 1831 1841 7724 7724 1836 1844 7725 7725 1835 1845 7726 7726 1834 1846 7727 7727 1837 1847 7728 7728 1834 1846 7729 7729 1835 1845 7730 7730 1834 1846 7731 7731 1838 1848 7732 7732 1836 1844 7733 7733 1839 1849 7734 7734 1836 1844 7735 7735 1838 1848 7736 7736 1842 1850 7737 7737 1841 1851 7738 7738 1840 1852 7739 7739 1843 1853 7740 7740 1840 1852 7741 7741 1841 1851 7742 7742 1846 1854 7743 7743 1845 1855 7744 7744 1844 1856 7745 7745 1847 1857 7746 7746 1844 1856 7747 7747 1845 1855 7748 7748 1847 1857 7749 7749 1848 1858 7750 7750 1844 1856 7751 7751 1849 1859 7752 7752 1844 1856 7753 7753 1848 1858 7754 7754 1845 1855 7755 7755 1850 1860 7756 7756 1847 1857 7757 7757 1848 1858 7758 7758 1847 1857 7759 7759 1851 1861 7760 7760 1852 1862 7761 7761 1851 1861 7762 7762 1847 1857 7763 7763 1847 1857 7764 7764 1850 1860 7765 7765 1852 1862 7766 7766 1851 1861 7767 7767 1852 1862 7768 7768 1853 1863 7769 7769 1854 1864 7770 7770 1853 1863 7771 7771 1852 1862 7772 7772 1853 1863 7773 7773 1854 1864 7774 7774 1855 1865 7775 7775 1856 1866 7776 7776 1855 1865 7777 7777 1854 1864 7778 7778 1852 1862 7779 7779 1857 1867 7780 7780 1854 1864 7781 7781 1857 1867 7782 7782 1852 1862 7783 7783 1850 1860 7784 7784 1858 1868 7785 7785 1854 1864 7786 7786 1857 1867 7787 7787 1854 1864 7788 7788 1858 1868 7789 7789 1856 1866 7790 7790 1853 1863 7791 7791 1859 1869 7792 7792 1851 1861 7793 7793 1860 1870 7794 7794 1851 1861 7795 7795 1859 1869 7796 7796 1851 1861 7797 7797 1860 1870 7798 7798 1848 1858 7799 7799 1860 1870 7800 7800 1859 1869 7801 7801 1861 1871 7802 7802 1862 1872 7803 7803 1861 1871 7804 7804 1859 1869 7805 7805 1862 1872 7806 7806 1859 1869 7807 7807 1863 1873 7808 7808 1864 1874 7809 7809 1863 1873 7810 7810 1859 1869 7811 7811 1859 1869 7812 7812 1853 1863 7813 7813 1864 1874 7814 7814 1855 1865 7815 7815 1864 1874 7816 7816 1853 1863 7817 7817 1860 1870 7818 7818 1861 1871 7819 7819 1865 1875 7820 7820 1866 1876 7821 7821 1865 1875 7822 7822 1861 1871 7823 7823 1865 1875 7824 7824 1866 1876 7825 7825 1867 1877 7826 7826 1868 1878 7827 7827 1867 1877 7828 7828 1866 1876 7829 7829 1867 1877 7830 7830 1849 1859 7831 7831 1865 1875 7832 7832 1848 1858 7833 7833 1865 1875 7834 7834 1849 1859 7835 7835 1865 1875 7836 7836 1848 1858 7837 7837 1860 1870 7838 7838 1869 1879 7839 7839 1856 1866 7840 7840 1858 1868 7841 7841 1849 1859 7842 7842 1867 1877 7843 7843 1870 1880 7844 7844 1870 1880 7845 7845 1871 1881 7846 7846 1849 1859 7847 7847 1844 1856 7848 7848 1849 1859 7849 7849 1871 1881 7850 7850 1844 1856 7851 7851 1871 1881 7852 7852 1846 1854 7853 7853 1872 1882 7854 7854 1846 1854 7855 7855 1871 1881 7856 7856 1873 1883 7857 7857 1870 1880 7858 7858 1867 1877 7859 7859 1867 1877 7860 7860 1868 1878 7861 7861 1873 1883 7862 7862 1874 1884 7863 7863 1873 1883 7864 7864 1868 1878 7865 7865 1866 1876 7866 7866 1875 1885 7867 7867 1868 1878 7868 7868 1876 1886 7869 7869 1868 1878 7870 7870 1875 1885 7871 7871 1875 1885 7872 7872 1866 1876 7873 7873 1877 1887 7874 7874 1861 1871 7875 7875 1877 1887 7876 7876 1866 1876 7877 7877 1861 1871 7878 7878 1862 1872 7879 7879 1877 1887 7880 7880 1878 1888 7881 7881 1877 1887 7882 7882 1862 1872 7883 7883 1862 1872 7884 7884 1863 1873 7885 7885 1878 1888 7886 7886 1879 1889 7887 7887 1878 1888 7888 7888 1863 1873 7889 7889 1864 1874 7890 7890 1880 1890 7891 7891 1863 1873 7892 7892 1881 1891 7893 7893 1863 1873 7894 7894 1880 1890 7895 7895 1880 1890 7896 7896 1864 1874 7897 7897 1882 1892 7898 7898 1855 1865 7899 7899 1882 1892 7900 7900 1864 1874 7901 7901 1882 1892 7902 7902 1855 1865 7903 7903 1883 1893 7904 7904 1856 1866 7905 7905 1883 1893 7906 7906 1855 1865 7907 7907 1856 1866 7908 7908 1869 1879 7909 7909 1883 1893 7910 7910 1884 1894 7911 7911 1883 1893 7912 7912 1869 1879 7913 7913 1858 1868 7914 7914 1885 1895 7915 7915 1869 1879 7916 7916 1886 1896 7917 7917 1869 1879 7918 7918 1885 1895 7919 7919 1885 1895 7920 7920 1858 1868 7921 7921 1887 1897 7922 7922 1857 1867 7923 7923 1887 1897 7924 7924 1858 1868 7925 7925 1857 1867 7926 7926 1850 1860 7927 7927 1887 1897 7928 7928 1888 1898 7929 7929 1887 1897 7930 7930 1850 1860 7931 7931 1850 1860 7932 7932 1845 1855 7933 7933 1888 1898 7934 7934 1889 1899 7935 7935 1888 1898 7936 7936 1845 1855 7937 7937 1845 1855 7938 7938 1846 1854 7939 7939 1889 1899 7940 7940 1890 1900 7941 7941 1889 1899 7942 7942 1846 1854 7943 7943 1893 1901 7944 7944 1892 1902 7945 7945 1891 1903 7946 7946 1894 1904 7947 7947 1891 1903 7948 7948 1892 1902 7949 7949 1892 1902 7950 7950 1893 1901 7951 7951 1895 1905 7952 7952 1896 1906 7953 7953 1895 1905 7954 7954 1893 1901 7955 7955 1896 1906 7956 7956 1893 1901 7957 7957 1897 1907 7958 7958 1898 1908 7959 7959 1897 1907 7960 7960 1893 1901 7961 7961 1897 1907 7962 7962 1898 1908 7963 7963 1899 1909 7964 7964 1900 1910 7965 7965 1899 1909 7966 7966 1898 1908 7967 7967 1900 1910 7968 7968 1901 1911 7969 7969 1899 1909 7970 7970 1902 1912 7971 7971 1899 1909 7972 7972 1901 1911 7973 7973 1901 1911 7974 7974 1900 1910 7975 7975 1903 1913 7976 7976 1904 1914 7977 7977 1903 1913 7978 7978 1900 1910 7979 7979 1900 1910 7980 7980 1898 1908 7981 7981 1904 1914 7982 7982 1904 1914 7983 7983 1905 1915 7984 7984 1903 1913 7985 7985 1906 1916 7986 7986 1903 1913 7987 7987 1905 1915 7988 7988 1905 1915 7989 7989 1907 1917 7990 7990 1906 1916 7991 7991 1908 1918 7992 7992 1906 1916 7993 7993 1907 1917 7994 7994 1907 1917 7995 7995 1909 1919 7996 7996 1908 1918 7997 7997 1910 1920 7998 7998 1908 1918 7999 7999 1909 1919 8000 8000 1908 1918 8001 8001 1910 1920 8002 8002 1911 1921 8003 8003 1910 1920 8004 8004 1909 1919 8005 8005 1912 1922 8006 8006 1913 1923 8007 8007 1912 1922 8008 8008 1909 1919 8009 8009 1912 1922 8010 8010 1913 1923 8011 8011 1914 1924 8012 8012 1915 1925 8013 8013 1914 1924 8014 8014 1913 1923 8015 8015 1915 1925 8016 8016 1916 1926 8017 8017 1914 1924 8018 8018 1917 1927 8019 8019 1914 1924 8020 8020 1916 1926 8021 8021 1915 1925 8022 8022 1913 1923 8023 8023 1918 1928 8024 8024 1919 1929 8025 8025 1918 1928 8026 8026 1913 1923 8027 8027 1918 1928 8028 8028 1920 1930 8029 8029 1915 1925 8030 8030 1916 1926 8031 8031 1915 1925 8032 8032 1920 1930 8033 8033 1911 1921 8034 8034 1910 1920 8035 8035 1921 1931 8036 8036 1914 1924 8037 8037 1917 1927 8038 8038 1922 1932 8039 8039 1921 1931 8040 8040 1910 1920 8041 8041 1923 1933 8042 8042 1910 1920 8043 8043 1912 1922 8044 8044 1923 1933 8045 8045 1924 1934 8046 8046 1923 1933 8047 8047 1912 1922 8048 8048 1912 1922 8049 8049 1914 1924 8050 8050 1924 1934 8051 8051 1924 1934 8052 8052 1925 1935 8053 8053 1923 1933 8054 8054 1926 1936 8055 8055 1923 1933 8056 8056 1925 1935 8057 8057 1923 1933 8058 8058 1926 1936 8059 8059 1927 1937 8060 8060 1928 1938 8061 8061 1927 1937 8062 8062 1926 1936 8063 8063 1925 1935 8064 8064 1924 1934 8065 8065 1929 1939 8066 8066 1930 1940 8067 8067 1929 1939 8068 8068 1924 1934 8069 8069 1930 1940 8070 8070 1931 1941 8071 8071 1929 1939 8072 8072 1930 1940 8073 8073 1922 1932 8074 8074 1931 1941 8075 8075 1932 1942 8076 8076 1929 1939 8077 8077 1931 1941 8078 8078 1930 1940 8079 8079 1924 1934 8080 8080 1914 1924 8081 8081 1914 1924 8082 8082 1922 1932 8083 8083 1930 1940 8084 8084 1921 1931 8085 8085 1923 1933 8086 8086 1933 1943 8087 8087 1927 1937 8088 8088 1933 1943 8089 8089 1923 1933 8090 8090 1926 1936 8091 8091 1934 1944 8092 8092 1928 1938 8093 8093 1935 1945 8094 8094 1928 1938 8095 8095 1934 1944 8096 8096 1934 1944 8097 8097 1926 1936 8098 8098 1936 1946 8099 8099 1925 1935 8100 8100 1936 1946 8101 8101 1926 1936 8102 8102 1925 1935 8103 8103 1929 1939 8104 8104 1936 1946 8105 8105 1937 1947 8106 8106 1936 1946 8107 8107 1929 1939 8108 8108 1929 1939 8109 8109 1932 1942 8110 8110 1937 1947 8111 8111 1938 1948 8112 8112 1937 1947 8113 8113 1932 1942 8114 8114 1928 1938 8115 8115 1935 1945 8116 8116 1939 1949 8117 8117 1940 1950 8118 8118 1939 1949 8119 8119 1935 1945 8120 8120 1939 1949 8121 8121 1940 1950 8122 8122 1941 1951 8123 8123 1942 1952 8124 8124 1941 1951 8125 8125 1940 1950 8126 8126 1942 1952 8127 8127 1943 1953 8128 8128 1941 1951 8129 8129 1944 1954 8130 8130 1941 1951 8131 8131 1943 1953 8132 8132 1943 1953 8133 8133 1945 1955 8134 8134 1944 1954 8135 8135 1946 1956 8136 8136 1944 1954 8137 8137 1945 1955 8138 8138 1941 1951 8139 8139 1944 1954 8140 8140 1947 1957 8141 8141 1948 1958 8142 8142 1947 1957 8143 8143 1944 1954 8144 8144 1944 1954 8145 8145 1946 1956 8146 8146 1948 1958 8147 8147 1947 1957 8148 8148 1949 1959 8149 8149 1941 1951 8150 8150 1939 1949 8151 8151 1941 1951 8152 8152 1949 1959 8153 8153 1939 1949 8154 8154 1949 1959 8155 8155 1928 1938 8156 8156 1927 1937 8157 8157 1928 1938 8158 8158 1949 1959 8159 8159 1950 1960 8160 8160 1948 1958 8161 8161 1946 1956 8162 8162 1951 1961 8163 8163 1948 1958 8164 8164 1950 1960 8165 8165 1950 1960 8166 8166 1952 1962 8167 8167 1951 1961 8168 8168 1953 1963 8169 8169 1951 1961 8170 8170 1952 1962 8171 8171 1953 1963 8172 8172 1952 1962 8173 8173 1954 1964 8174 8174 1902 1912 8175 8175 1954 1964 8176 8176 1952 1962 8177 8177 1901 1911 8178 8178 1954 1964 8179 8179 1902 1912 8180 8180 1957 1965 8181 8181 1956 1966 8182 8182 1955 1967 8183 8183 1958 1968 8184 8184 1955 1967 8185 8185 1956 1966 8186 8186 1956 1966 8187 8187 1959 1969 8188 8188 1958 1968 8189 8189 1960 1970 8190 8190 1958 1968 8191 8191 1959 1969 8192 8192 1959 1969 8193 8193 1956 1966 8194 8194 1919 1929 8195 8195 1918 1928 8196 8196 1919 1929 8197 8197 1956 1966 8198 8198 1956 1966 8199 8199 1957 1965 8200 8200 1918 1928 8201 8201 1920 1930 8202 8202 1918 1928 8203 8203 1957 1965 8204 8204 1963 1971 8205 8205 1962 1972 8206 8206 1961 1973 8207 8207 1964 1974 8208 8208 1961 1973 8209 8209 1962 1972 8210 8210 1962 1972 8211 8211 1965 1975 8212 8212 1964 1974 8213 8213 1966 1976 8214 8214 1964 1974 8215 8215 1965 1975 8216 8216 1966 1976 8217 8217 1965 1975 8218 8218 1967 1977 8219 8219 1968 1978 8220 8220 1967 1977 8221 8221 1965 1975 8222 8222 1962 1972 8223 8223 1963 1971 8224 8224 1969 1979 8225 8225 1970 1980 8226 8226 1969 1979 8227 8227 1963 1971 8228 8228 1970 1980 8229 8229 1971 1981 8230 8230 1969 1979 8231 8231 1972 1982 8232 8232 1969 1979 8233 8233 1971 1981 8234 8234 1972 1982 8235 8235 1973 1983 8236 8236 1969 1979 8237 8237 1974 1984 8238 8238 1969 1979 8239 8239 1973 1983 8240 8240 1969 1979 8241 8241 1974 1984 8242 8242 1962 1972 8243 8243 1965 1975 8244 8244 1962 1972 8245 8245 1974 1984 8246 8246 1965 1975 8247 8247 1974 1984 8248 8248 1968 1978 8249 8249 1973 1983 8250 8250 1975 1985 8251 8251 1974 1984 8252 8252 1976 1986 8253 8253 1974 1984 8254 8254 1975 1985 8255 8255 1976 1986 8256 8256 1968 1978 8257 8257 1974 1984 8258 8258 1971 1981 8259 8259 1977 1987 8260 8260 1972 1982 8261 8261 1978 1988 8262 8262 1972 1982 8263 8263 1977 1987 8264 8264 1973 1983 8265 8265 1972 1982 8266 8266 1979 1989 8267 8267 1978 1988 8268 8268 1979 1989 8269 8269 1972 1982 8270 8270 1975 1985 8271 8271 1973 1983 8272 8272 1980 1990 8273 8273 1979 1989 8274 8274 1980 1990 8275 8275 1973 1983 8276 8276 1971 1981 8277 8277 1981 1991 8278 8278 1977 1987 8279 8279 1982 1992 8280 8280 1977 1987 8281 8281 1981 1991 8282 8282 1970 1980 8283 8283 1983 1993 8284 8284 1971 1981 8285 8285 1981 1991 8286 8286 1971 1981 8287 8287 1983 1993 8288 8288 1970 1980 8289 8289 1963 1971 8290 8290 1983 1993 8291 8291 1984 1994 8292 8292 1983 1993 8293 8293 1963 1971 8294 8294 1984 1994 8295 8295 1963 1971 8296 8296 1985 1995 8297 8297 1961 1973 8298 8298 1985 1995 8299 8299 1963 1971 8300 8300 1976 1986 8301 8301 1975 1985 8302 8302 1986 1996 8303 8303 1986 1996 8304 8304 1987 1997 8305 8305 1976 1986 8306 8306 1968 1978 8307 8307 1976 1986 8308 8308 1987 1997 8309 8309 1987 1997 8310 8310 1988 1998 8311 8311 1968 1978 8312 8312 1967 1977 8313 8313 1968 1978 8314 8314 1988 1998 8315 8315 1979 1989 8316 8316 1989 1999 8317 8317 1980 1990 8318 8318 1979 1989 8319 8319 1978 1988 8320 8320 1989 1999 8321 8321 1990 2000 8322 8322 1980 1990 8323 8323 1989 1999 8324 8324 1964 1974 8325 8325 1991 2001 8326 8326 1961 1973 8327 8327 1992 2002 8328 8328 1961 1973 8329 8329 1991 2001 8330 8330 1991 2001 8331 8331 1964 1974 8332 8332 1993 2003 8333 8333 1966 1976 8334 8334 1993 2003 8335 8335 1964 1974 8336 8336 1966 1976 8337 8337 1967 1977 8338 8338 1993 2003 8339 8339 1994 2004 8340 8340 1993 2003 8341 8341 1967 1977 8342 8342 1995 2005 8343 8343 1986 1996 8344 8344 1975 1985 8345 8345 1975 1985 8346 8346 1980 1990 8347 8347 1995 2005 8348 8348 1996 2006 8349 8349 1995 2005 8350 8350 1980 1990 8351 8351 1997 2007 8352 8352 1989 1999 8353 8353 1978 1988 8354 8354 1978 1988 8355 8355 1977 1987 8356 8356 1997 2007 8357 8357 1998 2008 8358 8358 1997 2007 8359 8359 1977 1987 8360 8360 1999 2009 8361 8361 1904 1914 8362 8362 1898 1908 8363 8363 1898 1908 8364 8364 1893 1901 8365 8365 1999 2009 8366 8366 1891 1903 8367 8367 1999 2009 8368 8368 1893 1901 8369 8369 2002 2010 8370 8370 2001 2011 8371 8371 2000 2012 8372 8372 2003 2013 8373 8373 2000 2012 8374 8374 2001 2011 8375 8375 2000 2012 8376 8376 2003 2013 8377 8377 2004 2014 8378 8378 2005 2015 8379 8379 2004 2014 8380 8380 2003 2013 8381 8381 2004 2014 8382 8382 2005 2015 8383 8383 2006 2016 8384 8384 2007 2017 8385 8385 2006 2016 8386 8386 2005 2015 8387 8387 2006 2016 8388 8388 2007 2017 8389 8389 2008 2018 8390 8390 2009 2019 8391 8391 2008 2018 8392 8392 2007 2017 8393 8393 2002 2010 8394 8394 2010 2020 8395 8395 2001 2011 8396 8396 2011 2021 8397 8397 2001 2011 8398 8398 2010 2020 8399 8399 2010 2020 8400 8400 2012 2022 8401 8401 2011 2021 8402 8402 2013 2023 8403 8403 2011 2021 8404 8404 2012 2022 8405 8405 2012 2022 8406 8406 2014 2024 8407 8407 2013 2023 8408 8408 2015 2025 8409 8409 2013 2023 8410 8410 2014 2024 8411 8411 2014 2024 8412 8412 2016 2026 8413 8413 2015 2025 8414 8414 2017 2027 8415 8415 2015 2025 8416 8416 2016 2026 8417 8417 2020 2028 8418 8418 2019 2029 8419 8419 2018 2030 8420 8420 2021 2031 8421 8421 2018 2030 8422 8422 2019 2029 8423 8423 2021 2031 8424 8424 2022 2032 8425 8425 2018 2030 8426 8426 2023 2033 8427 8427 2018 2030 8428 8428 2022 2032 8429 8429 2022 2032 8430 8430 2024 2034 8431 8431 2023 2033 8432 8432 2025 2035 8433 8433 2023 2033 8434 8434 2024 2034 8435 8435 2024 2034 8436 8436 2026 2036 8437 8437 2025 2035 8438 8438 2027 2037 8439 8439 2025 2035 8440 8440 2026 2036 8441 8441 2019 2029 8442 8442 2020 2028 8443 8443 2028 2038 8444 8444 2029 2039 8445 8445 2028 2038 8446 8446 2020 2028 8447 8447 2028 2038 8448 8448 2029 2039 8449 8449 2030 2040 8450 8450 2031 2041 8451 8451 2030 2040 8452 8452 2029 2039 8453 8453 2030 2040 8454 8454 2031 2041 8455 8455 2032 2042 8456 8456 2033 2043 8457 8457 2032 2042 8458 8458 2031 2041 8459 8459 2032 2042 8460 8460 2033 2043 8461 8461 2034 2044 8462 8462 2035 2045 8463 8463 2034 2044 8464 8464 2033 2043 8465 8465 2038 2046 8466 8466 2037 2047 8467 8467 2036 2048 8468 8468 2039 2049 8469 8469 2036 2048 8470 8470 2037 2047 8471 8471 2037 2047 8472 8472 2038 2046 8473 8473 2040 2050 8474 8474 2041 2051 8475 8475 2040 2050 8476 8476 2038 2046 8477 8477 2041 2051 8478 8478 2042 2052 8479 8479 2040 2050 8480 8480 2043 2053 8481 8481 2040 2050 8482 8482 2042 2052 8483 8483 2042 2052 8484 8484 2044 2054 8485 8485 2043 2053 8486 8486 2045 2055 8487 8487 2043 2053 8488 8488 2044 2054 8489 8489 2036 2048 8490 8490 2039 2049 8491 8491 2046 2056 8492 8492 2047 2057 8493 8493 2046 2056 8494 8494 2039 2049 8495 8495 2046 2056 8496 8496 2047 2057 8497 8497 2048 2058 8498 8498 2049 2059 8499 8499 2048 2058 8500 8500 2047 2057 8501 8501 2048 2058 8502 8502 2049 2059 8503 8503 2050 2060 8504 8504 2051 2061 8505 8505 2050 2060 8506 8506 2049 2059 8507 8507 2051 2061 8508 8508 2052 2062 8509 8509 2050 2060 8510 8510 2053 2063 8511 8511 2050 2060 8512 8512 2052 2062 8513 8513 2040 2050 8514 8514 2043 2053 8515 8515 2054 2064 8516 8516 2040 2050 8517 8517 2054 2064 8518 8518 2037 2047 8519 8519 2055 2065 8520 8520 2037 2047 8521 8521 2054 2064 8522 8522 2037 2047 8523 8523 2055 2065 8524 8524 2039 2049 8525 8525 2056 2066 8526 8526 2039 2049 8527 8527 2055 2065 8528 8528 2039 2049 8529 8529 2056 2066 8530 8530 2047 2057 8531 8531 2057 2067 8532 8532 2054 2064 8533 8533 2043 2053 8534 8534 2043 2053 8535 8535 2045 2055 8536 8536 2057 2067 8537 8537 2058 2068 8538 8538 2057 2067 8539 8539 2045 2055 8540 8540 2052 2062 8541 8541 2051 2061 8542 8542 2059 2069 8543 8543 2060 2070 8544 8544 2059 2069 8545 8545 2051 2061 8546 8546 2061 2071 8547 8547 2059 2069 8548 8548 2060 2070 8549 8549 2062 2072 8550 8550 2061 2071 8551 8551 2060 2070 8552 8552 2060 2070 8553 8553 2063 2073 8554 8554 2062 2072 8555 8555 2060 2070 8556 8556 2051 2061 8557 8557 2063 2073 8558 8558 2064 2074 8559 8559 2062 2072 8560 8560 2063 2073 8561 8561 2064 2074 8562 8562 2063 2073 8563 8563 2065 2075 8564 8564 2066 2076 8565 8565 2065 2075 8566 8566 2063 2073 8567 8567 2067 2077 8568 8568 2066 2076 8569 8569 2056 2066 8570 8570 2065 2075 8571 8571 2066 2076 8572 8572 2067 2077 8573 8573 2065 2075 8574 8574 2068 2078 8575 8575 2064 2074 8576 8576 2069 2079 8577 8577 2064 2074 8578 8578 2068 2078 8579 8579 2065 2075 8580 8580 2070 2080 8581 8581 2068 2078 8582 8582 2070 2080 8583 8583 2065 2075 8584 8584 2067 2077 8585 8585 2071 2081 8586 8586 2068 2078 8587 8587 2070 2080 8588 8588 2063 2073 8589 8589 2049 2059 8590 8590 2066 2076 8591 8591 2049 2059 8592 8592 2063 2073 8593 8593 2051 2061 8594 8594 2047 2057 8595 8595 2066 2076 8596 8596 2049 2059 8597 8597 2066 2076 8598 8598 2047 2057 8599 8599 2056 2066 8600 8600 2072 2082 8601 8601 2061 2071 8602 8602 2062 2072 8603 8603 2068 2078 8604 8604 2073 2083 8605 8605 2069 2079 8606 8606 2074 2084 8607 8607 2069 2079 8608 8608 2073 2083 8609 8609 2074 2084 8610 8610 2075 2085 8611 8611 2069 2079 8612 8612 2074 2084 8613 8613 2076 2086 8614 8614 2075 2085 8615 8615 2074 2084 8616 8616 2073 2083 8617 8617 2076 2086 8618 8618 2077 2087 8619 8619 2075 2085 8620 8620 2076 2086 8621 8621 2075 2085 8622 8622 2077 2087 8623 8623 2078 2088 8624 8624 2079 2089 8625 8625 2078 2088 8626 8626 2077 2087 8627 8627 2077 2087 8628 8628 2080 2090 8629 8629 2079 2089 8630 8630 2081 2091 8631 8631 2079 2089 8632 8632 2080 2090 8633 8633 2081 2091 8634 8634 2080 2090 8635 8635 2082 2092 8636 8636 2083 2093 8637 8637 2082 2092 8638 8638 2080 2090 8639 8639 2080 2090 8640 8640 2084 2094 8641 8641 2083 2093 8642 8642 2080 2090 8643 8643 2077 2087 8644 8644 2084 2094 8645 8645 2076 2086 8646 8646 2084 2094 8647 8647 2077 2087 8648 8648 2085 2095 8649 8649 2083 2093 8650 8650 2084 2094 8651 8651 2085 2095 8652 8652 2084 2094 8653 8653 2086 2096 8654 8654 2087 2097 8655 8655 2086 2096 8656 8656 2084 2094 8657 8657 2086 2096 8658 8658 2087 2097 8659 8659 2088 2098 8660 8660 2089 2099 8661 8661 2088 2098 8662 8662 2087 2097 8663 8663 2088 2098 8664 8664 2089 2099 8665 8665 2090 2100 8666 8666 2091 2101 8667 8667 2090 2100 8668 8668 2089 2099 8669 8669 2090 2100 8670 8670 2091 2101 8671 8671 2092 2102 8672 8672 2093 2103 8673 8673 2092 2102 8674 8674 2091 2101 8675 8675 2092 2102 8676 8676 2093 2103 8677 8677 2094 2104 8678 8678 2095 2105 8679 8679 2094 2104 8680 8680 2093 2103 8681 8681 2094 2104 8682 8682 2095 2105 8683 8683 2096 2106 8684 8684 2097 2107 8685 8685 2096 2106 8686 8686 2095 2105 8687 8687 2089 2099 8688 8688 2098 2108 8689 8689 2091 2101 8690 8690 2089 2099 8691 8691 2087 2097 8692 8692 2098 2108 8693 8693 2099 2109 8694 8694 2091 2101 8695 8695 2098 2108 8696 8696 2091 2101 8697 8697 2099 2109 8698 8698 2093 2103 8699 8699 2100 2110 8700 8700 2093 2103 8701 8701 2099 2109 8702 8702 2093 2103 8703 8703 2100 2110 8704 8704 2095 2105 8705 8705 2099 2109 8706 8706 2101 2111 8707 8707 2100 2110 8708 8708 2102 2112 8709 8709 2100 2110 8710 8710 2101 2111 8711 8711 2103 2113 8712 8712 2095 2105 8713 8713 2100 2110 8714 8714 2095 2105 8715 8715 2103 2113 8716 8716 2097 2107 8717 8717 2100 2110 8718 8718 2102 2112 8719 8719 2103 2113 8720 8720 2104 2114 8721 8721 2097 2107 8722 8722 2103 2113 8723 8723 2103 2113 8724 8724 2105 2115 8725 8725 2104 2114 8726 8726 2105 2115 8727 8727 2103 2113 8728 8728 2102 2112 8729 8729 2106 2116 8730 8730 2104 2114 8731 8731 2105 2115 8732 8732 2094 2104 8733 8733 2107 2117 8734 8734 2092 2102 8735 8735 2108 2118 8736 8736 2092 2102 8737 8737 2107 2117 8738 8738 2107 2117 8739 8739 2094 2104 8740 8740 2109 2119 8741 8741 2096 2106 8742 8742 2109 2119 8743 8743 2094 2104 8744 8744 2107 2117 8745 8745 2110 2120 8746 8746 2108 2118 8747 8747 2111 2121 8748 8748 2108 2118 8749 8749 2110 2120 8750 8750 2110 2120 8751 8751 2107 2117 8752 8752 2112 2122 8753 8753 2109 2119 8754 8754 2112 2122 8755 8755 2107 2117 8756 8756 2112 2122 8757 8757 2109 2119 8758 8758 2113 2123 8759 8759 2111 2121 8760 8760 2114 2124 8761 8761 2108 2118 8762 8762 2114 2124 8763 8763 2111 2121 8764 8764 2115 2125 8765 8765 2115 2125 8766 8766 2116 2126 8767 8767 2114 2124 8768 8768 2117 2127 8769 8769 2114 2124 8770 8770 2116 2126 8771 8771 2116 2126 8772 8772 2118 2128 8773 8773 2117 2127 8774 8774 2119 2129 8775 8775 2117 2127 8776 8776 2118 2128 8777 8777 2118 2128 8778 8778 2116 2126 8779 8779 2120 2130 8780 8780 2121 2131 8781 8781 2120 2130 8782 8782 2116 2126 8783 8783 2116 2126 8784 8784 2115 2125 8785 8785 2121 2131 8786 8786 2120 2130 8787 8787 2121 2131 8788 8788 2122 2132 8789 8789 2123 2133 8790 8790 2122 2132 8791 8791 2121 2131 8792 8792 2124 2134 8793 8793 2115 2125 8794 8794 2111 2121 8795 8795 2114 2124 8796 8796 2117 2127 8797 8797 2125 2135 8798 8798 2125 2135 8799 8799 2108 2118 8800 8800 2114 2124 8801 8801 2125 2135 8802 8802 2090 2100 8803 8803 2108 2118 8804 8804 2125 2135 8805 8805 2126 2136 8806 8806 2090 2100 8807 8807 2126 2136 8808 8808 2125 2135 8809 8809 2117 2127 8810 8810 2126 2136 8811 8811 2117 2127 8812 8812 2119 2129 8813 8813 2088 2098 8814 8814 2090 2100 8815 8815 2126 2136 8816 8816 2092 2102 8817 8817 2108 2118 8818 8818 2090 2100 8819 8819 2088 2098 8820 8820 2126 2136 8821 8821 2086 2096 8822 8822 2127 2137 8823 8823 2086 2096 8824 8824 2126 2136 8825 8825 2126 2136 8826 8826 2119 2129 8827 8827 2127 2137 8828 8828 2086 2096 8829 8829 2127 2137 8830 8830 2085 2095 8831 8831 2128 2138 8832 8832 2085 2095 8833 8833 2127 2137 8834 8834 2128 2138 8835 8835 2129 2139 8836 8836 2085 2095 8837 8837 2083 2093 8838 8838 2085 2095 8839 8839 2129 2139 8840 8840 2129 2139 8841 8841 2130 2140 8842 8842 2083 2093 8843 8843 2082 2092 8844 8844 2083 2093 8845 8845 2130 2140 8846 8846 2129 2139 8847 8847 2131 2141 8848 8848 2130 2140 8849 8849 2132 2142 8850 8850 2130 2140 8851 8851 2131 2141 8852 8852 2128 2138 8853 8853 2133 2143 8854 8854 2129 2139 8855 8855 2131 2141 8856 8856 2129 2139 8857 8857 2133 2143 8858 8858 2128 2138 8859 8859 2127 2137 8860 8860 2133 2143 8861 8861 2134 2144 8862 8862 2133 2143 8863 8863 2127 2137 8864 8864 2134 2144 8865 8865 2127 2137 8866 8866 2119 2129 8867 8867 2131 2141 8868 8868 2135 2145 8869 8869 2132 2142 8870 8870 2136 2146 8871 8871 2132 2142 8872 8872 2135 2145 8873 8873 2133 2143 8874 8874 2137 2147 8875 8875 2131 2141 8876 8876 2135 2145 8877 8877 2131 2141 8878 8878 2137 2147 8879 8879 2133 2143 8880 8880 2134 2144 8881 8881 2137 2147 8882 8882 2138 2148 8883 8883 2137 2147 8884 8884 2134 2144 8885 8885 2134 2144 8886 8886 2119 2129 8887 8887 2138 2148 8888 8888 2139 2149 8889 8889 2138 2148 8890 8890 2119 2129 8891 8891 2118 2128 8892 8892 2139 2149 8893 8893 2119 2129 8894 8894 2142 2150 8895 8895 2141 2151 8896 8896 2140 2152 8897 8897 2143 2153 8898 8898 2140 2152 8899 8899 2141 2151 8900 8900 2140 2152 8901 8901 2143 2153 8902 8902 2144 2154 8903 8903 2145 2155 8904 8904 2144 2154 8905 8905 2143 2153 8906 8906 2145 2155 8907 8907 2146 2156 8908 8908 2144 2154 8909 8909 2147 2157 8910 8910 2144 2154 8911 8911 2146 2156 8912 8912 2146 2156 8913 8913 2148 2158 8914 8914 2147 2157 8915 8915 2149 2159 8916 8916 2147 2157 8917 8917 2148 2158 8918 8918 2142 2150 8919 8919 2140 2152 8920 8920 2150 2160 8921 8921 2151 2161 8922 8922 2150 2160 8923 8923 2140 2152 8924 8924 2151 2161 8925 8925 2140 2152 8926 8926 2152 2162 8927 8927 2144 2154 8928 8928 2152 2162 8929 8929 2140 2152 8930 8930 2152 2162 8931 8931 2144 2154 8932 8932 2153 2163 8933 8933 2147 2157 8934 8934 2153 2163 8935 8935 2144 2154 8936 8936 2147 2157 8937 8937 2149 2159 8938 8938 2153 2163 8939 8939 2154 2164 8940 8940 2153 2163 8941 8941 2149 2159 8942 8942 2151 2161 8943 8943 2155 2165 8944 8944 2150 2160 8945 8945 2156 2166 8946 8946 2150 2160 8947 8947 2155 2165 8948 8948 2153 2163 8949 8949 2157 2167 8950 8950 2152 2162 8951 8951 2153 2163 8952 8952 2154 2164 8953 8953 2157 2167 8954 8954 2158 2168 8955 8955 2152 2162 8956 8956 2157 2167 8957 8957 2152 2162 8958 8958 2158 2168 8959 8959 2151 2161 8960 8960 2155 2165 8961 8961 2151 2161 8962 8962 2158 2168 8963 8963 2159 2169 8964 8964 2157 2167 8965 8965 2154 2164 8966 8966 2150 2160 8967 8967 2156 2166 8968 8968 2160 2170 8969 8969 2160 2170 8970 8970 2161 2171 8971 8971 2150 2160 8972 8972 2142 2150 8973 8973 2150 2160 8974 8974 2161 2171 8975 8975 2161 2171 8976 8976 2162 2172 8977 8977 2142 2150 8978 8978 2141 2151 8979 8979 2142 2150 8980 8980 2162 2172 8981 8981 2163 2173 8982 8982 2160 2170 8983 8983 2156 2166 8984 8984 2155 2165 8985 8985 2164 2174 8986 8986 2156 2166 8987 8987 2165 2175 8988 8988 2156 2166 8989 8989 2164 2174 8990 8990 2158 2168 8991 8991 2166 2176 8992 8992 2155 2165 8993 8993 2164 2174 8994 8994 2155 2165 8995 8995 2166 2176 8996 8996 2158 2168 8997 8997 2157 2167 8998 8998 2166 2176 8999 8999 2167 2177 9000 9000 2166 2176 9001 9001 2157 2167 9002 9002 2157 2167 9003 9003 2159 2169 9004 9004 2167 2177 9005 9005 2168 2178 9006 9006 2167 2177 9007 9007 2159 2169 9008 9008 2170 2179 9009 9009 2169 2180 9010 9010 2141 2151 9011 9011 2143 2153 9012 9012 2141 2151 9013 9013 2169 2180 9014 9014 2143 2153 9015 9015 2169 2180 9016 9016 2145 2155 9017 9017 2171 2181 9018 9018 2145 2155 9019 9019 2169 2180 9020 9020 2145 2155 9021 9021 2171 2181 9022 9022 2146 2156 9023 9023 2172 2182 9024 9024 2146 2156 9025 9025 2171 2181 9026 9026 2146 2156 9027 9027 2172 2182 9028 9028 2148 2158 9029 9029 2173 2183 9030 9030 2148 2158 9031 9031 2172 2182 9032 9032 2175 2184 9033 9033 2174 2185 9034 9034 2148 2158 9035 9035 2149 2159 9036 9036 2148 2158 9037 9037 2174 2185 9038 9038 2149 2159 9039 9039 2174 2185 9040 9040 2154 2164 9041 9041 2176 2186 9042 9042 2154 2164 9043 9043 2174 2185 9044 9044 2154 2164 9045 9045 2176 2186 9046 9046 2159 2169 9047 9047 2177 2187 9048 9048 2159 2169 9049 9049 2176 2186 9050 9050 2076 2086 9051 9051 2178 2188 9052 9052 2084 2094 9053 9053 2087 2097 9054 9054 2084 2094 9055 9055 2178 2188 9056 9056 2178 2188 9057 9057 2098 2108 9058 9058 2087 2097 9059 9059 2178 2188 9060 9060 2076 2086 9061 9061 2073 2083 9062 9062 2178 2188 9063 9063 2073 2083 9064 9064 2098 2108 9065 9065 2179 2189 9066 9066 2098 2108 9067 9067 2073 2083 9068 9068 2098 2108 9069 9069 2179 2189 9070 9070 2099 2109 9071 9071 2101 2111 9072 9072 2099 2109 9073 9073 2179 2189 9074 9074 2179 2189 9075 9075 2071 2081 9076 9076 2101 2111 9077 9077 2180 2190 9078 9078 2101 2111 9079 9079 2071 2081 9080 9080 2101 2111 9081 9081 2180 2190 9082 9082 2102 2112 9083 9083 2181 2191 9084 9084 2102 2112 9085 9085 2180 2190 9086 9086 2102 2112 9087 9087 2181 2191 9088 9088 2105 2115 9089 9089 2182 2192 9090 9090 2105 2115 9091 9091 2181 2191 9092 9092 2105 2115 9093 9093 2182 2192 9094 9094 2106 2116 9095 9095 2183 2193 9096 9096 2106 2116 9097 9097 2182 2192 9098 9098 2071 2081 9099 9099 2179 2189 9100 9100 2068 2078 9101 9101 2073 2083 9102 9102 2068 2078 9103 9103 2179 2189 9104 9104 2186 2194 9105 9105 2185 2195 9106 9106 2184 2196 9107 9107 2187 2197 9108 9108 2184 2196 9109 9109 2185 2195 9110 9110 2185 2195 9111 9111 2188 2198 9112 9112 2187 2197 9113 9113 2189 2199 9114 9114 2187 2197 9115 9115 2188 2198 9116 9116 2184 2196 9117 9117 2112 2122 9118 9118 2186 2194 9119 9119 2112 2122 9120 9120 2184 2196 9121 9121 2110 2120 9122 9122 2190 2200 9123 9123 2110 2120 9124 9124 2184 2196 9125 9125 2184 2196 9126 9126 2187 2197 9127 9127 2190 2200 9128 9128 2110 2120 9129 9129 2190 2200 9130 9130 2111 2121 9131 9131 2124 2134 9132 9132 2111 2121 9133 9133 2190 2200 9134 9134 2113 2123 9135 9135 2186 2194 9136 9136 2112 2122 9137 9137 2190 2200 9138 9138 2191 2201 9139 9139 2124 2134 9140 9140 2191 2201 9141 9141 2190 2200 9142 9142 2187 2197 9143 9143 2187 2197 9144 9144 2189 2199 9145 9145 2191 2201 9146 9146 2192 2202 9147 9147 2124 2134 9148 9148 2191 2201 9149 9149 2124 2134 9150 9150 2192 2202 9151 9151 2115 2125 9152 9152 2193 2203 9153 9153 2115 2125 9154 9154 2192 2202 9155 9155 2193 2203 9156 9156 2121 2131 9157 9157 2115 2125 9158 9158 2188 2198 9159 9159 2194 2204 9160 9160 2189 2199 9161 9161 2195 2205 9162 9162 2189 2199 9163 9163 2194 2204 9164 9164 2194 2204 9165 9165 2196 2206 9166 9166 2195 2205 9167 9167 2197 2207 9168 9168 2195 2205 9169 9169 2196 2206 9170 9170 2196 2206 9171 9171 2198 2208 9172 9172 2197 2207 9173 9173 2199 2209 9174 9174 2197 2207 9175 9175 2198 2208 9176 9176 2199 2209 9177 9177 2198 2208 9178 9178 2200 2210 9179 9179 2201 2211 9180 9180 2200 2210 9181 9181 2198 2208 9182 9182 2200 2210 9183 9183 2202 2212 9184 9184 2199 2209 9185 9185 2203 2213 9186 9186 2199 2209 9187 9187 2202 2212 9188 9188 2203 2213 9189 9189 2202 2212 9190 9190 2204 2214 9191 9191 2195 2205 9192 9192 2197 2207 9193 9193 2205 2215 9194 9194 2206 2216 9195 9195 2205 2215 9196 9196 2197 2207 9197 9197 2204 2214 9198 9198 2206 2216 9199 9199 2203 2213 9200 9200 2203 2213 9201 9201 2206 2216 9202 9202 2199 2209 9203 9203 2197 2207 9204 9204 2199 2209 9205 9205 2206 2216 9206 9206 2205 2215 9207 9207 2206 2216 9208 9208 2204 2214 9209 9209 2202 2212 9210 9210 2200 2210 9211 9211 2207 2217 9212 9212 2123 2133 9213 9213 2207 2217 9214 9214 2200 2210 9215 9215 2200 2210 9216 9216 2201 2211 9217 9217 2123 2133 9218 9218 2207 2217 9219 9219 2208 2218 9220 9220 2202 2212 9221 9221 2204 2214 9222 9222 2202 2212 9223 9223 2208 2218 9224 9224 2204 2214 9225 9225 2208 2218 9226 9226 2205 2215 9227 9227 2205 2215 9228 9228 2209 2219 9229 9229 2195 2205 9230 9230 2209 2219 9231 9231 2205 2215 9232 9232 2208 2218 9233 9233 2189 2199 9234 9234 2195 2205 9235 9235 2209 2219 9236 9236 2122 2132 9237 9237 2123 2133 9238 9238 2201 2211 9239 9239 2207 2217 9240 9240 2123 2133 9241 9241 2193 2203 9242 9242 2121 2131 9243 9243 2193 2203 9244 9244 2123 2133 9245 9245 2208 2218 9246 9246 2207 2217 9247 9247 2192 2202 9248 9248 2193 2203 9249 9249 2192 2202 9250 9250 2207 2217 9251 9251 2209 2219 9252 9252 2191 2201 9253 9253 2189 2199 9254 9254 2192 2202 9255 9255 2191 2201 9256 9256 2208 2218 9257 9257 2209 2219 9258 9258 2208 2218 9259 9259 2191 2201 9260 9260 2212 2220 9261 9261 2211 2221 9262 9262 2210 2222 9263 9263 2213 2223 9264 9264 2210 2222 9265 9265 2211 2221 9266 9266 2214 2224 9267 9267 2210 2222 9268 9268 2213 2223 9269 9269 2211 2221 9270 9270 2212 2220 9271 9271 2215 2225 9272 9272 2216 2226 9273 9273 2215 2225 9274 9274 2212 2220 9275 9275 2216 2226 9276 9276 2217 2227 9277 9277 2215 2225 9278 9278 2218 2228 9279 9279 2215 2225 9280 9280 2217 2227 9281 9281 2217 2227 9282 9282 2219 2229 9283 9283 2218 2228 9284 9284 2220 2230 9285 9285 2218 2228 9286 9286 2219 2229 9287 9287 2219 2229 9288 9288 2221 2231 9289 9289 2220 2230 9290 9290 2222 2232 9291 9291 2220 2230 9292 9292 2221 2231 9293 9293 2221 2231 9294 9294 2223 2233 9295 9295 2222 2232 9296 9296 2224 2234 9297 9297 2222 2232 9298 9298 2223 2233 9299 9299 2226 2235 9300 9300 2075 2085 9301 9301 2225 2236 9302 9302 2078 2088 9303 9303 2225 2236 9304 9304 2075 2085 9305 9305 2226 2235 9306 9306 2069 2079 9307 9307 2075 2085 9308 9308 2225 2236 9309 9309 2072 2082 9310 9310 2226 2235 9311 9311 2062 2072 9312 9312 2226 2235 9313 9313 2072 2082 9314 9314 2062 2072 9315 9315 2064 2074 9316 9316 2226 2235 9317 9317 2069 2079 9318 9318 2226 2235 9319 9319 2064 2074 9320 9320 2113 2123 9321 9321 2227 2237 9322 9322 2186 2194 9323 9323 2230 2238 9324 9324 2229 2239 9325 9325 2228 2240 9326 9326 2231 2241 9327 9327 2228 2240 9328 9328 2229 2239 9329 9329 2231 2241 9330 9330 2229 2239 9331 9331 2232 2242 9332 9332 2233 2243 9333 9333 2232 2242 9334 9334 2229 2239 9335 9335 2232 2242 9336 9336 2233 2243 9337 9337 2234 2244 9338 9338 2235 2245 9339 9339 2234 2244 9340 9340 2233 2243 9341 9341 2236 2246 9342 9342 2230 2238 9343 9343 2228 2240 9344 9344 2230 2238 9345 9345 2237 2247 9346 9346 2229 2239 9347 9347 2238 2248 9348 9348 2229 2239 9349 9349 2237 2247 9350 9350 2229 2239 9351 9351 2238 2248 9352 9352 2233 2243 9353 9353 2239 2249 9354 9354 2233 2243 9355 9355 2238 2248 9356 9356 2235 2245 9357 9357 2233 2243 9358 9358 2240 2250 9359 9359 2239 2249 9360 9360 2240 2250 9361 9361 2233 2243 9362 9362 2236 2246 9363 9363 2241 2251 9364 9364 2230 2238 9365 9365 2237 2247 9366 9366 2230 2238 9367 9367 2241 2251 9368 9368 2236 2246 9369 9369 2242 2252 9370 9370 2241 2251 9371 9371 2243 2253 9372 9372 2241 2251 9373 9373 2242 2252 9374 9374 2242 2252 9375 9375 2244 2254 9376 9376 2243 2253 9377 9377 2245 2255 9378 9378 2244 2254 9379 9379 2242 2252 9380 9380 2246 2256 9381 9381 2243 2253 9382 9382 2244 2254 9383 9383 2237 2247 9384 9384 2247 2257 9385 9385 2238 2248 9386 9386 2248 2258 9387 9387 2238 2248 9388 9388 2247 2257 9389 9389 2248 2258 9390 9390 2249 2259 9391 9391 2238 2248 9392 9392 2239 2249 9393 9393 2238 2248 9394 9394 2249 2259 9395 9395 2249 2259 9396 9396 2250 2260 9397 9397 2239 2249 9398 9398 2240 2250 9399 9399 2239 2249 9400 9400 2250 2260 9401 9401 2243 2253 9402 9402 2246 2256 9403 9403 2251 2261 9404 9404 2243 2253 9405 9405 2251 2261 9406 9406 2241 2251 9407 9407 2252 2262 9408 9408 2251 2261 9409 9409 2246 2256 9410 9410 2253 2263 9411 9411 2241 2251 9412 9412 2251 2261 9413 9413 2241 2251 9414 9414 2253 2263 9415 9415 2237 2247 9416 9416 2247 2257 9417 9417 2237 2247 9418 9418 2253 2263 9419 9419 2248 2258 9420 9420 2247 2257 9421 9421 2254 2264 9422 9422 2248 2258 9423 9423 2254 2264 9424 9424 2249 2259 9425 9425 2255 2265 9426 9426 2254 2264 9427 9427 2247 2257 9428 9428 2247 2257 9429 9429 2253 2263 9430 9430 2255 2265 9431 9431 2254 2264 9432 9432 2255 2265 9433 9433 2256 2266 9434 9434 2257 2267 9435 9435 2256 2266 9436 9436 2255 2265 9437 9437 2254 2264 9438 9438 2256 2266 9439 9439 2258 2268 9440 9440 2258 2268 9441 9441 2249 2259 9442 9442 2254 2264 9443 9443 2249 2259 9444 9444 2258 2268 9445 9445 2250 2260 9446 9446 2259 2269 9447 9447 2258 2268 9448 9448 2256 2266 9449 9449 2258 2268 9450 9450 2259 2269 9451 9451 2260 2270 9452 9452 2260 2270 9453 9453 2250 2260 9454 9454 2258 2268 9455 9455 2261 2271 9456 9456 2260 2270 9457 9457 2259 2269 9458 9458 2255 2265 9459 9459 2262 2272 9460 9460 2257 2267 9461 9461 2253 2263 9462 9462 2251 2261 9463 9463 2262 2272 9464 9464 2262 2272 9465 9465 2255 2265 9466 9466 2253 2263 9467 9467 2263 2273 9468 9468 2257 2267 9469 9469 2262 2272 9470 9470 2262 2272 9471 9471 2264 2274 9472 9472 2263 2273 9473 9473 2264 2274 9474 9474 2262 2272 9475 9475 2251 2261 9476 9476 2265 2275 9477 9477 2263 2273 9478 9478 2264 2274 9479 9479 2265 2275 9480 9480 2264 2274 9481 9481 2266 2276 9482 9482 2267 2277 9483 9483 2266 2276 9484 9484 2264 2274 9485 9485 2264 2274 9486 9486 2251 2261 9487 9487 2267 2277 9488 9488 2252 2262 9489 9489 2267 2277 9490 9490 2251 2261 9491 9491 2256 2266 9492 9492 2257 2267 9493 9493 2268 2278 9494 9494 2256 2266 9495 9495 2268 2278 9496 9496 2259 2269 9497 9497 2269 2279 9498 9498 2259 2269 9499 9499 2268 2278 9500 9500 2259 2269 9501 9501 2269 2279 9502 9502 2261 2271 9503 9503 2269 2279 9504 9504 2268 2278 9505 9505 2270 2280 9506 9506 2270 2280 9507 9507 2261 2271 9508 9508 2269 2279 9509 9509 2271 2281 9510 9510 2270 2280 9511 9511 2268 2278 9512 9512 2265 2275 9513 9513 2266 2276 9514 9514 2272 2282 9515 9515 2273 2283 9516 9516 2272 2282 9517 9517 2266 2276 9518 9518 2273 2283 9519 9519 2274 2284 9520 9520 2272 2282 9521 9521 2275 2285 9522 9522 2272 2282 9523 9523 2274 2284 9524 9524 2272 2282 9525 9525 2275 2285 9526 9526 2265 2275 9527 9527 2263 2273 9528 9528 2265 2275 9529 9529 2275 2285 9530 9530 2263 2273 9531 9531 2275 2285 9532 9532 2257 2267 9533 9533 2276 2286 9534 9534 2257 2267 9535 9535 2275 2285 9536 9536 2278 2287 9537 9537 2268 2288 9538 9538 2277 2289 9539 9539 2281 2290 9540 9540 2280 2291 9541 9541 2279 2292 9542 9542 2282 2293 9543 9543 2279 2292 9544 9544 2280 2291 9545 9545 2279 2292 9546 9546 2282 2293 9547 9547 2283 2294 9548 9548 2284 2295 9549 9549 2283 2294 9550 9550 2282 2293 9551 9551 2283 2294 9552 9552 2284 2295 9553 9553 2285 2296 9554 9554 2286 2297 9555 9555 2285 2296 9556 9556 2284 2295 9557 9557 2285 2296 9558 9558 2286 2297 9559 9559 2287 2298 9560 9560 2282 2293 9561 9561 2280 2291 9562 9562 2288 2299 9563 9563 2282 2293 9564 9564 2288 2299 9565 9565 2284 2295 9566 9566 2289 2300 9567 9567 2288 2299 9568 9568 2280 2291 9569 9569 2290 2301 9570 9570 2284 2295 9571 9571 2288 2299 9572 9572 2284 2295 9573 9573 2290 2301 9574 9574 2286 2297 9575 9575 2291 2302 9576 9576 2286 2297 9577 9577 2290 2301 9578 9578 2287 2298 9579 9579 2286 2297 9580 9580 2292 2303 9581 9581 2291 2302 9582 9582 2292 2303 9583 9583 2286 2297 9584 9584 2292 2303 9585 9585 2293 2304 9586 9586 2287 2298 9587 9587 2294 2305 9588 9588 2287 2298 9589 9589 2293 2304 9590 9590 2294 2305 9591 9591 2293 2304 9592 9592 2295 2306 9593 9593 2294 2305 9594 9594 2295 2306 9595 9595 2296 2307 9596 9596 2297 2308 9597 9597 2295 2306 9598 9598 2293 2304 9599 9599 2289 2300 9600 9600 2298 2309 9601 9601 2288 2299 9602 9602 2299 2310 9603 9603 2288 2299 9604 9604 2298 2309 9605 9605 2288 2299 9606 9606 2299 2310 9607 9607 2290 2301 9608 9608 2300 2311 9609 9609 2290 2301 9610 9610 2299 2310 9611 9611 2300 2311 9612 9612 2301 2312 9613 9613 2290 2301 9614 9614 2291 2302 9615 9615 2290 2301 9616 9616 2301 2312 9617 9617 2301 2312 9618 9618 2302 2313 9619 9619 2291 2302 9620 9620 2292 2303 9621 9621 2291 2302 9622 9622 2302 2313 9623 9623 2302 2313 9624 9624 2303 2314 9625 9625 2292 2303 9626 9626 2293 2304 9627 9627 2292 2303 9628 9628 2303 2314 9629 9629 2293 2304 9630 9630 2303 2314 9631 9631 2297 2308 9632 9632 2304 2315 9633 9633 2297 2308 9634 9634 2303 2314 9635 9635 2299 2310 9636 9636 2298 2309 9637 9637 2305 2316 9638 9638 2299 2310 9639 9639 2305 2316 9640 9640 2300 2311 9641 9641 2306 2317 9642 9642 2305 2316 9643 9643 2298 2309 9644 9644 2305 2316 9645 9645 2306 2317 9646 9646 2307 2318 9647 9647 2308 2319 9648 9648 2307 2318 9649 9649 2306 2317 9650 9650 2305 2316 9651 9651 2307 2318 9652 9652 2309 2320 9653 9653 2309 2320 9654 9654 2300 2311 9655 9655 2305 2316 9656 9656 2300 2311 9657 9657 2309 2320 9658 9658 2301 2312 9659 9659 2310 2321 9660 9660 2309 2320 9661 9661 2307 2318 9662 9662 2309 2320 9663 9663 2310 2321 9664 9664 2311 2322 9665 9665 2311 2322 9666 9666 2301 2312 9667 9667 2309 2320 9668 9668 2301 2312 9669 9669 2311 2322 9670 9670 2302 2313 9671 9671 2312 2323 9672 9672 2311 2322 9673 9673 2310 2321 9674 9674 2312 2323 9675 9675 2313 2324 9676 9676 2311 2322 9677 9677 2314 2325 9678 9678 2311 2322 9679 9679 2313 2324 9680 9680 2314 2325 9681 9681 2302 2313 9682 9682 2311 2322 9683 9683 2313 2324 9684 9684 2315 2326 9685 9685 2314 2325 9686 9686 2316 2327 9687 9687 2314 2325 9688 9688 2315 2326 9689 9689 2314 2325 9690 9690 2316 2327 9691 9691 2302 2313 9692 9692 2303 2314 9693 9693 2302 2313 9694 9694 2316 2327 9695 9695 2316 2327 9696 9696 2315 2326 9697 9697 2317 2328 9698 9698 2316 2327 9699 9699 2317 2328 9700 9700 2303 2314 9701 9701 2304 2315 9702 9702 2303 2314 9703 9703 2317 2328 9704 9704 2318 2329 9705 9705 2317 2328 9706 9706 2315 2326 9707 9707 2307 2318 9708 9708 2308 2319 9709 9709 2319 2330 9710 9710 2307 2318 9711 9711 2319 2330 9712 9712 2310 2321 9713 9713 2320 2331 9714 9714 2319 2330 9715 9715 2308 2319 9716 9716 2320 2331 9717 9717 2321 2332 9718 9718 2319 2330 9719 9719 2322 2333 9720 9720 2319 2330 9721 9721 2321 2332 9722 9722 2322 2333 9723 9723 2310 2321 9724 9724 2319 2330 9725 9725 2312 2323 9726 9726 2310 2321 9727 9727 2323 2334 9728 9728 2322 2333 9729 9729 2323 2334 9730 9730 2310 2321 9731 9731 2313 2324 9732 9732 2312 2323 9733 9733 2324 2335 9734 9734 2325 2336 9735 9735 2324 2335 9736 9736 2312 2323 9737 9737 2324 2335 9738 9738 2326 2337 9739 9739 2313 2324 9740 9740 2315 2326 9741 9741 2313 2324 9742 9742 2326 2337 9743 9743 2315 2326 9744 9744 2326 2337 9745 9745 2318 2329 9746 9746 2326 2337 9747 9747 2324 2335 9748 9748 2327 2338 9749 9749 2327 2338 9750 9750 2318 2329 9751 9751 2326 2337 9752 9752 2328 2339 9753 9753 2327 2338 9754 9754 2324 2335 9755 9755 2331 2340 9756 9756 2330 2341 9757 9757 2329 2342 9758 9758 2332 2343 9759 9759 2329 2342 9760 9760 2330 2341 9761 9761 2332 2343 9762 9762 2330 2341 9763 9763 2333 2344 9764 9764 2334 2345 9765 9765 2333 2344 9766 9766 2330 2341 9767 9767 2333 2344 9768 9768 2334 2345 9769 9769 2335 2346 9770 9770 2331 2340 9771 9771 2336 2347 9772 9772 2330 2341 9773 9773 2337 2348 9774 9774 2330 2341 9775 9775 2336 2347 9776 9776 2330 2341 9777 9777 2337 2348 9778 9778 2334 2345 9779 9779 2338 2349 9780 9780 2334 2345 9781 9781 2337 2348 9782 9782 2335 2346 9783 9783 2334 2345 9784 9784 2339 2350 9785 9785 2338 2349 9786 9786 2339 2350 9787 9787 2334 2345 9788 9788 2339 2350 9789 9789 2340 2351 9790 9790 2335 2346 9791 9791 2341 2352 9792 9792 2335 2346 9793 9793 2340 2351 9794 9794 2341 2352 9795 9795 2340 2351 9796 9796 2342 2353 9797 9797 2343 2354 9798 9798 2342 2353 9799 9799 2340 2351 9800 9800 2342 2353 9801 9801 2343 2354 9802 9802 2344 2355 9803 9803 2342 2353 9804 9804 2344 2355 9805 9805 2345 2356 9806 9806 2346 2357 9807 9807 2344 2355 9808 9808 2343 2354 9809 9809 2336 2347 9810 9810 2347 2358 9811 9811 2337 2348 9812 9812 2348 2359 9813 9813 2337 2348 9814 9814 2347 2358 9815 9815 2337 2348 9816 9816 2348 2359 9817 9817 2338 2349 9818 9818 2349 2360 9819 9819 2338 2349 9820 9820 2348 2359 9821 9821 2349 2360 9822 9822 2350 2361 9823 9823 2338 2349 9824 9824 2339 2350 9825 9825 2338 2349 9826 9826 2350 2361 9827 9827 2350 2361 9828 9828 2351 2362 9829 9829 2339 2350 9830 9830 2340 2351 9831 9831 2339 2350 9832 9832 2351 2362 9833 9833 2340 2351 9834 9834 2351 2362 9835 9835 2343 2354 9836 9836 2352 2363 9837 9837 2343 2354 9838 9838 2351 2362 9839 9839 2343 2354 9840 9840 2352 2363 9841 9841 2346 2357 9842 9842 2353 2364 9843 9843 2346 2357 9844 9844 2352 2363 9845 9845 2348 2359 9846 9846 2347 2358 9847 9847 2354 2365 9848 9848 2348 2359 9849 9849 2354 2365 9850 9850 2349 2360 9851 9851 2355 2366 9852 9852 2354 2365 9853 9853 2347 2358 9854 9854 2354 2365 9855 9855 2355 2366 9856 9856 2356 2367 9857 9857 2357 2368 9858 9858 2356 2367 9859 9859 2355 2366 9860 9860 2354 2365 9861 9861 2356 2367 9862 9862 2358 2369 9863 9863 2358 2369 9864 9864 2349 2360 9865 9865 2354 2365 9866 9866 2349 2360 9867 9867 2358 2369 9868 9868 2350 2361 9869 9869 2359 2370 9870 9870 2358 2369 9871 9871 2356 2367 9872 9872 2358 2369 9873 9873 2359 2370 9874 9874 2360 2371 9875 9875 2360 2371 9876 9876 2350 2361 9877 9877 2358 2369 9878 9878 2350 2361 9879 9879 2360 2371 9880 9880 2351 2362 9881 9881 2361 2372 9882 9882 2360 2371 9883 9883 2359 2370 9884 9884 2360 2371 9885 9885 2361 2372 9886 9886 2362 2373 9887 9887 2362 2373 9888 9888 2351 2362 9889 9889 2360 2371 9890 9890 2363 2374 9891 9891 2362 2373 9892 9892 2361 2372 9893 9893 2363 2374 9894 9894 2364 2375 9895 9895 2362 2373 9896 9896 2365 2376 9897 9897 2362 2373 9898 9898 2364 2375 9899 9899 2362 2373 9900 9900 2365 2376 9901 9901 2351 2362 9902 9902 2352 2363 9903 9903 2351 2362 9904 9904 2365 2376 9905 9905 2364 2375 9906 9906 2366 2377 9907 9907 2365 2376 9908 9908 2367 2378 9909 9909 2365 2376 9910 9910 2366 2377 9911 9911 2365 2376 9912 9912 2367 2378 9913 9913 2352 2363 9914 9914 2353 2364 9915 9915 2352 2363 9916 9916 2367 2378 9917 9917 2356 2367 9918 9918 2357 2368 9919 9919 2368 2379 9920 9920 2369 2380 9921 9921 2368 2379 9922 9922 2357 2368 9923 9923 2369 2380 9924 9924 2370 2381 9925 9925 2368 2379 9926 9926 2371 2382 9927 9927 2368 2379 9928 9928 2370 2381 9929 9929 2368 2379 9930 9930 2371 2382 9931 9931 2356 2367 9932 9932 2359 2370 9933 9933 2356 2367 9934 9934 2371 2382 9935 9935 2361 2372 9936 9936 2359 2370 9937 9937 2372 2383 9938 9938 2371 2382 9939 9939 2372 2383 9940 9940 2359 2370 9941 9941 2363 2374 9942 9942 2361 2372 9943 9943 2373 2384 9944 9944 2363 2374 9945 9945 2373 2384 9946 9946 2364 2375 9947 9947 2374 2385 9948 9948 2373 2384 9949 9949 2361 2372 9950 9950 2375 2386 9951 9951 2364 2375 9952 9952 2373 2384 9953 9953 2364 2375 9954 9954 2375 2386 9955 9955 2366 2377 9956 9956 2375 2386 9957 9957 2373 2384 9958 9958 2376 2387 9959 9959 2376 2387 9960 9960 2366 2377 9961 9961 2375 2386 9962 9962 2377 2388 9963 9963 2376 2387 9964 9964 2373 2384 9965 9965 2380 2389 9966 9966 2379 2390 9967 9967 2378 2391 9968 9968 2381 2392 9969 9969 2378 2391 9970 9970 2379 2390 9971 9971 2378 2391 9972 9972 2382 2393 9973 9973 2380 2389 9974 9974 2382 2393 9975 9975 2383 2394 9976 9976 2380 2389 9977 9977 2383 2394 9978 9978 2382 2393 9979 9979 2384 2395 9980 9980 2384 2395 9981 9981 2385 2396 9982 9982 2383 2394 9983 9983 2386 2397 9984 9984 2383 2394 9985 9985 2385 2396 9986 9986 2385 2396 9987 9987 2387 2398 9988 9988 2386 2397 9989 9989 2388 2399 9990 9990 2386 2397 9991 9991 2387 2398 9992 9992 2388 2399 9993 9993 2387 2398 9994 9994 2389 2400 9995 9995 2390 2401 9996 9996 2389 2400 9997 9997 2387 2398 9998 9998 2391 2402 9999 9999 2384 2395 10000 10000 2382 2393 10001 10001 2382 2393 10002 10002 2392 2403 10003 10003 2391 2402 10004 10004 2382 2393 10005 10005 2378 2391 10006 10006 2392 2403 10007 10007 2393 2404 10008 10008 2391 2402 10009 10009 2392 2403 10010 10010 2393 2404 10011 10011 2392 2403 10012 10012 2394 2405 10013 10013 2395 2406 10014 10014 2394 2405 10015 10015 2392 2403 10016 10016 2389 2400 10017 10017 2390 2401 10018 10018 2396 2407 10019 10019 2397 2408 10020 10020 2396 2407 10021 10021 2390 2401 10022 10022 2396 2407 10023 10023 2397 2408 10024 10024 2398 2409 10025 10025 2399 2410 10026 10026 2398 2409 10027 10027 2397 2408 10028 10028 2398 2409 10029 10029 2399 2410 10030 10030 2400 2411 10031 10031 2401 2412 10032 10032 2400 2411 10033 10033 2399 2410 10034 10034 2399 2410 10035 10035 2402 2413 10036 10036 2401 2412 10037 10037 2403 2414 10038 10038 2401 2412 10039 10039 2402 2413 10040 10040 2397 2408 10041 10041 2404 2415 10042 10042 2399 2410 10043 10043 2402 2413 10044 10044 2399 2410 10045 10045 2404 2415 10046 10046 2402 2413 10047 10047 2404 2415 10048 10048 2405 2416 10049 10049 2405 2416 10050 10050 2406 2417 10051 10051 2402 2413 10052 10052 2406 2417 10053 10053 2403 2414 10054 10054 2402 2413 10055 10055 2406 2417 10056 10056 2407 2418 10057 10057 2403 2414 10058 10058 2408 2419 10059 10059 2403 2414 10060 10060 2407 2418 10061 10061 2409 2420 10062 10062 2405 2416 10063 10063 2404 2415 10064 10064 2409 2420 10065 10065 2404 2415 10066 10066 2410 2421 10067 10067 2411 2422 10068 10068 2410 2421 10069 10069 2404 2415 10070 10070 2404 2415 10071 10071 2397 2408 10072 10072 2411 2422 10073 10073 2390 2401 10074 10074 2411 2422 10075 10075 2397 2408 10076 10076 2411 2422 10077 10077 2390 2401 10078 10078 2412 2423 10079 10079 2413 2424 10080 10080 2411 2422 10081 10081 2412 2423 10082 10082 2413 2424 10083 10083 2410 2421 10084 10084 2411 2422 10085 10085 2412 2423 10086 10086 2414 2425 10087 10087 2413 2424 10088 10088 2415 2426 10089 10089 2413 2424 10090 10090 2414 2425 10091 10091 2413 2424 10092 10092 2415 2426 10093 10093 2410 2421 10094 10094 2415 2426 10095 10095 2414 2425 10096 10096 2416 2427 10097 10097 2417 2428 10098 10098 2416 2427 10099 10099 2414 2425 10100 10100 2417 2428 10101 10101 2418 2429 10102 10102 2416 2427 10103 10103 2419 2430 10104 10104 2416 2427 10105 10105 2418 2429 10106 10106 2420 2431 10107 10107 2410 2421 10108 10108 2415 2426 10109 10109 2415 2426 10110 10110 2416 2427 10111 10111 2420 2431 10112 10112 2421 2432 10113 10113 2420 2431 10114 10114 2416 2427 10115 10115 2419 2430 10116 10116 2421 2432 10117 10117 2416 2427 10118 10118 2419 2430 10119 10119 2422 2433 10120 10120 2421 2432 10121 10121 2423 2434 10122 10122 2421 2432 10123 10123 2422 2433 10124 10124 2387 2398 10125 10125 2412 2423 10126 10126 2390 2401 10127 10127 2412 2423 10128 10128 2387 2398 10129 10129 2414 2425 10130 10130 2385 2396 10131 10131 2414 2425 10132 10132 2387 2398 10133 10133 2414 2425 10134 10134 2385 2396 10135 10135 2417 2428 10136 10136 2384 2395 10137 10137 2417 2428 10138 10138 2385 2396 10139 10139 2418 2429 10140 10140 2417 2428 10141 10141 2391 2402 10142 10142 2384 2395 10143 10143 2391 2402 10144 10144 2417 2428 10145 10145 2391 2402 10146 10146 2393 2404 10147 10147 2418 2429 10148 10148 2424 2435 10149 10149 2418 2429 10150 10150 2393 2404 10151 10151 2418 2429 10152 10152 2424 2435 10153 10153 2419 2430 10154 10154 2422 2433 10155 10155 2419 2430 10156 10156 2424 2435 10157 10157 2393 2404 10158 10158 2425 2436 10159 10159 2424 2435 10160 10160 2393 2404 10161 10161 2394 2405 10162 10162 2425 2436 10163 10163 2426 2437 10164 10164 2425 2436 10165 10165 2394 2405 10166 10166 2426 2437 10167 10167 2427 2438 10168 10168 2425 2436 10169 10169 2427 2438 10170 10170 2426 2437 10171 10171 2428 2439 10172 10172 2429 2440 10173 10173 2428 2439 10174 10174 2426 2437 10175 10175 2430 2441 10176 10176 2425 2436 10177 10177 2427 2438 10178 10178 2430 2441 10179 10179 2424 2435 10180 10180 2425 2436 10181 10181 2424 2435 10182 10182 2430 2441 10183 10183 2422 2433 10184 10184 2427 2438 10185 10185 2431 2442 10186 10186 2430 2441 10187 10187 2428 2439 10188 10188 2431 2442 10189 10189 2427 2438 10190 10190 2432 2443 10191 10191 2430 2441 10192 10192 2431 2442 10193 10193 2423 2434 10194 10194 2432 2443 10195 10195 2433 2444 10196 10196 2434 2445 10197 10197 2433 2444 10198 10198 2432 2443 10199 10199 2428 2439 10200 10200 2435 2446 10201 10201 2431 2442 10202 10202 2436 2447 10203 10203 2431 2442 10204 10204 2435 2446 10205 10205 2431 2442 10206 10206 2436 2447 10207 10207 2432 2443 10208 10208 2434 2445 10209 10209 2432 2443 10210 10210 2436 2447 10211 10211 2434 2445 10212 10212 2436 2447 10213 10213 2437 2448 10214 10214 2438 2449 10215 10215 2437 2448 10216 10216 2436 2447 10217 10217 2436 2447 10218 10218 2435 2446 10219 10219 2438 2449 10220 10220 2439 2450 10221 10221 2438 2449 10222 10222 2435 2446 10223 10223 2437 2448 10224 10224 2440 2451 10225 10225 2434 2445 10226 10226 2433 2444 10227 10227 2434 2445 10228 10228 2440 2451 10229 10229 2429 2440 10230 10230 2426 2437 10231 10231 2441 2452 10232 10232 2394 2405 10233 10233 2441 2452 10234 10234 2426 2437 10235 10235 2441 2452 10236 10236 2394 2405 10237 10237 2442 2453 10238 10238 2442 2453 10239 10239 2443 2454 10240 10240 2441 2452 10241 10241 2443 2454 10242 10242 2442 2453 10243 10243 2444 2455 10244 10244 2445 2456 10245 10245 2444 2455 10246 10246 2442 2453 10247 10247 2445 2456 10248 10248 2442 2453 10249 10249 2446 2457 10250 10250 2395 2406 10251 10251 2446 2457 10252 10252 2442 2453 10253 10253 2395 2406 10254 10254 2442 2453 10255 10255 2394 2405 10256 10256 2447 2458 10257 10257 2446 2457 10258 10258 2395 2406 10259 10259 2395 2406 10260 10260 2392 2403 10261 10261 2447 2458 10262 10262 2448 2459 10263 10263 2447 2458 10264 10264 2392 2403 10265 10265 2449 2460 10266 10266 2441 2452 10267 10267 2443 2454 10268 10268 2441 2452 10269 10269 2449 2460 10270 10270 2429 2440 10271 10271 2450 2461 10272 10272 2429 2440 10273 10273 2449 2460 10274 10274 2447 2458 10275 10275 2451 2462 10276 10276 2446 2457 10277 10277 2452 2463 10278 10278 2446 2457 10279 10279 2451 2462 10280 10280 2453 2464 10281 10281 2448 2459 10282 10282 2392 2403 10283 10283 2453 2464 10284 10284 2454 2465 10285 10285 2448 2459 10286 10286 2455 2466 10287 10287 2448 2459 10288 10288 2454 2465 10289 10289 2453 2464 10290 10290 2392 2403 10291 10291 2378 2391 10292 10292 2458 2467 10293 10293 2457 2468 10294 10294 2456 2469 10295 10295 2459 2470 10296 10296 2456 2469 10297 10297 2457 2468 10298 10298 2460 2471 10299 10299 2458 2467 10300 10300 2456 2469 10301 10301 2460 2471 10302 10302 2456 2469 10303 10303 2461 2472 10304 10304 2462 2473 10305 10305 2461 2472 10306 10306 2456 2469 10307 10307 2461 2472 10308 10308 2462 2473 10309 10309 2463 2474 10310 10310 2464 2475 10311 10311 2463 2474 10312 10312 2462 2473 10313 10313 2465 2476 10314 10314 2463 2474 10315 10315 2464 2475 10316 10316 2461 2472 10317 10317 2388 2399 10318 10318 2460 2471 10319 10319 2389 2400 10320 10320 2460 2471 10321 10321 2388 2399 10322 10322 2463 2474 10323 10323 2386 2397 10324 10324 2461 2472 10325 10325 2388 2399 10326 10326 2461 2472 10327 10327 2386 2397 10328 10328 2465 2476 10329 10329 2383 2394 10330 10330 2463 2474 10331 10331 2386 2397 10332 10332 2463 2474 10333 10333 2383 2394 10334 10334 2465 2476 10335 10335 2380 2389 10336 10336 2383 2394 10337 10337 2460 2471 10338 10338 2389 2400 10339 10339 2466 2477 10340 10340 2460 2471 10341 10341 2466 2477 10342 10342 2458 2467 10343 10343 2396 2407 10344 10344 2466 2477 10345 10345 2389 2400 10346 10346 2466 2477 10347 10347 2396 2407 10348 10348 2467 2478 10349 10349 2467 2478 10350 10350 2468 2479 10351 10351 2466 2477 10352 10352 2469 2480 10353 10353 2466 2477 10354 10354 2468 2479 10355 10355 2467 2478 10356 10356 2470 2481 10357 10357 2468 2479 10358 10358 2467 2478 10359 10359 2471 2482 10360 10360 2470 2481 10361 10361 2472 2483 10362 10362 2470 2481 10363 10363 2471 2482 10364 10364 2472 2483 10365 10365 2471 2482 10366 10366 2473 2484 10367 10367 2398 2409 10368 10368 2467 2478 10369 10369 2396 2407 10370 10370 2467 2478 10371 10371 2398 2409 10372 10372 2471 2482 10373 10373 2473 2484 10374 10374 2471 2482 10375 10375 2474 2485 10376 10376 2400 2411 10377 10377 2474 2485 10378 10378 2471 2482 10379 10379 2400 2411 10380 10380 2471 2482 10381 10381 2398 2409 10382 10382 2475 2486 10383 10383 2474 2485 10384 10384 2400 2411 10385 10385 2475 2486 10386 10386 2400 2411 10387 10387 2401 2412 10388 10388 2476 2487 10389 10389 2475 2486 10390 10390 2401 2412 10391 10391 2476 2487 10392 10392 2401 2412 10393 10393 2477 2488 10394 10394 2403 2414 10395 10395 2477 2488 10396 10396 2401 2412 10397 10397 2477 2488 10398 10398 2403 2414 10399 10399 2478 2489 10400 10400 2408 2419 10401 10401 2478 2489 10402 10402 2403 2414 10403 10403 2468 2479 10404 10404 2470 2481 10405 10405 2479 2490 10406 10406 2480 2491 10407 10407 2479 2490 10408 10408 2470 2481 10409 10409 2407 2418 10410 10410 2406 2417 10411 10411 2481 2492 10412 10412 2405 2416 10413 10413 2481 2492 10414 10414 2406 2417 10415 10415 2481 2492 10416 10416 2405 2416 10417 10417 2482 2493 10418 10418 2483 2494 10419 10419 2482 2493 10420 10420 2405 2416 10421 10421 2482 2493 10422 10422 2483 2494 10423 10423 2484 2495 10424 10424 2485 2496 10425 10425 2484 2495 10426 10426 2483 2494 10427 10427 2485 2496 10428 10428 2483 2494 10429 10429 2486 2497 10430 10430 2487 2498 10431 10431 2486 2497 10432 10432 2483 2494 10433 10433 2483 2494 10434 10434 2405 2416 10435 10435 2487 2498 10436 10436 2486 2497 10437 10437 2487 2498 10438 10438 2488 2499 10439 10439 2489 2500 10440 10440 2488 2499 10441 10441 2487 2498 10442 10442 2488 2499 10443 10443 2489 2500 10444 10444 2490 2501 10445 10445 2491 2502 10446 10446 2490 2501 10447 10447 2489 2500 10448 10448 2490 2501 10449 10449 2491 2502 10450 10450 2492 2503 10451 10451 2493 2504 10452 10452 2492 2503 10453 10453 2491 2502 10454 10454 2492 2503 10455 10455 2493 2504 10456 10456 2494 2505 10457 10457 2495 2506 10458 10458 2494 2505 10459 10459 2493 2504 10460 10460 2495 2506 10461 10461 2496 2507 10462 10462 2494 2505 10463 10463 2497 2508 10464 10464 2494 2505 10465 10465 2496 2507 10466 10466 2496 2507 10467 10467 2498 2509 10468 10468 2497 2508 10469 10469 2499 2510 10470 10470 2497 2508 10471 10471 2498 2509 10472 10472 2487 2498 10473 10473 2409 2420 10474 10474 2489 2500 10475 10475 2409 2420 10476 10476 2487 2498 10477 10477 2405 2416 10478 10478 2410 2421 10479 10479 2489 2500 10480 10480 2409 2420 10481 10481 2489 2500 10482 10482 2410 2421 10483 10483 2491 2502 10484 10484 2420 2431 10485 10485 2491 2502 10486 10486 2410 2421 10487 10487 2491 2502 10488 10488 2420 2431 10489 10489 2493 2504 10490 10490 2421 2432 10491 10491 2493 2504 10492 10492 2420 2431 10493 10493 2493 2504 10494 10494 2421 2432 10495 10495 2495 2506 10496 10496 2423 2434 10497 10497 2495 2506 10498 10498 2421 2432 10499 10499 2423 2434 10500 10500 2433 2444 10501 10501 2495 2506 10502 10502 2496 2507 10503 10503 2495 2506 10504 10504 2433 2444 10505 10505 2433 2444 10506 10506 2440 2451 10507 10507 2496 2507 10508 10508 2498 2509 10509 10509 2496 2507 10510 10510 2440 2451 10511 10511 2432 2443 10512 10512 2423 2434 10513 10513 2422 2433 10514 10514 2432 2443 10515 10515 2422 2433 10516 10516 2430 2441 10517 10517 2502 2511 10518 10518 2501 2512 10519 10519 2500 2513 10520 10520 2503 2514 10521 10521 2500 2513 10522 10522 2501 2512 10523 10523 2502 2511 10524 10524 2504 2515 10525 10525 2501 2512 10526 10526 2505 2516 10527 10527 2501 2512 10528 10528 2504 2515 10529 10529 2505 2516 10530 10530 2506 2517 10531 10531 2501 2512 10532 10532 2507 2518 10533 10533 2501 2512 10534 10534 2506 2517 10535 10535 2501 2512 10536 10536 2507 2518 10537 10537 2503 2514 10538 10538 2505 2516 10539 10539 2508 2519 10540 10540 2506 2517 10541 10541 2508 2519 10542 10542 2505 2516 10543 10543 2509 2520 10544 10544 2504 2515 10545 10545 2509 2520 10546 10546 2505 2516 10547 10547 2508 2519 10548 10548 2509 2520 10549 10549 2510 2521 10550 10550 2511 2522 10551 10551 2510 2521 10552 10552 2509 2520 10553 10553 2511 2522 10554 10554 2512 2523 10555 10555 2510 2521 10556 10556 2513 2524 10557 10557 2510 2521 10558 10558 2512 2523 10559 10559 2513 2524 10560 10560 2512 2523 10561 10561 2514 2525 10562 10562 2515 2526 10563 10563 2514 2525 10564 10564 2512 2523 10565 10565 2511 2522 10566 10566 2509 2520 10567 10567 2516 2527 10568 10568 2517 2528 10569 10569 2516 2527 10570 10570 2509 2520 10571 10571 2512 2523 10572 10572 2511 2522 10573 10573 2518 2529 10574 10574 2516 2527 10575 10575 2518 2529 10576 10576 2511 2522 10577 10577 2515 2526 10578 10578 2512 2523 10579 10579 2519 2530 10580 10580 2518 2529 10581 10581 2519 2530 10582 10582 2512 2523 10583 10583 2504 2515 10584 10584 2520 2531 10585 10585 2509 2520 10586 10586 2517 2528 10587 10587 2509 2520 10588 10588 2520 2531 10589 10589 2520 2531 10590 10590 2504 2515 10591 10591 2521 2532 10592 10592 2502 2511 10593 10593 2521 2532 10594 10594 2504 2515 10595 10595 2521 2532 10596 10596 2502 2511 10597 10597 2522 2533 10598 10598 2500 2513 10599 10599 2522 2533 10600 10600 2502 2511 10601 10601 2516 2527 10602 10602 2517 2528 10603 10603 2523 2534 10604 10604 2524 2535 10605 10605 2523 2534 10606 10606 2517 2528 10607 10607 2517 2528 10608 10608 2520 2531 10609 10609 2524 2535 10610 10610 2523 2534 10611 10611 2525 2536 10612 10612 2516 2527 10613 10613 2518 2529 10614 10614 2516 2527 10615 10615 2525 2536 10616 10616 2518 2529 10617 10617 2525 2536 10618 10618 2519 2530 10619 10619 2526 2537 10620 10620 2519 2530 10621 10621 2525 2536 10622 10622 2522 2533 10623 10623 2527 2538 10624 10624 2521 2532 10625 10625 2528 2539 10626 10626 2521 2532 10627 10627 2527 2538 10628 10628 2521 2532 10629 10629 2528 2539 10630 10630 2520 2531 10631 10631 2529 2540 10632 10632 2520 2531 10633 10633 2528 2539 10634 10634 2529 2540 10635 10635 2524 2535 10636 10636 2520 2531 10637 10637 2524 2535 10638 10638 2530 2541 10639 10639 2523 2534 10640 10640 2531 2542 10641 10641 2523 2534 10642 10642 2530 2541 10643 10643 2531 2542 10644 10644 2530 2541 10645 10645 2532 2543 10646 10646 2533 2544 10647 10647 2532 2543 10648 10648 2530 2541 10649 10649 2532 2543 10650 10650 2534 2545 10651 10651 2531 2542 10652 10652 2535 2546 10653 10653 2531 2542 10654 10654 2534 2545 10655 10655 2531 2542 10656 10656 2535 2546 10657 10657 2523 2534 10658 10658 2525 2536 10659 10659 2523 2534 10660 10660 2535 2546 10661 10661 2535 2546 10662 10662 2534 2545 10663 10663 2536 2547 10664 10664 2535 2546 10665 10665 2536 2547 10666 10666 2525 2536 10667 10667 2526 2537 10668 10668 2525 2536 10669 10669 2536 2547 10670 10670 2537 2548 10671 10671 2536 2547 10672 10672 2534 2545 10673 10673 2533 2544 10674 10674 2530 2541 10675 10675 2538 2549 10676 10676 2539 2550 10677 10677 2538 2549 10678 10678 2530 2541 10679 10679 2529 2540 10680 10680 2539 2550 10681 10681 2524 2535 10682 10682 2530 2541 10683 10683 2524 2535 10684 10684 2539 2550 10685 10685 2538 2549 10686 10686 2539 2550 10687 10687 2540 2551 10688 10688 2541 2552 10689 10689 2540 2551 10690 10690 2539 2550 10691 10691 2528 2539 10692 10692 2527 2538 10693 10693 2541 2552 10694 10694 2528 2539 10695 10695 2541 2552 10696 10696 2529 2540 10697 10697 2539 2550 10698 10698 2529 2540 10699 10699 2541 2552 10700 10700 2541 2552 10701 10701 2542 2553 10702 10702 2540 2551 10703 10703 2542 2553 10704 10704 2541 2552 10705 10705 2527 2538 10706 10706 2543 2554 10707 10707 2540 2551 10708 10708 2542 2553 10709 10709 2532 2543 10710 10710 2533 2544 10711 10711 2544 2555 10712 10712 2545 2556 10713 10713 2544 2555 10714 10714 2533 2544 10715 10715 2534 2545 10716 10716 2532 2543 10717 10717 2546 2557 10718 10718 2544 2555 10719 10719 2546 2557 10720 10720 2532 2543 10721 10721 2534 2545 10722 10722 2546 2557 10723 10723 2537 2548 10724 10724 2546 2557 10725 10725 2544 2555 10726 10726 2547 2558 10727 10727 2547 2558 10728 10728 2537 2548 10729 10729 2546 2557 10730 10730 2548 2559 10731 10731 2547 2558 10732 10732 2544 2555 10733 10733 2543 2554 10734 10734 2549 2560 10735 10735 2540 2551 10736 10736 2550 2561 10737 10737 2540 2551 10738 10738 2549 2560 10739 10739 2540 2551 10740 10740 2550 2561 10741 10741 2538 2549 10742 10742 2549 2560 10743 10743 2551 2562 10744 10744 2550 2561 10745 10745 2552 2563 10746 10746 2550 2561 10747 10747 2551 2562 10748 10748 2552 2563 10749 10749 2538 2549 10750 10750 2550 2561 10751 10751 2538 2549 10752 10752 2552 2563 10753 10753 2533 2544 10754 10754 2553 2564 10755 10755 2533 2544 10756 10756 2552 2563 10757 10757 2555 2565 10758 10758 2469 2480 10759 10759 2554 2566 10760 10760 2556 2567 10761 10761 2554 2566 10762 10762 2469 2480 10763 10763 2466 2477 10764 10764 2469 2480 10765 10765 2555 2565 10766 10766 2555 2565 10767 10767 2458 2467 10768 10768 2466 2477 10769 10769 2559 2568 10770 10770 2558 2569 10771 10771 2557 2570 10772 10772 2560 2571 10773 10773 2557 2570 10774 10774 2558 2569 10775 10775 2560 2571 10776 10776 2558 2569 10777 10777 2561 2572 10778 10778 2562 2573 10779 10779 2561 2572 10780 10780 2558 2569 10781 10781 2561 2572 10782 10782 2562 2573 10783 10783 2563 2574 10784 10784 2564 2575 10785 10785 2563 2574 10786 10786 2562 2573 10787 10787 2563 2574 10788 10788 2564 2575 10789 10789 2565 2576 10790 10790 2559 2568 10791 10791 2566 2577 10792 10792 2558 2569 10793 10793 2567 2578 10794 10794 2558 2569 10795 10795 2566 2577 10796 10796 2558 2569 10797 10797 2567 2578 10798 10798 2562 2573 10799 10799 2568 2579 10800 10800 2562 2573 10801 10801 2567 2578 10802 10802 2562 2573 10803 10803 2568 2579 10804 10804 2564 2575 10805 10805 2569 2580 10806 10806 2564 2575 10807 10807 2568 2579 10808 10808 2565 2576 10809 10809 2564 2575 10810 10810 2570 2581 10811 10811 2569 2580 10812 10812 2571 2582 10813 10813 2564 2575 10814 10814 2566 2577 10815 10815 2572 2583 10816 10816 2567 2578 10817 10817 2573 2584 10818 10818 2567 2578 10819 10819 2572 2583 10820 10820 2567 2578 10821 10821 2573 2584 10822 10822 2568 2579 10823 10823 2574 2585 10824 10824 2568 2579 10825 10825 2573 2584 10826 10826 2574 2585 10827 10827 2575 2586 10828 10828 2568 2579 10829 10829 2569 2580 10830 10830 2568 2579 10831 10831 2575 2586 10832 10832 2575 2586 10833 10833 2576 2587 10834 10834 2569 2580 10835 10835 2571 2582 10836 10836 2569 2580 10837 10837 2576 2587 10838 10838 2573 2584 10839 10839 2572 2583 10840 10840 2577 2588 10841 10841 2573 2584 10842 10842 2577 2588 10843 10843 2574 2585 10844 10844 2578 2589 10845 10845 2577 2588 10846 10846 2572 2583 10847 10847 2577 2588 10848 10848 2578 2589 10849 10849 2579 2590 10850 10850 2580 2591 10851 10851 2579 2590 10852 10852 2578 2589 10853 10853 2577 2588 10854 10854 2579 2590 10855 10855 2581 2592 10856 10856 2581 2592 10857 10857 2574 2585 10858 10858 2577 2588 10859 10859 2574 2585 10860 10860 2581 2592 10861 10861 2575 2586 10862 10862 2582 2593 10863 10863 2581 2592 10864 10864 2579 2590 10865 10865 2581 2592 10866 10866 2582 2593 10867 10867 2583 2594 10868 10868 2583 2594 10869 10869 2575 2586 10870 10870 2581 2592 10871 10871 2575 2586 10872 10872 2583 2594 10873 10873 2576 2587 10874 10874 2584 2595 10875 10875 2583 2594 10876 10876 2582 2593 10877 10877 2583 2594 10878 10878 2584 2595 10879 10879 2585 2596 10880 10880 2585 2596 10881 10881 2576 2587 10882 10882 2583 2594 10883 10883 2586 2597 10884 10884 2585 2596 10885 10885 2584 2595 10886 10886 2586 2597 10887 10887 2587 2598 10888 10888 2585 2596 10889 10889 2588 2599 10890 10890 2585 2596 10891 10891 2587 2598 10892 10892 2585 2596 10893 10893 2588 2599 10894 10894 2576 2587 10895 10895 2587 2598 10896 10896 2589 2600 10897 10897 2588 2599 10898 10898 2590 2601 10899 10899 2588 2599 10900 10900 2589 2600 10901 10901 2591 2602 10902 10902 2576 2587 10903 10903 2588 2599 10904 10904 2588 2599 10905 10905 2590 2601 10906 10906 2591 2602 10907 10907 2576 2587 10908 10908 2591 2602 10909 10909 2592 2603 10910 10910 2593 2604 10911 10911 2592 2603 10912 10912 2591 2602 10913 10913 2592 2603 10914 10914 2593 2604 10915 10915 2594 2605 10916 10916 2593 2604 10917 10917 2591 2602 10918 10918 2595 2606 10919 10919 2595 2606 10920 10920 2596 2607 10921 10921 2593 2604 10922 10922 2597 2608 10923 10923 2593 2604 10924 10924 2596 2607 10925 10925 2597 2608 10926 10926 2565 2609 10927 10927 2593 2604 10928 10928 2598 2610 10929 10929 2595 2606 10930 10930 2591 2602 10931 10931 2598 2610 10932 10932 2591 2602 10933 10933 2590 2601 10934 10934 2587 2598 10935 10935 2586 2597 10936 10936 2599 2611 10937 10937 2587 2598 10938 10938 2599 2611 10939 10939 2589 2600 10940 10940 2600 2612 10941 10941 2599 2611 10942 10942 2586 2597 10943 10943 2599 2611 10944 10944 2600 2612 10945 10945 2601 2613 10946 10946 2601 2613 10947 10947 2589 2600 10948 10948 2599 2611 10949 10949 2602 2614 10950 10950 2601 2613 10951 10951 2600 2612 10952 10952 2603 2615 10953 10953 2597 2608 10954 10954 2596 2607 10955 10955 2604 2616 10956 10956 2600 2612 10957 10957 2584 2595 10958 10958 2586 2597 10959 10959 2584 2595 10960 10960 2600 2612 10961 10961 2606 2617 10962 10962 2584 2595 10963 10963 2605 2618 10964 10964 2582 2593 10965 10965 2605 2618 10966 10966 2584 2595 10967 10967 2605 2618 10968 10968 2582 2593 10969 10969 2607 2619 10970 10970 2605 2618 10971 10971 2607 2619 10972 10972 2608 2620 10973 10973 2609 2621 10974 10974 2608 2620 10975 10975 2607 2619 10976 10976 2609 2621 10977 10977 2607 2619 10978 10978 2580 2591 10979 10979 2579 2590 10980 10980 2580 2591 10981 10981 2607 2619 10982 10982 2579 2590 10983 10983 2607 2619 10984 10984 2582 2593 10985 10985 2612 2622 10986 10986 2611 2622 10987 10987 2610 2622 10988 10988 2614 2623 10989 10989 610 2624 10990 10990 2613 2623 10991 10991 2616 2625 10992 10992 2615 2625 10993 10993 656 2626 10994 10994 2619 2627 10995 10995 2618 2627 10996 10996 2617 2627 10997 10997 166 166 10998 10998 167 167 10999 10999 611 623 11000 11000 619 631 11001 11001 611 623 11002 11002 167 167 11003 11003 611 623 11004 11004 609 621 11005 11005 166 166 11006 11006 168 168 11007 11007 166 166 11008 11008 609 621 11009 11009 167 167 11010 11010 185 185 11011 11011 619 631 11012 11012 653 665 11013 11013 619 631 11014 11014 185 185 11015 11015 185 185 11016 11016 184 184 11017 11017 653 665 11018 11018 655 667 11019 11019 653 665 11020 11020 184 184 11021 11021 2622 2628 11022 11022 2621 2629 11023 11023 2620 2630 11024 11024 2623 2631 11025 11025 2620 2630 11026 11026 2621 2629 11027 11027 2625 2632 11028 11028 2624 2633 11029 11029 2623 2634 11030 11030 2626 2635 11031 11031 2623 2634 11032 11032 2624 2633 11033 11033 2624 2633 11034 11034 2627 2636 11035 11035 2626 2635 11036 11036 2628 2637 11037 11037 2626 2635 11038 11038 2627 2636 11039 11039 2623 2634 11040 11040 2629 2638 11041 11041 2625 2632 11042 11042 2630 2639 11043 11043 2625 2632 11044 11044 2629 2638 11045 11045 2630 2639 11046 11046 2629 2638 11047 11047 2631 2640 11048 11048 2630 2639 11049 11049 2631 2640 11050 11050 2632 2641 11051 11051 2630 2639 11052 11052 2632 2641 11053 11053 2625 2632 11054 11054 2624 2633 11055 11055 2633 2642 11056 11056 2627 2636 11057 11057 2634 2643 11058 11058 2627 2636 11059 11059 2633 2642 11060 11060 2634 2643 11061 11061 2635 2644 11062 11062 2627 2636 11063 11063 2636 2645 11064 11064 2627 2636 11065 11065 2635 2644 11066 11066 2636 2645 11067 11067 2637 2646 11068 11068 2627 2636 11069 11069 2638 2647 11070 11070 2627 2636 11071 11071 2637 2646 11072 11072 2637 2646 11073 11073 2636 2645 11074 11074 2639 2648 11075 11075 2640 2649 11076 11076 2639 2648 11077 11077 2636 2645 11078 11078 2639 2648 11079 11079 2640 2649 11080 11080 2641 2650 11081 11081 2642 2651 11082 11082 2641 2650 11083 11083 2640 2649 11084 11084 2641 2650 11085 11085 2642 2651 11086 11086 2643 2652 11087 11087 2644 2653 11088 11088 2643 2652 11089 11089 2642 2651 11090 11090 2635 2644 11091 11091 2645 2654 11092 11092 2636 2645 11093 11093 2640 2649 11094 11094 2636 2645 11095 11095 2645 2654 11096 11096 2644 2653 11097 11097 2642 2651 11098 11098 2646 2655 11099 11099 2646 2655 11100 11100 2647 2656 11101 11101 2644 2653 11102 11102 2648 2657 11103 11103 2644 2653 11104 11104 2647 2656 11105 11105 2644 2653 11106 11106 2648 2657 11107 11107 2643 2652 11108 11108 2649 2658 11109 11109 2646 2655 11110 11110 2642 2651 11111 11111 2645 2654 11112 11112 2649 2658 11113 11113 2640 2649 11114 11114 2642 2651 11115 11115 2640 2649 11116 11116 2649 2658 11117 11117 2650 2659 11118 11118 2643 2652 11119 11119 2648 2657 11120 11120 2653 2660 11121 11121 2652 2661 11122 11122 2651 2662 11123 11123 2654 2663 11124 11124 2651 2662 11125 11125 2652 2661 11126 11126 2652 2664 11127 11127 2656 2665 11128 11128 2655 2666 11129 11129 2633 2667 11130 11130 2655 2666 11131 11131 2656 2665 11132 11132 2656 2665 11133 11133 2657 2668 11134 11134 2633 2667 11135 11135 2658 2669 11136 11136 2633 2667 11137 11137 2657 2668 11138 11138 2659 2670 11139 11139 2657 2668 11140 11140 2656 2665 11141 11141 2656 2665 11142 11142 2660 2671 11143 11143 2659 2670 11144 11144 2661 2672 11145 11145 2659 2670 11146 11146 2660 2671 11147 11147 2660 2671 11148 11148 2662 2673 11149 11149 2661 2672 11150 11150 2663 2674 11151 11151 2661 2672 11152 11152 2662 2673 11153 11153 2633 2642 11154 11154 2624 2633 11155 11155 2654 2675 11156 11156 2625 2632 11157 11157 2654 2675 11158 11158 2624 2633 11159 11159 2654 2675 11160 11160 2625 2632 11161 11161 2632 2641 11162 11162 2665 2676 11163 11163 2631 2677 11164 11164 2664 2678 11165 11165 2667 2679 11166 11166 2666 2680 11167 11167 2631 2681 11168 11168 2669 2682 11169 11169 2668 2683 11170 11170 2626 2684 11171 11171 2670 2685 11172 11172 2626 2684 11173 11173 2668 2683 11174 11174 2671 2686 11175 11175 2670 2685 11176 11176 2668 2683 11177 11177 2626 2684 11178 11178 2670 2685 11179 11179 2672 2687 11180 11180 2620 2688 11181 11181 2672 2687 11182 11182 2670 2685 11183 11183 2670 2685 11184 11184 2671 2686 11185 11185 2673 2689 11186 11186 2674 2690 11187 11187 2673 2689 11188 11188 2671 2686 11189 11189 2673 2689 11190 11190 2674 2690 11191 11191 2675 2691 11192 11192 2676 2692 11193 11193 2675 2691 11194 11194 2674 2690 11195 11195 2679 2693 11196 11196 2678 2694 11197 11197 2677 2695 11198 11198 2680 2696 11199 11199 2677 2695 11200 11200 2678 2694 11201 11201 2678 2694 11202 11202 2681 2697 11203 11203 2680 2696 11204 11204 2682 2698 11205 11205 2680 2696 11206 11206 2681 2697 11207 11207 2679 2693 11208 11208 2683 2699 11209 11209 2678 2694 11210 11210 2684 2700 11211 11211 2678 2694 11212 11212 2683 2699 11213 11213 2678 2694 11214 11214 2684 2700 11215 11215 2681 2697 11216 11216 2685 2701 11217 11217 2681 2697 11218 11218 2684 2700 11219 11219 2685 2701 11220 11220 2686 2702 11221 11221 2681 2697 11222 11222 2687 2703 11223 11223 2681 2697 11224 11224 2686 2702 11225 11225 2686 2702 11226 11226 2688 2704 11227 11227 2687 2703 11228 11228 2689 2705 11229 11229 2687 2703 11230 11230 2688 2704 11231 11231 2689 2705 11232 11232 2690 2706 11233 11233 2687 2703 11234 11234 2691 2707 11235 11235 2687 2703 11236 11236 2690 2706 11237 11237 2682 2698 11238 11238 2681 2697 11239 11239 2691 2707 11240 11240 2687 2703 11241 11241 2691 2707 11242 11242 2681 2697 11243 11243 2694 2708 11244 11244 2693 2709 11245 11245 2692 2710 11246 11246 2695 2711 11247 11247 2692 2710 11248 11248 2693 2709 11249 11249 2695 2711 11250 11250 2693 2709 11251 11251 2696 2712 11252 11252 2697 2713 11253 11253 2696 2712 11254 11254 2693 2709 11255 11255 2695 2711 11256 11256 2698 2714 11257 11257 2692 2710 11258 11258 2699 2715 11259 11259 2692 2710 11260 11260 2698 2714 11261 11261 2696 2712 11262 11262 2700 2716 11263 11263 2695 2711 11264 11264 2698 2714 11265 11265 2695 2711 11266 11266 2700 2716 11267 11267 2699 2715 11268 11268 2701 2717 11269 11269 2692 2710 11270 11270 2702 2718 11271 11271 2692 2710 11272 11272 2701 2717 11273 11273 2692 2710 11274 11274 2702 2718 11275 11275 2694 2708 11276 11276 2701 2717 11277 11277 2703 2719 11278 11278 2702 2718 11279 11279 2704 2720 11280 11280 2702 2718 11281 11281 2703 2719 11282 11282 2699 2715 11283 11283 2698 2714 11284 11284 2705 2721 11285 11285 2706 2722 11286 11286 2705 2721 11287 11287 2698 2714 11288 11288 2700 2716 11289 11289 2707 2723 11290 11290 2698 2714 11291 11291 2706 2722 11292 11292 2698 2714 11293 11293 2707 2723 11294 11294 2701 2717 11295 11295 2708 2724 11296 11296 2703 2719 11297 11297 2701 2717 11298 11298 2699 2715 11299 11299 2708 2724 11300 11300 2705 2721 11301 11301 2708 2724 11302 11302 2699 2715 11303 11303 2709 2725 11304 11304 2703 2719 11305 11305 2708 2724 11306 11306 2706 2722 11307 11307 2710 2726 11308 11308 2705 2721 11309 11309 2711 2727 11310 11310 2705 2721 11311 11311 2710 2726 11312 11312 2707 2723 11313 11313 2712 2728 11314 11314 2706 2722 11315 11315 2710 2726 11316 11316 2706 2722 11317 11317 2712 2728 11318 11318 2709 2725 11319 11319 2708 2724 11320 11320 2713 2729 11321 11321 2714 2730 11322 11322 2713 2729 11323 11323 2708 2724 11324 11324 2708 2724 11325 11325 2705 2721 11326 11326 2714 2730 11327 11327 2711 2727 11328 11328 2714 2730 11329 11329 2705 2721 11330 11330 2710 2726 11331 11331 2715 2731 11332 11332 2711 2727 11333 11333 2710 2726 11334 11334 2712 2728 11335 11335 2715 2731 11336 11336 2716 2732 11337 11337 2711 2727 11338 11338 2715 2731 11339 11339 2711 2727 11340 11340 2716 2732 11341 11341 2714 2730 11342 11342 2716 2732 11343 11343 2715 2731 11344 11344 2717 2733 11345 11345 2718 2734 11346 11346 2717 2733 11347 11347 2715 2731 11348 11348 2717 2733 11349 11349 2718 2734 11350 11350 2719 2735 11351 11351 2720 2736 11352 11352 2719 2735 11353 11353 2718 2734 11354 11354 2720 2736 11355 11355 2721 2737 11356 11356 2719 2735 11357 11357 2722 2738 11358 11358 2719 2735 11359 11359 2721 2737 11360 11360 2722 2738 11361 11361 2721 2737 11362 11362 2723 2739 11363 11363 2724 2740 11364 11364 2723 2739 11365 11365 2721 2737 11366 11366 2724 2740 11367 11367 2725 2741 11368 11368 2723 2739 11369 11369 2726 2742 11370 11370 2723 2739 11371 11371 2725 2741 11372 11372 2724 2740 11373 11373 2727 2743 11374 11374 2725 2741 11375 11375 2724 2740 11376 11376 2721 2737 11377 11377 2727 2743 11378 11378 2728 2744 11379 11379 2725 2741 11380 11380 2727 2743 11381 11381 2723 2739 11382 11382 2726 2742 11383 11383 2729 2745 11384 11384 2730 2746 11385 11385 2729 2745 11386 11386 2726 2742 11387 11387 2730 2746 11388 11388 2731 2747 11389 11389 2729 2745 11390 11390 2732 2748 11391 11391 2729 2745 11392 11392 2731 2747 11393 11393 2733 2749 11394 11394 2727 2743 11395 11395 2721 2737 11396 11396 2732 2748 11397 11397 2734 2750 11398 11398 2729 2745 11399 11399 2735 2751 11400 11400 2729 2745 11401 11401 2734 2750 11402 11402 2729 2745 11403 11403 2735 2751 11404 11404 2723 2739 11405 11405 2722 2738 11406 11406 2723 2739 11407 11407 2735 2751 11408 11408 2733 2749 11409 11409 2721 2737 11410 11410 2736 2752 11411 11411 2720 2736 11412 11412 2736 2752 11413 11413 2721 2737 11414 11414 2735 2751 11415 11415 2734 2750 11416 11416 2737 2753 11417 11417 2738 2754 11418 11418 2737 2753 11419 11419 2734 2750 11420 11420 2735 2751 11421 11421 2737 2753 11422 11422 2722 2738 11423 11423 2719 2735 11424 11424 2722 2738 11425 11425 2737 2753 11426 11426 2736 2752 11427 11427 2720 2736 11428 11428 2739 2755 11429 11429 2718 2734 11430 11430 2739 2755 11431 11431 2720 2736 11432 11432 2738 2754 11433 11433 2740 2756 11434 11434 2737 2753 11435 11435 2741 2757 11436 11436 2737 2753 11437 11437 2740 2756 11438 11438 2737 2753 11439 11439 2741 2757 11440 11440 2719 2735 11441 11441 2717 2733 11442 11442 2719 2735 11443 11443 2741 2757 11444 11444 2718 2734 11445 11445 2715 2731 11446 11446 2739 2755 11447 11447 2742 2758 11448 11448 2739 2755 11449 11449 2715 2731 11450 11450 2740 2756 11451 11451 2743 2759 11452 11452 2741 2757 11453 11453 2744 2760 11454 11454 2741 2757 11455 11455 2743 2759 11456 11456 2717 2733 11457 11457 2741 2757 11458 11458 2716 2732 11459 11459 2744 2760 11460 11460 2716 2732 11461 11461 2741 2757 11462 11462 2742 2758 11463 11463 2715 2731 11464 11464 2712 2728 11465 11465 2744 2760 11466 11466 2743 2759 11467 11467 2714 2730 11468 11468 2744 2760 11469 11469 2714 2730 11470 11470 2716 2732 11471 11471 2713 2729 11472 11472 2714 2730 11473 11473 2743 2759 11474 11474 2747 2761 11475 11475 2746 2762 11476 11476 2745 2763 11477 11477 2748 2764 11478 11478 2745 2763 11479 11479 2746 2762 11480 11480 2748 2764 11481 11481 2749 2765 11482 11482 2745 2763 11483 11483 2694 2708 11484 11484 2745 2763 11485 11485 2749 2765 11486 11486 2749 2765 11487 11487 2750 2766 11488 11488 2694 2708 11489 11489 2693 2709 11490 11490 2694 2708 11491 11491 2750 2766 11492 11492 2693 2709 11493 11493 2750 2766 11494 11494 2697 2713 11495 11495 2751 2767 11496 11496 2697 2713 11497 11497 2750 2766 11498 11498 2745 2763 11499 11499 2702 2718 11500 11500 2747 2761 11501 11501 2745 2763 11502 11502 2694 2708 11503 11503 2702 2718 11504 11504 2704 2720 11505 11505 2747 2761 11506 11506 2702 2718 11507 11507 2725 2741 11508 11508 2752 2768 11509 11509 2726 2742 11510 11510 2753 2769 11511 11511 2726 2742 11512 11512 2752 2768 11513 11513 2725 2741 11514 11514 2728 2744 11515 11515 2752 2768 11516 11516 2754 2770 11517 11517 2752 2768 11518 11518 2728 2744 11519 11519 2726 2742 11520 11520 2753 2769 11521 11521 2730 2746 11522 11522 2755 2771 11523 11523 2730 2746 11524 11524 2753 2769 11525 11525 2755 2771 11526 11526 2756 2772 11527 11527 2730 2746 11528 11528 2731 2747 11529 11529 2730 2746 11530 11530 2756 2772 11531 11531 2759 2773 11532 11532 2758 2774 11533 11533 2757 2775 11534 11534 2760 2776 11535 11535 2757 2775 11536 11536 2758 2774 11537 11537 2760 2776 11538 11538 2761 2777 11539 11539 2757 2775 11540 11540 2762 2778 11541 11541 2757 2775 11542 11542 2761 2777 11543 11543 2762 2778 11544 11544 2761 2777 11545 11545 2763 2779 11546 11546 2764 2780 11547 11547 2763 2779 11548 11548 2761 2777 11549 11549 2763 2779 11550 11550 2764 2780 11551 11551 2765 2781 11552 11552 2766 2782 11553 11553 2765 2781 11554 11554 2764 2780 11555 11555 2766 2782 11556 11556 2767 2783 11557 11557 2765 2781 11558 11558 2768 2784 11559 11559 2765 2781 11560 11560 2767 2783 11561 11561 2759 2773 11562 11562 2769 2785 11563 11563 2758 2774 11564 11564 2770 2786 11565 11565 2758 2774 11566 11566 2769 2785 11567 11567 2770 2786 11568 11568 2769 2785 11569 11569 2771 2787 11570 11570 2772 2788 11571 11571 2771 2787 11572 11572 2769 2785 11573 11573 2771 2787 11574 11574 2772 2788 11575 11575 2773 2789 11576 11576 2774 2790 11577 11577 2773 2789 11578 11578 2772 2788 11579 11579 2774 2790 11580 11580 2775 2791 11581 11581 2773 2789 11582 11582 2776 2792 11583 11583 2773 2789 11584 11584 2775 2791 11585 11585 2775 2791 11586 11586 2777 2793 11587 11587 2776 2792 11588 11588 2778 2794 11589 11589 2776 2792 11590 11590 2777 2793 11591 11591 2781 2795 11592 11592 2780 2796 11593 11593 2779 2797 11594 11594 2782 2798 11595 11595 2779 2797 11596 11596 2780 2796 11597 11597 2782 2798 11598 11598 2780 2796 11599 11599 2783 2799 11600 11600 2784 2800 11601 11601 2783 2799 11602 11602 2780 2796 11603 11603 2784 2800 11604 11604 2785 2801 11605 11605 2783 2799 11606 11606 2786 2802 11607 11607 2783 2799 11608 11608 2785 2801 11609 11609 2786 2802 11610 11610 2785 2801 11611 11611 2787 2803 11612 11612 2788 2804 11613 11613 2787 2803 11614 11614 2785 2801 11615 11615 2788 2804 11616 11616 2789 2805 11617 11617 2787 2803 11618 11618 2790 2806 11619 11619 2787 2803 11620 11620 2789 2805 11621 11621 2781 2795 11622 11622 2779 2797 11623 11623 2791 2807 11624 11624 2792 2808 11625 11625 2791 2807 11626 11626 2779 2797 11627 11627 2792 2808 11628 11628 2793 2809 11629 11629 2791 2807 11630 11630 2794 2810 11631 11631 2791 2807 11632 11632 2793 2809 11633 11633 2793 2809 11634 11634 2795 2811 11635 11635 2794 2810 11636 11636 2796 2812 11637 11637 2794 2810 11638 11638 2795 2811 11639 11639 2795 2811 11640 11640 2797 2813 11641 11641 2796 2812 11642 11642 2798 2814 11643 11643 2796 2812 11644 11644 2797 2813 11645 11645 2798 2814 11646 11646 2797 2813 11647 11647 2799 2815 11648 11648 2800 2816 11649 11649 2799 2815 11650 11650 2797 2813 11651 11651 2803 2817 11652 11652 2802 2818 11653 11653 2801 2819 11654 11654 2804 2820 11655 11655 2801 2819 11656 11656 2802 2818 11657 11657 2801 2819 11658 11658 2805 2821 11659 11659 2803 2817 11660 11660 2806 2822 11661 11661 2803 2817 11662 11662 2805 2821 11663 11663 2805 2821 11664 11664 2807 2823 11665 11665 2806 2822 11666 11666 2808 2824 11667 11667 2806 2822 11668 11668 2807 2823 11669 11669 2807 2823 11670 11670 2809 2825 11671 11671 2808 2824 11672 11672 2810 2826 11673 11673 2808 2824 11674 11674 2809 2825 11675 11675 2809 2825 11676 11676 2811 2827 11677 11677 2810 2826 11678 11678 2812 2828 11679 11679 2810 2826 11680 11680 2811 2827 11681 11681 2804 2820 11682 11682 2802 2818 11683 11683 2813 2829 11684 11684 2814 2830 11685 11685 2813 2829 11686 11686 2802 2818 11687 11687 2814 2830 11688 11688 2815 2831 11689 11689 2813 2829 11690 11690 2816 2832 11691 11691 2813 2829 11692 11692 2815 2831 11693 11693 2815 2831 11694 11694 2817 2833 11695 11695 2816 2832 11696 11696 2818 2834 11697 11697 2816 2832 11698 11698 2817 2833 11699 11699 2817 2833 11700 11700 2819 2835 11701 11701 2818 2834 11702 11702 2820 2836 11703 11703 2818 2834 11704 11704 2819 2835 11705 11705 2820 2836 11706 11706 2819 2835 11707 11707 2821 2837 11708 11708 2822 2838 11709 11709 2821 2837 11710 11710 2819 2835 11711 11711 2810 2826 11712 11712 2823 2839 11713 11713 2808 2824 11714 11714 2824 2840 11715 11715 2808 2824 11716 11716 2823 2839 11717 11717 2823 2839 11718 11718 2810 2826 11719 11719 2825 2841 11720 11720 2812 2828 11721 11721 2825 2841 11722 11722 2810 2826 11723 11723 2822 2838 11724 11724 2819 2835 11725 11725 2826 2842 11726 11726 2827 2843 11727 11727 2826 2842 11728 11728 2819 2835 11729 11729 2827 2843 11730 11730 2819 2835 11731 11731 2828 2844 11732 11732 2817 2833 11733 11733 2828 2844 11734 11734 2819 2835 11735 11735 2828 2844 11736 11736 2817 2833 11737 11737 2829 2845 11738 11738 2815 2831 11739 11739 2829 2845 11740 11740 2817 2833 11741 11741 2815 2831 11742 11742 2814 2830 11743 11743 2829 2845 11744 11744 2830 2846 11745 11745 2829 2845 11746 11746 2814 2830 11747 11747 2824 2840 11748 11748 2823 2839 11749 11749 2831 2847 11750 11750 2831 2847 11751 11751 2832 2848 11752 11752 2824 2840 11753 11753 2832 2848 11754 11754 2831 2847 11755 11755 2833 2849 11756 11756 2832 2848 11757 11757 2833 2849 11758 11758 2834 2850 11759 11759 2835 2851 11760 11760 2834 2850 11761 11761 2833 2849 11762 11762 2833 2849 11763 11763 2836 2852 11764 11764 2835 2851 11765 11765 2837 2853 11766 11766 2835 2851 11767 11767 2836 2852 11768 11768 2835 2851 11769 11769 2837 2853 11770 11770 2838 2854 11771 11771 2835 2851 11772 11772 2838 2854 11773 11773 2834 2850 11774 11774 2839 2855 11775 11775 2838 2854 11776 11776 2837 2853 11777 11777 2836 2852 11778 11778 2833 2849 11779 11779 2840 2856 11780 11780 2841 2857 11781 11781 2840 2856 11782 11782 2833 2849 11783 11783 2841 2857 11784 11784 2833 2849 11785 11785 2831 2847 11786 11786 2841 2857 11787 11787 2842 2858 11788 11788 2840 2856 11789 11789 2843 2859 11790 11790 2840 2856 11791 11791 2842 2858 11792 11792 2843 2859 11793 11793 2842 2858 11794 11794 2844 2860 11795 11795 2845 2861 11796 11796 2844 2860 11797 11797 2842 2858 11798 11798 2839 2855 11799 11799 2846 2862 11800 11800 2838 2854 11801 11801 2847 2863 11802 11802 2838 2854 11803 11803 2846 2862 11804 11804 2847 2863 11805 11805 2846 2862 11806 11806 2848 2864 11807 11807 2849 2865 11808 11808 2848 2864 11809 11809 2846 2862 11810 11810 2849 2865 11811 11811 2850 2866 11812 11812 2848 2864 11813 11813 2851 2867 11814 11814 2848 2864 11815 11815 2850 2866 11816 11816 2850 2866 11817 11817 2852 2868 11818 11818 2851 2867 11819 11819 2853 2869 11820 11820 2851 2867 11821 11821 2852 2868 11822 11822 2853 2869 11823 11823 2852 2868 11824 11824 2854 2870 11825 11825 2855 2871 11826 11826 2854 2870 11827 11827 2852 2868 11828 11828 2840 2856 11829 11829 2843 2859 11830 11830 2856 2872 11831 11831 2856 2872 11832 11832 2857 2873 11833 11833 2840 2856 11834 11834 2836 2852 11835 11835 2840 2856 11836 11836 2857 2873 11837 11837 2857 2873 11838 11838 2858 2874 11839 11839 2836 2852 11840 11840 2837 2853 11841 11841 2836 2852 11842 11842 2858 2874 11843 11843 2858 2874 11844 11844 2859 2875 11845 11845 2837 2853 11846 11846 2839 2855 11847 11847 2837 2853 11848 11848 2859 2875 11849 11849 2855 2871 11850 11850 2852 2868 11851 11851 2860 2876 11852 11852 2861 2877 11853 11853 2860 2876 11854 11854 2852 2868 11855 11855 2850 2866 11856 11856 2862 2878 11857 11857 2852 2868 11858 11858 2861 2877 11859 11859 2852 2868 11860 11860 2862 2878 11861 11861 2850 2866 11862 11862 2849 2865 11863 11863 2862 2878 11864 11864 2863 2879 11865 11865 2862 2878 11866 11866 2849 2865 11867 11867 2863 2879 11868 11868 2849 2865 11869 11869 2864 2880 11870 11870 2846 2862 11871 11871 2864 2880 11872 11872 2849 2865 11873 11873 2839 2855 11874 11874 2859 2875 11875 11875 2846 2862 11876 11876 2864 2880 11877 11877 2846 2862 11878 11878 2859 2875 11879 11879 2856 2872 11880 11880 2865 2881 11881 11881 2857 2873 11882 11882 2866 2882 11883 11883 2857 2873 11884 11884 2865 2881 11885 11885 2865 2881 11886 11886 2867 2883 11887 11887 2866 2882 11888 11888 2868 2884 11889 11889 2866 2882 11890 11890 2867 2883 11891 11891 2868 2884 11892 11892 2867 2883 11893 11893 2869 2885 11894 11894 2870 2886 11895 11895 2869 2885 11896 11896 2867 2883 11897 11897 2869 2885 11898 11898 2870 2886 11899 11899 2871 2887 11900 11900 2872 2888 11901 11901 2871 2887 11902 11902 2870 2886 11903 11903 2873 2889 11904 11904 2856 2872 11905 11905 2843 2859 11906 11906 2843 2859 11907 11907 2844 2860 11908 11908 2873 2889 11909 11909 2874 2890 11910 11910 2873 2889 11911 11911 2844 2860 11912 11912 2802 2818 11913 11913 2803 2817 11914 11914 2875 2891 11915 11915 2876 2892 11916 11916 2875 2891 11917 11917 2803 2817 11918 11918 2876 2892 11919 11919 2803 2817 11920 11920 2877 2893 11921 11921 2806 2822 11922 11922 2877 2893 11923 11923 2803 2817 11924 11924 2806 2822 11925 11925 2808 2824 11926 11926 2877 2893 11927 11927 2824 2840 11928 11928 2877 2893 11929 11929 2808 2824 11930 11930 2802 2818 11931 11931 2875 2891 11932 11932 2814 2830 11933 11933 2830 2846 11934 11934 2814 2830 11935 11935 2875 2891 11936 11936 2875 2891 11937 11937 2876 2892 11938 11938 2878 2894 11939 11939 2875 2891 11940 11940 2878 2894 11941 11941 2830 2846 11942 11942 2834 2850 11943 11943 2878 2894 11944 11944 2876 2892 11945 11945 2876 2892 11946 11946 2877 2893 11947 11947 2834 2850 11948 11948 2878 2894 11949 11949 2834 2850 11950 11950 2838 2854 11951 11951 2878 2894 11952 11952 2838 2854 11953 11953 2879 2895 11954 11954 2879 2895 11955 11955 2830 2846 11956 11956 2878 2894 11957 11957 2847 2863 11958 11958 2879 2895 11959 11959 2838 2854 11960 11960 2879 2895 11961 11961 2847 2863 11962 11962 2880 2896 11963 11963 2848 2864 11964 11964 2880 2896 11965 11965 2847 2863 11966 11966 2880 2896 11967 11967 2848 2864 11968 11968 2881 2897 11969 11969 2851 2867 11970 11970 2881 2897 11971 11971 2848 2864 11972 11972 2851 2867 11973 11973 2853 2869 11974 11974 2881 2897 11975 11975 2882 2898 11976 11976 2881 2897 11977 11977 2853 2869 11978 11978 2882 2898 11979 11979 2853 2869 11980 11980 2883 2899 11981 11981 2854 2870 11982 11982 2883 2899 11983 11983 2853 2869 11984 11984 2883 2899 11985 11985 2826 2842 11986 11986 2882 2898 11987 11987 2827 2843 11988 11988 2882 2898 11989 11989 2826 2842 11990 11990 2827 2843 11991 11991 2828 2844 11992 11992 2882 2898 11993 11993 2881 2897 11994 11994 2882 2898 11995 11995 2828 2844 11996 11996 2828 2844 11997 11997 2829 2845 11998 11998 2881 2897 11999 11999 2880 2896 12000 12000 2881 2897 12001 12001 2829 2845 12002 12002 2880 2896 12003 12003 2829 2845 12004 12004 2879 2895 12005 12005 2830 2846 12006 12006 2879 2895 12007 12007 2829 2845 12008 12008 2842 2858 12009 12009 2841 2857 12010 12010 2884 2900 12011 12011 2831 2847 12012 12012 2884 2900 12013 12013 2841 2857 12014 12014 2884 2900 12015 12015 2885 2901 12016 12016 2842 2858 12017 12017 2845 2861 12018 12018 2842 2858 12019 12019 2885 2901 12020 12020 2884 2900 12021 12021 2831 2847 12022 12022 2823 2839 12023 12023 2884 2900 12024 12024 2823 2839 12025 12025 2885 2901 12026 12026 2825 2841 12027 12027 2885 2901 12028 12028 2823 2839 12029 12029 2832 2848 12030 12030 2834 2850 12031 12031 2877 2893 12032 12032 2877 2893 12033 12033 2824 2840 12034 12034 2832 2848 12035 12035 2888 2902 12036 12036 2887 2903 12037 12037 2886 2904 12038 12038 2889 2905 12039 12039 2886 2904 12040 12040 2887 2903 12041 12041 2889 2905 12042 12042 2890 2906 12043 12043 2886 2904 12044 12044 2891 2907 12045 12045 2886 2904 12046 12046 2890 2906 12047 12047 2891 2907 12048 12048 2890 2906 12049 12049 2892 2908 12050 12050 2893 2909 12051 12051 2892 2908 12052 12052 2890 2906 12053 12053 2892 2908 12054 12054 2893 2909 12055 12055 2894 2910 12056 12056 2895 2911 12057 12057 2894 2910 12058 12058 2893 2909 12059 12059 2895 2911 12060 12060 2896 2912 12061 12061 2894 2910 12062 12062 2897 2913 12063 12063 2894 2910 12064 12064 2896 2912 12065 12065 2897 2913 12066 12066 2896 2912 12067 12067 2898 2914 12068 12068 2899 2915 12069 12069 2898 2914 12070 12070 2896 2912 12071 12071 2887 2903 12072 12072 2888 2902 12073 12073 2900 2916 12074 12074 2901 2917 12075 12075 2900 2916 12076 12076 2888 2902 12077 12077 2901 2917 12078 12078 2902 2918 12079 12079 2900 2916 12080 12080 2903 2919 12081 12081 2900 2916 12082 12082 2902 2918 12083 12083 2906 2920 12084 12084 2905 2921 12085 12085 2904 2922 12086 12086 2907 2923 12087 12087 2904 2922 12088 12088 2905 2921 12089 12089 2904 2922 12090 12090 2908 2924 12091 12091 2906 2920 12092 12092 2909 2925 12093 12093 2906 2920 12094 12094 2908 2924 12095 12095 2910 2926 12096 12096 2907 2923 12097 12097 2905 2921 12098 12098 2911 2927 12099 12099 2909 2925 12100 12100 2908 2924 12101 12101 2914 2928 12102 12102 2913 2929 12103 12103 2912 2930 12104 12104 2915 2931 12105 12105 2912 2930 12106 12106 2913 2929 12107 12107 2913 2929 12108 12108 2916 2932 12109 12109 2915 2931 12110 12110 2917 2933 12111 12111 2915 2931 12112 12112 2916 2932 12113 12113 2916 2932 12114 12114 2918 2934 12115 12115 2917 2933 12116 12116 2919 2935 12117 12117 2917 2933 12118 12118 2918 2934 12119 12119 2919 2935 12120 12120 2918 2934 12121 12121 2920 2936 12122 12122 2921 2937 12123 12123 2920 2936 12124 12124 2918 2934 12125 12125 2921 2937 12126 12126 2922 2938 12127 12127 2920 2936 12128 12128 2923 2939 12129 12129 2920 2936 12130 12130 2922 2938 12131 12131 2923 2939 12132 12132 2922 2938 12133 12133 2924 2940 12134 12134 2925 2941 12135 12135 2924 2940 12136 12136 2922 2938 12137 12137 2925 2941 12138 12138 2926 2942 12139 12139 2924 2940 12140 12140 2914 2928 12141 12141 2912 2930 12142 12142 2926 2942 12143 12143 2927 2943 12144 12144 2924 2940 12145 12145 2926 2942 12146 12146 2927 2943 12147 12147 2926 2942 12148 12148 2912 2930 12149 12149 2930 2944 12150 12150 2929 2945 12151 12151 2928 2946 12152 12152 2931 2947 12153 12153 2928 2946 12154 12154 2929 2945 12155 12155 2931 2947 12156 12156 2932 2948 12157 12157 2928 2946 12158 12158 2933 2949 12159 12159 2928 2946 12160 12160 2932 2948 12161 12161 2933 2949 12162 12162 2932 2948 12163 12163 2934 2950 12164 12164 2935 2951 12165 12165 2934 2950 12166 12166 2932 2948 12167 12167 2935 2951 12168 12168 2936 2952 12169 12169 2934 2950 12170 12170 2937 2953 12171 12171 2934 2950 12172 12172 2936 2952 12173 12173 2936 2952 12174 12174 2938 2954 12175 12175 2937 2953 12176 12176 2939 2955 12177 12177 2937 2953 12178 12178 2938 2954 12179 12179 2938 2954 12180 12180 2940 2956 12181 12181 2939 2955 12182 12182 2941 2957 12183 12183 2939 2955 12184 12184 2940 2956 12185 12185 2930 2944 12186 12186 2942 2958 12187 12187 2929 2945 12188 12188 2943 2959 12189 12189 2929 2945 12190 12190 2942 2958 12191 12191 2943 2959 12192 12192 2942 2958 12193 12193 2944 2960 12194 12194 2945 2961 12195 12195 2944 2960 12196 12196 2942 2958 12197 12197 2948 2962 12198 12198 2947 2963 12199 12199 2946 2964 12200 12200 2949 2965 12201 12201 2946 2964 12202 12202 2947 2963 12203 12203 2949 2965 12204 12204 2947 2963 12205 12205 2950 2966 12206 12206 2951 2967 12207 12207 2950 2966 12208 12208 2947 2963 12209 12209 2950 2966 12210 12210 2951 2967 12211 12211 2952 2968 12212 12212 2953 2969 12213 12213 2952 2968 12214 12214 2951 2967 12215 12215 2952 2968 12216 12216 2953 2969 12217 12217 2954 2970 12218 12218 2955 2971 12219 12219 2954 2970 12220 12220 2953 2969 12221 12221 2955 2971 12222 12222 2956 2972 12223 12223 2954 2970 12224 12224 2957 2973 12225 12225 2954 2970 12226 12226 2956 2972 12227 12227 2956 2972 12228 12228 2958 2974 12229 12229 2957 2973 12230 12230 2959 2975 12231 12231 2957 2973 12232 12232 2958 2974 12233 12233 2962 2976 12234 12234 2961 2977 12235 12235 2960 2978 12236 12236 2963 2979 12237 12237 2960 2978 12238 12238 2961 2977 12239 12239 2962 2976 12240 12240 2960 2978 12241 12241 2964 2980 12242 12242 2965 2981 12243 12243 2964 2980 12244 12244 2960 2978 12245 12245 2964 2980 12246 12246 2965 2981 12247 12247 2966 2982 12248 12248 2967 2983 12249 12249 2966 2982 12250 12250 2965 2981 12251 12251 2966 2982 12252 12252 2967 2983 12253 12253 2968 2984 12254 12254 2969 2985 12255 12255 2968 2984 12256 12256 2967 2983 12257 12257 2968 2984 12258 12258 2969 2985 12259 12259 2970 2986 12260 12260 2971 2987 12261 12261 2970 2986 12262 12262 2969 2985 12263 12263 2971 2987 12264 12264 2972 2988 12265 12265 2970 2986 12266 12266 2973 2989 12267 12267 2970 2986 12268 12268 2972 2988 12269 12269 2976 2990 12270 12270 2975 2991 12271 12271 2974 2992 12272 12272 2977 2993 12273 12273 2974 2992 12274 12274 2975 2991 12275 12275 2974 2992 12276 12276 2978 2994 12277 12277 2976 2990 12278 12278 2979 2995 12279 12279 2976 2990 12280 12280 2978 2994 12281 12281 2979 2995 12282 12282 2978 2994 12283 12283 2980 2996 12284 12284 2981 2997 12285 12285 2980 2996 12286 12286 2978 2994 12287 12287 2981 2997 12288 12288 2982 2998 12289 12289 2980 2996 12290 12290 2983 2999 12291 12291 2980 2996 12292 12292 2982 2998 12293 12293 2982 2998 12294 12294 2984 3000 12295 12295 2983 2999 12296 12296 2985 3001 12297 12297 2983 2999 12298 12298 2984 3000 12299 12299 2984 3000 12300 12300 2986 3002 12301 12301 2985 3001 12302 12302 2987 3003 12303 12303 2985 3001 12304 12304 2986 3002 12305 12305 2990 3004 12306 12306 2989 3005 12307 12307 2988 3006 12308 12308 2991 3007 12309 12309 2988 3006 12310 12310 2989 3005 12311 12311 2991 3007 12312 12312 2992 3008 12313 12313 2988 3006 12314 12314 2993 3009 12315 12315 2988 3006 12316 12316 2992 3008 12317 12317 2993 3009 12318 12318 2992 3008 12319 12319 2994 3010 12320 12320 2995 3011 12321 12321 2994 3010 12322 12322 2992 3008 12323 12323 2995 3011 12324 12324 2996 3012 12325 12325 2994 3010 12326 12326 2997 3013 12327 12327 2994 3010 12328 12328 2996 3012 12329 12329 2996 3012 12330 12330 2998 3014 12331 12331 2997 3013 12332 12332 2999 3015 12333 12333 2997 3013 12334 12334 2998 3014 12335 12335 2998 3014 12336 12336 3000 3016 12337 12337 2999 3015 12338 12338 3001 3017 12339 12339 2999 3015 12340 12340 3000 3016 12341 12341 3004 3018 12342 12342 3003 3019 12343 12343 3002 3020 12344 12344 3005 3021 12345 12345 3002 3020 12346 12346 3003 3019 12347 12347 3002 3020 12348 12348 3005 3021 12349 12349 3006 3022 12350 12350 3007 3023 12351 12351 3006 3022 12352 12352 3005 3021 12353 12353 3010 3024 12354 12354 3009 3025 12355 12355 3008 3026 12356 12356 3011 3027 12357 12357 3008 3026 12358 12358 3009 3025 12359 12359 3008 3026 12360 12360 3011 3027 12361 12361 3012 3028 12362 12362 3013 3029 12363 12363 3012 3028 12364 12364 3011 3027 12365 12365 3015 3030 12366 12366 3008 3031 12367 12367 3014 3032 12368 12368 3016 3033 12369 12369 3014 3032 12370 12370 3008 3031 12371 12371 3016 3033 12372 12372 3017 3034 12373 12373 3014 3032 12374 12374 3018 3035 12375 12375 3014 3032 12376 12376 3017 3034 12377 12377 3016 3033 12378 12378 3008 3031 12379 12379 3019 3036 12380 12380 3016 3033 12381 12381 3019 3036 12382 12382 3017 3034 12383 12383 3020 3037 12384 12384 3019 3036 12385 12385 3008 3031 12386 12386 3021 3038 12387 12387 3017 3034 12388 12388 3019 3036 12389 12389 3013 3039 12390 12390 3023 3040 12391 12391 3022 3041 12392 12392 3024 3042 12393 12393 3022 3041 12394 12394 3023 3040 12395 12395 3027 3043 12396 12396 3026 3044 12397 12397 3025 3045 12398 12398 3028 3046 12399 12399 3025 3045 12400 12400 3026 3044 12401 12401 3026 3044 12402 12402 3029 3047 12403 12403 3028 3046 12404 12404 3030 3048 12405 12405 3028 3046 12406 12406 3029 3047 12407 12407 3030 3048 12408 12408 3029 3047 12409 12409 3031 3049 12410 12410 3032 3050 12411 12411 3031 3049 12412 12412 3029 3047 12413 12413 3032 3050 12414 12414 3033 3051 12415 12415 3031 3049 12416 12416 3034 3052 12417 12417 3031 3049 12418 12418 3033 3051 12419 12419 3025 3045 12420 12420 3035 3053 12421 12421 3027 3043 12422 12422 3035 3053 12423 12423 3025 3045 12424 12424 3036 3054 12425 12425 3037 3055 12426 12426 3027 3043 12427 12427 3035 3053 12428 12428 3035 3053 12429 12429 3038 3056 12430 12430 3037 3055 12431 12431 3039 3057 12432 12432 3037 3055 12433 12433 3038 3056 12434 12434 3040 3058 12435 12435 3027 3043 12436 12436 3037 3055 12437 12437 3037 3055 12438 12438 3039 3057 12439 12439 3040 3058 12440 12440 3027 3043 12441 12441 3041 3059 12442 12442 3026 3044 12443 12443 3042 3060 12444 12444 3026 3044 12445 12445 3041 3059 12446 12446 3042 3060 12447 12447 3041 3059 12448 12448 3043 3061 12449 12449 3044 3062 12450 12450 3043 3061 12451 12451 3041 3059 12452 12452 3042 3060 12453 12453 3043 3061 12454 12454 3045 3063 12455 12455 3046 3064 12456 12456 3045 3063 12457 12457 3043 3061 12458 12458 3046 3064 12459 12459 3047 3065 12460 12460 3045 3063 12461 12461 3048 3066 12462 12462 3045 3063 12463 12463 3047 3065 12464 12464 3048 3066 12465 12465 3047 3065 12466 12466 3049 3067 12467 12467 3050 3068 12468 12468 3049 3067 12469 12469 3047 3065 12470 12470 3038 3056 12471 12471 3051 3069 12472 12472 3039 3057 12473 12473 3051 3069 12474 12474 3038 3056 12475 12475 3052 3070 12476 12476 3053 3071 12477 12477 3039 3057 12478 12478 3051 3069 12479 12479 3053 3071 12480 12480 3054 3072 12481 12481 3039 3057 12482 12482 3054 3072 12483 12483 3040 3058 12484 12484 3039 3057 12485 12485 3042 3060 12486 12486 3045 3063 12487 12487 3026 3044 12488 12488 3029 3047 12489 12489 3026 3044 12490 12490 3045 3063 12491 12491 3029 3047 12492 12492 3045 3063 12493 12493 3032 3050 12494 12494 3048 3066 12495 12495 3032 3050 12496 12496 3045 3063 12497 12497 3048 3066 12498 12498 3049 3067 12499 12499 3032 3050 12500 12500 3033 3051 12501 12501 3032 3050 12502 12502 3049 3067 12503 12503 3038 3056 12504 12504 3035 3053 12505 12505 3052 3070 12506 12506 3036 3054 12507 12507 3052 3070 12508 12508 3035 3053 12509 12509 3057 3073 12510 12510 3056 3074 12511 12511 3055 3075 12512 12512 3058 3076 12513 12513 3055 3075 12514 12514 3056 3074 12515 12515 3055 3075 12516 12516 3059 3077 12517 12517 3057 3073 12518 12518 3060 3078 12519 12519 3057 3073 12520 12520 3059 3077 12521 12521 3059 3077 12522 12522 3061 3079 12523 12523 3060 3078 12524 12524 3062 3080 12525 12525 3060 3078 12526 12526 3061 3079 12527 12527 3062 3080 12528 12528 3061 3079 12529 12529 3063 3081 12530 12530 3064 3082 12531 12531 3063 3081 12532 12532 3061 3079 12533 12533 3055 3075 12534 12534 3058 3076 12535 12535 3065 3083 12536 12536 3055 3075 12537 12537 3065 3083 12538 12538 3059 3077 12539 12539 3066 3084 12540 12540 3065 3083 12541 12541 3058 3076 12542 12542 3066 3084 12543 12543 3067 3085 12544 12544 3065 3083 12545 12545 3068 3086 12546 12546 3065 3083 12547 12547 3067 3085 12548 12548 3068 3086 12549 12549 3069 3087 12550 12550 3065 3083 12551 12551 3070 3088 12552 12552 3065 3083 12553 12553 3069 3087 12554 12554 3070 3088 12555 12555 3059 3077 12556 12556 3065 3083 12557 12557 3070 3088 12558 12558 3069 3087 12559 12559 3071 3089 12560 12560 3061 3079 12561 12561 3059 3077 12562 12562 3071 3089 12563 12563 3070 3088 12564 12564 3071 3089 12565 12565 3059 3077 12566 12566 3061 3079 12567 12567 3071 3089 12568 12568 3064 3082 12569 12569 3072 3090 12570 12570 3071 3089 12571 12571 3069 3087 12572 12572 3072 3090 12573 12573 3073 3091 12574 12574 3071 3089 12575 12575 3074 3092 12576 12576 3071 3089 12577 12577 3073 3091 12578 12578 3074 3092 12579 12579 3064 3082 12580 12580 3071 3089 12581 12581 3068 3086 12582 12582 3067 3085 12583 12583 3028 3046 12584 12584 3068 3086 12585 12585 3028 3046 12586 12586 3069 3087 12587 12587 3025 3045 12588 12588 3028 3046 12589 12589 3067 3085 12590 12590 3030 3048 12591 12591 3069 3087 12592 12592 3028 3046 12593 12593 3069 3087 12594 12594 3030 3048 12595 12595 3072 3090 12596 12596 3031 3049 12597 12597 3072 3090 12598 12598 3030 3048 12599 12599 3073 3091 12600 12600 3072 3090 12601 12601 3034 3052 12602 12602 3031 3049 12603 12603 3034 3052 12604 12604 3072 3090 12605 12605 3057 3073 12606 12606 3075 3093 12607 12607 3056 3074 12608 12608 3076 3094 12609 12609 3056 3074 12610 12610 3075 3093 12611 12611 3057 3073 12612 12612 3060 3078 12613 12613 3075 3093 12614 12614 3077 3095 12615 12615 3075 3093 12616 12616 3060 3078 12617 12617 3060 3078 12618 12618 3062 3080 12619 12619 3077 3095 12620 12620 3078 3096 12621 12621 3077 3095 12622 12622 3062 3080 12623 12623 3062 3080 12624 12624 3063 3081 12625 12625 3078 3096 12626 12626 3079 3097 12627 12627 3078 3096 12628 12628 3063 3081 12629 12629 3082 3098 12630 12630 3081 3099 12631 12631 3080 3100 12632 12632 3083 3101 12633 12633 3080 3100 12634 12634 3081 3099 12635 12635 3080 3100 12636 12636 3084 3102 12637 12637 3082 3098 12638 12638 3085 3103 12639 12639 3082 3098 12640 12640 3084 3102 12641 12641 3085 3103 12642 12642 3084 3102 12643 12643 3086 3104 12644 12644 3087 3105 12645 12645 3086 3104 12646 12646 3084 3102 12647 12647 3087 3105 12648 12648 3088 3106 12649 12649 3086 3104 12650 12650 3089 3107 12651 12651 3086 3104 12652 12652 3088 3106 12653 12653 3088 3106 12654 12654 3090 3108 12655 12655 3089 3107 12656 12656 3091 3109 12657 12657 3089 3107 12658 12658 3090 3108 12659 12659 3091 3109 12660 12660 3090 3108 12661 12661 3092 3110 12662 12662 3093 3111 12663 12663 3092 3110 12664 12664 3090 3108 12665 12665 3093 3111 12666 12666 3094 3112 12667 12667 3092 3110 12668 12668 3095 3113 12669 12669 3092 3110 12670 12670 3094 3112 12671 12671 3095 3113 12672 12672 3094 3112 12673 12673 3096 3114 12674 12674 3097 3115 12675 12675 3096 3114 12676 12676 3094 3112 12677 12677 3097 3115 12678 12678 3098 3116 12679 12679 3096 3114 12680 12680 3099 3117 12681 12681 3096 3114 12682 12682 3098 3116 12683 12683 3099 3117 12684 12684 3098 3116 12685 12685 3081 3099 12686 12686 3083 3101 12687 12687 3081 3099 12688 12688 3098 3116 12689 12689 3102 3118 12690 12690 3101 3119 12691 12691 3100 3120 12692 12692 3103 3121 12693 12693 3100 3120 12694 12694 3101 3119 12695 12695 3102 3118 12696 12696 3100 3120 12697 12697 3104 3122 12698 12698 3105 3123 12699 12699 3104 3122 12700 12700 3100 3120 12701 12701 3105 3123 12702 12702 3106 3124 12703 12703 3104 3122 12704 12704 3107 3125 12705 12705 3104 3122 12706 12706 3106 3124 12707 12707 3107 3125 12708 12708 3106 3124 12709 12709 3108 3126 12710 12710 3109 3127 12711 12711 3108 3126 12712 12712 3106 3124 12713 12713 3108 3126 12714 12714 3109 3127 12715 12715 3110 3128 12716 12716 3111 3129 12717 12717 3110 3128 12718 12718 3109 3127 12719 12719 3110 3128 12720 12720 3111 3129 12721 12721 3112 3130 12722 12722 3113 3131 12723 12723 3112 3130 12724 12724 3111 3129 12725 12725 3113 3131 12726 12726 3114 3132 12727 12727 3112 3130 12728 12728 3115 3133 12729 12729 3112 3130 12730 12730 3114 3132 12731 12731 3114 3132 12732 12732 3116 3134 12733 12733 3115 3133 12734 12734 3117 3135 12735 12735 3115 3133 12736 12736 3116 3134 12737 12737 3116 3134 12738 12738 3118 3136 12739 12739 3117 3135 12740 12740 3119 3137 12741 12741 3117 3135 12742 12742 3118 3136 12743 12743 3119 3137 12744 12744 3118 3136 12745 12745 3101 3119 12746 12746 3103 3121 12747 12747 3101 3119 12748 12748 3118 3136 12749 12749 3122 3138 12750 12750 3121 3139 12751 12751 3120 3140 12752 12752 3121 3139 12753 12753 3123 3141 12754 12754 3120 3140 12755 12755 3124 3142 12756 12756 3123 3141 12757 12757 3121 3139 12758 12758 3125 3143 12759 12759 3123 3141 12760 12760 3124 3142 12761 12761 3126 3144 12762 12762 3123 3141 12763 12763 3125 3143 12764 12764 3123 3141 12765 12765 3127 3145 12766 12766 3120 3140 12767 12767 3128 3146 12768 12768 3127 3145 12769 12769 3123 3141 12770 12770 3127 3145 12771 12771 3129 3147 12772 12772 3120 3140 12773 12773</p>
        </triangles>
      </mesh>
    </geometry>
    <geometry id="Mesh_Goggles-mesh" name="Mesh_Goggles">
      <mesh>
        <source id="Mesh_Goggles-mesh-positions">
          <float_array id="Mesh_Goggles-mesh-positions-array" count="1182">0.03115034 -0.1557577 0.9986429 0.04625111 -0.1518239 1.005488 0.04632019 -0.1518024 0.9962494 0.03108906 -0.1557702 1.008104 0.01565659 -0.1581475 1.000384 0.01561564 -0.1581516 1.009924 0 -0.1589468 1.001689 0 -0.1589468 1.01101 0.06093543 -0.1463539 1.002872 0.06100827 -0.1463226 0.9932032 0.07498794 -0.1394165 0.9998007 0.07506191 -0.1393754 0.9899393 0.08827364 -0.1310757 0.9967297 0.08833491 -0.131033 0.9864579 0.1021279 -0.1199089 0.9918593 0.1022631 -0.1197421 0.9810779 0.1121575 -0.09842479 0.9883171 0.1073282 -0.1100381 0.9773108 0.1091659 -0.105944 0.9672035 0.1150996 -0.09348291 0.970799 0.1094204 -0.1053493 0.9542068 0.1151019 -0.09347075 0.9508545 0.1079146 -0.1087666 0.9452033 0.1121342 -0.09849786 0.9330042 0.1017971 -0.1202931 0.9254695 0.1022127 -0.1198052 0.9396759 0.08833491 -0.131033 0.932713 0.08819836 -0.1311275 0.9187311 0.07506191 -0.1393754 0.929014 0.07495778 -0.139433 0.9132382 0.06100827 -0.1463226 0.9287964 0.06102931 -0.1463135 0.9103959 0.0465722 -0.1517198 0.914709 0.04632019 -0.1518024 0.9361945 0.03146922 -0.1556873 0.9298081 0.03115034 -0.1557577 0.9468563 0.01586037 -0.1581249 0.9449769 0.01565659 -0.1581475 0.954472 0 -0.1589468 0.9503099 0 -0.1589468 0.9575279 0.1028547 -0.1090348 0.9476201 0.1036369 -0.1071355 0.9664075 0.1038429 -0.1066443 0.9548038 0.1023179 -0.1101981 0.9747142 0.09834128 -0.1176233 0.9778273 0.09815955 -0.1178594 0.9428347 0.08511745 -0.1279342 0.9831649 0.08500403 -0.1280227 0.9359683 0.07257407 -0.1357472 0.9324085 0.07231736 -0.1358705 0.9866149 0.05992323 -0.1420421 0.9322069 0.05867379 -0.1425396 0.9898696 0.04653584 -0.1471329 0.9391576 0.04446578 -0.1477776 0.9928985 0.03185772 -0.1511076 0.9498086 0.02984344 -0.1515386 0.9952712 0.01624339 -0.1536428 0.9577251 0.01489597 -0.1538047 0.9969992 0 -0.1545124 0.9609916 0 -0.1545613 0.9982775 0.1200078 -0.06024402 0.9620995 0.1175109 -0.02475476 0.9441521 0.1178609 -0.06021416 0.9383224 0.1191428 -0.02477979 0.9633747 0.1175462 -0.02483081 0.9814088 0.1178733 -0.06026154 0.9840062 0.1101309 0.01097297 0.9497728 0.1116178 0.01183223 0.9646584 0.1151019 -0.09347075 0.9508545 0.1121342 -0.09849786 0.9330042 0.1101908 0.0109694 0.9792711 0.1150996 -0.09348291 0.970799 0.1121575 -0.09842479 0.9883171 0.1005011 0.02333444 0.9516611 0.1015645 0.02469152 0.9646465 0.1005479 0.02336955 0.9782863 0.09009778 0.02742123 0.9530302 0.09035772 0.02870458 0.9646657 0.09012264 0.02744585 0.9773509 0.0816316 0.02377635 0.9518281 0.08102166 0.02426064 0.9647505 0.08161252 0.02375662 0.9772979 0 -0.1201986 1.010285 0.01556068 -0.1200188 0.9449769 0.03827923 -0.1190322 1.006314 0 -0.1205393 0.9503099 0.03810393 -0.1190463 0.9222585 0.06640487 -0.1164511 1.000206 0.06638896 -0.1164541 0.911817 0.08409714 -0.1105172 0.9957277 0.08419871 -0.1104271 0.9221386 0.09441787 -0.09284776 0.9914407 0.09442949 -0.09281122 0.9317483 0.1014192 -0.05888015 0.9378746 0.1014129 -0.05885642 0.9868931 0.1017808 -0.02679395 0.9442284 0.1017632 -0.02675592 0.9834457 0.09564399 0.004496216 0.9486258 0.09561401 0.004498004 0.9811369 0.09035193 0.0155493 0.9507089 0.09032857 0.01553177 0.9799408 0.08102166 0.02426064 0.9647505 0.08161252 0.02375662 0.9772979 0.0816316 0.02377635 0.9518281 0.03108906 -0.1557702 1.008104 0.03827923 -0.1190322 1.006314 0.04625111 -0.1518239 1.005488 0.01561564 -0.1581516 1.009924 0 -0.1201986 1.010285 0 -0.1589468 1.01101 0.06640487 -0.1164511 1.000206 0.06093543 -0.1463539 1.002872 0.07498794 -0.1394165 0.9998007 0.08409714 -0.1105172 0.9957277 0.08827364 -0.1310757 0.9967297 0.1021279 -0.1199089 0.9918593 0.09441787 -0.09284776 0.9914407 0.1121575 -0.09842479 0.9883171 0 -0.1205393 0.9503099 0.01586037 -0.1581249 0.9449769 0.01556068 -0.1200188 0.9449769 0 -0.1589468 0.9503099 0.03146922 -0.1556873 0.9298081 0.03810393 -0.1190463 0.9222585 0.0465722 -0.1517198 0.914709 0.06102931 -0.1463135 0.9103959 0.06638896 -0.1164541 0.911817 0.07495778 -0.139433 0.9132382 0.08819836 -0.1311275 0.9187311 0.08419871 -0.1104271 0.9221386 0.1017971 -0.1202931 0.9254695 0.1121342 -0.09849786 0.9330042 0.09442949 -0.09281122 0.9317483 0.1014192 -0.05888015 0.9378746 0.1175109 -0.02475476 0.9441521 0.1017808 -0.02679395 0.9442284 0.1178609 -0.06021416 0.9383224 0.1101309 0.01097297 0.9497728 0.09564399 0.004496216 0.9486258 0.09442949 -0.09281122 0.9317483 0.1121342 -0.09849786 0.9330042 0.1005011 0.02333444 0.9516611 0.09035193 0.0155493 0.9507089 0.09009778 0.02742123 0.9530302 0.0816316 0.02377635 0.9518281 0.1017632 -0.02675592 0.9834457 0.1178733 -0.06026154 0.9840062 0.1014129 -0.05885642 0.9868931 0.1175462 -0.02483081 0.9814088 0.09561401 0.004498004 0.9811369 0.1101908 0.0109694 0.9792711 0.1121575 -0.09842479 0.9883171 0.09441787 -0.09284776 0.9914407 0.09032857 0.01553177 0.9799408 0.1005479 0.02336955 0.9782863 0.09012264 0.02744585 0.9773509 0.08161252 0.02375662 0.9772979 0.04632019 -0.1518024 0.9962494 0.02984344 -0.1515386 0.9952712 0.03115034 -0.1557577 0.9986429 0.04446578 -0.1477776 0.9928985 0.01489597 -0.1538047 0.9969992 0.01565659 -0.1581475 1.000384 0 -0.1545613 0.9982775 0 -0.1589468 1.001689 0.06100827 -0.1463226 0.9932032 0.05867379 -0.1425396 0.9898696 0.07506191 -0.1393754 0.9899393 0.07231736 -0.1358705 0.9866149 0.08833491 -0.131033 0.9864579 0.08511745 -0.1279342 0.9831649 0.1022631 -0.1197421 0.9810779 0.09834128 -0.1176233 0.9778273 0.1073282 -0.1100381 0.9773108 0.1023179 -0.1101981 0.9747142 0.1091659 -0.105944 0.9672035 0.1036369 -0.1071355 0.9664075 0.1094204 -0.1053493 0.9542068 0.1038429 -0.1066443 0.9548038 0.1079146 -0.1087666 0.9452033 0.1028547 -0.1090348 0.9476201 0.1022127 -0.1198052 0.9396759 0.09815955 -0.1178594 0.9428347 0.08833491 -0.131033 0.932713 0.08500403 -0.1280227 0.9359683 0.07506191 -0.1393754 0.929014 0.07257407 -0.1357472 0.9324085 0.06100827 -0.1463226 0.9287964 0.05992323 -0.1420421 0.9322069 0.04632019 -0.1518024 0.9361945 0.04653584 -0.1471329 0.9391576 0.03115034 -0.1557577 0.9468563 0.03185772 -0.1511076 0.9498086 0.01565659 -0.1581475 0.954472 0.01624339 -0.1536428 0.9577251 0 -0.1589468 0.9575279 0 -0.1545124 0.9609916 -0.03115034 -0.1557577 0.9986429 -0.04625111 -0.1518239 1.005488 -0.03108906 -0.1557702 1.008104 -0.04632019 -0.1518024 0.9962494 -0.01565659 -0.1581475 1.000384 -0.01561564 -0.1581516 1.009924 0 -0.1589468 1.001689 0 -0.1589468 1.01101 -0.06093543 -0.1463539 1.002872 -0.06100827 -0.1463226 0.9932032 -0.07498794 -0.1394165 0.9998007 -0.07506191 -0.1393754 0.9899393 -0.08827364 -0.1310757 0.9967297 -0.08833491 -0.131033 0.9864579 -0.1021279 -0.1199089 0.9918593 -0.1022631 -0.1197421 0.9810779 -0.1121575 -0.09842479 0.9883171 -0.1073282 -0.1100381 0.9773108 -0.1091659 -0.105944 0.9672035 -0.1150996 -0.09348291 0.970799 -0.1094204 -0.1053493 0.9542068 -0.1151019 -0.09347075 0.9508545 -0.1079146 -0.1087666 0.9452033 -0.1121342 -0.09849786 0.9330042 -0.1017971 -0.1202931 0.9254695 -0.1022127 -0.1198052 0.9396759 -0.08833491 -0.131033 0.932713 -0.08819836 -0.1311275 0.9187311 -0.07506191 -0.1393754 0.929014 -0.07495778 -0.139433 0.9132382 -0.06100827 -0.1463226 0.9287964 -0.06102931 -0.1463135 0.9103959 -0.0465722 -0.1517198 0.914709 -0.04632019 -0.1518024 0.9361945 -0.03146922 -0.1556873 0.9298081 -0.03115034 -0.1557577 0.9468563 -0.01586037 -0.1581249 0.9449769 -0.01565659 -0.1581475 0.954472 0 -0.1589468 0.9503099 0 -0.1589468 0.9575279 -0.1028547 -0.1090348 0.9476201 -0.09834128 -0.1176233 0.9778273 -0.09815955 -0.1178594 0.9428347 -0.1023179 -0.1101981 0.9747142 -0.1036369 -0.1071355 0.9664075 -0.1038429 -0.1066443 0.9548038 -0.08511745 -0.1279342 0.9831649 -0.08500403 -0.1280227 0.9359683 -0.07257407 -0.1357472 0.9324085 -0.07231736 -0.1358705 0.9866149 -0.05992323 -0.1420421 0.9322069 -0.05867379 -0.1425396 0.9898696 -0.04653584 -0.1471329 0.9391576 -0.04446578 -0.1477776 0.9928985 -0.03185772 -0.1511076 0.9498086 -0.02984344 -0.1515386 0.9952712 -0.01624339 -0.1536428 0.9577251 -0.01489597 -0.1538047 0.9969992 0 -0.1545124 0.9609916 0 -0.1545613 0.9982775 -0.1200078 -0.06024402 0.9620995 -0.1175109 -0.02475476 0.9441521 -0.1191428 -0.02477979 0.9633747 -0.1178609 -0.06021416 0.9383224 -0.1175462 -0.02483081 0.9814088 -0.1178733 -0.06026154 0.9840062 -0.1101309 0.01097297 0.9497728 -0.1116178 0.01183223 0.9646584 -0.1151019 -0.09347075 0.9508545 -0.1121342 -0.09849786 0.9330042 -0.1101908 0.0109694 0.9792711 -0.1150996 -0.09348291 0.970799 -0.1121575 -0.09842479 0.9883171 -0.1005011 0.02333444 0.9516611 -0.1015645 0.02469152 0.9646465 -0.1005479 0.02336955 0.9782863 -0.09009778 0.02742123 0.9530302 -0.09035772 0.02870458 0.9646657 -0.09012264 0.02744585 0.9773509 -0.0816316 0.02377635 0.9518281 -0.08102166 0.02426064 0.9647505 -0.08161252 0.02375662 0.9772979 0 -0.1201986 1.010285 -0.03827923 -0.1190322 1.006314 -0.01556068 -0.1200188 0.9449769 0 -0.1205393 0.9503099 -0.03810393 -0.1190463 0.9222585 -0.06640487 -0.1164511 1.000206 -0.06638896 -0.1164541 0.911817 -0.08409714 -0.1105172 0.9957277 -0.08419871 -0.1104271 0.9221386 -0.09441787 -0.09284776 0.9914407 -0.09442949 -0.09281122 0.9317483 -0.1014192 -0.05888015 0.9378746 -0.1014129 -0.05885642 0.9868931 -0.1017808 -0.02679395 0.9442284 -0.1017632 -0.02675592 0.9834457 -0.09564399 0.004496216 0.9486258 -0.09561401 0.004498004 0.9811369 -0.09035193 0.0155493 0.9507089 -0.09032857 0.01553177 0.9799408 -0.08102166 0.02426064 0.9647505 -0.08161252 0.02375662 0.9772979 -0.0816316 0.02377635 0.9518281 -0.03108906 -0.1557702 1.008104 -0.04625111 -0.1518239 1.005488 -0.03827923 -0.1190322 1.006314 -0.01561564 -0.1581516 1.009924 0 -0.1201986 1.010285 0 -0.1589468 1.01101 -0.06640487 -0.1164511 1.000206 -0.06093543 -0.1463539 1.002872 -0.07498794 -0.1394165 0.9998007 -0.08409714 -0.1105172 0.9957277 -0.08827364 -0.1310757 0.9967297 -0.1021279 -0.1199089 0.9918593 -0.09441787 -0.09284776 0.9914407 -0.1121575 -0.09842479 0.9883171 0 -0.1205393 0.9503099 -0.01586037 -0.1581249 0.9449769 0 -0.1589468 0.9503099 -0.01556068 -0.1200188 0.9449769 -0.03146922 -0.1556873 0.9298081 -0.03810393 -0.1190463 0.9222585 -0.0465722 -0.1517198 0.914709 -0.06102931 -0.1463135 0.9103959 -0.06638896 -0.1164541 0.911817 -0.07495778 -0.139433 0.9132382 -0.08819836 -0.1311275 0.9187311 -0.08419871 -0.1104271 0.9221386 -0.1017971 -0.1202931 0.9254695 -0.1121342 -0.09849786 0.9330042 -0.09442949 -0.09281122 0.9317483 -0.1014192 -0.05888015 0.9378746 -0.1175109 -0.02475476 0.9441521 -0.1178609 -0.06021416 0.9383224 -0.1017808 -0.02679395 0.9442284 -0.1101309 0.01097297 0.9497728 -0.09564399 0.004496216 0.9486258 -0.09442949 -0.09281122 0.9317483 -0.1121342 -0.09849786 0.9330042 -0.1005011 0.02333444 0.9516611 -0.09035193 0.0155493 0.9507089 -0.09009778 0.02742123 0.9530302 -0.0816316 0.02377635 0.9518281 -0.1017632 -0.02675592 0.9834457 -0.1178733 -0.06026154 0.9840062 -0.1175462 -0.02483081 0.9814088 -0.1014129 -0.05885642 0.9868931 -0.09561401 0.004498004 0.9811369 -0.1101908 0.0109694 0.9792711 -0.1121575 -0.09842479 0.9883171 -0.09441787 -0.09284776 0.9914407 -0.09032857 0.01553177 0.9799408 -0.1005479 0.02336955 0.9782863 -0.09012264 0.02744585 0.9773509 -0.08161252 0.02375662 0.9772979 -0.04632019 -0.1518024 0.9962494 -0.02984344 -0.1515386 0.9952712 -0.04446578 -0.1477776 0.9928985 -0.03115034 -0.1557577 0.9986429 -0.01489597 -0.1538047 0.9969992 -0.01565659 -0.1581475 1.000384 0 -0.1545613 0.9982775 0 -0.1589468 1.001689 -0.06100827 -0.1463226 0.9932032 -0.05867379 -0.1425396 0.9898696 -0.07506191 -0.1393754 0.9899393 -0.07231736 -0.1358705 0.9866149 -0.08833491 -0.131033 0.9864579 -0.08511745 -0.1279342 0.9831649 -0.1022631 -0.1197421 0.9810779 -0.09834128 -0.1176233 0.9778273 -0.1073282 -0.1100381 0.9773108 -0.1023179 -0.1101981 0.9747142 -0.1091659 -0.105944 0.9672035 -0.1036369 -0.1071355 0.9664075 -0.1094204 -0.1053493 0.9542068 -0.1038429 -0.1066443 0.9548038 -0.1079146 -0.1087666 0.9452033 -0.1028547 -0.1090348 0.9476201 -0.1022127 -0.1198052 0.9396759 -0.09815955 -0.1178594 0.9428347 -0.08833491 -0.131033 0.932713 -0.08500403 -0.1280227 0.9359683 -0.07506191 -0.1393754 0.929014 -0.07257407 -0.1357472 0.9324085 -0.06100827 -0.1463226 0.9287964 -0.05992323 -0.1420421 0.9322069 -0.04632019 -0.1518024 0.9361945 -0.04653584 -0.1471329 0.9391576 -0.03115034 -0.1557577 0.9468563 -0.03185772 -0.1511076 0.9498086 -0.01565659 -0.1581475 0.954472 -0.01624339 -0.1536428 0.9577251 0 -0.1589468 0.9575279 0 -0.1545124 0.9609916</float_array>
          <technique_common>
            <accessor source="#Mesh_Goggles-mesh-positions-array" count="394" stride="3">
              <param name="X" type="float"/>
              <param name="Y" type="float"/>
              <param name="Z" type="float"/>
            </accessor>
          </technique_common>
        </source>
        <source id="Mesh_Goggles-mesh-normals">
          <float_array id="Mesh_Goggles-mesh-normals-array" count="1182">0.3066152 -0.9518336 -8.45533e-5 0.2956746 -0.9552888 1.13053e-4 0.2067911 -0.9783852 -8.30707e-5 0.1976337 -0.9802761 8.70445e-5 0.1049649 -0.994476 -7.6112e-5 0.09849792 -0.9951373 3.21678e-5 7.75355e-6 -1 -6.85691e-5 1.94311e-5 -1 -1.61416e-7 0.3909246 -0.9204227 1.20242e-4 0.4027932 -0.915291 -8.6121e-5 0.4822687 -0.8760235 1.32892e-4 0.4943069 -0.8692875 -7.28785e-5 0.5733749 -0.8192932 1.70563e-4 0.5888656 -0.8082306 -7.05218e-4 0.7674701 -0.6410846 5.3417e-4 0.8141183 -0.5805107 0.01480019 0.9447976 -0.3212215 0.0646097 0.9079035 -0.4170959 0.0417422 0.9061494 -0.4228712 0.008564054 0.9605914 -0.273944 0.04710519 0.9029062 -0.4298068 0.005136787 0.9622445 -0.2684607 -0.04488247 0.9050675 -0.424705 -0.02187818 0.9445372 -0.3212864 -0.06800401 0.7478145 -0.6638717 -0.006913304 0.8114971 -0.5843451 -0.003673672 0.5880609 -0.8088145 0.001907229 0.5676515 -0.8232691 -2.61936e-4 0.4915118 -0.8708709 1.65424e-4 0.4799337 -0.8773047 -5.86066e-5 0.391429 -0.9202083 2.4046e-4 0.3986924 -0.9170848 1.16414e-6 0.3215146 -0.9469047 -8.86879e-5 0.2861915 -0.9581725 1.2067e-4 0.2283064 -0.9735894 -3.01893e-4 0.1850396 -0.9827311 -1.84342e-4 0.1183583 -0.992971 -3.54263e-4 0.09004443 -0.9959377 -2.3487e-4 3.62331e-6 -1 -3.88112e-4 5.00679e-6 -1 2.68254e-6 0.92393 -0.3825616 2.05973e-4 0.9200201 -0.391869 0.001309931 0.8899386 -0.456079 -0.001234233 0.8870953 -0.4615811 -0.002243161 0.7359405 -0.6770461 3.06461e-4 0.7250902 -0.688654 -2.38487e-4 0.563941 -0.8258146 9.18223e-4 0.5613492 -0.8275791 2.03354e-4 0.4836636 -0.875254 2.12199e-4 0.4780869 -0.8783119 0.00111711 0.4083962 -0.9128049 6.5659e-5 0.3873745 -0.9219208 0.001738488 0.3254591 -0.945556 -4.95258e-4 0.2925923 -0.956236 0.001593947 0.2267881 -0.9739431 -0.0014472 0.1953324 -0.9807366 9.92324e-4 0.1165718 -0.9931805 -0.001924633 0.09647893 -0.9953351 -3.58045e-4 3.19018e-5 -0.9999979 -0.002079844 1.18539e-5 -0.9999992 -0.001309454 0.9938778 -0.0548408 -0.09591281 0.9900723 0.1119589 -0.08498352 0.9986952 -0.05098664 0.002894639 0.9932187 0.116249 0.001655161 0.9899475 0.1094711 0.08955484 0.9930985 -0.05848652 0.1016605 0.9072321 0.4060839 -0.1096627 0.9062851 0.4226656 -0.001147687 0.9622654 -0.2683833 -0.04489809 0.9445518 -0.3212395 -0.06802356 0.9063878 0.4076954 0.1106608 0.9606073 -0.2738859 0.04711902 0.944814 -0.3211681 0.06463348 0.6007083 0.7892003 -0.1277208 0.5871062 0.8095006 -0.003893733 0.5937702 0.7961063 0.1168412 -0.02757239 0.9931853 -0.1132376 -0.03725636 0.9993026 0.002524495 -0.023947 0.9956595 0.08993703 -0.4047356 0.9113733 -0.07475155 -0.423416 0.9058922 0.00885576 -0.3974257 0.9159539 0.05550974 -0.05949813 0.9982264 -0.002009868 -0.03899449 0.9992366 -0.002387225 0 0.9999886 -0.004791855 -5.81145e-7 0.9999839 -0.005679965 -0.07736325 0.997003 -2.98333e-5 -0.1896382 0.9818541 1.93409e-5 -0.1996473 0.9798679 2.6144e-4 -0.5894899 0.8077757 -1.96628e-4 -0.5445703 0.8387151 4.76192e-4 -0.9276209 0.3735229 -3.29968e-4 -0.9233816 0.3838835 5.46595e-5 -0.9929707 0.1183609 -1.24936e-4 -0.9934893 0.1139256 -2.66429e-4 -0.996761 -0.08042079 -2.54717e-4 -0.9963189 -0.0857228 -5.18806e-4 -0.9530398 -0.3028443 -6.62056e-4 -0.9512174 -0.3085204 -9.20986e-4 -0.816076 -0.5779415 -0.001902043 -0.8184472 -0.5745817 -8.73805e-5 -0.6847466 -0.7287805 -0.001049697 -0.6868173 -0.7268233 0.003147721 -0.6865755 -0.7270403 -0.005159139 0.1743429 0.02834165 0.9842771 0.1599885 0.02688139 0.9867528 0.1324734 0.02235978 0.9909344 0.09161925 0.02510285 0.9954777 3.65451e-5 0.02929919 0.9995707 2.25844e-5 0.0186848 0.9998254 0.2071053 0.05234676 0.9769173 0.1640265 0.05777502 0.9847626 0.1930327 0.06296163 0.9791702 0.2363795 0.08437776 0.9679903 0.2048934 0.08912611 0.9747181 0.2390483 0.08764135 0.9670445 0.2107145 0.08335483 0.9739874 0.194146 0.07923299 0.9777677 -0.5310683 -0.007998704 -0.8472913 -0.5118404 -0.003023684 -0.8590753 -2.76759e-5 -0.001990735 -0.9999981 -6.28531e-5 2.13945e-5 -1 -0.7028582 -0.01328426 -0.711206 -0.5701611 0.03906118 -0.8206038 -0.5234588 0.06070202 -0.8498861 -0.1786212 0.08982545 -0.9798091 0.07368421 0.1242409 -0.9895125 0.263781 0.03875648 -0.9638038 0.3531793 0.16548 -0.9208045 0.326254 0.2404235 -0.9141963 0.2886471 0.1986614 -0.9365984 0.1732862 0.2084839 -0.962552 0.142929 0.2659419 -0.9533343 -0.02243453 0.1719828 -0.9848445 -0.01657193 0.167434 -0.985744 0.03142017 0.1701428 -0.9849185 0.05106139 0.1583919 -0.9860553 0.005360066 0.1508498 -0.9885421 0.002591907 0.1513437 -0.9884779 0.1429014 0.2659043 -0.9533489 0.173225 0.2084105 -0.962579 -0.02818918 0.1733249 -0.9844612 -0.02043324 0.1798032 -0.9834904 0.001185059 0.1919146 -0.9814109 0.05609393 0.1927445 -0.9796444 0.1826987 0.09404528 0.9786607 0.170646 0.08916646 0.9812896 0.1260113 0.08861654 0.988063 0.113798 0.08230781 0.9900887 0.08275145 0.1087956 0.9906138 0.07817399 0.1053533 0.9913575 0.194146 0.07922309 0.9777684 0.2107191 0.08335101 0.9739868 0.009910166 0.1715399 0.9851273 0.03576385 0.161553 0.9862158 -0.05122864 0.2112988 0.9760781 -0.09702289 0.2098196 0.9729144 0.02065503 -0.6192122 -0.7849521 0.02042829 -0.6216135 -0.7830578 0.05249321 -0.6231558 -0.7803341 0.0526182 -0.6261876 -0.7778949 -0.0151332 -0.6172695 -0.7866063 -0.01483422 -0.6157459 -0.7878052 1.71212e-6 -0.6149882 -0.7885364 -3.95477e-5 -0.6140198 -0.7892908 0.09566307 -0.622446 -0.7767945 0.09629863 -0.6258547 -0.7739719 0.149176 -0.6144408 -0.7747316 0.1503446 -0.6182774 -0.7714464 0.1884928 -0.6138858 -0.7665603 0.1922082 -0.6210144 -0.7598665 0.3003042 -0.5821887 -0.755562 0.3111655 -0.5879044 -0.746689 0.3137934 -0.7555731 -0.5750156 0.3235725 -0.7622673 -0.5605795 0.2244536 -0.957939 -0.178811 0.2318885 -0.957593 -0.1710074 0.2370475 -0.9618127 0.1368395 0.2281977 -0.964586 0.1322869 0.3103318 -0.7829948 0.5390859 0.2887535 -0.7932513 0.5360727 0.270524 -0.635352 0.7232874 0.2563798 -0.6311161 0.7320942 0.1609411 -0.6456808 0.7464545 0.1504098 -0.6419605 0.7518402 0.2142747 -0.5873368 0.7804627 0.2119849 -0.5865516 0.7816774 0.4012073 -0.5060701 0.7634958 0.4034046 -0.508463 0.7607433 0.5636965 -0.4577965 0.687509 0.56582 -0.4641598 0.6814715 0.5189342 -0.5091104 0.6866687 0.5186062 -0.5165556 0.6813355 0.3173995 -0.578669 0.7512655 0.3167709 -0.5835736 0.7477286 1.49342e-5 -0.6126931 0.7903209 3.82811e-5 -0.6155709 0.7880816 -0.1976337 -0.9802761 8.70445e-5 -0.2956746 -0.9552888 1.13053e-4 -0.2067911 -0.9783852 -8.30706e-5 -0.3066152 -0.9518336 -8.45533e-5 -0.1049649 -0.994476 -7.6112e-5 -0.09849792 -0.9951373 3.21678e-5 -7.75605e-6 -1 -7.08666e-5 -1.94291e-5 -1 2.0836e-6 -0.3909246 -0.9204227 1.20242e-4 -0.4027932 -0.915291 -8.6121e-5 -0.4822687 -0.8760235 1.32892e-4 -0.4943069 -0.8692875 -7.28785e-5 -0.5733749 -0.8192932 1.70563e-4 -0.5888656 -0.8082306 -7.05218e-4 -0.7674701 -0.6410846 5.3417e-4 -0.8141183 -0.5805107 0.01480019 -0.9447982 -0.3212204 0.06460601 -0.9079035 -0.4170959 0.0417422 -0.9061494 -0.4228712 0.008564054 -0.9605922 -0.2739427 0.04709798 -0.9029062 -0.4298068 0.005136787 -0.9622438 -0.2684621 -0.04488956 -0.9050675 -0.424705 -0.02187818 -0.9445374 -0.3212861 -0.06800276 -0.7478145 -0.6638717 -0.006913244 -0.8114971 -0.5843451 -0.003673672 -0.5880609 -0.8088145 0.001907229 -0.5676515 -0.8232691 -2.61936e-4 -0.4915118 -0.8708709 1.65424e-4 -0.4799337 -0.8773047 -5.86066e-5 -0.391429 -0.9202083 2.4046e-4 -0.3986924 -0.9170848 1.16414e-6 -0.3215146 -0.9469047 -8.86879e-5 -0.2861916 -0.9581725 1.2067e-4 -0.2283064 -0.9735894 -3.01893e-4 -0.1850396 -0.9827311 -1.84342e-4 -0.1183583 -0.992971 -3.54263e-4 -0.09004443 -0.9959377 -2.3487e-4 -3.62098e-6 -1 -3.92911e-4 -5.00621e-6 -1 3.04077e-6 -0.7250902 -0.688654 -2.38487e-4 -0.7359406 -0.677046 3.06452e-4 -0.8899388 -0.4560784 -0.001234233 -0.8870956 -0.4615804 -0.00224322 -0.9200212 -0.3918665 0.001309871 -0.9239313 -0.3825587 2.05974e-4 -0.5639411 -0.8258146 9.18223e-4 -0.5613492 -0.8275791 2.03354e-4 -0.4836636 -0.875254 2.12199e-4 -0.4780869 -0.8783119 0.00111711 -0.4083963 -0.9128049 6.5659e-5 -0.3873745 -0.9219208 0.001738488 -0.3254591 -0.9455561 -4.95258e-4 -0.2925924 -0.956236 0.001593947 -0.2267881 -0.9739431 -0.0014472 -0.1953324 -0.9807366 9.92324e-4 -0.1165718 -0.9931805 -0.001924633 -0.09647893 -0.9953351 -3.58045e-4 -3.19034e-5 -0.9999979 -0.002080142 -1.18526e-5 -0.9999992 -0.001307189 -0.9932187 0.116249 0.001655161 -0.9900723 0.1119589 -0.08498352 -0.9986952 -0.0509867 0.002894639 -0.9938778 -0.0548408 -0.09591281 -0.9899475 0.1094711 0.0895549 -0.9930985 -0.05848652 0.1016605 -0.9072321 0.4060839 -0.1096627 -0.9062851 0.4226655 -0.001147687 -0.9622647 -0.2683846 -0.04490417 -0.9445555 -0.3212333 -0.06800121 -0.9063878 0.4076953 0.1106608 -0.9606091 -0.2738829 0.0471006 -0.9448155 -0.3211657 0.06462514 -0.6007083 0.7892003 -0.1277208 -0.5871062 0.8095006 -0.003893733 -0.5937702 0.7961063 0.1168412 0.02757239 0.9931854 -0.1132377 0.03725641 0.9993026 0.002524495 0.023947 0.9956595 0.08993703 0.4047356 0.9113733 -0.07475155 0.423416 0.9058922 0.00885576 0.3974257 0.9159539 0.05550974 0.03899449 0.9992366 -0.002387166 0.05949813 0.9982264 -0.002009928 0 0.9999886 -0.004790604 6.15139e-7 0.9999839 -0.005682647 0.07736325 0.997003 -2.9805e-5 0.1896382 0.9818541 1.93409e-5 0.1996473 0.9798679 2.6144e-4 0.5894899 0.8077757 -1.96628e-4 0.5445703 0.8387151 4.76192e-4 0.9276209 0.3735229 -3.29968e-4 0.9233816 0.3838835 5.46595e-5 0.9929707 0.1183609 -1.24936e-4 0.9934893 0.1139256 -2.66429e-4 0.996761 -0.08042079 -2.54717e-4 0.9963189 -0.0857228 -5.18806e-4 0.9530398 -0.3028443 -6.62056e-4 0.9512174 -0.3085204 -9.20986e-4 0.8160759 -0.5779417 -0.001902043 0.818447 -0.5745822 -8.73601e-5 0.684746 -0.7287811 -0.001049637 0.6868156 -0.7268249 0.00314778 0.6865745 -0.7270413 -0.005159139 -0.159989 0.02688139 0.9867528 -0.1743446 0.02834165 0.9842768 -0.1324746 0.02235978 0.9909343 -0.09161764 0.02510285 0.9954778 -3.55414e-5 0.02929627 0.9995708 -1.84849e-5 0.0186876 0.9998254 -0.2071049 0.05234676 0.9769173 -0.1640259 0.05777502 0.9847628 -0.1930314 0.06296169 0.9791705 -0.2363783 0.08437776 0.9679906 -0.2048915 0.08912616 0.9747185 -0.2390461 0.08764135 0.967045 -0.2107139 0.08335369 0.9739876 -0.1941462 0.07923299 0.9777675 6.28771e-5 -1.23223e-5 -1 0.5118404 -0.003023684 -0.8590753 2.77162e-5 -0.001984775 -0.999998 0.5310683 -0.007998704 -0.8472914 0.7028577 -0.01328426 -0.7112065 0.5701608 0.03906118 -0.820604 0.523458 0.06070196 -0.8498865 0.1786205 0.08982545 -0.9798093 -0.07368457 0.1242409 -0.9895125 -0.2637823 0.03875654 -0.9638034 -0.3531793 0.1654801 -0.9208044 -0.326254 0.2404236 -0.9141964 -0.2886472 0.1986615 -0.9365984 -0.1732773 0.2084906 -0.9625523 -0.1429161 0.2659471 -0.9533348 -0.05106139 0.1583919 -0.9860553 0.01657193 0.167434 -0.985744 -0.03142017 0.1701428 -0.9849185 0.02243453 0.1719829 -0.9848445 -0.005360066 0.1508498 -0.9885421 -0.002591907 0.1513437 -0.9884779 -0.1429004 0.2659047 -0.9533489 -0.1732226 0.2084122 -0.962579 0.02818918 0.1733248 -0.9844613 0.02043426 0.1798031 -0.9834904 -0.001182794 0.1919145 -0.981411 -0.0560894 0.1927445 -0.9796447 -0.113798 0.08230781 0.9900887 -0.170646 0.08916652 0.9812896 -0.1260113 0.08861654 0.988063 -0.1826987 0.09404528 0.9786607 -0.08275145 0.1087956 0.9906138 -0.07817399 0.1053533 0.9913575 -0.1941471 0.07922309 0.9777683 -0.2107193 0.08335149 0.9739866 -0.009910166 0.1715398 0.9851275 -0.03576385 0.1615529 0.9862159 0.05122864 0.2112987 0.9760782 0.09702289 0.2098195 0.9729145 -0.0526182 -0.6261875 -0.777895 -0.02042829 -0.6216135 -0.7830578 -0.05249321 -0.6231558 -0.7803341 -0.02065503 -0.6192121 -0.7849521 0.0151332 -0.6172695 -0.7866063 0.01483422 -0.6157459 -0.7878053 -1.71736e-6 -0.614988 -0.7885366 3.95494e-5 -0.6140185 -0.7892917 -0.09566307 -0.622446 -0.7767946 -0.09629863 -0.6258547 -0.7739719 -0.149176 -0.6144408 -0.7747316 -0.1503446 -0.6182775 -0.7714464 -0.1884928 -0.6138858 -0.7665603 -0.1922082 -0.6210144 -0.7598665 -0.3003042 -0.5821887 -0.7555619 -0.3111655 -0.5879044 -0.7466891 -0.3137934 -0.7555731 -0.5750156 -0.3235725 -0.7622673 -0.5605795 -0.2244536 -0.957939 -0.178811 -0.2318885 -0.957593 -0.1710074 -0.2370475 -0.9618127 0.1368395 -0.2281977 -0.964586 0.1322869 -0.3103318 -0.7829948 0.5390859 -0.2887535 -0.7932513 0.5360726 -0.270524 -0.635352 0.7232874 -0.2563798 -0.6311161 0.7320942 -0.1609411 -0.6456808 0.7464545 -0.1504098 -0.6419605 0.7518402 -0.2142747 -0.5873368 0.7804627 -0.2119849 -0.5865516 0.7816774 -0.4012074 -0.5060701 0.7634958 -0.4034046 -0.508463 0.7607432 -0.5636965 -0.4577966 0.687509 -0.56582 -0.4641598 0.6814715 -0.5189343 -0.5091104 0.6866687 -0.5186062 -0.5165556 0.6813356 -0.3173995 -0.578669 0.7512655 -0.3167709 -0.5835736 0.7477287 -1.49161e-5 -0.6126998 0.7903158 -3.82887e-5 -0.6155643 0.7880867</float_array>
          <technique_common>
            <accessor source="#Mesh_Goggles-mesh-normals-array" count="394" stride="3">
              <param name="X" type="float"/>
              <param name="Y" type="float"/>
              <param name="Z" type="float"/>
            </accessor>
          </technique_common>
        </source>
        <source id="Mesh_Goggles-mesh-map-0">
          <float_array id="Mesh_Goggles-mesh-map-0-array" count="2208">0.213253 0.8232356 0.2062337 0.8615848 0.1468713 0.818356 0.1407415 0.8586212 0.1468713 0.818356 0.2062337 0.8615848 0.1468713 0.818356 0.1407415 0.8586212 0.08164614 0.8138012 0.07772082 0.8560308 0.08164614 0.8138012 0.1407415 0.8586212 0.08164614 0.8138012 0.07772082 0.8560308 0.01683628 0.8144522 0.01643663 0.8557242 0.01683628 0.8144522 0.07772082 0.8560308 0.2062337 0.8615848 0.213253 0.8232356 0.2734839 0.8635526 0.2809213 0.8236863 0.2734839 0.8635526 0.213253 0.8232356 0.2734839 0.8635526 0.2809213 0.8236863 0.3418749 0.8620479 0.3490792 0.8201942 0.3418749 0.8620479 0.2809213 0.8236863 0.3418749 0.8620479 0.3490792 0.8201942 0.4101631 0.8562237 0.4174527 0.8122907 0.4101631 0.8562237 0.3490792 0.8201942 0.4101631 0.8562237 0.4174527 0.8122907 0.4876362 0.8412129 0.4971638 0.7959781 0.4876362 0.8412129 0.4174527 0.8122907 0.4876362 0.8412129 0.4971638 0.7959781 0.5887722 0.8436804 0.5469028 0.7823346 0.5887722 0.8436804 0.4971638 0.7959781 0.5469028 0.7823346 0.5737081 0.7367414 0.5887722 0.8436804 0.6281716 0.7610946 0.5887722 0.8436804 0.5737081 0.7367414 0.5737081 0.7367414 0.5840042 0.6750627 0.6281716 0.7610946 0.6395521 0.6660396 0.6281716 0.7610946 0.5840042 0.6750627 0.5840042 0.6750627 0.5721854 0.629801 0.6395521 0.6660396 0.6201334 0.5738064 0.6395521 0.6660396 0.5721854 0.629801 0.6201334 0.5738064 0.5721854 0.629801 0.5195401 0.5363593 0.5218501 0.5986052 0.5195401 0.5363593 0.5721854 0.629801 0.5218501 0.5986052 0.4489216 0.5628276 0.5195401 0.5363593 0.4530229 0.5039392 0.5195401 0.5363593 0.4489216 0.5628276 0.4489216 0.5628276 0.3841741 0.5443187 0.4530229 0.5039392 0.3870852 0.4780529 0.4530229 0.5039392 0.3841741 0.5443187 0.3841741 0.5443187 0.3171108 0.5390387 0.3870852 0.4780529 0.3308352 0.4691236 0.3870852 0.4780529 0.3171108 0.5390387 0.3308352 0.4691236 0.3171108 0.5390387 0.2692584 0.4785948 0.2426149 0.5549368 0.2692584 0.4785948 0.3171108 0.5390387 0.2692584 0.4785948 0.2426149 0.5549368 0.189293 0.5051148 0.1683657 0.5715354 0.189293 0.5051148 0.2426149 0.5549368 0.189293 0.5051148 0.1683657 0.5715354 0.09958982 0.5315611 0.08797788 0.5813593 0.09958982 0.5315611 0.1683657 0.5715354 0.09958982 0.5315611 0.08797788 0.5813593 0.01781666 0.5414537 0.01750022 0.5830673 0.01781666 0.5414537 0.08797788 0.5813593 0.5587584 0.6774789 0.550341 0.728195 0.5517699 0.6455169 0.550341 0.728195 0.531648 0.7624689 0.5517699 0.6455169 0.531648 0.7624689 0.4928869 0.7734375 0.5517699 0.6455169 0.4928869 0.7734375 0.5105085 0.6199285 0.5517699 0.6455169 0.4928869 0.7734375 0.4152177 0.7894651 0.5105085 0.6199285 0.440243 0.5840892 0.5105085 0.6199285 0.4152177 0.7894651 0.440243 0.5840892 0.4152177 0.7894651 0.3814938 0.5652448 0.3472506 0.7975285 0.3814938 0.5652448 0.4152177 0.7894651 0.3814938 0.5652448 0.3472506 0.7975285 0.3133948 0.5620972 0.2792574 0.8015334 0.3133948 0.5620972 0.3472506 0.7975285 0.3133948 0.5620972 0.2792574 0.8015334 0.2394018 0.5815126 0.2119643 0.800587 0.2394018 0.5815126 0.2792574 0.8015334 0.2394018 0.5815126 0.2119643 0.800587 0.1709262 0.5961385 0.1457883 0.7945718 0.1709262 0.5961385 0.2119643 0.800587 0.1709262 0.5961385 0.1457883 0.7945718 0.08652353 0.6091145 0.08060306 0.7886184 0.08652353 0.6091145 0.1457883 0.7945718 0.08652353 0.6091145 0.08060306 0.7886184 0.01716512 0.6096817 0.017165 0.7889239 0.01716512 0.6096817 0.08060306 0.7886184 0.1899194 0.1137976 0.3524363 0.1364076 0.1890742 0.2148652 0.3500918 0.2183763 0.1890742 0.2148652 0.3524363 0.1364076 0.3500918 0.2183763 0.353831 0.295331 0.1890742 0.2148652 0.1913735 0.308505 0.1890742 0.2148652 0.353831 0.295331 0.3524363 0.1364076 0.5171963 0.1615625 0.3500918 0.2183763 0.5175589 0.2214013 0.3500918 0.2183763 0.5171963 0.1615625 0.1890742 0.2148652 0.03597563 0.1658605 0.1899194 0.1137976 0.01381582 0.08763206 0.1899194 0.1137976 0.03597563 0.1658605 0.353831 0.295331 0.3500918 0.2183763 0.5182627 0.2799432 0.5175589 0.2214013 0.5182627 0.2799432 0.3500918 0.2183763 0.1890742 0.2148652 0.1913735 0.308505 0.03642565 0.2523229 0.03597563 0.1658605 0.1890742 0.2148652 0.03642565 0.2523229 0.01520949 0.3287317 0.03642565 0.2523229 0.1913735 0.308505 0.5171963 0.1615625 0.5893872 0.1689798 0.5175589 0.2214013 0.5865296 0.2207196 0.5175589 0.2214013 0.5893872 0.1689798 0.5175589 0.2214013 0.5865296 0.2207196 0.5182627 0.2799432 0.5888698 0.2753062 0.5182627 0.2799432 0.5865296 0.2207196 0.5893872 0.1689798 0.6305619 0.1716144 0.5865296 0.2207196 0.636636 0.2208749 0.5865296 0.2207196 0.6305619 0.1716144 0.5865296 0.2207196 0.636636 0.2208749 0.5888698 0.2753062 0.6301907 0.273945 0.5888698 0.2753062 0.636636 0.2208749 0.6305619 0.1716144 0.6657105 0.1591629 0.636636 0.2208749 0.682031 0.2218789 0.636636 0.2208749 0.6657105 0.1591629 0.636636 0.2208749 0.682031 0.2218789 0.6301907 0.273945 0.6686446 0.2805154 0.6301907 0.273945 0.682031 0.2218789 0.6484611 0.8247767 0.8701686 0.9170364 0.636856 0.9873554 0.8701686 0.9170364 0.8521067 0.9833416 0.636856 0.9873554 0.9501393 0.8198942 0.8701686 0.9170364 0.6484611 0.8247767 0.6484611 0.8247767 0.6684244 0.70467 0.9501393 0.8198942 0.9856464 0.6988227 0.9501393 0.8198942 0.6684244 0.70467 0.6684244 0.70467 0.6832048 0.6252794 0.9856464 0.6988227 0.9473012 0.6198368 0.9856464 0.6988227 0.6832048 0.6252794 0.6832048 0.6252794 0.6971834 0.5382626 0.9473012 0.6198368 0.9114117 0.5341526 0.9473012 0.6198368 0.6971834 0.5382626 0.9114117 0.5341526 0.6971834 0.5382626 0.8870542 0.387747 0.7111289 0.3908783 0.8870542 0.387747 0.6971834 0.5382626 0.8870542 0.387747 0.7111289 0.3908783 0.862062 0.2521843 0.7213114 0.2545917 0.862062 0.2521843 0.7111289 0.3908783 0.862062 0.2521843 0.7213114 0.2545917 0.8441098 0.1173471 0.7274289 0.1194367 0.8441098 0.1173471 0.7213114 0.2545917 0.8441098 0.1173471 0.7274289 0.1194367 0.835796 0.06555771 0.7308846 0.06749904 0.835796 0.06555771 0.7274289 0.1194367 0.835796 0.06555771 0.7308846 0.06749904 0.7845179 0.01240378 0.7308846 0.06749904 0.7395403 0.01653236 0.7845179 0.01240378 0.8309494 0.01482647 0.835796 0.06555771 0.7845179 0.01240378 0.2062337 0.8615848 0.1731559 0.9806017 0.1407415 0.8586212 0.1407415 0.8586212 0.1731559 0.9806017 0.07772082 0.8560308 0.01635271 0.9810611 0.07772082 0.8560308 0.1731559 0.9806017 0.07772082 0.8560308 0.01635271 0.9810611 0.01643663 0.8557242 0.1731559 0.9806017 0.2062337 0.8615848 0.3054298 0.9697063 0.2734839 0.8635526 0.3054298 0.9697063 0.2062337 0.8615848 0.3418749 0.8620479 0.3054298 0.9697063 0.2734839 0.8635526 0.3054298 0.9697063 0.3418749 0.8620479 0.4607 0.9382577 0.4101631 0.8562237 0.4607 0.9382577 0.3418749 0.8620479 0.4876362 0.8412129 0.4607 0.9382577 0.4101631 0.8562237 0.4607 0.9382577 0.4876362 0.8412129 0.5780851 0.9087883 0.5887722 0.8436804 0.5780851 0.9087883 0.4876362 0.8412129 0.09471929 0.4222615 0.09958982 0.5315611 0.01902055 0.4269532 0.01781666 0.5414537 0.01902055 0.4269532 0.09958982 0.5315611 0.09958982 0.5315611 0.09471929 0.4222615 0.189293 0.5051148 0.2275898 0.3934308 0.189293 0.5051148 0.09471929 0.4222615 0.189293 0.5051148 0.2275898 0.3934308 0.2692584 0.4785948 0.2692584 0.4785948 0.2275898 0.3934308 0.3308352 0.4691236 0.3754403 0.3892934 0.3308352 0.4691236 0.2275898 0.3934308 0.3308352 0.4691236 0.3754403 0.3892934 0.3870852 0.4780529 0.3870852 0.4780529 0.3754403 0.3892934 0.4530229 0.5039392 0.5030556 0.4372734 0.4530229 0.5039392 0.3754403 0.3892934 0.4530229 0.5039392 0.5030556 0.4372734 0.5195401 0.5363593 0.5195401 0.5363593 0.5030556 0.4372734 0.6201334 0.5738064 0.6299901 0.481613 0.6201334 0.5738064 0.5030556 0.4372734 0.3655847 0.07439643 0.3524363 0.1364076 0.2038928 0.04536193 0.1899194 0.1137976 0.2038928 0.04536193 0.3524363 0.1364076 0.3524363 0.1364076 0.3655847 0.07439643 0.5171963 0.1615625 0.5303159 0.1086955 0.5171963 0.1615625 0.3655847 0.07439643 0.2038928 0.04536193 0.1899194 0.1137976 0.03952795 0.01281338 0.01381582 0.08763206 0.03952795 0.01281338 0.1899194 0.1137976 0.5171963 0.1615625 0.5303159 0.1086955 0.5893872 0.1689798 0.6181243 0.1284971 0.5893872 0.1689798 0.5303159 0.1086955 0.5893872 0.1689798 0.6181243 0.1284971 0.6305619 0.1716144 0.6181243 0.1284971 0.6657105 0.1591629 0.6305619 0.1716144 0.2014662 0.3791006 0.1913735 0.308505 0.3615419 0.3577789 0.353831 0.295331 0.3615419 0.3577789 0.1913735 0.308505 0.3615419 0.3577789 0.353831 0.295331 0.5291497 0.3368306 0.5182627 0.2799432 0.5291497 0.3368306 0.353831 0.295331 0.1913735 0.308505 0.2014662 0.3791006 0.01520949 0.3287317 0.03719127 0.406843 0.01520949 0.3287317 0.2014662 0.3791006 0.5291497 0.3368306 0.5182627 0.2799432 0.6148172 0.3151997 0.5888698 0.2753062 0.6148172 0.3151997 0.5182627 0.2799432 0.6301907 0.273945 0.6148172 0.3151997 0.5888698 0.2753062 0.6686446 0.2805154 0.6148172 0.3151997 0.6301907 0.273945 0.1468713 0.818356 0.1457883 0.7945718 0.213253 0.8232356 0.2119643 0.800587 0.213253 0.8232356 0.1457883 0.7945718 0.1457883 0.7945718 0.1468713 0.818356 0.08060306 0.7886184 0.08164614 0.8138012 0.08060306 0.7886184 0.1468713 0.818356 0.08060306 0.7886184 0.08164614 0.8138012 0.017165 0.7889239 0.01683628 0.8144522 0.017165 0.7889239 0.08164614 0.8138012 0.213253 0.8232356 0.2119643 0.800587 0.2809213 0.8236863 0.2792574 0.8015334 0.2809213 0.8236863 0.2119643 0.800587 0.2809213 0.8236863 0.2792574 0.8015334 0.3490792 0.8201942 0.3472506 0.7975285 0.3490792 0.8201942 0.2792574 0.8015334 0.3490792 0.8201942 0.3472506 0.7975285 0.4174527 0.8122907 0.4152177 0.7894651 0.4174527 0.8122907 0.3472506 0.7975285 0.4174527 0.8122907 0.4152177 0.7894651 0.4971638 0.7959781 0.4928869 0.7734375 0.4971638 0.7959781 0.4152177 0.7894651 0.4971638 0.7959781 0.4928869 0.7734375 0.5469028 0.7823346 0.531648 0.7624689 0.5469028 0.7823346 0.4928869 0.7734375 0.5469028 0.7823346 0.531648 0.7624689 0.5737081 0.7367414 0.550341 0.728195 0.5737081 0.7367414 0.531648 0.7624689 0.5737081 0.7367414 0.550341 0.728195 0.5840042 0.6750627 0.5587584 0.6774789 0.5840042 0.6750627 0.550341 0.728195 0.5840042 0.6750627 0.5587584 0.6774789 0.5721854 0.629801 0.5517699 0.6455169 0.5721854 0.629801 0.5587584 0.6774789 0.5721854 0.629801 0.5517699 0.6455169 0.5218501 0.5986052 0.5105085 0.6199285 0.5218501 0.5986052 0.5517699 0.6455169 0.5218501 0.5986052 0.5105085 0.6199285 0.4489216 0.5628276 0.440243 0.5840892 0.4489216 0.5628276 0.5105085 0.6199285 0.4489216 0.5628276 0.440243 0.5840892 0.3841741 0.5443187 0.3814938 0.5652448 0.3841741 0.5443187 0.440243 0.5840892 0.3841741 0.5443187 0.3814938 0.5652448 0.3171108 0.5390387 0.3133948 0.5620972 0.3171108 0.5390387 0.3814938 0.5652448 0.3171108 0.5390387 0.3133948 0.5620972 0.2426149 0.5549368 0.2394018 0.5815126 0.2426149 0.5549368 0.3133948 0.5620972 0.2426149 0.5549368 0.2394018 0.5815126 0.1683657 0.5715354 0.1709262 0.5961385 0.1683657 0.5715354 0.2394018 0.5815126 0.1683657 0.5715354 0.1709262 0.5961385 0.08797788 0.5813593 0.08652353 0.6091145 0.08797788 0.5813593 0.1709262 0.5961385 0.08797788 0.5813593 0.08652353 0.6091145 0.01750022 0.5830673 0.01716512 0.6096817 0.01750022 0.5830673 0.08652353 0.6091145 0.1407415 0.8586212 0.2062337 0.8615848 0.1468713 0.818356 0.213253 0.8232356 0.1468713 0.818356 0.2062337 0.8615848 0.1468713 0.818356 0.08164614 0.8138012 0.1407415 0.8586212 0.07772082 0.8560308 0.1407415 0.8586212 0.08164614 0.8138012 0.08164614 0.8138012 0.01683628 0.8144522 0.07772082 0.8560308 0.01643663 0.8557242 0.07772082 0.8560308 0.01683628 0.8144522 0.2062337 0.8615848 0.2734839 0.8635526 0.213253 0.8232356 0.2809213 0.8236863 0.213253 0.8232356 0.2734839 0.8635526 0.2734839 0.8635526 0.3418749 0.8620479 0.2809213 0.8236863 0.3490792 0.8201942 0.2809213 0.8236863 0.3418749 0.8620479 0.3418749 0.8620479 0.4101631 0.8562237 0.3490792 0.8201942 0.4174527 0.8122907 0.3490792 0.8201942 0.4101631 0.8562237 0.4101631 0.8562237 0.4876362 0.8412129 0.4174527 0.8122907 0.4971638 0.7959781 0.4174527 0.8122907 0.4876362 0.8412129 0.4876362 0.8412129 0.5887722 0.8436804 0.4971638 0.7959781 0.5469028 0.7823346 0.4971638 0.7959781 0.5887722 0.8436804 0.5469028 0.7823346 0.5887722 0.8436804 0.5737081 0.7367414 0.6281716 0.7610946 0.5737081 0.7367414 0.5887722 0.8436804 0.5737081 0.7367414 0.6281716 0.7610946 0.5840042 0.6750627 0.6395521 0.6660396 0.5840042 0.6750627 0.6281716 0.7610946 0.5840042 0.6750627 0.6395521 0.6660396 0.5721854 0.629801 0.6201334 0.5738064 0.5721854 0.629801 0.6395521 0.6660396 0.6201334 0.5738064 0.5195401 0.5363593 0.5721854 0.629801 0.5218501 0.5986052 0.5721854 0.629801 0.5195401 0.5363593 0.5218501 0.5986052 0.5195401 0.5363593 0.4489216 0.5628276 0.4530229 0.5039392 0.4489216 0.5628276 0.5195401 0.5363593 0.4489216 0.5628276 0.4530229 0.5039392 0.3841741 0.5443187 0.3870852 0.4780529 0.3841741 0.5443187 0.4530229 0.5039392 0.3841741 0.5443187 0.3870852 0.4780529 0.3171108 0.5390387 0.3308352 0.4691236 0.3171108 0.5390387 0.3870852 0.4780529 0.3308352 0.4691236 0.2692584 0.4785948 0.3171108 0.5390387 0.2426149 0.5549368 0.3171108 0.5390387 0.2692584 0.4785948 0.2692584 0.4785948 0.189293 0.5051148 0.2426149 0.5549368 0.1683657 0.5715354 0.2426149 0.5549368 0.189293 0.5051148 0.189293 0.5051148 0.09958982 0.5315611 0.1683657 0.5715354 0.08797788 0.5813593 0.1683657 0.5715354 0.09958982 0.5315611 0.09958982 0.5315611 0.01781666 0.5414537 0.08797788 0.5813593 0.01750022 0.5830673 0.08797788 0.5813593 0.01781666 0.5414537 0.5105085 0.6199285 0.4928869 0.7734375 0.5517699 0.6455169 0.4928869 0.7734375 0.531648 0.7624689 0.5517699 0.6455169 0.531648 0.7624689 0.550341 0.728195 0.5517699 0.6455169 0.550341 0.728195 0.5587584 0.6774789 0.5517699 0.6455169 0.4928869 0.7734375 0.5105085 0.6199285 0.4152177 0.7894651 0.440243 0.5840892 0.4152177 0.7894651 0.5105085 0.6199285 0.440243 0.5840892 0.3814938 0.5652448 0.4152177 0.7894651 0.3472506 0.7975285 0.4152177 0.7894651 0.3814938 0.5652448 0.3814938 0.5652448 0.3133948 0.5620972 0.3472506 0.7975285 0.2792574 0.8015334 0.3472506 0.7975285 0.3133948 0.5620972 0.3133948 0.5620972 0.2394018 0.5815126 0.2792574 0.8015334 0.2119643 0.800587 0.2792574 0.8015334 0.2394018 0.5815126 0.2394018 0.5815126 0.1709262 0.5961385 0.2119643 0.800587 0.1457883 0.7945718 0.2119643 0.800587 0.1709262 0.5961385 0.1709262 0.5961385 0.08652353 0.6091145 0.1457883 0.7945718 0.08060306 0.7886184 0.1457883 0.7945718 0.08652353 0.6091145 0.08652353 0.6091145 0.01716512 0.6096817 0.08060306 0.7886184 0.017165 0.7889239 0.08060306 0.7886184 0.01716512 0.6096817 0.3500918 0.2183763 0.3524363 0.1364076 0.1890742 0.2148652 0.1899194 0.1137976 0.1890742 0.2148652 0.3524363 0.1364076 0.3500918 0.2183763 0.1890742 0.2148652 0.353831 0.295331 0.1913735 0.308505 0.353831 0.295331 0.1890742 0.2148652 0.3524363 0.1364076 0.3500918 0.2183763 0.5171963 0.1615625 0.5175589 0.2214013 0.5171963 0.1615625 0.3500918 0.2183763 0.1890742 0.2148652 0.1899194 0.1137976 0.03597563 0.1658605 0.01381582 0.08763206 0.03597563 0.1658605 0.1899194 0.1137976 0.5175589 0.2214013 0.3500918 0.2183763 0.5182627 0.2799432 0.353831 0.295331 0.5182627 0.2799432 0.3500918 0.2183763 0.1890742 0.2148652 0.03642565 0.2523229 0.1913735 0.308505 0.1890742 0.2148652 0.03597563 0.1658605 0.03642565 0.2523229 0.01520949 0.3287317 0.1913735 0.308505 0.03642565 0.2523229 0.5171963 0.1615625 0.5175589 0.2214013 0.5893872 0.1689798 0.5865296 0.2207196 0.5893872 0.1689798 0.5175589 0.2214013 0.5175589 0.2214013 0.5182627 0.2799432 0.5865296 0.2207196 0.5888698 0.2753062 0.5865296 0.2207196 0.5182627 0.2799432 0.5893872 0.1689798 0.5865296 0.2207196 0.6305619 0.1716144 0.636636 0.2208749 0.6305619 0.1716144 0.5865296 0.2207196 0.5865296 0.2207196 0.5888698 0.2753062 0.636636 0.2208749 0.6301907 0.273945 0.636636 0.2208749 0.5888698 0.2753062 0.6305619 0.1716144 0.636636 0.2208749 0.6657105 0.1591629 0.682031 0.2218789 0.6657105 0.1591629 0.636636 0.2208749 0.636636 0.2208749 0.6301907 0.273945 0.682031 0.2218789 0.6686446 0.2805154 0.682031 0.2218789 0.6301907 0.273945 0.8701686 0.9170364 0.6484611 0.8247767 0.636856 0.9873554 0.8521067 0.9833416 0.8701686 0.9170364 0.636856 0.9873554 0.8701686 0.9170364 0.9501393 0.8198942 0.6484611 0.8247767 0.6484611 0.8247767 0.9501393 0.8198942 0.6684244 0.70467 0.9856464 0.6988227 0.6684244 0.70467 0.9501393 0.8198942 0.6684244 0.70467 0.9856464 0.6988227 0.6832048 0.6252794 0.9473012 0.6198368 0.6832048 0.6252794 0.9856464 0.6988227 0.6832048 0.6252794 0.9473012 0.6198368 0.6971834 0.5382626 0.9114117 0.5341526 0.6971834 0.5382626 0.9473012 0.6198368 0.9114117 0.5341526 0.8870542 0.387747 0.6971834 0.5382626 0.7111289 0.3908783 0.6971834 0.5382626 0.8870542 0.387747 0.8870542 0.387747 0.862062 0.2521843 0.7111289 0.3908783 0.7213114 0.2545917 0.7111289 0.3908783 0.862062 0.2521843 0.862062 0.2521843 0.8441098 0.1173471 0.7213114 0.2545917 0.7274289 0.1194367 0.7213114 0.2545917 0.8441098 0.1173471 0.8441098 0.1173471 0.835796 0.06555771 0.7274289 0.1194367 0.7308846 0.06749904 0.7274289 0.1194367 0.835796 0.06555771 0.7308846 0.06749904 0.835796 0.06555771 0.7845179 0.01240378 0.7395403 0.01653236 0.7308846 0.06749904 0.7845179 0.01240378 0.835796 0.06555771 0.8309494 0.01482647 0.7845179 0.01240378 0.1731559 0.9806017 0.2062337 0.8615848 0.1407415 0.8586212 0.1407415 0.8586212 0.07772082 0.8560308 0.1731559 0.9806017 0.01635271 0.9810611 0.1731559 0.9806017 0.07772082 0.8560308 0.01635271 0.9810611 0.07772082 0.8560308 0.01643663 0.8557242 0.1731559 0.9806017 0.3054298 0.9697063 0.2062337 0.8615848 0.2734839 0.8635526 0.2062337 0.8615848 0.3054298 0.9697063 0.3054298 0.9697063 0.3418749 0.8620479 0.2734839 0.8635526 0.3054298 0.9697063 0.4607 0.9382577 0.3418749 0.8620479 0.4101631 0.8562237 0.3418749 0.8620479 0.4607 0.9382577 0.4607 0.9382577 0.4876362 0.8412129 0.4101631 0.8562237 0.4607 0.9382577 0.5780851 0.9087883 0.4876362 0.8412129 0.5887722 0.8436804 0.4876362 0.8412129 0.5780851 0.9087883 0.01781666 0.5414537 0.09958982 0.5315611 0.01902055 0.4269532 0.09471929 0.4222615 0.01902055 0.4269532 0.09958982 0.5315611 0.09958982 0.5315611 0.189293 0.5051148 0.09471929 0.4222615 0.2275898 0.3934308 0.09471929 0.4222615 0.189293 0.5051148 0.2275898 0.3934308 0.189293 0.5051148 0.2692584 0.4785948 0.2692584 0.4785948 0.3308352 0.4691236 0.2275898 0.3934308 0.3754403 0.3892934 0.2275898 0.3934308 0.3308352 0.4691236 0.3754403 0.3892934 0.3308352 0.4691236 0.3870852 0.4780529 0.3870852 0.4780529 0.4530229 0.5039392 0.3754403 0.3892934 0.5030556 0.4372734 0.3754403 0.3892934 0.4530229 0.5039392 0.5030556 0.4372734 0.4530229 0.5039392 0.5195401 0.5363593 0.5195401 0.5363593 0.6201334 0.5738064 0.5030556 0.4372734 0.6299901 0.481613 0.5030556 0.4372734 0.6201334 0.5738064 0.1899194 0.1137976 0.3524363 0.1364076 0.2038928 0.04536193 0.3655847 0.07439643 0.2038928 0.04536193 0.3524363 0.1364076 0.3524363 0.1364076 0.5171963 0.1615625 0.3655847 0.07439643 0.5303159 0.1086955 0.3655847 0.07439643 0.5171963 0.1615625 0.2038928 0.04536193 0.03952795 0.01281338 0.1899194 0.1137976 0.01381582 0.08763206 0.1899194 0.1137976 0.03952795 0.01281338 0.5171963 0.1615625 0.5893872 0.1689798 0.5303159 0.1086955 0.6181243 0.1284971 0.5303159 0.1086955 0.5893872 0.1689798 0.6181243 0.1284971 0.5893872 0.1689798 0.6305619 0.1716144 0.6657105 0.1591629 0.6181243 0.1284971 0.6305619 0.1716144 0.353831 0.295331 0.1913735 0.308505 0.3615419 0.3577789 0.2014662 0.3791006 0.3615419 0.3577789 0.1913735 0.308505 0.3615419 0.3577789 0.5291497 0.3368306 0.353831 0.295331 0.5182627 0.2799432 0.353831 0.295331 0.5291497 0.3368306 0.1913735 0.308505 0.01520949 0.3287317 0.2014662 0.3791006 0.03719127 0.406843 0.2014662 0.3791006 0.01520949 0.3287317 0.5291497 0.3368306 0.6148172 0.3151997 0.5182627 0.2799432 0.5888698 0.2753062 0.5182627 0.2799432 0.6148172 0.3151997 0.6148172 0.3151997 0.6301907 0.273945 0.5888698 0.2753062 0.6148172 0.3151997 0.6686446 0.2805154 0.6301907 0.273945 0.2119643 0.800587 0.1457883 0.7945718 0.213253 0.8232356 0.1468713 0.818356 0.213253 0.8232356 0.1457883 0.7945718 0.1457883 0.7945718 0.08060306 0.7886184 0.1468713 0.818356 0.08164614 0.8138012 0.1468713 0.818356 0.08060306 0.7886184 0.08060306 0.7886184 0.017165 0.7889239 0.08164614 0.8138012 0.01683628 0.8144522 0.08164614 0.8138012 0.017165 0.7889239 0.213253 0.8232356 0.2809213 0.8236863 0.2119643 0.800587 0.2792574 0.8015334 0.2119643 0.800587 0.2809213 0.8236863 0.2809213 0.8236863 0.3490792 0.8201942 0.2792574 0.8015334 0.3472506 0.7975285 0.2792574 0.8015334 0.3490792 0.8201942 0.3490792 0.8201942 0.4174527 0.8122907 0.3472506 0.7975285 0.4152177 0.7894651 0.3472506 0.7975285 0.4174527 0.8122907 0.4174527 0.8122907 0.4971638 0.7959781 0.4152177 0.7894651 0.4928869 0.7734375 0.4152177 0.7894651 0.4971638 0.7959781 0.4971638 0.7959781 0.5469028 0.7823346 0.4928869 0.7734375 0.531648 0.7624689 0.4928869 0.7734375 0.5469028 0.7823346 0.5469028 0.7823346 0.5737081 0.7367414 0.531648 0.7624689 0.550341 0.728195 0.531648 0.7624689 0.5737081 0.7367414 0.5737081 0.7367414 0.5840042 0.6750627 0.550341 0.728195 0.5587584 0.6774789 0.550341 0.728195 0.5840042 0.6750627 0.5840042 0.6750627 0.5721854 0.629801 0.5587584 0.6774789 0.5517699 0.6455169 0.5587584 0.6774789 0.5721854 0.629801 0.5721854 0.629801 0.5218501 0.5986052 0.5517699 0.6455169 0.5105085 0.6199285 0.5517699 0.6455169 0.5218501 0.5986052 0.5218501 0.5986052 0.4489216 0.5628276 0.5105085 0.6199285 0.440243 0.5840892 0.5105085 0.6199285 0.4489216 0.5628276 0.4489216 0.5628276 0.3841741 0.5443187 0.440243 0.5840892 0.3814938 0.5652448 0.440243 0.5840892 0.3841741 0.5443187 0.3841741 0.5443187 0.3171108 0.5390387 0.3814938 0.5652448 0.3133948 0.5620972 0.3814938 0.5652448 0.3171108 0.5390387 0.3171108 0.5390387 0.2426149 0.5549368 0.3133948 0.5620972 0.2394018 0.5815126 0.3133948 0.5620972 0.2426149 0.5549368 0.2426149 0.5549368 0.1683657 0.5715354 0.2394018 0.5815126 0.1709262 0.5961385 0.2394018 0.5815126 0.1683657 0.5715354 0.1683657 0.5715354 0.08797788 0.5813593 0.1709262 0.5961385 0.08652353 0.6091145 0.1709262 0.5961385 0.08797788 0.5813593 0.08797788 0.5813593 0.01750022 0.5830673 0.08652353 0.6091145 0.01716512 0.6096817 0.08652353 0.6091145 0.01750022 0.5830673</float_array>
          <technique_common>
            <accessor source="#Mesh_Goggles-mesh-map-0-array" count="1104" stride="2">
              <param name="S" type="float"/>
              <param name="T" type="float"/>
            </accessor>
          </technique_common>
        </source>
        <source id="Mesh_Goggles-mesh-colors-Attribute" name="Attribute">
          <float_array id="Mesh_Goggles-mesh-colors-Attribute-array" count="4416">1 1 1 1 1 1 1 1 1 1 1 1 1 1 1 1 1 1 1 1 1 1 1 1 1 1 1 1 1 1 1 1 1 1 1 1 1 1 1 1 1 1 1 1 1 1 1 1 1 1 1 1 1 1 1 1 1 1 1 1 1 1 1 1 1 1 1 1 1 1 1 1 1 1 1 1 1 1 1 1 1 1 1 1 1 1 1 1 1 1 1 1 1 1 1 1 1 1 1 1 1 1 1 1 1 1 1 1 1 1 1 1 1 1 1 1 1 1 1 1 1 1 1 1 1 1 1 1 1 1 1 1 1 1 1 1 1 1 1 1 1 1 1 1 1 1 1 1 1 1 1 1 1 1 1 1 1 1 1 1 1 1 1 1 1 1 1 1 1 1 1 1 1 1 1 1 1 1 1 1 1 1 1 1 1 1 1 1 1 1 1 1 1 1 1 1 1 1 1 1 1 1 1 1 1 1 1 1 1 1 1 1 1 1 1 1 1 1 1 1 1 1 1 1 1 1 1 1 1 1 1 1 1 1 1 1 1 1 1 1 1 1 1 1 1 1 1 1 1 1 1 1 1 1 1 1 1 1 1 1 1 1 1 1 1 1 1 1 1 1 1 1 1 1 1 1 1 1 1 1 1 1 1 1 1 1 1 1 1 1 1 1 1 1 1 1 1 1 1 1 1 1 1 1 1 1 1 1 1 1 1 1 1 1 1 1 1 1 1 1 1 1 1 1 1 1 1 1 1 1 1 1 1 1 1 1 1 1 1 1 1 1 1 1 1 1 1 1 1 1 1 1 1 1 1 1 1 1 1 1 1 1 1 1 1 1 1 1 1 1 1 1 1 1 1 1 1 1 1 1 1 1 1 1 1 1 1 1 1 1 1 1 1 1 1 1 1 1 1 1 1 1 1 1 1 1 1 1 1 1 1 1 1 1 1 1 1 1 1 1 1 1 1 1 1 1 1 1 1 1 1 1 1 1 1 1 1 1 1 1 1 1 1 1 1 1 1 1 1 1 1 1 1 1 1 1 1 1 1 1 1 1 1 1 1 1 1 1 1 1 1 1 1 1 1 1 1 1 1 1 1 1 1 1 1 1 1 1 1 1 1 1 1 1 1 1 1 1 1 1 1 1 1 1 1 1 1 1 1 1 1 1 1 1 1 1 1 1 1 1 1 1 1 1 1 1 1 1 1 1 1 1 1 1 1 1 1 1 1 1 1 1 1 1 1 1 1 1 1 1 1 1 1 1 1 1 1 1 1 1 1 1 1 1 1 1 1 1 1 1 1 1 1 1 1 1 1 1 1 1 1 1 1 1 1 1 1 1 1 1 1 1 1 1 1 1 1 1 1 1 1 1 1 1 1 1 1 1 1 1 1 1 1 1 1 1 1 1 1 1 1 1 1 1 1 1 1 1 1 1 1 1 1 1 1 1 1 1 1 1 1 1 1 1 1 1 1 1 1 1 1 1 1 1 1 1 1 1 1 1 1 1 1 1 1 1 1 1 1 1 1 1 1 1 1 1 1 1 1 1 1 1 1 1 1 1 1 1 1 1 1 1 1 1 1 1 1 1 1 1 1 1 1 1 1 1 1 1 1 1 1 1 1 1 1 1 1 1 1 1 1 1 1 1 1 1 1 1 1 1 1 1 1 1 1 1 1 1 1 1 1 1 1 1 1 1 1 1 1 1 1 1 1 1 1 1 1 1 1 1 1 1 1 1 1 1 1 1 1 1 1 1 1 1 1 1 1 1 1 1 1 1 1 1 1 1 1 1 1 1 1 1 1 1 1 1 1 1 1 1 1 1 1 1 1 1 1 1 1 1 1 1 1 1 1 1 1 1 1 1 1 1 1 1 1 1 1 1 1 1 1 1 1 1 1 1 1 1 1 1 1 1 1 1 1 1 1 1 1 1 1 1 1 1 1 1 1 1 1 1 1 1 1 1 1 1 1 1 1 1 1 1 1 1 1 1 1 1 1 1 1 1 1 1 1 1 1 1 1 1 1 1 1 1 1 1 1 1 1 1 1 1 1 1 1 1 1 1 1 1 1 1 1 1 1 1 1 1 1 1 1 1 1 1 1 1 1 1 1 1 1 1 1 1 1 1 1 1 1 1 1 1 1 1 1 1 1 1 1 1 1 1 1 1 1 1 1 1 1 1 1 1 1 1 1 1 1 1 1 1 1 1 1 1 1 1 1 1 1 1 1 1 1 1 1 1 1 1 1 1 1 1 1 1 1 1 1 1 1 1 1 1 1 1 1 1 1 1 1 1 1 1 1 1 1 1 1 1 1 1 1 1 1 1 1 1 1 1 1 1 1 1 1 1 1 1 1 1 1 1 1 1 1 1 1 1 1 1 1 1 1 1 1 1 1 1 1 1 1 1 1 1 1 1 1 1 1 1 1 1 1 1 1 1 1 1 1 1 1 1 1 1 1 1 1 1 1 1 1 1 1 1 1 1 1 1 1 1 1 1 1 1 1 1 1 1 1 1 1 1 1 1 1 1 1 1 1 1 1 1 1 1 1 1 1 1 1 1 1 1 1 1 1 1 1 1 1 1 1 1 1 1 1 1 1 1 1 1 1 1 1 1 1 1 1 1 1 1 1 1 1 1 1 1 1 1 1 1 1 1 1 1 1 1 1 1 1 1 1 1 1 1 1 1 1 1 1 1 1 1 1 1 1 1 1 1 1 1 1 1 1 1 1 1 1 1 1 1 1 1 1 1 1 1 1 1 1 1 1 1 1 1 1 1 1 1 1 1 1 1 1 1 1 1 1 1 1 1 1 1 1 1 1 1 1 1 1 1 1 1 1 1 1 1 1 1 1 1 1 1 1 1 1 1 1 1 1 1 1 1 1 1 1 1 1 1 1 1 1 1 1 1 1 1 1 1 1 1 1 1 1 1 1 1 1 1 1 1 1 1 1 1 1 1 1 1 1 1 1 1 1 1 1 1 1 1 1 1 1 1 1 1 1 1 1 1 1 1 1 1 1 1 1 1 1 1 1 1 1 1 1 1 1 1 1 1 1 1 1 1 1 1 1 1 1 1 1 1 1 1 1 1 1 1 1 1 1 1 1 1 1 1 1 1 1 1 1 1 1 1 1 1 1 1 1 1 1 1 1 1 1 1 1 1 1 1 1 1 1 1 1 1 1 1 1 1 1 1 1 1 1 1 1 1 1 1 1 1 1 1 1 1 1 1 1 1 1 1 1 1 1 1 1 1 1 1 1 1 1 1 1 1 1 1 1 1 1 1 1 1 1 1 1 1 1 1 1 1 1 1 1 1 1 1 1 1 1 1 1 1 1 1 1 1 1 1 1 1 1 1 1 1 1 1 1 1 1 1 1 1 1 1 1 1 1 1 1 1 1 1 1 1 1 1 1 1 1 1 1 1 1 1 1 1 1 1 1 1 1 1 1 1 1 1 1 1 1 1 1 1 1 1 1 1 1 1 1 1 1 1 1 1 1 1 1 1 1 1 1 1 1 1 1 1 1 1 1 1 1 1 1 1 1 1 1 1 1 1 1 1 1 1 1 1 1 1 1 1 1 1 1 1 1 1 1 1 1 1 1 1 1 1 1 1 1 1 1 1 1 1 1 1 1 1 1 1 1 1 1 1 1 1 1 1 1 1 1 1 1 1 1 1 1 1 1 1 1 1 1 1 1 1 1 1 1 1 1 1 1 1 1 1 1 1 1 1 1 1 1 1 1 1 1 1 1 1 1 1 1 1 1 1 1 1 1 1 1 1 1 1 1 1 1 1 1 1 1 1 1 1 1 1 1 1 1 1 1 1 1 1 1 1 1 1 1 1 1 1 1 1 1 1 1 1 1 1 1 1 1 1 1 1 1 1 1 1 1 1 1 1 1 1 1 1 1 1 1 1 1 1 1 1 1 1 1 1 1 1 1 1 1 1 1 1 1 1 1 1 1 1 1 1 1 1 1 1 1 1 1 1 1 1 1 1 1 1 1 1 1 1 1 1 1 1 1 1 1 1 1 1 1 1 1 1 1 1 1 1 1 1 1 1 1 1 1 1 1 1 1 1 1 1 1 1 1 1 1 1 1 1 1 1 1 1 1 1 1 1 1 1 1 1 1 1 1 1 1 1 1 1 1 1 1 1 1 1 1 1 1 1 1 1 1 1 1 1 1 1 1 1 1 1 1 1 1 1 1 1 1 1 1 1 1 1 1 1 1 1 1 1 1 1 1 1 1 1 1 1 1 1 1 1 1 1 1 1 1 1 1 1 1 1 1 1 1 1 1 1 1 1 1 1 1 1 1 1 1 1 1 1 1 1 1 1 1 1 1 1 1 1 1 1 1 1 1 1 1 1 1 1 1 1 1 1 1 1 1 1 1 1 1 1 1 1 1 1 1 1 1 1 1 1 1 1 1 1 1 1 1 1 1 1 1 1 1 1 1 1 1 1 1 1 1 1 1 1 1 1 1 1 1 1 1 1 1 1 1 1 1 1 1 1 1 1 1 1 1 1 1 1 1 1 1 1 1 1 1 1 1 1 1 1 1 1 1 1 1 1 1 1 1 1 1 1 1 1 1 1 1 1 1 1 1 1 1 1 1 1 1 1 1 1 1 1 1 1 1 1 1 1 1 1 1 1 1 1 1 1 1 1 1 1 1 1 1 1 1 1 1 1 1 1 1 1 1 1 1 1 1 1 1 1 1 1 1 1 1 1 1 1 1 1 1 1 1 1 1 1 1 1 1 1 1 1 1 1 1 1 1 1 1 1 1 1 1 1 1 1 1 1 1 1 1 1 1 1 1 1 1 1 1 1 1 1 1 1 1 1 1 1 1 1 1 1 1 1 1 1 1 1 1 1 1 1 1 1 1 1 1 1 1 1 1 1 1 1 1 1 1 1 1 1 1 1 1 1 1 1 1 1 1 1 1 1 1 1 1 1 1 1 1 1 1 1 1 1 1 1 1 1 1 1 1 1 1 1 1 1 1 1 1 1 1 1 1 1 1 1 1 1 1 1 1 1 1 1 1 1 1 1 1 1 1 1 1 1 1 1 1 1 1 1 1 1 1 1 1 1 1 1 1 1 1 1 1 1 1 1 1 1 1 1 1 1 1 1 1 1 1 1 1 1 1 1 1 1 1 1 1 1 1 1 1 1 1 1 1 1 1 1 1 1 1 1 1 1 1 1 1 1 1 1 1 1 1 1 1 1 1 1 1 1 1 1 1 1 1 1 1 1 1 1 1 1 1 1 1 1 1 1 1 1 1 1 1 1 1 1 1 1 1 1 1 1 1 1 1 1 1 1 1 1 1 1 1 1 1 1 1 1 1 1 1 1 1 1 1 1 1 1 1 1 1 1 1 1 1 1 1 1 1 1 1 1 1 1 1 1 1 1 1 1 1 1 1 1 1 1 1 1 1 1 1 1 1 1 1 1 1 1 1 1 1 1 1 1 1 1 1 1 1 1 1 1 1 1 1 1 1 1 1 1 1 1 1 1 1 1 1 1 1 1 1 1 1 1 1 1 1 1 1 1 1 1 1 1 1 1 1 1 1 1 1 1 1 1 1 1 1 1 1 1 1 1 1 1 1 1 1 1 1 1 1 1 1 1 1 1 1 1 1 1 1 1 1 1 1 1 1 1 1 1 1 1 1 1 1 1 1 1 1 1 1 1 1 1 1 1 1 1 1 1 1 1 1 1 1 1 1 1 1 1 1 1 1 1 1 1 1 1 1 1 1 1 1 1 1 1 1 1 1 1 1 1 1 1 1 1 1 1 1 1 1 1 1 1 1 1 1 1 1 1 1 1 1 1 1 1 1 1 1 1 1 1 1 1 1 1 1 1 1 1 1 1 1 1 1 1 1 1 1 1 1 1 1 1 1 1 1 1 1 1 1 1 1 1 1 1 1 1 1 1 1 1 1 1 1 1 1 1 1 1 1 1 1 1 1 1 1 1 1 1 1 1 1 1 1 1 1 1 1 1 1 1 1 1 1 1 1 1 1 1 1 1 1 1 1 1 1 1 1 1 1 1 1 1 1 1 1 1 1 1 1 1 1 1 1 1 1 1 1 1 1 1 1 1 1 1 1 1 1 1 1 1 1 1 1 1 1 1 1 1 1 1 1 1 1 1 1 1 1 1 1 1 1 1 1 1 1 1 1 1 1 1 1 1 1 1 1 1 1 1 1 1 1 1 1 1 1 1 1 1 1 1 1 1 1 1 1 1 1 1 1 1 1 1 1 1 1 1 1 1 1 1 1 1 1 1 1 1 1 1 1 1 1 1 1 1 1 1 1 1 1 1 1 1 1 1 1 1 1 1 1 1 1 1 1 1 1 1 1 1 1 1 1 1 1 1 1 1 1 1 1 1 1 1 1 1 1 1 1 1 1 1 1 1 1 1 1 1 1 1 1 1 1 1 1 1 1 1 1 1 1 1 1 1 1 1 1 1 1 1 1 1 1 1 1 1 1 1 1 1 1 1 1 1 1 1 1 1 1 1 1 1 1 1 1 1 1 1 1 1 1 1 1 1 1 1 1 1 1 1 1 1 1 1 1 1 1 1 1 1 1 1 1 1 1 1 1 1 1 1 1 1 1 1 1 1 1 1 1 1 1 1 1 1 1 1 1 1 1 1 1 1 1 1 1 1 1 1 1 1 1 1 1 1 1 1 1 1 1 1 1 1 1 1 1 1 1 1 1 1 1 1 1 1 1 1 1 1 1 1 1 1 1 1 1 1 1 1 1 1 1 1 1 1 1 1 1 1 1 1 1 1 1 1 1 1 1 1 1 1 1 1 1 1 1 1 1 1 1 1 1 1 1 1 1 1 1 1 1 1 1 1 1 1 1 1 1 1 1 1 1 1 1 1 1 1 1 1 1 1 1 1 1 1 1 1 1 1 1 1 1 1 1 1 1 1 1 1 1 1 1 1 1 1 1 1 1 1 1 1 1 1 1 1 1 1 1 1 1 1 1 1 1 1 1 1 1 1 1 1 1 1 1 1 1 1 1 1 1 1 1 1 1 1 1 1 1 1 1 1 1 1 1 1 1 1 1 1 1 1 1 1 1 1 1 1 1 1 1 1 1 1 1 1 1 1 1 1 1 1 1 1 1 1 1 1 1 1 1 1 1 1 1 1 1 1 1 1 1 1 1 1 1 1 1 1 1 1 1 1 1 1 1 1 1 1 1 1 1 1 1 1 1 1 1 1 1 1 1 1 1 1 1 1 1 1 1 1 1 1 1 1 1 1 1 1 1 1 1 1 1 1 1 1 1 1 1 1 1 1 1 1 1 1 1 1 1 1 1 1 1 1 1 1 1 1 1 1 1 1 1 1 1 1 1 1 1 1 1 1 1 1 1 1 1 1 1 1 1 1 1 1 1 1 1 1 1 1 1 1 1 1 1 1 1 1 1 1 1 1 1 1 1 1 1 1 1 1 1 1 1 1 1 1 1 1 1 1 1 1 1 1 1 1 1 1 1 1 1 1 1 1 1 1 1 1 1 1 1 1 1 1 1 1 1 1 1 1 1 1 1 1 1 1 1 1 1 1 1 1 1 1 1 1 1 1 1 1 1 1 1 1 1 1 1 1 1 1 1 1 1 1 1 1 1 1 1 1 1 1 1 1 1 1 1 1 1 1 1 1 1 1 1 1 1 1 1 1 1 1 1 1 1 1 1 1 1 1 1 1 1 1 1 1 1 1 1 1 1 1 1 1 1 1 1 1 1 1 1 1 1 1 1 1 1 1 1 1 1 1 1 1 1 1 1 1 1 1 1 1 1 1 1 1 1 1 1 1 1 1 1 1 1 1 1 1 1 1 1 1 1 1 1 1 1 1 1 1 1 1 1 1 1 1 1 1 1 1 1 1 1 1 1 1 1 1 1 1 1 1 1 1 1 1 1 1 1 1 1 1 1 1 1 1 1 1 1 1 1 1 1 1 1 1 1 1 1 1 1 1 1 1 1 1 1 1 1 1 1 1 1 1 1 1 1 1 1 1 1 1 1 1 1 1 1 1 1 1 1 1 1 1 1 1 1 1 1 1 1 1 1 1 1 1 1 1 1 1 1 1 1 1 1 1 1 1 1 1 1 1 1 1 1 1 1 1 1 1 1 1 1 1 1 1 1 1 1 1 1 1 1 1 1 1 1 1 1 1 1 1 1 1 1 1 1 1 1 1 1 1 1 1 1 1 1 1 1 1 1 1 1 1 1 1 1 1 1 1 1 1 1 1 1 1 1 1 1 1 1 1 1 1 1 1 1 1 1 1 1 1 1 1 1 1 1 1 1 1 1 1 1 1 1 1 1 1 1 1 1 1 1 1 1 1 1 1 1 1 1 1 1 1 1 1 1 1 1 1 1 1 1 1 1 1 1 1 1 1 1 1 1 1 1 1 1 1 1 1 1 1 1 1 1 1 1 1 1 1 1 1 1 1 1 1 1 1 1 1 1 1 1 1 1 1 1 1 1 1 1 1 1 1 1 1 1 1 1 1 1 1 1 1 1 1 1 1 1 1 1 1 1 1 1 1 1 1 1 1 1 1 1 1 1 1 1 1 1 1 1 1 1 1 1 1 1 1 1 1 1 1 1 1 1 1 1 1 1 1 1 1 1 1 1 1 1 1 1 1 1 1 1 1 1 1 1 1 1 1 1 1 1 1 1 1 1 1 1 1 1 1 1 1 1 1 1 1 1 1 1 1 1 1 1 1 1 1 1 1 1 1 1 1 1 1 1 1 1 1 1 1 1 1 1 1 1 1 1 1 1 1 1 1 1 1 1 1 1 1 1 1 1 1 1 1 1 1 1 1 1 1 1 1 1 1 1 1 1 1 1 1 1 1 1 1 1 1 1 1 1 1 1 1 1 1 1 1 1 1 1 1 1 1 1 1 1 1 1 1 1 1 1 1 1 1 1 1 1 1 1 1 1 1 1 1 1 1 1 1 1 1 1 1 1 1 1 1 1 1 1 1 1 1 1 1 1 1 1 1 1 1 1 1 1 1 1 1 1 1 1 1 1 1 1 1 1 1 1 1 1 1 1 1 1 1 1 1 1 1 1 1 1 1 1 1 1 1 1 1 1 1 1 1 1 1 1 1 1 1 1 1 1 1 1 1 1 1 1 1 1 1 1 1 1 1 1 1 1 1 1 1 1 1 1 1 1 1 1 1 1 1 1 1 1 1 1 1 1 1 1 1 1 1 1 1 1 1 1 1 1 1 1 1 1 1 1 1 1 1 1 1 1 1 1 1 1 1 1 1 1 1 1 1 1 1 1 1 1 1 1 1 1 1 1 1 1 1 1 1 1 1 1 1 1 1 1 1 1 1 1 1 1 1 1 1 1 1 1 1 1 1 1 1 1 1 1 1 1 1 1 1 1 1 1 1 1 1 1 1 1 1 1 1 1 1 1 1 1 1 1 1 1 1 1 1 1 1 1 1 1 1 1 1 1 1 1 1 1 1 1 1 1 1 1 1 1 1 1 1 1 1 1 1 1 1 1 1 1 1 1 1 1 1 1 1 1 1 1 1 1 1 1 1 1 1 1 1 1 1 1 1 1 1 1 1 1 1 1 1 1 1 1 1 1 1 1 1 1 1 1 1 1 1 1 1 1 1 1 1 1 1 1 1 1 1 1 1 1 1 1 1 1 1 1 1 1 1 1 1 1 1 1 1 1 1 1 1 1 1 1 1 1 1 1 1 1 1 1 1 1 1 1 1 1 1 1 1 1 1 1 1 1 1 1 1 1 1 1 1 1 1 1 1 1 1 1 1 1 1 1 1 1 1 1 1 1 1 1 1 1 1 1 1 1 1 1 1 1 1 1 1 1 1 1 1 1 1 1 1 1 1 1 1 1 1 1 1 1 1 1 1 1 1 1 1 1 1 1 1 1 1 1 1 1 1 1 1 1 1 1 1 1 1 1 1 1 1 1 1 1 1 1 1 1 1</float_array>
          <technique_common>
            <accessor source="#Mesh_Goggles-mesh-colors-Attribute-array" count="1104" stride="4">
              <param name="R" type="float"/>
              <param name="G" type="float"/>
              <param name="B" type="float"/>
              <param name="A" type="float"/>
            </accessor>
          </technique_common>
        </source>
        <vertices id="Mesh_Goggles-mesh-vertices">
          <input semantic="POSITION" source="#Mesh_Goggles-mesh-positions"/>
        </vertices>
        <triangles material="SpaceGlasses_D-material" count="368">
          <input semantic="VERTEX" source="#Mesh_Goggles-mesh-vertices" offset="0"/>
          <input semantic="NORMAL" source="#Mesh_Goggles-mesh-normals" offset="1"/>
          <input semantic="TEXCOORD" source="#Mesh_Goggles-mesh-map-0" offset="2" set="0"/>
          <input semantic="COLOR" source="#Mesh_Goggles-mesh-colors-Attribute" offset="3" set="0"/>
          <p>2 0 0 0 1 1 1 1 0 2 2 2 3 3 3 3 0 2 4 4 1 1 5 5 0 2 6 6 3 3 7 7 4 4 8 8 5 5 9 9 4 4 10 10 3 3 11 11 4 4 12 12 5 5 13 13 6 6 14 14 7 7 15 15 6 6 16 16 5 5 17 17 1 1 18 18 2 0 19 19 8 8 20 20 9 9 21 21 8 8 22 22 2 0 23 23 8 8 24 24 9 9 25 25 10 10 26 26 11 11 27 27 10 10 28 28 9 9 29 29 10 10 30 30 11 11 31 31 12 12 32 32 13 13 33 33 12 12 34 34 11 11 35 35 12 12 36 36 13 13 37 37 14 14 38 38 15 15 39 39 14 14 40 40 13 13 41 41 14 14 42 42 15 15 43 43 16 16 44 44 17 17 45 45 16 16 46 46 15 15 47 47 17 17 48 48 18 18 49 49 16 16 50 50 19 19 51 51 16 16 52 52 18 18 53 53 18 18 54 54 20 20 55 55 19 19 56 56 21 21 57 57 19 19 58 58 20 20 59 59 20 20 60 60 22 22 61 61 21 21 62 62 23 23 63 63 21 21 64 64 22 22 65 65 23 23 66 66 22 22 67 67 24 24 68 68 25 25 69 69 24 24 70 70 22 22 71 71 25 25 72 72 26 26 73 73 24 24 74 74 27 27 75 75 24 24 76 76 26 26 77 77 26 26 78 78 28 28 79 79 27 27 80 80 29 29 81 81 27 27 82 82 28 28 83 83 28 28 84 84 30 30 85 85 29 29 86 86 31 31 87 87 29 29 88 88 30 30 89 89 31 31 90 90 30 30 91 91 32 32 92 92 33 33 93 93 32 32 94 94 30 30 95 95 32 32 96 96 33 33 97 97 34 34 98 98 35 35 99 99 34 34 100 100 33 33 101 101 34 34 102 102 35 35 103 103 36 36 104 104 37 37 105 105 36 36 106 106 35 35 107 107 36 36 108 108 37 37 109 109 38 38 110 110 39 39 111 111 38 38 112 112 37 37 113 113 42 40 114 114 41 41 115 115 40 42 116 116 41 41 117 117 43 43 118 118 40 42 119 119 43 43 120 120 44 44 121 121 40 42 122 122 44 44 123 123 45 45 124 124 40 42 125 125 44 44 126 126 46 46 127 127 45 45 128 128 47 47 129 129 45 45 130 130 46 46 131 131 47 47 132 132 46 46 133 133 48 48 134 134 49 49 135 135 48 48 136 136 46 46 137 137 48 48 138 138 49 49 139 139 50 50 140 140 51 51 141 141 50 50 142 142 49 49 143 143 50 50 144 144 51 51 145 145 52 52 146 146 53 53 147 147 52 52 148 148 51 51 149 149 52 52 150 150 53 53 151 151 54 54 152 152 55 55 153 153 54 54 154 154 53 53 155 155 54 54 156 156 55 55 157 157 56 56 158 158 57 57 159 159 56 56 160 160 55 55 161 161 56 56 162 162 57 57 163 163 58 58 164 164 59 59 165 165 58 58 166 166 57 57 167 167 62 60 168 168 61 61 169 169 60 62 170 170 63 63 171 171 60 62 172 172 61 61 173 173 63 63 174 174 64 64 175 175 60 62 176 176 65 65 177 177 60 62 178 178 64 64 179 179 61 61 180 180 66 66 181 181 63 63 182 182 67 67 183 183 63 63 184 184 66 66 185 185 60 62 186 186 68 68 187 187 62 60 188 188 69 69 189 189 62 60 190 190 68 68 191 191 64 64 192 192 63 63 193 193 70 70 194 194 67 67 195 195 70 70 196 196 63 63 197 197 60 62 198 198 65 65 199 199 71 71 200 200 68 68 201 201 60 62 202 202 71 71 203 203 72 72 204 204 71 71 205 205 65 65 206 206 66 66 207 207 73 73 208 208 67 67 209 209 74 74 210 210 67 67 211 211 73 73 212 212 67 67 213 213 74 74 214 214 70 70 215 215 75 75 216 216 70 70 217 217 74 74 218 218 73 73 219 219 76 76 220 220 74 74 221 221 77 77 222 222 74 74 223 223 76 76 224 224 74 74 225 225 77 77 226 226 75 75 227 227 78 78 228 228 75 75 229 229 77 77 230 230 76 76 231 231 79 79 232 232 77 77 233 233 80 80 234 234 77 77 235 235 79 79 236 236 77 77 237 237 80 80 238 238 78 78 239 239 81 81 240 240 78 78 241 241 80 80 242 242 84 82 243 243 83 83 244 244 82 84 245 245 83 83 246 246 85 85 247 247 82 84 248 248 86 86 249 249 83 83 250 250 84 82 251 251 84 82 252 252 87 87 253 253 86 86 254 254 88 88 255 255 86 86 256 256 87 87 257 257 87 87 258 258 89 89 259 259 88 88 260 260 90 90 261 261 88 88 262 262 89 89 263 263 89 89 264 264 91 91 265 265 90 90 266 266 92 92 267 267 90 90 268 268 91 91 269 269 92 92 270 270 91 91 271 271 93 93 272 272 94 94 273 273 93 93 274 274 91 91 275 275 93 93 276 276 94 94 277 277 95 95 278 278 96 96 279 279 95 95 280 280 94 94 281 281 95 95 282 282 96 96 283 283 97 97 284 284 98 98 285 285 97 97 286 286 96 96 287 287 97 97 288 288 98 98 289 289 99 99 290 290 100 100 291 291 99 99 292 292 98 98 293 293 99 99 294 294 100 100 295 295 101 101 296 296 100 100 297 297 102 102 298 298 101 101 299 299 103 103 300 300 99 99 301 301 101 101 302 302 106 104 303 303 105 105 304 304 104 106 305 305 104 106 306 306 105 105 307 307 107 107 308 308 108 108 309 309 107 107 310 310 105 105 311 311 107 107 312 312 108 108 313 313 109 109 314 314 105 105 315 315 106 104 316 316 110 110 317 317 111 111 318 318 110 110 319 319 106 104 320 320 112 112 321 321 110 110 322 322 111 111 323 323 110 110 324 324 112 112 325 325 113 113 326 326 114 114 327 327 113 113 328 328 112 112 329 329 115 115 330 330 113 113 331 331 114 114 332 332 113 113 333 333 115 115 334 334 116 116 335 335 117 117 336 336 116 116 337 337 115 115 338 338 120 118 339 339 119 119 340 340 118 120 341 341 121 121 342 342 118 120 343 343 119 119 344 344 119 119 345 345 120 118 346 346 122 122 347 347 123 123 348 348 122 122 349 349 120 118 350 350 122 122 351 351 123 123 352 352 124 124 353 353 124 124 354 354 123 123 355 355 125 125 356 356 126 126 357 357 125 125 358 358 123 123 359 359 125 125 360 360 126 126 361 361 127 127 362 362 127 127 363 363 126 126 364 364 128 128 365 365 129 129 366 366 128 128 367 367 126 126 368 368 128 128 369 369 129 129 370 370 130 130 371 371 130 130 372 372 129 129 373 373 131 131 374 374 132 132 375 375 131 131 376 376 129 129 377 377 135 133 378 378 134 134 379 379 133 135 380 380 136 136 381 381 133 135 382 382 134 134 383 383 134 134 384 384 135 133 385 385 137 137 386 386 138 138 387 387 137 137 388 388 135 133 389 389 133 135 390 390 136 136 391 391 139 139 392 392 140 140 393 393 139 139 394 394 136 136 395 395 137 137 396 396 138 138 397 397 141 141 398 398 142 142 399 399 141 141 400 400 138 138 401 401 141 141 402 402 142 142 403 403 143 143 404 404 142 142 405 405 144 144 406 406 143 143 407 407 147 145 408 408 146 146 409 409 145 147 410 410 148 148 411 411 145 147 412 412 146 146 413 413 145 147 414 414 148 148 415 415 149 149 416 416 150 150 417 417 149 149 418 418 148 148 419 419 146 146 420 420 147 145 421 421 151 151 422 422 152 152 423 423 151 151 424 424 147 145 425 425 149 149 426 426 150 150 427 427 153 153 428 428 154 154 429 429 153 153 430 430 150 150 431 431 155 155 432 432 153 153 433 433 154 154 434 434 156 156 435 435 153 153 436 436 155 155 437 437 159 157 438 438 158 158 439 439 157 159 440 440 160 160 441 441 157 159 442 442 158 158 443 443 158 158 444 444 159 157 445 445 161 161 446 446 162 162 447 447 161 161 448 448 159 157 449 449 161 161 450 450 162 162 451 451 163 163 452 452 164 164 453 453 163 163 454 454 162 162 455 455 157 159 456 456 160 160 457 457 165 165 458 458 166 166 459 459 165 165 460 460 160 160 461 461 165 165 462 462 166 166 463 463 167 167 464 464 168 168 465 465 167 167 466 466 166 166 467 467 167 167 468 468 168 168 469 469 169 169 470 470 170 170 471 471 169 169 472 472 168 168 473 473 169 169 474 474 170 170 475 475 171 171 476 476 172 172 477 477 171 171 478 478 170 170 479 479 171 171 480 480 172 172 481 481 173 173 482 482 174 174 483 483 173 173 484 484 172 172 485 485 173 173 486 486 174 174 487 487 175 175 488 488 176 176 489 489 175 175 490 490 174 174 491 491 175 175 492 492 176 176 493 493 177 177 494 494 178 178 495 495 177 177 496 496 176 176 497 497 177 177 498 498 178 178 499 499 179 179 500 500 180 180 501 501 179 179 502 502 178 178 503 503 179 179 504 504 180 180 505 505 181 181 506 506 182 182 507 507 181 181 508 508 180 180 509 509 181 181 510 510 182 182 511 511 183 183 512 512 184 184 513 513 183 183 514 514 182 182 515 515 183 183 516 516 184 184 517 517 185 185 518 518 186 186 519 519 185 185 520 520 184 184 521 521 185 185 522 522 186 186 523 523 187 187 524 524 188 188 525 525 187 187 526 526 186 186 527 527 187 187 528 528 188 188 529 529 189 189 530 530 190 190 531 531 189 189 532 532 188 188 533 533 189 189 534 534 190 190 535 535 191 191 536 536 192 192 537 537 191 191 538 538 190 190 539 539 191 191 540 540 192 192 541 541 193 193 542 542 194 194 543 543 193 193 544 544 192 192 545 545 193 193 546 546 194 194 547 547 195 195 548 548 196 196 549 549 195 195 550 550 194 194 551 551 199 197 552 552 198 198 553 553 197 199 554 554 200 200 555 555 197 199 556 556 198 198 557 557 197 199 558 558 201 201 559 559 199 197 560 560 202 202 561 561 199 197 562 562 201 201 563 563 201 201 564 564 203 203 565 565 202 202 566 566 204 204 567 567 202 202 568 568 203 203 569 569 198 198 570 570 205 205 571 571 200 200 572 572 206 206 573 573 200 200 574 574 205 205 575 575 205 205 576 576 207 207 577 577 206 206 578 578 208 208 579 579 206 206 580 580 207 207 581 581 207 207 582 582 209 209 583 583 208 208 584 584 210 210 585 585 208 208 586 586 209 209 587 587 209 209 588 588 211 211 589 589 210 210 590 590 212 212 591 591 210 210 592 592 211 211 593 593 211 211 594 594 213 213 595 595 212 212 596 596 214 214 597 597 212 212 598 598 213 213 599 599 214 214 600 600 213 213 601 601 215 215 602 602 216 216 603 603 215 215 604 604 213 213 605 605 215 215 606 606 216 216 607 607 217 217 608 608 218 218 609 609 217 217 610 610 216 216 611 611 217 217 612 612 218 218 613 613 219 219 614 614 220 220 615 615 219 219 616 616 218 218 617 617 220 220 618 618 221 221 619 619 219 219 620 620 222 222 621 621 219 219 622 622 221 221 623 623 222 222 624 624 221 221 625 625 223 223 626 626 224 224 627 627 223 223 628 628 221 221 629 629 223 223 630 630 224 224 631 631 225 225 632 632 226 226 633 633 225 225 634 634 224 224 635 635 225 225 636 636 226 226 637 637 227 227 638 638 228 228 639 639 227 227 640 640 226 226 641 641 228 228 642 642 229 229 643 643 227 227 644 644 230 230 645 645 227 227 646 646 229 229 647 647 229 229 648 648 231 231 649 649 230 230 650 650 232 232 651 651 230 230 652 652 231 231 653 653 231 231 654 654 233 233 655 655 232 232 656 656 234 234 657 657 232 232 658 658 233 233 659 659 233 233 660 660 235 235 661 661 234 234 662 662 236 236 663 663 234 234 664 664 235 235 665 665 239 237 666 666 238 238 667 667 237 239 668 668 238 238 669 669 240 240 670 670 237 239 671 671 240 240 672 672 241 241 673 673 237 239 674 674 241 241 675 675 242 242 676 676 237 239 677 677 238 238 678 678 239 237 679 679 243 243 680 680 244 244 681 681 243 243 682 682 239 237 683 683 244 244 684 684 245 245 685 685 243 243 686 686 246 246 687 687 243 243 688 688 245 245 689 689 245 245 690 690 247 247 691 691 246 246 692 692 248 248 693 693 246 246 694 694 247 247 695 695 247 247 696 696 249 249 697 697 248 248 698 698 250 250 699 699 248 248 700 700 249 249 701 701 249 249 702 702 251 251 703 703 250 250 704 704 252 252 705 705 250 250 706 706 251 251 707 707 251 251 708 708 253 253 709 709 252 252 710 710 254 254 711 711 252 252 712 712 253 253 713 713 253 253 714 714 255 255 715 715 254 254 716 716 256 256 717 717 254 254 718 718 255 255 719 719 259 257 720 720 258 258 721 721 257 259 722 722 260 260 723 723 257 259 724 724 258 258 725 725 259 257 726 726 257 259 727 727 261 261 728 728 262 262 729 729 261 261 730 730 257 259 731 731 258 258 732 732 259 257 733 733 263 263 734 734 264 264 735 735 263 263 736 736 259 257 737 737 257 259 738 738 260 260 739 739 265 265 740 740 266 266 741 741 265 265 742 742 260 260 743 743 264 264 744 744 259 257 745 745 267 267 746 746 261 261 747 747 267 267 748 748 259 257 749 749 257 259 750 750 268 268 751 751 262 262 752 752 257 259 753 753 265 265 754 754 268 268 755 755 269 269 756 756 262 262 757 757 268 268 758 758 263 263 759 759 264 264 760 760 270 270 761 761 271 271 762 762 270 270 763 763 264 264 764 764 264 264 765 765 267 267 766 766 271 271 767 767 272 272 768 768 271 271 769 769 267 267 770 770 270 270 771 771 271 271 772 772 273 273 773 773 274 274 774 774 273 273 775 775 271 271 776 776 271 271 777 777 272 272 778 778 274 274 779 779 275 275 780 780 274 274 781 781 272 272 782 782 273 273 783 783 274 274 784 784 276 276 785 785 277 277 786 786 276 276 787 787 274 274 788 788 274 274 789 789 275 275 790 790 277 277 791 791 278 278 792 792 277 277 793 793 275 275 794 794 281 279 795 795 280 280 796 796 279 281 797 797 282 282 798 798 281 279 799 799 279 281 800 800 281 279 801 801 283 283 802 802 280 280 803 803 280 280 804 804 283 283 805 805 284 284 806 806 285 285 807 807 284 284 808 808 283 283 809 809 284 284 810 810 285 285 811 811 286 286 812 812 287 287 813 813 286 286 814 814 285 285 815 815 286 286 816 816 287 287 817 817 288 288 818 818 289 289 819 819 288 288 820 820 287 287 821 821 289 289 822 822 290 290 823 823 288 288 824 824 291 291 825 825 288 288 826 826 290 290 827 827 290 290 828 828 292 292 829 829 291 291 830 830 293 293 831 831 291 291 832 832 292 292 833 833 292 292 834 834 294 294 835 835 293 293 836 836 295 295 837 837 293 293 838 838 294 294 839 839 294 294 840 840 296 296 841 841 295 295 842 842 297 297 843 843 295 295 844 844 296 296 845 845 297 297 846 846 296 296 847 847 298 298 848 848 299 299 849 849 297 297 850 850 298 298 851 851 296 296 852 852 300 300 853 853 298 298 854 854 303 301 855 855 302 302 856 856 301 303 857 857 301 303 858 858 304 304 859 859 303 301 860 860 305 305 861 861 303 301 862 862 304 304 863 863 305 305 864 864 304 304 865 865 306 306 866 866 303 301 867 867 307 307 868 868 302 302 869 869 308 308 870 870 302 302 871 871 307 307 872 872 307 307 873 873 309 309 874 874 308 308 875 875 307 307 876 876 310 310 877 877 309 309 878 878 311 311 879 879 309 309 880 880 310 310 881 881 310 310 882 882 312 312 883 883 311 311 884 884 310 310 885 885 313 313 886 886 312 312 887 887 314 314 888 888 312 312 889 889 313 313 890 890 317 315 891 891 316 316 892 892 315 317 893 893 318 318 894 894 315 317 895 895 316 316 896 896 316 316 897 897 319 319 898 898 318 318 899 899 320 320 900 900 318 318 901 901 319 319 902 902 320 320 903 903 319 319 904 904 321 321 905 905 321 321 906 906 322 322 907 907 320 320 908 908 323 323 909 909 320 320 910 910 322 322 911 911 323 323 912 912 322 322 913 913 324 324 914 914 324 324 915 915 325 325 916 916 323 323 917 917 326 326 918 918 323 323 919 919 325 325 920 920 326 326 921 921 325 325 922 922 327 327 923 923 327 327 924 924 328 328 925 925 326 326 926 926 329 329 927 927 326 326 928 928 328 328 929 929 332 330 930 930 331 331 931 931 330 332 932 932 333 333 933 933 330 332 934 934 331 331 935 935 331 331 936 936 334 334 937 937 333 333 938 938 335 335 939 939 333 333 940 940 334 334 941 941 330 332 942 942 336 336 943 943 332 330 944 944 337 337 945 945 332 330 946 946 336 336 947 947 334 334 948 948 338 338 949 949 335 335 950 950 339 339 951 951 335 335 952 952 338 338 953 953 339 339 954 954 338 338 955 955 340 340 956 956 341 341 957 957 339 339 958 958 340 340 959 959 344 342 960 960 343 343 961 961 342 344 962 962 345 345 963 963 342 344 964 964 343 343 965 965 342 344 966 966 346 346 967 967 344 342 968 968 347 347 969 969 344 342 970 970 346 346 971 971 343 343 972 972 348 348 973 973 345 345 974 974 349 349 975 975 345 345 976 976 348 348 977 977 346 346 978 978 350 350 979 979 347 347 980 980 351 351 981 981 347 347 982 982 350 350 983 983 350 350 984 984 352 352 985 985 351 351 986 986 350 350 987 987 353 353 988 988 352 352 989 989 356 354 990 990 355 355 991 991 354 356 992 992 357 357 993 993 354 356 994 994 355 355 995 995 355 355 996 996 358 358 997 997 357 357 998 998 359 359 999 999 357 357 1000 1000 358 358 1001 1001 358 358 1002 1002 360 360 1003 1003 359 359 1004 1004 361 361 1005 1005 359 359 1006 1006 360 360 1007 1007 354 356 1008 1008 362 362 1009 1009 356 354 1010 1010 363 363 1011 1011 356 354 1012 1012 362 362 1013 1013 362 362 1014 1014 364 364 1015 1015 363 363 1016 1016 365 365 1017 1017 363 363 1018 1018 364 364 1019 1019 364 364 1020 1020 366 366 1021 1021 365 365 1022 1022 367 367 1023 1023 365 365 1024 1024 366 366 1025 1025 366 366 1026 1026 368 368 1027 1027 367 367 1028 1028 369 369 1029 1029 367 367 1030 1030 368 368 1031 1031 368 368 1032 1032 370 370 1033 1033 369 369 1034 1034 371 371 1035 1035 369 369 1036 1036 370 370 1037 1037 370 370 1038 1038 372 372 1039 1039 371 371 1040 1040 373 373 1041 1041 371 371 1042 1042 372 372 1043 1043 372 372 1044 1044 374 374 1045 1045 373 373 1046 1046 375 375 1047 1047 373 373 1048 1048 374 374 1049 1049 374 374 1050 1050 376 376 1051 1051 375 375 1052 1052 377 377 1053 1053 375 375 1054 1054 376 376 1055 1055 376 376 1056 1056 378 378 1057 1057 377 377 1058 1058 379 379 1059 1059 377 377 1060 1060 378 378 1061 1061 378 378 1062 1062 380 380 1063 1063 379 379 1064 1064 381 381 1065 1065 379 379 1066 1066 380 380 1067 1067 380 380 1068 1068 382 382 1069 1069 381 381 1070 1070 383 383 1071 1071 381 381 1072 1072 382 382 1073 1073 382 382 1074 1074 384 384 1075 1075 383 383 1076 1076 385 385 1077 1077 383 383 1078 1078 384 384 1079 1079 384 384 1080 1080 386 386 1081 1081 385 385 1082 1082 387 387 1083 1083 385 385 1084 1084 386 386 1085 1085 386 386 1086 1086 388 388 1087 1087 387 387 1088 1088 389 389 1089 1089 387 387 1090 1090 388 388 1091 1091 388 388 1092 1092 390 390 1093 1093 389 389 1094 1094 391 391 1095 1095 389 389 1096 1096 390 390 1097 1097 390 390 1098 1098 392 392 1099 1099 391 391 1100 1100 393 393 1101 1101 391 391 1102 1102 392 392 1103 1103</p>
        </triangles>
      </mesh>
    </geometry>
  </library_geometries>
  <library_controllers>
    <controller id="Kermit_Space_Hero_Mesh-skin" name="Kermit_Space_Hero">
      <skin source="#Mesh-mesh">
        <bind_shape_matrix>1 0 0 0 0 1 0 0 0 0 1 0 0 0 0 1</bind_shape_matrix>
        <source id="Kermit_Space_Hero_Mesh-skin-joints">
          <Name_array id="Kermit_Space_Hero_Mesh-skin-joints-array" count="30">Bip01_R_Clavicle Bip01_L_Clavicle Bip01_Spine1 Bip01_Spine Bip01_Pelvis Bip01_L_UpperArm Bip01_Neck Bip01_L_Thigh Bip01_R_Thigh Bone_2a Bip01_Head Bip01_R_UpperArm Bip01_R_Forearm Bip01_R_Calf Bip01_R_Foot Bip01_R_Toe0 Bone_1 Bip01_R_Finger1 Bip01_R_Hand Bip01_R_Finger11 Bip01_R_Finger0 Bip01_R_Finger01 Bip01_L_Forearm Bip01_L_Calf Bip01_L_Foot Bip01_L_Toe0 Bip01_L_Finger1 Bip01_L_Hand Bone_Cloth_LF Bip01_Prop2</Name_array>
          <technique_common>
            <accessor source="#Kermit_Space_Hero_Mesh-skin-joints-array" count="30" stride="1">
              <param name="JOINT" type="name"/>
            </accessor>
          </technique_common>
        </source>
        <source id="Kermit_Space_Hero_Mesh-skin-bind_poses">
          <float_array id="Kermit_Space_Hero_Mesh-skin-bind_poses-array" count="480">-0.9782259 0.2048049 0.03360265 0.04521685 0.1919686 0.9544151 -0.2285608 0.1380687 -0.07888156 -0.2171344 -0.9729521 0.6845991 0 0 0 1 0.9782247 0.2048094 0.03360348 0.04521763 -0.1919726 0.9544136 -0.2285628 0.1380699 -0.07888275 0.2171322 0.9729428 -0.6845926 0 0 0 1 -1.66849e-6 0.2321184 0.9726876 -0.5806421 -2.50175e-7 -0.9726877 0.2321184 -0.1323636 1 1.43878e-7 1.68099e-6 -4.02513e-7 0 0 0 1 -1.08404e-6 0.03119206 0.9995135 -0.5058425 1.8785e-6 -0.9995135 0.03119218 -0.01270741 1 1.91134e-6 1.02491e-6 0 0 0 0 1 -9.81492e-7 0 1 -0.4543322 3.71145e-6 -1 0 -0.02133315 1 3.71138e-6 9.81491e-7 0 0 0 0 1 0.9102784 0.1412281 -0.3891598 0.1325767 -0.1485629 0.9888371 0.01134765 -0.03895133 0.3864219 0.04748183 0.9210938 -0.7074003 0 0 0 1 -5.67744e-7 -0.2344518 0.9721277 -0.7297273 -2.29552e-6 -0.9721279 -0.2344518 0.2022486 1 -2.36471e-6 0 1.03597e-6 0 0 0 1 0.16123 0.03222781 -0.9863905 0.4371708 0.3360867 -0.9415211 0.02417314 -0.05538552 -0.9279283 -0.3354101 -0.1626328 0.1338739 0 0 0 1 -0.1612287 0.03222697 -0.9863907 0.4371706 -0.3360809 -0.941523 0.02417248 -0.05538541 -0.9279304 0.3354045 0.1626313 -0.1338741 0 0 0 1 0 -0.8905848 -0.4548173 0.4212578 1 0 0 1.37947e-6 0 -0.4548174 0.8905849 -0.785438 0 0 0 1 0 -0.389569 0.9209975 -0.7881785 -6.51181e-7 -0.9209974 -0.3895689 0.3350176 1 -5.84554e-7 -2.89728e-7 1.27416e-6 0 0 0 1 -0.9102792 0.1412239 -0.3891641 0.1325783 0.1485585 0.9888386 0.01135402 -0.03895562 0.3864225 -0.04747956 -0.9211012 0.7074059 0 0 0 1 -0.9210443 -0.07242226 -0.3826666 -2.70106e-5 -0.04853904 0.9962435 -0.07171553 -0.03987395 0.3864215 -0.0474801 -0.9211016 0.7074058 0 0 0 1 -0.08279716 0.2399349 -0.9672516 0.2243146 -0.3634411 -0.911008 -0.1948722 -0.005854308 -0.9279304 0.3354042 0.162631 -0.133874 0 0 0 1 1.05766e-6 0 -0.9999998 0.05376881 -0.4600274 -0.8879048 -4.70402e-7 -0.02898657 -0.8879044 0.4600275 -9.64614e-7 -0.1240924 0 0 0 1 -0.4600275 -0.8879047 -7.07411e-7 -0.1069297 -1.1044e-6 -2.77416e-7 0.9999998 -6.76464e-4 -0.8879043 0.4600276 -8.93721e-7 -0.1240924 0 0 0 1 1.26059e-6 -0.9301245 -0.3672444 0.318728 1 7.02711e-7 1.65263e-6 -5.38424e-7 -1.19266e-6 -0.3672446 0.9301246 -0.838209 0 0 0 1 -0.5318433 -0.03363627 -0.8461771 0.2466454 0.8458954 -0.06836116 -0.5289511 0.6927077 -0.0400536 -0.9970937 0.06480878 0.00582838 0 0 0 1 -0.896544 -0.01268595 -0.4427748 -0.08514779 0.442833 -0.04913127 -0.8952591 0.7141307 -0.01039683 -0.998712 0.04966467 0.03014695 0 0 0 1 -0.03683447 -0.05503743 -0.9978072 0.5123625 0.9980355 -0.05266737 -0.03393757 0.5039914 -0.05068391 -0.9970945 0.05686783 0.004877924 0 0 0 1 -0.1796832 -0.8364472 -0.5177583 0.2687045 -0.2084379 0.5467438 -0.8109424 0.368694 0.9613888 -0.0377925 -0.2725881 0.5569714 0 0 0 1 -0.2655356 -0.3875255 -0.8827912 0.3760626 -0.07227396 0.9210844 -0.3825967 0.1910166 0.9613885 -0.03779041 -0.2725889 0.5569717 0 0 0 1 0.921043 -0.07241791 -0.3826648 -2.63148e-5 0.04853487 0.9962429 -0.0717197 -0.03987115 0.3864244 0.047481 0.9210928 -0.7074009 0 0 0 1 0.08279758 0.2399355 -0.9672517 0.2243146 0.3634473 -0.9110057 -0.1948716 -0.005854427 -0.9279283 -0.3354099 -0.162633 0.1338739 0 0 0 1 8.86491e-7 1.67705e-7 -1 0.05376875 0.4600316 -0.8879028 3.78223e-7 -0.02898651 -0.8879026 -0.4600316 -8.10984e-7 0.1240924 0 0 0 1 0.4600317 -0.8879028 3.38722e-7 -0.1069296 -9.59953e-7 -2.05767e-7 1 -6.76341e-4 -0.8879026 -0.4600316 -8.93721e-7 0.1240924 0 0 0 1 0.4869563 -0.03363323 -0.8727725 0.2823352 -0.8723481 -0.06836277 -0.4840797 0.6789422 -0.04338401 0.9970929 -0.06263345 -0.005566835 0 0 0 1 0.8965427 -0.01268166 -0.442772 -0.08514755 -0.4428352 -0.04912823 -0.895251 0.7141267 -0.01039904 0.9987114 -0.04966533 -0.03014743 0 0 0 1 0.2279755 0.08555918 -0.9698872 0.3893366 -0.01590138 0.9963262 0.08415263 -0.02944535 0.9735372 -0.003761947 0.2284965 -0.2176166 0 0 0 1 0.9223472 -0.009601354 -0.3862388 -0.2540396 -0.3855232 -0.08869183 -0.91842 0.6784358 -0.02543801 0.9960122 -0.08550989 0.03085106 0 0 0 1</float_array>
          <technique_common>
            <accessor source="#Kermit_Space_Hero_Mesh-skin-bind_poses-array" count="30" stride="16">
              <param name="TRANSFORM" type="float4x4"/>
            </accessor>
          </technique_common>
        </source>
        <source id="Kermit_Space_Hero_Mesh-skin-weights">
          <float_array id="Kermit_Space_Hero_Mesh-skin-weights-array" count="7077">0.003256499 0.4048068 0.5005996 0.09133714 0.004693031 0.3459786 0.6329449 0.01638334 0.02386158 0.3967845 0.4915037 0.08785021 5.38881e-4 0.2641465 0.5010008 0.2343139 0.01619416 0.6907538 0.2773517 0.01570016 0.09335702 0.6354737 0.2563331 0.01483613 0.1153778 0.1353009 0.6585199 0.09080141 0.2032939 0.7019881 0.09471803 0.132673 0.1685697 0.6807476 0.01800966 0.3016719 0.6863659 0.01196223 0.103064 0.1453112 0.7516248 8.60616e-4 0.305185 0.6939544 0.04284244 0.0949009 0.8593741 0.00288248 0.2641284 0.7350493 8.2233e-4 0.06086039 0.3811913 0.4720508 0.08589738 0.0299291 0.2619591 0.4840053 0.2241065 0.1187628 0.3392432 0.4187055 0.1232884 0.03148889 0.2297776 0.4595499 0.2791836 0.1155789 0.3580263 0.4454747 0.08092004 0.0276966 0.229879 0.4992541 0.2431702 0.09402781 0.3671669 0.4559302 0.08287513 0.02669787 0.2288762 0.5002665 0.2441594 0.04859358 0.3869174 0.4778205 0.08666849 0.03545331 0.2285658 0.4952495 0.2407313 0.3277757 0.3592722 0.2465872 0.0663647 0.1963451 0.5789948 0.2096728 0.01498723 0.5505023 0.2465802 0.0738002 0.1291171 0.3229624 0.5711922 0.0755167 0.03032875 0.4525213 0.2611231 0.01205885 0.2742966 0.3520767 0.4888759 0.01248985 0.1465575 0.4724788 0.3887062 0.09486556 0.04394936 0.3566164 0.4092506 0.1973125 0.03682053 0.5206266 0.3773967 0.06057697 0.04139959 0.3115895 0.4546969 0.1997632 0.03395026 0.3822417 0.5382347 0.07952362 0.4063771 0.5203323 0.07038748 0.002903103 0.386701 0.5247163 0.08858269 0.1880413 0.5578543 0.2370662 0.01703822 0.2979767 0.6363109 0.06571245 0.1362331 0.8137669 0.04999995 0.00608325 0.03301751 0.9108992 0.05000001 0.4312003 0.5159068 0.05289298 0.3770095 0.5517315 0.07125896 0.3837432 0.5151641 0.1010928 0.2982078 0.6360665 0.06572574 0.4893219 0.3829532 0.01577538 0.1119495 0.3777921 0.6084338 0.01377409 0.04974472 0.05236285 0.5305317 0.3673608 0.1001138 0.4990994 0.04505121 0.3557355 0.2 0.7401881 0.05981194 0.35 0.5972148 0.05278521 0.2796062 0.6682536 0.002140283 0.04999995 0.3 0.6410698 0.05893015 0.2727658 0.6999068 0.02732747 0.4773015 0.4782065 0.04449194 0.3422538 0.5981147 0.0596314 0.5880516 0.2706726 0.01225024 0.1290256 0.2856024 0.6198209 0.09457665 0.2086973 0.5484203 0.2278634 0.01501888 0.0787025 0.3716593 0.4642845 0.08535367 0.05172502 0.2069972 0.4924585 0.2488192 0.1162723 0.3994941 0.4572156 0.02701795 0.1134082 0.3930956 0.4664782 0.02701795 0.116653 0.4003447 0.4559842 0.02701795 0.1166279 0.4002886 0.4560654 0.02701795 0.1072943 0.3650743 0.5006134 0.02701795 0.116701 0.3997371 0.4565439 0.02701795 0.143629 0.4806954 0.3486576 0.02701795 0.1148032 0.3929114 0.4422854 0.04999995 0.004693031 0.3459786 0.6329449 0.01638334 0.02386158 0.3967845 0.4915037 0.08785021 0.09335702 0.6354737 0.2563331 0.01483613 0.2032939 0.7019881 0.09471803 0.3016719 0.6863659 0.01196223 0.305185 8.60616e-4 0.6939544 0.2641284 0.7350493 8.2233e-4 0.06086039 0.3811913 0.4720508 0.08589738 0.0299291 0.2619591 0.4840053 0.2241065 0.1187628 0.3392432 0.4187055 0.1232884 0.03148889 0.2297776 0.4595499 0.2791836 0.1155789 0.3580263 0.4454747 0.08092004 0.0276966 0.229879 0.4992541 0.2431702 0.09402781 0.3671669 0.4559302 0.08287513 0.02669787 0.2288762 0.5002665 0.2441594 0.04859358 0.3869174 0.4778205 0.08666849 0.03545331 0.2285658 0.4952495 0.2407313 0.3277757 0.3592722 0.2465872 0.0663647 0.1963451 0.5789948 0.2096728 0.01498723 0.5505023 0.2465802 0.0738002 0.1291171 0.3229624 0.5711922 0.0755167 0.03032875 0.4525213 0.2611231 0.01205885 0.2742966 0.3520767 0.4888759 0.01248985 0.1465575 0.4724788 0.3887062 0.09486556 0.04394936 0.3566164 0.4092506 0.1973125 0.03682053 0.5206266 0.3773967 0.06057697 0.04139959 0.3115895 0.4546969 0.1997632 0.03395026 0.3822417 0.5382347 0.07952362 0.4063771 0.5203323 0.002903103 0.07038748 0.386701 0.5247163 0.08858269 0.1880413 0.5578543 0.2370662 0.01703822 0.2979767 0.6363109 0.06571245 0.1362331 0.8137669 0.04999995 0.4312003 0.5159068 0.05289298 0.3770095 0.5517315 0.07125896 0.3837432 0.5151641 0.1010928 0.2982078 0.6360665 0.06572574 0.4893219 0.3829532 0.01577538 0.1119495 0.5880516 0.2706726 0.01225024 0.1290256 0.3777921 0.6084338 0.01377409 0.2856024 0.6198209 0.09457665 0.1001138 0.4990994 0.04505121 0.3557355 0.2 0.7401881 0.05981194 0.35 0.5972148 0.05278521 0.2796062 0.6682536 0.002140283 0.04999995 0.3 0.6410698 0.05893015 0.2711291 0.7038405 0.02503037 0.2086973 0.5484203 0.2278634 0.01501888 0.0787025 0.3716593 0.4642845 0.08535367 0.05172502 0.2069972 0.4924585 0.2488192 0.1162723 0.3994941 0.4572156 0.02701795 0.1134082 0.3930956 0.4664782 0.02701795 0.116653 0.4003447 0.4559842 0.02701795 0.1166279 0.4002886 0.4560654 0.02701795 0.1072943 0.3650743 0.5006134 0.02701795 0.116701 0.3997371 0.4565439 0.02701795 0.143629 0.4806954 0.3486576 0.02701795 0.03775429 0.1682077 0.703788 0.09025001 0.04862296 0.2184019 0.6878501 0.04512494 0.02656489 0.1303057 0.7077544 0.135375 0.01746922 0.08593809 0.6955784 0.2010142 0.0377047 0.1669807 0.6148145 0.1805 0.0143103 0.0708388 0.6148508 0.3 0.03559452 0.1564239 0.6274815 0.1805 0.009773313 0.6902266 0.3 0.03682416 0.1634098 0.619266 0.1804999 7.91189e-4 0.6492088 0.35 0.07208824 0.1784834 0.6487943 0.100634 0.07170009 0.232818 0.6453009 0.05018091 0.07179272 0.2315596 0.6461344 0.05051326 0.07618427 0.1872178 0.6856586 0.05093914 0.07208824 0.1784834 0.6487943 0.100634 0.07170009 0.232818 0.6453009 0.05018091 0.04862296 0.2184019 0.6878501 0.04512494 0.02656489 0.1303057 0.7077544 0.135375 0.03775429 0.1682077 0.703788 0.09025001 0.01746922 0.08593809 0.6955784 0.2010142 0.0377047 0.1669807 0.6148145 0.1805 0.0143103 0.0708388 0.6148508 0.3 0.03559452 0.1564239 0.6274815 0.1805 0.009773313 0.6902266 0.3 0.03682416 0.1634098 0.619266 0.1804999 7.91189e-4 0.6492088 0.35 0.04017376 0.1873297 0.6371215 0.135375 0.01533955 0.6346604 0.35 0.06423169 0.3795976 0.4705117 0.08565884 0.2190713 0.5170053 0.2639233 0.04646664 0.3868924 0.479278 0.08736294 0.05172127 0.2067099 0.4920123 0.2495565 0.003593325 0.40465 0.5004302 0.09132635 0.003323316 0.6997952 0.2809774 0.01590406 0.1002057 0.6285355 0.255822 0.0154367 6.99393e-4 0.004531502 0.866345 0.1284241 0.1168211 0.7688222 0.1143566 0.2193201 0.5173808 0.2632992 4.16237e-4 0.09963053 0.8661624 0.03379076 0.04999995 0.004878163 0.9055835 0.03953832 0.1169576 0.401025 0.4549994 0.02701795 0.116877 0.4009445 0.4558529 0.0263254 0.1158523 0.3985558 0.458574 0.02701801 0.141358 0.5978121 0.24544 0.0153898 0.1759599 0.7177017 0.1063383 0.2055072 0.722639 0.07185369 0.3385152 0.6445728 0.01691204 0.326922 0.6162326 0.05684542 0.04646664 0.3868924 0.479278 0.08736294 0.2190713 0.5170053 0.2639233 0.05172127 0.2067099 0.4920123 0.2495565 0.06423169 0.3795976 0.4705117 0.08565884 0.1002057 0.6285355 0.255822 0.0154367 0.1168211 0.7688222 0.1143566 0.2624765 0.640668 0.09685546 0.09963053 4.16237e-4 0.8661624 0.03379076 0.3385152 0.6445728 0.01691204 0.204792 0.5523622 0.2281645 0.01468127 0.1158523 0.3985558 0.458574 0.02701801 0.1169576 0.401025 0.4549994 0.02701795 0.08472067 9.30944e-4 0.9133751 9.73292e-4 0.04999995 0.004002332 0.9426745 0.003323137 0.1928022 0.8038265 0.003371238 0.1321604 0.8073915 0.06044799 0.1306571 0.8630282 0.006314635 0.1187477 0.8704866 0.01076561 0.1516138 0.7762412 0.07214492 0.07074511 0.001541435 0.9234732 0.004240214 0.04999995 0.002414524 0.9271394 0.02044606 0.04047751 0.7095225 0.25 0.08156663 0.7684333 0.15 0.04567456 0.704322 0.2500035 0.03657203 0.7134202 0.2500078 0.02413845 0.7256834 0.2500305 1.47686e-4 0.04999995 1.89001e-4 0.712311 0.2375 0.001541435 0.07074511 0.9234732 0.004240214 9.30944e-4 0.08472067 0.9133751 9.73292e-4 0.1928022 0.8038265 0.003371238 0.1321604 0.8073915 0.06044799 0.1306571 0.8630282 0.006314635 0.1187477 0.8704866 0.01076561 0.1516138 0.7762412 0.07214492 0.04047751 0.7095225 0.25 0.08156663 0.7684333 0.15 0.04567456 0.704322 0.2500035 0.03657203 0.7134202 0.2500078 0.02413845 0.7256834 0.2500305 1.47686e-4 0.2796062 0.6682536 0.002140283 0.04999995 0.2727659 0.6999067 0.02732747 0.2727658 0.6999068 0.02732747 0.2429229 0.7070772 0.04999995 0.3777921 0.6084338 0.01377409 0.3385152 0.6445728 0.01691204 0.3777921 0.6084338 0.01377409 0.2796062 0.6682536 0.002140283 0.04999995 0.3 0.6410698 0.05893015 0.2727658 0.6999068 0.02732747 0.3 0.6410698 0.05893015 0.35 0.5972148 0.05278521 0.35 0.5972148 0.05278521 0.2 0.7401881 0.05981194 0.2 0.7401881 0.05981194 0.1001138 0.4990994 0.04505121 0.3557355 0.1001138 0.4990994 0.04505121 0.3557355 0.04974472 0.05236285 0.5305317 0.3673608 0.04974472 0.05236285 0.5305317 0.3673608 0.1001138 0.4990994 0.04505121 0.3557355 0.1001138 0.4990994 0.04505121 0.3557355 0.2 0.7401881 0.05981194 0.2 0.7401881 0.05981194 0.35 0.5972148 0.05278521 0.35 0.5972148 0.05278521 0.3 0.6410698 0.05893015 0.3 0.6410698 0.05893015 0.2711291 0.7038405 0.02503037 0.2711291 0.7038405 0.02503037 0.2796062 0.6682536 0.002140283 0.04999995 0.2429229 0.7070772 0.04999995 0.2711291 0.7038405 0.02503037 0.3777921 0.6084338 0.01377409 0.3385152 0.6445728 0.01691204 0.2796062 0.6682536 0.002140283 0.04999995 0.2856024 0.6198209 0.09457665 0.2624765 0.640668 0.09685546 0.204792 0.5523622 0.2281645 0.01468127 0.2086973 0.5484203 0.2278634 0.01501888 0.0787025 0.3716593 0.4642845 0.08535367 0.0787025 0.3716593 0.4642845 0.08535367 0.06423169 0.3795976 0.4705117 0.08565884 0.05172502 0.2069972 0.4924585 0.2488192 0.05172502 0.2069972 0.4924585 0.2488192 0.05172127 0.2067099 0.4920123 0.2495565 0.1134082 0.3930956 0.4664782 0.02701795 0.1158523 0.3985558 0.458574 0.02701801 0.03625839 0.1731387 0.610103 0.1805 0.2856024 0.6198209 0.09457665 0.3777921 0.6084338 0.01377409 0.01671785 0.6332821 0.35 0.04017376 0.1873297 0.6371215 0.135375 0.1134082 0.3930956 0.4664782 0.02701795 0.04017376 0.1873297 0.6371215 0.135375 0.01533955 0.6346604 0.35 0.04017376 0.1873297 0.6371215 0.135375 0.01671785 0.6332821 0.35 0.03625839 0.1731387 0.610103 0.1805 0.1158523 0.3985558 0.458574 0.02701801 0.1134082 0.3930956 0.4664782 0.02701795 0.05172127 0.2067099 0.4920123 0.2495565 0.05172502 0.2069972 0.4924585 0.2488192 0.06423169 0.3795976 0.4705117 0.08565884 0.04017376 0.1873297 0.6371215 0.135375 0.01533955 0.6346604 0.35 0.1476196 0.5885431 0.2469232 0.01691406 0.141358 0.5978121 0.24544 0.0153898 0.0787025 0.3716593 0.4642845 0.08535367 0.05172502 0.2069972 0.4924585 0.2488192 0.1890504 0.7012888 0.1096608 0.1759599 0.7177017 0.1063383 0.2194458 0.7062642 0.07428991 0.2055072 0.722639 0.07185369 0.326922 0.6162326 0.05684542 0.3422538 0.5981147 0.0596314 0.3777921 0.6084338 0.01377409 0.03119015 0.1470434 0.6863914 0.135375 0.05993998 0.2570316 0.6800927 0.002935588 0.01297652 0.0703333 0.7156759 0.2010143 0.06605499 0.2832306 0.5986378 0.05207657 0.07201725 0.1793569 0.6481553 0.1004706 0.06658136 0.2838389 0.5992324 0.05034738 0.0783146 0.1940811 0.7048314 0.02277284 0.06660175 0.2838836 0.599416 0.05009871 0.009828269 0.6901717 0.3 0.06912022 0.2963407 0.6295656 0.004973411 0.009893059 0.6901069 0.3 0.05860012 0.2513191 0.5363845 0.1536963 0.65 0.35 0.05861961 0.2514205 0.5365384 0.1534215 0.01671785 0.6332821 0.35 0.03625839 0.1731387 0.610103 0.1805 0.06658136 0.2838389 0.5992324 0.05034738 0.07201725 0.1793569 0.6481553 0.1004706 0.06605499 0.2832306 0.5986378 0.05207657 0.03119015 0.1470434 0.6863914 0.135375 0.05993998 0.2570316 0.6800927 0.002935588 0.01297652 0.0703333 0.7156759 0.2010143 0.009828269 0.6901717 0.3 0.06912022 0.2963407 0.6295656 0.004973411 0.009893059 0.6901069 0.3 0.05860012 0.2513191 0.5363845 0.1536963 0.65 0.35 0.03625839 0.1731387 0.610103 0.1805 0.01671785 0.6332821 0.35 0.05861961 0.2514205 0.5365384 0.1534215 0.2429229 0.7070772 0.04999995 0.3385152 0.6445728 0.01691204 0.1321604 0.8073915 0.06044799 0.2727659 0.6999067 0.02732747 0.3 0.6410698 0.05893015 0.1516138 0.7762412 0.07214492 0.35 0.5972148 0.05278521 0.2 0.7401881 0.05981194 0.08156663 0.7684333 0.15 0.1001138 0.4990994 0.04505121 0.3557355 0.7777683 0.2222317 0.04974472 0.05236285 0.5305317 0.3673608 0.7565613 0.2434386 0.7777683 0.2222317 0.1001138 0.4990994 0.04505121 0.3557355 0.08156663 0.7684333 0.15 0.2 0.7401881 0.05981194 0.1516138 0.7762412 0.07214492 0.35 0.5972148 0.05278521 0.3 0.6410698 0.05893015 0.1321604 0.8073915 0.06044799 0.2711291 0.7038405 0.02503037 0.2429229 0.7070772 0.04999995 0.3385152 0.6445728 0.01691204 0.07618427 0.1872178 0.6856586 0.05093914 0.07201725 0.1793569 0.6481553 0.1004706 0.07208824 0.1784834 0.6487943 0.100634 0.0783146 0.1940811 0.7048314 0.02277284 0.03119015 0.1470434 0.6863914 0.135375 0.02656489 0.1303057 0.7077544 0.135375 0.01297652 0.0703333 0.7156759 0.2010143 0.01746922 0.08593809 0.6955784 0.2010142 0.07201725 0.1793569 0.6481553 0.1004706 0.07208824 0.1784834 0.6487943 0.100634 0.03119015 0.1470434 0.6863914 0.135375 0.02656489 0.1303057 0.7077544 0.135375 0.01297652 0.0703333 0.7156759 0.2010143 0.01746922 0.08593809 0.6955784 0.2010142 0.01746922 0.08593809 0.6955784 0.2010142 0.009828269 0.6901717 0.3 0.0143103 0.0708388 0.6148508 0.3 0.01297652 0.0703333 0.7156759 0.2010143 0.0143103 0.0708388 0.6148508 0.3 0.009893059 0.6901069 0.3 0.009773313 0.6902266 0.3 0.009893059 0.6901069 0.3 0.0143103 0.0708388 0.6148508 0.3 0.009828269 0.6901717 0.3 7.91189e-4 0.6492088 0.35 0.009893059 0.6901069 0.3 0.65 0.35 0.009773313 0.6902266 0.3 0.01533955 0.6346604 0.35 0.01533955 0.6346604 0.35 0.01671785 0.6332821 0.35 0.1476196 0.5885431 0.2469232 0.01691406 0.1890504 0.7012888 0.1096608 0.2194458 0.7062642 0.07428991 0.4327604 0.2761815 0.2910581 0.4131575 0.4874398 0.09940272 0.405773 0.3502715 0.2439554 0.4512725 0.4344409 0.1142867 0.3542479 0.2079991 0.437753 0.3633642 0.1741524 0.4624834 0.4179713 0.4844768 0.003051042 0.09450078 0.3564969 0.1960927 0.4474104 0.4901123 0.2802644 0.2296233 0.3509749 0.1412922 0.507733 0.5277226 0.2242529 0.2480244 0.4807336 0.1190332 0.4002331 0.5985372 0.2213751 0.1800877 0.432084 0.4913293 3.10758e-4 0.07627594 0.4762539 0.4325265 0.0912196 0.1169234 0.09147852 0.7915981 0.1951218 0.1623122 0.6425659 0.02023851 0.1837145 0.7960469 0.0230996 0.1403345 0.8365659 0.1338944 0.1287033 0.7374023 0.3013147 0.1026814 0.5960039 0.1863153 0.1939321 0.6197525 0.07323765 0.1823169 0.7444453 0.2466439 0.128688 0.6246681 0.1550308 0.1684162 0.676553 0.561483 0.3337681 0.104749 0.309122 0.1493016 0.5415764 0.4525213 0.2611231 0.01205885 0.2742966 0.3520767 0.4888759 0.01248985 0.1465575 0.2394608 0.125388 0.6351513 0.1332975 0.1647225 0.7019799 0.1100453 0.1664541 0.7235006 0.1332975 0.1647225 0.7019799 0.01511889 0.1514593 0.8334218 0.06123602 0.1261758 0.8125882 0.1651717 0.1190113 0.7158169 0.380936 0.1296191 0.4894449 0.1651717 0.1190113 0.7158169 0.5002596 0.1849934 0.006700158 0.3080467 0.5880516 0.2706726 0.01225024 0.1290256 0.4893219 0.3829532 0.01577538 0.1119495 0.3837432 0.5151641 0.1010928 0.4893219 0.3829532 0.01577538 0.1119495 0.4312003 0.5159068 0.05289298 0.4063771 0.5203323 0.002903103 0.07038748 0.3822417 0.5382347 0.07952362 0.3520767 0.4888759 0.01248985 0.1465575 0.309122 0.1493016 0.5415764 0.5505023 0.2465802 0.0738002 0.1291171 0.4525213 0.2611231 0.01205885 0.2742966 0.4498926 0.2359325 0.01847177 0.2957031 0.4724788 0.3887062 0.09486556 0.04394936 0.4844995 0.3578407 0.04136401 0.1162958 0.3885394 0.305871 0.02317237 0.2824172 0.2815616 0.1704108 0.5480276 0.1298468 0.2327811 0.6373721 0.1241603 0.1782965 0.6975432 0.009670495 0.0144388 0.761219 0.2146716 0.6979249 0.3020751 0.02113395 0.02727687 0.745961 0.2056281 0.1332975 0.1647225 0.7019799 0.1100453 0.1664541 0.7235006 0.02163964 0.02552098 0.7460537 0.2067856 0.01511889 0.1514593 0.8334218 0.0013116 0.01471823 0.7113799 0.2725902 0.06123602 0.1261758 0.8125882 0.8495332 0.1504667 0.6656488 0.3343513 0.85 0.15 0.1651717 0.1190113 0.7158169 0.85 0.15 0.1994069 0.1247794 0.6758137 0.1298468 0.2327811 0.6373721 0.6979249 0.3020751 0.4193 0.1758003 0.007025718 0.3978739 0.380936 0.1296191 0.4894449 0.3885394 0.305871 0.02317237 0.2824172 0.4048271 0.595173 0.4329411 0.5670589 0.0998426 0.9001574 0.1 0.9 1 0.070418 0.9295819 0.2254994 0.7745006 0.0980373 0.9019627 1 0.1 0.9 0.2373144 0.7626855 0.09867811 0.9013219 0.3247062 0.6752938 0.05832642 0.9416736 0.05873394 0.941266 1 1 0.06137216 0.9386278 0.09655594 0.9034441 0.05831295 0.9416871 0.09454256 0.9054574 0.05704927 0.9429507 0.0589993 0.9410007 0.09614157 0.9038584 0.06137216 0.9386278 0.09867811 0.9013219 0.1985417 0.8014582 0.161361 0.838639 0.2125509 0.7874491 0.2373144 0.7626855 0.3251535 0.6748465 0.4329411 0.5670589 0.392552 0.607448 0.5829377 0.4170623 0.4724788 0.3887062 0.09486556 0.04394936 0.5586046 0.2791991 0.01638031 0.145816 0.5206266 0.3773967 0.06057697 0.04139959 0.4844995 0.3578407 0.04136401 0.1162958 0.5002596 0.1849934 0.006700158 0.3080467 0.5880516 0.2706726 0.01225024 0.1290256 0.04567456 0.704322 0.2500035 0.04047751 0.7095225 0.25 0.04567456 0.704322 0.2500035 0.04047751 0.7095225 0.25 0.08156663 0.7684333 0.15 0.03657203 0.7134202 0.2500078 0.03657203 0.7134202 0.2500078 0.02413845 0.7256834 0.2500305 1.47686e-4 0.02413845 0.7256834 0.2500305 1.47686e-4 0.04999995 1.89001e-4 0.712311 0.2375 0.04999995 1.89001e-4 0.712311 0.2375 0.02413845 0.7256834 0.2500305 1.47686e-4 0.02413845 0.7256834 0.2500305 1.47686e-4 0.03657203 0.7134202 0.2500078 0.03657203 0.7134202 0.2500078 0.04567456 0.704322 0.2500035 0.04567456 0.704322 0.2500035 0.04047751 0.7095225 0.25 0.04047751 0.7095225 0.25 0.08156663 0.7684333 0.15 0.04017376 0.1873297 0.6371215 0.135375 0.01533955 0.6346604 0.35 0.2114702 0.7885298 0.325259 0.674741 0.2661607 0.7338393 0.3144856 0.6855143 0.3219754 0.6780247 0.2634017 0.7365983 0.238729 0.7612709 0.3136902 0.6863098 0.4583644 0.5416356 0.4368504 0.5631496 0.6095871 0.390413 0.02150136 0.0233578 0.5593665 0.3957744 0.002192735 0.00238204 0.6073403 0.3880849 0.4557678 0.5442322 0.6335347 0.3664653 0.4231608 0.5768392 0.01458895 0.02035617 0.7063806 0.2586743 0.02417117 0.02625817 0.6900751 0.2594955 0.02531844 0.02957093 0.6940197 0.2510909 0.009335041 0.02323859 0.6991583 0.2682681 0.5829377 0.4170623 0.009670495 0.0144388 0.761219 0.2146716 0.392552 0.607448 0.3251535 0.6748465 0.161361 0.838639 0.4048271 0.595173 0.3247062 0.6752938 0.2254994 0.7745006 0.02163964 0.02552098 0.7460537 0.2067856 0.0013116 0.01471823 0.7113799 0.2725902 0.1985417 0.8014582 0.161361 0.838639 0.2125509 0.7874491 0.2254994 0.7745006 0.6656488 0.3343513 0.0013116 0.01471823 0.7113799 0.2725902 0.02113395 0.02727687 0.745961 0.2056281 0.009670495 0.0144388 0.761219 0.2146716 0.2394608 0.125388 0.6351513 1 0.05873394 0.941266 0.05832642 0.9416736 1 1 1 1 1 1 0.06137216 0.9386278 1 0.05831295 0.9416871 1 0.05704927 0.9429507 1 0.0589993 0.9410007 1 0.06137216 0.9386278 1 1 1 1 1 1 1 1 1 1 1 1 1 1 1 1 1 1 0.01746922 0.08593809 0.6955784 0.2010142 0.009828269 0.6901717 0.3 0.01297652 0.0703333 0.7156759 0.2010143 0.0143103 0.0708388 0.6148508 0.3 0.0143103 0.0708388 0.6148508 0.3 0.009893059 0.6901069 0.3 0.009828269 0.6901717 0.3 0.009773313 0.6902266 0.3 7.91189e-4 0.6492088 0.35 0.65 0.35 0.01533955 0.6346604 0.35 0.01533955 0.6346604 0.35 0.01671785 0.6332821 0.35 0.01054626 0.05908244 0.6719791 0.2583922 0.06912022 0.2963407 0.6295656 0.004973411 0.0127933 0.06824684 0.7610834 0.1578764 0.05860012 0.2513191 0.5363845 0.1536963 0.007040321 0.05774861 0.5479379 0.3872731 0.03742831 0.1772881 0.6333477 0.1519357 0.05861961 0.2514205 0.5365384 0.1534215 0.02943986 0.1740437 0.6958131 0.1007032 0.0577985 0.6453748 0.2968266 0.05993998 0.2570316 0.6800927 0.002935588 0.003158986 0.03457552 0.8099622 0.1523033 0.06605499 0.2832306 0.5986378 0.05207657 0.03831273 0.7821109 0.1795764 0.06658136 0.2838389 0.5992324 0.05034738 0.06624859 0.07364773 0.7426046 0.1174991 0.1746693 0.7176052 0.04881536 0.05891007 0.06112784 0.700218 0.08518344 0.1534707 0.06660175 0.2838836 0.599416 0.05009871 0.071141 0.07904559 0.8088919 0.04092144 0.004850447 0.3663232 0.6288264 0.004833459 0.4977802 0.4973863 0.2540633 0.7459367 0.2895783 0.7104218 0.004377007 0.5339985 0.4616245 0.348531 0.651469 0.4355706 0.5644294 0.250224 0.749776 0.004939556 0.6421808 0.3528797 0.3952304 0.6047697 0.005625009 0.6139848 0.3803902 0.3670477 0.6329522 0.6473752 0.3526248 0.3604511 0.639549 0.4504358 0.5495643 0.3001973 0.6998027 0.008284866 0.0092054 0.7447246 0.237785 0.7402303 0.2512785 0.008491218 0.009999096 0.802214 0.09876012 0.08902668 0.7863098 0.1004848 0.1132053 0.701383 0.2969707 0.001646339 0.768783 0.08663702 0.14458 0.6975702 0.3024299 0.7396985 0.1271663 0.1331352 0.4504358 0.5495643 0.701383 0.2969707 0.001646339 0.768783 0.08663702 0.14458 0.3001973 0.6998027 0.6975702 0.3024299 0.0577985 0.6453748 0.2968266 0.02943986 0.1740437 0.6958131 0.1007032 0.007040321 0.05774861 0.5479379 0.3872731 0.03742831 0.1772881 0.6333477 0.1519357 0.05861961 0.2514205 0.5365384 0.1534215 0.05860012 0.2513191 0.5363845 0.1536963 0.01054626 0.05908244 0.6719791 0.2583922 0.06912022 0.2963407 0.6295656 0.004973411 0.0127933 0.06824684 0.7610834 0.1578764 0.05993998 0.2570316 0.6800927 0.002935588 0.003158986 0.03457552 0.8099622 0.1523033 0.06605499 0.2832306 0.5986378 0.05207657 0.03831273 0.7821109 0.1795764 0.06658136 0.2838389 0.5992324 0.05034738 0.06624859 0.07364773 0.7426046 0.1174991 0.06660175 0.2838836 0.599416 0.05009871 0.071141 0.07904559 0.8088919 0.04092144 0.004833459 0.4977802 0.4973863 0.004377007 0.5339985 0.4616245 0.2895783 0.7104218 0.348531 0.651469 0.2540633 0.7459367 0.004850447 0.3663232 0.6288264 0.4355706 0.5644294 0.250224 0.749776 0.004939556 0.6421808 0.3528797 0.3952304 0.6047697 0.005625009 0.6139848 0.3803902 0.3670477 0.6329522 0.6473752 0.3526248 0.3604511 0.639549 0.4504358 0.5495643 0.3001973 0.6998027 0.008284866 0.0092054 0.7447246 0.237785 0.7402303 0.008491218 0.2512785 0.009999096 0.802214 0.09876012 0.08902668 0.7863098 0.1004848 0.1132053 0.701383 0.001646339 0.2969707 0.768783 0.08663702 0.14458 0.4504358 0.5495643 0.701383 0.001646339 0.2969707 0.3001973 0.6998027 0.348531 0.651469 0.1742995 0.8257005 0.1898461 0.8101539 0.2895783 0.7104218 0.1774977 0.8225023 0.2540633 0.7459367 0.250224 0.749776 0.2363117 0.7636882 0.3001973 0.6998027 0.2246107 0.7753893 0.3952304 0.6047697 0.2304332 0.7695668 0.3670477 0.6329522 0.1961227 0.8038772 0.3604511 0.639549 0.1717472 0.8282528 0.2246107 0.7753893 0.3001973 0.6998027 0.02265536 0.7198611 0.2574836 0.02405989 0.6775016 0.2984386 0.0179432 0.689815 0.2922418 0.03431522 0.6741142 0.2915706 0.01433163 0.6520808 0.3335876 0.01433163 0.6520808 0.3335876 0.007463335 0.775581 0.2169557 0.5436339 0.4563661 0.55 0.45 0.02384489 0.7579789 0.2181761 0.4366717 0.5633283 0.5026276 0.4973725 0.009262144 0.760524 0.2302138 0.5204022 0.4795978 0.09525471 0.9047453 0.01955467 0.9804453 0.3321903 0.6678097 0.2086669 0.7913331 0.324114 0.6758859 1 1 1 0.9823901 0.01760995 0.9947172 0.005282759 1 0.9993369 6.6312e-4 0.8898656 0.1101343 0.8932081 0.1067919 0.655802 0.3441981 0.6863203 0.3136796 0.8917426 0.1082574 0.6577581 0.3422419 0.668232 0.331768 0.8912535 0.1087465 0.7355087 0.2644913 0.8919857 0.1080142 0.6169846 0.3830155 0.8593985 0.1406015 0.5696004 0.4303997 0.8310044 0.1689956 0.5860791 0.4139209 0.8630277 0.1369723 0.655802 0.3441981 0.8932081 0.1067919 0.99595 0.004050016 0.9977048 0.002295255 0.9973824 0.002617597 1 1 0.9954926 0.004507422 0.9993369 6.6312e-4 1 1 0.2192977 0.7807022 0.1857322 0.7858278 0.02843999 0.4912055 0.5087946 0.01954787 0.9057633 0.07468873 0.03281223 0.8898065 0.07738131 0.07689929 0.9160281 0.007072627 0.0850656 0.9119243 0.003010034 0.003052771 0.9324216 0.0645256 0.7960065 0.2039935 0.00310719 0.8761278 0.1207649 0.1682972 0.826288 0.005414843 0.04687893 0.9531211 0.1762549 0.823745 0.9642625 0.03573745 0.6044942 0.3955059 0.4659144 0.5340856 0.4580698 0.5419303 0.7818233 0.2181767 0.1599089 0.8116511 0.02843999 0.5266858 0.4733142 0.3527448 0.6472552 0.3396359 0.6603641 0.3227028 0.6772972 0.4912055 0.5087946 0.03672981 0.9632701 0.0850656 0.9119243 0.003010034 0.09229385 0.9077062 0.1179828 0.8820173 1 1 1 1 1 0.6077245 0.3922755 0.01445031 0.7393745 0.2461752 0.01943838 0.7029494 0.2776122 0.5679442 0.4320558 0.6177106 0.3822894 0.01815736 0.6875265 0.2943161 0.03047722 0.6786043 0.2909185 0.591839 0.408161 0.01694792 0.666359 0.3166931 0.5424148 0.4575852 0.2732661 0.7267339 0.297011 0.7029891 0.3109238 0.6890762 0.2950648 0.7049352 0.3963858 0.6036143 0.190847 0.809153 0.2066403 0.7933596 0.2090588 0.7909412 0.2015495 0.7984505 0.2098106 0.7901893 0.3321903 0.6678097 0.5204022 0.4795978 0.0179432 0.689815 0.2922418 0.2086669 0.7913331 0.1433582 0.8566418 0.2086669 0.7913331 0.1368016 0.8631984 0.13241 0.86759 0.2202321 0.7797679 0.02405989 0.6775016 0.2984386 0.0179432 0.689815 0.2922418 0.02265536 0.7198611 0.2574836 0.03431522 0.6741142 0.2915706 0.01433163 0.6520808 0.3335876 0.5436339 0.4563661 0.324114 0.6758859 0.2202321 0.7797679 0.01433163 0.6520808 0.3335876 0.9909872 0.009012758 1 0.1433582 0.8566418 0.1368016 0.8631984 0.13241 0.86759 0.2202321 0.7797679 0.03850984 0.8182228 0.1432673 0.6685912 0.3314088 0.644245 0.355755 0.04853302 0.951467 0.456338 0.543662 0.4341824 0.5658176 0.03317666 0.7520843 0.214739 0.5641909 0.435809 0.5663936 0.4336065 0.5916897 0.4083104 0.2382398 0.7617602 0.2208407 0.7791593 1 1 1 1 0.2232766 0.7767233 0.2487893 0.7512107 0.1854718 0.8145282 1 0.182123 0.8178769 0.186304 0.813696 1 0.3764666 0.6235334 0.3614957 0.6385043 0.3673106 0.6326894 1 1 1 1 1 0.04853302 0.951467 0.04687893 0.9531211 0.9642625 0.03573745 0.6685912 0.3314088 0.4659144 0.5340856 0.456338 0.543662 0.2487893 0.7512107 0.2382398 0.7617602 1 1 0.2202321 0.7797679 0.02793091 0.9720691 1 0.4090499 0.4054355 0.1855146 0.5108207 0.4607866 0.02839267 0.5274139 0.4472492 0.0253368 0.392335 0.4084227 0.1992422 0.4082109 0.3675727 0.008852601 0.2153637 0.05019468 0.5247306 0.3905957 0.03447902 0.7565613 0.2434386 0.7777683 0.2222317 0.08156663 0.7684333 0.15 0.3654991 0.3637126 0.04280787 0.2279803 0.05035889 0.6004577 0.337286 0.01189732 0.3388513 0.3244867 0.08441394 0.2522479 0.05018407 0.6236409 0.3137729 0.01240199 0.4008541 0.320436 0.1430552 0.1356546 0.04514169 0.6187328 0.3109942 0.02513134 0.4162047 0.2983338 0.2043243 0.08113712 0.02844846 0.7083106 0.2591577 0.004083275 0.4293882 0.2773615 0.2056951 0.08755511 0.4065881 0.2992032 0.2262297 0.06797897 0.05000865 0.6481128 0.2606632 0.04121536 0.1906045 0.1273435 0.500674 0.181378 0.1882428 0.1287007 0.5145188 0.1685377 0.03611671 0.02856218 0.7948848 0.1404361 0.0371595 0.03088027 0.7842341 0.147726 0.007577002 0.9531912 0.03923183 0.006258308 0.9527089 0.04103273 1 1 1 0.9629062 0.03709381 0.9990534 9.46651e-4 0.89339 0.1063448 2.65249e-4 0.0213207 0.9546382 0.02404105 0.7459828 0.2372749 0.01674228 0.7450939 0.2386285 0.01627755 1 1.00208e-4 0.001246511 0.8672977 0.1313557 0.003165364 0.7231857 0.2618238 0.01182514 0.5050713 0.3707669 0.1241618 0.4532965 0.3950322 0.1516712 0.2762917 0.5208646 0.2028436 0.2366107 0.4752112 0.2881781 0.007172048 0.4561891 0.4604166 0.0762223 0.00347495 0.959917 0.03660804 0.01660668 0.3097306 0.5463842 0.1272785 0.1426159 0.6072112 0.2501729 0.1582449 0.530543 0.3112121 0.1299663 0.6096639 0.2603698 0.1454973 0.5498075 0.3046951 0.01301336 0.2535638 0.6455574 0.08786547 0.1053279 0.6722203 0.2224518 0.1200097 0.6309526 0.2490377 0.08468461 0.374953 0.5245711 0.01579123 0.01095014 0.01954352 0.566738 0.4027683 0.03556734 0.03221464 0.7381601 0.194058 0.02902495 0.0243116 0.7895513 0.1571121 0.1623873 0.2256224 0.2061048 0.4058855 0.02394366 0.133212 0.1843212 0.658523 0.1854761 0.1741375 0.4187124 0.2216739 0.1782301 0.1409345 0.4971133 0.1837221 0.1852819 0.2571438 0.07396227 0.4836119 0.1523765 0.171325 0.03034889 0.6459494 0.01815891 0.06825363 0.03134942 0.882238 0.04294633 0.1514359 0.7726057 0.03301197 0.01491516 0.8156672 0.1694176 0.09724348 0.7181139 0.1846426 0.01165533 0.6192847 0.3690599 0.06081277 0.6528211 0.2863661 0.8488005 0.1511995 0.01429873 0.04486948 0.9399948 8.36926e-4 0.8495219 0.1504781 0.008360505 0.04334282 0.947374 9.22697e-4 0.1518331 0.1648523 0.6833146 0.1390998 0.1782602 0.68264 0.6491855 0.3508144 0.5998683 0.4001317 0.2855909 0.3158717 0.3985374 0.2799675 0.3089182 0.4111143 0.2223348 0.2848262 0.04808741 0.4447515 0.0991463 0.4354934 0.4653602 0.1730779 0.4774618 0.3494603 0.1137492 0.4021583 0.4840924 0.1454973 0.5498075 0.3046951 0.03210604 0.2494307 0.7184633 1.53043e-4 0.03269058 0.2139417 0.7532146 0.008635818 0.120637 0.8707271 0.01702803 0.1620841 0.8208878 0.004667222 0.06339514 0.9319376 0.0137028 0.06713211 0.919165 0.01935118 0.01935118 0.9612976 0.01912403 0.01913696 0.961739 0.01072198 0.01157253 0.9777054 0.02359914 0.9764008 0.01045894 0.1187234 0.8708176 0.01975798 0.2937303 0.6865116 8.94328e-4 0.01478821 0.9843174 1 1 0.03275871 0.9672413 0.02357023 0.9764298 0.2653104 0.7346896 0.001123845 0.1365679 0.8623082 0.2208434 0.7791566 0.1021584 0.8978416 0.06152153 0.9384784 0.118033 0.881967 0.2315753 0.7684248 0.2403635 0.7596364 0.3109633 0.6890367 0.05885756 0.4631661 0.4779763 0.1299663 0.6096639 0.2603698 0.3821191 0.617881 0.3282716 0.6717284 0.3049494 0.6950505 0.2824211 0.7175788 0.3632743 0.6367257 0.4380822 0.5619177 0.4005931 0.5994069 0.4392588 0.5607411 0.4284074 0.5715926 0.40658 0.59342 0.4318026 0.5681974 0.4072928 0.5927072 0.436797 0.563203 0.4293478 0.5706523 0.4438353 0.5561648 0.289623 0.710377 0.2582786 0.7417214 0.264055 0.7359451 0.2915936 0.7084065 0.2783848 0.7216153 0.3061387 0.6938613 0.3023294 0.6976706 0.33439 0.66561 0.3617869 0.6382131 0.3709094 0.6290906 0.3972044 0.6027956 0.3982945 0.6017056 0.4080692 0.5919308 0.424718 0.575282 0.4276819 0.5723181 0.4403122 0.5596879 0.4758559 0.5241441 0.4668864 0.5331135 0.4655873 0.5344127 0.003207445 0.4984682 0.4983243 0.007881164 0.6456934 0.3464254 0.4484769 0.5515231 0.4991689 0.500831 0.6491855 0.3508144 0.5998683 0.4001317 0.01165533 0.6192847 0.3690599 0.06081277 0.6528211 0.2863661 0.1200097 0.6309526 0.2490377 0.02987986 0.6290816 0.3410385 0.4668864 0.5331135 0.5998683 0.4001317 0.4080692 0.5919308 0.4276819 0.5723181 0.424718 0.575282 0.3982945 0.6017056 0.3972044 0.6027956 0.4403122 0.5596879 0.3709094 0.6290906 0.3617869 0.6382131 0.33439 0.66561 0.3023294 0.6976706 0.3061387 0.6938613 0.2783848 0.7216153 0.2915936 0.7084065 0.264055 0.7359451 0.289623 0.710377 0.2582786 0.7417214 0.2824211 0.7175788 0.3049494 0.6950505 0.3109633 0.6890367 0.3282716 0.6717284 0.3821191 0.617881 0.3632743 0.6367257 0.4380822 0.5619177 0.4005931 0.5994069 0.4392588 0.5607411 0.4284074 0.5715926 0.40658 0.59342 0.4318026 0.5681974 0.4072928 0.5927072 0.436797 0.563203 0.4293478 0.5706523 0.4438353 0.5561648 0.4758559 0.5241441 0.4655873 0.5344127 0.003207445 0.4984682 0.4983243 0.007881164 0.6456934 0.3464254 0.01165533 0.6192847 0.3690599 0.06081277 0.6528211 0.2863661 0.1200097 0.6309526 0.2490377 0.1299663 0.6096639 0.2603698 0.02987986 0.6290816 0.3410385 0.05885756 0.4631661 0.4779763 0.0991463 0.4354934 0.4653602 0.03210604 0.2494307 0.7184633 0.1137492 0.4021583 0.4840924 0.1730779 0.4774618 0.3494603 0.1454973 0.5498075 0.3046951 1.53043e-4 0.03269058 0.2139417 0.7532146 0.008635818 0.120637 0.8707271 0.01312601 0.1249418 0.8619322 0.004667222 0.06339514 0.9319376 0.0137028 0.06713211 0.919165 0.01935118 0.01935118 0.9612976 0.01912403 0.01913696 0.961739 0.01045894 0.1187234 0.8708176 0.01975798 0.2937303 0.6865116 8.94328e-4 0.01478821 0.9843174 1 0.02357023 0.9764298 0.2653104 0.7346896 0.001123845 0.1365679 0.8623082 0.2208434 0.7791566 0.1021584 0.8978416 0.06152153 0.9384784 0.2315753 0.7684248 0.2959551 0.7040449 0.373627 0.6263731 0.2553595 0.4071766 0.3374638 0.1833517 0.4961221 0.3205261 0.272807 0.4107285 0.3164645 0.1730779 0.4774618 0.3494603 0.3075751 0.3862965 0.3061284 0.3172081 0.3888053 0.2939866 0.3453759 0.3812164 0.2734077 0.5237091 0.3863491 0.08994179 0.4594564 0.3881935 0.1523501 0.7048891 0.2845728 0.0105381 0.8881307 0.111422 4.47323e-4 0.9498668 0.05013316 0.006134748 0.9877305 0.006134748 1 0.4588919 0.4358074 0.1053006 0.3395508 0.3972169 0.2632324 0.3495744 0.3703566 0.2800691 0.3152686 0.3633398 0.3213915 0.003484904 0.9930302 0.003484904 0.9242986 0.07570135 0.800982 0.199018 0.6686643 0.3218547 0.009481072 0.004549145 0.9909017 0.004549145 0.006134748 0.9877305 0.006134748 1 0.9498668 0.05013316 0.9629062 0.03709381 1 0.9990534 9.46651e-4 0.89339 0.1063448 2.65249e-4 0.0213207 0.9546382 0.02404105 0.7459828 0.2372749 0.01674228 0.7450939 0.2386285 0.01627755 0.007577002 0.9531912 0.03923183 0.03611671 0.02856218 0.7948848 0.1404361 0.1906045 0.1273435 0.500674 0.181378 1.00208e-4 0.001246511 0.8672977 0.1313557 0.003165364 0.7231857 0.2618238 0.01182514 0.5050713 0.3707669 0.1241618 0.4532965 0.3950322 0.1516712 0.2762917 0.5208646 0.2028436 0.2366107 0.4752112 0.2881781 0.007172048 0.4561891 0.4604166 0.0762223 0.01660668 0.3097306 0.5463842 0.1272785 0.1426159 0.6072112 0.2501729 0.1582449 0.530543 0.3112121 0.1299663 0.6096639 0.2603698 0.1454973 0.5498075 0.3046951 0.01301336 0.2535638 0.6455574 0.08786547 0.1053279 0.6722203 0.2224518 0.1200097 0.6309526 0.2490377 0.08468461 0.374953 0.5245711 0.01579123 0.01095014 0.01954352 0.566738 0.4027683 0.03556734 0.03221464 0.7381601 0.194058 0.1623873 0.2256224 0.2061048 0.4058855 0.02394366 0.133212 0.1843212 0.658523 0.1854761 0.1741375 0.4187124 0.2216739 0.1782301 0.1409345 0.4971133 0.1837221 0.02902495 0.0243116 0.7895513 0.1571121 0.00347495 0.959917 0.03660804 0.4293882 0.2773615 0.2056951 0.08755511 0.02844846 0.7083106 0.2591577 0.004083275 0.4162047 0.2983338 0.2043243 0.08113712 0.04514169 0.6187328 0.3109942 0.02513134 0.4008541 0.320436 0.1430552 0.1356546 0.05018407 0.6236409 0.3137729 0.01240199 0.3388513 0.3244867 0.08441394 0.2522479 0.05035889 0.6004577 0.337286 0.01189732 0.3654991 0.3637126 0.04280787 0.2279803 0.05019468 0.5247306 0.3905957 0.03447902 0.08156663 0.7684333 0.15 0.7777683 0.2222317 0.5274139 0.4472492 0.0253368 0.4082109 0.3675727 0.008852601 0.2153637 0.4090499 0.4054355 0.1855146 0.5108207 0.4607866 0.02839267 0.392335 0.4084227 0.1992422 0.7565613 0.2434386 0.1641185 0.7326894 0.103192 0.1430733 0.7863969 0.07052987 0.1120876 0.8534963 0.03441613 0.05401176 2.3565e-4 0.9230117 0.02274078 0.04999995 0.001036107 0.9094542 0.03950965 0.2855909 0.3158717 0.3985374 0.2223348 0.2848262 0.04808741 0.4447515 0.1518331 0.1648523 0.6833146 0.1390998 0.1782602 0.68264 0.008360505 0.04334282 0.947374 9.22697e-4 0.01429873 0.04486948 0.9399948 8.36926e-4 0.8495219 0.1504781 0.8488005 0.1511995 0.6491855 0.3508144 0.5998683 0.4001317 0.01815891 0.06825363 0.03134942 0.882238 0.01491516 0.8156672 0.1694176 0.04294633 0.1514359 0.7726057 0.03301197 0.09724348 0.7181139 0.1846426 0.01165533 0.6192847 0.3690599 0.06081277 0.6528211 0.2863661 0.1523765 0.171325 0.03034889 0.6459494 0.1852819 0.2571438 0.07396227 0.4836119 0.01596313 0.08654367 0.8974931 0.02822536 0.02822536 0.9435493 0.02552139 0.06765592 0.9068226 0.02802884 0.02802884 0.9439423 0.01502043 0.117789 0.8671905 0.02192425 0.1246673 0.8534084 0.3583604 0.6416396 0.03631526 0.2226015 0.7410833 0.6492545 0.3507456 0.1743164 0.4320361 0.3936476 0.3929386 0.4239617 0.1830997 0.3152686 0.3633398 0.3213915 0.3495744 0.3703566 0.2800691 0.53341 0.3242506 0.1423393 0.3395508 0.3972169 0.2632324 0.5805051 0.3103682 0.1091266 0.4588919 0.4358074 0.1053006 0.744817 0.2545664 6.16567e-4 0.6686643 0.3218547 0.009481072 0.9061349 0.09386509 0.800982 0.199018 0.9679879 0.0320121 0.9242986 0.07570135 1 0.003484904 0.9930302 0.003484904 0.004549145 0.9909017 0.004549145 0.3495744 0.3703566 0.2800691 0.3152686 0.3633398 0.3213915 0.1743164 0.4320361 0.3936476 0.03631526 0.2226015 0.7410833 0.02192425 0.1246673 0.8534084 0.02552139 0.06765592 0.9068226 0.02822536 0.02822536 0.9435493 0.003484904 0.9930302 0.003484904 0.9242986 0.07570135 0.800982 0.199018 0.6686643 0.3218547 0.009481072 0.4588919 0.4358074 0.1053006 0.3395508 0.3972169 0.2632324 0.3152686 0.3633398 0.3213915 0.1743164 0.4320361 0.3936476 0.2553595 0.4071766 0.3374638 0.1137492 0.4021583 0.4840924 1.53043e-4 0.03269058 0.2139417 0.7532146 0.01702803 0.1620841 0.8208878 0.02192425 0.1246673 0.8534084 0.0137028 0.06713211 0.919165 0.02552139 0.06765592 0.9068226 0.02822536 0.02822536 0.9435493 0.01935118 0.01935118 0.9612976 0.02802884 0.02802884 0.9439423 0.01072198 0.01157253 0.9777054 0.1730779 0.4774618 0.3494603 0.01935118 0.01935118 0.9612976 0.02822536 0.02822536 0.9435493 0.0137028 0.06713211 0.919165 0.02552139 0.06765592 0.9068226 0.02192425 0.1246673 0.8534084 0.01312601 0.1249418 0.8619322 1.53043e-4 0.03269058 0.2139417 0.7532146 0.1743164 0.4320361 0.3936476 0.1137492 0.4021583 0.4840924 0.2553595 0.4071766 0.3374638 0.3152686 0.3633398 0.3213915 0.1730779 0.4774618 0.3494603 0.3914613 0.6085387 0.3706167 0.6293833 0.3923812 0.6076188 0.3725127 0.6274873 0.3480459 0.6519541 0.3409935 0.6590065 0.3484103 0.6515898 0.3751813 0.6248188 0.3930802 0.6069198 0.4009897 0.5990103 0.4029352 0.5970648 0.3588012 0.6411988 0.3768246 0.6231753 0.3896043 0.6103957 0.3999037 0.6000963 0.3305684 0.6694315 0.3257266 0.6742734 0.3325625 0.6674375 0.3415585 0.6584414 0.3899332 0.6100668 0.3811284 0.6188716 0.3609556 0.6390444 0.3385743 0.6614257 0.4141274 0.5858727 0.4139517 0.5860483 0.4127261 0.587274 0.4036309 0.5963692 0.3845291 0.6154709 0.358534 0.641466 0.3334342 0.6665658 0.3162274 0.6837726 0.3080262 0.6919738 0.3101196 0.6898804 0.3230127 0.6769872 0.4438353 0.5561648 0.4318026 0.5681974 0.436797 0.563203 0.3282716 0.6717284 0.3632743 0.6367257 0.3049494 0.6950505 0.2915936 0.7084065 0.289623 0.710377 0.3061387 0.6938613 0.4403122 0.5596879 0.4284074 0.5715926 0.4005931 0.5994069 0.3505026 0.6494975 0.33439 0.66561 0.3781973 0.6218026 0.3952624 0.6047375 0.398849 0.6011511 0.406127 0.593873 0.4006041 0.5993959 0.4114368 0.5885632 0.3982945 0.6017056 0.3709094 0.6290906 0.424718 0.575282 0.1833517 0.4961221 0.3205261 0.2553595 0.4071766 0.3374638 0.272807 0.4107285 0.3164645 0.1730779 0.4774618 0.3494603 0.3075751 0.3862965 0.3061284 0.3172081 0.3888053 0.2939866 0.3453759 0.3812164 0.2734077 0.5237091 0.3863491 0.08994179 0.4594564 0.3881935 0.1523501 0.7048891 0.2845728 0.0105381 0.8881307 0.111422 4.47323e-4 0.3152686 0.3633398 0.3213915 0.3495744 0.3703566 0.2800691 0.3395508 0.3972169 0.2632324 0.4588919 0.4358074 0.1053006 0.6686643 0.3218547 0.009481072 0.800982 0.199018 0.9242986 0.07570135 0.003484904 0.9930302 0.003484904 0.2799675 0.3089182 0.4111143 0.3914613 0.6085387 0.3706167 0.6293833 0.3725127 0.6274873 0.3923812 0.6076188 0.3480459 0.6519541 0.3409935 0.6590065 0.3484103 0.6515898 0.3751813 0.6248188 0.3930802 0.6069198 0.4009897 0.5990103 0.4029352 0.5970648 0.3588012 0.6411988 0.3768246 0.6231753 0.3896043 0.6103957 0.3999037 0.6000963 0.3305684 0.6694315 0.3257266 0.6742734 0.3325625 0.6674375 0.3415585 0.6584414 0.3899332 0.6100668 0.3811284 0.6188716 0.3609556 0.6390444 0.3385743 0.6614257 0.4141274 0.5858727 0.4139517 0.5860483 0.4127261 0.587274 0.4036309 0.5963692 0.3845291 0.6154709 0.358534 0.641466 0.3334342 0.6665658 0.3162274 0.6837726 0.3080262 0.6919738 0.3101196 0.6898804 0.3230127 0.6769872 0.4438353 0.5561648 0.4318026 0.5681974 0.436797 0.563203 0.3282716 0.6717284 0.3632743 0.6367257 0.3049494 0.6950505 0.289623 0.710377 0.2915936 0.7084065 0.3061387 0.6938613 0.3505026 0.6494975 0.3781973 0.6218026 0.3952624 0.6047375 0.398849 0.6011511 0.406127 0.593873 0.4006041 0.5993959 0.4114368 0.5885632 0.3709094 0.6290906 0.33439 0.66561 0.3982945 0.6017056 0.424718 0.575282 0.4403122 0.5596879 0.4284074 0.5715926 0.4005931 0.5994069 0.1641185 0.7326894 0.103192 0.04047751 0.7095225 0.25 0.08156663 0.7684333 0.15 0.1430733 0.7863969 0.07052987 0.04567456 0.704322 0.2500035 0.1120876 0.8534963 0.03441613 0.03657203 0.7134202 0.2500078 0.05401176 2.3565e-4 0.9230117 0.02274078 0.02413845 0.7256834 0.2500305 1.47686e-4 0.04999995 0.001036107 0.9094542 0.03950965 0.04999995 1.89001e-4 0.712311 0.2375 0.02413845 0.7256834 0.2500305 1.47686e-4 2.3565e-4 0.05401176 0.9230117 0.02274078 0.03657203 0.7134202 0.2500078 0.1120876 0.8534963 0.03441613 0.04567456 0.704322 0.2500035 0.1430733 0.7863969 0.07052987 0.04047751 0.7095225 0.25 0.1641185 0.7326894 0.103192 0.08156663 0.7684333 0.15 0.1641185 0.7326894 0.103192 0.1430733 0.7863969 0.07052987 0.1120876 0.8534963 0.03441613 2.3565e-4 0.05401176 0.9230117 0.02274078 0.5922929 0.4077071 0.8965372 0.09769141 0.005771338 0.524976 0.475024 0.8970049 0.0980032 0.004991888 0.534467 0.465533 0.8872851 0.09152334 0.02119153 0.5634872 0.4365128 0.8965538 0.0977025 0.005743622 0.7531406 0.2421692 0.00469017 0.7164314 0.2835685 0.7196658 0.2803342 0.7248193 0.2751808 0.720862 0.279138 0.7096412 0.2903588 0.7572543 0.2391831 0.003562688 0.7101301 0.2898699 0.8965538 0.0977025 0.005743622 0.5634872 0.4365128 0.720862 0.279138 0.4729551 0.527045 0.4881125 0.5118874 0.4797272 0.5202728 0.4776892 0.5223108 0.4715761 0.5284239 0.4776892 0.5223108 0.4671859 0.5328142 0.2471553 0.7528447 0.2433223 0.7566776 1 1 0.2432789 0.756721 1 0.2432231 0.7567768 1 0.2435036 0.7564964 1 0.2438721 0.7561278 1 1 0.2432231 0.7567768 1 1 1 1 1 1 1 1 1 1 0.5406562 0.4593439 0.8961213 0.09741419 0.006464481 0.8961785 0.09745228 0.006369233 0.5380187 0.4619813 0.5365167 0.4634833 0.8878532 0.09190213 0.02024465 0.585258 0.4147419 0.8960332 0.09735548 0.006611227 0.7558224 0.2399935 0.004184067 0.7210897 0.2789103 0.7066844 0.2933156 0.7191112 0.2808889 0.710833 0.289167 0.7049062 0.2950938 0.6873617 0.3126384 0.7519519 0.2429715 0.005076527 0.8961213 0.09741419 0.006464481 0.5380187 0.4619813 0.7066844 0.2933156 0.4700027 0.5299973 0.4843928 0.5156071 0.4804348 0.5195652 0.4719902 0.5280098 0.46295 0.53705 0.4472718 0.5527282 0.4700027 0.5299973 0.2409359 0.7590641 0.2398751 0.7601249 1 1 0.2400061 0.7599939 1 0.2391377 0.7608622 1 1 0.2400892 0.7599107 1 0.2403056 0.7596943 0.2398751 0.7601249 1 1 1 1 1 1 1 1 1 1 1 0.5457605 0.4542395 0.8955653 0.09704357 0.007391035 0.5187603 0.4812397 0.8953157 0.09687715 0.007807135 0.530557 0.4694429 0.8845936 0.08972901 0.02567744 0.6265518 0.3734482 0.7235943 0.2764058 0.7216566 0.2783433 0.7196546 0.2803454 0.726891 0.273109 0.7301086 0.2698915 0.6152119 0.3782602 0.00652796 0.7566804 0.2392659 0.004053711 0.7266916 0.2733084 0.8953157 0.09687715 0.007807135 0.5457605 0.4542395 0.7235943 0.2764058 0.482252 0.517748 0.5 0.5 0.5 0.5 0.4848046 0.5151954 0.4861177 0.5138823 0.4865426 0.5134574 0.482252 0.517748 0.2555517 0.7444483 0.2482389 0.751761 1 1 0.2540063 0.7459937 1 0.246124 0.753876 1 0.2447666 0.7552334 1 1 0.2445981 0.7554019 1 0.2482389 0.751761 1 1 1 1 1 1 1 1 1 1 0.5457605 0.4542395 0.7575063 0.2384835 0.0040102 0.7566804 0.2392659 0.004053711 0.5700203 0.4299797 0.200193 0.7673357 0.03247123 0.2601124 0.7398877 0.01174157 0.9854438 0.002814471 0.01469135 0.9853087 0.3054307 0.6945694 0.008400201 0.9915998 0.1973673 0.8026326 0.1992475 0.8007525 0.008320689 0.9916793 0.01556354 0.9714411 0.0129953 0.1897075 0.7437194 0.06657302 0.01477634 0.8397565 0.1454671 0.09729278 0.6340252 0.268682 0.2112486 0.7067569 0.08199447 0.2013802 0.7986198 0.008017897 0.9919821 0.1998146 0.8001853 0.007661283 0.9923387 0.1691393 0.75783 0.07303065 0.005779087 0.6906285 0.3035924 0.09690326 0.9030967 0.06549561 0.611389 0.3231154 0.09695494 0.903045 0.4842492 0.5116536 0.004097282 0.09473246 0.8525925 0.05267494 0.07573968 0.6816571 0.2426032 0.06468814 0.5884838 0.3468281 0.4858287 0.5141713 0.4808603 0.5191397 0.09679919 0.9032008 0.09617429 0.9038257 0.1 0.9 0.09619599 0.903804 0.1 0.9 0.1 0.9 0.09600234 0.9039977 0.09576833 4.06995e-4 0.9019988 0.001825749 0.0985049 0.8865441 0.01495099 0.4702506 0.5297493 0.9306192 0.06610882 0.003271937 0.08727288 0.7854559 0.1272712 0.4626024 0.5011545 0.03624308 0.08211559 5.66889e-4 0.7742382 0.1430793 9.34218e-4 0.5433355 0.4557303 0.00820589 0.3177645 0.6740296 0.0221346 0.2159035 0.7619619 3.19113e-4 0.1877528 0.811928 0.01165813 0.3777359 0.6106059 0.05654245 0.5398066 0.4036509 0.02165931 0.1965987 0.7817419 0.07361084 0.6624981 0.2638911 0.4754201 0.5063144 0.01826542 0.07707852 0.6937072 0.2292142 0.2779403 0.7220597 0.026376 0.2398921 0.7337319 0.07573968 0.6816571 0.2426032 0.06468814 0.5884838 0.3468281 0.4069015 0.5930985 0.4815643 0.5092396 0.009196162 0.1149343 0.6673629 0.2177028 0.01771342 0.8037622 0.1785243 0.2203375 0.6833887 0.09627377 0.1944335 0.739185 0.06638151 0.5380187 0.4619813 0.7519519 0.2429715 0.005076527 0.7558224 0.2399935 0.004184067 0.7531406 0.2421692 0.00469017 0.7572543 0.2391831 0.003562688 0.5922929 0.4077071 0.585258 0.4147419 0.7535313 0.2412491 0.005219519 0.5716283 0.4283717 0.5634872 0.4365128 0.5700203 0.4299797 0.5187603 0.4812397 0.5363302 0.4636698 0.5457605 0.4542395 0.5 0.5 0.5 0.5 0.530557 0.4694429 0.5487882 0.4512118 0.6265518 0.3734482 0.6152119 0.3782602 0.00652796 0.5 0.5 0.5 0.5 0.524976 0.475024 0.534467 0.465533 0.5365167 0.4634833 0.5 0.5 0.5406562 0.4593439 0.5380187 0.4619813 0.2203375 0.6833887 0.09627377 0.01771342 0.8037622 0.1785243 0.5725483 0.4274516 0.3450034 0.6549966 0.4069015 0.5930985 0.5922929 0.4077071 0.585258 0.4147419 0.4815643 0.5092396 0.009196162 0.7321963 0.2653831 0.002420663 0.7314854 0.2661903 0.002324283 1 1 1 0.7343607 0.2656393 1 0.7389984 0.2610016 1 0.7343524 0.2656477 1 0.9877625 0.01088607 0.001351416 1 0.7429729 0.2425517 0.0144754 0.7381772 0.2592259 0.002596855 1 0.7321963 0.2653831 0.002420663 1 0.1574407 0.8363028 0.006256461 0.328767 0.6712331 0.2779403 0.7220597 0.2316267 0.7627485 0.005624771 0.240571 0.7549096 0.004519343 0.2662657 0.7337343 0.3450034 0.6549966 0.4069015 0.5930985 0.5725483 0.4274516 0.2367223 0.7586562 0.004621505 0.01165813 0.3777359 0.6106059 0.2166795 0.7833205 0.1591945 0.8354895 0.005315959 3.19113e-4 0.1877528 0.811928 0.2779403 0.7220597 0.1574407 0.8363028 0.006256461 0.724008 0.275992 0.7299078 0.2700921 0.7319028 0.2680972 0.7269574 0.2730425 0.7365756 0.2634244 0.7386254 0.2613746 0.7269574 0.2730425 0.4650394 0.5349606 0.4528569 0.5471431 0.4672574 0.5327425 0.4738497 0.5261504 0.4738497 0.5261504 0.4816623 0.5183377 0.4841169 0.5158832 0.2397857 0.7602142 0.2380994 0.7619006 1 1 1 0.2389963 0.7610036 0.2390229 0.7609771 1 1 0.2384701 0.7615299 1 0.2392944 0.7607056 0.2390229 0.7609771 1 1 1 1 1 1 1 1 1 1 1 0.5725483 0.4274516 0.5716283 0.4283717 0.5634872 0.4365128 0.5364856 0.4635144 0.5716283 0.4283717 0.8964954 0.09766358 0.005840957 0.5364856 0.4635144 0.896282 0.0975213 0.006196677 0.5363302 0.4636698 0.8965544 0.09770292 0.005742669 0.5700203 0.4299797 0.8955096 0.09700638 0.007483959 0.7575063 0.2384835 0.0040102 0.7222369 0.2777631 0.7232319 0.2767682 0.7224029 0.2775971 0.724305 0.275695 0.7159941 0.2840059 0.7150951 0.284905 0.7535313 0.2412491 0.005219519 0.896282 0.0975213 0.006196677 0.7222369 0.2777631 0.4805427 0.5194573 0.4948387 0.5051614 0.4957251 0.5042749 0.4784478 0.5215522 0.476886 0.523114 0.4734315 0.5265685 0.4805427 0.5194573 0.2495455 0.7504546 0.244946 0.7550541 1 1 0.2430401 0.7569599 1 0.242258 0.757742 1 0.2450807 0.7549193 1 1 0.2440301 0.75597 1 0.244946 0.7550541 1 1 1 1 1 1 1 1 1 1 0.5716283 0.4283717 0.1181455 0.4036788 0.4511578 0.02701795 0.1669293 0.719708 0.05136978 0.06199276 0.1181731 0.40384 0.4516615 0.0263254 0.02766585 0.1683729 0.6972373 0.1067239 0.02766585 0.1683729 0.6972373 0.1067239 0.1181455 0.4036788 0.4511578 0.02701795 0.1788054 0.7164815 0.04745036 0.05726277 0.11669 0.4004272 0.4558647 0.02701795 0.1183899 0.4043243 0.4509604 0.02632546 0.03091531 0.1787602 0.6946316 0.09569281 0.03091531 0.1787602 0.6946316 0.09569281 0.11669 0.4004272 0.4558647 0.02701795 0.1669293 0.719708 0.05136978 0.06199276 0.03091531 0.1787602 0.6946316 0.09569281 0.1788054 0.7164815 0.04745036 0.05726277 0.02766585 0.1683729 0.6972373 0.1067239 0.02766585 0.1683729 0.6972373 0.1067239 0.03091531 0.1787602 0.6946316 0.09569281 0.1181455 0.4036788 0.4511578 0.02701795 0.03091531 0.1787602 0.6946316 0.09569281 0.11669 0.4004272 0.4558647 0.02701795 0.02766585 0.1683729 0.6972373 0.1067239 0.1181731 0.40384 0.4516615 0.0263254 0.11669 0.4004272 0.4558647 0.02701795 0.1183899 0.4043243 0.4509604 0.02632546 0.1181455 0.4036788 0.4511578 0.02701795 0.1181455 0.4036788 0.4511578 0.02701795 0.11669 0.4004272 0.4558647 0.02701795 0.02766585 0.1683729 0.6972373 0.1067239 0.11669 0.4004272 0.4558647 0.02701795 0.03091531 0.1787602 0.6946316 0.09569281 0.1181455 0.4036788 0.4511578 0.02701795 0.4327604 0.2761815 0.2910581 0.4131575 0.4874398 0.09940272 0.4512725 0.4344409 0.1142867 0.405773 0.3502715 0.2439554 0.3542479 0.2079991 0.437753 0.3633642 0.1741524 0.4624834 0.4179713 0.4844768 0.09450078 0.003051042 0.3564969 0.1960927 0.4474104 0.4901123 0.2802644 0.2296233 0.3509749 0.1412922 0.507733 0.5277226 0.2242529 0.2480244 0.4807336 0.1190332 0.4002331 0.5985372 0.2213751 0.1800877 0.432084 0.4913293 0.07627594 3.10758e-4 0.4762539 0.4325265 0.0912196 0.1169234 0.09147852 0.7915981 0.1951218 0.1623122 0.6425659 0.02023851 0.1837145 0.7960469 0.0230996 0.1403345 0.8365659 0.1338944 0.1287033 0.7374023 0.3013147 0.1026814 0.5960039 0.1863153 0.1939321 0.6197525 0.07323765 0.1823169 0.7444453 0.2466439 0.128688 0.6246681 0.1550308 0.1684162 0.676553 0.561483 0.3337681 0.104749 0.309122 0.1493016 0.5415764 0.4525213 0.2611231 0.01205885 0.2742966 0.3520767 0.4888759 0.01248985 0.1465575 0.2394608 0.125388 0.6351513 0.1332975 0.1647225 0.7019799 0.1100453 0.1664541 0.7235006 0.1332975 0.1647225 0.7019799 0.01511889 0.1514593 0.8334218 0.06123602 0.1261758 0.8125882 0.1651717 0.1190113 0.7158169 0.380936 0.1296191 0.4894449 0.1651717 0.1190113 0.7158169 0.5002596 0.1849934 0.006700158 0.3080467 0.5880516 0.2706726 0.01225024 0.1290256 0.4893219 0.3829532 0.01577538 0.1119495 0.3837432 0.5151641 0.1010928 0.4893219 0.3829532 0.01577538 0.1119495 0.4312003 0.5159068 0.05289298 0.4063771 0.5203323 0.07038748 0.002903103 0.3822417 0.5382347 0.07952362 0.3520767 0.4888759 0.01248985 0.1465575 0.309122 0.1493016 0.5415764 0.5505023 0.2465802 0.0738002 0.1291171 0.4498926 0.2359325 0.01847177 0.2957031 0.4525213 0.2611231 0.01205885 0.2742966 0.4724788 0.3887062 0.09486556 0.04394936 0.4844995 0.3578407 0.04136401 0.1162958 0.3885394 0.305871 0.02317237 0.2824172 0.2815616 0.1704108 0.5480276 0.1298468 0.2327811 0.6373721 0.1241603 0.1782965 0.6975432 0.009670495 0.0144388 0.761219 0.2146716 0.6979249 0.3020751 0.02113395 0.02727687 0.745961 0.2056281 0.1332975 0.1647225 0.7019799 0.1100453 0.1664541 0.7235006 0.02163964 0.02552098 0.7460537 0.2067856 0.01511889 0.1514593 0.8334218 0.0013116 0.01471823 0.7113799 0.2725902 0.06123602 0.1261758 0.8125882 0.8495332 0.1504667 0.6656488 0.3343513 0.85 0.15 0.1651717 0.1190113 0.7158169 0.85 0.15 0.1994069 0.1247794 0.6758137 0.1298468 0.2327811 0.6373721 0.6979249 0.3020751 0.4193 0.1758003 0.007025718 0.3978739 0.380936 0.1296191 0.4894449 0.3885394 0.305871 0.02317237 0.2824172 0.4048271 0.595173 0.4329411 0.5670589 0.0998426 0.9001574 0.1 0.9 1 0.070418 0.9295819 0.2254994 0.7745006 0.0980373 0.9019627 1 0.1 0.9 0.2373144 0.7626855 0.09867811 0.9013219 0.3247062 0.6752938 0.05832642 0.9416736 0.05873394 0.941266 1 1 0.06137216 0.9386278 0.09655594 0.9034441 0.05831295 0.9416871 0.09454256 0.9054574 0.05704927 0.9429507 0.0589993 0.9410007 0.09614157 0.9038584 0.06137216 0.9386278 0.09867811 0.9013219 0.1985417 0.8014582 0.161361 0.838639 0.2125509 0.7874491 0.2373144 0.7626855 0.3251535 0.6748465 0.4329411 0.5670589 0.392552 0.607448 0.5829377 0.4170623 0.4724788 0.3887062 0.09486556 0.04394936 0.5586046 0.2791991 0.01638031 0.145816 0.4844995 0.3578407 0.04136401 0.1162958 0.5206266 0.3773967 0.06057697 0.04139959 0.5002596 0.1849934 0.006700158 0.3080467 0.5880516 0.2706726 0.01225024 0.1290256 0.2114702 0.7885298 0.325259 0.674741 0.3144856 0.6855143 0.2661607 0.7338393 0.3219754 0.6780247 0.2634017 0.7365983 0.238729 0.7612709 0.3136902 0.6863098 0.4583644 0.5416356 0.4368504 0.5631496 0.6095871 0.390413 0.02150136 0.0233578 0.5593665 0.3957744 0.002192735 0.00238204 0.6073403 0.3880849 0.4557678 0.5442322 0.6335347 0.3664653 0.4231608 0.5768392 0.01458895 0.02035617 0.7063806 0.2586743 0.02417117 0.02625817 0.6900751 0.2594955 0.02531844 0.02957093 0.6940197 0.2510909 0.009335041 0.02323859 0.6991583 0.2682681 0.5829377 0.4170623 0.009670495 0.0144388 0.761219 0.2146716 0.392552 0.607448 0.3251535 0.6748465 0.161361 0.838639 0.4048271 0.595173 0.3247062 0.6752938 0.2254994 0.7745006 0.02163964 0.02552098 0.7460537 0.2067856 0.0013116 0.01471823 0.7113799 0.2725902 0.1985417 0.8014582 0.161361 0.838639 0.2125509 0.7874491 0.2254994 0.7745006 0.6656488 0.3343513 0.0013116 0.01471823 0.7113799 0.2725902 0.02113395 0.02727687 0.745961 0.2056281 0.009670495 0.0144388 0.761219 0.2146716 0.2394608 0.125388 0.6351513 1 0.05873394 0.941266 1 0.05832642 0.9416736 1 1 1 1 1 0.06137216 0.9386278 1 0.05831295 0.9416871 1 0.05704927 0.9429507 1 0.0589993 0.9410007 1 0.06137216 0.9386278 1 1 1 1 1 1 1 1 1 1 1 1 1 1 1 1 1 1 0.348531 0.651469 0.1742995 0.8257005 0.2895783 0.7104218 0.1898461 0.8101539 0.1774977 0.8225023 0.2540633 0.7459367 0.250224 0.749776 0.2363117 0.7636882 0.3001973 0.6998027 0.2246107 0.7753893 0.3952304 0.6047697 0.2304332 0.7695668 0.3670477 0.6329522 0.1961227 0.8038772 0.3604511 0.639549 0.1717472 0.8282528 0.2246107 0.7753893 0.3001973 0.6998027 0.02265536 0.7198611 0.2574836 0.02405989 0.6775016 0.2984386 0.0179432 0.689815 0.2922418 0.03431522 0.6741142 0.2915706 0.01433163 0.6520808 0.3335876 0.01433163 0.6520808 0.3335876 0.007463335 0.775581 0.2169557 0.5436339 0.4563661 0.55 0.45 0.02384489 0.7579789 0.2181761 0.4366717 0.5633283 0.5026276 0.4973725 0.009262144 0.760524 0.2302138 0.5204022 0.4795978 0.09525471 0.9047453 0.01955467 0.9804453 0.3321903 0.6678097 0.2086669 0.7913331 0.324114 0.6758859 1 1 1 0.9823901 0.01760995 0.9947172 0.005282759 1 0.9993369 6.6312e-4 0.8898656 0.1101343 0.8932081 0.1067919 0.655802 0.3441981 0.6863203 0.3136796 0.8917426 0.1082574 0.6577581 0.3422419 0.668232 0.331768 0.8912535 0.1087465 0.7355087 0.2644913 0.8919857 0.1080142 0.6169846 0.3830155 0.8593985 0.1406015 0.5696004 0.4303997 0.8310044 0.1689956 0.5860791 0.4139209 0.8630277 0.1369723 0.655802 0.3441981 0.8932081 0.1067919 0.99595 0.004050016 0.9977048 0.002295255 0.9973824 0.002617597 1 1 0.9954926 0.004507422 0.9993369 6.6312e-4 1 1 0.2192977 0.7807022 0.1857322 0.7858278 0.02843999 0.4912055 0.5087946 0.01954787 0.9057633 0.07468873 0.03281223 0.8898065 0.07738131 0.07689929 0.9160281 0.007072627 0.0850656 0.9119243 0.003010034 0.003052771 0.9324216 0.0645256 0.7960065 0.2039935 0.00310719 0.8761278 0.1207649 0.1682972 0.826288 0.005414843 0.04687893 0.9531211 0.1762549 0.823745 0.9642625 0.03573745 0.6044942 0.3955059 0.4659144 0.5340856 0.4580698 0.5419303 0.7818233 0.2181767 0.1599089 0.8116511 0.02843999 0.5266858 0.4733142 0.3527448 0.6472552 0.3396359 0.6603641 0.3227028 0.6772972 0.4912055 0.5087946 0.03672981 0.9632701 0.0850656 0.9119243 0.003010034 0.09229385 0.9077062 0.1179828 0.8820173 1 1 1 1 1 0.6077245 0.3922755 0.01445031 0.7393745 0.2461752 0.5679442 0.4320558 0.01943838 0.7029494 0.2776122 0.6177106 0.3822894 0.01815736 0.6875265 0.2943161 0.03047722 0.6786043 0.2909185 0.591839 0.408161 0.01694792 0.666359 0.3166931 0.5424148 0.4575852 0.2732661 0.7267339 0.297011 0.7029891 0.3109238 0.6890762 0.2950648 0.7049352 0.3963858 0.6036143 0.190847 0.809153 0.2066403 0.7933596 0.2090588 0.7909412 0.2015495 0.7984505 0.2098106 0.7901893 0.3321903 0.6678097 0.5204022 0.4795978 0.0179432 0.689815 0.2922418 0.2086669 0.7913331 0.1433582 0.8566418 0.2086669 0.7913331 0.1368016 0.8631984 0.13241 0.86759 0.2202321 0.7797679 0.02405989 0.6775016 0.2984386 0.0179432 0.689815 0.2922418 0.02265536 0.7198611 0.2574836 0.03431522 0.6741142 0.2915706 0.01433163 0.6520808 0.3335876 0.5436339 0.4563661 0.01433163 0.6520808 0.3335876 0.324114 0.6758859 0.2202321 0.7797679 0.9909872 0.009012758 1 0.1433582 0.8566418 0.1368016 0.8631984 0.13241 0.86759 0.2202321 0.7797679 0.03850984 0.8182228 0.1432673 0.6685912 0.3314088 0.04853302 0.951467 0.644245 0.355755 0.456338 0.543662 0.4341824 0.5658176 0.03317666 0.7520843 0.214739 0.5641909 0.435809 0.5663936 0.4336065 0.5916897 0.4083104 0.2382398 0.7617602 0.2208407 0.7791593 1 1 1 1 0.2232766 0.7767233 0.2487893 0.7512107 0.1854718 0.8145282 1 0.182123 0.8178769 0.186304 0.813696 1 0.3764666 0.6235334 0.3614957 0.6385043 0.3673106 0.6326894 1 1 1 1 1 0.04853302 0.951467 0.04687893 0.9531211 0.9642625 0.03573745 0.6685912 0.3314088 0.4659144 0.5340856 0.456338 0.543662 0.2487893 0.7512107 0.2382398 0.7617602 1 1 0.2202321 0.7797679 0.02793091 0.9720691 1 0.6422929 0.3577071 0.708531 0.291469 0.7562783 0.2437217 0.724976 0.2750239 0.734467 0.2655329 0.7302171 0.2697829 0.6134872 0.3865128 0.7572093 0.2427906 0.7566896 0.2433104 1 1 1 1 1 0.7599617 0.2400382 1 0.7572093 0.2427906 0.6134872 0.3865128 1 1 1 1 1 1 1 1 1 1 1 1 1 1 1 1 1 1 1 1 1 1 1 1 1 1 1 1 1 1 1 1 1 0.6906562 0.3093438 0.7580986 0.2419013 0.5380187 0.4619813 0.7579813 0.2420187 0.7365168 0.2634832 0.7745047 0.2254952 0.7352581 0.2647419 0.7582792 0.2417208 0.7589981 0.2410019 1 1 1 1 1 1 0.7557888 0.2442113 0.7580986 0.2419013 0.5380187 0.4619813 1 1 1 1 1 1 1 1 1 1 1 1 1 1 1 1 1 1 1 1 1 1 1 1 1 1 1 1 1 1 1 1 0.5957605 0.4042395 0.7108817 0.2891184 0.8076443 0.1923556 0.7187604 0.2812396 0.7305571 0.2694429 0.7362618 0.2637382 0.5265518 0.4734482 1 1 1 1 1 0.8177756 0.1822244 0.7597602 0.2402397 1 0.8076443 0.1923556 0.5957605 0.4042395 1 1 1 1 1 1 1 1 1 1 1 1 1 1 1 1 1 1 1 1 1 1 1 1 1 1 1 1 1 1 1 1 0.7605562 0.2394437 0.5957605 0.4042395 0.7597602 0.2402397 0.6200203 0.3799797 0.2069117 0.7930883 0.2601124 0.7398877 0.01177471 0.9882252 0.01469135 0.9853087 0.3054307 0.6945694 0.008400201 0.9915998 0.1973673 0.8026326 0.1992475 0.8007525 0.008320689 0.9916793 0.01576846 0.9842315 0.2032377 0.7967623 0.01729172 0.9827083 1 0.230117 0.769883 0.2013802 0.7986198 0.008017897 0.9919821 0.1998146 0.8001853 0.007661283 0.9923387 0.1824648 0.8175351 1 0.09690326 0.9030967 1 0.09695494 0.903045 0.4862414 0.5137585 0.09999996 0.9 0.1 0.9 1 0.4858287 0.5141713 0.4808603 0.5191397 0.09679919 0.9032008 0.09617429 0.9038257 0.1 0.9 0.09619599 0.903804 0.1 0.9 0.1 0.9 0.09600234 0.9039977 0.09594351 4.0774e-4 0.9036487 0.1 0.9 0.4702506 0.5297493 0.9336742 0.06632584 0.1 0.9 0.4799991 0.5200009 0.09582632 6.61542e-4 0.9035121 1 1 1 1 1 0.09481441 0.9051856 1 0.09999996 0.9 0.4842655 0.5157346 0.09999996 0.9 1 1 0.1 0.9 1 1 0.4860339 0.5139661 1 0.208258 0.791742 0.24381 0.75619 0.5380187 0.4619813 0.7557888 0.2442113 0.7589981 0.2410019 0.7566896 0.2433104 0.7599617 0.2400382 1 1 0.6422929 0.3577071 0.7352581 0.2647419 0.757485 0.2425149 0.6216283 0.3783717 0.6134872 0.3865128 0.7187604 0.2812396 0.6200203 0.3799797 0.7363302 0.2636698 0.5957605 0.4042395 0.5 0.5 0.5 0.5 0.7305571 0.2694429 0.5487882 0.4512118 0.5265518 0.4734482 0.8177756 0.1822244 0.5 0.5 0.5 0.5 0.724976 0.2750239 0.734467 0.2655329 0.7365168 0.2634832 0.5 0.5 0.6906562 0.3093438 0.5380187 0.4619813 0.24381 0.75619 1 1 1 1 0.6422929 0.3577071 0.7352581 0.2647419 0.4860339 0.5139661 0.733973 0.266027 0.7331896 0.2668104 1 1 1 0.7343607 0.2656393 1 0.7389984 0.2610016 1 0.7343524 0.2656477 1 0.9890992 0.01090079 1 0.7538857 0.2461143 0.7400992 0.2599008 1 0.733973 0.266027 1 1 1 1 1 1 1 1 1 1 1 1 1 1 1 1 1 1 1 1 1 1 1 1 1 1 1 1 1 1 1 1 1 1 1 1 1 1 1 1 1 1 1 1 1 1 1 1 1 1 1 1 1 1 1 0.6216283 0.3783717 0.7364857 0.2635143 0.6134872 0.3865128 0.6216283 0.3783717 0.7086324 0.2913676 0.7577686 0.2422313 0.7364857 0.2635143 0.7363302 0.2636698 0.7084892 0.2915108 0.6200203 0.3799797 0.7593507 0.2406493 0.7605562 0.2394437 1 1 1 1 1 1 1 1 1 1 1 1 1 1 1 1 1 1 1 1 1 1 1 1 1 1 1 1 0.7605562 0.2394437 1 0.7577686 0.2422313 0.757485 0.2425149 1 1 1 1 1 0.6216283 0.3783717 1 1 1 1 1 1 0.05861961 0.2514205 0.5365384 0.1534215 0.1158523 0.3985558 0.458574 0.02701801 0.03625839 0.1731387 0.610103 0.1805 0.1158523 0.3985558 0.458574 0.02701801 0.03742831 0.1772881 0.6333477 0.1519357 0.1158523 0.3985558 0.458574 0.02701801 0.03742831 0.1772881 0.6333477 0.1519357 0.1158523 0.3985558 0.458574 0.02701801 0.05861961 0.2514205 0.5365384 0.1534215 0.03625839 0.1731387 0.610103 0.1805 1 1 1 1 1 1 1 1 1 1 1 1 1 1 1 1 1 1 1 1 1 1 1 1 1 1 1 1 1 1 1 1 1 1 1 1 1 1 1 1 1 1 1 1 1 1 1 1 1 1 1 1 1 1 1 1 1 1 1 1 1 1 1 1 1 1 1 1 1 1 1 1 0.0996806 0.6611306 0.1338844 0.1053044 0.0651527 0.2434034 0.5863747 0.1050692 0.06937551 0.1592824 0.6659368 0.1054053 0.1574287 0.6459283 0.08953011 0.1071128 0.1559339 0.6471532 0.08981537 0.1070975 0.06508767 0.2440627 0.585789 0.1050606 0.0591138 0.5288777 0.1593859 0.2526226 0.001162111 0.3471362 0.4017016 0.25 0.05704981 0.5289608 0.161498 0.2524914 0.001159727 0.3485743 0.4002659 0.25 0.09708273 0.662422 0.1352711 0.1052241 0.05704981 0.5289608 0.161498 0.2524914 0.1559339 0.6471532 0.08981537 0.1070975 0.2056697 0.4943304 0.2999999 0.02700603 0.4281876 0.2432851 0.3015213 0.01358234 0.4119616 0.2738046 0.3006515 0.2055624 0.4944378 0.2999999 0.01358234 0.4119616 0.2738046 0.3006515 0.08333331 0.08333331 0.08333331 0.75 0.125 0.125 0.75 0.08333331 0.08333331 0.08333331 0.75 0.08333331 0.08333331 0.08333331 0.75 0.125 0.125 0.75 1 1 0.125 0.125 0.75 0.08333331 0.08333331 0.08333331 0.75 0.1431508 0.5068493 0.3499999 8.63284e-4 0.3374082 0.3117287 0.3499999 0.006538212 0.3320364 0.3614254 0.3 0.002863407 0.2619273 0.4352093 0.3 0.06649231 0.638493 0.1910417 0.103973 0.1375372 0.6300848 0.1302422 0.1021358 0.02943724 0.1751429 0.7057848 0.08963495 0.1548011 0.7150444 0.05519032 0.07496422 0.1364603 0.6294915 0.1319394 0.1021086 0.02943098 0.1751443 0.7059835 0.08944118 0.5764427 0.2877334 0.03286123 0.1029627 0.1524118 0.7147049 0.05595624 0.076927 0.02943098 0.1751443 0.7059835 0.08944118 0.1364603 0.6294915 0.1319394 0.1021086 0.01282465 0.3116872 0.3751602 0.3003279 0.01282465 0.3116872 0.3751602 0.3003279 0.1966715 0.5033285 0.3 8.78283e-4 0.3323755 0.3167463 0.3499999 0.1426061 0.507394 0.3499999 8.78283e-4 0.3323755 0.3167463 0.3499999 0.08333331 0.08333331 0.08333331 0.75 0.08333331 0.08333331 0.08333331 0.75 0.125 0.125 0.75 1 1 1 0.06931304 0.1580085 0.6672334 0.105445 0.07863652 0.2967416 0.5743945 0.0502274 0.06508767 0.2440627 0.585789 0.1050606 0.08484089 0.3159375 0.5537258 0.04549574 0.08535397 0.3167856 0.5525256 0.04533487 0.07870453 0.2967957 0.5742747 0.05022501 0.07863652 0.2967416 0.5743945 0.0502274 0.09768056 0.3517969 0.5164984 0.03402411 0.09716463 0.3496056 0.509347 0.04388284 0.09740644 0.3510993 0.5173652 0.0341289 0.0968278 0.3487313 0.5102729 0.04416799 0.09740644 0.3510993 0.5173652 0.0341289 1 1 1 1 1 1 1 1 1 1 1 1 1 1 1 1 1 1 1 1 1 1 1 1 1 1 1 1 1 1 1 1 1 1 1 1 1 1 1 1 1 1 1 1 1 1 1 1 1 1 1 1 1 1 1 1 1 1 1 1 1 1 1 1 1 1 1 1 1 1 1 1 1 1 1 1 1 1 1 1 1 1 1 1 1 1 1 1 1 1 1 1 1 1 1 1 1 1 1 1 1 1 1 1 1 1 1 1 1 1 1 1 1 1 1 1 1 1 1 1 1 1 1 1 1 1 1 1 1 1 1 1 1 1 1 1 1 1 1 1 1 1 1 1 1 1 1 1 1 1 1 1 1 1 1 1 1 1 1 1 1 1 1 1 1 1 1 1 1 1 1 1 1 1 1 1 1 1 1 1 1 1 1 1 1 1 1 1 1 1 1 1 1 1 1 1 1 1 1 1 1 1 1 1 1 1 1 1 1 1 1 1 1 1 1 1 1 1 1 1 1 1 1 1 1 1 1 1 1 1 1 1 1 1 1 1 1 1 1 1 1 1 1 1 1 1 1 1 1 1 1 1 1 1 1 1 1 1 1 1 1 1 1 1 1 1 1 1 1 1 1 1 1 1 1 1 1 1 1 1 1 1 1 1 1 1 1 1 1 1 1 1 1 1 1 1 1 1 1 1 1 1 1 1 1 1 1 1 1 1 1 1 1 1 1 1 1 1 1 1 1 1 1 1 1 1 1 1 1 1 1 1 1 1 1 1 1 1 1 1 1 1 1 1 1 1 1 1 1 1 1 1 1 1 1 1 1 1 1 1 1 1 1 1 1 1 1 1 1 1 1 1 1</float_array>
          <technique_common>
            <accessor source="#Kermit_Space_Hero_Mesh-skin-weights-array" count="7077" stride="1">
              <param name="WEIGHT" type="float"/>
            </accessor>
          </technique_common>
        </source>
        <joints>
          <input semantic="JOINT" source="#Kermit_Space_Hero_Mesh-skin-joints"/>
          <input semantic="INV_BIND_MATRIX" source="#Kermit_Space_Hero_Mesh-skin-bind_poses"/>
        </joints>
        <vertex_weights count="3130">
          <input semantic="JOINT" source="#Kermit_Space_Hero_Mesh-skin-joints" offset="0"/>
          <input semantic="WEIGHT" source="#Kermit_Space_Hero_Mesh-skin-weights" offset="1"/>
          <vcount>4 4 4 4 4 4 4 3 4 3 3 3 4 3 4 4 4 4 4 4 4 4 4 4 4 4 4 4 4 4 4 4 4 4 3 4 3 4 3 3 4 3 3 3 3 4 3 4 4 3 3 4 3 3 3 3 4 3 4 4 4 4 4 4 4 4 4 4 4 4 4 4 3 3 3 3 4 4 4 4 4 4 4 4 4 4 4 4 4 4 4 4 4 4 4 4 3 4 3 4 3 3 3 3 3 3 4 4 3 3 4 3 3 4 3 3 4 4 4 4 4 4 4 4 4 4 4 4 4 4 4 4 4 3 4 3 4 4 4 4 4 4 4 4 4 4 4 4 4 3 4 3 4 3 4 3 4 4 4 4 4 4 3 3 4 4 4 4 4 4 3 3 3 3 4 3 4 4 4 3 3 4 3 4 4 4 4 4 3 3 3 3 3 4 4 3 3 3 3 4 4 4 4 3 3 3 3 3 3 3 3 3 4 4 3 3 3 3 3 3 4 3 3 3 3 3 3 3 4 4 4 4 4 4 3 3 3 3 3 3 3 3 4 3 3 3 3 4 3 3 4 4 4 4 4 4 4 4 4 4 4 3 3 3 4 4 4 3 4 3 4 4 4 4 4 4 4 3 4 4 4 4 3 3 3 3 3 3 3 4 4 4 4 4 4 4 4 3 4 3 4 2 4 3 4 4 4 4 4 4 4 3 4 3 4 2 4 3 4 3 3 3 3 3 3 3 3 3 4 2 4 2 2 4 3 3 3 3 3 3 3 3 3 4 4 4 4 4 4 4 4 4 4 4 4 4 4 4 3 4 4 4 3 3 3 4 3 3 3 2 3 3 3 3 4 3 3 3 3 3 3 3 3 4 3 3 3 3 3 3 4 3 3 3 3 3 3 3 3 3 3 3 3 3 4 4 3 3 3 3 3 3 3 3 3 4 4 4 3 4 3 4 3 4 3 4 4 4 4 4 4 3 3 3 4 2 4 3 3 4 3 4 3 2 2 2 3 2 3 3 2 4 3 4 2 2 2 2 1 2 2 2 1 2 2 2 2 2 2 1 1 2 2 2 2 2 2 2 2 2 2 2 2 2 2 2 2 2 4 4 4 4 4 4 3 3 3 3 3 3 3 4 4 4 4 4 4 3 3 3 3 3 3 3 4 3 2 2 2 2 2 2 2 2 2 2 2 4 4 2 2 2 4 4 4 4 2 4 2 2 2 2 2 2 4 4 2 2 2 2 2 4 4 4 3 1 2 2 1 1 1 1 1 1 2 1 2 1 2 1 2 1 2 1 1 1 1 1 1 1 1 1 1 1 1 1 1 1 1 1 1 4 3 4 4 4 3 3 3 3 2 3 3 3 4 4 4 4 4 4 4 4 3 4 4 4 3 4 4 4 4 4 4 3 3 2 2 3 2 2 2 3 2 3 2 2 2 2 2 4 3 4 3 3 3 2 3 2 3 3 2 2 3 4 4 4 4 4 4 4 4 4 4 4 3 4 4 4 4 3 3 2 2 2 3 2 2 3 2 3 2 2 2 2 2 4 3 4 3 3 3 2 3 2 2 2 2 2 2 2 2 2 2 2 2 2 2 2 2 2 2 2 3 3 3 3 3 3 3 2 2 3 2 2 3 2 2 2 2 2 2 1 1 1 2 2 1 2 2 2 2 2 2 2 2 2 2 2 2 2 2 2 2 2 2 2 2 2 2 1 1 2 2 1 1 2 3 2 3 3 3 3 3 2 3 3 2 2 2 2 2 2 2 3 2 2 2 2 2 2 3 2 2 1 1 1 1 1 2 3 3 2 2 3 3 2 3 2 2 2 2 2 2 2 2 2 2 2 2 2 3 2 2 2 2 2 2 3 3 3 3 3 2 2 2 3 2 1 2 2 2 2 3 2 2 2 2 2 3 2 2 2 2 2 1 1 1 1 2 2 2 1 2 2 1 2 2 2 1 1 1 1 1 2 2 2 2 2 2 2 2 1 1 2 2 1 3 3 3 3 4 4 2 2 3 4 4 4 4 4 4 4 4 4 4 4 4 4 4 4 3 3 1 1 1 2 2 3 3 3 3 1 4 4 3 3 3 3 4 3 4 3 3 3 3 4 3 3 4 4 4 4 4 4 4 4 4 4 4 4 3 3 3 3 2 4 2 4 3 3 2 2 3 3 4 3 3 3 3 3 4 3 3 3 3 3 3 3 2 3 3 3 1 1 2 2 2 3 2 2 2 2 2 2 2 3 3 2 2 2 2 2 2 2 2 2 2 2 2 2 2 2 2 2 2 2 2 2 2 2 2 2 2 2 2 2 2 2 2 2 2 3 3 2 2 2 2 3 3 3 3 2 2 2 2 2 2 2 2 2 2 2 2 2 2 2 2 2 2 2 2 2 2 2 2 2 2 2 2 2 2 2 2 2 2 2 2 3 3 3 3 3 3 3 3 3 3 3 3 3 4 3 3 3 3 3 3 3 3 3 1 2 2 3 2 2 2 2 2 2 3 3 3 3 3 3 3 3 3 3 3 2 3 1 3 3 3 3 3 2 2 3 3 3 1 2 2 1 2 3 3 3 3 3 4 4 4 4 3 3 3 3 4 4 3 3 3 3 4 3 3 4 4 4 4 4 4 4 4 3 4 4 4 4 4 4 4 4 4 4 3 2 3 4 3 3 3 2 3 3 3 4 4 3 4 3 3 4 4 2 2 2 2 4 3 4 3 3 3 4 4 3 3 3 3 3 3 2 3 2 3 3 3 3 3 3 3 3 3 3 2 2 2 2 1 3 3 3 3 3 3 3 3 3 3 2 2 3 3 3 3 3 3 3 4 3 3 3 3 3 3 3 3 3 3 3 3 3 3 3 4 3 3 3 3 3 2 2 2 2 2 2 2 2 2 2 2 2 2 2 2 2 2 2 2 2 2 2 2 2 2 2 2 2 2 2 2 2 2 2 2 2 2 2 2 2 2 2 2 2 2 2 2 2 2 2 2 2 2 2 2 2 2 3 3 3 3 3 3 3 3 3 3 3 3 3 3 3 3 2 2 3 3 2 2 2 2 2 2 2 2 2 2 2 2 2 2 2 2 2 2 2 2 2 2 2 2 2 2 2 2 2 2 2 2 2 2 2 2 2 2 2 2 2 2 2 2 2 2 2 2 2 2 2 2 2 2 2 2 2 3 3 3 3 3 3 3 4 4 4 4 4 4 3 3 3 3 3 3 3 3 3 3 4 2 3 2 3 2 3 2 3 3 2 2 2 2 2 3 2 3 2 2 2 2 2 2 2 2 2 2 2 1 1 2 1 2 1 2 1 2 1 1 2 1 1 1 1 1 1 1 1 1 1 2 3 3 2 2 3 2 3 3 2 2 2 2 2 2 3 3 2 2 2 2 2 2 2 2 2 2 2 1 1 2 1 2 1 1 2 1 2 2 1 1 1 1 1 1 1 1 1 1 1 2 3 2 3 2 3 2 2 2 2 2 2 3 3 2 3 2 2 2 2 2 2 2 2 2 2 2 1 1 2 1 2 1 2 1 1 2 1 2 1 1 1 1 1 1 1 1 1 1 2 3 3 2 3 2 3 2 2 2 2 2 2 3 3 3 3 3 2 2 2 2 3 3 2 3 2 3 3 3 3 2 2 2 2 2 2 2 2 2 4 3 2 3 3 3 4 3 3 3 3 3 3 3 3 3 3 2 3 3 3 2 3 3 3 3 3 2 3 3 3 3 2 2 3 2 2 2 2 2 2 2 2 2 2 2 3 2 2 2 2 2 2 2 2 3 3 2 2 2 2 2 3 3 3 1 1 1 2 1 2 1 2 1 3 1 3 3 1 3 1 3 2 2 3 3 2 2 2 2 3 3 2 3 3 2 3 2 2 2 2 2 2 2 2 2 2 2 2 2 2 2 2 1 1 1 2 2 1 1 2 1 2 2 1 1 1 1 1 1 1 1 1 1 1 2 2 2 2 2 3 2 3 2 3 2 3 3 2 2 2 2 2 2 3 3 2 2 2 2 2 2 2 2 2 2 1 1 2 1 2 1 2 1 1 2 1 2 1 1 1 1 1 1 1 1 1 1 2 4 4 4 4 4 4 4 4 4 4 4 4 4 4 4 4 4 4 4 4 4 4 4 4 4 4 4 4 4 4 4 4 3 3 3 3 3 3 4 3 3 3 3 3 3 4 3 3 3 3 3 3 3 3 3 3 3 3 3 4 4 3 3 3 3 3 3 3 3 3 4 4 4 3 4 3 4 3 4 3 4 4 4 4 4 4 3 3 3 4 2 4 3 3 4 3 4 3 2 2 2 3 2 3 3 2 4 3 4 2 2 2 2 1 2 2 2 1 2 2 2 2 2 2 1 1 2 2 2 2 2 2 2 2 2 2 2 2 2 2 2 2 2 4 4 4 4 4 4 2 2 2 2 2 2 2 2 2 2 2 4 4 2 2 2 4 4 4 4 2 4 2 2 2 2 2 2 4 4 2 2 2 2 2 4 4 4 3 1 2 1 2 1 1 1 1 1 2 1 2 1 2 1 2 1 2 1 1 1 1 1 1 1 1 1 1 1 1 1 1 1 1 1 1 2 2 2 2 2 2 2 2 2 2 2 2 2 2 2 2 2 2 3 3 3 3 3 3 3 2 2 3 2 2 3 2 2 2 2 2 2 1 1 1 2 2 1 2 2 2 2 2 2 2 2 2 2 2 2 2 2 2 2 2 2 2 2 2 2 1 1 2 2 1 1 2 3 2 3 3 3 3 3 2 3 3 2 2 2 2 2 2 2 3 2 2 2 2 2 2 3 2 2 1 1 1 1 1 2 3 2 3 2 3 3 2 3 2 2 2 2 2 2 2 2 2 2 2 2 2 3 2 2 2 2 2 2 3 3 3 3 3 2 3 2 2 2 1 2 2 2 2 3 2 2 2 2 2 3 2 2 2 2 2 1 1 1 1 2 2 2 1 2 2 1 2 2 2 1 1 1 1 1 2 2 2 2 2 2 2 2 1 1 2 2 1 2 2 2 2 2 2 2 2 2 1 1 1 1 1 2 1 2 2 1 1 1 1 1 1 1 1 1 1 1 1 1 1 1 1 1 1 1 1 1 1 1 1 1 1 1 1 1 1 1 1 1 2 2 2 2 2 2 2 2 2 1 1 1 1 1 1 2 2 2 1 1 1 1 1 1 1 1 1 1 1 1 1 1 1 1 1 1 1 1 1 1 1 1 1 1 1 1 1 1 1 1 2 2 2 2 2 2 2 1 1 1 1 1 2 2 1 2 2 1 1 1 1 1 1 1 1 1 1 1 1 1 1 1 1 1 1 1 1 1 1 1 1 1 1 1 1 1 1 1 1 2 2 2 2 2 2 2 2 2 2 2 2 2 2 2 2 1 2 2 2 2 2 2 1 2 1 2 2 2 2 1 2 2 2 2 2 2 2 2 2 3 2 2 2 2 2 3 1 1 1 1 1 2 1 2 2 2 1 1 2 1 1 2 1 2 2 2 2 2 2 2 1 1 2 2 2 2 2 2 2 2 2 2 2 2 2 2 2 2 2 2 2 2 2 2 2 2 1 1 1 1 2 2 2 2 2 1 1 1 2 1 2 1 2 1 2 1 2 2 1 2 1 1 1 1 1 1 1 1 1 1 1 1 1 1 1 1 1 1 1 1 1 1 1 1 1 1 1 1 1 1 1 1 1 1 1 1 1 1 1 1 1 1 1 1 1 1 1 1 1 1 1 1 1 1 1 2 2 2 2 2 2 2 2 2 2 2 2 1 1 1 1 1 1 1 1 1 1 1 1 1 1 1 1 1 1 1 1 1 1 1 1 1 1 1 1 2 1 2 2 1 1 1 1 1 2 1 1 1 1 1 1 4 4 4 4 4 4 4 4 4 4 1 1 1 1 1 1 1 1 1 1 1 1 1 1 1 1 1 1 1 1 1 1 1 1 1 1 1 1 1 1 1 1 1 1 1 1 1 1 1 1 1 1 1 1 1 1 1 1 1 1 1 1 1 1 1 1 1 1 1 1 1 1 1 1 1 1 1 1 1 1 1 1 4 4 4 4 4 4 4 4 4 4 4 4 4 3 4 4 3 4 4 3 4 4 3 1 1 3 4 3 4 4 4 4 4 4 4 4 4 4 4 4 4 4 4 3 4 3 4 4 4 3 1 1 1 4 4 4 4 4 4 4 4 4 4 4 4 1 1 1 1 1 1 1 1 1 1 1 1 1 1 1 1 1 1 1 1 1 1 1 1 1 1 1 1 1 1 1 1 1 1 1 1 1 1 1 1 1 1 1 1 1 1 1 1 1 1 1 1 1 1 1 1 1 1 1 1 1 1 1 1 1 1 1 1 1 1 1 1 1 1 1 1 1 1 1 1 1 1 1 1 1 1 1 1 1 1 1 1 1 1 1 1 1 1 1 1 1 1 1 1 1 1 1 1 1 1 1 1 1 1 1 1 1 1 1 1 1 1 1 1 1 1 1 1 1 1 1 1 1 1 1 1 1 1 1 1 1 1 1 1 1 1 1 1 1 1 1 1 1 1 1 1 1 1 1 1 1 1 1 1 1 1 1 1 1 1 1 1 1 1 1 1 1 1 1 1 1 1 1 1 1 1 1 1 1 1 1 1 1 1 1 1 1 1 1 1 1 1 1 1 1 1 1 1 1 1 1 1 1 1 1 1 1 1 1 1 1 1 1 1 1 1 1 1 1 1 1 1 1 1 1 1 1 1 1 1 1 1 1 1 1 1 1 1 1 1 1 1 1 1 1 1 1 1 1 1 1 1 1 1 1 1 1 1 1 1 1 1 1 1 1 1 1 1 1 1 1 1 1 1 1 1 1 1 1 1 1 1 1 1 1 1 1 1 1 1 1 1 1 1 1 1 1 1 1 1 1 1 1 1 1 1 1 1 1 1 1 1 1 1 1 1 1 1 1 1 1 1 1 1 1 1 1 1 1 1 1 1 1 1 1 1 1 1 1 1 1 1 1 1 1 1 1 1 1 1 1 1 1 1 1 1 1 1 1 1 1 1 1 </vcount>
          <v>0 0 2 1 3 2 4 3 1 4 2 5 3 6 4 7 1 8 2 9 3 10 4 11 0 12 2 13 3 14 4 15 1 16 2 17 3 18 4 19 1 20 2 21 3 22 4 23 0 24 1 25 2 26 3 27 1 28 2 29 3 30 0 31 1 32 2 33 3 34 1 35 2 36 3 37 0 38 1 39 2 40 0 41 1 42 2 43 0 44 1 45 2 46 6 47 1 48 2 49 6 50 1 51 2 52 3 53 4 54 1 55 2 56 3 57 4 58 1 59 2 60 3 61 4 62 1 63 2 64 3 65 4 66 1 67 2 68 3 69 4 70 1 71 2 72 3 73 4 74 1 75 2 76 3 77 4 78 1 79 2 80 3 81 4 82 1 83 2 84 3 85 4 86 1 87 2 88 3 89 4 90 1 91 2 92 3 93 4 94 1 95 2 96 3 97 4 98 1 99 2 100 3 101 5 102 1 103 2 104 3 105 5 106 1 107 2 108 3 109 5 110 1 111 2 112 3 113 5 114 1 115 2 116 3 117 5 118 1 119 2 120 3 121 5 122 1 123 2 124 3 125 5 126 1 127 2 128 3 129 5 130 1 131 2 132 5 133 1 134 2 135 5 136 6 137 1 138 2 139 3 140 1 141 2 142 3 143 4 144 1 145 2 146 6 147 1 148 2 149 6 150 0 151 1 152 2 153 6 154 1 155 2 156 5 157 1 158 2 159 6 160 1 161 2 162 5 163 1 164 2 165 6 166 1 167 2 168 3 169 5 170 1 171 2 172 3 173 0 174 1 175 2 176 10 177 1 178 2 179 6 180 10 181 1 182 2 183 6 184 1 185 2 186 6 187 1 188 2 189 3 190 6 191 1 192 2 193 6 194 1 195 2 196 6 197 1 198 2 199 3 200 1 201 2 202 3 203 1 204 2 205 3 206 5 207 1 208 2 209 3 210 1 211 2 212 3 213 4 214 1 215 2 216 3 217 4 218 1 219 2 220 3 221 4 222 2 223 3 224 4 225 7 226 2 227 3 228 4 229 7 230 2 231 3 232 4 233 7 234 2 235 3 236 4 237 7 238 2 239 3 240 4 241 7 242 2 243 3 244 4 245 7 246 2 247 3 248 4 249 7 250 2 251 3 252 4 253 8 254 0 255 2 256 3 257 4 258 0 259 2 260 3 261 4 262 0 263 2 264 3 265 4 266 0 267 2 268 3 269 0 270 2 271 3 272 0 273 1 274 2 275 0 276 2 277 6 278 0 279 2 280 3 281 4 282 0 283 2 284 3 285 4 286 0 287 2 288 3 289 4 290 0 291 2 292 3 293 4 294 0 295 2 296 3 297 4 298 0 299 2 300 3 301 4 302 0 303 2 304 3 305 4 306 0 307 2 308 3 309 4 310 0 311 2 312 3 313 4 314 0 315 2 316 3 317 4 318 0 319 2 320 3 321 4 322 0 323 2 324 3 325 4 326 0 327 2 328 3 329 11 330 0 331 2 332 3 333 11 334 0 335 2 336 3 337 11 338 0 339 2 340 3 341 11 342 0 343 2 344 3 345 11 346 0 347 2 348 3 349 11 350 0 351 2 352 3 353 11 354 0 355 2 356 3 357 11 358 0 359 2 360 11 361 0 362 2 363 6 364 11 365 0 366 2 367 3 368 0 369 2 370 3 371 4 372 0 373 2 374 6 375 0 376 2 377 6 378 0 379 2 380 11 381 0 382 2 383 6 384 0 385 2 386 11 387 0 388 2 389 6 390 0 391 2 392 3 393 11 394 0 395 2 396 3 397 11 398 0 399 2 400 3 401 0 402 2 403 3 404 0 405 2 406 6 407 10 408 0 409 2 410 6 411 0 412 2 413 6 414 0 415 2 416 3 417 6 418 0 419 2 420 6 421 0 422 2 423 6 424 0 425 2 426 3 427 4 428 0 429 2 430 3 431 4 432 0 433 2 434 3 435 4 436 2 437 3 438 4 439 8 440 2 441 3 442 4 443 8 444 2 445 3 446 4 447 8 448 2 449 3 450 4 451 8 452 2 453 3 454 4 455 8 456 2 457 3 458 4 459 8 460 2 461 3 462 4 463 8 464 2 465 3 466 4 467 8 468 2 469 3 470 4 471 8 472 2 473 3 474 4 475 8 476 2 477 3 478 4 479 8 480 2 481 3 482 4 483 8 484 2 485 3 486 4 487 8 488 2 489 3 490 4 491 8 492 3 493 4 494 8 495 2 496 3 497 4 498 8 499 3 500 4 501 8 502 2 503 3 504 4 505 8 506 2 507 3 508 4 509 8 510 2 511 3 512 4 513 8 514 2 515 3 516 4 517 8 518 2 519 3 520 4 521 7 522 2 523 3 524 4 525 7 526 2 527 3 528 4 529 7 530 2 531 3 532 4 533 7 534 2 535 3 536 4 537 7 538 2 539 3 540 4 541 7 542 2 543 3 544 4 545 7 546 2 547 3 548 4 549 7 550 2 551 3 552 4 553 7 554 3 555 4 556 7 557 2 558 3 559 4 560 7 561 3 562 4 563 7 564 2 565 3 566 4 567 7 568 3 569 4 570 7 571 1 572 2 573 3 574 4 575 2 576 3 577 4 578 1 579 2 580 3 581 4 582 1 583 2 584 3 585 4 586 1 587 2 588 3 589 4 590 1 591 2 592 3 593 4 594 1 595 2 596 3 597 4 598 0 599 1 600 2 601 3 602 1 603 2 604 3 605 2 606 3 607 4 608 0 609 1 610 2 611 3 612 0 613 1 614 2 615 3 616 2 617 3 618 4 619 7 620 2 621 3 622 4 623 8 624 2 625 3 626 4 627 7 628 1 629 2 630 3 631 4 632 1 633 2 634 3 635 1 636 2 637 3 638 1 639 2 640 3 641 1 642 2 643 3 644 0 645 2 646 3 647 4 648 2 649 3 650 4 651 0 652 2 653 3 654 4 655 0 656 2 657 3 658 4 659 0 660 2 661 3 662 4 663 0 664 2 665 3 666 0 667 2 668 3 669 0 670 1 671 2 672 3 673 0 674 2 675 3 676 0 677 2 678 3 679 4 680 2 681 3 682 4 683 8 684 2 685 3 686 4 687 8 688 0 689 1 690 2 691 6 692 0 693 1 694 2 695 6 696 0 697 2 698 6 699 0 700 2 701 6 702 0 703 2 704 6 705 0 706 2 707 6 708 0 709 2 710 6 711 0 712 1 713 2 714 6 715 0 716 1 717 2 718 6 719 0 720 2 721 6 722 0 723 2 724 6 725 0 726 2 727 6 728 0 729 2 730 6 731 0 732 2 733 6 734 9 735 0 736 1 737 2 738 6 739 0 740 1 741 2 742 6 743 0 744 1 745 2 746 6 747 1 748 2 749 6 750 1 751 2 752 6 753 1 754 2 755 6 756 1 757 2 758 6 759 1 760 2 761 6 762 1 763 2 764 6 765 1 766 2 767 6 768 1 769 2 770 6 771 1 772 2 773 6 774 1 775 2 776 6 777 9 778 1 779 2 780 3 781 6 782 1 783 2 784 6 785 1 786 2 787 6 788 1 789 2 790 6 791 1 792 2 793 3 794 1 795 2 796 3 797 1 798 2 799 3 800 1 801 2 802 3 803 6 804 1 805 2 806 6 807 1 808 2 809 6 810 1 811 2 812 6 813 1 814 2 815 6 816 1 817 2 818 6 819 1 820 2 821 6 822 1 823 2 824 6 825 1 826 2 827 6 828 10 829 1 830 2 831 6 832 10 833 0 834 1 835 2 836 10 837 0 838 1 839 2 840 10 841 0 842 2 843 6 844 10 845 0 846 2 847 6 848 10 849 0 850 2 851 6 852 0 853 2 854 6 855 0 856 2 857 6 858 0 859 2 860 6 861 0 862 2 863 6 864 0 865 2 866 6 867 0 868 2 869 6 870 0 871 2 872 6 873 0 874 2 875 3 876 6 877 0 878 2 879 6 880 0 881 2 882 6 883 0 884 2 885 3 886 0 887 2 888 3 889 0 890 2 891 3 892 6 893 0 894 2 895 3 896 0 897 2 898 3 899 0 900 2 901 3 902 4 903 0 904 2 905 3 906 4 907 0 908 2 909 3 910 4 911 0 912 2 913 3 914 4 915 0 916 2 917 3 918 4 919 0 920 2 921 3 922 4 923 0 924 2 925 3 926 4 927 0 928 2 929 3 930 4 931 2 932 3 933 4 934 8 935 2 936 3 937 4 938 8 939 2 940 3 941 4 942 8 943 0 944 2 945 3 946 0 947 2 948 3 949 3 950 4 951 8 952 2 953 3 954 4 955 8 956 2 957 3 958 4 959 8 960 2 961 3 962 4 963 8 964 3 965 4 966 8 967 2 968 3 969 4 970 7 971 3 972 4 973 7 974 2 975 3 976 4 977 7 978 2 979 3 980 4 981 7 982 2 983 3 984 4 985 7 986 1 987 2 988 3 989 4 990 1 991 2 992 3 993 4 994 1 995 2 996 3 997 4 998 2 999 3 1000 4 1001 7 1002 3 1003 4 1004 7 1005 1 1006 2 1007 3 1008 4 1009 1 1010 2 1011 3 1012 4 1013 1 1014 2 1015 3 1016 4 1017 1 1018 2 1019 3 1020 4 1021 1 1022 2 1023 3 1024 1 1025 2 1026 3 1027 1 1028 2 1029 3 1030 1 1031 2 1032 3 1033 1 1034 2 1035 3 1036 1 1037 2 1038 3 1039 1 1040 2 1041 3 1042 2 1043 3 1044 4 1045 7 1046 2 1047 3 1048 4 1049 7 1050 2 1051 3 1052 4 1053 7 1054 2 1055 3 1056 4 1057 7 1058 2 1059 3 1060 4 1061 7 1062 2 1063 3 1064 4 1065 7 1066 2 1067 3 1068 4 1069 7 1070 2 1071 3 1072 4 1073 8 1074 3 1075 4 1076 7 1077 2 1078 3 1079 4 1080 7 1081 3 1082 4 1083 7 1084 2 1085 3 1086 4 1087 7 1088 4 1089 7 1090 2 1091 3 1092 4 1093 7 1094 3 1095 4 1096 7 1097 2 1098 3 1099 4 1100 7 1101 2 1102 3 1103 4 1104 8 1105 2 1106 3 1107 4 1108 8 1109 2 1110 3 1111 4 1112 8 1113 2 1114 3 1115 4 1116 8 1117 2 1118 3 1119 4 1120 8 1121 2 1122 3 1123 4 1124 8 1125 3 1126 4 1127 8 1128 2 1129 3 1130 4 1131 8 1132 3 1133 4 1134 8 1135 2 1136 3 1137 4 1138 8 1139 4 1140 8 1141 2 1142 3 1143 4 1144 8 1145 3 1146 4 1147 8 1148 2 1149 3 1150 4 1151 8 1152 1 1153 2 1154 6 1155 1 1156 2 1157 3 1158 1 1159 2 1160 6 1161 1 1162 2 1163 6 1164 1 1165 2 1166 6 1167 1 1168 2 1169 6 1170 1 1171 2 1172 6 1173 1 1174 2 1175 6 1176 1 1177 2 1178 6 1179 1 1180 2 1181 6 1182 10 1183 2 1184 6 1185 0 1186 1 1187 2 1188 10 1189 2 1190 6 1191 2 1192 6 1193 0 1194 2 1195 6 1196 10 1197 0 1198 2 1199 6 1200 0 1201 2 1202 6 1203 0 1204 2 1205 6 1206 0 1207 2 1208 6 1209 0 1210 2 1211 6 1212 0 1213 2 1214 6 1215 0 1216 2 1217 6 1218 0 1219 2 1220 6 1221 0 1222 2 1223 3 1224 2 1225 3 1226 4 1227 8 1228 2 1229 3 1230 4 1231 7 1232 2 1233 3 1234 4 1235 7 1236 2 1237 3 1238 4 1239 7 1240 2 1241 3 1242 4 1243 7 1244 2 1245 3 1246 4 1247 7 1248 2 1249 3 1250 4 1251 7 1252 2 1253 3 1254 4 1255 7 1256 2 1257 3 1258 4 1259 8 1260 2 1261 3 1262 4 1263 8 1264 2 1265 3 1266 4 1267 8 1268 2 1269 3 1270 4 1271 8 1272 2 1273 3 1274 4 1275 8 1276 2 1277 3 1278 4 1279 8 1280 2 1281 3 1282 4 1283 7 1284 3 1285 4 1286 7 1287 2 1288 3 1289 4 1290 7 1291 2 1292 3 1293 4 1294 7 1295 2 1296 3 1297 4 1298 7 1299 3 1300 4 1301 7 1302 3 1303 4 1304 7 1305 3 1306 4 1307 7 1308 2 1309 3 1310 4 1311 7 1312 3 1313 4 1314 7 1315 3 1316 4 1317 7 1318 3 1319 4 1320 7 1321 4 1322 7 1323 3 1324 4 1325 7 1326 3 1327 4 1328 7 1329 3 1330 4 1331 7 1332 3 1333 4 1334 7 1335 1 1336 2 1337 3 1338 4 1339 1 1340 2 1341 3 1342 1 1343 2 1344 3 1345 0 1346 2 1347 11 1348 0 1349 2 1350 11 1351 0 1352 2 1353 11 1354 0 1355 2 1356 11 1357 0 1358 2 1359 11 1360 0 1361 2 1362 11 1363 0 1364 2 1365 6 1366 11 1367 0 1368 2 1369 11 1370 0 1371 2 1372 11 1373 0 1374 2 1375 11 1376 0 1377 2 1378 11 1379 0 1380 2 1381 11 1382 0 1383 2 1384 11 1385 0 1386 2 1387 6 1388 11 1389 0 1390 2 1391 11 1392 0 1393 2 1394 11 1395 0 1396 2 1397 11 1398 0 1399 2 1400 11 1401 0 1402 2 1403 11 1404 0 1405 2 1406 11 1407 0 1408 2 1409 11 1410 0 1411 2 1412 11 1413 0 1414 2 1415 11 1416 0 1417 2 1418 11 1419 0 1420 2 1421 11 1422 0 1423 2 1424 11 1425 0 1426 2 1427 11 1428 0 1429 2 1430 3 1431 11 1432 0 1433 2 1434 3 1435 11 1436 0 1437 2 1438 11 1439 0 1440 2 1441 11 1442 0 1443 2 1444 11 1445 0 1446 2 1447 11 1448 0 1449 2 1450 11 1451 0 1452 2 1453 11 1454 0 1455 2 1456 11 1457 0 1458 2 1459 11 1460 0 1461 2 1462 11 1463 0 1464 2 1465 3 1466 11 1467 0 1468 2 1469 3 1470 11 1471 0 1472 2 1473 3 1474 11 1475 0 1476 2 1477 11 1478 0 1479 2 1480 3 1481 11 1482 0 1483 2 1484 11 1485 0 1486 2 1487 6 1488 11 1489 0 1490 2 1491 11 1492 0 1493 2 1494 3 1495 11 1496 0 1497 2 1498 11 1499 0 1500 2 1501 3 1502 11 1503 0 1504 2 1505 3 1506 11 1507 0 1508 2 1509 3 1510 11 1511 0 1512 2 1513 3 1514 11 1515 0 1516 2 1517 3 1518 11 1519 0 1520 2 1521 3 1522 11 1523 0 1524 2 1525 11 1526 0 1527 2 1528 11 1529 0 1530 2 1531 11 1532 0 1533 2 1534 11 1535 12 1536 11 1537 12 1538 0 1539 2 1540 11 1541 12 1542 0 1543 2 1544 11 1545 0 1546 2 1547 11 1548 0 1549 2 1550 11 1551 12 1552 0 1553 2 1554 11 1555 0 1556 2 1557 11 1558 12 1559 0 1560 2 1561 11 1562 11 1563 12 1564 11 1565 12 1566 11 1567 12 1568 0 1569 2 1570 11 1571 11 1572 12 1573 0 1574 2 1575 11 1576 0 1577 2 1578 11 1579 11 1580 12 1581 0 1582 2 1583 3 1584 11 1585 0 1586 2 1587 11 1588 0 1589 2 1590 3 1591 11 1592 11 1593 12 1594 11 1595 12 1596 11 1597 12 1598 11 1599 12 1600 12 1601 11 1602 12 1603 11 1604 12 1605 11 1606 12 1607 12 1608 11 1609 12 1610 11 1611 12 1612 11 1613 12 1614 11 1615 12 1616 11 1617 12 1618 11 1619 12 1620 12 1621 12 1622 11 1623 12 1624 11 1625 12 1626 11 1627 12 1628 11 1629 12 1630 11 1631 12 1632 11 1633 12 1634 11 1635 12 1636 11 1637 12 1638 11 1639 12 1640 11 1641 12 1642 11 1643 12 1644 11 1645 12 1646 11 1647 12 1648 11 1649 12 1650 11 1651 12 1652 11 1653 12 1654 11 1655 12 1656 0 1657 2 1658 3 1659 11 1660 0 1661 2 1662 3 1663 11 1664 0 1665 2 1666 3 1667 11 1668 0 1669 2 1670 3 1671 11 1672 0 1673 2 1674 3 1675 11 1676 0 1677 2 1678 3 1679 11 1680 0 1681 2 1682 6 1683 0 1684 2 1685 6 1686 0 1687 2 1688 6 1689 0 1690 2 1691 6 1692 0 1693 2 1694 6 1695 0 1696 2 1697 6 1698 0 1699 2 1700 6 1701 0 1702 2 1703 6 1704 9 1705 0 1706 2 1707 6 1708 9 1709 0 1710 1 1711 2 1712 6 1713 0 1714 1 1715 2 1716 6 1717 1 1718 2 1719 6 1720 9 1721 1 1722 2 1723 6 1724 9 1725 1 1726 2 1727 6 1728 1 1729 2 1730 6 1731 1 1732 2 1733 6 1734 1 1735 2 1736 6 1737 1 1738 2 1739 6 1740 1 1741 2 1742 6 1743 1 1744 2 1745 6 1746 2 1747 3 1748 4 1749 8 1750 3 1751 4 1752 8 1753 11 1754 12 1755 11 1756 12 1757 11 1758 12 1759 11 1760 12 1761 11 1762 12 1763 11 1764 12 1765 11 1766 12 1767 11 1768 12 1769 11 1770 12 1771 11 1772 12 1773 11 1774 12 1775 0 1776 2 1777 11 1778 12 1779 0 1780 2 1781 11 1782 12 1783 11 1784 12 1785 11 1786 12 1787 11 1788 12 1789 0 1790 2 1791 11 1792 12 1793 0 1794 2 1795 11 1796 12 1797 0 1798 2 1799 11 1800 12 1801 0 1802 2 1803 11 1804 12 1805 11 1806 12 1807 0 1808 2 1809 11 1810 12 1811 11 1812 12 1813 11 1814 12 1815 11 1816 12 1817 11 1818 12 1819 11 1820 12 1821 11 1822 12 1823 0 1824 2 1825 11 1826 12 1827 0 1828 2 1829 11 1830 12 1831 11 1832 12 1833 11 1834 12 1835 11 1836 12 1837 11 1838 12 1839 11 1840 12 1841 0 1842 2 1843 11 1844 12 1845 0 1846 2 1847 11 1848 12 1849 0 1850 2 1851 11 1852 12 1853 0 1854 2 1855 11 1856 12 1857 11 1858 12 1859 11 1860 12 1861 12 1862 12 1863 12 1864 12 1865 12 1866 12 1867 11 1868 12 1869 12 1870 11 1871 12 1872 12 1873 11 1874 12 1875 12 1876 11 1877 12 1878 12 1879 11 1880 12 1881 12 1882 12 1883 12 1884 12 1885 12 1886 12 1887 12 1888 12 1889 12 1890 12 1891 12 1892 12 1893 12 1894 12 1895 12 1896 12 1897 12 1898 12 1899 2 1900 3 1901 4 1902 8 1903 3 1904 4 1905 8 1906 2 1907 3 1908 4 1909 8 1910 2 1911 3 1912 4 1913 8 1914 2 1915 3 1916 4 1917 8 1918 3 1919 4 1920 8 1921 3 1922 4 1923 8 1924 3 1925 4 1926 8 1927 3 1928 4 1929 8 1930 4 1931 8 1932 3 1933 4 1934 8 1935 3 1936 4 1937 8 1938 3 1939 4 1940 8 1941 2 1942 3 1943 4 1944 7 1945 2 1946 3 1947 4 1948 7 1949 2 1950 3 1951 4 1952 7 1953 2 1954 3 1955 4 1956 7 1957 2 1958 3 1959 4 1960 7 1961 2 1962 3 1963 4 1964 7 1965 2 1966 3 1967 4 1968 7 1969 2 1970 3 1971 4 1972 7 1973 3 1974 4 1975 7 1976 2 1977 3 1978 4 1979 7 1980 2 1981 3 1982 4 1983 7 1984 2 1985 3 1986 4 1987 7 1988 3 1989 4 1990 7 1991 2 1992 3 1993 4 1994 7 1995 2 1996 3 1997 4 1998 7 1999 3 2000 4 2001 7 2002 8 2003 3 2004 4 2005 7 2006 8 2007 2 2008 3 2009 4 2010 8 2011 2 2012 3 2013 4 2014 8 2015 3 2016 4 2017 7 2018 3 2019 4 2020 7 2021 4 2022 7 2023 4 2024 7 2025 3 2026 4 2027 7 2028 4 2029 7 2030 4 2031 7 2032 4 2033 7 2034 3 2035 4 2036 7 2037 4 2038 7 2039 3 2040 4 2041 7 2042 4 2043 7 2044 4 2045 7 2046 4 2047 7 2048 4 2049 7 2050 4 2051 7 2052 2 2053 3 2054 4 2055 7 2056 4 2057 7 2058 8 2059 3 2060 4 2061 7 2062 8 2063 4 2064 7 2065 8 2066 4 2067 7 2068 8 2069 4 2070 7 2071 8 2072 4 2073 7 2074 4 2075 7 2076 8 2077 4 2078 7 2079 4 2080 7 2081 8 2082 4 2083 7 2084 8 2085 4 2086 7 2087 4 2088 8 2089 3 2090 4 2091 8 2092 2 2093 3 2094 4 2095 8 2096 2 2097 3 2098 4 2099 8 2100 2 2101 3 2102 4 2103 8 2104 2 2105 3 2106 4 2107 8 2108 2 2109 3 2110 4 2111 8 2112 2 2113 3 2114 4 2115 8 2116 2 2117 3 2118 4 2119 8 2120 2 2121 3 2122 4 2123 8 2124 2 2125 3 2126 4 2127 8 2128 2 2129 3 2130 4 2131 8 2132 2 2133 3 2134 4 2135 8 2136 3 2137 4 2138 8 2139 2 2140 3 2141 4 2142 8 2143 2 2144 3 2145 4 2146 8 2147 2 2148 3 2149 4 2150 8 2151 2 2152 3 2153 4 2154 8 2155 3 2156 4 2157 8 2158 3 2159 4 2160 8 2161 4 2162 8 2163 4 2164 8 2165 4 2166 8 2167 3 2168 4 2169 8 2170 4 2171 8 2172 4 2173 8 2174 3 2175 4 2176 8 2177 4 2178 8 2179 3 2180 4 2181 8 2182 4 2183 8 2184 4 2185 8 2186 4 2187 8 2188 4 2189 8 2190 4 2191 8 2192 2 2193 3 2194 4 2195 8 2196 4 2197 7 2198 8 2199 3 2200 4 2201 7 2202 8 2203 4 2204 7 2205 8 2206 4 2207 7 2208 8 2209 4 2210 7 2211 8 2212 4 2213 8 2214 4 2215 7 2216 8 2217 4 2218 8 2219 4 2220 8 2221 4 2222 8 2223 4 2224 8 2225 4 2226 8 2227 4 2228 8 2229 4 2230 8 2231 4 2232 8 2233 4 2234 8 2235 4 2236 8 2237 4 2238 8 2239 4 2240 8 2241 4 2242 8 2243 4 2244 8 2245 4 2246 8 2247 4 2248 8 2249 4 2250 8 2251 4 2252 8 2253 4 2254 8 2255 4 2256 8 2257 13 2258 4 2259 8 2260 13 2261 4 2262 8 2263 13 2264 4 2265 8 2266 13 2267 4 2268 8 2269 13 2270 4 2271 8 2272 13 2273 4 2274 8 2275 13 2276 8 2277 13 2278 8 2279 13 2280 4 2281 8 2282 13 2283 8 2284 13 2285 8 2286 13 2287 4 2288 8 2289 13 2290 8 2291 13 2292 8 2293 13 2294 8 2295 13 2296 8 2297 13 2298 8 2299 13 2300 8 2301 13 2302 13 2303 13 2304 13 2305 13 2306 14 2307 13 2308 14 2309 13 2310 13 2311 14 2312 13 2313 14 2314 13 2315 14 2316 13 2317 14 2318 13 2319 14 2320 13 2321 14 2322 13 2323 14 2324 13 2325 14 2326 13 2327 14 2328 13 2329 14 2330 13 2331 14 2332 13 2333 14 2334 13 2335 14 2336 13 2337 14 2338 13 2339 14 2340 13 2341 14 2342 13 2343 14 2344 13 2345 14 2346 13 2347 14 2348 13 2349 14 2350 13 2351 14 2352 13 2353 14 2354 13 2355 13 2356 13 2357 14 2358 13 2359 14 2360 13 2361 13 2362 13 2363 14 2364 13 2365 14 2366 15 2367 13 2368 14 2369 13 2370 14 2371 15 2372 13 2373 14 2374 15 2375 13 2376 14 2377 15 2378 13 2379 14 2380 15 2381 13 2382 14 2383 15 2384 14 2385 15 2386 13 2387 14 2388 15 2389 13 2390 14 2391 15 2392 13 2393 14 2394 13 2395 14 2396 14 2397 15 2398 14 2399 15 2400 14 2401 15 2402 14 2403 15 2404 14 2405 15 2406 13 2407 14 2408 15 2409 13 2410 14 2411 13 2412 14 2413 13 2414 14 2415 13 2416 14 2417 13 2418 14 2419 13 2420 14 2421 13 2422 14 2423 15 2424 13 2425 14 2426 13 2427 14 2428 14 2429 14 2430 14 2431 14 2432 14 2433 8 2434 13 2435 4 2436 8 2437 13 2438 4 2439 8 2440 13 2441 8 2442 13 2443 8 2444 13 2445 4 2446 8 2447 13 2448 4 2449 8 2450 13 2451 8 2452 13 2453 4 2454 8 2455 13 2456 8 2457 13 2458 8 2459 13 2460 8 2461 13 2462 8 2463 13 2464 8 2465 13 2466 8 2467 13 2468 8 2469 13 2470 8 2471 13 2472 8 2473 13 2474 8 2475 13 2476 8 2477 13 2478 8 2479 13 2480 8 2481 13 2482 4 2483 8 2484 13 2485 8 2486 13 2487 8 2488 13 2489 8 2490 13 2491 8 2492 13 2493 8 2494 13 2495 8 2496 13 2497 4 2498 8 2499 13 2500 4 2501 8 2502 13 2503 4 2504 8 2505 13 2506 4 2507 8 2508 13 2509 4 2510 8 2511 13 2512 8 2513 13 2514 8 2515 13 2516 8 2517 13 2518 4 2519 8 2520 13 2521 13 2522 14 2523 13 2524 8 2525 13 2526 8 2527 13 2528 8 2529 13 2530 8 2531 13 2532 13 2533 14 2534 15 2535 14 2536 15 2537 14 2538 15 2539 13 2540 14 2541 14 2542 15 2543 14 2544 15 2545 13 2546 14 2547 15 2548 14 2549 15 2550 14 2551 15 2552 14 2553 15 2554 14 2555 15 2556 14 2557 15 2558 15 2559 15 2560 15 2561 15 2562 14 2563 15 2564 14 2565 15 2566 14 2567 15 2568 15 2569 14 2570 15 2571 14 2572 15 2573 15 2574 14 2575 15 2576 14 2577 15 2578 14 2579 15 2580 14 2581 14 2582 14 2583 14 2584 14 2585 13 2586 14 2587 13 2588 14 2589 14 2590 15 2591 14 2592 15 2593 14 2594 15 2595 14 2596 15 2597 14 2598 15 2599 14 2600 15 2601 15 2602 15 2603 8 2604 13 2605 8 2606 13 2607 14 2608 2 2609 6 2610 10 2611 2 2612 6 2613 10 2614 2 2615 6 2616 10 2617 2 2618 6 2619 10 2620 2 2621 6 2622 9 2623 10 2624 1 2625 2 2626 6 2627 9 2628 2 2629 6 2630 2 2631 6 2632 1 2633 2 2634 6 2635 2 2636 6 2637 9 2638 10 2639 1 2640 2 2641 6 2642 9 2643 2 2644 6 2645 9 2646 10 2647 1 2648 2 2649 6 2650 9 2651 2 2652 6 2653 9 2654 10 2655 1 2656 2 2657 6 2658 9 2659 2 2660 6 2661 9 2662 10 2663 1 2664 2 2665 6 2666 9 2667 2 2668 6 2669 9 2670 10 2671 2 2672 6 2673 9 2674 10 2675 0 2676 2 2677 6 2678 9 2679 2 2680 6 2681 9 2682 10 2683 2 2684 6 2685 9 2686 10 2687 2 2688 6 2689 9 2690 10 2691 2 2692 6 2693 9 2694 10 2695 6 2696 9 2697 10 2698 6 2699 9 2700 10 2701 9 2702 9 2703 9 2704 9 2705 10 2706 9 2707 10 2708 9 2709 10 2710 16 2711 6 2712 9 2713 10 2714 9 2715 10 2716 16 2717 9 2718 10 2719 16 2720 9 2721 2 2722 6 2723 9 2724 10 2725 6 2726 9 2727 10 2728 16 2729 9 2730 10 2731 16 2732 9 2733 10 2734 16 2735 9 2736 10 2737 16 2738 9 2739 10 2740 16 2741 6 2742 9 2743 10 2744 16 2745 6 2746 9 2747 10 2748 6 2749 9 2750 10 2751 16 2752 9 2753 10 2754 16 2755 9 2756 10 2757 16 2758 9 2759 10 2760 16 2761 9 2762 10 2763 16 2764 6 2765 9 2766 10 2767 16 2768 9 2769 10 2770 16 2771 9 2772 10 2773 16 2774 6 2775 9 2776 10 2777 16 2778 2 2779 6 2780 9 2781 10 2782 2 2783 6 2784 9 2785 10 2786 2 2787 6 2788 9 2789 10 2790 2 2791 6 2792 9 2793 10 2794 2 2795 6 2796 9 2797 10 2798 2 2799 6 2800 9 2801 10 2802 2 2803 6 2804 9 2805 10 2806 2 2807 6 2808 9 2809 10 2810 2 2811 6 2812 9 2813 10 2814 2 2815 6 2816 9 2817 10 2818 6 2819 9 2820 10 2821 16 2822 9 2823 10 2824 16 2825 9 2826 10 2827 16 2828 9 2829 10 2830 16 2831 9 2832 10 2833 16 2834 10 2835 16 2836 2 2837 6 2838 10 2839 16 2840 10 2841 16 2842 2 2843 6 2844 10 2845 16 2846 2 2847 6 2848 10 2849 2 2850 6 2851 10 2852 10 2853 16 2854 10 2855 16 2856 2 2857 6 2858 10 2859 2 2860 6 2861 10 2862 2 2863 6 2864 9 2865 10 2866 9 2867 10 2868 16 2869 9 2870 10 2871 16 2872 9 2873 10 2874 16 2875 9 2876 10 2877 16 2878 9 2879 10 2880 16 2881 6 2882 9 2883 10 2884 16 2885 9 2886 10 2887 16 2888 9 2889 10 2890 16 2891 9 2892 10 2893 16 2894 9 2895 10 2896 16 2897 9 2898 10 2899 16 2900 9 2901 10 2902 16 2903 9 2904 10 2905 16 2906 10 2907 16 2908 9 2909 10 2910 16 2911 9 2912 10 2913 16 2914 9 2915 10 2916 16 2917 16 2918 16 2919 10 2920 16 2921 10 2922 16 2923 10 2924 16 2925 9 2926 10 2927 16 2928 10 2929 16 2930 10 2931 16 2932 10 2933 16 2934 10 2935 16 2936 10 2937 16 2938 10 2939 16 2940 10 2941 16 2942 9 2943 10 2944 16 2945 9 2946 10 2947 16 2948 10 2949 16 2950 10 2951 16 2952 10 2953 16 2954 10 2955 16 2956 10 2957 16 2958 10 2959 16 2960 10 2961 16 2962 10 2963 16 2964 10 2965 16 2966 10 2967 16 2968 10 2969 16 2970 10 2971 16 2972 10 2973 16 2974 10 2975 16 2976 10 2977 16 2978 10 2979 16 2980 10 2981 16 2982 10 2983 16 2984 10 2985 16 2986 10 2987 16 2988 10 2989 16 2990 10 2991 16 2992 10 2993 16 2994 10 2995 16 2996 10 2997 16 2998 10 2999 16 3000 10 3001 16 3002 10 3003 16 3004 10 3005 16 3006 10 3007 16 3008 10 3009 16 3010 10 3011 16 3012 10 3013 16 3014 10 3015 16 3016 9 3017 10 3018 16 3019 9 3020 10 3021 16 3022 10 3023 16 3024 10 3025 16 3026 10 3027 16 3028 10 3029 16 3030 9 3031 10 3032 16 3033 9 3034 10 3035 16 3036 9 3037 10 3038 16 3039 9 3040 10 3041 16 3042 10 3043 16 3044 10 3045 16 3046 10 3047 16 3048 10 3049 16 3050 10 3051 16 3052 10 3053 16 3054 10 3055 16 3056 10 3057 16 3058 10 3059 16 3060 10 3061 16 3062 10 3063 16 3064 10 3065 16 3066 10 3067 16 3068 10 3069 16 3070 10 3071 16 3072 10 3073 16 3074 10 3075 16 3076 10 3077 16 3078 10 3079 16 3080 10 3081 16 3082 10 3083 16 3084 10 3085 16 3086 10 3087 16 3088 10 3089 16 3090 10 3091 16 3092 10 3093 16 3094 10 3095 16 3096 10 3097 16 3098 10 3099 16 3100 10 3101 16 3102 10 3103 16 3104 10 3105 16 3106 10 3107 16 3108 10 3109 16 3110 10 3111 16 3112 10 3113 16 3114 9 3115 10 3116 16 3117 9 3118 10 3119 16 3120 9 3121 10 3122 16 3123 9 3124 10 3125 16 3126 9 3127 10 3128 16 3129 9 3130 10 3131 16 3132 9 3133 10 3134 16 3135 9 3136 10 3137 16 3138 9 3139 10 3140 16 3141 9 3142 10 3143 16 3144 9 3145 10 3146 16 3147 9 3148 10 3149 16 3150 9 3151 10 3152 16 3153 6 3154 9 3155 10 3156 16 3157 9 3158 10 3159 16 3160 9 3161 10 3162 16 3163 9 3164 10 3165 16 3166 9 3167 10 3168 16 3169 9 3170 10 3171 16 3172 9 3173 10 3174 16 3175 9 3176 10 3177 16 3178 9 3179 10 3180 16 3181 9 3182 10 3183 16 3184 16 3185 10 3186 16 3187 10 3188 16 3189 9 3190 10 3191 16 3192 10 3193 16 3194 10 3195 16 3196 10 3197 16 3198 10 3199 16 3200 10 3201 16 3202 10 3203 16 3204 9 3205 10 3206 16 3207 9 3208 10 3209 16 3210 9 3211 10 3212 16 3213 9 3214 10 3215 16 3216 9 3217 10 3218 16 3219 9 3220 10 3221 16 3222 9 3223 10 3224 16 3225 9 3226 10 3227 16 3228 9 3229 10 3230 16 3231 9 3232 10 3233 16 3234 9 3235 10 3236 16 3237 9 3238 10 3239 6 3240 9 3241 10 3242 9 3243 9 3244 10 3245 16 3246 9 3247 10 3248 16 3249 9 3250 10 3251 16 3252 9 3253 10 3254 16 3255 6 3256 9 3257 10 3258 9 3259 10 3260 9 3261 10 3262 9 3263 10 3264 16 3265 6 3266 9 3267 10 3268 6 3269 9 3270 10 3271 9 3272 9 3273 10 3274 9 3275 10 3276 9 3277 9 3278 10 3279 9 3280 10 3281 16 3282 6 3283 9 3284 10 3285 9 3286 10 3287 16 3288 9 3289 10 3290 16 3291 6 3292 9 3293 10 3294 2 3295 6 3296 9 3297 10 3298 2 3299 6 3300 9 3301 10 3302 2 3303 6 3304 9 3305 10 3306 6 3307 9 3308 10 3309 16 3310 9 3311 10 3312 16 3313 9 3314 10 3315 16 3316 9 3317 10 3318 16 3319 9 3320 10 3321 16 3322 6 3323 9 3324 10 3325 16 3326 6 3327 9 3328 10 3329 16 3330 9 3331 10 3332 16 3333 9 3334 10 3335 16 3336 9 3337 10 3338 16 3339 9 3340 10 3341 16 3342 6 3343 9 3344 10 3345 16 3346 9 3347 10 3348 16 3349 9 3350 10 3351 16 3352 6 3353 9 3354 10 3355 16 3356 2 3357 6 3358 9 3359 10 3360 2 3361 6 3362 9 3363 10 3364 2 3365 6 3366 9 3367 10 3368 2 3369 6 3370 9 3371 10 3372 2 3373 6 3374 9 3375 10 3376 2 3377 6 3378 9 3379 10 3380 2 3381 6 3382 9 3383 10 3384 6 3385 9 3386 10 3387 2 3388 6 3389 9 3390 10 3391 0 3392 2 3393 6 3394 9 3395 2 3396 6 3397 9 3398 10 3399 0 3400 2 3401 6 3402 9 3403 2 3404 6 3405 9 3406 10 3407 0 3408 2 3409 6 3410 9 3411 2 3412 6 3413 9 3414 10 3415 0 3416 2 3417 6 3418 9 3419 2 3420 6 3421 9 3422 10 3423 0 3424 2 3425 6 3426 9 3427 0 3428 2 3429 6 3430 2 3431 6 3432 2 3433 6 3434 10 3435 2 3436 6 3437 9 3438 10 3439 2 3440 6 3441 10 3442 2 3443 6 3444 10 3445 2 3446 6 3447 10 3448 2 3449 6 3450 0 3451 2 3452 6 3453 0 3454 2 3455 6 3456 0 3457 2 3458 6 3459 0 3460 1 3461 2 3462 6 3463 0 3464 1 3465 2 3466 6 3467 2 3468 6 3469 10 3470 2 3471 6 3472 9 3473 10 3474 2 3475 6 3476 10 3477 2 3478 6 3479 10 3480 2 3481 6 3482 10 3483 16 3484 2 3485 6 3486 10 3487 16 3488 10 3489 16 3490 10 3491 16 3492 10 3493 16 3494 10 3495 16 3496 2 3497 6 3498 9 3499 10 3500 9 3501 10 3502 16 3503 6 3504 9 3505 10 3506 16 3507 9 3508 10 3509 16 3510 9 3511 10 3512 16 3513 9 3514 10 3515 16 3516 2 3517 6 3518 9 3519 10 3520 2 3521 6 3522 9 3523 10 3524 9 3525 10 3526 16 3527 9 3528 10 3529 16 3530 9 3531 10 3532 16 3533 9 3534 10 3535 16 3536 9 3537 10 3538 16 3539 9 3540 10 3541 16 3542 10 3543 16 3544 9 3545 10 3546 16 3547 10 3548 16 3549 9 3550 10 3551 16 3552 9 3553 10 3554 16 3555 9 3556 10 3557 16 3558 9 3559 10 3560 16 3561 9 3562 10 3563 16 3564 9 3565 10 3566 16 3567 9 3568 10 3569 16 3570 9 3571 10 3572 16 3573 9 3574 10 3575 16 3576 9 3577 10 3578 16 3579 9 3580 10 3581 9 3582 10 3583 9 3584 10 3585 9 3586 10 3587 9 3588 6 3589 9 3590 10 3591 6 3592 9 3593 10 3594 9 3595 10 3596 16 3597 9 3598 10 3599 16 3600 9 3601 10 3602 16 3603 9 3604 10 3605 16 3606 9 3607 10 3608 16 3609 9 3610 10 3611 16 3612 9 3613 10 3614 16 3615 6 3616 9 3617 10 3618 9 3619 10 3620 9 3621 10 3622 9 3623 10 3624 16 3625 9 3626 10 3627 16 3628 9 3629 10 3630 16 3631 9 3632 10 3633 16 3634 9 3635 10 3636 16 3637 9 3638 10 3639 16 3640 9 3641 10 3642 16 3643 6 3644 9 3645 10 3646 16 3647 9 3648 10 3649 16 3650 9 3651 10 3652 16 3653 9 3654 10 3655 16 3656 9 3657 10 3658 16 3659 9 3660 10 3661 16 3662 9 3663 10 3664 16 3665 9 3666 10 3667 16 3668 9 3669 10 3670 16 3671 9 3672 10 3673 16 3674 9 3675 10 3676 16 3677 9 3678 10 3679 16 3680 9 3681 10 3682 16 3683 9 3684 10 3685 16 3686 9 3687 10 3688 16 3689 9 3690 10 3691 16 3692 6 3693 9 3694 10 3695 16 3696 9 3697 10 3698 16 3699 9 3700 10 3701 16 3702 9 3703 10 3704 16 3705 9 3706 10 3707 16 3708 9 3709 10 3710 16 3711 10 3712 16 3713 10 3714 16 3715 10 3716 16 3717 10 3718 16 3719 10 3720 16 3721 10 3722 16 3723 10 3724 16 3725 10 3726 16 3727 10 3728 16 3729 10 3730 16 3731 10 3732 16 3733 10 3734 16 3735 10 3736 16 3737 10 3738 16 3739 10 3740 16 3741 10 3742 16 3743 10 3744 16 3745 10 3746 16 3747 10 3748 16 3749 10 3750 16 3751 10 3752 16 3753 10 3754 16 3755 10 3756 16 3757 10 3758 16 3759 10 3760 16 3761 10 3762 16 3763 10 3764 16 3765 10 3766 16 3767 10 3768 16 3769 10 3770 16 3771 10 3772 16 3773 10 3774 16 3775 10 3776 16 3777 10 3778 16 3779 10 3780 16 3781 10 3782 16 3783 10 3784 16 3785 10 3786 16 3787 10 3788 16 3789 10 3790 16 3791 10 3792 16 3793 10 3794 16 3795 10 3796 16 3797 10 3798 16 3799 10 3800 16 3801 10 3802 16 3803 10 3804 16 3805 10 3806 16 3807 10 3808 16 3809 10 3810 16 3811 10 3812 16 3813 10 3814 16 3815 10 3816 16 3817 10 3818 16 3819 10 3820 16 3821 10 3822 16 3823 10 3824 16 3825 9 3826 10 3827 16 3828 9 3829 10 3830 16 3831 9 3832 10 3833 16 3834 9 3835 10 3836 16 3837 9 3838 10 3839 16 3840 9 3841 10 3842 16 3843 9 3844 10 3845 16 3846 9 3847 10 3848 16 3849 9 3850 10 3851 16 3852 9 3853 10 3854 16 3855 9 3856 10 3857 16 3858 9 3859 10 3860 16 3861 9 3862 10 3863 16 3864 9 3865 10 3866 16 3867 9 3868 10 3869 16 3870 9 3871 10 3872 16 3873 9 3874 10 3875 9 3876 10 3877 6 3878 9 3879 10 3880 2 3881 6 3882 10 3883 10 3884 16 3885 10 3886 16 3887 10 3888 16 3889 10 3890 16 3891 10 3892 16 3893 10 3894 16 3895 10 3896 16 3897 10 3898 16 3899 10 3900 16 3901 10 3902 16 3903 10 3904 16 3905 10 3906 16 3907 10 3908 16 3909 10 3910 16 3911 10 3912 16 3913 10 3914 16 3915 10 3916 16 3917 10 3918 16 3919 10 3920 16 3921 10 3922 16 3923 10 3924 16 3925 10 3926 16 3927 10 3928 16 3929 10 3930 16 3931 10 3932 16 3933 10 3934 16 3935 10 3936 16 3937 10 3938 16 3939 10 3940 16 3941 10 3942 16 3943 10 3944 16 3945 10 3946 16 3947 10 3948 16 3949 10 3950 16 3951 10 3952 16 3953 10 3954 16 3955 10 3956 16 3957 10 3958 16 3959 10 3960 16 3961 10 3962 16 3963 10 3964 16 3965 10 3966 16 3967 10 3968 16 3969 10 3970 16 3971 10 3972 16 3973 10 3974 16 3975 10 3976 16 3977 10 3978 16 3979 10 3980 16 3981 10 3982 16 3983 10 3984 16 3985 10 3986 16 3987 10 3988 16 3989 10 3990 16 3991 10 3992 16 3993 10 3994 16 3995 10 3996 16 3997 0 3998 2 3999 6 4000 0 4001 2 4002 6 4003 0 4004 2 4005 6 4006 0 4007 2 4008 6 4009 0 4010 2 4011 6 4012 0 4013 2 4014 6 4015 0 4016 2 4017 6 4018 0 4019 1 4020 2 4021 6 4022 0 4023 2 4024 6 4025 9 4026 0 4027 1 4028 2 4029 6 4030 0 4031 1 4032 2 4033 6 4034 1 4035 2 4036 6 4037 9 4038 0 4039 1 4040 2 4041 6 4042 1 4043 2 4044 6 4045 1 4046 2 4047 6 4048 1 4049 2 4050 6 4051 1 4052 2 4053 6 4054 1 4055 2 4056 6 4057 1 4058 2 4059 6 4060 1 4061 2 4062 6 4063 1 4064 2 4065 6 4066 1 4067 2 4068 6 4069 1 4070 2 4071 6 4072 0 4073 1 4074 2 4075 6 4076 17 4077 18 4078 17 4079 18 4080 19 4081 17 4082 18 4083 17 4084 18 4085 19 4086 17 4087 18 4088 17 4089 18 4090 19 4091 17 4092 18 4093 17 4094 18 4095 19 4096 17 4097 18 4098 19 4099 17 4100 19 4101 17 4102 19 4103 17 4104 19 4105 17 4106 19 4107 17 4108 19 4109 17 4110 18 4111 19 4112 17 4113 19 4114 17 4115 18 4116 19 4117 17 4118 18 4119 17 4120 19 4121 17 4122 19 4123 17 4124 19 4125 17 4126 19 4127 17 4128 19 4129 17 4130 19 4131 17 4132 19 4133 17 4134 19 4135 17 4136 19 4137 17 4138 19 4139 19 4140 19 4141 17 4142 19 4143 19 4144 17 4145 19 4146 19 4147 17 4148 19 4149 19 4150 17 4151 19 4152 19 4153 19 4154 17 4155 19 4156 19 4157 19 4158 19 4159 19 4160 19 4161 19 4162 19 4163 19 4164 19 4165 19 4166 17 4167 18 4168 17 4169 18 4170 19 4171 17 4172 18 4173 19 4174 17 4175 18 4176 17 4177 18 4178 17 4179 18 4180 19 4181 17 4182 18 4183 17 4184 18 4185 19 4186 17 4187 18 4188 19 4189 17 4190 19 4191 17 4192 19 4193 17 4194 19 4195 17 4196 19 4197 17 4198 19 4199 17 4200 19 4201 17 4202 18 4203 19 4204 17 4205 18 4206 19 4207 17 4208 18 4209 17 4210 19 4211 17 4212 19 4213 17 4214 19 4215 17 4216 19 4217 17 4218 19 4219 17 4220 19 4221 17 4222 19 4223 17 4224 19 4225 17 4226 19 4227 17 4228 19 4229 19 4230 19 4231 17 4232 19 4233 19 4234 17 4235 19 4236 19 4237 19 4238 17 4239 19 4240 19 4241 17 4242 19 4243 17 4244 19 4245 19 4246 19 4247 19 4248 19 4249 19 4250 19 4251 19 4252 19 4253 19 4254 19 4255 19 4256 17 4257 18 4258 17 4259 18 4260 19 4261 17 4262 18 4263 17 4264 18 4265 19 4266 17 4267 18 4268 17 4269 18 4270 19 4271 17 4272 18 4273 17 4274 19 4275 17 4276 19 4277 17 4278 19 4279 17 4280 19 4281 17 4282 19 4283 17 4284 18 4285 19 4286 17 4287 18 4288 19 4289 17 4290 19 4291 17 4292 18 4293 19 4294 17 4295 18 4296 17 4297 19 4298 17 4299 19 4300 17 4301 19 4302 17 4303 19 4304 17 4305 19 4306 17 4307 19 4308 17 4309 19 4310 17 4311 19 4312 17 4313 19 4314 17 4315 19 4316 19 4317 19 4318 17 4319 19 4320 19 4321 17 4322 19 4323 19 4324 17 4325 19 4326 19 4327 19 4328 17 4329 19 4330 19 4331 17 4332 19 4333 19 4334 19 4335 19 4336 19 4337 19 4338 19 4339 19 4340 19 4341 19 4342 19 4343 17 4344 18 4345 17 4346 18 4347 19 4348 17 4349 18 4350 19 4351 17 4352 18 4353 17 4354 18 4355 20 4356 17 4357 18 4358 17 4359 18 4360 20 4361 17 4362 18 4363 17 4364 18 4365 17 4366 18 4367 17 4368 18 4369 17 4370 18 4371 17 4372 18 4373 17 4374 18 4375 20 4376 17 4377 18 4378 20 4379 17 4380 18 4381 20 4382 17 4383 18 4384 20 4385 17 4386 18 4387 20 4388 17 4389 18 4390 17 4391 18 4392 17 4393 18 4394 17 4395 18 4396 17 4397 18 4398 20 4399 17 4400 18 4401 20 4402 12 4403 18 4404 12 4405 18 4406 20 4407 12 4408 18 4409 12 4410 18 4411 20 4412 12 4413 18 4414 20 4415 12 4416 18 4417 20 4418 12 4419 18 4420 20 4421 12 4422 18 4423 12 4424 18 4425 12 4426 18 4427 12 4428 18 4429 12 4430 18 4431 12 4432 18 4433 12 4434 18 4435 12 4436 18 4437 12 4438 18 4439 12 4440 17 4441 18 4442 20 4443 12 4444 18 4445 20 4446 12 4447 18 4448 12 4449 18 4450 20 4451 12 4452 18 4453 20 4454 12 4455 18 4456 20 4457 12 4458 17 4459 18 4460 20 4461 17 4462 18 4463 20 4464 17 4465 18 4466 20 4467 12 4468 18 4469 20 4470 12 4471 18 4472 20 4473 17 4474 18 4475 20 4476 12 4477 18 4478 20 4479 12 4480 18 4481 20 4482 12 4483 18 4484 20 4485 12 4486 18 4487 20 4488 12 4489 18 4490 20 4491 18 4492 20 4493 12 4494 18 4495 20 4496 12 4497 18 4498 20 4499 12 4500 18 4501 20 4502 18 4503 20 4504 12 4505 18 4506 20 4507 17 4508 18 4509 20 4510 17 4511 18 4512 20 4513 17 4514 18 4515 20 4516 17 4517 18 4518 20 4519 17 4520 18 4521 17 4522 18 4523 19 4524 17 4525 18 4526 19 4527 17 4528 18 4529 19 4530 17 4531 18 4532 19 4533 17 4534 18 4535 17 4536 18 4537 17 4538 18 4539 19 4540 17 4541 18 4542 17 4543 18 4544 17 4545 18 4546 17 4547 18 4548 17 4549 18 4550 17 4551 18 4552 17 4553 18 4554 17 4555 18 4556 17 4557 18 4558 17 4559 18 4560 17 4561 18 4562 17 4563 18 4564 19 4565 17 4566 18 4567 17 4568 18 4569 17 4570 18 4571 17 4572 18 4573 17 4574 18 4575 17 4576 18 4577 17 4578 18 4579 17 4580 18 4581 17 4582 18 4583 20 4584 17 4585 18 4586 20 4587 18 4588 20 4589 18 4590 20 4591 18 4592 20 4593 17 4594 18 4595 17 4596 18 4597 12 4598 18 4599 20 4600 12 4601 18 4602 20 4603 12 4604 18 4605 20 4606 12 4607 12 4608 12 4609 12 4610 18 4611 12 4612 12 4613 18 4614 12 4615 12 4616 18 4617 12 4618 12 4619 18 4620 20 4621 12 4622 12 4623 18 4624 20 4625 12 4626 18 4627 20 4628 12 4629 12 4630 18 4631 20 4632 12 4633 18 4634 20 4635 21 4636 18 4637 20 4638 18 4639 20 4640 18 4641 20 4642 21 4643 18 4644 20 4645 21 4646 18 4647 20 4648 18 4649 20 4650 18 4651 20 4652 18 4653 20 4654 18 4655 20 4656 21 4657 17 4658 18 4659 20 4660 18 4661 20 4662 18 4663 20 4664 21 4665 12 4666 18 4667 20 4668 18 4669 20 4670 18 4671 20 4672 21 4673 20 4674 21 4675 20 4676 21 4677 20 4678 21 4679 20 4680 21 4681 20 4682 21 4683 20 4684 21 4685 20 4686 21 4687 20 4688 21 4689 20 4690 21 4691 20 4692 21 4693 20 4694 21 4695 20 4696 21 4697 20 4698 21 4699 20 4700 21 4701 20 4702 21 4703 20 4704 21 4705 21 4706 21 4707 21 4708 20 4709 21 4710 20 4711 21 4712 21 4713 21 4714 20 4715 21 4716 21 4717 20 4718 21 4719 20 4720 21 4721 21 4722 21 4723 21 4724 21 4725 21 4726 21 4727 21 4728 21 4729 21 4730 21 4731 21 4732 18 4733 20 4734 17 4735 18 4736 17 4737 18 4738 17 4739 18 4740 17 4741 18 4742 17 4743 18 4744 19 4745 17 4746 18 4747 17 4748 18 4749 19 4750 17 4751 18 4752 17 4753 18 4754 19 4755 17 4756 18 4757 17 4758 18 4759 19 4760 17 4761 18 4762 19 4763 17 4764 19 4765 17 4766 19 4767 17 4768 19 4769 17 4770 19 4771 17 4772 19 4773 17 4774 19 4775 17 4776 18 4777 19 4778 17 4779 18 4780 19 4781 17 4782 19 4783 17 4784 19 4785 17 4786 19 4787 17 4788 19 4789 17 4790 19 4791 17 4792 19 4793 17 4794 19 4795 17 4796 19 4797 17 4798 19 4799 17 4800 19 4801 19 4802 19 4803 17 4804 19 4805 19 4806 17 4807 19 4808 19 4809 17 4810 19 4811 19 4812 19 4813 17 4814 19 4815 19 4816 17 4817 19 4818 19 4819 19 4820 19 4821 19 4822 19 4823 19 4824 19 4825 19 4826 19 4827 19 4828 17 4829 18 4830 2 4831 3 4832 4 4833 8 4834 3 4835 4 4836 7 4837 8 4838 2 4839 3 4840 4 4841 8 4842 2 4843 3 4844 4 4845 8 4846 2 4847 3 4848 4 4849 7 4850 2 4851 3 4852 4 4853 7 4854 3 4855 4 4856 7 4857 8 4858 2 4859 3 4860 4 4861 8 4862 2 4863 3 4864 4 4865 8 4866 2 4867 3 4868 4 4869 8 4870 2 4871 3 4872 4 4873 7 4874 2 4875 3 4876 4 4877 7 4878 3 4879 4 4880 7 4881 8 4882 2 4883 3 4884 4 4885 8 4886 3 4887 4 4888 7 4889 8 4890 2 4891 3 4892 4 4893 8 4894 2 4895 3 4896 4 4897 7 4898 2 4899 3 4900 4 4901 7 4902 2 4903 3 4904 4 4905 7 4906 2 4907 3 4908 4 4909 7 4910 2 4911 3 4912 4 4913 7 4914 2 4915 3 4916 4 4917 7 4918 2 4919 3 4920 4 4921 8 4922 2 4923 3 4924 4 4925 7 4926 2 4927 3 4928 4 4929 8 4930 2 4931 3 4932 4 4933 7 4934 2 4935 3 4936 4 4937 8 4938 2 4939 3 4940 4 4941 8 4942 2 4943 3 4944 4 4945 8 4946 2 4947 3 4948 4 4949 8 4950 2 4951 3 4952 4 4953 8 4954 2 4955 3 4956 4 4957 8 4958 1 4959 2 4960 5 4961 1 4962 2 4963 5 4964 1 4965 2 4966 5 4967 1 4968 2 4969 5 4970 1 4971 2 4972 5 4973 1 4974 2 4975 5 4976 1 4977 2 4978 5 4979 6 4980 1 4981 2 4982 5 4983 1 4984 2 4985 5 4986 1 4987 2 4988 5 4989 1 4990 2 4991 5 4992 1 4993 2 4994 5 4995 1 4996 2 4997 5 4998 1 4999 2 5000 5 5001 6 5002 1 5003 2 5004 5 5005 1 5006 2 5007 5 5008 1 5009 2 5010 5 5011 1 5012 2 5013 5 5014 1 5015 2 5016 5 5017 1 5018 2 5019 5 5020 1 5021 2 5022 5 5023 1 5024 2 5025 5 5026 1 5027 2 5028 5 5029 1 5030 2 5031 5 5032 1 5033 2 5034 5 5035 1 5036 2 5037 5 5038 1 5039 2 5040 5 5041 1 5042 2 5043 3 5044 5 5045 1 5046 2 5047 3 5048 5 5049 1 5050 2 5051 5 5052 1 5053 2 5054 5 5055 1 5056 2 5057 5 5058 1 5059 2 5060 5 5061 1 5062 2 5063 5 5064 1 5065 2 5066 5 5067 1 5068 2 5069 5 5070 1 5071 2 5072 5 5073 1 5074 2 5075 5 5076 1 5077 2 5078 3 5079 5 5080 1 5081 2 5082 3 5083 5 5084 1 5085 2 5086 3 5087 5 5088 1 5089 2 5090 5 5091 1 5092 2 5093 3 5094 5 5095 1 5096 2 5097 5 5098 1 5099 2 5100 5 5101 6 5102 1 5103 2 5104 5 5105 1 5106 2 5107 3 5108 5 5109 1 5110 2 5111 5 5112 1 5113 2 5114 3 5115 5 5116 1 5117 2 5118 3 5119 5 5120 1 5121 2 5122 3 5123 5 5124 1 5125 2 5126 3 5127 5 5128 1 5129 2 5130 3 5131 5 5132 1 5133 2 5134 3 5135 5 5136 1 5137 2 5138 5 5139 1 5140 2 5141 5 5142 1 5143 2 5144 5 5145 1 5146 2 5147 5 5148 22 5149 5 5150 22 5151 1 5152 2 5153 5 5154 22 5155 1 5156 2 5157 5 5158 1 5159 2 5160 5 5161 1 5162 2 5163 5 5164 22 5165 1 5166 2 5167 5 5168 1 5169 2 5170 5 5171 22 5172 1 5173 2 5174 5 5175 5 5176 22 5177 5 5178 22 5179 5 5180 22 5181 1 5182 2 5183 5 5184 5 5185 22 5186 1 5187 2 5188 5 5189 1 5190 2 5191 5 5192 5 5193 22 5194 1 5195 2 5196 3 5197 5 5198 1 5199 2 5200 5 5201 1 5202 2 5203 3 5204 5 5205 5 5206 22 5207 5 5208 22 5209 5 5210 22 5211 5 5212 22 5213 22 5214 5 5215 22 5216 5 5217 22 5218 5 5219 22 5220 22 5221 5 5222 22 5223 5 5224 22 5225 5 5226 22 5227 5 5228 22 5229 5 5230 22 5231 5 5232 22 5233 22 5234 22 5235 5 5236 22 5237 5 5238 22 5239 5 5240 22 5241 5 5242 22 5243 5 5244 22 5245 5 5246 22 5247 5 5248 22 5249 5 5250 22 5251 5 5252 22 5253 5 5254 22 5255 5 5256 22 5257 5 5258 22 5259 5 5260 22 5261 5 5262 22 5263 5 5264 22 5265 5 5266 22 5267 5 5268 22 5269 1 5270 2 5271 3 5272 5 5273 1 5274 2 5275 3 5276 5 5277 1 5278 2 5279 3 5280 5 5281 1 5282 2 5283 3 5284 5 5285 1 5286 2 5287 3 5288 5 5289 1 5290 2 5291 3 5292 5 5293 5 5294 22 5295 5 5296 22 5297 5 5298 22 5299 5 5300 22 5301 5 5302 22 5303 5 5304 22 5305 5 5306 22 5307 5 5308 22 5309 5 5310 22 5311 5 5312 22 5313 5 5314 22 5315 1 5316 2 5317 5 5318 22 5319 1 5320 2 5321 5 5322 22 5323 5 5324 22 5325 5 5326 22 5327 5 5328 22 5329 1 5330 2 5331 5 5332 22 5333 1 5334 2 5335 5 5336 22 5337 1 5338 2 5339 5 5340 22 5341 1 5342 2 5343 5 5344 22 5345 5 5346 22 5347 1 5348 2 5349 5 5350 22 5351 5 5352 22 5353 5 5354 22 5355 5 5356 22 5357 5 5358 22 5359 5 5360 22 5361 5 5362 22 5363 1 5364 2 5365 5 5366 22 5367 1 5368 2 5369 5 5370 22 5371 5 5372 22 5373 5 5374 22 5375 5 5376 22 5377 5 5378 22 5379 5 5380 22 5381 1 5382 2 5383 5 5384 22 5385 1 5386 2 5387 5 5388 22 5389 1 5390 2 5391 5 5392 22 5393 1 5394 2 5395 5 5396 22 5397 5 5398 22 5399 22 5400 5 5401 22 5402 22 5403 22 5404 22 5405 22 5406 22 5407 5 5408 22 5409 22 5410 5 5411 22 5412 22 5413 5 5414 22 5415 22 5416 5 5417 22 5418 22 5419 5 5420 22 5421 22 5422 22 5423 22 5424 22 5425 22 5426 22 5427 22 5428 22 5429 22 5430 22 5431 22 5432 22 5433 22 5434 22 5435 22 5436 22 5437 22 5438 22 5439 4 5440 7 5441 4 5442 7 5443 4 5444 7 5445 4 5446 7 5447 4 5448 7 5449 4 5450 7 5451 4 5452 7 5453 4 5454 7 5455 4 5456 7 5457 4 5458 7 5459 4 5460 7 5461 4 5462 7 5463 4 5464 7 5465 4 5466 7 5467 4 5468 7 5469 4 5470 7 5471 4 5472 7 5473 4 5474 7 5475 4 5476 7 5477 23 5478 4 5479 7 5480 23 5481 4 5482 7 5483 23 5484 4 5485 7 5486 23 5487 4 5488 7 5489 23 5490 4 5491 7 5492 23 5493 4 5494 7 5495 23 5496 7 5497 23 5498 7 5499 23 5500 4 5501 7 5502 23 5503 7 5504 23 5505 7 5506 23 5507 4 5508 7 5509 23 5510 7 5511 23 5512 7 5513 23 5514 7 5515 23 5516 7 5517 23 5518 7 5519 23 5520 7 5521 23 5522 23 5523 23 5524 23 5525 23 5526 24 5527 23 5528 24 5529 23 5530 23 5531 24 5532 23 5533 24 5534 23 5535 24 5536 23 5537 24 5538 23 5539 24 5540 23 5541 24 5542 23 5543 24 5544 23 5545 24 5546 23 5547 24 5548 23 5549 24 5550 23 5551 24 5552 23 5553 24 5554 23 5555 24 5556 23 5557 24 5558 23 5559 24 5560 23 5561 24 5562 23 5563 24 5564 23 5565 24 5566 23 5567 24 5568 23 5569 24 5570 23 5571 24 5572 23 5573 24 5574 23 5575 23 5576 23 5577 24 5578 23 5579 24 5580 23 5581 23 5582 23 5583 24 5584 23 5585 24 5586 25 5587 23 5588 24 5589 23 5590 24 5591 25 5592 23 5593 24 5594 25 5595 23 5596 24 5597 25 5598 23 5599 24 5600 25 5601 23 5602 24 5603 25 5604 24 5605 25 5606 23 5607 24 5608 25 5609 23 5610 24 5611 25 5612 23 5613 24 5614 23 5615 24 5616 24 5617 25 5618 24 5619 25 5620 24 5621 25 5622 24 5623 25 5624 24 5625 25 5626 23 5627 24 5628 25 5629 23 5630 24 5631 23 5632 24 5633 23 5634 24 5635 23 5636 24 5637 23 5638 24 5639 23 5640 24 5641 23 5642 24 5643 25 5644 23 5645 24 5646 23 5647 24 5648 24 5649 24 5650 24 5651 24 5652 24 5653 7 5654 23 5655 4 5656 7 5657 23 5658 7 5659 23 5660 4 5661 7 5662 23 5663 7 5664 23 5665 4 5666 7 5667 23 5668 4 5669 7 5670 23 5671 7 5672 23 5673 4 5674 7 5675 23 5676 7 5677 23 5678 7 5679 23 5680 7 5681 23 5682 7 5683 23 5684 7 5685 23 5686 7 5687 23 5688 7 5689 23 5690 7 5691 23 5692 7 5693 23 5694 7 5695 23 5696 7 5697 23 5698 7 5699 23 5700 7 5701 23 5702 4 5703 7 5704 23 5705 7 5706 23 5707 7 5708 23 5709 7 5710 23 5711 7 5712 23 5713 7 5714 23 5715 7 5716 23 5717 4 5718 7 5719 23 5720 4 5721 7 5722 23 5723 4 5724 7 5725 23 5726 4 5727 7 5728 23 5729 4 5730 7 5731 23 5732 7 5733 23 5734 4 5735 7 5736 23 5737 7 5738 23 5739 7 5740 23 5741 23 5742 24 5743 23 5744 7 5745 23 5746 7 5747 23 5748 7 5749 23 5750 7 5751 23 5752 23 5753 24 5754 25 5755 24 5756 25 5757 23 5758 24 5759 24 5760 25 5761 24 5762 25 5763 24 5764 25 5765 23 5766 24 5767 25 5768 24 5769 25 5770 24 5771 25 5772 24 5773 25 5774 24 5775 25 5776 24 5777 25 5778 25 5779 25 5780 25 5781 25 5782 24 5783 25 5784 24 5785 25 5786 24 5787 25 5788 25 5789 24 5790 25 5791 24 5792 25 5793 25 5794 24 5795 25 5796 24 5797 25 5798 24 5799 25 5800 24 5801 24 5802 24 5803 24 5804 24 5805 23 5806 24 5807 23 5808 24 5809 24 5810 25 5811 24 5812 25 5813 24 5814 25 5815 24 5816 25 5817 24 5818 25 5819 24 5820 25 5821 25 5822 25 5823 7 5824 23 5825 7 5826 23 5827 24 5828 26 5829 27 5830 26 5831 27 5832 26 5833 27 5834 26 5835 27 5836 26 5837 27 5838 26 5839 27 5840 26 5841 27 5842 26 5843 27 5844 26 5845 27 5846 26 5847 26 5848 26 5849 26 5850 26 5851 26 5852 27 5853 26 5854 26 5855 27 5856 26 5857 27 5858 26 5859 26 5860 26 5861 26 5862 26 5863 26 5864 26 5865 26 5866 26 5867 26 5868 26 5869 26 5870 26 5871 26 5872 26 5873 26 5874 26 5875 26 5876 26 5877 26 5878 26 5879 26 5880 26 5881 26 5882 26 5883 26 5884 26 5885 26 5886 26 5887 26 5888 26 5889 26 5890 26 5891 26 5892 27 5893 26 5894 27 5895 26 5896 27 5897 26 5898 27 5899 26 5900 27 5901 26 5902 27 5903 26 5904 27 5905 26 5906 27 5907 26 5908 27 5909 26 5910 26 5911 26 5912 26 5913 26 5914 26 5915 26 5916 27 5917 26 5918 27 5919 26 5920 27 5921 26 5922 26 5923 26 5924 26 5925 26 5926 26 5927 26 5928 26 5929 26 5930 26 5931 26 5932 26 5933 26 5934 26 5935 26 5936 26 5937 26 5938 26 5939 26 5940 26 5941 26 5942 26 5943 26 5944 26 5945 26 5946 26 5947 26 5948 26 5949 26 5950 26 5951 26 5952 26 5953 26 5954 27 5955 26 5956 27 5957 26 5958 27 5959 26 5960 27 5961 26 5962 27 5963 26 5964 27 5965 26 5966 27 5967 26 5968 26 5969 26 5970 26 5971 26 5972 26 5973 27 5974 26 5975 27 5976 26 5977 26 5978 27 5979 26 5980 27 5981 26 5982 26 5983 26 5984 26 5985 26 5986 26 5987 26 5988 26 5989 26 5990 26 5991 26 5992 26 5993 26 5994 26 5995 26 5996 26 5997 26 5998 26 5999 26 6000 26 6001 26 6002 26 6003 26 6004 26 6005 26 6006 26 6007 26 6008 26 6009 26 6010 26 6011 26 6012 26 6013 26 6014 27 6015 26 6016 27 6017 26 6018 27 6019 26 6020 27 6021 26 6022 27 6023 26 6024 27 6025 26 6026 27 6027 26 6028 27 6029 26 6030 27 6031 26 6032 27 6033 26 6034 27 6035 26 6036 27 6037 26 6038 27 6039 26 6040 27 6041 26 6042 27 6043 26 6044 27 6045 27 6046 26 6047 27 6048 26 6049 27 6050 26 6051 27 6052 26 6053 27 6054 26 6055 27 6056 26 6057 27 6058 27 6059 22 6060 27 6061 27 6062 22 6063 27 6064 22 6065 27 6066 22 6067 27 6068 22 6069 27 6070 27 6071 22 6072 27 6073 22 6074 27 6075 22 6076 27 6077 22 6078 27 6079 22 6080 27 6081 22 6082 27 6083 22 6084 27 6085 22 6086 27 6087 22 6088 27 6089 22 6090 26 6091 27 6092 22 6093 27 6094 22 6095 27 6096 22 6097 27 6098 22 6099 27 6100 22 6101 27 6102 22 6103 26 6104 27 6105 27 6106 27 6107 27 6108 27 6109 27 6110 22 6111 27 6112 27 6113 22 6114 27 6115 22 6116 27 6117 22 6118 27 6119 27 6120 27 6121 22 6122 27 6123 27 6124 27 6125 22 6126 27 6127 27 6128 26 6129 27 6130 26 6131 27 6132 26 6133 27 6134 26 6135 27 6136 26 6137 27 6138 26 6139 27 6140 26 6141 27 6142 27 6143 27 6144 26 6145 27 6146 26 6147 27 6148 26 6149 27 6150 26 6151 27 6152 26 6153 27 6154 26 6155 27 6156 26 6157 27 6158 26 6159 27 6160 26 6161 27 6162 26 6163 27 6164 26 6165 27 6166 26 6167 27 6168 26 6169 27 6170 26 6171 27 6172 26 6173 27 6174 26 6175 27 6176 26 6177 27 6178 26 6179 27 6180 26 6181 27 6182 26 6183 27 6184 26 6185 27 6186 26 6187 27 6188 26 6189 27 6190 26 6191 27 6192 27 6193 27 6194 27 6195 27 6196 26 6197 27 6198 26 6199 27 6200 22 6201 27 6202 22 6203 27 6204 22 6205 27 6206 22 6207 22 6208 22 6209 22 6210 27 6211 22 6212 22 6213 27 6214 22 6215 22 6216 27 6217 22 6218 22 6219 27 6220 22 6221 22 6222 27 6223 22 6224 27 6225 22 6226 22 6227 27 6228 22 6229 27 6230 27 6231 27 6232 27 6233 27 6234 27 6235 27 6236 27 6237 27 6238 27 6239 27 6240 27 6241 27 6242 27 6243 27 6244 27 6245 27 6246 27 6247 27 6248 27 6249 27 6250 27 6251 27 6252 27 6253 27 6254 27 6255 27 6256 27 6257 27 6258 27 6259 27 6260 27 6261 27 6262 27 6263 27 6264 27 6265 27 6266 27 6267 27 6268 27 6269 27 6270 27 6271 27 6272 27 6273 27 6274 27 6275 27 6276 27 6277 27 6278 27 6279 27 6280 27 6281 27 6282 27 6283 26 6284 27 6285 26 6286 27 6287 26 6288 27 6289 26 6290 27 6291 26 6292 27 6293 26 6294 27 6295 26 6296 27 6297 26 6298 27 6299 26 6300 27 6301 26 6302 27 6303 26 6304 27 6305 26 6306 27 6307 26 6308 26 6309 26 6310 26 6311 26 6312 26 6313 26 6314 26 6315 26 6316 26 6317 26 6318 26 6319 26 6320 26 6321 26 6322 26 6323 26 6324 26 6325 26 6326 26 6327 26 6328 26 6329 26 6330 26 6331 26 6332 26 6333 26 6334 26 6335 26 6336 27 6337 26 6338 26 6339 27 6340 26 6341 27 6342 26 6343 26 6344 26 6345 26 6346 26 6347 26 6348 27 6349 26 6350 26 6351 26 6352 26 6353 26 6354 26 6355 2 6356 3 6357 4 6358 7 6359 2 6360 3 6361 4 6362 7 6363 2 6364 3 6365 4 6366 7 6367 2 6368 3 6369 4 6370 7 6371 2 6372 3 6373 4 6374 7 6375 2 6376 3 6377 4 6378 8 6379 2 6380 3 6381 4 6382 8 6383 2 6384 3 6385 4 6386 8 6387 2 6388 3 6389 4 6390 8 6391 2 6392 3 6393 4 6394 8 6395 28 6396 28 6397 28 6398 28 6399 28 6400 28 6401 28 6402 28 6403 28 6404 28 6405 28 6406 28 6407 28 6408 28 6409 28 6410 28 6411 28 6412 28 6413 28 6414 28 6415 28 6416 28 6417 28 6418 28 6419 28 6420 28 6421 28 6422 28 6423 28 6424 28 6425 28 6426 28 6427 28 6428 28 6429 28 6430 28 6431 28 6432 28 6433 28 6434 28 6435 28 6436 28 6437 28 6438 28 6439 28 6440 28 6441 28 6442 28 6443 28 6444 28 6445 28 6446 28 6447 28 6448 28 6449 28 6450 28 6451 28 6452 28 6453 28 6454 28 6455 28 6456 28 6457 28 6458 28 6459 28 6460 28 6461 28 6462 28 6463 28 6464 28 6465 28 6466 28 6467 3 6468 4 6469 7 6470 28 6471 2 6472 3 6473 4 6474 28 6475 2 6476 3 6477 4 6478 28 6479 3 6480 4 6481 7 6482 28 6483 3 6484 4 6485 7 6486 28 6487 2 6488 3 6489 4 6490 28 6491 3 6492 4 6493 7 6494 28 6495 3 6496 4 6497 7 6498 28 6499 3 6500 4 6501 7 6502 28 6503 3 6504 4 6505 7 6506 28 6507 3 6508 4 6509 7 6510 28 6511 3 6512 4 6513 7 6514 28 6515 3 6516 4 6517 7 6518 28 6519 4 6520 7 6521 28 6522 3 6523 4 6524 7 6525 28 6526 3 6527 4 6528 7 6529 28 6530 4 6531 7 6532 28 6533 3 6534 4 6535 7 6536 28 6537 3 6538 4 6539 7 6540 28 6541 4 6542 7 6543 28 6544 3 6545 4 6546 7 6547 28 6548 3 6549 4 6550 7 6551 28 6552 4 6553 7 6554 28 6555 28 6556 28 6557 4 6558 7 6559 28 6560 3 6561 4 6562 7 6563 28 6564 4 6565 7 6566 28 6567 3 6568 4 6569 7 6570 28 6571 3 6572 4 6573 7 6574 28 6575 3 6576 4 6577 7 6578 28 6579 3 6580 4 6581 7 6582 28 6583 3 6584 4 6585 7 6586 28 6587 2 6588 3 6589 4 6590 7 6591 3 6592 4 6593 7 6594 8 6595 3 6596 4 6597 7 6598 28 6599 2 6600 3 6601 4 6602 7 6603 4 6604 7 6605 8 6606 28 6607 3 6608 4 6609 7 6610 8 6611 2 6612 3 6613 4 6614 7 6615 3 6616 4 6617 7 6618 28 6619 3 6620 4 6621 7 6622 28 6623 3 6624 4 6625 7 6626 28 6627 4 6628 7 6629 28 6630 3 6631 4 6632 7 6633 28 6634 4 6635 7 6636 28 6637 3 6638 4 6639 7 6640 28 6641 3 6642 4 6643 7 6644 28 6645 3 6646 4 6647 7 6648 28 6649 4 6650 7 6651 28 6652 28 6653 28 6654 28 6655 2 6656 3 6657 4 6658 28 6659 2 6660 3 6661 4 6662 8 6663 2 6664 3 6665 4 6666 28 6667 2 6668 3 6669 4 6670 8 6671 2 6672 3 6673 4 6674 8 6675 2 6676 3 6677 4 6678 8 6679 2 6680 3 6681 4 6682 8 6683 2 6684 3 6685 4 6686 8 6687 2 6688 3 6689 4 6690 8 6691 2 6692 3 6693 4 6694 8 6695 2 6696 3 6697 4 6698 8 6699 2 6700 3 6701 4 6702 8 6703 29 6704 29 6705 29 6706 29 6707 29 6708 29 6709 29 6710 29 6711 29 6712 29 6713 29 6714 29 6715 29 6716 29 6717 29 6718 29 6719 29 6720 29 6721 29 6722 29 6723 29 6724 29 6725 29 6726 29 6727 29 6728 29 6729 29 6730 29 6731 29 6732 29 6733 29 6734 29 6735 29 6736 29 6737 29 6738 29 6739 29 6740 29 6741 29 6742 29 6743 29 6744 29 6745 29 6746 29 6747 29 6748 29 6749 29 6750 29 6751 29 6752 29 6753 29 6754 29 6755 29 6756 29 6757 29 6758 29 6759 29 6760 29 6761 29 6762 29 6763 29 6764 29 6765 29 6766 29 6767 29 6768 29 6769 29 6770 29 6771 29 6772 29 6773 29 6774 29 6775 29 6776 29 6777 29 6778 29 6779 29 6780 29 6781 29 6782 29 6783 29 6784 29 6785 29 6786 29 6787 29 6788 29 6789 29 6790 29 6791 29 6792 29 6793 29 6794 29 6795 29 6796 29 6797 29 6798 29 6799 29 6800 29 6801 29 6802 29 6803 29 6804 29 6805 29 6806 29 6807 29 6808 29 6809 29 6810 29 6811 29 6812 29 6813 29 6814 29 6815 29 6816 29 6817 29 6818 29 6819 29 6820 29 6821 29 6822 29 6823 29 6824 29 6825 29 6826 29 6827 29 6828 29 6829 29 6830 29 6831 29 6832 29 6833 29 6834 29 6835 29 6836 29 6837 29 6838 29 6839 29 6840 29 6841 29 6842 29 6843 29 6844 29 6845 29 6846 29 6847 29 6848 29 6849 29 6850 29 6851 29 6852 29 6853 29 6854 29 6855 29 6856 29 6857 29 6858 29 6859 29 6860 29 6861 29 6862 29 6863 29 6864 29 6865 29 6866 29 6867 29 6868 29 6869 29 6870 29 6871 29 6872 29 6873 29 6874 29 6875 29 6876 29 6877 29 6878 29 6879 29 6880 29 6881 29 6882 29 6883 29 6884 29 6885 29 6886 29 6887 29 6888 29 6889 29 6890 29 6891 29 6892 29 6893 29 6894 29 6895 29 6896 29 6897 29 6898 29 6899 29 6900 29 6901 29 6902 29 6903 29 6904 29 6905 29 6906 29 6907 29 6908 29 6909 29 6910 29 6911 29 6912 29 6913 29 6914 29 6915 29 6916 29 6917 29 6918 29 6919 29 6920 29 6921 29 6922 29 6923 29 6924 29 6925 29 6926 29 6927 29 6928 29 6929 29 6930 29 6931 29 6932 29 6933 29 6934 29 6935 29 6936 29 6937 29 6938 29 6939 29 6940 29 6941 29 6942 29 6943 29 6944 29 6945 29 6946 29 6947 29 6948 29 6949 29 6950 29 6951 29 6952 29 6953 29 6954 29 6955 29 6956 29 6957 29 6958 29 6959 29 6960 29 6961 29 6962 29 6963 29 6964 29 6965 29 6966 29 6967 29 6968 29 6969 29 6970 29 6971 29 6972 29 6973 29 6974 29 6975 29 6976 29 6977 29 6978 29 6979 29 6980 29 6981 29 6982 29 6983 29 6984 29 6985 29 6986 29 6987 29 6988 29 6989 29 6990 29 6991 29 6992 29 6993 29 6994 29 6995 29 6996 29 6997 29 6998 29 6999 29 7000 29 7001 29 7002 29 7003 29 7004 29 7005 29 7006 29 7007 29 7008 29 7009 29 7010 29 7011 29 7012 29 7013 29 7014 29 7015 29 7016 29 7017 29 7018 29 7019 29 7020 29 7021 29 7022 29 7023 29 7024 29 7025 29 7026 29 7027 29 7028 29 7029 29 7030 29 7031 29 7032 29 7033 29 7034 29 7035 29 7036 29 7037 29 7038 29 7039 29 7040 29 7041 29 7042 29 7043 29 7044 29 7045 29 7046 29 7047 29 7048 29 7049 29 7050 29 7051 29 7052 29 7053 29 7054 29 7055 29 7056 29 7057 29 7058 29 7059 29 7060 29 7061 29 7062 29 7063 29 7064 29 7065 29 7066 29 7067 29 7068 29 7069 29 7070 29 7071 29 7072 29 7073 29 7074 29 7075 29 7076</v>
        </vertex_weights>
      </skin>
    </controller>
    <controller id="Kermit_Space_Hero_Mesh_Goggles-skin" name="Kermit_Space_Hero">
      <skin source="#Mesh_Goggles-mesh">
        <bind_shape_matrix>1 0 0 0 0 1 0 0 0 0 1 0 0 0 0 1</bind_shape_matrix>
        <source id="Kermit_Space_Hero_Mesh_Goggles-skin-joints">
          <Name_array id="Kermit_Space_Hero_Mesh_Goggles-skin-joints-array" count="2">Bip01_Head Bone_1</Name_array>
          <technique_common>
            <accessor source="#Kermit_Space_Hero_Mesh_Goggles-skin-joints-array" count="2" stride="1">
              <param name="JOINT" type="name"/>
            </accessor>
          </technique_common>
        </source>
        <source id="Kermit_Space_Hero_Mesh_Goggles-skin-bind_poses">
          <float_array id="Kermit_Space_Hero_Mesh_Goggles-skin-bind_poses-array" count="32">0 -0.389569 0.9209975 -0.7881785 -6.51181e-7 -0.9209974 -0.3895689 0.3350176 1 -5.84554e-7 -2.89728e-7 1.27416e-6 0 0 0 1 1.26059e-6 -0.9301245 -0.3672444 0.318728 1 7.02711e-7 1.65263e-6 -5.38424e-7 -1.19266e-6 -0.3672446 0.9301246 -0.838209 0 0 0 1</float_array>
          <technique_common>
            <accessor source="#Kermit_Space_Hero_Mesh_Goggles-skin-bind_poses-array" count="2" stride="16">
              <param name="TRANSFORM" type="float4x4"/>
            </accessor>
          </technique_common>
        </source>
        <source id="Kermit_Space_Hero_Mesh_Goggles-skin-weights">
          <float_array id="Kermit_Space_Hero_Mesh_Goggles-skin-weights-array" count="726">0.1999999 0.8 0.1999999 0.8000001 0.1999999 0.8000001 0.1999999 0.8000001 0.1999999 0.8000001 0.1999999 0.8000001 0.1999999 0.8000001 0.1999999 0.8000001 0.1999999 0.8000001 0.1999999 0.8000001 0.1999999 0.8000001 0.1999999 0.8000001 0.1999999 0.8000001 0.1999999 0.8000001 0.1999999 0.8000001 0.1999999 0.8000001 0.25 0.7500001 0.1999999 0.8000001 0.1999999 0.8000001 0.3 0.7000001 0.3480154 0.6519846 0.2999999 0.7000001 0.3328168 0.6671832 0.2890539 0.7109461 0.3185024 0.6814976 0.317887 0.682113 0.265 0.735 0.2650001 0.735 0.2018862 0.7981138 0.1729092 0.8270909 0.145569 0.854431 0.08628821 0.9137119 0.06316167 0.9368383 0.13668 0.8633199 0.08172309 0.9182769 0.1414239 0.8585761 0.16 0.8399999 0.16 0.8399999 0.16 0.8399999 0.16 0.8399999 0.3327453 0.6672547 0.1999999 0.8000001 0.3363968 0.6636031 0.1999999 0.8000001 0.1999999 0.8000001 0.3181221 0.6818779 0.1999999 0.8000001 0.265 0.735 0.2009756 0.7990244 0.1999999 0.8000001 0.1487024 0.8512976 0.1999999 0.8000001 0.129604 0.870396 0.1999999 0.8000001 0.1426084 0.8573915 0.1999999 0.8000001 0.16 0.8399999 0.1999999 0.8 0.16 0.8399999 0.1999999 0.8000001 0.3078728 0.6921272 0.1428571 0.8571428 0.2855679 0.7144322 0.1 0.8999999 0.2128106 0.7871893 0.3087066 0.6912934 1 1 0.2999999 0.7000001 0.2890539 0.7109461 1 0.3 0.7000001 0.25 0.7500001 1 1 1 1 1 1 1 1 1 0.1999999 0.8000001 0.2385239 0.761476 0.1999999 0.8000001 0.16 0.8399999 0.218872 0.7811279 0.1999999 0.8000001 0.2047656 0.7952344 0.1999999 0.8000001 0.265 0.735 0.2499999 0.7500001 0.3 0.7000001 0.2965708 0.7034292 0.3087065 0.6912935 0.1 0.8999999 0.222295 0.777705 1 1 1 1 1 1 1 0.1999999 0.8000001 0.1999999 0.8000001 0.1999999 0.8000001 0.1999999 0.8000001 0.1999999 0.8000001 0.1999999 0.8000001 0.1999999 0.8000001 0.1999999 0.8000001 0.1999999 0.8000001 0.1999999 0.8000001 0.1999999 0.8000001 0.1999999 0.8000001 0.2499999 0.7500001 0.25 0.7500001 0.16 0.8399999 0.16 0.8399999 0.2385239 0.761476 0.16 0.8399999 0.08172309 0.9182769 0.218872 0.7811279 0.06316167 0.9368383 0.08628821 0.9137119 0.2047656 0.7952344 0.1729092 0.8270909 0.2650001 0.735 0.265 0.735 0.3185024 0.6814976 0.2890539 0.7109461 0.3 0.7000001 0.2965708 0.7034292 0.1428571 0.8571428 0.1 0.8999999 0.2855679 0.7144322 1 1 0.3 0.7000001 0.2890539 0.7109461 1 1 1 1 0.222295 0.777705 0.3087066 0.6912934 0.3087065 0.6912935 0.2128106 0.7871893 1 1 0.25 0.7500001 0.2499999 0.7500001 1 1 1 1 0.1999999 0.8000001 0.1999999 0.8000001 0.1999999 0.8 0.1999999 0.8000001 0.1999999 0.8 0.1999999 0.8000001 0.1999999 0.8000001 0.1999999 0.8000001 0.1999999 0.8000001 0.1999999 0.8000001 0.1999999 0.8000001 0.1999999 0.8000001 0.1999999 0.8000001 0.1999999 0.8000001 0.1999999 0.8000001 0.1999999 0.8000001 0.1999999 0.8000001 0.1999999 0.8000001 0.1999999 0.8000001 0.1999999 0.8000001 0.3480154 0.6519846 0.3363968 0.6636031 0.3328168 0.6671832 0.3327453 0.6672547 0.317887 0.682113 0.3181221 0.6818779 0.265 0.735 0.265 0.735 0.2018862 0.7981138 0.2009756 0.7990244 0.145569 0.854431 0.1487024 0.8512976 0.13668 0.8633199 0.129604 0.870396 0.1414239 0.8585761 0.1426084 0.8573915 0.16 0.8399999 0.16 0.8399999 0.16 0.8399999 0.16 0.8399999 0.1999999 0.8 0.1999999 0.8000001 0.1999999 0.8000001 0.1999999 0.8000001 0.1999999 0.8000001 0.1999999 0.8000001 0.1999999 0.8000001 0.1999999 0.8000001 0.1999999 0.8000001 0.1999999 0.8000001 0.1999999 0.8000001 0.1999999 0.8000001 0.1999999 0.8000001 0.1999999 0.8000001 0.1999999 0.8000001 0.1999999 0.8000001 0.25 0.7500001 0.1999999 0.8000001 0.1999999 0.8000001 0.3 0.7000001 0.3480154 0.6519846 0.2999999 0.7000001 0.3328168 0.6671832 0.2890539 0.7109461 0.3185024 0.6814976 0.317887 0.682113 0.265 0.735 0.2650001 0.735 0.2018862 0.7981138 0.1729092 0.8270909 0.145569 0.854431 0.08628821 0.9137119 0.06316167 0.9368383 0.13668 0.8633199 0.08401209 0.915988 0.1435669 0.8564332 0.16 0.8399999 0.16 0.8399999 0.16 0.8399999 0.16 0.8399999 0.3327453 0.6672547 0.1999999 0.8000001 0.3181221 0.6818779 0.1999999 0.8000001 0.1999999 0.8000001 0.3363968 0.6636031 0.1999999 0.8000001 0.265 0.735 0.2009756 0.7990244 0.1999999 0.8000001 0.1487024 0.8512976 0.1999999 0.8000001 0.129604 0.870396 0.1999999 0.8000001 0.1447486 0.8552514 0.1999999 0.8000001 0.16 0.8399999 0.1999999 0.8 0.16 0.8399999 0.1999999 0.8000001 0.2732664 0.7267336 0.2408537 0.7591463 0.2408537 0.7591463 0.2591767 0.7408233 0.2408537 0.7591463 0.274142 0.725858 1 1 0.2999999 0.7000001 0.2890539 0.7109461 1 0.3 0.7000001 0.25 0.7500001 1 1 1 1 1 1 1 1 1 0.1999999 0.8000001 0.1999999 0.8000001 0.2385239 0.761476 0.16 0.8399999 0.218872 0.7811279 0.1999999 0.8000001 0.2047656 0.7952344 0.1999999 0.8000001 0.265 0.735 0.2499999 0.7500001 0.3 0.7000001 0.270586 0.729414 0.2741419 0.7258581 0.2408537 0.7591463 0.3416253 0.6583747 1 1 1 1 1 1 1 0.1999999 0.8000001 0.1999999 0.8000001 0.1999999 0.8000001 0.1999999 0.8000001 0.1999999 0.8000001 0.1999999 0.8000001 0.1999999 0.8000001 0.1999999 0.8000001 0.1999999 0.8000001 0.1999999 0.8000001 0.1999999 0.8000001 0.1999999 0.8000001 0.2499999 0.7500001 0.25 0.7500001 0.16 0.8399999 0.16 0.8399999 0.16 0.8399999 0.2385239 0.761476 0.08401209 0.915988 0.218872 0.7811279 0.06316167 0.9368383 0.08628821 0.9137119 0.2047656 0.7952344 0.1729092 0.8270909 0.2650001 0.735 0.265 0.735 0.3185024 0.6814976 0.2890539 0.7109461 0.3 0.7000001 0.270586 0.729414 0.2408537 0.7591463 0.2591767 0.7408233 0.2408537 0.7591463 1 1 0.3 0.7000001 0.2890539 0.7109461 1 1 1 1 0.3416253 0.6583747 0.274142 0.725858 0.2408537 0.7591463 0.2741419 0.7258581 1 1 0.25 0.7500001 0.2499999 0.7500001 1 1 1 1 0.1999999 0.8000001 0.1999999 0.8000001 0.1999999 0.8000001 0.1999999 0.8 0.1999999 0.8 0.1999999 0.8000001 0.1999999 0.8000001 0.1999999 0.8000001 0.1999999 0.8000001 0.1999999 0.8000001 0.1999999 0.8000001 0.1999999 0.8000001 0.1999999 0.8000001 0.1999999 0.8000001 0.1999999 0.8000001 0.1999999 0.8000001 0.1999999 0.8000001 0.1999999 0.8000001 0.1999999 0.8000001 0.1999999 0.8000001 0.3480154 0.6519846 0.3363968 0.6636031 0.3328168 0.6671832 0.3327453 0.6672547 0.317887 0.682113 0.3181221 0.6818779 0.265 0.735 0.265 0.735 0.2018862 0.7981138 0.2009756 0.7990244 0.145569 0.854431 0.1487024 0.8512976 0.13668 0.8633199 0.129604 0.870396 0.1435669 0.8564332 0.1447486 0.8552514 0.16 0.8399999 0.16 0.8399999 0.16 0.8399999 0.16 0.8399999</float_array>
          <technique_common>
            <accessor source="#Kermit_Space_Hero_Mesh_Goggles-skin-weights-array" count="726" stride="1">
              <param name="WEIGHT" type="float"/>
            </accessor>
          </technique_common>
        </source>
        <joints>
          <input semantic="JOINT" source="#Kermit_Space_Hero_Mesh_Goggles-skin-joints"/>
          <input semantic="INV_BIND_MATRIX" source="#Kermit_Space_Hero_Mesh_Goggles-skin-bind_poses"/>
        </joints>
        <vertex_weights count="394">
          <input semantic="JOINT" source="#Kermit_Space_Hero_Mesh_Goggles-skin-joints" offset="0"/>
          <input semantic="WEIGHT" source="#Kermit_Space_Hero_Mesh_Goggles-skin-weights" offset="1"/>
          <vcount>2 2 2 2 2 2 2 2 2 2 2 2 2 2 2 2 2 2 2 2 2 2 2 2 2 2 2 2 2 2 2 2 2 2 2 2 2 2 2 2 2 2 2 2 2 2 2 2 2 2 2 2 2 2 2 2 2 2 2 2 2 2 2 2 2 2 1 1 2 2 1 2 2 1 1 1 1 1 1 1 1 1 2 2 2 2 2 2 2 2 2 2 2 2 2 2 2 1 1 1 1 1 1 1 2 2 2 2 2 2 2 2 2 2 2 2 2 2 2 2 2 2 2 2 2 2 2 2 2 2 2 2 2 2 2 2 2 1 1 2 2 1 1 1 1 2 2 2 2 1 1 2 2 1 1 1 1 2 2 2 2 2 2 2 2 2 2 2 2 2 2 2 2 2 2 2 2 2 2 2 2 2 2 2 2 2 2 2 2 2 2 2 2 2 2 2 2 2 2 2 2 2 2 2 2 2 2 2 2 2 2 2 2 2 2 2 2 2 2 2 2 2 2 2 2 2 2 2 2 2 2 2 2 2 2 2 2 2 2 2 2 2 2 2 2 2 2 2 2 2 2 2 2 2 2 2 2 2 2 2 2 2 2 1 1 2 2 1 2 2 1 1 1 1 1 1 1 1 1 2 2 2 2 2 2 2 2 2 2 2 2 2 2 2 1 1 1 1 1 1 1 2 2 2 2 2 2 2 2 2 2 2 2 2 2 2 2 2 2 2 2 2 2 2 2 2 2 2 2 2 2 2 2 2 1 1 2 2 1 1 1 1 2 2 2 2 1 1 2 2 1 1 1 1 2 2 2 2 2 2 2 2 2 2 2 2 2 2 2 2 2 2 2 2 2 2 2 2 2 2 2 2 2 2 2 2 2 2 2 2 2 2 2 2 </vcount>
          <v>0 0 1 1 0 2 1 3 0 4 1 5 0 6 1 7 0 8 1 9 0 10 1 11 0 12 1 13 0 14 1 15 0 16 1 17 0 18 1 19 0 20 1 21 0 22 1 23 0 24 1 25 0 26 1 27 0 28 1 29 0 30 1 31 0 32 1 33 0 34 1 35 0 36 1 37 0 38 1 39 0 40 1 41 0 42 1 43 0 44 1 45 0 46 1 47 0 48 1 49 0 50 1 51 0 52 1 53 0 54 1 55 0 56 1 57 0 58 1 59 0 60 1 61 0 62 1 63 0 64 1 65 0 66 1 67 0 68 1 69 0 70 1 71 0 72 1 73 0 74 1 75 0 76 1 77 0 78 1 79 0 80 1 81 0 82 1 83 0 84 1 85 0 86 1 87 0 88 1 89 0 90 1 91 0 92 1 93 0 94 1 95 0 96 1 97 0 98 1 99 0 100 1 101 0 102 1 103 0 104 1 105 0 106 1 107 0 108 1 109 0 110 1 111 0 112 1 113 0 114 1 115 0 116 1 117 0 118 1 119 0 120 1 121 0 122 1 123 0 124 1 125 0 126 1 127 0 128 1 129 0 130 1 131 1 132 1 133 0 134 1 135 0 136 1 137 1 138 0 139 1 140 0 141 1 142 1 143 1 144 1 145 1 146 1 147 1 148 1 149 1 150 1 151 0 152 1 153 0 154 1 155 0 156 1 157 0 158 1 159 0 160 1 161 0 162 1 163 0 164 1 165 0 166 1 167 0 168 1 169 0 170 1 171 0 172 1 173 0 174 1 175 0 176 1 177 0 178 1 179 0 180 1 181 1 182 1 183 1 184 1 185 1 186 1 187 1 188 0 189 1 190 0 191 1 192 0 193 1 194 0 195 1 196 0 197 1 198 0 199 1 200 0 201 1 202 0 203 1 204 0 205 1 206 0 207 1 208 0 209 1 210 0 211 1 212 0 213 1 214 0 215 1 216 0 217 1 218 0 219 1 220 0 221 1 222 0 223 1 224 0 225 1 226 0 227 1 228 0 229 1 230 0 231 1 232 0 233 1 234 0 235 1 236 0 237 1 238 0 239 1 240 0 241 1 242 0 243 1 244 0 245 1 246 0 247 1 248 0 249 1 250 0 251 1 252 0 253 1 254 1 255 1 256 0 257 1 258 0 259 1 260 1 261 1 262 1 263 1 264 0 265 1 266 0 267 1 268 0 269 1 270 0 271 1 272 1 273 1 274 0 275 1 276 0 277 1 278 1 279 1 280 1 281 1 282 0 283 1 284 0 285 1 286 0 287 1 288 0 289 1 290 0 291 1 292 0 293 1 294 0 295 1 296 0 297 1 298 0 299 1 300 0 301 1 302 0 303 1 304 0 305 1 306 0 307 1 308 0 309 1 310 0 311 1 312 0 313 1 314 0 315 1 316 0 317 1 318 0 319 1 320 0 321 1 322 0 323 1 324 0 325 1 326 0 327 1 328 0 329 1 330 0 331 1 332 0 333 1 334 0 335 1 336 0 337 1 338 0 339 1 340 0 341 1 342 0 343 1 344 0 345 1 346 0 347 1 348 0 349 1 350 0 351 1 352 0 353 1 354 0 355 1 356 0 357 1 358 0 359 1 360 0 361 1 362 0 363 1 364 0 365 1 366 0 367 1 368 0 369 1 370 0 371 1 372 0 373 1 374 0 375 1 376 0 377 1 378 0 379 1 380 0 381 1 382 0 383 1 384 0 385 1 386 0 387 1 388 0 389 1 390 0 391 1 392 0 393 1 394 0 395 1 396 0 397 1 398 0 399 1 400 0 401 1 402 0 403 1 404 0 405 1 406 0 407 1 408 0 409 1 410 0 411 1 412 0 413 1 414 0 415 1 416 0 417 1 418 0 419 1 420 0 421 1 422 0 423 1 424 0 425 1 426 0 427 1 428 0 429 1 430 0 431 1 432 0 433 1 434 0 435 1 436 0 437 1 438 0 439 1 440 0 441 1 442 0 443 1 444 0 445 1 446 0 447 1 448 0 449 1 450 0 451 1 452 0 453 1 454 0 455 1 456 0 457 1 458 0 459 1 460 0 461 1 462 0 463 1 464 0 465 1 466 0 467 1 468 0 469 1 470 0 471 1 472 0 473 1 474 0 475 1 476 0 477 1 478 0 479 1 480 0 481 1 482 0 483 1 484 0 485 1 486 0 487 1 488 0 489 1 490 0 491 1 492 0 493 1 494 1 495 1 496 0 497 1 498 0 499 1 500 1 501 0 502 1 503 0 504 1 505 1 506 1 507 1 508 1 509 1 510 1 511 1 512 1 513 1 514 0 515 1 516 0 517 1 518 0 519 1 520 0 521 1 522 0 523 1 524 0 525 1 526 0 527 1 528 0 529 1 530 0 531 1 532 0 533 1 534 0 535 1 536 0 537 1 538 0 539 1 540 0 541 1 542 0 543 1 544 1 545 1 546 1 547 1 548 1 549 1 550 1 551 0 552 1 553 0 554 1 555 0 556 1 557 0 558 1 559 0 560 1 561 0 562 1 563 0 564 1 565 0 566 1 567 0 568 1 569 0 570 1 571 0 572 1 573 0 574 1 575 0 576 1 577 0 578 1 579 0 580 1 581 0 582 1 583 0 584 1 585 0 586 1 587 0 588 1 589 0 590 1 591 0 592 1 593 0 594 1 595 0 596 1 597 0 598 1 599 0 600 1 601 0 602 1 603 0 604 1 605 0 606 1 607 0 608 1 609 0 610 1 611 0 612 1 613 0 614 1 615 0 616 1 617 1 618 1 619 0 620 1 621 0 622 1 623 1 624 1 625 1 626 1 627 0 628 1 629 0 630 1 631 0 632 1 633 0 634 1 635 1 636 1 637 0 638 1 639 0 640 1 641 1 642 1 643 1 644 1 645 0 646 1 647 0 648 1 649 0 650 1 651 0 652 1 653 0 654 1 655 0 656 1 657 0 658 1 659 0 660 1 661 0 662 1 663 0 664 1 665 0 666 1 667 0 668 1 669 0 670 1 671 0 672 1 673 0 674 1 675 0 676 1 677 0 678 1 679 0 680 1 681 0 682 1 683 0 684 1 685 0 686 1 687 0 688 1 689 0 690 1 691 0 692 1 693 0 694 1 695 0 696 1 697 0 698 1 699 0 700 1 701 0 702 1 703 0 704 1 705 0 706 1 707 0 708 1 709 0 710 1 711 0 712 1 713 0 714 1 715 0 716 1 717 0 718 1 719 0 720 1 721 0 722 1 723 0 724 1 725</v>
        </vertex_weights>
      </skin>
    </controller>
  </library_controllers>
  <library_visual_scenes>
    <visual_scene id="Scene" name="Scene">
      <node id="Kermit_Space_Hero" name="Kermit_Space_Hero" type="NODE">
        <matrix sid="transform">1 0 0 0 0 1 0 0 0 0 1 0 0 0 0 1</matrix>
        <node id="Kermit_Space_Hero_Root" name="Root" sid="Root" type="JOINT">
          <matrix sid="transform">1 0 -4.76837e-7 7.0338e-9 -4.76837e-7 -4.37114e-8 -1 0 -2.08432e-14 1 -1.19209e-7 0 0 0 0 1</matrix>
          <node id="Kermit_Space_Hero_Bip01_Pelvis" name="Bip01 Pelvis" sid="Bip01_Pelvis" type="JOINT">
            <matrix sid="transform">-9.81491e-7 4.18822e-6 1 -3.71654e-7 1 1.19258e-7 9.81491e-7 0.4543321 -1.19254e-7 0.9999999 -4.18829e-6 0.02133315 0 0 0 1</matrix>
            <node id="Kermit_Space_Hero_Bip01_L_Thigh" name="Bip01 L Thigh" sid="Bip01_L_Thigh" type="JOINT">
              <matrix sid="transform">-0.9863907 0.02417275 -0.1626319 -1.14118e-8 -0.03222721 0.9415219 0.3354066 1.04308e-7 0.1612292 0.3360831 -0.9279295 0.07235499 0 0 0 1</matrix>
              <node id="Kermit_Space_Hero_Bip01_L_Calf" name="Bip01 L Calf" sid="Bip01_L_Calf" type="JOINT">
                <matrix sid="transform">0.9751697 0.2214585 1.78814e-7 0.2197224 -0.2214585 0.97517 -1.29919e-7 -4.84288e-8 -2.08616e-7 8.19564e-8 1 -5.96046e-8 0 0 0 1</matrix>
                <node id="Kermit_Space_Hero_Bip01_L_Foot" name="Bip01 L Foot" sid="Bip01_L_Foot" type="JOINT">
                  <matrix sid="transform">0.9672517 -0.17495 -0.1838933 0.1900553 0.1948719 0.9760813 0.09638577 -2.79397e-8 0.1626321 -0.129065 0.9782092 -1.49012e-8 0 0 0 1</matrix>
                  <node id="Kermit_Space_Hero_Bip01_L_Toe0" name="Bip01 L Toe0" sid="Bip01_L_Toe0" type="JOINT">
                    <matrix sid="transform">5.68434e-14 -1 8.27369e-8 0.05309243 1 3.95015e-8 -3.58179e-13 0.07794309 -2.0997e-13 8.2737e-8 1 7.45058e-9 0 0 0 1</matrix>
                    <extra>
                      <technique profile="blender">
                        <roll sid="roll" type="float">-1.092767</roll>
                        <tip_x sid="tip_x" type="float">0</tip_x>
                        <tip_y sid="tip_y" type="float">0</tip_y>
                        <tip_z sid="tip_z" type="float">0.09430754</tip_z>
                      </technique>
                    </extra>
                  </node>
                  <extra>
                    <technique profile="blender">
                      <roll sid="roll" type="float">1.570796</roll>
                      <tip_x sid="tip_x" type="float">0.04338443</tip_x>
                      <tip_y sid="tip_y" type="float">-0.08373594</tip_y>
                      <tip_z sid="tip_z" type="float">0</tip_z>
                    </technique>
                  </extra>
                </node>
                <extra>
                  <technique profile="blender">
                    <roll sid="roll" type="float">2.683918</roll>
                    <tip_x sid="tip_x" type="float">0.06907498</tip_x>
                    <tip_y sid="tip_y" type="float">-0.1731413</tip_y>
                    <tip_z sid="tip_z" type="float">-0.03703635</tip_z>
                  </technique>
                </extra>
              </node>
              <extra>
                <technique profile="blender">
                  <roll sid="roll" type="float">1.594785</roll>
                  <tip_x sid="tip_x" type="float">0.07384574</tip_x>
                  <tip_y sid="tip_y" type="float">-0.2068731</tip_y>
                  <tip_z sid="tip_z" type="float">0.005311369</tip_z>
                </technique>
              </extra>
            </node>
            <node id="Kermit_Space_Hero_Bip01_R_Thigh" name="Bip01 R Thigh" sid="Bip01_R_Thigh" type="JOINT">
              <matrix sid="transform">-0.9863907 0.02417276 0.1626323 -7.79964e-8 -0.03222758 0.9415215 -0.3354079 -9.68575e-8 -0.1612296 -0.3360845 -0.9279291 -0.07235501 0 0 0 1</matrix>
              <node id="Kermit_Space_Hero_Bip01_R_Calf" name="Bip01 R Calf" sid="Bip01_R_Calf" type="JOINT">
                <matrix sid="transform">0.9751698 0.2214584 2.98023e-7 0.2197223 -0.2214584 0.9751698 3.03611e-7 -5.58794e-8 -2.08616e-7 -3.27826e-7 1 -7.45058e-9 0 0 0 1</matrix>
                <node id="Kermit_Space_Hero_Bip01_R_Foot" name="Bip01 R Foot" sid="Bip01_R_Foot" type="JOINT">
                  <matrix sid="transform">0.9672516 -0.1749498 0.1838936 0.1900552 0.1948719 0.9760811 -0.09638739 -6.89179e-8 -0.1626321 0.1290666 0.9782089 2.98023e-8 0 0 0 1</matrix>
                  <node id="Kermit_Space_Hero_Bip01_R_Toe0" name="Bip01 R Toe0" sid="Bip01_R_Toe0" type="JOINT">
                    <matrix sid="transform">2.38419e-7 -0.9999999 -7.08933e-8 0.05309241 0.9999999 2.37009e-7 -1.49011e-7 0.07794309 1.49012e-7 -7.08933e-8 0.9999999 1.49012e-8 0 0 0 1</matrix>
                    <extra>
                      <technique profile="blender">
                        <roll sid="roll" type="float">-2.048824</roll>
                        <tip_x sid="tip_x" type="float">0</tip_x>
                        <tip_y sid="tip_y" type="float">0</tip_y>
                        <tip_z sid="tip_z" type="float">0.0943076</tip_z>
                      </technique>
                    </extra>
                  </node>
                  <extra>
                    <technique profile="blender">
                      <roll sid="roll" type="float">1.570795</roll>
                      <tip_x sid="tip_x" type="float">-0.04338407</tip_x>
                      <tip_y sid="tip_y" type="float">-0.08373618</tip_y>
                      <tip_z sid="tip_z" type="float">0</tip_z>
                    </technique>
                  </extra>
                </node>
                <extra>
                  <technique profile="blender">
                    <roll sid="roll" type="float">0.4576594</roll>
                    <tip_x sid="tip_x" type="float">-0.06907385</tip_x>
                    <tip_y sid="tip_y" type="float">-0.1731417</tip_y>
                    <tip_z sid="tip_z" type="float">-0.03703653</tip_z>
                  </technique>
                </extra>
              </node>
              <extra>
                <technique profile="blender">
                  <roll sid="roll" type="float">1.546807</roll>
                  <tip_x sid="tip_x" type="float">-0.07384443</tip_x>
                  <tip_y sid="tip_y" type="float">-0.2068735</tip_y>
                  <tip_z sid="tip_z" type="float">0.005311191</tip_z>
                </technique>
              </extra>
            </node>
            <node id="Kermit_Space_Hero_Bip01_Spine" name="Bip01 Spine" sid="Bip01_Spine" type="JOINT">
              <matrix sid="transform">0.9995134 0.0311921 4.34213e-8 0.05166054 -0.0311921 0.9995134 1.80005e-6 -0.02441025 1.2747e-8 -1.80052e-6 1 8.92788e-9 0 0 0 1</matrix>
              <node id="Kermit_Space_Hero_Bip01_Spine1" name="Bip01 Spine1" sid="Bip01_Spine1" type="JOINT">
                <matrix sid="transform">0.9794545 0.2016653 6.00626e-7 0.08956315 -0.2016653 0.9794546 1.78706e-6 -1.58578e-4 -2.27897e-7 -1.87147e-6 1 5.15683e-9 0 0 0 1</matrix>
                <node id="Kermit_Space_Hero_Bip01_Head" name="Bip01 Head" sid="Bip01_Head" type="JOINT">
                  <matrix sid="transform">0.8054165 -0.5927093 -2.08597e-6 0.2527378 0.5927093 0.8054166 2.51097e-7 0.06496828 1.53125e-6 -1.43861e-6 1 1.21877e-8 0 0 0 1</matrix>
                  <node id="Kermit_Space_Hero_Bone_1" name="Bone_1" sid="Bone_1" type="JOINT">
                    <matrix sid="transform">0.02411637 1.20105e-6 0.9997092 0.04210005 0.9997092 -1.94016e-6 -0.0241164 -0.00383225 1.91064e-6 1 -1.33389e-6 8.55321e-8 0 0 0 1</matrix>
                    <extra>
                      <technique profile="blender">
                        <roll sid="roll" type="float">0.3760433</roll>
                        <tip_x sid="tip_x" type="float">0.04032188</tip_x>
                        <tip_y sid="tip_y" type="float">0</tip_y>
                        <tip_z sid="tip_z" type="float">0</tip_z>
                      </technique>
                    </extra>
                  </node>
                  <node id="Kermit_Space_Hero_Bone_2a" name="Bone_2a" sid="Bone_2a" type="JOINT">
                    <matrix sid="transform">-0.07194138 4.61944e-8 0.9974089 0.02553014 0.9974089 -7.3911e-7 0.07194141 -0.02864317 7.40518e-7 1 3.09525e-8 -3.92946e-7 0 0 0 1</matrix>
                    <extra>
                      <technique profile="blender">
                        <roll sid="roll" type="float">0.472167</roll>
                        <tip_x sid="tip_x" type="float">0.04032188</tip_x>
                        <tip_y sid="tip_y" type="float">0</tip_y>
                        <tip_z sid="tip_z" type="float">0</tip_z>
                      </technique>
                    </extra>
                  </node>
                  <extra>
                    <technique profile="blender">
                      <roll sid="roll" type="float">1.5708</roll>
                      <tip_x sid="tip_x" type="float">0</tip_x>
                      <tip_y sid="tip_y" type="float">-0.03713631</tip_y>
                      <tip_z sid="tip_z" type="float">-0.01570814</tip_z>
                    </technique>
                  </extra>
                </node>
                <node id="Kermit_Space_Hero_Bip01_L_Clavicle" name="Bip01 L Clavicle" sid="Bip01_L_Clavicle" type="JOINT">
                  <matrix sid="transform">0.08022422 -7.8167e-4 0.9967833 0.09822874 -0.1914159 -0.9814001 0.01463504 0.02181259 0.9782251 -0.1919731 -0.07888237 -0.07173002 0 0 0 1</matrix>
                  <node id="Kermit_Space_Hero_Bip01_L_UpperArm" name="Bip01 L UpperArm" sid="Bip01_L_UpperArm" type="JOINT">
                    <matrix sid="transform">0.9063048 0.05757655 0.4186843 0.2234829 0.04898836 0.9696863 -0.2393917 -3.72529e-9 -0.4197758 0.2374725 0.8760108 9.40636e-8 0 0 0 1</matrix>
                    <node id="Kermit_Space_Hero_Bip01_L_Forearm" name="Bip01 L Forearm" sid="Bip01_L_Forearm" type="JOINT">
                      <matrix sid="transform">0.9770986 0.2127869 2.6226e-6 0.1410883 -0.2127869 0.9770986 -1.234e-6 2.71946e-7 -2.83122e-6 6.48201e-7 1 6.25849e-7 0 0 0 1</matrix>
                      <node id="Kermit_Space_Hero_Bip01_L_Hand" name="Bip01 L Hand" sid="Bip01_L_Hand" type="JOINT">
                        <matrix sid="transform">0.9961092 -0.06172633 -0.06289912 0.126974 0.0626334 -0.006232269 0.9980171 1.86265e-7 -0.06199598 -0.9980736 -0.002341799 6.85453e-7 0 0 0 1</matrix>
                        <node id="Kermit_Space_Hero_Bip01_L_Finger1" name="Bip01 L Finger1" sid="Bip01_L_Finger1" type="JOINT">
                          <matrix sid="transform">0.823449 -0.5668907 -0.0238099 0.06711739 0.5673711 0.8230423 0.02629623 -0.004713893 0.004689462 -0.03516264 0.9993706 -0.002034653 0 0 0 1</matrix>
                          <extra>
                            <technique profile="blender">
                              <roll sid="roll" type="float">1.097903</roll>
                              <tip_x sid="tip_x" type="float">-0.08711367</tip_x>
                              <tip_y sid="tip_y" type="float">-0.006826937</tip_y>
                              <tip_z sid="tip_z" type="float">-0.04834127</tip_z>
                            </technique>
                          </extra>
                        </node>
                        <node id="Kermit_Space_Hero_Bip01_Prop2" name="Bip01 Prop2" sid="Bip01_Prop2" type="JOINT">
                          <matrix sid="transform">0.9980645 0.06214327 0.002422351 0.1261654 -0.06219047 0.9973068 0.03888266 0.02051966 4.65661e-7 -0.03895802 0.9992409 -0.03454447 0 0 0 1</matrix>
                          <extra>
                            <technique profile="blender">
                              <roll sid="roll" type="float">0.4070657</roll>
                              <tip_x sid="tip_x" type="float">-0.03849852</tip_x>
                              <tip_y sid="tip_y" type="float">-0.00885719</tip_y>
                              <tip_z sid="tip_z" type="float">-0.09171527</tip_z>
                            </technique>
                          </extra>
                        </node>
                        <extra>
                          <technique profile="blender">
                            <roll sid="roll" type="float">0.4720507</roll>
                            <tip_x sid="tip_x" type="float">-0.04422181</tip_x>
                            <tip_y sid="tip_y" type="float">-0.004906296</tip_y>
                            <tip_z sid="tip_z" type="float">-0.0894016</tip_z>
                          </technique>
                        </extra>
                      </node>
                      <extra>
                        <technique profile="blender">
                          <roll sid="roll" type="float">0.3954998</roll>
                          <tip_x sid="tip_x" type="float">0.006162643</tip_x>
                          <tip_y sid="tip_y" type="float">0.1264972</tip_y>
                          <tip_z sid="tip_z" type="float">-0.009106159</tip_z>
                        </technique>
                      </extra>
                    </node>
                    <extra>
                      <technique profile="blender">
                        <roll sid="roll" type="float">0.4005973</roll>
                        <tip_x sid="tip_x" type="float">-0.02096056</tip_x>
                        <tip_y sid="tip_y" type="float">0.1395136</tip_y>
                        <tip_z sid="tip_z" type="float">0.001601636</tip_z>
                      </technique>
                    </extra>
                  </node>
                  <extra>
                    <technique profile="blender">
                      <roll sid="roll" type="float">-0.05758708</roll>
                      <tip_x sid="tip_x" type="float">-0.04290258</tip_x>
                      <tip_y sid="tip_y" type="float">0.2132952</tip_y>
                      <tip_z sid="tip_z" type="float">-0.05107963</tip_z>
                    </technique>
                  </extra>
                </node>
                <node id="Kermit_Space_Hero_Bip01_Neck" name="Bip01 Neck" sid="Bip01_Neck" type="JOINT">
                  <matrix sid="transform">0.891156 -0.4536971 -2.20401e-6 0.1614184 0.4536971 0.891156 2.05307e-6 0.01847645 1.03264e-6 -2.82956e-6 1 -1.12657e-7 0 0 0 1</matrix>
                  <extra>
                    <technique profile="blender">
                      <roll sid="roll" type="float">1.570816</roll>
                      <tip_x sid="tip_x" type="float">-3.84837e-7</tip_x>
                      <tip_y sid="tip_y" type="float">-0.1629698</tip_y>
                      <tip_z sid="tip_z" type="float">-0.03930407</tip_z>
                    </technique>
                  </extra>
                </node>
                <node id="Kermit_Space_Hero_Bip01_R_Clavicle" name="Bip01 R Clavicle" sid="Bip01_R_Clavicle" type="JOINT">
                  <matrix sid="transform">0.08022554 -7.8173e-4 -0.9967737 0.09822869 -0.1914112 -0.9814008 -0.01463649 0.02181226 -0.9782257 0.1919683 -0.07888275 0.07173015 0 0 0 1</matrix>
                  <node id="Kermit_Space_Hero_Bip01_R_UpperArm" name="Bip01 R UpperArm" sid="Bip01_R_UpperArm" type="JOINT">
                    <matrix sid="transform">0.9063048 0.05757672 -0.4186839 0.223483 0.04898903 0.9696859 0.2393938 8.19564e-8 0.4197755 -0.2374747 0.8760104 -2.79397e-9 0 0 0 1</matrix>
                    <node id="Kermit_Space_Hero_Bip01_R_Forearm" name="Bip01 R Forearm" sid="Bip01_R_Forearm" type="JOINT">
                      <matrix sid="transform">0.9770985 0.212787 1.01328e-6 0.1410886 -0.212787 0.9770985 -7.28294e-7 -7.82311e-8 -1.13249e-6 4.91738e-7 1 1.41561e-7 0 0 0 1</matrix>
                      <node id="Kermit_Space_Hero_Bip01_R_Hand" name="Bip01 R Hand" sid="Bip01_R_Hand" type="JOINT">
                        <matrix sid="transform">0.996109 -0.06172681 0.0628994 0.1269743 0.06263342 -0.006236382 -0.9980171 -8.9407e-8 0.06199673 0.9980736 -0.002346002 3.27826e-7 0 0 0 1</matrix>
                        <node id="Kermit_Space_Hero_Bip01_R_Finger0" name="Bip01 R Finger0" sid="Bip01_R_Finger0" type="JOINT">
                          <matrix sid="transform">0.4009531 0.5390005 -0.7407527 0.02096611 0.4250503 0.606835 0.6716272 0.002104223 0.8115223 -0.5841483 0.01421014 0.01954453 0 0 0 1</matrix>
                          <node id="Kermit_Space_Hero_Bip01_R_Finger01" name="Bip01 R Finger01" sid="Bip01_R_Finger01" type="JOINT">
                            <matrix sid="transform">0.8289251 -0.5593597 -1.3262e-6 0.06382453 0.5593597 0.8289251 1.78814e-6 1.56462e-7 8.9407e-8 -2.22027e-6 1 -5.96046e-8 0 0 0 1</matrix>
                            <extra>
                              <technique profile="blender">
                                <roll sid="roll" type="float">1.85471</roll>
                                <tip_x sid="tip_x" type="float">-0.004612803</tip_x>
                                <tip_y sid="tip_y" type="float">0.05878758</tip_y>
                                <tip_z sid="tip_z" type="float">-0.02441895</tip_z>
                              </technique>
                            </extra>
                          </node>
                          <extra>
                            <technique profile="blender">
                              <roll sid="roll" type="float">1.867534</roll>
                              <tip_x sid="tip_x" type="float">-0.01330339</tip_x>
                              <tip_y sid="tip_y" type="float">0.03489565</tip_y>
                              <tip_z sid="tip_z" type="float">-0.05175769</tip_z>
                            </technique>
                          </extra>
                        </node>
                        <node id="Kermit_Space_Hero_Bip01_R_Finger1" name="Bip01 R Finger1" sid="Bip01_R_Finger1" type="JOINT">
                          <matrix sid="transform">0.8519108 -0.5233099 0.01986268 0.06711733 0.5236788 0.8514951 -0.02677038 -0.004713461 -0.002903767 0.03320764 0.9994443 0.002034832 0 0 0 1</matrix>
                          <node id="Kermit_Space_Hero_Bip01_R_Finger11" name="Bip01 R Finger11" sid="Bip01_R_Finger11" type="JOINT">
                            <matrix sid="transform">0.8657585 -0.5003093 0.01237309 0.05515453 0.5003932 0.8657851 -0.004791711 1.19209e-7 -0.008315105 0.01033988 0.9999121 2.23517e-8 0 0 0 1</matrix>
                            <extra>
                              <technique profile="blender">
                                <roll sid="roll" type="float">1.549647</roll>
                                <tip_x sid="tip_x" type="float">0.05504602</tip_x>
                                <tip_y sid="tip_y" type="float">-0.002904832</tip_y>
                                <tip_z sid="tip_z" type="float">-0.001871824</tip_z>
                              </technique>
                            </extra>
                          </node>
                          <extra>
                            <technique profile="blender">
                              <roll sid="roll" type="float">2.095899</roll>
                              <tip_x sid="tip_x" type="float">0.04665482</tip_x>
                              <tip_y sid="tip_y" type="float">-0.003770351</tip_y>
                              <tip_z sid="tip_z" type="float">-0.02917385</tip_z>
                            </technique>
                          </extra>
                        </node>
                        <extra>
                          <technique profile="blender">
                            <roll sid="roll" type="float">2.669537</roll>
                            <tip_x sid="tip_x" type="float">0.02126783</tip_x>
                            <tip_y sid="tip_y" type="float">-0.002359509</tip_y>
                            <tip_z sid="tip_z" type="float">-0.04299622</tip_z>
                          </technique>
                        </extra>
                      </node>
                      <extra>
                        <technique profile="blender">
                          <roll sid="roll" type="float">2.746095</roll>
                          <tip_x sid="tip_x" type="float">-0.006163179</tip_x>
                          <tip_y sid="tip_y" type="float">0.1264972</tip_y>
                          <tip_z sid="tip_z" type="float">-0.009106159</tip_z>
                        </technique>
                      </extra>
                    </node>
                    <extra>
                      <technique profile="blender">
                        <roll sid="roll" type="float">2.740994</roll>
                        <tip_x sid="tip_x" type="float">0.02095985</tip_x>
                        <tip_y sid="tip_y" type="float">0.1395136</tip_y>
                        <tip_z sid="tip_z" type="float">0.001601696</tip_z>
                      </technique>
                    </extra>
                  </node>
                  <extra>
                    <technique profile="blender">
                      <roll sid="roll" type="float">-3.084007</roll>
                      <tip_x sid="tip_x" type="float">0.04290163</tip_x>
                      <tip_y sid="tip_y" type="float">0.2132953</tip_y>
                      <tip_z sid="tip_z" type="float">-0.05107951</tip_z>
                    </technique>
                  </extra>
                </node>
                <extra>
                  <technique profile="blender">
                    <roll sid="roll" type="float">1.570796</roll>
                    <tip_x sid="tip_x" type="float">0</tip_x>
                    <tip_y sid="tip_y" type="float">-0.1630637</tip_y>
                    <tip_z sid="tip_z" type="float">0.03891289</tip_z>
                  </technique>
                </extra>
              </node>
              <extra>
                <technique profile="blender">
                  <roll sid="roll" type="float">1.570918</roll>
                  <tip_x sid="tip_x" type="float">1.68239e-7</tip_x>
                  <tip_y sid="tip_y" type="float">-0.08951973</tip_y>
                  <tip_z sid="tip_z" type="float">0.002793669</tip_z>
                </technique>
              </extra>
            </node>
            <node id="Kermit_Space_Hero_Bone_Cloth_LF" name="Bone_Cloth_LF" sid="Bone_Cloth_LF" type="JOINT">
              <matrix sid="transform">-0.9699135 0.08415383 0.2285005 -0.02450592 -0.08555947 -0.996326 0.003765827 -0.01653945 0.227976 -0.01589769 0.973537 0.1226304 0 0 0 1</matrix>
              <extra>
                <technique profile="blender">
                  <roll sid="roll" type="float">1.340098</roll>
                  <tip_x sid="tip_x" type="float">-0.001303851</tip_x>
                  <tip_y sid="tip_y" type="float">0.08169651</tip_y>
                  <tip_z sid="tip_z" type="float">0.006900429</tip_z>
                </technique>
              </extra>
            </node>
            <extra>
              <technique profile="blender">
                <roll sid="roll" type="float">-1.570795</roll>
                <tip_x sid="tip_x" type="float">3.04325e-7</tip_x>
                <tip_y sid="tip_y" type="float">-0.08199781</tip_y>
                <tip_z sid="tip_z" type="float">0</tip_z>
              </technique>
            </extra>
          </node>
          <extra>
            <technique profile="blender">
              <roll sid="roll" type="float">-4.76837e-7</roll>
              <tip_x sid="tip_x" type="float">0</tip_x>
              <tip_y sid="tip_y" type="float">0</tip_y>
              <tip_z sid="tip_z" type="float">0.4548327</tip_z>
            </technique>
          </extra>
        </node>
        <node id="Mesh_Goggles" name="Mesh_Goggles" type="NODE">
          <matrix sid="transform">1 0 0 0 0 1 0 0 0 0 1 0 0 0 0 1</matrix>
          <instance_controller url="#Kermit_Space_Hero_Mesh_Goggles-skin">
            <skeleton>#Kermit_Space_Hero_Root</skeleton>
            <bind_material>
              <technique_common>
                <instance_material symbol="SpaceGlasses_D-material" target="#SpaceGlasses_D-material">
                  <bind_vertex_input semantic="UV0" input_semantic="TEXCOORD" input_set="0"/>
                </instance_material>
              </technique_common>
            </bind_material>
          </instance_controller>
        </node>
        <node id="Mesh" name="Mesh" type="NODE">
          <matrix sid="transform">1 0 0 0 0 1 0 0 0 0 1 0 0 0 0 1</matrix>
          <instance_controller url="#Kermit_Space_Hero_Mesh-skin">
            <skeleton>#Kermit_Space_Hero_Root</skeleton>
            <bind_material>
              <technique_common>
                <instance_material symbol="Kermit_Space_Hero_D-material" target="#Kermit_Space_Hero_D-material">
                  <bind_vertex_input semantic="UV0" input_semantic="TEXCOORD" input_set="0"/>
                </instance_material>
              </technique_common>
            </bind_material>
          </instance_controller>
        </node>
      </node>
    </visual_scene>
  </library_visual_scenes>
  <scene>
    <instance_visual_scene url="#Scene"/>
  </scene>
</COLLADA>