<?xml version="1.0" encoding="utf-8"?>
<COLLADA xmlns="http://www.collada.org/2005/11/COLLADASchema" version="1.4.1" xmlns:xsi="http://www.w3.org/2001/XMLSchema-instance">
  <asset>
    <contributor>
      <author>Blender User</author>
      <authoring_tool>Blender 4.0.2 commit date:2023-12-05, commit time:07:41, hash:9be62e85b727</authoring_tool>
    </contributor>
    <created>2023-12-25T12:22:33</created>
    <modified>2023-12-25T12:22:33</modified>
    <unit name="meter" meter="1"/>
    <up_axis>Z_UP</up_axis>
  </asset>
  <library_effects>
    <effect id="unnamed_004-effect">
      <profile_COMMON>
        <newparam sid="tex_0000_sandycheeks_128_PNG-surface">
          <surface type="2D">
            <init_from>tex_0000_sandycheeks_128_PNG</init_from>
          </surface>
        </newparam>
        <newparam sid="tex_0000_sandycheeks_128_PNG-sampler">
          <sampler2D>
            <source>tex_0000_sandycheeks_128_PNG-surface</source>
          </sampler2D>
        </newparam>
        <technique sid="common">
          <lambert>
            <emission>
              <color sid="emission">0 0 0 1</color>
            </emission>
            <diffuse>
              <texture texture="tex_0000_sandycheeks_128_PNG-sampler" texcoord="Float2"/>
            </diffuse>
            <index_of_refraction>
              <float sid="ior">1.45</float>
            </index_of_refraction>
          </lambert>
        </technique>
      </profile_COMMON>
    </effect>
    <effect id="unnamed_008-effect">
      <profile_COMMON>
        <newparam sid="tx1_0000_lashes_PNG-surface">
          <surface type="2D">
            <init_from>tx1_0000_lashes_PNG</init_from>
          </surface>
        </newparam>
        <newparam sid="tx1_0000_lashes_PNG-sampler">
          <sampler2D>
            <source>tx1_0000_lashes_PNG-surface</source>
          </sampler2D>
        </newparam>
        <technique sid="common">
          <lambert>
            <emission>
              <color sid="emission">0 0 0 1</color>
            </emission>
            <diffuse>
              <texture texture="tx1_0000_lashes_PNG-sampler" texcoord="Float2"/>
            </diffuse>
            <index_of_refraction>
              <float sid="ior">1.45</float>
            </index_of_refraction>
          </lambert>
        </technique>
      </profile_COMMON>
    </effect>
    <effect id="unnamed_007-effect">
      <profile_COMMON>
        <newparam sid="tx8_0000_sandyglass_PNG-surface">
          <surface type="2D">
            <init_from>tx8_0000_sandyglass_PNG</init_from>
          </surface>
        </newparam>
        <newparam sid="tx8_0000_sandyglass_PNG-sampler">
          <sampler2D>
            <source>tx8_0000_sandyglass_PNG-surface</source>
          </sampler2D>
        </newparam>
        <technique sid="common">
          <lambert>
            <emission>
              <color sid="emission">0 0 0 1</color>
            </emission>
            <diffuse>
              <texture texture="tx8_0000_sandyglass_PNG-sampler" texcoord="Float2"/>
            </diffuse>
            <index_of_refraction>
              <float sid="ior">1.45</float>
            </index_of_refraction>
          </lambert>
        </technique>
      </profile_COMMON>
    </effect>
    <effect id="unnamed_006-effect">
      <profile_COMMON>
        <newparam sid="tx1_0000_lashes_PNG-surface">
          <surface type="2D">
            <init_from>tx1_0000_lashes_PNG</init_from>
          </surface>
        </newparam>
        <newparam sid="tx1_0000_lashes_PNG-sampler">
          <sampler2D>
            <source>tx1_0000_lashes_PNG-surface</source>
          </sampler2D>
        </newparam>
        <technique sid="common">
          <lambert>
            <emission>
              <color sid="emission">0 0 0 1</color>
            </emission>
            <diffuse>
              <texture texture="tx1_0000_lashes_PNG-sampler" texcoord="Float2"/>
            </diffuse>
            <index_of_refraction>
              <float sid="ior">1.45</float>
            </index_of_refraction>
          </lambert>
        </technique>
      </profile_COMMON>
    </effect>
    <effect id="unnamed_005-effect">
      <profile_COMMON>
        <newparam sid="tx1_0000_sandyeyes_64_PNG-surface">
          <surface type="2D">
            <init_from>tx1_0000_sandyeyes_64_PNG</init_from>
          </surface>
        </newparam>
        <newparam sid="tx1_0000_sandyeyes_64_PNG-sampler">
          <sampler2D>
            <source>tx1_0000_sandyeyes_64_PNG-surface</source>
          </sampler2D>
        </newparam>
        <technique sid="common">
          <lambert>
            <emission>
              <color sid="emission">0 0 0 1</color>
            </emission>
            <diffuse>
              <texture texture="tx1_0000_sandyeyes_64_PNG-sampler" texcoord="Float2"/>
            </diffuse>
            <index_of_refraction>
              <float sid="ior">1.45</float>
            </index_of_refraction>
          </lambert>
        </technique>
      </profile_COMMON>
    </effect>
    <effect id="unnamed_003-effect">
      <profile_COMMON>
        <newparam sid="tx1_0000_sandyeyes_64_PNG-surface">
          <surface type="2D">
            <init_from>tx1_0000_sandyeyes_64_PNG</init_from>
          </surface>
        </newparam>
        <newparam sid="tx1_0000_sandyeyes_64_PNG-sampler">
          <sampler2D>
            <source>tx1_0000_sandyeyes_64_PNG-surface</source>
          </sampler2D>
        </newparam>
        <technique sid="common">
          <lambert>
            <emission>
              <color sid="emission">0 0 0 1</color>
            </emission>
            <diffuse>
              <texture texture="tx1_0000_sandyeyes_64_PNG-sampler" texcoord="Float2"/>
            </diffuse>
            <index_of_refraction>
              <float sid="ior">1.45</float>
            </index_of_refraction>
          </lambert>
        </technique>
      </profile_COMMON>
    </effect>
  </library_effects>
  <library_images>
    <image id="tex_0000_sandycheeks_128_PNG" name="tex_0000_sandycheeks_128_PNG">
      <init_from>tex_0000_sandycheeks_128.PNG</init_from>
    </image>
    <image id="tx1_0000_lashes_PNG" name="tx1_0000_lashes_PNG">
      <init_from>tx1_0000_lashes.PNG</init_from>
    </image>
    <image id="tx1_0000_sandyeyes_64_PNG" name="tx1_0000_sandyeyes_64_PNG">
      <init_from>tx1_0000_sandyeyes_64.PNG</init_from>
    </image>
    <image id="tx8_0000_sandyglass_PNG" name="tx8_0000_sandyglass_PNG">
      <init_from>tx8_0000_sandyglass.PNG</init_from>
    </image>
  </library_images>
  <library_materials>
    <material id="unnamed_004-material" name="unnamed.004">
      <instance_effect url="#unnamed_004-effect"/>
    </material>
    <material id="unnamed_008-material" name="unnamed.008">
      <instance_effect url="#unnamed_008-effect"/>
    </material>
    <material id="unnamed_007-material" name="unnamed.007">
      <instance_effect url="#unnamed_007-effect"/>
    </material>
    <material id="unnamed_006-material" name="unnamed.006">
      <instance_effect url="#unnamed_006-effect"/>
    </material>
    <material id="unnamed_005-material" name="unnamed.005">
      <instance_effect url="#unnamed_005-effect"/>
    </material>
    <material id="unnamed_003-material" name="unnamed.003">
      <instance_effect url="#unnamed_003-effect"/>
    </material>
  </library_materials>
  <library_geometries>
    <geometry id="unnamed_017-mesh" name="unnamed.017">
      <mesh>
        <source id="unnamed_017-mesh-positions">
          <float_array id="unnamed_017-mesh-positions-array" count="762">-0.370364 0.04717677 0.724423 -0.529481 -0.005802214 0.74695 -0.529481 -0.07595717 0.664276 -0.423595 -0.05804914 0.613512 -0.370364 -0.05889016 0.612978 -0.423595 -0.07823216 0.664803 -0.423595 -0.06493419 0.723757 -0.370364 -0.06590217 0.724423 -0.423595 -0.005934178 0.749311 -0.370364 -0.006104171 0.750036 -0.324427 0.06165575 0.64785 -0.370364 0.06137877 0.647696 -0.423595 0.04642176 0.723757 -0.529481 0.04485774 0.721688 -0.423595 0.06066179 0.647744 -0.529481 0.01583677 0.608278 -0.423595 0.01513779 0.605746 -0.370364 0.01467376 0.604948 -0.324427 -0.05964714 0.612994 -0.324427 -0.08064317 0.6653119 -0.370364 -0.07960617 0.665083 -0.324427 -0.06673717 0.724522 -0.324427 -0.006465196 0.750029 -0.324427 0.04736775 0.724522 -0.271286 0.06181776 0.647574 -0.324427 0.0142638 0.604929 -0.271286 0.01364481 0.60384 -0.271286 -0.06759518 0.725296 -0.271286 -0.006919205 0.750999 -0.2286109 -0.008273184 0.751807 -0.271286 0.04742276 0.725296 -0.22861 -0.06073617 0.6072 -0.271286 -0.06054818 0.611929 -0.2286109 -0.08213216 0.663141 -0.271286 -0.0817362 0.665255 -0.2286109 -0.0676862 0.723961 -0.2286109 0.04833173 0.725576 -0.22861 0.0627678 0.649382 -0.182622 0.02403581 0.603058 -0.2286109 0.0114988 0.602753 -0.182622 -0.01014918 0.752837 0.324427 0.0142638 0.604929 0.370364 -0.05889016 0.612978 0.1098279 -0.01014918 0.704198 0.1098279 -0.03954517 0.667337 0.1098279 0.002932786 0.64688 0.1098279 0.01924574 0.667337 0.1038309 -0.01014918 0.674046 0.1098279 0.01342374 0.692845 0.126908 0.03340876 0.708783 0.1098279 -0.03372216 0.692845 0.1098279 -0.02323114 0.64688 0.126908 -0.01014918 0.729759 0.1524699 -0.01014918 0.746839 0.1269069 -0.05370718 0.708779 0.126908 -0.06446516 0.661649 0.126908 -0.03432214 0.62385 0.1524699 -0.04173213 0.608462 0.126908 0.01402276 0.62385 0.126908 0.04416674 0.661649 0.1524699 0.06081777 0.657848 0.1524699 0.04676175 0.719432 0.1524699 -0.06706118 0.719432 0.1524699 -0.08111715 0.657848 0.182622 -0.04433512 0.603058 0.1524699 0.02143377 0.608462 0.657591 -0.07484817 0.693511 0.638021 -0.05836015 0.665924 0.635016 -0.0792182 0.690681 0.59791 -0.05134218 0.645093 0.638869 -0.003883183 0.657577 0.597994 -4.46194e-4 0.639436 0.639729 0.05023676 0.670305 0.597914 0.05234676 0.652346 0.596572 0.06249773 0.695375 0.597914 0.04975575 0.724931 0.63803 0.05097073 0.727488 0.597994 -0.0059942 0.7472 0.641324 -0.0059942 0.747177 0.664625 -0.06260919 0.72517 0.714176 -0.05603718 0.687372 0.699069 -0.04459315 0.67023 0.655394 -0.05822819 0.669384 0.654479 0.04671877 0.673574 0.63529 0.06397777 0.700194 0.708888 -0.04459321 0.710259 0.721519 -0.005709171 0.711224 0.708883 0.02932077 0.710254 0.671204 -0.0059942 0.741402 0.664625 0.04725676 0.72517 0.659763 0.05948477 0.702315 0.654941 -0.005138158 0.661212 0.709624 -0.005709171 0.662733 0.699066 0.02932178 0.6702269 0.730291 -0.005709171 0.682826 0.714173 0.04076576 0.687369 0.529481 0.05891478 0.648088 0.423595 0.04642176 0.723757 0.529481 0.04485774 0.721688 0.529481 -0.005802214 0.74695 0.423595 -0.06493419 0.723757 0.529481 -0.05680114 0.615482 0.529481 0.01583677 0.608278 0.423595 0.01513779 0.605746 0.423595 0.06066179 0.647744 0.423595 -0.005934178 0.749311 0.423595 -0.07823216 0.664803 0.423595 -0.05804914 0.613512 0.370364 0.01467376 0.604948 0.370364 0.06137877 0.647696 0.370364 0.04717677 0.724423 0.324427 0.04736775 0.724522 0.370364 -0.006104171 0.750036 0.324427 -0.006465196 0.750029 0.370364 -0.06590217 0.724423 0.370364 -0.07960617 0.665083 0.324427 -0.08064317 0.6653119 0.271286 -0.0817362 0.665255 0.324427 -0.05964714 0.612994 0.271286 0.01364481 0.60384 0.324427 0.06165575 0.64785 0.271286 0.06181776 0.647574 0.271286 0.04742276 0.725296 0.271286 -0.006919205 0.750999 0.324427 -0.06673717 0.724522 0.271286 -0.06759518 0.725296 0.2286109 -0.0676862 0.723961 0.2286109 -0.08213216 0.663141 0.271286 -0.06054818 0.611929 0.2286109 0.0114988 0.602753 0.1826199 -0.07174921 0.7231659 0.182622 -0.08696419 0.656513 0.22861 -0.06073617 0.6072 0.182622 0.02403581 0.603058 0.22861 0.0627678 0.649382 0.182622 0.06666576 0.656513 0.182622 0.05145072 0.723171 0.2286109 0.04833173 0.725576 0.182622 -0.01014918 0.752837 0.2286109 -0.008273184 0.751807 0.605493 -0.1089492 0.6457669 0.630005 -0.0938192 0.66117 0.602294 -0.0841912 0.665317 0.636818 -0.08059519 0.649567 0.630847 -0.07198715 0.636379 0.57778 -0.07169616 0.619104 0.533073 -0.05478513 0.614159 0.533073 0.005785763 0.610529 0.533069 0.03999078 0.716095 0.533073 -0.005460202 0.742363 0.592765 -0.06496018 0.724931 0.636874 -0.06626421 0.72749 0.593379 -0.07766819 0.677414 0.533073 -0.07264417 0.660302 0.579834 -0.09405916 0.628956 0.605493 -0.08185714 0.613214 0.641977 -0.09759718 0.632421 0.634504 -0.1053792 0.6480819 0.605492 -0.1049202 0.6229249 0.546836 -0.08063316 0.640987 0.561573 -0.08328521 0.67693 0.585296 -0.0990082 0.6534059 0.603135 -0.06235814 0.6405259 0.634607 -0.08293116 0.626395 -0.714176 -0.05603718 0.687372 -0.657591 -0.07484817 0.693511 -0.635016 -0.0792182 0.690681 -0.59791 -0.05134218 0.645093 -0.533073 -0.06292819 0.716101 -0.597994 -0.0059942 0.7472 -0.533073 -0.005460202 0.742363 -0.533069 0.03999078 0.716095 -0.596572 0.06249773 0.695375 -0.533073 0.05366176 0.644934 -0.597914 0.05234676 0.652346 -0.597994 -4.46194e-4 0.639436 -0.639729 0.05023676 0.670305 -0.699069 -0.04459315 0.67023 -0.709624 -0.005709171 0.662733 -0.699066 0.02932178 0.6702269 -0.654479 0.04671877 0.673574 -0.659763 0.05948477 0.702315 -0.63529 0.06397777 0.700194 -0.597914 0.04975575 0.724931 -0.592765 -0.06496018 0.724931 -0.593379 -0.07766819 0.677414 -0.533073 -0.07264417 0.660302 -0.546836 -0.08063316 0.640987 -0.533073 -0.05478513 0.614159 -0.721519 -0.005709171 0.711224 -0.671204 -0.0059942 0.741402 -0.664625 0.04725676 0.72517 -0.63803 0.05097073 0.727488 -0.714173 0.04076576 0.687369 -0.708883 0.02932077 0.710254 -0.730291 -0.005709171 0.682826 -0.708888 -0.04459321 0.710259 -0.664625 -0.06260919 0.72517 -0.641324 -0.0059942 0.747177 -0.636874 -0.06626421 0.72749 -0.655394 -0.05822819 0.669384 -0.654941 -0.005138158 0.661212 -0.638021 -0.05836015 0.665924 -0.638869 -0.003883183 0.657577 -0.533073 0.005785763 0.610529 -0.57778 -0.07169616 0.619104 -0.585296 -0.0990082 0.6534059 -0.561573 -0.08328521 0.67693 -0.602294 -0.0841912 0.665317 -0.603135 -0.06235814 0.6405259 -0.630847 -0.07198715 0.636379 -0.630005 -0.0938192 0.66117 -0.605493 -0.1089492 0.6457669 -0.579834 -0.09405916 0.628956 -0.605492 -0.1049202 0.6229249 -0.605493 -0.08185714 0.613214 -0.634607 -0.08293116 0.626395 -0.636818 -0.08059519 0.649567 -0.641977 -0.09759718 0.632421 -0.634504 -0.1053792 0.6480819 0.533073 -0.06292819 0.716101 -0.529481 0.05891478 0.648088 -0.529481 -0.06350517 0.721688 -0.529481 -0.05680114 0.615482 -0.1524699 -0.06706118 0.719432 -0.1098279 0.01342374 0.692845 -0.1098279 -0.01014918 0.704198 -0.126908 0.03340876 0.708783 -0.126908 -0.01014918 0.729759 -0.1524699 -0.01014918 0.746839 -0.182622 0.05145072 0.723171 -0.182622 0.06666576 0.656513 -0.1524699 0.04676175 0.719432 -0.1038309 -0.01014918 0.674046 -0.1098279 0.01924574 0.667337 -0.126908 0.04416674 0.661649 -0.1524699 0.02143377 0.608462 -0.1524699 0.06081777 0.657848 -0.1524699 -0.04173213 0.608462 -0.126908 0.01402276 0.62385 -0.126908 -0.03432214 0.62385 -0.1098279 0.002932786 0.64688 -0.1098279 -0.03372216 0.692845 -0.1098279 -0.03954517 0.667337 -0.1269069 -0.05370718 0.708779 -0.1524699 -0.08111715 0.657848 -0.1826199 -0.07174921 0.7231659 -0.182622 -0.08696419 0.656513 -0.182622 -0.04433512 0.603058 -0.126908 -0.06446516 0.661649 -0.1098279 -0.02323114 0.64688 0.533073 0.05366176 0.644934 0.529481 -0.06350517 0.721688 0.529481 -0.07595717 0.664276</float_array>
          <technique_common>
            <accessor source="#unnamed_017-mesh-positions-array" count="254" stride="3">
              <param name="X" type="float"/>
              <param name="Y" type="float"/>
              <param name="Z" type="float"/>
            </accessor>
          </technique_common>
        </source>
        <source id="unnamed_017-mesh-normals">
          <float_array id="unnamed_017-mesh-normals-array" count="762">-0.007439792 0.02146381 0.999742 -0.01071596 0.794269 0.6074717 -0.02017903 0.02332741 0.9995242 -0.02121299 0.7948806 0.606395 -0.4756448 0.6994154 0.5334607 -0.4073712 0.01852923 0.9130748 -0.02273792 -0.7687919 0.6390948 -0.4004873 -0.6823804 0.6115285 -0.02189528 -0.9967428 -0.07761776 -0.3515936 -0.9352254 -0.04165959 -0.02114057 -0.6044843 -0.7963365 -0.09449785 -0.6709055 -0.7354971 -0.4534808 0.3175581 -0.8327736 -0.01662415 0.3136555 -0.9493914 -0.00492382 0.3101264 -0.9506826 -0.01410096 -0.6049951 -0.7961044 -0.02203702 -0.9968491 -0.07619816 -0.01733183 -0.7661314 0.6424503 -0.009660363 0.02046567 0.9997439 -0.006117939 0.7938945 0.6080247 -0.003574609 0.9481791 -0.3177164 -0.00825417 0.9482485 -0.3174219 -0.01555055 0.9490041 -0.3148803 -0.4056926 0.8822953 -0.2386809 -0.006579816 0.3097655 -0.9507903 -0.01799595 -0.6064777 -0.7948968 -0.02127134 -0.9969777 -0.07472097 -0.01916432 -0.7657107 0.6428996 -0.019261 0.02242726 0.9995629 -0.0158897 0.7902653 0.6125589 -0.006225943 0.9450235 -0.3269433 -0.01872199 0.3210916 -0.9468632 -0.05593752 -0.6152991 -0.7863066 -0.01665598 -0.9974915 -0.06879872 -0.007686257 -0.7658942 0.6429206 -0.01456081 0.005169808 0.9998807 -0.02668917 0.7803375 0.6247889 -0.0469681 0.9495315 -0.3101355 -0.05168116 0.3047654 -0.9510243 -0.02537155 -0.5903053 -0.8067814 -0.06578326 -0.9959875 -0.06067544 -0.0215218 -0.7729344 0.6341209 0.08787095 -0.006284296 0.9961121 0.08440929 0.7862743 0.6120848 0.07511186 0.9757441 -0.2056249 0.06563609 0.4374797 -0.8968297 0.1302863 -0.3953622 -0.9092383 0.07940107 -0.9784383 -0.1906673 0.06744945 -0.7851022 0.6156826 0.00357443 0.9481792 -0.3177163 0.00492376 0.3101264 -0.9506826 0.006579577 0.3097655 -0.9507902 0.01410102 -0.6049951 -0.7961043 0.01799601 -0.6064777 -0.7948968 0.02203708 -0.9968491 -0.07619816 0.02135831 -0.9969693 -0.07480752 -0.9037992 -0.3345823 0.2668368 -0.9037983 -6.32225e-6 0.4279589 -1 1.81762e-6 3.298e-7 -0.903798 -0.41723 -0.09522813 -0.9037994 -0.1856831 -0.3855757 -0.9037975 0.1856941 -0.385575 -0.9037999 0.417226 -0.09522747 -0.9038025 0.3345909 0.2668145 -0.6807701 0.5726891 0.456705 -0.6807681 -2.07377e-5 0.7324991 -0.6807908 -0.5726897 0.4566731 -0.6807761 -0.7141274 -0.1629906 -0.6807687 -0.3178207 -0.6599575 -0.6807709 0.3178144 -0.6599584 -0.6807705 0.7141321 -0.1629939 -0.3647939 0.9077431 -0.2071905 -0.3647802 0.7279556 0.5805308 -0.3647994 0 0.9310863 -0.3647612 -0.7279568 0.5805413 -0.3647853 -0.9077478 -0.2071856 -0.3647892 -0.4039784 -0.8388864 -0.3647883 0.4039877 -0.8388824 -0.06563585 0.4374797 -0.8968297 -0.07511186 0.9757441 -0.2056249 -0.08440887 0.7862744 0.6120849 -0.08787065 -0.006284296 0.9961121 -0.06744956 -0.7851023 0.6156826 -0.07940107 -0.9784383 -0.1906673 -0.1302863 -0.3953622 -0.9092383 0.1633834 -0.5462266 -0.8215489 0.6933387 -0.7055196 -0.1467095 0.2550706 -0.9603295 -0.1127216 0.2513737 -0.5256133 -0.8127374 0.09201174 -0.9869826 -0.1319061 0.0380342 -0.71305 0.7000808 0.2750115 -0.9137716 0.2989821 0.604994 0.02038145 -0.7959691 0.3281203 0.04061704 -0.9437624 0.4079511 0.05576658 -0.9112991 0.3089317 0.6377937 -0.7055356 0.240105 0.7009063 -0.6716248 0.09291821 0.994591 0.04642277 -0.100198 0.9892339 0.1066612 -0.1190496 0.7002437 0.7039077 0.05295431 0.6761483 0.7348601 -0.04948854 0.01033437 0.9987213 0.08928936 0.00840944 0.9959703 0.3089073 -0.6770206 0.6679967 0.6360185 -0.4813837 0.6031172 0.9681659 0.01367825 -0.2499353 0.3204132 -0.4113625 -0.8532974 0.1305082 0.03009909 -0.9909903 0.229293 0.616601 -0.7531455 0.2620505 0.9636995 0.0511173 0.3072599 0.643913 0.7006907 0.3347057 0.009221315 0.9422777 0.8095345 0.01381099 0.58691 0.6399051 0.4712086 0.6070288 0.6940662 0.7017669 -0.1606093 0.3014771 0.4291068 -0.8514569 0.4227137 0.01337325 -0.9061646 0.4056926 0.8822953 -0.2386809 0.4534805 0.3175582 -0.8327739 0.01555067 0.949004 -0.3148803 0.4756448 0.6994154 0.5334606 0.02121269 0.7948806 0.6063951 0.02017879 0.02332741 0.9995242 0.4073724 0.01852875 0.9130743 0.02273768 -0.7687919 0.6390949 0.4004869 -0.6823804 0.6115286 0.02189534 -0.9967428 -0.07761776 0.3515921 -0.9352259 -0.04165965 0.02114069 -0.6044843 -0.7963365 0.09449911 -0.6709052 -0.7354973 0.01662415 0.3136554 -0.9493914 0.008254289 0.9482486 -0.3174217 0.01071596 0.794269 0.6074717 0.007439851 0.02146381 0.999742 0.01733177 -0.7661315 0.6424502 0.00611788 0.7938945 0.6080248 0.009660303 0.02046561 0.9997439 0.0192576 -0.7656531 0.6429654 0.01657009 -0.9974872 -0.06888329 0.05593752 -0.615299 -0.7863067 0.01872158 0.3210916 -0.9468631 0.006225645 0.9450235 -0.3269432 0.01588976 0.7902653 0.6125589 0.01926106 0.02242726 0.9995629 0.007594943 -0.7658405 0.6429857 0.0215218 -0.7729345 0.6341209 0.06578332 -0.9959875 -0.06067544 0.02537155 -0.5903053 -0.8067812 0.05168104 0.3047654 -0.9510243 0.0469681 0.9495315 -0.3101355 0.02668929 0.7803375 0.6247889 0.01456081 0.005169749 0.9998807 -0.2499986 -0.907418 0.3377769 -0.1278674 -0.959878 0.2495679 0.4585631 -0.1708004 0.8720936 0.4463667 -0.1332211 0.8848779 0.7638657 0.4738498 0.4381504 0.8620682 -0.3565663 -0.3601372 0.6683583 0.3296636 -0.6667978 0.08914518 0.1969516 -0.976352 0.5544832 0.8180602 -0.1527282 0.07881158 0.1775688 -0.9809476 0.5903962 0.7835571 -0.1935731 -0.006360471 -0.3542076 -0.9351453 0.4764593 0.09328734 -0.8742335 0.336975 0.7982628 -0.4992238 0.4936662 0.7153053 0.4946029 0.4451493 0.04003423 0.894561 -0.08132284 -0.7380689 0.6698066 0.2917093 -0.8067217 0.5139124 -0.1721629 -0.9149829 0.3649196 0.01091885 -0.9938764 -0.1099578 -0.5432161 -0.8163305 -0.1962673 -0.409868 -0.7539311 -0.5134163 -0.07160466 -0.772719 -0.6306965 0.5755311 -0.7599027 0.3021784 -0.6933389 -0.7055193 -0.1467098 -0.1633839 -0.5462263 -0.8215489 -0.255071 -0.9603295 -0.1127216 -0.251374 -0.5256131 -0.8127374 -0.09201204 -0.9869825 -0.1319062 -0.03803437 -0.71305 0.7000808 -0.2750113 -0.9137716 0.298982 -0.6049943 0.02038103 -0.795969 0.08132284 -0.7380689 0.6698067 -0.2917094 -0.8067216 0.5139123 -0.4451479 0.04003489 0.8945617 0.04948812 0.01033443 0.9987214 0.1190494 0.7002438 0.7039077 -0.4936662 0.7153053 0.4946029 0.100198 0.9892339 0.1066613 -0.336975 0.7982628 -0.4992237 -0.240105 0.7009063 -0.6716249 -0.4764621 0.0932874 -0.8742319 -0.4079507 0.05576658 -0.9112992 -0.3089315 0.6377937 -0.7055356 -0.3281201 0.04061692 -0.9437624 -0.2292929 0.616601 -0.7531455 -0.1305084 0.03009903 -0.9909903 -0.3014771 0.4291067 -0.8514569 -0.4227136 0.01337301 -0.9061647 -0.3204135 -0.4113624 -0.8532974 -0.9681659 0.01367837 -0.2499355 -0.6940661 0.7017671 -0.1606094 -0.2620507 0.9636994 0.05111759 -0.09291815 0.994591 0.04642301 -0.05295437 0.6761484 0.73486 -0.08928936 0.0084095 0.9959703 0.1721631 -0.914983 0.3649193 -0.01091927 -0.9938763 -0.1099578 0.5432163 -0.8163304 -0.1962674 0.006361305 -0.3542073 -0.9351454 -0.639905 0.4712088 0.6070287 -0.8095343 0.01381093 0.5869101 -0.3347057 0.009221255 0.9422777 -0.3072601 0.6439129 0.7006907 -0.6360186 -0.4813836 0.6031171 -0.3089076 -0.6770205 0.6679967 -0.07881081 0.1775687 -0.9809477 0.4098683 -0.7539309 -0.5134162 0.2499989 -0.907418 0.3377768 -0.4463665 -0.1332224 0.8848779 -0.5903964 0.7835571 -0.1935732 -0.5544829 0.8180604 -0.1527279 -0.7638655 0.4738497 0.4381504 -0.4585632 -0.1708012 0.8720933 0.1278674 -0.959878 0.2495681 0.07160484 -0.772719 -0.6306965 -0.08914464 0.1969519 -0.976352 -0.668358 0.3296648 -0.6667975 -0.862068 -0.356567 -0.3601372 -0.5755299 -0.759904 0.302178 0.3647612 -0.7279568 0.5805413 0.3647999 0 0.931086 0.6807908 -0.5726897 0.4566732 0.6807682 -2.07857e-5 0.732499 0.9037992 -0.334582 0.2668368 0.9037983 -6.37283e-6 0.4279589 1 1.70107e-6 3.38479e-7 0.9038027 0.3345907 0.2668144 0.68077 0.5726891 0.4567049 0.3647807 0.7279555 0.5805306 0.364794 0.907743 -0.2071905 0.6807704 0.7141321 -0.1629938 0.9038 0.417226 -0.09522736 0.9037975 0.1856939 -0.3855747 0.6807709 0.3178144 -0.6599583 0.3647884 0.4039876 -0.8388823 0.3647892 -0.4039784 -0.8388864 0.6807687 -0.3178207 -0.6599575 0.9037993 -0.1856831 -0.3855757 0.9037981 -0.4172298 -0.09522819 0.6807762 -0.7141274 -0.1629907 0.3647852 -0.9077477 -0.2071856</float_array>
          <technique_common>
            <accessor source="#unnamed_017-mesh-normals-array" count="254" stride="3">
              <param name="X" type="float"/>
              <param name="Y" type="float"/>
              <param name="Z" type="float"/>
            </accessor>
          </technique_common>
        </source>
        <source id="unnamed_017-mesh-map-0">
          <float_array id="unnamed_017-mesh-map-0-array" count="3000">0.5054 0.9969 0.5054 0.9533 0.547 0.9969 0.547 0.9969 0.5054 0.9533 0.547 0.9533 0.547 0.9969 0.547 0.9533 0.6224 0.9533 0.547 0.9969 0.6224 0.9533 0.6224 0.9969 0.547 0.9969 0.6224 0.9969 0.547 0.9533 0.547 0.9533 0.6224 0.9969 0.6224 0.9533 0.547 0.9533 0.6224 0.9533 0.547 0.9086 0.547 0.9086 0.6224 0.9533 0.6224 0.9086 0.547 0.9086 0.6224 0.9086 0.547 0.8217 0.547 0.8217 0.6224 0.9086 0.6224 0.8217 0.547 0.8217 0.6224 0.8217 0.6224 0.7881 0.6224 0.7881 0.547 0.7881 0.547 0.8217 0.547 0.8217 0.547 0.7881 0.5054 0.7881 0.547 0.8217 0.5054 0.7881 0.5054 0.8217 0.547 0.8217 0.5054 0.8217 0.547 0.9086 0.547 0.9086 0.5054 0.8217 0.5054 0.9086 0.547 0.9086 0.5054 0.9086 0.547 0.9533 0.547 0.9533 0.5054 0.9086 0.5054 0.9533 0.547 0.9533 0.5054 0.9533 0.547 0.9969 0.547 0.9969 0.5054 0.9533 0.5054 0.9969 0.5054 0.9969 0.5054 0.9533 0.4625 0.9969 0.5054 0.9969 0.4625 0.9969 0.4625 0.9533 0.5054 0.9969 0.4625 0.9533 0.5054 0.9533 0.5054 0.9533 0.4625 0.9533 0.4625 0.8635 0.5054 0.9533 0.4625 0.8635 0.5054 0.8635 0.5054 0.9533 0.5054 0.8635 0.547 0.8635 0.5054 0.9533 0.547 0.8635 0.547 0.9533 0.547 0.9533 0.547 0.8635 0.6224 0.9533 0.6224 0.8635 0.6224 0.9533 0.547 0.8635 0.6224 0.8635 0.547 0.8635 0.6224 0.7881 0.6224 0.7881 0.547 0.8635 0.547 0.7881 0.547 0.7881 0.547 0.8635 0.5054 0.8635 0.547 0.7881 0.5054 0.8635 0.5054 0.7881 0.5054 0.7881 0.5054 0.8635 0.4625 0.8635 0.5054 0.7881 0.4625 0.8635 0.4625 0.7881 0.5054 0.7881 0.4625 0.7881 0.5054 0.8217 0.5054 0.8217 0.4625 0.7881 0.4625 0.8217 0.5054 0.8217 0.4625 0.8217 0.5054 0.9086 0.5054 0.9086 0.4625 0.8217 0.4625 0.9086 0.5054 0.9086 0.4625 0.9086 0.4625 0.9533 0.5054 0.9086 0.4625 0.9533 0.5054 0.9533 0.5054 0.9533 0.4625 0.9533 0.4625 0.9969 0.4625 0.9969 0.4625 0.9533 0.4231 0.9969 0.4625 0.9969 0.4231 0.9969 0.4231 0.9533 0.4625 0.9969 0.4231 0.9533 0.4625 0.9533 0.4625 0.9533 0.4231 0.9533 0.4231 0.8635 0.4625 0.9533 0.4231 0.8635 0.4625 0.8635 0.4625 0.8635 0.4231 0.8635 0.4625 0.7881 0.4625 0.7881 0.4231 0.8635 0.4231 0.7881 0.4625 0.7881 0.4231 0.7881 0.4625 0.8217 0.4625 0.8217 0.4231 0.7881 0.4231 0.8217 0.4625 0.8217 0.4231 0.8217 0.4231 0.9086 0.4625 0.8217 0.4231 0.9086 0.4625 0.9086 0.4625 0.9086 0.4231 0.9086 0.4231 0.9533 0.4625 0.9086 0.4231 0.9533 0.4625 0.9533 0.4625 0.9533 0.4231 0.9533 0.4231 0.9969 0.4231 0.9969 0.4231 0.9533 0.3849 0.9969 0.4231 0.9969 0.3849 0.9969 0.3849 0.9533 0.4231 0.9969 0.3849 0.9533 0.4231 0.9533 0.4231 0.9533 0.3849 0.9533 0.3849 0.8635 0.4231 0.9533 0.3849 0.8635 0.4231 0.8635 0.4231 0.8635 0.3849 0.8635 0.3849 0.7881 0.4231 0.8635 0.3849 0.7881 0.4231 0.7881 0.4231 0.7881 0.3849 0.7881 0.3849 0.8217 0.4231 0.7881 0.3849 0.8217 0.4231 0.8217 0.4231 0.8217 0.3849 0.8217 0.3849 0.9086 0.4231 0.8217 0.3849 0.9086 0.4231 0.9086 0.4231 0.9086 0.3849 0.9086 0.3849 0.9533 0.4231 0.9086 0.3849 0.9533 0.4231 0.9533 0.4231 0.9533 0.3849 0.9533 0.3849 0.9969 0.3849 0.9969 0.3849 0.9533 0.3678 0.9969 0.3849 0.9969 0.3678 0.9969 0.3849 0.9533 0.3849 0.9533 0.3678 0.9969 0.3678 0.9533 0.3849 0.9533 0.3678 0.9533 0.3678 0.8635 0.3849 0.9533 0.3678 0.8635 0.3849 0.8635 0.3849 0.8635 0.3678 0.8635 0.3678 0.7881 0.3849 0.8635 0.3678 0.7881 0.3849 0.7881 0.3849 0.7881 0.3678 0.7881 0.3678 0.8217 0.3849 0.7881 0.3678 0.8217 0.3849 0.8217 0.3849 0.8217 0.3678 0.8217 0.3678 0.9086 0.3849 0.8217 0.3678 0.9086 0.3849 0.9086 0.3849 0.9086 0.3678 0.9086 0.3678 0.9533 0.3849 0.9086 0.3678 0.9533 0.3849 0.9533 0.3849 0.9533 0.3678 0.9533 0.3678 0.9969 0.4625 0.8635 0.5054 0.7881 0.4625 0.7881 0.4625 0.7881 0.5054 0.7881 0.5054 0.8217 0.4625 0.7881 0.5054 0.8217 0.4625 0.8217 0.4625 0.8217 0.5054 0.8217 0.5054 0.9086 0.4625 0.8217 0.5054 0.9086 0.4625 0.9086 0.4625 0.9086 0.4625 0.9086 0.4625 0.9086 0.4625 0.9086 0.4625 0.9086 0.4625 0.9086 0.4625 0.9086 0.4625 0.9086 0.4625 0.9086 0.4625 0.9086 0.4625 0.9086 0.4625 0.9086 0.4625 0.9086 0.4625 0.9086 0.4625 0.9086 0.4625 0.9086 0.4625 0.9086 0.4625 0.9086 0.4625 0.9086 0.4625 0.9086 0.4625 0.9086 0.4625 0.9086 0.4625 0.9086 0.4625 0.9086 0.4625 0.9086 0.4625 0.9086 0.4625 0.9086 0.4625 0.9086 0.4625 0.9086 0.4625 0.9086 0.4625 0.9086 0.4625 0.9086 0.4625 0.9086 0.4625 0.9086 0.4625 0.9086 0.4625 0.9086 0.4625 0.9086 0.4625 0.9086 0.4625 0.9086 0.4625 0.9086 0.4625 0.9086 0.4625 0.9086 0.4625 0.9086 0.4625 0.9086 0.4625 0.9086 0.4625 0.9086 0.4625 0.9086 0.4625 0.9086 0.4625 0.9086 0.4625 0.9086 0.4625 0.9086 0.4625 0.9086 0.4625 0.9086 0.4625 0.9086 0.4625 0.9086 0.4625 0.9086 0.4625 0.9086 0.4625 0.9086 0.4625 0.9086 0.4625 0.9086 0.4625 0.9086 0.4625 0.9086 0.4625 0.9086 0.4625 0.9086 0.4625 0.9086 0.4625 0.9086 0.4625 0.9086 0.4625 0.9086 0.4625 0.9086 0.4625 0.9086 0.4625 0.9086 0.4625 0.9086 0.4625 0.9086 0.4625 0.9086 0.4625 0.9086 0.4625 0.9086 0.4625 0.9086 0.4625 0.9086 0.4625 0.9086 0.4625 0.9086 0.4625 0.9086 0.4625 0.9086 0.4625 0.9086 0.4625 0.9086 0.4625 0.9086 0.4625 0.9086 0.4625 0.9086 0.4625 0.9086 0.4625 0.9086 0.4625 0.9086 0.4625 0.9086 0.4625 0.9086 0.4625 0.9086 0.4625 0.9086 0.4625 0.9086 0.4625 0.9086 0.4625 0.9086 0.4625 0.9086 0.4625 0.9086 0.4625 0.9086 0.4625 0.9086 0.4625 0.9086 0.4625 0.9086 0.4625 0.9086 0.4625 0.9086 0.4625 0.9086 0.4625 0.9086 0.4625 0.9086 0.4625 0.9086 0.4625 0.9086 0.4625 0.9086 0.4625 0.9086 0.4625 0.9086 0.4625 0.9086 0.4625 0.9086 0.4625 0.9086 0.4625 0.9086 0.4625 0.9086 0.4625 0.9086 0.4625 0.9086 0.4625 0.9086 0.4625 0.9086 0.4625 0.9086 0.4625 0.9086 0.4625 0.9086 0.4625 0.9086 0.4625 0.9086 0.4625 0.9086 0.4625 0.9086 0.4625 0.9086 0.4625 0.9086 0.4625 0.9086 0.4625 0.9086 0.4625 0.9086 0.4625 0.9086 0.4625 0.9086 0.4625 0.9086 0.4625 0.9086 0.4625 0.9086 0.4625 0.9086 0.4625 0.9086 0.4625 0.9086 0.4625 0.9086 0.4625 0.9086 0.4625 0.9086 0.4625 0.9086 0.4625 0.9086 0.899 0.9259 0.9223 0.938 0.8989 0.9374 0.899 0.9259 0.8989 0.9374 0.8924 0.9206 0.8924 0.9206 0.8989 0.9374 0.8923 0.9345 0.8923 0.9345 0.8989 0.9374 0.8915 0.9537 0.8923 0.9345 0.8915 0.9537 0.8753 0.9271 0.8923 0.9345 0.8753 0.9271 0.8924 0.9206 0.8924 0.9206 0.8753 0.9271 0.8779 0.909 0.8924 0.9206 0.8779 0.909 0.8935 0.916 0.8935 0.916 0.8779 0.909 0.878 0.9058 0.8935 0.916 0.878 0.9058 0.8944 0.9231 0.8944 0.9231 0.878 0.9058 0.8779 0.9131 0.8944 0.9231 0.8779 0.9131 0.8923 0.9398 0.8923 0.9398 0.8779 0.9131 0.8771 0.9371 0.8923 0.9398 0.8771 0.9371 0.8779 0.9536 0.8923 0.9398 0.8779 0.9536 0.8923 0.9537 0.8923 0.9537 0.8779 0.9536 0.878 0.9661 0.8923 0.9537 0.878 0.9661 0.8913 0.9634 0.8913 0.9634 0.878 0.9661 0.8915 0.9537 0.8913 0.9634 0.8915 0.9537 0.8989 0.9538 0.8989 0.9538 0.8915 0.9537 0.8989 0.9374 0.8989 0.9538 0.8989 0.9374 0.9171 0.9495 0.9171 0.9495 0.8989 0.9374 0.9223 0.938 0.9171 0.9495 0.9223 0.938 0.9305 0.938 0.9305 0.938 0.9223 0.938 0.9171 0.9264 0.9171 0.9264 0.9223 0.938 0.899 0.9259 0.9171 0.9264 0.899 0.9259 0.8992 0.9197 0.8992 0.9197 0.899 0.9259 0.8924 0.9206 0.8992 0.9197 0.8924 0.9206 0.8935 0.916 0.8992 0.9197 0.8935 0.916 0.899 0.9259 0.899 0.9259 0.8935 0.916 0.8944 0.9231 0.899 0.9259 0.8944 0.9231 0.8989 0.941 0.8989 0.941 0.8944 0.9231 0.8923 0.9398 0.8989 0.941 0.8923 0.9398 0.8989 0.9538 0.8989 0.9538 0.8923 0.9398 0.8923 0.9537 0.8989 0.9538 0.8923 0.9537 0.8913 0.9634 0.8989 0.9538 0.8913 0.9634 0.899 0.9618 0.899 0.9618 0.8913 0.9634 0.8989 0.9538 0.899 0.9618 0.8989 0.9538 0.9171 0.9495 0.899 0.9618 0.9171 0.9495 0.923 0.952 0.923 0.952 0.9171 0.9495 0.9305 0.938 0.923 0.952 0.9305 0.938 0.9171 0.9495 0.923 0.952 0.9171 0.9495 0.899 0.9618 0.899 0.9618 0.9171 0.9495 0.8989 0.9538 0.8989 0.9538 0.9171 0.9495 0.8989 0.941 0.8989 0.941 0.9171 0.9495 0.9223 0.938 0.8989 0.941 0.9223 0.938 0.899 0.9259 0.899 0.9259 0.9223 0.938 0.9171 0.9264 0.899 0.9259 0.9171 0.9264 0.8992 0.9197 0.8992 0.9197 0.9171 0.9264 0.923 0.9239 0.8992 0.9197 0.923 0.9239 0.9171 0.9264 0.9171 0.9264 0.923 0.9239 0.9305 0.938 0.9305 0.938 0.923 0.9239 0.9171 0.9264 0.9305 0.938 0.9171 0.9264 0.9223 0.938 0.9305 0.938 0.9223 0.938 0.9171 0.9495 0.6224 0.8635 0.6224 0.7881 0.547 0.8635 0.6224 0.8635 0.547 0.8635 0.6224 0.9533 0.6224 0.9533 0.547 0.8635 0.547 0.9533 0.6224 0.9533 0.547 0.9533 0.547 0.9969 0.6224 0.9533 0.547 0.9969 0.6224 0.9969 0.6224 0.9969 0.547 0.9969 0.547 0.9533 0.6224 0.9969 0.547 0.9533 0.6224 0.9533 0.6224 0.9533 0.547 0.9533 0.547 0.9086 0.6224 0.9533 0.547 0.9086 0.6224 0.9086 0.6224 0.9086 0.547 0.9086 0.547 0.8217 0.6224 0.9086 0.547 0.8217 0.6224 0.8217 0.6224 0.8217 0.547 0.8217 0.6224 0.7881 0.6224 0.7881 0.547 0.8217 0.547 0.7881 0.6224 0.7881 0.547 0.7881 0.547 0.8635 0.547 0.8635 0.547 0.7881 0.5054 0.8635 0.547 0.8635 0.5054 0.8635 0.5054 0.9533 0.547 0.8635 0.5054 0.9533 0.547 0.9533 0.547 0.9533 0.5054 0.9533 0.547 0.9969 0.547 0.9969 0.5054 0.9533 0.5054 0.9969 0.547 0.9969 0.5054 0.9969 0.5054 0.9533 0.547 0.9969 0.5054 0.9533 0.547 0.9533 0.547 0.9533 0.5054 0.9533 0.5054 0.9086 0.547 0.9533 0.5054 0.9086 0.547 0.9086 0.547 0.9086 0.5054 0.9086 0.5054 0.8217 0.547 0.9086 0.5054 0.8217 0.547 0.8217 0.547 0.8217 0.5054 0.8217 0.5054 0.7881 0.547 0.8217 0.5054 0.7881 0.547 0.7881 0.547 0.7881 0.5054 0.7881 0.5054 0.8635 0.5054 0.8635 0.5054 0.7881 0.4625 0.8635 0.5054 0.8635 0.4625 0.8635 0.5054 0.9533 0.5054 0.9533 0.4625 0.8635 0.4625 0.9533 0.5054 0.9533 0.4625 0.9533 0.5054 0.9969 0.5054 0.9969 0.4625 0.9533 0.4625 0.9969 0.5054 0.9969 0.4625 0.9969 0.5054 0.9533 0.5054 0.9533 0.4625 0.9969 0.4625 0.9533 0.5054 0.9533 0.4625 0.9533 0.5054 0.9086 0.5054 0.9086 0.4625 0.9533 0.4625 0.9086 0.4625 0.9086 0.4625 0.9533 0.4231 0.9086 0.4625 0.9086 0.4231 0.9086 0.4625 0.8217 0.4625 0.8217 0.4231 0.9086 0.4231 0.8217 0.4625 0.8217 0.4231 0.8217 0.4231 0.7881 0.4625 0.8217 0.4231 0.7881 0.4625 0.7881 0.4625 0.7881 0.4231 0.7881 0.4231 0.8635 0.4625 0.7881 0.4231 0.8635 0.4625 0.8635 0.4625 0.8635 0.4231 0.8635 0.4625 0.9533 0.4625 0.9533 0.4231 0.8635 0.4231 0.9533 0.4625 0.9533 0.4231 0.9533 0.4625 0.9969 0.4625 0.9969 0.4231 0.9533 0.4231 0.9969 0.4625 0.9969 0.4231 0.9969 0.4625 0.9533 0.4625 0.9533 0.4231 0.9969 0.4231 0.9533 0.4625 0.9533 0.4231 0.9533 0.4231 0.9086 0.4231 0.9086 0.4231 0.9533 0.3849 0.9533 0.4231 0.9086 0.3849 0.9533 0.3849 0.9086 0.4231 0.9086 0.3849 0.9086 0.4231 0.8217 0.4231 0.8217 0.3849 0.9086 0.3849 0.8217 0.4231 0.8217 0.3849 0.8217 0.4231 0.7881 0.4231 0.7881 0.3849 0.8217 0.3849 0.7881 0.4231 0.7881 0.3849 0.7881 0.4231 0.8635 0.4231 0.8635 0.3849 0.7881 0.3849 0.8635 0.4231 0.8635 0.3849 0.8635 0.4231 0.9533 0.4231 0.9533 0.3849 0.8635 0.3849 0.9533 0.4231 0.9533 0.3849 0.9533 0.4231 0.9969 0.4231 0.9969 0.3849 0.9533 0.3849 0.9969 0.4231 0.9969 0.3849 0.9969 0.4231 0.9533 0.4231 0.9533 0.3849 0.9969 0.3849 0.9533 0.3849 0.9533 0.3849 0.9969 0.3678 0.9969 0.3849 0.9533 0.3678 0.9969 0.3678 0.9533 0.3849 0.9533 0.3678 0.9533 0.3849 0.9086 0.3849 0.9086 0.3678 0.9533 0.3678 0.9086 0.3849 0.9086 0.3678 0.9086 0.3849 0.8217 0.3849 0.8217 0.3678 0.9086 0.3678 0.8217 0.3849 0.8217 0.3678 0.8217 0.3849 0.7881 0.3849 0.7881 0.3678 0.8217 0.3678 0.7881 0.3849 0.7881 0.3678 0.7881 0.3849 0.8635 0.3849 0.8635 0.3678 0.7881 0.3678 0.8635 0.3849 0.8635 0.3678 0.8635 0.3849 0.9533 0.3849 0.9533 0.3678 0.8635 0.3678 0.9533 0.3849 0.9533 0.3678 0.9533 0.3678 0.9969 0.3849 0.9533 0.3678 0.9969 0.3849 0.9969 0.8664 0.9085 0.8794 0.9052 0.8936 0.918 0.8664 0.9085 0.8936 0.918 0.8776 0.9203 0.8776 0.9203 0.8936 0.918 0.8939 0.91 0.8939 0.91 0.8936 0.918 0.8963 0.9039 0.8939 0.91 0.8963 0.9039 0.8963 0.8986 0.8963 0.8986 0.8963 0.9039 0.8794 0.8912 0.8963 0.8986 0.8794 0.8912 0.8941 0.9041 0.8941 0.9041 0.8794 0.8912 0.8634 0.8945 0.8941 0.9041 0.8634 0.8945 0.8781 0.9064 0.8781 0.9064 0.8634 0.8945 0.8779 0.909 0.8779 0.909 0.8634 0.8945 0.8398 0.8929 0.8779 0.909 0.8398 0.8929 0.8398 0.8909 0.8779 0.909 0.8398 0.8909 0.878 0.9058 0.878 0.9058 0.8398 0.8909 0.8779 0.9131 0.8779 0.9131 0.8398 0.8909 0.8398 0.9099 0.8779 0.9131 0.8398 0.9099 0.8771 0.9371 0.8771 0.9371 0.8398 0.9099 0.8398 0.9491 0.8771 0.9371 0.8398 0.9491 0.8779 0.9536 0.8779 0.9536 0.8398 0.9491 0.8398 0.96 0.8779 0.9536 0.8398 0.96 0.878 0.9661 0.878 0.9661 0.8398 0.96 0.8749 0.9536 0.878 0.9661 0.8749 0.9536 0.8915 0.9537 0.8915 0.9537 0.8749 0.9536 0.8753 0.9271 0.8753 0.9271 0.8749 0.9536 0.8398 0.9491 0.8753 0.9271 0.8398 0.9491 0.8496 0.9202 0.8496 0.9202 0.8398 0.9491 0.8398 0.9183 0.8496 0.9202 0.8398 0.9183 0.8447 0.9067 0.8447 0.9067 0.8398 0.9183 0.8398 0.8929 0.8447 0.9067 0.8398 0.8929 0.8646 0.9 0.8646 0.9 0.8398 0.8929 0.8634 0.8945 0.8646 0.9 0.8634 0.8945 0.8794 0.8979 0.8794 0.8979 0.8634 0.8945 0.8794 0.8912 0.8794 0.8979 0.8794 0.8912 0.8963 0.9039 0.8794 0.8979 0.8963 0.9039 0.8962 0.9107 0.8962 0.9107 0.8963 0.9039 0.8936 0.918 0.8962 0.9107 0.8936 0.918 0.8794 0.9052 0.8962 0.9107 0.8794 0.9052 0.8794 0.8979 0.8794 0.8979 0.8794 0.9052 0.8646 0.9 0.8646 0.9 0.8794 0.9052 0.8664 0.9085 0.8646 0.9 0.8664 0.9085 0.8447 0.9067 0.8447 0.9067 0.8664 0.9085 0.8496 0.9202 0.8496 0.9202 0.8664 0.9085 0.8753 0.9271 0.8753 0.9271 0.8664 0.9085 0.8776 0.9203 0.8753 0.9271 0.8776 0.9203 0.8779 0.909 0.8779 0.909 0.8776 0.9203 0.8781 0.9064 0.8781 0.9064 0.8776 0.9203 0.8939 0.91 0.8781 0.9064 0.8939 0.91 0.8941 0.9041 0.8941 0.9041 0.8939 0.91 0.8963 0.8986 0.9223 0.938 0.899 0.9259 0.8989 0.9374 0.8989 0.9374 0.899 0.9259 0.8924 0.9206 0.8989 0.9374 0.8924 0.9206 0.8923 0.9345 0.8989 0.9374 0.8923 0.9345 0.8915 0.9537 0.8915 0.9537 0.8923 0.9345 0.8753 0.9271 0.8753 0.9271 0.8923 0.9345 0.8924 0.9206 0.8753 0.9271 0.8924 0.9206 0.8779 0.909 0.8749 0.9536 0.8398 0.9491 0.8398 0.96 0.8749 0.9536 0.8398 0.96 0.878 0.9661 0.878 0.9661 0.8398 0.96 0.8779 0.9536 0.8779 0.9536 0.8398 0.96 0.8398 0.9491 0.8779 0.9536 0.8398 0.9491 0.8771 0.9371 0.8771 0.9371 0.8398 0.9491 0.8398 0.9099 0.8771 0.9371 0.8398 0.9099 0.8779 0.9131 0.8779 0.9131 0.8398 0.9099 0.8398 0.8909 0.8779 0.9131 0.8398 0.8909 0.878 0.9058 0.8779 0.9131 0.878 0.9058 0.8944 0.9231 0.8944 0.9231 0.878 0.9058 0.8935 0.916 0.8944 0.9231 0.8935 0.916 0.899 0.9259 0.899 0.9259 0.8935 0.916 0.8992 0.9197 0.899 0.9259 0.8992 0.9197 0.9171 0.9264 0.9171 0.9264 0.8992 0.9197 0.923 0.9239 0.923 0.9239 0.8992 0.9197 0.9171 0.9264 0.923 0.9239 0.9171 0.9264 0.9305 0.938 0.923 0.9239 0.9305 0.938 0.9171 0.9264 0.9171 0.9264 0.9305 0.938 0.9223 0.938 0.9171 0.9264 0.9223 0.938 0.899 0.9259 0.899 0.9259 0.9223 0.938 0.8989 0.941 0.899 0.9259 0.8989 0.941 0.8944 0.9231 0.8944 0.9231 0.8989 0.941 0.8923 0.9398 0.8944 0.9231 0.8923 0.9398 0.8779 0.9131 0.8779 0.9131 0.8923 0.9398 0.8771 0.9371 0.8771 0.9371 0.8923 0.9398 0.8779 0.9536 0.8779 0.9536 0.8923 0.9398 0.8923 0.9537 0.8779 0.9536 0.8923 0.9537 0.878 0.9661 0.878 0.9661 0.8923 0.9537 0.8913 0.9634 0.878 0.9661 0.8913 0.9634 0.8915 0.9537 0.878 0.9661 0.8915 0.9537 0.8749 0.9536 0.8749 0.9536 0.8915 0.9537 0.8753 0.9271 0.8749 0.9536 0.8753 0.9271 0.8398 0.9491 0.8398 0.9491 0.8753 0.9271 0.8496 0.9202 0.8398 0.9491 0.8496 0.9202 0.8398 0.9183 0.8398 0.9183 0.8496 0.9202 0.8447 0.9067 0.8398 0.9183 0.8447 0.9067 0.8398 0.8929 0.9171 0.9495 0.923 0.952 0.899 0.9618 0.9171 0.9495 0.899 0.9618 0.8989 0.9538 0.8989 0.9538 0.899 0.9618 0.8913 0.9634 0.8989 0.9538 0.8913 0.9634 0.8923 0.9537 0.8923 0.9537 0.8923 0.9398 0.8989 0.9538 0.8989 0.9538 0.8923 0.9398 0.8989 0.941 0.8989 0.9538 0.8989 0.941 0.9171 0.9495 0.9171 0.9495 0.8989 0.941 0.9223 0.938 0.9171 0.9495 0.9223 0.938 0.9305 0.938 0.9171 0.9495 0.9305 0.938 0.923 0.952 0.923 0.952 0.9305 0.938 0.9171 0.9495 0.923 0.952 0.9171 0.9495 0.899 0.9618 0.899 0.9618 0.9171 0.9495 0.8989 0.9538 0.899 0.9618 0.8989 0.9538 0.8913 0.9634 0.8913 0.9634 0.8989 0.9538 0.8915 0.9537 0.8915 0.9537 0.8989 0.9538 0.8989 0.9374 0.8989 0.9374 0.8989 0.9538 0.9171 0.9495 0.8989 0.9374 0.9171 0.9495 0.9223 0.938 0.9223 0.938 0.9171 0.9495 0.9305 0.938 0.9223 0.938 0.9305 0.938 0.9171 0.9264 0.9223 0.938 0.9171 0.9264 0.899 0.9259 0.899 0.9259 0.9171 0.9264 0.8992 0.9197 0.899 0.9259 0.8992 0.9197 0.8924 0.9206 0.8924 0.9206 0.8992 0.9197 0.8935 0.916 0.8924 0.9206 0.8935 0.916 0.8779 0.909 0.8779 0.909 0.8935 0.916 0.878 0.9058 0.8779 0.909 0.878 0.9058 0.8398 0.8909 0.8779 0.909 0.8398 0.8909 0.8398 0.8929 0.8779 0.909 0.8398 0.8929 0.8634 0.8945 0.8634 0.8945 0.8398 0.8929 0.8646 0.9 0.8646 0.9 0.8398 0.8929 0.8447 0.9067 0.8646 0.9 0.8447 0.9067 0.8664 0.9085 0.8664 0.9085 0.8447 0.9067 0.8496 0.9202 0.8664 0.9085 0.8496 0.9202 0.8753 0.9271 0.8664 0.9085 0.8753 0.9271 0.8776 0.9203 0.8776 0.9203 0.8753 0.9271 0.8779 0.909 0.8776 0.9203 0.8779 0.909 0.8781 0.9064 0.8781 0.9064 0.8779 0.909 0.8634 0.8945 0.8781 0.9064 0.8634 0.8945 0.8941 0.9041 0.8781 0.9064 0.8941 0.9041 0.8939 0.91 0.8781 0.9064 0.8939 0.91 0.8776 0.9203 0.8776 0.9203 0.8939 0.91 0.8936 0.918 0.8776 0.9203 0.8936 0.918 0.8664 0.9085 0.8664 0.9085 0.8936 0.918 0.8794 0.9052 0.8664 0.9085 0.8794 0.9052 0.8646 0.9 0.8646 0.9 0.8794 0.9052 0.8794 0.8979 0.8646 0.9 0.8794 0.8979 0.8634 0.8945 0.8634 0.8945 0.8794 0.8979 0.8794 0.8912 0.8634 0.8945 0.8794 0.8912 0.8941 0.9041 0.8941 0.9041 0.8794 0.8912 0.8963 0.8986 0.8941 0.9041 0.8963 0.8986 0.8939 0.91 0.8939 0.91 0.8963 0.8986 0.8963 0.9039 0.8939 0.91 0.8963 0.9039 0.8936 0.918 0.8936 0.918 0.8963 0.9039 0.8962 0.9107 0.8936 0.918 0.8962 0.9107 0.8794 0.9052 0.8794 0.9052 0.8962 0.9107 0.8794 0.8979 0.8794 0.8979 0.8962 0.9107 0.8963 0.9039 0.8794 0.8979 0.8963 0.9039 0.8794 0.8912 0.8794 0.8912 0.8963 0.9039 0.8963 0.8986 0.8398 0.9491 0.8749 0.9536 0.8398 0.96 0.2589 0.9347 0.267 0.9347 0.26 0.9393 0.2589 0.9347 0.26 0.9393 0.2616 0.9347 0.2616 0.9347 0.26 0.9393 0.2624 0.9393 0.2616 0.9347 0.2624 0.9393 0.2711 0.9393 0.2616 0.9347 0.2711 0.9393 0.2711 0.9347 0.2711 0.9347 0.2711 0.9393 0.2819 0.9347 0.2819 0.9347 0.2711 0.9393 0.2813 0.9393 0.2819 0.9347 0.2813 0.9393 0.2842 0.9347 0.2842 0.9347 0.2813 0.9393 0.2831 0.9393 0.2842 0.9347 0.2831 0.9393 0.2806 0.9347 0.2806 0.9347 0.2831 0.9393 0.2799 0.9393 0.2806 0.9347 0.2799 0.9393 0.267 0.9347 0.267 0.9347 0.2799 0.9393 0.269 0.9393 0.267 0.9347 0.269 0.9393 0.26 0.9393 0.4625 0.9086 0.4625 0.9086 0.4625 0.9086 0.4625 0.9086 0.4625 0.9086 0.4625 0.9086 0.4625 0.9086 0.4625 0.9086 0.4625 0.9086 0.4625 0.9086 0.4625 0.9086 0.4625 0.9086 0.4625 0.9086 0.4625 0.9086 0.4625 0.9086 0.4625 0.9086 0.4625 0.9086 0.4625 0.9086 0.4625 0.9086 0.4625 0.9086 0.4625 0.9086 0.4625 0.9086 0.4625 0.9086 0.4625 0.9086 0.4625 0.9086 0.4625 0.9086 0.4625 0.9086 0.4625 0.9086 0.4625 0.9086 0.4625 0.9086 0.4625 0.9086 0.4625 0.9086 0.4625 0.9086 0.4625 0.9086 0.4625 0.9086 0.4625 0.9086 0.4625 0.9086 0.4625 0.9086 0.4625 0.9086 0.4625 0.9086 0.4625 0.9086 0.4625 0.9086 0.4625 0.9086 0.4625 0.9086 0.4625 0.9086 0.4625 0.9086 0.4625 0.9086 0.4625 0.9086 0.4625 0.9086 0.4625 0.9086 0.4625 0.9086 0.4625 0.9086 0.4625 0.9086 0.4625 0.9086 0.4625 0.9086 0.4625 0.9086 0.4625 0.9086 0.4625 0.9086 0.4625 0.9086 0.4625 0.9086 0.4625 0.9086 0.4625 0.9086 0.4625 0.9086 0.4625 0.9086 0.4625 0.9086 0.4625 0.9086 0.4625 0.9086 0.4625 0.9086 0.4625 0.9086 0.4625 0.9086 0.4625 0.9086 0.4625 0.9086 0.4625 0.9086 0.4625 0.9086 0.4625 0.9086 0.4625 0.9086 0.4625 0.9086 0.4625 0.9086 0.4625 0.9086 0.4625 0.9086 0.4625 0.9086 0.4625 0.9086 0.4625 0.9086 0.4625 0.9086 0.4625 0.9086 0.4625 0.9086 0.4625 0.9086 0.4625 0.9086 0.4625 0.9086 0.4625 0.9086 0.4625 0.9086 0.4625 0.9086 0.4625 0.9086 0.4625 0.9086 0.4625 0.9086 0.4625 0.9086 0.4625 0.9086 0.4625 0.9086 0.4625 0.9086 0.4625 0.9086 0.4625 0.9086 0.4625 0.9086 0.4625 0.9086 0.4625 0.9086 0.4625 0.9086 0.4625 0.9086 0.4625 0.9086 0.4625 0.9086 0.4625 0.9086 0.4625 0.9086 0.4625 0.9086 0.4625 0.9086 0.4625 0.9086 0.4625 0.9086 0.4625 0.9086 0.4625 0.9086 0.4625 0.9086 0.4625 0.9086 0.4625 0.9086 0.4625 0.9086 0.4625 0.9086 0.4625 0.9086 0.4625 0.9086 0.4625 0.9086 0.4625 0.9086 0.4625 0.9086 0.4625 0.9086 0.4625 0.9086 0.4625 0.9086 0.4625 0.9086 0.4625 0.9086 0.4625 0.9086 0.4625 0.9086 0.4625 0.9086 0.4625 0.9086 0.4625 0.9086 0.4625 0.9086 0.4625 0.9086 0.4625 0.9086 0.4625 0.9086 0.4625 0.9086 0.4625 0.9086 0.4625 0.9086 0.4625 0.9086 0.4625 0.9086 0.4625 0.9086 0.4625 0.9086 0.248 0.9428 0.2418 0.9428 0.2459 0.9311 0.248 0.9428 0.2459 0.9311 0.2703 0.9428 0.2703 0.9428 0.2459 0.9311 0.2703 0.9311 0.2703 0.9428 0.2703 0.9311 0.298 0.9311 0.2703 0.9428 0.298 0.9311 0.2967 0.9428 0.2967 0.9428 0.298 0.9311 0.304 0.9311 0.2967 0.9428 0.304 0.9311 0.3011 0.9428 0.3011 0.9428 0.304 0.9311 0.2948 0.9311 0.3011 0.9428 0.2948 0.9311 0.2929 0.9428 0.2929 0.9428 0.2948 0.9311 0.2598 0.9311 0.2929 0.9428 0.2598 0.9311 0.2651 0.9428 0.2651 0.9428 0.2598 0.9311 0.2418 0.9428 0.2418 0.9428 0.2598 0.9311 0.2391 0.9311 0.2418 0.9428 0.2391 0.9311 0.2459 0.9311</float_array>
          <technique_common>
            <accessor source="#unnamed_017-mesh-map-0-array" count="1500" stride="2">
              <param name="S" type="float"/>
              <param name="T" type="float"/>
            </accessor>
          </technique_common>
        </source>
        <source id="unnamed_017-mesh-colors-Col" name="Col">
          <float_array id="unnamed_017-mesh-colors-Col-array" count="6000">0 0 0 1 0 0 0 1 0 0 0 1 0 0 0 1 0 0 0 1 0 0 0 1 0 0 0 1 0 0 0 1 0 0 0 1 0 0 0 1 0 0 0 1 0 0 0 1 0 0 0 1 0 0 0 1 0 0 0 1 0 0 0 1 0 0 0 1 0 0 0 1 0 0 0 1 0 0 0 1 0 0 0 1 0 0 0 1 0 0 0 1 0 0 0 1 0 0 0 1 0 0 0 1 0 0 0 1 0 0 0 1 0 0 0 1 0 0 0 1 0 0 0 1 0 0 0 1 0 0 0 1 0 0 0 1 0 0 0 1 0 0 0 1 0 0 0 1 0 0 0 1 0 0 0 1 0 0 0 1 0 0 0 1 0 0 0 1 0 0 0 1 0 0 0 1 0 0 0 1 0 0 0 1 0 0 0 1 0 0 0 1 0 0 0 1 0 0 0 1 0 0 0 1 0 0 0 1 0 0 0 1 0 0 0 1 0 0 0 1 0 0 0 1 0 0 0 1 0 0 0 1 0 0 0 1 0 0 0 1 0 0 0 1 0 0 0 1 0 0 0 1 0 0 0 1 0 0 0 1 0 0 0 1 0 0 0 1 0 0 0 1 0 0 0 1 0 0 0 1 0 0 0 1 0 0 0 1 0 0 0 1 0 0 0 1 0 0 0 1 0 0 0 1 0 0 0 1 0 0 0 1 0 0 0 1 0 0 0 1 0 0 0 1 0 0 0 1 0 0 0 1 0 0 0 1 0 0 0 1 0 0 0 1 0 0 0 1 0 0 0 1 0 0 0 1 0 0 0 1 0 0 0 1 0 0 0 1 0 0 0 1 0 0 0 1 0 0 0 1 0 0 0 1 0 0 0 1 0 0 0 1 0 0 0 1 0 0 0 1 0 0 0 1 0 0 0 1 0 0 0 1 0 0 0 1 0 0 0 1 0 0 0 1 0 0 0 1 0 0 0 1 0 0 0 1 0 0 0 1 0 0 0 1 0 0 0 1 0 0 0 1 0 0 0 1 0 0 0 1 0 0 0 1 0 0 0 1 0 0 0 1 0 0 0 1 0 0 0 1 0 0 0 1 0 0 0 1 0 0 0 1 0 0 0 1 0 0 0 1 0 0 0 1 0 0 0 1 0 0 0 1 0 0 0 1 0 0 0 1 0 0 0 1 0 0 0 1 0 0 0 1 0 0 0 1 0 0 0 1 0 0 0 1 0 0 0 1 0 0 0 1 0 0 0 1 0 0 0 1 0 0 0 1 0 0 0 1 0 0 0 1 0 0 0 1 0 0 0 1 0 0 0 1 0 0 0 1 0 0 0 1 0 0 0 1 0 0 0 1 0 0 0 1 0 0 0 1 0 0 0 1 0 0 0 1 0 0 0 1 0 0 0 1 0 0 0 1 0 0 0 1 0 0 0 1 0 0 0 1 0 0 0 1 0 0 0 1 0 0 0 1 0 0 0 1 0 0 0 1 0 0 0 1 0 0 0 1 0 0 0 1 0 0 0 1 0 0 0 1 0 0 0 1 0 0 0 1 0 0 0 1 0 0 0 1 0 0 0 1 0 0 0 1 0 0 0 1 0 0 0 1 0 0 0 1 0 0 0 1 0 0 0 1 0 0 0 1 0 0 0 1 0 0 0 1 0 0 0 1 0 0 0 1 0 0 0 1 0 0 0 1 0 0 0 1 0 0 0 1 0 0 0 1 0 0 0 1 0 0 0 1 0 0 0 1 0 0 0 1 0 0 0 1 0 0 0 1 0 0 0 1 0 0 0 1 0 0 0 1 0 0 0 1 0 0 0 1 0 0 0 1 0 0 0 1 0 0 0 1 0 0 0 1 0 0 0 1 0 0 0 1 0 0 0 1 0 0 0 1 0 0 0 1 0 0 0 1 0 0 0 1 0 0 0 1 0 0 0 1 0 0 0 1 0 0 0 1 0 0 0 1 0 0 0 1 0 0 0 1 0 0 0 1 0 0 0 1 0 0 0 1 0 0 0 1 0 0 0 1 0 0 0 1 0 0 0 1 0 0 0 1 0 0 0 1 0 0 0 1 0 0 0 1 0 0 0 1 0 0 0 1 0 0 0 1 0 0 0 1 0 0 0 1 0 0 0 1 0 0 0 1 0 0 0 1 0 0 0 1 0 0 0 1 0 0 0 1 0 0 0 1 0 0 0 1 0 0 0 1 0 0 0 1 0 0 0 1 0 0 0 1 0 0 0 1 0 0 0 1 0 0 0 1 0 0 0 1 0 0 0 1 0 0 0 1 0 0 0 1 0 0 0 1 0 0 0 1 0 0 0 1 0 0 0 1 0 0 0 1 0 0 0 1 0 0 0 1 0 0 0 1 0 0 0 1 0 0 0 1 0 0 0 1 0 0 0 1 0 0 0 1 0 0 0 1 0 0 0 1 0 0 0 1 0 0 0 1 0 0 0 1 0 0 0 1 0 0 0 1 0 0 0 1 0 0 0 1 0 0 0 1 0 0 0 1 0 0 0 1 0 0 0 1 0 0 0 1 0 0 0 1 0 0 0 1 0 0 0 1 0 0 0 1 0 0 0 1 0 0 0 1 0 0 0 1 0 0 0 1 0 0 0 1 0 0 0 1 0 0 0 1 0 0 0 1 0 0 0 1 0 0 0 1 0 0 0 1 0 0 0 1 0 0 0 1 0 0 0 1 0 0 0 1 0 0 0 1 0 0 0 1 0 0 0 1 0 0 0 1 0 0 0 1 0 0 0 1 0 0 0 1 0 0 0 1 0 0 0 1 0 0 0 1 0 0 0 1 0 0 0 1 0 0 0 1 0 0 0 1 0 0 0 1 0 0 0 1 0 0 0 1 0 0 0 1 0 0 0 1 0 0 0 1 0 0 0 1 0 0 0 1 0 0 0 1 0 0 0 1 0 0 0 1 0 0 0 1 0 0 0 1 0 0 0 1 0 0 0 1 0 0 0 1 0 0 0 1 0 0 0 1 0 0 0 1 0 0 0 1 0 0 0 1 0 0 0 1 0 0 0 1 0 0 0 1 0 0 0 1 0 0 0 1 0 0 0 1 0 0 0 1 0 0 0 1 0 0 0 1 0 0 0 1 0 0 0 1 0 0 0 1 0 0 0 1 0 0 0 1 0 0 0 1 0 0 0 1 0 0 0 1 0 0 0 1 0 0 0 1 0 0 0 1 0 0 0 1 0 0 0 1 0 0 0 1 0 0 0 1 0 0 0 1 0 0 0 1 0 0 0 1 0 0 0 1 0 0 0 1 0 0 0 1 0 0 0 1 0 0 0 1 0 0 0 1 0 0 0 1 0 0 0 1 0 0 0 1 0 0 0 1 0 0 0 1 0 0 0 1 0 0 0 1 0 0 0 1 0 0 0 1 0 0 0 1 0 0 0 1 0 0 0 1 0 0 0 1 0 0 0 1 0 0 0 1 0 0 0 1 0 0 0 1 0 0 0 1 0 0 0 1 0 0 0 1 0 0 0 1 0 0 0 1 0 0 0 1 0 0 0 1 0 0 0 1 0 0 0 1 0 0 0 1 0 0 0 1 0 0 0 1 0 0 0 1 0 0 0 1 0 0 0 1 0 0 0 1 0 0 0 1 0 0 0 1 0 0 0 1 0 0 0 1 0 0 0 1 0 0 0 1 0 0 0 1 0 0 0 1 0 0 0 1 0 0 0 1 0 0 0 1 0 0 0 1 0 0 0 1 0 0 0 1 0 0 0 1 0 0 0 1 0 0 0 1 0 0 0 1 0 0 0 1 0 0 0 1 0 0 0 1 0 0 0 1 0 0 0 1 0 0 0 1 0 0 0 1 0 0 0 1 0 0 0 1 0 0 0 1 0 0 0 1 0 0 0 1 0 0 0 1 0 0 0 1 0 0 0 1 0 0 0 1 0 0 0 1 0 0 0 1 0 0 0 1 0 0 0 1 0 0 0 1 0 0 0 1 0 0 0 1 0 0 0 1 0 0 0 1 0 0 0 1 0 0 0 1 0 0 0 1 0 0 0 1 0 0 0 1 0 0 0 1 0 0 0 1 0 0 0 1 0 0 0 1 0 0 0 1 0 0 0 1 0 0 0 1 0 0 0 1 0 0 0 1 0 0 0 1 0 0 0 1 0 0 0 1 0 0 0 1 0 0 0 1 0 0 0 1 0 0 0 1 0 0 0 1 0 0 0 1 0 0 0 1 0 0 0 1 0 0 0 1 0 0 0 1 0 0 0 1 0 0 0 1 0 0 0 1 0 0 0 1 0 0 0 1 0 0 0 1 0 0 0 1 0 0 0 1 0 0 0 1 0 0 0 1 0 0 0 1 0 0 0 1 0 0 0 1 0 0 0 1 0 0 0 1 0 0 0 1 0 0 0 1 0 0 0 1 0 0 0 1 0 0 0 1 0 0 0 1 0 0 0 1 0 0 0 1 0 0 0 1 0 0 0 1 0 0 0 1 0 0 0 1 0 0 0 1 0 0 0 1 0 0 0 1 0 0 0 1 0 0 0 1 0 0 0 1 0 0 0 1 0 0 0 1 0 0 0 1 0 0 0 1 0 0 0 1 0 0 0 1 0 0 0 1 0 0 0 1 0 0 0 1 0 0 0 1 0 0 0 1 0 0 0 1 0 0 0 1 0 0 0 1 0 0 0 1 0 0 0 1 0 0 0 1 0 0 0 1 0 0 0 1 0 0 0 1 0 0 0 1 0 0 0 1 0 0 0 1 0 0 0 1 0 0 0 1 0 0 0 1 0 0 0 1 0 0 0 1 0 0 0 1 0 0 0 1 0 0 0 1 0 0 0 1 0 0 0 1 0 0 0 1 0 0 0 1 0 0 0 1 0 0 0 1 0 0 0 1 0 0 0 1 0 0 0 1 0 0 0 1 0 0 0 1 0 0 0 1 0 0 0 1 0 0 0 1 0 0 0 1 0 0 0 1 0 0 0 1 0 0 0 1 0 0 0 1 0 0 0 1 0 0 0 1 0 0 0 1 0 0 0 1 0 0 0 1 0 0 0 1 0 0 0 1 0 0 0 1 0 0 0 1 0 0 0 1 0 0 0 1 0 0 0 1 0 0 0 1 0 0 0 1 0 0 0 1 0 0 0 1 0 0 0 1 0 0 0 1 0 0 0 1 0 0 0 1 0 0 0 1 0 0 0 1 0 0 0 1 0 0 0 1 0 0 0 1 0 0 0 1 0 0 0 1 0 0 0 1 0 0 0 1 0 0 0 1 0 0 0 1 0 0 0 1 0 0 0 1 0 0 0 1 0 0 0 1 0 0 0 1 0 0 0 1 0 0 0 1 0 0 0 1 0 0 0 1 0 0 0 1 0 0 0 1 0 0 0 1 0 0 0 1 0 0 0 1 0 0 0 1 0 0 0 1 0 0 0 1 0 0 0 1 0 0 0 1 0 0 0 1 0 0 0 1 0 0 0 1 0 0 0 1 0 0 0 1 0 0 0 1 0 0 0 1 0 0 0 1 0 0 0 1 0 0 0 1 0 0 0 1 0 0 0 1 0 0 0 1 0 0 0 1 0 0 0 1 0 0 0 1 0 0 0 1 0 0 0 1 0 0 0 1 0 0 0 1 0 0 0 1 0 0 0 1 0 0 0 1 0 0 0 1 0 0 0 1 0 0 0 1 0 0 0 1 0 0 0 1 0 0 0 1 0 0 0 1 0 0 0 1 0 0 0 1 0 0 0 1 0 0 0 1 0 0 0 1 0 0 0 1 0 0 0 1 0 0 0 1 0 0 0 1 0 0 0 1 0 0 0 1 0 0 0 1 0 0 0 1 0 0 0 1 0 0 0 1 0 0 0 1 0 0 0 1 0 0 0 1 0 0 0 1 0 0 0 1 0 0 0 1 0 0 0 1 0 0 0 1 0 0 0 1 0 0 0 1 0 0 0 1 0 0 0 1 0 0 0 1 0 0 0 1 0 0 0 1 0 0 0 1 0 0 0 1 0 0 0 1 0 0 0 1 0 0 0 1 0 0 0 1 0 0 0 1 0 0 0 1 0 0 0 1 0 0 0 1 0 0 0 1 0 0 0 1 0 0 0 1 0 0 0 1 0 0 0 1 0 0 0 1 0 0 0 1 0 0 0 1 0 0 0 1 0 0 0 1 0 0 0 1 0 0 0 1 0 0 0 1 0 0 0 1 0 0 0 1 0 0 0 1 0 0 0 1 0 0 0 1 0 0 0 1 0 0 0 1 0 0 0 1 0 0 0 1 0 0 0 1 0 0 0 1 0 0 0 1 0 0 0 1 0 0 0 1 0 0 0 1 0 0 0 1 0 0 0 1 0 0 0 1 0 0 0 1 0 0 0 1 0 0 0 1 0 0 0 1 0 0 0 1 0 0 0 1 0 0 0 1 0 0 0 1 0 0 0 1 0 0 0 1 0 0 0 1 0 0 0 1 0 0 0 1 0 0 0 1 0 0 0 1 0 0 0 1 0 0 0 1 0 0 0 1 0 0 0 1 0 0 0 1 0 0 0 1 0 0 0 1 0 0 0 1 0 0 0 1 0 0 0 1 0 0 0 1 0 0 0 1 0 0 0 1 0 0 0 1 0 0 0 1 0 0 0 1 0 0 0 1 0 0 0 1 0 0 0 1 0 0 0 1 0 0 0 1 0 0 0 1 0 0 0 1 0 0 0 1 0 0 0 1 0 0 0 1 0 0 0 1 0 0 0 1 0 0 0 1 0 0 0 1 0 0 0 1 0 0 0 1 0 0 0 1 0 0 0 1 0 0 0 1 0 0 0 1 0 0 0 1 0 0 0 1 0 0 0 1 0 0 0 1 0 0 0 1 0 0 0 1 0 0 0 1 0 0 0 1 0 0 0 1 0 0 0 1 0 0 0 1 0 0 0 1 0 0 0 1 0 0 0 1 0 0 0 1 0 0 0 1 0 0 0 1 0 0 0 1 0 0 0 1 0 0 0 1 0 0 0 1 0 0 0 1 0 0 0 1 0 0 0 1 0 0 0 1 0 0 0 1 0 0 0 1 0 0 0 1 0 0 0 1 0 0 0 1 0 0 0 1 0 0 0 1 0 0 0 1 0 0 0 1 0 0 0 1 0 0 0 1 0 0 0 1 0 0 0 1 0 0 0 1 0 0 0 1 0 0 0 1 0 0 0 1 0 0 0 1 0 0 0 1 0 0 0 1 0 0 0 1 0 0 0 1 0 0 0 1 0 0 0 1 0 0 0 1 0 0 0 1 0 0 0 1 0 0 0 1 0 0 0 1 0 0 0 1 0 0 0 1 0 0 0 1 0 0 0 1 0 0 0 1 0 0 0 1 0 0 0 1 0 0 0 1 0 0 0 1 0 0 0 1 0 0 0 1 0 0 0 1 0 0 0 1 0 0 0 1 0 0 0 1 0 0 0 1 0 0 0 1 0 0 0 1 0 0 0 1 0 0 0 1 0 0 0 1 0 0 0 1 0 0 0 1 0 0 0 1 0 0 0 1 0 0 0 1 0 0 0 1 0 0 0 1 0 0 0 1 0 0 0 1 0 0 0 1 0 0 0 1 0 0 0 1 0 0 0 1 0 0 0 1 0 0 0 1 0 0 0 1 0 0 0 1 0 0 0 1 0 0 0 1 0 0 0 1 0 0 0 1 0 0 0 1 0 0 0 1 0 0 0 1 0 0 0 1 0 0 0 1 0 0 0 1 0 0 0 1 0 0 0 1 0 0 0 1 0 0 0 1 0 0 0 1 0 0 0 1 0 0 0 1 0 0 0 1 0 0 0 1 0 0 0 1 0 0 0 1 0 0 0 1 0 0 0 1 0 0 0 1 0 0 0 1 0 0 0 1 0 0 0 1 0 0 0 1 0 0 0 1 0 0 0 1 0 0 0 1 0 0 0 1 0 0 0 1 0 0 0 1 0 0 0 1 0 0 0 1 0 0 0 1 0 0 0 1 0 0 0 1 0 0 0 1 0 0 0 1 0 0 0 1 0 0 0 1 0 0 0 1 0 0 0 1 0 0 0 1 0 0 0 1 0 0 0 1 0 0 0 1 0 0 0 1 0 0 0 1 0 0 0 1 0 0 0 1 0 0 0 1 0 0 0 1 0 0 0 1 0 0 0 1 0 0 0 1 0 0 0 1 0 0 0 1 0 0 0 1 0 0 0 1 0 0 0 1 0 0 0 1 0 0 0 1 0 0 0 1 0 0 0 1 0 0 0 1 0 0 0 1 0 0 0 1 0 0 0 1 0 0 0 1 0 0 0 1 0 0 0 1 0 0 0 1 0 0 0 1 0 0 0 1 0 0 0 1 0 0 0 1 0 0 0 1 0 0 0 1 0 0 0 1 0 0 0 1 0 0 0 1 0 0 0 1 0 0 0 1 0 0 0 1 0 0 0 1 0 0 0 1 0 0 0 1 0 0 0 1 0 0 0 1 0 0 0 1 0 0 0 1 0 0 0 1 0 0 0 1 0 0 0 1 0 0 0 1 0 0 0 1 0 0 0 1 0 0 0 1 0 0 0 1 0 0 0 1 0 0 0 1 0 0 0 1 0 0 0 1 0 0 0 1 0 0 0 1 0 0 0 1 0 0 0 1 0 0 0 1 0 0 0 1 0 0 0 1 0 0 0 1 0 0 0 1 0 0 0 1 0 0 0 1 0 0 0 1 0 0 0 1 0 0 0 1 0 0 0 1 0 0 0 1 0 0 0 1 0 0 0 1 0 0 0 1 0 0 0 1 0 0 0 1 0 0 0 1 0 0 0 1 0 0 0 1 0 0 0 1 0 0 0 1 0 0 0 1 0 0 0 1 0 0 0 1 0 0 0 1 0 0 0 1 0 0 0 1 0 0 0 1 0 0 0 1 0 0 0 1 0 0 0 1 0 0 0 1 0 0 0 1 0 0 0 1 0 0 0 1 0 0 0 1 0 0 0 1 0 0 0 1 0 0 0 1 0 0 0 1 0 0 0 1 0 0 0 1 0 0 0 1 0 0 0 1 0 0 0 1 0 0 0 1 0 0 0 1 0 0 0 1 0 0 0 1 0 0 0 1 0 0 0 1 0 0 0 1 0 0 0 1 0 0 0 1 0 0 0 1 0 0 0 1 0 0 0 1 0 0 0 1 0 0 0 1 0 0 0 1 0 0 0 1 0 0 0 1 0 0 0 1 0 0 0 1 0 0 0 1 0 0 0 1 0 0 0 1 0 0 0 1 0 0 0 1 0 0 0 1 0 0 0 1 0 0 0 1 0 0 0 1 0 0 0 1 0 0 0 1 0 0 0 1 0 0 0 1 0 0 0 1 0 0 0 1 0 0 0 1 0 0 0 1 0 0 0 1 0 0 0 1 0 0 0 1 0 0 0 1 0 0 0 1 0 0 0 1 0 0 0 1 0 0 0 1 0 0 0 1 0 0 0 1 0 0 0 1 0 0 0 1 0 0 0 1 0 0 0 1 0 0 0 1 0 0 0 1 0 0 0 1 0 0 0 1 0 0 0 1 0 0 0 1 0 0 0 1 0 0 0 1 0 0 0 1 0 0 0 1 0 0 0 1 0 0 0 1 0 0 0 1 0 0 0 1 0 0 0 1 0 0 0 1 0 0 0 1 0 0 0 1 0 0 0 1 0 0 0 1 0 0 0 1 0 0 0 1 0 0 0 1 0 0 0 1 0 0 0 1 0 0 0 1 0 0 0 1 0 0 0 1 0 0 0 1 0 0 0 1 0 0 0 1 0 0 0 1 0 0 0 1 0 0 0 1 0 0 0 1 0 0 0 1 0 0 0 1 0 0 0 1 0 0 0 1 0 0 0 1 0 0 0 1 0 0 0 1 0 0 0 1 0 0 0 1 0 0 0 1 0 0 0 1 0 0 0 1 0 0 0 1 0 0 0 1 0 0 0 1 0 0 0 1 0 0 0 1 0 0 0 1 0 0 0 1 0 0 0 1 0 0 0 1 0 0 0 1 0 0 0 1 0 0 0 1 0 0 0 1 0 0 0 1 0 0 0 1 0 0 0 1 0 0 0 1 0 0 0 1 0 0 0 1 0 0 0 1 0 0 0 1 0 0 0 1 0 0 0 1 0 0 0 1 0 0 0 1 0 0 0 1 0 0 0 1 0 0 0 1 0 0 0 1 0 0 0 1 0 0 0 1 0 0 0 1 0 0 0 1 0 0 0 1 0 0 0 1 0 0 0 1 0 0 0 1 0 0 0 1 0 0 0 1 0 0 0 1 0 0 0 1 0 0 0 1 0 0 0 1 0 0 0 1 0 0 0 1 0 0 0 1 0 0 0 1 0 0 0 1 0 0 0 1 0 0 0 1 0 0 0 1 0 0 0 1 0 0 0 1 0 0 0 1 0 0 0 1 0 0 0 1 0 0 0 1 0 0 0 1 0 0 0 1 0 0 0 1 0 0 0 1 0 0 0 1 0 0 0 1 0 0 0 1 0 0 0 1 0 0 0 1 0 0 0 1 0 0 0 1 0 0 0 1 0 0 0 1 0 0 0 1 0 0 0 1 0 0 0 1 0 0 0 1 0 0 0 1 0 0 0 1 0 0 0 1 0 0 0 1 0 0 0 1 0 0 0 1 0 0 0 1 0 0 0 1 0 0 0 1 0 0 0 1 0 0 0 1 0 0 0 1 0 0 0 1 0 0 0 1 0 0 0 1 0 0 0 1 0 0 0 1 0 0 0 1 0 0 0 1 0 0 0 1 0 0 0 1 0 0 0 1 0 0 0 1 0 0 0 1 0 0 0 1 0 0 0 1 0 0 0 1 0 0 0 1 0 0 0 1 0 0 0 1 0 0 0 1 0 0 0 1 0 0 0 1 0 0 0 1 0 0 0 1 0 0 0 1 0 0 0 1 0 0 0 1 0 0 0 1 0 0 0 1 0 0 0 1 0 0 0 1 0 0 0 1 0 0 0 1 0 0 0 1 0 0 0 1 0 0 0 1 0 0 0 1 0 0 0 1 0 0 0 1 0 0 0 1 0 0 0 1 0 0 0 1 0 0 0 1 0 0 0 1 0 0 0 1 0 0 0 1 0 0 0 1 0 0 0 1 0 0 0 1 0 0 0 1 0 0 0 1 0 0 0 1 0 0 0 1 0 0 0 1 0 0 0 1 0 0 0 1 0 0 0 1 0 0 0 1 0 0 0 1 0 0 0 1 0 0 0 1 0 0 0 1 0 0 0 1 0 0 0 1 0 0 0 1 0 0 0 1 0 0 0 1 0 0 0 1 0 0 0 1 0 0 0 1 0 0 0 1 0 0 0 1 0 0 0 1 0 0 0 1 0 0 0 1 0 0 0 1 0 0 0 1 0 0 0 1 0 0 0 1 0 0 0 1 0 0 0 1 0 0 0 1 0 0 0 1 0 0 0 1 0 0 0 1 0 0 0 1 0 0 0 1 0 0 0 1 0 0 0 1 0 0 0 1 0 0 0 1 0 0 0 1 0 0 0 1 0 0 0 1 0 0 0 1 0 0 0 1 0 0 0 1 0 0 0 1 0 0 0 1 0 0 0 1 0 0 0 1 0 0 0 1 0 0 0 1 0 0 0 1 0 0 0 1 0 0 0 1 0 0 0 1 0 0 0 1 0 0 0 1 0 0 0 1 0 0 0 1 0 0 0 1 0 0 0 1 0 0 0 1 0 0 0 1 0 0 0 1 0 0 0 1 0 0 0 1 0 0 0 1 0 0 0 1 0 0 0 1 0 0 0 1 0 0 0 1 0 0 0 1 0 0 0 1 0 0 0 1 0 0 0 1 0 0 0 1 0 0 0 1 0 0 0 1 0 0 0 1 0 0 0 1 0 0 0 1 0 0 0 1 0 0 0 1 0 0 0 1 0 0 0 1 0 0 0 1 0 0 0 1 0 0 0 1 0 0 0 1 0 0 0 1 0 0 0 1 0 0 0 1 0 0 0 1 0 0 0 1 0 0 0 1 0 0 0 1 0 0 0 1 0 0 0 1 0 0 0 1 0 0 0 1 0 0 0 1 0 0 0 1 0 0 0 1 0 0 0 1 0 0 0 1 0 0 0 1 0 0 0 1 0 0 0 1 0 0 0 1 0 0 0 1 0 0 0 1 0 0 0 1 0 0 0 1 0 0 0 1 0 0 0 1 0 0 0 1 0 0 0 1 0 0 0 1 0 0 0 1 0 0 0 1 0 0 0 1 0 0 0 1 0 0 0 1 0 0 0 1 0 0 0 1 0 0 0 1 0 0 0 1 0 0 0 1 0 0 0 1 0 0 0 1 0 0 0 1 0 0 0 1 0 0 0 1 0 0 0 1 0 0 0 1 0 0 0 1 0 0 0 1 0 0 0 1 0 0 0 1 0 0 0 1 0 0 0 1 0 0 0 1 0 0 0 1 0 0 0 1 0 0 0 1 0 0 0 1 0 0 0 1 0 0 0 1 0 0 0 1 0 0 0 1 0 0 0 1 0 0 0 1 0 0 0 1 0 0 0 1 0 0 0 1 0 0 0 1 0 0 0 1 0 0 0 1 0 0 0 1 0 0 0 1 0 0 0 1 0 0 0 1 0 0 0 1 0 0 0 1 0 0 0 1 0 0 0 1 0 0 0 1 0 0 0 1 0 0 0 1 0 0 0 1 0 0 0 1 0 0 0 1 0 0 0 1 0 0 0 1 0 0 0 1 0 0 0 1 0 0 0 1 0 0 0 1 0 0 0 1 0 0 0 1 0 0 0 1 0 0 0 1 0 0 0 1 0 0 0 1 0 0 0 1 0 0 0 1 0 0 0 1 0 0 0 1 0 0 0 1 0 0 0 1 0 0 0 1 0 0 0 1 0 0 0 1 0 0 0 1 0 0 0 1 0 0 0 1 0 0 0 1 0 0 0 1 0 0 0 1 0 0 0 1 0 0 0 1 0 0 0 1 0 0 0 1 0 0 0 1 0 0 0 1 0 0 0 1 0 0 0 1 0 0 0 1 0 0 0 1 0 0 0 1 0 0 0 1 0 0 0 1 0 0 0 1 0 0 0 1 0 0 0 1 0 0 0 1 0 0 0 1 0 0 0 1 0 0 0 1 0 0 0 1 0 0 0 1 0 0 0 1 0 0 0 1 0 0 0 1 0 0 0 1 0 0 0 1 0 0 0 1 0 0 0 1 0 0 0 1 0 0 0 1 0 0 0 1 0 0 0 1 0 0 0 1 0 0 0 1 0 0 0 1 0 0 0 1 0 0 0 1 0 0 0 1 0 0 0 1 0 0 0 1 0 0 0 1 0 0 0 1 0 0 0 1 0 0 0 1 0 0 0 1 0 0 0 1 0 0 0 1 0 0 0 1 0 0 0 1 0 0 0 1 0 0 0 1 0 0 0 1 0 0 0 1 0 0 0 1 0 0 0 1 0 0 0 1 0 0 0 1 0 0 0 1 0 0 0 1 0 0 0 1 0 0 0 1</float_array>
          <technique_common>
            <accessor source="#unnamed_017-mesh-colors-Col-array" count="1500" stride="4">
              <param name="R" type="float"/>
              <param name="G" type="float"/>
              <param name="B" type="float"/>
              <param name="A" type="float"/>
            </accessor>
          </technique_common>
        </source>
        <vertices id="unnamed_017-mesh-vertices">
          <input semantic="POSITION" source="#unnamed_017-mesh-positions"/>
        </vertices>
        <triangles material="unnamed_004-material" count="500">
          <input semantic="VERTEX" source="#unnamed_017-mesh-vertices" offset="0"/>
          <input semantic="NORMAL" source="#unnamed_017-mesh-normals" offset="1"/>
          <input semantic="TEXCOORD" source="#unnamed_017-mesh-map-0" offset="2" set="0"/>
          <input semantic="COLOR" source="#unnamed_017-mesh-colors-Col" offset="3" set="0"/>
          <p>9 0 0 0 0 1 1 1 8 2 2 2 8 2 3 3 0 1 4 4 12 3 5 5 8 2 6 6 12 3 7 7 13 4 8 8 8 2 9 9 13 4 10 10 1 5 11 11 8 2 12 12 1 5 13 13 6 6 14 14 6 6 15 15 1 5 16 16 222 7 17 17 6 6 18 18 222 7 19 19 5 8 20 20 5 8 21 21 222 7 22 22 2 9 23 23 5 8 24 24 2 9 25 25 3 10 26 26 3 10 27 27 2 9 28 28 223 11 29 29 3 10 30 30 223 11 31 31 15 12 32 32 15 12 33 33 16 13 34 34 3 10 35 35 3 10 36 36 16 13 37 37 17 14 38 38 3 10 39 39 17 14 40 40 4 15 41 41 3 10 42 42 4 15 43 43 5 8 44 44 5 8 45 45 4 15 46 46 20 16 47 47 5 8 48 48 20 16 49 49 6 6 50 50 6 6 51 51 20 16 52 52 7 17 53 53 6 6 54 54 7 17 55 55 8 2 56 56 8 2 57 57 7 17 58 58 9 0 59 59 9 0 60 60 7 17 61 61 22 18 62 62 9 0 63 63 22 18 64 64 23 19 65 65 9 0 66 66 23 19 67 67 0 1 68 68 0 1 69 69 23 19 70 70 10 20 71 71 0 1 72 72 10 20 73 73 11 21 74 74 0 1 75 75 11 21 76 76 14 22 77 77 0 1 78 78 14 22 79 79 12 3 80 80 12 3 81 81 14 22 82 82 13 4 83 83 221 23 84 84 13 4 85 85 14 22 86 86 221 23 87 87 14 22 88 88 15 12 89 89 15 12 90 90 14 22 91 91 16 13 92 92 16 13 93 93 14 22 94 94 11 21 95 95 16 13 96 96 11 21 97 97 17 14 98 98 17 14 99 99 11 21 100 100 10 20 101 101 17 14 102 102 10 20 103 103 25 24 104 104 17 14 105 105 25 24 106 106 4 15 107 107 4 15 108 108 25 24 109 109 18 25 110 110 4 15 111 111 18 25 112 112 20 16 113 113 20 16 114 114 18 25 115 115 19 26 116 116 20 16 117 117 19 26 118 118 21 27 119 119 20 16 120 120 21 27 121 121 7 17 122 122 7 17 123 123 21 27 124 124 22 18 125 125 22 18 126 126 21 27 127 127 28 28 128 128 22 18 129 129 28 28 130 130 30 29 131 131 22 18 132 132 30 29 133 133 23 19 134 134 23 19 135 135 30 29 136 136 24 30 137 137 23 19 138 138 24 30 139 139 10 20 140 140 10 20 141 141 24 30 142 142 25 24 143 143 25 24 144 144 24 30 145 145 26 31 146 146 25 24 147 147 26 31 148 148 18 25 149 149 18 25 150 150 26 31 151 151 32 32 152 152 18 25 153 153 32 32 154 154 34 33 155 155 18 25 156 156 34 33 157 157 19 26 158 158 19 26 159 159 34 33 160 160 27 34 161 161 19 26 162 162 27 34 163 163 21 27 164 164 21 27 165 165 27 34 166 166 28 28 167 167 28 28 168 168 27 34 169 169 29 35 170 170 28 28 171 171 29 35 172 172 36 36 173 173 28 28 174 174 36 36 175 175 30 29 176 176 30 29 177 177 36 36 178 178 37 37 179 179 30 29 180 180 37 37 181 181 24 30 182 182 24 30 183 183 37 37 184 184 39 38 185 185 24 30 186 186 39 38 187 187 26 31 188 188 26 31 189 189 39 38 190 190 31 39 191 191 26 31 192 192 31 39 193 193 32 32 194 194 32 32 195 195 31 39 196 196 33 40 197 197 32 32 198 198 33 40 199 199 34 33 200 200 34 33 201 201 33 40 202 202 35 41 203 203 34 33 204 204 35 41 205 205 27 34 206 206 27 34 207 207 35 41 208 208 29 35 209 209 29 35 210 210 35 41 211 211 40 42 212 212 29 35 213 213 40 42 214 214 36 36 215 215 36 36 216 216 40 42 217 217 230 43 218 218 36 36 219 219 230 43 220 220 231 44 221 221 36 36 222 222 231 44 223 223 37 37 224 224 37 37 225 225 231 44 226 226 38 45 227 227 37 37 228 228 38 45 229 229 39 38 230 230 39 38 231 231 38 45 232 232 248 46 233 233 39 38 234 234 248 46 235 235 31 39 236 236 31 39 237 237 248 46 238 238 247 47 239 239 31 39 240 240 247 47 241 241 33 40 242 242 33 40 243 243 247 47 244 244 246 48 245 245 33 40 246 246 246 48 247 247 35 41 248 248 35 41 249 249 246 48 250 250 40 42 251 251 120 49 252 252 108 50 253 253 41 51 254 254 41 51 255 255 108 50 256 256 42 52 257 257 41 51 258 258 42 52 259 259 118 53 260 260 118 53 261 261 42 52 262 262 115 54 263 263 118 53 264 264 115 54 265 265 116 55 266 266 50 56 267 267 43 57 268 268 47 58 269 269 50 56 270 270 47 58 271 271 44 59 272 272 44 59 273 273 47 58 274 274 51 60 275 275 45 61 276 276 51 60 277 277 47 58 278 278 45 61 279 279 47 58 280 280 46 62 281 281 46 62 282 282 47 58 283 283 48 63 284 284 48 63 285 285 47 58 286 286 43 57 287 287 48 63 288 288 43 57 289 289 49 64 290 290 49 64 291 291 43 57 292 292 52 65 293 293 52 65 294 294 43 57 295 295 50 56 296 296 52 65 297 297 50 56 298 298 54 66 299 299 54 66 300 300 50 56 301 301 44 59 302 302 54 66 303 303 44 59 304 304 55 67 305 305 55 67 306 306 44 59 307 307 51 60 308 308 55 67 309 309 51 60 310 310 56 68 311 311 56 68 312 312 51 60 313 313 45 61 314 314 56 68 315 315 45 61 316 316 58 69 317 317 58 69 318 318 45 61 319 319 46 62 320 320 58 69 321 321 46 62 322 322 59 70 323 323 59 70 324 324 46 62 325 325 48 63 326 326 59 70 327 327 48 63 328 328 49 64 329 329 59 70 330 330 49 64 331 331 60 71 332 332 60 71 333 333 49 64 334 334 61 72 335 335 61 72 336 336 49 64 337 337 52 65 338 338 61 72 339 339 52 65 340 340 53 73 341 341 53 73 342 342 52 65 343 343 54 66 344 344 53 73 345 345 54 66 346 346 62 74 347 347 62 74 348 348 54 66 349 349 55 67 350 350 62 74 351 351 55 67 352 352 63 75 353 353 63 75 354 354 55 67 355 355 56 68 356 356 63 75 357 357 56 68 358 358 57 76 359 359 57 76 360 360 56 68 361 361 58 69 362 362 57 76 363 363 58 69 364 364 65 77 365 365 65 77 366 366 58 69 367 367 59 70 368 368 65 77 369 369 59 70 370 370 60 71 371 371 65 77 372 372 60 71 373 373 133 78 374 374 133 78 375 375 60 71 376 376 135 79 377 377 135 79 378 378 60 71 379 379 61 72 380 380 135 79 381 381 61 72 382 382 136 80 383 383 136 80 384 384 61 72 385 385 53 73 386 386 136 80 387 387 53 73 388 388 138 81 389 389 138 81 390 390 53 73 391 391 62 74 392 392 138 81 393 393 62 74 394 394 130 82 395 395 130 82 396 396 62 74 397 397 63 75 398 398 130 82 399 399 63 75 400 400 131 83 401 401 131 83 402 402 63 75 403 403 57 76 404 404 131 83 405 405 57 76 406 406 64 84 407 407 64 84 408 408 57 76 409 409 65 77 410 410 64 84 411 411 65 77 412 412 133 78 413 413 82 85 414 414 80 86 415 415 66 87 416 416 82 85 417 417 66 87 418 418 67 88 419 419 67 88 420 420 66 87 421 421 68 89 422 422 68 89 423 423 66 87 424 424 151 90 425 425 68 89 426 426 151 90 427 427 152 91 428 428 68 89 429 429 152 91 430 430 67 88 431 431 67 88 432 432 152 91 433 433 69 92 434 434 67 88 435 435 69 92 436 436 70 93 437 437 70 93 438 438 69 92 439 439 71 94 440 440 70 93 441 441 71 94 442 442 72 95 443 443 72 95 444 444 71 94 445 445 73 96 446 446 72 95 447 447 73 96 448 448 84 97 449 449 84 97 450 450 73 96 451 451 74 98 452 452 84 97 453 453 74 98 454 454 75 99 455 455 84 97 456 456 75 99 457 457 76 100 458 458 76 100 459 459 75 99 460 460 77 101 461 461 76 100 462 462 77 101 463 463 78 102 464 464 78 102 465 465 77 101 466 466 151 90 467 467 78 102 468 468 151 90 469 469 79 103 470 470 79 103 471 471 151 90 472 472 66 87 473 473 79 103 474 474 66 87 475 475 85 104 476 476 85 104 477 477 66 87 478 478 80 86 479 479 85 104 480 480 80 86 481 481 94 105 482 482 94 105 483 483 80 86 484 484 81 106 485 485 81 106 486 486 80 86 487 487 82 85 488 488 81 106 489 489 82 85 490 490 91 107 491 491 91 107 492 492 82 85 493 493 67 88 494 494 91 107 495 495 67 88 496 496 70 93 497 497 91 107 498 498 70 93 499 499 83 108 500 500 83 108 501 501 70 93 502 502 72 95 503 503 83 108 504 504 72 95 505 505 90 109 506 506 90 109 507 507 72 95 508 508 84 97 509 509 90 109 510 510 84 97 511 511 89 110 512 512 89 110 513 513 84 97 514 514 76 100 515 515 89 110 516 516 76 100 517 517 78 102 518 518 89 110 519 519 78 102 520 520 88 111 521 521 88 111 522 522 78 102 523 523 79 103 524 524 88 111 525 525 79 103 526 526 85 104 527 527 88 111 528 528 85 104 529 529 86 112 530 530 86 112 531 531 85 104 532 532 94 105 533 533 86 112 534 534 94 105 535 535 87 113 536 536 86 112 537 537 87 113 538 538 88 111 539 539 88 111 540 540 87 113 541 541 89 110 542 542 89 110 543 543 87 113 544 544 90 109 545 545 90 109 546 546 87 113 547 547 95 114 548 548 90 109 549 549 95 114 550 550 83 108 551 551 83 108 552 552 95 114 553 553 93 115 554 554 83 108 555 555 93 115 556 556 91 107 557 557 91 107 558 558 93 115 559 559 92 116 560 560 91 107 561 561 92 116 562 562 81 106 563 563 81 106 564 564 92 116 565 565 94 105 566 566 94 105 567 567 92 116 568 568 93 115 569 569 94 105 570 570 93 115 571 571 95 114 572 572 94 105 573 573 95 114 574 574 87 113 575 575 96 117 576 576 102 118 577 577 104 119 578 578 96 117 579 579 104 119 580 580 98 120 581 581 98 120 582 582 104 119 583 583 97 121 584 584 98 120 585 585 97 121 586 586 105 122 587 587 98 120 588 588 105 122 589 589 99 123 590 590 99 123 591 591 105 122 592 592 100 124 593 593 99 123 594 594 100 124 595 595 252 125 596 596 252 125 597 597 100 124 598 598 106 126 599 599 252 125 600 600 106 126 601 601 253 127 602 602 253 127 603 603 106 126 604 604 107 128 605 605 253 127 606 606 107 128 607 607 101 129 608 608 101 129 609 609 107 128 610 610 102 118 611 611 102 118 612 612 107 128 613 613 103 130 614 614 102 118 615 615 103 130 616 616 104 119 617 617 104 119 618 618 103 130 619 619 109 131 620 620 104 119 621 621 109 131 622 622 110 132 623 623 104 119 624 624 110 132 625 625 97 121 626 626 97 121 627 627 110 132 628 628 105 122 629 629 105 122 630 630 110 132 631 631 112 133 632 632 105 122 633 633 112 133 634 634 114 134 635 635 105 122 636 636 114 134 637 637 100 124 638 638 100 124 639 639 114 134 640 640 115 54 641 641 100 124 642 642 115 54 643 643 106 126 644 644 106 126 645 645 115 54 646 646 42 52 647 647 106 126 648 648 42 52 649 649 107 128 650 650 107 128 651 651 42 52 652 652 108 50 653 653 107 128 654 654 108 50 655 655 103 130 656 656 103 130 657 657 108 50 658 658 109 131 659 659 109 131 660 660 108 50 661 661 120 49 662 662 109 131 663 663 120 49 664 664 110 132 665 665 110 132 666 666 120 49 667 667 111 135 668 668 110 132 669 669 111 135 670 670 112 133 671 671 112 133 672 672 111 135 673 673 113 136 674 674 112 133 675 675 113 136 676 676 114 134 677 677 114 134 678 678 113 136 679 679 124 137 680 680 114 134 681 681 124 137 682 682 115 54 683 683 115 54 684 684 124 137 685 685 116 55 686 686 116 55 687 687 124 137 688 688 117 138 689 689 116 55 690 690 117 138 691 691 118 53 692 692 118 53 693 693 117 138 694 694 128 139 695 695 118 53 696 696 128 139 697 697 119 140 698 698 118 53 699 699 119 140 700 700 41 51 701 701 41 51 702 702 119 140 703 703 121 141 704 704 41 51 705 705 121 141 706 706 120 49 707 707 120 49 708 708 121 141 709 709 111 135 710 710 111 135 711 711 121 141 712 712 122 142 713 713 111 135 714 714 122 142 715 715 113 136 716 716 113 136 717 717 122 142 718 718 123 143 719 719 113 136 720 720 123 143 721 721 124 137 722 722 124 137 723 723 123 143 724 724 125 144 725 725 124 137 726 726 125 144 727 727 117 138 728 728 117 138 729 729 125 144 730 730 126 145 731 731 117 138 732 732 126 145 733 733 127 146 734 734 117 138 735 735 127 146 736 736 128 139 737 737 128 139 738 738 127 146 739 739 132 147 740 740 128 139 741 741 132 147 742 742 119 140 743 743 119 140 744 744 132 147 745 745 129 148 746 746 119 140 747 747 129 148 748 748 121 141 749 749 121 141 750 750 129 148 751 751 134 149 752 752 121 141 753 753 134 149 754 754 122 142 755 755 122 142 756 756 134 149 757 757 137 150 758 758 122 142 759 759 137 150 760 760 123 143 761 761 123 143 762 762 137 150 763 763 139 151 764 764 123 143 765 765 139 151 766 766 125 144 767 767 125 144 768 768 139 151 769 769 126 145 770 770 126 145 771 771 139 151 772 772 138 81 773 773 126 145 774 774 138 81 775 775 130 82 776 776 126 145 777 777 130 82 778 778 127 146 779 779 127 146 780 780 130 82 781 781 131 83 782 782 127 146 783 783 131 83 784 784 132 147 785 785 132 147 786 786 131 83 787 787 64 84 788 788 132 147 789 789 64 84 790 790 129 148 791 791 129 148 792 792 64 84 793 793 133 78 794 794 129 148 795 795 133 78 796 796 134 149 797 797 134 149 798 798 133 78 799 799 135 79 800 800 134 149 801 801 135 79 802 802 137 150 803 803 137 150 804 804 135 79 805 805 136 80 806 806 137 150 807 807 136 80 808 808 138 81 809 809 137 150 810 810 138 81 811 811 139 151 812 812 161 152 813 813 140 153 814 814 141 154 815 815 161 152 816 816 141 154 817 817 142 155 818 818 142 155 819 819 141 154 820 820 143 156 821 821 143 156 822 822 141 154 823 823 156 157 824 824 143 156 825 825 156 157 826 826 163 158 827 827 163 158 828 828 156 157 829 829 155 159 830 830 163 158 831 831 155 159 832 832 144 160 833 833 144 160 834 834 155 159 835 835 145 161 836 836 144 160 837 837 145 161 838 838 162 162 839 839 162 162 840 840 145 161 841 841 69 92 842 842 69 92 843 843 145 161 844 844 146 163 845 845 69 92 846 846 146 163 847 847 147 164 848 848 69 92 849 849 147 164 850 850 71 94 851 851 71 94 852 852 147 164 853 853 73 96 854 854 73 96 855 855 147 164 856 856 251 165 857 857 73 96 858 858 251 165 859 859 74 98 860 860 74 98 861 861 251 165 862 862 148 166 863 863 74 98 864 864 148 166 865 865 75 99 866 866 75 99 867 867 148 166 868 868 149 167 869 869 75 99 870 870 149 167 871 871 77 101 872 872 77 101 873 873 149 167 874 874 150 168 875 875 77 101 876 876 150 168 877 877 151 90 878 878 151 90 879 879 150 168 880 880 152 91 881 881 152 91 882 882 150 168 883 883 220 169 884 884 152 91 885 885 220 169 886 886 160 170 887 887 160 170 888 888 220 169 889 889 153 171 890 890 160 170 891 891 153 171 892 892 159 172 893 893 159 172 894 894 153 171 895 895 146 163 896 896 159 172 897 897 146 163 898 898 154 173 899 899 154 173 900 900 146 163 901 901 145 161 902 902 154 173 903 903 145 161 904 904 158 174 905 905 158 174 906 906 145 161 907 907 155 159 908 908 158 174 909 909 155 159 910 910 156 157 911 911 158 174 912 912 156 157 913 913 157 175 914 914 157 175 915 915 156 157 916 916 141 154 917 917 157 175 918 918 141 154 919 919 140 153 920 920 157 175 921 921 140 153 922 922 158 174 923 923 158 174 924 924 140 153 925 925 154 173 926 926 154 173 927 927 140 153 928 928 161 152 929 929 154 173 930 930 161 152 931 931 159 172 932 932 159 172 933 933 161 152 934 934 160 170 935 935 160 170 936 936 161 152 937 937 152 91 938 938 152 91 939 939 161 152 940 940 142 155 941 941 152 91 942 942 142 155 943 943 69 92 944 944 69 92 945 945 142 155 946 946 162 162 947 947 162 162 948 948 142 155 949 949 143 156 950 950 162 162 951 951 143 156 952 952 144 160 953 953 144 160 954 954 143 156 955 955 163 158 956 956 164 176 957 957 200 177 958 958 165 178 959 959 165 178 960 960 200 177 961 961 202 179 962 962 165 178 963 963 202 179 964 964 166 180 965 965 165 178 966 966 166 180 967 967 199 181 968 968 199 181 969 969 166 180 970 970 185 182 971 971 185 182 972 972 166 180 973 973 202 179 974 974 185 182 975 975 202 179 976 976 167 183 977 977 184 184 978 978 168 185 979 979 170 186 980 980 184 184 981 981 170 186 982 982 169 187 983 983 169 187 984 984 170 186 985 985 183 188 986 986 183 188 987 987 170 186 988 988 171 189 989 989 183 188 990 990 171 189 991 991 172 190 992 992 172 190 993 993 171 189 994 994 173 191 995 995 172 190 996 996 173 191 997 997 174 192 998 998 174 192 999 999 173 191 1000 1000 204 193 1001 1001 174 192 1002 1002 204 193 1003 1003 175 194 1004 1004 174 192 1005 1005 175 194 1006 1006 176 195 1007 1007 176 195 1008 1008 175 194 1009 1009 203 196 1010 1010 176 195 1011 1011 203 196 1012 1012 180 197 1013 1013 180 197 1014 1014 203 196 1015 1015 201 198 1016 1016 180 197 1017 1017 201 198 1018 1018 179 199 1019 1019 179 199 1020 1020 201 198 1021 1021 178 200 1022 1022 178 200 1023 1023 201 198 1024 1024 177 201 1025 1025 178 200 1026 1026 177 201 1027 1027 195 202 1028 1028 178 200 1029 1029 195 202 1030 1030 179 199 1031 1031 179 199 1032 1032 195 202 1033 1033 193 203 1034 1034 179 199 1035 1035 193 203 1036 1036 180 197 1037 1037 180 197 1038 1038 193 203 1039 1039 181 204 1040 1040 180 197 1041 1041 181 204 1042 1042 176 195 1043 1043 176 195 1044 1044 181 204 1045 1045 182 205 1046 1046 176 195 1047 1047 182 205 1048 1048 174 192 1049 1049 174 192 1050 1050 182 205 1051 1051 172 190 1052 1052 172 190 1053 1053 182 205 1054 1054 183 188 1055 1055 183 188 1056 1056 182 205 1057 1057 192 206 1058 1058 183 188 1059 1059 192 206 1060 1060 169 187 1061 1061 169 187 1062 1062 192 206 1063 1063 198 207 1064 1064 169 187 1065 1065 198 207 1066 1066 199 181 1067 1067 169 187 1068 1068 199 181 1069 1069 184 184 1070 1070 184 184 1071 1071 199 181 1072 1072 185 182 1073 1073 184 184 1074 1074 185 182 1075 1075 168 185 1076 1076 168 185 1077 1077 185 182 1078 1078 207 208 1079 1079 168 185 1080 1080 207 208 1081 1081 186 209 1082 1082 186 209 1083 1083 207 208 1084 1084 187 210 1085 1085 186 209 1086 1086 187 210 1087 1087 188 211 1088 1088 194 212 1089 1089 189 213 1090 1090 190 214 1091 1091 194 212 1092 1092 190 214 1093 1093 191 215 1094 1094 191 215 1095 1095 190 214 1096 1096 198 207 1097 1097 191 215 1098 1098 198 207 1099 1099 192 206 1100 1100 192 206 1101 1101 182 205 1102 1102 191 215 1103 1103 191 215 1104 1104 182 205 1105 1105 181 204 1106 1106 191 215 1107 1107 181 204 1108 1108 194 212 1109 1109 194 212 1110 1110 181 204 1111 1111 193 203 1112 1112 194 212 1113 1113 193 203 1114 1114 195 202 1115 1115 194 212 1116 1116 195 202 1117 1117 189 213 1118 1118 189 213 1119 1119 195 202 1120 1120 196 216 1121 1121 189 213 1122 1122 196 216 1123 1123 190 214 1124 1124 190 214 1125 1125 196 216 1126 1126 197 217 1127 1127 190 214 1128 1128 197 217 1129 1129 198 207 1130 1130 198 207 1131 1131 197 217 1132 1132 199 181 1133 1133 199 181 1134 1134 197 217 1135 1135 165 178 1136 1136 165 178 1137 1137 197 217 1138 1138 196 216 1139 1139 165 178 1140 1140 196 216 1141 1141 164 176 1142 1142 164 176 1143 1143 196 216 1144 1144 195 202 1145 1145 164 176 1146 1146 195 202 1147 1147 177 201 1148 1148 164 176 1149 1149 177 201 1150 1150 200 177 1151 1151 200 177 1152 1152 177 201 1153 1153 201 198 1154 1154 200 177 1155 1155 201 198 1156 1156 202 179 1157 1157 202 179 1158 1158 201 198 1159 1159 203 196 1160 1160 202 179 1161 1161 203 196 1162 1162 167 183 1163 1163 167 183 1164 1164 203 196 1165 1165 175 194 1166 1166 167 183 1167 1167 175 194 1168 1168 204 193 1169 1169 167 183 1170 1170 204 193 1171 1171 188 211 1172 1172 167 183 1173 1173 188 211 1174 1174 205 218 1175 1175 205 218 1176 1176 188 211 1177 1177 213 219 1178 1178 213 219 1179 1179 188 211 1180 1180 187 210 1181 1181 213 219 1182 1182 187 210 1183 1183 206 220 1184 1184 206 220 1185 1185 187 210 1186 1186 207 208 1187 1187 206 220 1188 1188 207 208 1189 1189 185 182 1190 1190 206 220 1191 1191 185 182 1192 1192 208 221 1193 1193 208 221 1194 1194 185 182 1195 1195 167 183 1196 1196 208 221 1197 1197 167 183 1198 1198 209 222 1199 1199 209 222 1200 1200 167 183 1201 1201 205 218 1202 1202 209 222 1203 1203 205 218 1204 1204 210 223 1205 1205 209 222 1206 1206 210 223 1207 1207 217 224 1208 1208 209 222 1209 1209 217 224 1210 1210 208 221 1211 1211 208 221 1212 1212 217 224 1213 1213 211 225 1214 1214 208 221 1215 1215 211 225 1216 1216 206 220 1217 1217 206 220 1218 1218 211 225 1219 1219 212 226 1220 1220 206 220 1221 1221 212 226 1222 1222 213 219 1223 1223 213 219 1224 1224 212 226 1225 1225 214 227 1226 1226 213 219 1227 1227 214 227 1228 1228 205 218 1229 1229 205 218 1230 1230 214 227 1231 1231 215 228 1232 1232 205 218 1233 1233 215 228 1234 1234 210 223 1235 1235 210 223 1236 1236 215 228 1237 1237 216 229 1238 1238 210 223 1239 1239 216 229 1240 1240 217 224 1241 1241 217 224 1242 1242 216 229 1243 1243 218 230 1244 1244 217 224 1245 1245 218 230 1246 1246 211 225 1247 1247 211 225 1248 1248 218 230 1249 1249 219 231 1250 1250 211 225 1251 1251 219 231 1252 1252 212 226 1253 1253 212 226 1254 1254 219 231 1255 1255 214 227 1256 1256 214 227 1257 1257 219 231 1258 1258 218 230 1259 1259 214 227 1260 1260 218 230 1261 1261 215 228 1262 1262 215 228 1263 1263 218 230 1264 1264 216 229 1265 1265 220 169 1266 1266 150 168 1267 1267 149 167 1268 1268 221 23 1269 1269 15 12 1270 1270 173 191 1271 1271 221 23 1272 1272 173 191 1273 1273 13 4 1274 1274 13 4 1275 1275 173 191 1276 1276 171 189 1277 1277 13 4 1278 1278 171 189 1279 1279 170 186 1280 1280 13 4 1281 1281 170 186 1282 1282 1 5 1283 1283 1 5 1284 1284 170 186 1285 1285 222 7 1286 1286 222 7 1287 1287 170 186 1288 1288 168 185 1289 1289 222 7 1290 1290 168 185 1291 1291 2 9 1292 1292 2 9 1293 1293 168 185 1294 1294 186 209 1295 1295 2 9 1296 1296 186 209 1297 1297 223 11 1298 1298 223 11 1299 1299 186 209 1300 1300 188 211 1301 1301 223 11 1302 1302 188 211 1303 1303 15 12 1304 1304 15 12 1305 1305 188 211 1306 1306 204 193 1307 1307 15 12 1308 1308 204 193 1309 1309 173 191 1310 1310 40 42 1311 1311 246 48 1312 1312 224 232 1313 1313 40 42 1314 1314 224 232 1315 1315 229 233 1316 1316 229 233 1317 1317 224 232 1318 1318 244 234 1319 1319 229 233 1320 1320 244 234 1321 1321 228 235 1322 1322 228 235 1323 1323 244 234 1324 1324 242 236 1325 1325 228 235 1326 1326 242 236 1327 1327 226 237 1328 1328 226 237 1329 1329 242 236 1330 1330 233 238 1331 1331 226 237 1332 1332 233 238 1333 1333 225 239 1334 1334 226 237 1335 1335 225 239 1336 1336 227 240 1337 1337 226 237 1338 1338 227 240 1339 1339 228 235 1340 1340 228 235 1341 1341 227 240 1342 1342 232 241 1343 1343 228 235 1344 1344 232 241 1345 1345 229 233 1346 1346 229 233 1347 1347 232 241 1348 1348 230 43 1349 1349 229 233 1350 1350 230 43 1351 1351 40 42 1352 1352 231 44 1353 1353 230 43 1354 1354 232 241 1355 1355 231 44 1356 1356 232 241 1357 1357 237 242 1358 1358 237 242 1359 1359 232 241 1360 1360 227 240 1361 1361 237 242 1362 1362 227 240 1363 1363 235 243 1364 1364 235 243 1365 1365 227 240 1366 1366 225 239 1367 1367 235 243 1368 1368 225 239 1369 1369 234 244 1370 1370 234 244 1371 1371 225 239 1372 1372 233 238 1373 1373 234 244 1374 1374 233 238 1375 1375 241 245 1376 1376 234 244 1377 1377 241 245 1378 1378 239 246 1379 1379 234 244 1380 1380 239 246 1381 1381 235 243 1382 1382 235 243 1383 1383 239 246 1384 1384 236 247 1385 1385 235 243 1386 1386 236 247 1387 1387 237 242 1388 1388 237 242 1389 1389 236 247 1390 1390 38 45 1391 1391 237 242 1392 1392 38 45 1393 1393 231 44 1394 1394 248 46 1395 1395 38 45 1396 1396 236 247 1397 1397 248 46 1398 1398 236 247 1399 1399 238 248 1400 1400 238 248 1401 1401 236 247 1402 1402 239 246 1403 1403 238 248 1404 1404 239 246 1405 1405 240 249 1406 1406 240 249 1407 1407 239 246 1408 1408 241 245 1409 1409 240 249 1410 1410 241 245 1411 1411 250 250 1412 1412 250 250 1413 1413 241 245 1414 1414 233 238 1415 1415 250 250 1416 1416 233 238 1417 1417 243 251 1418 1418 243 251 1419 1419 233 238 1420 1420 242 236 1421 1421 243 251 1422 1422 242 236 1423 1423 244 234 1424 1424 243 251 1425 1425 244 234 1426 1426 249 252 1427 1427 249 252 1428 1428 244 234 1429 1429 224 232 1430 1430 249 252 1431 1431 224 232 1432 1432 245 253 1433 1433 245 253 1434 1434 224 232 1435 1435 246 48 1436 1436 245 253 1437 1437 246 48 1438 1438 247 47 1439 1439 247 47 1440 1440 248 46 1441 1441 238 248 1442 1442 247 47 1443 1443 238 248 1444 1444 245 253 1445 1445 245 253 1446 1446 238 248 1447 1447 240 249 1448 1448 245 253 1449 1449 240 249 1450 1450 249 252 1451 1451 249 252 1452 1452 240 249 1453 1453 250 250 1454 1454 249 252 1455 1455 250 250 1456 1456 243 251 1457 1457 148 166 1458 1458 251 165 1459 1459 98 120 1460 1460 148 166 1461 1461 98 120 1462 1462 149 167 1463 1463 149 167 1464 1464 98 120 1465 1465 99 123 1466 1466 149 167 1467 1467 99 123 1468 1468 252 125 1469 1469 149 167 1470 1470 252 125 1471 1471 220 169 1472 1472 220 169 1473 1473 252 125 1474 1474 253 127 1475 1475 220 169 1476 1476 253 127 1477 1477 153 171 1478 1478 153 171 1479 1479 253 127 1480 1480 101 129 1481 1481 153 171 1482 1482 101 129 1483 1483 146 163 1484 1484 146 163 1485 1485 101 129 1486 1486 102 118 1487 1487 146 163 1488 1488 102 118 1489 1489 147 164 1490 1490 147 164 1491 1491 102 118 1492 1492 251 165 1493 1493 251 165 1494 1494 102 118 1495 1495 96 117 1496 1496 251 165 1497 1497 96 117 1498 1498 98 120 1499 1499</p>
        </triangles>
      </mesh>
    </geometry>
    <geometry id="unnamed_016-mesh" name="unnamed.016">
      <mesh>
        <source id="unnamed_016-mesh-positions">
          <float_array id="unnamed_016-mesh-positions-array" count="33">-0.02914601 -0.1569467 1.046481 -0.02634906 -0.1569467 1.037873 -0.05563813 -0.1569467 1.037873 -0.05284118 -0.1569467 1.046481 -0.02914601 -0.1569467 1.029266 -0.03646844 -0.1569467 1.051801 -0.03646844 -0.1569467 1.023946 -0.04551947 -0.1569467 1.023946 -0.04551947 -0.1569467 1.051801 -0.04099398 -0.1598598 1.037873 -0.05284118 -0.1569467 1.029266</float_array>
          <technique_common>
            <accessor source="#unnamed_016-mesh-positions-array" count="11" stride="3">
              <param name="X" type="float"/>
              <param name="Y" type="float"/>
              <param name="Z" type="float"/>
            </accessor>
          </technique_common>
        </source>
        <source id="unnamed_016-mesh-normals">
          <float_array id="unnamed_016-mesh-normals-array" count="33">0.1578303 -0.9807851 0.1146741 0.06028664 -0.9807841 0.1855484 -4.28643e-6 -1 -2.32367e-7 0.1950902 -0.9807854 -3.01493e-7 0.1578332 -0.9807847 -0.114674 -0.1950991 -0.9807835 -2.95581e-7 -0.1578408 -0.9807831 -0.1146766 -0.1578379 -0.9807837 0.1146767 0.06028616 -0.9807841 -0.1855481 -0.06029027 -0.9807841 0.1855471 -0.0602898 -0.9807841 -0.1855468</float_array>
          <technique_common>
            <accessor source="#unnamed_016-mesh-normals-array" count="11" stride="3">
              <param name="X" type="float"/>
              <param name="Y" type="float"/>
              <param name="Z" type="float"/>
            </accessor>
          </technique_common>
        </source>
        <source id="unnamed_016-mesh-map-0">
          <float_array id="unnamed_016-mesh-map-0-array" count="60">0.2351 0.9786 0.2571 0.9953 0.2707 0.9516 0.2267 0.9516 0.2351 0.9786 0.2707 0.9516 0.2267 0.9516 0.2707 0.9516 0.2351 0.9247 0.3147 0.9516 0.3063 0.9247 0.2707 0.9516 0.3147 0.9516 0.2707 0.9516 0.3063 0.9786 0.2351 0.9247 0.2707 0.9516 0.2571 0.908 0.2707 0.9516 0.2571 0.9953 0.2843 0.9953 0.2571 0.908 0.2707 0.9516 0.2843 0.908 0.2707 0.9516 0.2843 0.9953 0.3063 0.9786 0.2843 0.908 0.2707 0.9516 0.3063 0.9247</float_array>
          <technique_common>
            <accessor source="#unnamed_016-mesh-map-0-array" count="30" stride="2">
              <param name="S" type="float"/>
              <param name="T" type="float"/>
            </accessor>
          </technique_common>
        </source>
        <source id="unnamed_016-mesh-colors-Col" name="Col">
          <float_array id="unnamed_016-mesh-colors-Col-array" count="120">1 1 1 1 1 1 1 1 1 1 1 1 1 1 1 1 1 1 1 1 1 1 1 1 1 1 1 1 1 1 1 1 1 1 1 1 1 1 1 1 1 1 1 1 1 1 1 1 1 1 1 1 1 1 1 1 1 1 1 1 1 1 1 1 1 1 1 1 1 1 1 1 1 1 1 1 1 1 1 1 1 1 1 1 1 1 1 1 1 1 1 1 1 1 1 1 1 1 1 1 1 1 1 1 1 1 1 1 1 1 1 1 1 1 1 1 1 1 1 1</float_array>
          <technique_common>
            <accessor source="#unnamed_016-mesh-colors-Col-array" count="30" stride="4">
              <param name="R" type="float"/>
              <param name="G" type="float"/>
              <param name="B" type="float"/>
              <param name="A" type="float"/>
            </accessor>
          </technique_common>
        </source>
        <vertices id="unnamed_016-mesh-vertices">
          <input semantic="POSITION" source="#unnamed_016-mesh-positions"/>
        </vertices>
        <triangles material="unnamed_004-material" count="10">
          <input semantic="VERTEX" source="#unnamed_016-mesh-vertices" offset="0"/>
          <input semantic="NORMAL" source="#unnamed_016-mesh-normals" offset="1"/>
          <input semantic="TEXCOORD" source="#unnamed_016-mesh-map-0" offset="2" set="0"/>
          <input semantic="COLOR" source="#unnamed_016-mesh-colors-Col" offset="3" set="0"/>
          <p>0 0 0 0 5 1 1 1 9 2 2 2 1 3 3 3 0 0 4 4 9 2 5 5 1 3 6 6 9 2 7 7 4 4 8 8 2 5 9 9 10 6 10 10 9 2 11 11 2 5 12 12 9 2 13 13 3 7 14 14 4 4 15 15 9 2 16 16 6 8 17 17 9 2 18 18 5 1 19 19 8 9 20 20 6 8 21 21 9 2 22 22 7 10 23 23 9 2 24 24 8 9 25 25 3 7 26 26 7 10 27 27 9 2 28 28 10 6 29 29</p>
        </triangles>
      </mesh>
    </geometry>
    <geometry id="unnamed_015-mesh" name="unnamed.015">
      <mesh>
        <source id="unnamed_015-mesh-positions">
          <float_array id="unnamed_015-mesh-positions-array" count="36">-0.05924099 -0.1334063 1.088953 -0.05434995 -0.1294013 1.07898 -0.06541597 -0.1342193 1.084809 -0.05915194 -0.1294013 1.075491 -0.027637 -0.1294013 1.07898 -0.02267199 -0.1339833 1.088223 -0.02283495 -0.1294013 1.075491 -0.01601696 -0.1343043 1.084654 -0.03807896 -0.1294013 1.07898 -0.04401499 -0.1294013 1.07898 -0.03722494 -0.1344013 1.090538 -0.04486894 -0.1344333 1.090584</float_array>
          <technique_common>
            <accessor source="#unnamed_015-mesh-positions-array" count="12" stride="3">
              <param name="X" type="float"/>
              <param name="Y" type="float"/>
              <param name="Z" type="float"/>
            </accessor>
          </technique_common>
        </source>
        <source id="unnamed_015-mesh-normals">
          <float_array id="unnamed_015-mesh-normals-array" count="36">0.2487881 -0.9237425 -0.291212 0.2807859 -0.9303294 -0.2358956 0.2663995 -0.9278145 -0.2611353 0.2319269 -0.918869 -0.3192015 -0.2249363 -0.9177249 -0.3273906 -0.2370715 -0.9150631 -0.3262772 -0.2308119 -0.9164549 -0.3268583 -0.2201252 -0.9187388 -0.3278172 4.9521e-4 -0.9176947 -0.3972861 0 -0.917801 -0.3970409 0.001035749 -0.9175784 -0.3975537 0.001443684 -0.9174903 -0.3977555</float_array>
          <technique_common>
            <accessor source="#unnamed_015-mesh-normals-array" count="12" stride="3">
              <param name="X" type="float"/>
              <param name="Y" type="float"/>
              <param name="Z" type="float"/>
            </accessor>
          </technique_common>
        </source>
        <source id="unnamed_015-mesh-map-0">
          <float_array id="unnamed_015-mesh-map-0-array" count="36">0.1965 0.3684 0.1777999 0.6917 0.1541 0.5574 0.1965 0.3684 0.1541 0.5574 0.1781 0.2553 0.3178 0.6681 0.2988 0.3684 0.3171 0.2553 0.3178 0.6681 0.3171 0.2553 0.3432 0.5524 0.2361 0.3684 0.2588 0.3684 0.2621 0.7431 0.2361 0.3684 0.2621 0.7431 0.2328 0.7446</float_array>
          <technique_common>
            <accessor source="#unnamed_015-mesh-map-0-array" count="18" stride="2">
              <param name="S" type="float"/>
              <param name="T" type="float"/>
            </accessor>
          </technique_common>
        </source>
        <source id="unnamed_015-mesh-colors-Col" name="Col">
          <float_array id="unnamed_015-mesh-colors-Col-array" count="72">1 1 1 1 1 1 1 1 1 1 1 1 1 1 1 1 1 1 1 1 1 1 1 1 1 1 1 1 1 1 1 1 1 1 1 1 1 1 1 1 1 1 1 1 1 1 1 1 1 1 1 1 1 1 1 1 1 1 1 1 1 1 1 1 1 1 1 1 1 1 1 1</float_array>
          <technique_common>
            <accessor source="#unnamed_015-mesh-colors-Col-array" count="18" stride="4">
              <param name="R" type="float"/>
              <param name="G" type="float"/>
              <param name="B" type="float"/>
              <param name="A" type="float"/>
            </accessor>
          </technique_common>
        </source>
        <vertices id="unnamed_015-mesh-vertices">
          <input semantic="POSITION" source="#unnamed_015-mesh-positions"/>
        </vertices>
        <triangles material="unnamed_008-material" count="6">
          <input semantic="VERTEX" source="#unnamed_015-mesh-vertices" offset="0"/>
          <input semantic="NORMAL" source="#unnamed_015-mesh-normals" offset="1"/>
          <input semantic="TEXCOORD" source="#unnamed_015-mesh-map-0" offset="2" set="0"/>
          <input semantic="COLOR" source="#unnamed_015-mesh-colors-Col" offset="3" set="0"/>
          <p>1 0 0 0 0 1 1 1 2 2 2 2 1 0 3 3 2 2 4 4 3 3 5 5 5 4 6 6 4 5 7 7 6 6 8 8 5 4 9 9 6 6 10 10 7 7 11 11 9 8 12 12 8 9 13 13 10 10 14 14 9 8 15 15 10 10 16 16 11 11 17 17</p>
        </triangles>
      </mesh>
    </geometry>
    <geometry id="unnamed_014-mesh" name="unnamed.014">
      <mesh>
        <source id="unnamed_014-mesh-positions">
          <float_array id="unnamed_014-mesh-positions-array" count="63">-0.01810199 -0.1814119 1.196704 -0.05424696 -0.1529899 1.189578 -0.02276694 -0.216834 1.16996 -0.09113496 -0.1793439 1.1539 -0.06496399 -0.2251759 1.143919 -0.01938295 -0.1555569 1.214879 -0.01449799 -0.1228489 1.241831 -0.05092996 -0.09544897 1.244298 -0.09596794 -0.1454589 1.176301 -0.130751 -0.114371 1.183223 -0.1360499 -0.1519459 1.153595 -0.08383196 -0.08102297 1.239983 -0.08332097 -0.113972 1.204816 -0.118561 -0.06000596 1.240666 -0.151115 -0.07521092 1.213979 -0.09575098 -0.2229589 1.131699 -0.136673 -0.2215979 1.115346 -0.169098 -0.1816329 1.128727 -0.1710079 -0.09635996 1.189707 -0.198104 -0.1225669 1.159573 -0.1787509 -0.1611209 1.139267</float_array>
          <technique_common>
            <accessor source="#unnamed_014-mesh-positions-array" count="21" stride="3">
              <param name="X" type="float"/>
              <param name="Y" type="float"/>
              <param name="Z" type="float"/>
            </accessor>
          </technique_common>
        </source>
        <source id="unnamed_014-mesh-normals">
          <float_array id="unnamed_014-mesh-normals-array" count="63">-0.5131752 -0.4730839 0.7161306 -0.4269329 -0.5257096 0.7357702 -0.4520138 -0.446549 0.7721902 -0.3574581 -0.4782056 0.8022114 -0.4172319 -0.4143751 0.808833 -0.5359758 -0.4877598 0.6890721 -0.4649888 -0.5773625 0.6711468 -0.3689895 -0.6075284 0.7033889 -0.4294868 -0.6293916 0.6476167 -0.2633921 -0.5300475 0.8060237 -0.3417055 -0.5517264 0.7608124 -0.2758879 -0.6099754 0.7428432 -0.3951089 -0.6732261 0.6250245 -0.3175283 -0.6701914 0.6708348 -0.2525117 -0.675441 0.692833 -0.3522462 -0.3946699 0.8486214 -0.2886715 -0.440864 0.8498869 -0.223459 -0.4676273 0.8552139 -0.1767635 -0.6584557 0.7315673 -0.1828905 -0.5893899 0.786874 -0.1676205 -0.5239695 0.8350804</float_array>
          <technique_common>
            <accessor source="#unnamed_014-mesh-normals-array" count="21" stride="3">
              <param name="X" type="float"/>
              <param name="Y" type="float"/>
              <param name="Z" type="float"/>
            </accessor>
          </technique_common>
        </source>
        <source id="unnamed_014-mesh-map-0">
          <float_array id="unnamed_014-mesh-map-0-array" count="120">0.5818 0.6517 0.6171 0.535 0.6765 0.7322 0.6765 0.7322 0.6171 0.535 0.7339 0.5345 0.6765 0.7322 0.7339 0.5345 0.777 0.6565 0.7339 0.5345 0.777 0.6565 0.6755 0.7314 0.7339 0.5345 0.6755 0.7314 0.6171 0.535 0.6171 0.535 0.6755 0.7314 0.5818 0.6517 0.631 0.7989 0.6897 0.7409 0.6901 0.8131 0.6901 0.8131 0.6897 0.7409 0.7446 0.7959 0.6901 0.8131 0.7446 0.7959 0.7448 0.8608 0.6901 0.8131 0.7448 0.8608 0.6314 0.8607 0.6901 0.8131 0.6314 0.8607 0.631 0.7989 0.7339 0.5345 0.777 0.6565 0.6743 0.7303 0.7339 0.5345 0.6743 0.7303 0.6171 0.535 0.6171 0.535 0.6743 0.7303 0.5818 0.6517 0.5818 0.6517 0.6171 0.535 0.6757 0.7315 0.6757 0.7315 0.6171 0.535 0.7339 0.5345 0.6757 0.7315 0.7339 0.5345 0.777 0.6565 0.7339 0.5345 0.777 0.6565 0.6755 0.7313 0.7339 0.5345 0.6755 0.7313 0.6171 0.535 0.6171 0.535 0.6755 0.7313 0.5818 0.6517</float_array>
          <technique_common>
            <accessor source="#unnamed_014-mesh-map-0-array" count="60" stride="2">
              <param name="S" type="float"/>
              <param name="T" type="float"/>
            </accessor>
          </technique_common>
        </source>
        <source id="unnamed_014-mesh-colors-Col" name="Col">
          <float_array id="unnamed_014-mesh-colors-Col-array" count="240">0 0 0 1 0 0 0 1 0 0 0 1 0 0 0 1 0 0 0 1 0 0 0 1 0 0 0 1 0 0 0 1 0 0 0 1 0 0 0 1 0 0 0 1 0 0 0 1 0 0 0 1 0 0 0 1 0 0 0 1 0 0 0 1 0 0 0 1 0 0 0 1 0 0 0 1 0 0 0 1 0 0 0 1 0 0 0 1 0 0 0 1 0 0 0 1 0 0 0 1 0 0 0 1 0 0 0 1 0 0 0 1 0 0 0 1 0 0 0 1 0 0 0 1 0 0 0 1 0 0 0 1 0 0 0 1 0 0 0 1 0 0 0 1 0 0 0 1 0 0 0 1 0 0 0 1 0 0 0 1 0 0 0 1 0 0 0 1 0 0 0 1 0 0 0 1 0 0 0 1 0 0 0 1 0 0 0 1 0 0 0 1 0 0 0 1 0 0 0 1 0 0 0 1 0 0 0 1 0 0 0 1 0 0 0 1 0 0 0 1 0 0 0 1 0 0 0 1 0 0 0 1 0 0 0 1 0 0 0 1</float_array>
          <technique_common>
            <accessor source="#unnamed_014-mesh-colors-Col-array" count="60" stride="4">
              <param name="R" type="float"/>
              <param name="G" type="float"/>
              <param name="B" type="float"/>
              <param name="A" type="float"/>
            </accessor>
          </technique_common>
        </source>
        <vertices id="unnamed_014-mesh-vertices">
          <input semantic="POSITION" source="#unnamed_014-mesh-positions"/>
        </vertices>
        <triangles material="unnamed_004-material" count="20">
          <input semantic="VERTEX" source="#unnamed_014-mesh-vertices" offset="0"/>
          <input semantic="NORMAL" source="#unnamed_014-mesh-normals" offset="1"/>
          <input semantic="TEXCOORD" source="#unnamed_014-mesh-map-0" offset="2" set="0"/>
          <input semantic="COLOR" source="#unnamed_014-mesh-colors-Col" offset="3" set="0"/>
          <p>0 0 0 0 1 1 1 1 2 2 2 2 2 2 3 3 1 1 4 4 3 3 5 5 2 2 6 6 3 3 7 7 4 4 8 8 1 1 9 9 5 5 10 10 6 6 11 11 1 1 12 12 6 6 13 13 12 7 14 14 12 7 15 15 6 6 16 16 7 8 17 17 10 9 18 18 3 3 19 19 8 10 20 20 8 10 21 21 3 3 22 22 1 1 23 23 8 10 24 24 1 1 25 25 12 7 26 26 8 10 27 27 12 7 28 28 9 11 29 29 8 10 30 30 9 11 31 31 10 9 32 32 12 7 33 33 11 12 34 34 13 13 35 35 12 7 36 36 13 13 37 37 9 11 38 38 9 11 39 39 13 13 40 40 14 14 41 41 15 15 42 42 3 3 43 43 16 16 44 44 16 16 45 45 3 3 46 46 10 9 47 47 16 16 48 48 10 9 49 49 17 17 50 50 9 11 51 51 18 18 52 52 19 19 53 53 9 11 54 54 19 19 55 55 10 9 56 56 10 9 57 57 19 19 58 58 20 20 59 59</p>
        </triangles>
      </mesh>
    </geometry>
    <geometry id="unnamed_013-mesh" name="unnamed.013">
      <mesh>
        <source id="unnamed_013-mesh-positions">
          <float_array id="unnamed_013-mesh-positions-array" count="165">0.07014596 -0.07549935 1.216178 -0.07014596 -0.07549935 1.216178 -0.09694796 -0.2029193 1.135861 0.1128979 -0.2305462 0.8831619 0 -0.2773113 0.9474319 0 -0.2607973 1.078238 -0.121155 -0.2448472 1.013969 -0.203251 -0.1478983 1.078238 -0.128849 -0.1093913 1.18291 -0.2015359 -0.03499931 1.135861 -0.128849 0.03939062 1.18291 0 0.04599761 1.216178 0 0.1137816 1.18291 0.128849 0.03939062 1.18291 0.128849 -0.1093913 1.18291 0.203251 -0.1478983 1.078238 0.2015359 -0.03499931 1.135861 0.203251 0.07789766 1.078238 0.121155 0.1748467 1.013969 0.09694796 0.1329186 1.135861 -0.203251 0.07789766 1.078238 -0.1128979 -0.2305462 0.8831619 -0.179266 -0.1495723 0.8790709 -0.218115 -0.1561552 0.9474319 -0.2495409 -0.03499931 1.013969 -0.218115 0.08615469 0.947432 -0.09694796 0.1329186 1.135861 0 0.1907966 1.078238 0 0.2073107 0.9474321 0.179276 0.07875871 0.879072 0.218115 0.08615469 0.947432 0.234694 -0.03499925 0.883162 0.2495409 -0.03499931 1.013969 0.218115 -0.1561552 0.9474319 0.179276 -0.1495723 0.879072 0.05769699 -0.2135052 0.8089659 0 -0.2454022 0.871275 -0.05769699 -0.2135052 0.8089659 -0.151031 -0.1456772 0.8089659 -0.234694 -0.03499925 0.883162 -0.186667 -0.03593122 0.808966 -0.151031 0.07381474 0.808966 0.1128979 0.1605457 0.883162 0 0.1754017 0.8712751 -0.1128979 0.1605457 0.883162 -0.121155 0.1748467 1.013969 -0.179266 0.07875871 0.879072 -0.05769699 0.1416417 0.8089661 0.05769699 0.1416417 0.8089661 0.151053 0.07381474 0.808966 0.186712 -0.03593122 0.808966 0.151053 -0.1456772 0.8089659 0.121155 -0.2448472 1.013969 0.09694796 -0.2029193 1.135861 0 -0.1837823 1.18291</float_array>
          <technique_common>
            <accessor source="#unnamed_013-mesh-positions-array" count="55" stride="3">
              <param name="X" type="float"/>
              <param name="Y" type="float"/>
              <param name="Z" type="float"/>
            </accessor>
          </technique_common>
        </source>
        <source id="unnamed_013-mesh-normals">
          <float_array id="unnamed_013-mesh-normals-array" count="165">0 -0.5906636 0.8069179 0.510062 -0.3091562 0.8026577 0.2353389 -0.1358736 0.962369 0.4895148 0.2974132 0.8197077 0 0.2717471 0.9623688 -0.2353388 -0.1358736 0.962369 -0.5100619 -0.3091562 0.8026577 -0.3928513 -0.7054727 0.5898951 0 -0.9339228 0.3574749 0.3928513 -0.7054727 0.5898951 0.4773498 -0.870296 0.1213352 0 -0.9919 -0.1270217 0.4665145 -0.8243964 -0.320523 0 -0.9220526 -0.3870647 -0.4665364 -0.8243731 -0.3205509 -0.4773498 -0.870296 0.1213352 -0.7950946 -0.4811903 0.3691622 -0.7935693 2.3853e-6 0.6084799 -0.4895148 0.2974132 0.8197077 0 0.6140125 0.7892963 0.3928511 0.7054722 0.5898959 0.7950934 0.4811919 0.3691623 0.7935692 2.44271e-6 0.60848 0.7950946 -0.4811902 0.3691621 0.9920726 2.07202e-6 0.1256667 0.8458751 0.5101513 -0.1556958 0.4773501 0.8702957 0.1213358 0 0.9339225 0.3574753 -0.392851 0.7054722 0.5898959 -0.7950935 0.4811919 0.3691623 -0.9920726 2.11346e-6 0.1256668 -0.8461748 -0.5100926 -0.1542521 -0.7675068 -0.4941236 -0.4083812 -0.9321109 0.001216113 -0.3621709 -0.8458705 0.5101495 -0.155726 -0.4773501 0.8702957 0.1213358 0 0.9919 -0.1270212 0.4656487 0.8220379 -0.3277575 0.7659336 0.491948 -0.4139239 0.9321678 0.001216113 -0.3620248 0.8461792 -0.5100942 -0.1542236 0.7675436 -0.4941495 -0.4082807 0.7359122 -0.5233314 -0.4296017 0.2436329 -0.8612176 -0.446035 -0.2436642 -0.8611992 -0.4460536 -0.735874 -0.5232544 -0.4297608 -0.8394885 -0.002065956 -0.5433736 -0.7339929 0.5190484 -0.4379992 0 0.9173306 -0.3981264 -0.4656708 0.8220146 -0.3277847 -0.7658963 0.4919216 -0.4140244 -0.243163 0.8511403 -0.4652226 0.2431319 0.851159 -0.4652045 0.734031 0.5191251 -0.4378444 0.8397209 -0.002068161 -0.5430146</float_array>
          <technique_common>
            <accessor source="#unnamed_013-mesh-normals-array" count="55" stride="3">
              <param name="X" type="float"/>
              <param name="Y" type="float"/>
              <param name="Z" type="float"/>
            </accessor>
          </technique_common>
        </source>
        <source id="unnamed_013-mesh-map-0">
          <float_array id="unnamed_013-mesh-map-0-array" count="588">0.2301999 -0.5637 0.28 -0.5637 0.2573 -0.5508 0.2573 -0.5508 0.28 -0.5637 0.28 -0.5637 0.2573 -0.5508 0.28 -0.5637 0.2301999 -0.5508 0.2573 -0.5508 0.2301999 -0.5508 0.2031 -0.5508 0.2573 -0.5508 0.2031 -0.5508 0.2301999 -0.5637 0.2301999 -0.5637 0.2031 -0.5508 0.1804 -0.5637 0.2301999 -0.5637 0.1804 -0.5637 0.1928 -0.5819 0.2301999 -0.5637 0.1928 -0.5819 0.2301999 -0.6041 0.2301999 -0.5637 0.2301999 -0.6041 0.2677 -0.5819 0.2677 -0.5819 0.2301999 -0.6041 0.277 -0.629 0.277 -0.629 0.2301999 -0.6041 0.2301999 -0.6547001 0.277 -0.629 0.2301999 -0.6547001 0.2738 -0.6795 0.2738 -0.6795 0.2301999 -0.6547001 0.2301999 -0.6841 0.1866 -0.6795 0.2301999 -0.6841 0.2301999 -0.6547001 0.1866 -0.6795 0.2301999 -0.6547001 0.1834 -0.629 0.1834 -0.629 0.2301999 -0.6547001 0.2301999 -0.6041 0.1834 -0.629 0.2301999 -0.6041 0.1928 -0.5819 0.1834 -0.629 0.1928 -0.5819 0.1517 -0.6041 0.1517 -0.6041 0.1928 -0.5819 0.1804 -0.5637 0.1517 -0.6041 0.1804 -0.5637 0.1524 -0.5819 0.1524 -0.5819 0.1804 -0.5637 0.1804 -0.5637 0.1804 -0.5637 0.1804 -0.5637 0.2031 -0.5508 0.1804 -0.5637 0.2031 -0.5508 0.2301999 -0.5508 0.1804 -0.5637 0.2301999 -0.5508 0.2301999 -0.5637 0.2301999 -0.5637 0.2301999 -0.5508 0.28 -0.5637 0.2301999 -0.5637 0.28 -0.5637 0.2677 -0.5819 0.2677 -0.5819 0.28 -0.5637 0.3087 -0.6041 0.3087 -0.6041 0.28 -0.5637 0.3081 -0.5819 0.3081 -0.5819 0.28 -0.5637 0.28 -0.5637 0.3081 -0.5819 0.28 -0.5637 0.3087 -0.6041 0.3081 -0.5819 0.3087 -0.6041 0.3266 -0.629 0.3081 -0.5819 0.3266 -0.629 0.3087 -0.6041 0.3087 -0.6041 0.3266 -0.629 0.3145 -0.6547001 0.3087 -0.6041 0.3145 -0.6547001 0.277 -0.629 0.3087 -0.6041 0.277 -0.629 0.2677 -0.5819 0.2677 -0.5819 0.277 -0.629 0.2301999 -0.6041 0.2677 -0.5819 0.2301999 -0.6041 0.2301999 -0.5637 0.2301999 -0.5637 0.2301999 -0.6041 0.1928 -0.5819 0.2301999 -0.5637 0.1928 -0.5819 0.1804 -0.5637 0.1804 -0.5637 0.1928 -0.5819 0.1517 -0.6041 0.1804 -0.5637 0.1517 -0.6041 0.1524 -0.5819 0.1524 -0.5819 0.1517 -0.6041 0.1338 -0.629 0.1524 -0.5819 0.1338 -0.629 0.1517 -0.6041 0.1517 -0.6041 0.1338 -0.629 0.1459 -0.6547001 0.1517 -0.6041 0.1459 -0.6547001 0.1834 -0.629 0.1834 -0.629 0.1459 -0.6547001 0.1866 -0.6795 0.161 -0.6811 0.1866 -0.6795 0.1459 -0.6547001 0.161 -0.6811 0.1459 -0.6547001 0.1395 -0.6795 0.1395 -0.6795 0.1459 -0.6547001 0.1338 -0.629 0.1395 -0.6795 0.1338 -0.629 0.1459 -0.6547001 0.1459 -0.6547001 0.1338 -0.629 0.1517 -0.6041 0.1459 -0.6547001 0.1517 -0.6041 0.1834 -0.629 0.1834 -0.629 0.1517 -0.6041 0.1928 -0.5819 0.1834 -0.629 0.1928 -0.5819 0.2301999 -0.6041 0.1834 -0.629 0.2301999 -0.6041 0.2301999 -0.6547001 0.2301999 -0.6547001 0.2301999 -0.6041 0.277 -0.629 0.2301999 -0.6547001 0.277 -0.629 0.2738 -0.6795 0.2738 -0.6795 0.277 -0.629 0.3145 -0.6547001 0.2738 -0.6795 0.3145 -0.6547001 0.2995 -0.6811 0.2995 -0.6811 0.3145 -0.6547001 0.3209 -0.6795 0.3209 -0.6795 0.3145 -0.6547001 0.3266 -0.629 0.3209 -0.6795 0.3266 -0.629 0.3145 -0.6547001 0.3145 -0.6547001 0.3266 -0.629 0.3087 -0.6041 0.3145 -0.6547001 0.3087 -0.6041 0.277 -0.629 0.277 -0.629 0.2738 -0.6795 0.3145 -0.6547001 0.3145 -0.6547001 0.2738 -0.6795 0.2995 -0.6811 0.3145 -0.6547001 0.2995 -0.6811 0.3209 -0.6795 0.3209 -0.6795 0.2995 -0.6811 0.2886 -0.7081 0.2886 -0.7081 0.2995 -0.6811 0.2738 -0.6795 0.2886 -0.7081 0.2738 -0.6795 0.2525 -0.7081 0.2525 -0.7081 0.2738 -0.6795 0.2301999 -0.6841 0.2525 -0.7081 0.2301999 -0.6841 0.2079 -0.7081 0.2079 -0.7081 0.2301999 -0.6841 0.1866 -0.6795 0.2079 -0.7081 0.1866 -0.6795 0.1719 -0.7081 0.1719 -0.7081 0.1866 -0.6795 0.161 -0.6811 0.1719 -0.7081 0.161 -0.6811 0.1395 -0.6795 0.1719 -0.7081 0.1395 -0.6795 0.1581 -0.7081 0.1581 -0.7081 0.1395 -0.6795 0.1719 -0.7081 0.2738 -0.6795 0.2301999 -0.6841 0.2301999 -0.6547001 0.2301999 -0.6547001 0.2301999 -0.6841 0.1866 -0.6795 0.2301999 -0.6547001 0.1866 -0.6795 0.1834 -0.629 0.1834 -0.629 0.1866 -0.6795 0.1459 -0.6547001 0.1459 -0.6547001 0.1866 -0.6795 0.161 -0.6811 0.1459 -0.6547001 0.161 -0.6811 0.1395 -0.6795 0.1395 -0.6795 0.161 -0.6811 0.1719 -0.7081 0.1719 -0.7081 0.161 -0.6811 0.1866 -0.6795 0.1719 -0.7081 0.1866 -0.6795 0.2079 -0.7081 0.2079 -0.7081 0.1866 -0.6795 0.2301999 -0.6841 0.2079 -0.7081 0.2301999 -0.6841 0.2525 -0.7081 0.2525 -0.7081 0.2301999 -0.6841 0.2738 -0.6795 0.2525 -0.7081 0.2738 -0.6795 0.2886 -0.7081 0.2886 -0.7081 0.2738 -0.6795 0.2995 -0.6811 0.2886 -0.7081 0.2995 -0.6811 0.3209 -0.6795 0.2886 -0.7081 0.3209 -0.6795 0.3023 -0.7081 0.3023 -0.7081 0.3209 -0.6795 0.2886 -0.7081 0.6648 -0.9789 1.073 -0.9608001 0.4271 -0.4846001 0.4271 -0.4846001 1.073 -0.9608001 0.776 0.007799983 0.4271 -0.4846001 0.776 0.007799983 0.1067 0</float_array>
          <technique_common>
            <accessor source="#unnamed_013-mesh-map-0-array" count="294" stride="2">
              <param name="S" type="float"/>
              <param name="T" type="float"/>
            </accessor>
          </technique_common>
        </source>
        <source id="unnamed_013-mesh-colors-Col" name="Col">
          <float_array id="unnamed_013-mesh-colors-Col-array" count="1176">1 1 1 0.4627451 1 1 1 0.4627451 1 1 1 0.4627451 1 1 1 0.4627451 1 1 1 0.4627451 1 1 1 0.4627451 1 1 1 0.4627451 1 1 1 0.4627451 1 1 1 0.4627451 1 1 1 0.4627451 1 1 1 0.4627451 1 1 1 0.4627451 1 1 1 0.4627451 1 1 1 0.4627451 1 1 1 0.4627451 1 1 1 0.4627451 1 1 1 0.4627451 1 1 1 0.4627451 1 1 1 0.4627451 1 1 1 0.4627451 1 1 1 0.4627451 1 1 1 0.4627451 1 1 1 0.4627451 1 1 1 0.4627451 1 1 1 0.4627451 1 1 1 0.4627451 1 1 1 0.4627451 1 1 1 0.4627451 1 1 1 0.4627451 1 1 1 0.4627451 1 1 1 0.4627451 1 1 1 0.4627451 1 1 1 0.4627451 1 1 1 0.4627451 1 1 1 0.4627451 1 1 1 0.4627451 1 1 1 0.4627451 1 1 1 0.4627451 1 1 1 0.4627451 1 1 1 0.4627451 1 1 1 0.4627451 1 1 1 0.4627451 1 1 1 0.4627451 1 1 1 0.4627451 1 1 1 0.4627451 1 1 1 0.4627451 1 1 1 0.4627451 1 1 1 0.4627451 1 1 1 0.4627451 1 1 1 0.4627451 1 1 1 0.4627451 1 1 1 0.4627451 1 1 1 0.4627451 1 1 1 0.4627451 1 1 1 0.4627451 1 1 1 0.4627451 1 1 1 0.4627451 1 1 1 0.4627451 1 1 1 0.4627451 1 1 1 0.4627451 1 1 1 0.4627451 1 1 1 0.4627451 1 1 1 0.4627451 1 1 1 0.4627451 1 1 1 0.4627451 1 1 1 0.4627451 1 1 1 0.4627451 1 1 1 0.4627451 1 1 1 0.4627451 1 1 1 0.4627451 1 1 1 0.4627451 1 1 1 0.4627451 1 1 1 0.4627451 1 1 1 0.4627451 1 1 1 0.4627451 1 1 1 0.4627451 1 1 1 0.4627451 1 1 1 0.4627451 1 1 1 0.4627451 1 1 1 0.4627451 1 1 1 0.4627451 1 1 1 0.4627451 1 1 1 0.4627451 1 1 1 0.4627451 1 1 1 0.4627451 1 1 1 0.4627451 1 1 1 0.4627451 1 1 1 0.4627451 1 1 1 0.4627451 1 1 1 0.4627451 1 1 1 0.4627451 1 1 1 0.4627451 1 1 1 0.4627451 1 1 1 0.4627451 1 1 1 0.4627451 1 1 1 0.4627451 1 1 1 0.4627451 1 1 1 0.4627451 1 1 1 0.4627451 1 1 1 0.4627451 1 1 1 0.4627451 1 1 1 0.4627451 1 1 1 0.4627451 1 1 1 0.4627451 1 1 1 0.4627451 1 1 1 0.4627451 1 1 1 0.4627451 1 1 1 0.4627451 1 1 1 0.4627451 1 1 1 0.4627451 1 1 1 0.4627451 1 1 1 0.4627451 1 1 1 0.4627451 1 1 1 0.4627451 1 1 1 0.4627451 1 1 1 0.4627451 1 1 1 0.4627451 1 1 1 0.4627451 1 1 1 0.4627451 1 1 1 0.4627451 1 1 1 0.4627451 1 1 1 0.4627451 1 1 1 0.4627451 1 1 1 0.4627451 1 1 1 0.4627451 1 1 1 0.4627451 1 1 1 0.4627451 1 1 1 0.4627451 1 1 1 0.4627451 1 1 1 0.4627451 1 1 1 0.4627451 1 1 1 0.4627451 1 1 1 0.4627451 1 1 1 0.4627451 1 1 1 0.4627451 1 1 1 0.4627451 1 1 1 0.4627451 1 1 1 0.4627451 1 1 1 0.4627451 1 1 1 0.4627451 1 1 1 0.4627451 1 1 1 0.4627451 1 1 1 0.4627451 1 1 1 0.4627451 1 1 1 0.4627451 1 1 1 0.4627451 1 1 1 0.4627451 1 1 1 0.4627451 1 1 1 0.4627451 1 1 1 0.4627451 1 1 1 0.4627451 1 1 1 0.4627451 1 1 1 0.4627451 1 1 1 0.4627451 1 1 1 0.4627451 1 1 1 0.4627451 1 1 1 0.4627451 1 1 1 0.4627451 1 1 1 0.4627451 1 1 1 0.4627451 1 1 1 0.4627451 1 1 1 0.4627451 1 1 1 0.4627451 1 1 1 0.4627451 1 1 1 0.4627451 1 1 1 0.4627451 1 1 1 0.4627451 1 1 1 0.4627451 1 1 1 0.4627451 1 1 1 0.4627451 1 1 1 0.4627451 1 1 1 0.4627451 1 1 1 0.4627451 1 1 1 0.4627451 1 1 1 0.4627451 1 1 1 0.4627451 1 1 1 0.4627451 1 1 1 0.4627451 1 1 1 0.4627451 1 1 1 0.4627451 1 1 1 0.4627451 1 1 1 0.4627451 1 1 1 0.4627451 1 1 1 0.4627451 1 1 1 0.4627451 1 1 1 0.4627451 1 1 1 0.4627451 1 1 1 0.4627451 1 1 1 0.4627451 1 1 1 0.4627451 1 1 1 0.4627451 1 1 1 0.4627451 1 1 1 0.4627451 1 1 1 0.4627451 1 1 1 0.4627451 1 1 1 0.4627451 1 1 1 0.4627451 1 1 1 0.4627451 1 1 1 0.4627451 1 1 1 0.4627451 1 1 1 0.4627451 1 1 1 0.4627451 1 1 1 0.4627451 1 1 1 0.4627451 1 1 1 0.4627451 1 1 1 0.4627451 1 1 1 0.4627451 1 1 1 0.4627451 1 1 1 0.4627451 1 1 1 0.4627451 1 1 1 0.4627451 1 1 1 0.4627451 1 1 1 0.4627451 1 1 1 0.4627451 1 1 1 0.4627451 1 1 1 0.4627451 1 1 1 0.4627451 1 1 1 0.4627451 1 1 1 0.4627451 1 1 1 0.4627451 1 1 1 0.4627451 1 1 1 0.4627451 1 1 1 0.4627451 1 1 1 0.4627451 1 1 1 0.4627451 1 1 1 0.4627451 1 1 1 0.4627451 1 1 1 0.4627451 1 1 1 0.4627451 1 1 1 0.4627451 1 1 1 0.4627451 1 1 1 0.4627451 1 1 1 0.4627451 1 1 1 0.4627451 1 1 1 0.4627451 1 1 1 0.4627451 1 1 1 0.4627451 1 1 1 0.4627451 1 1 1 0.4627451 1 1 1 0.4627451 1 1 1 0.4627451 1 1 1 0.4627451 1 1 1 0.4627451 1 1 1 0.4627451 1 1 1 0.4627451 1 1 1 0.4627451 1 1 1 0.4627451 1 1 1 0.4627451 1 1 1 0.4627451 1 1 1 0.4627451 1 1 1 0.4627451 1 1 1 0.4627451 1 1 1 0.4627451 1 1 1 0.4627451 1 1 1 0.4627451 1 1 1 0.4627451 1 1 1 0.4627451 1 1 1 0.4627451 1 1 1 0.4627451 1 1 1 0.4627451 1 1 1 0.4627451 1 1 1 0.4627451 1 1 1 0.4627451 1 1 1 0.4627451 1 1 1 0.4627451 1 1 1 0.4627451 1 1 1 0.4627451 1 1 1 0.4627451 1 1 1 0.4627451 1 1 1 0.4627451 1 1 1 0.4627451 1 1 1 0.4627451 1 1 1 0.4627451 1 1 1 0.4627451 1 1 1 0.4627451 1 1 1 0.4627451 1 1 1 0.4627451 1 1 1 0.4627451 1 1 1 0.4627451 1 1 1 0.4627451 1 1 1 0.4627451 1 1 1 0.4627451 1 1 1 0.4627451 1 1 1 0.4627451 1 1 1 0.4627451 1 1 1 0.4627451 1 1 1 0.4627451 1 1 1 0.4627451 1 1 1 0.4627451 1 1 1 0.4627451 1 1 1 0.4627451 1 1 1 0.4627451 1 1 1 0.4627451 1 1 1 0.4627451</float_array>
          <technique_common>
            <accessor source="#unnamed_013-mesh-colors-Col-array" count="294" stride="4">
              <param name="R" type="float"/>
              <param name="G" type="float"/>
              <param name="B" type="float"/>
              <param name="A" type="float"/>
            </accessor>
          </technique_common>
        </source>
        <vertices id="unnamed_013-mesh-vertices">
          <input semantic="POSITION" source="#unnamed_013-mesh-positions"/>
        </vertices>
        <triangles material="unnamed_007-material" count="98">
          <input semantic="VERTEX" source="#unnamed_013-mesh-vertices" offset="0"/>
          <input semantic="NORMAL" source="#unnamed_013-mesh-normals" offset="1"/>
          <input semantic="TEXCOORD" source="#unnamed_013-mesh-map-0" offset="2" set="0"/>
          <input semantic="COLOR" source="#unnamed_013-mesh-colors-Col" offset="3" set="0"/>
          <p>54 0 0 0 14 1 1 1 0 2 2 2 0 2 3 3 14 1 4 4 13 3 5 5 0 2 6 6 13 3 7 7 11 4 8 8 0 2 9 9 11 4 10 10 1 5 11 11 0 2 12 12 1 5 13 13 54 0 14 14 54 0 15 15 1 5 16 16 8 6 17 17 54 0 18 18 8 6 19 19 2 7 20 20 54 0 21 21 2 7 22 22 5 8 23 23 54 0 24 24 5 8 25 25 53 9 26 26 53 9 27 27 5 8 28 28 52 10 29 29 52 10 30 30 5 8 31 31 4 11 32 32 52 10 33 33 4 11 34 34 3 12 35 35 3 12 36 36 4 11 37 37 36 13 38 38 21 14 39 39 36 13 40 40 4 11 41 41 21 14 42 42 4 11 43 43 6 15 44 44 6 15 45 45 4 11 46 46 5 8 47 47 6 15 48 48 5 8 49 49 2 7 50 50 6 15 51 51 2 7 52 52 7 16 53 53 7 16 54 54 2 7 55 55 8 6 56 56 7 16 57 57 8 6 58 58 9 17 59 59 9 17 60 60 8 6 61 61 10 18 62 62 10 18 63 63 8 6 64 64 1 5 65 65 10 18 66 66 1 5 67 67 11 4 68 68 10 18 69 69 11 4 70 70 12 19 71 71 12 19 72 72 11 4 73 73 13 3 74 74 12 19 75 75 13 3 76 76 19 20 77 77 19 20 78 78 13 3 79 79 17 21 80 80 17 21 81 81 13 3 82 82 16 22 83 83 16 22 84 84 13 3 85 85 14 1 86 86 16 22 87 87 14 1 88 88 15 23 89 89 16 22 90 90 15 23 91 91 32 24 92 92 16 22 93 93 32 24 94 94 17 21 95 95 17 21 96 96 32 24 97 97 30 25 98 98 17 21 99 99 30 25 100 100 18 26 101 101 17 21 102 102 18 26 103 103 19 20 104 104 19 20 105 105 18 26 106 106 27 27 107 107 19 20 108 108 27 27 109 109 12 19 110 110 12 19 111 111 27 27 112 112 26 28 113 113 12 19 114 114 26 28 115 115 10 18 116 116 10 18 117 117 26 28 118 118 20 29 119 119 10 18 120 120 20 29 121 121 9 17 122 122 9 17 123 123 20 29 124 124 24 30 125 125 9 17 126 126 24 30 127 127 7 16 128 128 7 16 129 129 24 30 130 130 23 31 131 131 7 16 132 132 23 31 133 133 6 15 134 134 6 15 135 135 23 31 136 136 21 14 137 137 22 32 138 138 21 14 139 139 23 31 140 140 22 32 141 141 23 31 142 142 39 33 143 143 39 33 144 144 23 31 145 145 24 30 146 146 39 33 147 147 24 30 148 148 25 34 149 149 25 34 150 150 24 30 151 151 20 29 152 152 25 34 153 153 20 29 154 154 45 35 155 155 45 35 156 156 20 29 157 157 26 28 158 158 45 35 159 159 26 28 160 160 27 27 161 161 45 35 162 162 27 27 163 163 28 36 164 164 28 36 165 165 27 27 166 166 18 26 167 167 28 36 168 168 18 26 169 169 42 37 170 170 42 37 171 171 18 26 172 172 30 25 173 173 42 37 174 174 30 25 175 175 29 38 176 176 29 38 177 177 30 25 178 178 31 39 179 179 31 39 180 180 30 25 181 181 32 24 182 182 31 39 183 183 32 24 184 184 33 40 185 185 33 40 186 186 32 24 187 187 15 23 188 188 33 40 189 189 15 23 190 190 52 10 191 191 52 10 192 192 3 12 193 193 33 40 194 194 33 40 195 195 3 12 196 196 34 41 197 197 33 40 198 198 34 41 199 199 31 39 200 200 31 39 201 201 34 41 202 202 51 42 203 203 51 42 204 204 34 41 205 205 3 12 206 206 51 42 207 207 3 12 208 208 35 43 209 209 35 43 210 210 3 12 211 211 36 13 212 212 35 43 213 213 36 13 214 214 37 44 215 215 37 44 216 216 36 13 217 217 21 14 218 218 37 44 219 219 21 14 220 220 38 45 221 221 38 45 222 222 21 14 223 223 22 32 224 224 38 45 225 225 22 32 226 226 39 33 227 227 38 45 228 228 39 33 229 229 40 46 230 230 40 46 231 231 39 33 232 232 41 47 233 233 42 37 234 234 43 48 235 235 28 36 236 236 28 36 237 237 43 48 238 238 44 49 239 239 28 36 240 240 44 49 241 241 45 35 242 242 45 35 243 243 44 49 244 244 25 34 245 245 25 34 246 246 44 49 247 247 46 50 248 248 25 34 249 249 46 50 250 250 39 33 251 251 39 33 252 252 46 50 253 253 41 47 254 254 41 47 255 255 46 50 256 256 44 49 257 257 41 47 258 258 44 49 259 259 47 51 260 260 47 51 261 261 44 49 262 262 43 48 263 263 47 51 264 264 43 48 265 265 48 52 266 266 48 52 267 267 43 48 268 268 42 37 269 269 48 52 270 270 42 37 271 271 49 53 272 272 49 53 273 273 42 37 274 274 29 38 275 275 49 53 276 276 29 38 277 277 31 39 278 278 49 53 279 279 31 39 280 280 50 54 281 281 50 54 282 282 31 39 283 283 51 42 284 284 52 10 285 285 15 23 286 286 53 9 287 287 53 9 288 288 15 23 289 289 14 1 290 290 53 9 291 291 14 1 292 292 54 0 293 293</p>
        </triangles>
      </mesh>
    </geometry>
    <geometry id="unnamed_012-mesh" name="unnamed.012">
      <mesh>
        <source id="unnamed_012-mesh-positions">
          <float_array id="unnamed_012-mesh-positions-array" count="336">0.128984 -0.08882606 0.225223 0.128984 -0.08882606 0.273118 0.157995 -0.03637707 0.273118 0.128984 0.0160709 0.273118 0.041951 -0.03637707 0.273118 0.041951 -0.03637707 0.225223 0.128984 -0.08882606 0.29804 0.07096195 0.0160709 0.273118 0.07096195 0.0160709 0.29804 0.07096195 -0.08882606 0.273118 0.07096195 -0.08882606 0.29804 0.157995 -0.03637707 0.29804 0.128984 0.0160709 0.29804 0.128984 0.0160709 0.322168 0.041951 -0.03637707 0.29804 0.07096195 0.0160709 0.322168 0.041951 -0.03637707 0.322168 0.041951 -0.03637713 0.412028 0.07096195 -0.08882606 0.3221679 0.07096195 -0.08882611 0.412028 0.128984 -0.08882606 0.3221679 0.128984 -0.08882611 0.412028 0.157995 -0.03637707 0.322168 0.157995 -0.03637713 0.412028 0.128984 0.01607084 0.412028 0.07096195 0.01607084 0.412028 -0.171015 -0.08514404 0.2158579 0.07096195 -0.08882606 0.225223 0.07096195 0.0160709 0.225223 0.04994195 0.03614491 0.215858 0.03121399 -0.08221405 0.2158579 0.01991295 -0.103459 0.121109 0.02527999 -0.285969 0.09204387 0.03108799 -0.281124 0 0.009257972 -0.19337 0.1091769 0.01482194 -0.1811169 0 0.04413998 0.04516398 0 -0.05157399 -0.112012 0.2158579 -0.07096195 -0.08882606 0.225223 -0.03121399 -0.08221405 0.2158579 -0.04994195 0.03614491 0.215858 0.171015 -0.08514404 0.2158579 0.157995 -0.03637707 0.225223 0.149657 0.0410459 0.215858 0.1571069 0.04516392 0.121245 0.183941 -0.103459 0.1212449 0.165251 -0.121591 0.1334319 0.178014 -0.285969 0.09204387 0.172206 -0.281124 0 0.191477 -0.193385 0.1091769 0.183034 -0.104442 0 0.158824 0.04516398 0 0.04427498 0.04516392 0.121245 0.128984 0.0160709 0.225223 0.03804296 -0.121591 0.1334319 0.03355896 -0.215162 0.1465569 0.169588 -0.215162 0.1465569 0.185959 -0.181215 0 0.017838 -0.104245 0 0.05157399 -0.112012 0.2158579 0.147872 -0.116917 0.2158579 -0.01991295 -0.103459 0.121109 -0.01482194 -0.1811169 0 -0.02527999 -0.285969 0.09204387 -0.03355896 -0.215162 0.1465569 -0.009257972 -0.19337 0.1091769 -0.04427498 0.04516392 0.121245 -0.158824 0.04516398 0 -0.183034 -0.104442 0 -0.183941 -0.103459 0.1212449 -0.191477 -0.193385 0.1091769 -0.169588 -0.215162 0.1465569 -0.1571069 0.04516392 0.121245 -0.157995 -0.03637707 0.225223 -0.147872 -0.116917 0.2158579 -0.149657 0.0410459 0.215858 -0.07096195 0.0160709 0.322168 -0.07096195 0.01607084 0.412028 -0.041951 -0.03637713 0.412028 -0.07096195 -0.08882606 0.3221679 -0.07096195 -0.08882611 0.412028 -0.128984 -0.08882606 0.3221679 -0.128984 -0.08882611 0.412028 -0.157995 -0.03637707 0.322168 -0.157995 -0.03637713 0.412028 -0.128984 0.01607084 0.412028 -0.128984 0.0160709 0.322168 -0.041951 -0.03637707 0.322168 -0.07096195 -0.08882606 0.29804 -0.128984 -0.08882606 0.29804 -0.128984 0.0160709 0.29804 -0.07096195 0.0160709 0.29804 -0.041951 -0.03637707 0.29804 -0.157995 -0.03637707 0.29804 -0.128984 0.0160709 0.273118 -0.07096195 0.0160709 0.273118 -0.07096195 0.0160709 0.225223 -0.041951 -0.03637707 0.273118 -0.041951 -0.03637707 0.225223 -0.07096195 -0.08882606 0.273118 -0.128984 -0.08882606 0.225223 -0.128984 -0.08882606 0.273118 -0.157995 -0.03637707 0.273118 -0.128984 0.0160709 0.225223 -0.165251 -0.121591 0.1334319 -0.03804296 -0.121591 0.1334319 -0.178014 -0.285969 0.09204387 -0.172206 -0.281124 0 -0.04413998 0.04516398 0 -0.017838 -0.104245 0 -0.185959 -0.181215 0 -0.03108799 -0.281124 0</float_array>
          <technique_common>
            <accessor source="#unnamed_012-mesh-positions-array" count="112" stride="3">
              <param name="X" type="float"/>
              <param name="Y" type="float"/>
              <param name="Z" type="float"/>
            </accessor>
          </technique_common>
        </source>
        <source id="unnamed_012-mesh-normals">
          <float_array id="unnamed_012-mesh-normals-array" count="336">-0.3415768 -0.6176583 0.7083951 0.3343884 -0.6019543 0.7251451 0.5079277 -0.8613997 -1.30906e-7 0.9142202 0.06303101 0.4002855 1 3.95692e-6 0 0.3396866 0.6143344 0.7121841 0.5079244 0.8614016 2.59112e-7 -0.5079243 0.8614017 2.29541e-7 -0.3438112 0.6343513 0.6923816 -1 3.77263e-6 0 -0.9363926 0.06130778 0.3455582 -0.5079277 -0.8613998 -1.98683e-7 -0.5079277 -0.8613997 -3.5423e-7 0.5079278 -0.8613996 0 1 3.96776e-6 0 0.5079243 0.8614017 2.7308e-7 -0.5079242 0.8614018 2.50123e-7 -1 4.19542e-6 0 -1 4.13037e-6 0 -0.5079277 -0.8613997 -3.87254e-7 0.5079278 -0.8613996 -1.76635e-7 1 4.00028e-6 0 0.5079241 0.8614018 2.86338e-7 -0.5079243 0.8614018 2.768e-7 -0.5079244 0.8614017 2.60232e-7 -1 3.66422e-6 0 -0.5079277 -0.8613998 -2.82642e-7 0.5079277 -0.8613997 -2.92039e-7 1 3.91356e-6 0 0.5079244 0.8614017 2.65769e-7 -0.3343884 -0.6019544 0.7251451 -0.9142202 0.06303101 0.4002855 -0.7843307 -0.1858371 0.591853 -0.3325508 -0.736341 0.5892469 -0.5577495 -0.4457746 0.7001433 -0.5572427 -0.4307648 0.7098748 -0.3827399 -0.7059274 0.5959671 -0.7946421 -0.1817302 0.5792393 -0.5625998 0.6361932 0.5279582 -0.6478465 0.7601436 0.04976671 -0.9779164 -0.0291118 0.2069591 -0.9635341 -0.02455866 0.2664565 -0.442151 -0.2162759 0.8704753 -0.576941 -0.7503418 0.3226863 -0.5070791 -0.6027497 -0.6160874 -0.7156444 -0.02562057 -0.6979948 -0.7224056 0.07470762 -0.6874219 -0.5207864 0.6200345 -0.5868039 0.38274 -0.7059274 0.5959671 0.5572427 -0.4307649 0.7098749 0.7946421 -0.1817301 0.5792392 0.3415769 -0.6176582 0.7083951 0.9363926 0.06130778 0.3455583 0.5625998 0.6361932 0.5279582 0.3438112 0.6343513 0.6923816 0.3325508 -0.7363411 0.5892469 0.5577495 -0.4457746 0.7001433 0.7843307 -0.1858371 0.591853 0.5236713 0.6680577 0.5286468 0.6467461 0.7613957 0.04467791 0.9794766 -0.0300166 0.1993108 0.9680717 -0.0237711 0.249544 0.4575031 -0.2128847 0.8633488 0.5864508 -0.7433359 0.3217564 0.5157495 -0.5969805 -0.6145054 0.7107434 -0.02289992 -0.7030786 0.7152326 0.07474583 -0.694878 0.5294401 0.6164571 -0.5828156 0.5207864 0.6200345 -0.5868039 0.6478465 0.7601436 0.04976671 0.7224056 0.07470762 -0.6874219 0.9779164 -0.0291118 0.2069591 0.7156444 -0.02562057 -0.6979948 0.9635341 -0.02455866 0.2664565 0.507079 -0.6027497 -0.6160874 0.576941 -0.7503418 0.3226864 0.442151 -0.2162759 0.8704754 -0.5236712 0.6680577 0.5286469 -0.6467461 0.7613957 0.04467791 -0.5294401 0.6164571 -0.5828155 -0.7152326 0.07474583 -0.694878 -0.9794766 -0.0300166 0.1993108 -0.7107434 -0.02289992 -0.7030786 -0.9680717 -0.02377116 0.2495441 -0.5157495 -0.5969806 -0.6145053 -0.5864508 -0.743336 0.3217566 -0.457503 -0.2128847 0.8633488 -0.3396863 0.6143345 0.7121842 0.5079242 0.8614018 2.768e-7 -0.5079246 0.8614017 2.65769e-7 0.5079244 0.8614017 2.60232e-7 1 4.08159e-6 0 1 3.6859e-6 0 0.5079278 -0.8613997 -3.87254e-7 0.5079277 -0.8613998 -2.82642e-7 -0.5079278 -0.8613996 -1.76635e-7 -0.5079277 -0.8613997 -2.92039e-7 -1 3.9515e-6 0 -1 3.83767e-6 0 -0.5079241 0.8614019 2.86339e-7 0.5079242 0.8614018 2.50123e-7 1 4.08701e-6 0 0.5079277 -0.8613997 -3.5423e-7 -0.5079279 -0.8613996 0 -1 3.91898e-6 0 -0.5079243 0.8614017 2.7308e-7 0.5079243 0.8614017 2.29541e-7 1 3.7401e-6 0 0.5079277 -0.8613997 -1.98683e-7 -0.5079277 -0.8613997 -1.30906e-7 -1 3.97318e-6 0 -0.5079244 0.8614017 2.59113e-7</float_array>
          <technique_common>
            <accessor source="#unnamed_012-mesh-normals-array" count="112" stride="3">
              <param name="X" type="float"/>
              <param name="Y" type="float"/>
              <param name="Z" type="float"/>
            </accessor>
          </technique_common>
        </source>
        <source id="unnamed_012-mesh-map-0">
          <float_array id="unnamed_012-mesh-map-0-array" count="1248">0.8028 0.9737 0.7799 0.9737 0.7799 0.9405 0.7799 0.9405 0.7799 0.9737 0.7684 0.9737 0.7799 0.9405 0.7684 0.9737 0.7684 0.9405 0.7684 0.9405 0.7684 0.9737 0.7799 0.9737 0.7684 0.9405 0.7799 0.9737 0.7799 0.9405 0.7799 0.9405 0.7799 0.9737 0.8028 0.9405 0.8028 0.9405 0.7799 0.9737 0.8028 0.9737 0.8028 0.9405 0.8028 0.9737 0.8143 0.9405 0.8143 0.9405 0.8028 0.9737 0.8143 0.9737 0.8143 0.9405 0.8143 0.9737 0.8028 0.9405 0.8028 0.9405 0.8143 0.9737 0.8028 0.9737 0.8028 0.9405 0.8028 0.9737 0.7799 0.9405 0.8028 0.9405 0.7799 0.9405 0.8028 0.9313 0.8028 0.9313 0.7799 0.9405 0.7799 0.9313 0.7799 0.9313 0.7799 0.9405 0.7684 0.9405 0.7799 0.9313 0.7684 0.9405 0.7684 0.9313 0.7684 0.9313 0.7684 0.9405 0.7799 0.9405 0.7684 0.9313 0.7799 0.9405 0.7799 0.9313 0.7799 0.9313 0.7799 0.9405 0.8028 0.9405 0.7799 0.9313 0.8028 0.9405 0.8028 0.9313 0.8028 0.9313 0.8028 0.9405 0.8143 0.9405 0.8028 0.9313 0.8143 0.9405 0.8143 0.9313 0.8143 0.9313 0.8143 0.9405 0.8028 0.9405 0.8143 0.9313 0.8028 0.9405 0.8028 0.9313 0.8143 0.9313 0.8028 0.9313 0.8143 0.921 0.8143 0.921 0.8028 0.9313 0.8028 0.921 0.8028 0.921 0.8028 0.9313 0.7799 0.9313 0.8028 0.921 0.7799 0.9313 0.7799 0.921 0.7799 0.921 0.7799 0.9313 0.7684 0.9313 0.7799 0.921 0.7684 0.9313 0.7684 0.921 0.7684 0.921 0.7684 0.9313 0.7799 0.9313 0.7684 0.921 0.7799 0.9313 0.7799 0.921 0.7799 0.921 0.7799 0.9313 0.8028 0.9313 0.7799 0.921 0.8028 0.9313 0.8028 0.921 0.8028 0.921 0.8028 0.9313 0.8143 0.9313 0.8028 0.921 0.8143 0.9313 0.8143 0.921 0.8028 0.921 0.8143 0.921 0.8028 0.9105 0.8028 0.9105 0.8143 0.921 0.8143 0.9105 0.8143 0.9105 0.8143 0.921 0.8028 0.921 0.8143 0.9105 0.8028 0.921 0.8028 0.9105 0.8028 0.9105 0.8028 0.921 0.7799 0.921 0.8028 0.9105 0.7799 0.921 0.7799 0.9105 0.7799 0.9105 0.7799 0.921 0.7684 0.921 0.7799 0.9105 0.7684 0.921 0.7684 0.9105 0.7684 0.9105 0.7684 0.921 0.7799 0.921 0.7684 0.9105 0.7799 0.921 0.7799 0.9105 0.7799 0.9105 0.7799 0.921 0.8028 0.921 0.7799 0.9105 0.8028 0.921 0.8028 0.9105 0.6354 0.3913 0.7028 0.3913 0.6333 0.3719 0.6354 0.3913 0.6333 0.3719 0.6016 0.3719 0.6016 0.3719 0.6333 0.3719 0.5923 0.2394999 0.5923 0.2394999 0.6016 0.3719 0.6332 0.3719 0.6332 0.3719 0.6016 0.3719 0.6354 0.3913 0.6332 0.3719 0.6354 0.3913 0.7028 0.3913 0.7028 0.3913 0.7711 0.3913 0.8009 0.3719 0.7028 0.3913 0.8009 0.3719 0.6332 0.3719 0.6332 0.3719 0.8009 0.3719 0.8091 0.2307 0.6332 0.3719 0.8091 0.2307 0.5932 0.2307 0.6332 0.3719 0.5932 0.2307 0.5923 0.2394999 0.5923 0.2394999 0.5932 0.2307 0.5071 0.2207 0.5923 0.2394999 0.5071 0.2207 0.4723 0.2404999 0.4723 0.2404999 0.5071 0.2207 0.4332 0.2095999 0.4324 0.1420999 0.4332 0.2095999 0.5071 0.2207 0.4324 0.1420999 0.5071 0.2207 0.5071 0.1420999 0.5071 0.1420999 0.5071 0.2207 0.5932 0.2307 0.5071 0.1420999 0.5932 0.2307 0.5932 0.1420999 0.5932 0.1420999 0.5932 0.2307 0.8091 0.2307 0.5932 0.1420999 0.8091 0.2307 0.8091 0.1420999 0.6016 0.3719 0.5923 0.2394999 0.6332 0.3719 0.6016 0.3719 0.6332 0.3719 0.6354 0.3913 0.6354 0.3913 0.6332 0.3719 0.7028 0.3913 0.7028 0.3913 0.6332 0.3719 0.8009 0.3719 0.7028 0.3913 0.8009 0.3719 0.7711 0.3913 0.6016 0.3719 0.5923 0.2394999 0.6333 0.3719 0.6016 0.3719 0.6333 0.3719 0.6354 0.3913 0.6354 0.3913 0.6333 0.3719 0.7028 0.3913 0.7711 0.3913 0.7028 0.3913 0.8009 0.3719 0.8009 0.3719 0.7028 0.3913 0.6333 0.3719 0.8009 0.3719 0.6333 0.3719 0.8091 0.2307 0.8091 0.2307 0.6333 0.3719 0.5932 0.2307 0.5932 0.2307 0.6333 0.3719 0.5923 0.2394999 0.5932 0.2307 0.5923 0.2394999 0.5071 0.2207 0.5071 0.2207 0.5923 0.2394999 0.4723 0.2404999 0.5071 0.2207 0.4723 0.2404999 0.4332 0.2095999 0.4332 0.2095999 0.4324 0.1420999 0.5071 0.2207 0.5071 0.2207 0.4324 0.1420999 0.5071 0.1420999 0.5071 0.2207 0.5071 0.1420999 0.5932 0.2307 0.5932 0.2307 0.5071 0.1420999 0.5932 0.1420999 0.5932 0.2307 0.5932 0.1420999 0.8091 0.2307 0.8091 0.2307 0.5932 0.1420999 0.8091 0.1420999 0.8091 0.2307 0.8091 0.1420999 0.9006 0.1420999 0.8091 0.2307 0.9006 0.1420999 0.9006 0.2307 0.8091 0.2307 0.9006 0.2307 0.8141 0.3719 0.8141 0.3719 0.9006 0.2307 0.896 0.3719 0.8141 0.3719 0.896 0.3719 0.8787 0.3913 0.8141 0.3719 0.8787 0.3913 0.8311 0.3913 0.9091 0.313 0.9875 0.313 0.9902 0.2783 0.9091 0.313 0.9902 0.2783 0.9064 0.2783 0.9064 0.2783 0.9902 0.2783 0.9955 0.2095999 0.9064 0.2783 0.9955 0.2095999 0.9006 0.2095999 0.9006 0.2095999 0.9955 0.2095999 0.9006 0.1420999 0.9006 0.1420999 0.9955 0.2095999 0.9955 0.1420999 0.6041 0.3973 0.6041 0.5285 0.693 0.3971 0.693 0.3971 0.6041 0.5285 0.693 0.5287 0.693 0.3971 0.693 0.5287 0.7629 0.3971 0.7629 0.3971 0.693 0.5287 0.7629 0.5287 0.7629 0.3971 0.7629 0.5287 0.8797 0.3968001 0.8797 0.3968001 0.7629 0.5287 0.8797 0.5289 0.9666 0.4466 0.9717 0.3968001 0.9303 0.4466 0.9303 0.4466 0.9717 0.3968001 0.9238 0.3968001 0.8311 0.3913 0.8787 0.3913 0.8141 0.3719 0.8141 0.3719 0.8787 0.3913 0.896 0.3719 0.8091 0.1420999 0.8091 0.2307 0.5932 0.1420999 0.5932 0.1420999 0.8091 0.2307 0.5932 0.2307 0.5932 0.1420999 0.5932 0.2307 0.5071 0.1420999 0.5071 0.1420999 0.5932 0.2307 0.5071 0.2207 0.5071 0.1420999 0.5071 0.2207 0.4324 0.1420999 0.4324 0.1420999 0.5071 0.2207 0.4332 0.2095999 0.4723 0.2404999 0.4332 0.2095999 0.5071 0.2207 0.4723 0.2404999 0.5071 0.2207 0.5923 0.2394999 0.5923 0.2394999 0.5071 0.2207 0.5932 0.2307 0.5923 0.2394999 0.5932 0.2307 0.6332 0.3719 0.6332 0.3719 0.5932 0.2307 0.8091 0.2307 0.6332 0.3719 0.8091 0.2307 0.8009 0.3719 0.8009 0.3719 0.8091 0.2307 0.8141 0.3719 0.8141 0.3719 0.8091 0.2307 0.8091 0.2307 0.8091 0.2307 0.8091 0.2307 0.9006 0.1420999 0.8091 0.2307 0.9006 0.1420999 0.8091 0.1420999 0.8091 0.2307 0.8091 0.1420999 0.5932 0.1420999 0.8091 0.2307 0.5932 0.1420999 0.5932 0.2307 0.5932 0.2307 0.5932 0.1420999 0.5071 0.1420999 0.5932 0.2307 0.5071 0.1420999 0.5071 0.2207 0.5071 0.2207 0.5071 0.1420999 0.4324 0.1420999 0.5071 0.2207 0.4324 0.1420999 0.4332 0.2095999 0.4332 0.2095999 0.4723 0.2404999 0.5071 0.2207 0.5071 0.2207 0.4723 0.2404999 0.5923 0.2394999 0.5071 0.2207 0.5923 0.2394999 0.5932 0.2307 0.5932 0.2307 0.5923 0.2394999 0.6333 0.3719 0.5932 0.2307 0.6333 0.3719 0.8091 0.2307 0.8091 0.2307 0.6333 0.3719 0.8009 0.3719 0.8009 0.3719 0.6333 0.3719 0.7028 0.3913 0.8009 0.3719 0.7028 0.3913 0.7711 0.3913 0.8141 0.3719 0.896 0.3719 0.8787 0.3913 0.8141 0.3719 0.8787 0.3913 0.8311 0.3913 0.8787 0.3913 0.896 0.3719 0.8141 0.3719 0.8787 0.3913 0.8141 0.3719 0.8311 0.3913 0.7483 0.919 0.7254 0.9071 0.7483 0.9071 0.7483 0.919 0.7483 0.9071 0.7598 0.919 0.7598 0.919 0.7483 0.9071 0.7598 0.9071 0.7598 0.919 0.7598 0.9071 0.7483 0.919 0.7483 0.919 0.7598 0.9071 0.7483 0.9071 0.7483 0.919 0.7483 0.9071 0.7254 0.919 0.7254 0.919 0.7483 0.9071 0.7254 0.9071 0.7254 0.919 0.7254 0.9071 0.7139 0.919 0.7139 0.919 0.7254 0.9071 0.7139 0.9071 0.7139 0.919 0.7139 0.9071 0.7254 0.919 0.7254 0.919 0.7139 0.9071 0.7254 0.9071 0.7254 0.919 0.7254 0.9071 0.7483 0.919 0.7254 0.919 0.7483 0.919 0.7483 0.9307 0.7483 0.9307 0.7483 0.919 0.7598 0.9307 0.7598 0.9307 0.7483 0.919 0.7598 0.919 0.7598 0.9307 0.7598 0.919 0.7483 0.9307 0.7483 0.9307 0.7598 0.919 0.7483 0.919 0.7483 0.9307 0.7483 0.919 0.7254 0.9307 0.7254 0.9307 0.7483 0.919 0.7254 0.919 0.7254 0.9307 0.7254 0.919 0.7139 0.9307 0.7139 0.9307 0.7254 0.919 0.7139 0.919 0.7139 0.9307 0.7139 0.919 0.7254 0.9307 0.7254 0.9307 0.7139 0.919 0.7254 0.919 0.7254 0.9307 0.7254 0.919 0.7483 0.9307 0.7254 0.9307 0.7483 0.9307 0.7483 0.9412 0.7483 0.9412 0.7483 0.9307 0.7598 0.9412 0.7598 0.9412 0.7483 0.9307 0.7598 0.9307 0.7598 0.9412 0.7598 0.9307 0.7483 0.9412 0.7483 0.9412 0.7598 0.9307 0.7483 0.9307 0.7483 0.9412 0.7483 0.9307 0.7254 0.9412 0.7254 0.9412 0.7483 0.9307 0.7254 0.9307 0.7254 0.9412 0.7254 0.9307 0.7139 0.9412 0.7139 0.9412 0.7254 0.9307 0.7139 0.9307 0.7139 0.9412 0.7139 0.9307 0.7254 0.9412 0.7254 0.9412 0.7139 0.9307 0.7254 0.9307 0.7254 0.9412 0.7254 0.9307 0.7483 0.9412 0.7254 0.9412 0.7483 0.9412 0.7254 0.9737 0.7254 0.9737 0.7483 0.9412 0.7483 0.9737 0.7483 0.9737 0.7483 0.9412 0.7598 0.9412 0.7483 0.9737 0.7598 0.9412 0.7598 0.9737 0.7598 0.9737 0.7598 0.9412 0.7483 0.9412 0.7598 0.9737 0.7483 0.9412 0.7483 0.9737 0.7483 0.9737 0.7483 0.9412 0.7254 0.9412 0.7483 0.9737 0.7254 0.9412 0.7254 0.9737 0.7254 0.9737 0.7254 0.9412 0.7139 0.9737 0.7139 0.9737 0.7254 0.9412 0.7139 0.9412 0.7139 0.9737 0.7139 0.9412 0.7254 0.9737 0.7254 0.9737 0.7139 0.9412 0.7254 0.9412 0.9667 0.4466 0.9304 0.4466 0.9718 0.3968001 0.9718 0.3968001 0.9304 0.4466 0.9238 0.3968001 0.9876 0.313 0.9092 0.313 0.9904 0.2783 0.9904 0.2783 0.9092 0.313 0.9065 0.2783 0.9904 0.2783 0.9065 0.2783 0.9955 0.2095999 0.9955 0.2095999 0.9065 0.2783 0.9006 0.2095999 0.9955 0.2095999 0.9006 0.2095999 0.9955 0.1420999 0.9955 0.1420999 0.9006 0.2095999 0.9006 0.1420999 0.8797 0.3968001 0.8797 0.5289 0.7629 0.5287 0.8797 0.3968001 0.7629 0.5287 0.7629 0.3971 0.7629 0.3971 0.7629 0.5287 0.693 0.5287 0.7629 0.3971 0.693 0.5287 0.693 0.3971 0.693 0.3971 0.693 0.5287 0.6041 0.5285 0.693 0.3971 0.6041 0.5285 0.6041 0.3973</float_array>
          <technique_common>
            <accessor source="#unnamed_012-mesh-map-0-array" count="624" stride="2">
              <param name="S" type="float"/>
              <param name="T" type="float"/>
            </accessor>
          </technique_common>
        </source>
        <source id="unnamed_012-mesh-colors-Col" name="Col">
          <float_array id="unnamed_012-mesh-colors-Col-array" count="2496">0 0 0 1 0 0 0 1 0 0 0 1 0 0 0 1 0 0 0 1 0 0 0 1 0 0 0 1 0 0 0 1 0 0 0 1 0 0 0 1 0 0 0 1 0 0 0 1 0 0 0 1 0 0 0 1 0 0 0 1 0 0 0 1 0 0 0 1 0 0 0 1 0 0 0 1 0 0 0 1 0 0 0 1 0 0 0 1 0 0 0 1 0 0 0 1 0 0 0 1 0 0 0 1 0 0 0 1 0 0 0 1 0 0 0 1 0 0 0 1 0 0 0 1 0 0 0 1 0 0 0 1 0 0 0 1 0 0 0 1 0 0 0 1 0 0 0 1 0 0 0 1 0 0 0 1 0 0 0 1 0 0 0 1 0 0 0 1 0 0 0 1 0 0 0 1 0 0 0 1 0 0 0 1 0 0 0 1 0 0 0 1 0 0 0 1 0 0 0 1 0 0 0 1 0 0 0 1 0 0 0 1 0 0 0 1 0 0 0 1 0 0 0 1 0 0 0 1 0 0 0 1 0 0 0 1 0 0 0 1 0 0 0 1 0 0 0 1 0 0 0 1 0 0 0 1 0 0 0 1 0 0 0 1 0 0 0 1 0 0 0 1 0 0 0 1 0 0 0 1 0 0 0 1 0 0 0 1 0 0 0 1 0 0 0 1 0 0 0 1 0 0 0 1 0 0 0 1 0 0 0 1 0 0 0 1 0 0 0 1 0 0 0 1 0 0 0 1 0 0 0 1 0 0 0 1 0 0 0 1 0 0 0 1 0 0 0 1 0 0 0 1 0 0 0 1 0 0 0 1 0 0 0 1 0 0 0 1 0 0 0 1 0 0 0 1 0 0 0 1 0 0 0 1 0 0 0 1 0 0 0 1 0 0 0 1 0 0 0 1 0 0 0 1 0 0 0 1 0 0 0 1 0 0 0 1 0 0 0 1 0 0 0 1 0 0 0 1 0 0 0 1 0 0 0 1 0 0 0 1 0 0 0 1 0 0 0 1 0 0 0 1 0 0 0 1 0 0 0 1 0 0 0 1 0 0 0 1 0 0 0 1 0 0 0 1 0 0 0 1 0 0 0 1 0 0 0 1 0 0 0 1 0 0 0 1 0 0 0 1 0 0 0 1 0 0 0 1 0 0 0 1 0 0 0 1 0 0 0 1 0 0 0 1 0 0 0 1 0 0 0 1 0 0 0 1 0 0 0 1 0 0 0 1 0 0 0 1 0 0 0 1 0 0 0 1 0 0 0 1 0 0 0 1 0 0 0 1 0 0 0 1 0 0 0 1 0 0 0 1 0 0 0 1 0 0 0 1 0 0 0 1 0 0 0 1 0 0 0 1 0 0 0 1 0 0 0 1 0 0 0 1 0 0 0 1 0 0 0 1 0 0 0 1 0 0 0 1 0 0 0 1 0 0 0 1 0 0 0 1 0 0 0 1 0 0 0 1 0 0 0 1 0 0 0 1 0 0 0 1 0 0 0 1 0 0 0 1 0 0 0 1 0 0 0 1 0 0 0 1 0 0 0 1 0 0 0 1 0 0 0 1 0 0 0 1 0 0 0 1 0 0 0 1 0 0 0 1 0 0 0 1 0 0 0 1 0 0 0 1 0 0 0 1 0 0 0 1 0 0 0 1 0 0 0 1 0 0 0 1 0 0 0 1 0 0 0 1 0 0 0 1 0 0 0 1 0 0 0 1 0 0 0 1 0 0 0 1 0 0 0 1 0 0 0 1 0 0 0 1 0 0 0 1 0 0 0 1 0 0 0 1 0 0 0 1 0 0 0 1 0 0 0 1 0 0 0 1 0 0 0 1 0 0 0 1 0 0 0 1 0 0 0 1 0 0 0 1 0 0 0 1 0 0 0 1 0 0 0 1 0 0 0 1 0 0 0 1 0 0 0 1 0 0 0 1 0 0 0 1 0 0 0 1 0 0 0 1 0 0 0 1 0 0 0 1 0 0 0 1 0 0 0 1 0 0 0 1 0 0 0 1 0 0 0 1 0 0 0 1 0 0 0 1 0 0 0 1 0 0 0 1 0 0 0 1 0 0 0 1 0 0 0 1 0 0 0 1 0 0 0 1 0 0 0 1 0 0 0 1 0 0 0 1 0 0 0 1 0 0 0 1 0 0 0 1 0 0 0 1 0 0 0 1 0 0 0 1 0 0 0 1 0 0 0 1 0 0 0 1 0 0 0 1 0 0 0 1 0 0 0 1 0 0 0 1 0 0 0 1 0 0 0 1 0 0 0 1 0 0 0 1 0 0 0 1 0 0 0 1 0 0 0 1 0 0 0 1 0 0 0 1 0 0 0 1 0 0 0 1 0 0 0 1 0 0 0 1 0 0 0 1 0 0 0 1 0 0 0 1 0 0 0 1 0 0 0 1 0 0 0 1 0 0 0 1 0 0 0 1 0 0 0 1 0 0 0 1 0 0 0 1 0 0 0 1 0 0 0 1 0 0 0 1 0 0 0 1 0 0 0 1 0 0 0 1 0 0 0 1 0 0 0 1 0 0 0 1 0 0 0 1 0 0 0 1 0 0 0 1 0 0 0 1 0 0 0 1 0 0 0 1 0 0 0 1 0 0 0 1 0 0 0 1 0 0 0 1 0 0 0 1 0 0 0 1 0 0 0 1 0 0 0 1 0 0 0 1 0 0 0 1 0 0 0 1 0 0 0 1 0 0 0 1 0 0 0 1 0 0 0 1 0 0 0 1 0 0 0 1 0 0 0 1 0 0 0 1 0 0 0 1 0 0 0 1 0 0 0 1 0 0 0 1 0 0 0 1 0 0 0 1 0 0 0 1 0 0 0 1 0 0 0 1 0 0 0 1 0 0 0 1 0 0 0 1 0 0 0 1 0 0 0 1 0 0 0 1 0 0 0 1 0 0 0 1 0 0 0 1 0 0 0 1 0 0 0 1 0 0 0 1 0 0 0 1 0 0 0 1 0 0 0 1 0 0 0 1 0 0 0 1 0 0 0 1 0 0 0 1 0 0 0 1 0 0 0 1 0 0 0 1 0 0 0 1 0 0 0 1 0 0 0 1 0 0 0 1 0 0 0 1 0 0 0 1 0 0 0 1 0 0 0 1 0 0 0 1 0 0 0 1 0 0 0 1 0 0 0 1 0 0 0 1 0 0 0 1 0 0 0 1 0 0 0 1 0 0 0 1 0 0 0 1 0 0 0 1 0 0 0 1 0 0 0 1 0 0 0 1 0 0 0 1 0 0 0 1 0 0 0 1 0 0 0 1 0 0 0 1 0 0 0 1 0 0 0 1 0 0 0 1 0 0 0 1 0 0 0 1 0 0 0 1 0 0 0 1 0 0 0 1 0 0 0 1 0 0 0 1 0 0 0 1 0 0 0 1 0 0 0 1 0 0 0 1 0 0 0 1 0 0 0 1 0 0 0 1 0 0 0 1 0 0 0 1 0 0 0 1 0 0 0 1 0 0 0 1 0 0 0 1 0 0 0 1 0 0 0 1 0 0 0 1 0 0 0 1 0 0 0 1 0 0 0 1 0 0 0 1 0 0 0 1 0 0 0 1 0 0 0 1 0 0 0 1 0 0 0 1 0 0 0 1 0 0 0 1 0 0 0 1 0 0 0 1 0 0 0 1 0 0 0 1 0 0 0 1 0 0 0 1 0 0 0 1 0 0 0 1 0 0 0 1 0 0 0 1 0 0 0 1 0 0 0 1 0 0 0 1 0 0 0 1 0 0 0 1 0 0 0 1 0 0 0 1 0 0 0 1 0 0 0 1 0 0 0 1 0 0 0 1 0 0 0 1 0 0 0 1 0 0 0 1 0 0 0 1 0 0 0 1 0 0 0 1 0 0 0 1 0 0 0 1 0 0 0 1 0 0 0 1 0 0 0 1 0 0 0 1 0 0 0 1 0 0 0 1 0 0 0 1 0 0 0 1 0 0 0 1 0 0 0 1 0 0 0 1 0 0 0 1 0 0 0 1 0 0 0 1 0 0 0 1 0 0 0 1 0 0 0 1 0 0 0 1 0 0 0 1 0 0 0 1 0 0 0 1 0 0 0 1 0 0 0 1 0 0 0 1 0 0 0 1 0 0 0 1 0 0 0 1 0 0 0 1 0 0 0 1 0 0 0 1 0 0 0 1 0 0 0 1 0 0 0 1 0 0 0 1 0 0 0 1 0 0 0 1 0 0 0 1 0 0 0 1 0 0 0 1 0 0 0 1 0 0 0 1 0 0 0 1 0 0 0 1 0 0 0 1 0 0 0 1 0 0 0 1 0 0 0 1 0 0 0 1 0 0 0 1 0 0 0 1 0 0 0 1 0 0 0 1 0 0 0 1 0 0 0 1 0 0 0 1 0 0 0 1 0 0 0 1 0 0 0 1 0 0 0 1 0 0 0 1 0 0 0 1 0 0 0 1 0 0 0 1 0 0 0 1 0 0 0 1 0 0 0 1 0 0 0 1 0 0 0 1 0 0 0 1 0 0 0 1 0 0 0 1 0 0 0 1 0 0 0 1 0 0 0 1 0 0 0 1 0 0 0 1 0 0 0 1 0 0 0 1 0 0 0 1 0 0 0 1 0 0 0 1 0 0 0 1 0 0 0 1 0 0 0 1 0 0 0 1 0 0 0 1 0 0 0 1 0 0 0 1 0 0 0 1 0 0 0 1 0 0 0 1 0 0 0 1 0 0 0 1 0 0 0 1 0 0 0 1 0 0 0 1 0 0 0 1 0 0 0 1 0 0 0 1 0 0 0 1 0 0 0 1 0 0 0 1 0 0 0 1 0 0 0 1 0 0 0 1 0 0 0 1 0 0 0 1 0 0 0 1 0 0 0 1 0 0 0 1 0 0 0 1 0 0 0 1 0 0 0 1 0 0 0 1 0 0 0 1 0 0 0 1 0 0 0 1 0 0 0 1 0 0 0 1 0 0 0 1 0 0 0 1 0 0 0 1 0 0 0 1 0 0 0 1 0 0 0 1 0 0 0 1 0 0 0 1 0 0 0 1 0 0 0 1 0 0 0 1 0 0 0 1 0 0 0 1 0 0 0 1 0 0 0 1 0 0 0 1 0 0 0 1 0 0 0 1 0 0 0 1 0 0 0 1 0 0 0 1 0 0 0 1 0 0 0 1 0 0 0 1 0 0 0 1 0 0 0 1 0 0 0 1 0 0 0 1 0 0 0 1 0 0 0 1 0 0 0 1 0 0 0 1 0 0 0 1 0 0 0 1 0 0 0 1 0 0 0 1 0 0 0 1 0 0 0 1 0 0 0 1 0 0 0 1 0 0 0 1 0 0 0 1 0 0 0 1 0 0 0 1 0 0 0 1 0 0 0 1 0 0 0 1 0 0 0 1 0 0 0 1 0 0 0 1 0 0 0 1 0 0 0 1 0 0 0 1 0 0 0 1 0 0 0 1 0 0 0 1 0 0 0 1 0 0 0 1 0 0 0 1 0 0 0 1 0 0 0 1 0 0 0 1 0 0 0 1 0 0 0 1 0 0 0 1 0 0 0 1 0 0 0 1 0 0 0 1 0 0 0 1 0 0 0 1 0 0 0 1 0 0 0 1 0 0 0 1 0 0 0 1</float_array>
          <technique_common>
            <accessor source="#unnamed_012-mesh-colors-Col-array" count="624" stride="4">
              <param name="R" type="float"/>
              <param name="G" type="float"/>
              <param name="B" type="float"/>
              <param name="A" type="float"/>
            </accessor>
          </technique_common>
        </source>
        <vertices id="unnamed_012-mesh-vertices">
          <input semantic="POSITION" source="#unnamed_012-mesh-positions"/>
        </vertices>
        <triangles material="unnamed_004-material" count="208">
          <input semantic="VERTEX" source="#unnamed_012-mesh-vertices" offset="0"/>
          <input semantic="NORMAL" source="#unnamed_012-mesh-normals" offset="1"/>
          <input semantic="TEXCOORD" source="#unnamed_012-mesh-map-0" offset="2" set="0"/>
          <input semantic="COLOR" source="#unnamed_012-mesh-colors-Col" offset="3" set="0"/>
          <p>27 0 0 0 0 1 1 1 1 2 2 2 1 2 3 3 0 1 4 4 42 3 5 5 1 2 6 6 42 3 7 7 2 4 8 8 2 4 9 9 42 3 10 10 53 5 11 11 2 4 12 12 53 5 13 13 3 6 14 14 3 6 15 15 53 5 16 16 7 7 17 17 7 7 18 18 53 5 19 19 28 8 20 20 7 7 21 21 28 8 22 22 4 9 23 23 4 9 24 24 28 8 25 25 5 10 26 26 4 9 27 27 5 10 28 28 9 11 29 29 9 11 30 30 5 10 31 31 27 0 32 32 9 11 33 33 27 0 34 34 1 2 35 35 9 11 36 36 1 2 37 37 10 12 38 38 10 12 39 39 1 2 40 40 6 13 41 41 6 13 42 42 1 2 43 43 2 4 44 44 6 13 45 45 2 4 46 46 11 14 47 47 11 14 48 48 2 4 49 49 3 6 50 50 11 14 51 51 3 6 52 52 12 15 53 53 12 15 54 54 3 6 55 55 7 7 56 56 12 15 57 57 7 7 58 58 8 16 59 59 8 16 60 60 7 7 61 61 4 9 62 62 8 16 63 63 4 9 64 64 14 17 65 65 14 17 66 66 4 9 67 67 9 11 68 68 14 17 69 69 9 11 70 70 10 12 71 71 14 17 72 72 10 12 73 73 16 18 74 74 16 18 75 75 10 12 76 76 18 19 77 77 18 19 78 78 10 12 79 79 6 13 80 80 18 19 81 81 6 13 82 82 20 20 83 83 20 20 84 84 6 13 85 85 11 14 86 86 20 20 87 87 11 14 88 88 22 21 89 89 22 21 90 90 11 14 91 91 12 15 92 92 22 21 93 93 12 15 94 94 13 22 95 95 13 22 96 96 12 15 97 97 8 16 98 98 13 22 99 99 8 16 100 100 15 23 101 101 15 23 102 102 8 16 103 103 14 17 104 104 15 23 105 105 14 17 106 106 16 18 107 107 15 23 108 108 16 18 109 109 25 24 110 110 25 24 111 111 16 18 112 112 17 25 113 113 17 25 114 114 16 18 115 115 18 19 116 116 17 25 117 117 18 19 118 118 19 26 119 119 19 26 120 120 18 19 121 121 20 20 122 122 19 26 123 123 20 20 124 124 21 27 125 125 21 27 126 126 20 20 127 127 22 21 128 128 21 27 129 129 22 21 130 130 23 28 131 131 23 28 132 132 22 21 133 133 13 22 134 134 23 28 135 135 13 22 136 136 24 29 137 137 24 29 138 138 13 22 139 139 15 23 140 140 24 29 141 141 15 23 142 142 25 24 143 143 100 30 144 144 73 31 145 145 26 32 146 146 100 30 147 147 26 32 148 148 74 33 149 149 74 33 150 150 26 32 151 151 104 34 152 152 54 35 153 153 59 36 154 154 30 37 155 155 30 37 156 156 59 36 157 157 27 0 158 158 30 37 159 159 27 0 160 160 5 10 161 161 5 10 162 162 28 8 163 163 29 38 164 164 5 10 165 165 29 38 166 166 30 37 167 167 30 37 168 168 29 38 169 169 52 39 170 170 30 37 171 171 52 39 172 172 31 40 173 173 30 37 174 174 31 40 175 175 54 35 176 176 54 35 177 177 31 40 178 178 34 41 179 179 54 35 180 180 34 41 181 181 55 42 182 182 55 42 183 183 34 41 184 184 32 43 185 185 33 44 186 186 32 43 187 187 34 41 188 188 33 44 189 189 34 41 190 190 35 45 191 191 35 45 192 192 34 41 193 193 31 40 194 194 35 45 195 195 31 40 196 196 58 46 197 197 58 46 198 198 31 40 199 199 52 39 200 200 58 46 201 201 52 39 202 202 36 47 203 203 37 48 204 204 105 49 205 205 39 50 206 206 37 48 207 207 39 50 208 208 38 51 209 209 38 51 210 210 39 50 211 211 98 52 212 212 98 52 213 213 39 50 214 214 40 53 215 215 98 52 216 216 40 53 217 217 96 54 218 218 60 55 219 219 46 56 220 220 41 57 221 221 60 55 222 222 41 57 223 223 0 1 224 224 0 1 225 225 41 57 226 226 42 3 227 227 53 5 228 228 42 3 229 229 43 58 230 230 43 58 231 231 42 3 232 232 41 57 233 233 43 58 234 234 41 57 235 235 44 59 236 236 44 59 237 237 41 57 238 238 45 60 239 239 45 60 240 240 41 57 241 241 46 56 242 242 45 60 243 243 46 56 244 244 49 61 245 245 49 61 246 246 46 56 247 247 56 62 248 248 49 61 249 249 56 62 250 250 47 63 251 251 47 63 252 252 48 64 253 253 49 61 254 254 49 61 255 255 48 64 256 256 57 65 257 257 49 61 258 258 57 65 259 259 45 60 260 260 45 60 261 261 57 65 262 262 50 66 263 263 45 60 264 264 50 66 265 265 44 59 266 266 44 59 267 267 50 66 268 268 51 67 269 269 44 59 270 270 51 67 271 271 36 47 272 272 44 59 273 273 36 47 274 274 52 39 275 275 44 59 276 276 52 39 277 277 43 58 278 278 43 58 279 279 52 39 280 280 29 38 281 281 43 58 282 282 29 38 283 283 28 8 284 284 43 58 285 285 28 8 286 286 53 5 287 287 46 56 288 288 54 35 289 289 55 42 290 290 46 56 291 291 55 42 292 292 56 62 293 293 56 62 294 294 55 42 295 295 32 43 296 296 56 62 297 297 32 43 298 298 47 63 299 299 47 63 300 300 32 43 301 301 48 64 302 302 48 64 303 303 32 43 304 304 33 44 305 305 48 64 306 306 33 44 307 307 57 65 308 308 57 65 309 309 33 44 310 310 35 45 311 311 57 65 312 312 35 45 313 313 50 66 314 314 50 66 315 315 35 45 316 316 58 46 317 317 50 66 318 318 58 46 319 319 51 67 320 320 51 67 321 321 58 46 322 322 36 47 323 323 59 36 324 324 54 35 325 325 60 55 326 326 60 55 327 327 54 35 328 328 46 56 329 329 0 1 330 330 27 0 331 331 60 55 332 332 60 55 333 333 27 0 334 334 59 36 335 335 108 68 336 336 66 69 337 337 109 70 338 338 109 70 339 339 66 69 340 340 61 71 341 341 109 70 342 342 61 71 343 343 62 72 344 344 62 72 345 345 61 71 346 346 65 73 347 347 62 72 348 348 65 73 349 349 111 74 350 350 111 74 351 351 65 73 352 352 63 75 353 353 64 76 354 354 63 75 355 355 65 73 356 356 64 76 357 357 65 73 358 358 105 49 359 359 105 49 360 360 65 73 361 361 61 71 362 362 105 49 363 363 61 71 364 364 39 50 365 365 39 50 366 366 61 71 367 367 66 69 368 368 39 50 369 369 66 69 370 370 40 53 371 371 40 53 372 372 66 69 373 373 75 77 374 374 75 77 375 375 66 69 376 376 72 78 377 377 72 78 378 378 66 69 379 379 108 68 380 380 72 78 381 381 108 68 382 382 67 79 383 383 72 78 384 384 67 79 385 385 68 80 386 386 72 78 387 387 68 80 388 388 69 81 389 389 69 81 390 390 68 80 391 391 110 82 392 392 69 81 393 393 110 82 394 394 70 83 395 395 70 83 396 396 110 82 397 397 107 84 398 398 70 83 399 399 107 84 400 400 106 85 401 401 106 85 402 402 71 86 403 403 70 83 404 404 70 83 405 405 71 86 406 406 104 34 407 407 70 83 408 408 104 34 409 409 69 81 410 410 69 81 411 411 104 34 412 412 26 32 413 413 69 81 414 414 26 32 415 415 72 78 416 416 72 78 417 417 26 32 418 418 75 77 419 419 75 77 420 420 26 32 421 421 73 31 422 422 75 77 423 423 73 31 424 424 103 87 425 425 74 33 426 426 37 48 427 427 38 51 428 428 74 33 429 429 38 51 430 430 100 30 431 431 96 54 432 432 40 53 433 433 75 77 434 434 96 54 435 435 75 77 436 436 103 87 437 437 76 88 438 438 85 89 439 439 77 90 440 440 76 88 441 441 77 90 442 442 87 91 443 443 87 91 444 444 77 90 445 445 78 92 446 446 87 91 447 447 78 92 448 448 79 93 449 449 79 93 450 450 78 92 451 451 80 94 452 452 79 93 453 453 80 94 454 454 81 95 455 455 81 95 456 456 80 94 457 457 82 96 458 458 81 95 459 459 82 96 460 460 83 97 461 461 83 97 462 462 82 96 463 463 84 98 464 464 83 97 465 465 84 98 466 466 86 99 467 467 86 99 468 468 84 98 469 469 85 89 470 470 86 99 471 471 85 89 472 472 76 88 473 473 86 99 474 474 76 88 475 475 91 100 476 476 91 100 477 477 76 88 478 478 92 101 479 479 92 101 480 480 76 88 481 481 87 91 482 482 92 101 483 483 87 91 484 484 88 102 485 485 88 102 486 486 87 91 487 487 79 93 488 488 88 102 489 489 79 93 490 490 89 103 491 491 89 103 492 492 79 93 493 493 81 95 494 494 89 103 495 495 81 95 496 496 93 104 497 497 93 104 498 498 81 95 499 499 83 97 500 500 93 104 501 501 83 97 502 502 90 105 503 503 90 105 504 504 83 97 505 505 86 99 506 506 90 105 507 507 86 99 508 508 91 100 509 509 90 105 510 510 91 100 511 511 95 106 512 512 95 106 513 513 91 100 514 514 97 107 515 515 97 107 516 516 91 100 517 517 92 101 518 518 97 107 519 519 92 101 520 520 99 108 521 521 99 108 522 522 92 101 523 523 88 102 524 524 99 108 525 525 88 102 526 526 101 109 527 527 101 109 528 528 88 102 529 529 89 103 530 530 101 109 531 531 89 103 532 532 102 110 533 533 102 110 534 534 89 103 535 535 93 104 536 536 102 110 537 537 93 104 538 538 94 111 539 539 94 111 540 540 93 104 541 541 90 105 542 542 94 111 543 543 90 105 544 544 95 106 545 545 94 111 546 546 95 106 547 547 103 87 548 548 103 87 549 549 95 106 550 550 96 54 551 551 96 54 552 552 95 106 553 553 97 107 554 554 96 54 555 555 97 107 556 556 98 52 557 557 98 52 558 558 97 107 559 559 99 108 560 560 98 52 561 561 99 108 562 562 38 51 563 563 38 51 564 564 99 108 565 565 101 109 566 566 38 51 567 567 101 109 568 568 100 30 569 569 100 30 570 570 101 109 571 571 73 31 572 572 73 31 573 573 101 109 574 574 102 110 575 575 73 31 576 576 102 110 577 577 103 87 578 578 103 87 579 579 102 110 580 580 94 111 581 581 37 48 582 582 74 33 583 583 105 49 584 584 105 49 585 585 74 33 586 586 104 34 587 587 105 49 588 588 104 34 589 589 64 76 590 590 64 76 591 591 104 34 592 592 71 86 593 593 64 76 594 594 71 86 595 595 63 75 596 596 63 75 597 597 71 86 598 598 106 85 599 599 63 75 600 600 106 85 601 601 111 74 602 602 111 74 603 603 106 85 604 604 107 84 605 605 67 79 606 606 108 68 607 607 109 70 608 608 67 79 609 609 109 70 610 610 68 80 611 611 68 80 612 612 109 70 613 613 62 72 614 614 68 80 615 615 62 72 616 616 110 82 617 617 110 82 618 618 62 72 619 619 111 74 620 620 110 82 621 621 111 74 622 622 107 84 623 623</p>
        </triangles>
      </mesh>
    </geometry>
    <geometry id="unnamed_011-mesh" name="unnamed.011">
      <mesh>
        <source id="unnamed_011-mesh-positions">
          <float_array id="unnamed_011-mesh-positions-array" count="504">-0.196752 -0.03593122 0.806108 -0.06081396 0.1512327 0.8061081 -0.06081396 0.1512327 0.7699611 0.159211 0.07974272 0.806108 0.159211 0.07974272 0.769961 0.196796 -0.03593122 0.806108 0.196796 -0.03593122 0.769961 0.159211 -0.1516052 0.7699609 -0.06081396 -0.2230962 0.8061079 -0.196747 -0.03593021 0.769961 0.04274594 0.5194158 0.5620802 0.08665299 0.5545838 0.5996532 0.06826299 0.5290778 0.6122912 0.06350898 0.5499418 0.6115052 -0.05813497 0.5433078 0.5515802 -0.01500797 0.5327558 0.5926902 0.01054096 0.6382498 0.5970262 0.08704298 0.5197418 0.5396692 0.09177398 0.6395429 0.4157502 0.117702 0.7420768 0.5587033 0.06227397 0.9034109 0.4221882 0.07506197 0.8334309 0.3510673 0.09209799 0.7355809 0.3695132 0.03483498 0.3521238 0.5034851 -0.03483498 0.3521238 0.5034851 0 0.3522348 0.4090641 0 0.2304039 0.413479 0.02408796 0.2303938 0.431528 0.02394598 0.1186978 0.459073 0.02394998 0.2304018 0.469008 0.04075896 0.3521178 0.4351281 0 0.5384629 0.4092062 -0.07612895 0.5384369 0.4356721 -0.05946499 0.6171968 0.5872262 -0.1064929 0.8409379 0.5302442 -0.06227397 0.9034109 0.4221882 -0.07113796 0.9068358 0.5073943 0.07113796 0.9068358 0.5073943 0 0.9256178 0.5101493 -0.117702 0.7420768 0.5587033 -0.03794795 0.6915988 0.6155052 -0.02786499 0.6068958 0.6318052 0 0.4490019 0.4128772 -0.04075896 0.3521178 0.4351281 0 0.3521668 0.5204821 -0.02972894 0.4281218 0.5816912 0.02424597 0.4339848 0.5443131 0.01861596 0.4779848 0.5686091 -0.04405999 0.4489908 0.5284241 -0.05732196 0.4489969 0.4430451 0.06081295 0.1512327 0.7699611 -0.1591889 0.07974272 0.769961 -0.152664 0.07431572 0.7659 -0.1591889 -0.1516052 0.7699609 -0.06081396 -0.2230962 0.7699609 -0.05832099 -0.2143132 0.7658999 0.06081295 -0.2230962 0.7699609 0.125725 -0.1666252 0.7658999 0.153619 -0.1481292 0.7664809 0.184402 -0.0367822 0.763372 -0.05832099 0.1428768 0.7659 -0.06205797 0.1547238 0.648026 0.06205797 0.1547238 0.648026 -0.06231296 0.1565568 0.582553 -0.05847698 0.1436339 0.390417 -0.153095 0.07488983 0.390417 -0.197966 -0.0362721 0.4871 -0.1892359 -0.03634011 0.390417 -0.05847698 -0.2163151 0.3904169 -0.06118094 -0.2272691 0.4870999 -0.160154 -0.1543151 0.4870999 -0.162419 -0.1545901 0.5825529 -0.200942 -0.03609615 0.582061 -0.163132 0.08291381 0.582553 -0.160154 0.08176982 0.4871 -0.152664 -0.1475502 0.7658999 -0.198226 -0.03627216 0.6480259 -0.06118094 0.1547238 0.4871 0.06231695 0.1565568 0.582553 0.163155 0.08291381 0.582553 0.05832099 0.1428768 0.7659 0.152687 -0.1475502 0.7658999 0.162471 -0.1543152 0.6480259 0.133782 -0.1751592 0.6480259 0.198248 -0.03553819 0.6480259 0.162471 0.08176976 0.6480259 0.163166 -0.1553992 0.5825529 0.197988 -0.0362721 0.4871 0.201063 -0.03609514 0.58206 0.06118196 0.1547238 0.4871 0.05847698 0.1436339 0.390417 0.160176 0.08176982 0.4871 0.1892359 -0.03634011 0.390417 0.05847698 -0.2163151 0.3904169 0.160176 -0.1543151 0.4870999 0.06118196 -0.2272691 0.4870999 0.06231898 -0.2290421 0.5825529 0.128027 -0.1690632 0.7322219 0.05938899 -0.2180142 0.7322219 0.06205797 -0.2272692 0.6480259 0.110155 0.6361208 0.5698682 0 0.7528348 0.6044483 0 0.8618798 0.5723462 0.1064929 0.8409379 0.5302442 0 0.9201189 0.4100213 0 0.8425829 0.3363833 -0.07506197 0.8334299 0.3510673 0 0.7368109 0.3294052 -0.09209799 0.7355809 0.3695132 -0.09177398 0.6468889 0.4157502 0 0.6468639 0.3813282 0.07612895 0.5384369 0.4356721 0.057796 0.4489959 0.4390851 0.07906997 0.4489998 0.4948851 0 0.2303768 0.480383 0 0.1206659 0.468638 -0.02394998 0.2304018 0.469008 -0.02394598 0.1186978 0.459073 -0.02408796 0.2303938 0.431528 -0.02574396 0.1165689 0.426382 0 0.1153498 0.4076671 0.02574396 0.1165689 0.426382 0.152687 0.07431572 0.7659 0.05832099 -0.2143132 0.7658999 -0.06205797 -0.2272692 0.6480259 -0.06231695 -0.2290421 0.5825529 0.05769699 -0.2135052 0.7814179 0.151053 -0.1456772 0.7814179 0.151053 0.07381474 0.781418 0.05769699 0.1416417 0.781418 0.05471599 -0.2049421 0.3566089 -0.143249 -0.1406181 0.3566089 0.143249 -0.1406181 0.3566089 -0.177066 -0.0365411 0.356609 -0.143249 0.06753486 0.356609 -0.153095 -0.1475701 0.3904169 -0.05471599 -0.2049421 0.3566089 0.153095 -0.1475701 0.3904169 0.177066 -0.0365411 0.356609 0.153095 0.07488983 0.390417 0.143249 0.06753486 0.356609 0.05471599 0.1318579 0.356609 -0.05471599 0.1318579 0.356609 -0.151031 -0.1456772 0.8089659 -0.151031 -0.1456772 0.7814179 -0.18669 -0.03593122 0.781418 -0.186667 -0.03593122 0.808966 -0.05769699 -0.2135052 0.7814179 0.151053 -0.1456772 0.8089659 0.186712 -0.03593122 0.781418 -0.05769699 0.1416417 0.781418 -0.151031 0.07381474 0.781418 -0.05769699 0.1416417 0.8089661 -0.151031 0.07381474 0.784862 -0.151031 0.07381474 0.808966 -0.1591889 -0.1516052 0.8061079 -0.05769699 -0.2135052 0.8089659 0.06081295 -0.2230962 0.8061079 0.05769699 -0.2135052 0.8089659 0.159211 -0.1516052 0.8061079 0.186712 -0.03593122 0.808966 0.151053 0.07381474 0.808966 0.06081295 0.1512327 0.8061081 0.05769699 0.1416417 0.8089661 -0.1591889 0.07974272 0.806108 -0.162449 0.08176976 0.6480259 -0.188698 -0.03661721 0.7659 -0.162449 -0.1543152 0.6480259</float_array>
          <technique_common>
            <accessor source="#unnamed_011-mesh-positions-array" count="168" stride="3">
              <param name="X" type="float"/>
              <param name="Y" type="float"/>
              <param name="Z" type="float"/>
            </accessor>
          </technique_common>
        </source>
        <source id="unnamed_011-mesh-normals">
          <float_array id="unnamed_011-mesh-normals-array" count="504">-0.6748467 -0.49015 0.5516657 -0.8340779 -4.54152e-6 0.5516468 -0.8756372 0.002916514 -0.4829607 -0.6748443 0.4901542 0.5516648 -0.7039136 0.5139412 -0.4902756 -0.2577852 0.7932266 0.5516687 -0.2679125 0.8269596 -0.4943287 0.2577368 0.7932391 0.5516734 0.2678639 0.8269744 -0.4943304 0.6747705 0.4902495 0.5516704 0.7038363 0.5140529 -0.4902695 0.8340607 0 0.5516726 0.879918 0.002804636 -0.4751173 0.6747664 -0.4902502 0.5516748 0.7121719 -0.5162323 -0.4757263 0.2577407 -0.793238 0.5516732 0.2654547 -0.824334 -0.5000072 -0.2577848 -0.793227 0.5516684 -0.2654703 -0.824334 -0.4999989 -0.7133345 -0.5149893 -0.4753315 0.9306262 -0.2021998 0.3050416 -0.08628976 0.5101539 0.8557436 0.7141404 0.6826448 0.1549182 0.4431783 -0.32305 0.8362008 0.2683033 -0.3913629 0.8802549 -0.3028439 -0.364897 0.880418 -0.3429815 0.6960538 0.6307716 -0.2190896 -0.5168295 0.827579 -0.870486 -0.275326 0.4079825 -0.1299849 -0.1254195 0.9835517 0.4047564 0.0443558 0.9133482 0.7971039 -0.1395589 0.5874936 0.7963035 -0.2444651 -0.5532969 0.7761448 -0.1138717 -0.6201875 0.8560924 0.09352087 0.5082911 0.6283049 0.2786644 -0.7263465 0.8518187 0.346462 0.3928983 0.6006922 0.7318595 -0.3217928 0.02577769 0.4015894 -0.915457 0.01741349 -0.226085 -0.973952 -0.02203363 -0.3857262 -0.9223502 0.7659425 -0.1861373 -0.615374 0.9475815 -0.2851124 0.1442227 0.7603963 -0.3254364 0.5620397 -0.01071131 -0.3777433 0.9258485 5.38297e-4 -0.2162052 0.9763479 -0.8479998 -0.138304 0.511633 -0.7999362 -0.2384937 0.5506568 -0.8931797 -0.02592331 -0.4489522 -0.8855764 -0.110165 -0.4512407 -0.005357563 -0.03458529 -0.9993874 0 0.009598851 -0.9999539 0.8898442 -0.03397297 -0.454998 0.8901422 0.03137022 -0.454602 0.8432794 -0.03887975 0.5360675 0 -0.09106111 0.9958454 0.8421977 -0.1501976 0.5178261 0.8612079 -0.1596713 -0.4825208 0.7235769 -0.1134979 -0.6808486 -0.01167541 -0.02099835 -0.9997114 0.005430459 -0.1562637 -0.9877005 -0.8619395 -0.19491 -0.4680495 -0.8970753 -0.1825459 -0.4024091 -0.8908756 -0.1019981 0.4426478 -0.7909495 -0.1881294 -0.5822423 -0.879841 -0.04196619 0.4734119 -0.8451482 0.3551002 0.3995355 -0.6444177 0.3266004 -0.6914174 -0.6006932 0.7318582 -0.321794 -0.5867951 0.753069 0.2975879 0 0.9006717 -0.4345002 1.43395e-7 0.936764 0.3499619 0.5867952 0.753069 0.2975877 0 0.4688487 0.8832785 0.008945763 0.140033 0.9901065 -0.1926959 0.9687196 0.1563674 -0.8913742 -0.1561374 -0.4255269 -0.8565102 -0.1395888 0.4968957 -0.3638262 0.1282351 0.9225976 -0.2600313 0.7944325 -0.5488724 -0.682035 0.4894398 -0.5433939 -0.8429231 -0.006293296 -0.5379973 -0.6826475 -0.5070108 -0.5262438 -0.2563492 -0.7919572 -0.5541562 0.2555084 -0.7929039 -0.5531898 0.5124801 -0.7188085 -0.4697644 0.3750827 -0.281492 -0.8832187 0.6845456 -0.4994863 -0.5309528 0.8634541 -0.008109927 -0.5043624 0.6843515 0.4817559 -0.5473338 0.2599937 0.7944566 -0.5488553 -0.3092069 0.9487378 0.06548261 0.3091544 0.9487543 0.06549018 -0.3108559 0.9504542 0.002310991 0.3102268 0.9506581 0.002932727 -0.3102154 0.9481696 -0.06885433 -0.8082209 0.5851408 -0.06625235 -0.3028147 0.9259215 -0.2257713 -0.7908129 0.5723019 -0.2169921 -0.9981293 -0.001117169 -0.06112819 -0.9774935 3.82345e-4 -0.2109658 -0.7917548 -0.5722176 -0.2137555 -0.8087713 -0.5849754 -0.06077003 -0.303408 -0.9269886 -0.2205352 -0.3108704 -0.9480658 -0.06731307 -0.8135609 -0.5814502 -0.005872845 -0.9999831 -0.005129456 0.002781748 -0.8112388 0.5846838 -0.006053864 -0.8109485 0.5820053 0.06027066 -0.3143941 -0.9492886 0.00277251 -0.3103185 -0.9481943 0.06804424 -0.8119094 -0.5816508 0.04985404 -0.9983344 -0.003508329 0.05758494 0.3095421 0.9483448 -0.06947004 0.8115447 0.584262 -0.005767047 0.8117558 0.5806296 0.06262546 0.304066 -0.9459956 0.1124108 0.5773656 -0.8106359 0.09756273 0.813421 -0.5781562 0.06388938 0.5862677 -0.8078307 0.060826 0.8119858 -0.5836467 -0.005975484 1 1.43093e-4 3.85235e-4 0.9969682 0.001041531 0.07780355 0.8088257 -0.5843222 -0.06609678 0.9980714 -1.18193e-4 -0.06207591 0.8086919 0.5844335 -0.06674635 0.3027976 0.9259232 -0.225787 0.7907882 0.5723014 -0.2170831 0.9774692 3.82454e-4 -0.2110778 0.7917304 -0.5722174 -0.2138465 0.3033911 -0.9269904 -0.2205508 0.3095742 -0.9484021 -0.06853717 0.3099175 -0.9507603 0.002453505 0.3083622 -0.9487078 0.06976038 -0.8432794 -0.03887975 0.5360675 -0.8901422 0.03137022 -0.454602 0 0.05045121 -0.9987266 0.236525 0.7278037 0.6437062 -0.2364817 0.727809 0.6437162 0.6191783 0.4497287 0.6437098 -0.6191114 0.4498094 0.6437178 -0.7652643 0 0.6437164 0.7655269 0 0.6434039 0.6191741 -0.4497346 0.6437097 -0.6191104 -0.4498119 0.643717 0.2365228 -0.7278041 0.6437067 -0.2364794 -0.7278094 0.6437165 0.1988543 -0.6127933 -0.7648147 -0.1988542 -0.6127932 -0.7648147 0.5202178 -0.3787456 -0.7654575 -0.5202178 -0.3787456 -0.7654575 -0.6422575 -7.83179e-4 -0.7664887 0.6422573 -7.83187e-4 -0.7664888 0.5189668 0.3762702 -0.7675249 -0.5189667 0.3762701 -0.7675248 0.1980795 0.6088455 -0.7681613 -0.1980795 0.6088457 -0.7681611 0.3893646 0.2828139 0.876591 0.4816267 -3.02601e-6 0.8763765 0.8091025 -0.5876677 -1.72097e-7 0.3893629 -0.282813 0.8765919 0.148737 0.4576669 0.8765949 -0.1487126 0.4576969 0.8765833 -0.3893438 0.2828748 0.8765805 -0.481249 -3.08188e-7 0.876584 -0.3893315 -0.2828776 0.876585 -0.1487132 -0.457698 0.8765825 0.1487321 -0.4576693 0.8765943</float_array>
          <technique_common>
            <accessor source="#unnamed_011-mesh-normals-array" count="168" stride="3">
              <param name="X" type="float"/>
              <param name="Y" type="float"/>
              <param name="Z" type="float"/>
            </accessor>
          </technique_common>
        </source>
        <source id="unnamed_011-mesh-map-0">
          <float_array id="unnamed_011-mesh-map-0-array" count="1944">0.994 0.9987 0.639 0.9987 0.639 0.8641 0.639 0.8641 0.639 0.9987 0.994 0.9987 0.639 0.8641 0.994 0.9987 0.994 0.8641 0.994 0.8641 0.994 0.9987 0.639 0.9987 0.994 0.8641 0.639 0.9987 0.639 0.8641 0.639 0.8641 0.639 0.9987 0.994 0.9987 0.639 0.8641 0.994 0.9987 0.994 0.8641 0.994 0.8641 0.994 0.9987 0.639 0.9987 0.994 0.8641 0.639 0.9987 0.639 0.8641 0.639 0.8641 0.639 0.9987 0.994 0.9987 0.639 0.8641 0.994 0.9987 0.994 0.8641 0.994 0.8641 0.994 0.9987 0.639 0.9987 0.994 0.8641 0.639 0.9987 0.639 0.8641 0.639 0.8641 0.639 0.9987 0.994 0.9987 0.639 0.8641 0.994 0.9987 0.994 0.8641 0.994 0.8641 0.994 0.9987 0.639 0.9987 0.994 0.8641 0.639 0.9987 0.639 0.8641 0.639 0.8641 0.639 0.9987 0.994 0.8641 0.994 0.8641 0.639 0.9987 0.994 0.9987 0.994 0.8641 0.994 0.9987 0.639 0.8641 0.3859 0.7484 0.386 0.7526 0.3783 0.7597 0.3859 0.7484 0.3783 0.7597 0.4046 0.7492 0.4046 0.7492 0.3783 0.7597 0.3839 0.762 0.4046 0.7492 0.3839 0.762 0.395 0.7538 0.395 0.7538 0.3839 0.762 0.3793 0.7619 0.3793 0.7619 0.3839 0.762 0.3783 0.7597 0.3793 0.7619 0.3783 0.7597 0.386 0.7526 0.3793 0.7619 0.386 0.7526 0.395 0.7538 0.395 0.7538 0.386 0.7526 0.3831 0.7584 0.395 0.7538 0.3831 0.7584 0.3808 0.7506 0.3808 0.7506 0.3831 0.7584 0.3669 0.7657 0.3669 0.7657 0.3831 0.7584 0.386 0.7526 0.3669 0.7657 0.386 0.7526 0.3601 0.7592 0.3601 0.7592 0.386 0.7526 0.3859 0.7484 0.3601 0.7592 0.3859 0.7484 0.3606 0.7541 0.3606 0.7541 0.3859 0.7484 0.3598 0.725 0.3606 0.7541 0.3598 0.725 0.3389 0.7163 0.3606 0.7541 0.3389 0.7163 0.3375 0.752 0.3375 0.752 0.3389 0.7163 0.3176 0.7129 0.3375 0.752 0.3176 0.7129 0.3159 0.7466 0.3159 0.7466 0.3176 0.7129 0.3023 0.7263 0.3023 0.7263 0.3176 0.7129 0.3156 0.7101 0.3156 0.7101 0.3176 0.7129 0.3389 0.7163 0.3156 0.7101 0.3389 0.7163 0.3386 0.7088 0.3386 0.7088 0.3389 0.7163 0.3598 0.725 0.3386 0.7088 0.3598 0.725 0.3582 0.7186 0.3582 0.7186 0.3598 0.725 0.3818 0.7288 0.3818 0.7288 0.3598 0.725 0.3859 0.7484 0.3818 0.7288 0.3859 0.7484 0.4013 0.7399 0.4013 0.7399 0.3859 0.7484 0.4046 0.7492 0.4013 0.7399 0.4046 0.7492 0.4224 0.7416 0.4224 0.7416 0.4046 0.7492 0.4224 0.7448 0.4224 0.7416 0.4224 0.7448 0.4409 0.739 0.4409 0.739 0.4224 0.7448 0.4409 0.7362 0.4409 0.7362 0.4224 0.7448 0.4224 0.7416 0.4409 0.7362 0.4224 0.7416 0.4409 0.7272 0.4409 0.7272 0.4224 0.7416 0.4225 0.7287 0.4409 0.7272 0.4225 0.7287 0.4224 0.7238 0.4409 0.7272 0.4224 0.7238 0.4409 0.7229 0.4409 0.7229 0.4224 0.7238 0.4409 0.7272 0.4409 0.7229 0.4409 0.7272 0.4653 0.727 0.4653 0.727 0.4409 0.7272 0.4649 0.7332 0.4644 0.735 0.4649 0.7332 0.4409 0.7362 0.4409 0.7362 0.4649 0.7332 0.4409 0.7272 0.4409 0.7362 0.4409 0.7272 0.4225 0.7287 0.4225 0.7287 0.4409 0.7272 0.4224 0.7238 0.4225 0.7287 0.4224 0.7238 0.4013 0.7294 0.4013 0.7294 0.4224 0.7238 0.4013 0.7245 0.4013 0.7294 0.4013 0.7245 0.3818 0.7238 0.3818 0.7238 0.4013 0.7245 0.3818 0.7288 0.3818 0.7238 0.3818 0.7288 0.3582 0.725 0.3582 0.725 0.3818 0.7288 0.3647 0.7573 0.3582 0.725 0.3647 0.7573 0.3389 0.7163 0.3389 0.7163 0.3647 0.7573 0.3375 0.752 0.3389 0.7163 0.3375 0.752 0.3159 0.7466 0.3389 0.7163 0.3159 0.7466 0.3176 0.7129 0.3176 0.7129 0.3159 0.7466 0.3023 0.7263 0.3023 0.7263 0.3159 0.7466 0.3016 0.7423 0.3023 0.7263 0.3016 0.7423 0.2987 0.724 0.2987 0.724 0.3016 0.7423 0.2975 0.7428 0.2987 0.724 0.2975 0.7428 0.3016 0.7423 0.3016 0.7423 0.2975 0.7428 0.3114 0.7545 0.3114 0.7545 0.2975 0.7428 0.3016 0.7423 0.3114 0.7545 0.3016 0.7423 0.3159 0.7466 0.3114 0.7545 0.3159 0.7466 0.3375 0.752 0.3114 0.7545 0.3375 0.752 0.3351 0.7606 0.3351 0.7606 0.3375 0.752 0.3647 0.7573 0.3351 0.7606 0.3647 0.7573 0.3601 0.7592 0.3601 0.7592 0.3647 0.7573 0.3485 0.7626 0.3601 0.7592 0.3485 0.7626 0.3669 0.7657 0.3669 0.7657 0.3485 0.7626 0.3647 0.7573 0.3669 0.7657 0.3647 0.7573 0.3808 0.7506 0.3808 0.7506 0.3647 0.7573 0.3818 0.7288 0.3808 0.7506 0.3818 0.7288 0.4013 0.7302 0.4013 0.7302 0.3818 0.7288 0.4013 0.7245 0.4013 0.7302 0.4013 0.7245 0.4224 0.7238 0.4224 0.7238 0.4225 0.7287 0.4013 0.7302 0.4013 0.7302 0.4225 0.7287 0.4224 0.7416 0.4013 0.7302 0.4224 0.7416 0.4013 0.7463 0.4013 0.7463 0.4224 0.7416 0.4224 0.7448 0.4013 0.7463 0.4224 0.7448 0.4059 0.7563 0.4059 0.7563 0.4224 0.7448 0.4046 0.7492 0.4059 0.7563 0.4046 0.7492 0.4013 0.7463 0.4013 0.7463 0.4046 0.7492 0.395 0.7538 0.4013 0.7463 0.395 0.7538 0.3808 0.7506 0.4013 0.7463 0.3808 0.7506 0.4013 0.7302 0.261 0.9386 0.2716 0.9386 0.2612 0.9351 0.261 0.9386 0.2612 0.9351 0.2525 0.9386 0.2525 0.9386 0.2612 0.9351 0.253 0.9351 0.2525 0.9386 0.253 0.9351 0.2492 0.9386 0.2492 0.9386 0.253 0.9351 0.2499 0.9351 0.2492 0.9386 0.2499 0.9351 0.2525 0.9386 0.2525 0.9386 0.2499 0.9351 0.253 0.9351 0.2525 0.9386 0.253 0.9351 0.261 0.9386 0.261 0.9386 0.253 0.9351 0.2612 0.9351 0.261 0.9386 0.2612 0.9351 0.2716 0.9386 0.2716 0.9386 0.2612 0.9351 0.2714 0.9351 0.2716 0.9386 0.2714 0.9351 0.2772 0.9351 0.2716 0.9386 0.2772 0.9351 0.2802 0.9386 0.2802 0.9386 0.2772 0.9351 0.2797 0.9356 0.2797 0.9356 0.2772 0.9351 0.2796 0.9351 0.2797 0.9356 0.2796 0.9351 0.2824 0.9329 0.2797 0.9356 0.2824 0.9329 0.2802 0.9386 0.2802 0.9386 0.2824 0.9329 0.2834 0.9386 0.2834 0.9386 0.2824 0.9329 0.2796 0.9351 0.2834 0.9386 0.2796 0.9351 0.2802 0.9386 0.2802 0.9386 0.2796 0.9351 0.2714 0.9351 0.2802 0.9386 0.2714 0.9351 0.2716 0.9386 0.2716 0.9386 0.2714 0.9351 0.2612 0.9351 0.8776 0.9651 0.8981 0.9651 0.877 0.9444 0.877 0.9444 0.8981 0.9651 0.8988 0.9444 0.877 0.9444 0.8988 0.9444 0.8769 0.9329 0.8769 0.9329 0.8988 0.9444 0.8989 0.9329 0.8769 0.9329 0.8989 0.9329 0.8771 0.9161 0.8769 0.9329 0.8771 0.9161 0.8597 0.9161 0.8597 0.9161 0.8771 0.9161 0.8776 0.8991 0.8597 0.9161 0.8776 0.8991 0.861 0.8991 0.8597 0.9161 0.861 0.8991 0.8531 0.9161 0.8531 0.9161 0.861 0.8991 0.8546 0.8991 0.8531 0.9161 0.8546 0.8991 0.861 0.8991 0.8531 0.9161 0.861 0.8991 0.8597 0.9161 0.8597 0.9161 0.861 0.8991 0.8776 0.8991 0.8597 0.9161 0.8776 0.8991 0.8771 0.9161 0.8597 0.9161 0.8771 0.9161 0.8573 0.9329 0.8597 0.9161 0.8573 0.9329 0.8531 0.9161 0.8531 0.9161 0.8573 0.9329 0.8525 0.9313 0.8531 0.9161 0.8525 0.9313 0.8592 0.9329 0.8531 0.9161 0.8592 0.9329 0.8597 0.9161 0.8597 0.9161 0.8592 0.9329 0.8769 0.9329 0.8769 0.9329 0.8592 0.9329 0.877 0.9444 0.877 0.9444 0.8592 0.9329 0.8593 0.9444 0.877 0.9444 0.8593 0.9444 0.8776 0.9651 0.8776 0.9651 0.8593 0.9444 0.861 0.9651 0.8771 0.9161 0.8769 0.9329 0.8573 0.9329 0.8573 0.9329 0.8769 0.9329 0.877 0.9444 0.8573 0.9329 0.877 0.9444 0.8593 0.9444 0.8593 0.9444 0.877 0.9444 0.8776 0.9651 0.8593 0.9444 0.8776 0.9651 0.861 0.9651 0.8573 0.9329 0.8593 0.9444 0.8591 0.9386 0.8573 0.9329 0.8591 0.9386 0.8525 0.9313 0.8525 0.9313 0.8591 0.9386 0.8588 0.9329 0.8525 0.9313 0.8588 0.9329 0.8588 0.9313 0.8987 0.9161 0.8771 0.9161 0.8989 0.9329 0.8987 0.9161 0.8989 0.9329 0.9166 0.9329 0.9166 0.9329 0.8989 0.9329 0.8988 0.9444 0.9166 0.9329 0.8988 0.9444 0.9165 0.9444 0.9165 0.9444 0.8988 0.9444 0.8981 0.9651 0.9165 0.9444 0.8981 0.9651 0.9147 0.9651 0.8981 0.9651 0.8983 0.9592 0.9104 0.9592 0.8981 0.9651 0.9104 0.9592 0.91 0.9651 0.91 0.9651 0.9104 0.9592 0.9147 0.9651 0.9147 0.9651 0.9104 0.9592 0.9165 0.9444 0.9165 0.9444 0.9104 0.9592 0.9114 0.9444 0.9165 0.9444 0.9114 0.9444 0.9166 0.9329 0.9165 0.9444 0.9166 0.9329 0.7989 0.9198 0.9165 0.9444 0.7989 0.9198 0.9165 0.9444 0.9165 0.9444 0.7989 0.9198 0.9165 0.9444 0.9165 0.9444 0.7989 0.9198 0.8193 0.9214 0.9166 0.9329 0.9161 0.9161 0.9233 0.9313 0.9233 0.9313 0.9161 0.9161 0.9227 0.9161 0.9233 0.9313 0.9227 0.9161 0.9161 0.9161 0.9233 0.9313 0.9161 0.9161 0.9166 0.9329 0.9166 0.9329 0.9161 0.9161 0.8987 0.9161 0.8982 0.8991 0.8987 0.9161 0.9161 0.9161 0.8982 0.8991 0.9161 0.9161 0.9148 0.8991 0.9148 0.8991 0.9161 0.9161 0.9227 0.9161 0.9148 0.8991 0.9227 0.9161 0.9212 0.8991 0.9212 0.8991 0.9227 0.9161 0.9148 0.8991 0.9148 0.8991 0.9227 0.9161 0.9161 0.9161 0.9148 0.8991 0.9161 0.9161 0.8982 0.8991 0.8982 0.8991 0.9161 0.9161 0.8987 0.9161 0.8987 0.9161 0.9161 0.9161 0.9166 0.9329 0.8987 0.9161 0.9166 0.9329 0.8989 0.9329 0.8989 0.9329 0.9166 0.9329 0.9114 0.9444 0.8989 0.9329 0.9114 0.9444 0.8988 0.9444 0.9972 0.5347 0.9972 0.7679 0.7835 0.7679 0.9972 0.5347 0.7835 0.7679 0.7835 0.5347 0.3601 0.7592 0.3606 0.7541 0.3375 0.752 0.3601 0.7592 0.3375 0.752 0.3351 0.7606 0.3351 0.7606 0.3375 0.752 0.3114 0.7545 0.3114 0.7545 0.3375 0.752 0.3159 0.7466 0.3114 0.7545 0.3159 0.7466 0.3016 0.7423 0.3016 0.7423 0.3159 0.7466 0.3023 0.7263 0.3016 0.7423 0.3023 0.7263 0.2987 0.724 0.2987 0.724 0.3023 0.7263 0.3156 0.7101 0.2987 0.724 0.3156 0.7101 0.3023 0.7263 0.3023 0.7263 0.3156 0.7101 0.3176 0.7129 0.3176 0.7129 0.3156 0.7101 0.3386 0.7088 0.3176 0.7129 0.3386 0.7088 0.3389 0.7163 0.3389 0.7163 0.3386 0.7088 0.3582 0.7186 0.3389 0.7163 0.3582 0.7186 0.3582 0.725 0.3582 0.725 0.3582 0.7186 0.3818 0.7238 0.3818 0.7238 0.3582 0.7186 0.3818 0.7288 0.3818 0.7238 0.3818 0.7288 0.4013 0.7294 0.4013 0.7294 0.3818 0.7288 0.4013 0.7399 0.4013 0.7294 0.4013 0.7399 0.4225 0.7287 0.4225 0.7287 0.4013 0.7399 0.4224 0.7416 0.4225 0.7287 0.4224 0.7416 0.4409 0.7362 0.4409 0.7362 0.4224 0.7416 0.4409 0.739 0.4409 0.7362 0.4409 0.739 0.4644 0.735 0.4644 0.735 0.4409 0.739 0.4409 0.7362 0.4644 0.735 0.4409 0.7362 0.4649 0.7332 0.4649 0.7332 0.4409 0.7362 0.4409 0.7272 0.4649 0.7332 0.4409 0.7272 0.4653 0.727 0.4653 0.727 0.4409 0.7272 0.4409 0.7229 0.4653 0.727 0.4409 0.7229 0.4656 0.7235 0.4656 0.7235 0.4409 0.7229 0.4653 0.727 0.4576 0.8819 0.4576 0.8819 0.4576 0.8819 0.4576 0.8819 0.4576 0.8819 0.4576 0.8819 0.4576 0.8819 0.4576 0.8819 0.4576 0.8819 0.4576 0.8819 0.4576 0.8819 0.4576 0.8819 0.9948 0.005500018 0.9948 0.1322 0.9433 0.002799987 0.9433 0.002799987 0.9948 0.1322 0.8148 0.1347 0.9433 0.002799987 0.8148 0.1347 0.8148 0.00300002 0.8148 0.00300002 0.8148 0.1347 0.7148 0.1306999 0.8148 0.00300002 0.7148 0.1306999 0.7148 0.007000029 0.7148 0.007000029 0.7148 0.1306999 0.569 0.008199989 0.569 0.008199989 0.7148 0.1306999 0.569 0.1295999 0.569 0.008199989 0.569 0.1295999 0.4213 0.01090002 0.4213 0.01090002 0.569 0.1295999 0.4213 0.1269 0.2516 0.9258 0.2608 0.9258 0.2441 0.9317 0.2441 0.9317 0.2608 0.9258 0.2683 0.9317 0.2441 0.9317 0.2683 0.9317 0.2712 0.9413 0.2441 0.9317 0.2712 0.9413 0.2413 0.9413 0.2413 0.9413 0.2712 0.9413 0.2441 0.951 0.2441 0.951 0.2712 0.9413 0.2683 0.951 0.2441 0.951 0.2683 0.951 0.2516 0.9569 0.2516 0.9569 0.2683 0.951 0.2608 0.9569 0.8973 0.937 0.8637 0.937 0.8981 0.9091 0.8981 0.9091 0.8637 0.937 0.863 0.9091 0.8975 0.8931 0.8783 0.8931 0.9131 0.8931 0.9131 0.8931 0.8783 0.8931 0.8627 0.8931 0.9131 0.8931 0.8627 0.8931 0.8567 0.8931 0.9131 0.8931 0.8567 0.8931 0.919 0.8931 0.919 0.8931 0.8567 0.8931 0.9131 0.8931 0.9131 0.8931 0.8567 0.8931 0.8627 0.8931 0.9131 0.8931 0.8627 0.8931 0.8975 0.8931 0.8975 0.8931 0.8627 0.8931 0.8783 0.8931 0.8893 0.9745 0.8741 0.9745 0.8785 0.917 0.8785 0.917 0.8741 0.9745 0.8342 0.9745 0.8785 0.917 0.8342 0.9745 0.8359 0.917 0.8359 0.917 0.8342 0.9745 0.785 0.9745 0.8359 0.917 0.785 0.9745 0.7833 0.917 0.7833 0.917 0.785 0.9745 0.7407 0.917 0.7407 0.917 0.785 0.9745 0.7452 0.9745 0.7407 0.917 0.7452 0.9745 0.73 0.9745 0.7407 0.917 0.73 0.9745 0.7245 0.917 0.7245 0.917 0.73 0.9745 0.7407 0.917 0.7407 0.917 0.73 0.9745 0.7452 0.9745 0.7407 0.917 0.7452 0.9745 0.785 0.9745 0.7407 0.917 0.785 0.9745 0.7833 0.917 0.7833 0.917 0.785 0.9745 0.8342 0.9745 0.7833 0.917 0.8342 0.9745 0.8359 0.917 0.8359 0.917 0.8342 0.9745 0.8785 0.917 0.8785 0.917 0.8342 0.9745 0.8741 0.9745 0.8785 0.917 0.8741 0.9745 0.8893 0.9745 0.8785 0.917 0.8893 0.9745 0.8948 0.917 0.8948 0.917 0.8893 0.9745 0.8785 0.917 0.3735 0.1092 0.3735 0.1058 0.3749 0.1092 0.3749 0.1092 0.3735 0.1058 0.3749 0.1058 0.3749 0.1092 0.3749 0.1058 0.3735 0.1058 0.3749 0.1092 0.3735 0.1058 0.3735 0.1062999 0.3749 0.1092 0.3735 0.1062999 0.3735 0.1092 0.3616 0.1058 0.3616 0.1092 0.3653 0.1092 0.3616 0.1058 0.3653 0.1092 0.3653 0.1058 0.3653 0.1058 0.3653 0.1092 0.3698 0.1092 0.3653 0.1058 0.3698 0.1092 0.3698 0.1058 0.3698 0.1058 0.3698 0.1092 0.3735 0.1058 0.3735 0.1058 0.3698 0.1092 0.3735 0.1092 0.3735 0.1058 0.3735 0.1092 0.3749 0.1092 0.3735 0.1058 0.3749 0.1092 0.3749 0.1058 0.3749 0.1058 0.3749 0.1092 0.3735 0.1092 0.3749 0.1058 0.3735 0.1092 0.3735 0.1058 0.3735 0.1058 0.3735 0.1092 0.3698 0.1092 0.3735 0.1058 0.3698 0.1092 0.3698 0.1058 0.3698 0.1058 0.3698 0.1092 0.3653 0.1092 0.3698 0.1058 0.3653 0.1092 0.3653 0.1058 0.3653 0.1058 0.3653 0.1092 0.3616 0.1058 0.3616 0.1058 0.3653 0.1092 0.3616 0.1062999 0.3616 0.1062999 0.3653 0.1092 0.3616 0.1092 0.2475 0.9546 0.2457 0.9501 0.2461 0.9501 0.2461 0.9501 0.2457 0.9501 0.2472 0.9453 0.2461 0.9501 0.2472 0.9453 0.2475 0.9456 0.2475 0.9456 0.2472 0.9453 0.2512 0.9424 0.2475 0.9456 0.2512 0.9424 0.2514 0.9428 0.2514 0.9428 0.2512 0.9424 0.2562 0.9424 0.2514 0.9428 0.2562 0.9424 0.2561 0.9428 0.2561 0.9428 0.2562 0.9424 0.2603 0.9453 0.2561 0.9428 0.2603 0.9453 0.2599 0.9456 0.2599 0.9456 0.2603 0.9453 0.2618 0.9501 0.2599 0.9456 0.2618 0.9501 0.2614 0.9501 0.2614 0.9501 0.2618 0.9501 0.2603 0.9548 0.2614 0.9501 0.2603 0.9548 0.2599 0.9546 0.2599 0.9546 0.2603 0.9548 0.2562 0.9577 0.2599 0.9546 0.2562 0.9577 0.2561 0.9573 0.2561 0.9573 0.2562 0.9577 0.2512 0.9577 0.2561 0.9573 0.2512 0.9577 0.2514 0.9573 0.2514 0.9573 0.2512 0.9577 0.2472 0.9548 0.2514 0.9573 0.2472 0.9548 0.2475 0.9546 0.2475 0.9546 0.2472 0.9548 0.2457 0.9501 0.4576 0.8819 0.4576 0.8819 0.4576 0.8819 0.4576 0.8819 0.4576 0.8819 0.4576 0.8819 0.4576 0.8819 0.4576 0.8819 0.4576 0.8819 0.4576 0.8819 0.4576 0.8819 0.4576 0.8819</float_array>
          <technique_common>
            <accessor source="#unnamed_011-mesh-map-0-array" count="972" stride="2">
              <param name="S" type="float"/>
              <param name="T" type="float"/>
            </accessor>
          </technique_common>
        </source>
        <source id="unnamed_011-mesh-colors-Col" name="Col">
          <float_array id="unnamed_011-mesh-colors-Col-array" count="3888">0 0 0 1 0 0 0 1 0 0 0 1 0 0 0 1 0 0 0 1 0 0 0 1 0 0 0 1 0 0 0 1 0 0 0 1 0 0 0 1 0 0 0 1 0 0 0 1 0 0 0 1 0 0 0 1 0 0 0 1 0 0 0 1 0 0 0 1 0 0 0 1 0 0 0 1 0 0 0 1 0 0 0 1 0 0 0 1 0 0 0 1 0 0 0 1 0 0 0 1 0 0 0 1 0 0 0 1 0 0 0 1 0 0 0 1 0 0 0 1 0 0 0 1 0 0 0 1 0 0 0 1 0 0 0 1 0 0 0 1 0 0 0 1 0 0 0 1 0 0 0 1 0 0 0 1 0 0 0 1 0 0 0 1 0 0 0 1 0 0 0 1 0 0 0 1 0 0 0 1 0 0 0 1 0 0 0 1 0 0 0 1 0 0 0 1 0 0 0 1 0 0 0 1 0 0 0 1 0 0 0 1 0 0 0 1 0 0 0 1 0 0 0 1 0 0 0 1 0 0 0 1 0 0 0 1 0 0 0 1 0 0 0 1 0 0 0 1 0 0 0 1 0 0 0 1 0 0 0 1 0 0 0 1 0 0 0 1 0 0 0 1 0 0 0 1 0 0 0 1 0 0 0 1 0 0 0 1 0 0 0 1 0 0 0 1 0 0 0 1 0 0 0 1 0 0 0 1 0 0 0 1 0 0 0 1 0 0 0 1 0 0 0 1 0 0 0 1 0 0 0 1 0 0 0 1 0 0 0 1 0 0 0 1 0 0 0 1 0 0 0 1 0 0 0 1 0 0 0 1 0 0 0 1 0 0 0 1 0 0 0 1 0 0 0 1 0 0 0 1 0 0 0 1 0 0 0 1 0 0 0 1 0 0 0 1 0 0 0 1 0 0 0 1 0 0 0 1 0 0 0 1 0 0 0 1 0 0 0 1 0 0 0 1 0 0 0 1 0 0 0 1 0 0 0 1 0 0 0 1 0 0 0 1 0 0 0 1 0 0 0 1 0 0 0 1 0 0 0 1 0 0 0 1 0 0 0 1 0 0 0 1 0 0 0 1 0 0 0 1 0 0 0 1 0 0 0 1 0 0 0 1 0 0 0 1 0 0 0 1 0 0 0 1 0 0 0 1 0 0 0 1 0 0 0 1 0 0 0 1 0 0 0 1 0 0 0 1 0 0 0 1 0 0 0 1 0 0 0 1 0 0 0 1 0 0 0 1 0 0 0 1 0 0 0 1 0 0 0 1 0 0 0 1 0 0 0 1 0 0 0 1 0 0 0 1 0 0 0 1 0 0 0 1 0 0 0 1 0 0 0 1 0 0 0 1 0 0 0 1 0 0 0 1 0 0 0 1 0 0 0 1 0 0 0 1 0 0 0 1 0 0 0 1 0 0 0 1 0 0 0 1 0 0 0 1 0 0 0 1 0 0 0 1 0 0 0 1 0 0 0 1 0 0 0 1 0 0 0 1 0 0 0 1 0 0 0 1 0 0 0 1 0 0 0 1 0 0 0 1 0 0 0 1 0 0 0 1 0 0 0 1 0 0 0 1 0 0 0 1 0 0 0 1 0 0 0 1 0 0 0 1 0 0 0 1 0 0 0 1 0 0 0 1 0 0 0 1 0 0 0 1 0 0 0 1 0 0 0 1 0 0 0 1 0 0 0 1 0 0 0 1 0 0 0 1 0 0 0 1 0 0 0 1 0 0 0 1 0 0 0 1 0 0 0 1 0 0 0 1 0 0 0 1 0 0 0 1 0 0 0 1 0 0 0 1 0 0 0 1 0 0 0 1 0 0 0 1 0 0 0 1 0 0 0 1 0 0 0 1 0 0 0 1 0 0 0 1 0 0 0 1 0 0 0 1 0 0 0 1 0 0 0 1 0 0 0 1 0 0 0 1 0 0 0 1 0 0 0 1 0 0 0 1 0 0 0 1 0 0 0 1 0 0 0 1 0 0 0 1 0 0 0 1 0 0 0 1 0 0 0 1 0 0 0 1 0 0 0 1 0 0 0 1 0 0 0 1 0 0 0 1 0 0 0 1 0 0 0 1 0 0 0 1 0 0 0 1 0 0 0 1 0 0 0 1 0 0 0 1 0 0 0 1 0 0 0 1 0 0 0 1 0 0 0 1 0 0 0 1 0 0 0 1 0 0 0 1 0 0 0 1 0 0 0 1 0 0 0 1 0 0 0 1 0 0 0 1 0 0 0 1 0 0 0 1 0 0 0 1 0 0 0 1 0 0 0 1 0 0 0 1 0 0 0 1 0 0 0 1 0 0 0 1 0 0 0 1 0 0 0 1 0 0 0 1 0 0 0 1 0 0 0 1 0 0 0 1 0 0 0 1 0 0 0 1 0 0 0 1 0 0 0 1 0 0 0 1 0 0 0 1 0 0 0 1 0 0 0 1 0 0 0 1 0 0 0 1 0 0 0 1 0 0 0 1 0 0 0 1 0 0 0 1 0 0 0 1 0 0 0 1 0 0 0 1 0 0 0 1 0 0 0 1 0 0 0 1 0 0 0 1 0 0 0 1 0 0 0 1 0 0 0 1 0 0 0 1 0 0 0 1 0 0 0 1 0 0 0 1 0 0 0 1 0 0 0 1 0 0 0 1 0 0 0 1 0 0 0 1 0 0 0 1 0 0 0 1 0 0 0 1 0 0 0 1 0 0 0 1 0 0 0 1 0 0 0 1 0 0 0 1 0 0 0 1 0 0 0 1 0 0 0 1 0 0 0 1 0 0 0 1 0 0 0 1 0 0 0 1 0 0 0 1 0 0 0 1 0 0 0 1 0 0 0 1 0 0 0 1 0 0 0 1 0 0 0 1 0 0 0 1 0 0 0 1 0 0 0 1 0 0 0 1 0 0 0 1 0 0 0 1 0 0 0 1 0 0 0 1 0 0 0 1 0 0 0 1 0 0 0 1 0 0 0 1 0 0 0 1 0 0 0 1 0 0 0 1 0 0 0 1 0 0 0 1 0 0 0 1 0 0 0 1 0 0 0 1 0 0 0 1 0 0 0 1 0 0 0 1 0 0 0 1 0 0 0 1 0 0 0 1 0 0 0 1 0 0 0 1 0 0 0 1 0 0 0 1 0 0 0 1 0 0 0 1 0 0 0 1 0 0 0 1 0 0 0 1 0 0 0 1 0 0 0 1 0 0 0 1 0 0 0 1 0 0 0 1 0 0 0 1 0 0 0 1 0 0 0 1 0 0 0 1 0 0 0 1 0 0 0 1 0 0 0 1 0 0 0 1 0 0 0 1 0 0 0 1 0 0 0 1 0 0 0 1 0 0 0 1 0 0 0 1 0 0 0 1 0 0 0 1 0 0 0 1 0 0 0 1 0 0 0 1 0 0 0 1 0 0 0 1 0 0 0 1 0 0 0 1 0 0 0 1 0 0 0 1 0 0 0 1 0 0 0 1 0 0 0 1 0 0 0 1 0 0 0 1 0 0 0 1 0 0 0 1 0 0 0 1 0 0 0 1 0 0 0 1 0 0 0 1 0 0 0 1 0 0 0 1 0 0 0 1 0 0 0 1 0 0 0 1 0 0 0 1 0 0 0 1 0 0 0 1 0 0 0 1 0 0 0 1 0 0 0 1 0 0 0 1 0 0 0 1 0 0 0 1 0 0 0 1 0 0 0 1 0 0 0 1 0 0 0 1 0 0 0 1 0 0 0 1 0 0 0 1 0 0 0 1 0 0 0 1 0 0 0 1 0 0 0 1 0 0 0 1 0 0 0 1 0 0 0 1 0 0 0 1 0 0 0 1 0 0 0 1 0 0 0 1 0 0 0 1 0 0 0 1 0 0 0 1 0 0 0 1 0 0 0 1 0 0 0 1 0 0 0 1 0 0 0 1 0 0 0 1 0 0 0 1 0 0 0 1 0 0 0 1 0 0 0 1 0 0 0 1 0 0 0 1 0 0 0 1 0 0 0 1 0 0 0 1 0 0 0 1 0 0 0 1 0 0 0 1 0 0 0 1 0 0 0 1 0 0 0 1 0 0 0 1 0 0 0 1 0 0 0 1 0 0 0 1 0 0 0 1 0 0 0 1 0 0 0 1 0 0 0 1 0 0 0 1 0 0 0 1 0 0 0 1 0 0 0 1 0 0 0 1 0 0 0 1 0 0 0 1 0 0 0 1 0 0 0 1 0 0 0 1 0 0 0 1 0 0 0 1 0 0 0 1 0 0 0 1 0 0 0 1 0 0 0 1 0 0 0 1 0 0 0 1 0 0 0 1 0 0 0 1 0 0 0 1 0 0 0 1 0 0 0 1 0 0 0 1 0 0 0 1 0 0 0 1 0 0 0 1 0 0 0 1 0 0 0 1 0 0 0 1 0 0 0 1 0 0 0 1 0 0 0 1 0 0 0 1 0 0 0 1 0 0 0 1 0 0 0 1 0 0 0 1 0 0 0 1 0 0 0 1 0 0 0 1 0 0 0 1 0 0 0 1 0 0 0 1 0 0 0 1 0 0 0 1 0 0 0 1 0 0 0 1 0 0 0 1 0 0 0 1 0 0 0 1 0 0 0 1 0 0 0 1 0 0 0 1 0 0 0 1 0 0 0 1 0 0 0 1 0 0 0 1 0 0 0 1 0 0 0 1 0 0 0 1 0 0 0 1 0 0 0 1 0 0 0 1 0 0 0 1 0 0 0 1 0 0 0 1 0 0 0 1 0 0 0 1 0 0 0 1 0 0 0 1 0 0 0 1 0 0 0 1 0 0 0 1 0 0 0 1 0 0 0 1 0 0 0 1 0 0 0 1 0 0 0 1 0 0 0 1 0 0 0 1 0 0 0 1 0 0 0 1 0 0 0 1 0 0 0 1 0 0 0 1 0 0 0 1 0 0 0 1 0 0 0 1 0 0 0 1 0 0 0 1 0 0 0 1 0 0 0 1 0 0 0 1 0 0 0 1 0 0 0 1 0 0 0 1 0 0 0 1 0 0 0 1 0 0 0 1 0 0 0 1 0 0 0 1 0 0 0 1 0 0 0 1 0 0 0 1 0 0 0 1 0 0 0 1 0 0 0 1 0 0 0 1 0 0 0 1 0 0 0 1 0 0 0 1 0 0 0 1 0 0 0 1 0 0 0 1 0 0 0 1 0 0 0 1 0 0 0 1 0 0 0 1 0 0 0 1 0 0 0 1 0 0 0 1 0 0 0 1 0 0 0 1 0 0 0 1 0 0 0 1 0 0 0 1 0 0 0 1 0 0 0 1 0 0 0 1 0 0 0 1 0 0 0 1 0 0 0 1 0 0 0 1 0 0 0 1 0 0 0 1 0 0 0 1 0 0 0 1 0 0 0 1 0 0 0 1 0 0 0 1 0 0 0 1 0 0 0 1 0 0 0 1 0 0 0 1 0 0 0 1 0 0 0 1 0 0 0 1 0 0 0 1 0 0 0 1 0 0 0 1 0 0 0 1 0 0 0 1 0 0 0 1 0 0 0 1 0 0 0 1 0 0 0 1 0 0 0 1 0 0 0 1 0 0 0 1 0 0 0 1 0 0 0 1 0 0 0 1 0 0 0 1 0 0 0 1 0 0 0 1 0 0 0 1 0 0 0 1 0 0 0 1 0 0 0 1 0 0 0 1 0 0 0 1 0 0 0 1 0 0 0 1 0 0 0 1 0 0 0 1 0 0 0 1 0 0 0 1 0 0 0 1 0 0 0 1 0 0 0 1 0 0 0 1 0 0 0 1 0 0 0 1 0 0 0 1 0 0 0 1 0 0 0 1 0 0 0 1 0 0 0 1 0 0 0 1 0 0 0 1 0 0 0 1 0 0 0 1 0 0 0 1 0 0 0 1 0 0 0 1 0 0 0 1 0 0 0 1 0 0 0 1 0 0 0 1 0 0 0 1 0 0 0 1 0 0 0 1 0 0 0 1 0 0 0 1 0 0 0 1 0 0 0 1 0 0 0 1 0 0 0 1 0 0 0 1 0 0 0 1 0 0 0 1 0 0 0 1 0 0 0 1 0 0 0 1 0 0 0 1 0 0 0 1 0 0 0 1 0 0 0 1 0 0 0 1 0 0 0 1 0 0 0 1 0 0 0 1 0 0 0 1 0 0 0 1 0 0 0 1 0 0 0 1 0 0 0 1 0 0 0 1 0 0 0 1 0 0 0 1 0 0 0 1 0 0 0 1 0 0 0 1 0 0 0 1 0 0 0 1 0 0 0 1 0 0 0 1 0 0 0 1 0 0 0 1 0 0 0 1 0 0 0 1 0 0 0 1 0 0 0 1 0 0 0 1 0 0 0 1 0 0 0 1 0 0 0 1 0 0 0 1 0 0 0 1 0 0 0 1 0 0 0 1 0 0 0 1 0 0 0 1 0 0 0 1 0 0 0 1 0 0 0 1 0 0 0 1 0 0 0 1 0 0 0 1 0 0 0 1 0 0 0 1 0 0 0 1 0 0 0 1 0 0 0 1 0 0 0 1 0 0 0 1 0 0 0 1 0 0 0 1 0 0 0 1 0 0 0 1 0 0 0 1 0 0 0 1 0 0 0 1 0 0 0 1 0 0 0 1 0 0 0 1 0 0 0 1 0 0 0 1 0 0 0 1 0 0 0 1 0 0 0 1 0 0 0 1 0 0 0 1 0 0 0 1 0 0 0 1 0 0 0 1 0 0 0 1 0 0 0 1 0 0 0 1 0 0 0 1 0 0 0 1 0 0 0 1 0 0 0 1 0 0 0 1 0 0 0 1 0 0 0 1 0 0 0 1 0 0 0 1 0 0 0 1 0 0 0 1 0 0 0 1 0 0 0 1 0 0 0 1 0 0 0 1 0 0 0 1 0 0 0 1 0 0 0 1 0 0 0 1 0 0 0 1 0 0 0 1 0 0 0 1 0 0 0 1 0 0 0 1 0 0 0 1 0 0 0 1 0 0 0 1 0 0 0 1 0 0 0 1 0 0 0 1 0 0 0 1 0 0 0 1 0 0 0 1 0 0 0 1 0 0 0 1 0 0 0 1 0 0 0 1 0 0 0 1 0 0 0 1 0 0 0 1 0 0 0 1 0 0 0 1 0 0 0 1 0 0 0 1 0 0 0 1 0 0 0 1 0 0 0 1 0 0 0 1 0 0 0 1 0 0 0 1 0 0 0 1 0 0 0 1 0 0 0 1 0 0 0 1 0 0 0 1 0 0 0 1 0 0 0 1 0 0 0 1 0 0 0 1 0 0 0 1 0 0 0 1 0 0 0 1 0 0 0 1 0 0 0 1 0 0 0 1 0 0 0 1 0 0 0 1 0 0 0 1 0 0 0 1 0 0 0 1 0 0 0 1 0 0 0 1 0 0 0 1 0 0 0 1 0 0 0 1 0 0 0 1 0 0 0 1 0 0 0 1 0 0 0 1 0 0 0 1 0 0 0 1 0 0 0 1 0 0 0 1 0 0 0 1 0 0 0 1 0 0 0 1 0 0 0 1 0 0 0 1 0 0 0 1 0 0 0 1 0 0 0 1 0 0 0 1 0 0 0 1 0 0 0 1 0 0 0 1 0 0 0 1 0 0 0 1 0 0 0 1 0 0 0 1 0 0 0 1 0 0 0 1 0 0 0 1 0 0 0 1 0 0 0 1 0 0 0 1 0 0 0 1 0 0 0 1 0 0 0 1 0 0 0 1 0 0 0 1 0 0 0 1 0 0 0 1 0 0 0 1 0 0 0 1 0 0 0 1 0 0 0 1 0 0 0 1 0 0 0 1 0 0 0 1 0 0 0 1 0 0 0 1 0 0 0 1 0 0 0 1 0 0 0 1 0 0 0 1 0 0 0 1 0 0 0 1 0 0 0 1 0 0 0 1 0 0 0 1 0 0 0 1 0 0 0 1 0 0 0 1 0 0 0 1 0 0 0 1 0 0 0 1 0 0 0 1 0 0 0 1 0 0 0 1 0 0 0 1 0 0 0 1 0 0 0 1 0 0 0 1 0 0 0 1 0 0 0 1 0 0 0 1 0 0 0 1 0 0 0 1 0 0 0 1 0 0 0 1 0 0 0 1 0 0 0 1 0 0 0 1 0 0 0 1 0 0 0 1 0 0 0 1 0 0 0 1 0 0 0 1 0 0 0 1 0 0 0 1 0 0 0 1 0 0 0 1 0 0 0 1 0 0 0 1 0 0 0 1 0 0 0 1 0 0 0 1 0 0 0 1 0 0 0 1 0 0 0 1 0 0 0 1 0 0 0 1 0 0 0 1 0 0 0 1 0 0 0 1 0 0 0 1 0 0 0 1 0 0 0 1 0 0 0 1 0 0 0 1 0 0 0 1 0 0 0 1 0 0 0 1 0 0 0 1 0 0 0 1 0 0 0 1 0 0 0 1 0 0 0 1 0 0 0 1 0 0 0 1 0 0 0 1 0 0 0 1 0 0 0 1 0 0 0 1 0 0 0 1 0 0 0 1 0 0 0 1 0 0 0 1 0 0 0 1 0 0 0 1 0 0 0 1 0 0 0 1 0 0 0 1 0 0 0 1 0 0 0 1 0 0 0 1 0 0 0 1 0 0 0 1 0 0 0 1 0 0 0 1 0 0 0 1 0 0 0 1 0 0 0 1 0 0 0 1 0 0 0 1 0 0 0 1 0 0 0 1 0 0 0 1 0 0 0 1 0 0 0 1 0 0 0 1 0 0 0 1 0 0 0 1 0 0 0 1 0 0 0 1</float_array>
          <technique_common>
            <accessor source="#unnamed_011-mesh-colors-Col-array" count="972" stride="4">
              <param name="R" type="float"/>
              <param name="G" type="float"/>
              <param name="B" type="float"/>
              <param name="A" type="float"/>
            </accessor>
          </technique_common>
        </source>
        <vertices id="unnamed_011-mesh-vertices">
          <input semantic="POSITION" source="#unnamed_011-mesh-positions"/>
        </vertices>
        <triangles material="unnamed_004-material" count="324">
          <input semantic="VERTEX" source="#unnamed_011-mesh-vertices" offset="0"/>
          <input semantic="NORMAL" source="#unnamed_011-mesh-normals" offset="1"/>
          <input semantic="TEXCOORD" source="#unnamed_011-mesh-map-0" offset="2" set="0"/>
          <input semantic="COLOR" source="#unnamed_011-mesh-colors-Col" offset="3" set="0"/>
          <p>155 0 0 0 0 1 1 1 9 2 2 2 9 2 3 3 0 1 4 4 164 3 5 5 9 2 6 6 164 3 7 7 51 4 8 8 51 4 9 9 164 3 10 10 1 5 11 11 51 4 12 12 1 5 13 13 2 6 14 14 2 6 15 15 1 5 16 16 162 7 17 17 2 6 18 18 162 7 19 19 50 8 20 20 50 8 21 21 162 7 22 22 3 9 23 23 50 8 24 24 3 9 25 25 4 10 26 26 4 10 27 27 3 9 28 28 5 11 29 29 4 10 30 30 5 11 31 31 6 12 32 32 6 12 33 33 5 11 34 34 159 13 35 35 6 12 36 36 159 13 37 37 7 14 38 38 7 14 39 39 159 13 40 40 157 15 41 41 7 14 42 42 157 15 43 43 56 16 44 44 56 16 45 45 157 15 46 46 8 17 47 47 56 16 48 48 8 17 49 49 54 18 50 50 54 18 51 51 8 17 52 52 53 19 53 53 53 19 54 54 8 17 55 55 155 0 56 56 53 19 57 57 155 0 58 58 9 2 59 59 17 20 60 60 10 21 61 61 11 22 62 62 17 20 63 63 11 22 64 64 46 23 65 65 46 23 66 66 11 22 67 67 12 24 68 68 46 23 69 69 12 24 70 70 47 25 71 71 47 25 72 72 12 24 73 73 13 26 74 74 13 26 75 75 12 24 76 76 11 22 77 77 13 26 78 78 11 22 79 79 10 21 80 80 13 26 81 81 10 21 82 82 47 25 83 83 47 25 84 84 10 21 85 85 15 27 86 86 47 25 87 87 15 27 88 88 14 28 89 89 14 28 90 90 15 27 91 91 41 29 92 92 41 29 93 93 15 27 94 94 10 21 95 95 41 29 96 96 10 21 97 97 16 30 98 98 16 30 99 99 10 21 100 100 17 20 101 101 16 30 102 102 17 20 103 103 100 31 104 104 100 31 105 105 17 20 106 106 18 32 107 107 100 31 108 108 18 32 109 109 22 33 110 110 100 31 111 111 22 33 112 112 19 34 113 113 19 34 114 114 22 33 115 115 21 35 116 116 19 34 117 117 21 35 118 118 103 36 119 119 103 36 120 120 21 35 121 121 20 37 122 122 20 37 123 123 21 35 124 124 105 38 125 125 105 38 126 126 21 35 127 127 22 33 128 128 105 38 129 129 22 33 130 130 107 39 131 131 107 39 132 132 22 33 133 133 18 32 134 134 107 39 135 135 18 32 136 136 110 40 137 137 110 40 138 138 18 32 139 139 111 41 140 140 111 41 141 141 18 32 142 142 17 20 143 143 111 41 144 144 17 20 145 145 113 42 146 146 113 42 147 147 17 20 148 148 46 23 149 149 113 42 150 150 46 23 151 151 23 43 152 152 23 43 153 153 46 23 154 154 44 44 155 155 23 43 156 156 44 44 157 157 114 45 158 158 114 45 159 159 44 44 160 160 116 46 161 161 116 46 162 162 44 44 163 163 24 47 164 164 116 46 165 165 24 47 166 166 118 48 167 167 118 48 168 168 24 47 169 169 43 49 170 170 118 48 171 171 43 49 172 172 25 50 173 173 118 48 174 174 25 50 175 175 26 51 176 176 26 51 177 177 25 50 178 178 27 52 179 179 26 51 180 180 27 52 181 181 121 53 182 182 121 53 183 183 27 52 184 184 28 54 185 185 115 55 186 186 28 54 187 187 29 56 188 188 29 56 189 189 28 54 190 190 27 52 191 191 29 56 192 192 27 52 193 193 30 57 194 194 30 57 195 195 27 52 196 196 25 50 197 197 30 57 198 198 25 50 199 199 112 58 200 200 112 58 201 201 25 50 202 202 42 59 203 203 112 58 204 204 42 59 205 205 31 60 206 206 31 60 207 207 42 59 208 208 32 61 209 209 31 60 210 210 32 61 211 211 109 62 212 212 109 62 213 213 32 61 214 214 33 63 215 215 109 62 216 216 33 63 217 217 108 64 218 218 108 64 219 219 33 63 220 220 39 65 221 221 108 64 222 222 39 65 223 223 34 66 224 224 108 64 225 225 34 66 226 226 106 67 227 227 106 67 228 228 34 66 229 229 35 68 230 230 35 68 231 231 34 66 232 232 36 69 233 233 35 68 234 234 36 69 235 235 104 70 236 236 104 70 237 237 36 69 238 238 38 71 239 239 104 70 240 240 38 71 241 241 37 72 242 242 37 72 243 243 38 71 244 244 102 73 245 245 102 73 246 246 38 71 247 247 36 69 248 248 102 73 249 249 36 69 250 250 34 66 251 251 102 73 252 252 34 66 253 253 39 65 254 254 102 73 255 255 39 65 256 256 101 74 257 257 101 74 258 258 39 65 259 259 33 63 260 260 101 74 261 261 33 63 262 262 16 30 263 263 16 30 264 264 33 63 265 265 40 75 266 266 16 30 267 267 40 75 268 268 41 29 269 269 41 29 270 270 40 75 271 271 33 63 272 272 41 29 273 273 33 63 274 274 14 28 275 275 14 28 276 276 33 63 277 277 32 61 278 278 14 28 279 279 32 61 280 280 49 76 281 281 49 76 282 282 32 61 283 283 42 59 284 284 49 76 285 285 42 59 286 286 25 50 287 287 25 50 288 288 43 49 289 289 49 76 290 290 49 76 291 291 43 49 292 292 24 47 293 293 49 76 294 294 24 47 295 295 48 77 296 296 48 77 297 297 24 47 298 298 44 44 299 299 48 77 300 300 44 44 301 301 45 78 302 302 45 78 303 303 44 44 304 304 46 23 305 305 45 78 306 306 46 23 307 307 48 77 308 308 48 77 309 309 46 23 310 310 47 25 311 311 48 77 312 312 47 25 313 313 14 28 314 314 48 77 315 315 14 28 316 316 49 76 317 317 2 6 318 318 50 8 319 319 60 79 320 320 2 6 321 321 60 79 322 322 51 4 323 323 51 4 324 324 60 79 325 325 52 80 326 326 51 4 327 327 52 80 328 328 9 2 329 329 9 2 330 330 52 80 331 331 166 81 332 332 9 2 333 333 166 81 334 334 53 19 335 335 53 19 336 336 166 81 337 337 75 82 338 338 53 19 339 339 75 82 340 340 54 18 341 341 54 18 342 342 75 82 343 343 55 83 344 344 54 18 345 345 55 83 346 346 56 16 347 347 56 16 348 348 55 83 349 349 123 84 350 350 56 16 351 351 123 84 352 352 57 85 353 353 56 16 354 354 57 85 355 355 7 14 356 356 7 14 357 357 57 85 358 358 58 86 359 359 58 86 360 360 57 85 361 361 81 87 362 362 58 86 363 363 81 87 364 364 59 88 365 365 58 86 366 366 59 88 367 367 7 14 368 368 7 14 369 369 59 88 370 370 6 12 371 371 6 12 372 372 59 88 373 373 122 89 374 374 6 12 375 375 122 89 376 376 4 10 377 377 4 10 378 378 122 89 379 379 80 90 380 380 4 10 381 381 80 90 382 382 50 8 383 383 50 8 384 384 80 90 385 385 60 79 386 386 60 79 387 387 80 90 388 388 61 91 389 389 61 91 390 390 80 90 391 391 62 92 392 392 61 91 393 393 62 92 394 394 63 93 395 395 63 93 396 396 62 92 397 397 78 94 398 398 63 93 399 399 78 94 400 400 77 95 401 401 63 93 402 402 77 95 403 403 74 96 404 404 74 96 405 405 77 95 406 406 64 97 407 407 74 96 408 408 64 97 409 409 65 98 410 410 74 96 411 411 65 98 412 412 66 99 413 413 66 99 414 414 65 98 415 415 67 100 416 416 66 99 417 417 67 100 418 418 135 101 419 419 66 99 420 420 135 101 421 421 70 102 422 422 70 102 423 423 135 101 424 424 68 103 425 425 70 102 426 426 68 103 427 427 69 104 428 428 70 102 429 429 69 104 430 430 71 105 431 431 70 102 432 432 71 105 433 433 66 99 434 434 66 99 435 435 71 105 436 436 72 106 437 437 66 99 438 438 72 106 439 439 73 107 440 440 66 99 441 441 73 107 442 442 74 96 443 443 74 96 444 444 73 107 445 445 63 93 446 446 63 93 447 447 73 107 448 448 61 91 449 449 61 91 450 450 73 107 451 451 165 108 452 452 61 91 453 453 165 108 454 454 60 79 455 455 60 79 456 456 165 108 457 457 52 80 458 458 69 104 459 459 125 109 460 460 71 105 461 461 71 105 462 462 125 109 463 463 124 110 464 464 71 105 465 465 124 110 466 466 167 111 467 467 167 111 468 468 124 110 469 469 55 83 470 470 167 111 471 471 55 83 472 472 75 82 473 473 71 105 474 474 167 111 475 475 76 112 476 476 71 105 477 477 76 112 478 478 72 106 479 479 72 106 480 480 76 112 481 481 165 108 482 482 72 106 483 483 165 108 484 484 73 107 485 485 89 113 486 486 77 95 487 487 78 94 488 488 89 113 489 489 78 94 490 490 79 114 491 491 79 114 492 492 78 94 493 493 62 92 494 494 79 114 495 495 62 92 496 496 85 115 497 497 85 115 498 498 62 92 499 499 80 90 500 500 85 115 501 501 80 90 502 502 122 89 503 503 123 84 504 504 98 116 505 505 97 117 506 506 123 84 507 507 97 117 508 508 57 85 509 509 57 85 510 510 97 117 511 511 81 87 512 512 81 87 513 513 97 117 514 514 82 118 515 515 82 118 516 516 97 117 517 517 83 119 518 518 82 118 519 519 83 119 520 520 86 120 521 521 82 118 522 522 86 120 523 523 88 121 524 524 82 118 525 525 88 121 526 526 84 122 527 527 84 122 528 528 88 121 529 529 85 115 530 530 85 115 531 531 88 121 532 532 79 114 533 533 86 120 534 534 94 123 535 535 88 121 536 536 88 121 537 537 94 123 538 538 87 124 539 539 88 121 540 540 87 124 541 541 91 125 542 542 88 121 543 543 91 125 544 544 79 114 545 545 79 114 546 546 91 125 547 547 89 113 548 548 90 126 549 549 89 113 550 550 91 125 551 551 90 126 552 552 91 125 553 553 139 127 554 554 139 127 555 555 91 125 556 556 87 124 557 557 139 127 558 558 87 124 559 559 92 128 560 560 92 128 561 561 87 124 562 562 137 129 563 563 137 129 564 564 87 124 565 565 94 123 566 566 137 129 567 567 94 123 568 568 93 130 569 569 93 130 570 570 94 123 571 571 95 131 572 572 95 131 573 573 94 123 574 574 86 120 575 575 95 131 576 576 86 120 577 577 96 132 578 578 96 132 579 579 86 120 580 580 83 119 581 581 96 132 582 582 83 119 583 583 99 133 584 584 83 119 585 585 97 117 586 586 98 116 587 587 83 119 588 588 98 116 589 589 99 133 590 590 16 30 591 591 100 31 592 592 19 34 593 593 16 30 594 594 19 34 595 595 101 74 596 596 101 74 597 597 19 34 598 598 102 73 599 599 102 73 600 600 19 34 601 601 103 36 602 602 102 73 603 603 103 36 604 604 37 72 605 605 37 72 606 606 103 36 607 607 20 37 608 608 37 72 609 609 20 37 610 610 104 70 611 611 104 70 612 612 20 37 613 613 105 38 614 614 104 70 615 615 105 38 616 616 35 68 617 617 35 68 618 618 105 38 619 619 106 67 620 620 106 67 621 621 105 38 622 622 107 39 623 623 106 67 624 624 107 39 625 625 108 64 626 626 108 64 627 627 107 39 628 628 110 40 629 629 108 64 630 630 110 40 631 631 109 62 632 632 109 62 633 633 110 40 634 634 31 60 635 635 31 60 636 636 110 40 637 637 111 41 638 638 31 60 639 639 111 41 640 640 112 58 641 641 112 58 642 642 111 41 643 643 113 42 644 644 112 58 645 645 113 42 646 646 30 57 647 647 30 57 648 648 113 42 649 649 23 43 650 650 30 57 651 651 23 43 652 652 29 56 653 653 29 56 654 654 23 43 655 655 114 45 656 656 29 56 657 657 114 45 658 658 115 55 659 659 115 55 660 660 114 45 661 661 116 46 662 662 115 55 663 663 116 46 664 664 117 134 665 665 117 134 666 666 116 46 667 667 118 48 668 668 117 134 669 669 118 48 670 670 119 135 671 671 119 135 672 672 118 48 673 673 26 51 674 674 119 135 675 675 26 51 676 676 120 136 677 677 120 136 678 678 26 51 679 679 121 53 680 680 81 87 681 681 82 118 682 682 59 88 683 683 59 88 684 684 82 118 685 685 84 122 686 686 59 88 687 687 84 122 688 688 122 89 689 689 122 89 690 690 84 122 691 691 85 115 692 692 123 84 693 693 55 83 694 694 98 116 695 695 98 116 696 696 55 83 697 697 124 110 698 698 98 116 699 699 124 110 700 700 99 133 701 701 99 133 702 702 124 110 703 703 125 109 704 704 99 133 705 705 125 109 706 706 96 132 707 707 96 132 708 708 125 109 709 709 95 131 710 710 95 131 711 711 125 109 712 712 69 104 713 713 95 131 714 714 69 104 715 715 93 130 716 716 93 130 717 717 69 104 718 718 68 103 719 719 147 137 720 720 126 138 721 721 144 139 722 722 144 139 723 723 126 138 724 724 127 140 725 725 144 139 726 726 127 140 727 727 149 141 728 728 144 139 729 729 149 141 730 730 145 142 731 731 145 142 732 732 149 141 733 733 151 143 734 734 151 143 735 735 149 141 736 736 128 144 737 737 151 143 738 738 128 144 739 739 150 145 740 740 150 145 741 741 128 144 742 742 129 146 743 743 90 126 744 744 64 97 745 745 89 113 746 746 89 113 747 747 64 97 748 748 77 95 749 749 130 147 750 750 136 148 751 751 132 149 752 752 132 149 753 753 136 148 754 754 131 150 755 755 132 149 756 756 131 150 757 757 133 151 758 758 132 149 759 759 133 151 760 760 138 152 761 761 138 152 762 762 133 151 763 763 140 153 764 764 140 153 765 765 133 151 766 766 134 154 767 767 140 153 768 768 134 154 769 769 141 155 770 770 141 155 771 771 134 154 772 772 142 156 773 773 133 151 774 774 131 150 775 775 135 101 776 776 135 101 777 777 131 150 778 778 136 148 779 779 135 101 780 780 136 148 781 781 68 103 782 782 68 103 783 783 136 148 784 784 130 147 785 785 68 103 786 786 130 147 787 787 93 130 788 788 93 130 789 789 130 147 790 790 137 129 791 791 137 129 792 792 130 147 793 793 132 149 794 794 137 129 795 795 132 149 796 796 138 152 797 797 137 129 798 798 138 152 799 799 92 128 800 800 92 128 801 801 138 152 802 802 139 127 803 803 139 127 804 804 138 152 805 805 140 153 806 806 139 127 807 807 140 153 808 808 141 155 809 809 139 127 810 810 141 155 811 811 90 126 812 812 90 126 813 813 141 155 814 814 142 156 815 815 90 126 816 816 142 156 817 817 64 97 818 818 64 97 819 819 142 156 820 820 65 98 821 821 65 98 822 822 142 156 823 823 134 154 824 824 65 98 825 825 134 154 826 826 133 151 827 827 65 98 828 828 133 151 829 829 67 100 830 830 67 100 831 831 133 151 832 832 135 101 833 833 143 157 834 834 144 139 835 835 146 158 836 836 146 158 837 837 144 139 838 838 145 142 839 839 146 158 840 840 145 142 841 841 151 143 842 842 146 158 843 843 151 143 844 844 153 159 845 845 146 158 846 846 153 159 847 847 154 160 848 848 144 139 849 849 143 157 850 850 156 161 851 851 144 139 852 852 156 161 853 853 147 137 854 854 147 137 855 855 156 161 856 856 158 162 857 857 147 137 858 858 158 162 859 859 126 138 860 860 126 138 861 861 158 162 862 862 127 140 863 863 127 140 864 864 158 162 865 865 148 163 866 866 127 140 867 867 148 163 868 868 160 164 869 869 127 140 870 870 160 164 871 871 149 141 872 872 149 141 873 873 160 164 874 874 161 165 875 875 149 141 876 876 161 165 877 877 128 144 878 878 128 144 879 879 161 165 880 880 163 166 881 881 128 144 882 882 163 166 883 883 129 146 884 884 129 146 885 885 163 166 886 886 152 167 887 887 129 146 888 888 152 167 889 889 150 145 890 890 150 145 891 891 152 167 892 892 151 143 893 893 151 143 894 894 152 167 895 895 153 159 896 896 153 159 897 897 152 167 898 898 154 160 899 899 154 160 900 900 0 1 901 901 146 158 902 902 146 158 903 903 0 1 904 904 155 0 905 905 146 158 906 906 155 0 907 907 143 157 908 908 143 157 909 909 155 0 910 910 8 17 911 911 143 157 912 912 8 17 913 913 156 161 914 914 156 161 915 915 8 17 916 916 157 15 917 917 156 161 918 918 157 15 919 919 158 162 920 920 158 162 921 921 157 15 922 922 159 13 923 923 158 162 924 924 159 13 925 925 148 163 926 926 148 163 927 927 159 13 928 928 5 11 929 929 148 163 930 930 5 11 931 931 160 164 932 932 160 164 933 933 5 11 934 934 3 9 935 935 160 164 936 936 3 9 937 937 161 165 938 938 161 165 939 939 3 9 940 940 162 7 941 941 161 165 942 942 162 7 943 943 163 166 944 944 163 166 945 945 162 7 946 946 1 5 947 947 163 166 948 948 1 5 949 949 152 167 950 950 152 167 951 951 1 5 952 952 164 3 953 953 152 167 954 954 164 3 955 955 154 160 956 956 154 160 957 957 164 3 958 958 0 1 959 959 52 80 960 960 165 108 961 961 166 81 962 962 166 81 963 963 165 108 964 964 76 112 965 965 166 81 966 966 76 112 967 967 167 111 968 968 166 81 969 969 167 111 970 970 75 82 971 971</p>
        </triangles>
      </mesh>
    </geometry>
    <geometry id="unnamed_010-mesh" name="unnamed.010">
      <mesh>
        <source id="unnamed_010-mesh-positions">
          <float_array id="unnamed_010-mesh-positions-array" count="33">0.05284094 -0.1569463 1.046481 0.05563795 -0.1569463 1.037873 0.05284094 -0.1569463 1.029265 0.02634894 -0.1569463 1.037873 0.04551899 -0.1569463 1.051801 0.03646796 -0.1569463 1.023945 0.04551899 -0.1569463 1.023945 0.04099398 -0.1598593 1.037873 0.02914595 -0.1569463 1.029265 0.02914595 -0.1569463 1.046481 0.03646796 -0.1569463 1.051801</float_array>
          <technique_common>
            <accessor source="#unnamed_010-mesh-positions-array" count="11" stride="3">
              <param name="X" type="float"/>
              <param name="Y" type="float"/>
              <param name="Z" type="float"/>
            </accessor>
          </technique_common>
        </source>
        <source id="unnamed_010-mesh-normals">
          <float_array id="unnamed_010-mesh-normals-array" count="33">0.0602855 -0.9807854 -0.1855418 0.1578353 -0.9807842 -0.1146749 6.96111e-6 -1 7.97215e-7 0.1950981 -0.9807838 3.39916e-7 0.1578373 -0.9807838 0.1146755 -0.1578297 -0.980786 0.1146678 -0.1950852 -0.9807863 3.3696e-7 -0.1578276 -0.9807865 -0.1146672 0.06028789 -0.980785 0.1855431 -0.06028848 -0.980786 0.1855375 -0.06028616 -0.9807865 -0.1855361</float_array>
          <technique_common>
            <accessor source="#unnamed_010-mesh-normals-array" count="11" stride="3">
              <param name="X" type="float"/>
              <param name="Y" type="float"/>
              <param name="Z" type="float"/>
            </accessor>
          </technique_common>
        </source>
        <source id="unnamed_010-mesh-map-0">
          <float_array id="unnamed_010-mesh-map-0-array" count="60">0.2843 0.908 0.3063 0.9247 0.2707 0.9516 0.3147 0.9516 0.3063 0.9786 0.2707 0.9516 0.3147 0.9516 0.2707 0.9516 0.3063 0.9247 0.2707 0.9516 0.2351 0.9786 0.2267 0.9516 0.2707 0.9516 0.2267 0.9516 0.2351 0.9247 0.2707 0.9516 0.3063 0.9786 0.2843 0.9953 0.2707 0.9516 0.2843 0.9953 0.2571 0.9953 0.2571 0.908 0.2843 0.908 0.2707 0.9516 0.2351 0.9247 0.2571 0.908 0.2707 0.9516 0.2351 0.9786 0.2707 0.9516 0.2571 0.9953</float_array>
          <technique_common>
            <accessor source="#unnamed_010-mesh-map-0-array" count="30" stride="2">
              <param name="S" type="float"/>
              <param name="T" type="float"/>
            </accessor>
          </technique_common>
        </source>
        <source id="unnamed_010-mesh-colors-Col" name="Col">
          <float_array id="unnamed_010-mesh-colors-Col-array" count="120">1 1 1 1 1 1 1 1 1 1 1 1 1 1 1 1 1 1 1 1 1 1 1 1 1 1 1 1 1 1 1 1 1 1 1 1 1 1 1 1 1 1 1 1 1 1 1 1 1 1 1 1 1 1 1 1 1 1 1 1 1 1 1 1 1 1 1 1 1 1 1 1 1 1 1 1 1 1 1 1 1 1 1 1 1 1 1 1 1 1 1 1 1 1 1 1 1 1 1 1 1 1 1 1 1 1 1 1 1 1 1 1 1 1 1 1 1 1 1 1</float_array>
          <technique_common>
            <accessor source="#unnamed_010-mesh-colors-Col-array" count="30" stride="4">
              <param name="R" type="float"/>
              <param name="G" type="float"/>
              <param name="B" type="float"/>
              <param name="A" type="float"/>
            </accessor>
          </technique_common>
        </source>
        <vertices id="unnamed_010-mesh-vertices">
          <input semantic="POSITION" source="#unnamed_010-mesh-positions"/>
        </vertices>
        <triangles material="unnamed_004-material" count="10">
          <input semantic="VERTEX" source="#unnamed_010-mesh-vertices" offset="0"/>
          <input semantic="NORMAL" source="#unnamed_010-mesh-normals" offset="1"/>
          <input semantic="TEXCOORD" source="#unnamed_010-mesh-map-0" offset="2" set="0"/>
          <input semantic="COLOR" source="#unnamed_010-mesh-colors-Col" offset="3" set="0"/>
          <p>6 0 0 0 2 1 1 1 7 2 2 2 1 3 3 3 0 4 4 4 7 2 5 5 1 3 6 6 7 2 7 7 2 1 8 8 7 2 9 9 9 5 10 10 3 6 11 11 7 2 12 12 3 6 13 13 8 7 14 14 7 2 15 15 0 4 16 16 4 8 17 17 7 2 18 18 4 8 19 19 10 9 20 20 5 10 21 21 6 0 22 22 7 2 23 23 8 7 24 24 5 10 25 25 7 2 26 26 9 5 27 27 7 2 28 28 10 9 29 29</p>
        </triangles>
      </mesh>
    </geometry>
    <geometry id="unnamed_009-mesh" name="unnamed.009">
      <mesh>
        <source id="unnamed_009-mesh-positions">
          <float_array id="unnamed_009-mesh-positions-array" count="36">0.05915194 -0.1294013 1.075491 0.06541597 -0.1342193 1.084809 0.05434995 -0.1294013 1.07898 0.05924099 -0.1334063 1.088953 0.027637 -0.1294013 1.07898 0.02267199 -0.1339833 1.088223 0.02283495 -0.1294013 1.075491 0.01601696 -0.1343043 1.084654 0.03807896 -0.1294013 1.07898 0.03722494 -0.1344013 1.090538 0.04401499 -0.1294013 1.07898 0.04486894 -0.1344333 1.090584</float_array>
          <technique_common>
            <accessor source="#unnamed_009-mesh-positions-array" count="12" stride="3">
              <param name="X" type="float"/>
              <param name="Y" type="float"/>
              <param name="Z" type="float"/>
            </accessor>
          </technique_common>
        </source>
        <source id="unnamed_009-mesh-normals">
          <float_array id="unnamed_009-mesh-normals-array" count="36">-0.231927 -0.918869 -0.3192017 -0.2663996 -0.9278145 -0.2611353 -0.2487882 -0.9237424 -0.2912122 -0.2807859 -0.9303294 -0.2358956 0.2370714 -0.9150629 -0.3262777 0.224935 -0.9177252 -0.3273909 0.2308112 -0.9164549 -0.3268587 0.2201234 -0.9187391 -0.3278173 -0.001037061 -0.9175786 -0.3975532 0 -0.917801 -0.397041 -4.95856e-4 -0.9176949 -0.3972859 -0.001445591 -0.9174907 -0.3977546</float_array>
          <technique_common>
            <accessor source="#unnamed_009-mesh-normals-array" count="12" stride="3">
              <param name="X" type="float"/>
              <param name="Y" type="float"/>
              <param name="Z" type="float"/>
            </accessor>
          </technique_common>
        </source>
        <source id="unnamed_009-mesh-map-0">
          <float_array id="unnamed_009-mesh-map-0-array" count="36">0.1781 0.2553 0.1541 0.5574 0.1965 0.3684 0.1965 0.3684 0.1541 0.5574 0.1777999 0.6917 0.2988 0.3684 0.3178 0.6681 0.3171 0.2553 0.3171 0.2553 0.3178 0.6681 0.3432 0.5524 0.2621 0.7431 0.2588 0.3684 0.2361 0.3684 0.2621 0.7431 0.2361 0.3684 0.2328 0.7446</float_array>
          <technique_common>
            <accessor source="#unnamed_009-mesh-map-0-array" count="18" stride="2">
              <param name="S" type="float"/>
              <param name="T" type="float"/>
            </accessor>
          </technique_common>
        </source>
        <source id="unnamed_009-mesh-colors-Col" name="Col">
          <float_array id="unnamed_009-mesh-colors-Col-array" count="72">0 0 0 1 0 0 0 1 0 0 0 1 0 0 0 1 0 0 0 1 0 0 0 1 0 0 0 1 0 0 0 1 0 0 0 1 0 0 0 1 0 0 0 1 0 0 0 1 0 0 0 1 0 0 0 1 0 0 0 1 0 0 0 1 0 0 0 1 0 0 0 1</float_array>
          <technique_common>
            <accessor source="#unnamed_009-mesh-colors-Col-array" count="18" stride="4">
              <param name="R" type="float"/>
              <param name="G" type="float"/>
              <param name="B" type="float"/>
              <param name="A" type="float"/>
            </accessor>
          </technique_common>
        </source>
        <vertices id="unnamed_009-mesh-vertices">
          <input semantic="POSITION" source="#unnamed_009-mesh-positions"/>
        </vertices>
        <triangles material="unnamed_006-material" count="6">
          <input semantic="VERTEX" source="#unnamed_009-mesh-vertices" offset="0"/>
          <input semantic="NORMAL" source="#unnamed_009-mesh-normals" offset="1"/>
          <input semantic="TEXCOORD" source="#unnamed_009-mesh-map-0" offset="2" set="0"/>
          <input semantic="COLOR" source="#unnamed_009-mesh-colors-Col" offset="3" set="0"/>
          <p>0 0 0 0 1 1 1 1 2 2 2 2 2 2 3 3 1 1 4 4 3 3 5 5 4 4 6 6 5 5 7 7 6 6 8 8 6 6 9 9 5 5 10 10 7 7 11 11 9 8 12 12 8 9 13 13 10 10 14 14 9 8 15 15 10 10 16 16 11 11 17 17</p>
        </triangles>
      </mesh>
    </geometry>
    <geometry id="unnamed_008-mesh" name="unnamed.008">
      <mesh>
        <source id="unnamed_008-mesh-positions">
          <float_array id="unnamed_008-mesh-positions-array" count="93">-0.005765974 -0.1453103 1.037873 -0.02556997 -0.1561103 1.049079 -0.04099398 -0.1599023 1.037873 -0.04688495 -0.1561103 1.056005 -0.06005895 -0.1561103 1.037873 -0.056418 -0.1561103 1.026667 -0.03510195 -0.1561103 1.019741 -0.02556997 -0.1561103 1.026667 -0.02192795 -0.1561103 1.037873 -0.01249396 -0.1453103 1.017167 -0.03010797 -0.1453103 1.004369 -0.04688495 -0.1561103 1.019741 -0.07622098 -0.1453103 1.037873 -0.056418 -0.1561103 1.049079 -0.03510195 -0.1561103 1.056005 -0.03010797 -0.1453103 1.071377 -0.01249396 -0.1453103 1.05858 -0.02676999 -0.1291483 1.081648 -0.003756999 -0.1291483 1.064927 0.002659976 -0.1291483 1.037893 -0.003756999 -0.1291483 1.010819 -0.02676999 -0.1291483 0.9940979 -0.05188 -0.1453103 1.004369 -0.05521696 -0.1291483 0.9940979 -0.069494 -0.1453103 1.017167 -0.07823097 -0.1291483 1.010819 -0.08702099 -0.1291483 1.037873 -0.069494 -0.1453103 1.05858 -0.07823097 -0.1291483 1.064927 -0.05188 -0.1453103 1.071377 -0.05521696 -0.1291483 1.081648</float_array>
          <technique_common>
            <accessor source="#unnamed_008-mesh-positions-array" count="31" stride="3">
              <param name="X" type="float"/>
              <param name="Y" type="float"/>
              <param name="Z" type="float"/>
            </accessor>
          </technique_common>
        </source>
        <source id="unnamed_008-mesh-normals">
          <float_array id="unnamed_008-mesh-normals-array" count="93">0.5868992 -0.6882837 -0.4263978 0.7508487 -0.6604743 -3.37284e-5 0.4149158 -0.9098599 -1.30174e-6 0.5868974 -0.6882792 0.4264075 0.3356542 -0.9098667 0.2438828 -2.66725e-6 -1 6.94623e-7 0.1282283 -0.9098621 0.3945994 -0.1282091 -0.9098649 0.3945992 -0.335671 -0.9098638 0.2438709 -0.4149229 -0.9098567 4.29945e-6 -0.3356727 -0.9098618 -0.2438761 -0.1282109 -0.9098646 -0.3945993 0.1282249 -0.9098628 -0.3945987 0.3356615 -0.9098638 -0.2438837 0.2241773 -0.6882885 -0.6899301 -0.2241839 -0.6882848 -0.6899316 -0.5869079 -0.6882826 -0.4263874 -0.7254388 -0.6882867 -7.75955e-6 -0.5868956 -0.6882825 0.4264046 -0.2241769 -0.6882843 0.6899344 0.224166 -0.6882909 0.6899314 0.2569445 -0.5555848 0.7907624 0.689789 -0.5398484 0.4824467 0.8867265 -0.4622943 2.69146e-4 0.6898447 -0.5398023 -0.4824188 0.2569494 -0.5555942 -0.7907542 -0.2569406 -0.5555873 -0.7907619 -0.6726685 -0.5555937 -0.4887053 -0.831453 -0.5555951 -6.47433e-6 -0.6726772 -0.5555719 0.488718 -0.2569425 -0.5555815 0.7907653</float_array>
          <technique_common>
            <accessor source="#unnamed_008-mesh-normals-array" count="31" stride="3">
              <param name="X" type="float"/>
              <param name="Y" type="float"/>
              <param name="Z" type="float"/>
            </accessor>
          </technique_common>
        </source>
        <source id="unnamed_008-mesh-map-0">
          <float_array id="unnamed_008-mesh-map-0-array" count="300">0.4095 0.1348 0.4458 0.2493 0.3586 0.2493 0.3586 0.2493 0.4458 0.2493 0.4095 0.3638 0.3586 0.2493 0.4095 0.3638 0.3389 0.3112 0.3586 0.2493 0.3389 0.3112 0.2557 0.2493 0.2557 0.2493 0.3389 0.3112 0.2875 0.3495 0.2557 0.2493 0.2875 0.3495 0.2239 0.3495 0.2239 0.3495 0.1725 0.3112 0.2557 0.2493 0.2557 0.2493 0.1725 0.3112 0.1528 0.2493 0.2557 0.2493 0.1528 0.2493 0.1725 0.1873999 0.1725 0.1873999 0.2239 0.1491 0.2557 0.2493 0.2557 0.2493 0.2239 0.1491 0.2875 0.1491 0.2557 0.2493 0.2875 0.1491 0.3389 0.1873999 0.2557 0.2493 0.3389 0.1873999 0.3586 0.2493 0.3586 0.2493 0.3389 0.1873999 0.4095 0.1348 0.4095 0.1348 0.3389 0.1873999 0.2875 0.1491 0.4095 0.1348 0.2875 0.1491 0.3144 0.06410002 0.3144 0.06410002 0.2875 0.1491 0.2239 0.1491 0.3144 0.06410002 0.2239 0.1491 0.197 0.06410002 0.197 0.06410002 0.2239 0.1491 0.1725 0.1873999 0.197 0.06410002 0.1725 0.1873999 0.1019 0.1348 0.1019 0.1348 0.1725 0.1873999 0.1528 0.2493 0.1019 0.1348 0.1528 0.2493 0.06559997 0.2493 0.06559997 0.2493 0.1528 0.2493 0.1725 0.3112 0.06559997 0.2493 0.1725 0.3112 0.1019 0.3638 0.1019 0.3638 0.1725 0.3112 0.2239 0.3495 0.1019 0.3638 0.2239 0.3495 0.197 0.4345 0.197 0.4345 0.2239 0.3495 0.2875 0.3495 0.197 0.4345 0.2875 0.3495 0.3144 0.4345 0.3144 0.4345 0.2875 0.3495 0.3389 0.3112 0.3144 0.4345 0.3389 0.3112 0.4095 0.3638 0.3144 0.4345 0.4095 0.3638 0.3324 0.4913 0.3324 0.4913 0.4095 0.3638 0.4566 0.3988 0.4566 0.3988 0.4095 0.3638 0.4458 0.2493 0.4566 0.3988 0.4458 0.2493 0.4913 0.2494 0.4913 0.2494 0.4458 0.2493 0.4566 0.09979999 0.4566 0.09979999 0.4458 0.2493 0.4095 0.1348 0.4566 0.09979999 0.4095 0.1348 0.3324 0.007300019 0.3324 0.007300019 0.4095 0.1348 0.3144 0.06410002 0.3324 0.007300019 0.3144 0.06410002 0.197 0.06410002 0.3324 0.007300019 0.197 0.06410002 0.1789 0.007300019 0.1789 0.007300019 0.197 0.06410002 0.1019 0.1348 0.1789 0.007300019 0.1019 0.1348 0.05479997 0.09979999 0.05479997 0.09979999 0.1019 0.1348 0.06559997 0.2493 0.05479997 0.09979999 0.06559997 0.2493 0.007299959 0.2493 0.007299959 0.2493 0.06559997 0.2493 0.1019 0.3638 0.007299959 0.2493 0.1019 0.3638 0.05479997 0.3988 0.05479997 0.3988 0.1019 0.3638 0.197 0.4345 0.05479997 0.3988 0.197 0.4345 0.1789 0.4913 0.1789 0.4913 0.197 0.4345 0.3144 0.4345 0.1789 0.4913 0.3144 0.4345 0.3324 0.4913</float_array>
          <technique_common>
            <accessor source="#unnamed_008-mesh-map-0-array" count="150" stride="2">
              <param name="S" type="float"/>
              <param name="T" type="float"/>
            </accessor>
          </technique_common>
        </source>
        <source id="unnamed_008-mesh-colors-Col" name="Col">
          <float_array id="unnamed_008-mesh-colors-Col-array" count="600">0 0 0 1 0 0 0 1 0 0 0 1 0 0 0 1 0 0 0 1 0 0 0 1 0 0 0 1 0 0 0 1 0 0 0 1 0 0 0 1 0 0 0 1 0 0 0 1 0 0 0 1 0 0 0 1 0 0 0 1 0 0 0 1 0 0 0 1 0 0 0 1 0 0 0 1 0 0 0 1 0 0 0 1 0 0 0 1 0 0 0 1 0 0 0 1 0 0 0 1 0 0 0 1 0 0 0 1 0 0 0 1 0 0 0 1 0 0 0 1 0 0 0 1 0 0 0 1 0 0 0 1 0 0 0 1 0 0 0 1 0 0 0 1 0 0 0 1 0 0 0 1 0 0 0 1 0 0 0 1 0 0 0 1 0 0 0 1 0 0 0 1 0 0 0 1 0 0 0 1 0 0 0 1 0 0 0 1 0 0 0 1 0 0 0 1 0 0 0 1 0 0 0 1 0 0 0 1 0 0 0 1 0 0 0 1 0 0 0 1 0 0 0 1 0 0 0 1 0 0 0 1 0 0 0 1 0 0 0 1 0 0 0 1 0 0 0 1 0 0 0 1 0 0 0 1 0 0 0 1 0 0 0 1 0 0 0 1 0 0 0 1 0 0 0 1 0 0 0 1 0 0 0 1 0 0 0 1 0 0 0 1 0 0 0 1 0 0 0 1 0 0 0 1 0 0 0 1 0 0 0 1 0 0 0 1 0 0 0 1 0 0 0 1 0 0 0 1 0 0 0 1 0 0 0 1 0 0 0 1 0 0 0 1 0 0 0 1 0 0 0 1 0 0 0 1 0 0 0 1 0 0 0 1 0 0 0 1 0 0 0 1 0 0 0 1 0 0 0 1 0 0 0 1 0 0 0 1 0 0 0 1 0 0 0 1 0 0 0 1 0 0 0 1 0 0 0 1 0 0 0 1 0 0 0 1 0 0 0 1 0 0 0 1 0 0 0 1 0 0 0 1 0 0 0 1 0 0 0 1 0 0 0 1 0 0 0 1 0 0 0 1 0 0 0 1 0 0 0 1 0 0 0 1 0 0 0 1 0 0 0 1 0 0 0 1 0 0 0 1 0 0 0 1 0 0 0 1 0 0 0 1 0 0 0 1 0 0 0 1 0 0 0 1 0 0 0 1 0 0 0 1 0 0 0 1 0 0 0 1 0 0 0 1 0 0 0 1 0 0 0 1 0 0 0 1 0 0 0 1 0 0 0 1 0 0 0 1 0 0 0 1 0 0 0 1 0 0 0 1 0 0 0 1 0 0 0 1 0 0 0 1 0 0 0 1 0 0 0 1 0 0 0 1 0 0 0 1 0 0 0 1 0 0 0 1 0 0 0 1</float_array>
          <technique_common>
            <accessor source="#unnamed_008-mesh-colors-Col-array" count="150" stride="4">
              <param name="R" type="float"/>
              <param name="G" type="float"/>
              <param name="B" type="float"/>
              <param name="A" type="float"/>
            </accessor>
          </technique_common>
        </source>
        <vertices id="unnamed_008-mesh-vertices">
          <input semantic="POSITION" source="#unnamed_008-mesh-positions"/>
        </vertices>
        <triangles material="unnamed_005-material" count="50">
          <input semantic="VERTEX" source="#unnamed_008-mesh-vertices" offset="0"/>
          <input semantic="NORMAL" source="#unnamed_008-mesh-normals" offset="1"/>
          <input semantic="TEXCOORD" source="#unnamed_008-mesh-map-0" offset="2" set="0"/>
          <input semantic="COLOR" source="#unnamed_008-mesh-colors-Col" offset="3" set="0"/>
          <p>9 0 0 0 0 1 1 1 8 2 2 2 8 2 3 3 0 1 4 4 16 3 5 5 8 2 6 6 16 3 7 7 1 4 8 8 8 2 9 9 1 4 10 10 2 5 11 11 2 5 12 12 1 4 13 13 14 6 14 14 2 5 15 15 14 6 16 16 3 7 17 17 3 7 18 18 13 8 19 19 2 5 20 20 2 5 21 21 13 8 22 22 4 9 23 23 2 5 24 24 4 9 25 25 5 10 26 26 5 10 27 27 11 11 28 28 2 5 29 29 2 5 30 30 11 11 31 31 6 12 32 32 2 5 33 33 6 12 34 34 7 13 35 35 2 5 36 36 7 13 37 37 8 2 38 38 8 2 39 39 7 13 40 40 9 0 41 41 9 0 42 42 7 13 43 43 6 12 44 44 9 0 45 45 6 12 46 46 10 14 47 47 10 14 48 48 6 12 49 49 11 11 50 50 10 14 51 51 11 11 52 52 22 15 53 53 22 15 54 54 11 11 55 55 5 10 56 56 22 15 57 57 5 10 58 58 24 16 59 59 24 16 60 60 5 10 61 61 4 9 62 62 24 16 63 63 4 9 64 64 12 17 65 65 12 17 66 66 4 9 67 67 13 8 68 68 12 17 69 69 13 8 70 70 27 18 71 71 27 18 72 72 13 8 73 73 3 7 74 74 27 18 75 75 3 7 76 76 29 19 77 77 29 19 78 78 3 7 79 79 14 6 80 80 29 19 81 81 14 6 82 82 15 20 83 83 15 20 84 84 14 6 85 85 1 4 86 86 15 20 87 87 1 4 88 88 16 3 89 89 15 20 90 90 16 3 91 91 17 21 92 92 17 21 93 93 16 3 94 94 18 22 95 95 18 22 96 96 16 3 97 97 0 1 98 98 18 22 99 99 0 1 100 100 19 23 101 101 19 23 102 102 0 1 103 103 20 24 104 104 20 24 105 105 0 1 106 106 9 0 107 107 20 24 108 108 9 0 109 109 21 25 110 110 21 25 111 111 9 0 112 112 10 14 113 113 21 25 114 114 10 14 115 115 22 15 116 116 21 25 117 117 22 15 118 118 23 26 119 119 23 26 120 120 22 15 121 121 24 16 122 122 23 26 123 123 24 16 124 124 25 27 125 125 25 27 126 126 24 16 127 127 12 17 128 128 25 27 129 129 12 17 130 130 26 28 131 131 26 28 132 132 12 17 133 133 27 18 134 134 26 28 135 135 27 18 136 136 28 29 137 137 28 29 138 138 27 18 139 139 29 19 140 140 28 29 141 141 29 19 142 142 30 30 143 143 30 30 144 144 29 19 145 145 15 20 146 146 30 30 147 147 15 20 148 148 17 21 149 149</p>
        </triangles>
      </mesh>
    </geometry>
    <geometry id="unnamed_007-mesh" name="unnamed.007">
      <mesh>
        <source id="unnamed_007-mesh-positions">
          <float_array id="unnamed_007-mesh-positions-array" count="894">0.08102798 -0.1575343 0.967395 0.03709697 -0.1846972 0.950977 0.08443796 -0.1581903 0.9557109 0.08359295 -0.1546832 0.9464029 0.10728 -0.1150823 0.9559029 0.09372198 -0.1350982 0.9469 0 -0.1802502 0.9270709 0 -0.1869102 0.936088 0.036403 -0.1795843 0.938439 0 -0.1899812 0.947589 0 -0.1907253 0.9532659 0.03173995 -0.1820152 0.9626659 0.04297298 -0.1717143 0.9803589 0.04137998 -0.1632423 0.9875749 0.03222197 -0.1502233 0.994663 0 -0.1518782 0.9988499 0 -0.1370493 1.003926 -0.03222197 -0.1502233 0.994663 -0.04137998 -0.1632423 0.9875749 -0.04297298 -0.1717143 0.9803589 -0.036403 -0.1795843 0.938439 -0.03530895 -0.1754972 0.9267539 -0.06577897 -0.1596602 0.9327839 -0.08359295 -0.1546832 0.9464029 -0.09372198 -0.1350982 0.9469 -0.10728 -0.1150823 0.9559029 -0.1150529 -0.1089543 0.95638 -0.03709697 -0.1846972 0.950977 -0.08443796 -0.1581903 0.9557109 -0.116856 -0.1215133 0.9626809 -0.124355 -0.1036753 0.9586569 -0.03266495 -0.1465672 0.8915129 -0.064888 -0.1377462 0.8943299 -0.05368196 -0.1060862 0.868088 -0.09300798 -0.1241142 0.906799 -0.121018 -0.09151226 0.910286 -0.120227 -0.1082133 0.9287789 -0.136682 -0.09312427 0.950655 -0.119089 -0.1067093 0.9483599 0.09677696 -0.03047829 1.063187 0.1007069 -0.04671525 1.001402 0 0.06210565 1.003472 0 0.05338764 1.074928 -0.04767799 0.04908967 1.073723 -0.05121594 -0.1445783 1.006411 -0.06775599 -0.1445783 1.018429 -0.05547797 -0.1547203 1.02735 -0.05889695 -0.1547203 1.037873 -0.05547797 -0.1547203 1.048396 -0.04652595 -0.1547203 1.0549 -0.04099398 -0.1582813 1.037873 -0.03546094 -0.1547203 1.0549 -0.06775599 -0.1445783 1.057317 -0.07596099 -0.1294013 1.012468 -0.07407397 -0.1445783 1.037873 -0.07596099 -0.1294013 1.063278 -0.05121594 -0.1445783 1.069335 -0.03077095 -0.1445783 1.069335 -0.02651 -0.1547203 1.048396 -0.02309 -0.1547203 1.037873 -0.02651 -0.1547203 1.02735 -0.007912993 -0.1445783 1.037873 -0.01423096 -0.1445783 1.057317 -0.006025969 -0.1294013 1.063278 -0.01423096 -0.1445783 1.018429 -0.03077095 -0.1445783 1.006411 -0.03546094 -0.1547203 1.020846 -0.04652595 -0.1547203 1.020846 -0.006047964 -0.1294013 1.012499 0.08815199 0.02308166 1.065686 0.04767799 0.04908967 1.073723 0 0.03790366 1.101352 -0.04441899 0.03625261 1.098328 -0.08815199 0.02308166 1.065686 0.146651 0.004802703 0.949095 0.08004498 0.01825469 0.871104 0.06129699 0.08328372 0.879533 0.03530895 -0.1743822 0.8780359 0.03530895 -0.1754972 0.9267539 0 -0.1779662 0.8780359 -0.03530895 -0.1743822 0.8780359 -0.110528 0.008937656 1.126952 -0.11181 0.01016163 1.113245 -0.05617696 -0.01033228 1.107352 -0.05880397 0.002660632 1.142959 -0.07419699 0.005581617 1.149446 -0.09376597 0.00971961 1.142407 -0.108683 -0.006437301 1.115386 -0.08703297 -5.19331e-4 1.092581 0.04441899 0.03625261 1.098328 0.08703297 -5.19331e-4 1.092581 0.108683 -0.006437301 1.115386 0.09123897 -0.006269335 1.143202 0.07251399 -0.009888291 1.149057 0.06026995 -0.01233929 1.143988 0.05822598 0.004409611 1.105857 0.05880397 0.002660632 1.142959 0.11181 0.01016163 1.113245 0.07419699 0.005581617 1.149446 0.110528 0.008937656 1.126952 0.09376597 0.00971961 1.142407 0 -0.1562502 0.997478 0 -0.1737242 0.989436 0 -0.1844602 0.9817829 -0.03173995 -0.1820152 0.9626659 -0.1289899 -0.05972027 0.987353 -0.07094895 -0.1484622 0.987733 -0.027637 -0.1294013 0.9967669 0.107186 -0.1162883 0.9873159 0.124355 -0.1036753 0.9586569 0.120227 -0.1082133 0.9287789 0.05368196 -0.1060862 0.868088 0.03266495 -0.1465672 0.8915129 0 -0.1497913 0.8915129 0 -0.1599763 0.9042579 0.064888 -0.1377462 0.8943299 0.06843996 -0.1448813 0.9149149 0.09300798 -0.1241142 0.906799 0.119089 -0.1067093 0.9483599 0.1150529 -0.1089543 0.95638 0.116856 -0.1215133 0.9626809 0.116212 -0.1220983 0.9728489 0.07094895 -0.1484622 0.987733 -0.065912 -0.1417343 0.923812 -0.09209597 -0.1296452 0.9446769 0 -0.1693422 0.9223149 0 -0.1446883 0.9509419 0.04770195 -0.1371102 0.9551499 0.06470495 -0.1520792 0.9299759 0.086322 -0.06974625 0.932314 0.065912 -0.1417343 0.923812 0.03407198 -0.1542853 0.9135839 0 -0.1571013 0.9122129 -0.04054796 -0.05718725 0.894115 -0.086322 -0.06974625 0.932314 -0.08991396 -0.1197273 0.9621999 -0.04770195 -0.1371102 0.9551499 0.08991396 -0.1197273 0.9621999 0.04099398 -0.1582813 1.037873 0.05547797 -0.1547203 1.02735 0.05889695 -0.1547203 1.037873 0.05547797 -0.1547203 1.048396 0.04652595 -0.1547203 1.0549 0.03546094 -0.1547203 1.0549 0.02651 -0.1547203 1.048396 0.02651 -0.1547203 1.02735 0.03546094 -0.1547203 1.020846 0.03077095 -0.1445783 1.006411 0.04652595 -0.1547203 1.020846 0.06775599 -0.1445783 1.018429 0.06775599 -0.1445783 1.057317 0.02309 -0.1547203 1.037873 0.01423096 -0.1445783 1.018429 0.027637 -0.1294013 0.9967669 0.05121594 -0.1445783 1.006411 0.08421599 -0.1294013 1.037873 0.07407397 -0.1445783 1.037873 0.05434995 -0.1294013 1.07898 0.05121594 -0.1445783 1.069335 0.03077095 -0.1445783 1.069335 0.006025969 -0.1294013 1.063278 0.01423096 -0.1445783 1.057317 0.007912993 -0.1445783 1.037873 0.006047964 -0.1294013 1.012499 0 -0.1112183 0.922172 0.02553194 -0.1104363 0.9148549 0.04054796 -0.05718725 0.894115 0.02786999 -0.1063002 0.9213089 0.04748195 -0.04942727 0.916602 0 -0.1162022 0.9140089 0 -0.06211024 0.886337 -0.02553194 -0.1104363 0.9148549 -0.02786999 -0.1063002 0.9213089 -0.04748195 -0.04942727 0.916602 0 -0.05445724 0.927044 0.10589 -0.00453931 1.128676 0.08366596 -0.01041728 1.096411 0.05617696 -0.01033228 1.107352 0.04807597 -0.0419653 1.107263 0.039424 0.00498861 1.109892 0 0.007483661 1.112052 -0.04807597 -0.0419653 1.107263 -0.039424 0.00498861 1.109892 -0.05822598 0.004409611 1.105857 0.1289899 -0.05972027 0.987353 0.13419 -0.09524929 0.965911 0.136682 -0.09312427 0.950655 0.121018 -0.09151226 0.910286 0 -0.1142513 0.8663519 -0.08589696 -0.06571626 0.874132 -0.148182 -0.04313427 0.951201 -0.13419 -0.09524929 0.965911 -0.116212 -0.1220983 0.9728489 -0.107186 -0.1162883 0.9873159 -0.08102798 -0.1575343 0.967395 0.07596099 -0.1294013 1.012468 0.05434995 -0.1294013 0.9967669 0.04406499 -0.08736532 1.104109 0.04865795 -0.1220343 1.09098 -0.07948899 -0.1199943 1.075089 -0.09516996 -0.09850031 1.033732 -0.08986598 -0.1132933 1.060674 -0.04865795 -0.1220343 1.09098 -0.05434995 -0.1294013 1.07898 -0.01916998 -0.1190533 1.091722 -0.027637 -0.1294013 1.07898 0 -0.1195393 1.092275 0 -0.1294013 1.037892 0 -0.1273893 1.075295 0.027637 -0.1294013 1.07898 0.01916998 -0.1190533 1.091722 0.07948899 -0.1199943 1.075089 0.07596099 -0.1294013 1.063278 0.08986598 -0.1132933 1.060674 0.09187197 -0.1057683 0.9988659 0.09516996 -0.09850031 1.033732 0.08553797 -0.06846332 1.087503 0 -0.04192733 1.113447 0 -0.0903123 1.108246 -0.04406499 -0.08736532 1.104109 -0.082708 -0.00849229 1.129548 -0.06026995 -0.01233929 1.143988 -0.09123897 -0.006269335 1.143202 -0.07251399 -0.009888291 1.149057 0.112884 -0.1093363 0.9544819 0.09209597 -0.1296452 0.9446769 0.06577897 -0.1596602 0.9327839 0.03384494 -0.1683093 0.9225679 0.09046995 -0.1249372 0.9411189 0.09341996 -0.1257622 0.9355539 0.03551298 -0.1570522 0.905287 -0.03551298 -0.1570532 0.9052919 -0.03407198 -0.1542853 0.9135839 -0.06843996 -0.1448813 0.9149149 -0.09341996 -0.1257622 0.9355539 -0.09046995 -0.1249372 0.9411189 -0.112884 -0.1093363 0.9544819 -0.06470495 -0.1520792 0.9299759 -0.03384494 -0.1683093 0.9225679 0.09245395 0.01793867 1.001958 0.05288195 0.05220669 1.002944 -0.06307697 0.07716268 0.984951 -0.114059 0.04555165 0.983401 -0.122165 0.0557897 0.907884 -0.1410509 0.005046725 0.904474 0 0.04519468 0.869175 0 0.08876371 0.879364 0.06871497 0.1002287 0.917064 0.122165 0.0557897 0.907884 0.126419 0.05830669 0.953767 0.1314719 0.002130687 0.984861 -0.06129699 0.08328372 0.879533 -0.126419 0.05830669 0.953767 -0.06871497 0.1002287 0.917064 -0.068358 0.09789669 0.959105 0 0.1094657 0.916738 0 0.1056707 0.9592831 0.068358 0.09789669 0.959105 0.06307697 0.07716268 0.984951 0.114059 0.04555165 0.983401 0.148182 -0.04313427 0.951201 0.142753 -0.04441624 0.906127 0.1410509 0.005046725 0.904474 0.08589696 -0.06571626 0.874132 -0.08004498 0.01825469 0.871104 -0.01844495 -0.04423922 0.8580909 -0.142753 -0.04441624 0.906127 -0.146651 0.004802703 0.949095 -0.1314719 0.002130687 0.984861 -0.1007069 -0.04671525 1.001402 -0.09245395 0.01793867 1.001958 -0.05288195 0.05220669 1.002944 0 0.0856837 0.984717 0.082708 -0.00849229 1.129548 0.02074599 -0.04522722 0.781418 0 -0.0572732 0.781418 -0.02074599 -0.04522722 0.781418 -0.021133 -0.0143522 0.781418 0 -0.003996193 0.781418 0 -0.006303191 0.814357 0.021133 -0.0143522 0.781418 0.01881796 -0.01626819 0.814357 0.01846498 -0.04424524 0.814357 0 -0.05724024 0.814357 -0.01846498 -0.04424524 0.814357 -0.01876997 -0.01628023 0.858089 -0.01881796 -0.01626819 0.814357 0 -0.006268203 0.858078 0.01876997 -0.01628023 0.858089 0.01844495 -0.04423922 0.8580909 0 -0.05727422 0.858078 -0.10589 -0.00453931 1.128676 -0.08366596 -0.01041728 1.096411 -0.09677696 -0.03047829 1.063187 -0.08553797 -0.06846332 1.087503 -0.08421599 -0.1294013 1.037873 -0.09187197 -0.1057683 0.9988659 -0.05434995 -0.1294013 0.9967669</float_array>
          <technique_common>
            <accessor source="#unnamed_007-mesh-positions-array" count="298" stride="3">
              <param name="X" type="float"/>
              <param name="Y" type="float"/>
              <param name="Z" type="float"/>
            </accessor>
          </technique_common>
        </source>
        <source id="unnamed_007-mesh-normals">
          <float_array id="unnamed_007-mesh-normals-array" count="894">0.5397123 -0.7571428 0.3680292 0.3367618 -0.9410463 -0.03199189 0.6241384 -0.7782897 -0.06867736 0.3274829 -0.8729625 -0.3615128 0.6421341 -0.5730731 -0.509167 0.7874848 -0.471256 -0.3972223 0.7393509 -0.5417629 -0.3998166 0.4563418 -0.708378 -0.5384727 0.3292315 -0.9084968 -0.257372 0.7336682 -0.3214153 -0.5986846 0.5177407 -0.5364958 -0.6664209 0.4561457 -0.7995265 -0.3907538 -1.60601e-7 -0.9491389 -0.3148576 3.18279e-7 -0.9024876 -0.430716 1.45474e-6 -0.9773567 -0.2115982 1.21702e-6 -0.9982985 0.05831247 0.2816162 -0.9083839 0.3090814 0.3290394 -0.7755486 0.5387555 0.3653259 -0.527662 0.7668832 0.2101603 -0.5036078 0.8379808 0.1523253 -0.2699779 0.9507414 0 -0.3115988 0.9502139 0 -0.6113647 0.7913491 -0.1523253 -0.2699779 0.9507414 -0.2101603 -0.5036078 0.8379808 -0.3653257 -0.5276621 0.7668833 -0.3290387 -0.7755487 0.5387558 -0.5397125 -0.7571426 0.3680294 -0.2816156 -0.9083839 0.3090816 -0.3367616 -0.9410464 -0.03199189 -0.3274827 -0.8729625 -0.3615128 -0.4561451 -0.7995267 -0.3907541 -0.6421343 -0.5730729 -0.5091671 -0.5177417 -0.5364954 -0.6664205 -0.7336679 -0.3214155 -0.5986849 -0.7393524 -0.5417602 -0.3998174 -0.3292325 -0.9084962 -0.257373 -0.4563402 -0.7083783 -0.5384736 -0.7874844 -0.4712562 -0.3972228 -0.6241393 -0.778289 -0.06867706 -0.76973 -0.5421426 0.3370418 -0.6785191 -0.6982488 -0.2281678 -0.552573 -0.8314481 0.05794227 -0.486763 -0.8581154 0.1634011 -0.7107425 -0.677208 -0.1903536 -0.6166394 -0.6461813 -0.4496729 -0.4348703 -0.9003279 0.01725184 -0.4298639 -0.6632709 -0.6126083 -0.2047148 -0.9652655 -0.1623401 -0.1494207 -0.6743065 -0.7231764 1.40063e-5 -0.9861288 -0.1659827 0 -0.6908212 -0.7230257 0 -0.3760601 -0.9265953 -0.2860024 -0.3247054 -0.9015371 -0.7057561 -0.4193541 -0.5710084 -0.8675349 -0.4934056 -0.06272172 -0.8529551 -0.4297477 0.2962849 0.7139362 -0.674547 -0.1878336 0.7297227 -0.600068 0.3277548 0.9099575 0.4136891 -0.02896201 0.9845979 -0.01218748 0.174409 0.7938229 0.5664191 0.2213926 0.8165968 -0.02452051 0.5766876 0.6944968 0.3937189 0.6022123 0.3648959 0.8861885 0.2855187 0.3736304 0.7608767 0.5305348 0 0.8721882 0.4891705 0 0.9497328 0.3130615 -0.3648961 0.8861884 0.2855187 -0.3520364 0.7622988 0.5431123 -0.6983921 0.3787907 0.6072612 -0.793823 0.5664189 0.2213926 -0.8165969 -0.02452045 0.5766874 -0.9845979 -0.01218748 0.1744088 -0.9099575 0.413689 -0.02896225 -0.7297227 -0.600068 0.3277547 -0.7139358 -0.6745473 -0.1878343 -0.4403046 -0.8582962 0.2635518 0.05931711 -0.9118607 0.4061918 -0.2241805 -0.6882687 -0.6899488 -0.6402055 -0.6163778 -0.4584925 -0.5869026 -0.6882818 -0.426396 -0.3356937 -0.9098517 -0.2438844 -0.4149301 -0.9098533 -2.11997e-6 -2.83906e-6 -1 6.10578e-7 -0.3356904 -0.9098508 0.2438926 -0.1282227 -0.9098576 0.3946117 0.1282279 -0.9098587 0.3946073 0.33567 -0.9098592 0.2438893 0.2241838 -0.688284 0.6899325 -0.2241907 -0.6882815 0.6899327 -0.5869002 -0.6882798 0.4264026 -0.7254409 -0.6882846 -3.75466e-7 -0.8594869 -0.5111562 0.001307249 -0.6523107 -0.6341221 0.4151867 -0.2462042 -0.6900218 0.6806273 0.1279218 -0.7376618 0.6629412 0.4165791 -0.8699536 0.2638988 0.5868973 -0.6882864 0.4263959 0.4149255 -0.9098554 5.92604e-7 0.3356697 -0.9098595 -0.2438884 0.1282273 -0.9098587 -0.3946075 0.587356 -0.6876313 -0.4268211 0.7509354 -0.6603757 -2.32794e-4 -3.9583e-7 -0.9993638 0.03566604 -0.03817957 -0.998255 -0.04504793 0.2244615 -0.6881384 -0.6899875 -0.1282166 -0.9098588 -0.3946107 0.304746 0.6376302 0.707501 0 0.6345056 0.7729183 -0.3047461 0.6376302 0.707501 0.9739068 0.1793317 0.1390893 0.8270496 0.1614679 -0.5384395 0.7295516 0.5086547 -0.4571925 0.3311784 0.1296449 -0.9346192 0.2685099 0.5824401 -0.7672457 0 0.1971858 -0.9803662 -0.4159719 0.6292752 -0.6564908 0 0.9011375 -0.4335335 9.65734e-7 -0.1213799 -0.9926062 0.4159724 0.6292753 -0.6564905 0.5446598 0.006857633 -0.8386291 -0.5446578 0.006857633 -0.8386304 -0.73678 0.5497176 0.393657 -0.2678605 0.8213917 0.5035539 0.07455402 0.6366701 0.7675239 -0.7251579 0.6019799 -0.3343147 0.7139928 0.5322346 0.4549072 0.03252834 0.651161 0.7582423 0.09110671 -0.3634543 0.9271465 0.5452884 -0.6868676 0.480493 -0.04679614 -0.6324894 0.7731541 -0.4431842 -0.6057922 0.66076 -0.6825737 -0.5826459 0.4411541 -0.131366 0.164955 0.9775137 0 0.1871869 0.9823243 0.131366 0.164955 0.9775137 -0.03252846 0.651161 0.7582423 0.7251584 0.6019797 -0.3343137 0.73678 0.5497176 0.393657 0.6825738 -0.5826457 0.4411542 0.2678604 0.8213917 0.5035539 0.4431841 -0.6057921 0.66076 0.04679614 -0.6324894 0.7731542 -0.07455402 0.6366701 0.7675239 -0.5452887 -0.6868675 0.4804929 -0.7139927 0.5322349 0.4549072 -0.09110671 -0.3634542 0.9271466 2.41488e-7 -0.361638 0.9323187 4.35035e-7 -0.5152615 0.8570331 2.8448e-7 -0.835897 0.5488864 -0.6905159 -0.1017225 0.7161287 -0.5685884 -0.3846638 0.7271457 -0.7870415 -0.3911813 0.4770148 0.03817951 -0.998255 -0.04504781 -0.05931705 -0.9118607 0.4061918 0.4403046 -0.8582962 0.2635518 0.7870405 -0.3911817 0.4770162 0.5685875 -0.3846641 0.7271464 0.6905159 -0.1017225 0.7161287 0.7697296 -0.5421429 0.3370422 0.8529551 -0.4297476 0.2962849 0.6785195 -0.6982485 -0.2281675 0.8675351 -0.4934056 -0.06272172 0.5525721 -0.8314486 0.05794227 0.7107424 -0.6772081 -0.1903536 0.7057563 -0.419354 -0.5710082 0.6166394 -0.6461813 -0.4496729 0.2860024 -0.3247054 -0.9015371 0.4298702 -0.6632638 -0.6126114 0.1494024 -0.6742684 -0.7232157 0.2047072 -0.9652311 -0.1625549 0.4348717 -0.9003272 0.0172553 0.4867626 -0.8581156 0.163401 0.1519892 -0.5568759 0.8165713 0.1055485 -0.546548 0.8307496 0.7380006 -0.6703575 -0.07730442 0.1640044 0.2115146 -0.9635165 -0.1558384 0.3988642 -0.9036713 0.002875149 0.2756726 -0.9612474 -0.1801061 0.2914718 -0.9394712 0 0.295484 -0.9553477 -0.002875387 0.2756724 -0.9612473 0.180105 0.2914715 -0.9394714 0.1558398 0.3988646 -0.9036709 -0.1640046 0.2115145 -0.9635165 -0.7380011 -0.6703571 -0.07730388 -0.1519887 -0.5568759 0.8165713 -0.105548 -0.5465481 0.8307495 0.2071678 -0.6226047 0.7546158 -0.003497302 -0.5527789 0.8333207 2.23324e-5 -0.516453 0.8563156 7.9672e-7 -0.8823409 0.470611 -0.207168 -0.6226041 0.7546163 0.003516674 -0.5526538 0.8334035 -0.1399021 -0.9749676 -0.1728171 0 -0.999908 -0.01356607 0.1399015 -0.9749675 -0.1728173 -0.3356697 -0.9098595 -0.2438881 -0.1282275 -0.9098587 -0.3946076 2.8267e-6 -1 6.69287e-7 0.1282166 -0.9098588 -0.3946108 0.3356938 -0.9098518 -0.2438842 0.4149301 -0.9098533 -1.8993e-6 0.3356903 -0.9098506 0.2438932 0.1282227 -0.9098575 0.3946118 -0.1282279 -0.9098587 0.3946073 -0.3356701 -0.9098592 0.2438891 -0.4149255 -0.9098554 5.92604e-7 -0.5873563 -0.6876311 -0.4268209 -0.2244618 -0.6881383 -0.6899874 0.2241807 -0.6882686 -0.6899488 0.5869029 -0.6882817 -0.4263958 0.7254412 -0.6882843 -5.23608e-7 0.5868998 -0.68828 0.4264028 0.2241895 -0.6882817 0.689933 -0.2241834 -0.688284 0.6899326 -0.5868963 -0.688287 0.4263964 -0.7509356 -0.6603755 -2.32861e-4 0.6402055 -0.6163778 -0.4584926 0.8594871 -0.5111559 0.00130701 0.6523103 -0.6341224 0.4151868 0.2462036 -0.6900218 0.6806275 -0.1279219 -0.7376618 0.6629413 -0.416579 -0.8699537 0.263899 0.6322776 -0.4717496 0.6145546 1.01988e-6 -0.5565807 0.8307937 9.02241e-7 -0.9649528 -0.2624239 0.5158129 -0.8137201 -0.2679492 -0.6322781 -0.4717484 0.6145551 -0.5158146 -0.8137192 -0.2679487 0.1250681 -0.9915433 0.0346387 0.2545852 -0.08154338 0.9636063 0 -0.0492233 0.9987878 -0.2545849 -0.08154338 0.9636064 0.9834791 -0.06159871 0.1702192 0.8326386 -0.1450228 -0.5344918 0.4237539 -0.1452802 -0.8940505 0.5957945 -0.2849432 -0.7508904 0 -0.5851787 -0.8109044 -0.5957945 -0.2849432 -0.7508904 -0.4237538 -0.1452802 -0.8940506 -0.8326385 -0.1450228 -0.5344919 -0.983479 -0.06159877 0.1702192 0.9115989 -0.3214934 0.2561823 0.9851514 -0.1610566 0.05947893 0.7662878 -0.1397114 0.6271234 0.6271079 -0.5046612 0.5933405 0.2523126 -0.2287257 0.940225 0.172634 -0.6001208 0.7810587 0.03400129 -0.6133627 0.7890692 0 -0.2889294 0.9573505 -1.53292e-7 -0.6982514 0.7158527 -0.03400129 -0.6133627 0.7890691 -0.2523123 -0.2287257 0.940225 -0.172634 -0.6001206 0.7810587 -0.6271086 -0.5046606 0.5933403 -0.7662878 -0.1397114 0.6271236 -0.9115992 -0.321493 0.2561822 -0.9851514 -0.1610566 0.05947899 -2.48805e-7 -0.9671918 0.2540478 -0.1250682 -0.9915433 0.0346387 0.2469376 0.6270692 0.7387869 0 0.7060654 0.7081466 0 0.9308094 0.3655052 -0.2403076 0.6382699 0.7313439 -0.3293974 0.8774842 0.3485957 -0.5665529 0.4463938 0.6926403 -0.7798054 0.5914409 0.205186 -0.7314035 0.1284213 0.669744 -0.9739068 0.1793318 0.1390893 -0.7295513 0.508655 -0.4571927 -0.8270497 0.1614679 -0.5384395 -0.3311784 0.1296449 -0.9346193 -0.2685095 0.5824403 -0.7672458 0 0.6259444 -0.7798678 0.3601492 0.9109383 -0.2012067 0.7798054 0.5914409 0.205186 0.7314034 0.1284213 0.669744 0.5557623 0.4477171 0.7004839 0.3293976 0.8774841 0.3485957 0 0.9780704 -0.2082746 -0.3601489 0.9109383 -0.2012068 0.5502642 0.3351074 -0.7647957 0 0.673699 -0.7390059 -0.5502642 0.3351074 -0.7647957 0 -0.9999996 0.001001656 0.8715859 -0.4872601 0.05399751 0 -0.9997332 0.02310329 -0.8715859 -0.4872601 0.05399751 -0.8836962 -0.466511 0.03805959 -0.860336 0.5076361 0.04612845 -0.8496463 0.5208744 0.08240902 0 0.9990607 0.04333305 2.8002e-7 0.9975563 0.06986767 0.8496463 0.5208742 0.08240902 0.860336 0.507636 0.04612845 0.8836962 -0.466511 0.03805959</float_array>
          <technique_common>
            <accessor source="#unnamed_007-mesh-normals-array" count="298" stride="3">
              <param name="X" type="float"/>
              <param name="Y" type="float"/>
              <param name="Z" type="float"/>
            </accessor>
          </technique_common>
        </source>
        <source id="unnamed_007-mesh-map-0">
          <float_array id="unnamed_007-mesh-map-0-array" count="3528">0.1728 0.3344 0.0974 0.2911 0.1886 0.2922 0.1886 0.2922 0.0974 0.2911 0.1046 0.2394999 0.1886 0.2922 0.1046 0.2394999 0.2066 0.2541 0.1886 0.2922 0.2066 0.2541 0.2774 0.2888 0.2774 0.2888 0.2066 0.2541 0.2865 0.2787 0.2774 0.2888 0.2865 0.2787 0.3203 0.2778 0.3203 0.2778 0.2865 0.2787 0.3145 0.2727 0.3145 0.2727 0.2865 0.2787 0.2532 0.2479 0.2532 0.2479 0.2865 0.2787 0.2066 0.2541 0.2532 0.2479 0.2066 0.2541 0.1873 0.2143999 0.1873 0.2143999 0.2066 0.2541 0.105 0.1736 0.105 0.1736 0.2066 0.2541 0.1046 0.2394999 0.105 0.1736 0.1046 0.2394999 0.009599983 0.1743999 0.009599983 0.1743999 0.1046 0.2394999 0.009599983 0.2391999 0.009599983 0.2391999 0.1046 0.2394999 0.009599983 0.3035 0.009599983 0.3035 0.1046 0.2394999 0.0974 0.2911 0.009599983 0.3035 0.0974 0.2911 0.009599983 0.3249 0.009599983 0.3249 0.0974 0.2911 0.08679997 0.3294 0.08679997 0.3294 0.0974 0.2911 0.1728 0.3344 0.08679997 0.3294 0.1728 0.3344 0.1078 0.3661 0.1078 0.3661 0.1728 0.3344 0.1552 0.3888 0.1078 0.3661 0.1552 0.3888 0.09219998 0.3812 0.09219998 0.3812 0.1552 0.3888 0.09769999 0.4123 0.009599983 0.4249 0.09769999 0.4123 0.009599983 0.4525 0.009599983 0.4249 0.009599983 0.4525 0.09769999 0.4123 0.09219998 0.3812 0.09769999 0.4123 0.1552 0.3888 0.09219998 0.3812 0.1552 0.3888 0.1078 0.3661 0.1078 0.3661 0.1552 0.3888 0.1728 0.3344 0.1078 0.3661 0.1728 0.3344 0.08679997 0.3294 0.08679997 0.3294 0.1728 0.3344 0.0974 0.2911 0.08679997 0.3294 0.0974 0.2911 0.009599983 0.3249 0.009599983 0.3249 0.0974 0.2911 0.009599983 0.3035 0.009599983 0.3035 0.0974 0.2911 0.1046 0.2394999 0.009599983 0.3035 0.1046 0.2394999 0.009599983 0.2391999 0.009599983 0.2391999 0.1046 0.2394999 0.009599983 0.1743999 0.009599983 0.1743999 0.1046 0.2394999 0.105 0.1736 0.105 0.1736 0.1046 0.2394999 0.2066 0.2541 0.105 0.1736 0.2066 0.2541 0.1873 0.2143999 0.1873 0.2143999 0.2066 0.2541 0.2532 0.2479 0.2532 0.2479 0.2066 0.2541 0.2865 0.2787 0.2532 0.2479 0.2865 0.2787 0.3145 0.2727 0.3145 0.2727 0.2865 0.2787 0.3203 0.2778 0.3203 0.2778 0.2865 0.2787 0.2774 0.2888 0.2774 0.2888 0.2865 0.2787 0.2066 0.2541 0.2774 0.2888 0.2066 0.2541 0.1886 0.2922 0.1886 0.2922 0.2066 0.2541 0.1046 0.2394999 0.1886 0.2922 0.1046 0.2394999 0.0974 0.2911 0.0974 0.2911 0.1728 0.3344 0.1886 0.2922 0.1886 0.2922 0.1728 0.3344 0.2607 0.3273 0.1886 0.2922 0.2607 0.3273 0.2774 0.2888 0.2774 0.2888 0.2607 0.3273 0.3281 0.2904 0.2774 0.2888 0.3281 0.2904 0.3203 0.2778 0.3203 0.2778 0.3281 0.2904 0.3256 0.2491999 0.3203 0.2778 0.3256 0.2491999 0.3145 0.2727 0.3145 0.2727 0.3256 0.2491999 0.2498 0.1941999 0.2498 0.1941999 0.3256 0.2491999 0.285 0.1931999 0.2498 0.1941999 0.285 0.1931999 0.2233999 0.1427 0.2498 0.1941999 0.2233999 0.1427 0.1723 0.1499 0.1723 0.1499 0.2233999 0.1427 0.1564 0.1134999 0.1723 0.1499 0.1564 0.1134999 0.09549999 0.1263999 0.09549999 0.1263999 0.1564 0.1134999 0.09819996 0.09839999 0.09549999 0.1263999 0.09819996 0.09839999 0.009599983 0.1194 0.009599983 0.1194 0.09819996 0.09839999 0.009599983 0.09049999 0.009599983 0.04629999 0.009599983 0.09049999 0.09819996 0.09839999 0.009599983 0.04629999 0.09819996 0.09839999 0.1314 0.06330001 0.1314 0.06330001 0.09819996 0.09839999 0.1564 0.1134999 0.1314 0.06330001 0.1564 0.1134999 0.2233999 0.1427 0.1314 0.06330001 0.2233999 0.1427 0.2943 0.1489999 0.2943 0.1489999 0.2233999 0.1427 0.285 0.1931999 0.2943 0.1489999 0.285 0.1931999 0.3594 0.2481999 0.3594 0.2481999 0.285 0.1931999 0.3256 0.2491999 0.3594 0.2481999 0.3256 0.2491999 0.3281 0.2904 0.3594 0.2481999 0.3281 0.2904 0.3346 0.3023 0.3346 0.3023 0.3281 0.2904 0.2607 0.3273 0.5972 0.7047 0.5682 0.653 0.5468 0.6362 0.5468 0.6362 0.5682 0.653 0.5749 0.5174 0.5468 0.6362 0.5749 0.5174 0.5088 0.5312 0.5088 0.5312 0.5749 0.5174 0.5866 0.4123 0.5088 0.5312 0.5866 0.4123 0.5716 0.413 0.5088 0.5312 0.5716 0.413 0.4281 0.5424 0.4281 0.5424 0.5716 0.413 0.4714 0.4155 0.4281 0.5424 0.4714 0.4155 0.3461 0.4168 0.4281 0.5424 0.3461 0.4168 0.3461 0.5578 0.3461 0.5578 0.3461 0.4168 0.4281 0.5424 0.4281 0.5424 0.3461 0.4168 0.4714 0.4155 0.4281 0.5424 0.4714 0.4155 0.5716 0.413 0.4281 0.5424 0.5716 0.413 0.5088 0.5312 0.5088 0.5312 0.5716 0.413 0.5866 0.4123 0.5088 0.5312 0.5866 0.4123 0.5749 0.5174 0.5088 0.5312 0.5749 0.5174 0.5468 0.6362 0.5468 0.6362 0.5749 0.5174 0.5682 0.653 0.5468 0.6362 0.5682 0.653 0.5972 0.7047 0.07529997 0.9213 0.0708 0.9213 0.07429999 0.9183 0.07529997 0.9213 0.07429999 0.9183 0.07889997 0.9187 0.07889997 0.9187 0.07429999 0.9183 0.07629996 0.9168 0.07629996 0.9168 0.07429999 0.9183 0.07429999 0.9153 0.07629996 0.9168 0.07429999 0.9153 0.07449996 0.9144 0.07449996 0.9144 0.07429999 0.9153 0.07309997 0.9144 0.07449996 0.9144 0.07309997 0.9144 0.07429999 0.9135 0.07429999 0.9135 0.07309997 0.9144 0.07349997 0.9129 0.07349997 0.9129 0.07309997 0.9144 0.0726 0.9129 0.0726 0.9129 0.07309997 0.9144 0.07179999 0.9135 0.0726 0.9129 0.07179999 0.9135 0.07179999 0.9104 0.0726 0.9129 0.07179999 0.9104 0.07429999 0.9104 0.0726 0.9129 0.07429999 0.9104 0.07349997 0.9129 0.07349997 0.9129 0.07429999 0.9104 0.07629996 0.9119 0.07349997 0.9129 0.07629996 0.9119 0.07429999 0.9135 0.07429999 0.9135 0.07629996 0.9119 0.07709997 0.9144 0.07429999 0.9135 0.07709997 0.9144 0.07449996 0.9144 0.07449996 0.9144 0.07709997 0.9144 0.07629996 0.9168 0.07889997 0.9187 0.07629996 0.9168 0.07709997 0.9144 0.07889997 0.9187 0.07709997 0.9144 0.08019995 0.9144 0.08019995 0.9144 0.07709997 0.9144 0.07889997 0.91 0.07889997 0.91 0.07709997 0.9144 0.07629996 0.9119 0.07889997 0.91 0.07629996 0.9119 0.07529997 0.9074 0.07529997 0.9074 0.07629996 0.9119 0.07429999 0.9104 0.07529997 0.9074 0.07429999 0.9104 0.0708 0.9074 0.0708 0.9074 0.07429999 0.9104 0.07179999 0.9104 0.0708 0.9074 0.07179999 0.9104 0.0672 0.91 0.0672 0.91 0.07179999 0.9104 0.06979995 0.9119 0.06979995 0.9119 0.07179999 0.9104 0.07179999 0.9135 0.06979995 0.9119 0.07179999 0.9135 0.07159996 0.9144 0.07159996 0.9144 0.07179999 0.9135 0.07309997 0.9144 0.07159996 0.9144 0.07309997 0.9144 0.07179999 0.9153 0.07179999 0.9153 0.07309997 0.9144 0.0726 0.9158 0.07179999 0.9153 0.0726 0.9158 0.06979995 0.9168 0.07179999 0.9153 0.06979995 0.9168 0.07159996 0.9144 0.07159996 0.9144 0.06979995 0.9168 0.069 0.9144 0.07159996 0.9144 0.069 0.9144 0.06979995 0.9119 0.06979995 0.9119 0.069 0.9144 0.0672 0.91 0.06619995 0.9144 0.0672 0.91 0.069 0.9144 0.06619995 0.9144 0.069 0.9144 0.0672 0.9187 0.0672 0.9187 0.069 0.9144 0.06979995 0.9168 0.0672 0.9187 0.06979995 0.9168 0.07179999 0.9183 0.07179999 0.9183 0.06979995 0.9168 0.0726 0.9158 0.07179999 0.9183 0.0726 0.9158 0.07349997 0.9158 0.07349997 0.9158 0.0726 0.9158 0.07309997 0.9144 0.07349997 0.9158 0.07309997 0.9144 0.07429999 0.9153 0.07349997 0.9158 0.07429999 0.9153 0.07429999 0.9183 0.07349997 0.9158 0.07429999 0.9183 0.07179999 0.9183 0.07179999 0.9183 0.07429999 0.9183 0.0708 0.9213 0.07179999 0.9183 0.0708 0.9213 0.0672 0.9187 0.5468 0.6362 0.5088 0.5312 0.4281 0.5424 0.5468 0.6362 0.4281 0.5424 0.4249 0.6273 0.4249 0.6273 0.4281 0.5424 0.3461 0.5578 0.4249 0.6273 0.3461 0.5578 0.3461 0.626 0.3461 0.626 0.3461 0.5578 0.4249 0.6273 0.4249 0.6273 0.3461 0.5578 0.4281 0.5424 0.4249 0.6273 0.4281 0.5424 0.5468 0.6362 0.5468 0.6362 0.4281 0.5424 0.5088 0.5312 0.5123 0.3158 0.4638 0.3300001 0.4652 0.361 0.4652 0.361 0.4638 0.3300001 0.421 0.3679 0.4652 0.361 0.421 0.3679 0.4545 0.3786 0.4545 0.3786 0.421 0.3679 0.4169 0.3821 0.02489995 0.9744 0.137 0.9744 0.137 0.8349 0.137 0.8349 0.137 0.9744 0.02489995 0.9744 0.137 0.8349 0.02489995 0.9744 0.02489995 0.8349 0.02489995 0.8349 0.02489995 0.9744 0.02489995 0.9744 0.02489995 0.8349 0.02489995 0.9744 0.137 0.8349 0.137 0.8349 0.02489995 0.9744 0.137 0.9744 0.137 0.8349 0.137 0.9744 0.02489995 0.9744 0.137 0.8349 0.02489995 0.9744 0.02489995 0.8349 0.02489995 0.8349 0.02489995 0.9744 0.02489995 0.9744 0.02489995 0.8349 0.02489995 0.9744 0.137 0.8349 0.5676 0.7194 0.5466 0.7284 0.5279 0.7365 0.5676 0.7194 0.5279 0.7365 0.5587 0.6869 0.5587 0.6869 0.5279 0.7365 0.5034 0.7073 0.5587 0.6869 0.5034 0.7073 0.4849 0.676 0.4849 0.676 0.5034 0.7073 0.4815 0.7044 0.4815 0.7044 0.5034 0.7073 0.5049 0.7502 0.5049 0.7502 0.5034 0.7073 0.5279 0.7365 0.5049 0.7502 0.5279 0.7365 0.5336 0.7664 0.5336 0.7664 0.5279 0.7365 0.5466 0.7284 0.5336 0.7664 0.5466 0.7284 0.5707 0.7654 0.5707 0.7654 0.5466 0.7284 0.5908 0.741 0.5908 0.741 0.5466 0.7284 0.5676 0.7194 0.5908 0.741 0.5676 0.7194 0.5972 0.7047 0.5972 0.7047 0.5676 0.7194 0.5587 0.6869 0.5972 0.7047 0.5587 0.6869 0.5468 0.6362 0.5468 0.6362 0.5587 0.6869 0.4849 0.676 0.5468 0.6362 0.4849 0.676 0.4249 0.6273 0.4249 0.6273 0.4849 0.676 0.3972 0.6913 0.4249 0.6273 0.3972 0.6913 0.3461 0.626 0.3461 0.626 0.3972 0.6913 0.3444 0.6899 0.3461 0.626 0.3444 0.6899 0.3972 0.6913 0.3461 0.626 0.3972 0.6913 0.4249 0.6273 0.4249 0.6273 0.3972 0.6913 0.4849 0.676 0.4249 0.6273 0.4849 0.676 0.5468 0.6362 0.5468 0.6362 0.4849 0.676 0.5587 0.6869 0.5468 0.6362 0.5587 0.6869 0.5972 0.7047 0.5972 0.7047 0.5587 0.6869 0.5676 0.7194 0.5972 0.7047 0.5676 0.7194 0.5908 0.741 0.5908 0.741 0.5676 0.7194 0.5466 0.7284 0.5908 0.741 0.5466 0.7284 0.5707 0.7654 0.5707 0.7654 0.5466 0.7284 0.5336 0.7664 0.5336 0.7664 0.5466 0.7284 0.5279 0.7365 0.5336 0.7664 0.5279 0.7365 0.5049 0.7502 0.5049 0.7502 0.5279 0.7365 0.5034 0.7073 0.5049 0.7502 0.5034 0.7073 0.4815 0.7044 0.4815 0.7044 0.5034 0.7073 0.4849 0.676 0.4849 0.676 0.5034 0.7073 0.5587 0.6869 0.5587 0.6869 0.5034 0.7073 0.5279 0.7365 0.5587 0.6869 0.5279 0.7365 0.5676 0.7194 0.5676 0.7194 0.5279 0.7365 0.5466 0.7284 0.01139998 0.4126001 0.05949997 0.4066 0.01139998 0.4107 0.01139998 0.4107 0.05949997 0.4066 0.07539999 0.3963 0.01139998 0.4107 0.07539999 0.3963 0.01139998 0.399 0.01139998 0.399 0.07539999 0.3963 0.07809996 0.3858 0.01139998 0.399 0.07809996 0.3858 0.01139998 0.3879 0.01139998 0.3879 0.07809996 0.3858 0.05859994 0.3601 0.01139998 0.3879 0.05859994 0.3601 0.01139998 0.3465 0.01139998 0.3465 0.05859994 0.3601 0.01139998 0.3879 0.01139998 0.3879 0.05859994 0.3601 0.07809996 0.3858 0.01139998 0.3879 0.07809996 0.3858 0.01139998 0.399 0.01139998 0.399 0.07809996 0.3858 0.07539999 0.3963 0.01139998 0.399 0.07539999 0.3963 0.01139998 0.4107 0.01139998 0.4107 0.07539999 0.3963 0.05949997 0.4066 0.01139998 0.4107 0.05949997 0.4066 0.01139998 0.4126001 0.3133 0.4127 0.3535 0.3848 0.2579 0.3836 0.3133 0.4127 0.2579 0.3836 0.2577 0.4195 0.2577 0.4195 0.2579 0.3836 0.1552 0.3888 0.2577 0.4195 0.1552 0.3888 0.1504 0.422 0.1504 0.422 0.1552 0.3888 0.09769999 0.4123 0.1504 0.422 0.09769999 0.4123 0.09909999 0.4286 0.09909999 0.4286 0.09769999 0.4123 0.009599983 0.4525 0.09909999 0.4286 0.009599983 0.4525 0.04789996 0.4352 0.04789996 0.4352 0.009599983 0.4525 0.006499946 0.5147 0.04789996 0.4352 0.006499946 0.5147 0.009599983 0.4525 0.04789996 0.4352 0.009599983 0.4525 0.09909999 0.4286 0.09909999 0.4286 0.009599983 0.4525 0.09769999 0.4123 0.09909999 0.4286 0.09769999 0.4123 0.1504 0.422 0.1504 0.422 0.09769999 0.4123 0.1552 0.3888 0.1504 0.422 0.1552 0.3888 0.2577 0.4195 0.2577 0.4195 0.1552 0.3888 0.2579 0.3836 0.2577 0.4195 0.2579 0.3836 0.3133 0.4127 0.3133 0.4127 0.2579 0.3836 0.3535 0.3848 0.3535 0.3848 0.2579 0.3836 0.2607 0.3273 0.3535 0.3848 0.2607 0.3273 0.3346 0.3023 0.3346 0.3023 0.2607 0.3273 0.3281 0.2904 0.3346 0.3023 0.3281 0.2904 0.3594 0.2481999 0.3594 0.2481999 0.3281 0.2904 0.3256 0.2491999 0.3594 0.2481999 0.3256 0.2491999 0.285 0.1931999 0.3594 0.2481999 0.285 0.1931999 0.2943 0.1489999 0.2943 0.1489999 0.285 0.1931999 0.2233999 0.1427 0.2943 0.1489999 0.2233999 0.1427 0.1314 0.06330001 0.1314 0.06330001 0.2233999 0.1427 0.1564 0.1134999 0.1314 0.06330001 0.1564 0.1134999 0.09819996 0.09839999 0.1314 0.06330001 0.09819996 0.09839999 0.009599983 0.04629999 0.009599983 0.04629999 0.09819996 0.09839999 0.009599983 0.09049999 0.009599983 0.1194 0.009599983 0.09049999 0.09819996 0.09839999 0.009599983 0.1194 0.09819996 0.09839999 0.09549999 0.1263999 0.09549999 0.1263999 0.09819996 0.09839999 0.1564 0.1134999 0.09549999 0.1263999 0.1564 0.1134999 0.1723 0.1499 0.1723 0.1499 0.1564 0.1134999 0.2233999 0.1427 0.1723 0.1499 0.2233999 0.1427 0.2498 0.1941999 0.2498 0.1941999 0.2233999 0.1427 0.285 0.1931999 0.2498 0.1941999 0.285 0.1931999 0.3256 0.2491999 0.2498 0.1941999 0.3256 0.2491999 0.3145 0.2727 0.3145 0.2727 0.3256 0.2491999 0.3203 0.2778 0.3203 0.2778 0.3256 0.2491999 0.3281 0.2904 0.3203 0.2778 0.3281 0.2904 0.2774 0.2888 0.2774 0.2888 0.3281 0.2904 0.2607 0.3273 0.2774 0.2888 0.2607 0.3273 0.1886 0.2922 0.1886 0.2922 0.2607 0.3273 0.1728 0.3344 0.1728 0.3344 0.2607 0.3273 0.2579 0.3836 0.1728 0.3344 0.2579 0.3836 0.1552 0.3888 0.1669999 0.8889 0.1714 0.8859 0.1676999 0.8989 0.1669999 0.8889 0.1676999 0.8989 0.163 0.8918 0.163 0.8918 0.1676999 0.8989 0.1671 0.8881 0.163 0.8918 0.1671 0.8881 0.1667 0.8881 0.1667 0.8881 0.1671 0.8881 0.1747 0.8835 0.1667 0.8881 0.1747 0.8835 0.1716 0.8841 0.1716 0.8841 0.1747 0.8835 0.1772 0.8812 0.1772 0.8812 0.1747 0.8835 0.1833 0.8821 0.1772 0.8812 0.1833 0.8821 0.1833 0.881 0.1833 0.881 0.1833 0.8821 0.1772 0.8812 0.1772 0.8812 0.1833 0.8821 0.1747 0.8835 0.1772 0.8812 0.1747 0.8835 0.1716 0.8841 0.1716 0.8841 0.1747 0.8835 0.1667 0.8881 0.1667 0.8881 0.1747 0.8835 0.1671 0.8881 0.1667 0.8881 0.1671 0.8881 0.163 0.8918 0.163 0.8918 0.1671 0.8881 0.1676999 0.8989 0.163 0.8918 0.1676999 0.8989 0.1669999 0.8889 0.1669999 0.8889 0.1676999 0.8989 0.1714 0.8859 0.1714 0.8859 0.1676999 0.8989 0.1759999 0.9011 0.1714 0.8859 0.1759999 0.9011 0.1771 0.8837 0.1771 0.8837 0.1759999 0.9011 0.1833 0.8832 0.1833 0.8832 0.1759999 0.9011 0.1833 0.9002 0.1833 0.8832 0.1833 0.9002 0.1759999 0.9011 0.1833 0.8832 0.1759999 0.9011 0.1771 0.8837 0.1771 0.8837 0.1759999 0.9011 0.1714 0.8859 0.1714 0.8859 0.1759999 0.9011 0.1676999 0.8989 0.1676999 0.8989 0.1759999 0.9011 0.1747 0.9025 0.1676999 0.8989 0.1747 0.9025 0.1671 0.8881 0.1671 0.8881 0.1747 0.9025 0.1747 0.8835 0.1747 0.8835 0.1747 0.9025 0.1833 0.8821 0.1833 0.8821 0.1747 0.9025 0.1833 0.9016 0.1833 0.8821 0.1833 0.9016 0.1747 0.9025 0.1833 0.8821 0.1747 0.9025 0.1747 0.8835 0.1747 0.8835 0.1747 0.9025 0.1671 0.8881 0.1671 0.8881 0.1747 0.9025 0.1676999 0.8989 0.1676999 0.8989 0.1747 0.9025 0.1759999 0.9011 0.07179999 0.9153 0.0726 0.9158 0.07309997 0.9144 0.07309997 0.9144 0.0726 0.9158 0.07349997 0.9158 0.07309997 0.9144 0.07349997 0.9158 0.07429999 0.9153 0.07429999 0.9153 0.07449996 0.9144 0.07309997 0.9144 0.07309997 0.9144 0.07449996 0.9144 0.07429999 0.9135 0.07309997 0.9144 0.07429999 0.9135 0.07349997 0.9129 0.07349997 0.9129 0.0726 0.9129 0.07309997 0.9144 0.07309997 0.9144 0.0726 0.9129 0.07179999 0.9135 0.07309997 0.9144 0.07179999 0.9135 0.07159996 0.9144 0.07309997 0.9144 0.07159996 0.9144 0.07179999 0.9153 0.07179999 0.9153 0.07159996 0.9144 0.06979995 0.9168 0.07179999 0.9153 0.06979995 0.9168 0.0726 0.9158 0.0726 0.9158 0.06979995 0.9168 0.07179999 0.9183 0.0726 0.9158 0.07179999 0.9183 0.07349997 0.9158 0.07349997 0.9158 0.07179999 0.9183 0.07429999 0.9183 0.07349997 0.9158 0.07429999 0.9183 0.07429999 0.9153 0.07429999 0.9153 0.07429999 0.9183 0.07629996 0.9168 0.07429999 0.9153 0.07629996 0.9168 0.07449996 0.9144 0.07449996 0.9144 0.07629996 0.9168 0.07709997 0.9144 0.07449996 0.9144 0.07709997 0.9144 0.07429999 0.9135 0.07429999 0.9135 0.07709997 0.9144 0.07629996 0.9119 0.07429999 0.9135 0.07629996 0.9119 0.07349997 0.9129 0.07349997 0.9129 0.07629996 0.9119 0.07429999 0.9104 0.07349997 0.9129 0.07429999 0.9104 0.0726 0.9129 0.0726 0.9129 0.07429999 0.9104 0.07179999 0.9104 0.0726 0.9129 0.07179999 0.9104 0.07179999 0.9135 0.07179999 0.9135 0.07179999 0.9104 0.06979995 0.9119 0.07179999 0.9135 0.06979995 0.9119 0.07159996 0.9144 0.07159996 0.9144 0.06979995 0.9119 0.069 0.9144 0.07159996 0.9144 0.069 0.9144 0.06979995 0.9168 0.06979995 0.9168 0.069 0.9144 0.0672 0.9187 0.06979995 0.9168 0.0672 0.9187 0.07179999 0.9183 0.07179999 0.9183 0.0672 0.9187 0.0708 0.9213 0.07179999 0.9183 0.0708 0.9213 0.07429999 0.9183 0.07429999 0.9183 0.0708 0.9213 0.07529997 0.9213 0.07429999 0.9183 0.07529997 0.9213 0.07889997 0.9187 0.07429999 0.9183 0.07889997 0.9187 0.07629996 0.9168 0.07629996 0.9168 0.07889997 0.9187 0.07709997 0.9144 0.07709997 0.9144 0.07889997 0.9187 0.08019995 0.9144 0.07709997 0.9144 0.08019995 0.9144 0.07889997 0.91 0.07709997 0.9144 0.07889997 0.91 0.07629996 0.9119 0.07629996 0.9119 0.07889997 0.91 0.07529997 0.9074 0.07629996 0.9119 0.07529997 0.9074 0.07429999 0.9104 0.07429999 0.9104 0.07529997 0.9074 0.0708 0.9074 0.07429999 0.9104 0.0708 0.9074 0.07179999 0.9104 0.07179999 0.9104 0.0708 0.9074 0.0672 0.91 0.07179999 0.9104 0.0672 0.91 0.06979995 0.9119 0.06979995 0.9119 0.0672 0.91 0.069 0.9144 0.069 0.9144 0.0672 0.91 0.06619995 0.9144 0.069 0.9144 0.06619995 0.9144 0.0672 0.9187 0.1827999 0.9513 0.1597999 0.9483 0.1597999 0.9452 0.1827999 0.9513 0.1597999 0.9452 0.1809 0.9488 0.1809 0.9488 0.1597999 0.9452 0.1597999 0.9784 0.1809 0.9488 0.1597999 0.9784 0.1932 0.9814 0.1809 0.9488 0.1932 0.9814 0.1827999 0.9513 0.1827999 0.9513 0.1932 0.9814 0.1989 0.9861 0.1827999 0.9513 0.1989 0.9861 0.1597999 0.983 0.1827999 0.9513 0.1597999 0.983 0.1597999 0.9483 0.1597999 0.9483 0.1597999 0.983 0.1827999 0.9513 0.1597999 0.9483 0.1827999 0.9513 0.1597999 0.9452 0.1597999 0.9452 0.1827999 0.9513 0.1809 0.9488 0.1597999 0.9452 0.1809 0.9488 0.1597999 0.9784 0.1597999 0.9784 0.1809 0.9488 0.1932 0.9814 0.1932 0.9814 0.1809 0.9488 0.1827999 0.9513 0.1932 0.9814 0.1827999 0.9513 0.1989 0.9861 0.1989 0.9861 0.1827999 0.9513 0.1597999 0.983 0.3363 0.8611 0.3075 0.8928 0.335 0.8113 0.335 0.8113 0.3075 0.8928 0.2653 0.8224 0.335 0.8113 0.2653 0.8224 0.2766 0.7482 0.2766 0.7482 0.2653 0.8224 0.189 0.7891 0.2766 0.7482 0.189 0.7891 0.1565999 0.731 0.1565999 0.731 0.189 0.7891 0.1342999 0.7916 0.1565999 0.731 0.1342999 0.7916 0.007499992 0.7412 0.007499992 0.7412 0.1342999 0.7916 0.007499992 0.7985 0.007499992 0.7412 0.007499992 0.7985 0.1342999 0.7916 0.007499992 0.7412 0.1342999 0.7916 0.1565999 0.731 0.1565999 0.731 0.1342999 0.7916 0.189 0.7891 0.189 0.7891 0.1342999 0.7916 0.1945 0.8023 0.3535 0.3848 0.3346 0.3023 0.3981 0.2971 0.3981 0.2971 0.3346 0.3023 0.3594 0.2481999 0.3981 0.2971 0.3594 0.2481999 0.3668 0.1632 0.3668 0.1632 0.3594 0.2481999 0.2943 0.1489999 0.3668 0.1632 0.2943 0.1489999 0.2371 0.06010001 0.2371 0.06010001 0.2943 0.1489999 0.1314 0.06330001 0.2371 0.06010001 0.1314 0.06330001 0.05719995 0.0162 0.05719995 0.0162 0.1314 0.06330001 0.0108 0.01779997 0.0108 0.01779997 0.1314 0.06330001 0.009599983 0.04629999 0.0108 0.01779997 0.009599983 0.04629999 0.1314 0.06330001 0.0108 0.01779997 0.1314 0.06330001 0.05719995 0.0162 0.05719995 0.0162 0.1314 0.06330001 0.2371 0.06010001 0.2371 0.06010001 0.1314 0.06330001 0.2943 0.1489999 0.2371 0.06010001 0.2943 0.1489999 0.3668 0.1632 0.3668 0.1632 0.2943 0.1489999 0.3594 0.2481999 0.3668 0.1632 0.3594 0.2481999 0.3981 0.2971 0.3981 0.2971 0.3594 0.2481999 0.3346 0.3023 0.3981 0.2971 0.3346 0.3023 0.3535 0.3848 0.3535 0.3848 0.3346 0.3023 0.2607 0.3273 0.3535 0.3848 0.2607 0.3273 0.2579 0.3836 0.2579 0.3836 0.2607 0.3273 0.1728 0.3344 0.2579 0.3836 0.1728 0.3344 0.1552 0.3888 0.3029 0.4345 0.1935999 0.5158 0.2067 0.4799 0.3029 0.4345 0.2067 0.4799 0.2071 0.4593001 0.2023 0.5971 0.2728 0.5184 0.2039 0.6437 0.2023 0.5971 0.2039 0.6437 0.1765 0.6285 0.1765 0.6285 0.2039 0.6437 0.1134 0.6652 0.1765 0.6285 0.1134 0.6652 0.1309 0.6438 0.1309 0.6438 0.1134 0.6652 0.07019996 0.6368 0.07019996 0.6368 0.1134 0.6652 0.007499992 0.6803 0.07019996 0.6368 0.007499992 0.6803 0.007499992 0.6293 0.007499992 0.6293 0.007499992 0.6803 0.07019996 0.6368 0.07019996 0.6368 0.007499992 0.6803 0.1134 0.6652 0.07019996 0.6368 0.1134 0.6652 0.1309 0.6438 0.1309 0.6438 0.1134 0.6652 0.1765 0.6285 0.1765 0.6285 0.1134 0.6652 0.2039 0.6437 0.1765 0.6285 0.2039 0.6437 0.2023 0.5971 0.2023 0.5971 0.2039 0.6437 0.2728 0.5184 0.2023 0.5971 0.2728 0.5184 0.1935999 0.5158 0.2023 0.5971 0.1935999 0.5158 0.1636 0.5576 0.2023 0.5971 0.1636 0.5576 0.1765 0.6285 0.1765 0.6285 0.1636 0.5576 0.1147 0.5972 0.1765 0.6285 0.1147 0.5972 0.1309 0.6438 0.1309 0.6438 0.1147 0.5972 0.07019996 0.6368 0.07019996 0.6368 0.1147 0.5972 0.05189996 0.5854 0.07019996 0.6368 0.05189996 0.5854 0.007499992 0.6293 0.007499992 0.6293 0.05189996 0.5854 0.007499992 0.5988 0.007499992 0.5988 0.05189996 0.5854 0.02629995 0.5673 0.007499992 0.5988 0.02629995 0.5673 0.005399942 0.5294 0.005399942 0.5294 0.02629995 0.5673 0.007499992 0.5988 0.007499992 0.5988 0.02629995 0.5673 0.05189996 0.5854 0.007499992 0.5988 0.05189996 0.5854 0.007499992 0.6293 0.007499992 0.6293 0.05189996 0.5854 0.07019996 0.6368 0.07019996 0.6368 0.05189996 0.5854 0.1147 0.5972 0.07019996 0.6368 0.1147 0.5972 0.1309 0.6438 0.1309 0.6438 0.1147 0.5972 0.1765 0.6285 0.1765 0.6285 0.1147 0.5972 0.1636 0.5576 0.1765 0.6285 0.1636 0.5576 0.2023 0.5971 0.2023 0.5971 0.1636 0.5576 0.1935999 0.5158 0.2023 0.5971 0.1935999 0.5158 0.2728 0.5184 0.2728 0.5184 0.1935999 0.5158 0.3029 0.4345 0.2728 0.5184 0.3029 0.4345 0.3314 0.4427 0.2728 0.5184 0.3314 0.4427 0.2039 0.6437 0.2039 0.6437 0.3314 0.4427 0.3167 0.5836 0.2039 0.6437 0.3167 0.5836 0.2766 0.7482 0.2039 0.6437 0.2766 0.7482 0.1565999 0.731 0.2039 0.6437 0.1565999 0.731 0.1134 0.6652 0.1134 0.6652 0.1565999 0.731 0.007499992 0.7412 0.1134 0.6652 0.007499992 0.7412 0.007499992 0.6803 0.007499992 0.6803 0.007499992 0.7412 0.1134 0.6652 0.1134 0.6652 0.007499992 0.7412 0.1565999 0.731 0.1134 0.6652 0.1565999 0.731 0.2039 0.6437 0.2039 0.6437 0.1565999 0.731 0.2766 0.7482 0.2766 0.7482 0.1565999 0.731 0.189 0.7891 0.2766 0.7482 0.189 0.7891 0.2653 0.8224 0.2653 0.8224 0.189 0.7891 0.2287 0.8745 0.2653 0.8224 0.2287 0.8745 0.3075 0.8928 0.3075 0.8928 0.2287 0.8745 0.2528 0.8924 0.174 0.9135 0.1741999 0.9133 0.1741999 0.9133 0.1741999 0.9133 0.1741999 0.9133 0.1744 0.9132 0.1741999 0.9133 0.1744 0.9132 0.1744 0.9132 0.1744 0.9132 0.1744 0.9132 0.1747 0.9131 0.1747 0.9131 0.1744 0.9132 0.1747 0.9131 0.174 0.9135 0.1741999 0.9133 0.1741999 0.9132 0.1741999 0.9132 0.1741999 0.9133 0.1744 0.9131 0.1741999 0.9132 0.1744 0.9131 0.1744 0.913 0.1744 0.913 0.1744 0.9131 0.1747 0.913 0.1744 0.913 0.1747 0.913 0.1747 0.9129 0.1747 0.9129 0.1747 0.913 0.175 0.913 0.1747 0.9129 0.175 0.913 0.175 0.9129 0.175 0.9129 0.175 0.913 0.1747 0.9129 0.1747 0.9129 0.175 0.913 0.1747 0.913 0.1747 0.9129 0.1747 0.913 0.1744 0.913 0.1744 0.913 0.1747 0.913 0.1744 0.9131 0.1744 0.913 0.1744 0.9131 0.1741999 0.9132 0.1741999 0.9132 0.1744 0.9131 0.1741999 0.9133 0.1741999 0.9132 0.1741999 0.9133 0.174 0.9135 0.1741999 0.9133 0.174 0.9135 0.1741999 0.9133 0.1741999 0.9133 0.1741999 0.9133 0.1744 0.9132 0.1744 0.9132 0.1741999 0.9133 0.1744 0.9132 0.1744 0.9132 0.1744 0.9132 0.1747 0.9131 0.1744 0.9132 0.1747 0.9131 0.1747 0.9131 0.5817 0.3574 0.5803 0.3218 0.5507 0.3686 0.5817 0.3574 0.5507 0.3686 0.5505 0.3821 0.5505 0.3821 0.5507 0.3686 0.5134 0.3821 0.5505 0.3821 0.5134 0.3821 0.5507 0.3686 0.5507 0.3686 0.5134 0.3821 0.5122 0.3751 0.5507 0.3686 0.5122 0.3751 0.5512 0.3374 0.5512 0.3374 0.5122 0.3751 0.51 0.3473 0.5512 0.3374 0.51 0.3473 0.5554 0.3147 0.5554 0.3147 0.51 0.3473 0.5123 0.3158 0.5123 0.3158 0.51 0.3473 0.4652 0.361 0.5123 0.3158 0.4652 0.361 0.4638 0.3300001 0.4638 0.3300001 0.4652 0.361 0.421 0.3679 0.421 0.3679 0.4652 0.361 0.4545 0.3786 0.421 0.3679 0.4545 0.3786 0.4169 0.3821 0.4169 0.3821 0.4545 0.3786 0.452 0.3821 0.4169 0.3821 0.452 0.3821 0.4545 0.3786 0.4545 0.3786 0.452 0.3821 0.4784 0.3801 0.4545 0.3786 0.4784 0.3801 0.4652 0.361 0.4652 0.361 0.4784 0.3801 0.51 0.3473 0.4652 0.361 0.51 0.3473 0.5123 0.3158 0.5123 0.3158 0.51 0.3473 0.5554 0.3147 0.5512 0.3374 0.5554 0.3147 0.51 0.3473 0.5512 0.3374 0.51 0.3473 0.5122 0.3751 0.5122 0.3751 0.51 0.3473 0.4784 0.3801 0.5122 0.3751 0.4784 0.3801 0.4808 0.3821 0.4808 0.3821 0.4784 0.3801 0.452 0.3821 0.4808 0.3821 0.452 0.3821 0.4784 0.3801 0.4784 0.3801 0.452 0.3821 0.4545 0.3786 0.4784 0.3801 0.4545 0.3786 0.4652 0.361 0.4652 0.361 0.51 0.3473 0.4784 0.3801 0.4784 0.3801 0.51 0.3473 0.5122 0.3751 0.4784 0.3801 0.5122 0.3751 0.4808 0.3821 0.4808 0.3821 0.5122 0.3751 0.5134 0.3821 0.4808 0.3821 0.5134 0.3821 0.5122 0.3751 0.5122 0.3751 0.5134 0.3821 0.5507 0.3686 0.5122 0.3751 0.5507 0.3686 0.5512 0.3374 0.5512 0.3374 0.5507 0.3686 0.5803 0.3218 0.5512 0.3374 0.5803 0.3218 0.5554 0.3147 0.5554 0.3147 0.5803 0.3218 0.5795 0.3143 0.5554 0.3147 0.5795 0.3143 0.5673 0.2955 0.5554 0.3147 0.5673 0.2955 0.5123 0.3158 0.5123 0.3158 0.5673 0.2955 0.5217 0.2757 0.5123 0.3158 0.5217 0.2757 0.4581 0.282 0.5123 0.3158 0.4581 0.282 0.4638 0.3300001 0.4638 0.3300001 0.4581 0.282 0.4087 0.3388 0.4638 0.3300001 0.4087 0.3388 0.421 0.3679 0.421 0.3679 0.4087 0.3388 0.3765 0.3885 0.421 0.3679 0.3765 0.3885 0.3765 0.3882001 0.421 0.3679 0.3765 0.3882001 0.4169 0.3821 0.4169 0.3821 0.3765 0.3882001 0.3765 0.3821 0.4169 0.3821 0.3765 0.3821 0.3765 0.3882001 0.4169 0.3821 0.3765 0.3882001 0.421 0.3679 0.421 0.3679 0.3765 0.3882001 0.3765 0.3885 0.421 0.3679 0.3765 0.3885 0.4087 0.3388 0.421 0.3679 0.4087 0.3388 0.4638 0.3300001 0.4638 0.3300001 0.4087 0.3388 0.4581 0.282 0.4638 0.3300001 0.4581 0.282 0.5123 0.3158 0.5123 0.3158 0.4581 0.282 0.5217 0.2757 0.5123 0.3158 0.5217 0.2757 0.5673 0.2955 0.5123 0.3158 0.5673 0.2955 0.5554 0.3147 0.5554 0.3147 0.5673 0.2955 0.5795 0.3143 0.5554 0.3147 0.5795 0.3143 0.5803 0.3218 0.5554 0.3147 0.5803 0.3218 0.5512 0.3374 0.5512 0.3374 0.5803 0.3218 0.5817 0.3574 0.5512 0.3374 0.5817 0.3574 0.5507 0.3686 0.5507 0.3686 0.5817 0.3574 0.5505 0.3821 0.5505 0.3821 0.5817 0.3574 0.5824 0.3821 0.5505 0.3821 0.5824 0.3821 0.5817 0.3574 0.3075 0.8928 0.2528 0.8924 0.2287 0.8745 0.3075 0.8928 0.2287 0.8745 0.2653 0.8224 0.2653 0.8224 0.2287 0.8745 0.189 0.7891 0.189 0.7891 0.1945 0.8023 0.1342999 0.7916 0.2993 0.01579999 0.3219 0.01579999 0.2993 0.04680001 0.2993 0.01579999 0.2993 0.04680001 0.3219 0.01579999 0.3219 0.01579999 0.2993 0.04680001 0.3219 0.04680001 0.3219 0.01579999 0.3219 0.04680001 0.3555 0.04680001 0.3219 0.01579999 0.3555 0.04680001 0.3555 0.01579999 0.3555 0.01579999 0.3555 0.04680001 0.378 0.04680001 0.3555 0.01579999 0.378 0.04680001 0.378 0.01579999 0.378 0.01579999 0.378 0.04680001 0.3555 0.01579999 0.3555 0.01579999 0.378 0.04680001 0.3555 0.04680001 0.3555 0.01579999 0.3555 0.04680001 0.3219 0.01579999 0.3219 0.01579999 0.3555 0.04680001 0.3219 0.04680001 0.3219 0.01579999 0.3219 0.04680001 0.2993 0.04680001 0.2993 0.04680001 0.3219 0.04680001 0.2993 0.07499998 0.2993 0.04680001 0.2993 0.07499998 0.3219 0.04680001 0.3219 0.04680001 0.2993 0.07499998 0.3219 0.07499998 0.3219 0.04680001 0.3219 0.07499998 0.3555 0.07499998 0.3219 0.04680001 0.3555 0.07499998 0.3555 0.04680001 0.3555 0.04680001 0.3555 0.07499998 0.378 0.04680001 0.378 0.04680001 0.3555 0.07499998 0.378 0.07499998 0.378 0.04680001 0.378 0.07499998 0.3555 0.07499998 0.378 0.04680001 0.3555 0.07499998 0.3555 0.04680001 0.3555 0.04680001 0.3555 0.07499998 0.3219 0.04680001 0.3219 0.04680001 0.3555 0.07499998 0.3219 0.07499998 0.3219 0.04680001 0.3219 0.07499998 0.2993 0.07499998 0.3075 0.8928 0.3363 0.8611 0.335 0.8113 0.3075 0.8928 0.335 0.8113 0.2653 0.8224 0.2653 0.8224 0.335 0.8113 0.2766 0.7482 0.2766 0.7482 0.3167 0.5836 0.2039 0.6437 0.2039 0.6437 0.3167 0.5836 0.3314 0.4427 0.2039 0.6437 0.3314 0.4427 0.2728 0.5184 0.2728 0.5184 0.3314 0.4427 0.3029 0.4345 0.2728 0.5184 0.3029 0.4345 0.1935999 0.5158 0.1935999 0.5158 0.3029 0.4345 0.2067 0.4799 0.2067 0.4799 0.3029 0.4345 0.2071 0.4593001</float_array>
          <technique_common>
            <accessor source="#unnamed_007-mesh-map-0-array" count="1764" stride="2">
              <param name="S" type="float"/>
              <param name="T" type="float"/>
            </accessor>
          </technique_common>
        </source>
        <source id="unnamed_007-mesh-colors-Col" name="Col">
          <float_array id="unnamed_007-mesh-colors-Col-array" count="7056">0 0 0 1 0 0 0 1 0 0 0 1 0 0 0 1 0 0 0 1 0 0 0 1 0 0 0 1 0 0 0 1 0 0 0 1 0 0 0 1 0 0 0 1 0 0 0 1 0 0 0 1 0 0 0 1 0 0 0 1 0 0 0 1 0 0 0 1 0 0 0 1 0 0 0 1 0 0 0 1 0 0 0 1 0 0 0 1 0 0 0 1 0 0 0 1 0 0 0 1 0 0 0 1 0 0 0 1 0 0 0 1 0 0 0 1 0 0 0 1 0 0 0 1 0 0 0 1 0 0 0 1 0 0 0 1 0 0 0 1 0 0 0 1 0 0 0 1 0 0 0 1 0 0 0 1 0 0 0 1 0 0 0 1 0 0 0 1 0 0 0 1 0 0 0 1 0 0 0 1 0 0 0 1 0 0 0 1 0 0 0 1 0 0 0 1 0 0 0 1 0 0 0 1 0 0 0 1 0 0 0 1 0 0 0 1 0 0 0 1 0 0 0 1 0 0 0 1 0 0 0 1 0 0 0 1 0 0 0 1 0 0 0 1 0 0 0 1 0 0 0 1 0 0 0 1 0 0 0 1 0 0 0 1 0 0 0 1 0 0 0 1 0 0 0 1 0 0 0 1 0 0 0 1 0 0 0 1 0 0 0 1 0 0 0 1 0 0 0 1 0 0 0 1 0 0 0 1 0 0 0 1 0 0 0 1 0 0 0 1 0 0 0 1 0 0 0 1 0 0 0 1 0 0 0 1 0 0 0 1 0 0 0 1 0 0 0 1 0 0 0 1 0 0 0 1 0 0 0 1 0 0 0 1 0 0 0 1 0 0 0 1 0 0 0 1 0 0 0 1 0 0 0 1 0 0 0 1 0 0 0 1 0 0 0 1 0 0 0 1 0 0 0 1 0 0 0 1 0 0 0 1 0 0 0 1 0 0 0 1 0 0 0 1 0 0 0 1 0 0 0 1 0 0 0 1 0 0 0 1 0 0 0 1 0 0 0 1 0 0 0 1 0 0 0 1 0 0 0 1 0 0 0 1 0 0 0 1 0 0 0 1 0 0 0 1 0 0 0 1 0 0 0 1 0 0 0 1 0 0 0 1 0 0 0 1 0 0 0 1 0 0 0 1 0 0 0 1 0 0 0 1 0 0 0 1 0 0 0 1 0 0 0 1 0 0 0 1 0 0 0 1 0 0 0 1 0 0 0 1 0 0 0 1 0 0 0 1 0 0 0 1 0 0 0 1 0 0 0 1 0 0 0 1 0 0 0 1 0 0 0 1 0 0 0 1 0 0 0 1 0 0 0 1 0 0 0 1 0 0 0 1 0 0 0 1 0 0 0 1 0 0 0 1 0 0 0 1 0 0 0 1 0 0 0 1 0 0 0 1 0 0 0 1 0 0 0 1 0 0 0 1 0 0 0 1 0 0 0 1 0 0 0 1 0 0 0 1 0 0 0 1 0 0 0 1 0 0 0 1 0 0 0 1 0 0 0 1 0 0 0 1 0 0 0 1 0 0 0 1 0 0 0 1 0 0 0 1 0 0 0 1 0 0 0 1 0 0 0 1 0 0 0 1 0 0 0 1 0 0 0 1 0 0 0 1 0 0 0 1 0 0 0 1 0 0 0 1 0 0 0 1 0 0 0 1 0 0 0 1 0 0 0 1 0 0 0 1 0 0 0 1 0 0 0 1 0 0 0 1 0 0 0 1 0 0 0 1 0 0 0 1 0 0 0 1 0 0 0 1 0 0 0 1 0 0 0 1 0 0 0 1 0 0 0 1 0 0 0 1 0 0 0 1 0 0 0 1 0 0 0 1 0 0 0 1 0 0 0 1 0 0 0 1 0 0 0 1 0 0 0 1 0 0 0 1 0 0 0 1 0 0 0 1 0 0 0 1 0 0 0 1 0 0 0 1 0 0 0 1 0 0 0 1 0 0 0 1 0 0 0 1 0 0 0 1 0 0 0 1 0 0 0 1 0 0 0 1 0 0 0 1 0 0 0 1 0 0 0 1 0 0 0 1 0 0 0 1 0 0 0 1 0 0 0 1 0 0 0 1 0 0 0 1 0 0 0 1 0 0 0 1 0 0 0 1 0 0 0 1 0 0 0 1 0 0 0 1 0 0 0 1 0 0 0 1 0 0 0 1 0 0 0 1 0 0 0 1 0 0 0 1 0 0 0 1 0 0 0 1 0 0 0 1 0 0 0 1 0 0 0 1 0 0 0 1 0 0 0 1 0 0 0 1 0 0 0 1 0 0 0 1 0 0 0 1 0 0 0 1 0 0 0 1 0 0 0 1 0 0 0 1 0 0 0 1 0 0 0 1 0 0 0 1 0 0 0 1 0 0 0 1 0 0 0 1 0 0 0 1 0 0 0 1 0 0 0 1 0 0 0 1 0 0 0 1 0 0 0 1 0 0 0 1 0 0 0 1 0 0 0 1 0 0 0 1 0 0 0 1 0 0 0 1 0 0 0 1 0 0 0 1 0 0 0 1 0 0 0 1 0 0 0 1 0 0 0 1 0 0 0 1 0 0 0 1 0 0 0 1 0 0 0 1 0 0 0 1 0 0 0 1 0 0 0 1 0 0 0 1 0 0 0 1 0 0 0 1 0 0 0 1 0 0 0 1 0 0 0 1 0 0 0 1 0 0 0 1 0 0 0 1 0 0 0 1 0 0 0 1 0 0 0 1 0 0 0 1 0 0 0 1 0 0 0 1 0 0 0 1 0 0 0 1 0 0 0 1 0 0 0 1 0 0 0 1 0 0 0 1 0 0 0 1 0 0 0 1 0 0 0 1 0 0 0 1 0 0 0 1 0 0 0 1 0 0 0 1 0 0 0 1 0 0 0 1 0 0 0 1 0 0 0 1 0 0 0 1 0 0 0 1 0 0 0 1 0 0 0 1 0 0 0 1 0 0 0 1 0 0 0 1 0 0 0 1 0 0 0 1 0 0 0 1 0 0 0 1 0 0 0 1 0 0 0 1 0 0 0 1 0 0 0 1 0 0 0 1 0 0 0 1 0 0 0 1 0 0 0 1 0 0 0 1 0 0 0 1 0 0 0 1 0 0 0 1 0 0 0 1 0 0 0 1 0 0 0 1 0 0 0 1 0 0 0 1 0 0 0 1 0 0 0 1 0 0 0 1 0 0 0 1 0 0 0 1 0 0 0 1 0 0 0 1 0 0 0 1 0 0 0 1 0 0 0 1 0 0 0 1 0 0 0 1 0 0 0 1 0 0 0 1 0 0 0 1 0 0 0 1 0 0 0 1 0 0 0 1 0 0 0 1 0 0 0 1 0 0 0 1 0 0 0 1 0 0 0 1 0 0 0 1 0 0 0 1 0 0 0 1 0 0 0 1 0 0 0 1 0 0 0 1 0 0 0 1 0 0 0 1 0 0 0 1 0 0 0 1 0 0 0 1 0 0 0 1 0 0 0 1 0 0 0 1 0 0 0 1 0 0 0 1 0 0 0 1 0 0 0 1 0 0 0 1 0 0 0 1 0 0 0 1 0 0 0 1 0 0 0 1 0 0 0 1 0 0 0 1 0 0 0 1 0 0 0 1 0 0 0 1 0 0 0 1 0 0 0 1 0 0 0 1 0 0 0 1 0 0 0 1 0 0 0 1 0 0 0 1 0 0 0 1 0 0 0 1 0 0 0 1 0 0 0 1 0 0 0 1 0 0 0 1 0 0 0 1 0 0 0 1 0 0 0 1 0 0 0 1 0 0 0 1 0 0 0 1 0 0 0 1 0 0 0 1 0 0 0 1 0 0 0 1 0 0 0 1 0 0 0 1 0 0 0 1 0 0 0 1 0 0 0 1 0 0 0 1 0 0 0 1 0 0 0 1 0 0 0 1 0 0 0 1 0 0 0 1 0 0 0 1 0 0 0 1 0 0 0 1 0 0 0 1 0 0 0 1 0 0 0 1 0 0 0 1 0 0 0 1 0 0 0 1 0 0 0 1 0 0 0 1 0 0 0 1 0 0 0 1 0 0 0 1 0 0 0 1 0 0 0 1 0 0 0 1 0 0 0 1 0 0 0 1 0 0 0 1 0 0 0 1 0 0 0 1 0 0 0 1 0 0 0 1 0 0 0 1 0 0 0 1 0 0 0 1 0 0 0 1 0 0 0 1 0 0 0 1 0 0 0 1 0 0 0 1 0 0 0 1 0 0 0 1 0 0 0 1 0 0 0 1 0 0 0 1 0 0 0 1 0 0 0 1 0 0 0 1 0 0 0 1 0 0 0 1 0 0 0 1 0 0 0 1 0 0 0 1 0 0 0 1 0 0 0 1 0 0 0 1 0 0 0 1 0 0 0 1 0 0 0 1 0 0 0 1 0 0 0 1 0 0 0 1 0 0 0 1 0 0 0 1 0 0 0 1 0 0 0 1 0 0 0 1 0 0 0 1 0 0 0 1 0 0 0 1 0 0 0 1 0 0 0 1 0 0 0 1 0 0 0 1 0 0 0 1 0 0 0 1 0 0 0 1 0 0 0 1 0 0 0 1 0 0 0 1 0 0 0 1 0 0 0 1 0 0 0 1 0 0 0 1 0 0 0 1 0 0 0 1 0 0 0 1 0 0 0 1 0 0 0 1 0 0 0 1 0 0 0 1 0 0 0 1 0 0 0 1 0 0 0 1 0 0 0 1 0 0 0 1 0 0 0 1 0 0 0 1 0 0 0 1 0 0 0 1 0 0 0 1 0 0 0 1 0 0 0 1 0 0 0 1 0 0 0 1 0 0 0 1 0 0 0 1 0 0 0 1 0 0 0 1 0 0 0 1 0 0 0 1 0 0 0 1 0 0 0 1 0 0 0 1 0 0 0 1 0 0 0 1 0 0 0 1 0 0 0 1 0 0 0 1 0 0 0 1 0 0 0 1 0 0 0 1 0 0 0 1 0 0 0 1 0 0 0 1 0 0 0 1 0 0 0 1 0 0 0 1 0 0 0 1 0 0 0 1 0 0 0 1 0 0 0 1 0 0 0 1 0 0 0 1 0 0 0 1 0 0 0 1 0 0 0 1 0 0 0 1 0 0 0 1 0 0 0 1 0 0 0 1 0 0 0 1 0 0 0 1 0 0 0 1 0 0 0 1 0 0 0 1 0 0 0 1 0 0 0 1 0 0 0 1 0 0 0 1 0 0 0 1 0 0 0 1 0 0 0 1 0 0 0 1 0 0 0 1 0 0 0 1 0 0 0 1 0 0 0 1 0 0 0 1 0 0 0 1 0 0 0 1 0 0 0 1 0 0 0 1 0 0 0 1 0 0 0 1 0 0 0 1 0 0 0 1 0 0 0 1 0 0 0 1 0 0 0 1 0 0 0 1 0 0 0 1 0 0 0 1 0 0 0 1 0 0 0 1 0 0 0 1 0 0 0 1 0 0 0 1 0 0 0 1 0 0 0 1 0 0 0 1 0 0 0 1 0 0 0 1 0 0 0 1 0 0 0 1 0 0 0 1 0 0 0 1 0 0 0 1 0 0 0 1 0 0 0 1 0 0 0 1 0 0 0 1 0 0 0 1 0 0 0 1 0 0 0 1 0 0 0 1 0 0 0 1 0 0 0 1 0 0 0 1 0 0 0 1 0 0 0 1 0 0 0 1 0 0 0 1 0 0 0 1 0 0 0 1 0 0 0 1 0 0 0 1 0 0 0 1 0 0 0 1 0 0 0 1 0 0 0 1 0 0 0 1 0 0 0 1 0 0 0 1 0 0 0 1 0 0 0 1 0 0 0 1 0 0 0 1 0 0 0 1 0 0 0 1 0 0 0 1 0 0 0 1 0 0 0 1 0 0 0 1 0 0 0 1 0 0 0 1 0 0 0 1 0 0 0 1 0 0 0 1 0 0 0 1 0 0 0 1 0 0 0 1 0 0 0 1 0 0 0 1 0 0 0 1 0 0 0 1 0 0 0 1 0 0 0 1 0 0 0 1 0 0 0 1 0 0 0 1 0 0 0 1 0 0 0 1 0 0 0 1 0 0 0 1 0 0 0 1 0 0 0 1 0 0 0 1 0 0 0 1 0 0 0 1 0 0 0 1 0 0 0 1 0 0 0 1 0 0 0 1 0 0 0 1 0 0 0 1 0 0 0 1 0 0 0 1 0 0 0 1 0 0 0 1 0 0 0 1 0 0 0 1 0 0 0 1 0 0 0 1 0 0 0 1 0 0 0 1 0 0 0 1 0 0 0 1 0 0 0 1 0 0 0 1 0 0 0 1 0 0 0 1 0 0 0 1 0 0 0 1 0 0 0 1 0 0 0 1 0 0 0 1 0 0 0 1 0 0 0 1 0 0 0 1 0 0 0 1 0 0 0 1 0 0 0 1 0 0 0 1 0 0 0 1 0 0 0 1 0 0 0 1 0 0 0 1 0 0 0 1 0 0 0 1 0 0 0 1 0 0 0 1 0 0 0 1 0 0 0 1 0 0 0 1 0 0 0 1 0 0 0 1 0 0 0 1 0 0 0 1 0 0 0 1 0 0 0 1 0 0 0 1 0 0 0 1 0 0 0 1 0 0 0 1 0 0 0 1 0 0 0 1 0 0 0 1 0 0 0 1 0 0 0 1 0 0 0 1 0 0 0 1 0 0 0 1 0 0 0 1 0 0 0 1 0 0 0 1 0 0 0 1 0 0 0 1 0 0 0 1 0 0 0 1 0 0 0 1 0 0 0 1 0 0 0 1 0 0 0 1 0 0 0 1 0 0 0 1 0 0 0 1 0 0 0 1 0 0 0 1 0 0 0 1 0 0 0 1 0 0 0 1 0 0 0 1 0 0 0 1 0 0 0 1 0 0 0 1 0 0 0 1 0 0 0 1 0 0 0 1 0 0 0 1 0 0 0 1 0 0 0 1 0 0 0 1 0 0 0 1 0 0 0 1 0 0 0 1 0 0 0 1 0 0 0 1 0 0 0 1 0 0 0 1 0 0 0 1 0 0 0 1 0 0 0 1 0 0 0 1 0 0 0 1 0 0 0 1 0 0 0 1 0 0 0 1 0 0 0 1 0 0 0 1 0 0 0 1 0 0 0 1 0 0 0 1 0 0 0 1 0 0 0 1 0 0 0 1 0 0 0 1 0 0 0 1 0 0 0 1 0 0 0 1 0 0 0 1 0 0 0 1 0 0 0 1 0 0 0 1 0 0 0 1 0 0 0 1 0 0 0 1 0 0 0 1 0 0 0 1 0 0 0 1 0 0 0 1 0 0 0 1 0 0 0 1 0 0 0 1 0 0 0 1 0 0 0 1 0 0 0 1 0 0 0 1 0 0 0 1 0 0 0 1 0 0 0 1 0 0 0 1 0 0 0 1 0 0 0 1 0 0 0 1 0 0 0 1 0 0 0 1 0 0 0 1 0 0 0 1 0 0 0 1 0 0 0 1 0 0 0 1 0 0 0 1 0 0 0 1 0 0 0 1 0 0 0 1 0 0 0 1 0 0 0 1 0 0 0 1 0 0 0 1 0 0 0 1 0 0 0 1 0 0 0 1 0 0 0 1 0 0 0 1 0 0 0 1 0 0 0 1 0 0 0 1 0 0 0 1 0 0 0 1 0 0 0 1 0 0 0 1 0 0 0 1 0 0 0 1 0 0 0 1 0 0 0 1 0 0 0 1 0 0 0 1 0 0 0 1 0 0 0 1 0 0 0 1 0 0 0 1 0 0 0 1 0 0 0 1 0 0 0 1 0 0 0 1 0 0 0 1 0 0 0 1 0 0 0 1 0 0 0 1 0 0 0 1 0 0 0 1 0 0 0 1 0 0 0 1 0 0 0 1 0 0 0 1 0 0 0 1 0 0 0 1 0 0 0 1 0 0 0 1 0 0 0 1 0 0 0 1 0 0 0 1 0 0 0 1 0 0 0 1 0 0 0 1 0 0 0 1 0 0 0 1 0 0 0 1 0 0 0 1 0 0 0 1 0 0 0 1 0 0 0 1 0 0 0 1 0 0 0 1 0 0 0 1 0 0 0 1 0 0 0 1 0 0 0 1 0 0 0 1 0 0 0 1 0 0 0 1 0 0 0 1 0 0 0 1 0 0 0 1 0 0 0 1 0 0 0 1 0 0 0 1 0 0 0 1 0 0 0 1 0 0 0 1 0 0 0 1 0 0 0 1 0 0 0 1 0 0 0 1 0 0 0 1 0 0 0 1 0 0 0 1 0 0 0 1 0 0 0 1 0 0 0 1 0 0 0 1 0 0 0 1 0 0 0 1 0 0 0 1 0 0 0 1 0 0 0 1 0 0 0 1 0 0 0 1 0 0 0 1 0 0 0 1 0 0 0 1 0 0 0 1 0 0 0 1 0 0 0 1 0 0 0 1 0 0 0 1 0 0 0 1 0 0 0 1 0 0 0 1 0 0 0 1 0 0 0 1 0 0 0 1 0 0 0 1 0 0 0 1 0 0 0 1 0 0 0 1 0 0 0 1 0 0 0 1 0 0 0 1 0 0 0 1 0 0 0 1 0 0 0 1 0 0 0 1 0 0 0 1 0 0 0 1 0 0 0 1 0 0 0 1 0 0 0 1 0 0 0 1 0 0 0 1 0 0 0 1 0 0 0 1 0 0 0 1 0 0 0 1 0 0 0 1 0 0 0 1 0 0 0 1 0 0 0 1 0 0 0 1 0 0 0 1 0 0 0 1 0 0 0 1 0 0 0 1 0 0 0 1 0 0 0 1 0 0 0 1 0 0 0 1 0 0 0 1 0 0 0 1 0 0 0 1 0 0 0 1 0 0 0 1 0 0 0 1 0 0 0 1 0 0 0 1 0 0 0 1 0 0 0 1 0 0 0 1 0 0 0 1 0 0 0 1 0 0 0 1 0 0 0 1 0 0 0 1 0 0 0 1 0 0 0 1 0 0 0 1 0 0 0 1 0 0 0 1 0 0 0 1 0 0 0 1 0 0 0 1 0 0 0 1 0 0 0 1 0 0 0 1 0 0 0 1 0 0 0 1 0 0 0 1 0 0 0 1 0 0 0 1 0 0 0 1 0 0 0 1 0 0 0 1 0 0 0 1 0 0 0 1 0 0 0 1 0 0 0 1 0 0 0 1 0 0 0 1 0 0 0 1 0 0 0 1 0 0 0 1 0 0 0 1 0 0 0 1 0 0 0 1 0 0 0 1 0 0 0 1 0 0 0 1 0 0 0 1 0 0 0 1 0 0 0 1 0 0 0 1 0 0 0 1 0 0 0 1 0 0 0 1 0 0 0 1 0 0 0 1 0 0 0 1 0 0 0 1 0 0 0 1 0 0 0 1 0 0 0 1 0 0 0 1 0 0 0 1 0 0 0 1 0 0 0 1 0 0 0 1 0 0 0 1 0 0 0 1 0 0 0 1 0 0 0 1 0 0 0 1 0 0 0 1 0 0 0 1 0 0 0 1 0 0 0 1 0 0 0 1 0 0 0 1 0 0 0 1 0 0 0 1 0 0 0 1 0 0 0 1 0 0 0 1 0 0 0 1 0 0 0 1 0 0 0 1 0 0 0 1 0 0 0 1 0 0 0 1 0 0 0 1 0 0 0 1 0 0 0 1 0 0 0 1 0 0 0 1 0 0 0 1 0 0 0 1 0 0 0 1 0 0 0 1 0 0 0 1 0 0 0 1 0 0 0 1 0 0 0 1 0 0 0 1 0 0 0 1 0 0 0 1 0 0 0 1 0 0 0 1 0 0 0 1 0 0 0 1 0 0 0 1 0 0 0 1 0 0 0 1 0 0 0 1 0 0 0 1 0 0 0 1 0 0 0 1 0 0 0 1 0 0 0 1 0 0 0 1 0 0 0 1 0 0 0 1 0 0 0 1 0 0 0 1 0 0 0 1 0 0 0 1 0 0 0 1 0 0 0 1 0 0 0 1 0 0 0 1 0 0 0 1 0 0 0 1 0 0 0 1 0 0 0 1 0 0 0 1 0 0 0 1 0 0 0 1 0 0 0 1 0 0 0 1 0 0 0 1 0 0 0 1 0 0 0 1 0 0 0 1 0 0 0 1 0 0 0 1 0 0 0 1 0 0 0 1 0 0 0 1 0 0 0 1 0 0 0 1 0 0 0 1 0 0 0 1 0 0 0 1 0 0 0 1 0 0 0 1 0 0 0 1 0 0 0 1 0 0 0 1 0 0 0 1 0 0 0 1 0 0 0 1 0 0 0 1 0 0 0 1 0 0 0 1 0 0 0 1 0 0 0 1 0 0 0 1 0 0 0 1 0 0 0 1 0 0 0 1 0 0 0 1 0 0 0 1 0 0 0 1 0 0 0 1 0 0 0 1 0 0 0 1 0 0 0 1 0 0 0 1 0 0 0 1 0 0 0 1 0 0 0 1 0 0 0 1 0 0 0 1 0 0 0 1 0 0 0 1 0 0 0 1 0 0 0 1 0 0 0 1 0 0 0 1 0 0 0 1 0 0 0 1 0 0 0 1 0 0 0 1 0 0 0 1 0 0 0 1 0 0 0 1 0 0 0 1 0 0 0 1 0 0 0 1 0 0 0 1 0 0 0 1 0 0 0 1 0 0 0 1 0 0 0 1 0 0 0 1 0 0 0 1 0 0 0 1 0 0 0 1 0 0 0 1 0 0 0 1 0 0 0 1 0 0 0 1 0 0 0 1 0 0 0 1 0 0 0 1 0 0 0 1 0 0 0 1 0 0 0 1 0 0 0 1 0 0 0 1 0 0 0 1 0 0 0 1 0 0 0 1 0 0 0 1 0 0 0 1 0 0 0 1 0 0 0 1 0 0 0 1 0 0 0 1 0 0 0 1 0 0 0 1 0 0 0 1 0 0 0 1 0 0 0 1 0 0 0 1 0 0 0 1 0 0 0 1 0 0 0 1 0 0 0 1 0 0 0 1 0 0 0 1 0 0 0 1 0 0 0 1 0 0 0 1 0 0 0 1 0 0 0 1 0 0 0 1 0 0 0 1 0 0 0 1 0 0 0 1 0 0 0 1 0 0 0 1 0 0 0 1 0 0 0 1 0 0 0 1 0 0 0 1 0 0 0 1 0 0 0 1 0 0 0 1 0 0 0 1 0 0 0 1 0 0 0 1 0 0 0 1 0 0 0 1 0 0 0 1 0 0 0 1 0 0 0 1 0 0 0 1 0 0 0 1 0 0 0 1 0 0 0 1 0 0 0 1 0 0 0 1 0 0 0 1 0 0 0 1 0 0 0 1 0 0 0 1 0 0 0 1 0 0 0 1 0 0 0 1 0 0 0 1 0 0 0 1 0 0 0 1 0 0 0 1 0 0 0 1 0 0 0 1 0 0 0 1 0 0 0 1 0 0 0 1 0 0 0 1 0 0 0 1 0 0 0 1 0 0 0 1 0 0 0 1 0 0 0 1 0 0 0 1 0 0 0 1 0 0 0 1 0 0 0 1 0 0 0 1 0 0 0 1 0 0 0 1 0 0 0 1 0 0 0 1 0 0 0 1 0 0 0 1 0 0 0 1 0 0 0 1 0 0 0 1 0 0 0 1 0 0 0 1 0 0 0 1 0 0 0 1 0 0 0 1 0 0 0 1 0 0 0 1 0 0 0 1 0 0 0 1 0 0 0 1 0 0 0 1 0 0 0 1 0 0 0 1 0 0 0 1 0 0 0 1 0 0 0 1 0 0 0 1 0 0 0 1 0 0 0 1 0 0 0 1 0 0 0 1 0 0 0 1 0 0 0 1 0 0 0 1 0 0 0 1 0 0 0 1 0 0 0 1 0 0 0 1 0 0 0 1 0 0 0 1 0 0 0 1 0 0 0 1 0 0 0 1 0 0 0 1 0 0 0 1 0 0 0 1 0 0 0 1 0 0 0 1 0 0 0 1 0 0 0 1 0 0 0 1 0 0 0 1 0 0 0 1 0 0 0 1 0 0 0 1 0 0 0 1 0 0 0 1 0 0 0 1 0 0 0 1 0 0 0 1 0 0 0 1 0 0 0 1 0 0 0 1 0 0 0 1 0 0 0 1 0 0 0 1 0 0 0 1 0 0 0 1 0 0 0 1 0 0 0 1 0 0 0 1 0 0 0 1 0 0 0 1 0 0 0 1 0 0 0 1 0 0 0 1 0 0 0 1 0 0 0 1 0 0 0 1 0 0 0 1 0 0 0 1 0 0 0 1 0 0 0 1 0 0 0 1 0 0 0 1 0 0 0 1 0 0 0 1 0 0 0 1 0 0 0 1 0 0 0 1 0 0 0 1 0 0 0 1 0 0 0 1 0 0 0 1 0 0 0 1 0 0 0 1 0 0 0 1 0 0 0 1 0 0 0 1 0 0 0 1 0 0 0 1 0 0 0 1 0 0 0 1 0 0 0 1 0 0 0 1 0 0 0 1 0 0 0 1 0 0 0 1 0 0 0 1 0 0 0 1 0 0 0 1 0 0 0 1 0 0 0 1 0 0 0 1 0 0 0 1 0 0 0 1 0 0 0 1 0 0 0 1 0 0 0 1 0 0 0 1 0 0 0 1 0 0 0 1 0 0 0 1 0 0 0 1 0 0 0 1 0 0 0 1 0 0 0 1 0 0 0 1 0 0 0 1 0 0 0 1 0 0 0 1 0 0 0 1 0 0 0 1 0 0 0 1 0 0 0 1 0 0 0 1 0 0 0 1 0 0 0 1 0 0 0 1 0 0 0 1 0 0 0 1 0 0 0 1 0 0 0 1 0 0 0 1 0 0 0 1 0 0 0 1 0 0 0 1 0 0 0 1 0 0 0 1 0 0 0 1 0 0 0 1 0 0 0 1 0 0 0 1 0 0 0 1 0 0 0 1 0 0 0 1 0 0 0 1 0 0 0 1 0 0 0 1 0 0 0 1 0 0 0 1 0 0 0 1 0 0 0 1 0 0 0 1 0 0 0 1 0 0 0 1 0 0 0 1 0 0 0 1 0 0 0 1 0 0 0 1 0 0 0 1 0 0 0 1 0 0 0 1 0 0 0 1 0 0 0 1 0 0 0 1 0 0 0 1 0 0 0 1 0 0 0 1 0 0 0 1 0 0 0 1 0 0 0 1 0 0 0 1 0 0 0 1 0 0 0 1 0 0 0 1 0 0 0 1 0 0 0 1 0 0 0 1 0 0 0 1 0 0 0 1 0 0 0 1 0 0 0 1 0 0 0 1 0 0 0 1 0 0 0 1 0 0 0 1 0 0 0 1 0 0 0 1 0 0 0 1 0 0 0 1 0 0 0 1 0 0 0 1 0 0 0 1 0 0 0 1 0 0 0 1 0 0 0 1 0 0 0 1 0 0 0 1 0 0 0 1 0 0 0 1 0 0 0 1 0 0 0 1 0 0 0 1 0 0 0 1 0 0 0 1 0 0 0 1 0 0 0 1 0 0 0 1 0 0 0 1 0 0 0 1 0 0 0 1 0 0 0 1 0 0 0 1 0 0 0 1 0 0 0 1 0 0 0 1 0 0 0 1 0 0 0 1 0 0 0 1 0 0 0 1 0 0 0 1 0 0 0 1 0 0 0 1 0 0 0 1 0 0 0 1 0 0 0 1 0 0 0 1 0 0 0 1 0 0 0 1 0 0 0 1 0 0 0 1 0 0 0 1 0 0 0 1 0 0 0 1 0 0 0 1 0 0 0 1 0 0 0 1 0 0 0 1 0 0 0 1 0 0 0 1 0 0 0 1 0 0 0 1 0 0 0 1 0 0 0 1 0 0 0 1 0 0 0 1 0 0 0 1 0 0 0 1 0 0 0 1 0 0 0 1 0 0 0 1 0 0 0 1 0 0 0 1 0 0 0 1 0 0 0 1 0 0 0 1 0 0 0 1 0 0 0 1 0 0 0 1 0 0 0 1 0 0 0 1 0 0 0 1 0 0 0 1 0 0 0 1 0 0 0 1 0 0 0 1 0 0 0 1 0 0 0 1 0 0 0 1 0 0 0 1 0 0 0 1 0 0 0 1 0 0 0 1 0 0 0 1 0 0 0 1 0 0 0 1 0 0 0 1 0 0 0 1 0 0 0 1 0 0 0 1 0 0 0 1 0 0 0 1 0 0 0 1 0 0 0 1 0 0 0 1 0 0 0 1 0 0 0 1 0 0 0 1 0 0 0 1 0 0 0 1 0 0 0 1 0 0 0 1 0 0 0 1 0 0 0 1 0 0 0 1 0 0 0 1 0 0 0 1 0 0 0 1 0 0 0 1 0 0 0 1 0 0 0 1 0 0 0 1 0 0 0 1 0 0 0 1 0 0 0 1 0 0 0 1 0 0 0 1 0 0 0 1 0 0 0 1 0 0 0 1 0 0 0 1 0 0 0 1 0 0 0 1 0 0 0 1 0 0 0 1 0 0 0 1 0 0 0 1 0 0 0 1 0 0 0 1 0 0 0 1 0 0 0 1 0 0 0 1 0 0 0 1 0 0 0 1 0 0 0 1 0 0 0 1 0 0 0 1 0 0 0 1 0 0 0 1 0 0 0 1 0 0 0 1 0 0 0 1 0 0 0 1 0 0 0 1 0 0 0 1 0 0 0 1 0 0 0 1 0 0 0 1 0 0 0 1 0 0 0 1 0 0 0 1 0 0 0 1 0 0 0 1 0 0 0 1 0 0 0 1 0 0 0 1 0 0 0 1 0 0 0 1 0 0 0 1 0 0 0 1 0 0 0 1 0 0 0 1 0 0 0 1 0 0 0 1 0 0 0 1 0 0 0 1 0 0 0 1 0 0 0 1 0 0 0 1 0 0 0 1 0 0 0 1 0 0 0 1 0 0 0 1 0 0 0 1 0 0 0 1 0 0 0 1 0 0 0 1 0 0 0 1 0 0 0 1 0 0 0 1 0 0 0 1 0 0 0 1 0 0 0 1 0 0 0 1 0 0 0 1 0 0 0 1 0 0 0 1 0 0 0 1 0 0 0 1 0 0 0 1 0 0 0 1 0 0 0 1 0 0 0 1 0 0 0 1 0 0 0 1 0 0 0 1 0 0 0 1 0 0 0 1 0 0 0 1 0 0 0 1 0 0 0 1 0 0 0 1 0 0 0 1 0 0 0 1 0 0 0 1 0 0 0 1 0 0 0 1 0 0 0 1 0 0 0 1 0 0 0 1 0 0 0 1 0 0 0 1 0 0 0 1 0 0 0 1 0 0 0 1 0 0 0 1 0 0 0 1 0 0 0 1 0 0 0 1 0 0 0 1 0 0 0 1 0 0 0 1 0 0 0 1 0 0 0 1 0 0 0 1 0 0 0 1 0 0 0 1 0 0 0 1 0 0 0 1 0 0 0 1 0 0 0 1 0 0 0 1 0 0 0 1 0 0 0 1 0 0 0 1 0 0 0 1 0 0 0 1 0 0 0 1 0 0 0 1 0 0 0 1 0 0 0 1 0 0 0 1 0 0 0 1 0 0 0 1 0 0 0 1 0 0 0 1 0 0 0 1 0 0 0 1 0 0 0 1 0 0 0 1 0 0 0 1 0 0 0 1 0 0 0 1 0 0 0 1 0 0 0 1 0 0 0 1 0 0 0 1 0 0 0 1 0 0 0 1 0 0 0 1 0 0 0 1 0 0 0 1 0 0 0 1 0 0 0 1 0 0 0 1 0 0 0 1 0 0 0 1 0 0 0 1 0 0 0 1 0 0 0 1 0 0 0 1 0 0 0 1 0 0 0 1 0 0 0 1 0 0 0 1 0 0 0 1 0 0 0 1 0 0 0 1 0 0 0 1 0 0 0 1 0 0 0 1 0 0 0 1 0 0 0 1 0 0 0 1 0 0 0 1 0 0 0 1 0 0 0 1 0 0 0 1 0 0 0 1</float_array>
          <technique_common>
            <accessor source="#unnamed_007-mesh-colors-Col-array" count="1764" stride="4">
              <param name="R" type="float"/>
              <param name="G" type="float"/>
              <param name="B" type="float"/>
              <param name="A" type="float"/>
            </accessor>
          </technique_common>
        </source>
        <vertices id="unnamed_007-mesh-vertices">
          <input semantic="POSITION" source="#unnamed_007-mesh-positions"/>
        </vertices>
        <triangles material="unnamed_004-material" count="588">
          <input semantic="VERTEX" source="#unnamed_007-mesh-vertices" offset="0"/>
          <input semantic="NORMAL" source="#unnamed_007-mesh-normals" offset="1"/>
          <input semantic="TEXCOORD" source="#unnamed_007-mesh-map-0" offset="2" set="0"/>
          <input semantic="COLOR" source="#unnamed_007-mesh-colors-Col" offset="3" set="0"/>
          <p>0 0 0 0 1 1 1 1 2 2 2 2 2 2 3 3 1 1 4 4 8 3 5 5 2 2 6 6 8 3 7 7 3 4 8 8 2 2 9 9 3 4 10 10 120 5 11 11 120 5 12 12 3 4 13 13 4 6 14 14 120 5 15 15 4 6 16 16 119 7 17 17 119 7 18 18 4 6 19 19 224 8 20 20 224 8 21 21 4 6 22 22 5 9 23 23 5 9 24 24 4 6 25 25 3 4 26 26 5 9 27 27 3 4 28 28 226 10 29 29 226 10 30 30 3 4 31 31 78 11 32 32 78 11 33 33 3 4 34 34 8 3 35 35 78 11 36 36 8 3 37 37 6 12 38 38 6 12 39 39 8 3 40 40 7 13 41 41 7 13 42 42 8 3 43 43 9 14 44 44 9 14 45 45 8 3 46 46 1 1 47 47 9 14 48 48 1 1 49 49 10 15 50 50 10 15 51 51 1 1 52 52 11 16 53 53 11 16 54 54 1 1 55 55 0 0 56 56 11 16 57 57 0 0 58 58 12 17 59 59 12 17 60 60 0 0 61 61 122 18 62 62 12 17 63 63 122 18 64 64 13 19 65 65 13 19 66 66 122 18 67 67 14 20 68 68 15 21 69 69 14 20 70 70 16 22 71 71 15 21 72 72 16 22 73 73 17 23 74 74 18 24 75 75 17 23 76 76 106 25 77 77 18 24 78 78 106 25 79 79 19 26 80 80 19 26 81 81 106 25 82 82 194 27 83 83 19 26 84 84 194 27 85 85 104 28 86 86 104 28 87 87 194 27 88 88 27 29 89 89 104 28 90 90 27 29 91 91 10 15 92 92 10 15 93 93 27 29 94 94 9 14 95 95 9 14 96 96 27 29 97 97 20 30 98 98 9 14 99 99 20 30 100 100 7 13 101 101 7 13 102 102 20 30 103 103 6 12 104 104 6 12 105 105 20 30 106 106 21 31 107 107 21 31 108 108 20 30 109 109 23 32 110 110 21 31 111 111 23 32 112 112 22 33 113 113 22 33 114 114 23 32 115 115 24 34 116 116 24 34 117 117 23 32 118 118 25 35 119 119 24 34 120 120 25 35 121 121 236 36 122 122 236 36 123 123 25 35 124 124 26 37 125 125 26 37 126 126 25 35 127 127 29 38 128 128 29 38 129 129 25 35 130 130 23 32 131 131 29 38 132 132 23 32 133 133 28 39 134 134 28 39 135 135 23 32 136 136 20 30 137 137 28 39 138 138 20 30 139 139 27 29 140 140 27 29 141 141 194 27 142 142 28 39 143 143 28 39 144 144 194 27 145 145 192 40 146 146 28 39 147 147 192 40 148 148 29 38 149 149 29 38 150 150 192 40 151 151 30 41 152 152 29 38 153 153 30 41 154 154 26 37 155 155 26 37 156 156 30 41 157 157 38 42 158 158 26 37 159 159 38 42 160 160 236 36 161 161 236 36 162 162 38 42 163 163 234 43 164 164 234 43 165 165 38 42 166 166 36 44 167 167 234 43 168 168 36 44 169 169 34 45 170 170 234 43 171 171 34 45 172 172 233 46 173 173 233 46 174 174 34 45 175 175 32 47 176 176 233 46 177 177 32 47 178 178 231 48 179 179 231 48 180 180 32 47 181 181 31 49 182 182 231 48 183 183 31 49 184 184 114 50 185 185 114 50 186 186 31 49 187 187 113 51 188 188 188 52 189 189 113 51 190 190 31 49 191 191 188 52 192 192 31 49 193 193 33 53 194 194 33 53 195 195 31 49 196 196 32 47 197 197 33 53 198 198 32 47 199 199 34 45 200 200 33 53 201 201 34 45 202 202 35 54 203 203 35 54 204 204 34 45 205 205 36 44 206 206 35 54 207 207 36 44 208 208 37 55 209 209 37 55 210 210 36 44 211 211 38 42 212 212 37 55 213 213 38 42 214 214 30 41 215 215 37 55 216 216 30 41 217 217 191 56 218 218 191 56 219 219 30 41 220 220 192 40 221 221 91 57 222 222 176 58 223 223 90 59 224 224 90 59 225 225 176 58 226 226 39 60 227 227 90 59 228 228 39 60 229 229 69 61 230 230 69 61 231 231 39 60 232 232 40 62 233 233 69 61 234 234 40 62 235 235 239 63 236 236 69 61 237 237 239 63 238 238 70 64 239 239 70 64 240 240 239 63 241 241 240 65 242 242 70 64 243 243 240 65 244 244 41 66 245 245 70 64 246 246 41 66 247 247 42 67 248 248 42 67 249 249 41 66 250 250 43 68 251 251 43 68 252 252 41 66 253 253 271 69 254 254 43 68 255 255 271 69 256 256 270 70 257 257 43 68 258 258 270 70 259 259 73 71 260 260 73 71 261 261 270 70 262 262 269 72 263 263 73 71 264 264 269 72 265 265 293 73 266 266 73 71 267 267 293 73 268 268 88 74 269 269 88 74 270 270 293 73 271 271 292 75 272 272 88 74 273 273 292 75 274 274 87 76 275 275 297 77 276 276 107 78 277 277 44 79 278 278 297 77 279 279 44 79 280 280 53 80 281 281 53 80 282 282 44 79 283 283 45 81 284 284 45 81 285 285 44 79 286 286 46 82 287 287 45 81 288 288 46 82 289 289 47 83 290 290 47 83 291 291 46 82 292 292 50 84 293 293 47 83 294 294 50 84 295 295 48 85 296 296 48 85 297 297 50 84 298 298 49 86 299 299 49 86 300 300 50 84 301 301 51 87 302 302 51 87 303 303 50 84 304 304 58 88 305 305 51 87 306 306 58 88 307 307 57 89 308 308 51 87 309 309 57 89 310 310 56 90 311 311 51 87 312 312 56 90 313 313 49 86 314 314 49 86 315 315 56 90 316 316 52 91 317 317 49 86 318 318 52 91 319 319 48 85 320 320 48 85 321 321 52 91 322 322 54 92 323 323 48 85 324 324 54 92 325 325 47 83 326 326 47 83 327 327 54 92 328 328 45 81 329 329 53 80 330 330 45 81 331 331 54 92 332 332 53 80 333 333 54 92 334 334 295 93 335 335 295 93 336 336 54 92 337 337 55 94 338 338 55 94 339 339 54 92 340 340 52 91 341 341 55 94 342 342 52 91 343 343 203 95 344 344 203 95 345 345 52 91 346 346 56 90 347 347 203 95 348 348 56 90 349 349 205 96 350 350 205 96 351 351 56 90 352 352 57 89 353 353 205 96 354 354 57 89 355 355 63 97 356 356 63 97 357 357 57 89 358 358 62 98 359 359 62 98 360 360 57 89 361 361 58 88 362 362 62 98 363 363 58 88 364 364 59 99 365 365 59 99 366 366 58 88 367 367 50 84 368 368 59 99 369 369 50 84 370 370 60 100 371 371 60 100 372 372 50 84 373 373 66 101 374 374 60 100 375 375 66 101 376 376 64 102 377 377 60 100 378 378 64 102 379 379 59 99 380 380 59 99 381 381 64 102 382 382 61 103 383 383 59 99 384 384 61 103 385 385 62 98 386 386 62 98 387 387 61 103 388 388 63 97 389 389 207 104 390 390 63 97 391 391 61 103 392 392 207 104 393 393 61 103 394 394 68 105 395 395 68 105 396 396 61 103 397 397 64 102 398 398 68 105 399 399 64 102 400 400 65 106 401 401 65 106 402 402 64 102 403 403 66 101 404 404 65 106 405 405 66 101 406 406 67 107 407 407 67 107 408 408 66 101 409 409 50 84 410 410 67 107 411 411 50 84 412 412 46 82 413 413 67 107 414 414 46 82 415 415 44 79 416 416 67 107 417 417 44 79 418 418 65 106 419 419 65 106 420 420 44 79 421 421 107 78 422 422 65 106 423 423 107 78 424 424 68 105 425 425 90 59 426 426 69 61 427 427 70 64 428 428 90 59 429 429 70 64 430 430 89 108 431 431 89 108 432 432 70 64 433 433 42 67 434 434 89 108 435 435 42 67 436 436 71 109 437 437 71 109 438 438 42 67 439 439 72 110 440 440 72 110 441 441 42 67 442 442 43 68 443 443 72 110 444 444 43 68 445 445 88 74 446 446 88 74 447 447 43 68 448 448 73 71 449 449 74 111 450 450 262 112 451 451 248 113 452 452 248 113 453 453 262 112 454 454 75 114 455 455 248 113 456 456 75 114 457 457 76 115 458 458 76 115 459 459 75 114 460 460 245 116 461 461 238 117 462 462 125 118 463 463 79 119 464 464 79 119 465 465 125 118 466 466 227 120 467 467 79 119 468 468 227 120 469 469 77 121 470 470 77 121 471 471 227 120 472 472 78 11 473 473 77 121 474 474 78 11 475 475 79 119 476 476 79 119 477 477 78 11 478 478 6 12 479 479 79 119 480 480 6 12 481 481 21 31 482 482 79 119 483 483 21 31 484 484 80 122 485 485 80 122 486 486 21 31 487 487 238 117 488 488 80 122 489 489 238 117 490 490 79 119 491 491 81 123 492 492 86 124 493 493 85 125 494 494 81 123 495 495 85 125 496 496 82 126 497 497 82 126 498 498 85 125 499 499 84 127 500 500 82 126 501 501 84 127 502 502 183 128 503 503 183 128 504 504 84 127 505 505 83 129 506 506 83 129 507 507 84 127 508 508 221 130 509 509 221 130 510 510 84 127 511 511 85 125 512 512 221 130 513 513 85 125 514 514 223 131 515 515 223 131 516 516 85 125 517 517 86 124 518 518 223 131 519 519 86 124 520 520 222 132 521 521 222 132 522 522 86 124 523 523 291 133 524 524 291 133 525 525 86 124 526 526 81 123 527 527 291 133 528 528 81 123 529 529 87 76 530 530 87 76 531 531 81 123 532 532 82 126 533 533 87 76 534 534 82 126 535 535 88 74 536 536 88 74 537 537 82 126 538 538 183 128 539 539 88 74 540 540 183 128 541 541 72 110 542 542 72 110 543 543 183 128 544 544 182 134 545 545 72 110 546 546 182 134 547 547 71 109 548 548 71 109 549 549 182 134 550 550 180 135 551 551 71 109 552 552 180 135 553 553 179 136 554 554 71 109 555 555 179 136 556 556 89 108 557 557 89 108 558 558 179 136 559 559 95 137 560 560 89 108 561 561 95 137 562 562 90 59 563 563 90 59 564 564 95 137 565 565 97 138 566 566 90 59 567 567 97 138 568 568 91 57 569 569 91 57 570 570 97 138 571 571 99 139 572 572 91 57 573 573 99 139 574 574 175 140 575 575 175 140 576 576 99 139 577 577 100 141 578 578 175 140 579 579 100 141 580 580 92 142 581 581 92 142 582 582 100 141 583 583 93 143 584 584 93 143 585 585 100 141 586 586 98 144 587 587 93 143 588 588 98 144 589 589 94 145 590 590 94 145 591 591 98 144 592 592 96 146 593 593 94 145 594 594 96 146 595 595 177 147 596 596 177 147 597 597 96 146 598 598 95 137 599 599 95 137 600 600 96 146 601 601 97 138 602 602 97 138 603 603 96 146 604 604 98 144 605 605 97 138 606 606 98 144 607 607 99 139 608 608 99 139 609 609 98 144 610 610 100 141 611 611 15 21 612 612 17 23 613 613 101 148 614 614 101 148 615 615 17 23 616 616 18 24 617 617 101 148 618 618 18 24 619 619 102 149 620 620 102 149 621 621 18 24 622 622 19 26 623 623 102 149 624 624 19 26 625 625 103 150 626 626 103 150 627 627 19 26 628 628 104 28 629 629 103 150 630 630 104 28 631 631 10 15 632 632 10 15 633 633 11 16 634 634 103 150 635 635 103 150 636 636 11 16 637 637 12 17 638 638 103 150 639 639 12 17 640 640 102 149 641 641 102 149 642 642 12 17 643 643 13 19 644 644 102 149 645 645 13 19 646 646 101 148 647 647 101 148 648 648 13 19 649 649 14 20 650 650 101 148 651 651 14 20 652 652 15 21 653 653 269 72 654 654 105 151 655 655 193 152 656 656 269 72 657 657 193 152 658 658 296 153 659 659 296 153 660 660 193 152 661 661 106 25 662 662 296 153 663 663 106 25 664 664 297 77 665 665 297 77 666 666 106 25 667 667 17 23 668 668 297 77 669 669 17 23 670 670 107 78 671 671 107 78 672 672 17 23 673 673 16 22 674 674 107 78 675 675 16 22 676 676 68 105 677 677 68 105 678 678 16 22 679 679 207 104 680 680 163 154 681 681 207 104 682 682 16 22 683 683 163 154 684 684 16 22 685 685 153 155 686 686 153 155 687 687 16 22 688 688 14 20 689 689 153 155 690 690 14 20 691 691 196 156 692 692 196 156 693 693 14 20 694 694 122 18 695 695 196 156 696 696 122 18 697 697 214 157 698 698 214 157 699 699 122 18 700 700 108 158 701 701 214 157 702 702 108 158 703 703 40 62 704 704 40 62 705 705 108 158 706 706 184 159 707 707 184 159 708 708 108 158 709 709 121 160 710 710 184 159 711 711 121 160 712 712 185 161 713 713 185 161 714 714 121 160 715 715 109 162 716 716 185 161 717 717 109 162 718 718 186 163 719 719 186 163 720 720 109 162 721 721 118 164 722 722 186 163 723 723 118 164 724 724 110 165 725 725 186 163 726 726 110 165 727 727 187 166 728 728 187 166 729 729 110 165 730 730 117 167 731 731 187 166 732 732 117 167 733 733 111 168 734 734 111 168 735 735 117 167 736 736 115 169 737 737 111 168 738 738 115 169 739 739 112 170 740 740 111 168 741 741 112 170 742 742 188 52 743 743 188 52 744 744 112 170 745 745 113 51 746 746 114 50 747 747 113 51 748 748 112 170 749 749 114 50 750 750 112 170 751 751 230 171 752 752 230 171 753 753 112 170 754 754 115 169 755 755 230 171 756 756 115 169 757 757 116 172 758 758 116 172 759 759 115 169 760 760 117 167 761 761 116 172 762 762 117 167 763 763 229 173 764 764 229 173 765 765 117 167 766 766 110 165 767 767 229 173 768 768 110 165 769 769 118 164 770 770 229 173 771 771 118 164 772 772 224 8 773 773 224 8 774 774 118 164 775 775 119 7 776 776 119 7 777 777 118 164 778 778 109 162 779 779 119 7 780 780 109 162 781 781 120 5 782 782 120 5 783 783 109 162 784 784 121 160 785 785 120 5 786 786 121 160 787 787 2 2 788 788 2 2 789 789 121 160 790 790 0 0 791 791 0 0 792 792 121 160 793 793 108 158 794 794 0 0 795 795 108 158 796 796 122 18 797 797 235 174 798 798 123 175 799 799 134 176 800 800 235 174 801 801 134 176 802 802 236 36 803 803 236 36 804 804 134 176 805 805 135 177 806 806 236 36 807 807 135 177 808 808 124 178 809 809 124 178 810 810 135 177 811 811 136 179 812 812 124 178 813 813 136 179 814 814 237 180 815 815 237 180 816 816 136 179 817 817 238 117 818 818 238 117 819 819 136 179 820 820 126 181 821 821 238 117 822 822 126 181 823 823 125 118 824 824 125 118 825 825 126 181 826 826 227 120 827 827 227 120 828 828 126 181 829 829 127 182 830 830 227 120 831 831 127 182 832 832 128 183 833 833 128 183 834 834 127 182 835 835 225 184 836 836 225 184 837 837 127 182 838 838 137 185 839 839 225 184 840 840 137 185 841 841 224 8 842 842 224 8 843 843 137 185 844 844 129 186 845 845 224 8 846 846 129 186 847 847 228 187 848 848 228 187 849 849 129 186 850 850 130 188 851 851 130 188 852 852 129 186 853 853 166 189 854 854 130 188 855 855 166 189 856 856 131 190 857 857 131 190 858 858 166 189 859 859 132 191 860 860 132 191 861 861 166 189 862 862 170 192 863 863 132 191 864 864 170 192 865 865 133 193 866 866 132 191 867 867 133 193 868 868 232 194 869 869 232 194 870 870 133 193 871 871 123 175 872 872 123 175 873 873 133 193 874 874 134 176 875 875 134 176 876 876 133 193 877 877 173 195 878 878 134 176 879 879 173 195 880 880 135 177 881 881 135 177 882 882 173 195 883 883 136 179 884 884 136 179 885 885 173 195 886 886 126 181 887 887 126 181 888 888 173 195 889 889 174 196 890 890 126 181 891 891 174 196 892 892 168 197 893 893 126 181 894 894 168 197 895 895 127 182 896 896 127 182 897 897 168 197 898 898 137 185 899 899 137 185 900 900 168 197 901 901 129 186 902 902 129 186 903 903 168 197 904 904 166 189 905 905 145 198 906 906 146 199 907 907 138 200 908 908 138 200 909 909 146 199 910 910 148 201 911 911 138 200 912 912 148 201 913 913 139 202 914 914 139 202 915 915 140 203 916 916 138 200 917 917 138 200 918 918 140 203 919 919 141 204 920 920 138 200 921 921 141 204 922 922 142 205 923 923 142 205 924 924 143 206 925 925 138 200 926 926 138 200 927 927 143 206 928 928 144 207 929 929 138 200 930 930 144 207 931 931 151 208 932 932 138 200 933 933 151 208 934 934 145 198 935 935 145 198 936 936 151 208 937 937 152 209 938 938 145 198 939 939 152 209 940 940 146 199 941 941 146 199 942 942 152 209 943 943 147 210 944 944 146 199 945 945 147 210 946 946 148 201 947 947 148 201 948 948 147 210 949 949 154 211 950 950 148 201 951 951 154 211 952 952 139 202 953 953 139 202 954 954 154 211 955 955 149 212 956 956 139 202 957 957 149 212 958 958 140 203 959 959 140 203 960 960 149 212 961 961 156 213 962 962 140 203 963 963 156 213 964 964 141 204 965 965 141 204 966 966 156 213 967 967 150 214 968 968 141 204 969 969 150 214 970 970 142 205 971 971 142 205 972 972 150 214 973 973 158 215 974 974 142 205 975 975 158 215 976 976 143 206 977 977 143 206 978 978 158 215 979 979 159 216 980 980 143 206 981 981 159 216 982 982 144 207 983 983 144 207 984 984 159 216 985 985 161 217 986 986 144 207 987 987 161 217 988 988 151 208 989 989 151 208 990 990 161 217 991 991 162 218 992 992 151 208 993 993 162 218 994 994 152 209 995 995 152 209 996 996 162 218 997 997 163 154 998 998 152 209 999 999 163 154 1000 1000 147 210 1001 1001 147 210 1002 1002 163 154 1003 1003 153 155 1004 1004 147 210 1005 1005 153 155 1006 1006 154 211 1007 1007 154 211 1008 1008 153 155 1009 1009 196 156 1010 1010 154 211 1011 1011 196 156 1012 1012 195 219 1013 1013 154 211 1014 1014 195 219 1015 1015 149 212 1016 1016 149 212 1017 1017 195 219 1018 1018 156 213 1019 1019 156 213 1020 1020 195 219 1021 1021 155 220 1022 1022 156 213 1023 1023 155 220 1024 1024 212 221 1025 1025 156 213 1026 1026 212 221 1027 1027 150 214 1028 1028 150 214 1029 1029 212 221 1030 1030 157 222 1031 1031 150 214 1032 1032 157 222 1033 1033 158 215 1034 1034 158 215 1035 1035 157 222 1036 1036 209 223 1037 1037 158 215 1038 1038 209 223 1039 1039 159 216 1040 1040 159 216 1041 1041 209 223 1042 1042 160 224 1043 1043 159 216 1044 1044 160 224 1045 1045 161 217 1046 1046 161 217 1047 1047 160 224 1048 1048 162 218 1049 1049 162 218 1050 1050 160 224 1051 1051 207 104 1052 1052 162 218 1053 1053 207 104 1054 1054 163 154 1055 1055 167 225 1056 1056 164 226 1057 1057 169 227 1058 1058 167 225 1059 1059 169 227 1060 1060 165 228 1061 1061 165 228 1062 1062 169 227 1063 1063 170 192 1064 1064 165 228 1065 1065 170 192 1066 1066 166 189 1067 1067 165 228 1068 1068 166 189 1069 1069 167 225 1070 1070 167 225 1071 1071 166 189 1072 1072 168 197 1073 1073 167 225 1074 1074 168 197 1075 1075 174 196 1076 1076 167 225 1077 1077 174 196 1078 1078 164 226 1079 1079 164 226 1080 1080 174 196 1081 1081 172 229 1082 1082 164 226 1083 1083 172 229 1084 1084 169 227 1085 1085 169 227 1086 1086 172 229 1087 1087 171 230 1088 1088 169 227 1089 1089 171 230 1090 1090 170 192 1091 1091 170 192 1092 1092 171 230 1093 1093 133 193 1094 1094 133 193 1095 1095 171 230 1096 1096 172 229 1097 1097 133 193 1098 1098 172 229 1099 1099 173 195 1100 1100 173 195 1101 1101 172 229 1102 1102 174 196 1103 1103 175 140 1104 1104 92 142 1105 1105 91 57 1106 1106 91 57 1107 1107 92 142 1108 1108 273 231 1109 1109 91 57 1110 1110 273 231 1111 1111 176 58 1112 1112 176 58 1113 1113 273 231 1114 1114 177 147 1115 1115 176 58 1116 1116 177 147 1117 1117 178 232 1118 1118 178 232 1119 1119 177 147 1120 1120 179 136 1121 1121 178 232 1122 1122 179 136 1123 1123 217 233 1124 1124 217 233 1125 1125 179 136 1126 1126 180 135 1127 1127 217 233 1128 1128 180 135 1129 1129 182 134 1130 1130 217 233 1131 1131 182 134 1132 1132 181 234 1133 1133 181 234 1134 1134 182 134 1135 1135 83 129 1136 1136 83 129 1137 1137 182 134 1138 1138 183 128 1139 1139 184 159 1140 1140 185 161 1141 1141 260 235 1142 1142 260 235 1143 1143 185 161 1144 1144 186 163 1145 1145 260 235 1146 1146 186 163 1147 1147 261 236 1148 1148 261 236 1149 1149 186 163 1150 1150 187 166 1151 1151 261 236 1152 1152 187 166 1153 1153 263 237 1154 1154 263 237 1155 1155 187 166 1156 1156 111 168 1157 1157 263 237 1158 1158 111 168 1159 1159 289 238 1160 1160 289 238 1161 1161 111 168 1162 1162 290 239 1163 1163 290 239 1164 1164 111 168 1165 1165 188 52 1166 1166 290 239 1167 1167 188 52 1168 1168 33 53 1169 1169 290 239 1170 1170 33 53 1171 1171 265 240 1172 1172 265 240 1173 1173 33 53 1174 1174 189 241 1175 1175 189 241 1176 1176 33 53 1177 1177 35 54 1178 1178 189 241 1179 1179 35 54 1180 1180 266 242 1181 1181 266 242 1182 1182 35 54 1183 1183 37 55 1184 1184 266 242 1185 1185 37 55 1186 1186 190 243 1187 1187 190 243 1188 1188 37 55 1189 1189 191 56 1190 1190 190 243 1191 1191 191 56 1192 1192 105 151 1193 1193 105 151 1194 1194 191 56 1195 1195 192 40 1196 1196 105 151 1197 1197 192 40 1198 1198 193 152 1199 1199 193 152 1200 1200 192 40 1201 1201 194 27 1202 1202 193 152 1203 1203 194 27 1204 1204 106 25 1205 1205 214 157 1206 1206 155 220 1207 1207 195 219 1208 1208 214 157 1209 1209 195 219 1210 1210 196 156 1211 1211 213 244 1212 1212 215 245 1213 1213 216 246 1214 1214 213 244 1215 1215 216 246 1216 1216 211 247 1217 1217 211 247 1218 1218 216 246 1219 1219 197 248 1220 1220 211 247 1221 1221 197 248 1222 1222 198 249 1223 1223 198 249 1224 1224 197 248 1225 1225 210 250 1226 1226 210 250 1227 1227 197 248 1228 1228 218 251 1229 1229 210 250 1230 1230 218 251 1231 1231 206 252 1232 1232 206 252 1233 1233 218 251 1234 1234 204 253 1235 1235 204 253 1236 1236 218 251 1237 1237 219 254 1238 1238 204 253 1239 1239 219 254 1240 1240 202 255 1241 1241 202 255 1242 1242 219 254 1243 1243 199 256 1244 1244 199 256 1245 1245 219 254 1246 1246 294 257 1247 1247 199 256 1248 1248 294 257 1249 1249 201 258 1250 1250 201 258 1251 1251 294 257 1252 1252 200 259 1253 1253 201 258 1254 1254 200 259 1255 1255 295 93 1256 1256 201 258 1257 1257 295 93 1258 1258 55 94 1259 1259 201 258 1260 1260 55 94 1261 1261 199 256 1262 1262 199 256 1263 1263 55 94 1264 1264 203 95 1265 1265 199 256 1266 1266 203 95 1267 1267 202 255 1268 1268 202 255 1269 1269 203 95 1270 1270 204 253 1271 1271 204 253 1272 1272 203 95 1273 1273 205 96 1274 1274 204 253 1275 1275 205 96 1276 1276 206 252 1277 1277 206 252 1278 1278 205 96 1279 1279 208 260 1280 1280 208 260 1281 1281 205 96 1282 1282 63 97 1283 1283 208 260 1284 1284 63 97 1285 1285 207 104 1286 1286 207 104 1287 1287 160 224 1288 1288 208 260 1289 1289 208 260 1290 1290 160 224 1291 1291 209 223 1292 1292 208 260 1293 1293 209 223 1294 1294 206 252 1295 1295 206 252 1296 1296 209 223 1297 1297 210 250 1298 1298 210 250 1299 1299 209 223 1300 1300 157 222 1301 1301 210 250 1302 1302 157 222 1303 1303 198 249 1304 1304 198 249 1305 1305 157 222 1306 1306 211 247 1307 1307 211 247 1308 1308 157 222 1309 1309 212 221 1310 1310 211 247 1311 1311 212 221 1312 1312 213 244 1313 1313 213 244 1314 1314 212 221 1315 1315 155 220 1316 1316 213 244 1317 1317 155 220 1318 1318 215 245 1319 1319 215 245 1320 1320 155 220 1321 1321 214 157 1322 1322 215 245 1323 1323 214 157 1324 1324 40 62 1325 1325 215 245 1326 1326 40 62 1327 1327 216 246 1328 1328 216 246 1329 1329 40 62 1330 1330 39 60 1331 1331 216 246 1332 1332 39 60 1333 1333 176 58 1334 1334 216 246 1335 1335 176 58 1336 1336 178 232 1337 1337 216 246 1338 1338 178 232 1339 1339 197 248 1340 1340 197 248 1341 1341 178 232 1342 1342 217 233 1343 1343 197 248 1344 1344 217 233 1345 1345 218 251 1346 1346 218 251 1347 1347 217 233 1348 1348 219 254 1349 1349 219 254 1350 1350 217 233 1351 1351 181 234 1352 1352 219 254 1353 1353 181 234 1354 1354 294 257 1355 1355 294 257 1356 1356 181 234 1357 1357 292 75 1358 1358 292 75 1359 1359 181 234 1360 1360 83 129 1361 1361 292 75 1362 1362 83 129 1363 1363 220 261 1364 1364 220 261 1365 1365 83 129 1366 1366 221 130 1367 1367 220 261 1368 1368 221 130 1369 1369 222 132 1370 1370 222 132 1371 1371 221 130 1372 1372 223 131 1373 1373 224 8 1374 1374 5 9 1375 1375 225 184 1376 1376 225 184 1377 1377 5 9 1378 1378 226 10 1379 1379 225 184 1380 1380 226 10 1381 1381 128 183 1382 1382 128 183 1383 1383 226 10 1384 1384 227 120 1385 1385 227 120 1386 1386 226 10 1387 1387 78 11 1388 1388 224 8 1389 1389 228 187 1390 1390 229 173 1391 1391 229 173 1392 1392 228 187 1393 1393 130 188 1394 1394 229 173 1395 1395 130 188 1396 1396 116 172 1397 1397 116 172 1398 1398 130 188 1399 1399 131 190 1400 1400 116 172 1401 1401 131 190 1402 1402 230 171 1403 1403 230 171 1404 1404 131 190 1405 1405 132 191 1406 1406 230 171 1407 1407 132 191 1408 1408 114 50 1409 1409 114 50 1410 1410 132 191 1411 1411 231 48 1412 1412 231 48 1413 1413 132 191 1414 1414 232 194 1415 1415 231 48 1416 1416 232 194 1417 1417 233 46 1418 1418 233 46 1419 1419 232 194 1420 1420 123 175 1421 1421 233 46 1422 1422 123 175 1423 1423 234 43 1424 1424 234 43 1425 1425 123 175 1426 1426 235 174 1427 1427 234 43 1428 1428 235 174 1429 1429 236 36 1430 1430 24 34 1431 1431 236 36 1432 1432 124 178 1433 1433 24 34 1434 1434 124 178 1435 1435 22 33 1436 1436 22 33 1437 1437 124 178 1438 1438 237 180 1439 1439 22 33 1440 1440 237 180 1441 1441 238 117 1442 1442 22 33 1443 1443 238 117 1444 1444 21 31 1445 1445 240 65 1446 1446 239 63 1447 1447 258 262 1448 1448 240 65 1449 1449 258 262 1450 1450 272 263 1451 1451 272 263 1452 1452 258 262 1453 1453 256 264 1454 1454 272 263 1455 1455 256 264 1456 1456 241 265 1457 1457 241 265 1458 1458 256 264 1459 1459 254 266 1460 1460 241 265 1461 1461 254 266 1462 1462 242 267 1463 1463 242 267 1464 1464 254 266 1465 1465 252 268 1466 1466 242 267 1467 1467 252 268 1468 1468 268 269 1469 1469 268 269 1470 1470 252 268 1471 1471 267 270 1472 1472 267 270 1473 1473 252 268 1474 1474 243 271 1475 1475 267 270 1476 1476 243 271 1477 1477 244 272 1478 1478 244 272 1479 1479 243 271 1480 1480 264 273 1481 1481 264 273 1482 1482 243 271 1483 1483 251 274 1484 1484 264 273 1485 1485 251 274 1486 1486 245 116 1487 1487 245 116 1488 1488 251 274 1489 1489 246 275 1490 1490 245 116 1491 1491 246 275 1492 1492 76 115 1493 1493 76 115 1494 1494 246 275 1495 1495 247 276 1496 1496 76 115 1497 1497 247 276 1498 1498 248 113 1499 1499 248 113 1500 1500 247 276 1501 1501 249 277 1502 1502 248 113 1503 1503 249 277 1504 1504 74 111 1505 1505 74 111 1506 1506 249 277 1507 1507 250 278 1508 1508 259 279 1509 1509 250 278 1510 1510 249 277 1511 1511 259 279 1512 1512 249 277 1513 1513 257 280 1514 1514 257 280 1515 1515 249 277 1516 1516 247 276 1517 1517 257 280 1518 1518 247 276 1519 1519 255 281 1520 1520 255 281 1521 1521 247 276 1522 1522 246 275 1523 1523 255 281 1524 1524 246 275 1525 1525 253 282 1526 1526 253 282 1527 1527 246 275 1528 1528 251 274 1529 1529 253 282 1530 1530 251 274 1531 1531 243 271 1532 1532 243 271 1533 1533 252 268 1534 1534 253 282 1535 1535 253 282 1536 1536 252 268 1537 1537 254 266 1538 1538 253 282 1539 1539 254 266 1540 1540 255 281 1541 1541 255 281 1542 1542 254 266 1543 1543 256 264 1544 1544 255 281 1545 1545 256 264 1546 1546 257 280 1547 1547 257 280 1548 1548 256 264 1549 1549 258 262 1550 1550 257 280 1551 1551 258 262 1552 1552 259 279 1553 1553 259 279 1554 1554 258 262 1555 1555 239 63 1556 1556 259 279 1557 1557 239 63 1558 1558 250 278 1559 1559 250 278 1560 1560 239 63 1561 1561 40 62 1562 1562 250 278 1563 1563 40 62 1564 1564 184 159 1565 1565 250 278 1566 1566 184 159 1567 1567 74 111 1568 1568 74 111 1569 1569 184 159 1570 1570 260 235 1571 1571 74 111 1572 1572 260 235 1573 1573 261 236 1574 1574 74 111 1575 1575 261 236 1576 1576 262 112 1577 1577 262 112 1578 1578 261 236 1579 1579 263 237 1580 1580 262 112 1581 1581 263 237 1582 1582 75 114 1583 1583 75 114 1584 1584 263 237 1585 1585 289 238 1586 1586 75 114 1587 1587 289 238 1588 1588 288 283 1589 1589 75 114 1590 1590 288 283 1591 1591 245 116 1592 1592 245 116 1593 1593 288 283 1594 1594 287 284 1595 1595 245 116 1596 1596 287 284 1597 1597 285 285 1598 1598 245 116 1599 1599 285 285 1600 1600 264 273 1601 1601 264 273 1602 1602 285 285 1603 1603 265 240 1604 1604 264 273 1605 1605 265 240 1606 1606 189 241 1607 1607 264 273 1608 1608 189 241 1609 1609 244 272 1610 1610 244 272 1611 1611 189 241 1612 1612 266 242 1613 1613 244 272 1614 1614 266 242 1615 1615 267 270 1616 1616 267 270 1617 1617 266 242 1618 1618 190 243 1619 1619 267 270 1620 1620 190 243 1621 1621 105 151 1622 1622 267 270 1623 1623 105 151 1624 1624 268 269 1625 1625 268 269 1626 1626 105 151 1627 1627 269 72 1628 1628 268 269 1629 1629 269 72 1630 1630 270 70 1631 1631 268 269 1632 1632 270 70 1633 1633 242 267 1634 1634 242 267 1635 1635 270 70 1636 1636 271 69 1637 1637 242 267 1638 1638 271 69 1639 1639 241 265 1640 1640 241 265 1641 1641 271 69 1642 1642 272 263 1643 1643 272 263 1644 1644 271 69 1645 1645 41 66 1646 1646 272 263 1647 1647 41 66 1648 1648 240 65 1649 1649 92 142 1650 1650 93 143 1651 1651 94 145 1652 1652 92 142 1653 1653 94 145 1654 1654 273 231 1655 1655 273 231 1656 1656 94 145 1657 1657 177 147 1658 1658 177 147 1659 1659 95 137 1660 1660 179 136 1661 1661 275 286 1662 1662 274 287 1663 1663 283 288 1664 1664 275 286 1665 1665 283 288 1666 1666 276 289 1667 1667 276 289 1668 1668 283 288 1669 1669 284 290 1670 1670 276 289 1671 1671 284 290 1672 1672 286 291 1673 1673 276 289 1674 1674 286 291 1675 1675 277 292 1676 1676 277 292 1677 1677 286 291 1678 1678 279 293 1679 1679 277 292 1680 1680 279 293 1681 1681 278 294 1682 1682 278 294 1683 1683 279 293 1684 1684 280 295 1685 1685 280 295 1686 1686 279 293 1687 1687 281 296 1688 1688 280 295 1689 1689 281 296 1690 1690 274 287 1691 1691 274 287 1692 1692 281 296 1693 1693 282 297 1694 1694 274 287 1695 1695 282 297 1696 1696 283 288 1697 1697 283 288 1698 1698 282 297 1699 1699 290 239 1700 1700 283 288 1701 1701 290 239 1702 1702 284 290 1703 1703 284 290 1704 1704 290 239 1705 1705 265 240 1706 1706 284 290 1707 1707 265 240 1708 1708 285 285 1709 1709 284 290 1710 1710 285 285 1711 1711 286 291 1712 1712 286 291 1713 1713 285 285 1714 1714 279 293 1715 1715 279 293 1716 1716 285 285 1717 1717 287 284 1718 1718 279 293 1719 1719 287 284 1720 1720 288 283 1721 1721 279 293 1722 1722 288 283 1723 1723 281 296 1724 1724 281 296 1725 1725 288 283 1726 1726 282 297 1727 1727 282 297 1728 1728 288 283 1729 1729 289 238 1730 1730 282 297 1731 1731 289 238 1732 1732 290 239 1733 1733 222 132 1734 1734 291 133 1735 1735 87 76 1736 1736 222 132 1737 1737 87 76 1738 1738 220 261 1739 1739 220 261 1740 1740 87 76 1741 1741 292 75 1742 1742 292 75 1743 1743 293 73 1744 1744 294 257 1745 1745 294 257 1746 1746 293 73 1747 1747 269 72 1748 1748 294 257 1749 1749 269 72 1750 1750 200 259 1751 1751 200 259 1752 1752 269 72 1753 1753 296 153 1754 1754 200 259 1755 1755 296 153 1756 1756 295 93 1757 1757 295 93 1758 1758 296 153 1759 1759 53 80 1760 1760 53 80 1761 1761 296 153 1762 1762 297 77 1763 1763</p>
        </triangles>
      </mesh>
    </geometry>
    <geometry id="unnamed_006-mesh" name="unnamed.006">
      <mesh>
        <source id="unnamed_006-mesh-positions">
          <float_array id="unnamed_006-mesh-positions-array" count="93">0.02556997 -0.1561103 1.026667 0.056418 -0.1561103 1.026667 0.04099398 -0.1599023 1.037873 0.04688495 -0.1561103 1.056005 0.02192795 -0.1561103 1.037873 0.03510195 -0.1561103 1.019741 0.03010797 -0.1453103 1.004369 0.04688495 -0.1561103 1.019741 0.05188 -0.1453103 1.004369 0.069494 -0.1453103 1.017167 0.06005895 -0.1561103 1.037873 0.056418 -0.1561103 1.049079 0.069494 -0.1453103 1.05858 0.03510195 -0.1561103 1.056005 0.02556997 -0.1561103 1.049079 0.005765974 -0.1453103 1.037873 0.01249396 -0.1453103 1.017167 0.003756999 -0.1291483 1.010819 0.02676999 -0.1291483 0.9940979 0.05521696 -0.1291483 0.9940979 0.07823097 -0.1291483 1.010819 0.07622098 -0.1453103 1.037873 0.08702099 -0.1291483 1.037873 0.07823097 -0.1291483 1.064927 0.05188 -0.1453103 1.071377 0.05521696 -0.1291483 1.081648 0.03010797 -0.1453103 1.071377 0.02676999 -0.1291483 1.081648 0.01249396 -0.1453103 1.05858 0.003756999 -0.1291483 1.064927 -0.002659976 -0.1291483 1.037893</float_array>
          <technique_common>
            <accessor source="#unnamed_006-mesh-positions-array" count="31" stride="3">
              <param name="X" type="float"/>
              <param name="Y" type="float"/>
              <param name="Z" type="float"/>
            </accessor>
          </technique_common>
        </source>
        <source id="unnamed_006-mesh-normals">
          <float_array id="unnamed_006-mesh-normals-array" count="93">-0.3356615 -0.9098638 -0.2438837 -0.128225 -0.9098628 -0.3945988 2.6722e-6 -1 5.88328e-7 0.1282109 -0.9098646 -0.3945993 0.3356729 -0.9098617 -0.2438761 0.4149229 -0.9098567 4.09613e-6 0.3356708 -0.9098639 0.2438708 0.1282091 -0.9098648 0.3945994 -0.1282283 -0.9098621 0.3945995 -0.3356542 -0.9098667 0.2438829 -0.4149159 -0.9098598 -1.19017e-6 -0.5868994 -0.6882836 -0.4263978 -0.2241777 -0.6882883 -0.6899301 0.2241842 -0.6882847 -0.6899316 0.586908 -0.6882826 -0.4263873 0.7254391 -0.6882864 -7.97921e-6 0.5868959 -0.6882822 0.4264045 0.224177 -0.6882843 0.6899344 -0.2241661 -0.688291 0.6899313 -0.5868979 -0.6882789 0.4264072 -0.750849 -0.660474 -3.38938e-5 -0.6898447 -0.5398021 -0.482419 -0.2569496 -0.5555941 -0.7907542 0.2569408 -0.5555872 -0.7907618 0.6726685 -0.5555937 -0.4887053 0.8314536 -0.5555943 -6.79998e-6 0.6726779 -0.5555711 0.4887179 0.2569425 -0.5555815 0.7907655 -0.2569445 -0.5555847 0.7907624 -0.6897897 -0.5398478 0.4824465 -0.886727 -0.4622936 2.68876e-4</float_array>
          <technique_common>
            <accessor source="#unnamed_006-mesh-normals-array" count="31" stride="3">
              <param name="X" type="float"/>
              <param name="Y" type="float"/>
              <param name="Z" type="float"/>
            </accessor>
          </technique_common>
        </source>
        <source id="unnamed_006-mesh-map-0">
          <float_array id="unnamed_006-mesh-map-0-array" count="300">0.3389 0.1873999 0.2875 0.1491 0.2557 0.2493 0.2557 0.2493 0.2875 0.1491 0.2239 0.1491 0.2557 0.2493 0.2239 0.1491 0.1725 0.1873999 0.1725 0.1873999 0.1528 0.2493 0.2557 0.2493 0.2557 0.2493 0.1528 0.2493 0.1725 0.3112 0.2557 0.2493 0.1725 0.3112 0.2239 0.3495 0.2239 0.3495 0.2875 0.3495 0.2557 0.2493 0.2557 0.2493 0.2875 0.3495 0.3389 0.3112 0.2557 0.2493 0.3389 0.3112 0.3586 0.2493 0.2557 0.2493 0.3586 0.2493 0.3389 0.1873999 0.3389 0.1873999 0.3586 0.2493 0.4095 0.1348 0.3389 0.1873999 0.4095 0.1348 0.2875 0.1491 0.2875 0.1491 0.4095 0.1348 0.3144 0.06410002 0.2875 0.1491 0.3144 0.06410002 0.2239 0.1491 0.2239 0.1491 0.3144 0.06410002 0.197 0.06410002 0.2239 0.1491 0.197 0.06410002 0.1725 0.1873999 0.1725 0.1873999 0.197 0.06410002 0.1019 0.1348 0.1725 0.1873999 0.1019 0.1348 0.1528 0.2493 0.1528 0.2493 0.1019 0.1348 0.06559997 0.2493 0.1528 0.2493 0.06559997 0.2493 0.1725 0.3112 0.1725 0.3112 0.06559997 0.2493 0.1019 0.3638 0.1725 0.3112 0.1019 0.3638 0.2239 0.3495 0.2239 0.3495 0.1019 0.3638 0.197 0.4345 0.2239 0.3495 0.197 0.4345 0.2875 0.3495 0.2875 0.3495 0.197 0.4345 0.3144 0.4345 0.2875 0.3495 0.3144 0.4345 0.3389 0.3112 0.3389 0.3112 0.3144 0.4345 0.4095 0.3638 0.3389 0.3112 0.4095 0.3638 0.3586 0.2493 0.3586 0.2493 0.4095 0.3638 0.4458 0.2493 0.3586 0.2493 0.4458 0.2493 0.4095 0.1348 0.4095 0.1348 0.4458 0.2493 0.4566 0.09979999 0.4095 0.1348 0.4566 0.09979999 0.3324 0.007300019 0.4095 0.1348 0.3324 0.007300019 0.3144 0.06410002 0.3144 0.06410002 0.3324 0.007300019 0.197 0.06410002 0.197 0.06410002 0.3324 0.007300019 0.1789 0.007300019 0.197 0.06410002 0.1789 0.007300019 0.1019 0.1348 0.1019 0.1348 0.1789 0.007300019 0.05479997 0.09979999 0.1019 0.1348 0.05479997 0.09979999 0.06559997 0.2493 0.06559997 0.2493 0.05479997 0.09979999 0.007299959 0.2493 0.06559997 0.2493 0.007299959 0.2493 0.1019 0.3638 0.1019 0.3638 0.007299959 0.2493 0.05479997 0.3988 0.1019 0.3638 0.05479997 0.3988 0.197 0.4345 0.197 0.4345 0.05479997 0.3988 0.1789 0.4913 0.197 0.4345 0.1789 0.4913 0.3144 0.4345 0.3144 0.4345 0.1789 0.4913 0.3324 0.4913 0.3144 0.4345 0.3324 0.4913 0.4095 0.3638 0.4095 0.3638 0.3324 0.4913 0.4566 0.3988 0.4095 0.3638 0.4566 0.3988 0.4458 0.2493 0.4458 0.2493 0.4566 0.3988 0.4913 0.2494 0.4458 0.2493 0.4913 0.2494 0.4566 0.09979999</float_array>
          <technique_common>
            <accessor source="#unnamed_006-mesh-map-0-array" count="150" stride="2">
              <param name="S" type="float"/>
              <param name="T" type="float"/>
            </accessor>
          </technique_common>
        </source>
        <source id="unnamed_006-mesh-colors-Col" name="Col">
          <float_array id="unnamed_006-mesh-colors-Col-array" count="600">0 0 0 1 0 0 0 1 0 0 0 1 0 0 0 1 0 0 0 1 0 0 0 1 0 0 0 1 0 0 0 1 0 0 0 1 0 0 0 1 0 0 0 1 0 0 0 1 0 0 0 1 0 0 0 1 0 0 0 1 0 0 0 1 0 0 0 1 0 0 0 1 0 0 0 1 0 0 0 1 0 0 0 1 0 0 0 1 0 0 0 1 0 0 0 1 0 0 0 1 0 0 0 1 0 0 0 1 0 0 0 1 0 0 0 1 0 0 0 1 0 0 0 1 0 0 0 1 0 0 0 1 0 0 0 1 0 0 0 1 0 0 0 1 0 0 0 1 0 0 0 1 0 0 0 1 0 0 0 1 0 0 0 1 0 0 0 1 0 0 0 1 0 0 0 1 0 0 0 1 0 0 0 1 0 0 0 1 0 0 0 1 0 0 0 1 0 0 0 1 0 0 0 1 0 0 0 1 0 0 0 1 0 0 0 1 0 0 0 1 0 0 0 1 0 0 0 1 0 0 0 1 0 0 0 1 0 0 0 1 0 0 0 1 0 0 0 1 0 0 0 1 0 0 0 1 0 0 0 1 0 0 0 1 0 0 0 1 0 0 0 1 0 0 0 1 0 0 0 1 0 0 0 1 0 0 0 1 0 0 0 1 0 0 0 1 0 0 0 1 0 0 0 1 0 0 0 1 0 0 0 1 0 0 0 1 0 0 0 1 0 0 0 1 0 0 0 1 0 0 0 1 0 0 0 1 0 0 0 1 0 0 0 1 0 0 0 1 0 0 0 1 0 0 0 1 0 0 0 1 0 0 0 1 0 0 0 1 0 0 0 1 0 0 0 1 0 0 0 1 0 0 0 1 0 0 0 1 0 0 0 1 0 0 0 1 0 0 0 1 0 0 0 1 0 0 0 1 0 0 0 1 0 0 0 1 0 0 0 1 0 0 0 1 0 0 0 1 0 0 0 1 0 0 0 1 0 0 0 1 0 0 0 1 0 0 0 1 0 0 0 1 0 0 0 1 0 0 0 1 0 0 0 1 0 0 0 1 0 0 0 1 0 0 0 1 0 0 0 1 0 0 0 1 0 0 0 1 0 0 0 1 0 0 0 1 0 0 0 1 0 0 0 1 0 0 0 1 0 0 0 1 0 0 0 1 0 0 0 1 0 0 0 1 0 0 0 1 0 0 0 1 0 0 0 1 0 0 0 1 0 0 0 1 0 0 0 1 0 0 0 1 0 0 0 1 0 0 0 1 0 0 0 1 0 0 0 1 0 0 0 1 0 0 0 1 0 0 0 1 0 0 0 1 0 0 0 1 0 0 0 1 0 0 0 1 0 0 0 1</float_array>
          <technique_common>
            <accessor source="#unnamed_006-mesh-colors-Col-array" count="150" stride="4">
              <param name="R" type="float"/>
              <param name="G" type="float"/>
              <param name="B" type="float"/>
              <param name="A" type="float"/>
            </accessor>
          </technique_common>
        </source>
        <vertices id="unnamed_006-mesh-vertices">
          <input semantic="POSITION" source="#unnamed_006-mesh-positions"/>
        </vertices>
        <triangles material="unnamed_003-material" count="50">
          <input semantic="VERTEX" source="#unnamed_006-mesh-vertices" offset="0"/>
          <input semantic="NORMAL" source="#unnamed_006-mesh-normals" offset="1"/>
          <input semantic="TEXCOORD" source="#unnamed_006-mesh-map-0" offset="2" set="0"/>
          <input semantic="COLOR" source="#unnamed_006-mesh-colors-Col" offset="3" set="0"/>
          <p>0 0 0 0 5 1 1 1 2 2 2 2 2 2 3 3 5 1 4 4 7 3 5 5 2 2 6 6 7 3 7 7 1 4 8 8 1 4 9 9 10 5 10 10 2 2 11 11 2 2 12 12 10 5 13 13 11 6 14 14 2 2 15 15 11 6 16 16 3 7 17 17 3 7 18 18 13 8 19 19 2 2 20 20 2 2 21 21 13 8 22 22 14 9 23 23 2 2 24 24 14 9 25 25 4 10 26 26 2 2 27 27 4 10 28 28 0 0 29 29 0 0 30 30 4 10 31 31 16 11 32 32 0 0 33 33 16 11 34 34 5 1 35 35 5 1 36 36 16 11 37 37 6 12 38 38 5 1 39 39 6 12 40 40 7 3 41 41 7 3 42 42 6 12 43 43 8 13 44 44 7 3 45 45 8 13 46 46 1 4 47 47 1 4 48 48 8 13 49 49 9 14 50 50 1 4 51 51 9 14 52 52 10 5 53 53 10 5 54 54 9 14 55 55 21 15 56 56 10 5 57 57 21 15 58 58 11 6 59 59 11 6 60 60 21 15 61 61 12 16 62 62 11 6 63 63 12 16 64 64 3 7 65 65 3 7 66 66 12 16 67 67 24 17 68 68 3 7 69 69 24 17 70 70 13 8 71 71 13 8 72 72 24 17 73 73 26 18 74 74 13 8 75 75 26 18 76 76 14 9 77 77 14 9 78 78 26 18 79 79 28 19 80 80 14 9 81 81 28 19 82 82 4 10 83 83 4 10 84 84 28 19 85 85 15 20 86 86 4 10 87 87 15 20 88 88 16 11 89 89 16 11 90 90 15 20 91 91 17 21 92 92 16 11 93 93 17 21 94 94 18 22 95 95 16 11 96 96 18 22 97 97 6 12 98 98 6 12 99 99 18 22 100 100 8 13 101 101 8 13 102 102 18 22 103 103 19 23 104 104 8 13 105 105 19 23 106 106 9 14 107 107 9 14 108 108 19 23 109 109 20 24 110 110 9 14 111 111 20 24 112 112 21 15 113 113 21 15 114 114 20 24 115 115 22 25 116 116 21 15 117 117 22 25 118 118 12 16 119 119 12 16 120 120 22 25 121 121 23 26 122 122 12 16 123 123 23 26 124 124 24 17 125 125 24 17 126 126 23 26 127 127 25 27 128 128 24 17 129 129 25 27 130 130 26 18 131 131 26 18 132 132 25 27 133 133 27 28 134 134 26 18 135 135 27 28 136 136 28 19 137 137 28 19 138 138 27 28 139 139 29 29 140 140 28 19 141 141 29 29 142 142 15 20 143 143 15 20 144 144 29 29 145 145 30 30 146 146 15 20 147 147 30 30 148 148 17 21 149 149</p>
        </triangles>
      </mesh>
    </geometry>
  </library_geometries>
  <library_controllers>
    <controller id="sandy_root_mesh_011-skin" name="sandy_root">
      <skin source="#unnamed_017-mesh">
        <bind_shape_matrix>1 0 0 0 0 1 0 0 0 0 1 0 0 0 0 1</bind_shape_matrix>
        <source id="sandy_root_mesh_011-skin-joints">
          <Name_array id="sandy_root_mesh_011-skin-joints-array" count="48">sandy_root sandy_sub_root sandy_connect sandy_hip sandy_skel_tail1 sandy_skel_tail2 sandy_skel_tail3 sandy_skel_tail4 sandy_thigh_L sandy_knee_L sandy_ankle_L sandy_toe_L sandy_thigh_R sandy_knee_R sandy_ankle_R sandy_toe_R sandy_spine sandy_chest sandy_clavicle_L sandy_bicep_L sandy_bicep_twist_L sandy_elbow_L sandy_elbow_twist_L sandy_wrist_L sandy_fingers_L sandy_thumb_L sandy_clavicle_R sandy_bicep_R sandy_bicep_twist_R sandy_elbow_R sandy_elbow_twist_R sandy_wrist_R sandy_fingers_R sandy_thumb_R sandy_helmet sandy_flower sandy_neck sandy_head sandy_ear_L sandy_ear_R sandy_eye_L sandy_eye_R sandy_jaw sandy_lid_bottom_L sandy_lid_bottom_R sandy_lid_top_L sandy_lid_top_R sandy_teeth</Name_array>
          <technique_common>
            <accessor source="#sandy_root_mesh_011-skin-joints-array" count="48" stride="1">
              <param name="JOINT" type="name"/>
            </accessor>
          </technique_common>
        </source>
        <source id="sandy_root_mesh_011-skin-bind_poses">
          <float_array id="sandy_root_mesh_011-skin-bind_poses-array" count="768">1 0 0 0 0 -3.57628e-7 1 0 0 -1 -2.8213e-7 0 0 0 0 1 1 0 0 0 0 -2.83122e-7 1 -0.4714638 0 -1 -2.07624e-7 -0.03626632 0 0 0 1 1 0 0 0 0 -3.57628e-7 1 0 0 -1 -2.8213e-7 0 0 0 0 1 1 0 0 0 0 -2.99015e-7 1 -0.4714638 0 -1 -2.23517e-7 -0.03626632 0 0 0 1 1 0 0 0 0 0.9950543 0.09933263 -0.1873089 0 -0.09933286 0.9950543 -0.4196816 0 0 0 1 1 0 0 0 0 0.9799787 0.1991013 -0.3554116 0 -0.1991015 0.9799788 -0.3858299 0 0 0 1 1 0 0 0 0 0.9999311 0.01172387 -0.462925 0 -0.01172411 0.9999312 -0.4812176 0 0 0 1 1 0 0 0 0 -1.22003e-6 1 -0.4897423 0 -0.9999999 -1.11852e-6 0.7243151 0 0 0 1 1 3.40565e-7 0 -0.1023073 0 -0.03962713 -0.9992145 0.4223722 -3.40833e-7 0.999214 -0.03962719 0.05400931 0 0 0 1 1 3.68413e-7 0 -0.1023073 0 0.03830635 -0.999266 0.2883981 -3.68683e-7 0.9992654 0.03830629 0.0316466 0 0 0 1 1 3.02822e-7 -7.32217e-7 -0.1023073 0 -0.9240896 -0.3821744 0.01286548 -7.92366e-7 0.3821743 -0.9240901 0.1261637 0 0 0 1 1 0 0 -0.1023073 0 -2.98023e-7 0.9999999 -0.06277698 0 -0.9999994 -1.49011e-7 -0.1783271 0 0 0 1 1 0 0 0.102307 0 -0.02355045 0.9997227 -0.4249402 0 -0.9997227 -0.02355039 -0.02722954 0 0 0 1 1 0 0 0.102307 0 -0.05422151 0.9985291 -0.2889982 0 -0.998529 -0.05422139 -0.02924811 0 0 0 1 1 4.17701e-7 8.14842e-7 0.1023069 1.49012e-7 -0.9522646 0.3052741 -0.07168537 9.03458e-7 -0.305274 -0.9522646 0.1046137 0 0 0 1 1 -1.10467e-6 2.98023e-7 0.1023067 2.98024e-7 3.27825e-7 -1 0.06277751 1.10467e-6 1 1.78814e-7 0.1783271 0 0 0 1 1 0 0 0 0 -3.20375e-7 1 -0.5593044 0 -1 -2.44877e-7 -0.02300649 0 0 0 1 1 0 0 0 0 -3.36673e-7 1 -0.6726704 0 -1 -2.61175e-7 -0.02168053 0 0 0 1 1 0 0 -0.09927064 0 -3.73926e-7 1 -0.6839853 0 -1 -2.98428e-7 -0.00467801 0 0 0 1 0.9993034 0.03732061 0 -0.1909216 0 -3.64208e-7 1 -0.6839853 0.03732061 -0.9993034 -2.88509e-7 -0.01181155 0 0 0 1 0.9993034 0.03732061 0 -0.2932086 0 -3.59755e-7 1 -0.6839853 0.03732061 -0.9993034 -2.84053e-7 -0.01181155 0 0 0 1 0.9992287 -0.03926807 0 -0.3671739 0 -3.55102e-7 1 -0.6839853 -0.03926807 -0.9992287 -2.79402e-7 0.01633703 0 0 0 1 0.9992287 -0.03926807 0 -0.4552995 0 -3.55097e-7 1 -0.6839853 -0.03926807 -0.9992287 -2.79397e-7 0.01633703 0 0 0 1 1 0 0 -0.5350791 0 -3.64403e-7 1 -0.6839852 0 -1 -2.88905e-7 -0.00467801 0 0 0 1 1 0 0 -0.6361517 0 -3.64208e-7 1 -0.6839852 0 -1 -2.8871e-7 -0.00467801 0 0 0 1 1 0 0 -0.5986294 0 -3.64403e-7 1 -0.6354173 0 -1 -2.88905e-7 -0.08237713 0 0 0 1 1 1.50996e-7 0 0.09927058 0 4.11179e-7 -1 0.6839851 -1.50996e-7 1 3.35681e-7 0.004677951 0 0 0 1 0.9992992 -0.03505754 -0.01312172 0.1999061 -0.01322448 -0.002700984 -0.9999089 0.6813812 0.03501892 0.9993817 -0.003162801 0.01353526 0 0 0 1 0.9992992 -0.03505748 -0.01312202 0.3021935 -0.01333653 -0.005892038 -0.9998937 0.6813344 0.03497642 0.9993681 -0.006355524 0.01571089 0 0 0 1 0.9992277 0.03688657 -0.013547 0.3764892 -0.01333743 -0.005922257 -0.9998935 0.681334 -0.03696286 0.999302 -0.005425751 -0.01136702 0 0 0 1 0.9992277 0.03688651 -0.0135467 0.4646149 -0.01333713 -0.005922257 -0.9998935 0.6813341 -0.03696286 0.999302 -0.005425751 -0.01136696 0 0 0 1 1 0 0 0.5350781 0 3.57628e-7 -0.9999998 0.6885714 0 1 2.79397e-7 0.00467807 0 0 0 1 1 0 0 0.6361511 0 3.57628e-7 -0.9999998 0.6885714 0 1 2.79397e-7 0.00467807 0 0 0 1 1 0 0 0.5986281 0 3.57628e-7 -0.9999998 0.6400034 0 1 2.79397e-7 0.08237713 0 0 0 1 1 0 0 0 0 -3.73926e-7 1 -0.7818231 0 -1 -2.98428e-7 -0.03228831 0 0 0 1 1 0 0 0.09729462 0 -3.73926e-7 1 -1.178822 0 -1 -2.98428e-7 -0.1421502 0 0 0 1 1 0 0 0 0 -3.73926e-7 1 -0.7818231 0 -1 -2.98428e-7 -0.03228831 0 0 0 1 1 0 0 0 0 -3.36673e-7 1 -0.8631954 0 -1 -2.61175e-7 -0.02528834 0 0 0 1 1 0 0 -0.07284629 0 -3.36673e-7 1 -1.106588 0 -1 -2.61175e-7 3.70072e-4 0 0 0 1 1 0 0 0.07357376 0 -3.36673e-7 1 -1.106547 0 -1 -2.61175e-7 3.70072e-4 0 0 0 1 1 0 0 -0.04099994 0 -3.36673e-7 1 -1.037851 0 -1 -2.61175e-7 -0.1069579 0 0 0 1 1 0 0 0.04099994 0 -3.36673e-7 1 -1.037851 0 -1 -2.61175e-7 -0.1069579 0 0 0 1 1 0 0 0 0 -4.11179e-7 1 -0.9411687 0 -1 -3.35681e-7 -0.0818597 0 0 0 1 1 0 0 -0.04099994 0 -3.36673e-7 1 -1.037851 0 -1 -2.61175e-7 -0.1069579 0 0 0 1 1 0 0 0.04099994 0 -3.36673e-7 1 -1.037851 0 -1 -2.61175e-7 -0.1069579 0 0 0 1 1 0 0 -0.04099994 0 -3.36673e-7 1 -1.037851 0 -1 -2.61175e-7 -0.1069579 0 0 0 1 1 0 0 0.04099994 0 -3.36673e-7 1 -1.037851 0 -1 -2.61175e-7 -0.1069579 0 0 0 1 1 0 0 0 0 0 1 -0.922902 0 -1 0 -0.1718867 0 0 0 1</float_array>
          <technique_common>
            <accessor source="#sandy_root_mesh_011-skin-bind_poses-array" count="48" stride="16">
              <param name="TRANSFORM" type="float4x4"/>
            </accessor>
          </technique_common>
        </source>
        <source id="sandy_root_mesh_011-skin-weights">
          <float_array id="sandy_root_mesh_011-skin-weights-array" count="446">1 1.53788e-5 0.9999846 1 0.4003715 0.5996285 1 0.4000053 0.5999947 0.400048 0.599952 1 0.4001884 0.5998116 1 0.5000322 0.4999678 1 0.4117674 0.5882326 1.81207e-5 0.9999819 0.4179933 0.5820068 1 0.4023675 0.5976325 1 0.5000322 0.4999678 0.5004442 0.4995558 1 0.5000169 0.4999831 0.5003984 0.4996016 0.5058764 0.4941236 0.4007988 0.5992012 0.5058764 0.4941236 0.4027948 0.5972052 0.401574 0.598426 0.4065791 0.5934209 0.5976323 0.4023677 0.4004143 0.5995857 0.5503109 0.4496892 0.4001091 0.5998909 0.5500667 0.4499333 0.4000054 0.5999947 0.558812 0.441188 0.558812 0.441188 0.5517758 0.4482243 0.001824021 0.998176 0.5500225 0.4499775 6.55246e-4 0.9993448 0.505876 0.494124 1 0.004693984 0.995306 6.29465e-5 0.9999371 0.003786027 0.9962139 2.75025e-4 0.999725 5.22738e-5 0.9999478 7.36339e-4 0.9992637 3.51044e-5 0.999965 0 1 9.22708e-5 0.9999077 6.55634e-7 0.9999994 3.70155e-5 0.9999631 5.54308e-6 0.9999945 0.001527488 0.9984725 3.33202e-4 0.9996668 1.38409e-4 0.9998616 4.6552e-5 0.9999535 1.30244e-4 0.9998698 2.20364e-4 0.9997797 1.20398e-5 0.999988 2.97311e-4 0.9997027 6.90857e-5 0.999931 8.62763e-4 0.9991372 6.49468e-4 0.9993506 0.002691388 0.9973086 1 1 0.999993 7.09288e-6 1 1 1 1 1 1 1 1 1 0.003014147 0.9969858 1.16822e-5 0.9999883 6.80901e-4 0.9993191 7.84346e-4 0.9992157 0.04313731 0.9568627 1 8.65418e-5 0.9999135 7.68324e-4 0.9992317 8.22498e-6 0.9999918 4.5748e-4 0.9995426 0.003921687 0.9960783 0.01960849 0.9803916 0.02745097 0.9725491 0 1 4.23219e-6 0.9999958 6.25837e-6 0.9999938 3.69547e-6 0.9999963 0.07450997 0.92549 0.4117676 0.5882324 1.81207e-5 0.9999819 1.53788e-5 0.9999846 0.4000482 0.5999518 1 1 0.4023677 0.5976324 0.4179935 0.5820065 0.4001886 0.5998114 0.4000055 0.5999945 0.4003717 0.5996283 1 1 1 0.505876 0.494124 1 0.5003979 0.499602 1 1 0.5004437 0.4995563 0.4000055 0.5999945 0.5000317 0.4999683 0.402795 0.597205 0.5000317 0.4999683 0.400799 0.599201 0.4004145 0.5995855 0.4065794 0.5934206 0.5000165 0.4999836 0.4015742 0.5984258 0.5588117 0.4411883 0.5500664 0.4499336 0.4001093 0.5998907 0.5500221 0.4499779 7.68944e-6 0.9999924 1.85262e-4 0.9998148 0.5503106 0.4496895 0.001824021 0.998176 0.5517754 0.4482246 0.01389533 0.9861047 6.43034e-4 0.999357 0.5588117 0.4411883 6.55246e-4 0.9993448 0.5976321 0.4023679 0.01568704 0.984313 0.001151323 0.9988487 4.70251e-5 0.999953 1.40495e-4 0.9998596 0.00222522 0.9977748 3.87408e-6 0.9999962 1 1 8.22591e-6 0.9999918 3.07571e-5 0.9999693 1 1 0.9959807 0.00401932 1 6.01994e-6 0.999994 9.56681e-5 0.9999044 1.30541e-5 0.999987 0.005511999 0.9944881 2.80135e-6 0.9999973 1 1 1.72852e-6 0.9999983 0.3282875 0.6717125 9.2383e-6 0.9999908 1.16822e-5 0.9999883 0.002691388 0.9973086 1 0.999993 7.09288e-6 1 1 3.07571e-5 0.9999693 8.22593e-6 0.9999918 1 0.007843255 0.9921567 1 1 1 6.80901e-4 0.9993191 0 1 4.2322e-6 0.9999958 0.04313737 0.9568626 0.01960849 0.9803915 1 1 1 0.9959807 0.00401932 1 1 1 7.68325e-4 0.9992317 4.5748e-4 0.9995426 0.003921687 0.9960783 1 3.69547e-6 0.9999963 8.225e-6 0.9999918 6.25837e-6 0.9999938 8.65418e-5 0.9999135 0.003014206 0.9969858 1 1 7.84346e-4 0.9992157 0.02745097 0.972549 1 1 1 3.87408e-6 0.9999962 1.72852e-6 0.9999983 1 4.70251e-5 0.999953 0.3282875 0.6717125 0.00222522 0.9977748 0.001151323 0.9988487 0.01568704 0.9843129 6.01994e-6 0.999994 2.80136e-6 0.9999973 9.56681e-5 0.9999044 9.23831e-6 0.9999908 1.40495e-4 0.9998596 1.30541e-5 0.999987 0.005511999 0.9944881 1 0.07451009 0.9254899 1 1 2.97311e-4 0.9997027 7.3634e-4 0.9992637 0.004693984 0.995306 3.51045e-5 0.999965 6.55634e-7 0.9999994 3.70155e-5 0.9999631 6.43035e-4 0.999357 0.01389533 0.9861047 1.20398e-5 0.999988 5.22738e-5 0.9999478 2.75025e-4 0.999725 1.30244e-4 0.9998698 6.49468e-4 0.9993506 2.20364e-4 0.9997797 1.38409e-4 0.9998616 4.6552e-5 0.9999535 3.33202e-4 0.9996668 0.003786027 0.996214 0 1 6.29466e-5 0.9999371 5.54309e-6 0.9999945 6.90858e-5 0.999931 7.68946e-6 0.9999924 1.85262e-4 0.9998148 8.62764e-4 0.9991372 0.001527488 0.9984725 9.22709e-5 0.9999077 0.007843255 0.9921568 1 1</float_array>
          <technique_common>
            <accessor source="#sandy_root_mesh_011-skin-weights-array" count="446" stride="1">
              <param name="WEIGHT" type="float"/>
            </accessor>
          </technique_common>
        </source>
        <joints>
          <input semantic="JOINT" source="#sandy_root_mesh_011-skin-joints"/>
          <input semantic="INV_BIND_MATRIX" source="#sandy_root_mesh_011-skin-bind_poses"/>
        </joints>
        <vertex_weights count="254">
          <input semantic="JOINT" source="#sandy_root_mesh_011-skin-joints" offset="0"/>
          <input semantic="WEIGHT" source="#sandy_root_mesh_011-skin-weights" offset="1"/>
          <vcount>1 2 1 2 1 2 2 1 2 1 2 1 2 2 2 1 2 1 2 2 1 2 2 2 2 2 2 2 2 2 2 2 2 2 2 2 2 2 2 2 2 2 1 2 2 2 2 2 2 2 2 2 2 2 2 2 2 2 2 2 2 2 2 2 2 2 2 1 1 2 1 1 1 1 1 1 1 1 1 2 2 2 2 2 1 2 2 2 2 2 2 2 2 2 2 2 2 2 2 2 2 1 1 2 2 2 2 2 1 1 1 2 1 2 1 1 2 2 2 2 2 2 2 2 2 2 2 2 2 2 2 2 2 2 2 2 2 2 2 2 2 2 2 2 2 2 1 1 2 2 1 1 2 1 2 2 2 2 2 1 1 2 2 2 2 2 1 2 1 1 2 2 1 2 1 1 1 2 2 2 2 2 1 1 1 2 1 1 1 2 2 2 1 2 2 2 2 2 1 1 2 2 1 1 1 2 2 1 2 2 2 2 2 2 2 2 2 2 2 2 1 2 1 1 2 2 2 2 2 2 2 2 2 2 2 2 2 2 2 2 2 2 2 2 2 2 2 2 2 2 2 2 1 1 </vcount>
          <v>29 0 30 1 31 2 31 3 29 4 30 5 29 6 29 7 30 8 29 9 30 10 29 11 29 12 30 13 29 14 28 15 29 16 29 17 29 18 30 19 30 20 31 21 29 22 30 23 31 24 29 25 30 26 29 27 28 28 29 29 28 30 29 31 29 32 28 33 29 34 28 35 29 36 28 37 29 38 27 39 28 40 28 41 29 42 27 43 28 44 27 45 28 46 27 47 28 48 27 49 28 50 27 51 28 52 27 53 28 54 27 55 28 56 27 57 28 58 27 59 28 60 27 61 28 62 27 63 28 64 27 65 28 66 26 67 27 68 27 69 28 70 26 71 27 72 20 73 21 74 21 75 18 76 19 77 18 78 19 79 18 80 19 81 18 82 19 83 18 84 19 85 18 86 19 87 18 88 19 89 18 90 19 91 18 92 19 93 18 94 19 95 18 96 19 97 18 98 19 99 18 100 19 101 18 102 19 103 18 104 19 105 18 106 19 107 18 108 19 109 18 110 19 111 18 112 19 113 18 114 19 115 18 116 19 117 18 118 19 119 18 120 19 121 23 122 24 123 23 124 23 125 23 126 25 127 23 128 23 129 23 130 23 131 23 132 23 133 23 134 23 135 23 136 23 137 24 138 23 139 24 140 23 141 24 142 23 143 24 144 23 145 24 146 23 147 23 148 24 149 23 150 24 151 23 152 24 153 23 154 24 155 23 156 24 157 23 158 24 159 23 160 24 161 23 162 24 163 23 164 24 165 23 166 24 167 23 168 24 169 22 170 23 171 21 172 22 173 22 174 23 175 22 176 23 177 21 178 22 179 23 180 23 181 21 182 22 183 21 184 22 185 21 186 22 187 21 188 22 189 21 190 22 191 21 192 21 193 21 194 20 195 21 196 21 197 20 198 21 199 21 200 21 201 20 202 21 203 19 204 20 205 20 206 21 207 19 208 20 209 20 210 21 211 19 212 20 213 19 214 20 215 19 216 20 217 20 218 21 219 19 220 20 221 19 222 20 223 19 224 20 225 19 226 20 227 19 228 20 229 18 230 19 231 18 232 19 233 19 234 20 235 18 236 19 237 19 238 20 239 18 240 19 241 18 242 19 243 19 244 20 245 18 246 19 247 19 248 20 249 23 250 25 251 23 252 25 253 23 254 25 255 23 256 25 257 23 258 25 259 23 260 25 261 23 262 23 263 22 264 23 265 22 266 23 267 23 268 23 269 23 270 25 271 23 272 23 273 25 274 23 275 25 276 23 277 25 278 23 279 25 280 23 281 25 282 23 283 23 284 23 285 25 286 23 287 25 288 23 289 25 290 31 291 32 292 31 293 32 294 31 295 31 296 33 297 31 298 31 299 30 300 31 301 30 302 31 303 31 304 30 305 31 306 31 307 31 308 31 309 31 310 32 311 31 312 32 313 31 314 32 315 31 316 32 317 31 318 32 319 31 320 31 321 31 322 31 323 33 324 31 325 31 326 31 327 31 328 32 329 31 330 32 331 31 332 32 333 31 334 31 335 32 336 31 337 32 338 31 339 32 340 31 341 32 342 31 343 32 344 31 345 31 346 31 347 32 348 31 349 32 350 31 351 31 352 31 353 31 354 33 355 31 356 33 357 31 358 31 359 33 360 31 361 33 362 31 363 33 364 31 365 33 366 31 367 33 368 31 369 33 370 31 371 33 372 31 373 33 374 31 375 33 376 31 377 33 378 31 379 33 380 31 381 33 382 23 383 30 384 31 385 31 386 31 387 26 388 27 389 26 390 27 391 26 392 27 393 26 394 27 395 26 396 27 397 26 398 27 399 26 400 27 401 26 402 27 403 26 404 27 405 26 406 27 407 26 408 27 409 26 410 27 411 26 412 27 413 26 414 27 415 26 416 27 417 26 418 27 419 26 420 27 421 26 422 27 423 26 424 27 425 26 426 27 427 26 428 27 429 26 430 27 431 26 432 27 433 26 434 27 435 26 436 27 437 26 438 27 439 26 440 27 441 22 442 23 443 23 444 23 445</v>
        </vertex_weights>
      </skin>
    </controller>
    <controller id="sandy_root_mesh_010-skin" name="sandy_root">
      <skin source="#unnamed_016-mesh">
        <bind_shape_matrix>1 0 0 0 0 1 0 0 0 0 1 0 0 0 0 1</bind_shape_matrix>
        <source id="sandy_root_mesh_010-skin-joints">
          <Name_array id="sandy_root_mesh_010-skin-joints-array" count="48">sandy_root sandy_sub_root sandy_connect sandy_hip sandy_skel_tail1 sandy_skel_tail2 sandy_skel_tail3 sandy_skel_tail4 sandy_thigh_L sandy_knee_L sandy_ankle_L sandy_toe_L sandy_thigh_R sandy_knee_R sandy_ankle_R sandy_toe_R sandy_spine sandy_chest sandy_clavicle_L sandy_bicep_L sandy_bicep_twist_L sandy_elbow_L sandy_elbow_twist_L sandy_wrist_L sandy_fingers_L sandy_thumb_L sandy_clavicle_R sandy_bicep_R sandy_bicep_twist_R sandy_elbow_R sandy_elbow_twist_R sandy_wrist_R sandy_fingers_R sandy_thumb_R sandy_helmet sandy_flower sandy_neck sandy_head sandy_ear_L sandy_ear_R sandy_eye_L sandy_eye_R sandy_jaw sandy_lid_bottom_L sandy_lid_bottom_R sandy_lid_top_L sandy_lid_top_R sandy_teeth</Name_array>
          <technique_common>
            <accessor source="#sandy_root_mesh_010-skin-joints-array" count="48" stride="1">
              <param name="JOINT" type="name"/>
            </accessor>
          </technique_common>
        </source>
        <source id="sandy_root_mesh_010-skin-bind_poses">
          <float_array id="sandy_root_mesh_010-skin-bind_poses-array" count="768">1 0 0 0 0 -3.57628e-7 1 0 0 -1 -2.8213e-7 0 0 0 0 1 1 0 0 0 0 -2.83122e-7 1 -0.4714638 0 -1 -2.07624e-7 -0.03626632 0 0 0 1 1 0 0 0 0 -3.57628e-7 1 0 0 -1 -2.8213e-7 0 0 0 0 1 1 0 0 0 0 -2.99015e-7 1 -0.4714638 0 -1 -2.23517e-7 -0.03626632 0 0 0 1 1 0 0 0 0 0.9950543 0.09933263 -0.1873089 0 -0.09933286 0.9950543 -0.4196816 0 0 0 1 1 0 0 0 0 0.9799787 0.1991013 -0.3554116 0 -0.1991015 0.9799788 -0.3858299 0 0 0 1 1 0 0 0 0 0.9999311 0.01172387 -0.462925 0 -0.01172411 0.9999312 -0.4812176 0 0 0 1 1 0 0 0 0 -1.22003e-6 1 -0.4897423 0 -0.9999999 -1.11852e-6 0.7243151 0 0 0 1 1 3.40565e-7 0 -0.1023073 0 -0.03962713 -0.9992145 0.4223722 -3.40833e-7 0.999214 -0.03962719 0.05400931 0 0 0 1 1 3.68413e-7 0 -0.1023073 0 0.03830635 -0.999266 0.2883981 -3.68683e-7 0.9992654 0.03830629 0.0316466 0 0 0 1 1 3.02822e-7 -7.32217e-7 -0.1023073 0 -0.9240896 -0.3821744 0.01286548 -7.92366e-7 0.3821743 -0.9240901 0.1261637 0 0 0 1 1 0 0 -0.1023073 0 -2.98023e-7 0.9999999 -0.06277698 0 -0.9999994 -1.49011e-7 -0.1783271 0 0 0 1 1 0 0 0.102307 0 -0.02355045 0.9997227 -0.4249402 0 -0.9997227 -0.02355039 -0.02722954 0 0 0 1 1 0 0 0.102307 0 -0.05422151 0.9985291 -0.2889982 0 -0.998529 -0.05422139 -0.02924811 0 0 0 1 1 4.17701e-7 8.14842e-7 0.1023069 1.49012e-7 -0.9522646 0.3052741 -0.07168537 9.03458e-7 -0.305274 -0.9522646 0.1046137 0 0 0 1 1 -1.10467e-6 2.98023e-7 0.1023067 2.98024e-7 3.27825e-7 -1 0.06277751 1.10467e-6 1 1.78814e-7 0.1783271 0 0 0 1 1 0 0 0 0 -3.20375e-7 1 -0.5593044 0 -1 -2.44877e-7 -0.02300649 0 0 0 1 1 0 0 0 0 -3.36673e-7 1 -0.6726704 0 -1 -2.61175e-7 -0.02168053 0 0 0 1 1 0 0 -0.09927064 0 -3.73926e-7 1 -0.6839853 0 -1 -2.98428e-7 -0.00467801 0 0 0 1 0.9993034 0.03732061 0 -0.1909216 0 -3.64208e-7 1 -0.6839853 0.03732061 -0.9993034 -2.88509e-7 -0.01181155 0 0 0 1 0.9993034 0.03732061 0 -0.2932086 0 -3.59755e-7 1 -0.6839853 0.03732061 -0.9993034 -2.84053e-7 -0.01181155 0 0 0 1 0.9992287 -0.03926807 0 -0.3671739 0 -3.55102e-7 1 -0.6839853 -0.03926807 -0.9992287 -2.79402e-7 0.01633703 0 0 0 1 0.9992287 -0.03926807 0 -0.4552995 0 -3.55097e-7 1 -0.6839853 -0.03926807 -0.9992287 -2.79397e-7 0.01633703 0 0 0 1 1 0 0 -0.5350791 0 -3.64403e-7 1 -0.6839852 0 -1 -2.88905e-7 -0.00467801 0 0 0 1 1 0 0 -0.6361517 0 -3.64208e-7 1 -0.6839852 0 -1 -2.8871e-7 -0.00467801 0 0 0 1 1 0 0 -0.5986294 0 -3.64403e-7 1 -0.6354173 0 -1 -2.88905e-7 -0.08237713 0 0 0 1 1 1.50996e-7 0 0.09927058 0 4.11179e-7 -1 0.6839851 -1.50996e-7 1 3.35681e-7 0.004677951 0 0 0 1 0.9992992 -0.03505754 -0.01312172 0.1999061 -0.01322448 -0.002700984 -0.9999089 0.6813812 0.03501892 0.9993817 -0.003162801 0.01353526 0 0 0 1 0.9992992 -0.03505748 -0.01312202 0.3021935 -0.01333653 -0.005892038 -0.9998937 0.6813344 0.03497642 0.9993681 -0.006355524 0.01571089 0 0 0 1 0.9992277 0.03688657 -0.013547 0.3764892 -0.01333743 -0.005922257 -0.9998935 0.681334 -0.03696286 0.999302 -0.005425751 -0.01136702 0 0 0 1 0.9992277 0.03688651 -0.0135467 0.4646149 -0.01333713 -0.005922257 -0.9998935 0.6813341 -0.03696286 0.999302 -0.005425751 -0.01136696 0 0 0 1 1 0 0 0.5350781 0 3.57628e-7 -0.9999998 0.6885714 0 1 2.79397e-7 0.00467807 0 0 0 1 1 0 0 0.6361511 0 3.57628e-7 -0.9999998 0.6885714 0 1 2.79397e-7 0.00467807 0 0 0 1 1 0 0 0.5986281 0 3.57628e-7 -0.9999998 0.6400034 0 1 2.79397e-7 0.08237713 0 0 0 1 1 0 0 0 0 -3.73926e-7 1 -0.7818231 0 -1 -2.98428e-7 -0.03228831 0 0 0 1 1 0 0 0.09729462 0 -3.73926e-7 1 -1.178822 0 -1 -2.98428e-7 -0.1421502 0 0 0 1 1 0 0 0 0 -3.73926e-7 1 -0.7818231 0 -1 -2.98428e-7 -0.03228831 0 0 0 1 1 0 0 0 0 -3.36673e-7 1 -0.8631954 0 -1 -2.61175e-7 -0.02528834 0 0 0 1 1 0 0 -0.07284629 0 -3.36673e-7 1 -1.106588 0 -1 -2.61175e-7 3.70072e-4 0 0 0 1 1 0 0 0.07357376 0 -3.36673e-7 1 -1.106547 0 -1 -2.61175e-7 3.70072e-4 0 0 0 1 1 0 0 -0.04099994 0 -3.36673e-7 1 -1.037851 0 -1 -2.61175e-7 -0.1069579 0 0 0 1 1 0 0 0.04099994 0 -3.36673e-7 1 -1.037851 0 -1 -2.61175e-7 -0.1069579 0 0 0 1 1 0 0 0 0 -4.11179e-7 1 -0.9411687 0 -1 -3.35681e-7 -0.0818597 0 0 0 1 1 0 0 -0.04099994 0 -3.36673e-7 1 -1.037851 0 -1 -2.61175e-7 -0.1069579 0 0 0 1 1 0 0 0.04099994 0 -3.36673e-7 1 -1.037851 0 -1 -2.61175e-7 -0.1069579 0 0 0 1 1 0 0 -0.04099994 0 -3.36673e-7 1 -1.037851 0 -1 -2.61175e-7 -0.1069579 0 0 0 1 1 0 0 0.04099994 0 -3.36673e-7 1 -1.037851 0 -1 -2.61175e-7 -0.1069579 0 0 0 1 1 0 0 0 0 0 1 -0.922902 0 -1 0 -0.1718867 0 0 0 1</float_array>
          <technique_common>
            <accessor source="#sandy_root_mesh_010-skin-bind_poses-array" count="48" stride="16">
              <param name="TRANSFORM" type="float4x4"/>
            </accessor>
          </technique_common>
        </source>
        <source id="sandy_root_mesh_010-skin-weights">
          <float_array id="sandy_root_mesh_010-skin-weights-array" count="11">1 1 1 1 1 1 1 1 1 1 1</float_array>
          <technique_common>
            <accessor source="#sandy_root_mesh_010-skin-weights-array" count="11" stride="1">
              <param name="WEIGHT" type="float"/>
            </accessor>
          </technique_common>
        </source>
        <joints>
          <input semantic="JOINT" source="#sandy_root_mesh_010-skin-joints"/>
          <input semantic="INV_BIND_MATRIX" source="#sandy_root_mesh_010-skin-bind_poses"/>
        </joints>
        <vertex_weights count="11">
          <input semantic="JOINT" source="#sandy_root_mesh_010-skin-joints" offset="0"/>
          <input semantic="WEIGHT" source="#sandy_root_mesh_010-skin-weights" offset="1"/>
          <vcount>1 1 1 1 1 1 1 1 1 1 1 </vcount>
          <v>41 0 41 1 41 2 41 3 41 4 41 5 41 6 41 7 41 8 41 9 41 10</v>
        </vertex_weights>
      </skin>
    </controller>
    <controller id="sandy_root_mesh_009-skin" name="sandy_root">
      <skin source="#unnamed_015-mesh">
        <bind_shape_matrix>1 0 0 0 0 1 0 0 0 0 1 0 0 0 0 1</bind_shape_matrix>
        <source id="sandy_root_mesh_009-skin-joints">
          <Name_array id="sandy_root_mesh_009-skin-joints-array" count="48">sandy_root sandy_sub_root sandy_connect sandy_hip sandy_skel_tail1 sandy_skel_tail2 sandy_skel_tail3 sandy_skel_tail4 sandy_thigh_L sandy_knee_L sandy_ankle_L sandy_toe_L sandy_thigh_R sandy_knee_R sandy_ankle_R sandy_toe_R sandy_spine sandy_chest sandy_clavicle_L sandy_bicep_L sandy_bicep_twist_L sandy_elbow_L sandy_elbow_twist_L sandy_wrist_L sandy_fingers_L sandy_thumb_L sandy_clavicle_R sandy_bicep_R sandy_bicep_twist_R sandy_elbow_R sandy_elbow_twist_R sandy_wrist_R sandy_fingers_R sandy_thumb_R sandy_helmet sandy_flower sandy_neck sandy_head sandy_ear_L sandy_ear_R sandy_eye_L sandy_eye_R sandy_jaw sandy_lid_bottom_L sandy_lid_bottom_R sandy_lid_top_L sandy_lid_top_R sandy_teeth</Name_array>
          <technique_common>
            <accessor source="#sandy_root_mesh_009-skin-joints-array" count="48" stride="1">
              <param name="JOINT" type="name"/>
            </accessor>
          </technique_common>
        </source>
        <source id="sandy_root_mesh_009-skin-bind_poses">
          <float_array id="sandy_root_mesh_009-skin-bind_poses-array" count="768">1 0 0 0 0 -3.57628e-7 1 0 0 -1 -2.8213e-7 0 0 0 0 1 1 0 0 0 0 -2.83122e-7 1 -0.4714638 0 -1 -2.07624e-7 -0.03626632 0 0 0 1 1 0 0 0 0 -3.57628e-7 1 0 0 -1 -2.8213e-7 0 0 0 0 1 1 0 0 0 0 -2.99015e-7 1 -0.4714638 0 -1 -2.23517e-7 -0.03626632 0 0 0 1 1 0 0 0 0 0.9950543 0.09933263 -0.1873089 0 -0.09933286 0.9950543 -0.4196816 0 0 0 1 1 0 0 0 0 0.9799787 0.1991013 -0.3554116 0 -0.1991015 0.9799788 -0.3858299 0 0 0 1 1 0 0 0 0 0.9999311 0.01172387 -0.462925 0 -0.01172411 0.9999312 -0.4812176 0 0 0 1 1 0 0 0 0 -1.22003e-6 1 -0.4897423 0 -0.9999999 -1.11852e-6 0.7243151 0 0 0 1 1 3.40565e-7 0 -0.1023073 0 -0.03962713 -0.9992145 0.4223722 -3.40833e-7 0.999214 -0.03962719 0.05400931 0 0 0 1 1 3.68413e-7 0 -0.1023073 0 0.03830635 -0.999266 0.2883981 -3.68683e-7 0.9992654 0.03830629 0.0316466 0 0 0 1 1 3.02822e-7 -7.32217e-7 -0.1023073 0 -0.9240896 -0.3821744 0.01286548 -7.92366e-7 0.3821743 -0.9240901 0.1261637 0 0 0 1 1 0 0 -0.1023073 0 -2.98023e-7 0.9999999 -0.06277698 0 -0.9999994 -1.49011e-7 -0.1783271 0 0 0 1 1 0 0 0.102307 0 -0.02355045 0.9997227 -0.4249402 0 -0.9997227 -0.02355039 -0.02722954 0 0 0 1 1 0 0 0.102307 0 -0.05422151 0.9985291 -0.2889982 0 -0.998529 -0.05422139 -0.02924811 0 0 0 1 1 4.17701e-7 8.14842e-7 0.1023069 1.49012e-7 -0.9522646 0.3052741 -0.07168537 9.03458e-7 -0.305274 -0.9522646 0.1046137 0 0 0 1 1 -1.10467e-6 2.98023e-7 0.1023067 2.98024e-7 3.27825e-7 -1 0.06277751 1.10467e-6 1 1.78814e-7 0.1783271 0 0 0 1 1 0 0 0 0 -3.20375e-7 1 -0.5593044 0 -1 -2.44877e-7 -0.02300649 0 0 0 1 1 0 0 0 0 -3.36673e-7 1 -0.6726704 0 -1 -2.61175e-7 -0.02168053 0 0 0 1 1 0 0 -0.09927064 0 -3.73926e-7 1 -0.6839853 0 -1 -2.98428e-7 -0.00467801 0 0 0 1 0.9993034 0.03732061 0 -0.1909216 0 -3.64208e-7 1 -0.6839853 0.03732061 -0.9993034 -2.88509e-7 -0.01181155 0 0 0 1 0.9993034 0.03732061 0 -0.2932086 0 -3.59755e-7 1 -0.6839853 0.03732061 -0.9993034 -2.84053e-7 -0.01181155 0 0 0 1 0.9992287 -0.03926807 0 -0.3671739 0 -3.55102e-7 1 -0.6839853 -0.03926807 -0.9992287 -2.79402e-7 0.01633703 0 0 0 1 0.9992287 -0.03926807 0 -0.4552995 0 -3.55097e-7 1 -0.6839853 -0.03926807 -0.9992287 -2.79397e-7 0.01633703 0 0 0 1 1 0 0 -0.5350791 0 -3.64403e-7 1 -0.6839852 0 -1 -2.88905e-7 -0.00467801 0 0 0 1 1 0 0 -0.6361517 0 -3.64208e-7 1 -0.6839852 0 -1 -2.8871e-7 -0.00467801 0 0 0 1 1 0 0 -0.5986294 0 -3.64403e-7 1 -0.6354173 0 -1 -2.88905e-7 -0.08237713 0 0 0 1 1 1.50996e-7 0 0.09927058 0 4.11179e-7 -1 0.6839851 -1.50996e-7 1 3.35681e-7 0.004677951 0 0 0 1 0.9992992 -0.03505754 -0.01312172 0.1999061 -0.01322448 -0.002700984 -0.9999089 0.6813812 0.03501892 0.9993817 -0.003162801 0.01353526 0 0 0 1 0.9992992 -0.03505748 -0.01312202 0.3021935 -0.01333653 -0.005892038 -0.9998937 0.6813344 0.03497642 0.9993681 -0.006355524 0.01571089 0 0 0 1 0.9992277 0.03688657 -0.013547 0.3764892 -0.01333743 -0.005922257 -0.9998935 0.681334 -0.03696286 0.999302 -0.005425751 -0.01136702 0 0 0 1 0.9992277 0.03688651 -0.0135467 0.4646149 -0.01333713 -0.005922257 -0.9998935 0.6813341 -0.03696286 0.999302 -0.005425751 -0.01136696 0 0 0 1 1 0 0 0.5350781 0 3.57628e-7 -0.9999998 0.6885714 0 1 2.79397e-7 0.00467807 0 0 0 1 1 0 0 0.6361511 0 3.57628e-7 -0.9999998 0.6885714 0 1 2.79397e-7 0.00467807 0 0 0 1 1 0 0 0.5986281 0 3.57628e-7 -0.9999998 0.6400034 0 1 2.79397e-7 0.08237713 0 0 0 1 1 0 0 0 0 -3.73926e-7 1 -0.7818231 0 -1 -2.98428e-7 -0.03228831 0 0 0 1 1 0 0 0.09729462 0 -3.73926e-7 1 -1.178822 0 -1 -2.98428e-7 -0.1421502 0 0 0 1 1 0 0 0 0 -3.73926e-7 1 -0.7818231 0 -1 -2.98428e-7 -0.03228831 0 0 0 1 1 0 0 0 0 -3.36673e-7 1 -0.8631954 0 -1 -2.61175e-7 -0.02528834 0 0 0 1 1 0 0 -0.07284629 0 -3.36673e-7 1 -1.106588 0 -1 -2.61175e-7 3.70072e-4 0 0 0 1 1 0 0 0.07357376 0 -3.36673e-7 1 -1.106547 0 -1 -2.61175e-7 3.70072e-4 0 0 0 1 1 0 0 -0.04099994 0 -3.36673e-7 1 -1.037851 0 -1 -2.61175e-7 -0.1069579 0 0 0 1 1 0 0 0.04099994 0 -3.36673e-7 1 -1.037851 0 -1 -2.61175e-7 -0.1069579 0 0 0 1 1 0 0 0 0 -4.11179e-7 1 -0.9411687 0 -1 -3.35681e-7 -0.0818597 0 0 0 1 1 0 0 -0.04099994 0 -3.36673e-7 1 -1.037851 0 -1 -2.61175e-7 -0.1069579 0 0 0 1 1 0 0 0.04099994 0 -3.36673e-7 1 -1.037851 0 -1 -2.61175e-7 -0.1069579 0 0 0 1 1 0 0 -0.04099994 0 -3.36673e-7 1 -1.037851 0 -1 -2.61175e-7 -0.1069579 0 0 0 1 1 0 0 0.04099994 0 -3.36673e-7 1 -1.037851 0 -1 -2.61175e-7 -0.1069579 0 0 0 1 1 0 0 0 0 0 1 -0.922902 0 -1 0 -0.1718867 0 0 0 1</float_array>
          <technique_common>
            <accessor source="#sandy_root_mesh_009-skin-bind_poses-array" count="48" stride="16">
              <param name="TRANSFORM" type="float4x4"/>
            </accessor>
          </technique_common>
        </source>
        <source id="sandy_root_mesh_009-skin-weights">
          <float_array id="sandy_root_mesh_009-skin-weights-array" count="12">1 1 1 1 1 1 1 1 1 1 1 1</float_array>
          <technique_common>
            <accessor source="#sandy_root_mesh_009-skin-weights-array" count="12" stride="1">
              <param name="WEIGHT" type="float"/>
            </accessor>
          </technique_common>
        </source>
        <joints>
          <input semantic="JOINT" source="#sandy_root_mesh_009-skin-joints"/>
          <input semantic="INV_BIND_MATRIX" source="#sandy_root_mesh_009-skin-bind_poses"/>
        </joints>
        <vertex_weights count="12">
          <input semantic="JOINT" source="#sandy_root_mesh_009-skin-joints" offset="0"/>
          <input semantic="WEIGHT" source="#sandy_root_mesh_009-skin-weights" offset="1"/>
          <vcount>1 1 1 1 1 1 1 1 1 1 1 1 </vcount>
          <v>46 0 46 1 46 2 46 3 46 4 46 5 46 6 46 7 46 8 46 9 46 10 46 11</v>
        </vertex_weights>
      </skin>
    </controller>
    <controller id="sandy_root_mesh_008-skin" name="sandy_root">
      <skin source="#unnamed_014-mesh">
        <bind_shape_matrix>1 0 0 0 0 1 0 0 0 0 1 0 0 0 0 1</bind_shape_matrix>
        <source id="sandy_root_mesh_008-skin-joints">
          <Name_array id="sandy_root_mesh_008-skin-joints-array" count="48">sandy_root sandy_sub_root sandy_connect sandy_hip sandy_skel_tail1 sandy_skel_tail2 sandy_skel_tail3 sandy_skel_tail4 sandy_thigh_L sandy_knee_L sandy_ankle_L sandy_toe_L sandy_thigh_R sandy_knee_R sandy_ankle_R sandy_toe_R sandy_spine sandy_chest sandy_clavicle_L sandy_bicep_L sandy_bicep_twist_L sandy_elbow_L sandy_elbow_twist_L sandy_wrist_L sandy_fingers_L sandy_thumb_L sandy_clavicle_R sandy_bicep_R sandy_bicep_twist_R sandy_elbow_R sandy_elbow_twist_R sandy_wrist_R sandy_fingers_R sandy_thumb_R sandy_helmet sandy_flower sandy_neck sandy_head sandy_ear_L sandy_ear_R sandy_eye_L sandy_eye_R sandy_jaw sandy_lid_bottom_L sandy_lid_bottom_R sandy_lid_top_L sandy_lid_top_R sandy_teeth</Name_array>
          <technique_common>
            <accessor source="#sandy_root_mesh_008-skin-joints-array" count="48" stride="1">
              <param name="JOINT" type="name"/>
            </accessor>
          </technique_common>
        </source>
        <source id="sandy_root_mesh_008-skin-bind_poses">
          <float_array id="sandy_root_mesh_008-skin-bind_poses-array" count="768">1 0 0 0 0 -3.57628e-7 1 0 0 -1 -2.8213e-7 0 0 0 0 1 1 0 0 0 0 -2.83122e-7 1 -0.4714638 0 -1 -2.07624e-7 -0.03626632 0 0 0 1 1 0 0 0 0 -3.57628e-7 1 0 0 -1 -2.8213e-7 0 0 0 0 1 1 0 0 0 0 -2.99015e-7 1 -0.4714638 0 -1 -2.23517e-7 -0.03626632 0 0 0 1 1 0 0 0 0 0.9950543 0.09933263 -0.1873089 0 -0.09933286 0.9950543 -0.4196816 0 0 0 1 1 0 0 0 0 0.9799787 0.1991013 -0.3554116 0 -0.1991015 0.9799788 -0.3858299 0 0 0 1 1 0 0 0 0 0.9999311 0.01172387 -0.462925 0 -0.01172411 0.9999312 -0.4812176 0 0 0 1 1 0 0 0 0 -1.22003e-6 1 -0.4897423 0 -0.9999999 -1.11852e-6 0.7243151 0 0 0 1 1 3.40565e-7 0 -0.1023073 0 -0.03962713 -0.9992145 0.4223722 -3.40833e-7 0.999214 -0.03962719 0.05400931 0 0 0 1 1 3.68413e-7 0 -0.1023073 0 0.03830635 -0.999266 0.2883981 -3.68683e-7 0.9992654 0.03830629 0.0316466 0 0 0 1 1 3.02822e-7 -7.32217e-7 -0.1023073 0 -0.9240896 -0.3821744 0.01286548 -7.92366e-7 0.3821743 -0.9240901 0.1261637 0 0 0 1 1 0 0 -0.1023073 0 -2.98023e-7 0.9999999 -0.06277698 0 -0.9999994 -1.49011e-7 -0.1783271 0 0 0 1 1 0 0 0.102307 0 -0.02355045 0.9997227 -0.4249402 0 -0.9997227 -0.02355039 -0.02722954 0 0 0 1 1 0 0 0.102307 0 -0.05422151 0.9985291 -0.2889982 0 -0.998529 -0.05422139 -0.02924811 0 0 0 1 1 4.17701e-7 8.14842e-7 0.1023069 1.49012e-7 -0.9522646 0.3052741 -0.07168537 9.03458e-7 -0.305274 -0.9522646 0.1046137 0 0 0 1 1 -1.10467e-6 2.98023e-7 0.1023067 2.98024e-7 3.27825e-7 -1 0.06277751 1.10467e-6 1 1.78814e-7 0.1783271 0 0 0 1 1 0 0 0 0 -3.20375e-7 1 -0.5593044 0 -1 -2.44877e-7 -0.02300649 0 0 0 1 1 0 0 0 0 -3.36673e-7 1 -0.6726704 0 -1 -2.61175e-7 -0.02168053 0 0 0 1 1 0 0 -0.09927064 0 -3.73926e-7 1 -0.6839853 0 -1 -2.98428e-7 -0.00467801 0 0 0 1 0.9993034 0.03732061 0 -0.1909216 0 -3.64208e-7 1 -0.6839853 0.03732061 -0.9993034 -2.88509e-7 -0.01181155 0 0 0 1 0.9993034 0.03732061 0 -0.2932086 0 -3.59755e-7 1 -0.6839853 0.03732061 -0.9993034 -2.84053e-7 -0.01181155 0 0 0 1 0.9992287 -0.03926807 0 -0.3671739 0 -3.55102e-7 1 -0.6839853 -0.03926807 -0.9992287 -2.79402e-7 0.01633703 0 0 0 1 0.9992287 -0.03926807 0 -0.4552995 0 -3.55097e-7 1 -0.6839853 -0.03926807 -0.9992287 -2.79397e-7 0.01633703 0 0 0 1 1 0 0 -0.5350791 0 -3.64403e-7 1 -0.6839852 0 -1 -2.88905e-7 -0.00467801 0 0 0 1 1 0 0 -0.6361517 0 -3.64208e-7 1 -0.6839852 0 -1 -2.8871e-7 -0.00467801 0 0 0 1 1 0 0 -0.5986294 0 -3.64403e-7 1 -0.6354173 0 -1 -2.88905e-7 -0.08237713 0 0 0 1 1 1.50996e-7 0 0.09927058 0 4.11179e-7 -1 0.6839851 -1.50996e-7 1 3.35681e-7 0.004677951 0 0 0 1 0.9992992 -0.03505754 -0.01312172 0.1999061 -0.01322448 -0.002700984 -0.9999089 0.6813812 0.03501892 0.9993817 -0.003162801 0.01353526 0 0 0 1 0.9992992 -0.03505748 -0.01312202 0.3021935 -0.01333653 -0.005892038 -0.9998937 0.6813344 0.03497642 0.9993681 -0.006355524 0.01571089 0 0 0 1 0.9992277 0.03688657 -0.013547 0.3764892 -0.01333743 -0.005922257 -0.9998935 0.681334 -0.03696286 0.999302 -0.005425751 -0.01136702 0 0 0 1 0.9992277 0.03688651 -0.0135467 0.4646149 -0.01333713 -0.005922257 -0.9998935 0.6813341 -0.03696286 0.999302 -0.005425751 -0.01136696 0 0 0 1 1 0 0 0.5350781 0 3.57628e-7 -0.9999998 0.6885714 0 1 2.79397e-7 0.00467807 0 0 0 1 1 0 0 0.6361511 0 3.57628e-7 -0.9999998 0.6885714 0 1 2.79397e-7 0.00467807 0 0 0 1 1 0 0 0.5986281 0 3.57628e-7 -0.9999998 0.6400034 0 1 2.79397e-7 0.08237713 0 0 0 1 1 0 0 0 0 -3.73926e-7 1 -0.7818231 0 -1 -2.98428e-7 -0.03228831 0 0 0 1 1 0 0 0.09729462 0 -3.73926e-7 1 -1.178822 0 -1 -2.98428e-7 -0.1421502 0 0 0 1 1 0 0 0 0 -3.73926e-7 1 -0.7818231 0 -1 -2.98428e-7 -0.03228831 0 0 0 1 1 0 0 0 0 -3.36673e-7 1 -0.8631954 0 -1 -2.61175e-7 -0.02528834 0 0 0 1 1 0 0 -0.07284629 0 -3.36673e-7 1 -1.106588 0 -1 -2.61175e-7 3.70072e-4 0 0 0 1 1 0 0 0.07357376 0 -3.36673e-7 1 -1.106547 0 -1 -2.61175e-7 3.70072e-4 0 0 0 1 1 0 0 -0.04099994 0 -3.36673e-7 1 -1.037851 0 -1 -2.61175e-7 -0.1069579 0 0 0 1 1 0 0 0.04099994 0 -3.36673e-7 1 -1.037851 0 -1 -2.61175e-7 -0.1069579 0 0 0 1 1 0 0 0 0 -4.11179e-7 1 -0.9411687 0 -1 -3.35681e-7 -0.0818597 0 0 0 1 1 0 0 -0.04099994 0 -3.36673e-7 1 -1.037851 0 -1 -2.61175e-7 -0.1069579 0 0 0 1 1 0 0 0.04099994 0 -3.36673e-7 1 -1.037851 0 -1 -2.61175e-7 -0.1069579 0 0 0 1 1 0 0 -0.04099994 0 -3.36673e-7 1 -1.037851 0 -1 -2.61175e-7 -0.1069579 0 0 0 1 1 0 0 0.04099994 0 -3.36673e-7 1 -1.037851 0 -1 -2.61175e-7 -0.1069579 0 0 0 1 1 0 0 0 0 0 1 -0.922902 0 -1 0 -0.1718867 0 0 0 1</float_array>
          <technique_common>
            <accessor source="#sandy_root_mesh_008-skin-bind_poses-array" count="48" stride="16">
              <param name="TRANSFORM" type="float4x4"/>
            </accessor>
          </technique_common>
        </source>
        <source id="sandy_root_mesh_008-skin-weights">
          <float_array id="sandy_root_mesh_008-skin-weights-array" count="21">1 1 1 1 1 1 1 1 1 1 1 1 1 1 1 1 1 1 1 1 1</float_array>
          <technique_common>
            <accessor source="#sandy_root_mesh_008-skin-weights-array" count="21" stride="1">
              <param name="WEIGHT" type="float"/>
            </accessor>
          </technique_common>
        </source>
        <joints>
          <input semantic="JOINT" source="#sandy_root_mesh_008-skin-joints"/>
          <input semantic="INV_BIND_MATRIX" source="#sandy_root_mesh_008-skin-bind_poses"/>
        </joints>
        <vertex_weights count="21">
          <input semantic="JOINT" source="#sandy_root_mesh_008-skin-joints" offset="0"/>
          <input semantic="WEIGHT" source="#sandy_root_mesh_008-skin-weights" offset="1"/>
          <vcount>1 1 1 1 1 1 1 1 1 1 1 1 1 1 1 1 1 1 1 1 1 </vcount>
          <v>35 0 35 1 35 2 35 3 35 4 35 5 35 6 35 7 35 8 35 9 35 10 35 11 35 12 35 13 35 14 35 15 35 16 35 17 35 18 35 19 35 20</v>
        </vertex_weights>
      </skin>
    </controller>
    <controller id="sandy_root_mesh_007-skin" name="sandy_root">
      <skin source="#unnamed_013-mesh">
        <bind_shape_matrix>1 0 0 0 0 1 0 0 0 0 1 0 0 0 0 1</bind_shape_matrix>
        <source id="sandy_root_mesh_007-skin-joints">
          <Name_array id="sandy_root_mesh_007-skin-joints-array" count="48">sandy_root sandy_sub_root sandy_connect sandy_hip sandy_skel_tail1 sandy_skel_tail2 sandy_skel_tail3 sandy_skel_tail4 sandy_thigh_L sandy_knee_L sandy_ankle_L sandy_toe_L sandy_thigh_R sandy_knee_R sandy_ankle_R sandy_toe_R sandy_spine sandy_chest sandy_clavicle_L sandy_bicep_L sandy_bicep_twist_L sandy_elbow_L sandy_elbow_twist_L sandy_wrist_L sandy_fingers_L sandy_thumb_L sandy_clavicle_R sandy_bicep_R sandy_bicep_twist_R sandy_elbow_R sandy_elbow_twist_R sandy_wrist_R sandy_fingers_R sandy_thumb_R sandy_helmet sandy_flower sandy_neck sandy_head sandy_ear_L sandy_ear_R sandy_eye_L sandy_eye_R sandy_jaw sandy_lid_bottom_L sandy_lid_bottom_R sandy_lid_top_L sandy_lid_top_R sandy_teeth</Name_array>
          <technique_common>
            <accessor source="#sandy_root_mesh_007-skin-joints-array" count="48" stride="1">
              <param name="JOINT" type="name"/>
            </accessor>
          </technique_common>
        </source>
        <source id="sandy_root_mesh_007-skin-bind_poses">
          <float_array id="sandy_root_mesh_007-skin-bind_poses-array" count="768">1 0 0 0 0 -3.57628e-7 1 0 0 -1 -2.8213e-7 0 0 0 0 1 1 0 0 0 0 -2.83122e-7 1 -0.4714638 0 -1 -2.07624e-7 -0.03626632 0 0 0 1 1 0 0 0 0 -3.57628e-7 1 0 0 -1 -2.8213e-7 0 0 0 0 1 1 0 0 0 0 -2.99015e-7 1 -0.4714638 0 -1 -2.23517e-7 -0.03626632 0 0 0 1 1 0 0 0 0 0.9950543 0.09933263 -0.1873089 0 -0.09933286 0.9950543 -0.4196816 0 0 0 1 1 0 0 0 0 0.9799787 0.1991013 -0.3554116 0 -0.1991015 0.9799788 -0.3858299 0 0 0 1 1 0 0 0 0 0.9999311 0.01172387 -0.462925 0 -0.01172411 0.9999312 -0.4812176 0 0 0 1 1 0 0 0 0 -1.22003e-6 1 -0.4897423 0 -0.9999999 -1.11852e-6 0.7243151 0 0 0 1 1 3.40565e-7 0 -0.1023073 0 -0.03962713 -0.9992145 0.4223722 -3.40833e-7 0.999214 -0.03962719 0.05400931 0 0 0 1 1 3.68413e-7 0 -0.1023073 0 0.03830635 -0.999266 0.2883981 -3.68683e-7 0.9992654 0.03830629 0.0316466 0 0 0 1 1 3.02822e-7 -7.32217e-7 -0.1023073 0 -0.9240896 -0.3821744 0.01286548 -7.92366e-7 0.3821743 -0.9240901 0.1261637 0 0 0 1 1 0 0 -0.1023073 0 -2.98023e-7 0.9999999 -0.06277698 0 -0.9999994 -1.49011e-7 -0.1783271 0 0 0 1 1 0 0 0.102307 0 -0.02355045 0.9997227 -0.4249402 0 -0.9997227 -0.02355039 -0.02722954 0 0 0 1 1 0 0 0.102307 0 -0.05422151 0.9985291 -0.2889982 0 -0.998529 -0.05422139 -0.02924811 0 0 0 1 1 4.17701e-7 8.14842e-7 0.1023069 1.49012e-7 -0.9522646 0.3052741 -0.07168537 9.03458e-7 -0.305274 -0.9522646 0.1046137 0 0 0 1 1 -1.10467e-6 2.98023e-7 0.1023067 2.98024e-7 3.27825e-7 -1 0.06277751 1.10467e-6 1 1.78814e-7 0.1783271 0 0 0 1 1 0 0 0 0 -3.20375e-7 1 -0.5593044 0 -1 -2.44877e-7 -0.02300649 0 0 0 1 1 0 0 0 0 -3.36673e-7 1 -0.6726704 0 -1 -2.61175e-7 -0.02168053 0 0 0 1 1 0 0 -0.09927064 0 -3.73926e-7 1 -0.6839853 0 -1 -2.98428e-7 -0.00467801 0 0 0 1 0.9993034 0.03732061 0 -0.1909216 0 -3.64208e-7 1 -0.6839853 0.03732061 -0.9993034 -2.88509e-7 -0.01181155 0 0 0 1 0.9993034 0.03732061 0 -0.2932086 0 -3.59755e-7 1 -0.6839853 0.03732061 -0.9993034 -2.84053e-7 -0.01181155 0 0 0 1 0.9992287 -0.03926807 0 -0.3671739 0 -3.55102e-7 1 -0.6839853 -0.03926807 -0.9992287 -2.79402e-7 0.01633703 0 0 0 1 0.9992287 -0.03926807 0 -0.4552995 0 -3.55097e-7 1 -0.6839853 -0.03926807 -0.9992287 -2.79397e-7 0.01633703 0 0 0 1 1 0 0 -0.5350791 0 -3.64403e-7 1 -0.6839852 0 -1 -2.88905e-7 -0.00467801 0 0 0 1 1 0 0 -0.6361517 0 -3.64208e-7 1 -0.6839852 0 -1 -2.8871e-7 -0.00467801 0 0 0 1 1 0 0 -0.5986294 0 -3.64403e-7 1 -0.6354173 0 -1 -2.88905e-7 -0.08237713 0 0 0 1 1 1.50996e-7 0 0.09927058 0 4.11179e-7 -1 0.6839851 -1.50996e-7 1 3.35681e-7 0.004677951 0 0 0 1 0.9992992 -0.03505754 -0.01312172 0.1999061 -0.01322448 -0.002700984 -0.9999089 0.6813812 0.03501892 0.9993817 -0.003162801 0.01353526 0 0 0 1 0.9992992 -0.03505748 -0.01312202 0.3021935 -0.01333653 -0.005892038 -0.9998937 0.6813344 0.03497642 0.9993681 -0.006355524 0.01571089 0 0 0 1 0.9992277 0.03688657 -0.013547 0.3764892 -0.01333743 -0.005922257 -0.9998935 0.681334 -0.03696286 0.999302 -0.005425751 -0.01136702 0 0 0 1 0.9992277 0.03688651 -0.0135467 0.4646149 -0.01333713 -0.005922257 -0.9998935 0.6813341 -0.03696286 0.999302 -0.005425751 -0.01136696 0 0 0 1 1 0 0 0.5350781 0 3.57628e-7 -0.9999998 0.6885714 0 1 2.79397e-7 0.00467807 0 0 0 1 1 0 0 0.6361511 0 3.57628e-7 -0.9999998 0.6885714 0 1 2.79397e-7 0.00467807 0 0 0 1 1 0 0 0.5986281 0 3.57628e-7 -0.9999998 0.6400034 0 1 2.79397e-7 0.08237713 0 0 0 1 1 0 0 0 0 -3.73926e-7 1 -0.7818231 0 -1 -2.98428e-7 -0.03228831 0 0 0 1 1 0 0 0.09729462 0 -3.73926e-7 1 -1.178822 0 -1 -2.98428e-7 -0.1421502 0 0 0 1 1 0 0 0 0 -3.73926e-7 1 -0.7818231 0 -1 -2.98428e-7 -0.03228831 0 0 0 1 1 0 0 0 0 -3.36673e-7 1 -0.8631954 0 -1 -2.61175e-7 -0.02528834 0 0 0 1 1 0 0 -0.07284629 0 -3.36673e-7 1 -1.106588 0 -1 -2.61175e-7 3.70072e-4 0 0 0 1 1 0 0 0.07357376 0 -3.36673e-7 1 -1.106547 0 -1 -2.61175e-7 3.70072e-4 0 0 0 1 1 0 0 -0.04099994 0 -3.36673e-7 1 -1.037851 0 -1 -2.61175e-7 -0.1069579 0 0 0 1 1 0 0 0.04099994 0 -3.36673e-7 1 -1.037851 0 -1 -2.61175e-7 -0.1069579 0 0 0 1 1 0 0 0 0 -4.11179e-7 1 -0.9411687 0 -1 -3.35681e-7 -0.0818597 0 0 0 1 1 0 0 -0.04099994 0 -3.36673e-7 1 -1.037851 0 -1 -2.61175e-7 -0.1069579 0 0 0 1 1 0 0 0.04099994 0 -3.36673e-7 1 -1.037851 0 -1 -2.61175e-7 -0.1069579 0 0 0 1 1 0 0 -0.04099994 0 -3.36673e-7 1 -1.037851 0 -1 -2.61175e-7 -0.1069579 0 0 0 1 1 0 0 0.04099994 0 -3.36673e-7 1 -1.037851 0 -1 -2.61175e-7 -0.1069579 0 0 0 1 1 0 0 0 0 0 1 -0.922902 0 -1 0 -0.1718867 0 0 0 1</float_array>
          <technique_common>
            <accessor source="#sandy_root_mesh_007-skin-bind_poses-array" count="48" stride="16">
              <param name="TRANSFORM" type="float4x4"/>
            </accessor>
          </technique_common>
        </source>
        <source id="sandy_root_mesh_007-skin-weights">
          <float_array id="sandy_root_mesh_007-skin-weights-array" count="65">1 1 1 1 1 1 1 1 1 1 1 1 1 1 1 1 1 1 1 1 1 1 1 1 1 1 1 1 1 1 1 1 1 1 1 0.9960783 0.003921687 1 0.9960783 0.003921687 0.9960783 0.003921687 1 0.9960783 0.003921687 0.9960783 0.003921687 1 1 1 1 1 0.9960783 0.003921687 0.9960783 0.003921687 0.9960783 0.003921687 0.9960783 0.003921687 0.9960783 0.003921687 1 1 1</float_array>
          <technique_common>
            <accessor source="#sandy_root_mesh_007-skin-weights-array" count="65" stride="1">
              <param name="WEIGHT" type="float"/>
            </accessor>
          </technique_common>
        </source>
        <joints>
          <input semantic="JOINT" source="#sandy_root_mesh_007-skin-joints"/>
          <input semantic="INV_BIND_MATRIX" source="#sandy_root_mesh_007-skin-bind_poses"/>
        </joints>
        <vertex_weights count="55">
          <input semantic="JOINT" source="#sandy_root_mesh_007-skin-joints" offset="0"/>
          <input semantic="WEIGHT" source="#sandy_root_mesh_007-skin-weights" offset="1"/>
          <vcount>1 1 1 1 1 1 1 1 1 1 1 1 1 1 1 1 1 1 1 1 1 1 1 1 1 1 1 1 1 1 1 1 1 1 1 2 1 2 2 1 2 2 1 1 1 1 1 2 2 2 2 2 1 1 1 </vcount>
          <v>34 0 34 1 34 2 34 3 34 4 34 5 34 6 34 7 34 8 34 9 34 10 34 11 34 12 34 13 34 14 34 15 34 16 34 17 34 18 34 19 34 20 34 21 34 22 34 23 34 24 34 25 34 26 34 27 34 28 34 29 34 30 34 31 34 32 34 33 34 34 17 35 34 36 34 37 17 38 34 39 17 40 34 41 34 42 17 43 34 44 17 45 34 46 34 47 34 48 34 49 34 50 34 51 17 52 34 53 17 54 34 55 17 56 34 57 17 58 34 59 17 60 34 61 34 62 34 63 34 64</v>
        </vertex_weights>
      </skin>
    </controller>
    <controller id="sandy_root_mesh_006-skin" name="sandy_root">
      <skin source="#unnamed_012-mesh">
        <bind_shape_matrix>1 0 0 0 0 1 0 0 0 0 1 0 0 0 0 1</bind_shape_matrix>
        <source id="sandy_root_mesh_006-skin-joints">
          <Name_array id="sandy_root_mesh_006-skin-joints-array" count="48">sandy_root sandy_sub_root sandy_connect sandy_hip sandy_skel_tail1 sandy_skel_tail2 sandy_skel_tail3 sandy_skel_tail4 sandy_thigh_L sandy_knee_L sandy_ankle_L sandy_toe_L sandy_thigh_R sandy_knee_R sandy_ankle_R sandy_toe_R sandy_spine sandy_chest sandy_clavicle_L sandy_bicep_L sandy_bicep_twist_L sandy_elbow_L sandy_elbow_twist_L sandy_wrist_L sandy_fingers_L sandy_thumb_L sandy_clavicle_R sandy_bicep_R sandy_bicep_twist_R sandy_elbow_R sandy_elbow_twist_R sandy_wrist_R sandy_fingers_R sandy_thumb_R sandy_helmet sandy_flower sandy_neck sandy_head sandy_ear_L sandy_ear_R sandy_eye_L sandy_eye_R sandy_jaw sandy_lid_bottom_L sandy_lid_bottom_R sandy_lid_top_L sandy_lid_top_R sandy_teeth</Name_array>
          <technique_common>
            <accessor source="#sandy_root_mesh_006-skin-joints-array" count="48" stride="1">
              <param name="JOINT" type="name"/>
            </accessor>
          </technique_common>
        </source>
        <source id="sandy_root_mesh_006-skin-bind_poses">
          <float_array id="sandy_root_mesh_006-skin-bind_poses-array" count="768">1 0 0 0 0 -3.57628e-7 1 0 0 -1 -2.8213e-7 0 0 0 0 1 1 0 0 0 0 -2.83122e-7 1 -0.4714638 0 -1 -2.07624e-7 -0.03626632 0 0 0 1 1 0 0 0 0 -3.57628e-7 1 0 0 -1 -2.8213e-7 0 0 0 0 1 1 0 0 0 0 -2.99015e-7 1 -0.4714638 0 -1 -2.23517e-7 -0.03626632 0 0 0 1 1 0 0 0 0 0.9950543 0.09933263 -0.1873089 0 -0.09933286 0.9950543 -0.4196816 0 0 0 1 1 0 0 0 0 0.9799787 0.1991013 -0.3554116 0 -0.1991015 0.9799788 -0.3858299 0 0 0 1 1 0 0 0 0 0.9999311 0.01172387 -0.462925 0 -0.01172411 0.9999312 -0.4812176 0 0 0 1 1 0 0 0 0 -1.22003e-6 1 -0.4897423 0 -0.9999999 -1.11852e-6 0.7243151 0 0 0 1 1 3.40565e-7 0 -0.1023073 0 -0.03962713 -0.9992145 0.4223722 -3.40833e-7 0.999214 -0.03962719 0.05400931 0 0 0 1 1 3.68413e-7 0 -0.1023073 0 0.03830635 -0.999266 0.2883981 -3.68683e-7 0.9992654 0.03830629 0.0316466 0 0 0 1 1 3.02822e-7 -7.32217e-7 -0.1023073 0 -0.9240896 -0.3821744 0.01286548 -7.92366e-7 0.3821743 -0.9240901 0.1261637 0 0 0 1 1 0 0 -0.1023073 0 -2.98023e-7 0.9999999 -0.06277698 0 -0.9999994 -1.49011e-7 -0.1783271 0 0 0 1 1 0 0 0.102307 0 -0.02355045 0.9997227 -0.4249402 0 -0.9997227 -0.02355039 -0.02722954 0 0 0 1 1 0 0 0.102307 0 -0.05422151 0.9985291 -0.2889982 0 -0.998529 -0.05422139 -0.02924811 0 0 0 1 1 4.17701e-7 8.14842e-7 0.1023069 1.49012e-7 -0.9522646 0.3052741 -0.07168537 9.03458e-7 -0.305274 -0.9522646 0.1046137 0 0 0 1 1 -1.10467e-6 2.98023e-7 0.1023067 2.98024e-7 3.27825e-7 -1 0.06277751 1.10467e-6 1 1.78814e-7 0.1783271 0 0 0 1 1 0 0 0 0 -3.20375e-7 1 -0.5593044 0 -1 -2.44877e-7 -0.02300649 0 0 0 1 1 0 0 0 0 -3.36673e-7 1 -0.6726704 0 -1 -2.61175e-7 -0.02168053 0 0 0 1 1 0 0 -0.09927064 0 -3.73926e-7 1 -0.6839853 0 -1 -2.98428e-7 -0.00467801 0 0 0 1 0.9993034 0.03732061 0 -0.1909216 0 -3.64208e-7 1 -0.6839853 0.03732061 -0.9993034 -2.88509e-7 -0.01181155 0 0 0 1 0.9993034 0.03732061 0 -0.2932086 0 -3.59755e-7 1 -0.6839853 0.03732061 -0.9993034 -2.84053e-7 -0.01181155 0 0 0 1 0.9992287 -0.03926807 0 -0.3671739 0 -3.55102e-7 1 -0.6839853 -0.03926807 -0.9992287 -2.79402e-7 0.01633703 0 0 0 1 0.9992287 -0.03926807 0 -0.4552995 0 -3.55097e-7 1 -0.6839853 -0.03926807 -0.9992287 -2.79397e-7 0.01633703 0 0 0 1 1 0 0 -0.5350791 0 -3.64403e-7 1 -0.6839852 0 -1 -2.88905e-7 -0.00467801 0 0 0 1 1 0 0 -0.6361517 0 -3.64208e-7 1 -0.6839852 0 -1 -2.8871e-7 -0.00467801 0 0 0 1 1 0 0 -0.5986294 0 -3.64403e-7 1 -0.6354173 0 -1 -2.88905e-7 -0.08237713 0 0 0 1 1 1.50996e-7 0 0.09927058 0 4.11179e-7 -1 0.6839851 -1.50996e-7 1 3.35681e-7 0.004677951 0 0 0 1 0.9992992 -0.03505754 -0.01312172 0.1999061 -0.01322448 -0.002700984 -0.9999089 0.6813812 0.03501892 0.9993817 -0.003162801 0.01353526 0 0 0 1 0.9992992 -0.03505748 -0.01312202 0.3021935 -0.01333653 -0.005892038 -0.9998937 0.6813344 0.03497642 0.9993681 -0.006355524 0.01571089 0 0 0 1 0.9992277 0.03688657 -0.013547 0.3764892 -0.01333743 -0.005922257 -0.9998935 0.681334 -0.03696286 0.999302 -0.005425751 -0.01136702 0 0 0 1 0.9992277 0.03688651 -0.0135467 0.4646149 -0.01333713 -0.005922257 -0.9998935 0.6813341 -0.03696286 0.999302 -0.005425751 -0.01136696 0 0 0 1 1 0 0 0.5350781 0 3.57628e-7 -0.9999998 0.6885714 0 1 2.79397e-7 0.00467807 0 0 0 1 1 0 0 0.6361511 0 3.57628e-7 -0.9999998 0.6885714 0 1 2.79397e-7 0.00467807 0 0 0 1 1 0 0 0.5986281 0 3.57628e-7 -0.9999998 0.6400034 0 1 2.79397e-7 0.08237713 0 0 0 1 1 0 0 0 0 -3.73926e-7 1 -0.7818231 0 -1 -2.98428e-7 -0.03228831 0 0 0 1 1 0 0 0.09729462 0 -3.73926e-7 1 -1.178822 0 -1 -2.98428e-7 -0.1421502 0 0 0 1 1 0 0 0 0 -3.73926e-7 1 -0.7818231 0 -1 -2.98428e-7 -0.03228831 0 0 0 1 1 0 0 0 0 -3.36673e-7 1 -0.8631954 0 -1 -2.61175e-7 -0.02528834 0 0 0 1 1 0 0 -0.07284629 0 -3.36673e-7 1 -1.106588 0 -1 -2.61175e-7 3.70072e-4 0 0 0 1 1 0 0 0.07357376 0 -3.36673e-7 1 -1.106547 0 -1 -2.61175e-7 3.70072e-4 0 0 0 1 1 0 0 -0.04099994 0 -3.36673e-7 1 -1.037851 0 -1 -2.61175e-7 -0.1069579 0 0 0 1 1 0 0 0.04099994 0 -3.36673e-7 1 -1.037851 0 -1 -2.61175e-7 -0.1069579 0 0 0 1 1 0 0 0 0 -4.11179e-7 1 -0.9411687 0 -1 -3.35681e-7 -0.0818597 0 0 0 1 1 0 0 -0.04099994 0 -3.36673e-7 1 -1.037851 0 -1 -2.61175e-7 -0.1069579 0 0 0 1 1 0 0 0.04099994 0 -3.36673e-7 1 -1.037851 0 -1 -2.61175e-7 -0.1069579 0 0 0 1 1 0 0 -0.04099994 0 -3.36673e-7 1 -1.037851 0 -1 -2.61175e-7 -0.1069579 0 0 0 1 1 0 0 0.04099994 0 -3.36673e-7 1 -1.037851 0 -1 -2.61175e-7 -0.1069579 0 0 0 1 1 0 0 0 0 0 1 -0.922902 0 -1 0 -0.1718867 0 0 0 1</float_array>
          <technique_common>
            <accessor source="#sandy_root_mesh_006-skin-bind_poses-array" count="48" stride="16">
              <param name="TRANSFORM" type="float4x4"/>
            </accessor>
          </technique_common>
        </source>
        <source id="sandy_root_mesh_006-skin-weights">
          <float_array id="sandy_root_mesh_006-skin-weights-array" count="132">1 1 1 1 1 1 0.671285 0.328715 1 0.671285 0.328715 1 0.671285 0.328715 0.671285 0.328715 0.671285 0.328715 1 0.671285 0.328715 1 1 1 1 1 1 1 1 1 1 1 1 1 1 1 1 1 1 1 0.003921687 0.9960783 1 1 1 1 1 1 1 1 1 0.4980309 0.5019692 1 1 1 1 0.003921687 0.9960783 1 1 0.4980309 0.5019692 1 1 1 1 1 1 1 1 1 1 1 1 0.003921687 0.9960783 0.4980306 0.5019694 1 1 1 0.003921687 0.9960783 1 0.4980306 0.5019694 1 1 1 1 1 1 1 1 1 1 1 1 1 1 1 0.671285 0.328715 0.671285 0.328715 0.671285 0.328715 0.671285 0.328715 0.671285 0.328715 0.671285 0.328715 1 1 1 1 1 1 1 1 1 1 1 1 1 1 1 1 1 1</float_array>
          <technique_common>
            <accessor source="#sandy_root_mesh_006-skin-weights-array" count="132" stride="1">
              <param name="WEIGHT" type="float"/>
            </accessor>
          </technique_common>
        </source>
        <joints>
          <input semantic="JOINT" source="#sandy_root_mesh_006-skin-joints"/>
          <input semantic="INV_BIND_MATRIX" source="#sandy_root_mesh_006-skin-bind_poses"/>
        </joints>
        <vertex_weights count="112">
          <input semantic="JOINT" source="#sandy_root_mesh_006-skin-joints" offset="0"/>
          <input semantic="WEIGHT" source="#sandy_root_mesh_006-skin-weights" offset="1"/>
          <vcount>1 1 1 1 1 1 2 1 2 1 2 2 2 1 2 1 1 1 1 1 1 1 1 1 1 1 1 1 1 1 1 1 1 1 2 1 1 1 1 1 1 1 1 1 2 1 1 1 1 2 1 1 2 1 1 1 1 1 1 1 1 1 1 1 1 2 2 1 1 1 2 1 2 1 1 1 1 1 1 1 1 1 1 1 1 1 1 1 2 2 2 2 2 2 1 1 1 1 1 1 1 1 1 1 1 1 1 1 1 1 1 1 </vcount>
          <v>9 0 9 1 9 2 9 3 9 4 9 5 8 6 9 7 9 8 8 9 9 10 9 11 8 12 9 13 8 14 9 15 8 16 9 17 8 18 8 19 9 20 8 21 8 22 8 23 8 24 8 25 8 26 8 27 8 28 8 29 8 30 8 31 13 32 9 33 9 34 9 35 9 36 10 37 11 38 11 39 10 40 11 41 11 42 10 43 13 44 13 45 13 46 13 47 9 48 9 49 9 50 9 51 10 52 10 53 10 54 11 55 11 56 10 57 11 58 10 59 10 60 9 61 10 62 9 63 10 64 11 65 11 66 11 67 10 68 9 69 9 70 14 71 15 72 15 73 15 74 14 75 15 76 13 77 14 78 14 79 14 80 14 81 14 82 15 83 15 84 13 85 14 86 13 87 13 88 13 89 12 90 12 91 12 92 12 93 12 94 12 95 12 96 12 97 12 98 12 99 12 100 12 101 12 102 13 103 12 104 13 105 12 106 13 107 12 108 13 109 12 110 13 111 12 112 13 113 13 114 13 115 13 116 13 117 13 118 13 119 13 120 13 121 13 122 13 123 14 124 14 125 15 126 15 127 14 128 14 129 15 130 15 131</v>
        </vertex_weights>
      </skin>
    </controller>
    <controller id="sandy_root_mesh_005-skin" name="sandy_root">
      <skin source="#unnamed_011-mesh">
        <bind_shape_matrix>1 0 0 0 0 1 0 0 0 0 1 0 0 0 0 1</bind_shape_matrix>
        <source id="sandy_root_mesh_005-skin-joints">
          <Name_array id="sandy_root_mesh_005-skin-joints-array" count="48">sandy_root sandy_sub_root sandy_connect sandy_hip sandy_skel_tail1 sandy_skel_tail2 sandy_skel_tail3 sandy_skel_tail4 sandy_thigh_L sandy_knee_L sandy_ankle_L sandy_toe_L sandy_thigh_R sandy_knee_R sandy_ankle_R sandy_toe_R sandy_spine sandy_chest sandy_clavicle_L sandy_bicep_L sandy_bicep_twist_L sandy_elbow_L sandy_elbow_twist_L sandy_wrist_L sandy_fingers_L sandy_thumb_L sandy_clavicle_R sandy_bicep_R sandy_bicep_twist_R sandy_elbow_R sandy_elbow_twist_R sandy_wrist_R sandy_fingers_R sandy_thumb_R sandy_helmet sandy_flower sandy_neck sandy_head sandy_ear_L sandy_ear_R sandy_eye_L sandy_eye_R sandy_jaw sandy_lid_bottom_L sandy_lid_bottom_R sandy_lid_top_L sandy_lid_top_R sandy_teeth</Name_array>
          <technique_common>
            <accessor source="#sandy_root_mesh_005-skin-joints-array" count="48" stride="1">
              <param name="JOINT" type="name"/>
            </accessor>
          </technique_common>
        </source>
        <source id="sandy_root_mesh_005-skin-bind_poses">
          <float_array id="sandy_root_mesh_005-skin-bind_poses-array" count="768">1 0 0 0 0 -3.57628e-7 1 0 0 -1 -2.8213e-7 0 0 0 0 1 1 0 0 0 0 -2.83122e-7 1 -0.4714638 0 -1 -2.07624e-7 -0.03626632 0 0 0 1 1 0 0 0 0 -3.57628e-7 1 0 0 -1 -2.8213e-7 0 0 0 0 1 1 0 0 0 0 -2.99015e-7 1 -0.4714638 0 -1 -2.23517e-7 -0.03626632 0 0 0 1 1 0 0 0 0 0.9950543 0.09933263 -0.1873089 0 -0.09933286 0.9950543 -0.4196816 0 0 0 1 1 0 0 0 0 0.9799787 0.1991013 -0.3554116 0 -0.1991015 0.9799788 -0.3858299 0 0 0 1 1 0 0 0 0 0.9999311 0.01172387 -0.462925 0 -0.01172411 0.9999312 -0.4812176 0 0 0 1 1 0 0 0 0 -1.22003e-6 1 -0.4897423 0 -0.9999999 -1.11852e-6 0.7243151 0 0 0 1 1 3.40565e-7 0 -0.1023073 0 -0.03962713 -0.9992145 0.4223722 -3.40833e-7 0.999214 -0.03962719 0.05400931 0 0 0 1 1 3.68413e-7 0 -0.1023073 0 0.03830635 -0.999266 0.2883981 -3.68683e-7 0.9992654 0.03830629 0.0316466 0 0 0 1 1 3.02822e-7 -7.32217e-7 -0.1023073 0 -0.9240896 -0.3821744 0.01286548 -7.92366e-7 0.3821743 -0.9240901 0.1261637 0 0 0 1 1 0 0 -0.1023073 0 -2.98023e-7 0.9999999 -0.06277698 0 -0.9999994 -1.49011e-7 -0.1783271 0 0 0 1 1 0 0 0.102307 0 -0.02355045 0.9997227 -0.4249402 0 -0.9997227 -0.02355039 -0.02722954 0 0 0 1 1 0 0 0.102307 0 -0.05422151 0.9985291 -0.2889982 0 -0.998529 -0.05422139 -0.02924811 0 0 0 1 1 4.17701e-7 8.14842e-7 0.1023069 1.49012e-7 -0.9522646 0.3052741 -0.07168537 9.03458e-7 -0.305274 -0.9522646 0.1046137 0 0 0 1 1 -1.10467e-6 2.98023e-7 0.1023067 2.98024e-7 3.27825e-7 -1 0.06277751 1.10467e-6 1 1.78814e-7 0.1783271 0 0 0 1 1 0 0 0 0 -3.20375e-7 1 -0.5593044 0 -1 -2.44877e-7 -0.02300649 0 0 0 1 1 0 0 0 0 -3.36673e-7 1 -0.6726704 0 -1 -2.61175e-7 -0.02168053 0 0 0 1 1 0 0 -0.09927064 0 -3.73926e-7 1 -0.6839853 0 -1 -2.98428e-7 -0.00467801 0 0 0 1 0.9993034 0.03732061 0 -0.1909216 0 -3.64208e-7 1 -0.6839853 0.03732061 -0.9993034 -2.88509e-7 -0.01181155 0 0 0 1 0.9993034 0.03732061 0 -0.2932086 0 -3.59755e-7 1 -0.6839853 0.03732061 -0.9993034 -2.84053e-7 -0.01181155 0 0 0 1 0.9992287 -0.03926807 0 -0.3671739 0 -3.55102e-7 1 -0.6839853 -0.03926807 -0.9992287 -2.79402e-7 0.01633703 0 0 0 1 0.9992287 -0.03926807 0 -0.4552995 0 -3.55097e-7 1 -0.6839853 -0.03926807 -0.9992287 -2.79397e-7 0.01633703 0 0 0 1 1 0 0 -0.5350791 0 -3.64403e-7 1 -0.6839852 0 -1 -2.88905e-7 -0.00467801 0 0 0 1 1 0 0 -0.6361517 0 -3.64208e-7 1 -0.6839852 0 -1 -2.8871e-7 -0.00467801 0 0 0 1 1 0 0 -0.5986294 0 -3.64403e-7 1 -0.6354173 0 -1 -2.88905e-7 -0.08237713 0 0 0 1 1 1.50996e-7 0 0.09927058 0 4.11179e-7 -1 0.6839851 -1.50996e-7 1 3.35681e-7 0.004677951 0 0 0 1 0.9992992 -0.03505754 -0.01312172 0.1999061 -0.01322448 -0.002700984 -0.9999089 0.6813812 0.03501892 0.9993817 -0.003162801 0.01353526 0 0 0 1 0.9992992 -0.03505748 -0.01312202 0.3021935 -0.01333653 -0.005892038 -0.9998937 0.6813344 0.03497642 0.9993681 -0.006355524 0.01571089 0 0 0 1 0.9992277 0.03688657 -0.013547 0.3764892 -0.01333743 -0.005922257 -0.9998935 0.681334 -0.03696286 0.999302 -0.005425751 -0.01136702 0 0 0 1 0.9992277 0.03688651 -0.0135467 0.4646149 -0.01333713 -0.005922257 -0.9998935 0.6813341 -0.03696286 0.999302 -0.005425751 -0.01136696 0 0 0 1 1 0 0 0.5350781 0 3.57628e-7 -0.9999998 0.6885714 0 1 2.79397e-7 0.00467807 0 0 0 1 1 0 0 0.6361511 0 3.57628e-7 -0.9999998 0.6885714 0 1 2.79397e-7 0.00467807 0 0 0 1 1 0 0 0.5986281 0 3.57628e-7 -0.9999998 0.6400034 0 1 2.79397e-7 0.08237713 0 0 0 1 1 0 0 0 0 -3.73926e-7 1 -0.7818231 0 -1 -2.98428e-7 -0.03228831 0 0 0 1 1 0 0 0.09729462 0 -3.73926e-7 1 -1.178822 0 -1 -2.98428e-7 -0.1421502 0 0 0 1 1 0 0 0 0 -3.73926e-7 1 -0.7818231 0 -1 -2.98428e-7 -0.03228831 0 0 0 1 1 0 0 0 0 -3.36673e-7 1 -0.8631954 0 -1 -2.61175e-7 -0.02528834 0 0 0 1 1 0 0 -0.07284629 0 -3.36673e-7 1 -1.106588 0 -1 -2.61175e-7 3.70072e-4 0 0 0 1 1 0 0 0.07357376 0 -3.36673e-7 1 -1.106547 0 -1 -2.61175e-7 3.70072e-4 0 0 0 1 1 0 0 -0.04099994 0 -3.36673e-7 1 -1.037851 0 -1 -2.61175e-7 -0.1069579 0 0 0 1 1 0 0 0.04099994 0 -3.36673e-7 1 -1.037851 0 -1 -2.61175e-7 -0.1069579 0 0 0 1 1 0 0 0 0 -4.11179e-7 1 -0.9411687 0 -1 -3.35681e-7 -0.0818597 0 0 0 1 1 0 0 -0.04099994 0 -3.36673e-7 1 -1.037851 0 -1 -2.61175e-7 -0.1069579 0 0 0 1 1 0 0 0.04099994 0 -3.36673e-7 1 -1.037851 0 -1 -2.61175e-7 -0.1069579 0 0 0 1 1 0 0 -0.04099994 0 -3.36673e-7 1 -1.037851 0 -1 -2.61175e-7 -0.1069579 0 0 0 1 1 0 0 0.04099994 0 -3.36673e-7 1 -1.037851 0 -1 -2.61175e-7 -0.1069579 0 0 0 1 1 0 0 0 0 0 1 -0.922902 0 -1 0 -0.1718867 0 0 0 1</float_array>
          <technique_common>
            <accessor source="#sandy_root_mesh_005-skin-bind_poses-array" count="48" stride="16">
              <param name="TRANSFORM" type="float4x4"/>
            </accessor>
          </technique_common>
        </source>
        <source id="sandy_root_mesh_005-skin-weights">
          <float_array id="sandy_root_mesh_005-skin-weights-array" count="198">1 1 1 1 1 1 1 1 1 1 1 1 1 1 1 1 1 1 1 0.498031 0.501969 1 1 0.498031 0.501969 1 1 1 1 1 1 1 1 1 1 1 1 1 1 1 1 0.498031 0.501969 1 1 0.5000156 0.4999845 1 1 1 1 0.003906011 0.996094 0.5019688 0.4980313 0.5000156 0.4999845 1 1 1 1 1 1 1 1 1 1 1 1 1 0.003921627 0.9960783 0.9960783 0.003921687 1 0.9999846 1.53787e-5 1 1 0.9972501 0.0027498 0.9972501 0.0027498 1 1 1 0.9960783 0.003921687 1 1 0.9960783 0.003921687 0.003921627 0.9960783 1 1 1 1 1 1 1 1 0.9999846 1.53787e-5 1 0.9960783 0.003921687 0.9960783 0.003921687 0.9960783 0.003921687 1 1 0.9972501 0.0027498 0.9972501 0.0027498 1 1 1 0.003921687 0.9960783 1 0.498031 0.501969 1 1 1 1 1 0.498031 0.501969 0.498031 0.501969 1 1 1 0.5000156 0.4999845 0.5000156 0.4999845 1 1 1 1 1 1 1 1 1 1 0.003921687 0.9960783 1 1 1 1 1 1 1 1 1 1 1 1 1 1 1 1 0.9960783 0.003921687 0.9960783 0.003921687 1 1 1 1 1 1 1 1 1 1 1 1 1 1 1 1 1 1 1 1 1 1 1 1 1</float_array>
          <technique_common>
            <accessor source="#sandy_root_mesh_005-skin-weights-array" count="198" stride="1">
              <param name="WEIGHT" type="float"/>
            </accessor>
          </technique_common>
        </source>
        <joints>
          <input semantic="JOINT" source="#sandy_root_mesh_005-skin-joints"/>
          <input semantic="INV_BIND_MATRIX" source="#sandy_root_mesh_005-skin-bind_poses"/>
        </joints>
        <vertex_weights count="168">
          <input semantic="JOINT" source="#sandy_root_mesh_005-skin-joints" offset="0"/>
          <input semantic="WEIGHT" source="#sandy_root_mesh_005-skin-weights" offset="1"/>
          <vcount>1 1 1 1 1 1 1 1 1 1 1 1 1 1 1 1 1 1 1 2 1 1 2 1 1 1 1 1 1 1 1 1 1 1 1 1 1 1 1 2 1 1 2 1 1 1 1 2 2 2 1 1 1 1 1 1 1 1 1 1 1 1 1 2 2 1 2 1 1 2 2 1 1 1 2 1 1 2 2 1 1 1 1 1 1 1 1 2 1 2 2 2 1 1 2 2 1 1 1 2 1 2 1 1 1 1 1 2 2 1 1 1 2 2 1 1 1 1 1 1 1 1 1 1 2 1 1 1 1 1 1 1 1 1 1 1 1 1 1 1 1 2 2 1 1 1 1 1 1 1 1 1 1 1 1 1 1 1 1 1 1 1 1 1 1 1 1 1 </vcount>
          <v>17 0 17 1 17 2 17 3 17 4 17 5 17 6 17 7 17 8 17 9 6 10 6 11 6 12 6 13 6 14 6 15 6 16 6 17 6 18 6 19 7 20 7 21 7 22 6 23 7 24 5 25 5 26 5 27 4 28 4 29 4 30 4 31 5 32 6 33 6 34 6 35 7 36 7 37 7 38 7 39 7 40 6 41 7 42 6 43 6 44 5 45 6 46 5 47 5 48 5 49 5 50 5 51 6 52 5 53 6 54 5 55 6 56 17 57 17 58 17 59 17 60 17 61 17 62 17 63 17 64 17 65 17 66 17 67 17 68 17 69 4 70 16 71 3 72 4 73 3 74 1 75 3 76 3 77 3 78 1 79 3 80 1 81 3 82 16 83 16 84 16 85 1 86 3 87 17 88 17 89 1 90 4 91 4 92 16 93 16 94 17 95 17 96 17 97 17 98 17 99 17 100 16 101 1 102 3 103 16 104 1 105 4 106 3 107 4 108 1 109 3 110 3 111 3 112 1 113 3 114 1 115 3 116 16 117 17 118 17 119 16 120 17 121 6 122 6 123 7 124 7 125 7 126 7 127 7 128 7 129 6 130 7 131 6 132 7 133 6 134 6 135 6 136 5 137 6 138 5 139 6 140 4 141 4 142 4 143 4 144 4 145 4 146 4 147 4 148 17 149 17 150 16 151 17 152 16 153 17 154 17 155 17 156 17 157 3 158 3 159 3 160 3 161 3 162 3 163 3 164 3 165 3 166 3 167 3 168 3 169 4 170 3 171 4 172 17 173 17 174 17 175 17 176 17 177 17 178 17 179 17 180 17 181 17 182 17 183 17 184 17 185 17 186 17 187 17 188 17 189 17 190 17 191 17 192 17 193 17 194 17 195 17 196 17 197</v>
        </vertex_weights>
      </skin>
    </controller>
    <controller id="sandy_root_mesh_004-skin" name="sandy_root">
      <skin source="#unnamed_010-mesh">
        <bind_shape_matrix>1 0 0 0 0 1 0 0 0 0 1 0 0 0 0 1</bind_shape_matrix>
        <source id="sandy_root_mesh_004-skin-joints">
          <Name_array id="sandy_root_mesh_004-skin-joints-array" count="48">sandy_root sandy_sub_root sandy_connect sandy_hip sandy_skel_tail1 sandy_skel_tail2 sandy_skel_tail3 sandy_skel_tail4 sandy_thigh_L sandy_knee_L sandy_ankle_L sandy_toe_L sandy_thigh_R sandy_knee_R sandy_ankle_R sandy_toe_R sandy_spine sandy_chest sandy_clavicle_L sandy_bicep_L sandy_bicep_twist_L sandy_elbow_L sandy_elbow_twist_L sandy_wrist_L sandy_fingers_L sandy_thumb_L sandy_clavicle_R sandy_bicep_R sandy_bicep_twist_R sandy_elbow_R sandy_elbow_twist_R sandy_wrist_R sandy_fingers_R sandy_thumb_R sandy_helmet sandy_flower sandy_neck sandy_head sandy_ear_L sandy_ear_R sandy_eye_L sandy_eye_R sandy_jaw sandy_lid_bottom_L sandy_lid_bottom_R sandy_lid_top_L sandy_lid_top_R sandy_teeth</Name_array>
          <technique_common>
            <accessor source="#sandy_root_mesh_004-skin-joints-array" count="48" stride="1">
              <param name="JOINT" type="name"/>
            </accessor>
          </technique_common>
        </source>
        <source id="sandy_root_mesh_004-skin-bind_poses">
          <float_array id="sandy_root_mesh_004-skin-bind_poses-array" count="768">1 0 0 0 0 -3.57628e-7 1 0 0 -1 -2.8213e-7 0 0 0 0 1 1 0 0 0 0 -2.83122e-7 1 -0.4714638 0 -1 -2.07624e-7 -0.03626632 0 0 0 1 1 0 0 0 0 -3.57628e-7 1 0 0 -1 -2.8213e-7 0 0 0 0 1 1 0 0 0 0 -2.99015e-7 1 -0.4714638 0 -1 -2.23517e-7 -0.03626632 0 0 0 1 1 0 0 0 0 0.9950543 0.09933263 -0.1873089 0 -0.09933286 0.9950543 -0.4196816 0 0 0 1 1 0 0 0 0 0.9799787 0.1991013 -0.3554116 0 -0.1991015 0.9799788 -0.3858299 0 0 0 1 1 0 0 0 0 0.9999311 0.01172387 -0.462925 0 -0.01172411 0.9999312 -0.4812176 0 0 0 1 1 0 0 0 0 -1.22003e-6 1 -0.4897423 0 -0.9999999 -1.11852e-6 0.7243151 0 0 0 1 1 3.40565e-7 0 -0.1023073 0 -0.03962713 -0.9992145 0.4223722 -3.40833e-7 0.999214 -0.03962719 0.05400931 0 0 0 1 1 3.68413e-7 0 -0.1023073 0 0.03830635 -0.999266 0.2883981 -3.68683e-7 0.9992654 0.03830629 0.0316466 0 0 0 1 1 3.02822e-7 -7.32217e-7 -0.1023073 0 -0.9240896 -0.3821744 0.01286548 -7.92366e-7 0.3821743 -0.9240901 0.1261637 0 0 0 1 1 0 0 -0.1023073 0 -2.98023e-7 0.9999999 -0.06277698 0 -0.9999994 -1.49011e-7 -0.1783271 0 0 0 1 1 0 0 0.102307 0 -0.02355045 0.9997227 -0.4249402 0 -0.9997227 -0.02355039 -0.02722954 0 0 0 1 1 0 0 0.102307 0 -0.05422151 0.9985291 -0.2889982 0 -0.998529 -0.05422139 -0.02924811 0 0 0 1 1 4.17701e-7 8.14842e-7 0.1023069 1.49012e-7 -0.9522646 0.3052741 -0.07168537 9.03458e-7 -0.305274 -0.9522646 0.1046137 0 0 0 1 1 -1.10467e-6 2.98023e-7 0.1023067 2.98024e-7 3.27825e-7 -1 0.06277751 1.10467e-6 1 1.78814e-7 0.1783271 0 0 0 1 1 0 0 0 0 -3.20375e-7 1 -0.5593044 0 -1 -2.44877e-7 -0.02300649 0 0 0 1 1 0 0 0 0 -3.36673e-7 1 -0.6726704 0 -1 -2.61175e-7 -0.02168053 0 0 0 1 1 0 0 -0.09927064 0 -3.73926e-7 1 -0.6839853 0 -1 -2.98428e-7 -0.00467801 0 0 0 1 0.9993034 0.03732061 0 -0.1909216 0 -3.64208e-7 1 -0.6839853 0.03732061 -0.9993034 -2.88509e-7 -0.01181155 0 0 0 1 0.9993034 0.03732061 0 -0.2932086 0 -3.59755e-7 1 -0.6839853 0.03732061 -0.9993034 -2.84053e-7 -0.01181155 0 0 0 1 0.9992287 -0.03926807 0 -0.3671739 0 -3.55102e-7 1 -0.6839853 -0.03926807 -0.9992287 -2.79402e-7 0.01633703 0 0 0 1 0.9992287 -0.03926807 0 -0.4552995 0 -3.55097e-7 1 -0.6839853 -0.03926807 -0.9992287 -2.79397e-7 0.01633703 0 0 0 1 1 0 0 -0.5350791 0 -3.64403e-7 1 -0.6839852 0 -1 -2.88905e-7 -0.00467801 0 0 0 1 1 0 0 -0.6361517 0 -3.64208e-7 1 -0.6839852 0 -1 -2.8871e-7 -0.00467801 0 0 0 1 1 0 0 -0.5986294 0 -3.64403e-7 1 -0.6354173 0 -1 -2.88905e-7 -0.08237713 0 0 0 1 1 1.50996e-7 0 0.09927058 0 4.11179e-7 -1 0.6839851 -1.50996e-7 1 3.35681e-7 0.004677951 0 0 0 1 0.9992992 -0.03505754 -0.01312172 0.1999061 -0.01322448 -0.002700984 -0.9999089 0.6813812 0.03501892 0.9993817 -0.003162801 0.01353526 0 0 0 1 0.9992992 -0.03505748 -0.01312202 0.3021935 -0.01333653 -0.005892038 -0.9998937 0.6813344 0.03497642 0.9993681 -0.006355524 0.01571089 0 0 0 1 0.9992277 0.03688657 -0.013547 0.3764892 -0.01333743 -0.005922257 -0.9998935 0.681334 -0.03696286 0.999302 -0.005425751 -0.01136702 0 0 0 1 0.9992277 0.03688651 -0.0135467 0.4646149 -0.01333713 -0.005922257 -0.9998935 0.6813341 -0.03696286 0.999302 -0.005425751 -0.01136696 0 0 0 1 1 0 0 0.5350781 0 3.57628e-7 -0.9999998 0.6885714 0 1 2.79397e-7 0.00467807 0 0 0 1 1 0 0 0.6361511 0 3.57628e-7 -0.9999998 0.6885714 0 1 2.79397e-7 0.00467807 0 0 0 1 1 0 0 0.5986281 0 3.57628e-7 -0.9999998 0.6400034 0 1 2.79397e-7 0.08237713 0 0 0 1 1 0 0 0 0 -3.73926e-7 1 -0.7818231 0 -1 -2.98428e-7 -0.03228831 0 0 0 1 1 0 0 0.09729462 0 -3.73926e-7 1 -1.178822 0 -1 -2.98428e-7 -0.1421502 0 0 0 1 1 0 0 0 0 -3.73926e-7 1 -0.7818231 0 -1 -2.98428e-7 -0.03228831 0 0 0 1 1 0 0 0 0 -3.36673e-7 1 -0.8631954 0 -1 -2.61175e-7 -0.02528834 0 0 0 1 1 0 0 -0.07284629 0 -3.36673e-7 1 -1.106588 0 -1 -2.61175e-7 3.70072e-4 0 0 0 1 1 0 0 0.07357376 0 -3.36673e-7 1 -1.106547 0 -1 -2.61175e-7 3.70072e-4 0 0 0 1 1 0 0 -0.04099994 0 -3.36673e-7 1 -1.037851 0 -1 -2.61175e-7 -0.1069579 0 0 0 1 1 0 0 0.04099994 0 -3.36673e-7 1 -1.037851 0 -1 -2.61175e-7 -0.1069579 0 0 0 1 1 0 0 0 0 -4.11179e-7 1 -0.9411687 0 -1 -3.35681e-7 -0.0818597 0 0 0 1 1 0 0 -0.04099994 0 -3.36673e-7 1 -1.037851 0 -1 -2.61175e-7 -0.1069579 0 0 0 1 1 0 0 0.04099994 0 -3.36673e-7 1 -1.037851 0 -1 -2.61175e-7 -0.1069579 0 0 0 1 1 0 0 -0.04099994 0 -3.36673e-7 1 -1.037851 0 -1 -2.61175e-7 -0.1069579 0 0 0 1 1 0 0 0.04099994 0 -3.36673e-7 1 -1.037851 0 -1 -2.61175e-7 -0.1069579 0 0 0 1 1 0 0 0 0 0 1 -0.922902 0 -1 0 -0.1718867 0 0 0 1</float_array>
          <technique_common>
            <accessor source="#sandy_root_mesh_004-skin-bind_poses-array" count="48" stride="16">
              <param name="TRANSFORM" type="float4x4"/>
            </accessor>
          </technique_common>
        </source>
        <source id="sandy_root_mesh_004-skin-weights">
          <float_array id="sandy_root_mesh_004-skin-weights-array" count="11">1 1 1 1 1 1 1 1 1 1 1</float_array>
          <technique_common>
            <accessor source="#sandy_root_mesh_004-skin-weights-array" count="11" stride="1">
              <param name="WEIGHT" type="float"/>
            </accessor>
          </technique_common>
        </source>
        <joints>
          <input semantic="JOINT" source="#sandy_root_mesh_004-skin-joints"/>
          <input semantic="INV_BIND_MATRIX" source="#sandy_root_mesh_004-skin-bind_poses"/>
        </joints>
        <vertex_weights count="11">
          <input semantic="JOINT" source="#sandy_root_mesh_004-skin-joints" offset="0"/>
          <input semantic="WEIGHT" source="#sandy_root_mesh_004-skin-weights" offset="1"/>
          <vcount>1 1 1 1 1 1 1 1 1 1 1 </vcount>
          <v>40 0 40 1 40 2 40 3 40 4 40 5 40 6 40 7 40 8 40 9 40 10</v>
        </vertex_weights>
      </skin>
    </controller>
    <controller id="sandy_root_mesh_003-skin" name="sandy_root">
      <skin source="#unnamed_009-mesh">
        <bind_shape_matrix>1 0 0 0 0 1 0 0 0 0 1 0 0 0 0 1</bind_shape_matrix>
        <source id="sandy_root_mesh_003-skin-joints">
          <Name_array id="sandy_root_mesh_003-skin-joints-array" count="48">sandy_root sandy_sub_root sandy_connect sandy_hip sandy_skel_tail1 sandy_skel_tail2 sandy_skel_tail3 sandy_skel_tail4 sandy_thigh_L sandy_knee_L sandy_ankle_L sandy_toe_L sandy_thigh_R sandy_knee_R sandy_ankle_R sandy_toe_R sandy_spine sandy_chest sandy_clavicle_L sandy_bicep_L sandy_bicep_twist_L sandy_elbow_L sandy_elbow_twist_L sandy_wrist_L sandy_fingers_L sandy_thumb_L sandy_clavicle_R sandy_bicep_R sandy_bicep_twist_R sandy_elbow_R sandy_elbow_twist_R sandy_wrist_R sandy_fingers_R sandy_thumb_R sandy_helmet sandy_flower sandy_neck sandy_head sandy_ear_L sandy_ear_R sandy_eye_L sandy_eye_R sandy_jaw sandy_lid_bottom_L sandy_lid_bottom_R sandy_lid_top_L sandy_lid_top_R sandy_teeth</Name_array>
          <technique_common>
            <accessor source="#sandy_root_mesh_003-skin-joints-array" count="48" stride="1">
              <param name="JOINT" type="name"/>
            </accessor>
          </technique_common>
        </source>
        <source id="sandy_root_mesh_003-skin-bind_poses">
          <float_array id="sandy_root_mesh_003-skin-bind_poses-array" count="768">1 0 0 0 0 -3.57628e-7 1 0 0 -1 -2.8213e-7 0 0 0 0 1 1 0 0 0 0 -2.83122e-7 1 -0.4714638 0 -1 -2.07624e-7 -0.03626632 0 0 0 1 1 0 0 0 0 -3.57628e-7 1 0 0 -1 -2.8213e-7 0 0 0 0 1 1 0 0 0 0 -2.99015e-7 1 -0.4714638 0 -1 -2.23517e-7 -0.03626632 0 0 0 1 1 0 0 0 0 0.9950543 0.09933263 -0.1873089 0 -0.09933286 0.9950543 -0.4196816 0 0 0 1 1 0 0 0 0 0.9799787 0.1991013 -0.3554116 0 -0.1991015 0.9799788 -0.3858299 0 0 0 1 1 0 0 0 0 0.9999311 0.01172387 -0.462925 0 -0.01172411 0.9999312 -0.4812176 0 0 0 1 1 0 0 0 0 -1.22003e-6 1 -0.4897423 0 -0.9999999 -1.11852e-6 0.7243151 0 0 0 1 1 3.40565e-7 0 -0.1023073 0 -0.03962713 -0.9992145 0.4223722 -3.40833e-7 0.999214 -0.03962719 0.05400931 0 0 0 1 1 3.68413e-7 0 -0.1023073 0 0.03830635 -0.999266 0.2883981 -3.68683e-7 0.9992654 0.03830629 0.0316466 0 0 0 1 1 3.02822e-7 -7.32217e-7 -0.1023073 0 -0.9240896 -0.3821744 0.01286548 -7.92366e-7 0.3821743 -0.9240901 0.1261637 0 0 0 1 1 0 0 -0.1023073 0 -2.98023e-7 0.9999999 -0.06277698 0 -0.9999994 -1.49011e-7 -0.1783271 0 0 0 1 1 0 0 0.102307 0 -0.02355045 0.9997227 -0.4249402 0 -0.9997227 -0.02355039 -0.02722954 0 0 0 1 1 0 0 0.102307 0 -0.05422151 0.9985291 -0.2889982 0 -0.998529 -0.05422139 -0.02924811 0 0 0 1 1 4.17701e-7 8.14842e-7 0.1023069 1.49012e-7 -0.9522646 0.3052741 -0.07168537 9.03458e-7 -0.305274 -0.9522646 0.1046137 0 0 0 1 1 -1.10467e-6 2.98023e-7 0.1023067 2.98024e-7 3.27825e-7 -1 0.06277751 1.10467e-6 1 1.78814e-7 0.1783271 0 0 0 1 1 0 0 0 0 -3.20375e-7 1 -0.5593044 0 -1 -2.44877e-7 -0.02300649 0 0 0 1 1 0 0 0 0 -3.36673e-7 1 -0.6726704 0 -1 -2.61175e-7 -0.02168053 0 0 0 1 1 0 0 -0.09927064 0 -3.73926e-7 1 -0.6839853 0 -1 -2.98428e-7 -0.00467801 0 0 0 1 0.9993034 0.03732061 0 -0.1909216 0 -3.64208e-7 1 -0.6839853 0.03732061 -0.9993034 -2.88509e-7 -0.01181155 0 0 0 1 0.9993034 0.03732061 0 -0.2932086 0 -3.59755e-7 1 -0.6839853 0.03732061 -0.9993034 -2.84053e-7 -0.01181155 0 0 0 1 0.9992287 -0.03926807 0 -0.3671739 0 -3.55102e-7 1 -0.6839853 -0.03926807 -0.9992287 -2.79402e-7 0.01633703 0 0 0 1 0.9992287 -0.03926807 0 -0.4552995 0 -3.55097e-7 1 -0.6839853 -0.03926807 -0.9992287 -2.79397e-7 0.01633703 0 0 0 1 1 0 0 -0.5350791 0 -3.64403e-7 1 -0.6839852 0 -1 -2.88905e-7 -0.00467801 0 0 0 1 1 0 0 -0.6361517 0 -3.64208e-7 1 -0.6839852 0 -1 -2.8871e-7 -0.00467801 0 0 0 1 1 0 0 -0.5986294 0 -3.64403e-7 1 -0.6354173 0 -1 -2.88905e-7 -0.08237713 0 0 0 1 1 1.50996e-7 0 0.09927058 0 4.11179e-7 -1 0.6839851 -1.50996e-7 1 3.35681e-7 0.004677951 0 0 0 1 0.9992992 -0.03505754 -0.01312172 0.1999061 -0.01322448 -0.002700984 -0.9999089 0.6813812 0.03501892 0.9993817 -0.003162801 0.01353526 0 0 0 1 0.9992992 -0.03505748 -0.01312202 0.3021935 -0.01333653 -0.005892038 -0.9998937 0.6813344 0.03497642 0.9993681 -0.006355524 0.01571089 0 0 0 1 0.9992277 0.03688657 -0.013547 0.3764892 -0.01333743 -0.005922257 -0.9998935 0.681334 -0.03696286 0.999302 -0.005425751 -0.01136702 0 0 0 1 0.9992277 0.03688651 -0.0135467 0.4646149 -0.01333713 -0.005922257 -0.9998935 0.6813341 -0.03696286 0.999302 -0.005425751 -0.01136696 0 0 0 1 1 0 0 0.5350781 0 3.57628e-7 -0.9999998 0.6885714 0 1 2.79397e-7 0.00467807 0 0 0 1 1 0 0 0.6361511 0 3.57628e-7 -0.9999998 0.6885714 0 1 2.79397e-7 0.00467807 0 0 0 1 1 0 0 0.5986281 0 3.57628e-7 -0.9999998 0.6400034 0 1 2.79397e-7 0.08237713 0 0 0 1 1 0 0 0 0 -3.73926e-7 1 -0.7818231 0 -1 -2.98428e-7 -0.03228831 0 0 0 1 1 0 0 0.09729462 0 -3.73926e-7 1 -1.178822 0 -1 -2.98428e-7 -0.1421502 0 0 0 1 1 0 0 0 0 -3.73926e-7 1 -0.7818231 0 -1 -2.98428e-7 -0.03228831 0 0 0 1 1 0 0 0 0 -3.36673e-7 1 -0.8631954 0 -1 -2.61175e-7 -0.02528834 0 0 0 1 1 0 0 -0.07284629 0 -3.36673e-7 1 -1.106588 0 -1 -2.61175e-7 3.70072e-4 0 0 0 1 1 0 0 0.07357376 0 -3.36673e-7 1 -1.106547 0 -1 -2.61175e-7 3.70072e-4 0 0 0 1 1 0 0 -0.04099994 0 -3.36673e-7 1 -1.037851 0 -1 -2.61175e-7 -0.1069579 0 0 0 1 1 0 0 0.04099994 0 -3.36673e-7 1 -1.037851 0 -1 -2.61175e-7 -0.1069579 0 0 0 1 1 0 0 0 0 -4.11179e-7 1 -0.9411687 0 -1 -3.35681e-7 -0.0818597 0 0 0 1 1 0 0 -0.04099994 0 -3.36673e-7 1 -1.037851 0 -1 -2.61175e-7 -0.1069579 0 0 0 1 1 0 0 0.04099994 0 -3.36673e-7 1 -1.037851 0 -1 -2.61175e-7 -0.1069579 0 0 0 1 1 0 0 -0.04099994 0 -3.36673e-7 1 -1.037851 0 -1 -2.61175e-7 -0.1069579 0 0 0 1 1 0 0 0.04099994 0 -3.36673e-7 1 -1.037851 0 -1 -2.61175e-7 -0.1069579 0 0 0 1 1 0 0 0 0 0 1 -0.922902 0 -1 0 -0.1718867 0 0 0 1</float_array>
          <technique_common>
            <accessor source="#sandy_root_mesh_003-skin-bind_poses-array" count="48" stride="16">
              <param name="TRANSFORM" type="float4x4"/>
            </accessor>
          </technique_common>
        </source>
        <source id="sandy_root_mesh_003-skin-weights">
          <float_array id="sandy_root_mesh_003-skin-weights-array" count="12">1 1 1 1 1 1 1 1 1 1 1 1</float_array>
          <technique_common>
            <accessor source="#sandy_root_mesh_003-skin-weights-array" count="12" stride="1">
              <param name="WEIGHT" type="float"/>
            </accessor>
          </technique_common>
        </source>
        <joints>
          <input semantic="JOINT" source="#sandy_root_mesh_003-skin-joints"/>
          <input semantic="INV_BIND_MATRIX" source="#sandy_root_mesh_003-skin-bind_poses"/>
        </joints>
        <vertex_weights count="12">
          <input semantic="JOINT" source="#sandy_root_mesh_003-skin-joints" offset="0"/>
          <input semantic="WEIGHT" source="#sandy_root_mesh_003-skin-weights" offset="1"/>
          <vcount>1 1 1 1 1 1 1 1 1 1 1 1 </vcount>
          <v>45 0 45 1 45 2 45 3 45 4 45 5 45 6 45 7 45 8 45 9 45 10 45 11</v>
        </vertex_weights>
      </skin>
    </controller>
    <controller id="sandy_root_mesh_002-skin" name="sandy_root">
      <skin source="#unnamed_008-mesh">
        <bind_shape_matrix>1 0 0 0 0 1 0 0 0 0 1 0 0 0 0 1</bind_shape_matrix>
        <source id="sandy_root_mesh_002-skin-joints">
          <Name_array id="sandy_root_mesh_002-skin-joints-array" count="48">sandy_root sandy_sub_root sandy_connect sandy_hip sandy_skel_tail1 sandy_skel_tail2 sandy_skel_tail3 sandy_skel_tail4 sandy_thigh_L sandy_knee_L sandy_ankle_L sandy_toe_L sandy_thigh_R sandy_knee_R sandy_ankle_R sandy_toe_R sandy_spine sandy_chest sandy_clavicle_L sandy_bicep_L sandy_bicep_twist_L sandy_elbow_L sandy_elbow_twist_L sandy_wrist_L sandy_fingers_L sandy_thumb_L sandy_clavicle_R sandy_bicep_R sandy_bicep_twist_R sandy_elbow_R sandy_elbow_twist_R sandy_wrist_R sandy_fingers_R sandy_thumb_R sandy_helmet sandy_flower sandy_neck sandy_head sandy_ear_L sandy_ear_R sandy_eye_L sandy_eye_R sandy_jaw sandy_lid_bottom_L sandy_lid_bottom_R sandy_lid_top_L sandy_lid_top_R sandy_teeth</Name_array>
          <technique_common>
            <accessor source="#sandy_root_mesh_002-skin-joints-array" count="48" stride="1">
              <param name="JOINT" type="name"/>
            </accessor>
          </technique_common>
        </source>
        <source id="sandy_root_mesh_002-skin-bind_poses">
          <float_array id="sandy_root_mesh_002-skin-bind_poses-array" count="768">1 0 0 0 0 -3.57628e-7 1 0 0 -1 -2.8213e-7 0 0 0 0 1 1 0 0 0 0 -2.83122e-7 1 -0.4714638 0 -1 -2.07624e-7 -0.03626632 0 0 0 1 1 0 0 0 0 -3.57628e-7 1 0 0 -1 -2.8213e-7 0 0 0 0 1 1 0 0 0 0 -2.99015e-7 1 -0.4714638 0 -1 -2.23517e-7 -0.03626632 0 0 0 1 1 0 0 0 0 0.9950543 0.09933263 -0.1873089 0 -0.09933286 0.9950543 -0.4196816 0 0 0 1 1 0 0 0 0 0.9799787 0.1991013 -0.3554116 0 -0.1991015 0.9799788 -0.3858299 0 0 0 1 1 0 0 0 0 0.9999311 0.01172387 -0.462925 0 -0.01172411 0.9999312 -0.4812176 0 0 0 1 1 0 0 0 0 -1.22003e-6 1 -0.4897423 0 -0.9999999 -1.11852e-6 0.7243151 0 0 0 1 1 3.40565e-7 0 -0.1023073 0 -0.03962713 -0.9992145 0.4223722 -3.40833e-7 0.999214 -0.03962719 0.05400931 0 0 0 1 1 3.68413e-7 0 -0.1023073 0 0.03830635 -0.999266 0.2883981 -3.68683e-7 0.9992654 0.03830629 0.0316466 0 0 0 1 1 3.02822e-7 -7.32217e-7 -0.1023073 0 -0.9240896 -0.3821744 0.01286548 -7.92366e-7 0.3821743 -0.9240901 0.1261637 0 0 0 1 1 0 0 -0.1023073 0 -2.98023e-7 0.9999999 -0.06277698 0 -0.9999994 -1.49011e-7 -0.1783271 0 0 0 1 1 0 0 0.102307 0 -0.02355045 0.9997227 -0.4249402 0 -0.9997227 -0.02355039 -0.02722954 0 0 0 1 1 0 0 0.102307 0 -0.05422151 0.9985291 -0.2889982 0 -0.998529 -0.05422139 -0.02924811 0 0 0 1 1 4.17701e-7 8.14842e-7 0.1023069 1.49012e-7 -0.9522646 0.3052741 -0.07168537 9.03458e-7 -0.305274 -0.9522646 0.1046137 0 0 0 1 1 -1.10467e-6 2.98023e-7 0.1023067 2.98024e-7 3.27825e-7 -1 0.06277751 1.10467e-6 1 1.78814e-7 0.1783271 0 0 0 1 1 0 0 0 0 -3.20375e-7 1 -0.5593044 0 -1 -2.44877e-7 -0.02300649 0 0 0 1 1 0 0 0 0 -3.36673e-7 1 -0.6726704 0 -1 -2.61175e-7 -0.02168053 0 0 0 1 1 0 0 -0.09927064 0 -3.73926e-7 1 -0.6839853 0 -1 -2.98428e-7 -0.00467801 0 0 0 1 0.9993034 0.03732061 0 -0.1909216 0 -3.64208e-7 1 -0.6839853 0.03732061 -0.9993034 -2.88509e-7 -0.01181155 0 0 0 1 0.9993034 0.03732061 0 -0.2932086 0 -3.59755e-7 1 -0.6839853 0.03732061 -0.9993034 -2.84053e-7 -0.01181155 0 0 0 1 0.9992287 -0.03926807 0 -0.3671739 0 -3.55102e-7 1 -0.6839853 -0.03926807 -0.9992287 -2.79402e-7 0.01633703 0 0 0 1 0.9992287 -0.03926807 0 -0.4552995 0 -3.55097e-7 1 -0.6839853 -0.03926807 -0.9992287 -2.79397e-7 0.01633703 0 0 0 1 1 0 0 -0.5350791 0 -3.64403e-7 1 -0.6839852 0 -1 -2.88905e-7 -0.00467801 0 0 0 1 1 0 0 -0.6361517 0 -3.64208e-7 1 -0.6839852 0 -1 -2.8871e-7 -0.00467801 0 0 0 1 1 0 0 -0.5986294 0 -3.64403e-7 1 -0.6354173 0 -1 -2.88905e-7 -0.08237713 0 0 0 1 1 1.50996e-7 0 0.09927058 0 4.11179e-7 -1 0.6839851 -1.50996e-7 1 3.35681e-7 0.004677951 0 0 0 1 0.9992992 -0.03505754 -0.01312172 0.1999061 -0.01322448 -0.002700984 -0.9999089 0.6813812 0.03501892 0.9993817 -0.003162801 0.01353526 0 0 0 1 0.9992992 -0.03505748 -0.01312202 0.3021935 -0.01333653 -0.005892038 -0.9998937 0.6813344 0.03497642 0.9993681 -0.006355524 0.01571089 0 0 0 1 0.9992277 0.03688657 -0.013547 0.3764892 -0.01333743 -0.005922257 -0.9998935 0.681334 -0.03696286 0.999302 -0.005425751 -0.01136702 0 0 0 1 0.9992277 0.03688651 -0.0135467 0.4646149 -0.01333713 -0.005922257 -0.9998935 0.6813341 -0.03696286 0.999302 -0.005425751 -0.01136696 0 0 0 1 1 0 0 0.5350781 0 3.57628e-7 -0.9999998 0.6885714 0 1 2.79397e-7 0.00467807 0 0 0 1 1 0 0 0.6361511 0 3.57628e-7 -0.9999998 0.6885714 0 1 2.79397e-7 0.00467807 0 0 0 1 1 0 0 0.5986281 0 3.57628e-7 -0.9999998 0.6400034 0 1 2.79397e-7 0.08237713 0 0 0 1 1 0 0 0 0 -3.73926e-7 1 -0.7818231 0 -1 -2.98428e-7 -0.03228831 0 0 0 1 1 0 0 0.09729462 0 -3.73926e-7 1 -1.178822 0 -1 -2.98428e-7 -0.1421502 0 0 0 1 1 0 0 0 0 -3.73926e-7 1 -0.7818231 0 -1 -2.98428e-7 -0.03228831 0 0 0 1 1 0 0 0 0 -3.36673e-7 1 -0.8631954 0 -1 -2.61175e-7 -0.02528834 0 0 0 1 1 0 0 -0.07284629 0 -3.36673e-7 1 -1.106588 0 -1 -2.61175e-7 3.70072e-4 0 0 0 1 1 0 0 0.07357376 0 -3.36673e-7 1 -1.106547 0 -1 -2.61175e-7 3.70072e-4 0 0 0 1 1 0 0 -0.04099994 0 -3.36673e-7 1 -1.037851 0 -1 -2.61175e-7 -0.1069579 0 0 0 1 1 0 0 0.04099994 0 -3.36673e-7 1 -1.037851 0 -1 -2.61175e-7 -0.1069579 0 0 0 1 1 0 0 0 0 -4.11179e-7 1 -0.9411687 0 -1 -3.35681e-7 -0.0818597 0 0 0 1 1 0 0 -0.04099994 0 -3.36673e-7 1 -1.037851 0 -1 -2.61175e-7 -0.1069579 0 0 0 1 1 0 0 0.04099994 0 -3.36673e-7 1 -1.037851 0 -1 -2.61175e-7 -0.1069579 0 0 0 1 1 0 0 -0.04099994 0 -3.36673e-7 1 -1.037851 0 -1 -2.61175e-7 -0.1069579 0 0 0 1 1 0 0 0.04099994 0 -3.36673e-7 1 -1.037851 0 -1 -2.61175e-7 -0.1069579 0 0 0 1 1 0 0 0 0 0 1 -0.922902 0 -1 0 -0.1718867 0 0 0 1</float_array>
          <technique_common>
            <accessor source="#sandy_root_mesh_002-skin-bind_poses-array" count="48" stride="16">
              <param name="TRANSFORM" type="float4x4"/>
            </accessor>
          </technique_common>
        </source>
        <source id="sandy_root_mesh_002-skin-weights">
          <float_array id="sandy_root_mesh_002-skin-weights-array" count="31">1 1 1 1 1 1 1 1 1 1 1 1 1 1 1 1 1 1 1 1 1 1 1 1 1 1 1 1 1 1 1</float_array>
          <technique_common>
            <accessor source="#sandy_root_mesh_002-skin-weights-array" count="31" stride="1">
              <param name="WEIGHT" type="float"/>
            </accessor>
          </technique_common>
        </source>
        <joints>
          <input semantic="JOINT" source="#sandy_root_mesh_002-skin-joints"/>
          <input semantic="INV_BIND_MATRIX" source="#sandy_root_mesh_002-skin-bind_poses"/>
        </joints>
        <vertex_weights count="31">
          <input semantic="JOINT" source="#sandy_root_mesh_002-skin-joints" offset="0"/>
          <input semantic="WEIGHT" source="#sandy_root_mesh_002-skin-weights" offset="1"/>
          <vcount>1 1 1 1 1 1 1 1 1 1 1 1 1 1 1 1 1 1 1 1 1 1 1 1 1 1 1 1 1 1 1 </vcount>
          <v>37 0 37 1 37 2 37 3 37 4 37 5 37 6 37 7 37 8 37 9 37 10 37 11 37 12 37 13 37 14 37 15 37 16 37 17 37 18 37 19 37 20 37 21 37 22 37 23 37 24 37 25 37 26 37 27 37 28 37 29 37 30</v>
        </vertex_weights>
      </skin>
    </controller>
    <controller id="sandy_root_mesh_001-skin" name="sandy_root">
      <skin source="#unnamed_007-mesh">
        <bind_shape_matrix>1 0 0 0 0 1 0 0 0 0 1 0 0 0 0 1</bind_shape_matrix>
        <source id="sandy_root_mesh_001-skin-joints">
          <Name_array id="sandy_root_mesh_001-skin-joints-array" count="48">sandy_root sandy_sub_root sandy_connect sandy_hip sandy_skel_tail1 sandy_skel_tail2 sandy_skel_tail3 sandy_skel_tail4 sandy_thigh_L sandy_knee_L sandy_ankle_L sandy_toe_L sandy_thigh_R sandy_knee_R sandy_ankle_R sandy_toe_R sandy_spine sandy_chest sandy_clavicle_L sandy_bicep_L sandy_bicep_twist_L sandy_elbow_L sandy_elbow_twist_L sandy_wrist_L sandy_fingers_L sandy_thumb_L sandy_clavicle_R sandy_bicep_R sandy_bicep_twist_R sandy_elbow_R sandy_elbow_twist_R sandy_wrist_R sandy_fingers_R sandy_thumb_R sandy_helmet sandy_flower sandy_neck sandy_head sandy_ear_L sandy_ear_R sandy_eye_L sandy_eye_R sandy_jaw sandy_lid_bottom_L sandy_lid_bottom_R sandy_lid_top_L sandy_lid_top_R sandy_teeth</Name_array>
          <technique_common>
            <accessor source="#sandy_root_mesh_001-skin-joints-array" count="48" stride="1">
              <param name="JOINT" type="name"/>
            </accessor>
          </technique_common>
        </source>
        <source id="sandy_root_mesh_001-skin-bind_poses">
          <float_array id="sandy_root_mesh_001-skin-bind_poses-array" count="768">1 0 0 0 0 -3.57628e-7 1 0 0 -1 -2.8213e-7 0 0 0 0 1 1 0 0 0 0 -2.83122e-7 1 -0.4714638 0 -1 -2.07624e-7 -0.03626632 0 0 0 1 1 0 0 0 0 -3.57628e-7 1 0 0 -1 -2.8213e-7 0 0 0 0 1 1 0 0 0 0 -2.99015e-7 1 -0.4714638 0 -1 -2.23517e-7 -0.03626632 0 0 0 1 1 0 0 0 0 0.9950543 0.09933263 -0.1873089 0 -0.09933286 0.9950543 -0.4196816 0 0 0 1 1 0 0 0 0 0.9799787 0.1991013 -0.3554116 0 -0.1991015 0.9799788 -0.3858299 0 0 0 1 1 0 0 0 0 0.9999311 0.01172387 -0.462925 0 -0.01172411 0.9999312 -0.4812176 0 0 0 1 1 0 0 0 0 -1.22003e-6 1 -0.4897423 0 -0.9999999 -1.11852e-6 0.7243151 0 0 0 1 1 3.40565e-7 0 -0.1023073 0 -0.03962713 -0.9992145 0.4223722 -3.40833e-7 0.999214 -0.03962719 0.05400931 0 0 0 1 1 3.68413e-7 0 -0.1023073 0 0.03830635 -0.999266 0.2883981 -3.68683e-7 0.9992654 0.03830629 0.0316466 0 0 0 1 1 3.02822e-7 -7.32217e-7 -0.1023073 0 -0.9240896 -0.3821744 0.01286548 -7.92366e-7 0.3821743 -0.9240901 0.1261637 0 0 0 1 1 0 0 -0.1023073 0 -2.98023e-7 0.9999999 -0.06277698 0 -0.9999994 -1.49011e-7 -0.1783271 0 0 0 1 1 0 0 0.102307 0 -0.02355045 0.9997227 -0.4249402 0 -0.9997227 -0.02355039 -0.02722954 0 0 0 1 1 0 0 0.102307 0 -0.05422151 0.9985291 -0.2889982 0 -0.998529 -0.05422139 -0.02924811 0 0 0 1 1 4.17701e-7 8.14842e-7 0.1023069 1.49012e-7 -0.9522646 0.3052741 -0.07168537 9.03458e-7 -0.305274 -0.9522646 0.1046137 0 0 0 1 1 -1.10467e-6 2.98023e-7 0.1023067 2.98024e-7 3.27825e-7 -1 0.06277751 1.10467e-6 1 1.78814e-7 0.1783271 0 0 0 1 1 0 0 0 0 -3.20375e-7 1 -0.5593044 0 -1 -2.44877e-7 -0.02300649 0 0 0 1 1 0 0 0 0 -3.36673e-7 1 -0.6726704 0 -1 -2.61175e-7 -0.02168053 0 0 0 1 1 0 0 -0.09927064 0 -3.73926e-7 1 -0.6839853 0 -1 -2.98428e-7 -0.00467801 0 0 0 1 0.9993034 0.03732061 0 -0.1909216 0 -3.64208e-7 1 -0.6839853 0.03732061 -0.9993034 -2.88509e-7 -0.01181155 0 0 0 1 0.9993034 0.03732061 0 -0.2932086 0 -3.59755e-7 1 -0.6839853 0.03732061 -0.9993034 -2.84053e-7 -0.01181155 0 0 0 1 0.9992287 -0.03926807 0 -0.3671739 0 -3.55102e-7 1 -0.6839853 -0.03926807 -0.9992287 -2.79402e-7 0.01633703 0 0 0 1 0.9992287 -0.03926807 0 -0.4552995 0 -3.55097e-7 1 -0.6839853 -0.03926807 -0.9992287 -2.79397e-7 0.01633703 0 0 0 1 1 0 0 -0.5350791 0 -3.64403e-7 1 -0.6839852 0 -1 -2.88905e-7 -0.00467801 0 0 0 1 1 0 0 -0.6361517 0 -3.64208e-7 1 -0.6839852 0 -1 -2.8871e-7 -0.00467801 0 0 0 1 1 0 0 -0.5986294 0 -3.64403e-7 1 -0.6354173 0 -1 -2.88905e-7 -0.08237713 0 0 0 1 1 1.50996e-7 0 0.09927058 0 4.11179e-7 -1 0.6839851 -1.50996e-7 1 3.35681e-7 0.004677951 0 0 0 1 0.9992992 -0.03505754 -0.01312172 0.1999061 -0.01322448 -0.002700984 -0.9999089 0.6813812 0.03501892 0.9993817 -0.003162801 0.01353526 0 0 0 1 0.9992992 -0.03505748 -0.01312202 0.3021935 -0.01333653 -0.005892038 -0.9998937 0.6813344 0.03497642 0.9993681 -0.006355524 0.01571089 0 0 0 1 0.9992277 0.03688657 -0.013547 0.3764892 -0.01333743 -0.005922257 -0.9998935 0.681334 -0.03696286 0.999302 -0.005425751 -0.01136702 0 0 0 1 0.9992277 0.03688651 -0.0135467 0.4646149 -0.01333713 -0.005922257 -0.9998935 0.6813341 -0.03696286 0.999302 -0.005425751 -0.01136696 0 0 0 1 1 0 0 0.5350781 0 3.57628e-7 -0.9999998 0.6885714 0 1 2.79397e-7 0.00467807 0 0 0 1 1 0 0 0.6361511 0 3.57628e-7 -0.9999998 0.6885714 0 1 2.79397e-7 0.00467807 0 0 0 1 1 0 0 0.5986281 0 3.57628e-7 -0.9999998 0.6400034 0 1 2.79397e-7 0.08237713 0 0 0 1 1 0 0 0 0 -3.73926e-7 1 -0.7818231 0 -1 -2.98428e-7 -0.03228831 0 0 0 1 1 0 0 0.09729462 0 -3.73926e-7 1 -1.178822 0 -1 -2.98428e-7 -0.1421502 0 0 0 1 1 0 0 0 0 -3.73926e-7 1 -0.7818231 0 -1 -2.98428e-7 -0.03228831 0 0 0 1 1 0 0 0 0 -3.36673e-7 1 -0.8631954 0 -1 -2.61175e-7 -0.02528834 0 0 0 1 1 0 0 -0.07284629 0 -3.36673e-7 1 -1.106588 0 -1 -2.61175e-7 3.70072e-4 0 0 0 1 1 0 0 0.07357376 0 -3.36673e-7 1 -1.106547 0 -1 -2.61175e-7 3.70072e-4 0 0 0 1 1 0 0 -0.04099994 0 -3.36673e-7 1 -1.037851 0 -1 -2.61175e-7 -0.1069579 0 0 0 1 1 0 0 0.04099994 0 -3.36673e-7 1 -1.037851 0 -1 -2.61175e-7 -0.1069579 0 0 0 1 1 0 0 0 0 -4.11179e-7 1 -0.9411687 0 -1 -3.35681e-7 -0.0818597 0 0 0 1 1 0 0 -0.04099994 0 -3.36673e-7 1 -1.037851 0 -1 -2.61175e-7 -0.1069579 0 0 0 1 1 0 0 0.04099994 0 -3.36673e-7 1 -1.037851 0 -1 -2.61175e-7 -0.1069579 0 0 0 1 1 0 0 -0.04099994 0 -3.36673e-7 1 -1.037851 0 -1 -2.61175e-7 -0.1069579 0 0 0 1 1 0 0 0.04099994 0 -3.36673e-7 1 -1.037851 0 -1 -2.61175e-7 -0.1069579 0 0 0 1 1 0 0 0 0 0 1 -0.922902 0 -1 0 -0.1718867 0 0 0 1</float_array>
          <technique_common>
            <accessor source="#sandy_root_mesh_001-skin-bind_poses-array" count="48" stride="16">
              <param name="TRANSFORM" type="float4x4"/>
            </accessor>
          </technique_common>
        </source>
        <source id="sandy_root_mesh_001-skin-weights">
          <float_array id="sandy_root_mesh_001-skin-weights-array" count="351">1 1 1 1 1 1 1 1 1 1 1 1 1 1 1 1 1 1 1 1 1 1 1 1 1 1 1 1 1 1 1 0.2490378 0.7509622 0.2490492 0.7509508 0.5039235 0.4960765 0.5019704 0.4980296 1 1 1 1 1 1 1 1 1 1 1 1 1 1 1 1 1 1 1 1 1 1 1 1 1 1 1 1 1 1 1 1 1 1 1 1 1 1 1 1 1 1 0.003921687 0.9960784 1 0.02745091 0.9725491 0.003921687 0.9960784 1 0.003921687 0.9960784 0.5019706 0.4980294 0.003921687 0.9960784 0.003921687 0.9960784 0.003921687 0.9960784 0.003921687 0.9960784 0.5019706 0.4980294 1 0.5019707 0.4980294 0.003921687 0.9960784 0.003921687 0.9960784 1 1 0.5019707 0.4980294 0.003921687 0.9960784 1 0.003921687 0.9960784 1 0.003921687 0.9960784 1 1 1 1 1 1 1 1 1 1 0.5058767 0.4941233 0.2497702 0.7502298 0.2490111 0.7509889 7.68939e-5 0.9803927 0.01953041 0.2490607 0.7509393 0.02941149 0.9705885 0.5097986 0.4902014 1 1 1 1 1 0.05313628 0.9468637 1 1 1 1 1 1 0.0256493 0.9743507 1.96705e-4 0.9998033 0.1843137 0.8156864 1 1 1 1 1 1 1 1 1 1 1 1 1 1 1 1 1 1 1 1 1 1 1 1 1 1 1 1 1 1 1 1 1 1 1 1 1 1 1 1 1 1 0.003921687 0.9960784 0.5000175 0.4999825 0.5019707 0.4980294 1 1 1 1 1 0.5019706 0.4980294 1 1 1 1 0.5097986 0.4902014 1 1 1 1 1 1 1 1 1 1 1 1 1 1 1 1 1 1 1 1 1 1 1 1 1 1 1 1 1 1 1 0.003921687 0.9960784 0.003921687 0.9960784 0.003921687 0.9960784 0.003921687 0.9960784 1 1 1 1 1 1 0 0.9999948 5.28419e-6 1.01314e-5 0.9974163 0.002573609 0.00499773 0.9950022 0.009828209 0.9901718 1 1 1 1 1 1 1 1 1 1 1 1 1 1 1 1 1 1 1 1 1 1 1 1 1 1 1 1 1 1 1 0.003921687 0.9960784 1 1 1 1 1 1 1 0.003921687 0.9960784 1 1 1 1 1 1 1 1 1 1 1 0.003921687 0.9960784 1 1 1 1 1 0.003921687 0.9960784 0.5019706 0.4980294 1 1 1 1 1</float_array>
          <technique_common>
            <accessor source="#sandy_root_mesh_001-skin-weights-array" count="351" stride="1">
              <param name="WEIGHT" type="float"/>
            </accessor>
          </technique_common>
        </source>
        <joints>
          <input semantic="JOINT" source="#sandy_root_mesh_001-skin-joints"/>
          <input semantic="INV_BIND_MATRIX" source="#sandy_root_mesh_001-skin-bind_poses"/>
        </joints>
        <vertex_weights count="298">
          <input semantic="JOINT" source="#sandy_root_mesh_001-skin-joints" offset="0"/>
          <input semantic="WEIGHT" source="#sandy_root_mesh_001-skin-weights" offset="1"/>
          <vcount>1 1 1 1 1 1 1 1 1 1 1 1 1 1 1 1 1 1 1 1 1 1 1 1 1 1 1 1 1 1 1 2 2 2 2 1 1 1 1 1 1 1 1 1 1 1 1 1 1 1 1 1 1 1 1 1 1 1 1 1 1 1 1 1 1 1 1 1 1 1 1 1 1 1 1 1 1 2 1 2 2 1 2 2 2 2 2 2 2 1 2 2 2 1 1 2 2 1 2 1 2 1 1 1 1 1 1 1 1 1 1 2 2 2 3 2 2 2 1 1 1 1 1 2 1 1 1 1 1 1 2 2 2 1 1 1 1 1 1 1 1 1 1 1 1 1 1 1 1 1 1 1 1 1 1 1 1 1 1 1 1 1 1 1 1 1 1 1 1 1 1 1 1 1 1 2 2 2 1 1 1 1 1 2 1 1 1 1 2 1 1 1 1 1 1 1 1 1 1 1 1 1 1 1 1 1 1 1 1 1 1 1 1 1 1 1 1 1 1 1 2 2 2 2 1 1 1 1 1 1 3 3 2 2 1 1 1 1 1 1 1 1 1 1 1 1 1 1 1 1 1 1 1 1 1 1 1 1 1 1 1 1 1 1 1 2 1 1 1 1 1 1 1 2 1 1 1 1 1 1 1 1 1 1 1 2 1 1 1 1 1 2 2 1 1 1 1 1 </vcount>
          <v>37 0 37 1 37 2 37 3 37 4 37 5 37 6 37 7 37 8 37 9 37 10 37 11 37 12 37 13 37 14 37 15 37 16 37 17 37 18 37 19 37 20 37 21 37 22 37 23 37 24 37 25 37 26 37 27 37 28 37 29 37 30 37 31 42 32 37 33 42 34 37 35 42 36 37 37 42 38 37 39 37 40 37 41 37 42 37 43 37 44 37 45 37 46 37 47 37 48 37 49 37 50 37 51 37 52 37 53 37 54 37 55 37 56 37 57 37 58 37 59 37 60 37 61 37 62 37 63 37 64 37 65 37 66 37 67 37 68 37 69 37 70 37 71 37 72 37 73 37 74 37 75 37 76 37 77 37 78 37 79 37 80 37 81 47 82 37 83 37 84 47 85 37 86 47 87 39 88 37 89 39 90 37 91 39 92 37 93 39 94 37 95 39 96 37 97 39 98 37 99 39 100 37 101 39 102 37 103 37 104 38 105 37 106 38 107 37 108 38 109 38 110 38 111 37 112 38 113 37 114 38 115 38 116 37 117 38 118 38 119 37 120 38 121 37 122 37 123 37 124 37 125 37 126 37 127 37 128 37 129 37 130 37 131 37 132 42 133 37 134 42 135 37 136 42 137 37 138 42 139 47 140 37 141 42 142 37 143 42 144 37 145 42 146 37 147 37 148 37 149 37 150 37 151 37 152 42 153 37 154 37 155 37 156 37 157 37 158 37 159 37 160 42 161 37 162 42 163 37 164 42 165 37 166 37 167 37 168 37 169 37 170 37 171 37 172 37 173 37 174 37 175 37 176 37 177 37 178 37 179 37 180 37 181 37 182 37 183 37 184 37 185 37 186 37 187 37 188 37 189 37 190 37 191 37 192 37 193 37 194 37 195 37 196 37 197 37 198 37 199 37 200 37 201 37 202 37 203 37 204 37 205 37 206 37 207 37 208 38 209 37 210 38 211 37 212 38 213 37 214 37 215 37 216 37 217 37 218 37 219 39 220 37 221 37 222 37 223 37 224 37 225 42 226 37 227 37 228 37 229 37 230 37 231 37 232 37 233 37 234 37 235 37 236 37 237 37 238 37 239 37 240 37 241 37 242 37 243 37 244 37 245 37 246 37 247 37 248 37 249 37 250 37 251 37 252 37 253 37 254 37 255 37 256 37 257 37 258 39 259 37 260 39 261 37 262 39 263 37 264 39 265 37 266 37 267 37 268 37 269 37 270 37 271 37 272 42 273 47 274 37 275 42 276 47 277 37 278 42 279 37 280 42 281 37 282 37 283 37 284 37 285 37 286 37 287 37 288 37 289 37 290 37 291 37 292 37 293 37 294 37 295 37 296 37 297 37 298 37 299 37 300 37 301 37 302 37 303 37 304 37 305 37 306 37 307 37 308 37 309 37 310 37 311 37 312 36 313 37 314 37 315 37 316 37 317 37 318 37 319 37 320 37 321 37 322 38 323 17 324 17 325 17 326 17 327 17 328 36 329 17 330 36 331 36 332 36 333 36 334 36 335 37 336 36 337 37 338 37 339 37 340 37 341 37 342 39 343 37 344 39 345 37 346 37 347 37 348 37 349 37 350</v>
        </vertex_weights>
      </skin>
    </controller>
    <controller id="sandy_root_mesh-skin" name="sandy_root">
      <skin source="#unnamed_006-mesh">
        <bind_shape_matrix>1 0 0 0 0 1 0 0 0 0 1 0 0 0 0 1</bind_shape_matrix>
        <source id="sandy_root_mesh-skin-joints">
          <Name_array id="sandy_root_mesh-skin-joints-array" count="48">sandy_root sandy_sub_root sandy_connect sandy_hip sandy_skel_tail1 sandy_skel_tail2 sandy_skel_tail3 sandy_skel_tail4 sandy_thigh_L sandy_knee_L sandy_ankle_L sandy_toe_L sandy_thigh_R sandy_knee_R sandy_ankle_R sandy_toe_R sandy_spine sandy_chest sandy_clavicle_L sandy_bicep_L sandy_bicep_twist_L sandy_elbow_L sandy_elbow_twist_L sandy_wrist_L sandy_fingers_L sandy_thumb_L sandy_clavicle_R sandy_bicep_R sandy_bicep_twist_R sandy_elbow_R sandy_elbow_twist_R sandy_wrist_R sandy_fingers_R sandy_thumb_R sandy_helmet sandy_flower sandy_neck sandy_head sandy_ear_L sandy_ear_R sandy_eye_L sandy_eye_R sandy_jaw sandy_lid_bottom_L sandy_lid_bottom_R sandy_lid_top_L sandy_lid_top_R sandy_teeth</Name_array>
          <technique_common>
            <accessor source="#sandy_root_mesh-skin-joints-array" count="48" stride="1">
              <param name="JOINT" type="name"/>
            </accessor>
          </technique_common>
        </source>
        <source id="sandy_root_mesh-skin-bind_poses">
          <float_array id="sandy_root_mesh-skin-bind_poses-array" count="768">1 0 0 0 0 -3.57628e-7 1 0 0 -1 -2.8213e-7 0 0 0 0 1 1 0 0 0 0 -2.83122e-7 1 -0.4714638 0 -1 -2.07624e-7 -0.03626632 0 0 0 1 1 0 0 0 0 -3.57628e-7 1 0 0 -1 -2.8213e-7 0 0 0 0 1 1 0 0 0 0 -2.99015e-7 1 -0.4714638 0 -1 -2.23517e-7 -0.03626632 0 0 0 1 1 0 0 0 0 0.9950543 0.09933263 -0.1873089 0 -0.09933286 0.9950543 -0.4196816 0 0 0 1 1 0 0 0 0 0.9799787 0.1991013 -0.3554116 0 -0.1991015 0.9799788 -0.3858299 0 0 0 1 1 0 0 0 0 0.9999311 0.01172387 -0.462925 0 -0.01172411 0.9999312 -0.4812176 0 0 0 1 1 0 0 0 0 -1.22003e-6 1 -0.4897423 0 -0.9999999 -1.11852e-6 0.7243151 0 0 0 1 1 3.40565e-7 0 -0.1023073 0 -0.03962713 -0.9992145 0.4223722 -3.40833e-7 0.999214 -0.03962719 0.05400931 0 0 0 1 1 3.68413e-7 0 -0.1023073 0 0.03830635 -0.999266 0.2883981 -3.68683e-7 0.9992654 0.03830629 0.0316466 0 0 0 1 1 3.02822e-7 -7.32217e-7 -0.1023073 0 -0.9240896 -0.3821744 0.01286548 -7.92366e-7 0.3821743 -0.9240901 0.1261637 0 0 0 1 1 0 0 -0.1023073 0 -2.98023e-7 0.9999999 -0.06277698 0 -0.9999994 -1.49011e-7 -0.1783271 0 0 0 1 1 0 0 0.102307 0 -0.02355045 0.9997227 -0.4249402 0 -0.9997227 -0.02355039 -0.02722954 0 0 0 1 1 0 0 0.102307 0 -0.05422151 0.9985291 -0.2889982 0 -0.998529 -0.05422139 -0.02924811 0 0 0 1 1 4.17701e-7 8.14842e-7 0.1023069 1.49012e-7 -0.9522646 0.3052741 -0.07168537 9.03458e-7 -0.305274 -0.9522646 0.1046137 0 0 0 1 1 -1.10467e-6 2.98023e-7 0.1023067 2.98024e-7 3.27825e-7 -1 0.06277751 1.10467e-6 1 1.78814e-7 0.1783271 0 0 0 1 1 0 0 0 0 -3.20375e-7 1 -0.5593044 0 -1 -2.44877e-7 -0.02300649 0 0 0 1 1 0 0 0 0 -3.36673e-7 1 -0.6726704 0 -1 -2.61175e-7 -0.02168053 0 0 0 1 1 0 0 -0.09927064 0 -3.73926e-7 1 -0.6839853 0 -1 -2.98428e-7 -0.00467801 0 0 0 1 0.9993034 0.03732061 0 -0.1909216 0 -3.64208e-7 1 -0.6839853 0.03732061 -0.9993034 -2.88509e-7 -0.01181155 0 0 0 1 0.9993034 0.03732061 0 -0.2932086 0 -3.59755e-7 1 -0.6839853 0.03732061 -0.9993034 -2.84053e-7 -0.01181155 0 0 0 1 0.9992287 -0.03926807 0 -0.3671739 0 -3.55102e-7 1 -0.6839853 -0.03926807 -0.9992287 -2.79402e-7 0.01633703 0 0 0 1 0.9992287 -0.03926807 0 -0.4552995 0 -3.55097e-7 1 -0.6839853 -0.03926807 -0.9992287 -2.79397e-7 0.01633703 0 0 0 1 1 0 0 -0.5350791 0 -3.64403e-7 1 -0.6839852 0 -1 -2.88905e-7 -0.00467801 0 0 0 1 1 0 0 -0.6361517 0 -3.64208e-7 1 -0.6839852 0 -1 -2.8871e-7 -0.00467801 0 0 0 1 1 0 0 -0.5986294 0 -3.64403e-7 1 -0.6354173 0 -1 -2.88905e-7 -0.08237713 0 0 0 1 1 1.50996e-7 0 0.09927058 0 4.11179e-7 -1 0.6839851 -1.50996e-7 1 3.35681e-7 0.004677951 0 0 0 1 0.9992992 -0.03505754 -0.01312172 0.1999061 -0.01322448 -0.002700984 -0.9999089 0.6813812 0.03501892 0.9993817 -0.003162801 0.01353526 0 0 0 1 0.9992992 -0.03505748 -0.01312202 0.3021935 -0.01333653 -0.005892038 -0.9998937 0.6813344 0.03497642 0.9993681 -0.006355524 0.01571089 0 0 0 1 0.9992277 0.03688657 -0.013547 0.3764892 -0.01333743 -0.005922257 -0.9998935 0.681334 -0.03696286 0.999302 -0.005425751 -0.01136702 0 0 0 1 0.9992277 0.03688651 -0.0135467 0.4646149 -0.01333713 -0.005922257 -0.9998935 0.6813341 -0.03696286 0.999302 -0.005425751 -0.01136696 0 0 0 1 1 0 0 0.5350781 0 3.57628e-7 -0.9999998 0.6885714 0 1 2.79397e-7 0.00467807 0 0 0 1 1 0 0 0.6361511 0 3.57628e-7 -0.9999998 0.6885714 0 1 2.79397e-7 0.00467807 0 0 0 1 1 0 0 0.5986281 0 3.57628e-7 -0.9999998 0.6400034 0 1 2.79397e-7 0.08237713 0 0 0 1 1 0 0 0 0 -3.73926e-7 1 -0.7818231 0 -1 -2.98428e-7 -0.03228831 0 0 0 1 1 0 0 0.09729462 0 -3.73926e-7 1 -1.178822 0 -1 -2.98428e-7 -0.1421502 0 0 0 1 1 0 0 0 0 -3.73926e-7 1 -0.7818231 0 -1 -2.98428e-7 -0.03228831 0 0 0 1 1 0 0 0 0 -3.36673e-7 1 -0.8631954 0 -1 -2.61175e-7 -0.02528834 0 0 0 1 1 0 0 -0.07284629 0 -3.36673e-7 1 -1.106588 0 -1 -2.61175e-7 3.70072e-4 0 0 0 1 1 0 0 0.07357376 0 -3.36673e-7 1 -1.106547 0 -1 -2.61175e-7 3.70072e-4 0 0 0 1 1 0 0 -0.04099994 0 -3.36673e-7 1 -1.037851 0 -1 -2.61175e-7 -0.1069579 0 0 0 1 1 0 0 0.04099994 0 -3.36673e-7 1 -1.037851 0 -1 -2.61175e-7 -0.1069579 0 0 0 1 1 0 0 0 0 -4.11179e-7 1 -0.9411687 0 -1 -3.35681e-7 -0.0818597 0 0 0 1 1 0 0 -0.04099994 0 -3.36673e-7 1 -1.037851 0 -1 -2.61175e-7 -0.1069579 0 0 0 1 1 0 0 0.04099994 0 -3.36673e-7 1 -1.037851 0 -1 -2.61175e-7 -0.1069579 0 0 0 1 1 0 0 -0.04099994 0 -3.36673e-7 1 -1.037851 0 -1 -2.61175e-7 -0.1069579 0 0 0 1 1 0 0 0.04099994 0 -3.36673e-7 1 -1.037851 0 -1 -2.61175e-7 -0.1069579 0 0 0 1 1 0 0 0 0 0 1 -0.922902 0 -1 0 -0.1718867 0 0 0 1</float_array>
          <technique_common>
            <accessor source="#sandy_root_mesh-skin-bind_poses-array" count="48" stride="16">
              <param name="TRANSFORM" type="float4x4"/>
            </accessor>
          </technique_common>
        </source>
        <source id="sandy_root_mesh-skin-weights">
          <float_array id="sandy_root_mesh-skin-weights-array" count="31">1 1 1 1 1 1 1 1 1 1 1 1 1 1 1 1 1 1 1 1 1 1 1 1 1 1 1 1 1 1 1</float_array>
          <technique_common>
            <accessor source="#sandy_root_mesh-skin-weights-array" count="31" stride="1">
              <param name="WEIGHT" type="float"/>
            </accessor>
          </technique_common>
        </source>
        <joints>
          <input semantic="JOINT" source="#sandy_root_mesh-skin-joints"/>
          <input semantic="INV_BIND_MATRIX" source="#sandy_root_mesh-skin-bind_poses"/>
        </joints>
        <vertex_weights count="31">
          <input semantic="JOINT" source="#sandy_root_mesh-skin-joints" offset="0"/>
          <input semantic="WEIGHT" source="#sandy_root_mesh-skin-weights" offset="1"/>
          <vcount>1 1 1 1 1 1 1 1 1 1 1 1 1 1 1 1 1 1 1 1 1 1 1 1 1 1 1 1 1 1 1 </vcount>
          <v>37 0 37 1 37 2 37 3 37 4 37 5 37 6 37 7 37 8 37 9 37 10 37 11 37 12 37 13 37 14 37 15 37 16 37 17 37 18 37 19 37 20 37 21 37 22 37 23 37 24 37 25 37 26 37 27 37 28 37 29 37 30</v>
        </vertex_weights>
      </skin>
    </controller>
  </library_controllers>
  <library_visual_scenes>
    <visual_scene id="Scene" name="Scene">
      <node id="unnamed" name="unnamed" type="NODE">
        <matrix sid="transform">1 0 0 0 0 1 0 0 0 0 1 0 0 0 0 1</matrix>
        <node id="sandy_root" name="sandy_root" type="NODE">
          <matrix sid="transform">1 0 0 0 0 1 0 0 0 0 1 0 0 0 0 1</matrix>
          <node id="sandy_root_sandy_root" name="sandy_root" sid="sandy_root" type="JOINT">
            <matrix sid="transform">1 0 0 0 0 -2.8213e-7 -1 0 0 1 -3.57628e-7 0 0 0 0 1</matrix>
            <node id="sandy_root_sandy_sub_root" name="sandy_sub_root" sid="sandy_sub_root" type="JOINT">
              <matrix sid="transform">1 0 0 0 0 1 7.45058e-8 0.4714638 0 -7.45058e-8 1 0.03626631 0 0 0 1</matrix>
              <node id="sandy_root_sandy_connect" name="sandy_connect" sid="sandy_connect" type="JOINT">
                <matrix sid="transform">1 0 0 0 0 1 -7.45058e-8 -0.4714638 0 7.45058e-8 1 -0.03626635 0 0 0 1</matrix>
                <extra>
                  <technique profile="blender">
                    <tip_x sid="tip_x" type="float">0</tip_x>
                    <tip_y sid="tip_y" type="float">0</tip_y>
                    <tip_z sid="tip_z" type="float">0.05000001</tip_z>
                  </technique>
                </extra>
              </node>
              <node id="sandy_root_sandy_hip" name="sandy_hip" sid="sandy_hip" type="JOINT">
                <matrix sid="transform">1 0 0 0 0 1 -1.58932e-8 1.02678e-8 0 1.58932e-8 1 0 0 0 0 1</matrix>
                <node id="sandy_root_sandy_skel_tail1" name="sandy_skel_tail1" sid="sandy_skel_tail1" type="JOINT">
                  <matrix sid="transform">1 0 0 4.63629e-15 0 0.09933261 0.9950544 -0.03525187 0 -0.9950544 0.09933245 -0.1809609 0 0 0 1</matrix>
                  <node id="sandy_root_sandy_skel_tail2" name="sandy_skel_tail2" sid="sandy_skel_tail2" type="JOINT">
                    <matrix sid="transform">1 0 0 0 0 0.9949096 -0.1007727 0.1274124 0 0.1007727 0.9949095 7.45058e-9 0 0 0 1</matrix>
                    <node id="sandy_root_sandy_skel_tail3" name="sandy_skel_tail3" sid="sandy_skel_tail3" type="JOINT">
                      <matrix sid="transform">1 0 0 0 0 0.9822458 0.1875985 0.1895703 0 -0.1875985 0.9822457 0 0 0 0 1</matrix>
                      <node id="sandy_root_sandy_skel_tail4" name="sandy_skel_tail4" sid="sandy_skel_tail4" type="JOINT">
                        <matrix sid="transform">1 0 0 0 0 0.01172275 -0.9999312 0.2670814 0 0.9999312 0.01172292 -6.33299e-8 0 0 0 1</matrix>
                        <extra>
                          <technique profile="blender">
                            <tip_x sid="tip_x" type="float">0</tip_x>
                            <tip_y sid="tip_y" type="float">0</tip_y>
                            <tip_z sid="tip_z" type="float">0.04999995</tip_z>
                          </technique>
                        </extra>
                      </node>
                      <extra>
                        <technique profile="blender">
                          <tip_x sid="tip_x" type="float">0</tip_x>
                          <tip_y sid="tip_y" type="float">0.04999655</tip_y>
                          <tip_z sid="tip_z" type="float">5.86212e-4</tip_z>
                        </technique>
                      </extra>
                    </node>
                    <extra>
                      <technique profile="blender">
                        <tip_x sid="tip_x" type="float">0</tip_x>
                        <tip_y sid="tip_y" type="float">0.04899895</tip_y>
                        <tip_z sid="tip_z" type="float">0.009955048</tip_z>
                      </technique>
                    </extra>
                  </node>
                  <extra>
                    <technique profile="blender">
                      <tip_x sid="tip_x" type="float">0</tip_x>
                      <tip_y sid="tip_y" type="float">0.04975271</tip_y>
                      <tip_z sid="tip_z" type="float">0.004966616</tip_z>
                    </technique>
                  </extra>
                </node>
                <node id="sandy_root_sandy_thigh_L" name="sandy_thigh_L" sid="sandy_thigh_L" type="JOINT">
                  <matrix sid="transform">1 0 -3.40833e-7 0.1023074 -1.35063e-8 -0.9992146 -0.03962745 -0.0472831 -3.40565e-7 0.03962745 -0.9992151 9.63066e-4 0 0 0 1</matrix>
                  <node id="sandy_root_sandy_knee_L" name="sandy_knee_L" sid="sandy_knee_L" type="JOINT">
                    <matrix sid="transform">1 2.65422e-8 -2.88851e-8 -1.49012e-8 -2.8711e-8 0.9969633 -0.07787436 0.1373144 2.67304e-8 0.07787436 0.9969633 -3.72529e-9 0 0 0 1</matrix>
                    <node id="sandy_root_sandy_ankle_L" name="sandy_ankle_L" sid="sandy_ankle_L" type="JOINT">
                      <matrix sid="transform">1 -3.45844e-7 -6.64619e-7 0 7.4328e-7 0.3464955 0.9380517 0.1655922 -9.41323e-8 -0.9380516 0.3464955 -7.45058e-9 0 0 0 1</matrix>
                      <node id="sandy_root_sandy_toe_L" name="sandy_toe_L" sid="sandy_toe_L" type="JOINT">
                        <matrix sid="transform">1 -7.32217e-7 -1.94443e-7 2.23517e-8 -1.00151e-7 -0.3821744 0.9240903 0.1536641 -7.50946e-7 -0.9240903 -0.3821743 2.23517e-8 0 0 0 1</matrix>
                        <extra>
                          <technique profile="blender">
                            <roll sid="roll" type="float">0</roll>
                            <tip_x sid="tip_x" type="float">0</tip_x>
                            <tip_y sid="tip_y" type="float">0</tip_y>
                            <tip_z sid="tip_z" type="float">0.04999995</tip_z>
                          </technique>
                        </extra>
                      </node>
                      <extra>
                        <technique profile="blender">
                          <roll sid="roll" type="float">-7.92365e-7</roll>
                          <tip_x sid="tip_x" type="float">0</tip_x>
                          <tip_y sid="tip_y" type="float">-0.0462045</tip_y>
                          <tip_z sid="tip_z" type="float">-0.01910871</tip_z>
                        </technique>
                      </extra>
                    </node>
                    <extra>
                      <technique profile="blender">
                        <roll sid="roll" type="float">-3.68683e-7</roll>
                        <tip_x sid="tip_x" type="float">0</tip_x>
                        <tip_y sid="tip_y" type="float">0.001915276</tip_y>
                        <tip_z sid="tip_z" type="float">-0.04996329</tip_z>
                      </technique>
                    </extra>
                  </node>
                  <extra>
                    <technique profile="blender">
                      <roll sid="roll" type="float">-3.40833e-7</roll>
                      <tip_x sid="tip_x" type="float">0</tip_x>
                      <tip_y sid="tip_y" type="float">-0.001981317</tip_y>
                      <tip_z sid="tip_z" type="float">-0.04996073</tip_z>
                    </technique>
                  </extra>
                </node>
                <node id="sandy_root_sandy_thigh_R" name="sandy_thigh_R" sid="sandy_thigh_R" type="JOINT">
                  <matrix sid="transform">1 0 -9.20196e-8 -0.102307 -2.16708e-9 0.9997227 -0.02355017 -0.04728271 9.19941e-8 0.02355017 0.9997227 9.63088e-4 0 0 0 1</matrix>
                  <node id="sandy_root_sandy_knee_R" name="sandy_knee_R" sid="sandy_knee_R" type="JOINT">
                    <matrix sid="transform">1 2.82414e-9 9.34865e-8 1.49012e-8 4.63529e-11 0.9995289 -0.03069064 -0.1369758 -9.35292e-8 0.03069064 0.9995289 0.01087431 0 0 0 1</matrix>
                    <node id="sandy_root_sandy_ankle_R" name="sandy_ankle_R" sid="sandy_ankle_R" type="JOINT">
                      <matrix sid="transform">1 1.47601e-7 9.0292e-7 2.23517e-8 7.90995e-7 0.3564582 -0.9343113 -0.1657037 -4.59758e-7 0.9343113 0.3564582 4.37994e-4 0 0 0 1</matrix>
                      <node id="sandy_root_sandy_toe_R" name="sandy_toe_R" sid="sandy_toe_R" type="JOINT">
                        <matrix sid="transform">1 -5.16818e-7 1.52237e-6 -1.19209e-7 1.29193e-6 -0.3052743 -0.9522645 0.1172934 9.56888e-7 0.9522645 -0.3052743 0.09927147 0 0 0 1</matrix>
                        <extra>
                          <technique profile="blender">
                            <roll sid="roll" type="float">8.06647e-7</roll>
                            <tip_x sid="tip_x" type="float">0</tip_x>
                            <tip_y sid="tip_y" type="float">0</tip_y>
                            <tip_z sid="tip_z" type="float">-0.04999995</tip_z>
                          </technique>
                        </extra>
                      </node>
                      <extra>
                        <technique profile="blender">
                          <roll sid="roll" type="float">1.85641e-6</roll>
                          <tip_x sid="tip_x" type="float">0</tip_x>
                          <tip_y sid="tip_y" type="float">-0.0476132</tip_y>
                          <tip_z sid="tip_z" type="float">0.01526367</tip_z>
                        </technique>
                      </extra>
                    </node>
                    <extra>
                      <technique profile="blender">
                        <roll sid="roll" type="float">0</roll>
                        <tip_x sid="tip_x" type="float">0</tip_x>
                        <tip_y sid="tip_y" type="float">-0.002711057</tip_y>
                        <tip_z sid="tip_z" type="float">0.04992645</tip_z>
                      </technique>
                    </extra>
                  </node>
                  <extra>
                    <technique profile="blender">
                      <roll sid="roll" type="float">0</roll>
                      <tip_x sid="tip_x" type="float">0</tip_x>
                      <tip_y sid="tip_y" type="float">-0.001177489</tip_y>
                      <tip_z sid="tip_z" type="float">0.04998612</tip_z>
                    </technique>
                  </extra>
                </node>
                <extra>
                  <technique profile="blender">
                    <tip_x sid="tip_x" type="float">0</tip_x>
                    <tip_y sid="tip_y" type="float">0</tip_y>
                    <tip_z sid="tip_z" type="float">0.05000001</tip_z>
                  </technique>
                </extra>
              </node>
              <node id="sandy_root_sandy_spine" name="sandy_spine" sid="sandy_spine" type="JOINT">
                <matrix sid="transform">1 0 0 0 0 1 -3.72529e-8 0.08784062 0 3.72529e-8 1 -0.01325979 0 0 0 1</matrix>
                <node id="sandy_root_sandy_chest" name="sandy_chest" sid="sandy_chest" type="JOINT">
                  <matrix sid="transform">1 0 0 0 0 1 -1.62981e-8 0.113366 0 1.62981e-8 1 -0.001325974 0 0 0 1</matrix>
                  <node id="sandy_root_sandy_clavicle_L" name="sandy_clavicle_L" sid="sandy_clavicle_L" type="JOINT">
                    <matrix sid="transform">1 0 0 0.09927063 0 1 -3.72529e-8 0.01131487 0 3.72529e-8 1 -0.01700248 0 0 0 1</matrix>
                    <node id="sandy_root_sandy_bicep_L" name="sandy_bicep_L" sid="sandy_bicep_L" type="JOINT">
                      <matrix sid="transform">0.9993033 0 0.03732066 0.09195883 -3.62689e-10 1 9.71139e-9 1.74932e-9 -0.03732066 -9.71815e-9 0.9993033 9.31323e-10 0 0 0 1</matrix>
                      <node id="sandy_root_sandy_bicep_twist_L" name="sandy_bicep_twist_L" sid="sandy_bicep_twist_L" type="JOINT">
                        <matrix sid="transform">1 -8.88178e-16 -3.87354e-15 0.1022869 8.88178e-16 1 4.45547e-9 3.13522e-10 -3.92155e-15 -4.45547e-9 1 -9.31323e-10 0 0 0 1</matrix>
                        <node id="sandy_root_sandy_elbow_L" name="sandy_elbow_L" sid="sandy_elbow_L" type="JOINT">
                          <matrix sid="transform">0.9970671 0 -0.07653259 0.07413867 3.56383e-10 1 4.64297e-9 -7.46833e-10 0.07653259 -4.65664e-9 0.9970671 9.31323e-10 0 0 0 1</matrix>
                          <node id="sandy_root_sandy_elbow_twist_L" name="sandy_elbow_twist_L" sid="sandy_elbow_twist_L" type="JOINT">
                            <matrix sid="transform">1 0 3.77536e-15 0.08812565 0 1 5.20117e-12 3.97058e-10 3.80109e-15 -5.17275e-12 1 0 0 0 0 1</matrix>
                            <node id="sandy_root_sandy_wrist_L" name="sandy_wrist_L" sid="sandy_wrist_L" type="JOINT">
                              <matrix sid="transform">0.9992287 0 0.03926808 0.07955062 3.65712e-10 1 -9.30604e-9 -5.81253e-8 -0.03926808 9.31323e-9 0.9992287 1.86265e-9 0 0 0 1</matrix>
                              <node id="sandy_root_sandy_fingers_L" name="sandy_fingers_L" sid="sandy_fingers_L" type="JOINT">
                                <matrix sid="transform">1 0 -1.3876e-9 0.1010725 0 1 1.95143e-10 1.25592e-9 1.3876e-9 -1.95143e-10 1 0 0 0 0 1</matrix>
                                <extra>
                                  <technique profile="blender">
                                    <roll sid="roll" type="float">0</roll>
                                    <tip_x sid="tip_x" type="float">0</tip_x>
                                    <tip_y sid="tip_y" type="float">0</tip_y>
                                    <tip_z sid="tip_z" type="float">0.05000001</tip_z>
                                  </technique>
                                </extra>
                              </node>
                              <node id="sandy_root_sandy_thumb_L" name="sandy_thumb_L" sid="sandy_thumb_L" type="JOINT">
                                <matrix sid="transform">1 0 -1.3876e-9 0.06355023 0 1 0 -0.04856798 1.3876e-9 0 1 0.07769908 0 0 0 1</matrix>
                                <extra>
                                  <technique profile="blender">
                                    <roll sid="roll" type="float">0</roll>
                                    <tip_x sid="tip_x" type="float">0</tip_x>
                                    <tip_y sid="tip_y" type="float">0</tip_y>
                                    <tip_z sid="tip_z" type="float">0.05000001</tip_z>
                                  </technique>
                                </extra>
                              </node>
                              <extra>
                                <technique profile="blender">
                                  <roll sid="roll" type="float">0</roll>
                                  <tip_x sid="tip_x" type="float">0</tip_x>
                                  <tip_y sid="tip_y" type="float">0</tip_y>
                                  <tip_z sid="tip_z" type="float">0.05000001</tip_z>
                                </technique>
                              </extra>
                            </node>
                            <extra>
                              <technique profile="blender">
                                <roll sid="roll" type="float">-0.03927814</roll>
                                <tip_x sid="tip_x" type="float">0</tip_x>
                                <tip_y sid="tip_y" type="float">0</tip_y>
                                <tip_z sid="tip_z" type="float">0.05000001</tip_z>
                              </technique>
                            </extra>
                          </node>
                          <extra>
                            <technique profile="blender">
                              <roll sid="roll" type="float">-0.03927814</roll>
                              <tip_x sid="tip_x" type="float">0</tip_x>
                              <tip_y sid="tip_y" type="float">0</tip_y>
                              <tip_z sid="tip_z" type="float">0.05000001</tip_z>
                            </technique>
                          </extra>
                        </node>
                        <extra>
                          <technique profile="blender">
                            <roll sid="roll" type="float">0.03732931</roll>
                            <tip_x sid="tip_x" type="float">0</tip_x>
                            <tip_y sid="tip_y" type="float">0</tip_y>
                            <tip_z sid="tip_z" type="float">0.05000001</tip_z>
                          </technique>
                        </extra>
                      </node>
                      <extra>
                        <technique profile="blender">
                          <roll sid="roll" type="float">0.03732931</roll>
                          <tip_x sid="tip_x" type="float">0</tip_x>
                          <tip_y sid="tip_y" type="float">0</tip_y>
                          <tip_z sid="tip_z" type="float">0.05000001</tip_z>
                        </technique>
                      </extra>
                    </node>
                    <extra>
                      <technique profile="blender">
                        <tip_x sid="tip_x" type="float">0</tip_x>
                        <tip_y sid="tip_y" type="float">0</tip_y>
                        <tip_z sid="tip_z" type="float">0.05000001</tip_z>
                      </technique>
                    </extra>
                  </node>
                  <node id="sandy_root_sandy_clavicle_R" name="sandy_clavicle_R" sid="sandy_clavicle_R" type="JOINT">
                    <matrix sid="transform">1 -5.62503e-15 -1.50996e-7 -0.0992706 5.62503e-15 -1 7.45058e-8 0.01131463 -1.50996e-7 -7.45058e-8 -1 -0.01700248 0 0 0 1</matrix>
                    <node id="sandy_root_sandy_bicep_R" name="sandy_bicep_R" sid="sandy_bicep_R" type="JOINT">
                      <matrix sid="transform">0.9992991 -0.01322449 0.03501908 -0.09195842 0.01312171 0.9999089 0.003163149 5.76811e-8 -0.03505772 -0.002701422 0.9993816 1.81608e-8 0 0 0 1</matrix>
                      <node id="sandy_root_sandy_bicep_twist_R" name="sandy_bicep_twist_R" sid="sandy_bicep_twist_R" type="JOINT">
                        <matrix sid="transform">1 -2.97092e-7 -8.90141e-8 -0.1022872 2.97092e-7 0.999995 0.003193042 -5.51809e-8 9.21864e-8 -0.003193041 0.9999949 -2.51457e-8 0 0 0 1</matrix>
                        <node id="sandy_root_sandy_elbow_R" name="sandy_elbow_R" sid="sandy_elbow_R" type="JOINT">
                          <matrix sid="transform">0.997412 1.49943e-7 -0.0718988 -0.07413864 2.02376e-6 1 3.01576e-5 -5.12227e-8 0.0718988 -3.02247e-5 0.997412 -2.79397e-9 0 0 0 1</matrix>
                          <node id="sandy_root_sandy_elbow_twist_R" name="sandy_elbow_twist_R" sid="sandy_elbow_twist_R" type="JOINT">
                            <matrix sid="transform">1 2.98955e-7 3.99305e-8 -0.08812597 -2.97092e-7 1 1.49012e-8 -4.42378e-8 -4.28627e-8 -1.49012e-8 1 -4.65661e-9 0 0 0 1</matrix>
                            <node id="sandy_root_sandy_wrist_R" name="sandy_wrist_R" sid="sandy_wrist_R" type="JOINT">
                              <matrix sid="transform">0.9992276 0.01354679 0.03688666 -0.0795503 -0.01333718 0.9998937 -0.005922629 5.82077e-8 -0.03696296 0.005426089 0.9993019 -1.86265e-8 0 0 0 1</matrix>
                              <node id="sandy_root_sandy_fingers_R" name="sandy_fingers_R" sid="sandy_fingers_R" type="JOINT">
                                <matrix sid="transform">1 0 -1.98421e-9 -0.101073 3.55271e-15 1 0 3.11227e-8 1.9842e-9 0 1 -8.3819e-9 0 0 0 1</matrix>
                                <extra>
                                  <technique profile="blender">
                                    <roll sid="roll" type="float">0</roll>
                                    <tip_x sid="tip_x" type="float">0</tip_x>
                                    <tip_y sid="tip_y" type="float">0</tip_y>
                                    <tip_z sid="tip_z" type="float">-0.05000001</tip_z>
                                  </technique>
                                </extra>
                              </node>
                              <node id="sandy_root_sandy_thumb_R" name="sandy_thumb_R" sid="sandy_thumb_R" type="JOINT">
                                <matrix sid="transform">1 0 -1.98421e-9 -0.06355 3.55271e-15 1 0 0.04856801 1.9842e-9 0 1 -0.07769907 0 0 0 1</matrix>
                                <extra>
                                  <technique profile="blender">
                                    <roll sid="roll" type="float">0</roll>
                                    <tip_x sid="tip_x" type="float">0</tip_x>
                                    <tip_y sid="tip_y" type="float">0</tip_y>
                                    <tip_z sid="tip_z" type="float">-0.05000001</tip_z>
                                  </technique>
                                </extra>
                              </node>
                              <extra>
                                <technique profile="blender">
                                  <roll sid="roll" type="float">0</roll>
                                  <tip_x sid="tip_x" type="float">0</tip_x>
                                  <tip_y sid="tip_y" type="float">0</tip_y>
                                  <tip_z sid="tip_z" type="float">-0.05000001</tip_z>
                                </technique>
                              </extra>
                            </node>
                            <extra>
                              <technique profile="blender">
                                <roll sid="roll" type="float">-0.02355778</roll>
                                <tip_x sid="tip_x" type="float">-6.66857e-4</tip_x>
                                <tip_y sid="tip_y" type="float">-2.96117e-4</tip_y>
                                <tip_z sid="tip_z" type="float">-0.04999464</tip_z>
                              </technique>
                            </extra>
                          </node>
                          <extra>
                            <technique profile="blender">
                              <roll sid="roll" type="float">-0.02355754</roll>
                              <tip_x sid="tip_x" type="float">-6.66857e-4</tip_x>
                              <tip_y sid="tip_y" type="float">-2.96117e-4</tip_y>
                              <tip_z sid="tip_z" type="float">-0.04999464</tip_z>
                            </technique>
                          </extra>
                        </node>
                        <extra>
                          <technique profile="blender">
                            <roll sid="roll" type="float">0.04840242</roll>
                            <tip_x sid="tip_x" type="float">-6.66827e-4</tip_x>
                            <tip_y sid="tip_y" type="float">-2.94607e-4</tip_y>
                            <tip_z sid="tip_z" type="float">-0.0499947</tip_z>
                          </technique>
                        </extra>
                      </node>
                      <extra>
                        <technique profile="blender">
                          <roll sid="roll" type="float">0.04828977</roll>
                          <tip_x sid="tip_x" type="float">-6.61224e-4</tip_x>
                          <tip_y sid="tip_y" type="float">-1.35054e-4</tip_y>
                          <tip_z sid="tip_z" type="float">-0.04999542</tip_z>
                        </technique>
                      </extra>
                    </node>
                    <extra>
                      <technique profile="blender">
                        <roll sid="roll" type="float">-1.50996e-7</roll>
                        <tip_x sid="tip_x" type="float">0</tip_x>
                        <tip_y sid="tip_y" type="float">0</tip_y>
                        <tip_z sid="tip_z" type="float">-0.05000001</tip_z>
                      </technique>
                    </extra>
                  </node>
                  <node id="sandy_root_sandy_helmet" name="sandy_helmet" sid="sandy_helmet" type="JOINT">
                    <matrix sid="transform">1 0 0 0 0 1 -3.72529e-8 0.1091527 0 3.72529e-8 1 0.01060784 0 0 0 1</matrix>
                    <node id="sandy_root_sandy_flower" name="sandy_flower" sid="sandy_flower" type="JOINT">
                      <matrix sid="transform">1 0 0 -0.09729467 0 1 0 0.3969994 0 0 1 0.1098619 0 0 0 1</matrix>
                      <extra>
                        <technique profile="blender">
                          <tip_x sid="tip_x" type="float">0</tip_x>
                          <tip_y sid="tip_y" type="float">0</tip_y>
                          <tip_z sid="tip_z" type="float">0.04999995</tip_z>
                        </technique>
                      </extra>
                    </node>
                    <extra>
                      <technique profile="blender">
                        <tip_x sid="tip_x" type="float">0</tip_x>
                        <tip_y sid="tip_y" type="float">0</tip_y>
                        <tip_z sid="tip_z" type="float">0.05000001</tip_z>
                      </technique>
                    </extra>
                  </node>
                  <node id="sandy_root_sandy_neck" name="sandy_neck" sid="sandy_neck" type="JOINT">
                    <matrix sid="transform">1 0 0 0 0 1 -3.72529e-8 0.1091527 0 3.72529e-8 1 0.01060784 0 0 0 1</matrix>
                    <node id="sandy_root_sandy_head" name="sandy_head" sid="sandy_head" type="JOINT">
                      <matrix sid="transform">1 0 0 0 0 1 3.72529e-8 0.08137233 0 -3.72529e-8 1 -0.006999997 0 0 0 1</matrix>
                      <node id="sandy_root_sandy_ear_L" name="sandy_ear_L" sid="sandy_ear_L" type="JOINT">
                        <matrix sid="transform">1 0 0 0.0728463 0 1 0 0.2433921 0 0 1 -0.02565847 0 0 0 1</matrix>
                        <extra>
                          <technique profile="blender">
                            <tip_x sid="tip_x" type="float">0</tip_x>
                            <tip_y sid="tip_y" type="float">0</tip_y>
                            <tip_z sid="tip_z" type="float">0.04999995</tip_z>
                          </technique>
                        </extra>
                      </node>
                      <node id="sandy_root_sandy_ear_R" name="sandy_ear_R" sid="sandy_ear_R" type="JOINT">
                        <matrix sid="transform">1 0 0 -0.07357381 0 1 0 0.2433516 0 0 1 -0.02565847 0 0 0 1</matrix>
                        <extra>
                          <technique profile="blender">
                            <tip_x sid="tip_x" type="float">0</tip_x>
                            <tip_y sid="tip_y" type="float">0</tip_y>
                            <tip_z sid="tip_z" type="float">0.04999995</tip_z>
                          </technique>
                        </extra>
                      </node>
                      <node id="sandy_root_sandy_eye_L" name="sandy_eye_L" sid="sandy_eye_L" type="JOINT">
                        <matrix sid="transform">1 0 0 0.041 0 1 0 0.1746556 0 0 1 0.08166952 0 0 0 1</matrix>
                        <extra>
                          <technique profile="blender">
                            <tip_x sid="tip_x" type="float">0</tip_x>
                            <tip_y sid="tip_y" type="float">0</tip_y>
                            <tip_z sid="tip_z" type="float">0.04999995</tip_z>
                          </technique>
                        </extra>
                      </node>
                      <node id="sandy_root_sandy_eye_R" name="sandy_eye_R" sid="sandy_eye_R" type="JOINT">
                        <matrix sid="transform">1 0 0 -0.041 0 1 0 0.1746556 0 0 1 0.08166952 0 0 0 1</matrix>
                        <extra>
                          <technique profile="blender">
                            <tip_x sid="tip_x" type="float">0</tip_x>
                            <tip_y sid="tip_y" type="float">0</tip_y>
                            <tip_z sid="tip_z" type="float">0.04999995</tip_z>
                          </technique>
                        </extra>
                      </node>
                      <node id="sandy_root_sandy_jaw" name="sandy_jaw" sid="sandy_jaw" type="JOINT">
                        <matrix sid="transform">1 0 0 0 0 1 -7.45058e-8 0.07797328 0 7.45058e-8 1 0.05657137 0 0 0 1</matrix>
                        <extra>
                          <technique profile="blender">
                            <tip_x sid="tip_x" type="float">0</tip_x>
                            <tip_y sid="tip_y" type="float">0</tip_y>
                            <tip_z sid="tip_z" type="float">0.05000001</tip_z>
                          </technique>
                        </extra>
                      </node>
                      <node id="sandy_root_sandy_lid_bottom_L" name="sandy_lid_bottom_L" sid="sandy_lid_bottom_L" type="JOINT">
                        <matrix sid="transform">1 0 0 0.041 0 1 0 0.1746556 0 0 1 0.08166952 0 0 0 1</matrix>
                        <extra>
                          <technique profile="blender">
                            <tip_x sid="tip_x" type="float">0</tip_x>
                            <tip_y sid="tip_y" type="float">0</tip_y>
                            <tip_z sid="tip_z" type="float">0.04999995</tip_z>
                          </technique>
                        </extra>
                      </node>
                      <node id="sandy_root_sandy_lid_bottom_R" name="sandy_lid_bottom_R" sid="sandy_lid_bottom_R" type="JOINT">
                        <matrix sid="transform">1 0 0 -0.041 0 1 0 0.1746556 0 0 1 0.08166952 0 0 0 1</matrix>
                        <extra>
                          <technique profile="blender">
                            <tip_x sid="tip_x" type="float">0</tip_x>
                            <tip_y sid="tip_y" type="float">0</tip_y>
                            <tip_z sid="tip_z" type="float">0.04999995</tip_z>
                          </technique>
                        </extra>
                      </node>
                      <node id="sandy_root_sandy_lid_top_L" name="sandy_lid_top_L" sid="sandy_lid_top_L" type="JOINT">
                        <matrix sid="transform">1 0 0 0.041 0 1 0 0.1746556 0 0 1 0.08166952 0 0 0 1</matrix>
                        <extra>
                          <technique profile="blender">
                            <tip_x sid="tip_x" type="float">0</tip_x>
                            <tip_y sid="tip_y" type="float">0</tip_y>
                            <tip_z sid="tip_z" type="float">0.04999995</tip_z>
                          </technique>
                        </extra>
                      </node>
                      <node id="sandy_root_sandy_lid_top_R" name="sandy_lid_top_R" sid="sandy_lid_top_R" type="JOINT">
                        <matrix sid="transform">1 0 0 -0.041 0 1 0 0.1746556 0 0 1 0.08166952 0 0 0 1</matrix>
                        <extra>
                          <technique profile="blender">
                            <tip_x sid="tip_x" type="float">0</tip_x>
                            <tip_y sid="tip_y" type="float">0</tip_y>
                            <tip_z sid="tip_z" type="float">0.04999995</tip_z>
                          </technique>
                        </extra>
                      </node>
                      <node id="sandy_root_sandy_teeth" name="sandy_teeth" sid="sandy_teeth" type="JOINT">
                        <matrix sid="transform">1 0 0 0 0 1 2.98023e-7 0.05970663 0 -2.98023e-7 1 0.146598 0 0 0 1</matrix>
                        <extra>
                          <technique profile="blender">
                            <tip_x sid="tip_x" type="float">0</tip_x>
                            <tip_y sid="tip_y" type="float">0</tip_y>
                            <tip_z sid="tip_z" type="float">0.05000001</tip_z>
                          </technique>
                        </extra>
                      </node>
                      <extra>
                        <technique profile="blender">
                          <tip_x sid="tip_x" type="float">0</tip_x>
                          <tip_y sid="tip_y" type="float">0</tip_y>
                          <tip_z sid="tip_z" type="float">0.05000001</tip_z>
                        </technique>
                      </extra>
                    </node>
                    <extra>
                      <technique profile="blender">
                        <tip_x sid="tip_x" type="float">0</tip_x>
                        <tip_y sid="tip_y" type="float">0</tip_y>
                        <tip_z sid="tip_z" type="float">0.05000001</tip_z>
                      </technique>
                    </extra>
                  </node>
                  <extra>
                    <technique profile="blender">
                      <tip_x sid="tip_x" type="float">0</tip_x>
                      <tip_y sid="tip_y" type="float">0</tip_y>
                      <tip_z sid="tip_z" type="float">0.05000001</tip_z>
                    </technique>
                  </extra>
                </node>
                <extra>
                  <technique profile="blender">
                    <tip_x sid="tip_x" type="float">0</tip_x>
                    <tip_y sid="tip_y" type="float">0</tip_y>
                    <tip_z sid="tip_z" type="float">0.05000001</tip_z>
                  </technique>
                </extra>
              </node>
              <extra>
                <technique profile="blender">
                  <tip_x sid="tip_x" type="float">0</tip_x>
                  <tip_y sid="tip_y" type="float">0</tip_y>
                  <tip_z sid="tip_z" type="float">0.05000001</tip_z>
                </technique>
              </extra>
            </node>
            <extra>
              <technique profile="blender">
                <tip_x sid="tip_x" type="float">0</tip_x>
                <tip_y sid="tip_y" type="float">0</tip_y>
                <tip_z sid="tip_z" type="float">0.05000001</tip_z>
              </technique>
            </extra>
          </node>
          <node id="mesh" name="mesh" type="NODE">
            <matrix sid="transform">1 0 0 0 0 1 0 0 0 0 1 0 0 0 0 1</matrix>
            <instance_controller url="#sandy_root_mesh-skin">
              <skeleton>#sandy_root_sandy_root</skeleton>
              <bind_material>
                <technique_common>
                  <instance_material symbol="unnamed_003-material" target="#unnamed_003-material">
                    <bind_vertex_input semantic="Float2" input_semantic="TEXCOORD" input_set="0"/>
                  </instance_material>
                </technique_common>
              </bind_material>
            </instance_controller>
          </node>
          <node id="mesh_001" name="mesh.001" type="NODE">
            <matrix sid="transform">1 0 0 0 0 1 0 0 0 0 1 0 0 0 0 1</matrix>
            <instance_controller url="#sandy_root_mesh_001-skin">
              <skeleton>#sandy_root_sandy_root</skeleton>
              <bind_material>
                <technique_common>
                  <instance_material symbol="unnamed_004-material" target="#unnamed_004-material">
                    <bind_vertex_input semantic="Float2" input_semantic="TEXCOORD" input_set="0"/>
                  </instance_material>
                </technique_common>
              </bind_material>
            </instance_controller>
          </node>
          <node id="mesh_002" name="mesh.002" type="NODE">
            <matrix sid="transform">1 0 0 0 0 1 0 0 0 0 1 0 0 0 0 1</matrix>
            <instance_controller url="#sandy_root_mesh_002-skin">
              <skeleton>#sandy_root_sandy_root</skeleton>
              <bind_material>
                <technique_common>
                  <instance_material symbol="unnamed_005-material" target="#unnamed_005-material">
                    <bind_vertex_input semantic="Float2" input_semantic="TEXCOORD" input_set="0"/>
                  </instance_material>
                </technique_common>
              </bind_material>
            </instance_controller>
          </node>
          <node id="mesh_003" name="mesh.003" type="NODE">
            <matrix sid="transform">1 0 0 0 0 1 0 0 0 0 1 0 0 0 0 1</matrix>
            <instance_controller url="#sandy_root_mesh_003-skin">
              <skeleton>#sandy_root_sandy_root</skeleton>
              <bind_material>
                <technique_common>
                  <instance_material symbol="unnamed_006-material" target="#unnamed_006-material">
                    <bind_vertex_input semantic="Float2" input_semantic="TEXCOORD" input_set="0"/>
                  </instance_material>
                </technique_common>
              </bind_material>
            </instance_controller>
          </node>
          <node id="mesh_004" name="mesh.004" type="NODE">
            <matrix sid="transform">1 0 0 0 0 1 0 0 0 0 1 0 0 0 0 1</matrix>
            <instance_controller url="#sandy_root_mesh_004-skin">
              <skeleton>#sandy_root_sandy_root</skeleton>
              <bind_material>
                <technique_common>
                  <instance_material symbol="unnamed_004-material" target="#unnamed_004-material">
                    <bind_vertex_input semantic="Float2" input_semantic="TEXCOORD" input_set="0"/>
                  </instance_material>
                </technique_common>
              </bind_material>
            </instance_controller>
          </node>
          <node id="mesh_005" name="mesh.005" type="NODE">
            <matrix sid="transform">1 0 0 0 0 1 0 0 0 0 1 0 0 0 0 1</matrix>
            <instance_controller url="#sandy_root_mesh_005-skin">
              <skeleton>#sandy_root_sandy_root</skeleton>
              <bind_material>
                <technique_common>
                  <instance_material symbol="unnamed_004-material" target="#unnamed_004-material">
                    <bind_vertex_input semantic="Float2" input_semantic="TEXCOORD" input_set="0"/>
                  </instance_material>
                </technique_common>
              </bind_material>
            </instance_controller>
          </node>
          <node id="mesh_006" name="mesh.006" type="NODE">
            <matrix sid="transform">1 0 0 0 0 1 0 0 0 0 1 0 0 0 0 1</matrix>
            <instance_controller url="#sandy_root_mesh_006-skin">
              <skeleton>#sandy_root_sandy_root</skeleton>
              <bind_material>
                <technique_common>
                  <instance_material symbol="unnamed_004-material" target="#unnamed_004-material">
                    <bind_vertex_input semantic="Float2" input_semantic="TEXCOORD" input_set="0"/>
                  </instance_material>
                </technique_common>
              </bind_material>
            </instance_controller>
          </node>
          <node id="mesh_007" name="mesh.007" type="NODE">
            <matrix sid="transform">1 0 0 0 0 1 0 0 0 0 1 0 0 0 0 1</matrix>
            <instance_controller url="#sandy_root_mesh_007-skin">
              <skeleton>#sandy_root_sandy_root</skeleton>
              <bind_material>
                <technique_common>
                  <instance_material symbol="unnamed_007-material" target="#unnamed_007-material">
                    <bind_vertex_input semantic="Float2" input_semantic="TEXCOORD" input_set="0"/>
                  </instance_material>
                </technique_common>
              </bind_material>
            </instance_controller>
          </node>
          <node id="mesh_008" name="mesh.008" type="NODE">
            <matrix sid="transform">1 0 0 0 0 1 0 0 0 0 1 0 0 0 0 1</matrix>
            <instance_controller url="#sandy_root_mesh_008-skin">
              <skeleton>#sandy_root_sandy_root</skeleton>
              <bind_material>
                <technique_common>
                  <instance_material symbol="unnamed_004-material" target="#unnamed_004-material">
                    <bind_vertex_input semantic="Float2" input_semantic="TEXCOORD" input_set="0"/>
                  </instance_material>
                </technique_common>
              </bind_material>
            </instance_controller>
          </node>
          <node id="mesh_009" name="mesh.009" type="NODE">
            <matrix sid="transform">1 0 0 0 0 1 0 0 0 0 1 0 0 0 0 1</matrix>
            <instance_controller url="#sandy_root_mesh_009-skin">
              <skeleton>#sandy_root_sandy_root</skeleton>
              <bind_material>
                <technique_common>
                  <instance_material symbol="unnamed_008-material" target="#unnamed_008-material">
                    <bind_vertex_input semantic="Float2" input_semantic="TEXCOORD" input_set="0"/>
                  </instance_material>
                </technique_common>
              </bind_material>
            </instance_controller>
          </node>
          <node id="mesh_010" name="mesh.010" type="NODE">
            <matrix sid="transform">1 0 0 0 0 1 0 0 0 0 1 0 0 0 0 1</matrix>
            <instance_controller url="#sandy_root_mesh_010-skin">
              <skeleton>#sandy_root_sandy_root</skeleton>
              <bind_material>
                <technique_common>
                  <instance_material symbol="unnamed_004-material" target="#unnamed_004-material">
                    <bind_vertex_input semantic="Float2" input_semantic="TEXCOORD" input_set="0"/>
                  </instance_material>
                </technique_common>
              </bind_material>
            </instance_controller>
          </node>
          <node id="mesh_011" name="mesh.011" type="NODE">
            <matrix sid="transform">1 0 0 0 0 1 0 0 0 0 1 0 0 0 0 1</matrix>
            <instance_controller url="#sandy_root_mesh_011-skin">
              <skeleton>#sandy_root_sandy_root</skeleton>
              <bind_material>
                <technique_common>
                  <instance_material symbol="unnamed_004-material" target="#unnamed_004-material">
                    <bind_vertex_input semantic="Float2" input_semantic="TEXCOORD" input_set="0"/>
                  </instance_material>
                </technique_common>
              </bind_material>
            </instance_controller>
          </node>
        </node>
      </node>
    </visual_scene>
  </library_visual_scenes>
  <scene>
    <instance_visual_scene url="#Scene"/>
  </scene>
</COLLADA>