<?xml version="1.0" encoding="utf-8"?>
<COLLADA xmlns="http://www.collada.org/2005/11/COLLADASchema" version="1.4.1">
  <asset>
    <created>2018-10-15T06:17:30Z</created>
    <modified>2018-10-15T06:17:30Z</modified>
  </asset>
  <library_images>
    <image id="Image">
      <init_from>tex_0000_man_ray_256.png</init_from>
    </image>
  </library_images>
  <library_materials>
    <material id="VisualMaterial" name="tex_0000_man_ray_256_png">
      <instance_effect url="#Effect"/>
      <extra>
        <technique profile="FCOLLADA">
          <user_properties>tex_0000_man_ray_256.png</user_properties>
        </technique>
      </extra>
    </material>
  </library_materials>
  <library_effects>
    <effect id="Effect" name="tex_0000_man_ray_256_png">
      <profile_COMMON>
        <newparam sid="Image-surface">
          <surface type="2D">
            <init_from>Image</init_from>
            <format>A8R8G8B8</format>
          </surface>
        </newparam>
        <newparam sid="Image-sampler">
          <sampler2D>
            <source>Image-surface</source>
            <wrap_s>WRAP</wrap_s>
            <wrap_t>WRAP</wrap_t>
            <minfilter>NONE</minfilter>
            <magfilter>NONE</magfilter>
            <mipfilter>NONE</mipfilter>
          </sampler2D>
        </newparam>
        <technique sid="common">
          <phong>
            <emission>
              <color>0 0 0 1</color>
            </emission>
            <ambient>
              <color>0 0 0 1</color>
            </ambient>
            <diffuse>
              <texture texture="Image-sampler" texcoord=""/>
            </diffuse>
            <specular>
              <color>1 1 1 1</color>
            </specular>
            <shininess>
              <float>0</float>
            </shininess>
            <transparent opaque="A_ONE">
              <color>0 0 0 1</color>
            </transparent>
            <transparency>
              <float>1</float>
            </transparency>
            <index_of_refraction>
              <float>1.55</float>
            </index_of_refraction>
          </phong>
          <extra>
            <technique profile="FCOLLADA">
              <spec_level>
                <float>0</float>
              </spec_level>
            </technique>
          </extra>
        </technique>
      </profile_COMMON>
      <extra>
        <technique profile="FCOLLADA">
          <user_properties>tex_0000_man_ray_256.png</user_properties>
        </technique>
      </extra>
    </effect>
  </library_effects>
  <library_geometries>
    <geometry id="Geometry" name="tex_0000_man_ray_256_png">
      <mesh>
        <source id="GeometrySource" name="tex_0000_man_ray_256.pngPos">
          <float_array id="GeometrySource-array" count="7557">-1.18898 2.83214 0.543438 -0.551475 2.81065 0.326727 -0.522477 3.39423 0.354438 -1.18636 3.38163 0.58347 -1.86428 2.84516 0.274005 -1.88538 3.43571 0.27081 -1.84879 2.84149 -0.362034 -1.92983 3.42913 -0.44622 -1.64734 2.83273 -0.793989 -1.65105 3.44703 -0.88119 -1.14763 2.81987 -0.955728 -1.13137 3.43413 -1.05574 -0.639882 2.80805 -0.884961 -0.606222 3.42694 -0.865584 -1.88538 3.43571 0.27081 -1.18636 3.38163 0.58347 -1.83344 3.46872 0.27324 -1.85979 3.46634 -0.385785 -1.92983 3.42913 -0.44622 -1.60852 3.48899 -0.783738 -1.65105 3.44703 -0.88119 -1.13116 3.47643 -0.941364 -1.13137 3.43413 -1.05574 -0.606222 3.42694 -0.865584 -0.653796 3.46388 -0.771228 -0.323028 3.4081 -0.347823 -0.399933 3.44083 -0.300942 -0.522477 3.39423 0.354438 -0.576063 3.42495 0.346788 -1.18642 3.412 0.548379 0.522477 3.39423 0.354438 0.551475 2.81065 0.326727 1.18898 2.83214 0.543438 1.18636 3.38163 0.58347 1.86428 2.84516 0.274005 1.88538 3.43571 0.27081 1.84879 2.84149 -0.362034 1.92983 3.42913 -0.44622 1.64734 2.83273 -0.793989 1.65105 3.44703 -0.88119 1.14763 2.81987 -0.955728 1.13137 3.43413 -1.05574 0.639882 2.80805 -0.884961 0.606222 3.42694 -0.865584 1.40559 4.73179 -0.527328 1.4126 5.12388 -0.525663 1.59919 5.13139 -0.181476 1.59259 4.74726 -0.183123 1.56711 5.12559 0.269586 1.5654 4.76281 0.351261 1.1351 5.09724 0.532962 1.13333 4.77228 0.614835 0.676665 5.07137 0.318528 0.674505 4.76476 0.400518 0.557964 4.74952 -0.125919 0.663912 4.49368 0.316215 0.552285 4.4977 -0.126918 0.576063 3.42495 0.346788 0.399933 3.44083 -0.300942 0.614394 4.49836 -0.487413 0.653796 3.46387 -0.771228 0.619578 4.73348 -0.486459 0.342819 6.13195 0.437166 0.565182 5.06844 -0.12465 1.14319 6.21139 0.81639 1.83667 6.29957 0.3519 1.89211 6.31354 -0.444546 1.46532 6.2958 -1.02605 -0.0801 8.19381 -0.886338 -0.080406 8.10265 -0.114318 -0.10935 7.17771 -0.185688 -0.141912 7.24899 -0.92295 -0.238266 6.11228 -0.321183 -0.332523 6.1328 -0.865197 -0.614394 4.49836 -0.487404 -0.552285 4.4977 -0.126918 -0.399933 3.44083 -0.300942 -0.653796 3.46388 -0.771228 -0.576063 3.42495 0.346788 -0.663912 4.49368 0.316215 -0.557973 4.74956 -0.125919 -0.674514 4.7648 0.400518 -1.13333 4.77228 0.614835 -0.342819 6.13195 0.437166 -0.676665 5.07137 0.318528 -0.565182 5.06844 -0.12465 -0.249075 7.26871 0.634509 -0.245583 8.31492 0.739278 1.12306 4.48376 0.530415 1.55581 4.47635 0.266823 1.58798 4.47758 -0.184275 1.40114 4.48307 -0.528381 1.00777 4.49072 -0.60147 1.01259 4.73266 -0.600471 1.01988 5.09997 -0.598959 0.803799 6.22209 -1.10176 1.57657 7.66023 -1.23297 0.840465 7.4146 -1.30209 0.699687 8.40168 -1.26829 1.95313 7.8096 -0.535617 1.99262 7.77203 0.313362 1.25572 7.57524 0.950364 0.249075 7.26871 0.634509 0.10935 7.17771 -0.185688 0.238266 6.11228 -0.321183 1.18642 3.412 0.548379 1.83344 3.46872 0.27324 1.85979 3.46634 -0.385785 1.60852 3.48899 -0.783738 1.13116 3.47643 -0.941364 0.653796 3.46387 -0.771228 0.614394 4.49836 -0.487413 0.619578 4.73348 -0.486459 0.627147 5.07606 -0.485091 0.332523 6.1328 -0.865197 0.141912 7.24899 -0.92295 0.0801 8.19381 -0.886338 -1.69798 0.402795 -0.571563 -1.16522 0.415296 -0.834192 -1.1651 0.213903 -0.832149 -1.69689 0.214803 -0.57087 -1.77583 0.436293 -0.045711 -1.78765 0.214578 0.12627 -1.86497 0.223461 0.563274 -1.85221 0.424053 0.476973 -1.88267 0.189846 1.14979 -1.82402 0.356949 1.1548 -1.84241 0.16596 1.5791 -1.7891 0.309321 1.57937 -1.51944 0.179838 2.23464 -1.51949 0.336879 2.16169 -1.18354 0.179874 2.32998 -1.18354 0.336933 2.25704 -1.1428 0.551907 1.5586 -1.16648 0.702288 1.14923 -1.58036 0.919944 0.341307 -1.72251 0.943488 -0.093375 -1.5057 0.968994 -0.483579 -0.402264 10.6873 -1.42045 0 10.7283 -1.47256 -0.343143 10.5558 -1.53292 -1.13234 10.5514 -1.37841 -1.0588 10.7197 -1.31765 -1.41414 10.5496 -0.833823 -1.3796 10.718 -0.681507 -1.53708 10.5496 0.310293 -1.46281 10.718 0.288711 -0.904455 10.5541 1.04107 -0.840636 10.7223 0.974718 -0.326007 10.5572 1.21524 -0.294093 10.7253 1.17115 0 10.5604 1.25297 0 10.7283 1.13369 0.294093 10.7253 1.17115 0.326007 10.5572 1.21524 0.840636 10.7223 0.974718 0.904455 10.5541 1.04107 1.46281 10.718 0.288711 1.53708 10.5496 0.310293 1.3796 10.718 -0.681507 1.41414 10.5496 -0.833823 1.0588 10.7197 -1.31765 1.13234 10.5514 -1.37841 0.402264 10.6873 -1.42045 0.343143 10.5558 -1.53292 0 10.5604 -1.53335 -1.40114 4.48307 -0.528381 -1.58798 4.47758 -0.184275 -1.40559 4.73179 -0.527319 -1.00777 4.49072 -0.60147 -1.01259 4.73266 -0.600471 -0.803799 6.22209 -1.10176 -1.46532 6.2958 -1.02605 -1.57657 7.66023 -1.23297 -0.840465 7.4146 -1.30209 -0.699687 8.40168 -1.26829 -1.4838 8.85859 -1.23728 -1.95313 7.8096 -0.535617 -1.8752 9.11375 0.314118 -1.99262 7.77203 0.313362 -1.25572 7.57524 0.950364 -1.83667 6.29957 0.3519 -1.14319 6.21139 0.81639 -1.56711 5.12559 0.269586 -1.1351 5.09724 0.532962 -1.27465 8.79871 0.899361 -0.245583 8.31492 0.739278 -0.080406 8.10265 -0.114318 -0.062253 8.16459 -0.099711 -0.173826 8.38034 0.774477 -1.55581 4.47635 0.266823 -1.5926 4.74729 -0.183123 -1.89211 6.31354 -0.444546 -1.59919 5.13139 -0.181476 -1.12306 4.48376 0.530415 -1.18642 3.412 0.548379 -1.83344 3.46872 0.27324 -1.85979 3.46634 -0.385785 -1.60852 3.48899 -0.783738 -1.13116 3.47643 -0.941364 -0.653796 3.46388 -0.771228 -0.614394 4.49836 -0.487404 -0.619587 4.73351 -0.486468 -0.141912 7.24899 -0.92295 -0.0801 8.19381 -0.886338 -1.08589 1.17237 -0.536949 -1.32224 1.17285 -0.462564 -1.54053 1.1728 -0.108981 -1.47171 1.17395 0.193194 -1.11498 1.25645 0.355707 -0.744849 1.17204 -0.134739 -0.791217 1.17418 0.170451 -0.421029 2.80453 -0.283635 -0.323028 3.4081 -0.347823 -0.639882 2.80805 -0.884961 -0.606222 3.42694 -0.865584 -0.785043 1.1728 -0.494766 -1.1651 0.213903 -0.832149 -1.16522 0.415296 -0.834192 -0.615852 0.40293 -0.605187 -0.616851 0.214965 -0.604692 -0.620973 0.410931 -0.134559 -0.636066 0.214371 0.037457 -0.636066 0.214371 0.037457 -0.627138 0.419292 0.331137 -0.641358 0.220887 0.417411 -0.524142 0.180414 1.11316 -0.553104 0.338256 1.11801 -0.712782 0.919764 0.313785 -0.522981 0.165762 1.53846 -0.557262 0.308997 1.53877 -0.847944 0.179856 2.21334 -0.84789 0.336951 2.14041 -0.626076 0.943506 -0.117792 -0.741024 0.969192 -0.507204 1.18642 3.412 0.548379 0.576063 3.42495 0.346788 1.18636 3.38163 0.58347 1.83344 3.46872 0.27324 1.88538 3.43571 0.27081 1.85979 3.46634 -0.385785 1.92983 3.42913 -0.44622 1.60852 3.48899 -0.783738 1.65105 3.44703 -0.88119 1.13116 3.47643 -0.941364 1.13137 3.43413 -1.05574 0.606222 3.42694 -0.865584 0.653796 3.46387 -0.771228 0.323028 3.4081 -0.347823 0.399933 3.44083 -0.300942 0.522477 3.39423 0.354438 0 8.99521 1.31787 0 8.3645 0.883107 0.173826 8.38034 0.774477 1.1423 9.27674 1.01227 1.36414 10.0075 -1.43148 1.41803 9.46089 -1.45866 0.480474 9.29999 -1.80309 0.384714 9.9925 -1.74632 0 9.97461 -1.64876 0.343143 10.5558 -1.53292 1.13234 10.5514 -1.37841 1.41414 10.5496 -0.833823 1.52693 10.1063 -0.805878 1.53708 10.5496 0.310293 1.62269 10.138 0.314424 0.904455 10.5541 1.04107 0.988875 10.0726 1.07746 0.326007 10.5572 1.21524 0.368217 9.98363 1.24451 0 10.5604 1.25297 0 9.89466 1.31626 -0.368217 9.98363 1.24451 -0.326007 10.5572 1.21524 -0.988875 10.0726 1.07746 -1.1423 9.27674 1.01227 -0.904455 10.5541 1.04107 -1.62269 10.138 0.314424 -1.53708 10.5496 0.310293 -1.52693 10.1063 -0.805878 -1.41414 10.5496 -0.833823 -1.36414 10.0075 -1.43148 -1.13234 10.5514 -1.37841 -0.343143 10.5558 -1.53292 -0.384714 9.9925 -1.74632 -0.480474 9.29999 -1.80309 -1.41803 9.46089 -1.45866 -1.43256 8.88697 -1.29134 -1.63972 9.66298 -0.777933 -1.7083 9.72651 0.318555 1.7083 9.72651 0.318555 1.63972 9.66298 -0.777933 1.43256 8.88697 -1.29134 0 9.26195 -1.62317 0.555867 8.78753 -1.57083 0 10.5604 -1.53335 1.69784 0.000405 -0.57159 1.69689 0.214803 -0.57087 1.78765 0.214578 0.12627 1.78855 0.000198 0.126153 1.1651 0.213903 -0.832149 1.16522 0.415296 -0.834192 1.69798 0.402795 -0.571563 1.69689 0.214803 -0.57087 1.77583 0.436293 -0.045711 1.78765 0.214578 0.12627 1.86497 0.223461 0.563274 1.85221 0.424053 0.476973 1.88267 0.189846 1.1498 1.82402 0.356949 1.1548 1.58035 0.919944 0.341307 1.16648 0.702288 1.14923 1.84241 0.16596 1.5791 1.7891 0.309321 1.57937 1.51944 0.179838 2.23464 1.51949 0.336879 2.16169 1.18354 0.179874 2.32998 1.18354 0.336933 2.25704 0.84789 0.336951 2.14041 0.847944 0.179856 2.21334 0.557262 0.308997 1.53877 0.522981 0.165762 1.53846 0.553104 0.338256 1.11801 0.524142 0.180414 1.11317 0.712782 0.919764 0.313785 0.627138 0.419292 0.331137 0.636066 0.214371 0.037458 0.641358 0.220887 0.417411 0.620973 0.410931 -0.134559 0.616851 0.214965 -0.604692 0.636066 0.214371 0.037458 0.615852 0.40293 -0.605187 1.1651 0.213903 -0.832149 1.16522 0.415296 -0.834192 0.741024 0.969192 -0.507204 0.626076 0.943506 -0.117792 1.1428 0.551907 1.5586 1.72251 0.943488 -0.093375 1.5057 0.968994 -0.483579 0.655578 0.022482 0.503685 0.636066 0.214371 0.037458 1.87773 0.02286 0.649566 0.655578 0.022482 0.503685 1.87773 0.02286 0.649566 1.88785 0.022743 1.14478 0.52974 0.022572 1.10832 0.847998 0.022752 2.21331 0.52326 0.022527 1.53814 1.84226 0.022599 1.57884 1.5194 0.022806 2.2346 1.18354 0.022815 2.32996 1.78855 0.000198 0.126153 1.78765 0.214578 0.12627 0.636066 0.214371 0.037458 0.635175 0.000018 0.037422 1.78855 0.000198 0.126153 0.635175 0.000018 0.037422 0.615915 0.000549 -0.605403 1.69784 0.000405 -0.57159 1.16512 -0.000476 -0.833508 1.16512 -0.000476 -0.833508 1.1651 0.213903 -0.832149 0.615915 0.000549 -0.605403 0.616851 0.214965 -0.604692 0.080406 8.10265 -0.114318 0.062253 8.16459 -0.099702 0.057006 8.24621 -0.880938 0.0801 8.19381 -0.886338 1.08589 1.17237 -0.536949 1.32224 1.17285 -0.462564 1.54053 1.1728 -0.108981 1.47171 1.17395 0.193194 1.11498 1.25645 0.355707 0.791217 1.17418 0.170451 0.744849 1.17204 -0.134739 0.421029 2.80453 -0.283635 0.323028 3.4081 -0.347823 0.639882 2.80805 -0.884961 0.606222 3.42694 -0.865584 0.785043 1.1728 -0.494766 1.87773 0.02286 0.649566 1.86497 0.223461 0.563274 1.87773 0.02286 0.649566 1.88267 0.189846 1.1498 1.88785 0.022743 1.14478 1.84226 0.022599 1.57884 1.84241 0.16596 1.5791 1.5194 0.022806 2.2346 1.51944 0.179838 2.23464 1.18354 0.179874 2.32998 1.18354 0.022815 2.32996 0.847944 0.179856 2.21334 0.847998 0.022752 2.21331 0.522981 0.165762 1.53846 0.52326 0.022527 1.53814 0.52974 0.022572 1.10832 0.52974 0.022572 1.10832 0.524142 0.180414 1.11317 0.641358 0.220887 0.417411 0.636066 0.214371 0.037458 0.655578 0.022482 0.503685 0.332523 6.1328 -0.865197 0.627147 5.07606 -0.485091 0.141912 7.24899 -0.92295 0.0801 8.19381 -0.886338 0.080406 8.10265 -0.114318 0.245583 8.31492 0.739278 1.27465 8.79871 0.899361 1.8752 9.11375 0.314118 1.80693 9.16673 -0.587394 1.4838 8.85859 -1.23728 0 8.63337 -1.42574 -0.555867 8.78753 -1.57083 -0.667485 8.45746 -1.26501 0 8.38655 -0.908559 0.667485 8.45746 -1.26501 0.057006 8.24621 -0.880938 0 8.38655 -0.908559 0.062253 8.16459 -0.099702 0 8.17631 -0.101709 -0.062253 8.16459 -0.099711 0 8.38655 -0.908559 -0.057006 8.24621 -0.880938 0 8.38655 -0.908559 -0.173826 8.38034 0.774477 -0.062253 8.16459 -0.099711 0 8.17631 -0.101709 0.062253 8.16459 -0.099702 -0.655578 0.022482 0.503685 -0.636066 0.214371 0.037457 -0.641358 0.220887 0.417411 -0.655578 0.022482 0.503685 -0.524142 0.180414 1.11316 -0.52974 0.022572 1.10832 -0.847998 0.022751 2.21331 -0.52326 0.022526 1.53814 -0.522981 0.165762 1.53846 -0.847944 0.179856 2.21334 -1.18354 0.022814 2.32996 -1.18354 0.179874 2.32998 -1.5194 0.022805 2.2346 -1.51944 0.179838 2.23464 -1.84241 0.16596 1.5791 -1.84226 0.022598 1.57884 -1.88267 0.189846 1.14979 -1.88785 0.022743 1.14478 -1.87773 0.02286 0.649566 -1.78765 0.214578 0.12627 -1.86497 0.223461 0.563274 -0.615915 0.000549 -0.605403 -0.616851 0.214965 -0.604692 -0.636066 0.214371 0.037457 -0.635175 0.000018 0.037421 -1.1651 0.213903 -0.832149 -1.16512 -0.000476 -0.833508 -1.78765 0.214578 0.12627 -1.78855 0.000198 0.126153 -0.636066 0.214371 0.037457 -1.87773 0.02286 0.649566 -0.655578 0.022482 0.503685 -1.69689 0.214803 -0.57087 -1.69784 0.000405 -0.57159 -1.69784 0.000405 -0.57159 -1.16512 -0.000476 -0.833508 -0.615915 0.000549 -0.605403 -1.78855 0.000198 0.126153 -0.635175 0.000018 0.037421 -0.847998 0.022751 2.21331 -1.18354 0.022814 2.32996 -1.5194 0.022805 2.2346 -1.84226 0.022598 1.57884 -0.52326 0.022526 1.53814 -0.52974 0.022572 1.10832 -1.88785 0.022743 1.14478 -1.78855 0.000198 0.126153 -0.627147 5.07606 -0.485091 -0.619587 4.73351 -0.486468 -1.12849 0.969435 -0.625284 -1.4126 5.12388 -0.525663 -1.01988 5.09997 -0.598959 -1.80693 9.16673 -0.587394 -1.56541 4.76285 0.351261 -1.16257 9.21947 0.974943 -1.71149 9.6634 0.317799 -1.6432 9.58763 -0.750582 -1.16033 1.05806 0.463266 -1.4838 8.85859 -1.23728 -1.6432 9.58763 -0.750582 -1.43256 8.88697 -1.29134 -0.699687 8.40168 -1.26829 -0.667485 8.45746 -1.26501 -0.0801 8.19381 -0.886338 -0.057006 8.24621 -0.880938 -1.16257 9.21947 0.974943 -1.1423 9.27674 1.01227 -1.71149 9.6634 0.317799 -1.7083 9.72651 0.318555 -1.63972 9.66298 -0.777933 -0.627147 5.07606 -0.485091 -0.332523 6.1328 -0.865197 -0.785043 1.1728 -0.494766 -0.741024 0.969192 -0.507204 -0.626076 0.943506 -0.117792 -0.712782 0.919764 0.313785 -1.16033 1.05806 0.463266 -1.58036 0.919944 0.341307 -1.72251 0.943488 -0.093375 -1.5057 0.968994 -0.483579 -1.12849 0.969435 -0.625284 -0.741024 0.969192 -0.507204 -1.12849 0.969435 -0.625284 1.16033 1.05806 0.463266 1.12849 0.969435 -0.625284 1.12849 0.969435 -0.625284 1.6432 9.58763 -0.750582 1.43256 8.88697 -1.29134 1.63972 9.66298 -0.777933 1.7083 9.72651 0.318555 1.71149 9.6634 0.317799 1.1423 9.27674 1.01227 1.16257 9.21947 0.974943 0.173826 8.38034 0.774477 0.245583 8.31492 0.739278 0.667485 8.45746 -1.26501 0.699687 8.40168 -1.26829 1.4838 8.85859 -1.23728 0.785043 1.1728 -0.494766 0.741024 0.969192 -0.507204 0.626076 0.943506 -0.117792 0.712782 0.919764 0.313785 1.16033 1.05806 0.463266 1.58035 0.919944 0.341307 1.72251 0.943488 -0.093375 1.5057 0.968994 -0.483579 1.12849 0.969435 -0.625284 0.741024 0.969192 -0.507204 1.6432 9.58763 -0.750582 1.71149 9.6634 0.317799 1.16257 9.21947 0.974943 0 8.38655 -0.908559 -0.52974 0.022572 1.10832 -1.87773 0.02286 0.649566 -1.87773 0.02286 0.649566 0.591057 15.8619 -0.976707 0.576837 16.282 -0.973935 0.926199 16.281 -0.708003 0.954459 15.8609 -0.72144 1.08999 16.281 -0.240552 1.00747 16.281 0.229905 1.06275 16.7012 -0.240291 0.978849 16.7012 0.194112 0.921609 17.2396 0.122535 0.574137 17.2425 0.515097 0.6183 16.7044 0.589221 0.308655 16.706 0.69939 0.286569 17.2439 0.671517 0 17.2453 0.73377 -0.308655 16.706 0.69939 -0.286569 17.2439 0.671517 -0.574137 17.2425 0.515097 -0.978849 16.7012 0.194112 -0.921609 17.2396 0.122535 -1.06275 16.7012 -0.240291 -1.00826 17.2395 -0.239769 -0.89793 16.7012 -0.694557 -0.891576 17.5411 0.053135 -0.537381 17.6379 0.41868 -0.268191 17.5779 0.551862 0 17.5561 0.604692 0.268191 17.5779 0.551862 0.537381 17.6379 0.41868 0.891576 17.5411 0.053135 0.89793 16.7012 -0.694557 1.00826 17.2395 -0.239769 0.562617 16.7021 -0.971163 0.28791 16.2852 -1.07108 0.29502 15.8653 -1.07407 0 15.8687 -1.10264 1.11722 15.8609 -0.240804 1.03609 15.8609 0.265698 0.789633 16.2709 0.509634 -0.6183 16.7044 0.589221 -0.711495 16.4219 0.576153 -1.00747 16.281 0.229905 -0.789633 16.2709 0.509634 -1.08999 16.281 -0.240552 -1.11722 15.8609 -0.240804 -0.926199 16.281 -0.708003 -0.591057 15.8619 -0.976707 -0.576837 16.282 -0.973935 -0.29502 15.8653 -1.07407 -0.28791 16.2852 -1.07108 0 16.2885 -1.09942 0.2808 16.7052 -1.06808 0.534177 17.2403 -0.965629 0.841401 17.2395 -0.667674 0.956583 17.5411 -0.262125 0.249813 17.9119 0.270774 -0.249813 17.9119 0.270774 -0.500625 18.0332 0.160821 -0.841401 17.2395 -0.667674 -0.562617 16.7021 -0.971163 -0.534177 17.2403 -0.965619 -0.2808 16.7052 -1.06808 0 16.7083 -1.09621 -0.26658 17.2431 -1.0621 0 17.2459 -1.08978 0.26658 17.2431 -1.0621 0.254169 17.5774 -0.941355 -0.254169 17.5774 -0.941355 -0.509355 17.6359 -0.868599 -0.904914 17.8427 -0.284481 -0.841041 18.2759 -0.295038 -0.777636 17.8428 -0.552699 0.484542 18.0315 -0.640494 0.756774 18.2761 -0.508554 0.777636 17.8428 -0.552699 0.718065 18.8385 -0.286335 0.841041 18.2759 -0.295038 0.718065 18.8385 -0.286335 0.645975 18.7094 -0.432108 0.573309 18.3709 -0.557929 0.573309 18.3709 -0.557929 0.509202 18.7102 -0.468721 0.814122 18.2758 -0.081513 0.718065 18.8385 -0.286335 0.696483 18.709 -0.162856 0.575775 18.3724 0.044144 0.514908 18.7116 -0.062946 0.424719 18.1617 -0.204867 0.575775 18.3724 0.044144 0.505917 18.41 -0.226503 0.573309 18.3709 -0.557929 2.67423 15.4251 -0.973899 2.1703 14.774 -1.34488 2.24681 15.1738 -1.04252 2.24681 15.2987 -0.401769 2.953 15.6232 -0.428409 2.24681 15.2327 0.221058 2.94719 15.4502 0.061703 2.24681 14.9193 0.730719 2.89735 15.1036 0.554517 2.3545 14.3018 0.903267 1.51459 14.1396 1.29423 1.63452 13.6452 1.38214 0.780678 13.29 1.69172 0 13.0861 1.88837 0.752391 14.0218 1.54897 0 13.8762 1.73027 -0.752391 14.0218 1.54897 -0.780678 13.29 1.69172 -1.51458 14.1396 1.29423 -1.63452 13.6452 1.38214 -2.3545 14.3018 0.903267 -2.89735 15.1036 0.554517 -2.24681 14.9193 0.730719 -2.94719 15.4502 0.061703 -2.24681 15.2327 0.221058 -2.953 15.6232 -0.428409 -2.24681 15.2987 -0.401769 -2.67418 15.425 -0.974025 -2.24681 15.1738 -1.04252 -2.1703 14.774 -1.34488 -1.66101 15.111 -1.0728 -1.39431 14.3883 -1.5922 0.688617 14.2561 -1.74222 0 14.2441 -1.81056 0 15.06 -1.57512 2.21662 14.5825 -1.17718 2.76285 15.4412 -0.973305 2.86795 15.3006 -0.869661 3.12693 15.446 -0.462609 2.86795 15.3006 -0.869661 2.76285 15.4412 -0.973305 3.12693 15.446 -0.462609 3.00464 15.6136 -0.430281 2.99844 15.4418 0.037862 3.07988 15.2686 -0.05157 2.96849 15.0912 0.513432 3.01151 14.9815 0.357057 3.07988 15.2686 -0.05157 2.36665 14.1577 0.64746 3.01151 14.9815 0.357057 1.58574 13.5123 1.18651 0.763569 13.1249 1.49708 0 12.979 1.6955 0 13.0861 1.88837 -0.763569 13.1249 1.49708 -1.58574 13.5123 1.18651 -2.36665 14.1577 0.64746 -2.96849 15.0912 0.513432 -3.01153 14.9816 0.356958 -3.07988 15.2686 -0.051696 -3.01153 14.9816 0.356958 -3.07988 15.2686 -0.051696 -2.99844 15.4418 0.037862 -3.12691 15.446 -0.462753 -3.00464 15.6136 -0.430281 -2.7628 15.4411 -0.973431 -2.8679 15.3005 -0.869787 -3.12691 15.446 -0.462753 -2.21662 14.5825 -1.17718 -2.7628 15.4411 -0.973431 -2.8679 15.3005 -0.869787 -1.44009 14.2131 -1.4259 0 14.0365 -1.59127 -0.682866 14.0498 -1.52306 0.682866 14.0498 -1.52306 1.44009 14.2131 -1.4259 -1.75844 15.2655 -0.33255 1.75844 15.2655 -0.33255 1.39335 14.9356 0.862083 0.696186 14.8236 1.16712 0 14.6705 1.34981 -1.39335 14.9356 0.862083 2.15871 15.1215 -0.852066 1.91674 14.683 -1.07106 2.21662 14.5825 -1.17718 2.86795 15.3006 -0.869661 2.23649 15.2119 -0.330435 2.86795 15.3006 -0.869661 3.12693 15.446 -0.462609 3.07988 15.2686 -0.05157 3.12693 15.446 -0.462609 3.01151 14.9815 0.357057 2.34221 15.0509 0.242001 3.01151 14.9815 0.357057 3.01151 14.9815 0.357057 2.36665 14.1577 0.64746 1.99423 14.3891 0.582408 2.94719 15.4502 0.061703 2.99844 15.4418 0.037862 3.00464 15.6136 -0.430281 2.953 15.6232 -0.428409 2.67423 15.4251 -0.973899 3.00464 15.6136 -0.430281 2.76285 15.4412 -0.973305 2.89735 15.1036 0.554517 2.96849 15.0912 0.513432 2.99844 15.4418 0.037862 2.94719 15.4502 0.061703 2.89735 15.1036 0.554517 2.3545 14.3018 0.903267 0.718065 18.8385 -0.286335 0.645975 18.7094 -0.432108 0.509202 18.7102 -0.468721 0.511893 18.8402 -0.277299 0.718065 18.8385 -0.286335 0.511893 18.8402 -0.277299 0.509202 18.7102 -0.468721 0.573309 18.3709 -0.557929 0.511893 18.8402 -0.277299 0.511893 18.8402 -0.277299 0.514908 18.7116 -0.062946 0.718065 18.8385 -0.286335 0.511893 18.8402 -0.277299 0.514908 18.7116 -0.062946 0.718065 18.8385 -0.286335 0.696483 18.709 -0.162856 2.67423 15.4251 -0.973899 2.76285 15.4412 -0.973305 2.1703 14.774 -1.34488 -0.718065 18.8385 -0.286335 -0.696483 18.709 -0.162856 -0.514908 18.7116 -0.062946 -0.511893 18.8402 -0.277299 -0.718065 18.8385 -0.286335 -0.511893 18.8402 -0.277299 -0.514908 18.7116 -0.062946 -0.575775 18.3724 0.044144 -0.505917 18.41 -0.226503 -0.511893 18.8402 -0.277299 -0.424719 18.1617 -0.204867 -0.500625 18.0332 0.160821 -0.511893 18.8402 -0.277299 -0.573309 18.3709 -0.557929 -0.509202 18.7102 -0.468721 -0.718065 18.8385 -0.286335 -0.511893 18.8402 -0.277299 -0.509202 18.7102 -0.468721 -0.718065 18.8385 -0.286335 -0.645975 18.7094 -0.432108 -2.1703 14.774 -1.34488 -2.7628 15.4411 -0.973431 -2.67418 15.425 -0.974025 -0.645975 18.7094 -0.432108 -0.509202 18.7102 -0.468721 -0.573309 18.3709 -0.557929 -0.756774 18.2761 -0.508554 -0.484542 18.0315 -0.640494 -0.573309 18.3709 -0.557929 -0.718065 18.8385 -0.286335 -0.718065 18.8385 -0.286335 -0.575775 18.3724 0.044144 -0.514908 18.7116 -0.062946 -0.696483 18.709 -0.162856 -0.814122 18.2758 -0.081513 -0.861534 17.8425 -0.016254 -0.718065 18.8385 -0.286335 -0.575775 18.3724 0.044144 -0.500625 18.0332 0.160821 -2.21662 14.5825 -1.17718 -1.91674 14.683 -1.07106 -2.15871 15.1215 -0.852066 -2.8679 15.3005 -0.869787 -2.8679 15.3005 -0.869787 -2.23649 15.2119 -0.330435 -3.12691 15.446 -0.462753 -3.12691 15.446 -0.462753 -3.07988 15.2686 -0.051696 -3.01153 14.9816 0.356958 -3.01153 14.9816 0.356958 -2.34221 15.0509 0.242001 -2.36665 14.1577 0.64746 -3.01153 14.9816 0.356958 -1.99423 14.3891 0.582408 -2.3545 14.3018 0.903267 -2.89735 15.1036 0.554517 -2.96849 15.0912 0.513432 -2.99844 15.4418 0.037862 -2.89735 15.1036 0.554517 -2.94719 15.4502 0.061703 -2.67418 15.425 -0.974025 -2.7628 15.4411 -0.973431 -3.00464 15.6136 -0.430281 -2.953 15.6232 -0.428409 -2.94719 15.4502 0.061703 -3.00464 15.6136 -0.430281 -2.99844 15.4418 0.037862 0 16.7077 0.809559 0 15.4985 -1.17302 -0.370179 15.4951 -1.13981 -0.954459 15.8609 -0.72144 -0.763974 15.3948 -1.03779 -1.10544 15.3077 -0.791982 -1.03609 15.8609 0.265698 -1.24916 15.3076 0.293535 -0.586683 15.7501 0.675342 -0.845307 15.2462 0.606834 -0.358335 15.179 0.796419 -0.252099 15.7307 0.807219 0 15.7323 0.8541 -0.184833 16.0265 0.85887 0 15.949 0.882621 0 16.021 0.900441 0.184833 16.0265 0.85887 0.198369 15.9512 0.840339 0.586683 15.7501 0.675342 0.358335 15.179 0.796419 0.845307 15.2462 0.606834 1.24916 15.3076 0.293535 1.10544 15.3077 -0.791982 0.763974 15.3948 -1.03779 0.370179 15.4951 -1.13981 0 15.1393 0.90873 0.696762 16.0911 0.60048 0.71442 16.2714 0.582633 0.711495 16.4219 0.576153 0.65961 16.376 0.621891 0.538182 16.5265 0.670392 0.507393 16.4518 0.697014 0.221751 16.5669 0.785475 0 16.5635 0.834876 -0.203616 16.4871 0.810135 0 16.4866 0.862236 -0.221751 16.5669 0.785475 -0.538182 16.5265 0.670392 -0.71442 16.2714 0.582633 -0.65961 16.376 0.621891 -0.696762 16.0911 0.60048 -0.643248 16.1413 0.645552 -0.507303 15.988 0.719874 -0.480483 16.0568 0.738342 0.861534 17.8425 -0.016254 0.500625 18.0332 0.160821 0.500625 18.0332 0.160821 0 17.8669 0.314171 -0.956583 17.5411 -0.262125 0 17.5571 -0.979713 -0.809514 17.5411 -0.610191 -0.484542 18.0315 -0.640494 -0.241758 17.9117 -0.689526 0 17.8682 -0.738567 0.241758 17.9117 -0.689526 0.484542 18.0315 -0.640494 0.509355 17.6359 -0.868599 0.809514 17.5411 -0.610191 0.904914 17.8426 -0.284481 0.245997 18.0411 -0.20223 0.249813 17.9119 0.270774 0.500625 18.0332 0.160821 0.500625 18.0332 0.160821 0.484542 18.0315 -0.640494 0.241758 17.9117 -0.689526 0.484542 18.0315 -0.640494 0 17.9968 -0.212193 0 17.8669 0.314171 -0.249813 17.9119 0.270774 -0.245997 18.0411 -0.20223 -0.241758 17.9117 -0.689526 0 17.8682 -0.738567 1.39431 14.3883 -1.5922 0.535788 15.0605 -1.47725 1.0726 15.061 -1.37938 1.66101 15.111 -1.0728 -1.0726 15.061 -1.37938 -0.535788 15.0605 -1.47725 -0.688617 14.2561 -1.74222 -1.32078 15.3077 -0.249219 -1.10544 15.3077 -0.791982 -0.763974 15.3948 -1.03779 -0.370179 15.4951 -1.13981 0.370179 15.4951 -1.13981 0.763974 15.3948 -1.03779 1.10544 15.3077 -0.791982 1.32078 15.3077 -0.249219 1.7312 15.1936 0.30735 1.24916 15.3076 0.293535 0.845307 15.2462 0.606834 0.358335 15.179 0.796419 0 15.1393 0.90873 -0.696186 14.8236 1.16712 -0.358335 15.179 0.796419 -0.845307 15.2462 0.606834 -1.7312 15.1936 0.30735 -1.24916 15.3076 0.293535 0.575775 18.3724 0.044144 -0.695592 16.2715 0.600903 -0.626769 16.1567 0.65943 -0.636714 16.2684 0.666414 -0.640458 16.3591 0.638775 -0.485055 16.2684 0.756027 -0.499401 16.4324 0.703934 0 16.2683 0.918603 0 16.4646 0.869895 -0.17442 16.2684 0.87228 -0.180513 16.0487 0.864504 0 16.0388 0.904257 0.180513 16.0487 0.864504 0.17442 16.2684 0.87228 0.202977 16.466 0.816651 0.695592 16.2715 0.600903 0.640458 16.3591 0.638775 0.636714 16.2684 0.666414 0.626769 16.1567 0.65943 0.485055 16.2684 0.756027 0.470709 16.0819 0.745073 0.643248 16.1413 0.645561 0.507303 15.988 0.719874 0.480483 16.0568 0.738342 0.180513 16.0487 0.864504 0 16.0388 0.904257 0 16.021 0.900441 0.184833 16.0265 0.85887 0.695592 16.2715 0.600903 0.626769 16.1567 0.65943 0.643248 16.1413 0.645561 0.71442 16.2714 0.582633 0.65961 16.376 0.621891 0.640458 16.3591 0.638775 0.507393 16.4518 0.697014 0.499401 16.4324 0.703934 -0.202977 16.466 0.816651 0 16.4646 0.869895 0 16.4866 0.862236 -0.203616 16.4871 0.810135 -0.695592 16.2715 0.600903 -0.640458 16.3591 0.638775 -0.65961 16.376 0.621891 -0.71442 16.2714 0.582633 -0.643248 16.1413 0.645552 -0.626769 16.1567 0.65943 -0.480483 16.0568 0.738342 -0.470709 16.0819 0.745073 -0.500625 18.0332 0.160821 -0.484542 18.0315 -0.640494 -0.573309 18.3709 -0.557929 -0.484542 18.0315 -0.640494 -1.32078 15.3077 -0.249219 -0.198369 15.9512 0.840339 0.252099 15.7307 0.807219 1.32078 15.3077 -0.249219 0.203616 16.4871 0.810135 -0.507393 16.4518 0.697014 0 15.4985 -1.17302 -0.470709 16.0819 0.745073 -0.202977 16.466 0.816651 0.499401 16.4324 0.703934 -0.180513 16.0487 0.864504 -0.184833 16.0265 0.85887 0.470709 16.0819 0.745073 0.480483 16.0568 0.738342 0.203616 16.4871 0.810135 0.202977 16.466 0.816651 -0.499401 16.4324 0.703934 -0.507393 16.4518 0.697014 -0.103761 17.152 0.850221 -0.089892 17.0539 0.867204 -0.030672 17.0368 0.72504 -0.041985 17.1342 0.701937 -0.112095 16.9565 0.870228 -0.154458 16.8664 0.862821 -0.095238 16.8494 0.720657 -0.050328 16.9387 0.721952 -0.370935 17.0495 0.707337 -0.138087 16.9668 0.812997 -0.119718 17.0495 0.811989 -0.131013 17.1326 0.796023 -0.134901 17.0539 0.848448 -0.153927 16.9714 0.851022 -0.112095 16.9565 0.870228 -0.089892 17.0539 0.867204 -0.153927 16.9714 0.851022 -0.134901 17.0539 0.848448 -0.119718 17.0495 0.811989 -0.138087 16.9668 0.812997 -0.030672 17.0368 0.72504 -0.089892 17.0539 0.867204 -0.112095 16.9565 0.870228 -0.050328 16.9387 0.721952 -0.079254 17.2243 0.682281 -0.138474 17.2414 0.824444 -0.103761 17.152 0.850221 -0.041985 17.1342 0.701937 -0.103761 17.152 0.850221 -0.146853 17.1372 0.834048 -0.134901 17.0539 0.848448 -0.089892 17.0539 0.867204 -0.174474 16.8905 0.808272 -0.234333 16.8326 0.789011 -0.119718 17.0495 0.811989 -0.134901 17.0539 0.848448 -0.146853 17.1372 0.834048 -0.131013 17.1326 0.796023 -0.16092 17.2085 0.775737 -0.21582 17.2668 0.744588 -0.079254 17.2243 0.682281 -0.141993 17.2924 0.641286 -0.20376 17.3102 0.78956 -0.138474 17.2414 0.824444 -0.103761 17.152 0.850221 -0.138474 17.2414 0.824444 -0.176103 17.2129 0.812195 -0.146853 17.1372 0.834048 -0.146853 17.1372 0.834048 -0.176103 17.2129 0.812195 -0.16092 17.2085 0.775737 -0.131013 17.1326 0.796023 -0.112095 16.9565 0.870228 -0.153927 16.9714 0.851022 -0.189657 16.8949 0.84473 -0.154458 16.8664 0.862821 -0.095238 16.8494 0.720657 -0.154458 16.8664 0.862821 -0.225585 16.7983 0.84195 -0.163818 16.7805 0.693666 -0.282339 17.3068 0.713358 -0.360117 17.318 0.678321 -0.174474 16.8905 0.808272 -0.189657 16.8949 0.84473 -0.153927 16.9714 0.851022 -0.138087 16.9668 0.812997 -0.304272 16.7923 0.765999 -0.382986 16.7814 0.73323 -0.20376 17.3102 0.78956 -0.231669 17.2713 0.782612 -0.176103 17.2129 0.812195 -0.138474 17.2414 0.824444 -0.16092 17.2085 0.775737 -0.176103 17.2129 0.812195 -0.231669 17.2713 0.782612 -0.21582 17.2668 0.744588 -0.225585 16.7983 0.84195 -0.154458 16.8664 0.862821 -0.189657 16.8949 0.84473 -0.250173 16.8372 0.827036 -0.250173 16.8372 0.827036 -0.189657 16.8949 0.84473 -0.174474 16.8905 0.808272 -0.234333 16.8326 0.789011 -0.222426 17.3402 0.608724 -0.281646 17.3572 0.750888 -0.20376 17.3102 0.78956 -0.141993 17.2924 0.641286 -0.459531 16.7923 0.701325 -0.527283 16.8326 0.666972 -0.248292 16.7335 0.670806 -0.163818 16.7805 0.693666 -0.225585 16.7983 0.84195 -0.307512 16.7506 0.81297 -0.437598 17.3068 0.648675 -0.50877 17.2668 0.622548 -0.20376 17.3102 0.78956 -0.281646 17.3572 0.750888 -0.297522 17.3111 0.749816 -0.231669 17.2713 0.782612 -0.231669 17.2713 0.782612 -0.297522 17.3111 0.749816 -0.282339 17.3068 0.713358 -0.21582 17.2668 0.744588 -0.225585 16.7983 0.84195 -0.250173 16.8372 0.827036 -0.319455 16.7967 0.802457 -0.307512 16.7506 0.81297 -0.304272 16.7923 0.765999 -0.319455 16.7967 0.802457 -0.250173 16.8372 0.827036 -0.234333 16.8326 0.789011 -0.58095 16.8905 0.638946 -0.61209 16.9668 0.615528 -0.567396 17.2085 0.606402 -0.605016 17.1326 0.598563 -0.222426 17.3402 0.608724 -0.312138 17.3528 0.563147 -0.373905 17.3707 0.711432 -0.281646 17.3572 0.750888 -0.622143 17.0495 0.602685 -0.248292 16.7335 0.670806 -0.307512 16.7506 0.81297 -0.400878 16.7379 0.776178 -0.339111 16.7201 0.627903 -0.282339 17.3068 0.713358 -0.297522 17.3111 0.749816 -0.375957 17.3226 0.716346 -0.360117 17.318 0.678321 -0.373905 17.3707 0.711432 -0.375957 17.3226 0.716346 -0.297522 17.3111 0.749816 -0.281646 17.3572 0.750888 -0.398835 16.786 0.771264 -0.319455 16.7967 0.802457 -0.304272 16.7923 0.765999 -0.382986 16.7814 0.73323 -0.400878 16.7379 0.776178 -0.307512 16.7506 0.81297 -0.319455 16.7967 0.802457 -0.398835 16.786 0.771264 -0.405504 17.3402 0.532458 -0.464724 17.3572 0.674622 -0.373905 17.3707 0.711432 -0.312138 17.3528 0.563147 -0.375957 17.3226 0.716346 -0.452781 17.3111 0.685133 -0.437598 17.3068 0.648675 -0.360117 17.318 0.678321 -0.43137 16.7335 0.59454 -0.339111 16.7201 0.627903 -0.400878 16.7379 0.776178 -0.49059 16.7506 0.736704 -0.373905 17.3707 0.711432 -0.464724 17.3572 0.674622 -0.452781 17.3111 0.685133 -0.375957 17.3226 0.716346 -0.459531 16.7923 0.701325 -0.474714 16.7967 0.737784 -0.398835 16.786 0.771264 -0.382986 16.7814 0.73323 -0.400878 16.7379 0.776178 -0.398835 16.786 0.771264 -0.474714 16.7967 0.737784 -0.49059 16.7506 0.736704 -0.405504 17.3402 0.532458 -0.487431 17.2924 0.497376 -0.549198 17.3102 0.64566 -0.464724 17.3572 0.674622 -0.437598 17.3068 0.648675 -0.452781 17.3111 0.685133 -0.524619 17.2713 0.660573 -0.50877 17.2668 0.622548 -0.549198 17.3102 0.64566 -0.524619 17.2713 0.660573 -0.452781 17.3111 0.685133 -0.464724 17.3572 0.674622 -0.43137 16.7335 0.59454 -0.49059 16.7506 0.736704 -0.571023 16.7983 0.698049 -0.509256 16.7805 0.549765 -0.543123 16.8372 0.704997 -0.474714 16.7967 0.737784 -0.459531 16.7923 0.701325 -0.527283 16.8326 0.666972 -0.571023 16.7983 0.698049 -0.49059 16.7506 0.736704 -0.474714 16.7967 0.737784 -0.543123 16.8372 0.704997 -0.524619 17.2713 0.660573 -0.582579 17.2129 0.642861 -0.567396 17.2085 0.606402 -0.50877 17.2668 0.622548 -0.558558 17.2243 0.482616 -0.617778 17.2414 0.624779 -0.549198 17.3102 0.64566 -0.487431 17.2924 0.497376 -0.58095 16.8905 0.638946 -0.596133 16.8949 0.675405 -0.543123 16.8372 0.704997 -0.527283 16.8326 0.666972 -0.571023 16.7983 0.698049 -0.543123 16.8372 0.704997 -0.596133 16.8949 0.675405 -0.633762 16.8664 0.663147 -0.549198 17.3102 0.64566 -0.617778 17.2414 0.624779 -0.582579 17.2129 0.642861 -0.524619 17.2713 0.660573 -0.574542 16.8494 0.520983 -0.509256 16.7805 0.549765 -0.571023 16.7983 0.698049 -0.633762 16.8664 0.663147 -0.567396 17.2085 0.606402 -0.582579 17.2129 0.642861 -0.620865 17.1372 0.636588 -0.605016 17.1326 0.598563 -0.662688 17.152 0.617382 -0.620865 17.1372 0.636588 -0.582579 17.2129 0.642861 -0.617778 17.2414 0.624779 -0.62793 16.9714 0.653562 -0.596133 16.8949 0.675405 -0.58095 16.8905 0.638946 -0.61209 16.9668 0.615528 -0.558558 17.2243 0.482616 -0.600921 17.1342 0.469098 -0.662688 17.152 0.617382 -0.617778 17.2414 0.624779 -0.620865 17.1372 0.636588 -0.637335 17.0539 0.639144 -0.622143 17.0495 0.602685 -0.605016 17.1326 0.598563 -0.574542 16.8494 0.520983 -0.633762 16.8664 0.663147 -0.671031 16.9565 0.637389 -0.609255 16.9387 0.489105 -0.622143 17.0495 0.602685 -0.637335 17.0539 0.639144 -0.62793 16.9714 0.653562 -0.61209 16.9668 0.615528 -0.671031 16.9565 0.637389 -0.62793 16.9714 0.653562 -0.637335 17.0539 0.639144 -0.682344 17.0539 0.620397 -0.671031 16.9565 0.637389 -0.633762 16.8664 0.663147 -0.596133 16.8949 0.675405 -0.62793 16.9714 0.653562 -0.623124 17.0368 0.478233 -0.682344 17.0539 0.620397 -0.662688 17.152 0.617382 -0.600921 17.1342 0.469098 -0.623124 17.0368 0.478233 -0.609255 16.9387 0.489105 -0.671031 16.9565 0.637389 -0.682344 17.0539 0.620397 -0.662688 17.152 0.617382 -0.682344 17.0539 0.620397 -0.637335 17.0539 0.639144 -0.620865 17.1372 0.636588 0.62793 16.9714 0.653562 0.637335 17.0539 0.639144 0.622143 17.0495 0.602685 0.61209 16.9668 0.615528 0.637335 17.0539 0.639144 0.62793 16.9714 0.653562 0.671031 16.9565 0.637389 0.682344 17.0539 0.620397 0.662688 17.152 0.617382 0.620865 17.1372 0.636588 0.637335 17.0539 0.639144 0.682344 17.0539 0.620397 0.622143 17.0495 0.602685 0.637335 17.0539 0.639144 0.620865 17.1372 0.636588 0.605016 17.1326 0.598563 0.623124 17.0368 0.478233 0.682344 17.0539 0.620397 0.671031 16.9565 0.637389 0.609255 16.9387 0.489105 0.662688 17.152 0.617382 0.682344 17.0539 0.620397 0.623124 17.0368 0.478233 0.600921 17.1342 0.469098 0.671031 16.9565 0.637389 0.62793 16.9714 0.653562 0.596133 16.8949 0.675405 0.633762 16.8664 0.663147 0.58095 16.8905 0.638946 0.596133 16.8949 0.675405 0.62793 16.9714 0.653562 0.61209 16.9668 0.615528 0.671031 16.9565 0.637389 0.633762 16.8664 0.663147 0.574542 16.8494 0.520983 0.609255 16.9387 0.489105 0.582579 17.2129 0.642861 0.620865 17.1372 0.636588 0.662688 17.152 0.617382 0.617778 17.2414 0.624779 0.558558 17.2243 0.482616 0.617778 17.2414 0.624779 0.662688 17.152 0.617382 0.600921 17.1342 0.469098 0.567396 17.2085 0.606402 0.605016 17.1326 0.598563 0.620865 17.1372 0.636588 0.582579 17.2129 0.642861 0.596133 16.8949 0.675405 0.543123 16.8372 0.704997 0.571023 16.7983 0.698049 0.633762 16.8664 0.663147 0.574542 16.8494 0.520983 0.633762 16.8664 0.663147 0.571023 16.7983 0.698049 0.509256 16.7805 0.549765 0.549198 17.3102 0.64566 0.524619 17.2713 0.660573 0.582579 17.2129 0.642861 0.617778 17.2414 0.624779 0.567396 17.2085 0.606402 0.582579 17.2129 0.642861 0.524619 17.2713 0.660573 0.50877 17.2668 0.622548 0.58095 16.8905 0.638946 0.527283 16.8326 0.666972 0.543123 16.8372 0.704997 0.596133 16.8949 0.675405 0.549198 17.3102 0.64566 0.617778 17.2414 0.624779 0.558558 17.2243 0.482616 0.487431 17.2924 0.497375 0.571023 16.7983 0.698049 0.543123 16.8372 0.704997 0.474714 16.7967 0.737784 0.49059 16.7506 0.736704 0.459531 16.7923 0.701325 0.474714 16.7967 0.737784 0.543123 16.8372 0.704997 0.527283 16.8326 0.666972 0.571023 16.7983 0.698049 0.49059 16.7506 0.736704 0.43137 16.7335 0.59454 0.509256 16.7805 0.549765 0.452781 17.3111 0.685133 0.524619 17.2713 0.660573 0.549198 17.3102 0.64566 0.464724 17.3572 0.674622 0.437598 17.3068 0.648675 0.50877 17.2668 0.622548 0.524619 17.2713 0.660573 0.452781 17.3111 0.685133 0.405504 17.3402 0.532458 0.464724 17.3572 0.674622 0.549198 17.3102 0.64566 0.487431 17.2924 0.497375 0.474714 16.7967 0.737784 0.398835 16.786 0.771264 0.400878 16.7379 0.776178 0.49059 16.7506 0.736704 0.459531 16.7923 0.701325 0.382986 16.7814 0.73323 0.398835 16.786 0.771264 0.474714 16.7967 0.737784 0.373905 17.3707 0.711432 0.375957 17.3226 0.716346 0.452781 17.3111 0.685133 0.464724 17.3572 0.674622 0.437598 17.3068 0.648675 0.452781 17.3111 0.685133 0.375957 17.3226 0.716346 0.360117 17.318 0.678321 0.43137 16.7335 0.59454 0.49059 16.7506 0.736704 0.400878 16.7379 0.776178 0.339111 16.7201 0.627903 0.373905 17.3707 0.711432 0.464724 17.3572 0.674622 0.405504 17.3402 0.532458 0.312138 17.3528 0.563147 0.400878 16.7379 0.776178 0.398835 16.786 0.771264 0.319455 16.7967 0.802457 0.307512 16.7506 0.81297 0.304272 16.7923 0.765999 0.319455 16.7967 0.802457 0.398835 16.786 0.771264 0.382986 16.7814 0.73323 0.297522 17.3111 0.749816 0.375957 17.3226 0.716346 0.373905 17.3707 0.711432 0.281646 17.3572 0.750888 0.282339 17.3068 0.713358 0.360117 17.318 0.678321 0.375957 17.3226 0.716346 0.297522 17.3111 0.749816 0.400878 16.7379 0.776178 0.307512 16.7506 0.81297 0.248292 16.7335 0.670806 0.339111 16.7201 0.627903 0.622143 17.0495 0.602685 0.605016 17.1326 0.598563 0.370935 17.0495 0.707337 0.61209 16.9668 0.615528 0.222426 17.3402 0.608724 0.281646 17.3572 0.750888 0.373905 17.3707 0.711432 0.312138 17.3528 0.563147 0.58095 16.8905 0.638946 0.527283 16.8326 0.666972 0.304272 16.7923 0.765999 0.234333 16.8326 0.789011 0.250173 16.8372 0.827036 0.319455 16.7967 0.802457 0.319455 16.7967 0.802457 0.250173 16.8372 0.827036 0.225585 16.7983 0.84195 0.307512 16.7506 0.81297 0.567396 17.2085 0.606402 0.50877 17.2668 0.622548 0.282339 17.3068 0.713358 0.297522 17.3111 0.749816 0.231669 17.2713 0.782612 0.21582 17.2668 0.744588 0.459531 16.7923 0.701325 0.382986 16.7814 0.73323 0.20376 17.3102 0.78956 0.231669 17.2713 0.782612 0.297522 17.3111 0.749816 0.281646 17.3572 0.750888 0.248292 16.7335 0.670806 0.307512 16.7506 0.81297 0.225585 16.7983 0.84195 0.163818 16.7805 0.693666 0.437598 17.3068 0.648675 0.360117 17.318 0.678321 0.20376 17.3102 0.78956 0.281646 17.3572 0.750888 0.222426 17.3402 0.608724 0.141993 17.2924 0.641286 0.174474 16.8905 0.808272 0.189657 16.8949 0.84473 0.250173 16.8372 0.827036 0.234333 16.8326 0.789011 0.225585 16.7983 0.84195 0.250173 16.8372 0.827036 0.189657 16.8949 0.84473 0.154458 16.8664 0.862821 0.304272 16.7923 0.765999 0.234333 16.8326 0.789011 0.16092 17.2085 0.775737 0.21582 17.2668 0.744588 0.231669 17.2713 0.782612 0.176103 17.2129 0.812195 0.176103 17.2129 0.812195 0.231669 17.2713 0.782612 0.20376 17.3102 0.78956 0.138474 17.2414 0.824444 0.174474 16.8905 0.808272 0.138087 16.9668 0.812997 0.153927 16.9714 0.851022 0.189657 16.8949 0.84473 0.189657 16.8949 0.84473 0.153927 16.9714 0.851022 0.112095 16.9565 0.870228 0.154458 16.8664 0.862821 0.225585 16.7983 0.84195 0.154458 16.8664 0.862821 0.095238 16.8494 0.720657 0.163818 16.7805 0.693666 0.16092 17.2085 0.775737 0.176103 17.2129 0.812195 0.146853 17.1372 0.834048 0.131013 17.1326 0.796023 0.103761 17.152 0.850221 0.146853 17.1372 0.834048 0.176103 17.2129 0.812195 0.138474 17.2414 0.824444 0.079254 17.2243 0.682281 0.138474 17.2414 0.824444 0.20376 17.3102 0.78956 0.141993 17.2924 0.641286 0.21582 17.2668 0.744588 0.16092 17.2085 0.775737 0.131013 17.1326 0.796023 0.119718 17.0495 0.811989 0.134901 17.0539 0.848448 0.153927 16.9714 0.851022 0.138087 16.9668 0.812997 0.119718 17.0495 0.811989 0.131013 17.1326 0.796023 0.146853 17.1372 0.834048 0.134901 17.0539 0.848448 0.134901 17.0539 0.848448 0.146853 17.1372 0.834048 0.103761 17.152 0.850221 0.089892 17.0539 0.867204 0.112095 16.9565 0.870228 0.153927 16.9714 0.851022 0.134901 17.0539 0.848448 0.089892 17.0539 0.867204 0.119718 17.0495 0.811989 0.138087 16.9668 0.812997 0.095238 16.8494 0.720657 0.154458 16.8664 0.862821 0.112095 16.9565 0.870228 0.050328 16.9387 0.721952 0.103761 17.152 0.850221 0.138474 17.2414 0.824444 0.079254 17.2243 0.682281 0.041985 17.1342 0.701937 0.112095 16.9565 0.870228 0.089892 17.0539 0.867204 0.030672 17.0368 0.72504 0.050328 16.9387 0.721952 0.030672 17.0368 0.72504 0.089892 17.0539 0.867204 0.103761 17.152 0.850221 0.041985 17.1342 0.701937 0.282339 17.3068 0.713358 0.174474 16.8905 0.808272 0.347112 17.5554 0.619191 0.476415 17.5646 0.538541 0.47142 17.6008 0.538541 0.331677 17.5995 0.619191 0.621945 17.4536 0.428184 0.174285 17.3912 0.688419 0.198135 17.3528 0.688419 0.198135 17.3528 0.688419 0.083538 17.3363 0.725877 0.068553 17.2444 0.725877 -0.198135 17.3528 0.688419 -0.068553 17.2444 0.725877 -0.083538 17.3363 0.725877 -0.174285 17.3912 0.688419 -0.347112 17.5554 0.619191 -0.198135 17.3528 0.688419 -0.331677 17.5995 0.619191 -0.47142 17.6008 0.538541 -0.476415 17.5646 0.538541 -0.621945 17.4536 0.428184 -7.79396 11.733 -0.645498 -7.60665 11.8347 -0.524916 -7.52939 11.6428 -0.653544 -7.80171 11.5796 -0.766494 -8.15586 11.447 -0.786501 -9.06721 11.163 -0.799047 -9.08581 11.1563 -0.686853 -8.7703 11.3754 -0.600957 -8.7452 11.3845 -0.752463 -8.67056 11.4127 -0.738396 -8.69566 11.4035 -0.58689 -8.37287 11.554 -0.51624 -8.32685 11.4275 -0.738279 -8.37287 11.554 -0.704376 -8.17364 11.6536 -0.694548 -7.80597 11.7661 -0.536481 -7.61367 11.8372 -0.251334 -7.81178 11.782 -0.247653 -7.81687 11.7922 0.040121 -7.6207 11.8397 0.022229 -7.7431 11.7699 0.249408 -7.51926 11.7078 0.160983 -7.68378 11.6004 0.326034 -7.84651 11.7139 0.358515 -7.79136 11.546 0.416196 -7.9252 11.4491 0.530784 -7.95749 11.5878 0.502551 -8.04298 11.515 0.559656 -8.00599 11.3928 0.576207 -8.12368 11.429 0.616761 -8.082 11.3233 0.62163 -8.22076 11.3295 0.756198 -8.19375 11.2515 0.756585 -8.30787 11.2081 0.801558 -8.30787 11.2081 0.801558 -8.34274 11.3395 0.667134 -8.35388 11.2703 0.629532 -8.30787 11.2081 0.801558 -8.2754 11.4403 0.526311 -8.28168 11.3449 0.49122 -8.21266 11.5135 0.439569 -8.21337 11.3977 0.39609 -8.14513 11.5735 0.352827 -8.2293 11.4203 0.212859 -8.14028 11.4374 0.300969 -8.17364 11.6536 0.200907 -8.37287 11.554 0.189729 -8.2878 11.3203 0.189729 -8.2878 11.3203 0.189729 -8.37287 11.554 0.189729 -8.68889 11.4066 0.215964 -8.62195 11.2227 0.215964 -8.76352 11.3785 0.228987 -8.67298 11.205 0.226737 -9.1217 11.1451 0.246447 -9.0647 11.0359 0.245025 -9.0647 11.0359 0.245025 -9.1217 11.1451 0.246447 -9.20174 11.0347 0.182403 4.37168 13.1943 0.357894 4.12145 12.9461 0.140499 4.58694 12.7325 0.171657 4.4963 13.5397 -0.044604 4.72432 13.0444 0.194769 4.89238 13.2997 -0.039339 4.49585 13.6231 -0.347094 4.4954 13.615 -0.649575 4.67984 13.4385 -0.62991 -3.57838 13.0363 0.158031 -4.12145 12.9461 0.140499 -4.03408 12.7374 -0.245421 -3.51496 12.9074 -0.421434 -2.8713 13.2168 -0.442044 -2.97503 13.2864 0.167571 -2.22764 13.6029 -0.462663 -3.25733 13.6587 0.394956 -2.43659 13.7452 0.118539 -3.0985 14.3095 0.064853 -2.62704 14.085 0.296559 -3.59624 14.0726 0.022391 -3.86752 13.4001 0.42471 -4.58694 12.7325 0.171657 -4.37168 13.1943 0.357894 -4.72432 13.0444 0.194769 -4.4963 13.5397 -0.044604 -4.89238 13.2997 -0.039339 -4.49585 13.6231 -0.347094 -4.79547 13.4108 -0.337176 -4.67984 13.4385 -0.62991 -4.4954 13.615 -0.649575 -4.0334 13.9284 -0.37656 -4.03368 13.8602 -0.79065 -3.84955 13.4162 -1.08868 -4.31796 13.1981 -0.815931 -4.51577 13.0839 -0.80208 -3.5376 13.0744 -0.901647 -4.05625 12.874 -0.653553 -2.92903 13.3033 -0.948033 -3.24088 13.6675 -1.06434 -2.32047 13.5323 -0.994419 -2.6322 13.9188 -1.04 -3.54056 14.108 -0.822339 -3.04744 14.3558 -0.854037 -3.60709 14.1614 -0.385785 -3.25712 14.4129 -0.395019 -4.03317 13.8256 -0.025884 3.86752 13.4001 0.424701 3.57838 13.0363 0.15804 4.03317 13.8256 -0.025884 4.0334 13.9284 -0.37656 4.03368 13.8602 -0.79065 3.84955 13.4162 -1.08868 4.31796 13.1981 -0.815931 4.51576 13.0839 -0.80208 4.46547 12.5783 -0.244386 4.03408 12.7374 -0.245421 3.51496 12.9074 -0.421434 4.05625 12.874 -0.653553 3.5376 13.0744 -0.901647 2.92903 13.3033 -0.948033 7.44944 11.4499 -0.207297 7.45469 11.5112 0.145224 7.3207 11.5403 -0.191925 7.43246 11.5008 -0.539595 7.44944 11.4499 -0.207297 7.33307 11.5688 -0.464814 7.52939 11.6428 -0.653544 7.60664 11.8347 -0.524916 7.40143 11.7077 -0.551016 7.47194 11.8662 -0.446796 7.61367 11.8372 -0.251343 7.47651 11.8763 -0.010143 7.6207 11.8397 0.022229 7.47662 11.8767 -0.228573 0 14.8446 -1.50643 -0.767034 13.5071 -1.57927 -0.587835 14.8513 -1.40286 0 13.5114 -1.63906 -0.750762 12.8917 -1.53535 -1.61195 13.6959 -1.44887 0 13.3773 1.39998 -0.653679 13.4617 1.33422 0 12.8717 1.51014 0.653679 13.4617 1.33422 0.79389 12.8175 1.54296 1.32682 13.6854 1.1344 -9.10221 11.1522 -0.541728 -9.11427 11.1478 -0.395001 -8.77241 11.3753 -0.336033 -8.75642 11.3811 -0.530505 -8.69729 11.4035 -0.329013 -8.6813 11.4093 -0.523485 -8.37287 11.554 -0.28134 -8.17364 11.6536 -0.271998 -8.17364 11.6536 -0.517248 -8.30012 11.6256 -0.396648 -8.30244 11.6247 -0.608166 -8.37287 11.554 -0.51624 -8.17364 11.6536 -0.029475 -8.1195 11.2926 0.191718 -7.68631 11.3398 0.231264 -7.79171 11.3624 0.349155 -8.05171 11.3052 0.324846 -7.92204 11.333 0.485136 -8.01253 11.2939 0.531081 -8.13109 11.2846 0.412758 -8.2057 11.251 0.500679 -8.09824 11.2416 0.577026 -8.20639 11.1784 0.711288 -8.28888 11.188 0.642429 -8.13901 11.3462 -0.709128 -7.81691 11.4466 -0.698328 -7.78099 11.3494 -0.534483 -8.12077 11.2961 -0.536481 -7.792 11.3811 -0.246861 -8.12299 11.3021 -0.247653 -8.2878 11.3203 -0.28134 -8.2878 11.3203 -0.28134 -8.2878 11.3203 -0.046449 -8.63976 11.2162 -0.261504 -8.63976 11.2162 -0.066285 -8.69148 11.1983 -0.066285 -8.69148 11.1983 -0.261504 -9.10332 11.0218 -0.090252 -9.10332 11.0218 -0.237537 -9.10332 11.0218 -0.237537 -9.10332 11.0218 -0.090252 -9.23477 11.0227 -0.163899 4.05625 12.874 -0.653553 3.5376 13.0744 -0.901647 2.92903 13.3033 -0.948033 3.24088 13.6675 -1.06434 2.32379 13.5414 -1.00254 2.63307 13.9206 -1.04029 3.54056 14.108 -0.822339 3.0482 14.3569 -0.852831 3.60709 14.1614 -0.385785 3.25734 14.413 -0.393498 3.59624 14.0726 0.022391 3.25733 13.6587 0.394956 3.09816 14.3085 0.065888 2.97503 13.2864 0.167571 2.4338 13.741 0.1134 2.8713 13.2168 -0.442044 2.22799 13.6059 -0.470583 -7.61367 11.8372 -0.251334 -7.6207 11.8397 0.022229 -7.47661 11.8767 -0.227907 -7.60665 11.8347 -0.524916 -7.47231 11.8671 -0.446193 -7.52939 11.6428 -0.653544 -7.402 11.7089 -0.551097 -7.43247 11.5008 -0.539595 -7.33353 11.5697 -0.465489 -7.32069 11.5402 -0.192717 -7.44944 11.4499 -0.207297 -7.51926 11.7078 0.160983 -7.45469 11.5112 0.145224 -7.35008 11.6069 0.085832 8.12369 11.429 0.616761 8.22077 11.3295 0.756189 8.34275 11.3395 0.667125 8.27541 11.4403 0.526302 8.04298 11.515 0.559656 8.21266 11.5135 0.43956 7.9575 11.5878 0.502551 8.14514 11.5735 0.352818 8.17364 11.6536 0.200907 7.84652 11.7139 0.358506 7.7431 11.7699 0.249408 7.81687 11.7922 0.040121 8.17364 11.6536 -0.029484 7.81178 11.782 -0.247653 8.17363 11.6536 -0.271998 7.80596 11.7661 -0.53649 8.17363 11.6537 -0.517257 8.17363 11.6537 -0.694557 8.30243 11.6247 -0.608175 8.37287 11.554 -0.704385 8.37287 11.554 -0.516249 8.30012 11.6256 -0.396657 8.37287 11.554 -0.281349 8.75642 11.3811 -0.530514 8.68129 11.4093 -0.523494 8.69729 11.4035 -0.329022 8.77241 11.3753 -0.336051 9.10221 11.1522 -0.541746 9.11427 11.1478 -0.395019 8.7703 11.3754 -0.600966 9.0858 11.1563 -0.686871 9.06721 11.1631 -0.799056 8.7452 11.3846 -0.752472 8.67056 11.4127 -0.738405 8.69566 11.4035 -0.586899 8.37287 11.554 -0.516249 8.32684 11.4275 -0.738288 8.15585 11.447 -0.78651 7.79395 11.733 -0.645498 7.60664 11.8347 -0.524916 7.61367 11.8372 -0.251343 7.6207 11.8397 0.022229 7.51924 11.7078 0.160272 7.68378 11.6004 0.326034 7.79137 11.546 0.416196 7.9252 11.4491 0.530775 8.006 11.3928 0.576198 8.082 11.3233 0.621621 8.19376 11.2515 0.756576 8.30787 11.2081 0.801549 8.30787 11.2081 0.801549 8.35388 11.2703 0.629523 8.30787 11.2081 0.801549 8.28169 11.3449 0.491211 8.21337 11.3977 0.39609 8.22931 11.4203 0.21285 8.14028 11.4374 0.30096 8.37287 11.554 0.18972 8.28781 11.3203 0.18972 8.6889 11.4066 0.215946 8.37287 11.554 0.18972 8.28781 11.3203 0.18972 8.62196 11.2227 0.215946 8.76352 11.3785 0.228978 8.67299 11.205 0.226728 9.12171 11.1451 0.246429 9.06471 11.0359 0.245016 9.20174 11.0347 0.182385 9.12171 11.1451 0.246429 9.06471 11.0359 0.245016 -0.433125 11.6416 1.21635 -0.998037 11.4847 1.01763 -0.896625 11.2009 1.02469 -0.377874 11.2161 1.25824 -0.840636 10.7223 0.974718 -0.294093 10.7253 1.17115 0 11.6554 1.18039 0 11.2313 1.22717 -0.50274 12.0589 1.34005 -1.05699 11.7403 1.07289 -1.61167 11.7047 0.342441 -1.45409 11.1931 0.310149 -1.46281 10.718 0.288711 -1.38854 11.1785 -0.660519 -1.3796 10.718 -0.681507 -1.0588 10.7197 -1.31765 -0.977103 11.1538 -1.24137 -0.426024 11.1444 -1.39421 -0.474444 11.641 -1.33545 0 11.646 -1.33694 0 12.2935 -1.47233 0.474444 11.641 -1.33545 0.607662 12.3294 -1.44822 1.04949 11.636 -1.1782 1.39856 12.3651 -1.28214 1.52108 11.7723 -0.652635 1.87177 12.6555 -0.398376 1.98345 12.56 -0.849807 0 12.8759 -1.55569 -1.04949 11.636 -1.1782 -1.52108 11.7723 -0.652635 -1.96556 12.7761 0.50337 -1.38362 12.5664 1.23002 8.78211 11.3717 -0.066303 9.16037 11.131 -0.09027 9.16037 11.131 -0.237555 8.78211 11.3717 -0.261513 8.7067 11.4001 -0.066303 8.7067 11.4001 -0.261513 8.37287 11.554 -0.046458 8.37287 11.554 -0.281349 8.3004 11.6255 -0.157185 8.30176 11.625 0.07856 8.37287 11.554 0.18972 8.6889 11.4066 0.215946 8.70488 11.4008 0.021482 8.76352 11.3785 0.228978 8.77951 11.3727 0.034505 9.12171 11.1451 0.246429 9.13376 11.1407 0.099701 9.13376 11.1407 0.099701 9.20174 11.0347 0.182385 9.07677 11.0315 0.098288 9.20174 11.0347 0.182385 9.13376 11.1407 0.099701 9.07677 11.0315 0.098288 8.68897 11.1992 0.032255 8.77951 11.3727 0.034505 8.63794 11.2168 0.021482 8.70488 11.4008 0.021482 8.63794 11.2168 0.021482 8.28781 11.3203 -0.046458 8.37287 11.554 -0.046458 8.78211 11.3717 -0.066303 8.7067 11.4001 -0.066303 8.63976 11.2162 -0.066303 8.69148 11.1983 -0.066303 9.16037 11.131 -0.09027 9.10332 11.0218 -0.09027 9.16037 11.131 -0.09027 9.10332 11.0218 -0.09027 9.23477 11.0227 -0.163917 9.16037 11.131 -0.237555 9.23477 11.0227 -0.163917 9.23477 11.0227 -0.163917 9.10332 11.0218 -0.237555 9.16037 11.131 -0.237555 9.10332 11.0218 -0.237555 8.69147 11.1983 -0.261513 8.78211 11.3717 -0.261513 8.63976 11.2162 -0.261513 8.7067 11.4001 -0.261513 8.2878 11.3203 -0.281349 8.37287 11.554 -0.281349 8.69729 11.4035 -0.329022 8.63034 11.2196 -0.329022 8.68187 11.2018 -0.333792 8.77241 11.3753 -0.336051 9.11427 11.1478 -0.395019 9.05729 11.0386 -0.393597 9.11427 11.1478 -0.395019 9.05729 11.0386 -0.393597 9.18225 11.0418 -0.477702 9.10221 11.1522 -0.541746 9.18225 11.0418 -0.477702 9.18225 11.0418 -0.477702 9.04522 11.043 -0.540324 9.10221 11.1522 -0.541746 9.04522 11.043 -0.540324 8.66588 11.2076 -0.528264 8.75642 11.3811 -0.530514 8.61435 11.2254 -0.523494 8.68129 11.4093 -0.523494 8.2878 11.3203 -0.516249 8.37287 11.554 -0.516249 8.69566 11.4035 -0.586899 8.62872 11.2196 -0.586899 8.68004 11.2018 -0.596475 8.7703 11.3754 -0.600966 9.0858 11.1563 -0.686871 9.02898 11.047 -0.684045 9.0858 11.1563 -0.686871 9.02898 11.047 -0.684045 9.14754 11.0501 -0.766269 9.14754 11.0501 -0.766269 9.14754 11.0501 -0.766269 9.00744 11.0548 -0.81405 8.65102 11.2124 -0.771597 9.00744 11.0548 -0.81405 8.5997 11.2302 -0.762021 8.5997 11.2302 -0.762021 8.2878 11.3203 -0.711432 8.20571 11.251 0.50067 8.28889 11.188 0.64242 8.20639 11.1784 0.711279 8.09825 11.2416 0.577017 8.1311 11.2846 0.412758 8.01254 11.2939 0.531072 8.05172 11.3052 0.324837 7.92204 11.333 0.485136 7.79171 11.3624 0.349146 8.11951 11.2926 0.191709 7.76933 11.3222 -0.108405 7.68632 11.3398 0.231264 8.10867 11.2629 0.015587 8.28781 11.3203 -0.046458 8.12299 11.3021 -0.247653 7.792 11.3811 -0.246861 7.44944 11.4499 -0.207297 7.45469 11.5112 0.145224 7.68378 11.6004 0.326034 7.79137 11.546 0.416196 8.006 11.3928 0.576198 7.9252 11.4491 0.530775 8.19376 11.2515 0.756576 8.082 11.3233 0.621621 8.30787 11.2081 0.801549 8.30787 11.2081 0.801549 8.35388 11.2703 0.629523 8.30787 11.2081 0.801549 8.28169 11.3449 0.491211 8.21337 11.3977 0.39609 8.14028 11.4374 0.30096 8.22931 11.4203 0.21285 8.14028 11.4374 0.30096 8.28781 11.3203 0.18972 8.28781 11.3203 0.18972 8.28781 11.3203 -0.046458 8.62196 11.2227 0.215946 8.28781 11.3203 0.18972 8.28781 11.3203 -0.046458 8.63794 11.2168 0.021482 8.68897 11.1992 0.032255 8.67299 11.205 0.226728 9.06471 11.0359 0.245016 9.07677 11.0315 0.098288 9.20174 11.0347 0.182385 9.06471 11.0359 0.245016 9.07677 11.0315 0.098288 0 11.135 -1.36813 0.426033 11.1444 -1.3942 0.977103 11.1538 -1.24136 1.38853 11.1785 -0.66051 1.45408 11.1931 0.310158 1.61167 11.7047 0.342441 0.896616 11.2009 1.02469 0.998019 11.4847 1.01764 0.433116 11.6416 1.21635 0.377856 11.2161 1.25824 0 10.7283 1.13369 0.840636 10.7223 0.974718 1.46281 10.718 0.288711 1.3796 10.718 -0.681507 1.0588 10.7197 -1.31765 0.402264 10.6873 -1.42045 0 10.7283 -1.47256 -0.402264 10.6873 -1.42045 1.05699 11.7403 1.07289 0.50274 12.0589 1.34005 0 12.1667 1.33424 7.52939 11.6428 -0.653544 7.8017 11.5796 -0.766494 9.00744 11.0548 -0.81405 9.14754 11.0501 -0.766269 9.02898 11.047 -0.684045 9.00744 11.0548 -0.81405 9.02898 11.047 -0.684045 8.68004 11.2018 -0.596475 8.65102 11.2124 -0.771597 8.62872 11.2196 -0.586899 8.5997 11.2302 -0.762021 8.2878 11.3203 -0.516249 8.2878 11.3203 -0.711432 8.12076 11.2961 -0.53649 8.2878 11.3203 -0.281349 8.2878 11.3203 -0.281349 8.2878 11.3203 -0.516249 8.63034 11.2196 -0.329022 8.61435 11.2254 -0.523494 8.68187 11.2018 -0.333792 8.66588 11.2076 -0.528264 9.05729 11.0386 -0.393597 9.04522 11.043 -0.540324 9.18225 11.0418 -0.477702 9.05729 11.0386 -0.393597 9.04522 11.043 -0.540324 7.78098 11.3494 -0.534483 7.81691 11.4466 -0.698328 8.13901 11.3462 -0.709137 8.32684 11.4275 -0.738288 8.15585 11.447 -0.78651 7.8017 11.5796 -0.766494 7.52939 11.6428 -0.653544 7.43246 11.5008 -0.539595 8.63976 11.2162 -0.066303 8.63976 11.2162 -0.261513 8.69148 11.1983 -0.066303 8.69147 11.1983 -0.261513 9.10332 11.0218 -0.09027 9.10332 11.0218 -0.237555 9.23477 11.0227 -0.163917 9.10332 11.0218 -0.09027 9.10332 11.0218 -0.237555 1.06697 11.7826 1.087 1.11529 11.9159 1.22464 -1.11529 11.9159 1.22464 1.96552 12.776 0.503253 0.767034 13.5071 -1.57927 0.750762 12.8917 -1.53535 0.587835 14.8513 -1.40286 1.17849 14.858 -1.29928 -1.39856 12.3651 -1.28214 -1.98345 12.56 -0.849807 -1.87177 12.6555 -0.398376 -8.2878 11.3203 -0.711423 -8.5997 11.2302 -0.762012 -8.5997 11.2302 -0.762012 -8.65102 11.2124 -0.771588 -9.00744 11.0548 -0.814032 -9.00744 11.0548 -0.814032 -9.14754 11.0501 -0.766251 -9.08581 11.1563 -0.686853 -9.14754 11.0501 -0.766251 -9.14754 11.0501 -0.766251 -9.02898 11.047 -0.684027 -9.08581 11.1563 -0.686853 -9.02898 11.047 -0.684027 -8.68004 11.2018 -0.596466 -8.7703 11.3754 -0.600957 -8.69566 11.4035 -0.58689 -8.62871 11.2196 -0.58689 -8.37287 11.554 -0.51624 -8.2878 11.3203 -0.51624 -8.75642 11.3811 -0.530505 -8.6813 11.4093 -0.523485 -8.61436 11.2254 -0.523485 -8.66587 11.2076 -0.528255 -9.10221 11.1522 -0.541728 -9.04522 11.043 -0.540315 -9.10221 11.1522 -0.541728 -9.04522 11.043 -0.540315 -9.18225 11.0418 -0.477693 -9.11427 11.1478 -0.395001 -9.18225 11.0418 -0.477693 -9.18225 11.0418 -0.477693 -9.05728 11.0386 -0.393588 -9.11427 11.1478 -0.395001 -9.05728 11.0386 -0.393588 -8.68187 11.2018 -0.333783 -8.77241 11.3753 -0.336033 -8.69729 11.4035 -0.329013 -8.63034 11.2196 -0.329013 -8.2878 11.3203 -0.28134 -8.37287 11.554 -0.28134 -8.78211 11.3717 -0.261504 -8.7067 11.4001 -0.261504 -8.63976 11.2162 -0.261504 -8.69148 11.1983 -0.261504 -9.16037 11.131 -0.237537 -9.10332 11.0218 -0.237537 -9.16037 11.131 -0.237537 -9.10332 11.0218 -0.237537 -9.23477 11.0227 -0.163899 -9.16037 11.131 -0.090252 -9.23477 11.0227 -0.163899 -9.23477 11.0227 -0.163899 -9.10332 11.0218 -0.090252 -9.16037 11.131 -0.090252 -9.10332 11.0218 -0.090252 -8.69148 11.1983 -0.066285 -8.78211 11.3717 -0.066285 -8.63976 11.2162 -0.066285 -8.7067 11.4001 -0.066285 -8.2878 11.3203 -0.046449 -8.37287 11.554 -0.046449 -8.77951 11.3727 0.034514 -8.70488 11.4008 0.021491 -8.63794 11.2168 0.021491 -8.63794 11.2168 0.021491 -8.68897 11.1992 0.032264 -9.13376 11.1407 0.099719 -9.07676 11.0315 0.098297 -9.20174 11.0347 0.182403 -9.13376 11.1407 0.099719 -9.07676 11.0315 0.098297 -9.20174 11.0347 0.182403 -8.77951 11.3727 0.034514 -9.13376 11.1407 0.099719 -9.1217 11.1451 0.246447 -8.76352 11.3785 0.228987 -8.70488 11.4008 0.021491 -8.68889 11.4066 0.215964 -8.37287 11.554 -0.046449 -8.37287 11.554 0.189729 -8.30176 11.625 0.07856 -8.3004 11.6255 -0.157176 -8.37287 11.554 -0.28134 -8.7067 11.4001 -0.066285 -8.7067 11.4001 -0.261504 -8.78211 11.3717 -0.261504 -8.78211 11.3717 -0.066285 -9.16037 11.131 -0.237537 -9.16037 11.131 -0.090252 -9.02898 11.047 -0.684027 -9.14754 11.0501 -0.766251 -9.00744 11.0548 -0.814032 -8.68004 11.2018 -0.596466 -9.02898 11.047 -0.684027 -9.00744 11.0548 -0.814032 -8.65102 11.2124 -0.771588 -8.62871 11.2196 -0.58689 -8.5997 11.2302 -0.762012 -8.2878 11.3203 -0.51624 -8.2878 11.3203 -0.51624 -8.2878 11.3203 -0.711423 -4.05625 12.874 -0.653553 -3.5376 13.0744 -0.901647 -2.92903 13.3033 -0.948033 -2.32047 13.5323 -0.994419 -7.45469 11.5112 0.145224 -7.68378 11.6004 0.326034 -7.79136 11.546 0.416196 -7.9252 11.4491 0.530784 -8.00599 11.3928 0.576207 -8.082 11.3233 0.62163 -8.19375 11.2515 0.756585 -8.30787 11.2081 0.801558 -8.30787 11.2081 0.801558 -8.30787 11.2081 0.801558 -8.35388 11.2703 0.629532 -8.28168 11.3449 0.49122 -8.21337 11.3977 0.39609 -8.14028 11.4374 0.300969 -8.14028 11.4374 0.300969 -8.2293 11.4203 0.212859 -8.2878 11.3203 0.189729 -8.2878 11.3203 0.189729 -8.2878 11.3203 -0.046449 -8.2878 11.3203 0.189729 -8.62195 11.2227 0.215964 -8.68897 11.1992 0.032264 -8.63794 11.2168 0.021491 -8.67298 11.205 0.226737 -9.0647 11.0359 0.245025 -9.07676 11.0315 0.098297 -9.07676 11.0315 0.098297 -9.0647 11.0359 0.245025 -9.20174 11.0347 0.182403 -7.44944 11.4499 -0.207297 -7.76933 11.3222 -0.108396 -8.10867 11.2629 0.015596 -8.2878 11.3203 -0.046449 -7.43247 11.5008 -0.539595 -7.52939 11.6428 -0.653544 -7.80171 11.5796 -0.766494 -8.15586 11.447 -0.786501 -8.32685 11.4275 -0.738279 -8.61436 11.2254 -0.523485 -8.63034 11.2196 -0.329013 -8.68187 11.2018 -0.333783 -8.66587 11.2076 -0.528255 -9.05728 11.0386 -0.393588 -9.04522 11.043 -0.540315 -9.04522 11.043 -0.540315 -9.05728 11.0386 -0.393588 -9.18225 11.0418 -0.477693 -8.14028 11.4374 0.300969 4.79548 13.4108 -0.337176 -4.58089 12.4968 -0.243369 -4.46547 12.5783 -0.244377 -4.84633 12.9553 -0.906543 -5.00704 13.3033 -0.624798 -4.94971 13.3015 -0.332064 -5.29682 13.2551 -0.322461 -5.29731 13.1673 -0.657054 -5.13593 12.7995 -0.853533 -4.95069 12.3331 -0.683073 -4.6609 12.6061 -0.643068 -4.43007 12.7689 -0.645084 4.84633 12.9553 -0.906543 5.00704 13.3033 -0.624798 4.94971 13.3015 -0.332064 5.29687 13.2552 -0.323028 5.29657 13.1842 0.011636 5.16654 12.914 0.243315 5.00443 12.4334 0.229995 4.9344 12.2105 -0.233631 4.58089 12.4968 -0.243369 4.95047 12.3328 -0.682371 4.6609 12.606 -0.643068 4.43007 12.7689 -0.645084 6.86584 11.9681 -0.652563 6.17243 11.9119 -0.608373 6.32963 12.2272 -0.754029 6.44974 12.5164 -0.582795 6.96103 12.1918 -0.514449 6.45669 12.6129 -0.274617 6.96662 12.2448 -0.251199 6.96541 12.2035 0.010808 7.51924 11.7078 0.160272 7.42078 11.751 0.101889 7.3506 11.608 0.086327 6.88228 12.0376 0.164394 6.45464 12.5313 0.031022 6.34433 12.3254 0.226746 6.22238 11.9865 0.203454 6.78619 11.7966 0.144585 6.16836 11.8117 -0.206064 4.94565 12.1438 -0.228303 5.0245 12.393 0.272286 5.20347 12.9147 0.296694 5.34672 13.2115 0.041345 5.35258 13.292 -0.32418 5.34689 13.1888 -0.691128 5.16955 12.7855 -0.907668 4.96823 12.2812 -0.717408 4.94565 12.1438 -0.228303 6.16836 11.8117 -0.206064 6.75297 11.7408 -0.536994 6.74449 11.6759 -0.199485 -5.29633 13.1838 0.012122 -5.35252 13.2919 -0.323532 -5.34647 13.2111 0.041894 -5.20303 12.9138 0.29682 -5.16619 12.9133 0.243423 -5.00412 12.4327 0.229437 -5.02417 12.3923 0.271701 -4.94562 12.1436 -0.22923 -4.93437 12.2103 -0.234486 -4.96849 12.2816 -0.718164 -4.95069 12.3331 -0.683073 -5.16986 12.7861 -0.907722 -5.13593 12.7995 -0.853533 -5.34706 13.1892 -0.690606 -5.29731 13.1673 -0.657054 -5.29682 13.2551 -0.322461 -2.80242 14.9827 -0.349524 -2.84071 14.7905 0.121554 -2.34221 15.0509 0.242001 -2.23649 15.2119 -0.330435 -2.15871 15.1215 -0.852066 -2.76413 14.8261 -0.889803 -1.17849 14.858 -1.29928 -2.07258 14.0427 -1.31031 -1.56433 12.9075 -1.36551 -2.32047 13.5323 -0.994419 -2.32047 13.5323 -0.994419 -3.04744 14.3558 -0.854037 -3.25712 14.4129 -0.395019 -3.0985 14.3095 0.064853 -2.62704 14.085 0.296559 -2.10829 13.9755 0.746631 -1.32682 13.6854 1.1344 -1.58876 12.8328 1.3419 -0.79389 12.8175 1.54296 1.58876 12.8328 1.3419 2.10829 13.9755 0.746631 2.83958 14.7855 0.13104 2.62375 14.0784 0.296469 2.80435 14.9832 -0.337914 3.09816 14.3085 0.065888 3.25734 14.413 -0.393498 2.76895 14.833 -0.880164 2.07858 14.0558 -1.31382 3.0482 14.3569 -0.852831 2.32379 13.5414 -1.00254 2.63307 13.9206 -1.04029 1.61195 13.6959 -1.44887 2.15871 15.1215 -0.852066 2.23649 15.2119 -0.330435 2.34221 15.0509 0.242001 -6.32991 12.2277 -0.754083 -6.17259 11.9122 -0.608877 -6.86596 11.9683 -0.65259 -6.4499 12.5168 -0.582435 -6.9611 12.1919 -0.514314 -6.45663 12.6128 -0.274131 -6.96661 12.2448 -0.251019 -6.96532 12.2034 0.01097 -7.47611 11.8756 -0.009477 -6.75306 11.7409 -0.537183 -8.37287 11.554 -0.51624 5.29716 13.1669 -0.657513 5.13564 12.799 -0.853479 4.95047 12.3328 -0.682371 4.6609 12.606 -0.643068 4.43007 12.7689 -0.645084 -6.45444 12.5309 0.031427 -6.88216 12.0374 0.164439 -7.42021 11.7498 0.102015 -4.94562 12.1436 -0.22923 -6.16828 11.8115 -0.206685 -4.96849 12.2816 -0.718164 -5.16986 12.7861 -0.907722 -5.34706 13.1892 -0.690606 -5.35252 13.2919 -0.323532 -5.34647 13.2111 0.041894 -5.20303 12.9138 0.29682 -6.34403 12.3248 0.226854 -5.02417 12.3923 0.271701 -6.22207 11.9858 0.203094 -4.94562 12.1436 -0.22923 -6.16828 11.8115 -0.206685 -6.78607 11.7964 0.144459 -6.74448 11.6758 -0.199701 -1.83175 14.1594 0.81099 -2.84071 14.7905 0.121554 -2.34221 15.0509 0.242001 8.37287 11.554 -0.281349 8.14028 11.4374 0.30096 1.56433 12.9075 -1.36551 -0.607662 12.3294 -1.44822 8.37287 11.554 -0.046458 8.37287 11.554 -0.046458 8.37287 11.554 -0.046458 8.37287 11.554 -0.046458 8.28781 11.3203 -0.046458 8.28781 11.3203 -0.046458 8.63794 11.2168 0.021482 0.294093 10.7253 1.17115 4.9344 12.2105 -0.233631 4.95047 12.3328 -0.682371 4.94565 12.1438 -0.228303 5.00443 12.4334 0.229995 5.0245 12.393 0.272286 5.20347 12.9147 0.296694 5.16654 12.914 0.243315 5.34672 13.2115 0.041345 5.29657 13.1842 0.011636 5.35258 13.292 -0.32418 5.29687 13.2552 -0.323028 5.29716 13.1669 -0.657513 5.34689 13.1888 -0.691128 5.13564 12.799 -0.853479 5.16955 12.7855 -0.907668 4.96823 12.2812 -0.717408 1.83175 14.1594 0.81099 2.10829 13.9755 0.746631 2.83958 14.7855 0.13104 2.34221 15.0509 0.242001 0.50274 12.0589 1.34005 1.05699 11.7403 1.07289 1.06697 11.7826 1.087 0.504009 12.1081 1.35881 0.504009 12.1081 1.35881 0.548037 12.2222 1.43105 0 12.209 1.35031 0 12.3359 1.45135 -0.548037 12.2222 1.43105 -0.504009 12.1081 1.35881 -1.06697 11.7826 1.087 -0.655524 12.577 1.42944 0 12.7421 1.39497 0.655524 12.577 1.42944 1.38362 12.5664 1.23002 0.668151 12.6164 1.45034 0 12.7421 1.39497 -0.668151 12.6164 1.45034 -1.41145 12.6089 1.25134 -0.504009 12.1081 1.35881 -0.50274 12.0589 1.34005 0 12.1667 1.33424 0 12.209 1.35031 0.504009 12.1081 1.35881 0.50274 12.0589 1.34005 -2.20036 13.0462 -0.947367 -0.50274 12.0589 1.34005 -0.504009 12.1081 1.35881 -1.06697 11.7826 1.087 -1.05699 11.7403 1.07289 -0.655524 12.577 1.42944 -0.668151 12.6164 1.45034 -1.38362 12.5664 1.23002 -8.37287 11.554 -0.046449 -8.2878 11.3203 -0.046449 -8.37287 11.554 -0.046449 -8.37287 11.554 -0.046449 -8.37287 11.554 -0.046449 -8.37287 11.554 -0.28134 -5.29633 13.1838 0.012122 -5.16619 12.9133 0.243423 -5.00412 12.4327 0.229437 -4.93437 12.2103 -0.234486 -4.95069 12.3331 -0.683073 -4.6609 12.6061 -0.643068 -4.43007 12.7689 -0.645084 1.06697 11.7826 1.087 1.05699 11.7403 1.07289 1.61167 11.7047 0.342441 -8.63794 11.2168 0.021491 0.668151 12.6164 1.45034 0 12.7421 1.39497 0.655524 12.577 1.42944 -8.2878 11.3203 -0.046449 -0.655524 12.577 1.42944 -0.668151 12.6164 1.45034 -1.61167 11.7047 0.342441 -1.05699 11.7403 1.07289 -1.06697 11.7826 1.087 -2.62704 14.085 0.296559 6.74449 11.6759 -0.199485 7.3207 11.5403 -0.191925 -2.6322 13.9188 -1.04 -2.04445 13.0333 0.797364 2.04439 13.0332 0.797265 -8.37287 11.554 -0.28134 -8.2878 11.3203 -0.28134 2.62375 14.0784 0.296469 2.62375 14.0784 0.296469 -6.74448 11.6758 -0.199701 -7.32069 11.5402 -0.192717 -7.44944 11.4499 -0.207297 8.37287 11.554 -0.516249 2.10031 13.1292 -0.455814 2.20037 13.0462 -0.947403 2.32379 13.5414 -1.00254 8.37287 11.554 -0.281349 8.37287 11.554 -0.281349 8.2878 11.3203 -0.281349 8.37287 11.554 -0.516249 8.2878 11.3203 -0.516249 8.2878 11.3203 -0.281349 2.32379 13.5414 -1.00254 1.41145 12.6089 1.25134 1.38362 12.5664 1.23002 1.97633 12.8309 0.561375 1.38362 12.5664 1.23002 1.41145 12.6089 1.25134 0.668151 12.6164 1.45034 0.655524 12.577 1.42944 2.4338 13.741 0.1134 2.22799 13.6059 -0.470583 1.97633 12.8309 0.561375 2.62375 14.0784 0.296469 2.62375 14.0784 0.296469 1.41145 12.6089 1.25134 -1.97636 12.8309 0.561492 -2.62704 14.085 0.296559 2.32379 13.5414 -1.00254 -2.10031 13.1292 -0.455778 -2.43659 13.7452 0.118539 -2.32047 13.5323 -0.994419 -2.22764 13.6029 -0.462663 -1.41145 12.6089 1.25134 -1.38362 12.5664 1.23002 -1.41145 12.6089 1.25134 -1.97636 12.8309 0.561492 -1.96556 12.7761 0.50337 -8.2878 11.3203 -0.51624 -8.37287 11.554 -0.51624 -8.2878 11.3203 -0.28134 -8.37287 11.554 -0.28134 1.96552 12.776 0.503253 2.4338 13.741 0.1134 1.97633 12.8309 0.561375 -1.97636 12.8309 0.561492 -2.43659 13.7452 0.118539 -1.96556 12.7761 0.50337 7.51924 11.7078 0.160272 1.96552 12.776 0.503253 -2.62704 14.085 0.296559 -7.51926 11.7078 0.160983</float_array>
          <technique_common>
            <accessor source="#GeometrySource-array" count="2519" stride="3">
              <param name="X" type="float"/>
              <param name="Y" type="float"/>
              <param name="Z" type="float"/>
            </accessor>
          </technique_common>
        </source>
        <source id="GeometrySource1" name="tex_0000_man_ray_256.pngNrm">
          <float_array id="GeometrySource1-array" count="7557">-0.029155 -0.098291 0.99473 0.762911 -0.132512 0.632778 0.687115 0.372874 0.623568 -0.089419 0.392251 0.915502 -0.805365 -0.130444 0.578248 -0.811024 0.434083 0.39219 -0.95841 -0.174445 -0.225875 -0.83302 0.48624 -0.26391 -0.632802 -0.205283 -0.746606 -0.44524 0.522205 -0.727367 -0.137377 -0.190249 -0.972077 0.051344 0.403856 -0.913381 0.561828 -0.164543 -0.810725 0.463185 0.68888 -0.557588 -0.811024 0.434083 0.39219 -0.089419 0.392251 0.915502 -0.678595 0.535891 0.502325 -0.736959 0.648283 -0.191368 -0.83302 0.48624 -0.26391 -0.439109 0.755708 -0.485889 -0.44524 0.522205 -0.727367 -0.009408 0.748901 -0.662615 0.051344 0.403856 -0.913381 0.463185 0.68888 -0.557588 0.4571 0.675859 -0.578165 0.844402 0.514077 -0.150698 0.800753 0.597682 -0.03963 0.687115 0.372874 0.623568 0.612769 0.421911 0.66821 -0.137151 0.374488 0.917033 -0.687115 0.372875 0.623568 -0.762911 -0.132512 0.632778 0.029155 -0.098291 0.99473 0.089419 0.392252 0.915501 0.805365 -0.130444 0.578248 0.811024 0.434083 0.392189 0.95841 -0.174445 -0.225875 0.83302 0.486239 -0.26391 0.632802 -0.205283 -0.746606 0.44524 0.522205 -0.727367 0.137377 -0.190249 -0.972077 -0.051344 0.403856 -0.913381 -0.561828 -0.164543 -0.810725 -0.463185 0.68888 -0.557588 0.641732 -0.008095 -0.766886 0.564824 -0.182693 -0.804735 0.967543 -0.140858 -0.209809 0.992319 -0.017768 -0.122419 0.859851 -0.085172 0.50339 0.80262 0.021116 0.596117 0.059783 -0.008747 0.998173 -0.024464 -0.058319 0.997998 -0.776068 0.000927 0.630649 -0.784949 0.004433 0.619545 -0.99492 0.020797 0.098498 -0.77514 -0.067292 0.628196 -0.996603 0.070879 0.041943 -0.612769 0.421912 0.66821 -0.800754 0.597681 -0.039629 -0.70295 0.105811 -0.703325 -0.457097 0.675858 -0.578168 -0.801816 0.020181 -0.59723 -0.808259 -0.236481 0.539254 -0.985054 -0.171991 -0.009328 0.105597 -0.189884 0.976111 0.865923 -0.168779 0.470841 0.938847 -0.176061 -0.295922 0.440968 -0.293375 -0.848221 0.8431 -0.161036 -0.513079 0.977834 -0.18709 0.094014 0.994426 -0.083749 0.06406 0.831493 -0.096636 -0.547065 0.978054 -0.206795 -0.025438 0.759527 -0.277319 -0.588399 0.702953 0.105805 -0.703323 0.996602 0.070894 0.041942 0.800753 0.597682 -0.03963 0.4571 0.675859 -0.578165 0.612769 0.421911 0.66821 0.775143 -0.06727 0.628194 0.99492 0.020802 0.098499 0.784951 0.004456 0.619542 0.024469 -0.058305 0.997999 0.808259 -0.236481 0.539254 0.776067 0.000922 0.63065 0.985053 -0.172001 -0.009327 0.753597 -0.103498 0.649138 0.504402 -0.306646 0.807184 -0.029276 -0.089973 0.995514 0.801634 -0.027243 0.597195 0.966896 0.138029 -0.214618 0.584756 0.225198 -0.779324 -0.05718 0.147831 -0.987358 -0.049004 0.005268 -0.998785 -0.045783 -0.207709 -0.977119 -0.099698 -0.291875 -0.951246 0.472992 -0.06963 -0.878311 -0.23374 -0.087787 -0.968328 -0.156254 -0.123867 -0.979919 0.961902 0.038646 -0.270648 0.913623 -0.005417 0.406527 0.214864 -0.052209 0.975248 -0.753597 -0.103498 0.649138 -0.994426 -0.083749 0.06406 -0.978054 -0.206795 -0.025438 0.137151 0.374488 0.917033 0.678594 0.535891 0.502325 0.736959 0.648282 -0.191368 0.439109 0.755708 -0.485889 0.009408 0.748901 -0.662615 -0.457097 0.675858 -0.578168 -0.70295 0.105811 -0.703325 -0.801816 0.020181 -0.59723 -0.65274 -0.264597 -0.709872 -0.759527 -0.277319 -0.588399 -0.831493 -0.096636 -0.547065 -0.8431 -0.161035 -0.513079 -0.765488 0.129568 -0.63027 -0.029615 0.214138 -0.976354 0.032965 -0.001963 -0.999455 -0.811106 -0.008271 -0.584841 -0.988985 0.007634 -0.147822 -0.896862 -0.356301 -0.262086 -0.993999 0.002234 -0.109364 -0.966005 0.257482 0.023177 -0.992063 0.117984 0.043476 -0.808525 0.56407 0.167668 -0.945972 0.169137 0.276638 -0.70217 0.653665 0.282276 -0.699883 0.201479 0.685252 -0.426311 0.676213 0.600829 -0.017583 0.246753 0.968919 0.020302 0.75837 0.651509 0.019756 0.965132 0.261017 0.022774 0.93297 0.359233 -0.645985 0.655655 0.390921 -0.905776 0.420347 -0.053657 -0.584514 0.451659 -0.674054 -0.151211 0.348692 -0.924959 0.011817 0.355533 -0.934589 -0.081407 0.381435 -0.920804 -0.455711 0.448485 -0.768888 -0.599603 0.301442 -0.741356 -0.886701 0.361839 -0.287807 -0.941959 0.244957 -0.229586 -0.941259 0.299173 0.156612 -0.925056 0.230804 0.301663 -0.590943 0.307536 0.745794 -0.536123 0.104949 0.837591 -0.22841 0.212405 0.950112 -0.116455 0.166108 0.979207 0 0.258523 0.966005 -0.000000 0.086976 0.99621 0.116455 0.166109 0.979207 0.22841 0.212405 0.950112 0.536122 0.104957 0.83759 0.590942 0.307536 0.745794 0.925053 0.230818 0.301663 0.941259 0.299173 0.156612 0.941957 0.244966 -0.229585 0.886701 0.361839 -0.287808 0.646963 0.338035 -0.683499 0.455711 0.448486 -0.768888 0.138471 0.313776 -0.939346 0.081407 0.381435 -0.920804 0 0.267609 -0.963528 -0.584755 0.225207 -0.779323 -0.966895 0.138022 -0.214623 -0.64173 -0.008093 -0.766888 0.057183 0.147838 -0.987357 0.048995 0.005253 -0.998785 0.099698 -0.291875 -0.951246 -0.440968 -0.293375 -0.848221 -0.472992 -0.06963 -0.878311 0.23374 -0.087787 -0.968328 0.156254 -0.123867 -0.979919 -0.712302 -0.018106 -0.70164 -0.961902 0.038646 -0.270649 -0.918754 0.144615 0.367394 -0.913623 -0.005417 0.406527 -0.214864 -0.052209 0.975248 -0.865923 -0.168779 0.470841 -0.105597 -0.189884 0.976111 -0.859853 -0.085157 0.50339 -0.059778 -0.00874 0.998173 -0.391467 -0.003712 0.920185 0.504402 -0.306646 0.807184 0.977834 -0.18709 0.094014 0.71059 -0.697755 0.09055 -0.10262 -0.753605 0.649267 -0.801634 -0.02725 0.597194 -0.992318 -0.017771 -0.122428 -0.938847 -0.176061 -0.295922 -0.967543 -0.140853 -0.209814 0.029276 -0.089973 0.995514 -0.137151 0.374488 0.917033 -0.678595 0.535891 0.502325 -0.736959 0.648283 -0.191368 -0.439109 0.755708 -0.485889 -0.009408 0.748901 -0.662615 0.4571 0.675859 -0.578165 0.702953 0.105805 -0.703323 0.801814 0.020175 -0.597233 0.831493 -0.096636 -0.547065 0.8431 -0.161036 -0.513079 -0.085084 -0.029421 -0.995939 -0.627196 0.139276 -0.766308 -0.957185 0.226754 -0.179946 -0.69066 0.289412 0.662744 0.109302 0.100902 0.988874 0.989022 0.14292 0.037548 0.759077 0.207105 0.617179 0.987459 -0.156949 -0.017086 0.844402 0.514077 -0.150698 0.561828 -0.164543 -0.810725 0.463185 0.68888 -0.557588 0.710925 0.021338 -0.702944 0.032965 -0.001963 -0.999455 -0.029615 0.214138 -0.976354 0.803983 0.094559 -0.587085 0.904265 -0.012325 -0.426794 0.999669 -0.020306 0.015797 0.982347 -0.038209 0.183126 0.974826 -0.187263 0.121023 0.999256 0.036953 -0.011003 0.991263 -0.105483 -0.079196 0.994458 0.001522 -0.105126 0.897675 0.434588 0.07289 0.790871 0.516773 0.327825 0.977796 0.085846 0.19117 0.747925 0.612359 0.256174 0.661957 0.146949 0.734996 0.455671 0.659669 0.597663 0.972758 0.231582 -0.01057 0.708705 0.302135 -0.637535 0.137151 0.374488 0.917033 -0.612769 0.421912 0.66821 0.089419 0.392252 0.915501 0.678594 0.535891 0.502325 0.811024 0.434083 0.392189 0.736959 0.648282 -0.191368 0.83302 0.486239 -0.26391 0.439109 0.755708 -0.485889 0.44524 0.522205 -0.727367 0.009408 0.748901 -0.662615 -0.051344 0.403856 -0.913381 -0.463185 0.68888 -0.557588 -0.457097 0.675858 -0.578168 -0.844402 0.514077 -0.150698 -0.800754 0.597681 -0.039629 -0.687115 0.372875 0.623568 0 -0.303249 0.952911 -0.000000 -0.850504 0.525968 0.102614 -0.753605 0.649269 0.523459 -0.166311 0.835662 0.663852 0.234705 -0.710081 0.724515 -0.034633 -0.688389 0.068357 -0.126799 -0.98957 0.023306 0.222867 -0.97457 0 0.138753 -0.990327 0.081407 0.381435 -0.920804 0.455711 0.448486 -0.768888 0.886701 0.361839 -0.287808 0.963047 0.221828 -0.152752 0.941259 0.299173 0.156612 0.905641 0.195906 0.376079 0.590942 0.307536 0.745794 0.531156 0.103433 0.840937 0.22841 0.212405 0.950112 0.20944 0.027847 0.977425 0 0.258523 0.966005 0 0.048363 0.99883 -0.20944 0.027847 0.977425 -0.22841 0.212405 0.950112 -0.531156 0.103433 0.840937 -0.523459 -0.166311 0.835662 -0.590943 0.307536 0.745794 -0.905641 0.195906 0.376079 -0.941259 0.299173 0.156612 -0.963047 0.221828 -0.152751 -0.886701 0.361839 -0.287807 -0.663852 0.234705 -0.710081 -0.455711 0.448485 -0.768888 -0.081407 0.381435 -0.920804 -0.023306 0.222867 -0.97457 -0.068357 -0.126799 -0.98957 -0.724515 -0.034633 -0.688389 -0.578603 -0.240787 -0.779256 -0.970854 0.079576 -0.226076 -0.958835 0.123815 0.255551 0.958835 0.123815 0.255551 0.970854 0.079576 -0.226076 0.578603 -0.240786 -0.779256 0 -0.267614 -0.963526 0.036142 -0.49126 -0.870263 0 0.267609 -0.963528 0.902717 0.005233 -0.430202 0.811106 -0.008271 -0.584841 0.896862 -0.356301 -0.262086 0.991646 0.004233 -0.128919 -0.032965 -0.001963 -0.999455 0.029615 0.214138 -0.976354 0.765488 0.129568 -0.63027 0.811106 -0.008271 -0.584841 0.988985 0.007634 -0.147822 0.896862 -0.356301 -0.262086 0.993999 0.002234 -0.109364 0.966004 0.257487 0.02318 0.992063 0.117984 0.043476 0.808523 0.564073 0.167667 0.645984 0.655654 0.390926 -0.022773 0.93297 0.359232 0.945972 0.169137 0.276638 0.70217 0.653665 0.282276 0.699883 0.201479 0.685252 0.426311 0.676213 0.600829 0.017583 0.246753 0.968919 -0.020302 0.75837 0.651508 -0.455671 0.659669 0.597663 -0.661957 0.146949 0.734996 -0.747925 0.612359 0.256174 -0.977796 0.085846 0.19117 -0.897675 0.434588 0.07289 -0.994458 0.001522 -0.105126 -0.790871 0.516773 0.327825 -0.999256 0.036953 -0.011003 -0.945912 -0.179564 0.270198 -0.991262 -0.105483 -0.079196 -0.999669 -0.020306 0.015797 -0.904265 -0.012325 -0.426794 -0.944299 -0.036404 0.327069 -0.803984 0.094559 -0.587085 -0.032965 -0.001963 -0.999455 0.029615 0.214138 -0.976354 -0.708705 0.302135 -0.637535 -0.972758 0.231582 -0.01057 -0.019756 0.965132 0.261017 0.905776 0.420347 -0.053653 0.584514 0.451659 -0.674054 -0.561582 -0.79948 -0.213209 -0.930399 -0.350938 -0.105826 0.713085 -0.674366 -0.19168 -0.41013 -0.879448 -0.241588 0.021555 -0.983787 -0.178039 0.000197 -1 -0.000128 -0.541451 -0.838804 -0.056908 0.000061 -1 0.000333 0.000051 -1 0.000103 0.000076 -1 0.00006 0.000069 -1 0.000344 0.000069 -1 0.000339 -0.076798 -0.000357 0.997047 -0.076893 -0.000866 0.997039 -0.944299 -0.036404 0.327069 -0.723461 0.002891 0.69036 0.000047 -1 -0.000556 0.00022 -1 -0.000832 -0.000052 -1 0.000924 -0.000189 -0.999998 0.001802 -0.000254 -0.999992 0.003885 0.180409 0.005978 -0.983574 -0.032965 -0.001963 -0.999455 -0.839883 0.00576 -0.542736 -0.904265 -0.012325 -0.426794 -0.977832 -0.187096 0.094015 -0.710585 -0.697761 0.090553 -0.843588 -0.345924 -0.410726 -0.8431 -0.161035 -0.513079 0.085084 -0.029421 -0.995939 0.627196 0.139276 -0.766308 0.957185 0.226754 -0.179946 0.69066 0.289408 0.662746 -0.109302 0.100902 0.988874 -0.759077 0.207105 0.617179 -0.989022 0.14292 0.037548 -0.987459 -0.156949 -0.017086 -0.844402 0.514077 -0.150698 -0.561828 -0.164543 -0.810725 -0.463185 0.68888 -0.557588 -0.710925 0.021339 -0.702944 0.945995 -0.270418 -0.178794 0.993999 0.002234 -0.109364 0.99697 0.02382 -0.074054 0.992063 0.117984 0.043476 0.998672 0.029719 0.042086 0.976304 0.008397 0.216242 0.945972 0.169137 0.276638 0.64029 -0.000692 0.768133 0.699883 0.201479 0.685252 0.017583 0.246753 0.968919 -0.133327 -0.000229 0.991072 -0.661957 0.146949 0.734996 -0.761782 -0.001232 0.647832 -0.977796 0.085846 0.19117 -0.976627 -0.002375 0.214929 -0.996974 -0.021994 -0.074554 -0.695775 -0.716368 -0.052093 -0.994458 0.001522 -0.105126 -0.991262 -0.105483 -0.079196 -0.945912 -0.179564 0.270198 -0.668609 -0.723911 -0.170043 -0.759527 -0.277319 -0.588399 -0.65274 -0.264597 -0.709872 -0.831493 -0.096636 -0.547065 -0.8431 -0.161035 -0.513079 -0.977832 -0.187096 0.094015 -0.504398 -0.306652 0.807185 0.391467 -0.003712 0.920185 0.918754 0.144614 0.367394 0.950865 0.193563 -0.241638 0.712302 -0.018106 -0.70164 0 -0.664872 -0.746958 -0.036142 -0.49126 -0.870263 0.199342 -0.448213 -0.871417 0.000006 -0.855223 -0.518261 -0.199342 -0.448213 -0.871417 -0.843588 -0.345924 -0.410726 -0.161134 -0.828383 -0.536486 -0.710585 -0.697761 0.090553 0.000001 -0.997732 0.067318 0.71059 -0.697755 0.09055 0.261501 -0.861481 -0.435278 0.843587 -0.345926 -0.410726 0.161148 -0.828381 -0.536485 -0.10262 -0.753605 0.649267 0.71059 -0.697755 0.09055 0.000001 -0.997732 0.067318 -0.710585 -0.697761 0.090553 0.668609 -0.723911 -0.170044 0.974826 -0.187263 0.121023 0.991263 -0.105483 -0.079196 0.561582 -0.79948 -0.213209 0.994458 0.001522 -0.105126 0.695775 -0.716368 -0.052094 0.761782 -0.001232 0.647832 0.976627 -0.002375 0.214929 0.977796 0.085846 0.19117 0.661957 0.146949 0.734996 0.133327 -0.000229 0.991072 -0.017583 0.246753 0.968919 -0.64029 -0.000692 0.768133 -0.699883 0.201479 0.685252 -0.945972 0.169137 0.276638 -0.976304 0.008397 0.216242 -0.992063 0.117984 0.043476 -0.998672 0.029719 0.042086 -0.945995 -0.270418 -0.178794 -0.896862 -0.356301 -0.262086 -0.993999 0.002234 -0.109364 0.839883 0.00576 -0.542736 0.904265 -0.012325 -0.426794 0.982347 -0.038209 0.183126 0.49502 0.001474 0.868881 0.032965 -0.001963 -0.999455 -0.180409 0.005979 -0.983574 0.076798 -0.000357 0.997047 0.076704 -0.000866 0.997054 0.930399 -0.350938 -0.105826 -0.713085 -0.674366 -0.19168 0.41013 -0.879448 -0.241588 -0.811106 -0.008271 -0.584841 -0.902717 0.005233 -0.430202 0.000189 -0.999998 0.001802 0.000254 -0.999992 0.003885 0.000052 -1 0.000923 -0.000047 -1 -0.000556 -0.00022 -1 -0.000832 -0.000061 -1 0.000333 -0.000069 -1 0.000339 -0.000069 -1 0.000344 -0.000076 -1 0.000059 -0.000051 -1 0.000103 0.541451 -0.838804 -0.056908 -0.000197 -1 -0.000128 -0.991646 0.004233 -0.128919 0.65274 -0.264597 -0.709872 0.801814 0.020175 -0.597233 -0.040301 0.345677 -0.937488 -0.564826 -0.182698 -0.804731 0.045781 -0.207706 -0.977119 -0.950865 0.193564 -0.241638 -0.802618 0.021128 0.596119 -0.450166 -0.16258 0.87802 -0.937389 0.144792 0.316762 -0.952746 0.124805 -0.276947 0.018269 0.682682 0.730487 -0.712302 -0.018106 -0.70164 -0.952746 0.124805 -0.276947 -0.578603 -0.240787 -0.779256 0.156254 -0.123867 -0.979919 0.199342 -0.448213 -0.871417 0.8431 -0.161036 -0.513079 0.843587 -0.345926 -0.410726 -0.450166 -0.16258 0.87802 -0.523459 -0.166311 0.835662 -0.937389 0.144792 0.316762 -0.958835 0.123815 0.255551 -0.970854 0.079576 -0.226076 0.65274 -0.264597 -0.709872 0.759527 -0.277319 -0.588399 0.710925 0.021338 -0.702944 0.708705 0.302135 -0.637535 0.972758 0.231582 -0.01057 0.790871 0.516773 0.327825 0.018269 0.682682 0.730487 -0.645985 0.655655 0.390921 -0.905776 0.420347 -0.053657 -0.584514 0.451659 -0.674054 -0.040301 0.345677 -0.937488 0.708705 0.302135 -0.637535 -0.040301 0.345677 -0.937488 -0.018266 0.682681 0.730489 0.040301 0.345677 -0.937488 0.040301 0.345677 -0.937488 0.952746 0.124805 -0.276947 0.578603 -0.240786 -0.779256 0.970854 0.079576 -0.226076 0.958835 0.123815 0.255551 0.937389 0.144791 0.316762 0.523459 -0.166311 0.835662 0.450166 -0.16258 0.87802 0.102614 -0.753605 0.649269 -0.504398 -0.306652 0.807185 -0.199342 -0.448213 -0.871417 -0.156254 -0.123867 -0.979919 0.712302 -0.018106 -0.70164 -0.710925 0.021339 -0.702944 -0.708705 0.302135 -0.637535 -0.972758 0.231582 -0.01057 -0.790871 0.516773 0.327825 -0.018266 0.682681 0.730489 0.645984 0.655654 0.390926 0.905776 0.420347 -0.053653 0.584514 0.451659 -0.674054 0.040301 0.345677 -0.937488 -0.708705 0.302135 -0.637535 0.952746 0.124805 -0.276947 0.937389 0.144791 0.316762 0.450166 -0.16258 0.87802 -0.261486 -0.861485 -0.43528 0.996974 -0.021994 -0.074554 -0.99697 0.02382 -0.074054 -0.021555 -0.983787 -0.178039 0.449068 0.147706 -0.881204 0.437903 0.01976 -0.898805 0.745118 0.057376 -0.66446 0.79364 0.184774 -0.57965 0.983535 0.068205 -0.167351 0.940625 0.085876 0.328404 0.995687 0.091125 0.017403 0.837213 0.14163 0.52822 0.902141 0.15714 0.401808 0.613424 0.180233 0.768913 0.542369 0.188879 0.818634 0.33968 0.193993 0.920318 0.347859 0.2128 0.913078 -0.000000 0.236449 0.971644 -0.33968 0.193993 0.920318 -0.347859 0.2128 0.913077 -0.613424 0.180233 0.768913 -0.837213 0.14163 0.528219 -0.90214 0.15714 0.401808 -0.995687 0.091125 0.017403 -0.988562 0.133739 -0.06971 -0.841111 0.08293 -0.534467 -0.875209 0.196226 0.442158 -0.536696 0.35266 0.766543 -0.186695 0.489203 0.851954 0 0.578988 0.815336 0.186695 0.489202 0.851954 0.536696 0.35266 0.766543 0.875209 0.196226 0.44216 0.841112 0.082928 -0.534465 0.988562 0.133737 -0.069709 0.481692 0.032301 -0.875745 0.210639 0.011166 -0.9775 0.205696 0.108121 -0.972625 -0.000000 0.067979 -0.997687 0.972483 0.226217 -0.055709 0.795569 0.145768 0.588067 0.740542 0.063165 0.669035 -0.542369 0.188879 0.818633 -0.658185 0.124824 0.742436 -0.940626 0.085876 0.328403 -0.740543 0.063165 0.669034 -0.988546 0.066784 -0.135341 -0.973901 0.207647 -0.091654 -0.782535 0.058523 -0.61985 -0.449068 0.147706 -0.881204 -0.437903 0.01976 -0.898805 -0.205696 0.108121 -0.972625 -0.210639 0.011166 -0.9775 0 0.008044 -0.999968 0.216113 0.014885 -0.976255 0.538877 0.126167 -0.832883 0.844096 0.149184 -0.51502 0.981821 0.161479 -0.099757 -0.15193 0.847748 0.508175 0.15193 0.847748 0.508175 -0.127979 0.572066 0.810162 -0.844093 0.149185 -0.515025 -0.481692 0.032305 -0.875745 -0.538879 0.126166 -0.832881 -0.216118 0.014888 -0.976254 0 0.011126 -0.999938 -0.196647 0.164639 -0.966553 0 0.23234 -0.972635 0.196637 0.164642 -0.966554 0.079228 0.457953 -0.885439 -0.079227 0.457953 -0.885439 -0.433077 0.338817 -0.835253 -0.96896 0.156379 -0.191474 -0.979558 0.154368 -0.128982 -0.748742 0.202525 -0.631165 0.152152 0.500641 -0.852179 0.647815 0.195255 -0.73635 0.748748 0.202522 -0.631159 0.708105 0.701901 -0.076956 0.979559 0.154363 -0.128984 0.773469 0.606513 -0.184083 0.403378 0.399376 -0.823277 0.316162 0.229065 -0.920636 -0.258043 0.356257 -0.898051 0.147769 0.629071 -0.763174 0.783051 0.234797 0.575935 0.787366 0.616017 0.02405 0.570331 0.399362 0.717797 0.503965 0.27106 0.820089 0.30811 0.630392 0.712513 -0.762107 0.646808 0.028862 -0.97531 0.118736 0.186206 -0.985588 0.166621 0.029232 -0.918136 0.164459 -0.360526 -0.225967 0.863478 -0.450938 0.240055 0.180935 -0.953748 -0.200774 0.869334 -0.451606 -0.299095 0.952604 -0.055572 -0.152893 0.986999 0.04956 -0.114979 0.944197 0.308661 0.074768 0.887933 0.453855 0.095933 0.63957 0.762724 0.311067 0.567803 0.762127 0.627191 -0.137952 0.766551 0.274296 0.344938 0.897652 0.565665 -0.387865 0.727725 0.361021 -0.322433 0.875044 0 -0.180691 0.98354 0.196055 0.3154 0.928485 0 0.317181 0.948365 -0.196056 0.3154 0.928485 -0.361021 -0.322432 0.875044 -0.274296 0.344939 0.897652 -0.565665 -0.387864 0.727726 -0.627191 -0.137951 0.766551 -0.311067 0.567803 0.762127 -0.095933 0.639569 0.762724 -0.074768 0.887933 0.453856 0.114979 0.944197 0.308661 0.152891 0.987 0.049549 0.299092 0.952604 -0.05558 0.225986 0.86346 -0.450963 0.200807 0.869333 -0.451594 -0.240024 0.18091 -0.953761 -0.107295 0.84975 -0.516152 -0.27485 0.113156 -0.954805 0.192803 -0.217909 -0.956736 0 -0.450965 -0.892542 0 0.495922 -0.868367 0.606107 -0.345327 -0.716508 0.622348 0.185256 -0.760502 0.653078 -0.657914 -0.375018 0.942477 0.195653 -0.27103 0.704517 0.0035 -0.709678 0.538938 0.377694 -0.752923 0.880497 0.444288 -0.165331 0.373854 0.926354 -0.045853 0.6764 0.626022 0.388046 0.943038 0.226466 0.243705 0.851216 0.040196 0.523275 0.858892 -0.505836 0.08022 0.949711 -0.308704 -0.052451 0.773567 -0.496596 0.393684 0.668714 -0.743024 -0.027149 0.665771 -0.665853 0.336732 0.433798 -0.738066 0.516795 0 -0.828083 0.560606 0 -0.180691 0.98354 -0.433798 -0.738066 0.516795 -0.665772 -0.665853 0.336731 -0.773597 -0.496629 0.393584 -0.851258 0.040165 0.523207 -0.668712 -0.743022 -0.027242 -0.949693 -0.308754 -0.052479 -0.858883 -0.50587 0.080103 -0.943065 0.226433 0.243634 -0.676464 0.625975 0.388011 -0.880503 0.444251 -0.165394 -0.373866 0.926347 -0.045881 -0.538891 0.377675 -0.752966 -0.704482 0.003448 -0.709713 -0.942473 0.195607 -0.271077 -0.606074 -0.34536 -0.71652 -0.622299 0.18524 -0.760545 -0.653051 -0.657941 -0.375018 -0.371049 -0.600616 -0.708226 0.000000 -0.726158 -0.687528 -0.134065 -0.722259 -0.678505 0.134065 -0.722259 -0.678505 0.371049 -0.600616 -0.708226 0.021476 0.998782 -0.044424 -0.021476 0.998782 -0.044424 0.162621 0.763852 0.624567 0.15763 0.634605 0.756591 0 0.524262 0.851557 -0.162621 0.763852 0.624568 0.192613 -0.715875 0.671136 0.134605 -0.501197 0.8548 0.140932 -0.500241 0.85434 0.242452 -0.875678 0.417618 0.184739 -0.965594 -0.183031 0.428806 -0.895525 0.118997 0.237798 -0.965335 -0.107608 0.61355 -0.728577 -0.304519 0.561755 -0.750541 -0.348022 0.597522 -0.747309 -0.290684 -0.014817 -0.652751 -0.757427 0.343373 -0.853067 -0.392901 0.103919 -0.785121 -0.610562 0.007334 -0.413156 -0.910631 -0.098818 -0.413551 -0.905103 0.074768 0.887933 0.453855 0.6764 0.626022 0.388046 0.373854 0.926354 -0.045853 -0.152893 0.986999 0.04956 -0.225967 0.863478 -0.450938 0.373854 0.926354 -0.045853 0.361201 0.681294 -0.636689 0.311067 0.567803 0.762127 0.851216 0.040196 0.523275 0.6764 0.626022 0.388046 0.074768 0.887933 0.453855 0.311067 0.567803 0.762127 0.627191 -0.137952 0.766551 0.712739 0.665188 -0.22255 0.403378 0.399376 -0.823277 0.147769 0.629071 -0.763174 -0.496464 0.85887 -0.125959 0.645442 0.7415 -0.183254 -0.99429 -0.10282 0.028554 -0.960057 -0.225059 0.16625 -0.988372 0.090074 -0.122503 -0.98757 0.10812 -0.114089 -0.980359 0.116291 0.159288 -0.97132 -0.209689 -0.112105 0.665591 0.745406 0.036863 -0.480574 0.870681 0.104704 0.30811 0.630392 0.712513 0.756359 0.652077 0.052118 0.570331 0.399362 0.717797 -0.225967 0.863478 -0.450938 0.538938 0.377694 -0.752923 0.240055 0.180935 -0.953748 -0.756359 0.652078 0.052118 -0.57033 0.399362 0.717798 -0.308109 0.630392 0.712513 0.480574 0.870681 0.104705 -0.66559 0.745407 0.036863 0.99429 -0.10282 0.028554 0.97132 -0.209689 -0.112105 0.97531 0.118735 0.186205 0.985588 0.166621 0.029231 0.980359 0.116291 0.159288 0.762107 0.646807 0.028861 0.261047 0.705666 0.658704 0.98757 0.10812 -0.114088 0.988372 0.090075 -0.122503 0.960057 -0.225059 0.16625 -0.645441 0.741501 -0.183255 0.496464 0.85887 -0.125959 -0.147766 0.629071 -0.763175 -0.712738 0.665189 -0.22255 -0.403376 0.399376 -0.823278 -0.240024 0.18091 -0.953761 -0.538891 0.377675 -0.752966 0.225986 0.86346 -0.450963 -0.403376 0.399376 -0.823278 -0.147766 0.629071 -0.763175 0.258043 0.356257 -0.89805 -0.647815 0.195255 -0.73635 -0.15215 0.500641 -0.852179 -0.316161 0.229066 -0.920637 -0.773468 0.606515 -0.184083 -0.708104 0.701902 -0.076956 -0.503965 0.27106 0.820089 -0.308109 0.630392 0.712513 -0.57033 0.399362 0.717798 -0.783051 0.234798 0.575935 -0.875496 0.226922 0.42663 -0.787365 0.616018 0.024051 -0.503965 0.27106 0.820089 -0.300274 0.53852 0.787294 -0.140993 -0.500231 0.854336 -0.134605 -0.501197 0.8548 -0.19265 -0.715868 0.671133 -0.242496 -0.875659 0.417632 -0.428824 -0.895516 0.119004 -0.184726 -0.965603 -0.182996 -0.237788 -0.965345 -0.107548 -0.561738 -0.750567 -0.347994 -0.613519 -0.728615 -0.304491 -0.597493 -0.747306 -0.29075 -0.343348 -0.853055 -0.39295 0.014832 -0.652749 -0.757429 -0.007286 -0.413158 -0.91063 -0.103879 -0.785138 -0.610547 0.098817 -0.413551 -0.905103 -0.627191 -0.137951 0.766551 -0.311067 0.567803 0.762127 -0.851258 0.040165 0.523207 -0.676464 0.625975 0.388011 -0.311067 0.567803 0.762127 -0.074768 0.887933 0.453856 0.225986 0.86346 -0.450963 -0.361156 0.681285 -0.636723 -0.373866 0.926347 -0.045881 0.152891 0.987 0.049549 -0.074768 0.887933 0.453856 -0.373866 0.926347 -0.045881 -0.676464 0.625975 0.388011 0 0.227323 0.973819 -0.000000 0.364109 -0.931356 -0.215798 0.453335 -0.864823 -0.752473 0.208341 -0.624802 -0.421499 0.534741 -0.732388 -0.612831 0.665403 -0.426236 -0.795568 0.145768 0.588067 -0.59479 0.697375 0.399866 -0.49533 0.039708 0.867797 -0.377626 0.529135 0.759878 -0.259856 0.316397 0.912342 -0.294642 -0.027254 0.955219 0 -0.032572 0.999469 -0.302961 -0.17395 0.936993 0.000000 -0.191493 0.981494 0.000000 -0.218316 0.975878 0.302961 -0.173951 0.936993 0.28858 -0.123298 0.949484 0.495331 0.039708 0.867797 0.259855 0.316398 0.912342 0.377626 0.529135 0.759878 0.594791 0.697375 0.399865 0.612831 0.665403 -0.426236 0.421499 0.534741 -0.732387 0.215798 0.453335 -0.864823 -0.000000 0.553998 0.832518 0.641207 -0.024573 0.766974 0.679253 0.027654 0.733383 0.658184 0.124824 0.742437 0.589763 0.121905 0.798323 0.438799 0.201327 0.875741 0.426785 0.170193 0.888194 0.303911 0.244477 0.920798 -0.000000 0.253469 0.967344 -0.296239 0.249667 0.921905 -0.000000 0.317651 0.948208 -0.303911 0.244477 0.920798 -0.438799 0.201327 0.875741 -0.679241 0.027648 0.733394 -0.589765 0.121905 0.798321 -0.641191 -0.024556 0.766989 -0.606752 -0.054019 0.793053 -0.455445 -0.056238 0.888486 -0.450968 -0.097105 0.887242 0.875499 0.226925 0.426622 0.12798 0.572066 0.810162 0.300275 0.53852 0.787293 -0.000000 0.861874 0.507123 -0.981823 0.16147 -0.099752 0.000000 0.522508 -0.852635 -0.805807 0.186729 -0.561967 0.020754 0.528587 -0.848625 0.187105 0.832472 -0.521519 0.000001 0.838239 -0.545303 -0.187104 0.832472 -0.521519 -0.020752 0.528587 -0.848625 0.433073 0.338823 -0.835253 0.80581 0.186735 -0.561961 0.968959 0.156383 -0.191477 -0.377336 0.926055 0.006254 -0.15193 0.847748 0.508175 0.12798 0.572066 0.810162 -0.261046 0.705666 0.658704 -0.382975 0.665981 -0.640156 -0.187104 0.832472 -0.521519 -0.020752 0.528587 -0.848625 -0.000000 0.999996 0.002722 -0.000000 0.861874 0.507123 0.15193 0.847748 0.508175 0.377335 0.926056 0.006254 0.187105 0.832472 -0.521519 0.000001 0.838239 -0.545303 0.27485 0.113156 -0.954805 0.182379 0.529272 -0.828619 0.268031 0.698963 -0.663031 0.107296 0.84975 -0.516152 -0.268031 0.698963 -0.663031 -0.182379 0.529272 -0.828619 -0.192802 -0.217909 -0.956736 -0.478212 0.874856 -0.077066 -0.612831 0.665403 -0.426236 -0.421499 0.534741 -0.732388 -0.215798 0.453335 -0.864823 0.215798 0.453335 -0.864823 0.421499 0.534741 -0.732387 0.612831 0.665403 -0.426236 0.478213 0.874856 -0.077066 0.097807 0.965129 0.242816 0.594791 0.697375 0.399865 0.377626 0.529135 0.759878 0.259855 0.316398 0.912342 -0.000000 0.553998 0.832518 -0.157631 0.634605 0.756591 -0.259856 0.316397 0.912342 -0.377626 0.529135 0.759878 -0.097807 0.965129 0.242816 -0.59479 0.697375 0.399866 0.503965 0.27106 0.820089 -0.69319 0.031776 0.720054 -0.579467 -0.081752 0.810885 -0.632679 0.051401 0.772707 -0.56182 0.174923 0.808555 -0.439601 0.078907 0.894721 -0.414992 0.207842 0.885767 0 0.050371 0.998731 0 0.26926 0.963067 -0.291512 0.125256 0.948331 -0.29384 -0.108297 0.9497 0 -0.136344 0.990662 0.29384 -0.108298 0.9497 0.291513 0.125256 0.948331 0.301069 0.259663 0.917569 0.693166 0.031811 0.720075 0.561818 0.174923 0.808556 0.632678 0.051401 0.772708 0.579425 -0.081682 0.810922 0.4396 0.078907 0.894721 0.435143 -0.093119 0.895533 0.606721 -0.05396 0.793082 0.455444 -0.056256 0.888485 0.450944 -0.097065 0.887259 0.29384 -0.108298 0.9497 0 -0.136344 0.990662 0.000000 -0.218316 0.975878 0.302961 -0.173951 0.936993 0.693166 0.031811 0.720075 0.579425 -0.081682 0.810922 0.606721 -0.05396 0.793082 0.679253 0.027654 0.733383 0.589763 0.121905 0.798323 0.561818 0.174923 0.808556 0.426785 0.170193 0.888194 0.414991 0.207842 0.885768 -0.301069 0.259663 0.917569 0 0.26926 0.963067 -0.000000 0.317651 0.948208 -0.296239 0.249667 0.921905 -0.69319 0.031776 0.720054 -0.56182 0.174923 0.808555 -0.589765 0.121905 0.798321 -0.679241 0.027648 0.733394 -0.606752 -0.054019 0.793053 -0.579467 -0.081752 0.810885 -0.450968 -0.097105 0.887242 -0.43514 -0.093119 0.895535 -0.127979 0.572066 0.810162 0.020754 0.528587 -0.848625 0.918136 0.164459 -0.360526 0.382977 0.66598 -0.640156 -0.478212 0.874856 -0.077066 -0.288581 -0.123298 0.949484 0.294642 -0.027254 0.955219 0.478213 0.874856 -0.077066 0.296238 0.249667 0.921905 -0.426786 0.170193 0.888194 -0.000000 0.364109 -0.931356 -0.43514 -0.093119 0.895535 -0.301069 0.259663 0.917569 0.414991 0.207842 0.885768 -0.29384 -0.108297 0.9497 -0.302961 -0.17395 0.936993 0.435143 -0.093119 0.895533 0.450944 -0.097065 0.887259 0.296238 0.249667 0.921905 0.301069 0.259663 0.917569 -0.414992 0.207842 0.885767 -0.426786 0.170193 0.888194 0.89082 0.307904 0.334119 0.923086 -0.000589 0.384594 0.923082 -0.000599 0.384602 0.890816 0.307902 0.334131 0.864808 -0.307223 0.397141 0.722405 -0.583515 0.371001 0.722401 -0.583525 0.370993 0.864809 -0.307221 0.397141 -0.382121 0.11015 0.917524 -0.378434 0.108856 0.919205 -0.382205 0.110166 0.917487 -0.378273 0.111398 0.918967 -0.381362 0.110198 0.917834 -0.382129 0.110151 0.917521 -0.382937 0.110439 0.917149 -0.382311 0.110179 0.917441 -0.864822 0.307234 -0.397102 -0.923118 0.000728 -0.384515 -0.923098 0.000732 -0.384564 -0.864818 0.307225 -0.397117 0.923082 -0.000599 0.384602 0.923086 -0.000589 0.384594 0.864808 -0.307223 0.397141 0.864809 -0.307221 0.397141 0.772623 0.582765 0.25187 0.772627 0.582764 0.251861 0.89082 0.307904 0.334119 0.890816 0.307902 0.334131 -0.383024 0.109953 0.917171 -0.382317 0.110168 0.91744 -0.381362 0.110198 0.917834 -0.382311 0.110179 0.917441 -0.382173 0.11023 0.917493 -0.379905 0.106739 0.918847 -0.923098 0.000732 -0.384564 -0.923118 0.000728 -0.384515 -0.890808 -0.308002 -0.334061 -0.890787 -0.308001 -0.334117 -0.382128 0.110023 0.917537 -0.379567 0.113573 0.918167 0.772623 0.582765 0.25187 0.57583 0.804927 0.143226 0.575833 0.804926 0.143216 0.772627 0.582764 0.251861 -0.383024 0.109953 0.917171 -0.382159 0.110306 0.91749 -0.381434 0.110834 0.917727 -0.382317 0.110168 0.91744 -0.890808 -0.308002 -0.334061 -0.77279 -0.582511 -0.251945 -0.772776 -0.582519 -0.251972 -0.890787 -0.308001 -0.334117 -0.382937 0.110439 0.917149 -0.382129 0.110151 0.917521 -0.38153 0.109606 0.917835 -0.382298 0.110237 0.91744 0.722401 -0.583525 0.370993 0.722405 -0.583515 0.371001 0.507584 -0.804649 0.308055 0.507588 -0.804652 0.308042 -0.382043 0.1101 0.917563 -0.38188 0.114495 0.917093 -0.722481 0.583401 -0.371032 -0.722483 0.583412 -0.371011 -0.864822 0.307234 -0.397102 -0.864818 0.307225 -0.397117 -0.382101 0.110212 0.917525 -0.382203 0.105825 0.917999 -0.382659 0.109657 0.917359 -0.382178 0.110345 0.917477 -0.381434 0.110834 0.917727 -0.382159 0.110306 0.91749 -0.772776 -0.582519 -0.251972 -0.77279 -0.582511 -0.251945 -0.575658 -0.805076 -0.143078 -0.575623 -0.805093 -0.143124 -0.382699 0.110837 0.917201 -0.382298 0.110237 0.91744 -0.38153 0.109606 0.917835 -0.382246 0.110123 0.917475 -0.507438 0.804719 -0.308113 -0.722483 0.583412 -0.371011 -0.722481 0.583401 -0.371032 -0.507436 0.804711 -0.308137 0.327446 0.944591 0.022965 0.327458 0.944586 0.022971 0.575833 0.804926 0.143216 0.57583 0.804927 0.143226 -0.381991 0.110113 0.917583 -0.384575 0.106579 0.91692 0.24668 -0.944676 0.216187 0.507588 -0.804652 0.308042 0.507584 -0.804649 0.308055 0.246678 -0.944673 0.216201 -0.382059 0.110228 0.917541 -0.38432 0.113731 0.916168 -0.382659 0.109657 0.917359 -0.382186 0.110333 0.917475 -0.381915 0.111207 0.917482 -0.382178 0.110345 0.917477 -0.575658 -0.805076 -0.143078 -0.327866 -0.944446 -0.022944 -0.327827 -0.944456 -0.023058 -0.575623 -0.805093 -0.143124 -0.382699 0.110837 0.917201 -0.382246 0.110123 0.917475 -0.382022 0.109197 0.917679 -0.382283 0.110192 0.917452 -0.246946 0.944549 -0.216435 -0.24695 0.944546 -0.216443 -0.507438 0.804719 -0.308113 -0.507436 0.804711 -0.308137 -0.382121 0.110076 0.917533 -0.386059 0.108792 0.916037 -0.382167 0.110233 0.917495 -0.385956 0.111499 0.915754 0.327446 0.944591 0.022965 0.040922 0.993908 -0.102336 0.040918 0.993909 -0.102326 0.327458 0.944586 0.022971 -0.38222 0.110117 0.917487 0.24668 -0.944676 0.216187 0.246678 -0.944673 0.216201 -0.043743 -0.993912 0.101118 -0.043739 -0.993914 0.101103 -0.327827 -0.944456 -0.023058 -0.327866 -0.944446 -0.022944 -0.04067 -0.993905 0.10246 -0.040618 -0.99392 0.102336 -0.382319 0.109339 0.917539 -0.382318 0.110087 0.91745 -0.381915 0.111207 0.917482 -0.382186 0.110333 0.917475 0.044045 0.993895 -0.101155 -0.24695 0.944546 -0.216443 -0.246946 0.944549 -0.216435 0.044022 0.993899 -0.101125 -0.382234 0.110931 0.917383 -0.382283 0.110192 0.917452 -0.382022 0.109197 0.917679 -0.382279 0.110016 0.917475 -0.243364 0.945813 -0.214972 -0.243367 0.945814 -0.214962 0.040918 0.993909 -0.102326 0.040922 0.993908 -0.102336 -0.04067 -0.993905 0.10246 0.242998 -0.945908 0.214963 0.24305 -0.9459 0.214942 -0.040618 -0.99392 0.102336 -0.323659 -0.945935 -0.02124 -0.043739 -0.993914 0.101103 -0.043743 -0.993912 0.101118 -0.323669 -0.945932 -0.021231 -0.382319 0.109339 0.917539 -0.382289 0.110194 0.917449 -0.382515 0.111102 0.917245 -0.382318 0.110087 0.91745 0.323384 0.946036 0.020941 0.323404 0.94603 0.020899 0.044045 0.993895 -0.101155 0.044022 0.993899 -0.101125 -0.382234 0.110931 0.917383 -0.382279 0.110016 0.917475 -0.382591 0.109236 0.917437 -0.382244 0.110169 0.917471 -0.243364 0.945813 -0.214972 -0.509139 0.803459 -0.308596 -0.509142 0.80346 -0.308587 -0.243367 0.945814 -0.214962 0.24305 -0.9459 0.214942 0.242998 -0.945908 0.214963 0.509247 -0.803345 0.308713 0.509173 -0.803352 0.308818 -0.38183 0.109507 0.917722 -0.382293 0.110194 0.917447 -0.382515 0.111102 0.917245 -0.382289 0.110194 0.917449 -0.323659 -0.945935 -0.02124 -0.323669 -0.945932 -0.021231 -0.577961 -0.803202 -0.144317 -0.577977 -0.80319 -0.14432 0.578249 0.803 0.144288 0.323404 0.94603 0.020899 0.323384 0.946036 0.020941 0.578239 0.803001 0.144324 -0.381768 0.110902 0.917581 -0.382244 0.110169 0.917471 -0.382591 0.109236 0.917437 -0.382223 0.110274 0.917467 0.509247 -0.803345 0.308713 0.721467 -0.584918 0.370617 0.721395 -0.58491 0.370769 0.509173 -0.803352 0.308818 -0.721479 0.584803 -0.370774 -0.721483 0.5848 -0.370772 -0.509142 0.80346 -0.308587 -0.509139 0.803459 -0.308596 0.770786 0.585728 0.250624 0.7708 0.585729 0.250577 0.578249 0.803 0.144288 0.578239 0.803001 0.144324 -0.381768 0.110902 0.917581 -0.382223 0.110274 0.917467 -0.383019 0.10963 0.917212 -0.382299 0.110179 0.917446 -0.38183 0.109507 0.917722 -0.382174 0.110139 0.917503 -0.382925 0.110731 0.917119 -0.382293 0.110194 0.917447 -0.77087 -0.585529 -0.250831 -0.577977 -0.80319 -0.14432 -0.577961 -0.803202 -0.144317 -0.770858 -0.585546 -0.250828 0.721395 -0.58491 0.370769 0.721467 -0.584918 0.370617 0.864855 -0.306996 0.397216 0.864831 -0.306961 0.397294 -0.381449 0.109912 0.917833 -0.382186 0.110172 0.917495 -0.382925 0.110731 0.917119 -0.382174 0.110139 0.917503 0.891309 0.30608 0.334491 0.7708 0.585729 0.250577 0.770786 0.585728 0.250624 0.891318 0.306048 0.334495 -0.721479 0.584803 -0.370774 -0.86487 0.307047 -0.397141 -0.864868 0.307051 -0.397144 -0.721483 0.5848 -0.370772 0.864855 -0.306996 0.397216 0.923098 0.000647 0.384564 0.923105 0.000622 0.384547 0.864831 -0.306961 0.397294 -0.77087 -0.585529 -0.250831 -0.770858 -0.585546 -0.250828 -0.891242 -0.306254 -0.33451 -0.891234 -0.306264 -0.334522 0.923105 0.000622 0.384547 0.923098 0.000647 0.384564 0.891309 0.30608 0.334491 0.891318 0.306048 0.334495 -0.381496 0.11047 0.917746 -0.382262 0.110238 0.917455 -0.383099 0.110205 0.91711 -0.382156 0.110196 0.917504 -0.381496 0.11047 0.917746 -0.382299 0.110179 0.917446 -0.383019 0.10963 0.917212 -0.382262 0.110238 0.917455 -0.923129 -0.000502 -0.384489 -0.923131 -0.000481 -0.384485 -0.864868 0.307051 -0.397144 -0.86487 0.307047 -0.397141 -0.923129 -0.000502 -0.384489 -0.891234 -0.306264 -0.334522 -0.891242 -0.306254 -0.33451 -0.923131 -0.000481 -0.384485 -0.381449 0.109912 0.917833 -0.382156 0.110196 0.917504 -0.383099 0.110205 0.91711 -0.382186 0.110172 0.917495 -0.891309 0.306078 0.33449 -0.923097 0.000648 0.384567 -0.923105 0.000621 0.384548 -0.891319 0.306047 0.334493 0.383099 0.110205 0.917109 0.382261 0.110238 0.917455 0.381495 0.11047 0.917746 0.382155 0.110196 0.917504 0.381449 0.109912 0.917832 0.382187 0.110172 0.917494 0.383099 0.110205 0.917109 0.382155 0.110196 0.917504 -0.923105 0.000621 0.384548 -0.923097 0.000648 0.384567 -0.864857 -0.306993 0.397213 -0.864832 -0.30696 0.397292 0.923129 -0.000502 -0.38449 0.923132 -0.000482 -0.384484 0.89124 -0.306256 -0.334512 0.891232 -0.306266 -0.334524 0.864868 0.307051 -0.397143 0.923132 -0.000482 -0.384484 0.923129 -0.000502 -0.38449 0.864869 0.307048 -0.397143 0.381495 0.11047 0.917746 0.382261 0.110238 0.917455 0.383017 0.10963 0.917213 0.382298 0.110179 0.917447 -0.770785 0.585728 0.250623 -0.770802 0.585727 0.250575 -0.891309 0.306078 0.33449 -0.891319 0.306047 0.334493 0.89124 -0.306256 -0.334512 0.770855 -0.585548 -0.250828 0.770867 -0.585532 -0.250832 0.891232 -0.306266 -0.334524 0.382924 0.110731 0.917119 0.382187 0.110172 0.917494 0.381449 0.109912 0.917832 0.382174 0.110139 0.917503 0.721479 0.584804 -0.370774 0.721485 0.584799 -0.37077 0.864868 0.307051 -0.397143 0.864869 0.307048 -0.397143 -0.721399 -0.584907 0.370767 -0.864832 -0.30696 0.397292 -0.864857 -0.306993 0.397213 -0.721473 -0.584913 0.370613 0.383017 0.10963 0.917213 0.382223 0.110275 0.917467 0.381767 0.110902 0.917581 0.382298 0.110179 0.917447 0.770867 -0.585532 -0.250832 0.770855 -0.585548 -0.250828 0.577961 -0.803202 -0.144317 0.577974 -0.803192 -0.144321 0.38183 0.109507 0.917722 0.382293 0.110194 0.917447 0.382924 0.110731 0.917119 0.382174 0.110139 0.917503 -0.721399 -0.584907 0.370767 -0.721473 -0.584913 0.370613 -0.509249 -0.803344 0.308713 -0.509174 -0.803352 0.308818 -0.770785 0.585728 0.250623 -0.578233 0.803005 0.144324 -0.578247 0.803001 0.144288 -0.770802 0.585727 0.250575 0.509141 0.803461 -0.308587 0.721485 0.584799 -0.37077 0.721479 0.584804 -0.370774 0.509138 0.803459 -0.308597 0.381767 0.110902 0.917581 0.382223 0.110275 0.917467 0.382591 0.109236 0.917438 0.382243 0.110168 0.917471 -0.323393 0.946033 0.020941 -0.323414 0.946027 0.020899 -0.578247 0.803001 0.144288 -0.578233 0.803005 0.144324 0.577961 -0.803202 -0.144317 0.32368 -0.945929 -0.021231 0.323664 -0.945934 -0.02124 0.577974 -0.803192 -0.144321 0.382512 0.111102 0.917246 0.382293 0.110194 0.917447 0.38183 0.109507 0.917722 0.382285 0.110194 0.917451 -0.243052 -0.945899 0.214942 -0.509174 -0.803352 0.308818 -0.509249 -0.803344 0.308713 -0.243003 -0.945907 0.214963 0.243365 0.945812 -0.214972 0.243369 0.945813 -0.214962 0.509141 0.803461 -0.308587 0.509138 0.803459 -0.308597 0.382591 0.109236 0.917438 0.382275 0.110017 0.917476 0.382232 0.110931 0.917384 0.382243 0.110168 0.917471 -0.323393 0.946033 0.020941 -0.044029 0.993899 -0.101125 -0.044056 0.993895 -0.101155 -0.323414 0.946027 0.020899 0.382316 0.109339 0.91754 0.382315 0.110088 0.917451 0.382512 0.111102 0.917246 0.382285 0.110194 0.917451 -0.243052 -0.945899 0.214942 -0.243003 -0.945907 0.214963 0.04066 -0.993906 0.10246 0.040613 -0.993921 0.102336 0.323664 -0.945934 -0.02124 0.32368 -0.945929 -0.021231 0.043749 -0.993912 0.101118 0.043741 -0.993914 0.101103 -0.04092 0.993909 -0.102326 0.243369 0.945813 -0.214962 0.243365 0.945812 -0.214972 -0.040922 0.993908 -0.102336 0.382232 0.110931 0.917384 0.382275 0.110017 0.917476 0.38202 0.109198 0.91768 0.382283 0.110192 0.917452 0.246949 0.944549 -0.216435 0.246952 0.944546 -0.216443 -0.044056 0.993895 -0.101155 -0.044029 0.993899 -0.101125 0.381912 0.111208 0.917483 0.382315 0.110088 0.917451 0.382316 0.109339 0.91754 0.382188 0.110334 0.917474 0.327817 -0.94446 -0.023058 0.040613 -0.993921 0.102336 0.04066 -0.993906 0.10246 0.327854 -0.94445 -0.022945 0.043749 -0.993912 0.101118 -0.246676 -0.944673 0.216201 -0.246678 -0.944676 0.216187 0.043741 -0.993914 0.101103 0.382221 0.110117 0.917487 0.385956 0.111499 0.915755 0.382121 0.11015 0.917524 0.38606 0.108792 0.916036 -0.32745 0.944589 0.022965 -0.327465 0.944584 0.022971 -0.04092 0.993909 -0.102326 -0.040922 0.993908 -0.102336 0.382124 0.110076 0.917532 0.384576 0.106579 0.91692 0.246949 0.944549 -0.216435 0.50744 0.804709 -0.308136 0.507445 0.804716 -0.308112 0.246952 0.944546 -0.216443 0.38202 0.109198 0.91768 0.382246 0.110123 0.917475 0.382699 0.110837 0.917201 0.382283 0.110192 0.917452 0.382166 0.110233 0.917496 0.384319 0.113731 0.916168 0.327817 -0.94446 -0.023058 0.327854 -0.94445 -0.022945 0.575656 -0.805077 -0.143078 0.575623 -0.805093 -0.143124 0.38199 0.110113 0.917583 0.382203 0.105825 0.917999 0.382657 0.109658 0.91736 0.382173 0.110346 0.917479 0.381912 0.111208 0.917483 0.382188 0.110334 0.917474 -0.246678 -0.944676 0.216187 -0.246676 -0.944673 0.216201 -0.507582 -0.80465 0.308055 -0.507588 -0.804652 0.308042 0.382059 0.110228 0.917541 0.38188 0.114495 0.917092 -0.575832 0.804927 0.143216 -0.327465 0.944584 0.022971 -0.32745 0.944589 0.022965 -0.575827 0.804929 0.143226 0.722482 0.5834 -0.371031 0.722484 0.583411 -0.37101 0.507445 0.804716 -0.308112 0.50744 0.804709 -0.308136 0.382699 0.110837 0.917201 0.382246 0.110123 0.917475 0.381532 0.109606 0.917835 0.382298 0.110237 0.91744 0.382102 0.110212 0.917524 0.379906 0.106739 0.918846 0.772775 -0.582519 -0.251972 0.575623 -0.805093 -0.143124 0.575656 -0.805077 -0.143078 0.77279 -0.582511 -0.251945 0.381438 0.110834 0.917726 0.382173 0.110346 0.917479 0.382657 0.109658 0.91736 0.382161 0.110306 0.917489 0.722482 0.5834 -0.371031 0.864818 0.307225 -0.397117 0.864823 0.307234 -0.397101 0.722484 0.583411 -0.37101 0.381532 0.109606 0.917835 0.382131 0.110152 0.91752 0.382938 0.110439 0.917149 0.382298 0.110237 0.91744 -0.507582 -0.80465 0.308055 -0.722402 -0.583518 0.371002 -0.7224 -0.583526 0.370993 -0.507588 -0.804652 0.308042 0.772775 -0.582519 -0.251972 0.77279 -0.582511 -0.251945 0.890807 -0.308003 -0.334062 0.890785 -0.308003 -0.334119 0.383025 0.109953 0.917171 0.382318 0.110168 0.91744 0.381438 0.110834 0.917726 0.382161 0.110306 0.917489 -0.772622 0.582766 0.251871 -0.772627 0.582763 0.251861 -0.575832 0.804927 0.143216 -0.575827 0.804929 0.143226 0.379567 0.113573 0.918167 0.382128 0.110023 0.917536 0.378275 0.111398 0.918966 0.923098 0.000731 -0.384564 0.923119 0.000727 -0.384513 0.864823 0.307234 -0.397101 0.864818 0.307225 -0.397117 0.923098 0.000731 -0.384564 0.890785 -0.308003 -0.334119 0.890807 -0.308003 -0.334062 0.923119 0.000727 -0.384513 0.381361 0.110198 0.917835 0.382318 0.110168 0.91744 0.383025 0.109953 0.917171 0.382311 0.110179 0.917441 0.382938 0.110439 0.917149 0.382131 0.110152 0.91752 0.381361 0.110198 0.917835 0.382311 0.110179 0.917441 0.382208 0.110166 0.917486 0.378435 0.108856 0.919205 -0.7224 -0.583526 0.370993 -0.722402 -0.583518 0.371002 -0.864808 -0.307223 0.397141 -0.864809 -0.307221 0.397141 -0.89082 0.307903 0.334118 -0.772627 0.582763 0.251861 -0.772622 0.582766 0.251871 -0.890816 0.307902 0.334132 -0.864808 -0.307223 0.397141 -0.923087 -0.00059 0.384592 -0.923082 -0.000599 0.384602 -0.864809 -0.307221 0.397141 -0.923082 -0.000599 0.384602 -0.923087 -0.00059 0.384592 -0.89082 0.307903 0.334118 -0.890816 0.307902 0.334132 0.382044 0.1101 0.917562 0.382172 0.11023 0.917493 0.38963 0.124901 0.912463 0.585703 0.080761 0.806492 0.55533 0.111532 0.824117 0.391523 0.137252 0.909874 0.643963 0.088794 0.759886 0.27052 0.142042 0.952178 0.282139 0.091794 0.954972 0.282139 0.091794 0.954972 0.301994 0.062382 0.951267 0.316957 -0.051626 0.947034 -0.282138 0.091794 0.954972 -0.316957 -0.051627 0.947034 -0.301992 0.062382 0.951267 -0.270516 0.142042 0.952179 -0.389628 0.124901 0.912464 -0.282138 0.091794 0.954972 -0.391519 0.137252 0.909876 -0.55533 0.111532 0.824117 -0.585703 0.080761 0.806492 -0.643962 0.088795 0.759887 -0.043572 0.725914 -0.686404 -0.019047 0.872627 -0.488015 0.456198 0.112985 -0.882676 0.198349 0.092651 -0.975743 -0.051794 -0.015377 -0.998539 -0.480712 0.544035 -0.687708 -0.833412 0.478923 0.275786 -0.460352 0.887444 -0.022764 -0.164642 0.592582 -0.788504 -0.27017 0.789722 -0.550769 -0.386221 0.922368 -0.008377 -0.50578 0.862638 0.006517 -0.033513 -0.084481 -0.995861 -0.402711 0.658289 -0.635987 -0.226776 0.856578 -0.463515 -0.282836 0.953163 -0.107164 -0.267112 0.96321 -0.029628 -0.311767 0.949355 -0.039078 -0.287744 0.956528 0.047517 -0.106261 0.965983 0.235764 0.104855 0.872544 0.477151 0.385741 0.470442 0.793655 0.575161 0.180029 0.797984 0.184148 0.715015 0.674421 0.631452 0.068966 0.772342 0.575797 0.005566 0.817574 0.030706 0.660554 0.750151 -0.038744 0.652686 0.756637 0.518936 -0.059377 0.852748 0.121149 0.608943 0.783908 0.689872 -0.086959 0.71869 0.236331 0.50588 0.829598 0.673647 -0.214488 0.707245 0.149258 0.073728 0.986046 -0.476424 0.309302 0.823014 -0.679719 0.619282 0.39303 -0.962046 -0.15782 -0.222621 -0.857217 -0.360062 0.36815 -0.754481 0.647237 0.108827 -0.793878 -0.181498 -0.580358 -0.82183 0.516147 -0.241222 -0.718256 -0.241123 -0.652662 -0.749736 0.543748 0.377139 -0.468032 -0.157178 0.869621 -0.920774 -0.374096 -0.110576 -0.429887 0.825535 0.365635 -0.410228 0.55681 0.722271 -0.072868 -0.295254 0.952636 -0.03518 -0.05942 0.997613 -0.205476 0.255019 0.944852 0.097752 0.03558 0.994575 0.133946 0.053942 0.989519 0.124668 0.04849 0.991013 0.088351 0.033176 0.995537 -0.359741 0.114488 0.926001 -0.159285 -0.527733 0.834342 0.11772 -0.841957 0.526546 -0.525987 0.480779 0.701562 -0.725067 -0.385828 0.570451 0.256551 0.112549 0.959955 -0.223238 -0.705057 0.673097 -0.351357 -0.59563 0.722338 0.473896 0.701338 0.532492 0.174259 0.334903 0.925999 0.373581 0.85986 0.347962 0.569449 0.817147 0.089434 0.590291 0.604076 -0.535395 0.395028 0.671651 -0.626768 0.277695 -0.817132 0.505154 0.223245 -0.705058 0.673094 0.284277 -0.957945 0.039087 0.333656 -0.934976 -0.120386 0.455691 -0.889284 0.038979 0.41111 -0.663692 0.624901 0.511791 -0.851815 0.11172 0.034919 0.107982 0.993539 0.453341 -0.446071 0.771688 -0.546566 0.545217 0.635614 -0.49699 -0.030541 0.867218 -0.425175 0.727604 0.538349 -0.064588 -0.04299 0.996985 0.35132 -0.595785 0.722229 -0.25656 0.112547 0.959953 -0.174326 0.334476 0.926141 -0.473895 0.701334 0.532498 -0.37363 0.859771 0.34813 -0.569452 0.817145 0.089438 -0.53989 0.841287 0.027462 -0.39503 0.671654 -0.626763 -0.590291 0.604076 -0.535395 -0.510442 0.859099 0.037389 -0.471609 0.748799 -0.465709 -0.219232 0.018542 -0.975497 -0.244564 -0.153827 -0.957353 0.137961 -0.138292 -0.980735 0.05182 -0.729119 -0.682423 0.127761 -0.743308 -0.656636 0.30707 -0.748276 -0.58804 -0.04086 0.090438 -0.995063 -0.243859 -0.386622 -0.889413 -0.208631 -0.038726 -0.977227 -0.390337 0.685596 -0.614487 -0.437474 0.384359 -0.812948 -0.51605 0.856261 0.022572 -0.659141 0.751143 -0.036292 -0.468962 0.764463 0.442348 0.110737 0.03799 0.993123 -0.273076 -0.76941 0.57744 0.468957 0.764465 0.44235 0.510442 0.859099 0.037388 0.471609 0.748799 -0.465709 0.219232 0.018542 -0.975497 0.244564 -0.153829 -0.957353 -0.137965 -0.138299 -0.980734 -0.481693 -0.874316 0.059522 -0.284272 -0.957947 0.039083 -0.333655 -0.934976 -0.120392 -0.127764 -0.743308 -0.656635 -0.05182 -0.729118 -0.682423 -0.307942 -0.746873 -0.589366 -0.4554 -0.889044 -0.047034 -0.683146 -0.446342 0.578006 -0.483406 -0.871082 0.086804 -0.531595 -0.672339 -0.515137 -0.4554 -0.889044 -0.047034 -0.50707 -0.719414 -0.474682 -0.456671 0.112348 -0.882513 0.017042 0.872621 -0.4881 -0.104544 0.158406 -0.981824 0.324883 0.874906 -0.359151 0.266115 0.963469 -0.030161 0.306326 0.847794 0.432909 0.107008 0.965922 0.23568 0.398255 0.916974 -0.023468 0 0.125733 -0.992064 -0.13013 0.070499 -0.988987 -0.169494 0.150424 -0.973984 0 -0.035014 -0.999387 -0.119519 -0.126116 -0.984789 -0.27919 -0.042676 -0.959287 -0.000000 0.212863 0.977082 -0.072197 0.285586 0.95563 0 -0.143704 0.989621 0.072197 0.285586 0.95563 0.115296 0.00758 0.993302 0.271103 0.2958 0.915972 -0.721004 0.623127 -0.303093 -0.819333 0.482511 0.30964 -0.487627 0.87294 -0.013986 -0.42081 0.907118 -0.007467 -0.387596 0.921826 -0.002414 -0.388564 0.921412 -0.004348 -0.530312 0.847803 0.000207 -0.326721 0.945084 -0.008334 -0.318799 0.94774 0.012518 -0.46512 0.885248 0.00033 -0.461722 0.887025 0.000457 -0.530205 0.811197 0.246662 -0.340564 0.940203 -0.005921 -0.16129 -0.923751 0.347375 0.514948 -0.744951 0.424118 0.531367 -0.724774 0.438579 -0.08725 -0.992334 -0.087525 0.57763 -0.662017 0.477575 0.540502 -0.786286 0.299353 -0.20492 -0.838081 -0.505597 -0.237722 -0.814678 -0.52895 0.570156 -0.811991 0.124873 0.339581 -0.928559 0.149878 -0.456352 -0.827867 -0.326159 0.125997 -0.740945 -0.65964 0.317008 -0.592352 -0.740692 0.257993 -0.941245 -0.217939 0.044343 -0.997081 -0.062162 0.207728 -0.970998 -0.118375 0.012911 -0.993649 -0.111783 -0.009313 -0.927922 0.372657 -0.030179 -0.999544 0.001058 -0.024511 -0.999684 0.005517 0.305539 -0.95218 0 0.305536 -0.952181 0 0.349594 -0.936901 0.000000 0.37179 -0.928317 0.000000 0.09535 -0.960153 0.262707 -0.03747 -0.931102 -0.362829 -0.046981 -0.764552 -0.642848 0.071445 -0.858172 0.508366 -0.538356 -0.842717 -0.000016 -0.127764 -0.743308 -0.656635 -0.05182 -0.729118 -0.682423 -0.307942 -0.746873 -0.589366 0.04325 0.092317 -0.99479 0.241664 -0.383599 -0.89132 0.213282 -0.033255 -0.976425 0.390514 0.68578 -0.61417 0.440149 0.385699 -0.810867 0.516149 0.856202 0.022558 0.660698 0.749914 -0.033274 0.425149 0.727357 0.538703 -0.062641 0.011474 0.99797 0.545829 0.541354 0.639536 -0.444814 -0.700196 0.558451 -0.455684 -0.452502 0.766547 -0.456977 -0.88862 0.039077 -0.516029 -0.85017 0.104522 -0.267112 0.96321 -0.029628 -0.106261 0.965983 0.235764 -0.397275 0.917475 -0.020329 -0.019047 0.872627 -0.488015 -0.326383 0.875359 -0.356681 0.456198 0.112985 -0.882676 0.103413 0.160833 -0.981549 0.532738 -0.671546 -0.514991 0.507787 -0.71774 -0.476447 0.482015 -0.872147 0.083798 0.45607 -0.888679 -0.047435 0.385741 0.470442 0.793655 0.682599 -0.448339 0.577105 0.430775 -0.505637 0.747505 -0.121166 0.608923 0.78392 -0.236313 0.505892 0.829596 0.679744 0.61925 0.393037 0.754478 0.647243 0.108807 0.038739 0.652666 0.756654 0.821817 0.51615 -0.241257 -0.030711 0.660536 0.750166 0.749743 0.543721 0.377163 0.429889 0.825532 0.36564 -0.184154 0.715021 0.674413 -0.105545 0.872494 0.477089 0.28774 0.956528 0.047531 0.340565 0.940202 -0.00592 0.311769 0.949354 -0.039084 0.326718 0.945085 -0.00833 0.282823 0.953166 -0.10717 0.318813 0.947735 0.012525 0.226779 0.856578 -0.463514 0.461738 0.887016 0.000457 0.402705 0.658297 -0.635982 0.530201 0.811202 0.246656 0.465129 0.885243 0.000347 0.541219 0.824308 0.166126 0.42077 0.907137 -0.007443 0.388496 0.92144 -0.004362 0.387561 0.921841 -0.002409 0.487633 0.872937 -0.013962 0.721015 0.623119 -0.303084 0.819319 0.48254 0.309632 0.460404 0.887418 -0.022759 0.833393 0.478929 0.275832 0.480718 0.544069 -0.687677 0.164668 0.592572 -0.788507 0.270199 0.789709 -0.550775 0.386259 0.922352 -0.008379 0.505774 0.862642 0.006511 0.033506 -0.084494 -0.99586 0.051775 -0.015401 -0.99854 0.043552 0.725908 -0.686411 0.017042 0.872621 -0.4881 0.266115 0.963469 -0.030161 0.107008 0.965922 0.23568 -0.383451 0.471172 0.794332 -0.575559 0.180551 0.79758 -0.631454 0.068952 0.772341 -0.575793 0.00555 0.817577 -0.518937 -0.059412 0.852745 -0.689892 -0.086953 0.718671 -0.673639 -0.214489 0.707251 -0.149251 0.073726 0.986047 0.476438 0.309282 0.823013 0.962042 -0.157857 -0.222612 0.857212 -0.36009 0.368135 0.793861 -0.181492 -0.580383 0.718227 -0.241117 -0.652697 0.468019 -0.157173 0.869629 0.920781 -0.374092 -0.110537 0.410238 0.556801 0.722272 0.072865 -0.295258 0.952635 -0.097774 0.035585 0.994572 0.205494 0.255008 0.944851 0.03519 -0.05942 0.997613 -0.134026 0.053976 0.989507 -0.12475 0.048524 0.991001 -0.088386 0.033219 0.995532 0.359786 0.114509 0.925981 0.159332 -0.527702 0.834353 0.72511 -0.385816 0.570405 0.526008 0.480791 0.701538 -0.117693 -0.841951 0.526561 -0.183969 -0.135472 0.973552 -0.543836 -0.236778 0.805095 -0.591765 -0.151217 0.7918 -0.114754 -0.065576 0.991227 -0.536123 0.104949 0.837591 -0.116455 0.166108 0.979207 -0.000000 -0.086881 0.996219 -0.000001 -0.036868 0.99932 -0.080733 -0.326767 0.94165 -0.46716 -0.334235 0.818565 -0.824148 -0.367568 0.430899 -0.940386 -0.167079 0.296242 -0.925056 0.230804 0.301663 -0.930342 -0.025002 -0.365841 -0.941959 0.244957 -0.229586 -0.599603 0.301442 -0.741356 -0.507921 0.125232 -0.852252 -0.099054 0.119472 -0.987884 -0.142514 -0.04901 -0.988579 0.000003 -0.009034 -0.999959 0 -0.172506 -0.985009 0.142514 -0.049018 -0.988578 0.144558 -0.190061 -0.971072 0.540487 -0.176002 -0.822738 0.513547 -0.362585 -0.77769 0.902334 -0.357651 -0.24058 0.903768 -0.407597 0.13065 0.876097 -0.472666 -0.095087 0 -0.144133 -0.989558 -0.540486 -0.175993 -0.82274 -0.902336 -0.357643 -0.240586 -0.899298 -0.41734 0.130728 -0.535707 -0.424369 0.73002 0.477502 0.878631 -0.000000 0.787657 0.498344 0.362285 0.737028 0.622881 -0.262315 0.415589 0.909553 -0.000000 0.374443 0.92725 -0.000000 0.396689 0.917953 -0.000001 0.50355 0.863966 0.000706 0.530307 0.847806 0.000205 0.464797 0.885417 0.001023 0.46289 0.886415 0.000986 0.49738 0.643212 0.582143 0.397804 0.917466 0.002718 0.374191 0.927347 0.003041 0.418602 0.908141 0.007272 0.483311 0.875344 0.013545 0.718119 0.626465 0.303061 0.817678 0.484855 -0.310353 0.605373 0.278773 -0.745526 0.995922 0.040555 0.080594 0.101896 -0.784115 -0.612193 0.806525 -0.41546 -0.420608 0.517347 0.053932 -0.854075 0.298483 -0.577823 -0.759624 0.154237 -0.067713 -0.985711 0.157469 -0.06569 -0.985337 0.068866 -0.364843 -0.928519 0.165325 -0.060172 -0.984402 0.167613 -0.066191 -0.983628 0.230418 -0.803191 -0.549355 0.615866 0.688161 -0.383593 0.015833 -0.008271 0.99984 0.033898 -0.012337 0.999349 0.016949 -0.006168 0.999837 0.031666 -0.016543 0.999362 0.438882 0.084471 0.894566 0.229647 -0.553074 0.800857 0.534734 0.307942 0.786912 -0.071444 -0.858171 0.508369 0.768907 -0.401721 0.497396 0.581822 0.461102 -0.669976 0.999223 0.039401 -0.000016 0.768894 -0.401714 -0.49742 0.046976 -0.764551 -0.642849 0.438857 0.084483 -0.894576 0.229622 -0.553062 -0.800872 0.031653 -0.016538 -0.999362 0.015826 -0.008269 -0.999841 0.01694 -0.006165 -0.999838 0.033881 -0.012332 -0.99935 0.123883 -0.705759 -0.697537 0.585826 0.709999 -0.39078 0.103307 -0.037595 0.993939 0.103282 -0.037592 0.993941 0.107547 -0.043196 0.993261 0.107571 -0.0432 0.993258 0.512845 0.056986 0.856588 0.295333 -0.576818 0.761616 0.602888 0.280517 0.746884 -0.031889 -0.872863 0.486923 0.806604 -0.415382 0.420533 0.533251 0.474629 -0.700265 0.995915 0.040597 -0.080652 0.725112 -0.385784 -0.570424 -0.006844 -0.745091 -0.666927 0.366439 0.110213 -0.923891 0.164231 -0.529168 -0.832472 -0.047658 0.011899 -0.998793 -0.064787 0.020867 -0.997681 -0.06131 0.022317 -0.997869 -0.040687 0.014809 -0.999062 -0.02006 0.007301 -0.999772 0.261437 0.55108 -0.79244 0.169973 -0.061855 0.983506 0.176739 -0.064327 0.982153 0.185573 -0.071137 0.980052 0.185592 -0.071137 0.980048 0.562397 0.038648 0.825964 0.325347 -0.586598 0.741655 0.649253 0.261615 0.714162 0.120523 -0.790983 0.59985 0.821547 -0.427006 0.377792 0.978749 0.139788 -0.150031 0.683212 -0.29456 -0.668174 0.119283 -0.402601 -0.90757 -0.07223 0.158011 -0.984792 0.140806 0.059161 -0.988268 -0.111539 0.077806 -0.990709 -0.273436 -0.525049 -0.805951 -0.139979 -0.819232 -0.556116 0.237727 -0.814658 -0.528978 0.456356 -0.827869 -0.326148 -0.339552 -0.928571 0.149868 -0.570153 -0.811998 0.124838 0.204927 -0.838068 -0.505616 -0.540516 -0.786286 0.299327 0.087291 -0.992333 -0.087499 -0.577596 -0.66202 0.477611 -0.53136 -0.724776 0.438584 0.161282 -0.923754 0.34737 -0.21457 -0.96664 -0.139884 -0.514938 -0.744967 0.424103 0.067681 -0.997676 0.00785 -0.018964 -0.967735 0.251257 -0.012918 -0.993649 -0.111778 -0.207728 -0.970999 -0.118362 -0.4554 -0.889044 -0.047034 -0.683146 -0.446342 0.578006 -0.575559 0.180551 0.79758 -0.631454 0.068952 0.772341 -0.518937 -0.059412 0.852745 -0.575793 0.00555 0.817577 -0.673639 -0.214489 0.707251 -0.689892 -0.086953 0.718671 -0.262454 -0.597952 0.757345 0.529239 -0.758428 0.380386 0.962042 -0.157857 -0.222612 0.768205 -0.625328 0.137212 0.793861 -0.181492 -0.580383 0.718227 -0.241117 -0.652697 0.920781 -0.374092 -0.110537 0.468019 -0.157173 0.869629 0.7954 -0.592398 0.128077 0.004652 -0.484265 0.874909 0.054755 -0.752634 0.656159 0.024506 -0.999685 0.005502 -0.304928 -0.952373 0.00199 -0.031141 -0.909484 0.414571 -0.032872 -0.999458 0.0016 -0.305879 -0.952065 0.003326 -0.361945 -0.932198 -0.001873 -0.361945 -0.932198 -0.001885 -0.119379 -0.951809 0.282504 0.064819 -0.941445 -0.330878 0.535494 -0.8417 0.069187 -0.117693 -0.841951 0.526561 0.101896 -0.784115 -0.612193 0.030536 0.136286 -0.990199 0.083198 0.074408 -0.993751 0.450225 0.10877 -0.886266 0.930344 -0.024995 -0.365835 0.940385 -0.167079 0.296245 0.824152 -0.367566 0.430893 0.59176 -0.151219 0.791803 0.543828 -0.236784 0.805099 0.183964 -0.135473 0.973552 0.114751 -0.065574 0.991228 -0.000000 0.086976 0.99621 0.536122 0.104957 0.83759 0.925053 0.230818 0.301663 0.941957 0.244966 -0.229585 0.646963 0.338035 -0.683499 0.138471 0.313776 -0.939346 0.011817 0.355533 -0.934589 -0.151211 0.348692 -0.924959 0.467158 -0.334239 0.818564 0.080732 -0.326767 0.94165 0 -0.332715 0.943027 -0.456671 0.112348 -0.882513 -0.198372 0.092636 -0.975739 -0.162048 -0.933939 -0.318589 0.543645 -0.828226 -0.135986 0.120523 -0.790983 0.59985 -0.278385 -0.960397 -0.011782 0.059402 -0.945024 0.32156 -0.378365 -0.925631 0.006892 -0.353378 -0.935478 0.002169 -0.313921 -0.949435 -0.005216 -0.325371 -0.899931 -0.290271 -0.142372 -0.989809 -0.002766 -0.139979 -0.819232 -0.556116 -0.044352 -0.997079 -0.062178 0.030183 -0.999544 0.00106 0.009318 -0.927922 0.372659 -0.108907 -0.980964 0.160774 -0.296257 -0.955105 -0.002358 -0.31134 -0.950295 -0.002817 -0.351064 -0.936351 0.000852 -0.374581 -0.927189 0.003051 -0.077413 -0.967343 0.241358 0.004682 -0.919784 -0.392397 0.53557 -0.841649 -0.069218 -0.031889 -0.872863 0.486923 -0.006844 -0.745091 -0.666927 -0.257994 -0.941241 -0.217957 -0.317016 -0.592355 -0.740686 -0.126016 -0.740936 -0.659647 0.033506 -0.084494 -0.99586 0.051775 -0.015401 -0.99854 -0.198372 0.092636 -0.975739 -0.456671 0.112348 -0.882513 -0.531595 -0.672339 -0.515137 -0.305538 -0.95218 0 -0.305546 -0.952177 0.000008 -0.349597 -0.9369 0.00001 -0.371794 -0.928315 0.00001 -0.095348 -0.960152 0.262711 0.037471 -0.931103 -0.362828 0.538352 -0.84272 -0.000016 -0.071444 -0.858171 0.508369 0.046976 -0.764551 -0.642849 0.361463 -0.530448 0.766792 0.346929 -0.528431 0.774856 -0.346928 -0.528431 0.774856 0.899431 -0.41711 0.13055 0.13013 0.070499 -0.988987 0.119519 -0.126116 -0.984789 0.169494 0.150424 -0.973984 0.181725 0.271808 -0.945038 -0.513552 -0.36258 -0.777689 -0.876095 -0.472668 -0.095091 -0.903766 -0.407603 0.13064 0.139962 -0.81924 -0.556109 0.273423 -0.52505 -0.805955 0.111535 0.077811 -0.990709 0.072227 0.15798 -0.984797 -0.140798 0.059084 -0.988274 -0.119275 -0.402659 -0.907546 -0.683184 -0.294605 -0.668182 -0.649259 0.261613 0.714158 -0.978753 0.139709 -0.150078 -0.821548 -0.427044 0.377748 -0.120512 -0.790989 0.599844 -0.562396 0.038631 0.825965 -0.325333 -0.586615 0.741648 -0.185561 -0.071136 0.980055 -0.185582 -0.071131 0.980051 -0.169971 -0.061856 0.983506 -0.176737 -0.064328 0.982154 -0.568627 0.656655 0.495447 -0.203122 -0.882961 0.423228 0.064788 0.020868 -0.997681 0.040689 0.014809 -0.999062 0.061317 0.022322 -0.997869 0.047647 0.011922 -0.998793 -0.366453 0.110244 -0.923882 -0.164217 -0.529123 -0.832504 -0.533248 0.474643 -0.700257 0.006861 -0.745067 -0.666954 -0.725103 -0.385768 -0.570446 -0.602886 0.28047 0.746904 -0.995914 0.040592 -0.080665 -0.80657 -0.415438 0.420544 0.031922 -0.872869 0.48691 -0.512833 0.056926 0.856599 -0.295274 -0.576862 0.761607 -0.107506 -0.043221 0.993265 -0.107502 -0.043215 0.993265 -0.10328 -0.037593 0.993942 -0.103286 -0.037592 0.993941 -0.165771 -0.825808 0.539037 -0.609577 0.692641 0.385569 -0.015832 -0.008271 -0.99984 -0.033881 -0.012332 -0.99935 -0.01694 -0.006165 -0.999838 -0.031665 -0.016544 -0.999362 -0.438868 0.084478 -0.894572 -0.229632 -0.553063 -0.800868 -0.581829 0.461097 -0.669973 -0.046981 -0.764552 -0.642848 -0.768897 -0.401713 -0.497418 -0.534734 0.307943 0.786912 -0.999223 0.039403 -0.000015 -0.768909 -0.401718 0.497395 0.071445 -0.858172 0.508366 -0.438882 0.084472 0.894565 -0.22965 -0.553073 0.800857 -0.031666 -0.016544 0.999362 -0.015833 -0.008272 0.99984 -0.016941 -0.006165 0.999837 -0.033882 -0.012332 0.99935 -0.193762 -0.79472 0.575219 -0.594458 0.702533 0.391237 -0.157476 -0.065693 -0.985335 -0.165323 -0.060173 -0.984402 -0.167613 -0.066191 -0.983628 -0.068869 -0.364846 -0.928517 -0.154252 -0.067697 -0.98571 -0.517364 0.053958 -0.854063 -0.298506 -0.577799 -0.759633 -0.806542 -0.415447 -0.420589 -0.605386 0.278798 -0.745506 -0.101912 -0.784103 -0.612206 -0.995918 0.040559 0.080642 -0.483324 0.875337 0.013526 -0.817679 0.484874 -0.310318 -0.718107 0.626468 0.303084 -0.41857 0.908156 0.007243 -0.374148 0.927364 0.003032 -0.397758 0.917486 0.002724 -0.503551 0.863965 0.000705 -0.497375 0.643218 0.582142 -0.462887 0.886417 0.000975 -0.464804 0.885413 0.001033 -0.530332 0.831096 -0.167416 -0.374448 0.927248 0 -0.396689 0.917953 -0.000000 -0.415594 0.90955 0 -0.477507 0.878628 -0.000000 -0.737028 0.622881 -0.262315 -0.787657 0.498344 0.362285 -0.120512 -0.790989 0.599844 -0.543607 -0.828252 -0.13598 0.162049 -0.933941 -0.318582 0.378372 -0.925628 0.006883 -0.059401 -0.945026 0.321555 0.278388 -0.960396 -0.011783 0.353367 -0.935482 0.002154 0.313904 -0.94944 -0.005225 0.325354 -0.899935 -0.290277 0.10891 -0.980966 0.160764 0.142376 -0.989809 -0.002776 0.139962 -0.81924 -0.556109 0.127761 -0.743308 -0.656636 0.05182 -0.729119 -0.682423 0.30707 -0.748276 -0.58804 -0.085524 -0.47281 -0.877004 0.682599 -0.448339 0.577105 0.575161 0.180029 0.797984 0.631452 0.068966 0.772342 0.575797 0.005566 0.817574 0.518936 -0.059377 0.852748 0.689872 -0.086959 0.71869 0.673647 -0.214488 0.707245 0.26246 -0.597944 0.75735 -0.529247 -0.758406 0.380418 -0.768219 -0.625306 0.137227 -0.962046 -0.15782 -0.222621 -0.793878 -0.181498 -0.580358 -0.718256 -0.241123 -0.652662 -0.920774 -0.374096 -0.110576 -0.795395 -0.592413 0.128037 -0.468032 -0.157178 0.869621 -0.004655 -0.484256 0.874914 -0.054773 -0.752621 0.656172 0.03286 -0.999459 0.001615 0.031114 -0.909472 0.4146 0.304963 -0.952362 0.002008 0.361983 -0.932183 -0.001879 0.305878 -0.952065 0.003354 0.362015 -0.93217 -0.001907 0.119403 -0.951807 0.282499 -0.064824 -0.941443 -0.330883 -0.101912 -0.784103 -0.612206 0.11772 -0.841957 0.526546 -0.535467 -0.841716 0.069202 0.45607 -0.888679 -0.047435 0.214565 -0.96664 -0.139889 -0.0677 -0.997675 0.007855 0.018959 -0.967731 0.251272 0.532738 -0.671546 -0.514991 0.456198 0.112985 -0.882676 0.198349 0.092651 -0.975743 -0.051794 -0.015377 -0.998539 -0.033513 -0.084481 -0.995861 0.311327 -0.950299 -0.002858 0.296231 -0.955113 -0.002398 0.351052 -0.936355 0.000829 0.374603 -0.92718 0.003051 0.077441 -0.967342 0.241356 -0.00465 -0.919778 -0.392411 0.006861 -0.745067 -0.666954 0.031922 -0.872869 0.48691 -0.535536 -0.84167 -0.069228 -0.917608 -0.29777 -0.263304 0.539894 0.841285 0.027463 0.626838 -0.779117 -0.007128 0.481688 -0.874319 0.059522 0.037691 0.133523 -0.990329 -0.35101 0.877674 -0.326314 -0.362228 0.928941 0.076551 0.033253 0.999446 -0.001258 0.154378 0.798438 -0.581949 0.429963 0.305206 -0.849695 0.725006 -0.359496 -0.587477 0.512963 -0.59628 -0.617511 0.317687 -0.725999 -0.609919 -0.068056 0.072398 -0.995051 0.361502 0.825915 -0.432644 0.362222 0.928943 0.07655 -0.033231 0.999446 -0.001935 -0.239009 0.848247 0.472601 -0.467349 0.505147 0.725543 -0.727076 -0.096335 0.679765 -0.818911 -0.550194 0.163314 -0.626855 -0.779105 -0.006893 -0.778642 -0.339516 -0.527679 -0.512896 -0.596317 -0.617531 -0.317697 -0.725997 -0.609915 0.178007 -0.030158 -0.983567 -0.156249 -0.751149 -0.641375 0.154542 -0.00868 -0.987948 0.447736 0.59037 -0.671563 0.497288 0.648548 -0.576273 0.552247 0.831995 -0.052979 0.573519 0.818876 -0.022753 0.489474 0.717231 0.495978 -0.383451 0.471172 0.794332 0.050191 0.303747 0.95143 -0.429886 -0.50268 0.750007 0.232853 0.228169 0.945367 0.445215 0.6965 0.562736 0.177672 0.181851 0.967142 -0.115219 -0.556766 0.82264 -0.108234 -0.594079 0.797092 -0.252181 -0.963713 0.087533 -0.740985 -0.664602 0.096152 -0.486913 -0.242457 0.839125 -0.306789 0.443409 0.842181 -0.227376 0.845339 0.483427 -0.105309 0.994331 0.0147 -0.021779 0.770753 -0.636762 -0.491644 0.197603 -0.84808 -0.533703 -0.457836 -0.711018 -0.740985 -0.664602 0.096152 -0.252181 -0.963713 0.087533 -0.154395 -0.782257 -0.603519 -0.243293 -0.966754 0.078707 0.303137 0.828463 0.470912 0.105354 0.99431 0.015755 0.098409 0.869047 0.484843 0.367837 0.490713 0.789872 0.413357 0.445575 0.794103 0.727429 -0.096966 0.679297 0.487405 -0.243456 0.83855 0.682928 -0.719314 0.127265 0.85598 -0.504452 0.113252 0.659989 -0.424661 -0.61974 0.725006 -0.359496 -0.587477 0.491206 0.198567 -0.848108 0.429963 0.305206 -0.849695 0.02144 0.771515 -0.635849 0.154378 0.798438 -0.581949 0.033253 0.999446 -0.001258 -0.614712 0.78782 0.038327 -0.599344 0.373186 0.70818 -0.454579 0.746064 0.486566 -0.375009 0.926934 -0.012729 -0.347016 0.819405 -0.45624 -0.517149 0.541712 -0.66265 -0.182932 0.270824 -0.945088 -0.348176 -0.011237 -0.937362 -0.386755 -0.196817 -0.900935 -0.578994 -0.283732 -0.76437 -0.515929 -0.424194 -0.744229 -0.437474 0.384359 -0.812948 -0.659141 0.751143 -0.036292 -0.546566 0.545217 0.635614 -0.614767 -0.113929 0.780437 -0.545449 0.140078 0.826356 -0.271104 0.2958 0.915972 -0.47035 -0.211796 0.856687 -0.115297 0.00758 0.993302 0.47038 -0.211823 0.856665 0.546487 0.136935 0.826196 0.598166 0.367052 0.712369 0.614717 -0.121749 0.779294 0.61461 0.787481 0.046144 0.545829 0.541354 0.639536 0.660698 0.749914 -0.033274 0.518706 0.546851 -0.657189 0.348291 -0.005975 -0.937367 0.440149 0.385699 -0.810867 0.514295 -0.421171 -0.747071 0.213282 -0.033255 -0.976425 0.274958 -0.042843 -0.960501 0.34721 0.820821 -0.45354 0.37344 0.927576 -0.012064 0.450149 0.745723 0.491185 -0.155128 -0.007487 -0.987866 0.15587 -0.750447 -0.642287 -0.178396 -0.029364 -0.98352 -0.448139 0.591119 -0.670634 -0.497289 0.649469 -0.575234 -0.552194 0.8321 -0.051874 -0.573431 0.818984 -0.02105 -0.489421 0.716534 0.497038 -0.303117 0.848082 0.434601 0.153626 -0.781646 -0.604507 -0.499811 0.857727 -0.120392 -0.276327 0.823837 -0.494911 -0.324778 0.369213 -0.870747 -0.778642 -0.339516 -0.527679 -0.512896 -0.596317 -0.617531 -0.317697 -0.725997 -0.609915 -0.444819 0.695975 0.563697 -0.232529 0.227408 0.94563 -0.046933 0.302007 0.95215 0.682928 -0.719314 0.127265 0.252043 -0.963845 0.086468 0.659989 -0.424661 -0.61974 0.491206 0.198567 -0.848108 0.02144 0.771515 -0.635849 0.105354 0.99431 0.015755 0.098409 0.869047 0.484843 0.367837 0.490713 0.789872 -0.177052 0.180759 0.96746 0.487405 -0.243456 0.83855 0.115577 -0.557651 0.82199 0.682928 -0.719314 0.127265 0.252043 -0.963845 0.086468 0.108787 -0.595002 0.796328 0.243274 -0.966898 0.076976 -0.382672 0.288129 0.877806 -0.599344 0.373186 0.70818 -0.454579 0.746064 0.486566 0.556275 0.830998 -0.001044 0.917619 -0.29777 -0.263265 0.385461 -0.198918 -0.901028 -0.144558 -0.190061 -0.971072 0.528904 0.848677 0.002663 0.505282 0.853589 0.126792 0.519215 0.845731 -0.123106 0.594463 0.702531 0.391234 0.193757 -0.794732 0.575204 0.011296 -0.970172 -0.242153 -0.192036 -0.881009 -0.432373 0.116455 0.166109 0.979207 -0.818911 -0.550194 0.163314 -0.778642 -0.339516 -0.527679 -0.740985 -0.664602 0.096152 -0.727076 -0.096335 0.679765 -0.486913 -0.242457 0.839125 -0.306789 0.443409 0.842181 -0.467349 0.505147 0.725543 -0.227376 0.845339 0.483427 -0.239009 0.848247 0.472601 -0.105309 0.994331 0.0147 -0.033231 0.999446 -0.001935 -0.276327 0.823837 -0.494911 -0.021779 0.770753 -0.636762 -0.324778 0.369213 -0.870747 -0.491644 0.197603 -0.84808 -0.533703 -0.457836 -0.711018 0.379089 0.288796 0.879141 0.546487 0.136935 0.826196 0.598166 0.367052 0.712369 0.450149 0.745723 0.491185 0.080732 -0.326767 0.94165 0.467158 -0.334239 0.818564 0.361463 -0.530448 0.766792 -0.017749 -0.475934 0.879302 -0.017749 -0.475934 0.879302 0.066306 -0.325841 0.943096 0 -0.497542 0.86744 0 -0.173939 0.984756 -0.066306 -0.325841 0.943096 0.017749 -0.475935 0.879302 -0.361461 -0.530448 0.766792 -0.07274 -0.184416 0.980153 0.000000 -0.337956 0.941162 0.072741 -0.184416 0.980153 0.535727 -0.424368 0.730006 0.068096 -0.517096 0.853214 0.000000 -0.337956 0.941162 -0.068096 -0.517096 0.853214 -0.524844 -0.634165 0.56778 0.017749 -0.475935 0.879302 -0.080733 -0.326767 0.94165 0 -0.332715 0.943027 0 -0.497542 0.86744 -0.017749 -0.475934 0.879302 0.080732 -0.326767 0.94165 -0.844094 -0.347292 -0.408525 -0.080733 -0.326767 0.94165 0.017749 -0.475935 0.879302 -0.361461 -0.530448 0.766792 -0.46716 -0.334235 0.818565 -0.07274 -0.184416 0.980153 -0.068096 -0.517096 0.853214 -0.535707 -0.424369 0.73002 -0.615865 0.688157 -0.383602 -0.230434 -0.803193 -0.549347 -0.528903 0.848678 0.002663 -0.519215 0.84573 -0.123107 -0.505281 0.85359 0.126792 -0.556279 0.830995 -0.001042 0.303137 0.828463 0.470912 0.413357 0.445575 0.794103 0.727429 -0.096966 0.679297 0.85598 -0.504452 0.113252 0.725006 -0.359496 -0.587477 0.512963 -0.59628 -0.617511 0.317687 -0.725999 -0.609919 0.361463 -0.530448 0.766792 0.467158 -0.334239 0.818564 0.824152 -0.367566 0.430893 0.192036 -0.881019 -0.432352 0.068096 -0.517096 0.853214 0.000000 -0.337956 0.941162 0.072741 -0.184416 0.980153 -0.011306 -0.970176 -0.24214 -0.07274 -0.184416 0.980153 -0.068096 -0.517096 0.853214 -0.824148 -0.367568 0.430899 -0.46716 -0.334235 0.818565 -0.361461 -0.530448 0.766792 -0.351054 0.064066 0.934161 -0.243293 -0.966754 0.078707 -0.483406 -0.871082 0.086804 -0.208631 -0.038726 -0.977227 -0.794642 -0.38147 0.472255 0.795006 -0.381488 0.471627 -0.541224 0.824305 0.166128 0.040654 -0.999165 0.004093 0.497154 -0.039014 0.866785 0.351356 0.054859 0.934633 0.243274 -0.966898 0.076976 0.482015 -0.872147 0.083798 0.45607 -0.888679 -0.047435 0.499805 0.857729 -0.120397 0.935003 -0.34253 0.091882 0.843644 -0.349676 -0.407421 0.579489 -0.281451 -0.764838 0.530327 0.831098 -0.167418 0.609576 0.692641 0.385571 0.165771 -0.825809 0.539036 0.568621 0.656668 0.495436 0.203121 -0.88296 0.423229 -0.040649 -0.999165 0.004095 0.084788 -0.465836 -0.8808 0.524858 -0.634169 0.567761 0.535727 -0.424368 0.730006 0.813879 -0.532265 0.233011 0.535727 -0.424368 0.730006 0.524858 -0.634169 0.567761 0.068096 -0.517096 0.853214 0.072741 -0.184416 0.980153 0.918579 -0.392586 -0.045703 0.9651 -0.2596 -0.034481 0.813879 -0.532265 0.233011 0.799599 -0.193476 0.568514 0.738073 -0.073314 0.670726 0.524858 -0.634169 0.567761 -0.813702 -0.532321 0.233504 -0.737959 -0.067256 0.671485 0.756855 -0.292277 -0.584589 -0.934949 -0.342906 0.091027 -0.918753 -0.392141 -0.046027 -0.757749 -0.293012 -0.583061 -0.964891 -0.259957 -0.037513 -0.524844 -0.634165 0.56778 -0.535707 -0.424369 0.73002 -0.524844 -0.634165 0.56778 -0.813702 -0.532321 0.233504 -0.899298 -0.41734 0.130728 0.020059 0.007301 -0.999772 -0.261424 0.551079 -0.792445 -0.123883 -0.705759 -0.697537 -0.585833 0.709997 -0.390774 0.899431 -0.41711 0.13055 0.918579 -0.392586 -0.045703 0.813879 -0.532265 0.233011 -0.813702 -0.532321 0.233504 -0.918753 -0.392141 -0.046027 -0.899298 -0.41734 0.130728 -0.383451 0.471172 0.794332 0.899431 -0.41711 0.13055 -0.799325 -0.187173 0.571005 0.385741 0.470442 0.793655</float_array>
          <technique_common>
            <accessor source="#GeometrySource1-array" count="2519" stride="3">
              <param name="X" type="float"/>
              <param name="Y" type="float"/>
              <param name="Z" type="float"/>
            </accessor>
          </technique_common>
        </source>
        <source id="GeometrySource2" name="tex_0000_man_ray_256.pngUV">
          <float_array id="GeometrySource2-array" count="5038">0.4099 -0.8808 0.3653 -0.8837 0.3639 -0.85 0.4077 -0.8471 0.4534 -0.8784 0.4531 -0.8399 0.4912 -0.8786 0.4958 -0.8401 0.5227 -0.8797 0.5278 -0.8405 0.5582 -0.8816 0.5618 -0.8442 0.5875 -0.8836 0.5875 -0.8475 0.3138 -0.311 0.3114 -0.311 0.3138 -0.311 0.3138 -0.311 0.3138 -0.311 0.3126 -0.311 0.3126 -0.311 0.3108 -0.311 0.3108 -0.311 0.309 -0.311 0.309 -0.311 0.309 -0.311 0.309 -0.311 0.309 -0.311 0.309 -0.311 0.3114 -0.311 0.3639 -0.85 0.3653 -0.8837 0.4099 -0.8808 0.4077 -0.8471 0.4534 -0.8784 0.4531 -0.8399 0.4912 -0.8786 0.4958 -0.8401 0.5227 -0.8797 0.5278 -0.8405 0.5582 -0.8816 0.5618 -0.8442 0.5875 -0.8836 0.5875 -0.8475 0.2292 -0.7784 0.2274 -0.7579 0.2018 -0.7583 0.2028 -0.7784 0.1711 -0.7588 0.1658 -0.7778 0.1337 -0.759 0.1304 -0.776 0.086 -0.7587 0.0893 -0.7748 0.0343 -0.7749 0.0817 -0.7889 0.0346 -0.788 0.0726 -0.8347 0.0329 -0.8329 0.0073 -0.788 0.0056 -0.8322 0.0063 -0.7757 0.0861 -0.696 0.0338 -0.7582 0.1327 -0.6952 0.1692 -0.693 0.2022 -0.692 0.2319 -0.6909 0.0199 -0.5745 0.0568 -0.5874 0.048 -0.6388 0.0152 -0.6348 0.0345 -0.6961 0.0057 -0.6951 0.0073 -0.788 0.0346 -0.788 0.0329 -0.8329 0.0056 -0.8322 0.0726 -0.8347 0.0817 -0.7889 0.0343 -0.7749 0.0893 -0.7748 0.1304 -0.776 0.0861 -0.696 0.086 -0.7587 0.0338 -0.7582 0.0946 -0.6368 0.0898 -0.5722 0.1299 -0.7911 0.1704 -0.7927 0.2036 -0.7925 0.2304 -0.7914 0.2578 -0.7896 0.2563 -0.777 0.2541 -0.7578 0.2606 -0.6921 0.2337 -0.6216 0.2623 -0.6301 0.2687 -0.5702 0.2034 -0.6165 0.1702 -0.6192 0.1321 -0.6255 0.0946 -0.6368 0.048 -0.6388 0.0345 -0.6961 0.1193 -0.8376 0.1707 -0.8368 0.2114 -0.8366 0.2362 -0.8343 0.2611 -0.8332 0.2857 -0.8322 0.2874 -0.788 0.2864 -0.7757 0.2849 -0.7578 0.2858 -0.6951 0.2953 -0.6348 0.3 -0.579 0.0748 -0.0864 0.0557 -0.0864 0.0559 -0.0986 0.0746 -0.0986 0.0936 -0.0864 0.0981 -0.0986 0.1121 -0.0986 0.108 -0.0861 0.1378 -0.0986 0.1376 -0.0835 0.1584 -0.0929 0.1564 -0.0778 0.1915 -0.0794 0.1876 -0.0652 0.2119 -0.0518 0.1994 -0.0518 0.1563 -0.0518 0.1376 -0.0518 0.1075 -0.0653 0.0924 -0.0653 0.0748 -0.0653 0.3103 -0.311 0.309 -0.311 0.3112 -0.311 0.3126 -0.311 0.3117 -0.311 0.3126 -0.311 0.3126 -0.311 0.3138 -0.311 0.3138 -0.311 0.3114 -0.311 0.3114 -0.311 0.3102 -0.311 0.3102 -0.311 0.309 -0.311 0.309 -0.311 0.3102 -0.311 0.3102 -0.311 0.3114 -0.311 0.3114 -0.311 0.3138 -0.311 0.3138 -0.311 0.3126 -0.311 0.3126 -0.311 0.3117 -0.311 0.3126 -0.311 0.3103 -0.311 0.3112 -0.311 0.309 -0.311 0.2304 -0.7914 0.2036 -0.7925 0.2292 -0.7784 0.2578 -0.7896 0.2563 -0.777 0.2606 -0.6921 0.2319 -0.6909 0.2337 -0.6216 0.2623 -0.6301 0.2687 -0.5702 0.2352 -0.5524 0.2034 -0.6165 0.1685 -0.5439 0.1702 -0.6192 0.1321 -0.6255 0.1692 -0.693 0.1327 -0.6952 0.1711 -0.7588 0.1337 -0.759 0.1341 -0.5557 0.309 -0.311 0.309 -0.311 0.309 -0.311 0.309 -0.311 0.1704 -0.7927 0.2028 -0.7784 0.2022 -0.692 0.2018 -0.7583 0.1299 -0.7911 0.1193 -0.8376 0.1707 -0.8368 0.2114 -0.8366 0.2362 -0.8343 0.2611 -0.8332 0.2857 -0.8322 0.2874 -0.788 0.2864 -0.7757 0.2953 -0.6348 0.3 -0.579 0.5581 -0.9827 0.5099 -0.9826 0.4667 -0.9826 0.4453 -0.9826 0.4179 -0.9775 0.3365 -0.9827 0.3814 -0.9825 0.3212 -0.8843 0.3177 -0.8502 0.2774 -0.8836 0.2774 -0.8475 0.2774 -0.9826 0.0557 -0.004199 0.0557 -0.0145 0.0748 -0.0145 0.0748 -0.0044 0.0924 -0.0145 0.095 -0.004499 0.095 -0.004499 0.109 -0.0157 0.1121 -0.0043 0.1381 -0.008 0.1377 -0.0199 0.1072 -0.0385 0.1639 -0.0146 0.1585 -0.0248 0.1915 -0.0252 0.1853 -0.032 0.0924 -0.0386 0.0748 -0.0381 0.3114 -0.311 0.309 -0.311 0.3114 -0.311 0.3138 -0.311 0.3138 -0.311 0.3138 -0.311 0.3138 -0.311 0.3126 -0.311 0.3126 -0.311 0.3108 -0.311 0.3108 -0.311 0.309 -0.311 0.309 -0.311 0.309 -0.311 0.309 -0.311 0.309 -0.311 0.1532 -0.4946 0.2207 -0.4883 0.2271 -0.4661 0.1369 -0.4061 0.0621 -0.2173 0.1483 -0.2033 0.1345 -0.1554 0.0636 -0.15 0.0655 -0.1109 0.006 -0.1447 0.0064 -0.2053 0.0066 -0.2644 0.052 -0.2722 0.0066 -0.336 0.0487 -0.3342 0.0061 -0.4208 0.0554 -0.4161 0.0058 -0.4537 0.0645 -0.4511 0.0055 -0.4946 0.0658 -0.4931 0.0645 -0.4511 0.0058 -0.4537 0.0554 -0.4161 0.1369 -0.4061 0.0061 -0.4208 0.0487 -0.3342 0.0066 -0.336 0.052 -0.2722 0.0066 -0.2644 0.0621 -0.2173 0.0064 -0.2053 0.006 -0.1447 0.0636 -0.15 0.1345 -0.1554 0.1483 -0.2033 0.1768 -0.2255 0.0973 -0.2789 0.0908 -0.3343 0.0908 -0.3343 0.0973 -0.2789 0.1768 -0.2255 0.1384 -0.1095 0.187 -0.1577 0.0055 -0.1092 0.7736 -0.5461 0.7736 -0.5382 0.7652 -0.5382 0.7652 -0.5461 0.0559 -0.0986 0.0557 -0.0864 0.0748 -0.0864 0.0746 -0.0986 0.0936 -0.0864 0.0981 -0.0986 0.1121 -0.0986 0.108 -0.0861 0.1378 -0.0986 0.1376 -0.0835 0.1075 -0.0653 0.1376 -0.0518 0.1584 -0.0929 0.1564 -0.0778 0.1915 -0.0794 0.1876 -0.0652 0.2119 -0.0518 0.1994 -0.0518 0.1853 -0.032 0.1915 -0.0252 0.1585 -0.0248 0.1639 -0.0146 0.1377 -0.0199 0.1381 -0.008 0.1072 -0.0385 0.109 -0.0157 0.095 -0.004499 0.1121 -0.0043 0.0924 -0.0145 0.0748 -0.0044 0.095 -0.004499 0.0748 -0.0145 0.0557 -0.004199 0.0557 -0.0145 0.0748 -0.0381 0.0924 -0.0386 0.1563 -0.0518 0.0924 -0.0653 0.0748 -0.0653 0.7607 -0.5453 0.7663 -0.5382 0.7589 -0.5453 0.7607 -0.5453 0.7589 -0.5453 0.753 -0.5453 0.7534 -0.5453 0.7401 -0.5453 0.7482 -0.5453 0.7477 -0.5453 0.7399 -0.5453 0.7387 -0.5453 0.7652 -0.5461 0.7652 -0.5382 0.7663 -0.5382 0.7663 -0.5461 0.7652 -0.5461 0.7663 -0.5461 0.774 -0.5461 0.7736 -0.5461 0.7767 -0.5462 0.7767 -0.5462 0.7767 -0.5382 0.774 -0.5461 0.774 -0.5382 0.309 -0.311 0.309 -0.311 0.309 -0.311 0.309 -0.311 0.5581 -0.9827 0.5099 -0.9826 0.4667 -0.9826 0.4453 -0.9826 0.4179 -0.9775 0.3814 -0.9825 0.3365 -0.9827 0.3212 -0.8843 0.3177 -0.8502 0.2774 -0.8836 0.2774 -0.8475 0.2774 -0.9826 0.7589 -0.5453 0.7599 -0.5379 0.7589 -0.5453 0.7529 -0.5391 0.753 -0.5453 0.7477 -0.5453 0.7477 -0.54 0.7399 -0.5453 0.7399 -0.5395 0.7387 -0.5395 0.7387 -0.5453 0.7401 -0.5395 0.7401 -0.5453 0.7482 -0.54 0.7482 -0.5453 0.7534 -0.5453 0.7534 -0.5453 0.7533 -0.5395 0.7617 -0.538 0.7663 -0.5382 0.7607 -0.5453 0.0057 -0.6951 0.0048 -0.7578 0.0152 -0.6348 0.0199 -0.5745 0.0568 -0.5874 0.0898 -0.5722 0.1341 -0.5557 0.1685 -0.5439 0.2061 -0.5401 0.2352 -0.5524 0.2027 -0.1058 0.187 -0.1577 0.2207 -0.1634 0.228 -0.0876 0.2207 -0.1634 0.248 -0.1104 0.228 -0.0876 0.2881 -0.0356 0.2495 -0.0356 0.2881 -0.0356 0.228 -0.0876 0.248 -0.1104 0.228 -0.0876 0.2271 -0.4661 0.2819 -0.5197 0.2598 -0.5243 0.2819 -0.5197 0.7607 -0.5453 0.7663 -0.5382 0.7617 -0.538 0.7607 -0.5453 0.7533 -0.5395 0.7534 -0.5453 0.7401 -0.5453 0.7482 -0.5453 0.7482 -0.54 0.7401 -0.5395 0.7387 -0.5453 0.7387 -0.5395 0.7399 -0.5453 0.7399 -0.5395 0.7477 -0.54 0.7477 -0.5453 0.7529 -0.5391 0.753 -0.5453 0.7589 -0.5453 0.7652 -0.5382 0.7599 -0.5379 0.774 -0.5461 0.774 -0.5382 0.7663 -0.5382 0.7663 -0.5461 0.7767 -0.5382 0.7767 -0.5462 0.7652 -0.5382 0.7652 -0.5461 0.7663 -0.5382 0.7589 -0.5453 0.7607 -0.5453 0.7736 -0.5382 0.7736 -0.5461 0.7736 -0.5461 0.7767 -0.5462 0.774 -0.5461 0.7652 -0.5461 0.7663 -0.5461 0.7401 -0.5453 0.7387 -0.5453 0.7399 -0.5453 0.7477 -0.5453 0.7482 -0.5453 0.7534 -0.5453 0.753 -0.5453 0.7652 -0.5461 0.0048 -0.7578 0.0063 -0.7757 0.0557 -0.0653 0.2274 -0.7579 0.2541 -0.7578 0.2061 -0.5401 0.1658 -0.7778 0.1315 -0.533 0.1667 -0.5141 0.214 -0.5168 0.1066 -0.0518 0.3126 -0.311 0.3126 -0.311 0.3126 -0.311 0.3108 -0.311 0.3108 -0.311 0.309 -0.311 0.309 -0.311 0.3114 -0.311 0.3114 -0.311 0.3134 -0.311 0.3134 -0.311 0.3126 -0.311 0.2849 -0.7578 0.2858 -0.6951 0.5875 -0.9826 0.2774 -0.9951 0.3501 -0.9967 0.3834 -0.9981 0.4182 -0.9897 0.4411 -0.9981 0.4683 -0.9967 0.4986 -0.9951 0.5398 -0.9951 0.5875 -0.9951 0.0557 -0.0381 0.1066 -0.0518 0.0557 -0.0381 0.0557 -0.0653 0.3126 -0.311 0.3126 -0.311 0.3126 -0.311 0.3134 -0.311 0.3134 -0.311 0.3114 -0.311 0.3114 -0.311 0.309 -0.311 0.309 -0.311 0.3108 -0.311 0.3108 -0.311 0.3126 -0.311 0.5875 -0.9826 0.2774 -0.9951 0.3501 -0.9967 0.3834 -0.9981 0.4182 -0.9897 0.4411 -0.9981 0.4683 -0.9967 0.4986 -0.9951 0.5398 -0.9951 0.5875 -0.9951 0.214 -0.5168 0.1667 -0.5141 0.1315 -0.533 0.228 -0.0876 0.7534 -0.5453 0.7589 -0.5453 0.7589 -0.5453 0.708 -0.9047 0.7094 -0.8601 0.7663 -0.8602 0.7654 -0.9048 0.8121 -0.8602 0.8683 -0.8602 0.813 -0.8155 0.873 -0.8155 0.8716 -0.7583 0.9335 -0.758 0.9335 -0.8152 0.9716 -0.815 0.9716 -0.7579 0.994 -0.7577 0.9716 -0.815 0.9716 -0.7579 0.9335 -0.758 0.873 -0.8155 0.8716 -0.7583 0.813 -0.8155 0.8121 -0.7583 0.7663 -0.8156 0.8638 -0.7263 0.9335 -0.716 0.9716 -0.7224 0.994 -0.7247 0.9716 -0.7224 0.9335 -0.716 0.8638 -0.7263 0.7663 -0.8156 0.8121 -0.7583 0.7092 -0.8155 0.6679 -0.8597 0.6687 -0.9044 0.6388 -0.904 0.8121 -0.9048 0.8609 -0.9048 0.9048 -0.8613 0.9335 -0.8152 0.919 -0.8452 0.8683 -0.8602 0.9048 -0.8613 0.8121 -0.8602 0.8121 -0.9048 0.7663 -0.8602 0.708 -0.9047 0.7094 -0.8601 0.6687 -0.9044 0.6679 -0.8597 0.6388 -0.8594 0.667 -0.8151 0.7054 -0.7583 0.7663 -0.7583 0.8121 -0.7263 0.9716 -0.6869 0.9716 -0.6869 0.9273 -0.6705 0.7663 -0.7583 0.7092 -0.8155 0.7054 -0.7583 0.667 -0.8151 0.6388 -0.8148 0.6653 -0.758 0.6388 -0.7577 0.6653 -0.758 0.6649 -0.7224 0.6649 -0.7224 0.7072 -0.7162 0.8121 -0.6943 0.8121 -0.6482 0.7687 -0.6942 0.7138 -0.6742 0.7696 -0.6454 0.7687 -0.6942 0.8121 -0.5875 0.8121 -0.6482 0.8121 -0.5875 0.7771 -0.6004 0.7358 -0.6381 0.7358 -0.6381 0.7442 -0.6021 0.8641 -0.6482 0.8121 -0.5875 0.8587 -0.6022 0.9067 -0.6412 0.901 -0.6039 0.4644 -0.2391 0.425 -0.2618 0.4253 -0.234 0.4271 -0.1972 0.1849 -0.2753 0.2196 -0.2301 0.214 -0.2624 0.2154 -0.3084 0.1683 -0.3084 0.2154 -0.339 0.1687 -0.3281 0.2154 -0.3742 0.172 -0.359 0.2087 -0.4115 0.2504 -0.4271 0.257 -0.4589 0.3117 -0.4879 0.3657 -0.5003 0.3152 -0.447 0.3657 -0.4605 0.3152 -0.447 0.3117 -0.4879 0.2504 -0.4271 0.257 -0.4589 0.2087 -0.4115 0.172 -0.359 0.2154 -0.3742 0.1687 -0.3281 0.2154 -0.339 0.1683 -0.3084 0.2154 -0.3084 0.1849 -0.2753 0.214 -0.2624 0.2196 -0.2301 0.254 -0.2585 0.2702 -0.2043 0.3199 -0.191 0.3675 -0.187 0.3675 -0.2314 0.2138 -0.2148 0.1783 -0.2783 0.1608 -0.2821 0.1537 -0.3084 0.1608 -0.2821 0.1783 -0.2783 0.1537 -0.3084 0.1645 -0.3084 0.1655 -0.3273 0.1539 -0.3265 0.1666 -0.3571 0.1555 -0.3642 0.1539 -0.3265 0.1949 -0.4168 0.1555 -0.3642 0.2512 -0.4724 0.3124 -0.5016 0.3657 -0.5142 0.3657 -0.5032 0.3124 -0.5016 0.2512 -0.4724 0.1949 -0.4168 0.1666 -0.3571 0.1555 -0.3642 0.1539 -0.3265 0.1555 -0.3642 0.1539 -0.3265 0.1655 -0.3273 0.1537 -0.3084 0.1645 -0.3084 0.1783 -0.2783 0.1608 -0.2821 0.1537 -0.3084 0.2138 -0.2148 0.1783 -0.2783 0.1608 -0.2821 0.2634 -0.192 0.3675 -0.176 0.3166 -0.1799 0.3166 -0.1799 0.2634 -0.192 0.2481 -0.3084 0.2481 -0.3084 0.2724 -0.378 0.319 -0.3941 0.3657 -0.408 0.2724 -0.378 0.9338 -0.5931 0.925 -0.5785 0.9207 -0.5965 0.9331 -0.6356 0.9548 -0.5977 0.9331 -0.6356 0.9495 -0.6511 0.9661 -0.6483 0.9495 -0.6511 0.9825 -0.6442 0.9779 -0.6041 0.9825 -0.6442 0.9825 -0.6442 0.9942 -0.6055 0.9916 -0.5832 0.3431 -0.3101 0.3296 -0.3101 0.3296 -0.321 0.3431 -0.321 0.3296 -0.321 0.3431 -0.3101 0.3296 -0.3101 0.3431 -0.3101 0.3296 -0.3101 0.3296 -0.321 0.3431 -0.321 0.3296 -0.321 0.3431 -0.3156 0.3913 -0.2287 0.3845 -0.2078 0.398 -0.2055 0.4021 -0.2302 0.3913 -0.2287 0.4021 -0.2302 0.398 -0.2055 0.4271 -0.1972 0.4021 -0.2302 0.4021 -0.2302 0.4086 -0.2498 0.3913 -0.2287 0.4021 -0.2302 0.4086 -0.2498 0.3913 -0.2287 0.3836 -0.2564 0.3296 -0.3101 0.3296 -0.321 0.3431 -0.3156 0.3913 -0.2287 0.3836 -0.2564 0.4086 -0.2498 0.4021 -0.2302 0.3913 -0.2287 0.4021 -0.2302 0.4086 -0.2498 0.425 -0.2618 0.4253 -0.234 0.4021 -0.2302 0.4644 -0.2391 0.4668 -0.2813 0.4021 -0.2302 0.4271 -0.1972 0.398 -0.2055 0.3913 -0.2287 0.4021 -0.2302 0.398 -0.2055 0.3913 -0.2287 0.3845 -0.2078 0.3431 -0.3156 0.3296 -0.321 0.3296 -0.3101 0.7771 -0.6004 0.7442 -0.6021 0.7358 -0.6381 0.7696 -0.6454 0.7138 -0.6742 0.7358 -0.6381 0.8121 -0.5875 0.8121 -0.5875 0.9067 -0.6412 0.901 -0.6039 0.8587 -0.6022 0.8641 -0.6482 0.8621 -0.6943 0.8121 -0.5875 0.9065 -0.6414 0.9273 -0.6705 0.9207 -0.5965 0.925 -0.5785 0.9338 -0.5931 0.9331 -0.6356 0.9331 -0.6356 0.9548 -0.5977 0.9495 -0.6511 0.9495 -0.6511 0.9661 -0.6483 0.9825 -0.6442 0.9825 -0.6442 0.9779 -0.6041 0.9942 -0.6055 0.9825 -0.6442 0.9916 -0.5832 0.3431 -0.3156 0.3296 -0.321 0.3296 -0.3101 0.3296 -0.321 0.3431 -0.3101 0.3431 -0.321 0.3296 -0.321 0.3296 -0.3101 0.3431 -0.3101 0.3431 -0.321 0.3431 -0.3101 0.3296 -0.321 0.3296 -0.3101 0.994 -0.8149 0.6388 -0.9434 0.6786 -0.9437 0.7654 -0.9048 0.7203 -0.9544 0.7663 -0.9636 0.8609 -0.9048 0.8521 -0.9588 0.9372 -0.9166 0.8986 -0.9665 0.9562 -0.9758 0.9727 -0.9187 0.994 -0.9185 0.9779 -0.8872 0.994 -0.8955 0.994 -0.8867 0.9779 -0.8872 0.977 -0.8952 0.9372 -0.9166 0.9562 -0.9758 0.8986 -0.9665 0.8521 -0.9588 0.7663 -0.9636 0.7203 -0.9544 0.6786 -0.9437 0.994 -0.9815 0.9215 -0.8804 0.9186 -0.8612 0.919 -0.8452 0.9271 -0.8501 0.9439 -0.8341 0.9473 -0.8421 0.9829 -0.8298 0.994 -0.8329 0.9819 -0.8383 0.994 -0.8412 0.9829 -0.8298 0.9439 -0.8341 0.9186 -0.8612 0.9271 -0.8501 0.9215 -0.8804 0.9295 -0.875 0.9468 -0.8913 0.9497 -0.884 0.8621 -0.6943 0.9273 -0.6705 0.9273 -0.6705 0.994 -0.6917 0.8121 -0.7263 0.6388 -0.7246 0.7671 -0.7263 0.7138 -0.6742 0.6705 -0.6856 0.6382 -0.7003 0.6705 -0.6856 0.7138 -0.6742 0.7072 -0.7162 0.7671 -0.7263 0.8121 -0.6943 0.496 -0.2398 0.496 -0.2899 0.4668 -0.2813 0.4668 -0.2813 0.478 -0.1987 0.5069 -0.1951 0.478 -0.1987 0.5169 -0.2399 0.5185 -0.3002 0.496 -0.2899 0.496 -0.2398 0.5069 -0.1951 0.5199 -0.1951 0.2702 -0.2043 0.3307 -0.2363 0.2941 -0.2412 0.254 -0.2585 0.2941 -0.2412 0.3307 -0.2363 0.3199 -0.191 0.2773 -0.3084 0.2919 -0.28 0.3152 -0.271 0.342 -0.2697 0.342 -0.2697 0.3152 -0.271 0.2919 -0.28 0.2773 -0.3084 0.2499 -0.346 0.284 -0.3401 0.309 -0.3538 0.3373 -0.3617 0.3657 -0.3695 0.319 -0.3941 0.3373 -0.3617 0.309 -0.3538 0.2499 -0.346 0.284 -0.3401 0.9065 -0.6414 0.2437 -0.9267 0.2131 -0.9593 0.2175 -0.9275 0.2188 -0.9017 0.1542 -0.9275 0.1633 -0.8808 0.0161 -0.9276 0.0161 -0.8793 0.0611 -0.9275 0.0723 -0.9901 0.0161 -0.9898 0.0723 -0.9901 0.0611 -0.9275 0.0619 -0.8713 0.2437 -0.9267 0.2188 -0.9017 0.2175 -0.9275 0.2131 -0.9593 0.1542 -0.9275 0.1556 -0.9807 0.9295 -0.875 0.9468 -0.8913 0.9497 -0.884 0.3229 -0.3189 0.3167 -0.3189 0.3167 -0.3194 0.323 -0.3196 0.3419 -0.3119 0.3385 -0.3155 0.3393 -0.316 0.343 -0.3119 0.3401 -0.3085 0.3392 -0.3091 0.3333 -0.3062 0.333 -0.3068 0.3218 -0.3057 0.3167 -0.3066 0.3167 -0.3059 0.3217 -0.305 0.3419 -0.3119 0.3392 -0.3091 0.3401 -0.3085 0.343 -0.3119 0.3393 -0.316 0.3385 -0.3155 0.3325 -0.3186 0.3322 -0.3178 0.4668 -0.2813 0.478 -0.1987 0.4271 -0.1972 0.478 -0.1987 0.8121 -0.9636 0.977 -0.8952 0.9727 -0.9187 0.8121 -0.9636 0.9819 -0.8383 0.9473 -0.8421 0.3675 -0.2681 0.1556 -0.9807 0.0619 -0.8713 0.1633 -0.8808 0.3229 -0.3189 0.323 -0.3196 0.3322 -0.3178 0.3325 -0.3186 0.3217 -0.305 0.3218 -0.3057 0.333 -0.3068 0.3333 -0.3062 0.9056 -0.1732 0.9056 -0.1305 0.9483 -0.1305 0.9483 -0.1732 0.9056 -0.1732 0.9056 -0.1305 0.9483 -0.1305 0.9483 -0.1732 0.7092 -0.4713 0.6303 -0.5286 0.6153 -0.5018 0.6116 -0.471 0.9056 -0.1732 0.9056 -0.1305 0.9483 -0.1305 0.9483 -0.1732 0.9483 -0.1732 0.9056 -0.1732 0.9056 -0.1305 0.9483 -0.1305 0.9483 -0.1732 0.9056 -0.1732 0.9056 -0.1305 0.9483 -0.1305 0.9483 -0.1732 0.9056 -0.1732 0.9056 -0.1305 0.9483 -0.1305 0.9483 -0.1732 0.9056 -0.1732 0.9056 -0.1305 0.9483 -0.1305 0.6511 -0.5512 0.6793 -0.5642 0.9483 -0.1305 0.9483 -0.1732 0.9056 -0.1732 0.9056 -0.1305 0.6153 -0.4407 0.6303 -0.4134 0.9483 -0.1305 0.9483 -0.1732 0.9056 -0.1732 0.9056 -0.1305 0.9483 -0.1305 0.9483 -0.1732 0.9056 -0.1732 0.9056 -0.1305 0.9483 -0.1732 0.9056 -0.1732 0.9056 -0.1305 0.9483 -0.1305 0.9483 -0.1732 0.9056 -0.1732 0.9056 -0.1305 0.9483 -0.1305 0.9483 -0.1732 0.9056 -0.1732 0.9056 -0.1305 0.9483 -0.1305 0.6511 -0.3914 0.6793 -0.3778 0.9483 -0.1305 0.9483 -0.1732 0.9056 -0.1732 0.9056 -0.1305 0.7092 -0.57 0.7399 -0.5642 0.9483 -0.1732 0.9056 -0.1732 0.9056 -0.1305 0.9483 -0.1305 0.9483 -0.1305 0.9483 -0.1732 0.9056 -0.1732 0.9056 -0.1305 0.9483 -0.1305 0.9483 -0.1732 0.9056 -0.1732 0.9056 -0.1305 0.9483 -0.1732 0.9056 -0.1732 0.9056 -0.1305 0.9483 -0.1305 0.9483 -0.1732 0.9056 -0.1732 0.9056 -0.1305 0.9483 -0.1305 0.7673 -0.5512 0.7888 -0.5286 0.9483 -0.1305 0.9483 -0.1732 0.9056 -0.1732 0.9056 -0.1305 0.7092 -0.3725 0.7399 -0.3778 0.9483 -0.1305 0.9483 -0.1732 0.9056 -0.1732 0.9056 -0.1305 0.9483 -0.1732 0.9056 -0.1732 0.9056 -0.1305 0.9483 -0.1305 0.9483 -0.1732 0.9056 -0.1732 0.9056 -0.1305 0.9483 -0.1305 0.9483 -0.1305 0.9483 -0.1732 0.9056 -0.1732 0.9056 -0.1305 0.8031 -0.5018 0.8076 -0.471 0.7673 -0.3914 0.7888 -0.4134 0.9483 -0.1305 0.9483 -0.1732 0.9056 -0.1732 0.9056 -0.1305 0.8031 -0.4407 0.9483 -0.1732 0.9056 -0.1732 0.9056 -0.1305 0.9483 -0.1305 0.9483 -0.1305 0.9483 -0.1732 0.9056 -0.1732 0.9056 -0.1305 0.9483 -0.1732 0.9056 -0.1732 0.9056 -0.1305 0.9483 -0.1305 0.9483 -0.1732 0.9056 -0.1732 0.9056 -0.1305 0.9483 -0.1305 0.9483 -0.1305 0.9483 -0.1732 0.9056 -0.1732 0.9056 -0.1305 0.9483 -0.1732 0.9056 -0.1732 0.9056 -0.1305 0.9483 -0.1305 0.9483 -0.1732 0.9056 -0.1732 0.9056 -0.1305 0.9483 -0.1305 0.9483 -0.1305 0.9483 -0.1732 0.9056 -0.1732 0.9056 -0.1305 0.9483 -0.1305 0.9483 -0.1732 0.9056 -0.1732 0.9056 -0.1305 0.9483 -0.1305 0.9483 -0.1732 0.9056 -0.1732 0.9056 -0.1305 0.9483 -0.1732 0.9056 -0.1732 0.9056 -0.1305 0.9483 -0.1305 0.9483 -0.1305 0.9483 -0.1732 0.9056 -0.1732 0.9056 -0.1305 0.9483 -0.1305 0.9483 -0.1732 0.9056 -0.1732 0.9056 -0.1305 0.9483 -0.1732 0.9056 -0.1732 0.9056 -0.1305 0.9483 -0.1305 0.9483 -0.1732 0.9056 -0.1732 0.9056 -0.1305 0.9483 -0.1305 0.9483 -0.1732 0.9056 -0.1732 0.9056 -0.1305 0.9483 -0.1305 0.9483 -0.1305 0.9483 -0.1732 0.9056 -0.1732 0.9056 -0.1305 0.9483 -0.1732 0.9056 -0.1732 0.9056 -0.1305 0.9483 -0.1305 0.9483 -0.1732 0.9056 -0.1732 0.9056 -0.1305 0.9483 -0.1305 0.9483 -0.1305 0.9483 -0.1732 0.9056 -0.1732 0.9056 -0.1305 0.9483 -0.1732 0.9056 -0.1732 0.9056 -0.1305 0.9483 -0.1305 0.9483 -0.1305 0.9483 -0.1732 0.9056 -0.1732 0.9056 -0.1305 0.9483 -0.1305 0.9483 -0.1732 0.9056 -0.1732 0.9056 -0.1305 0.9483 -0.1305 0.9483 -0.1732 0.9056 -0.1732 0.9056 -0.1305 0.9483 -0.1732 0.9056 -0.1732 0.9056 -0.1305 0.9483 -0.1305 0.9483 -0.1732 0.9056 -0.1732 0.9056 -0.1305 0.9483 -0.1305 0.9483 -0.1305 0.9483 -0.1732 0.9056 -0.1732 0.9056 -0.1305 0.9483 -0.1732 0.9056 -0.1732 0.9056 -0.1305 0.9483 -0.1305 0.9483 -0.1732 0.9056 -0.1732 0.9056 -0.1305 0.9483 -0.1305 0.9483 -0.1305 0.9483 -0.1732 0.9056 -0.1732 0.9056 -0.1305 0.9483 -0.1732 0.9056 -0.1732 0.9056 -0.1305 0.9483 -0.1305 0.9483 -0.1305 0.9483 -0.1732 0.9056 -0.1732 0.9056 -0.1305 0.9483 -0.1732 0.9056 -0.1732 0.9056 -0.1305 0.9483 -0.1305 0.9483 -0.1305 0.9483 -0.1732 0.9056 -0.1732 0.9056 -0.1305 0.9483 -0.1305 0.9483 -0.1732 0.9056 -0.1732 0.9056 -0.1305 0.9056 -0.1732 0.9483 -0.1732 0.9483 -0.1305 0.9056 -0.1305 0.9056 -0.1305 0.9056 -0.1732 0.9483 -0.1732 0.9483 -0.1305 0.9483 -0.1305 0.9056 -0.1305 0.9056 -0.1732 0.9483 -0.1732 0.9056 -0.1305 0.9056 -0.1732 0.9483 -0.1732 0.9483 -0.1305 0.9483 -0.1305 0.9056 -0.1305 0.9056 -0.1732 0.9483 -0.1732 0.9056 -0.1305 0.9056 -0.1732 0.9483 -0.1732 0.9483 -0.1305 0.9483 -0.1305 0.9056 -0.1305 0.9056 -0.1732 0.9483 -0.1732 0.9056 -0.1305 0.9056 -0.1732 0.9483 -0.1732 0.9483 -0.1305 0.9056 -0.1305 0.9056 -0.1732 0.9483 -0.1732 0.9483 -0.1305 0.9056 -0.1305 0.9056 -0.1732 0.9483 -0.1732 0.9483 -0.1305 0.9483 -0.1305 0.9056 -0.1305 0.9056 -0.1732 0.9483 -0.1732 0.9483 -0.1305 0.9056 -0.1305 0.9056 -0.1732 0.9483 -0.1732 0.9056 -0.1305 0.9056 -0.1732 0.9483 -0.1732 0.9483 -0.1305 0.9483 -0.1305 0.9056 -0.1305 0.9056 -0.1732 0.9483 -0.1732 0.9483 -0.1305 0.9056 -0.1305 0.9056 -0.1732 0.9483 -0.1732 0.9056 -0.1305 0.9056 -0.1732 0.9483 -0.1732 0.9483 -0.1305 0.9483 -0.1305 0.9056 -0.1305 0.9056 -0.1732 0.9483 -0.1732 0.9056 -0.1305 0.9056 -0.1732 0.9483 -0.1732 0.9483 -0.1305 0.9483 -0.1305 0.9056 -0.1305 0.9056 -0.1732 0.9483 -0.1732 0.9056 -0.1305 0.9056 -0.1732 0.9483 -0.1732 0.9483 -0.1305 0.9056 -0.1305 0.9056 -0.1732 0.9483 -0.1732 0.9483 -0.1305 0.9056 -0.1305 0.9056 -0.1732 0.9483 -0.1732 0.9483 -0.1305 0.9483 -0.1305 0.9056 -0.1305 0.9056 -0.1732 0.9483 -0.1732 0.9483 -0.1305 0.9056 -0.1305 0.9056 -0.1732 0.9483 -0.1732 0.9056 -0.1305 0.9056 -0.1732 0.9483 -0.1732 0.9483 -0.1305 0.9483 -0.1305 0.9056 -0.1305 0.9056 -0.1732 0.9483 -0.1732 0.9483 -0.1305 0.9056 -0.1305 0.9056 -0.1732 0.9483 -0.1732 0.9056 -0.1305 0.9056 -0.1732 0.9483 -0.1732 0.9483 -0.1305 0.9483 -0.1305 0.9056 -0.1305 0.9056 -0.1732 0.9483 -0.1732 0.9056 -0.1305 0.9056 -0.1732 0.9483 -0.1732 0.9483 -0.1305 0.9483 -0.1305 0.9056 -0.1305 0.9056 -0.1732 0.9483 -0.1732 0.9056 -0.1305 0.9056 -0.1732 0.9483 -0.1732 0.9483 -0.1305 0.9056 -0.1305 0.9056 -0.1732 0.9483 -0.1732 0.9483 -0.1305 0.9483 -0.1305 0.9056 -0.1305 0.9056 -0.1732 0.9483 -0.1732 0.9056 -0.1305 0.9056 -0.1732 0.9483 -0.1732 0.9483 -0.1305 0.8031 -0.4407 0.7888 -0.4134 0.7092 -0.4713 0.8076 -0.471 0.9483 -0.1305 0.9056 -0.1305 0.9056 -0.1732 0.9483 -0.1732 0.8031 -0.5018 0.7888 -0.5286 0.9483 -0.1305 0.9056 -0.1305 0.9056 -0.1732 0.9483 -0.1732 0.9056 -0.1305 0.9056 -0.1732 0.9483 -0.1732 0.9483 -0.1305 0.7673 -0.3914 0.7399 -0.3778 0.9056 -0.1305 0.9056 -0.1732 0.9483 -0.1732 0.9483 -0.1305 0.7673 -0.5512 0.7399 -0.5642 0.9483 -0.1305 0.9056 -0.1305 0.9056 -0.1732 0.9483 -0.1732 0.9483 -0.1305 0.9056 -0.1305 0.9056 -0.1732 0.9483 -0.1732 0.7092 -0.3725 0.6793 -0.3778 0.9056 -0.1305 0.9056 -0.1732 0.9483 -0.1732 0.9483 -0.1305 0.9056 -0.1305 0.9056 -0.1732 0.9483 -0.1732 0.9483 -0.1305 0.9483 -0.1305 0.9056 -0.1305 0.9056 -0.1732 0.9483 -0.1732 0.7092 -0.57 0.6793 -0.5642 0.9483 -0.1305 0.9056 -0.1305 0.9056 -0.1732 0.9483 -0.1732 0.9056 -0.1305 0.9056 -0.1732 0.9483 -0.1732 0.9483 -0.1305 0.9483 -0.1305 0.9056 -0.1305 0.9056 -0.1732 0.9483 -0.1732 0.9056 -0.1305 0.9056 -0.1732 0.9483 -0.1732 0.9483 -0.1305 0.9056 -0.1305 0.9056 -0.1732 0.9483 -0.1732 0.9483 -0.1305 0.9056 -0.1305 0.9056 -0.1732 0.9483 -0.1732 0.9483 -0.1305 0.9483 -0.1305 0.9056 -0.1305 0.9056 -0.1732 0.9483 -0.1732 0.9483 -0.1305 0.9056 -0.1305 0.9056 -0.1732 0.9483 -0.1732 0.6303 -0.4134 0.6153 -0.4407 0.6116 -0.471 0.9056 -0.1305 0.9056 -0.1732 0.9483 -0.1732 0.9483 -0.1305 0.9483 -0.1305 0.9056 -0.1305 0.9056 -0.1732 0.9483 -0.1732 0.9056 -0.1305 0.9056 -0.1732 0.9483 -0.1732 0.9483 -0.1305 0.9483 -0.1305 0.9056 -0.1305 0.9056 -0.1732 0.9483 -0.1732 0.6153 -0.5018 0.6303 -0.5286 0.9483 -0.1305 0.9056 -0.1305 0.9056 -0.1732 0.9483 -0.1732 0.9056 -0.1305 0.9056 -0.1732 0.9483 -0.1732 0.9483 -0.1305 0.9056 -0.1305 0.9056 -0.1732 0.9483 -0.1732 0.9483 -0.1305 0.9483 -0.1305 0.9056 -0.1305 0.9056 -0.1732 0.9483 -0.1732 0.6511 -0.3914 0.6511 -0.5512 0.3394 -0.3078 0.343 -0.3054 0.3413 -0.3118 0.3347 -0.3153 0.3467 -0.3039 0.3292 -0.3157 0.338 -0.3089 0.334 -0.3106 0.3267 -0.3157 0.3278 -0.3113 0.334 -0.3106 0.3278 -0.3113 0.3267 -0.3157 0.3292 -0.3157 0.3394 -0.3078 0.338 -0.3089 0.3347 -0.3153 0.3413 -0.3118 0.343 -0.3054 0.3467 -0.3039 0.9765 -0.3531 0.9637 -0.332 0.9773 -0.3317 0.9893 -0.3593 0.9914 -0.3971 0.9928 -0.4922 0.9831 -0.4942 0.9725 -0.4569 0.9878 -0.4543 0.9863 -0.4463 0.9703 -0.449 0.9625 -0.4125 0.9892 -0.4137 0.9812 -0.4135 0.9817 -0.3913 0.9649 -0.353 0.9347 -0.3326 0.9343 -0.353 0.9038 -0.3531 0.9057 -0.3331 0.8816 -0.347 0.891 -0.3284 0.8745 -0.3431 0.87 -0.3587 0.8665 -0.3549 0.8517 -0.371 0.8547 -0.3736 0.8487 -0.3841 0.8459 -0.383 0.8432 -0.3952 0.8405 -0.3924 0.8289 -0.4086 0.8262 -0.406 0.823 -0.4199 0.823 -0.4199 0.8373 -0.4184 0.8413 -0.4219 0.823 -0.4199 0.8522 -0.4085 0.8559 -0.4125 0.8614 -0.4 0.866 -0.4042 0.8706 -0.3916 0.8843 -0.4051 0.8761 -0.396 0.8867 -0.3913 0.8879 -0.4135 0.885 -0.4138 0.885 -0.4138 0.8879 -0.4135 0.8851 -0.4482 0.8827 -0.4479 0.8847 -0.4566 0.8818 -0.4551 0.8819 -0.498 0.8795 -0.4984 0.8795 -0.4984 0.8819 -0.498 0.8887 -0.5094 0.4565 -0.7342 0.4314 -0.7241 0.4338 -0.7706 0.496 -0.7214 0.4614 -0.769 0.4912 -0.7721 0.5153 -0.7268 0.5354 -0.7271 0.5366 -0.7492 0.4203 -0.6764 0.4314 -0.7241 0.3872 -0.7256 0.3696 -0.6765 0.3681 -0.6117 0.4179 -0.6173 0.365 -0.5437 0.4509 -0.6249 0.427 -0.5548 0.4895 -0.5864 0.4575 -0.5607 0.4954 -0.6425 0.4532 -0.685 0.4338 -0.7706 0.4565 -0.7342 0.4614 -0.769 0.496 -0.7214 0.4912 -0.7721 0.5153 -0.7268 0.5147 -0.7597 0.5366 -0.7492 0.5354 -0.7271 0.5171 -0.6768 0.5422 -0.6796 0.5805 -0.6828 0.5805 -0.7297 0.5805 -0.7504 0.6158 -0.6715 0.6158 -0.7218 0.6158 -0.6128 0.5805 -0.6232 0.6158 -0.5541 0.5805 -0.5719 0.5436 -0.6295 0.545 -0.5918 0.5176 -0.6327 0.5179 -0.6135 0.4945 -0.6798 0.4532 -0.685 0.4203 -0.6764 0.4945 -0.6798 0.5171 -0.6768 0.5422 -0.6796 0.5805 -0.6828 0.5805 -0.7297 0.5805 -0.7504 0.3888 -0.7671 0.3872 -0.7256 0.3696 -0.6765 0.3313 -0.7218 0.3313 -0.6715 0.3313 -0.6128 0.5071 -0.1551 0.5071 -0.1379 0.4958 -0.1551 0.5071 -0.0313 0.5071 -0.011 0.4955 -0.0313 0.5071 -0.0461 0.5071 -0.0678 0.4954 -0.0461 0.495 -0.0678 0.5071 -0.0881 0.4952 -0.1079 0.5071 -0.1079 0.4951 -0.0881 0.979 -0.2789 0.9434 -0.1765 0.9461 -0.2789 0.9846 -0.1751 0.9414 -0.139 0.9055 -0.1759 0.5428 -0.2209 0.5695 -0.2288 0.5428 -0.1465 0.5695 -0.2288 0.5822 -0.1428 0.602 -0.2377 0.9655 -0.4959 0.9499 -0.4972 0.9451 -0.4571 0.9629 -0.4554 0.9429 -0.4491 0.962 -0.4474 0.9379 -0.4122 0.9369 -0.3913 0.9629 -0.3913 0.9501 -0.4041 0.9725 -0.4044 0.9625 -0.4125 0.9112 -0.3913 0.5146 -0.4489 0.5196 -0.4963 0.5344 -0.4861 0.5313 -0.4565 0.5514 -0.4713 0.5572 -0.4602 0.5423 -0.4474 0.5534 -0.4382 0.5629 -0.4491 0.5798 -0.4352 0.5711 -0.4269 0.4016 -0.4491 0.403 -0.4869 0.4235 -0.4867 0.4233 -0.4489 0.4596 -0.4869 0.4595 -0.4489 0.4553 -0.4324 0.4553 -0.4324 0.4847 -0.4324 0.4578 -0.3913 0.4822 -0.3913 0.4822 -0.3851 0.4578 -0.3851 0.4792 -0.3348 0.4608 -0.3348 0.4608 -0.3348 0.4792 -0.3348 0.47 -0.321 0.6158 -0.7218 0.6158 -0.6715 0.6158 -0.6128 0.5805 -0.6232 0.6158 -0.5541 0.5805 -0.5719 0.5436 -0.6295 0.545 -0.5918 0.5176 -0.6327 0.5179 -0.6135 0.4954 -0.6425 0.4509 -0.6249 0.4895 -0.5864 0.4179 -0.6173 0.427 -0.5548 0.3681 -0.6117 0.365 -0.5437 0.5071 -0.0881 0.5071 -0.1079 0.4951 -0.0881 0.5071 -0.0678 0.495 -0.0678 0.5071 -0.0461 0.4954 -0.0461 0.5071 -0.0313 0.4955 -0.0313 0.4958 -0.011 0.5071 -0.011 0.5071 -0.1256 0.5071 -0.1379 0.4958 -0.1379 0.8432 -0.3952 0.8289 -0.4086 0.8373 -0.4184 0.8522 -0.4085 0.8487 -0.3841 0.8614 -0.4 0.8547 -0.3736 0.8706 -0.3916 0.8867 -0.3913 0.87 -0.3587 0.8816 -0.347 0.9038 -0.3531 0.9112 -0.3913 0.9343 -0.353 0.9369 -0.3913 0.9649 -0.353 0.9629 -0.3913 0.9817 -0.3913 0.9725 -0.4044 0.9812 -0.4135 0.9625 -0.4125 0.9501 -0.4041 0.9379 -0.4122 0.9629 -0.4554 0.962 -0.4474 0.9429 -0.4491 0.9451 -0.4571 0.9655 -0.4959 0.9499 -0.4972 0.9725 -0.4569 0.9831 -0.4942 0.9928 -0.4922 0.9878 -0.4543 0.9863 -0.4463 0.9703 -0.449 0.9625 -0.4125 0.9892 -0.4137 0.9914 -0.3971 0.9765 -0.3531 0.9637 -0.332 0.9347 -0.3326 0.9057 -0.3331 0.891 -0.3284 0.8745 -0.3431 0.8665 -0.3549 0.8517 -0.371 0.8459 -0.383 0.8405 -0.3924 0.8262 -0.406 0.823 -0.4199 0.823 -0.4199 0.8413 -0.4219 0.823 -0.4199 0.8559 -0.4125 0.866 -0.4042 0.8843 -0.4051 0.8761 -0.396 0.8879 -0.4135 0.885 -0.4138 0.8851 -0.4482 0.8879 -0.4135 0.885 -0.4138 0.8827 -0.4479 0.8847 -0.4566 0.8818 -0.4551 0.8819 -0.498 0.8795 -0.4984 0.8887 -0.5094 0.8819 -0.498 0.8795 -0.4984 0.5661 -0.0642 0.6035 -0.0525 0.6056 -0.0347 0.5668 -0.0357 0.6014 -0.002699 0.5634 -0.0029 0.5361 -0.0651 0.5361 -0.0367 0.5702 -0.0921 0.6079 -0.0708 0.7114 -0.0684 0.7114 -0.0342 0.7114 -0.002399 0.7976 -0.0332 0.7957 -0.002399 0.8746 -0.0025 0.8829 -0.0315 0.9455 -0.0309 0.9493 -0.0641 0.9804 -0.0645 0.9896 -0.1078 0.9493 -0.0641 0.9438 -0.1102 0.8893 -0.0644 0.8924 -0.1209 0.8007 -0.0729 0.7899 -0.133 0.8045 -0.1284 0.9869 -0.138 0.8893 -0.0644 0.8007 -0.0729 0.7114 -0.1399 0.6241 -0.126 0.917 -0.4569 0.9176 -0.5021 0.9332 -0.5021 0.9344 -0.4582 0.9159 -0.4501 0.9347 -0.4501 0.913 -0.4126 0.9379 -0.4122 0.9247 -0.4042 0.8997 -0.4043 0.8879 -0.4135 0.8851 -0.4482 0.9048 -0.4499 0.8847 -0.4566 0.9031 -0.4579 0.8819 -0.498 0.8975 -0.4992 0.8975 -0.4992 0.8887 -0.5094 0.8993 -0.5002 0.8887 -0.5094 0.8975 -0.4992 0.8993 -0.5002 0.9057 -0.4579 0.9031 -0.4579 0.9074 -0.4503 0.9048 -0.4499 0.9074 -0.4503 0.9119 -0.4255 0.913 -0.4126 0.917 -0.4569 0.9159 -0.4501 0.9135 -0.4501 0.9142 -0.4572 0.9176 -0.5021 0.9148 -0.5031 0.9176 -0.5021 0.9148 -0.5031 0.9254 -0.5129 0.9332 -0.5021 0.9254 -0.5129 0.9254 -0.5129 0.9353 -0.5029 0.9332 -0.5021 0.9353 -0.5029 0.9372 -0.4573 0.9344 -0.4582 0.9375 -0.4505 0.9347 -0.4501 0.9383 -0.4286 0.9379 -0.4122 0.9429 -0.4491 0.9403 -0.4495 0.9413 -0.4572 0.9451 -0.4571 0.9499 -0.4972 0.9479 -0.4973 0.9499 -0.4972 0.9479 -0.4973 0.9587 -0.5073 0.9655 -0.4959 0.9587 -0.5073 0.9587 -0.5073 0.9681 -0.4962 0.9655 -0.4959 0.9681 -0.4962 0.9649 -0.4532 0.9629 -0.4554 0.9644 -0.4478 0.962 -0.4474 0.9637 -0.4303 0.9625 -0.4125 0.9703 -0.449 0.968 -0.4493 0.9697 -0.4563 0.9725 -0.4569 0.9831 -0.4942 0.9777 -0.4928 0.9831 -0.4942 0.9777 -0.4928 0.9893 -0.5038 0.9893 -0.5038 0.9893 -0.5038 0.9979 -0.4906 0.9924 -0.4517 0.9979 -0.4906 0.9914 -0.4463 0.9914 -0.4463 0.9951 -0.4142 0.5534 -0.4382 0.5711 -0.4269 0.5798 -0.4352 0.5629 -0.4491 0.5423 -0.4474 0.5572 -0.4602 0.5313 -0.4565 0.5514 -0.4713 0.5344 -0.4861 0.5146 -0.4489 0.477 -0.4868 0.5196 -0.4963 0.4925 -0.4488 0.4847 -0.4324 0.4595 -0.4489 0.4596 -0.4869 0.4646 -0.5256 0.5088 -0.5275 0.5315 -0.5071 0.5428 -0.4936 0.5628 -0.4649 0.5571 -0.4757 0.5855 -0.4395 0.5685 -0.4541 0.5911 -0.4257 0.5911 -0.4257 0.5695 -0.4234 0.5911 -0.4257 0.5522 -0.434 0.5402 -0.4434 0.5288 -0.4505 0.5194 -0.4418 0.5288 -0.4505 0.5141 -0.4324 0.5141 -0.4324 0.4847 -0.4324 0.5177 -0.3934 0.5141 -0.4324 0.4847 -0.4324 0.4933 -0.3915 0.4946 -0.3854 0.519 -0.3873 0.5213 -0.3394 0.5029 -0.338 0.5134 -0.325 0.5213 -0.3394 0.5029 -0.338 0.9792 -0.0303 0.9455 -0.0309 0.8829 -0.0315 0.7976 -0.0332 0.7114 -0.0342 0.7114 -0.0684 0.6056 -0.0347 0.6035 -0.0525 0.5661 -0.0642 0.5668 -0.0357 0.5361 -0.003099 0.6014 -0.002699 0.7114 -0.002399 0.7957 -0.002399 0.8746 -0.0025 0.9425 -0.000299 0.9756 -0.003099 0.9425 -0.000299 0.6079 -0.0708 0.5702 -0.0921 0.5361 -0.0993 0.9773 -0.3317 0.9893 -0.3593 0.3885 -0.3462 0.3944 -0.3313 0.4048 -0.3436 0.3885 -0.3462 0.4048 -0.3436 0.4157 -0.3865 0.3938 -0.3899 0.4169 -0.3926 0.395 -0.396 0.4258 -0.4324 0.4013 -0.4324 0.4233 -0.4489 0.4553 -0.4324 0.4553 -0.4324 0.4258 -0.4324 0.4493 -0.3924 0.4249 -0.3943 0.4487 -0.3863 0.4243 -0.3882 0.4412 -0.3403 0.4228 -0.3417 0.4306 -0.3273 0.4412 -0.3403 0.4228 -0.3417 0.4235 -0.4867 0.403 -0.4869 0.4016 -0.4491 0.3932 -0.4327 0.3919 -0.4514 0.3944 -0.4939 0.4086 -0.525 0.4229 -0.5294 0.4822 -0.3913 0.4578 -0.3913 0.4822 -0.3851 0.4578 -0.3851 0.4792 -0.3348 0.4608 -0.3348 0.47 -0.321 0.4792 -0.3348 0.4608 -0.3348 0.6082 -0.0723 0.6144 -0.0825 0.6144 -0.0825 0.7114 -0.1399 0.9434 -0.1765 0.9414 -0.139 0.9461 -0.2789 0.8944 -0.2793 0.8924 -0.1209 0.8045 -0.1284 0.7899 -0.133 0.9951 -0.4142 0.9914 -0.4463 0.9914 -0.4463 0.9924 -0.4517 0.9979 -0.4906 0.9979 -0.4906 0.9893 -0.5038 0.9831 -0.4942 0.9893 -0.5038 0.9893 -0.5038 0.9777 -0.4928 0.9831 -0.4942 0.9777 -0.4928 0.9697 -0.4563 0.9725 -0.4569 0.9703 -0.449 0.968 -0.4493 0.9625 -0.4125 0.9637 -0.4303 0.9629 -0.4554 0.962 -0.4474 0.9644 -0.4478 0.9649 -0.4532 0.9655 -0.4959 0.9681 -0.4962 0.9655 -0.4959 0.9681 -0.4962 0.9587 -0.5073 0.9499 -0.4972 0.9587 -0.5073 0.9587 -0.5073 0.9479 -0.4973 0.9499 -0.4972 0.9479 -0.4973 0.9413 -0.4572 0.9451 -0.4571 0.9429 -0.4491 0.9403 -0.4495 0.9383 -0.4286 0.9379 -0.4122 0.9344 -0.4582 0.9347 -0.4501 0.9375 -0.4505 0.9372 -0.4573 0.9332 -0.5021 0.9353 -0.5029 0.9332 -0.5021 0.9353 -0.5029 0.9254 -0.5129 0.9176 -0.5021 0.9254 -0.5129 0.9254 -0.5129 0.9148 -0.5031 0.9176 -0.5021 0.9148 -0.5031 0.9142 -0.4572 0.917 -0.4569 0.9135 -0.4501 0.9159 -0.4501 0.9119 -0.4255 0.913 -0.4126 0.9031 -0.4579 0.9048 -0.4499 0.9074 -0.4503 0.9074 -0.4503 0.9057 -0.4579 0.8975 -0.4992 0.8993 -0.5002 0.8887 -0.5094 0.8975 -0.4992 0.8993 -0.5002 0.8887 -0.5094 0.9031 -0.4579 0.8975 -0.4992 0.8819 -0.498 0.8847 -0.4566 0.9048 -0.4499 0.8851 -0.4482 0.913 -0.4126 0.8879 -0.4135 0.8997 -0.4043 0.9247 -0.4042 0.9379 -0.4122 0.9159 -0.4501 0.9347 -0.4501 0.9344 -0.4582 0.917 -0.4569 0.9332 -0.5021 0.9176 -0.5021 0.4048 -0.3436 0.3944 -0.3313 0.3885 -0.3462 0.4157 -0.3865 0.4048 -0.3436 0.3885 -0.3462 0.3938 -0.3899 0.4169 -0.3926 0.395 -0.396 0.4258 -0.4324 0.4258 -0.4324 0.4013 -0.4324 0.3313 -0.7218 0.3313 -0.6715 0.3313 -0.6128 0.3313 -0.5541 0.5088 -0.5275 0.5315 -0.5071 0.5428 -0.4936 0.5571 -0.4757 0.5628 -0.4649 0.5685 -0.4541 0.5855 -0.4395 0.5911 -0.4257 0.5911 -0.4257 0.5911 -0.4257 0.5695 -0.4234 0.5522 -0.434 0.5402 -0.4434 0.5288 -0.4505 0.5288 -0.4505 0.5194 -0.4418 0.5141 -0.4324 0.5141 -0.4324 0.4847 -0.4324 0.5141 -0.4324 0.5177 -0.3934 0.4946 -0.3854 0.4933 -0.3915 0.519 -0.3873 0.5213 -0.3394 0.5029 -0.338 0.5029 -0.338 0.5213 -0.3394 0.5134 -0.325 0.4646 -0.5256 0.477 -0.4868 0.4925 -0.4488 0.4847 -0.4324 0.4229 -0.5294 0.4086 -0.525 0.3944 -0.4939 0.3919 -0.4514 0.3932 -0.4327 0.4249 -0.3943 0.4493 -0.3924 0.4487 -0.3863 0.4243 -0.3882 0.4412 -0.3403 0.4228 -0.3417 0.4228 -0.3417 0.4412 -0.3403 0.4306 -0.3273 0.8761 -0.396 0.5147 -0.7597 0.3883 -0.7797 0.3888 -0.7671 0.5805 -0.7825 0.5354 -0.7813 0.5143 -0.7767 0.5136 -0.8068 0.537 -0.8104 0.5805 -0.8124 0.6158 -0.8164 0.6158 -0.7818 0.6158 -0.7564 0.5805 -0.7825 0.5354 -0.7813 0.5143 -0.7767 0.5136 -0.8068 0.4909 -0.8096 0.4655 -0.8102 0.4294 -0.8167 0.3869 -0.8201 0.3883 -0.7797 0.3313 -0.8164 0.3313 -0.7818 0.3313 -0.7564 0.4502 -0.0461 0.4049 -0.0313 0.4049 -0.0461 0.4049 -0.0678 0.4499 -0.0678 0.4049 -0.0881 0.45 -0.0881 0.4501 -0.1079 0.5071 -0.1256 0.4957 -0.1256 0.4958 -0.1379 0.4503 -0.1256 0.4049 -0.1079 0.4049 -0.1256 0.4049 -0.1379 0.4503 -0.1379 0.4049 -0.1551 0.3111 -0.1551 0.3111 -0.1379 0.3111 -0.1256 0.3111 -0.1079 0.3111 -0.0881 0.3111 -0.0678 0.3111 -0.0461 0.3111 -0.0313 0.3111 -0.011 0.4049 -0.011 0.4502 -0.0313 0.4504 -0.011 0.3138 -0.311 0.3132 -0.311 0.3138 -0.311 0.3138 -0.311 0.3138 -0.311 0.3138 -0.311 0.3138 -0.311 0.3132 -0.311 0.3132 -0.311 0.3126 -0.311 0.3126 -0.311 0.3126 -0.311 0.3126 -0.311 0.3126 -0.311 0.3126 -0.311 0.3132 -0.311 0.7604 -0.2877 0.7211 -0.2785 0.7045 -0.3017 0.7603 -0.3075 0.8127 -0.3052 0.7957 -0.279 0.8944 -0.2793 0.8435 -0.2166 0.8967 -0.1422 0.8102 -0.1918 0.8102 -0.1918 0.7809 -0.2458 0.7572 -0.2496 0.735 -0.2427 0.7234 -0.2272 0.668 -0.2185 0.602 -0.2377 0.6366 -0.1439 0.5822 -0.1428 0.6366 -0.1439 0.668 -0.2185 0.7211 -0.2785 0.7234 -0.2272 0.7604 -0.2877 0.735 -0.2427 0.7572 -0.2496 0.7957 -0.279 0.8435 -0.2166 0.7809 -0.2458 0.8102 -0.1918 0.8136 -0.2264 0.9055 -0.1759 0.8127 -0.3052 0.7603 -0.3075 0.7045 -0.3017 0.4049 -0.0461 0.4049 -0.0313 0.4502 -0.0461 0.4049 -0.0678 0.4499 -0.0678 0.4049 -0.0881 0.45 -0.0881 0.4501 -0.1079 0.4952 -0.1079 0.4502 -0.0313 0.9625 -0.4125 0.537 -0.8104 0.5805 -0.8124 0.6158 -0.8164 0.6158 -0.7818 0.6158 -0.7564 0.4049 -0.1079 0.4503 -0.1256 0.4957 -0.1256 0.3111 -0.011 0.4049 -0.011 0.3111 -0.0313 0.3111 -0.0461 0.3111 -0.0678 0.3111 -0.0881 0.3111 -0.1079 0.3111 -0.1256 0.4049 -0.1256 0.3111 -0.1379 0.4049 -0.1379 0.3111 -0.1551 0.4049 -0.1551 0.4503 -0.1379 0.4504 -0.1551 0.6287 -0.2714 0.7468 -0.3367 0.7468 -0.3258 0.9379 -0.4122 0.8761 -0.396 0.8967 -0.1422 0.9438 -0.1102 0.913 -0.4126 0.913 -0.4126 0.913 -0.4126 0.913 -0.4126 0.9119 -0.4255 0.4847 -0.4324 0.4933 -0.3915 0.5634 -0.0029 0.3132 -0.311 0.3126 -0.311 0.3132 -0.311 0.3138 -0.311 0.3138 -0.311 0.3138 -0.311 0.3138 -0.311 0.3138 -0.311 0.3138 -0.311 0.3132 -0.311 0.3132 -0.311 0.3126 -0.311 0.3126 -0.311 0.3126 -0.311 0.3126 -0.311 0.3126 -0.311 0.6287 -0.2714 0.7334 -0.3367 0.7468 -0.3367 0.7468 -0.3258 0.3339 -0.3083 0.3354 -0.3083 0.3354 -0.3193 0.3339 -0.3193 0.5705 -0.0942 0.5742 -0.103 0.5428 -0.1009 0.5428 -0.1106 0.5742 -0.103 0.5705 -0.0942 0.6082 -0.0723 0.5745 -0.1268 0.5428 -0.1378 0.5745 -0.1268 0.6241 -0.126 0.5752 -0.1282 0.5428 -0.1388 0.5752 -0.1282 0.6253 -0.1278 0.3339 -0.3083 0.3339 -0.3193 0.3354 -0.3193 0.3354 -0.3083 0.3339 -0.3083 0.3339 -0.3193 0.8078 -0.1581 0.3339 -0.3083 0.3339 -0.3193 0.3354 -0.3193 0.3354 -0.3083 0.3339 -0.3083 0.3339 -0.3193 0.3354 -0.3083 0.913 -0.4126 0.9119 -0.4255 0.913 -0.4126 0.913 -0.4126 0.913 -0.4126 0.9379 -0.4122 0.4909 -0.8096 0.4655 -0.8102 0.4294 -0.8167 0.3869 -0.8201 0.3313 -0.8164 0.3313 -0.7818 0.3313 -0.7564 0.3339 -0.3083 0.3354 -0.3193 0.3339 -0.3193 0.4933 -0.3915 0.3339 -0.3083 0.3354 -0.3138 0.3339 -0.3193 0.4847 -0.4324 0.3339 -0.3193 0.3339 -0.3083 0.3339 -0.3193 0.3354 -0.3193 0.3339 -0.3083 0.4575 -0.5607 0.4504 -0.1551 0.4958 -0.011 0.8136 -0.2264 0.6916 -0.1573 0.6916 -0.1573 0.9379 -0.4122 0.4553 -0.4324 0.4575 -0.5607 0.4575 -0.5607 0.4504 -0.011 0.4958 -0.1551 0.5071 -0.1551 0.9625 -0.4125 0.7815 -0.1653 0.8078 -0.1581 0.8102 -0.1918 0.9379 -0.4122 0.9379 -0.4122 0.9383 -0.4286 0.9625 -0.4125 0.9637 -0.4303 0.4553 -0.4324 0.3313 -0.5541 0.3339 -0.3193 0.3339 -0.3083 0.3354 -0.3193 0.3354 -0.3083 0.3354 -0.3193 0.3339 -0.3193 0.3339 -0.3083 0.7242 -0.1957 0.7724 -0.1954 0.7087 -0.1418 0.7234 -0.2272 0.7234 -0.2272 0.6253 -0.1278 0.7087 -0.1418 0.7234 -0.2272 0.8102 -0.1918 0.7815 -0.1653 0.7242 -0.1957 0.8102 -0.1918 0.7724 -0.1954 0.3354 -0.3193 0.3339 -0.3083 0.3339 -0.3193 0.3354 -0.3193 0.3354 -0.3083 0.9637 -0.4303 0.9625 -0.4125 0.9383 -0.4286 0.9379 -0.4122 0.3339 -0.3083 0.3354 -0.3193 0.3339 -0.3193 0.3339 -0.3193 0.3354 -0.3193 0.3339 -0.3083 0.5107 -0.5287 0.3354 -0.3083 0.7234 -0.2272 0.5107 -0.5287</float_array>
          <technique_common>
            <accessor source="#GeometrySource2-array" count="2519" stride="2">
              <param name="S" type="float"/>
              <param name="T" type="float"/>
            </accessor>
          </technique_common>
        </source>
        <vertices id="Geometry-vertices">
          <input semantic="POSITION" source="#GeometrySource"/>
          <input semantic="NORMAL" source="#GeometrySource1"/>
          <input semantic="TEXCOORD" source="#GeometrySource2"/>
        </vertices>
        <triangles material="VisualMaterial0" count="2568">
          <input semantic="VERTEX" source="#Geometry-vertices" offset="0"/>
          <p>0 1 2 0 2 3 4 0 3 4 3 5 6 4 5 6 5 7 8 6 7 8 7 9 10 8 9 10 9 11 12 10 11 12 11 13 14 15 16 14 16 17 18 14 17 18 17 19 20 18 19 20 19 21 22 20 21 23 22 21 23 21 24 25 23 24 25 24 26 27 25 26 15 27 28 27 26 28 16 15 29 15 28 29 30 31 32 33 30 32 33 32 34 35 33 34 35 34 36 37 35 36 37 36 38 39 37 38 39 38 40 41 39 40 41 40 42 43 41 42 44 45 46 47 44 46 47 46 48 49 47 48 49 48 50 51 49 50 51 50 52 53 51 52 53 52 54 55 53 54 51 53 55 55 54 56 57 55 56 57 56 58 59 58 56 59 60 58 61 56 54 61 59 56 62 52 50 63 61 54 63 54 52 62 63 52 64 50 48 64 62 50 65 48 46 65 64 48 66 46 45 66 65 46 66 45 67 68 69 70 71 68 70 71 70 72 73 71 72 74 75 76 77 74 76 78 76 75 79 78 75 79 75 80 79 80 81 82 79 81 83 72 70 84 81 80 84 82 81 83 85 72 73 72 85 84 80 85 83 84 85 86 70 69 86 83 70 87 86 69 88 51 55 88 55 57 47 49 89 49 51 89 51 88 89 47 89 90 44 47 90 44 90 91 92 44 91 44 92 93 45 44 93 67 45 94 45 93 94 67 94 95 96 67 95 96 66 67 96 95 97 98 96 97 66 96 99 65 66 100 66 99 100 65 100 101 64 65 101 62 64 102 64 101 102 62 102 103 63 62 104 62 103 104 89 88 105 88 57 105 90 89 106 89 105 106 90 106 107 91 90 107 91 107 108 92 91 109 91 108 109 92 109 110 93 92 111 92 110 111 93 111 112 94 93 112 95 94 113 94 112 113 95 113 114 97 95 114 97 114 115 98 97 115 98 115 116 117 118 119 117 119 120 121 117 120 121 120 122 121 122 123 124 121 123 124 123 125 126 124 125 126 125 127 128 126 127 128 127 129 130 128 129 130 129 131 132 130 131 130 132 133 128 130 133 126 128 134 128 133 134 126 134 135 124 126 135 117 121 136 121 124 136 124 135 136 117 136 137 118 117 137 138 139 140 138 140 141 142 138 141 142 141 143 144 142 143 144 143 145 146 144 145 146 145 147 148 146 147 148 147 149 150 148 149 150 149 151 152 150 151 153 152 151 153 151 154 155 153 154 155 154 156 157 155 156 157 156 158 159 157 158 159 158 160 161 159 160 161 160 162 163 161 162 139 163 164 163 162 164 140 139 165 139 164 165 166 167 168 169 166 168 170 169 168 171 172 173 174 171 173 174 173 175 176 175 173 176 173 177 178 177 179 180 86 87 180 179 181 182 83 86 180 182 86 182 180 181 182 181 183 184 182 183 184 82 84 184 84 83 182 184 83 180 185 179 185 180 87 185 178 179 186 187 188 186 188 189 167 190 191 168 167 191 172 192 173 177 173 192 181 179 192 179 177 192 183 193 191 181 192 193 183 181 193 168 191 193 79 194 78 82 190 194 79 82 194 195 194 190 195 78 194 196 190 167 196 195 190 197 196 167 197 167 166 198 197 166 199 198 166 199 166 169 200 199 169 201 169 170 201 200 169 202 201 170 203 174 175 204 203 175 10 12 205 8 10 205 6 8 206 8 205 206 6 206 207 4 6 207 4 207 208 0 4 208 0 208 209 1 0 209 210 1 211 1 209 211 2 1 212 1 210 212 2 212 213 214 213 212 214 215 213 216 214 212 216 212 210 217 218 219 220 217 219 220 219 221 222 220 221 223 221 224 225 223 224 226 225 224 226 224 227 228 227 224 228 134 227 229 226 227 134 230 227 229 227 230 134 133 230 231 229 230 133 232 230 133 132 232 131 231 232 231 230 232 131 232 132 233 224 221 233 228 224 233 221 219 234 233 219 234 219 218 235 236 237 238 235 237 238 237 239 240 238 239 240 239 241 242 240 241 242 241 243 244 242 243 244 243 245 244 245 246 247 244 246 247 246 248 249 247 248 236 250 237 236 249 250 249 248 250 251 252 253 254 251 253 255 256 257 258 255 257 258 257 259 255 258 260 258 259 260 255 260 261 255 261 262 263 255 262 263 262 264 265 263 264 265 264 266 267 265 266 267 266 268 267 269 254 269 251 254 269 267 268 269 268 270 271 269 270 269 271 251 271 272 251 272 271 270 272 270 273 274 272 273 272 274 275 272 275 251 274 273 276 277 274 276 277 276 278 279 277 278 279 278 280 281 279 280 281 280 282 283 281 282 281 283 284 259 284 283 284 259 285 281 284 285 286 281 285 286 285 287 286 287 288 281 286 288 279 281 288 277 279 289 274 277 289 279 288 289 274 289 275 267 254 290 263 265 290 265 267 290 255 263 291 256 255 291 263 290 291 257 256 292 256 291 292 259 293 285 259 257 293 257 292 294 257 294 293 259 283 295 260 259 295 296 297 298 299 296 298 300 301 302 303 300 302 303 302 304 305 303 304 306 305 304 306 304 307 308 306 307 308 307 309 310 311 309 310 309 307 312 308 309 312 309 313 311 313 309 314 312 313 314 313 315 316 314 315 316 315 317 316 317 318 319 316 318 319 318 320 321 319 320 311 322 320 321 320 322 323 321 322 311 324 322 324 325 322 323 322 325 326 327 325 327 323 325 326 325 328 329 330 328 329 328 331 332 329 331 332 331 333 334 333 331 324 335 325 335 328 325 335 331 328 335 334 331 336 311 320 311 336 313 336 320 318 317 336 318 336 315 313 336 317 315 337 304 302 337 310 307 337 307 304 338 337 302 338 302 301 339 340 298 341 342 298 339 343 344 345 339 344 346 347 348 345 344 348 347 345 348 346 348 349 350 346 349 351 352 353 354 351 353 355 356 357 358 355 357 358 357 359 297 296 360 297 360 361 361 360 362 353 362 354 363 361 362 353 363 362 364 365 366 367 364 366 368 42 40 368 40 38 369 38 36 369 368 38 370 36 34 370 369 36 371 34 32 371 370 34 372 32 31 372 371 32 373 372 31 373 31 374 375 31 30 375 374 31 376 375 30 375 376 377 376 378 377 375 377 379 374 375 379 380 298 381 382 381 383 384 380 383 385 384 383 385 383 386 387 385 386 387 386 388 387 388 389 390 387 389 390 389 391 392 390 391 392 391 393 394 392 393 395 394 393 396 393 397 339 396 397 339 397 398 399 400 398 401 63 104 401 402 63 402 61 63 403 104 103 403 401 104 404 403 103 405 103 102 405 404 103 406 405 102 406 102 101 407 101 100 407 406 101 408 100 99 408 407 100 409 408 99 96 98 410 96 410 99 409 99 410 293 294 411 293 411 412 285 293 412 285 412 287 413 412 411 413 287 412 414 413 411 414 411 415 294 292 415 294 415 411 416 417 415 414 418 419 420 414 419 421 420 422 413 423 422 251 275 424 251 424 252 424 425 426 253 252 426 252 424 426 253 426 427 428 429 430 431 430 432 433 431 432 434 435 436 433 432 436 434 436 437 438 434 437 438 437 439 440 438 439 440 439 441 440 441 442 443 440 442 443 442 444 445 443 444 446 445 444 447 446 448 449 450 451 452 449 451 453 450 449 454 453 449 452 451 455 456 452 455 447 457 431 458 447 459 460 453 454 447 460 461 461 460 454 462 463 464 465 462 464 465 464 466 467 468 469 467 469 470 471 467 470 472 471 470 472 470 473 431 472 473 474 447 461 475 73 85 476 85 80 476 80 75 74 476 75 476 475 85 118 137 477 478 193 192 170 168 478 172 478 192 478 168 193 171 479 172 479 170 478 479 478 172 202 170 479 178 480 177 480 176 177 82 184 481 481 183 191 82 481 190 184 183 481 481 191 190 185 87 482 178 185 482 480 178 483 178 482 483 480 483 484 176 480 484 228 485 134 485 135 134 486 487 488 489 486 488 489 488 490 491 489 490 187 491 492 491 490 492 187 492 188 493 186 189 493 189 494 495 493 494 487 495 496 495 494 496 488 487 497 487 496 497 498 202 479 498 479 171 499 498 171 203 499 174 499 171 174 12 500 205 501 216 210 501 210 502 503 502 210 503 210 211 504 209 208 504 503 211 504 211 209 505 504 208 506 208 207 506 505 208 507 207 206 507 506 207 508 507 206 508 205 500 508 206 205 509 508 500 510 234 218 511 324 311 310 511 311 334 512 333 513 338 301 514 515 516 514 516 517 518 514 517 518 517 519 520 518 519 520 519 521 522 521 365 364 522 365 522 520 521 367 366 523 524 367 523 524 523 515 525 524 515 525 515 514 368 526 42 374 379 527 528 374 527 373 374 529 374 528 529 372 373 530 371 372 530 373 529 530 371 530 531 371 531 532 370 371 532 369 370 533 370 532 533 526 368 534 368 369 534 369 533 534 526 534 535 536 409 410 409 536 537 408 409 537 407 408 538 408 537 538 407 538 406 539 416 418 435 540 436 541 444 448 431 473 542 543 544 545 546 543 545 546 545 547 548 547 549 550 548 549 550 549 551 550 551 552 553 550 552 554 553 552 554 552 555 554 555 556 557 556 558 557 558 559 560 559 561 562 560 561 563 562 561 563 564 562 565 561 559 565 563 561 566 559 558 566 565 559 567 558 556 567 566 558 568 567 556 569 568 556 569 556 555 570 555 552 570 569 555 571 570 552 571 552 551 572 549 547 572 547 545 573 571 551 572 573 549 573 551 549 574 572 545 574 545 544 575 574 544 575 544 576 543 576 544 577 575 576 548 578 547 578 546 547 578 548 579 548 550 580 548 580 579 581 557 559 560 581 559 581 560 582 560 562 583 560 584 582 560 583 584 562 585 583 562 564 585 586 583 585 564 587 585 586 585 587 588 587 589 590 588 589 577 590 591 590 589 591 577 591 592 575 577 592 574 575 593 575 592 593 574 593 594 572 574 594 572 594 595 573 572 595 573 595 596 571 573 596 568 569 597 567 568 598 567 598 599 566 567 599 564 563 600 601 589 587 601 591 589 564 601 587 564 600 602 601 564 602 603 592 591 603 601 602 601 603 591 604 593 592 603 604 592 604 603 605 603 602 605 604 605 606 607 604 606 604 607 593 607 594 593 607 606 608 609 606 605 610 605 602 610 609 605 611 612 613 614 615 616 617 618 615 618 616 615 619 615 620 621 620 615 614 621 615 622 623 620 624 618 617 624 625 626 627 624 626 627 626 628 629 630 631 629 631 632 633 634 635 633 635 636 637 633 636 637 636 638 639 637 638 639 638 640 641 639 640 642 641 640 642 640 643 644 642 643 645 644 643 646 645 647 645 643 647 646 647 648 646 648 649 650 646 649 650 649 651 652 650 651 653 652 651 654 653 655 653 651 655 656 654 655 656 655 657 658 656 657 658 657 659 660 658 659 660 659 661 662 660 661 662 661 663 664 662 663 665 666 667 668 634 669 670 668 669 671 672 673 674 673 675 674 675 676 677 674 676 677 676 678 679 680 678 681 678 642 681 682 678 683 681 642 683 642 644 684 683 644 684 644 645 685 684 645 685 686 650 685 645 686 687 650 652 687 685 650 688 687 652 688 652 653 689 688 653 689 653 690 691 689 690 692 693 690 694 690 695 696 694 695 696 695 697 696 697 698 699 700 698 701 702 662 701 703 702 704 662 664 704 701 662 705 706 666 707 666 665 707 705 666 668 708 634 708 707 665 659 657 709 661 659 709 663 661 709 710 636 635 710 638 636 711 640 638 711 643 640 712 647 643 711 712 643 713 649 648 713 648 647 712 713 647 714 655 651 714 657 655 715 716 717 715 717 718 719 715 720 719 720 721 722 719 723 719 722 724 725 719 726 725 727 728 729 725 728 730 731 732 733 730 732 734 733 735 736 734 735 737 738 739 740 737 739 738 741 742 743 744 745 746 747 745 748 749 750 631 751 750 752 631 630 748 630 753 754 755 756 757 756 758 759 760 761 762 763 764 765 766 764 767 768 769 770 771 769 772 770 769 772 769 773 774 770 775 767 775 776 777 778 779 780 779 781 782 783 784 785 786 787 788 613 612 613 788 789 610 613 789 788 785 790 788 790 789 785 788 791 788 612 792 793 794 795 796 793 795 612 796 792 796 612 797 565 566 797 612 611 797 796 795 798 799 796 800 566 800 797 796 797 800 801 802 803 804 801 803 805 803 806 807 805 806 808 806 809 810 809 806 811 806 812 813 814 812 813 812 815 816 817 818 819 818 820 819 820 821 822 823 824 822 824 825 826 825 827 828 826 827 829 554 556 557 829 556 590 577 830 577 576 830 588 590 831 590 830 831 588 832 587 832 586 587 832 588 833 588 831 833 832 833 834 586 832 834 835 584 583 586 835 583 835 586 836 837 835 838 835 836 838 837 838 839 840 837 839 840 839 841 842 843 844 845 844 843 846 845 843 846 843 841 847 848 849 579 847 849 578 579 850 579 849 850 546 578 851 543 546 852 546 851 852 576 543 853 543 852 853 576 853 830 854 848 841 854 841 839 855 847 579 855 579 580 856 855 580 550 553 857 550 857 580 856 580 857 858 856 857 553 554 859 553 859 857 858 857 859 860 858 859 554 861 859 554 829 861 860 859 861 829 862 861 863 864 862 829 557 865 829 865 862 863 862 865 557 866 865 557 581 866 581 582 866 867 582 584 867 868 582 868 866 582 867 584 869 835 869 584 835 837 869 870 867 869 837 840 871 837 871 869 870 869 871 872 870 871 570 571 873 624 873 618 571 596 873 569 570 874 569 874 597 875 873 624 570 873 875 568 876 598 568 597 876 563 565 877 565 797 877 563 877 600 611 877 797 878 608 606 609 878 606 879 602 600 611 879 877 879 611 613 610 879 613 879 600 877 879 610 602 609 610 880 609 880 881 878 609 881 878 881 882 608 878 883 878 882 883 608 883 884 885 614 616 607 608 885 607 885 594 608 884 885 596 595 886 594 886 595 885 616 886 594 885 886 887 886 616 873 887 618 596 886 887 873 596 887 618 887 616 629 888 889 629 889 890 630 629 891 892 629 632 888 629 893 629 894 893 889 888 895 888 893 895 889 895 896 897 896 895 898 897 895 772 897 898 772 898 899 898 895 899 900 895 893 900 899 895 708 901 634 708 665 901 665 667 902 665 902 901 901 902 903 901 903 904 634 904 635 634 901 904 904 710 635 664 663 905 664 905 906 704 664 907 907 664 906 907 906 667 666 907 667 706 704 907 706 907 666 663 709 908 663 908 909 905 663 909 906 905 910 905 909 910 906 910 911 667 906 911 902 667 912 903 902 913 902 912 913 904 903 914 903 913 914 710 904 915 904 914 915 916 710 915 916 711 638 710 916 638 711 916 917 916 915 917 711 917 918 712 711 918 712 918 919 713 712 920 712 919 920 921 714 651 921 713 920 921 651 649 713 921 649 921 920 922 714 921 923 921 922 923 714 924 657 709 924 908 924 709 657 924 925 908 714 923 925 924 714 925 926 875 624 927 928 929 930 927 929 930 929 931 928 931 929 932 930 931 933 934 935 933 935 936 936 935 931 937 933 936 933 937 938 934 933 939 933 938 939 940 934 939 941 942 943 944 941 943 942 945 943 938 945 939 944 943 945 940 939 945 946 944 945 938 946 945 855 856 947 855 948 847 948 855 947 846 948 949 846 949 845 948 947 949 950 951 952 950 952 953 954 955 956 954 956 957 954 957 958 959 954 958 959 958 960 961 959 960 962 963 964 962 964 965 966 967 968 966 968 969 966 969 970 971 966 970 971 970 972 973 971 972 897 772 974 975 772 899 770 772 976 772 977 976 586 978 836 586 834 978 840 979 871 842 979 843 872 871 979 979 840 841 979 841 843 842 872 979 948 980 847 980 841 848 847 980 848 948 846 980 980 846 841 578 850 981 578 981 851 982 861 862 864 982 862 982 860 861 983 863 865 983 865 866 868 983 866 667 911 984 667 984 912 928 985 931 985 936 931 986 932 931 986 931 935 934 986 935 987 940 945 942 987 945 951 988 952 988 989 952 988 973 989 973 972 989 990 950 953 990 953 991 955 990 991 955 991 956 961 960 992 993 992 964 963 993 964 993 961 992 994 962 965 967 994 995 994 965 995 967 995 968 996 997 998 996 998 999 1000 1001 1002 1000 1002 1003 1004 1005 1006 1004 1006 1007 1008 1009 1010 1008 1010 1011 1012 1013 1014 1015 1012 1014 1016 1017 1018 1019 1016 1018 1020 1021 1022 1023 1020 1022 1024 1025 1026 1027 1024 1026 1028 1005 1004 1029 1028 1004 1030 1031 1032 1033 1030 1032 1007 1034 1004 1034 1035 1004 1036 1037 1038 1039 1036 1038 1040 1041 1042 1043 1040 1042 1044 1045 1046 1047 1044 1046 1048 1049 1050 1051 1048 1050 1052 1053 1054 1055 1052 1054 1004 1035 1056 1057 1004 1056 1058 1059 1060 1061 1058 1060 1062 1029 1004 1063 1062 1004 1064 1065 1066 1067 1064 1066 1068 1069 1070 1071 1068 1070 1072 1073 1074 1075 1072 1074 1076 1077 1078 1079 1076 1078 1080 1081 1082 1083 1080 1082 1084 1063 1004 1085 1084 1004 1086 1087 1088 1089 1086 1088 1057 1090 1004 1090 1091 1004 1092 1093 1094 1095 1092 1094 1096 1097 1098 1099 1096 1098 1100 1101 1102 1103 1100 1102 1104 1105 1106 1107 1104 1106 1108 1085 1004 1109 1108 1004 1091 1110 1004 1110 1111 1004 1112 1113 1114 1115 1112 1114 1116 1109 1004 1111 1116 1004 1117 1118 1119 1120 1117 1119 1121 1122 1123 1124 1121 1123 1125 1126 1127 1128 1125 1127 1129 1130 1131 1132 1129 1131 1133 1134 1135 1136 1133 1135 1137 1138 1139 1140 1137 1139 1141 1142 1143 1144 1141 1143 1145 1146 1147 1148 1145 1147 1149 1150 1151 1152 1149 1151 1153 1154 1155 1156 1153 1155 1157 1158 1159 1160 1157 1159 1161 1162 1163 1164 1161 1163 1165 1166 1167 1168 1165 1167 1169 1170 1171 1172 1169 1171 1173 1174 1175 1176 1173 1175 1177 1178 1179 1180 1177 1179 1181 1182 1183 1184 1181 1183 1185 1186 1187 1188 1185 1187 1189 1190 1191 1192 1189 1191 1193 1194 1195 1196 1193 1195 1197 1198 1199 1200 1197 1199 1201 1202 1203 1204 1201 1203 1205 1206 1207 1208 1205 1207 1209 1210 1211 1212 1209 1211 1213 1214 1215 1216 1213 1215 1217 1218 1219 1220 1217 1219 1221 1222 1223 1224 1221 1223 1225 1226 1227 1228 1225 1227 1229 1230 1231 1232 1229 1231 1233 1234 1235 1236 1233 1235 1237 1238 1239 1240 1237 1239 1241 1242 1243 1244 1241 1243 1245 1246 1247 1248 1245 1247 1249 1250 1251 1252 1249 1251 1253 1254 1255 1256 1253 1255 1257 1258 1259 1257 1259 1260 1261 1262 1263 1264 1261 1263 1265 1266 1267 1268 1265 1267 1269 1270 1271 1272 1269 1271 1273 1274 1275 1276 1273 1275 1277 1278 1279 1280 1277 1279 1281 1282 1283 1284 1281 1283 1285 1286 1287 1288 1285 1287 1289 1290 1291 1292 1289 1291 1293 1294 1295 1296 1293 1295 1297 1298 1299 1300 1297 1299 1301 1302 1303 1304 1301 1303 1305 1306 1307 1308 1305 1307 1309 1310 1311 1312 1309 1311 1313 1314 1315 1316 1313 1315 1317 1318 1319 1320 1317 1319 1321 1322 1323 1324 1321 1323 1325 1326 1327 1328 1325 1327 1329 1330 1331 1332 1329 1331 1333 1334 1335 1336 1333 1335 1337 1338 1339 1340 1337 1339 1341 1342 1343 1344 1341 1343 1345 1346 1347 1348 1345 1347 1349 1350 1351 1352 1349 1351 1353 1354 1355 1356 1353 1355 1357 1358 1359 1360 1357 1359 1361 1362 1363 1364 1361 1363 1365 1366 1367 1368 1365 1367 1369 1370 1371 1372 1369 1371 1373 1374 1375 1376 1373 1375 1377 1378 1379 1380 1377 1379 1381 1382 1383 1384 1381 1383 1385 1386 1387 1388 1385 1387 1389 1390 1391 1392 1389 1391 1393 1394 1395 1396 1393 1395 1397 1398 1399 1400 1397 1399 1401 1402 1403 1404 1401 1403 1405 1400 1399 1406 1405 1399 1407 1408 1409 1410 1407 1409 1411 1412 1413 1414 1411 1413 1398 1415 1399 1415 1416 1399 1417 1418 1419 1420 1417 1419 1421 1406 1399 1422 1421 1399 1423 1424 1425 1426 1423 1425 1427 1428 1429 1430 1427 1429 1416 1431 1399 1431 1432 1399 1433 1434 1435 1436 1433 1435 1437 1438 1439 1440 1437 1439 1441 1442 1443 1444 1441 1443 1445 1422 1399 1446 1445 1399 1447 1448 1449 1450 1447 1449 1451 1452 1453 1454 1451 1453 1455 1456 1457 1458 1455 1457 1459 1460 1461 1462 1459 1461 1463 1464 1465 1466 1463 1465 1467 1468 1469 1470 1467 1469 1471 1472 1473 1474 1471 1473 1475 1476 1477 1478 1475 1477 1399 1479 1480 1481 1399 1480 1482 1483 1484 1485 1482 1484 1486 1487 1488 1489 1486 1488 1490 1491 1492 1493 1490 1492 1494 1495 1496 1497 1494 1496 1481 1498 1399 1498 1499 1399 1500 1501 1502 1503 1500 1502 1504 1505 1506 1507 1504 1506 1508 1509 1510 1511 1508 1510 1512 1513 1514 1515 1512 1514 1399 1432 1516 1399 1516 1479 1517 1399 1499 1517 1446 1399 1518 1519 1520 1518 1520 1521 1522 1520 1519 1518 1521 1523 1524 1518 1523 1525 1523 1526 1527 1525 1526 1528 1529 1530 1531 1528 1530 1532 1533 1531 1534 1532 1531 1532 1534 1535 1536 1532 1535 1536 1535 1537 1538 1539 1540 1538 1540 1541 1542 1538 1541 1543 1544 1545 1546 1543 1545 1547 1546 1545 1547 1545 1548 1549 1547 1548 1542 1550 1551 1550 1547 1551 1542 1551 1552 1538 1542 1552 1538 1552 1553 1539 1538 1553 1554 1539 1553 1554 1553 1555 1554 1555 1556 1557 1554 1556 1557 1556 1558 1559 1557 1558 1560 1559 1558 1560 1558 1561 1562 1560 1561 1563 1562 1564 1562 1561 1564 1563 1564 1565 1566 1563 1565 1566 1565 1567 1568 1566 1567 1568 1567 1569 1570 1568 1569 1571 1570 1569 1572 1569 1573 1569 1567 1573 1574 1575 1573 1574 1573 1576 1567 1576 1573 1567 1565 1576 1577 1574 1576 1565 1578 1576 1577 1576 1578 1579 1577 1578 1565 1564 1580 1581 1582 1580 1565 1580 1578 1581 1580 1583 1564 1583 1580 1564 1561 1583 1558 1556 1583 1558 1583 1561 1581 1583 1584 1585 1581 1584 1586 1587 1588 1589 1586 1588 1589 1588 1590 1591 1589 1590 1591 1590 1592 1593 1591 1592 1594 1595 1596 1597 1598 1599 1600 1597 1601 1597 1599 1601 1600 1601 1602 1603 1600 1602 1604 1603 1605 1606 1607 1608 1606 1608 1609 1606 1609 1610 1611 1606 1610 1611 1610 1612 1613 1611 1614 1611 1612 1614 1615 1613 1616 1613 1615 1617 1611 1618 1606 1611 1613 1618 1613 1617 1618 1607 1606 1618 1619 1607 1620 1607 1618 1620 1621 1619 1620 1621 1620 1622 1623 1621 1622 1623 1622 1624 1625 1623 1624 1625 1624 1626 1627 1626 1624 1627 1624 1628 1629 1627 1628 1627 1629 1630 1627 1630 1631 1626 1627 1631 1626 1631 1632 1633 1631 1630 1634 1632 1631 1633 1634 1631 1635 1633 1630 1635 1630 1636 1637 1635 1636 1637 1636 1638 1630 1639 1636 1630 1629 1639 1640 1636 1639 1640 1638 1636 1629 1641 1639 1629 1628 1641 1615 1642 1617 1642 1640 1639 1617 1642 1641 1642 1639 1641 1617 1641 1643 1628 1643 1641 1618 1643 1620 1628 1624 1643 1624 1622 1643 1622 1620 1643 1618 1617 1643 1644 1598 1597 1644 1645 1598 1646 1597 1600 1646 1600 1603 1646 1644 1597 1647 1603 1604 1647 1646 1603 1648 1647 1604 1648 1604 1649 1650 1604 1605 1650 1649 1604 1651 1650 1605 1599 1598 1652 1598 1645 1653 1598 1653 1652 1645 1654 1653 1655 1653 1654 1656 1655 1654 1656 1654 1657 1658 1659 1660 1661 1662 1663 1664 1661 1663 1665 1664 1666 1664 1663 1666 1665 1666 1667 1668 1665 1667 1669 1670 1671 1670 1668 1671 1668 1667 1671 1672 1673 1674 1673 1672 1675 1673 1675 1676 1677 1673 1676 1678 1679 1680 1681 1678 1680 1681 1680 1682 1683 1681 1682 1684 1685 1686 1687 1684 1686 1687 1686 1688 1549 1689 1688 1689 1687 1688 1549 1688 1690 1555 1553 1691 1553 1552 1692 1553 1692 1691 1693 1691 1692 1552 1551 1694 1552 1694 1692 1695 1692 1694 1551 1695 1694 1547 1695 1551 1556 1696 1583 1556 1555 1696 1555 1691 1696 1697 1698 1699 1700 1697 1699 1700 1699 1701 1700 1701 1702 1703 1700 1702 1704 1703 1705 1703 1702 1705 1704 1705 1706 1707 1704 1706 1708 1709 1710 1711 1708 1710 1711 1710 1712 1711 1712 1713 1714 1711 1713 1715 1713 1716 1717 1718 1719 1720 1717 1719 1720 1719 1721 1722 1720 1721 1723 1724 1725 1650 1651 1726 1649 1650 1727 1650 1726 1727 1649 1727 1728 1729 1649 1728 1729 1728 1730 1731 1729 1730 1732 1648 1649 1729 1732 1649 1732 1729 1733 1729 1731 1733 1734 1647 1648 1732 1734 1648 1734 1646 1647 1732 1733 1735 1734 1732 1735 1736 1644 1646 1734 1736 1646 1736 1734 1735 1736 1737 1644 1737 1645 1644 1736 1735 1738 1737 1736 1738 1737 1739 1645 1739 1737 1740 1645 1741 1654 1741 1657 1654 1739 1741 1645 1741 1742 1657 1739 1740 1742 1741 1739 1742 1743 1744 1745 1746 1743 1747 1743 1745 1747 1748 1746 1749 1746 1747 1749 1750 1748 1751 1748 1749 1751 1752 1753 1751 1750 1751 1753 1754 1755 1756 1757 1758 1759 1757 1759 1760 1761 1757 1760 1761 1760 1762 1763 1761 1764 1761 1762 1764 1763 1764 1765 1766 1763 1765 1766 1765 1767 1768 1767 1765 1768 1765 1769 1770 1768 1769 1770 1769 1771 1772 1770 1771 1772 1771 1773 1774 1772 1773 1774 1773 1775 1776 1774 1775 1777 1775 1773 1777 1776 1775 1778 1773 1771 1778 1771 1779 1780 1781 1782 1780 1782 1783 1784 1780 1783 1784 1783 1785 1786 1787 1788 1786 1788 1789 1786 1789 1790 1776 1777 1790 1791 1786 1790 1781 1792 1782 1791 1790 1792 1776 1790 1793 1776 1793 1794 1774 1776 1794 1772 1774 1795 1774 1794 1795 1772 1795 1796 1768 1770 1797 1772 1796 1797 1770 1772 1797 1768 1797 1798 1767 1768 1798 1767 1798 1799 1767 1799 1800 1766 1767 1800 1763 1766 1801 1766 1800 1801 1761 1763 1802 1763 1801 1802 1757 1761 1803 1761 1802 1803 1758 1757 1804 1757 1803 1804 1758 1804 1805 1758 1805 1806 1759 1758 1807 1760 1759 1808 1759 1809 1808 1760 1808 1810 1762 1760 1810 1762 1810 1811 1765 1764 1812 1764 1813 1812 1814 1765 1812 1814 1812 1815 1816 1817 1818 1816 1818 1819 1820 1816 1819 1820 1819 1821 1822 1820 1821 1822 1821 1823 1824 1825 1826 1827 1828 1829 1830 1827 1829 1830 1829 1831 1832 1830 1831 1827 1830 1833 1830 1834 1833 1827 1833 1835 1828 1827 1836 1827 1835 1836 1828 1836 1837 1829 1828 1837 1829 1837 1838 1831 1829 1838 1839 1831 1838 1839 1838 1840 1841 1839 1840 1842 1841 1840 1842 1840 1843 1844 1842 1843 1844 1843 1845 1846 1844 1845 1846 1845 1847 1848 1846 1847 1848 1847 1849 1850 1848 1849 1850 1849 1851 1852 1850 1851 1853 1852 1854 1852 1851 1854 1676 1675 1855 1855 1849 1847 1856 1845 1843 1856 1843 1840 1857 1838 1837 1857 1840 1838 1857 1856 1840 1858 1857 1837 1858 1837 1859 1860 1861 1862 1860 1862 1863 1864 1860 1863 1864 1863 1865 1866 1864 1865 1792 1867 1782 1866 1865 1867 1868 1771 1769 1869 1769 1765 1869 1765 1814 1866 1870 1871 1872 1866 1871 1872 1871 1873 1874 1872 1873 1874 1873 1875 1876 1874 1875 1877 1825 1878 1879 1877 1880 1881 1882 1883 1884 1881 1883 1884 1883 1885 1886 1884 1887 1886 1887 1888 1889 1886 1888 1890 1891 1892 1890 1892 1893 1894 1890 1893 1894 1893 1895 1896 1897 1898 1899 1896 1900 1899 1901 1902 1903 1904 1905 1906 1903 1905 1906 1905 1907 1908 1906 1907 1908 1907 1909 1910 1908 1909 1911 1912 1913 1914 1911 1913 1915 1914 1913 1915 1913 1916 1917 1918 1919 1920 1917 1921 1920 1922 1923 1924 1925 1926 1927 1924 1926 1927 1926 1928 1929 1927 1928 1929 1928 1930 1931 1929 1930 1932 1933 1934 1935 1932 1934 1936 1935 1934 1936 1934 1937 1938 1939 1940 1788 1938 1941 1788 1942 1943 1789 1788 1944 1788 1945 1944 1790 1789 1946 1789 1944 1946 1793 1790 1946 1793 1947 1948 1949 1950 1951 1949 1951 1952 1953 1949 1952 1953 1952 1954 1955 1953 1954 1955 1954 1956 1955 1956 1957 1958 1955 1957 1959 1958 1960 1958 1957 1960 1958 1959 1961 1962 1958 1961 1963 1961 1959 1964 1963 1959 1965 1959 1960 1965 1964 1959 1966 1965 1960 1967 1966 1960 1968 1960 1957 1968 1967 1960 1969 1956 1954 1970 1968 1957 1970 1957 1956 1969 1970 1956 1971 1952 1951 1971 1972 1952 1972 1954 1952 1972 1969 1954 1973 1971 1951 1974 1951 1950 1975 1976 1950 1977 1950 1949 1977 1975 1950 1978 1977 1949 1978 1949 1953 1979 1978 1953 1979 1955 1958 1979 1953 1955 1980 1981 1958 1982 1980 1958 1983 1958 1984 1985 1986 1987 1985 1988 1989 1990 1985 1989 1991 1990 1989 1991 1989 1992 1993 1994 1995 1996 1844 1846 1997 1846 1848 1997 1996 1846 1998 1848 1850 1998 1997 1848 1999 1998 1850 1999 1850 1852 2000 1999 1852 2000 1852 2001 2002 2000 2001 2002 2001 2003 2002 2003 2004 1834 2005 1833 2005 2002 2004 2005 2004 1833 1830 1832 2006 2005 1834 2006 1830 2006 1834 2002 2005 2007 2000 2002 2007 1999 2000 2008 2000 2007 2008 1999 2008 2009 1999 2009 2010 1998 1999 2010 1998 2010 2011 1997 1998 2011 1996 1997 2011 1844 1996 2012 1996 2011 2012 1842 1844 2013 1844 2012 2013 2004 2003 2014 2003 2001 2014 1833 2004 2015 2004 2014 2015 1835 1833 2016 1833 2015 2016 2017 1796 1795 2018 2017 1795 2018 1795 1794 2019 2020 2021 2022 2023 2024 2025 2022 2024 2025 2024 2026 2027 2025 2026 2027 2026 2028 2029 2027 2028 1963 1964 2030 1984 1963 2031 1963 2030 2032 2031 2030 2033 2029 2033 2030 2034 2028 2035 2036 2034 2035 2036 2035 2037 2038 2036 2037 2038 2037 2039 2040 2041 2042 1964 1965 2043 1964 2043 2030 2043 2044 2045 2030 2043 2045 2030 2045 2029 2046 2029 2045 2047 2045 2044 2047 2046 2045 2048 2047 2044 2048 2044 2049 2050 2049 2044 1965 2050 2043 2050 2044 2043 2051 1987 2052 2053 2051 2052 2053 2052 2054 2055 2053 2054 2055 2054 2056 2057 2058 2059 2060 2001 2061 1859 1837 2062 2063 2001 1852 1853 2063 1852 1675 1672 2064 1675 2065 1855 1855 2065 1849 1675 2064 2065 1672 2066 2064 2067 2064 2066 2068 1856 1857 2069 2068 1857 2069 1857 2070 1857 1858 2070 1550 2071 2072 1547 1550 2073 1546 1547 2073 1546 2073 2074 1543 1546 2074 1543 2074 2075 1543 2076 2077 2078 1543 2079 2078 2080 2081 2082 2083 2084 2085 2082 2084 2086 2085 2084 2086 2084 2087 2088 2086 2087 2088 2087 2089 2090 2091 2092 2090 2092 2093 2094 2090 2093 2094 2093 2095 2096 2097 2098 2099 2096 2100 2099 2101 2102 2103 2104 2105 2106 2103 2105 2107 2106 2105 2107 2105 2108 2107 2108 2109 2110 2107 2109 2111 2112 2113 2111 2113 2114 2115 2111 2114 2115 2114 2116 2117 2118 2119 2120 2117 2121 2120 2122 2123 2124 2125 2126 2127 2124 2126 2127 2126 2128 2129 2127 2128 2129 2128 2130 2131 2129 2130 2132 2133 2134 2132 2135 2136 2137 2132 2136 2137 2136 2138 2139 2140 2141 2140 2142 1595 2143 2144 2145 2143 2145 2146 2147 2143 2146 2147 2146 2148 2149 2147 2148 2149 2148 2150 2151 1583 1696 2151 1584 1583 2152 1696 1691 2152 1691 2153 2154 2149 2155 2149 1690 2155 2154 2155 2156 2157 2154 2156 2157 2156 2158 2159 2157 2158 2160 2161 2162 2163 2164 2165 2163 2165 2166 2167 2163 2166 2167 2166 2168 2169 1711 1715 2170 2167 2168 2171 1708 1711 2170 2168 2171 2169 2171 1711 1609 1608 2172 1609 2172 2173 1610 1609 2174 1609 2173 2174 1612 1610 2174 1612 2174 2175 1698 2176 2177 1699 1698 2178 1698 2177 2178 1699 2178 2179 1701 1699 2179 1702 1701 2180 1701 2179 2180 1702 2180 2181 1705 1702 2181 1705 2181 2182 1706 1705 2182 1706 2182 2183 1707 1706 2184 1707 2185 2186 1704 1707 2187 1707 2186 2187 1703 1704 2188 1704 2187 2188 1703 2188 2189 1697 1700 2189 1700 1703 2189 1697 2190 2191 1697 2191 2192 1716 1697 2193 1717 2194 1718 2194 2195 2196 2197 2198 2196 2197 2196 2199 2197 2199 2200 2201 2197 2200 2202 2203 2204 2205 2176 1698 2205 1712 1710 2206 1698 1697 2206 1713 1712 2206 2205 1698 2205 2206 1712 2207 2206 1697 2206 2207 1713 2207 1697 2208 2209 2205 1710 2209 1710 1709 2210 2209 1709 2210 1709 2211 2212 1709 1708 2212 2211 1709 2213 2212 1708 2171 2213 1708 2214 2170 2215 2214 2215 2216 2217 2214 2216 2217 2216 2218 2219 2217 2218 2220 2221 2222 2223 1578 1580 2223 1579 1578 1603 2224 1605 1603 1602 2224 1619 2225 2226 1607 1619 2226 1607 2226 1608 2227 1626 1632 1626 2227 2228 1625 1626 2228 1623 1625 2229 1625 2228 2229 2230 1623 2229 2230 2229 2228 2231 2230 2228 2231 2228 2227 2232 2231 2227 2232 2227 2233 2234 2227 1632 2234 2233 2227 1634 2235 1632 2235 2234 1632 1651 1605 2236 2237 1605 2224 2237 2236 1605 2238 2224 1602 2238 2237 2224 2239 2238 1602 2237 2238 2239 2240 2239 1602 2240 1602 1601 2241 2240 1601 2242 2241 1601 2242 1601 1599 2243 2242 1599 2243 1599 2244 1599 1652 2244 2245 2243 2244 2246 2245 2244 2246 2244 1652 2247 2246 1652 1655 2247 1653 2247 1652 1653 2248 2249 2250 2248 2250 2251 2248 2252 1666 2252 1667 1666 2252 2248 2251 2252 2251 2253 2252 2254 1667 2254 1669 1671 2254 1671 1667 2254 2252 2253 1669 2254 2255 2254 2253 2255 1669 2256 1670 2256 1669 2257 1669 2255 2257 1659 2256 2258 2256 2257 2258 1659 2258 1660 2259 2257 2255 2260 2255 2253 2260 2259 2255 2259 2260 2261 2259 2261 2262 2263 2259 2262 2259 2263 2257 2263 2258 2257 2263 2262 2264 2265 2264 2262 2266 2262 2261 2266 2265 2262 2267 2261 2260 2267 2266 2261 2268 2267 2260 2269 2268 2260 2269 2260 2253 2270 2253 2251 2270 2251 2250 2270 2269 2253 2271 2270 2250 2272 2271 2250 2272 2250 2249 2273 2272 2249 2274 2273 2249 2275 2248 1666 2275 1666 1663 2248 2275 2249 2274 2249 2275 2276 2275 1663 2276 2274 2275 2277 2278 2279 2277 2279 2280 2281 2277 2280 2282 2281 2280 2282 2280 2283 2282 2283 2284 2285 2282 2284 2285 2284 2286 2287 2285 2286 2287 2286 2288 2289 2287 2288 2289 2288 2290 2291 2289 2290 2291 2290 2278 2292 2291 2278 2292 2278 2277 2293 2294 2295 2293 2295 2296 2293 2296 2297 2298 2293 2297 2298 2297 2299 1673 2299 1674 1673 1677 2299 2300 2298 2299 2300 2299 1677 1677 1676 2301 1677 2301 2302 2300 1677 2303 2298 2300 2304 2293 2298 2305 2298 2304 2305 2293 2305 2306 2294 2293 2306 2294 2306 2307 2308 2294 2307 2309 2308 2310 2309 2310 2311 1679 2309 2311 1679 2311 1680 1683 1682 2312 2313 1683 2312 2314 2313 2315 2316 2314 2317 2314 2315 2317 2316 2317 2318 2319 2316 2318 2319 2320 2067 2319 2318 2321 2320 2319 2321 2322 2320 2323 2320 2321 2323 2320 2324 2067 2067 2324 2064 2320 2322 2324 2324 2065 2064 2319 2067 2325 2316 2319 2325 2316 2325 2326 2314 2316 2327 2316 2326 2327 2328 2329 2330 2331 2328 2330 1749 2332 2330 2331 2330 2332 2333 2331 2332 1749 1747 2332 1747 2334 2332 2333 2332 2334 2335 2333 2334 1747 1745 2334 1745 2336 2334 1744 1754 2336 1744 2336 1745 2335 2334 2336 1749 2330 2337 1751 1749 2337 2329 2337 2330 2338 1693 1692 2237 2239 2339 2236 2237 2340 2237 2339 2340 2236 2340 2341 1651 2236 2342 2236 2341 2342 1651 2342 2343 1651 2343 1726 2344 2333 2335 2345 2344 2335 2346 1754 1756 1754 2346 2336 2346 2335 2336 2346 2345 2335 2347 2348 2329 2348 2337 2329 2349 2347 2329 2349 2329 2328 2350 2349 2328 2351 2350 2328 2351 2331 2333 2351 2328 2331 2352 2351 2333 2352 2333 2344 2353 2352 2344 2354 2353 2344 2354 2344 2355 2344 2345 2355 2356 2354 2355 2356 2355 2357 2345 2357 2355 2358 2356 2357 2359 2358 2357 2345 2346 2360 2345 2360 2357 2346 1756 2360 2359 2357 2360 2361 2360 1756 2361 2359 2360 2308 2309 2362 2363 2308 2362 2363 2362 2364 1777 1778 2365 1762 1811 2366 1764 1762 2366 2367 1851 1849 2324 2367 2065 2065 2367 1849 2068 2301 2368 2301 1676 2368 1676 1855 2368 2368 1847 1845 1856 2368 1845 2368 1855 1847 2068 2368 1856 1868 2369 2365 2369 1869 1870 2370 1868 1769 1869 2371 1769 1891 2372 2373 1891 2373 1892 1963 2374 1961 1985 1987 2375 2005 2376 2007 2005 2006 2376 2377 2378 2379 2380 2377 2379 2380 2379 2381 2380 2381 2382 2383 2380 2382 2383 2382 2384 2385 2383 2384 2385 2384 2386 2387 2385 2386 2388 2387 2386 2388 2386 2389 2390 2388 2389 2378 2390 2391 2390 2389 2391 2379 2378 2392 2378 2391 2392 2313 2393 1683 2393 2394 2395 2393 2395 2396 2397 2398 2399 2400 2397 2399 2401 2060 2061 2401 2061 2402 2403 2401 2402 2403 2402 2404 2403 2404 2405 1859 2062 2405 2406 2405 2062 2406 2403 2405 2407 2062 1837 2407 2406 2062 2408 2405 2404 2408 1859 2405 2409 2408 2404 2410 2409 2404 2410 2404 2402 2063 2411 2001 2411 2061 2001 2411 2410 2402 2411 2402 2061 2412 1682 1680 2412 2312 1682 2413 2412 1680 2414 2311 2310 2414 2413 1680 2414 1680 2311 2415 2414 2310 2416 2417 2418 2419 2416 2418 2420 2419 2418 2420 2418 2421 2068 2422 2301 2302 2301 2422 2068 2069 2422 2423 2424 2425 2426 2423 2425 2427 2428 2429 2133 2430 2431 2133 2431 2134 2151 2432 2150 2433 2151 1696 2152 2434 1696 1693 1695 2435 2432 2152 2435 1623 2230 2436 1621 1623 2436 1621 2436 2437 1621 2437 2438 1619 1621 2438 2225 1619 2439 1619 2438 2439 2225 2439 2440 2225 2440 2441 2226 2225 2441 1608 2226 2442 1608 2442 2172 2226 2441 2442 2443 2444 2445 2446 2194 2196 2447 2448 2449 2207 2450 1713 2451 2448 2452 2453 2454 2455 1613 1614 2456 2457 1660 2258 2263 2457 2258 2457 2263 2264 2458 2276 1663 2458 1663 1662 2300 2303 2459 2300 2459 2304 2308 2460 2310 2415 2310 2460 2308 2307 2460 2313 2312 2461 2313 2461 2315 1693 2462 1691 1717 2463 2194 2170 2463 2215 1737 1738 2464 1737 2465 1740 2348 2466 2337 2466 1752 1751 2466 1751 2337 2467 2361 1756 2467 1756 1755 2468 2467 1755 1778 2469 1773 2063 1853 2470 1853 1854 2470 2471 2470 1854 2471 1854 1851 2367 2471 1851 2472 2471 2367 2324 2472 2367 1868 2473 1771 1911 2474 2475 1911 2475 1912 1932 2476 1933 2476 2477 1933 2034 2478 2028 1987 2478 2052 1742 2479 1657 2480 2481 2482 2483 2484 2485 2486 2483 2485 2487 2063 2470 2487 2470 2488 2489 2487 2490 2489 2491 2461 2412 2492 2312 2492 2461 2312 2492 2489 2461 2493 2415 2460 2493 2460 2494 2495 2488 2470 2495 2470 2471 1858 2496 2070 2069 2496 2422 2496 2069 2070 1858 2497 2496 2498 2422 2496 2499 2498 2496 2497 2499 2496 2428 2500 2429 2501 2502 2503 2504 2501 2503 2091 2505 2092 2091 2506 2505 2112 2507 2113 2112 2508 2507 2509 2510 2511 2512 2513 2514 1967 2515 1966 2481 2516 2482 2497 2493 2517 2176 2518 2177</p>
        </triangles>
      </mesh>
    </geometry>
  </library_geometries>
  <library_controllers>
    <controller id="Controller">
      <skin source="#Geometry">
        <bind_shape_matrix>1 0 0 0 0 1 0 0 0 0 1 0 0 0 0 1</bind_shape_matrix>
        <source id="Controller-joints">
          <Name_array id="Controller-joints-array" count="57">Dummy002 Dummy003 Dummy004 Dummy049 Dummy055 Dummy056 Dummy057 Dummy058 Dummy050 Dummy051 Dummy052 Dummy053 Dummy054 Dummy005 Dummy006 Dummy007 Dummy035 Dummy036 Dummy037 Dummy038 Dummy039 Dummy048 Dummy040 Dummy047 Dummy041 Dummy046 Dummy042 Dummy045 Dummy043 Dummy044 Dummy008 Dummy021 Dummy022 Dummy023 Dummy024 Dummy025 Dummy034 Dummy026 Dummy033 Dummy027 Dummy032 Dummy028 Dummy031 Dummy029 Dummy030 Dummy009 Dummy010 Dummy011 Dummy012 Dummy013 Dummy014 Dummy015 Dummy016 Dummy017 Dummy018 Dummy019 Dummy020</Name_array>
          <technique_common>
            <accessor source="#Controller-joints-array" count="57" stride="1">
              <param name="JOINT" type="Name"/>
            </accessor>
          </technique_common>
        </source>
        <source id="Controller-bind_poses">
          <float_array id="Controller-bind_poses-array" count="912">1 0 0 0 0 1 0.000000 0 0 -0.000000 1 0 0 0 0 1 1 0 0 0 0 1 0.000000 -10.6198 0 -0.000000 1 0.097474 0 0 0 1 1 0 0 0 0 1 0.000000 -10.6198 0 -0.000000 1 0.097474 0 0 0 1 1 0 0 -1.12461 0 -0.999166 0.040836 8.40714 0 -0.040836 -0.999166 0.153636 0 0 0 1 1 0 0 -1.12461 0 -0.999166 0.040836 6.26544 0 -0.040836 -0.999166 0.153636 0 0 0 1 1 0 0 -1.12461 0 -0.999352 -0.035988 4.77635 0 0.035988 -0.999352 -0.213669 0 0 0 1 1 0 0 -1.12461 0 -0.549178 0.835705 0.7953 0 -0.835705 -0.549178 0.898814 0 0 0 1 1 0 0 -1.12461 0 1 0.000000 -0.323807 0 -0.000000 1 -1.1439 0 0 0 1 1 0 0 1.12461 0 0.999166 -0.040836 -8.40714 0 0.040836 0.999166 -0.153637 0 0 0 1 1 0 0 1.12461 0 0.999166 -0.040836 -6.26544 0 0.040836 0.999166 -0.153636 0 0 0 1 1 0 0 1.12461 0 0.999352 0.035988 -4.77635 0 -0.035988 0.999352 0.213668 0 0 0 1 1 0 0 1.12461 0 0.549178 -0.835705 -0.795302 0 0.835705 0.549178 -0.898816 0 0 0 1 1 0 0 1.12461 0 -1 -0.000000 0.323805 0 0.000000 -1 1.1439 0 0 0 1 1 0 0 0 0 1 0.000000 -12.0195 0 -0.000000 1 0.097474 0 0 0 1 1 0 0 0 0 1 0.000000 -13.6126 0 -0.000000 1 0.097474 0 0 0 1 1 0 0 -0.699927 0 1 0.000000 -14.4318 0 -0.000000 1 0.316671 0 0 0 1 0.062055 -0.000000 0.998073 0.078256 0.895227 -0.44212 -0.05566 4.23603 0.441268 0.896956 -0.027435 -13.7989 0 0 0 1 -0.060744 -0.000003 0.998153 0.669172 0.895286 -0.442148 0.054483 1.46334 0.441331 0.896942 0.026861 -13.7785 0 0 0 1 -0.060744 -0.000003 0.998153 0.66918 0.895286 -0.442148 0.054482 -0.213222 0.441331 0.896942 0.026861 -13.7785 0 0 0 1 0.934371 -0.35614 -0.010673 -2.7238 -0.000007 0.029937 -0.999552 -0.57207 0.3563 0.933953 0.027969 -13.5846 0 0 0 1 0.926314 -0.356992 0.120413 -3.6449 0.122445 -0.016994 -0.99233 -0.737764 0.3563 0.933953 0.027969 -13.6438 0 0 0 1 0.926314 -0.356992 0.120413 -4.03656 0.122445 -0.016994 -0.99233 -0.737768 0.356301 0.933953 0.02797 -13.6438 0 0 0 1 0.934371 -0.35614 -0.010673 -3.71051 -0.000007 0.029937 -0.999552 -0.503013 0.3563 0.933953 0.027969 -13.6428 0 0 0 1 0.934371 -0.356141 -0.010673 -4.10217 -0.000007 0.029937 -0.999552 -0.503009 0.356301 0.933953 0.027969 -13.6428 0 0 0 1 0.925845 -0.348856 -0.145297 -3.80716 -0.125943 0.077665 -0.988993 -0.459337 0.3563 0.933953 0.02797 -13.6428 0 0 0 1 0.925845 -0.348856 -0.145297 -4.19881 -0.125943 0.077665 -0.988993 -0.459337 0.356301 0.933953 0.02797 -13.6428 0 0 0 1 0.932968 -0.353966 -0.065411 -3.7462 -0.05119 0.049401 -0.997466 -0.541305 0.3563 0.933953 0.027969 -13.6428 0 0 0 1 0.932968 -0.353966 -0.065411 -4.13786 -0.05119 0.049401 -0.997466 -0.541303 0.356301 0.933953 0.027969 -13.6428 0 0 0 1 0.586012 -0.368872 0.721473 -0.492454 0.688752 -0.242293 -0.683312 -2.49225 0.426863 0.897345 0.112074 -13.7192 0 0 0 1 0.586012 -0.368872 0.721473 -0.884115 0.688751 -0.242293 -0.683312 -2.49225 0.426863 0.897345 0.112074 -13.7192 0 0 0 1 1 0 0 0.699927 0 -1 -0.000000 14.4318 0 0.000000 -1 -0.316677 0 0 0 1 0.062055 0.000000 -0.998073 -0.078259 0.895228 0.442118 0.055661 -4.23601 0.441266 -0.896957 0.027435 13.799 0 0 0 1 -0.060744 0.000003 -0.998153 -0.669171 0.895286 0.442148 -0.054483 -1.46333 0.441331 -0.896942 -0.026861 13.7785 0 0 0 1 -0.060744 0.000003 -0.998153 -0.669171 0.895285 0.44215 -0.054482 0.213189 0.441333 -0.896941 -0.026861 13.7786 0 0 0 1 0.934371 0.356141 0.010665 2.7238 0.000000 -0.029934 0.999552 0.57209 0.356301 -0.933953 -0.027969 13.5846 0 0 0 1 0.926313 0.356993 -0.120421 3.64487 0.122453 0.016997 0.992329 0.737782 0.356301 -0.933953 -0.027969 13.6438 0 0 0 1 0.926313 0.356993 -0.120421 4.03655 0.122453 0.016997 0.992329 0.737782 0.356301 -0.933953 -0.027969 13.6437 0 0 0 1 0.934371 0.356141 0.010665 3.71051 0.000000 -0.029934 0.999552 0.503032 0.356301 -0.933953 -0.027969 13.6428 0 0 0 1 0.934371 0.356141 0.010665 4.10215 0.000000 -0.029934 0.999552 0.503034 0.356301 -0.933953 -0.027969 13.6429 0 0 0 1 0.925846 0.348857 0.145289 3.80715 -0.125936 -0.077662 0.988994 0.459352 0.356301 -0.933953 -0.027969 13.6428 0 0 0 1 0.925846 0.348857 0.145289 4.19881 -0.125935 -0.077662 0.988994 0.459351 0.356301 -0.933953 -0.027969 13.6428 0 0 0 1 0.932968 0.353966 0.065403 3.74618 -0.051183 -0.049397 0.997467 0.541327 0.356301 -0.933953 -0.027969 13.6429 0 0 0 1 0.932968 0.353967 0.065403 4.13786 -0.051183 -0.049397 0.997467 0.541324 0.356301 -0.933953 -0.027969 13.6428 0 0 0 1 0.586006 0.36887 -0.721479 0.49244 0.688756 0.242296 0.683306 2.49226 0.426863 -0.897345 -0.112075 13.7192 0 0 0 1 0.586006 0.36887 -0.721479 0.884096 0.688757 0.242296 0.683306 2.49225 0.426863 -0.897345 -0.112075 13.7192 0 0 0 1 1 0 0 0 0 1 0.000000 -14.892 0 -0.000000 1 0.275563 0 0 0 1 1 0 0 0 0 1 0.000000 -15.6991 0 -0.000000 1 0.168398 0 0 0 1 0.944927 0.005589 -0.327234 -0.055191 0.040038 -0.994318 0.098634 17.2255 -0.324823 -0.106304 -0.939781 2.55632 0 0 0 1 0.944927 -0.005589 0.327234 0.055191 0.040038 0.994318 -0.098634 -17.2255 -0.324823 0.106304 0.939781 -2.55632 0 0 0 1 1 0 0 -0.651307 0 1 0.000000 -17.967 0 -0.000000 1 0.168398 0 0 0 1 1 0 0 0.651307 0 -1 -0.000000 17.967 0 0.000000 -1 -0.168404 0 0 0 1 0.921933 -0.001299 -0.387347 -0.045827 0.040038 -0.994318 0.098634 16.868 -0.385274 -0.106443 -0.916643 2.6061 0 0 0 1 0.921933 0.001299 0.387347 0.045826 0.040038 0.994318 -0.098634 -16.868 -0.385274 0.106443 0.916642 -2.6061 0 0 0 1 1 0 0 0 0 1 0.000000 -16.1481 0 -0.000000 1 0.983895 0 0 0 1 1 0 0 -0.562634 0 1 0.000000 -16.2684 0 -0.000000 1 -0.703448 0 0 0 1 1 0 0 0.562633 0 -1 -0.000000 16.2684 0 0.000000 -1 0.703442 0 0 0 1 1 0 0 0 0 1 0.000000 -16.2684 0 -0.000000 1 -0.894254 0 0 0 1</float_array>
          <technique_common>
            <accessor source="#Controller-bind_poses-array" count="57" stride="16">
              <param name="TRANSFORM" type="float4x4"/>
            </accessor>
          </technique_common>
        </source>
        <source id="Controller-weights">
          <float_array id="Controller-weights-array" count="1">1</float_array>
          <technique_common>
            <accessor source="#Controller-weights-array" count="1" stride="1">
              <param name="WEIGHT" type="float"/>
            </accessor>
          </technique_common>
        </source>
        <joints>
          <input semantic="JOINT" source="#Controller-joints"/>
          <input semantic="INV_BIND_MATRIX" source="#Controller-bind_poses"/>
        </joints>
        <vertex_weights count="2519">
          <input semantic="JOINT" source="#Controller-joints" offset="0"/>
          <input semantic="WEIGHT" source="#Controller-weights" offset="1"/>
          <vcount>1 1 1 1 1 1 1 1 1 1 1 1 1 1 1 1 1 1 1 1 1 1 1 1 1 1 1 1 1 1 1 1 1 1 1 1 1 1 1 1 1 1 1 1 1 1 1 1 1 1 1 1 1 1 1 1 1 1 1 1 1 1 1 1 1 1 1 1 1 1 1 1 1 1 1 1 1 1 1 1 1 1 1 1 1 1 1 1 1 1 1 1 1 1 1 1 1 1 1 1 1 1 1 1 1 1 1 1 1 1 1 1 1 1 1 1 1 1 1 1 1 1 1 1 1 1 1 1 1 1 1 1 1 1 1 1 1 1 1 1 1 1 1 1 1 1 1 1 1 1 1 1 1 1 1 1 1 1 1 1 1 1 1 1 1 1 1 1 1 1 1 1 1 1 1 1 1 1 1 1 1 1 1 1 1 1 1 1 1 1 1 1 1 1 1 1 1 1 1 1 1 1 1 1 1 1 1 1 1 1 1 1 1 1 1 1 1 1 1 1 1 1 1 1 1 1 1 1 1 1 1 1 1 1 1 1 1 1 1 1 1 1 1 1 1 1 1 1 1 1 1 1 1 1 1 1 1 1 1 1 1 1 1 1 1 1 1 1 1 1 1 1 1 1 1 1 1 1 1 1 1 1 1 1 1 1 1 1 1 1 1 1 1 1 1 1 1 1 1 1 1 1 1 1 1 1 1 1 1 1 1 1 1 1 1 1 1 1 1 1 1 1 1 1 1 1 1 1 1 1 1 1 1 1 1 1 1 1 1 1 1 1 1 1 1 1 1 1 1 1 1 1 1 1 1 1 1 1 1 1 1 1 1 1 1 1 1 1 1 1 1 1 1 1 1 1 1 1 1 1 1 1 1 1 1 1 1 1 1 1 1 1 1 1 1 1 1 1 1 1 1 1 1 1 1 1 1 1 1 1 1 1 1 1 1 1 1 1 1 1 1 1 1 1 1 1 1 1 1 1 1 1 1 1 1 1 1 1 1 1 1 1 1 1 1 1 1 1 1 1 1 1 1 1 1 1 1 1 1 1 1 1 1 1 1 1 1 1 1 1 1 1 1 1 1 1 1 1 1 1 1 1 1 1 1 1 1 1 1 1 1 1 1 1 1 1 1 1 1 1 1 1 1 1 1 1 1 1 1 1 1 1 1 1 1 1 1 1 1 1 1 1 1 1 1 1 1 1 1 1 1 1 1 1 1 1 1 1 1 1 1 1 1 1 1 1 1 1 1 1 1 1 1 1 1 1 1 1 1 1 1 1 1 1 1 1 1 1 1 1 1 1 1 1 1 1 1 1 1 1 1 1 1 1 1 1 1 1 1 1 1 1 1 1 1 1 1 1 1 1 1 1 1 1 1 1 1 1 1 1 1 1 1 1 1 1 1 1 1 1 1 1 1 1 1 1 1 1 1 1 1 1 1 1 1 1 1 1 1 1 1 1 1 1 1 1 1 1 1 1 1 1 1 1 1 1 1 1 1 1 1 1 1 1 1 1 1 1 1 1 1 1 1 1 1 1 1 1 1 1 1 1 1 1 1 1 1 1 1 1 1 1 1 1 1 1 1 1 1 1 1 1 1 1 1 1 1 1 1 1 1 1 1 1 1 1 1 1 1 1 1 1 1 1 1 1 1 1 1 1 1 1 1 1 1 1 1 1 1 1 1 1 1 1 1 1 1 1 1 1 1 1 1 1 1 1 1 1 1 1 1 1 1 1 1 1 1 1 1 1 1 1 1 1 1 1 1 1 1 1 1 1 1 1 1 1 1 1 1 1 1 1 1 1 1 1 1 1 1 1 1 1 1 1 1 1 1 1 1 1 1 1 1 1 1 1 1 1 1 1 1 1 1 1 1 1 1 1 1 1 1 1 1 1 1 1 1 1 1 1 1 1 1 1 1 1 1 1 1 1 1 1 1 1 1 1 1 1 1 1 1 1 1 1 1 1 1 1 1 1 1 1 1 1 1 1 1 1 1 1 1 1 1 1 1 1 1 1 1 1 1 1 1 1 1 1 1 1 1 1 1 1 1 1 1 1 1 1 1 1 1 1 1 1 1 1 1 1 1 1 1 1 1 1 1 1 1 1 1 1 1 1 1 1 1 1 1 1 1 1 1 1 1 1 1 1 1 1 1 1 1 1 1 1 1 1 1 1 1 1 1 1 1 1 1 1 1 1 1 1 1 1 1 1 1 1 1 1 1 1 1 1 1 1 1 1 1 1 1 1 1 1 1 1 1 1 1 1 1 1 1 1 1 1 1 1 1 1 1 1 1 1 1 1 1 1 1 1 1 1 1 1 1 1 1 1 1 1 1 1 1 1 1 1 1 1 1 1 1 1 1 1 1 1 1 1 1 1 1 1 1 1 1 1 1 1 1 1 1 1 1 1 1 1 1 1 1 1 1 1 1 1 1 1 1 1 1 1 1 1 1 1 1 1 1 1 1 1 1 1 1 1 1 1 1 1 1 1 1 1 1 1 1 1 1 1 1 1 1 1 1 1 1 1 1 1 1 1 1 1 1 1 1 1 1 1 1 1 1 1 1 1 1 1 1 1 1 1 1 1 1 1 1 1 1 1 1 1 1 1 1 1 1 1 1 1 1 1 1 1 1 1 1 1 1 1 1 1 1 1 1 1 1 1 1 1 1 1 1 1 1 1 1 1 1 1 1 1 1 1 1 1 1 1 1 1 1 1 1 1 1 1 1 1 1 1 1 1 1 1 1 1 1 1 1 1 1 1 1 1 1 1 1 1 1 1 1 1 1 1 1 1 1 1 1 1 1 1 1 1 1 1 1 1 1 1 1 1 1 1 1 1 1 1 1 1 1 1 1 1 1 1 1 1 1 1 1 1 1 1 1 1 1 1 1 1 1 1 1 1 1 1 1 1 1 1 1 1 1 1 1 1 1 1 1 1 1 1 1 1 1 1 1 1 1 1 1 1 1 1 1 1 1 1 1 1 1 1 1 1 1 1 1 1 1 1 1 1 1 1 1 1 1 1 1 1 1 1 1 1 1 1 1 1 1 1 1 1 1 1 1 1 1 1 1 1 1 1 1 1 1 1 1 1 1 1 1 1 1 1 1 1 1 1 1 1 1 1 1 1 1 1 1 1 1 1 1 1 1 1 1 1 1 1 1 1 1 1 1 1 1 1 1 1 1 1 1 1 1 1 1 1 1 1 1 1 1 1 1 1 1 1 1 1 1 1 1 1 1 1 1 1 1 1 1 1 1 1 1 1 1 1 1 1 1 1 1 1 1 1 1 1 1 1 1 1 1 1 1 1 1 1 1 1 1 1 1 1 1 1 1 1 1 1 1 1 1 1 1 1 1 1 1 1 1 1 1 1 1 1 1 1 1 1 1 1 1 1 1 1 1 1 1 1 1 1 1 1 1 1 1 1 1 1 1 1 1 1 1 1 1 1 1 1 1 1 1 1 1 1 1 1 1 1 1 1 1 1 1 1 1 1 1 1 1 1 1 1 1 1 1 1 1 1 1 1 1 1 1 1 1 1 1 1 1 1 1 1 1 1 1 1 1 1 1 1 1 1 1 1 1 1 1 1 1 1 1 1 1 1 1 1 1 1 1 1 1 1 1 1 1 1 1 1 1 1 1 1 1 1 1 1 1 1 1 1 1 1 1 1 1 1 1 1 1 1 1 1 1 1 1 1 1 1 1 1 1 1 1 1 1 1 1 1 1 1 1 1 1 1 1 1 1 1 1 1 1 1 1 1 1 1 1 1 1 1 1 1 1 1 1 1 1 1 1 1 1 1 1 1 1 1 1 1 1 1 1 1 1 1 1 1 1 1 1 1 1 1 1 1 1 1 1 1 1 1 1 1 1 1 1 1 1 1 1 1 1 1 1 1 1 1 1 1 1 1 1 1 1 1 1 1 1 1 1 1 1 1 1 1 1 1 1 1 1 1 1 1 1 1 1 1 1 1 1 1 1 1 1 1 1 1 1 1 1 1 1 1 1 1 1 1 1 1 1 1 1 1 1 1 1 1 1 1 1 1 1 1 1 1 1 1 1 1 1 1 1 1 1 1 1 1 1 1 1 1 1 1 1 1 1 1 1 1 1 1 1 1 1 1 1 1 1 1 1 1 1 1 1 1 1 1 1 1 1 1 1 1 1 1 1 1 1 1 1 1 1 1 1 1 1 1 1 1 1 1 1 1 1 1 1 1 1 1 1 1 1 1 1 1 1 1 1 1 1 1 1 1 1 1 1 1 1 1 1 1 1 1 1 1 1 1 1 1 1 1 1 1 1 1 1 1 1 1 1 1 1 1 1 1 1 1 1 1 1 1 1 1 1 1 1 1 1 1 1 1 1 1 1 1 1 1 1 1 1 1 1 1 1 1 1 1 1 1 1 1 1 1 1 1 1 1 1 1 1 1 1 1 1 1 1 1 1 1 1 1 1 1 1 1 1 1 1 1 1 1 1 1 1 1 1 1 1 1 1 1 1 1 1 1 1 1 1 1 1 1 1 1 1 1 1 1 1 1 1 1 1 1 1 1 1 1 1 1 1 1 1 1 1 1 1 1 1 1 1 1 1 1 1 1 1 1 1 1 1 1 1 1 1 1 1 1 1 1 1 1 1 1 1 1 1 1 1 1 1 1 1 1 1 1 1 1 1 1 1 1 1 1 1 1 1 1 1 1 1 1 1 1 1 1 1 1 1 1 1 1 1 1 1 1 1 1 1 1 1 1 1 1 1 1 1 1 1 1 1 1 1 1 1 1 1 1 1 1 1 1 1 1 1 1 1 1 1 1 1 1 1 1 1 1 1 1 1 1 1 1 1 1 1 1 1 1 1 1 1 1 1 1 1 1 1 1 1 1 1 1 1 1 1 1 1 1 1 1 1 1 1 1 1 1 1 1 1 1 1 1 1 1 1 1 1 1 1 1 1 1 1 1 1 1 1 1 1 1 1 1 1 1 1 1 1 1 1 1 1 1 1 1 1 1 1 1 1 1 1 1 1 1 1 1 1 1 1 1 1 1 1 1 1 1 1 1 1 1 1 1 1 1 1 1 1 1 1 1 1 1 1 1 1 1 1 1 1 1 1 1 1 1 1 1 1 1 1 1 1 1 1 1 1 1 1 1 1 1 1 1 1 1 1 1 1 1 1 1 1 1 1 1 1 1 1 1 1 1 1 1 1 1 1 1 1 1 1 1 1 1 1 1 1 1 1 1 1 1 1 1 1 1 1 1 1 1 1 1 1 1 1 1 1 1 1 1 1 1 1 1 1 1 1 1 1 1 1 1 1 1 1 1 1 1 1 1 1 1 1 1 1 1 1 1 1 1 1 1 1 1 1 1 1 1 1 1 1 1 1 1 1 1 1 1 1 1 1 1 1 1 1 1 1 1 1 1 1 1 1 1 1 1 1 1 1 1 1 1 1 1 1 1 1 1 1 1 1 1 1 1 1 1 1 1 1 1 1 1 1 1 1 1 1 1 1 1 1 1 1 1 1 1 1 1 1 1 1 1 1 1 1 1 1 1 1 1 1 1 1 1 1 1 1 1 1 1 1 1 1 1 1 1 1 1 1 1 1 1 1 1 1 1 1 1 1 1 1 1 1 1 1 1 1 1 1 1 1 1 1 1 1 1 1 1 1 1 1 1 1 1 1 1 1 1 1 1 1 1 1 1 1 1 1 </vcount>
          <v>10 0 10 0 10 0 10 0 10 0 10 0 10 0 10 0 10 0 10 0 10 0 10 0 10 0 10 0 10 0 10 0 10 0 10 0 10 0 10 0 10 0 10 0 10 0 10 0 10 0 10 0 10 0 10 0 10 0 10 0 5 0 5 0 5 0 5 0 5 0 5 0 5 0 5 0 5 0 5 0 5 0 5 0 5 0 5 0 4 0 4 0 4 0 5 0 4 0 5 0 4 0 5 0 4 0 5 0 5 0 5 0 5 0 5 0 5 0 5 0 5 0 5 0 4 0 4 0 4 0 4 0 4 0 4 0 2 0 8 0 8 0 8 0 8 0 8 0 10 0 10 0 10 0 10 0 10 0 10 0 10 0 10 0 10 0 8 0 8 0 8 0 8 0 2 0 5 0 5 0 5 0 5 0 5 0 4 0 4 0 4 0 3 0 3 0 2 0 3 0 3 0 3 0 3 0 3 0 4 0 5 0 5 0 5 0 5 0 5 0 5 0 5 0 5 0 4 0 4 0 3 0 2 0 11 0 11 0 11 0 11 0 11 0 11 0 11 0 11 0 11 0 11 0 12 0 12 0 12 0 12 0 12 0 12 0 12 0 11 0 11 0 11 0 11 0 2 0 2 0 2 0 2 0 2 0 2 0 2 0 2 0 2 0 2 0 2 0 2 0 2 0 2 0 2 0 2 0 2 0 2 0 2 0 2 0 2 0 2 0 2 0 2 0 2 0 2 0 2 0 2 0 10 0 10 0 10 0 10 0 10 0 8 0 8 0 8 0 8 0 2 0 2 0 8 0 2 0 8 0 8 0 8 0 8 0 8 0 8 0 2 0 2 0 8 0 2 0 2 0 10 0 10 0 8 0 8 0 10 0 10 0 10 0 10 0 10 0 10 0 10 0 10 0 10 0 8 0 2 0 10 0 10 0 10 0 10 0 10 0 10 0 10 0 10 0 10 0 10 0 10 0 10 0 11 0 11 0 11 0 11 0 11 0 11 0 11 0 11 0 11 0 11 0 11 0 11 0 12 0 12 0 12 0 12 0 11 0 11 0 5 0 5 0 5 0 5 0 5 0 5 0 5 0 5 0 5 0 5 0 5 0 5 0 5 0 5 0 5 0 5 0 2 0 2 0 2 0 2 0 2 0 2 0 2 0 2 0 2 0 2 0 2 0 2 0 2 0 2 0 2 0 2 0 2 0 2 0 2 0 2 0 2 0 2 0 2 0 2 0 2 0 2 0 2 0 2 0 2 0 2 0 2 0 2 0 2 0 2 0 2 0 2 0 2 0 2 0 2 0 2 0 2 0 2 0 2 0 2 0 2 0 6 0 6 0 6 0 6 0 6 0 6 0 6 0 6 0 6 0 6 0 6 0 6 0 6 0 6 0 6 0 6 0 7 0 7 0 7 0 7 0 7 0 7 0 7 0 7 0 7 0 7 0 6 0 6 0 6 0 6 0 6 0 6 0 6 0 6 0 6 0 6 0 6 0 6 0 6 0 6 0 7 0 6 0 6 0 6 0 6 0 6 0 6 0 6 0 6 0 6 0 7 0 7 0 7 0 7 0 7 0 6 0 6 0 6 0 6 0 6 0 6 0 6 0 6 0 6 0 6 0 6 0 6 0 6 0 3 0 2 0 2 0 2 0 5 0 5 0 5 0 5 0 5 0 5 0 5 0 5 0 5 0 5 0 5 0 5 0 6 0 6 0 6 0 6 0 6 0 7 0 7 0 7 0 7 0 7 0 7 0 7 0 7 0 7 0 7 0 6 0 6 0 6 0 6 0 6 0 6 0 4 0 4 0 3 0 2 0 3 0 2 0 2 0 2 0 2 0 2 0 2 0 2 0 2 0 2 0 2 0 2 0 2 0 2 0 2 0 2 0 2 0 2 0 2 0 2 0 2 0 2 0 2 0 11 0 11 0 11 0 11 0 11 0 11 0 12 0 12 0 12 0 12 0 12 0 12 0 12 0 12 0 12 0 12 0 11 0 11 0 11 0 11 0 11 0 11 0 11 0 11 0 11 0 11 0 11 0 11 0 11 0 11 0 11 0 11 0 11 0 11 0 11 0 11 0 11 0 11 0 11 0 12 0 12 0 12 0 12 0 12 0 11 0 11 0 11 0 8 0 10 0 11 0 8 0 8 0 2 0 10 0 2 0 2 0 2 0 11 0 2 0 2 0 2 0 2 0 2 0 2 0 2 0 2 0 2 0 2 0 2 0 2 0 8 0 8 0 10 0 11 0 11 0 11 0 11 0 11 0 11 0 11 0 11 0 11 0 11 0 6 0 6 0 6 0 2 0 2 0 2 0 2 0 2 0 2 0 2 0 2 0 2 0 2 0 2 0 2 0 5 0 6 0 6 0 6 0 6 0 6 0 6 0 6 0 6 0 6 0 2 0 2 0 2 0 2 0 11 0 11 0 11 0 46 0 46 0 46 0 46 0 46 0 46 0 46 0 46 0 46 0 46 0 53 0 53 0 46 0 46 0 53 0 46 0 46 0 46 0 46 0 46 0 46 0 46 0 46 0 46 0 46 0 46 0 46 0 46 0 46 0 46 0 46 0 46 0 46 0 46 0 46 0 46 0 46 0 54 0 53 0 55 0 46 0 55 0 46 0 46 0 46 0 46 0 46 0 46 0 46 0 46 0 46 0 46 0 46 0 46 0 46 0 46 0 50 0 46 0 46 0 46 0 46 0 46 0 46 0 46 0 46 0 46 0 46 0 46 0 50 0 50 0 50 0 49 0 49 0 49 0 49 0 49 0 49 0 49 0 49 0 49 0 49 0 49 0 49 0 49 0 49 0 49 0 49 0 49 0 49 0 49 0 15 0 15 0 15 0 15 0 15 0 15 0 15 0 15 0 15 0 15 0 15 0 15 0 14 0 14 0 14 0 14 0 14 0 14 0 30 0 30 0 30 0 30 0 30 0 30 0 30 0 30 0 30 0 30 0 30 0 30 0 30 0 14 0 14 0 14 0 14 0 15 0 15 0 15 0 15 0 15 0 15 0 15 0 15 0 15 0 15 0 15 0 15 0 15 0 15 0 15 0 15 0 14 0 14 0 14 0 14 0 30 0 30 0 30 0 30 0 30 0 30 0 30 0 30 0 30 0 30 0 30 0 30 0 30 0 30 0 30 0 30 0 14 0 14 0 14 0 14 0 14 0 30 0 15 0 15 0 14 0 14 0 30 0 15 0 15 0 15 0 15 0 15 0 15 0 15 0 15 0 15 0 15 0 15 0 15 0 15 0 15 0 15 0 15 0 15 0 15 0 15 0 15 0 15 0 15 0 15 0 15 0 15 0 15 0 15 0 15 0 49 0 49 0 49 0 49 0 49 0 49 0 49 0 49 0 49 0 49 0 49 0 49 0 49 0 49 0 49 0 49 0 15 0 15 0 15 0 50 0 50 0 50 0 50 0 50 0 50 0 50 0 50 0 50 0 50 0 50 0 50 0 50 0 50 0 50 0 50 0 50 0 50 0 50 0 50 0 30 0 30 0 30 0 50 0 50 0 50 0 50 0 50 0 50 0 50 0 50 0 50 0 50 0 50 0 50 0 50 0 50 0 50 0 50 0 30 0 30 0 30 0 30 0 30 0 30 0 30 0 30 0 30 0 30 0 30 0 30 0 30 0 30 0 30 0 30 0 30 0 30 0 30 0 30 0 30 0 30 0 30 0 30 0 30 0 30 0 30 0 30 0 53 0 45 0 45 0 46 0 45 0 45 0 46 0 45 0 53 0 45 0 14 0 53 0 53 0 56 0 56 0 56 0 56 0 56 0 53 0 14 0 45 0 45 0 45 0 45 0 45 0 14 0 54 0 54 0 54 0 54 0 54 0 54 0 56 0 56 0 56 0 56 0 56 0 55 0 55 0 55 0 55 0 55 0 55 0 55 0 49 0 49 0 49 0 46 0 46 0 46 0 46 0 50 0 46 0 46 0 46 0 49 0 46 0 46 0 49 0 46 0 46 0 49 0 49 0 49 0 46 0 49 0 46 0 46 0 46 0 46 0 46 0 46 0 14 0 14 0 14 0 15 0 14 0 14 0 14 0 45 0 45 0 45 0 45 0 45 0 45 0 45 0 45 0 15 0 45 0 45 0 14 0 14 0 14 0 14 0 45 0 30 0 45 0 49 0 55 0 55 0 55 0 55 0 55 0 55 0 56 0 56 0 56 0 56 0 56 0 56 0 56 0 56 0 54 0 54 0 54 0 54 0 54 0 54 0 54 0 54 0 54 0 56 0 56 0 56 0 56 0 54 0 54 0 54 0 54 0 54 0 54 0 54 0 54 0 56 0 56 0 56 0 56 0 55 0 55 0 55 0 55 0 55 0 55 0 55 0 55 0 50 0 50 0 50 0 50 0 45 0 56 0 53 0 45 0 56 0 55 0 45 0 55 0 56 0 54 0 56 0 56 0 54 0 54 0 56 0 56 0 55 0 55 0 52 0 52 0 52 0 52 0 52 0 52 0 52 0 52 0 52 0 52 0 52 0 52 0 52 0 52 0 52 0 52 0 52 0 52 0 52 0 52 0 52 0 52 0 52 0 52 0 52 0 52 0 52 0 52 0 52 0 52 0 52 0 52 0 52 0 52 0 52 0 52 0 52 0 52 0 52 0 52 0 52 0 52 0 52 0 52 0 52 0 52 0 52 0 52 0 52 0 52 0 52 0 52 0 52 0 52 0 52 0 52 0 52 0 52 0 52 0 52 0 52 0 52 0 52 0 52 0 52 0 52 0 52 0 52 0 52 0 52 0 52 0 52 0 52 0 52 0 52 0 52 0 52 0 52 0 52 0 52 0 52 0 52 0 52 0 52 0 52 0 52 0 52 0 52 0 52 0 52 0 52 0 52 0 52 0 52 0 52 0 52 0 52 0 52 0 52 0 52 0 52 0 52 0 52 0 52 0 52 0 52 0 52 0 52 0 52 0 52 0 52 0 52 0 52 0 52 0 52 0 52 0 52 0 52 0 52 0 52 0 52 0 52 0 52 0 52 0 52 0 52 0 52 0 52 0 52 0 52 0 52 0 52 0 52 0 52 0 52 0 52 0 52 0 52 0 52 0 52 0 52 0 52 0 52 0 52 0 52 0 52 0 52 0 52 0 52 0 52 0 52 0 52 0 52 0 52 0 52 0 52 0 52 0 52 0 52 0 52 0 52 0 52 0 52 0 52 0 52 0 52 0 52 0 52 0 52 0 52 0 52 0 52 0 52 0 52 0 52 0 52 0 52 0 52 0 52 0 52 0 52 0 52 0 52 0 52 0 52 0 52 0 52 0 52 0 52 0 52 0 52 0 52 0 52 0 52 0 52 0 52 0 52 0 52 0 52 0 52 0 52 0 52 0 52 0 52 0 52 0 52 0 52 0 52 0 52 0 52 0 52 0 52 0 52 0 52 0 52 0 52 0 52 0 52 0 52 0 52 0 52 0 52 0 52 0 52 0 52 0 52 0 52 0 52 0 52 0 52 0 52 0 52 0 52 0 52 0 52 0 52 0 52 0 52 0 52 0 52 0 52 0 52 0 52 0 52 0 52 0 52 0 52 0 52 0 52 0 52 0 52 0 52 0 52 0 52 0 52 0 52 0 52 0 52 0 52 0 52 0 52 0 51 0 51 0 51 0 51 0 51 0 51 0 51 0 51 0 51 0 51 0 51 0 51 0 51 0 51 0 51 0 51 0 51 0 51 0 51 0 51 0 51 0 51 0 51 0 51 0 51 0 51 0 51 0 51 0 51 0 51 0 51 0 51 0 51 0 51 0 51 0 51 0 51 0 51 0 51 0 51 0 51 0 51 0 51 0 51 0 51 0 51 0 51 0 51 0 51 0 51 0 51 0 51 0 51 0 51 0 51 0 51 0 51 0 51 0 51 0 51 0 51 0 51 0 51 0 51 0 51 0 51 0 51 0 51 0 51 0 51 0 51 0 51 0 51 0 51 0 51 0 51 0 51 0 51 0 51 0 51 0 51 0 51 0 51 0 51 0 51 0 51 0 51 0 51 0 51 0 51 0 51 0 51 0 51 0 51 0 51 0 51 0 51 0 51 0 51 0 51 0 51 0 51 0 51 0 51 0 51 0 51 0 51 0 51 0 51 0 51 0 51 0 51 0 51 0 51 0 51 0 51 0 51 0 51 0 51 0 51 0 51 0 51 0 51 0 51 0 51 0 51 0 51 0 51 0 51 0 51 0 51 0 51 0 51 0 51 0 51 0 51 0 51 0 51 0 51 0 51 0 51 0 51 0 51 0 51 0 51 0 51 0 51 0 51 0 51 0 51 0 51 0 51 0 51 0 51 0 51 0 51 0 51 0 51 0 51 0 51 0 51 0 51 0 51 0 51 0 51 0 51 0 51 0 51 0 51 0 51 0 51 0 51 0 51 0 51 0 51 0 51 0 51 0 51 0 51 0 51 0 51 0 51 0 51 0 51 0 51 0 51 0 51 0 51 0 51 0 51 0 51 0 51 0 51 0 51 0 51 0 51 0 51 0 51 0 51 0 51 0 51 0 51 0 51 0 51 0 51 0 51 0 51 0 51 0 51 0 51 0 51 0 51 0 51 0 51 0 51 0 51 0 51 0 51 0 51 0 51 0 51 0 51 0 51 0 51 0 51 0 51 0 51 0 51 0 51 0 51 0 51 0 51 0 51 0 51 0 51 0 51 0 51 0 51 0 51 0 51 0 51 0 51 0 51 0 51 0 51 0 51 0 51 0 51 0 51 0 51 0 51 0 51 0 51 0 51 0 51 0 51 0 51 0 51 0 51 0 51 0 51 0 47 0 47 0 47 0 47 0 47 0 47 0 47 0 47 0 47 0 47 0 48 0 48 0 48 0 48 0 48 0 48 0 48 0 48 0 48 0 48 0 34 0 34 0 34 0 34 0 34 0 40 0 40 0 40 0 40 0 39 0 39 0 39 0 39 0 39 0 34 0 34 0 34 0 34 0 34 0 34 0 34 0 34 0 34 0 43 0 43 0 43 0 43 0 44 0 44 0 44 0 44 0 44 0 44 0 44 0 44 0 44 0 44 0 44 0 44 0 44 0 44 0 44 0 43 0 34 0 43 0 34 0 35 0 35 0 35 0 35 0 35 0 35 0 36 0 36 0 36 0 36 0 36 0 36 0 36 0 16 0 16 0 16 0 16 0 16 0 17 0 16 0 16 0 16 0 31 0 31 0 31 0 31 0 31 0 31 0 30 0 31 0 14 0 31 0 30 0 31 0 31 0 31 0 31 0 31 0 31 0 32 0 31 0 31 0 31 0 31 0 31 0 31 0 31 0 31 0 31 0 31 0 31 0 31 0 31 0 30 0 31 0 31 0 31 0 31 0 31 0 31 0 16 0 16 0 16 0 16 0 16 0 16 0 16 0 16 0 16 0 16 0 16 0 16 0 16 0 16 0 19 0 19 0 18 0 19 0 19 0 18 0 19 0 19 0 18 0 18 0 19 0 18 0 19 0 18 0 14 0 14 0 14 0 14 0 14 0 14 0 14 0 14 0 13 0 14 0 13 0 14 0 42 0 42 0 42 0 42 0 41 0 41 0 41 0 34 0 34 0 34 0 34 0 39 0 34 0 34 0 34 0 43 0 43 0 43 0 44 0 44 0 44 0 44 0 44 0 44 0 34 0 34 0 34 0 34 0 34 0 34 0 41 0 41 0 37 0 37 0 37 0 38 0 38 0 38 0 38 0 38 0 38 0 38 0 16 0 16 0 16 0 16 0 15 0 16 0 16 0 16 0 16 0 16 0 16 0 16 0 16 0 16 0 14 0 16 0 15 0 34 0 34 0 33 0 34 0 33 0 34 0 33 0 34 0 33 0 33 0 34 0 34 0 34 0 33 0 29 0 29 0 29 0 29 0 29 0 29 0 28 0 28 0 19 0 28 0 19 0 19 0 19 0 19 0 19 0 19 0 19 0 19 0 19 0 24 0 24 0 19 0 26 0 27 0 26 0 26 0 27 0 27 0 27 0 25 0 25 0 25 0 25 0 24 0 24 0 24 0 24 0 19 0 19 0 19 0 19 0 19 0 19 0 19 0 28 0 28 0 29 0 29 0 29 0 29 0 29 0 29 0 29 0 29 0 29 0 19 0 28 0 20 0 20 0 20 0 20 0 20 0 20 0 21 0 21 0 21 0 21 0 21 0 21 0 21 0 1 0 1 0 1 0 1 0 2 0 2 0 1 0 1 0 13 0 1 0 1 0 1 0 2 0 1 0 2 0 2 0 1 0 1 0 1 0 1 0 13 0 1 0 13 0 1 0 13 0 1 0 13 0 13 0 13 0 1 0 1 0 13 0 13 0 23 0 23 0 23 0 23 0 22 0 22 0 22 0 26 0 19 0 19 0 20 0 20 0 20 0 21 0 21 0 21 0 21 0 21 0 21 0 21 0 21 0 21 0 21 0 21 0 21 0 20 0 20 0 20 0 22 0 22 0 23 0 22 0 22 0 23 0 23 0 23 0 23 0 23 0 23 0 23 0 23 0 23 0 23 0 23 0 23 0 23 0 23 0 22 0 22 0 26 0 26 0 26 0 26 0 27 0 27 0 27 0 27 0 27 0 27 0 27 0 27 0 27 0 27 0 27 0 27 0 27 0 27 0 27 0 26 0 26 0 26 0 24 0 24 0 24 0 25 0 25 0 25 0 25 0 25 0 25 0 25 0 25 0 25 0 25 0 25 0 25 0 24 0 24 0 24 0 29 0 29 0 29 0 29 0 29 0 29 0 28 0 28 0 28 0 19 0 19 0 19 0 19 0 22 0 19 0 19 0 19 0 19 0 19 0 28 0 29 0 28 0 29 0 29 0 29 0 29 0 29 0 29 0 29 0 29 0 28 0 19 0 28 0 20 0 20 0 22 0 20 0 20 0 22 0 20 0 21 0 21 0 21 0 21 0 21 0 21 0 21 0 1 0 1 0 1 0 1 0 1 0 1 0 1 0 1 0 1 0 1 0 2 0 2 0 2 0 2 0 2 0 2 0 2 0 2 0 1 0 13 0 13 0 19 0 19 0 25 0 25 0 25 0 25 0 25 0 25 0 25 0 24 0 24 0 26 0 24 0 19 0 26 0 26 0 26 0 26 0 26 0 27 0 27 0 27 0 27 0 27 0 27 0 27 0 19 0 19 0 19 0 24 0 19 0 19 0 19 0 19 0 22 0 22 0 23 0 23 0 23 0 23 0 23 0 23 0 23 0 1 0 1 0 1 0 13 0 14 0 14 0 14 0 15 0 13 0 13 0 13 0 39 0 39 0 39 0 40 0 40 0 40 0 40 0 40 0 40 0 40 0 40 0 40 0 40 0 40 0 40 0 39 0 39 0 39 0 41 0 42 0 41 0 41 0 42 0 42 0 42 0 42 0 42 0 42 0 42 0 42 0 42 0 42 0 42 0 42 0 42 0 42 0 41 0 41 0 41 0 41 0 38 0 37 0 37 0 38 0 38 0 38 0 38 0 38 0 38 0 38 0 38 0 38 0 38 0 38 0 38 0 38 0 38 0 37 0 37 0 37 0 37 0 36 0 35 0 35 0 35 0 36 0 36 0 36 0 36 0 36 0 36 0 36 0 36 0 36 0 36 0 36 0 35 0 35 0 37 0 35 0 34 0 34 0 41 0 37 0 37 0 38 0 38 0 38 0 38 0 40 0 40 0 40 0 40 0 40 0 40 0 40 0 39 0 39 0 41 0 41 0 39 0 31 0 31 0 31 0 30 0 34 0 34 0 43 0 43 0 44 0 44 0 44 0 44 0 44 0 44 0 44 0 44 0 44 0 43 0 43 0 34 0 35 0 35 0 37 0 35 0 35 0 36 0 35 0 36 0 36 0 36 0 36 0 36 0 36 0 34 0 34 0 34 0 37 0 34 0 34 0 34 0 34 0 39 0 41 0 41 0 42 0 42 0 42 0 42 0 42 0 42 0 42 0 43 0 16 0 32 0 31 0 32 0 32 0 32 0 32 0 32 0 32 0 32 0 32 0 31 0 17 0 17 0 17 0 17 0 17 0 17 0 17 0 17 0 17 0 17 0 17 0 16 0 18 0 18 0 18 0 18 0 18 0 18 0 18 0 18 0 19 0 18 0 18 0 18 0 18 0 18 0 18 0 18 0 18 0 17 0 17 0 17 0 17 0 17 0 17 0 17 0 17 0 17 0 18 0 18 0 18 0 32 0 32 0 32 0 32 0 32 0 32 0 32 0 32 0 32 0 32 0 32 0 32 0 32 0 32 0 32 0 32 0 30 0 30 0 30 0 30 0 30 0 30 0 30 0 30 0 14 0 30 0 30 0 31 0 31 0 31 0 30 0 14 0 14 0 13 0 13 0 13 0 14 0 15 0 15 0 15 0 16 0 16 0 15 0 15 0 16 0 15 0 16 0 14 0 15 0 15 0 15 0 33 0 33 0 33 0 33 0 33 0 33 0 33 0 33 0 33 0 33 0 39 0 17 0 17 0 17 0 17 0 16 0 33 0 33 0 33 0 32 0 33 0 32 0 32 0 32 0 32 0 32 0 32 0 33 0 32 0 33 0 32 0 33 0 33 0 33 0 30 0 30 0 30 0 26 0 28 0 14 0 13 0 22 0 22 0 22 0 22 0 22 0 22 0 20 0 2 0 17 0 17 0 17 0 17 0 17 0 17 0 17 0 17 0 17 0 17 0 17 0 17 0 17 0 17 0 17 0 17 0 15 0 14 0 15 0 15 0 13 0 1 0 1 0 13 0 13 0 13 0 13 0 13 0 13 0 13 0 1 0 13 0 13 0 13 0 13 0 13 0 13 0 13 0 13 0 13 0 13 0 13 0 13 0 13 0 13 0 14 0 13 0 13 0 1 0 1 0 13 0 13 0 13 0 37 0 37 0 37 0 37 0 37 0 41 0 32 0 32 0 32 0 32 0 32 0 32 0 31 0 1 0 1 0 1 0 35 0 13 0 13 0 13 0 37 0 13 0 13 0 1 0 1 0 1 0 30 0 18 0 18 0 31 0 13 0 13 0 41 0 41 0 15 0 15 0 33 0 33 0 34 0 24 0 14 0 14 0 15 0 26 0 26 0 26 0 24 0 26 0 26 0 15 0 13 0 13 0 13 0 13 0 13 0 13 0 13 0 14 0 15 0 13 0 15 0 15 0 13 0 13 0 30 0 15 0 14 0 14 0 30 0 30 0 13 0 13 0 13 0 13 0 13 0 41 0 39 0 41 0 41 0 13 0 14 0 13 0 13 0 14 0 13 0 19 0 13 0 30 0 34 0</v>
        </vertex_weights>
      </skin>
      <extra>
        <technique profile="FCOLLADA">
          <user_properties>SkinController</user_properties>
        </technique>
      </extra>
    </controller>
  </library_controllers>
  <library_visual_scenes>
    <visual_scene id="VisualSceneNode" name="rdmscene">
      <node id="VisualSceneNode1" name="Dummy002" sid="Dummy002" type="JOINT">
        <matrix>1 0 0 0 0 1 -0.000000 0 0 0.000000 1 0 0 0 0 1</matrix>
        <node id="VisualSceneNode2" name="Dummy003" sid="Dummy003" type="JOINT">
          <matrix>1 0 0 0 0 1 0 10.6198 0 0 1 -0.097474 0 0 0 1</matrix>
          <node id="VisualSceneNode3" name="Dummy004" sid="Dummy004" type="JOINT">
            <matrix>1 0 0 0 0 1 0 0 0 0 1 0 0 0 0 1</matrix>
            <node id="VisualSceneNode4" name="Dummy049" sid="Dummy049" type="JOINT">
              <matrix>1 0 0 1.12461 0 -0.999166 -0.040836 -2.2134 0 0.040836 -0.999166 -0.092338 0 0 0 1</matrix>
              <node id="VisualSceneNode5" name="Dummy055" sid="Dummy055" type="JOINT">
                <matrix>1 0 0 0 0 1 0 2.1417 0 0 1 0.000000 0 0 0 1</matrix>
                <node id="VisualSceneNode6" name="Dummy056" sid="Dummy056" type="JOINT">
                  <matrix>1 0 0 0 0 0.997049 -0.076768 1.48679 0 0.076768 0.997049 0.000000 0 0 0 1</matrix>
                  <node id="VisualSceneNode7" name="Dummy057" sid="Dummy057" type="JOINT">
                    <matrix>1 0 0 0 0 0.518746 0.854928 3.59537 0 -0.854928 0.518746 -0.000000 0 0 0 1</matrix>
                    <node id="VisualSceneNode8" name="Dummy058" sid="Dummy058" type="JOINT">
                      <matrix>1 0 0 0.000000 0 -0.549178 0.835706 1.57344 0 -0.835706 -0.549178 0.000001 0 0 0 1</matrix>
                    </node>
                  </node>
                </node>
              </node>
            </node>
            <node id="VisualSceneNode9" name="Dummy050" sid="Dummy050" type="JOINT">
              <matrix>1 0 0 -1.12461 0 0.999166 0.040836 -2.21339 0 -0.040836 0.999166 -0.092338 0 0 0 1</matrix>
              <node id="VisualSceneNode10" name="Dummy051" sid="Dummy051" type="JOINT">
                <matrix>1 0 0 0 0 1 0 -2.1417 0 0 1 -0.000000 0 0 0 1</matrix>
                <node id="VisualSceneNode11" name="Dummy052" sid="Dummy052" type="JOINT">
                  <matrix>1 0 0 0 0 0.997049 -0.076768 -1.48679 0 0.076768 0.997049 0.000000 0 0 0 1</matrix>
                  <node id="VisualSceneNode12" name="Dummy053" sid="Dummy053" type="JOINT">
                    <matrix>1 0 0 0 0 0.518747 0.854928 -3.59536 0 -0.854928 0.518747 0.000000 0 0 0 1</matrix>
                    <node id="VisualSceneNode13" name="Dummy054" sid="Dummy054" type="JOINT">
                      <matrix>1 0 0 0 0 -0.549178 0.835705 -1.57344 0 -0.835705 -0.549178 -0.000005 0 0 0 1</matrix>
                    </node>
                  </node>
                </node>
              </node>
            </node>
          </node>
          <node id="VisualSceneNode14" name="Dummy005" sid="Dummy005" type="JOINT">
            <matrix>1 0 0 0 0 1 0 1.39975 0 0 1 0 0 0 0 1</matrix>
            <node id="VisualSceneNode15" name="Dummy006" sid="Dummy006" type="JOINT">
              <matrix>1 0 0 0 0 1 0 1.593 0 0 1 0 0 0 0 1</matrix>
              <node id="VisualSceneNode16" name="Dummy007" sid="Dummy007" type="JOINT">
                <matrix>1 0 0 0.699927 0 1 0 0.819222 0 0 1 -0.219197 0 0 0 1</matrix>
                <node id="VisualSceneNode17" name="Dummy035" sid="Dummy035" type="JOINT">
                  <matrix>0.062055 0.895227 0.441268 1.59203 0 -0.44212 0.896956 -0.181921 0.998073 -0.05566 -0.027435 0.095761 0 0 0 1</matrix>
                  <node id="VisualSceneNode18" name="Dummy036" sid="Dummy036" type="JOINT">
                    <matrix>0.99246 0.109935 0.054196 0 -0.109937 0.993934 -0.002959 2.81436 -0.054192 -0.00302 0.998526 0.000004 0 0 0 1</matrix>
                    <node id="VisualSceneNode19" name="Dummy037" sid="Dummy037" type="JOINT">
                      <matrix>1 -0.000000 0.000000 -0.000001 0.000000 1 -0.000000 1.67656 -0.000000 0.000000 1 -0.000001 0 0 0 1</matrix>
                      <node id="VisualSceneNode20" name="Dummy038" sid="Dummy038" type="JOINT">
                        <matrix>-0.067411 -0.997706 0.006271 -0.000000 0.993415 -0.067702 -0.09243 1.19828 0.092643 -0.000000 0.995699 0.000002 0 0 0 1</matrix>
                        <node id="VisualSceneNode21" name="Dummy039" sid="Dummy039" type="JOINT">
                          <matrix>0.991375 0.131054 0.000000 0.986347 -0.131054 0.991375 0 -0.318346 0 0 1 0.059143 0 0 0 1</matrix>
                          <node id="VisualSceneNode22" name="Dummy048" sid="Dummy048" type="JOINT">
                            <matrix>1 0 0.000000 0.391664 0 1 -0.000000 -0.000001 -0.000000 0.000000 1 -0.000002 0 0 0 1</matrix>
                          </node>
                        </node>
                        <node id="VisualSceneNode23" name="Dummy040" sid="Dummy040" type="JOINT">
                          <matrix>1 0 0 0.986706 0 1 0 -0.069057 0 0 1 0.058198 0 0 0 1</matrix>
                          <node id="VisualSceneNode24" name="Dummy047" sid="Dummy047" type="JOINT">
                            <matrix>1 0 0.000000 0.391665 0 1 0 -0.000003 -0.000000 0 1 -0.000002 0 0 0 1</matrix>
                          </node>
                        </node>
                        <node id="VisualSceneNode25" name="Dummy041" sid="Dummy041" type="JOINT">
                          <matrix>0.990875 -0.134781 0 0.986707 0.134781 0.990875 -0.000000 0.396201 0 0.000000 1 0.0582 0 0 0 1</matrix>
                          <node id="VisualSceneNode26" name="Dummy046" sid="Dummy046" type="JOINT">
                            <matrix>1 0 0.000000 0.391664 0 1 0 0.000000 -0.000000 0 1 -0.000000 0 0 0 1</matrix>
                          </node>
                        </node>
                        <node id="VisualSceneNode27" name="Dummy042" sid="Dummy042" type="JOINT">
                          <matrix>0.998499 -0.054777 0 0.987125 0.054777 0.998499 0 0.173631 0 0 1 0.058199 0 0 0 1</matrix>
                          <node id="VisualSceneNode28" name="Dummy045" sid="Dummy045" type="JOINT">
                            <matrix>1 0 0.000000 0.391664 0 1 0 -0.000002 -0.000000 0 1 0.000001 0 0 0 1</matrix>
                          </node>
                        </node>
                        <node id="VisualSceneNode29" name="Dummy043" sid="Dummy043" type="JOINT">
                          <matrix>0.671222 0.737134 0.078071 0.514942 -0.732198 0.675747 -0.085163 -0.416885 -0.115533 0 0.993304 -0.0142 0 0 0 1</matrix>
                          <node id="VisualSceneNode30" name="Dummy044" sid="Dummy044" type="JOINT">
                            <matrix>1 0 0 0.391663 0 1 0.000000 -0.000000 0 -0.000000 1 -0.000000 0 0 0 1</matrix>
                          </node>
                        </node>
                      </node>
                    </node>
                  </node>
                </node>
              </node>
              <node id="VisualSceneNode31" name="Dummy008" sid="Dummy008" type="JOINT">
                <matrix>1 0 0 -0.699927 0 -1 0.000000 0.819218 0 -0.000000 -1 -0.219197 0 0 0 1</matrix>
                <node id="VisualSceneNode32" name="Dummy021" sid="Dummy021" type="JOINT">
                  <matrix>0.062055 0.895228 0.441266 -1.59203 0.000000 -0.442118 0.896957 0.18189 0.998073 -0.05566 -0.027435 -0.09576 0 0 0 1</matrix>
                  <node id="VisualSceneNode33" name="Dummy022" sid="Dummy022" type="JOINT">
                    <matrix>0.99246 0.109935 0.054195 -0.000000 -0.109937 0.993934 -0.002957 -2.81438 -0.054192 -0.003023 0.998526 0.000059 0 0 0 1</matrix>
                    <node id="VisualSceneNode34" name="Dummy023" sid="Dummy023" type="JOINT">
                      <matrix>1 0 0 0 0 1 0.000001 -1.67654 0 -0.000001 1 -0.000042 0 0 0 1</matrix>
                      <node id="VisualSceneNode35" name="Dummy024" sid="Dummy024" type="JOINT">
                        <matrix>-0.067402 -0.997706 0.006271 0.000000 0.993415 -0.067693 -0.092432 -1.19828 0.092645 0 0.995699 0.000013 0 0 0 1</matrix>
                        <node id="VisualSceneNode36" name="Dummy025" sid="Dummy025" type="JOINT">
                          <matrix>0.991375 0.131053 0.000000 -0.986331 -0.131053 0.991375 0 0.318343 -0.000000 0 1 -0.059158 0 0 0 1</matrix>
                          <node id="VisualSceneNode37" name="Dummy034" sid="Dummy034" type="JOINT">
                            <matrix>1 0 0.000000 -0.391684 0 1 0 -0.000001 -0.000000 0 1 0.000037 0 0 0 1</matrix>
                          </node>
                        </node>
                        <node id="VisualSceneNode38" name="Dummy026" sid="Dummy026" type="JOINT">
                          <matrix>1 0 0 -0.986712 0 1 0 0.069057 0 0 1 -0.058156 0 0 0 1</matrix>
                          <node id="VisualSceneNode39" name="Dummy033" sid="Dummy033" type="JOINT">
                            <matrix>1 0 0.000000 -0.391646 0 1 0 -0.000002 -0.000000 0 1 -0.000076 0 0 0 1</matrix>
                          </node>
                        </node>
                        <node id="VisualSceneNode40" name="Dummy027" sid="Dummy027" type="JOINT">
                          <matrix>0.990875 -0.134781 0.000000 -0.986704 0.134781 0.990875 0 -0.396204 0 0 1 -0.058178 0 0 0 1</matrix>
                          <node id="VisualSceneNode41" name="Dummy032" sid="Dummy032" type="JOINT">
                            <matrix>1 0 0.000000 -0.391668 0 1 0 0.000002 -0.000000 0 1 -0.000014 0 0 0 1</matrix>
                          </node>
                        </node>
                        <node id="VisualSceneNode42" name="Dummy028" sid="Dummy028" type="JOINT">
                          <matrix>0.998499 -0.054778 0 -0.987105 0.054778 0.998499 0 -0.173634 0 0 1 -0.058234 0 0 0 1</matrix>
                          <node id="VisualSceneNode43" name="Dummy031" sid="Dummy031" type="JOINT">
                            <matrix>1 0 0.000000 -0.391683 0 1 0 0.000003 -0.000000 0 1 0.000048 0 0 0 1</matrix>
                          </node>
                        </node>
                        <node id="VisualSceneNode44" name="Dummy029" sid="Dummy029" type="JOINT">
                          <matrix>0.671222 0.737133 0.078071 -0.514946 -0.732197 0.675747 -0.085163 0.416882 -0.115533 -0.000000 0.993304 0.014228 0 0 0 1</matrix>
                          <node id="VisualSceneNode45" name="Dummy030" sid="Dummy030" type="JOINT">
                            <matrix>1 0 0 -0.391658 0 1 -0.000000 0.000009 -0.000000 0.000000 1 -0.000021 0 0 0 1</matrix>
                          </node>
                        </node>
                      </node>
                    </node>
                  </node>
                </node>
              </node>
              <node id="VisualSceneNode46" name="Dummy009" sid="Dummy009" type="JOINT">
                <matrix>1 0 0 0 0 1 0 1.27947 0 0 1 -0.178089 0 0 0 1</matrix>
                <node id="VisualSceneNode47" name="Dummy010" sid="Dummy010" type="JOINT">
                  <matrix>1 0 0 0 0 1 0 0.807036 0 0 1 0.107166 0 0 0 1</matrix>
                  <node id="VisualSceneNode48" name="Dummy011" sid="Dummy011" type="JOINT">
                    <matrix>0.944927 0.040038 -0.324823 0.192813 0.005589 -0.994318 -0.106304 1.70064 -0.327234 0.098634 -0.939781 0.853687 0 0 0 1</matrix>
                  </node>
                  <node id="VisualSceneNode49" name="Dummy012" sid="Dummy012" type="JOINT">
                    <matrix>0.944927 0.040038 -0.324823 -0.192813 -0.005589 0.994318 0.106304 1.70065 0.327234 -0.098634 0.939781 0.853687 0 0 0 1</matrix>
                  </node>
                  <node id="VisualSceneNode50" name="Dummy013" sid="Dummy013" type="JOINT">
                    <matrix>1 0 0 0.651307 0 1 0 2.26796 0 0 1 0 0 0 0 1</matrix>
                  </node>
                  <node id="VisualSceneNode51" name="Dummy014" sid="Dummy014" type="JOINT">
                    <matrix>1 0 0 -0.651307 0 -1 0.000000 2.26791 0 -0.000000 -1 0.000000 0 0 0 1</matrix>
                  </node>
                  <node id="VisualSceneNode52" name="Dummy015" sid="Dummy015" type="JOINT">
                    <matrix>0.921933 0.040038 -0.385274 0.370936 -0.001299 -0.994318 -0.106443 1.35045 -0.387347 0.098634 -0.916642 0.875741 0 0 0 1</matrix>
                  </node>
                  <node id="VisualSceneNode53" name="Dummy016" sid="Dummy016" type="JOINT">
                    <matrix>0.921933 0.040038 -0.385274 -0.370936 0.001299 0.994318 0.106443 1.35047 0.387347 -0.098634 0.916642 0.875741 0 0 0 1</matrix>
                  </node>
                  <node id="VisualSceneNode54" name="Dummy017" sid="Dummy017" type="JOINT">
                    <matrix>1 0 0 0 0 1 0 0.448998 0 0 1 -0.815498 0 0 0 1</matrix>
                    <node id="VisualSceneNode55" name="Dummy018" sid="Dummy018" type="JOINT">
                      <matrix>1 0 0 0.562634 0 1 0 0.120373 0 0 1 1.68734 0 0 0 1</matrix>
                    </node>
                    <node id="VisualSceneNode56" name="Dummy019" sid="Dummy019" type="JOINT">
                      <matrix>1 0 0 -0.562633 0 -1 0.000000 0.120346 0 -0.000000 -1 1.68734 0 0 0 1</matrix>
                    </node>
                    <node id="VisualSceneNode57" name="Dummy020" sid="Dummy020" type="JOINT">
                      <matrix>1 0 0 0 0 1 0 0.120373 0 0 1 1.87815 0 0 0 1</matrix>
                    </node>
                  </node>
                </node>
              </node>
            </node>
          </node>
        </node>
      </node>
      <node id="VisualSceneNode58" name="tex_0000_man_ray_256_png" type="NODE">
        <matrix>1 0 0 0 0 1 0 0 0 0 1 0 0 0 0 1</matrix>
        <instance_controller url="#Controller">
          <skeleton>#VisualSceneNode1</skeleton>
          <bind_material>
            <technique_common>
              <instance_material symbol="VisualMaterial0" target="#VisualMaterial"/>
            </technique_common>
          </bind_material>
        </instance_controller>
      </node>
    </visual_scene>
  </library_visual_scenes>
  <scene>
    <instance_visual_scene url="#VisualSceneNode"/>
  </scene>
</COLLADA>
