<?xml version="1.0" encoding="utf-8"?>
<COLLADA xmlns="http://www.collada.org/2005/11/COLLADASchema" version="1.4.1">
  <asset>
    <created>2018-10-28T05:50:50Z</created>
    <modified>2018-10-28T05:50:50Z</modified>
  </asset>
  <library_images>
    <image id="Image">
      <init_from>Dr_Doof_D.png</init_from>
    </image>
  </library_images>
  <library_materials>
    <material id="VisualMaterial" name="Dr_Doof_D_png">
      <instance_effect url="#Effect"/>
      <extra>
        <technique profile="FCOLLADA">
          <user_properties>Dr_Doof_D.png</user_properties>
        </technique>
      </extra>
    </material>
  </library_materials>
  <library_effects>
    <effect id="Effect" name="Dr_Doof_D_png">
      <profile_COMMON>
        <newparam sid="Image-surface">
          <surface type="2D">
            <init_from>Image</init_from>
            <format>A8R8G8B8</format>
          </surface>
        </newparam>
        <newparam sid="Image-sampler">
          <sampler2D>
            <source>Image-surface</source>
            <wrap_s>WRAP</wrap_s>
            <wrap_t>WRAP</wrap_t>
            <minfilter>NONE</minfilter>
            <magfilter>NONE</magfilter>
            <mipfilter>NONE</mipfilter>
          </sampler2D>
        </newparam>
        <technique sid="common">
          <phong>
            <emission>
              <color>0 0 0 1</color>
            </emission>
            <ambient>
              <color>0 0 0 1</color>
            </ambient>
            <diffuse>
              <texture texture="Image-sampler" texcoord=""/>
            </diffuse>
            <specular>
              <color>1 1 1 1</color>
            </specular>
            <shininess>
              <float>0</float>
            </shininess>
            <transparent opaque="A_ONE">
              <color>0 0 0 1</color>
            </transparent>
            <transparency>
              <float>1</float>
            </transparency>
            <index_of_refraction>
              <float>1.55</float>
            </index_of_refraction>
          </phong>
          <extra>
            <technique profile="FCOLLADA">
              <spec_level>
                <float>0</float>
              </spec_level>
            </technique>
          </extra>
        </technique>
      </profile_COMMON>
      <extra>
        <technique profile="FCOLLADA">
          <user_properties>Dr_Doof_D.png</user_properties>
        </technique>
      </extra>
    </effect>
  </library_effects>
  <library_geometries>
    <geometry id="Geometry" name="Dr_Doof_D_png">
      <mesh>
        <source id="GeometrySource" name="Dr_Doof_D.pngPos">
          <float_array id="GeometrySource-array" count="6036">0.119194 3.03846 0.019378 0.173678 2.87005 0.116556 0.263274 2.88487 0.018263 0.173678 2.87005 0.116556 0.119194 3.03846 0.019378 0.088273 3.01904 0.098153 0.000331 3.06034 0.076478 0.000331 3.06034 0.076478 0.000331 3.07582 0.009056 0.067604 2.98879 0.074547 0.000331 3.06034 0.076478 0.000331 3.02664 0.061988 0.088273 3.01904 0.098153 0.131433 2.8853 0.091812 0.173678 2.87005 0.116556 0.171478 2.74663 0.070817 0.173678 2.87005 0.116556 0.263274 2.88487 0.018263 0.117557 3.03408 0.015835 0.119194 3.03846 0.019378 0.000331 3.07071 0.00619 0.080987 2.98819 0.056237 0.000331 3.0312 0.044854 0.179885 2.74808 0.057391 0.260651 2.87765 0.014283 0.311045 2.78275 -0.011672 0.263274 2.88487 0.018263 0.171478 2.74663 0.070817 0.000331 2.83859 0.15432 0.000331 2.70356 0.120233 0.131433 2.8853 0.091812 0.06508 2.91636 0.130064 0.07112 3.0166 0.108455 0.000332 2.98505 0.147277 0.069938 2.94095 0.166312 -0.069274 2.94095 0.166312 -0.070456 3.0166 0.108455 -0.170816 2.74663 0.070816 -0.13077 2.8853 0.091811 -0.064417 2.91636 0.130064 0.000331 2.89678 0.151412 0.097742 2.91899 -0.130297 0.080987 2.98819 0.056237 0.151993 2.84936 -0.060904 0.201561 2.75517 -0.158633 0.000331 3.0312 0.044854 0.000331 2.99194 -0.189254 0.000332 2.8379 -0.383706 0.125545 2.79037 -0.302718 0.230018 1.50745 -0.327286 0.000332 1.38168 -0.303218 0.000332 1.48233 -0.41511 0.125462 1.36591 -0.118539 0.218954 1.41731 -0.252094 0.27633 1.39366 -0.149822 0.218532 0.87813 0.003798 0.218896 1.34341 -0.217023 0.252802 0.880122 0.060181 0.218519 0.847474 0.002141 0.255486 0.826749 0.050494 0.278887 0.642206 -0.048406 0.218519 0.65142 -0.145418 0.143895 0.637611 -0.078341 0.218519 0.847474 0.002141 0.218519 0.65142 -0.145418 0.162509 0.826749 0.053152 0.218532 0.87813 0.003798 0.218519 0.4559 -0.245559 0.301558 0.438788 -0.127939 0.125126 0.437494 -0.160436 0.218519 0.4559 -0.245559 0.255486 0.826749 0.050494 0.262325 0.627273 0.009863 0.278887 0.642206 -0.048406 0.250315 0.809438 0.12564 0.217518 0.619764 0.041303 0.301558 0.438788 -0.127939 0.273613 0.421673 -0.053893 0.214718 0.804197 0.15287 0.172541 0.624277 0.013468 0.217476 0.414794 -0.02125 0.162017 0.420693 -0.054361 0.176523 0.809685 0.132064 0.162509 0.826749 0.053152 0.143895 0.637611 -0.078341 0.125126 0.437494 -0.160436 0.13618 0.171595 -0.066604 0.216553 0.164641 -0.149914 0.215034 0.185711 -0.020771 0.961558 2.7327 -0.318531 1.54703 2.84348 -0.311706 1.54702 2.70293 -0.311706 0.92858 2.67146 -0.250526 1.54769 2.58546 -0.1871 0.961558 2.81296 -0.318532 0.935006 2.87364 -0.25096 1.52977 2.85207 -0.05881 1.54763 2.94697 -0.187148 0.894687 2.87053 -0.251552 0.927332 2.81525 -0.177697 0.859431 2.81296 -0.180061 1.52976 2.69773 -0.058811 0.927345 2.73048 -0.177694 1.54769 2.58546 -0.1871 0.92858 2.67146 -0.250526 0.859452 2.73245 -0.179885 0.894034 2.67478 -0.250901 0.86057 2.67699 -0.2491 1.53626 2.8471 -0.070052 1.55484 2.93267 -0.186336 1.42994 2.80869 -0.165433 1.53836 2.70177 -0.072476 1.42994 2.80869 -0.165433 1.54769 2.58546 -0.1871 1.55552 2.60043 -0.186316 1.42994 2.73862 -0.199317 1.42994 2.73862 -0.199317 0.259269 2.69157 -0.162614 0.255863 2.73512 -0.102547 0.284966 2.81696 -0.109702 1.55484 2.93267 -0.186336 1.42994 2.80869 -0.2332 1.5506 2.83936 -0.29969 1.54763 2.94697 -0.187148 1.5506 2.83936 -0.29969 1.55274 2.70665 -0.296301 1.42994 2.73862 -0.199317 1.55552 2.60043 -0.186316 1.54769 2.58546 -0.1871 1.42994 2.80869 -0.2332 1.42994 2.73862 -0.199317 1.42994 2.80869 -0.165433 1.42994 2.80869 -0.2332 1.5506 2.83936 -0.29969 1.55484 2.93267 -0.186336 1.54763 2.94697 -0.187148 1.42994 2.77366 -0.182375 1.42994 2.77366 -0.216259 1.42994 2.73862 -0.199317 1.42994 2.80869 -0.2332 1.72705 2.7621 0.083628 1.69943 2.81982 -0.017951 1.70159 2.75391 -0.021241 1.69943 2.81982 -0.017951 1.73083 2.80958 0.08393 1.74742 2.80523 0.152704 1.82464 2.80416 0.153224 1.81295 2.80042 0.2788 1.81295 2.80042 0.2788 1.83629 2.76335 0.153263 1.819 2.76409 0.269601 1.7721 2.80042 0.2788 1.76566 2.76409 0.269601 1.7721 2.80042 0.2788 1.83018 2.8077 0.082246 1.69943 2.81982 -0.017951 1.84702 2.76022 0.082988 1.74285 2.76425 0.152878 1.76566 2.76409 0.269601 1.66915 2.76141 -0.085042 1.66685 2.81629 -0.083272 1.63248 2.80886 -0.142651 1.63248 2.7388 -0.142651 1.66122 2.81639 -0.236323 1.63248 2.80886 -0.142651 1.66685 2.81629 -0.083272 1.63248 2.80886 -0.210418 1.8232 2.81819 -0.15517 1.66122 2.81639 -0.236323 1.66685 2.81629 -0.083272 1.66122 2.81639 -0.236323 1.81923 2.81528 -0.274813 2.06675 2.80091 -0.285978 1.81923 2.81528 -0.274813 2.06639 2.80384 -0.158572 1.83532 2.81471 -0.007729 1.69943 2.81982 -0.017951 2.06678 2.80092 -0.032324 2.06562 2.77098 -0.021823 1.8584 2.75209 -0.001456 1.81923 2.81528 -0.274813 1.65932 2.76708 -0.236117 1.66122 2.81639 -0.236323 1.81935 2.76868 -0.282169 2.06557 2.77183 -0.296467 1.63248 2.77383 -0.210418 1.66122 2.81639 -0.236323 1.63248 2.80886 -0.210418 2.09257 2.80024 -0.033405 2.09139 2.77158 -0.022784 2.20273 2.76827 -0.021675 2.20342 2.80025 -0.031687 2.09225 2.80295 -0.15903 2.2046 2.80136 -0.159629 2.20344 2.80025 -0.287082 2.09257 2.80024 -0.287522 2.09139 2.77158 -0.29819 2.20274 2.76829 -0.296922 2.25229 2.80115 -0.159816 2.25136 2.80025 -0.033604 2.45646 2.80052 -0.165301 2.43937 2.79995 -0.046203 2.25054 2.7669 -0.023609 2.43937 2.79995 -0.046203 2.41432 2.7633 -0.033202 2.25137 2.80025 -0.285655 2.41013 2.79995 -0.285469 2.43588 2.76402 -0.16523 2.43937 2.79995 -0.046203 2.41432 2.7633 -0.033202 2.45646 2.80052 -0.165301 2.25052 2.76691 -0.295538 2.41013 2.79995 -0.285469 2.37421 2.76435 -0.298621 2.41013 2.79995 -0.285469 2.37421 2.76435 -0.298621 1.83859 2.68972 -0.003251 2.06562 2.77098 -0.021823 1.8584 2.75209 -0.001456 1.83859 2.68972 -0.003251 2.0646 2.74127 -0.030797 1.824 2.71451 -0.15582 2.06375 2.7404 -0.158384 1.81949 2.72216 -0.275607 2.06434 2.74281 -0.287424 1.66139 2.71712 -0.237039 1.81935 2.76868 -0.282169 1.65932 2.76708 -0.236117 1.63248 2.7388 -0.210418 1.63248 2.7388 -0.142651 1.63248 2.7388 -0.210418 1.83859 2.68972 -0.003251 1.67147 2.7062 -0.086862 1.67147 2.7062 -0.086862 1.63248 2.77383 -0.210418 2.06557 2.77183 -0.296467 1.63248 2.7388 -0.210418 1.63248 2.7388 -0.142651 1.42994 2.73862 -0.199317 1.83859 2.68972 -0.003251 1.70599 2.6882 -0.024158 1.70599 2.6882 -0.024158 1.66915 2.76141 -0.085042 1.67147 2.7062 -0.086862 1.70159 2.75391 -0.021241 1.72705 2.7621 0.083628 1.73489 2.71579 0.085277 1.83859 2.68972 -0.003251 1.70599 2.6882 -0.024158 1.74285 2.76425 0.152878 1.74869 2.72525 0.153719 1.76566 2.76409 0.269601 1.75922 2.72939 0.219397 1.8282 2.72441 0.154093 1.82505 2.72939 0.219397 1.819 2.76409 0.269601 1.76566 2.76409 0.269601 1.8282 2.72441 0.154093 1.819 2.76409 0.269601 1.82505 2.72939 0.219397 1.819 2.76409 0.269601 1.8282 2.72441 0.154093 1.83629 2.76335 0.153263 1.83225 2.71352 0.084443 1.84702 2.76022 0.082988 2.08957 2.7411 -0.158821 2.09014 2.743 -0.032212 2.20458 2.73611 -0.031538 2.09013 2.743 -0.288804 2.20585 2.73631 -0.159556 2.09139 2.77158 -0.022784 2.20273 2.76827 -0.021675 2.20274 2.76829 -0.296922 2.20459 2.73613 -0.287275 2.25246 2.73286 -0.032555 2.25348 2.73374 -0.159786 2.36854 2.72753 -0.039617 2.37814 2.7287 -0.165034 2.43588 2.76402 -0.16523 2.41432 2.7633 -0.033202 2.25246 2.7329 -0.286787 2.29511 2.72993 -0.285936 2.25052 2.76691 -0.295538 2.37421 2.76435 -0.298621 2.37421 2.76435 -0.298621 2.25054 2.7669 -0.023609 2.41432 2.7633 -0.033202 1.42994 2.73862 -0.199317 1.42994 2.73862 -0.199317 1.42994 2.77366 -0.216259 1.42994 2.80869 -0.165433 1.63248 2.80886 -0.210418 1.42994 2.80869 -0.165433 1.63248 2.80886 -0.142651 1.42994 2.80869 -0.2332 1.63248 2.7388 -0.142651 1.42994 2.80869 -0.165433 1.42994 2.77366 -0.182375 1.42994 2.77366 -0.182375 1.42994 2.73862 -0.199317 1.42994 2.77366 -0.216259 1.63248 2.80886 -0.210418 1.42994 2.77366 -0.216259 1.42994 2.80869 -0.2332 1.819 2.76409 0.269601 1.7721 2.80042 0.2788 1.81295 2.80042 0.2788 0.09568 3.48569 0.468344 0.05873 3.55078 0.495735 0.1331 3.55078 0.49509 0.170284 3.48569 0.494767 0.1331 3.4206 0.49509 0.15348 3.58541 0.563457 0.039539 3.58541 0.564446 0.15348 3.38596 0.563457 0.21045 3.48569 0.562963 0.149525 3.57774 0.623856 0.044352 3.57774 0.624702 0.149525 3.39364 0.623856 0.202105 3.48569 0.623427 0.134773 3.55116 0.672532 0.059945 3.5512 0.673155 0.117412 3.52032 0.692591 0.077841 3.52032 0.692934 0.137198 3.48569 0.692419 0.172 3.48569 0.672309 0.117412 3.45105 0.692591 0.134773 3.42021 0.672532 0.09568 3.48569 0.468344 0.021546 3.48569 0.496057 0.05873 3.55078 0.495735 0.05873 3.4206 0.495735 0.1331 3.4206 0.49509 0.039539 3.38596 0.564446 0.15348 3.38596 0.563457 0.044352 3.39363 0.624702 0.149525 3.39364 0.623856 0.059945 3.42017 0.673155 0.134773 3.42021 0.672532 0.077841 3.45105 0.692934 0.058056 3.48569 0.693105 0.02265 3.48569 0.673552 0.077841 3.52032 0.692934 0.059945 3.5512 0.673155 0.117412 3.45105 0.692591 0.004607 3.47112 0.654688 0.044352 3.57774 0.624702 0.077841 3.52032 0.692934 0.097687 3.48569 0.69974 0.117412 3.52032 0.692591 0.058056 3.48569 0.693105 0.077841 3.45105 0.692934 0.117412 3.45105 0.692591 0.137198 3.48569 0.692419 0.193359 3.39412 0.613545 0.160726 3.32938 0.707094 0.21852 3.3238 0.591272 0.133709 3.38072 0.679782 0.083319 3.39753 0.68705 0.055972 3.34534 0.770037 0.203138 3.43076 0.534468 0.199576 3.4149 0.409502 0.200733 3.528 0.461038 0.199576 3.4149 0.409502 0.203138 3.43076 0.534468 0.216716 3.4856 0.532122 0.216716 3.4856 0.532122 0.202935 3.56626 0.580953 0.146994 3.58575 0.300265 0.155765 3.65805 0.453052 0.174658 3.63034 0.528499 0.079152 3.66384 0.534425 0.104255 3.64226 0.605545 0.130559 3.5963 0.677467 0.130559 3.5963 0.677467 0.202935 3.56626 0.580953 0.112137 3.7546 0.362365 0.036843 3.77091 0.429631 0.040858 3.42198 0.666958 0.028205 3.40154 0.777526 0.033491 3.41093 0.93235 0.000334 3.45183 0.931299 0.000334 3.45183 0.931299 0.000333 3.42469 0.779821 0.011747 3.45128 0.670989 0.032906 3.41214 1.0142 0.000334 3.45183 0.931299 0.000334 3.44905 1.01905 0.000334 3.41094 1.11956 0.000334 3.41094 1.11956 0.029853 3.40115 1.10409 0.036463 3.35287 1.10028 0.040221 3.34886 1.01241 0.000334 3.33682 1.0144 0.000334 3.34292 1.10501 0.000335 3.34301 1.18487 0.000335 3.34301 1.18487 0.044577 3.3522 0.93156 0.044577 3.3522 0.93156 0.044577 3.3522 0.93156 0.000333 3.33604 0.798384 0.055972 3.34534 0.770037 0.000334 3.34142 0.932114 0.000335 3.34301 1.18487 0.151827 3.27883 0.700398 0.061125 3.29139 0.791252 0.055972 3.34534 0.770037 0.146603 3.24916 0.696469 0.146603 3.24916 0.696469 0.064257 3.25858 0.80415 0.000333 3.29312 0.81375 0.000333 3.26031 0.825499 0.187949 3.23595 0.549152 0.195865 3.2587 0.560058 0.055334 3.24888 0.787856 0.132273 3.24596 0.695091 0.187949 3.23595 0.549152 0.146603 3.24916 0.696469 0.055334 3.24888 0.787856 0.000333 3.2506 0.807967 0.16529 3.23321 0.542127 0.187459 3.24973 0.534486 0.16613 3.23289 0.538233 0.16613 3.23289 0.538233 0.145843 3.24684 0.700351 0.187949 3.23595 0.549152 0.178306 3.21488 0.52642 0.183423 3.20536 0.559922 0.14131 3.17544 0.735557 0.145799 3.21624 0.718565 0.064078 3.21529 0.833848 0.064159 3.23792 0.836028 0.000333 3.21787 0.85305 0.000333 3.23954 0.855239 0.000333 3.26012 0.829171 0.064201 3.25848 0.809739 0.064201 3.25848 0.809739 0.152813 3.23857 0.706583 0.062579 3.17299 0.856465 0.000334 3.17289 0.878174 0.187949 3.23595 0.549152 0.059487 3.08575 0.903116 0.000334 3.08978 0.9246 0.000334 2.9378 0.996648 0.061489 2.95725 0.96474 0.131163 3.08323 0.77396 0.000334 2.89865 0.950893 0.096615 2.95834 0.817984 0.167417 3.09716 0.598011 0.122961 2.99283 0.625729 0.000333 2.96407 0.622317 0.000333 2.92886 0.820562 0.130701 3.11083 0.414195 0.144204 3.21692 0.396572 0.000331 3.21906 0.35583 0.156518 3.31305 0.377986 0.184577 3.32096 0.419878 0.156518 3.31305 0.377986 0.184577 3.32096 0.419878 0.161132 3.41815 0.355087 0.000331 3.31792 0.33807 0.161132 3.41815 0.355087 0.000331 3.42173 0.318939 0.000331 3.42802 0.317329 0.000331 3.57288 0.280474 0.000331 3.71626 0.228316 0.098183 3.71891 0.239739 0.073117 3.83681 0.281258 0.058815 3.8263 0.190922 0.058815 3.8263 0.190922 0.058815 3.8263 0.190922 0.000331 3.84712 0.339198 0.000331 3.84069 0.183063 0.000332 3.65557 0.585665 0.000332 3.7679 0.452404 0.000332 3.56707 0.654411 0.000333 3.33604 0.798384 -0.016144 3.51166 0.678894 -0.040647 3.53653 0.685646 -0.016144 3.51166 0.678894 0.000333 3.51332 0.666529 -0.129893 3.5963 0.677468 -0.103589 3.64226 0.605546 0.000333 3.45341 0.684155 0.190831 3.43159 0.540415 0.193359 3.39412 0.613545 0.203138 3.43076 0.534468 0.178559 3.40959 0.610149 0.133709 3.38072 0.679782 0.193359 3.39412 0.613545 0.122971 3.39851 0.656784 0.190831 3.43159 0.540415 0.083319 3.39753 0.68705 0.040858 3.42198 0.666958 0.045368 2.98337 0.252645 0.000332 2.95505 0.17073 0.032681 2.9692 0.158206 0.032681 2.99986 0.135258 0.054973 3.03018 0.234544 0.000332 3.01712 0.126004 0.000332 3.05506 0.221488 -0.044704 2.98337 0.252645 0.000332 2.96608 0.259652 -0.032016 2.99986 0.135258 -0.032016 2.9692 0.158206 -0.054309 3.03018 0.234544 0.24346 3.28592 0.314736 0.184577 3.32096 0.419878 0.156518 3.31305 0.377986 0.253086 3.28736 0.323708 0.156518 3.31305 0.377986 0.245169 3.35351 0.291468 0.24346 3.28592 0.314736 0.245169 3.35351 0.291468 0.253086 3.28736 0.323708 0.24346 3.28592 0.314736 0.245169 3.35351 0.291468 0.25362 3.35275 0.305195 0.245169 3.35351 0.291468 0.156518 3.31305 0.377986 0.161132 3.41815 0.355087 0.267565 3.43156 0.268426 0.254906 3.42649 0.256031 0.161132 3.41815 0.355087 0.267565 3.43156 0.268426 0.267565 3.43156 0.268426 0.161132 3.41815 0.355087 0.199576 3.4149 0.409502 0.245169 3.35351 0.291468 0.254906 3.42649 0.256031 0.253086 3.28736 0.323708 0.25362 3.35275 0.305195 0.184577 3.32096 0.419878 0.199576 3.4149 0.409502 0.184577 3.32096 0.419878 0.199576 3.4149 0.409502 0.267565 3.43156 0.268426 0.051001 3.5203 0.680196 0.084645 3.50422 0.569163 0.130559 3.5963 0.677467 0.130559 3.5963 0.677467 0.041313 3.53653 0.685646 0.084645 3.50422 0.569163 0.216716 3.4856 0.532122 0.202935 3.56626 0.580953 0.084645 3.50422 0.569163 0.202935 3.56626 0.580953 0.130559 3.5963 0.677467 0.216716 3.4856 0.532122 0.190831 3.43159 0.540415 0.203138 3.43076 0.534468 0.084645 3.50422 0.569163 0.216716 3.4856 0.532122 0.084645 3.50422 0.569163 0.178559 3.40959 0.610149 0.190831 3.43159 0.540415 0.178559 3.40959 0.610149 0.084645 3.50422 0.569163 0.122971 3.39851 0.656784 0.084645 3.50422 0.569163 0.040858 3.42198 0.666958 0.122971 3.39851 0.656784 0.016811 3.51166 0.678894 0.084645 3.50422 0.569163 0.051001 3.5203 0.680196 0.016811 3.51166 0.678894 0.000333 3.45341 0.684155 0.000333 3.42983 0.762441 0.000333 3.45341 0.684155 0.011747 3.45128 0.670989 0.084645 3.50422 0.569163 0.016811 3.51166 0.678894 0.040858 3.42198 0.666958 0.084645 3.50422 0.569163 0.011747 3.45128 0.670989 0.016811 3.51166 0.678894 0.041313 3.53653 0.685646 0.016811 3.51166 0.678894 -0.078487 3.66384 0.534425 -0.036179 3.77091 0.429632 -0.111474 3.7546 0.362366 -0.155101 3.65805 0.453053 -0.173993 3.63034 0.528501 -0.200069 3.528 0.461039 -0.146331 3.58575 0.300266 -0.198912 3.4149 0.409504 -0.202472 3.43076 0.534469 -0.198912 3.4149 0.409504 -0.217854 3.3238 0.591274 -0.192693 3.39412 0.613547 -0.16006 3.32938 0.707095 -0.133042 3.38072 0.679783 -0.082653 3.39753 0.68705 -0.055305 3.34534 0.770037 -0.202472 3.43076 0.534469 -0.216051 3.4856 0.532123 -0.20227 3.56626 0.580955 -0.216051 3.4856 0.532123 -0.129893 3.5963 0.677468 -0.20227 3.56626 0.580955 -0.040192 3.42198 0.666958 -0.027538 3.40154 0.777526 -0.032823 3.41093 0.93235 0.000334 3.45183 0.931299 0.000334 3.45183 0.931299 -0.043909 3.3522 0.93156 -0.043909 3.3522 0.93156 -0.055305 3.34534 0.770037 -0.043909 3.3522 0.93156 -0.011081 3.45128 0.670989 -0.15116 3.27883 0.700399 -0.055305 3.34534 0.770037 -0.195199 3.2587 0.56006 -0.187283 3.23595 0.549153 -0.145937 3.24916 0.69647 -0.060457 3.29139 0.791252 -0.06359 3.25858 0.80415 -0.145937 3.24916 0.69647 -0.054667 3.24888 0.787856 -0.054667 3.24888 0.787856 -0.145937 3.24916 0.69647 -0.131607 3.24596 0.695092 -0.187283 3.23595 0.549153 -0.164625 3.23321 0.542128 -0.186794 3.24973 0.534487 -0.165465 3.23289 0.538235 -0.145176 3.24684 0.700352 -0.165465 3.23289 0.538235 -0.187283 3.23595 0.549153 -0.177641 3.21488 0.526421 -0.182757 3.20536 0.559923 -0.140643 3.17544 0.735559 -0.145132 3.21624 0.718566 -0.06341 3.21529 0.833849 -0.063492 3.23792 0.836029 -0.063534 3.25848 0.809739 -0.063534 3.25848 0.809739 -0.152146 3.23857 0.706584 -0.061911 3.17299 0.856465 -0.187283 3.23595 0.549153 -0.058818 3.08575 0.903117 -0.06082 2.95725 0.96474 -0.130496 3.08322 0.773961 -0.095947 2.95834 0.817985 -0.166752 3.09716 0.598012 -0.122295 2.99283 0.62573 -0.130037 3.11083 0.414196 -0.14354 3.21692 0.396574 -0.183913 3.32096 0.419879 -0.183913 3.32096 0.419879 -0.155854 3.31305 0.377987 -0.155854 3.31305 0.377987 -0.160468 3.41815 0.355088 -0.160468 3.41815 0.355088 0.000331 3.71626 0.228316 -0.09752 3.71891 0.23974 -0.072454 3.84096 0.281258 -0.058153 3.8263 0.190923 0.000331 3.82953 0.187112 0.000331 3.84069 0.183063 -0.058153 3.8263 0.190923 -0.058153 3.8263 0.190923 0.000331 3.84069 0.183063 0.132273 3.24596 0.695091 0.04514 3.31353 0.765667 0.100825 3.3174 0.681194 0.055334 3.24888 0.787856 0.000333 3.31471 0.782991 0.000333 3.2506 0.807967 0.16529 3.23321 0.542127 0.16613 3.23289 0.538233 0.16613 3.23289 0.538233 0.156842 3.2994 0.540356 0.000333 3.37303 0.738979 0.000332 3.37814 0.438619 0.151116 3.15466 0.549519 0.130339 3.24704 0.694395 0.16613 3.23289 0.538233 0.1067 3.15894 0.709559 0.055991 3.24847 0.796194 0.057801 3.16806 0.806103 0.000333 3.25014 0.814137 0.000333 3.17414 0.813507 0.000333 3.1199 0.76731 0.000332 3.11587 0.458333 -0.150451 3.15466 0.549521 -0.129673 3.24704 0.694397 -0.106033 3.15894 0.70956 -0.165465 3.23289 0.538235 -0.055324 3.24847 0.796195 -0.057134 3.16806 0.806103 -0.165465 3.23289 0.538235 -0.100159 3.3174 0.681195 -0.164625 3.23321 0.542128 -0.131607 3.24596 0.695092 -0.044473 3.31353 0.765668 -0.054667 3.24888 0.787856 0.000332 3.37814 0.438619 -0.156177 3.2994 0.540358 -0.165465 3.23289 0.538235 0.055991 3.24847 0.796194 0.000333 3.25014 0.814137 0.130339 3.24704 0.694395 0.064201 3.25848 0.809739 0.000332 3.23382 0.432215 0.000332 3.37814 0.438619 0.016811 3.51166 0.678894 0.051001 3.5203 0.680196 0.041313 3.53653 0.685646 0.130747 3.57707 0.660856 0.023436 3.5253 0.695807 0.14751 3.60736 0.693881 0.024922 3.52066 0.681512 0.187907 3.58208 0.591285 0.225425 3.61782 0.616689 0.024922 3.52066 0.681512 0.003317 3.52941 0.698642 0.252531 3.5861 0.492515 0.145166 3.56788 0.684858 0.024922 3.52066 0.681512 0.130747 3.57707 0.660856 0.145166 3.56788 0.684858 0.02448 3.51108 0.691902 0.222181 3.58003 0.615026 0.222181 3.58003 0.615026 0.187907 3.58208 0.591285 0.003317 3.52941 0.698642 0.024922 3.52066 0.681512 0.252531 3.5861 0.492515 0.225425 3.61782 0.616689 0.222181 3.58003 0.615026 0.145166 3.56788 0.684858 0.145166 3.56788 0.684858 0.14751 3.60736 0.693881 0.02448 3.51108 0.691902 0.023436 3.5253 0.695807 0.003317 3.52941 0.698642 0.161003 0.119601 0.118384 0.110809 0.046017 -0.070392 0.114493 -0.007087 0.118552 0.130821 0.106363 -0.084802 0.13053 0.099054 -0.271229 0.110809 0.046017 -0.070392 0.276147 0.119601 0.118384 0.326341 0.046017 -0.070392 0.289833 0.147904 -0.072964 0.326341 0.046017 -0.070392 0.298949 0.099054 -0.271228 0.326341 -0.004137 -0.303975 0.326341 -0.004137 -0.070392 0.284951 0.179954 0.342547 0.153525 0.158271 0.463072 0.284397 0.158271 0.463072 0.279445 0.049297 0.647475 0.157704 0.049297 0.647475 0.077771 -0.007088 0.417271 0.157435 -0.005986 0.652151 0.359378 -0.007088 0.417271 0.353472 -0.007088 0.311908 0.083663 -0.007088 0.311908 0.152713 0.179954 0.342547 0.279714 -0.005986 0.652152 0.157435 -0.005986 0.652151 0.279714 -0.005986 0.652152 0.110809 -0.004137 -0.070393 0.326341 0.046017 -0.070392 0.110809 0.046017 -0.070392 0.326341 -0.004137 -0.070392 0.326341 -0.004137 -0.070392 0.218575 -0.004137 -0.357294 0.326341 -0.004137 -0.303975 0.110809 -0.004137 -0.070393 0.110809 -0.004137 -0.303975 0.110809 -0.004137 -0.303975 0.110809 -0.004137 -0.070393 0.218575 0.085922 -0.326155 0.110809 -0.004137 -0.303975 0.13053 0.099054 -0.271229 0.326341 -0.004137 -0.303975 0.218575 -0.004137 -0.357294 0.077771 -0.007088 0.417271 0.279714 -0.005986 0.652152 0.157435 -0.005986 0.652151 0.359378 -0.007088 0.417271 0.353472 -0.007088 0.311908 0.083663 -0.007088 0.311908 0.338064 -0.007088 0.21523 0.114493 -0.007087 0.118552 0.322657 -0.007087 0.118552 0.326341 0.046017 -0.070392 0.110809 0.046017 -0.070392 -0.173016 2.87005 0.116555 -0.118531 3.03846 0.019378 -0.262612 2.88487 0.018262 -0.118531 3.03846 0.019378 -0.173016 2.87005 0.116555 -0.087611 3.01904 0.098152 0.000331 3.06034 0.076478 0.000331 3.06034 0.076478 -0.066941 2.98879 0.074546 -0.087611 3.01904 0.098152 -0.13077 2.8853 0.091811 -0.173016 2.87005 0.116555 -0.170816 2.74663 0.070816 -0.173016 2.87005 0.116555 -0.175943 2.74482 0.070768 -0.116894 3.03408 0.015835 -0.262612 2.88487 0.018262 -0.118531 3.03846 0.019378 -0.080324 2.98818 0.056236 -0.179222 2.74808 0.05739 -0.259989 2.87765 0.014282 -0.310381 2.78274 -0.011672 -0.303842 2.7805 -0.014306 -0.262612 2.88487 0.018262 -0.097079 2.91899 -0.130298 -0.080324 2.98818 0.056236 -0.15133 2.84936 -0.060905 -0.200897 2.75517 -0.158633 -0.124881 2.79036 -0.302718 -0.22954 1.52031 -0.329151 -0.218289 1.41731 -0.252094 -0.124797 1.36591 -0.118539 0.000332 1.35338 -0.123479 -0.275665 1.39366 -0.149822 -0.217867 0.878131 0.003798 -0.252137 0.880123 0.060181 -0.217854 0.847474 0.002141 -0.254821 0.82675 0.050494 -0.278222 0.642207 -0.048406 -0.217854 0.65142 -0.145417 -0.217854 0.847474 0.002141 -0.14323 0.637611 -0.078341 -0.217854 0.65142 -0.145417 -0.161844 0.82675 0.053152 -0.217867 0.878131 0.003798 -0.163485 0.87391 0.069588 -0.217854 0.455901 -0.245559 -0.124461 0.437494 -0.160436 -0.254821 0.82675 0.050494 -0.26166 0.627273 0.009863 -0.24965 0.809439 0.12564 -0.216853 0.619765 0.041304 -0.214054 0.804198 0.15287 -0.300893 0.438788 -0.127939 -0.278222 0.642207 -0.048406 -0.216811 0.414795 -0.02125 -0.272948 0.421674 -0.053893 -0.171876 0.624278 0.013468 -0.161352 0.420693 -0.054361 -0.14323 0.637611 -0.078341 -0.161844 0.82675 0.053152 -0.175858 0.809685 0.132064 -0.293698 0.17046 -0.063262 -0.215888 0.164641 -0.149914 -0.214369 0.185711 -0.020771 -0.960893 2.7327 -0.318531 -1.54636 2.84348 -0.311706 -0.960893 2.81296 -0.318531 -0.927915 2.67146 -0.250526 -1.54636 2.70293 -0.311706 -0.934341 2.87364 -0.250959 -1.54697 2.94697 -0.187147 -1.52911 2.85207 -0.058809 -0.926667 2.81525 -0.177696 -0.894022 2.87053 -0.251551 -0.858766 2.81296 -0.18006 -1.5291 2.69773 -0.058811 -0.92668 2.73048 -0.177694 -1.54703 2.58546 -0.1871 -0.927915 2.67146 -0.250526 -0.858787 2.73245 -0.179885 -0.893369 2.67478 -0.250901 -0.859905 2.677 -0.2491 -1.53559 2.8471 -0.070051 -1.55418 2.93267 -0.186336 -1.42928 2.80869 -0.165433 -1.42928 2.80869 -0.165433 -1.53769 2.70177 -0.072476 -1.54703 2.58546 -0.1871 -1.55485 2.60043 -0.186316 -1.42928 2.73862 -0.199317 -1.42928 2.73862 -0.199317 -0.258605 2.69157 -0.162613 -0.255199 2.73512 -0.102546 -1.54994 2.83936 -0.29969 -1.42928 2.80869 -0.2332 -1.55418 2.93267 -0.186336 -1.54994 2.83936 -0.29969 -1.54697 2.94697 -0.187147 -1.42928 2.73862 -0.199317 -1.42928 2.80869 -0.2332 -1.55208 2.70665 -0.296301 -1.42928 2.73862 -0.199317 -1.55485 2.60043 -0.186316 -1.54703 2.58546 -0.1871 -1.42928 2.80869 -0.2332 -1.42928 2.80869 -0.165433 -1.54994 2.83936 -0.29969 -1.55418 2.93267 -0.186336 -1.42928 2.77365 -0.182375 -1.42928 2.80869 -0.2332 -1.42928 2.73862 -0.199317 -1.42928 2.77366 -0.216258 -1.72639 2.76209 0.083627 -1.69876 2.81982 -0.017951 -1.73017 2.80958 0.08393 -1.69876 2.81982 -0.017951 -1.70092 2.75391 -0.021242 -1.74675 2.80523 0.152704 -1.82951 2.8077 0.082246 -1.69876 2.81982 -0.017951 -1.82398 2.80416 0.153223 -1.81229 2.80042 0.278799 -1.83563 2.76335 0.153262 -1.81229 2.80042 0.278799 -1.81834 2.76408 0.2696 -1.77143 2.80042 0.278799 -1.76499 2.76408 0.2696 -1.77143 2.80042 0.278799 -1.84636 2.76022 0.082987 -1.74218 2.76424 0.152878 -1.76499 2.76408 0.2696 -1.66848 2.76141 -0.085042 -1.66618 2.81629 -0.083272 -1.63182 2.80886 -0.142651 -1.63182 2.7388 -0.142651 -1.63182 2.80886 -0.142651 -1.66055 2.81639 -0.236323 -1.66618 2.81629 -0.083272 -1.63182 2.80886 -0.210418 -1.66618 2.81629 -0.083272 -1.66055 2.81639 -0.236323 -1.82254 2.81819 -0.155171 -1.81856 2.81528 -0.274814 -1.66055 2.81639 -0.236323 -2.06578 2.80091 -0.285979 -1.81856 2.81528 -0.274814 -2.06542 2.80383 -0.158573 -1.83465 2.81471 -0.00773 -1.69876 2.81982 -0.017951 -2.06582 2.80092 -0.032325 -2.06465 2.77098 -0.021824 -1.85774 2.75209 -0.001457 -1.65866 2.76708 -0.236117 -1.81856 2.81528 -0.274814 -1.66055 2.81639 -0.236323 -1.81869 2.76868 -0.282169 -2.0646 2.77183 -0.296468 -1.63182 2.77383 -0.210418 -1.66055 2.81639 -0.236323 -1.63182 2.80886 -0.210418 -2.09161 2.80024 -0.033406 -2.09043 2.77158 -0.022785 -2.20176 2.76827 -0.021676 -2.20246 2.80025 -0.031688 -2.20363 2.80136 -0.159629 -2.09128 2.80295 -0.159031 -2.20247 2.80025 -0.287082 -2.0916 2.80024 -0.287523 -2.09042 2.77158 -0.298191 -2.25132 2.80115 -0.159817 -2.25039 2.80025 -0.033605 -2.4558 2.80052 -0.165302 -2.43871 2.79995 -0.046204 -2.24957 2.76689 -0.02361 -2.43871 2.79995 -0.046204 -2.41366 2.7633 -0.033203 -2.2504 2.80025 -0.285656 -2.20177 2.76828 -0.296923 -2.40947 2.79995 -0.28547 -2.43521 2.76402 -0.165231 -2.43871 2.79995 -0.046204 -2.4558 2.80052 -0.165302 -2.41366 2.7633 -0.033203 -2.24955 2.76691 -0.295539 -2.40947 2.79995 -0.28547 -2.37354 2.76434 -0.298622 -2.37354 2.76434 -0.298622 -2.40947 2.79995 -0.28547 -1.83793 2.68972 -0.003252 -2.06465 2.77098 -0.021824 -2.06363 2.74127 -0.030798 -1.82333 2.71451 -0.155821 -1.83793 2.68972 -0.003252 -2.06278 2.7404 -0.158385 -1.81882 2.72216 -0.275608 -2.06338 2.74281 -0.287425 -1.81869 2.76868 -0.282169 -1.66072 2.71712 -0.23704 -1.65866 2.76708 -0.236117 -1.63182 2.7388 -0.210418 -1.63182 2.7388 -0.142651 -1.63182 2.7388 -0.210418 -1.67081 2.7062 -0.086863 -1.67081 2.7062 -0.086863 -1.63182 2.77383 -0.210418 -1.83793 2.68972 -0.003252 -1.70533 2.6882 -0.024158 -1.66848 2.76141 -0.085042 -1.67081 2.7062 -0.086863 -1.70533 2.6882 -0.024158 -1.70092 2.75391 -0.021242 -1.72639 2.76209 0.083627 -1.73423 2.71579 0.085277 -1.83793 2.68972 -0.003252 -1.70533 2.6882 -0.024158 -1.74218 2.76424 0.152878 -1.74802 2.72524 0.153718 -1.76499 2.76408 0.2696 -1.75855 2.72939 0.219396 -1.82754 2.72441 0.154092 -1.82439 2.72939 0.219396 -1.81834 2.76408 0.2696 -1.76499 2.76408 0.2696 -1.81834 2.76408 0.2696 -1.82754 2.72441 0.154092 -1.82439 2.72939 0.219396 -1.82754 2.72441 0.154092 -1.81834 2.76408 0.2696 -1.83563 2.76335 0.153262 -1.83159 2.71351 0.084442 -1.84636 2.76022 0.082987 -1.85774 2.75209 -0.001457 -1.83793 2.68972 -0.003252 -2.09043 2.77158 -0.022785 -2.08917 2.743 -0.032213 -2.20361 2.73611 -0.031539 -2.0886 2.7411 -0.158822 -2.20488 2.73631 -0.159557 -2.08917 2.743 -0.288805 -2.20362 2.73613 -0.287276 -2.20177 2.76828 -0.296923 -2.09042 2.77158 -0.298191 -2.25149 2.73286 -0.032556 -2.25252 2.73374 -0.159787 -2.36787 2.72753 -0.039618 -2.37748 2.7287 -0.165035 -2.43521 2.76402 -0.165231 -2.41366 2.7633 -0.033203 -2.25149 2.7329 -0.286788 -2.33863 2.72963 -0.29085 -2.37354 2.76434 -0.298622 -2.24955 2.76691 -0.295539 -2.37354 2.76434 -0.298622 -2.24957 2.76689 -0.02361 -2.41366 2.7633 -0.033203 -2.20176 2.76827 -0.021676 -1.42928 2.73862 -0.199317 -1.42928 2.77366 -0.216258 -1.42928 2.73862 -0.199317 -1.42928 2.73862 -0.199317 -1.63182 2.7388 -0.142651 -1.63182 2.7388 -0.210418 -1.42928 2.73862 -0.199317 -1.42928 2.77365 -0.182375 -1.42928 2.80869 -0.165433 -1.63182 2.7388 -0.142651 -1.42928 2.77365 -0.182375 -1.42928 2.80869 -0.165433 -1.42928 2.80869 -0.165433 -1.63182 2.80886 -0.210418 -1.63182 2.80886 -0.142651 -1.42928 2.80869 -0.2332 -1.63182 2.80886 -0.210418 -1.42928 2.77366 -0.216258 -1.42928 2.80869 -0.2332 -1.77143 2.80042 0.278799 -1.81834 2.76408 0.2696 -1.81229 2.80042 0.278799 -0.132435 3.55078 0.495091 -0.058065 3.55078 0.495735 -0.095015 3.48569 0.468345 -0.169619 3.48569 0.494769 -0.132435 3.4206 0.495091 -0.152814 3.58541 0.563458 -0.038874 3.58541 0.564446 -0.152814 3.38596 0.563458 -0.209784 3.48569 0.562965 -0.148859 3.57774 0.623857 -0.043686 3.57774 0.624702 -0.148859 3.39364 0.623857 -0.201439 3.48569 0.623429 -0.134107 3.55116 0.672533 -0.059278 3.5512 0.673156 -0.116746 3.52032 0.692591 -0.077175 3.52032 0.692934 -0.136532 3.48569 0.69242 -0.171334 3.48569 0.67231 -0.116746 3.45105 0.692591 -0.134107 3.42021 0.672533 -0.058065 3.55078 0.495735 -0.020881 3.48569 0.496058 -0.095015 3.48569 0.468345 -0.058065 3.4206 0.495735 -0.132435 3.4206 0.495091 -0.038874 3.38596 0.564446 -0.152814 3.38596 0.563458 -0.043686 3.39363 0.624702 -0.148859 3.39364 0.623857 -0.059278 3.42017 0.673156 -0.134107 3.42021 0.672533 -0.077175 3.45105 0.692934 -0.057389 3.48569 0.693106 -0.021984 3.48569 0.673552 -0.077175 3.52032 0.692934 -0.059278 3.5512 0.673156 -0.116746 3.45105 0.692591 -0.003941 3.47112 0.654688 -0.043686 3.57774 0.624702 -0.116746 3.52032 0.692591 -0.097021 3.48569 0.69974 -0.077175 3.52032 0.692934 -0.057389 3.48569 0.693106 -0.077175 3.45105 0.692934 -0.116746 3.45105 0.692591 -0.136532 3.48569 0.69242 -0.032237 3.41214 1.0142 0.000334 3.45183 0.931299 0.000334 3.44905 1.01905 -0.029183 3.40115 1.10409 0.000334 3.41094 1.11956 -0.035793 3.35287 1.10028 0.000335 3.34301 1.18487 -0.039552 3.34886 1.01241 0.000335 3.34301 1.18487 0.000335 3.34301 1.18487 -0.202472 3.43076 0.534469 -0.192693 3.39412 0.613547 -0.190166 3.43159 0.540417 -0.177893 3.40959 0.61015 -0.133042 3.38072 0.679783 -0.122305 3.39851 0.656785 -0.192693 3.39412 0.613547 -0.190166 3.43159 0.540417 -0.082653 3.39753 0.68705 -0.040192 3.42198 0.666958 -0.242796 3.28592 0.314738 -0.183913 3.32096 0.419879 -0.252423 3.28736 0.32371 -0.155854 3.31305 0.377987 -0.242796 3.28592 0.314738 -0.244506 3.35351 0.291469 -0.155854 3.31305 0.377987 -0.252423 3.28736 0.32371 -0.244506 3.35351 0.291469 -0.242796 3.28592 0.314738 -0.244506 3.35351 0.291469 -0.252956 3.35275 0.305197 -0.160468 3.41815 0.355088 -0.155854 3.31305 0.377987 -0.244506 3.35351 0.291469 -0.266902 3.43156 0.268428 -0.254243 3.42649 0.256033 -0.266902 3.43156 0.268428 -0.160468 3.41815 0.355088 -0.160468 3.41815 0.355088 -0.266902 3.43156 0.268428 -0.198912 3.4149 0.409504 -0.244506 3.35351 0.291469 -0.254243 3.42649 0.256033 -0.252956 3.35275 0.305197 -0.252423 3.28736 0.32371 -0.183913 3.32096 0.419879 -0.183913 3.32096 0.419879 -0.198912 3.4149 0.409504 -0.198912 3.4149 0.409504 -0.266902 3.43156 0.268428 -0.129893 3.5963 0.677468 -0.08398 3.50422 0.569164 -0.050334 3.5203 0.680196 -0.040647 3.53653 0.685646 -0.129893 3.5963 0.677468 -0.20227 3.56626 0.580955 -0.216051 3.4856 0.532123 -0.08398 3.50422 0.569164 -0.129893 3.5963 0.677468 -0.20227 3.56626 0.580955 -0.08398 3.50422 0.569164 -0.202472 3.43076 0.534469 -0.190166 3.43159 0.540417 -0.216051 3.4856 0.532123 -0.216051 3.4856 0.532123 -0.08398 3.50422 0.569164 -0.190166 3.43159 0.540417 -0.177893 3.40959 0.61015 -0.08398 3.50422 0.569164 -0.122305 3.39851 0.656785 -0.08398 3.50422 0.569164 -0.177893 3.40959 0.61015 -0.122305 3.39851 0.656785 -0.040192 3.42198 0.666958 -0.08398 3.50422 0.569164 -0.050334 3.5203 0.680196 -0.08398 3.50422 0.569164 -0.016144 3.51166 0.678894 0.000333 3.45341 0.684155 -0.016144 3.51166 0.678894 0.000333 3.45341 0.684155 -0.016144 3.51166 0.678894 -0.08398 3.50422 0.569164 -0.011081 3.45128 0.670989 -0.011081 3.45128 0.670989 -0.08398 3.50422 0.569164 -0.040192 3.42198 0.666958 -0.055324 3.24847 0.796195 -0.129673 3.24704 0.694397 -0.063534 3.25848 0.809739 0.000332 3.37814 0.438619 -0.040647 3.53653 0.685646 -0.050334 3.5203 0.680196 -0.016144 3.51166 0.678894 -0.130081 3.57707 0.660857 -0.022769 3.5253 0.695807 -0.024256 3.52066 0.681512 -0.146844 3.60736 0.693882 -0.187242 3.58208 0.591287 -0.224759 3.61782 0.616691 -0.002651 3.52941 0.698642 -0.024256 3.52066 0.681512 -0.251866 3.5861 0.492517 -0.1445 3.56788 0.684859 -0.024256 3.52066 0.681512 -0.023814 3.51108 0.691902 -0.1445 3.56788 0.684859 -0.130081 3.57707 0.660857 -0.221516 3.58003 0.615028 -0.221516 3.58003 0.615028 -0.187242 3.58208 0.591287 -0.024256 3.52066 0.681512 -0.002651 3.52941 0.698642 -0.251866 3.5861 0.492517 -0.221516 3.58003 0.615028 -0.224759 3.61782 0.616691 -0.1445 3.56788 0.684859 -0.1445 3.56788 0.684859 -0.146844 3.60736 0.693882 -0.023814 3.51108 0.691902 -0.022769 3.5253 0.695807 -0.002651 3.52941 0.698642 -0.160338 0.119602 0.118384 -0.110144 0.046017 -0.070392 -0.146652 0.147904 -0.072964 -0.110144 0.046017 -0.070392 -0.129864 0.099054 -0.271228 -0.110144 -0.004137 -0.303975 -0.298284 0.099054 -0.271228 -0.325675 0.046017 -0.070392 -0.289168 0.147904 -0.072964 -0.325675 -0.004137 -0.303975 -0.325675 -0.004137 -0.070393 -0.275482 0.119602 0.118384 -0.325675 0.046017 -0.070392 -0.321992 -0.007087 0.118552 -0.284286 0.179954 0.342547 -0.15286 0.158271 0.463072 -0.152048 0.179954 0.342547 -0.283732 0.158271 0.463072 -0.27878 0.049297 0.647475 -0.157039 0.049297 0.647475 -0.077106 -0.007088 0.417271 -0.15677 -0.005986 0.652151 -0.358713 -0.007088 0.417271 -0.082998 -0.007088 0.311908 -0.279049 -0.005986 0.652152 -0.15677 -0.005986 0.652151 -0.279049 -0.005986 0.652152 -0.110144 -0.004137 -0.070393 -0.325675 0.046017 -0.070392 -0.325675 -0.004137 -0.070393 -0.110144 0.046017 -0.070392 -0.325675 -0.004137 -0.303975 -0.21791 -0.004137 -0.357294 -0.325675 -0.004137 -0.070393 -0.110144 -0.004137 -0.070393 -0.110144 -0.004137 -0.303975 -0.110144 -0.004137 -0.070393 -0.21791 0.085922 -0.326155 -0.110144 -0.004137 -0.303975 -0.21791 -0.004137 -0.357294 -0.325675 -0.004137 -0.303975 -0.298284 0.099054 -0.271228 -0.077106 -0.007088 0.417271 -0.279049 -0.005986 0.652152 -0.358713 -0.007088 0.417271 -0.15677 -0.005986 0.652151 -0.352807 -0.007088 0.311908 -0.098413 -0.007087 0.21523 -0.321992 -0.007087 0.118552 -0.113828 -0.007087 0.118552 -0.325675 0.046017 -0.070392 -0.110144 0.046017 -0.070392 0.05482 3.92399 0.304382 -0.04675 3.95229 0.334871 0.042078 3.92088 0.338467 -0.04675 3.95229 0.334871 -0.01936 3.92584 0.237399 -0.01936 3.92584 0.237399 0.063701 3.92162 0.263595 -0.040528 3.91959 0.426571 -0.003837 3.90609 0.429627 -0.042875 3.8779 0.510184 0.056463 3.83908 0.379824 0.022528 3.83385 0.428578 0.056463 3.83908 0.379824 0.022528 3.83385 0.428578 -0.021942 3.82169 0.434435 -0.050426 3.81502 0.507115 0.073143 3.82418 0.365675 0.073143 3.82418 0.365675 0.085647 3.81265 0.313563 -0.131163 3.97221 0.336897 -0.088746 3.92986 0.264245 -0.103088 3.86401 0.27548 -0.088746 3.92986 0.264245 -0.126247 3.83762 0.217518 -0.022327 3.8393 0.253271 -0.050561 3.85594 0.341676 -0.103088 3.86401 0.27548 -0.126247 3.83762 0.217518 -0.066231 3.85267 0.41535 -0.04675 3.95229 0.334871 -0.050561 3.85594 0.341676 -0.04675 3.95229 0.334871 -0.066231 3.85267 0.41535 -0.042875 3.8779 0.510184 -0.066231 3.85267 0.41535 -0.080848 3.82983 0.502159 -0.084273 3.77067 0.610719 -0.084273 3.77067 0.610719 -0.080848 3.82983 0.502159 -0.066231 3.85267 0.41535 -0.017534 3.81951 0.513041 -0.106755 3.89196 0.396974 -0.152857 3.89489 0.332007 -0.152857 3.89489 0.332007 -0.088746 3.92986 0.264245 -0.103088 3.86401 0.27548 -0.20433 3.91232 0.402332 -0.171561 3.91138 0.451205 -0.288984 3.91769 0.537009 -0.171561 3.91138 0.451205 -0.180679 3.97796 0.407245 -0.288984 3.91769 0.537009 -0.110679 3.97724 0.358255 -0.106755 3.89196 0.396974 -0.20433 3.91232 0.402332 -0.288984 3.91769 0.537009 -0.180679 3.97796 0.407245 -0.180679 3.97796 0.407245 -0.110679 3.97724 0.358255 -0.152857 3.89489 0.332007 -0.131163 3.97221 0.336897 -0.050561 3.85594 0.341676 -0.110679 3.97724 0.358255 -0.050561 3.85594 0.341676 -0.04675 3.95229 0.334871 0.056463 3.83908 0.379824 -0.050561 3.85594 0.341676 0.075845 3.84173 0.255255 0.075845 3.84173 0.255255 -0.050561 3.85594 0.341676 -0.022327 3.8393 0.253271 0.075845 3.84173 0.255255 0.149731 3.86207 0.22819 0.063701 3.92162 0.263595 0.075845 3.84173 0.255255 0.128058 3.83112 0.241193 0.128058 3.83112 0.241193 0.192451 3.81558 0.214707 0.128058 3.83112 0.241193 0.184931 3.80136 0.225528 0.112086 3.8215 0.196034 0.128058 3.83112 0.241193 0.077129 3.85514 0.172242 0.114628 3.83969 0.144208 0.077129 3.85514 0.172242 0.133945 3.87019 0.141959 0.077129 3.85514 0.172242 0.067767 3.91275 0.177205 0.162606 3.80522 0.11391 0.067767 3.91275 0.177205 0.15013 3.87859 0.182089 0.067767 3.91275 0.177205 0.070066 3.92118 0.21554 0.063701 3.92162 0.263595 0.191312 3.83409 0.163678 0.075845 3.84173 0.255255 0.148283 3.85508 0.284801 0.123805 3.8272 0.269395 0.163295 3.79633 0.282763 0.075845 3.84173 0.255255 0.063701 3.92162 0.263595 0.178343 3.81242 0.292906 0.171812 3.8169 0.343869 0.207569 3.70779 0.302676 0.185092 3.71698 0.35859 0.129017 3.77181 0.334108 0.207569 3.70779 0.302676 0.185092 3.71698 0.35859 0.153413 3.71824 0.413363 0.153413 3.71824 0.413363 0.121919 3.77594 0.391992 0.141372 3.79618 0.38908 0.121919 3.77594 0.391992 0.207569 3.70779 0.302676 0.105645 3.85391 0.367155 0.075845 3.84173 0.255255 0.075845 3.84173 0.255255 0.207569 3.70779 0.302676 0.137894 3.8656 0.329363 0.063701 3.92162 0.263595 0.05482 3.92399 0.304382 -0.042875 3.8779 0.510184 -0.017534 3.81951 0.513041 -0.084273 3.77067 0.610719 -0.121585 3.83766 0.169998 -0.01867 3.8948 0.151404 -0.017249 3.83992 0.179826 -0.01867 3.8948 0.151404 -0.121585 3.83766 0.169998 -0.113988 3.91544 0.166988 -0.132724 3.9782 0.176649 -0.01867 3.8948 0.151404 -0.01867 3.8948 0.151404 -0.074573 4.0264 0.202979 -0.01936 3.92584 0.237399 -0.01867 3.8948 0.151404 -0.071774 4.02798 0.224108 -0.088746 3.92986 0.264245 -0.182047 3.87126 0.147839 -0.113988 3.91544 0.166988 -0.225439 3.78378 0.145985 -0.145216 4.06541 0.221736 -0.145216 4.06541 0.221736 -0.179928 4.02453 0.242352 -0.145216 4.06541 0.221736 -0.299479 4.06003 0.22967 -0.162846 4.01058 0.187443 -0.299479 4.06003 0.22967 -0.162846 4.01058 0.187443 -0.179928 4.02453 0.242352 -0.299479 4.06003 0.22967 -0.121164 3.98877 0.251895 -0.132724 3.9782 0.176649 -0.121164 3.98877 0.251895 -0.225439 3.78378 0.145985 -0.126247 3.83762 0.217518 -0.194599 3.87126 0.182063 -0.088746 3.92986 0.264245 -0.194599 3.87126 0.182063 -0.182047 3.87126 0.147839 -0.126247 3.83762 0.217518 -0.121585 3.83766 0.169998 -0.088746 3.92986 0.264245 -0.194599 3.87126 0.182063 -0.01936 3.92584 0.237399 -0.088746 3.92986 0.264245 -0.126247 3.83762 0.217518 -0.017249 3.83992 0.179826 -0.088746 3.92986 0.264245 -0.113988 3.91544 0.166988 -0.088746 3.92986 0.264245 -0.088746 3.92986 0.264245 -0.113988 3.91544 0.166988 -0.017249 3.83992 0.179826 0.077129 3.85514 0.172242 0.075845 3.84173 0.255255 0.075845 3.84173 0.255255 -0.022327 3.8393 0.253271 -0.01936 3.92584 0.237399 0.056541 3.96488 0.19226 0.02303 3.97462 0.188995 -0.01936 3.92584 0.237399 0.063701 3.92162 0.263595 -0.010742 3.93068 0.140939 -0.01936 3.92584 0.237399 0.050967 4.00072 0.128131 0.007253 3.95979 0.100154 0.050967 4.00072 0.128131 0.058004 4.01692 0.027243 0.065858 3.96337 0.107322 -0.010742 3.93068 0.140939 0.007253 3.95979 0.100154 0.067966 3.93076 0.153272 0.050967 4.00072 0.128131 0.067966 3.93076 0.153272 0.065858 3.96337 0.107322 0.056541 3.96488 0.19226 0.067767 3.91275 0.177205 -0.01867 3.8948 0.151404 -0.01867 3.8948 0.151404 0.067767 3.91275 0.177205 0.01612 3.8298 0.075944 -0.021371 3.81057 0.104678 -0.01867 3.8948 0.151404 0.06902 3.81098 0.083451 -0.01936 3.92584 0.237399 -0.01867 3.8948 0.151404 0.06902 3.81098 0.083451 0.077129 3.85514 0.172242 0.02201 3.79556 0.105767 0.077129 3.85514 0.172242 -0.017249 3.83992 0.179826 0.023947 3.73038 0.054605 -0.046627 3.72559 0.087499 0.067767 3.91275 0.177205 0.06902 3.81098 0.083451 0.067767 3.91275 0.177205 0.077129 3.85514 0.172242 -0.011979 3.71469 0.074626 -0.046627 3.72559 0.087499 -0.021371 3.81057 0.104678 -0.011979 3.71469 0.074626 0.023947 3.73038 0.054605 -0.017249 3.83992 0.179826 -0.021371 3.81057 0.104678 -0.017249 3.83992 0.179826 -0.01867 3.8948 0.151404 0.220005 3.74767 0.215193 0.164874 3.78761 0.173282 0.220005 3.74767 0.215193 0.184931 3.80136 0.225528 0.128058 3.83112 0.241193 0.200979 3.74942 0.100365 0.162606 3.80522 0.11391 0.216428 3.75366 0.154211 0.200979 3.74942 0.100365 0.216428 3.75366 0.154211 0.17486 3.82561 0.118783 0.162606 3.80522 0.11391 0.058004 4.01692 0.027243 0.058004 4.01692 0.027243 0.000331 3.84069 0.183063 0.000331 3.71626 0.228316 0.000331 3.82953 0.187112 0.000331 3.84069 0.183063 -0.066231 3.85267 0.41535 0.269302 2.27801 -0.013137 0.316673 2.45668 -0.052097 0.273432 2.45918 0.006442 0.24396 2.27452 -0.021125 0.226304 2.46058 -0.007614 0.171478 2.74663 0.070817 0.176606 2.74482 0.070768 0.349933 2.68339 -0.049028 0.176606 2.74482 0.070768 0.290859 2.28102 -0.04173 0.313693 2.45698 -0.055565 0.347455 2.68663 -0.056328 0.347455 2.68663 -0.056328 0.179885 2.74808 0.057391 0.176606 2.74482 0.070768 0.247796 2.46166 -0.020306 0.347455 2.68663 -0.056328 0.179885 2.74808 0.057391 0.255213 2.28139 -0.027667 0.287919 2.28178 -0.045115 0.173678 2.87005 0.116556 0.311045 2.78275 -0.011672 0.263274 2.88487 0.018263 0.176606 2.74482 0.070768 0.176606 2.74482 0.070768 0.304505 2.7805 -0.014305 0.304505 2.7805 -0.014305 0.176606 2.74482 0.070768 0.179885 2.74808 0.057391 0.304505 2.7805 -0.014305 0.304505 2.7805 -0.014305 0.000331 2.45657 0.055559 0.24396 2.27452 -0.021125 0.000332 2.27154 0.03986 0.226304 2.46058 -0.007614 0.069938 2.94095 0.166312 0.067604 2.98879 0.074547 0.069938 2.94095 0.166312 0.067604 2.98879 0.074547 0.07112 3.0166 0.108455 0.000332 3.05233 0.092755 0.000331 3.02664 0.061988 -0.066941 2.98879 0.074546 0.000332 3.05233 0.092755 -0.070456 3.0166 0.108455 -0.069274 2.94095 0.166312 -0.066941 2.98879 0.074546 -0.22564 2.46058 -0.007614 -0.243295 2.27452 -0.021125 -0.069274 2.94095 0.166312 0.000332 2.91675 0.191902 0.264907 2.32056 -0.290165 0.247796 2.46166 -0.020306 0.255213 2.28139 -0.027667 0.253211 2.52293 -0.26661 0.179885 2.74808 0.057391 0.298429 1.6503 -0.043833 0.3114 1.43355 -0.326333 0.302632 1.64468 -0.326357 0.306926 1.43883 -0.043384 0.312757 1.19154 -0.044618 0.312757 1.19154 -0.044618 0.318118 1.19086 -0.317927 0.318514 0.899877 -0.042678 0.318514 0.899877 -0.042678 0.319529 0.899893 -0.304308 0.309813 0.899877 -0.041422 0.319529 0.899893 -0.304308 0.318514 0.899877 -0.042678 0.151536 2.57449 -0.434847 0.165015 2.34292 -0.465052 0.000332 2.3505 -0.555444 0.195873 1.64232 -0.494199 0.204235 1.43129 -0.493011 0.000332 1.64232 -0.582183 0.000332 1.43121 -0.582147 0.210991 1.19049 -0.483655 0.319529 0.899893 -0.304308 0.000332 1.19034 -0.573545 0.210472 0.899905 -0.469922 0.000332 0.899913 -0.559328 0.201255 0.899905 -0.462556 0.000332 0.899913 -0.555763 0.309413 0.899893 -0.293451 0.000332 2.60759 -0.511349 0.000332 1.43132 -0.550905 0.194157 1.19058 -0.462304 0.189329 1.43543 -0.461632 0.000332 1.19045 -0.547706 0.201255 0.899905 -0.462556 0.000332 1.6495 -0.381744 0.297573 1.43811 -0.291769 0.291429 1.64924 -0.046321 0.304682 1.19094 -0.295305 0.201255 0.899905 -0.462556 0.308073 1.19154 -0.044618 0.309813 0.899877 -0.041422 0.309413 0.899893 -0.293451 0.291429 1.64924 -0.046321 0.298939 1.43883 -0.044221 0.000332 1.65579 -0.466277 0.232204 1.65764 -0.349057 0.218954 1.41731 -0.252094 0.128159 1.33162 -0.105425 0.125462 1.36591 -0.118539 0.218896 1.34341 -0.217023 0.267263 1.49228 -0.182642 0.218954 1.41731 -0.252094 0.26919 1.59108 -0.194881 0.16415 0.873909 0.069588 0.337756 0.204251 -0.180862 0.218519 0.225817 -0.324122 0.351134 0.11757 -0.200422 0.218519 0.140926 -0.353109 0.083738 0.130824 -0.210042 0.218519 0.225817 -0.324122 0.218519 0.140926 -0.353109 0.09399 0.206783 -0.197755 0.266271 1.52288 -0.056459 0.27633 1.39366 -0.149822 0.267263 1.49228 -0.182642 0.267505 1.42177 -0.039805 0.252802 0.880122 0.060181 0.25172 0.887799 0.137328 0.250924 0.843016 0.139017 0.290481 0.217459 -0.061509 0.337756 0.204251 -0.180862 0.176128 0.843464 0.145441 0.21415 0.844968 0.162625 0.173474 0.884661 0.144655 0.16415 0.873909 0.069588 0.128159 1.33162 -0.105425 0.132771 1.39788 -0.007419 0.213984 0.889298 0.166285 0.140823 0.216366 -0.064403 0.09399 0.206783 -0.197755 0.2093 1.42422 0.008374 0.12968 1.43628 -0.019148 0.208212 1.50378 -0.009768 0.125462 1.36591 -0.118539 0.12968 1.43628 -0.019148 0.000332 1.44402 -0.000899 0.125462 1.36591 -0.118539 0.12968 1.43628 -0.019148 0.000332 1.53838 0.011393 0.096964 1.54999 0.00263 0.207962 1.59559 -0.031736 0.260246 1.61022 -0.055068 0.26919 1.59108 -0.194881 0.215399 0.219968 -0.020842 0.294363 0.17046 -0.063262 0.13618 0.171595 -0.066604 0.13618 0.171595 -0.066604 0.294363 0.17046 -0.063262 0.351134 0.11757 -0.200422 0.351134 0.11757 -0.200422 0.294363 0.17046 -0.063262 0.083738 0.130824 -0.210042 0.083738 0.130824 -0.210042 0.895996 2.73571 -0.31851 0.830433 2.80758 -0.315333 0.830433 2.73783 -0.31551 0.895995 2.80983 -0.31851 0.852167 2.86821 -0.249372 0.191543 2.69321 -0.152873 0.187889 2.73542 -0.093837 0.238306 2.8179 -0.104008 0.281057 2.85848 -0.167915 0.240786 2.8578 -0.162171 0.28213 2.81521 -0.224006 0.238306 2.81638 -0.217044 0.253025 2.73708 -0.220567 0.187889 2.73699 -0.209857 0.151605 2.83136 -0.093837 0.148059 2.8722 -0.152919 0.86057 2.67699 -0.2491 0.259269 2.69157 -0.162614 0.894034 2.67478 -0.250901 0.191543 2.69321 -0.152873 2.09139 2.77158 -0.29819 0.108282 3.00451 0.45889 0.000332 2.97811 0.470406 0.000332 3.13373 0.355924 0.000332 2.97409 0.35982 0.068913 2.9949 0.349126 0.000332 2.97811 0.470406 0.085769 3.06512 0.322754 0.108282 3.00451 0.45889 0.130701 3.11083 0.414195 0.000332 3.10206 0.30971 0.000332 3.13373 0.355924 -0.068248 2.9949 0.349126 -0.085105 3.06512 0.322755 -0.107617 3.00451 0.45889 -0.130037 3.11083 0.414196 -0.107617 3.00451 0.45889 0.099078 -0.007088 0.21523 0.156858 0.149777 0.230466 0.153488 0.154412 -0.04241 0.143677 0.167852 -0.249397 0.150834 0.166709 -0.099211 0.286316 0.166709 -0.099211 0.322657 -0.007087 0.118552 0.338064 -0.007088 0.21523 0.280549 0.149778 0.230466 0.280687 0.167852 -0.249397 0.298949 0.099054 -0.271228 0.218575 0.175981 -0.295016 0.143677 0.167852 -0.249397 0.280687 0.167852 -0.249397 0.099078 -0.007088 0.21523 0.298939 1.43883 -0.044221 0.312757 1.19154 -0.044618 0.306926 1.43883 -0.043384 0.308073 1.19154 -0.044618 0.318514 0.899877 -0.042678 0.312757 1.19154 -0.044618 0.309813 0.899877 -0.041422 0.216553 0.164641 -0.149914 0.218519 0.140926 -0.353109 0.351134 0.11757 -0.200422 0.083738 0.130824 -0.210042 0.298939 1.43883 -0.044221 0.291429 1.64924 -0.046321 0.298429 1.6503 -0.043833 -0.268637 2.27801 -0.013137 -0.316009 2.45668 -0.052097 -0.290195 2.28102 -0.04173 -0.243295 2.27452 -0.021125 -0.272769 2.45918 0.006442 -0.22564 2.46058 -0.007614 -0.170816 2.74663 0.070816 -0.175943 2.74482 0.070768 -0.34927 2.68339 -0.049029 -0.175943 2.74482 0.070768 -0.313029 2.45698 -0.055565 -0.287254 2.28178 -0.045115 -0.346792 2.68663 -0.056329 -0.346792 2.68663 -0.056329 -0.179222 2.74808 0.05739 -0.175943 2.74482 0.070768 -0.346792 2.68663 -0.056329 -0.247132 2.46166 -0.020306 -0.179222 2.74808 0.05739 -0.254549 2.28139 -0.027667 -0.262612 2.88487 0.018262 -0.310381 2.78274 -0.011672 -0.173016 2.87005 0.116555 -0.175943 2.74482 0.070768 -0.303842 2.7805 -0.014306 -0.175943 2.74482 0.070768 -0.303842 2.7805 -0.014306 -0.179222 2.74808 0.05739 -0.303842 2.7805 -0.014306 -0.247132 2.46166 -0.020306 -0.252547 2.52293 -0.26661 -0.264243 2.32056 -0.290165 -0.179222 2.74808 0.05739 -0.297764 1.6503 -0.043833 -0.310735 1.43355 -0.326333 -0.306261 1.43883 -0.043384 -0.312092 1.19154 -0.044618 -0.312092 1.19154 -0.044618 -0.317453 1.19086 -0.317927 -0.317849 0.899877 -0.042678 -0.317849 0.899877 -0.042678 -0.318864 0.899894 -0.304308 -0.318864 0.899894 -0.304308 -0.309148 0.899877 -0.041422 -0.317849 0.899877 -0.042678 -0.150871 2.57449 -0.434847 -0.164351 2.34292 -0.465052 -0.301967 1.64468 -0.326357 -0.195208 1.64232 -0.494198 -0.20357 1.43129 -0.493011 -0.210326 1.19049 -0.483655 -0.318864 0.899894 -0.304308 -0.209806 0.899905 -0.469922 -0.20059 0.899905 -0.462556 -0.308747 0.899893 -0.293451 -0.193491 1.19058 -0.462304 -0.20059 0.899905 -0.462556 0.000332 0.899913 -0.555763 -0.188664 1.43543 -0.461632 -0.296908 1.43811 -0.291769 0.000332 1.6495 -0.381744 -0.304017 1.19094 -0.295305 -0.307408 1.19154 -0.044618 -0.309148 0.899877 -0.041422 -0.20059 0.899905 -0.462556 -0.308747 0.899893 -0.293451 -0.298274 1.43883 -0.044221 -0.290764 1.64924 -0.046321 -0.290764 1.64924 -0.046321 -0.127494 1.33162 -0.105425 -0.218289 1.41731 -0.252094 -0.124797 1.36591 -0.118539 -0.218232 1.34341 -0.217023 -0.218289 1.41731 -0.252094 -0.266598 1.49229 -0.182642 -0.218232 1.34341 -0.217023 -0.268334 1.59221 -0.195836 -0.231539 1.65764 -0.349057 -0.300893 0.438788 -0.127939 -0.217854 0.455901 -0.245559 -0.337424 0.202091 -0.181349 -0.217854 0.225817 -0.324122 -0.350468 0.117571 -0.200422 -0.217854 0.140926 -0.353109 -0.217854 0.225817 -0.324122 -0.083073 0.130824 -0.210042 -0.217854 0.140926 -0.353109 -0.093589 0.208743 -0.197438 -0.265604 1.5229 -0.056457 -0.275665 1.39366 -0.149822 -0.26684 1.42177 -0.039805 -0.266598 1.49229 -0.182642 -0.252137 0.880123 0.060181 -0.251055 0.8878 0.137328 -0.25026 0.843017 0.139017 -0.289923 0.216169 -0.061557 -0.337424 0.202091 -0.181349 -0.175463 0.843465 0.145441 -0.213485 0.844969 0.162625 -0.172809 0.884662 0.144655 -0.163485 0.87391 0.069588 -0.132106 1.39788 -0.007419 -0.127494 1.33162 -0.105425 -0.21332 0.889299 0.166285 -0.124461 0.437494 -0.160436 -0.140325 0.217975 -0.064324 -0.093589 0.208743 -0.197438 -0.208635 1.42422 0.008374 -0.129015 1.43628 -0.019148 -0.207599 1.50383 -0.009771 -0.207219 1.59552 -0.031719 -0.268334 1.59221 -0.195836 -0.259563 1.6103 -0.055069 -0.129015 1.43628 -0.019148 -0.124797 1.36591 -0.118539 -0.129015 1.43628 -0.019148 -0.124797 1.36591 -0.118539 0.000332 1.35338 -0.123479 -0.214736 0.220139 -0.020843 -0.293698 0.17046 -0.063262 -0.135514 0.171596 -0.066604 -0.135514 0.171596 -0.066604 -0.135514 0.171596 -0.066604 -0.293698 0.17046 -0.063262 -0.350468 0.117571 -0.200422 -0.350468 0.117571 -0.200422 -0.083073 0.130824 -0.210042 -0.083073 0.130824 -0.210042 -0.895331 2.73571 -0.31851 -0.895331 2.80983 -0.31851 -0.829769 2.80758 -0.315332 -0.829769 2.73784 -0.31551 -0.851502 2.86821 -0.249372 -1.54703 2.58546 -0.1871 -1.54697 2.94697 -0.187147 -0.190879 2.69321 -0.152872 -0.187224 2.73542 -0.093836 -0.284302 2.81696 -0.109701 -0.280393 2.85849 -0.167914 -0.237641 2.8179 -0.104008 -0.281465 2.81521 -0.224005 -0.240122 2.8578 -0.162171 -0.237641 2.81639 -0.217043 -0.25236 2.73708 -0.220566 -0.150941 2.83136 -0.093835 -0.147395 2.8722 -0.152917 -0.150941 2.82985 -0.209856 -0.859905 2.677 -0.2491 -0.258605 2.69157 -0.162613 -0.187224 2.73699 -0.209856 -0.893369 2.67478 -0.250901 -2.0646 2.77183 -0.296468 -0.098413 -0.007087 0.21523 -0.156193 0.149778 0.230466 -0.113828 -0.007087 0.118552 -0.143012 0.167852 -0.249397 -0.285651 0.16671 -0.099211 -0.150169 0.16671 -0.099211 -0.337399 -0.007087 0.21523 -0.279884 0.149778 0.230466 -0.280022 0.167852 -0.249397 -0.352807 -0.007088 0.311908 -0.129864 0.099054 -0.271228 -0.21791 0.175982 -0.295016 -0.143012 0.167852 -0.249397 -0.280022 0.167852 -0.249397 -0.082998 -0.007088 0.311908 -0.337399 -0.007087 0.21523 -0.290764 1.64924 -0.046321 -0.306261 1.43883 -0.043384 -0.298274 1.43883 -0.044221 -0.312092 1.19154 -0.044618 -0.317849 0.899877 -0.042678 -0.307408 1.19154 -0.044618 -0.312092 1.19154 -0.044618 -0.309148 0.899877 -0.041422 -0.350468 0.117571 -0.200422 -0.217854 0.140926 -0.353109 -0.215888 0.164641 -0.149914 -0.083073 0.130824 -0.210042 -0.298274 1.43883 -0.044221 0.269463 1.65597 -0.196528 0.262637 2.06336 -0.037762 0.262637 2.06336 -0.037762 0.262637 2.06336 -0.037762 0.262637 2.06336 -0.037762 0.262637 2.06336 -0.037762 0.000332 2.05807 0.021748 0.276818 1.85545 -0.045611 0.000332 1.85704 0.02419 0.298429 1.6503 -0.043833 0.000332 1.6558 0.041285 0.069938 2.94095 0.166312 0.069938 2.94095 0.166312 0.07112 3.0166 0.108455 0.000332 2.91675 0.191902 0.069938 2.94095 0.166312 0.000332 3.05233 0.092755 -0.069274 2.94095 0.166312 -0.070456 3.0166 0.108455 -0.069274 2.94095 0.166312 0.000332 3.05233 0.092755 -0.069274 2.94095 0.166312 -0.261972 2.06336 -0.037762 -0.276154 1.85545 -0.04561 -0.297764 1.6503 -0.043833 0.27898 2.07206 -0.320641 0.262637 2.06336 -0.037762 0.29011 1.85318 -0.325734 0.276818 1.85545 -0.045611 0.298429 1.6503 -0.043833 0.000332 2.0772 -0.578149 0.178801 2.07627 -0.491441 0.187927 1.85248 -0.495012 0.000332 1.85295 -0.582644 0.257113 1.65746 -0.041621 0.000332 1.6558 0.026692 0.269463 1.65597 -0.196528 0.151605 2.82985 -0.209857 0.000332 1.6558 0.041285 0.291429 1.64924 -0.046321 0.298429 1.6503 -0.043833 0.291429 1.64924 -0.046321 -0.261972 2.06336 -0.037762 -0.261972 2.06336 -0.037762 -0.261972 2.06336 -0.037762 -0.261972 2.06336 -0.037762 -0.254549 2.28139 -0.027667 -0.278316 2.07206 -0.32064 -0.261972 2.06336 -0.037762 -0.289445 1.85318 -0.325734 -0.276154 1.85545 -0.04561 -0.297764 1.6503 -0.043833 -0.178137 2.07627 -0.491441 -0.187263 1.85248 -0.495012 -0.096299 1.54999 0.00263 -0.256449 1.65746 -0.041621 -0.268798 1.65597 -0.196527 -0.190879 2.69321 -0.152872 0.000332 1.6558 0.041285 -0.290764 1.64924 -0.046321 0.000332 1.6495 -0.381744 -0.290764 1.64924 -0.046321 -0.297764 1.6503 -0.043833 -0.268798 1.65597 -0.196527 0.291429 1.64924 -0.046321 0.000332 1.6495 -0.381744 -0.290764 1.64924 -0.046321 -0.297764 1.6503 -0.043833</float_array>
          <technique_common>
            <accessor source="#GeometrySource-array" count="2012" stride="3">
              <param name="X" type="float"/>
              <param name="Y" type="float"/>
              <param name="Z" type="float"/>
            </accessor>
          </technique_common>
        </source>
        <source id="GeometrySource1" name="Dr_Doof_D.pngNrm">
          <float_array id="GeometrySource1-array" count="6036">0.57996 0.790081 0.198542 0.419271 0.071685 0.905027 0.819151 0.519711 0.242676 0.586291 0.128671 0.799817 0.547435 0.822175 -0.156024 0.571139 0.716369 0.40077 0.184281 0.702899 0.687003 -0.000001 0.955515 0.294943 0.000000 0.912212 -0.409719 -0.225448 -0.154516 0.961924 -0.086381 -0.166187 0.982304 -0.000002 -0.394994 0.918684 -0.507601 -0.277188 0.815787 -0.040391 -0.074723 0.996386 0.137072 -0.09321 0.986166 0.042654 -0.247721 0.967892 0.014204 -0.237508 0.971282 0.550574 0.559092 -0.619906 0.033604 0.064162 -0.997374 0.494023 0.813237 -0.30755 0.000002 -0.077173 -0.997018 -0.330492 -0.523739 -0.785158 0.000003 -0.69939 -0.714741 -0.399512 -0.300197 -0.866183 0.034479 0.206058 -0.977932 0.254315 0.378437 -0.890005 0.371105 0.393374 -0.841153 0.042654 -0.247721 0.967892 -0.000001 -0.082345 0.996604 -0.000001 -0.249031 0.968495 -0.040391 -0.074723 0.996386 0.683965 -0.114114 0.720534 0.566872 0.505083 0.650805 0 0.59462 0.804007 0.785506 0.343408 0.514831 -0.785499 0.343414 0.514838 -0.566868 0.505084 0.650807 -0.042659 -0.24772 0.967892 0.040388 -0.074721 0.996386 -0.683963 -0.114107 0.720537 -0.000000 -0.645225 0.763992 0.707069 0.657 -0.261543 0.785024 0.611628 -0.09823 0.886538 0.462644 -0.003236 0.920738 0.381605 -0.081364 0 0.970798 -0.239897 0.000000 0.917076 -0.398712 0.000000 0.685383 -0.728182 0.747084 0.499419 -0.438687 0.688587 -0.352542 -0.63369 -0.004232 -0.881067 -0.472973 -0.010062 -0.535129 -0.84471 -0.084003 -0.995468 0.044569 0.204355 -0.672424 -0.711396 0.961823 -0.090325 -0.258335 0.842626 -0.154602 -0.515829 0.840455 -0.188896 -0.507891 0.976835 -0.012298 -0.213641 0.830883 0.221817 -0.510324 0.990697 0.087822 -0.103956 0.940277 0.223797 -0.256506 0.821615 0.303655 -0.482434 -0.959067 0.211136 -0.188712 -0.683521 0.328401 -0.651883 -0.658401 0.380131 -0.649621 -0.97928 0.075403 -0.187948 -0.741019 -0.005196 -0.671463 0.803296 0.250204 -0.540476 0.992234 0.112742 0.05254 -0.958363 0.196534 -0.207158 -0.688385 0.257734 -0.678011 0.990697 0.087822 -0.103956 0.851321 -0.144399 0.504383 0.940277 0.223797 -0.256506 0.828024 -0.25345 0.500139 0.17068 -0.421093 0.890814 0.992234 0.112742 0.05254 0.714552 -0.046269 0.69805 -0.023025 -0.399291 0.916535 -0.761258 -0.254928 0.596236 0.008261 -0.189371 0.981871 -0.78038 -0.04283 0.623837 -0.813031 -0.262917 0.519475 -0.97928 0.075403 -0.187948 -0.959067 0.211136 -0.188712 -0.958363 0.196534 -0.207158 -0.118958 -0.835163 0.536985 -0.033875 -0.983922 0.175357 -0.018834 -0.454864 0.890362 -0.007345 -0.264736 -0.964293 0.530187 0.330079 -0.780993 0.550254 -0.44632 -0.705705 -0.086577 -0.946969 -0.309442 0.168901 -0.98343 0.065865 -0.022075 0.481639 -0.876092 -0.106674 0.993392 -0.042354 0.437594 0.501577 0.746279 0.290337 0.941737 0.169811 -0.062243 0.9974 -0.036332 -0.117257 0.373911 0.920022 0.043705 0.444515 0.894705 0.429017 -0.236463 0.871797 -0.125258 -0.562259 0.81742 0.343218 -0.843058 0.414071 -0.086577 -0.946969 -0.309442 0.022573 -0.50001 0.865726 -0.07531 -0.996809 -0.026441 -0.062146 -0.983978 -0.167106 0.993957 -0.089205 0.063969 0.968766 -0.211542 0.129396 0.858903 -0.229297 -0.457939 0.997561 0.0261 -0.06473 0.857888 0.233705 -0.457614 0.54151 -0.702424 0.461918 0.999718 0.020612 -0.011829 0.940327 0.294877 -0.169805 0.911124 0.227671 -0.34354 -0.021709 -0.999759 -0.003311 0.109971 -0.439522 0.891474 0.112022 0.469878 0.875594 0.904074 -0.350368 0.24473 0.821034 -0.320511 0.472416 0.894516 -0.001529 0.447034 0.789469 0.565185 -0.239382 0.950284 0.08959 0.298219 0.990584 0.088845 0.10416 0.889098 0.293893 0.350903 0.999718 0.020612 -0.011829 0.779982 -0.623554 -0.053 0.747691 0.293253 0.595786 0.820863 0.266289 0.505247 0.888149 -0.362021 -0.283076 0.776358 -0.623285 -0.093721 0.94187 0.273532 0.195091 0.997804 -0.065867 0.007061 0.672747 0.737672 -0.05702 0.963261 0.100998 -0.248854 0.763159 -0.300915 -0.571873 0.913103 0.36428 0.18315 0.864874 -0.466623 0.185085 -0.967646 -0.023811 0.251184 -0.932353 -0.018493 0.361077 -0.936436 -0.062991 0.345137 -0.824987 0.433066 0.363111 -0.500355 0.842522 0.199503 -0.736047 0.651103 0.185202 0.595711 0.797536 0.095211 0.627993 0.771744 0.100176 0.61458 0.677989 0.403265 0.988715 0.056574 0.138719 0.786422 -0.119123 0.606094 -0.64713 0.74643 0.15513 -0.915315 -0.047923 0.399877 -0.395144 0.256458 0.882094 0.468036 0.878629 0.094623 -0.267139 0.955606 0.124317 0.989803 0.075496 0.120787 -0.976927 -0.043901 0.209012 -0.842632 -0.221604 0.490778 -0.872127 -0.048832 0.486837 -0.836508 0.367494 0.406451 -0.63628 0.52352 0.566634 -0.610621 -0.431095 0.664303 -0.407802 0.776667 -0.480089 -0.544362 0.684721 0.484591 -0.440668 0.87371 0.206014 -0.289321 0.928587 -0.23242 0.027132 0.99962 -0.004963 -0.280392 0.943613 -0.175995 -0.049239 0.998732 -0.010468 -0.311042 0.872772 -0.376195 -0.129255 0.609801 -0.781944 -0.01061 0.733912 -0.679162 -0.082726 0.754413 -0.651166 0.045411 0.998968 -0.000355 0.3295 0.890176 0.314669 0.031772 0.99896 0.032698 0.070127 0.879954 0.469855 0.089846 0.072464 0.993316 0.783253 -0.045674 0.620023 -0.167553 0.401955 -0.900199 -0.490731 0.029112 -0.870825 -0.473743 0.678777 -0.561097 -0.141513 0.011839 -0.989866 -0.060041 -0.045799 -0.997145 -0.372507 -0.074865 -0.925005 -0.55248 0.524843 -0.647539 -0.282571 0.190413 -0.940158 0.01779 0.748699 0.662672 0.017758 -0.090761 0.995714 0.009508 0.075117 0.997129 0.015506 0.802091 0.597 0.020658 0.999783 0.002507 0.006184 0.999978 0.002363 0.017919 0.738928 -0.673547 0.003627 0.885716 -0.464213 -0.025835 0.124769 -0.991849 0.011104 -0.095012 -0.995414 0.003023 0.999994 0.001735 0.026669 0.879084 0.47592 0.002502 0.999997 -0.000104 0.051798 0.635747 0.770158 0.044826 0.016547 0.998858 0.632734 0.195689 0.749235 0.411786 -0.203204 0.888336 0.007948 0.919954 -0.391946 -0.004875 0.65505 -0.75557 0.679546 -0.729587 -0.076944 0.638293 -0.150944 0.75485 0.52985 -0.428974 0.731601 0.822192 -0.539481 -0.181549 0.006493 0.065434 -0.997836 0.285064 0.405413 -0.86855 0.487354 -0.504733 -0.712552 0.311795 0.006409 -0.950128 0.47773 -0.324448 -0.816399 0.305594 -0.672343 0.674216 0.089846 0.072464 0.993316 0.783253 -0.045674 0.620023 0.258459 -0.864722 0.430644 0.1415 -0.812717 0.565216 0.072237 -0.993374 -0.089385 0.069907 -0.997471 -0.012823 -0.015703 -0.840412 -0.541721 -0.004246 -0.784081 -0.620644 -0.455465 -0.710435 -0.536501 -0.141513 0.011839 -0.989866 -0.490731 0.029112 -0.870825 -0.6179 -0.248032 -0.74611 -0.561899 -0.557137 0.611447 -0.553893 -0.495455 -0.669125 0.231621 -0.957868 0.169826 -0.149471 -0.978005 -0.145482 -0.510121 -0.85369 0.104828 -0.372507 -0.074865 -0.925005 -0.060041 -0.045799 -0.997145 -0.315823 -0.948818 -0.000039 -0.522692 -0.712515 0.468097 -0.115858 -0.993162 -0.014391 0.21513 -0.976576 0.004291 0.015915 -0.999479 -0.028087 -0.865454 -0.308645 0.394625 -0.872127 -0.048832 0.486837 -0.868234 -0.327172 0.372998 -0.936436 -0.062991 0.345137 -0.967646 -0.023811 0.251184 -0.629157 -0.719297 0.294572 0.236084 -0.915403 0.326039 -0.808041 -0.502858 0.306927 -0.976927 -0.043901 0.209012 -0.653819 -0.728694 0.203777 -0.842632 -0.221604 0.490778 -0.243943 -0.903535 0.352302 0.60787 -0.780093 0.148153 -0.000000 -0.942616 0.333879 0.236734 -0.570139 0.786701 -0.776925 -0.304714 0.550942 0.9829 -0.146072 0.112119 0.993682 0.015203 0.111197 0.992406 0.116675 0.038965 0.593012 -0.42136 0.686144 0.727739 -0.671604 0.139082 0.988715 0.056574 0.138719 0.57503 -0.793526 0.199138 0.989803 0.075496 0.120787 -0.013662 -0.999901 -0.003297 0.020554 -0.882146 0.470528 -0.031504 -0.733395 0.679072 -0.037405 -0.73773 -0.674059 -0.053013 -0.998587 -0.003705 0.017758 -0.090761 0.995714 0.009508 0.075117 0.997129 0.011104 -0.095012 -0.995414 -0.048215 -0.881293 -0.470104 -0.02943 -0.876702 0.480132 -0.050408 -0.998727 -0.001831 0.239615 -0.870344 0.430217 0.18148 -0.981623 -0.058996 0.679546 -0.729587 -0.076944 0.60577 -0.630569 0.485206 -0.034736 -0.798658 -0.600782 0.185026 -0.789477 -0.585228 0.006493 0.065434 -0.997836 0.542907 -0.662014 -0.516711 0.487354 -0.504733 -0.712552 0.044826 0.016547 0.998858 0.52985 -0.428974 0.731601 0.60058 0.133639 -0.788317 0.601962 -0.117406 -0.789847 0.053318 -0.296248 -0.953622 -0.182708 -0.21689 0.958946 -0.085606 0.996329 0 0.640326 0.642553 -0.420842 -0.161053 0.986941 0.002988 0.213937 0.838614 0.500956 -0.561899 -0.557137 0.611447 0.157774 -0.511989 0.844378 -0.2439 -0.422213 0.873069 -0.2439 -0.422213 0.873069 0.397465 -0.118798 0.909895 0.053318 -0.296248 -0.953622 -0.197875 -0.158823 -0.967275 0.374335 -0.281755 -0.883452 0.788056 -0.499519 -0.359789 0.43605 -0.493547 0.75251 -0.409861 -0.154913 0.898897 0.846014 0.067491 0.528872 -0.008673 0.000005 -0.999962 -0.098814 0.648919 -0.754413 0.42339 0.536011 -0.730365 0.675402 -0.100758 -0.730534 0.246694 -0.6381 -0.729363 0.499408 0.843188 -0.199062 -0.000601 0.997625 -0.068882 0.482282 -0.853261 -0.19837 0.979494 -0.009702 -0.201238 0.463863 0.815425 0.346286 -0.210409 0.876584 0.432814 0.482836 -0.804295 0.346379 0.940069 0.011008 0.340806 0.322872 0.605202 0.727657 -0.374239 0.578918 0.72443 0.14241 0.342946 0.928497 -0.224088 0.286223 0.93159 0.375177 0.056261 0.925244 0.691031 0.030477 0.722182 0.240916 -0.286649 0.927249 0.376101 -0.573612 0.727679 -0.008673 0.000005 -0.999962 -0.350159 0.000003 -0.93669 -0.098814 0.648919 -0.754413 -0.129472 -0.534608 -0.835123 0.246694 -0.6381 -0.729363 -0.002334 -0.963122 -0.269056 0.482282 -0.853261 -0.19837 -0.259567 -0.856086 0.446924 0.482836 -0.804295 0.346379 -0.309621 -0.60495 0.733601 0.376101 -0.573612 0.727679 -0.125934 -0.342715 0.930961 -0.357966 -0.056039 0.932051 -0.623851 -0.039726 0.780533 -0.224088 0.286223 0.93159 -0.374239 0.578918 0.72443 0.240916 -0.286649 0.927249 -0.756254 0.144197 0.63819 -0.210409 0.876584 0.432814 -0.224088 0.286223 0.93159 0.008673 0.000005 0.999962 0.14241 0.342946 0.928497 -0.357966 -0.056039 0.932051 -0.125934 -0.342715 0.930961 0.240916 -0.286649 0.927249 0.375177 0.056261 0.925244 0.673589 0.572587 0.467355 0.725795 0.192201 0.660515 0.992229 -0.065063 0.106059 0.396931 0.696214 0.598107 0.321174 0.75673 0.569392 0.720961 0.440113 0.535272 0.950416 0.196445 0.241078 0.995354 0.09051 -0.032822 0.973065 0.152964 -0.172474 0.998037 -0.043244 -0.045302 0.986 0.017375 0.165836 0.979583 -0.037456 0.197521 0.874824 -0.024077 0.483843 0.970111 0.116642 0.212788 0.765601 -0.027291 -0.642736 0.829178 0.556751 0.049922 0.688125 0.708523 0.156459 0.324521 0.818665 0.473788 0.040899 0.912827 0.406292 0.222759 0.613788 0.757392 0.38018 0.435413 0.816014 0.920046 0.213965 0.328228 0.791421 0.575735 0.205384 0.407152 0.739594 0.535937 0.526009 0.697833 0.486152 0.75569 0.64905 0.087562 0.926769 0.375631 0.000216 0.736544 0.674789 -0.046496 0.352483 0.933311 -0.068453 0.000000 0.998529 0.054216 0.741514 0.464852 0.483807 0.866973 0.493014 0.072772 0.553476 0.829254 -0.07747 0.751859 0.64643 0.129752 0.181253 0.889673 0.419083 0.000003 0.909308 0.416123 0.798224 0.496807 0.34062 0.818594 -0.558556 0.133865 0.920434 -0.389322 0.035062 0.000000 -0.999939 0.011028 0.000002 -0.999419 0.034097 0.436584 -0.878803 0.192612 0.849195 -0.139503 0.50932 0.732381 -0.680533 0.022215 0.638562 -0.768979 0.030179 0.23849 -0.971137 0.003976 -0.000000 -0.998836 0.048242 0.412964 -0.721173 0.556211 0 -0.99997 -0.00781 0.402549 0.564203 0.720853 0.811865 -0.168475 0.559009 0.556286 0.255954 0.790591 0.77057 0.306123 0.559027 0.647487 -0.606947 0.460842 0.787325 -0.288157 0.545055 0.456143 -0.369201 0.809706 0.000003 0.356438 0.934319 0.000003 -0.368909 0.929466 0.908946 -0.399897 0.117892 0.936421 -0.328266 0.123922 0.226482 -0.916461 0.329858 -0.411507 -0.893262 -0.180953 0.86485 -0.490649 0.10629 0.544315 -0.745863 0.38394 -0.182467 -0.923391 -0.337719 0.000001 -0.882917 0.469529 -0.493952 -0.868819 -0.034133 0.957373 -0.209025 -0.199362 -0.617817 -0.698749 0.360626 -0.59355 0.724886 0.349627 0.3562 0.924847 0.133341 0.338974 0.940417 0.026683 0.951723 -0.218585 -0.215508 0.986677 -0.158649 -0.036048 0.92728 0.055203 0.370276 0.895594 -0.011418 0.444726 0.643113 0.150607 0.750815 0.556464 0.384489 0.736557 0.000003 0.197149 0.980374 0.000002 0.395605 0.918421 -0.000000 0.999153 0.041148 0.084771 0.996043 0.026676 0.238982 0.961569 0.135175 0.854014 0.36799 0.367756 0.594996 0.34903 0.723987 0.000002 0.479451 0.877569 0.996421 0.018885 0.082387 0.525039 0.383757 0.759648 0.000003 0.458301 0.888797 0.000004 0.070801 0.99749 0.802525 -0.224424 0.5528 0.932864 0.031343 0.358863 0.000001 -0.977674 0.210127 0.704196 -0.709829 0.015818 0.972476 -0.232099 0.020498 0.641049 -0.763504 -0.078212 0 -0.992091 -0.125525 0 -0.979705 -0.200446 0.879825 0.016051 -0.475026 0.672146 -0.202203 -0.712274 -0.000003 -0.134602 -0.9909 0.057631 -0.236886 -0.969827 0.879538 -0.468059 0.085639 0.413026 -0.21347 -0.885348 0.988263 -0.152732 -0.003003 0.31574 -0.224079 -0.922007 -0.000003 -0.193714 -0.981058 0.067106 -0.238903 -0.968722 -0.000004 -0.214794 -0.976659 -0.000004 -0.24732 -0.968934 -0.000003 -0.296234 -0.955115 0.148288 -0.353265 -0.923696 0.789567 0.011491 -0.613556 0.734924 0.678149 0.00088 0.462876 0.501207 -0.731121 0.468226 -0.19096 -0.862728 0.480598 0.866712 -0.133552 0.082855 0.961051 0.263658 0.458242 0.888074 -0.036581 0.000005 0.718952 0.69506 0.000005 0.792948 0.60929 0.000002 0.590878 0.806761 0.000003 0.367942 0.929849 0.001754 0.013459 0.999908 0.131172 0.067435 0.989063 0.204273 0.048516 0.977711 0.000003 0.251366 0.967892 -0.222755 0.613786 0.757395 -0.040897 0.912827 0.406293 0.000012 0.480867 0.876794 0.511252 0.517503 0.686158 0.673589 0.572587 0.467355 0.885389 0.287266 0.365465 0.492183 0.72018 0.488975 0.396931 0.696214 0.598107 0.673589 0.572587 0.467355 0.31793 0.773246 0.548644 0.511252 0.517503 0.686158 0.321174 0.75673 0.569392 0.526009 0.697833 0.486152 0.709768 -0.704025 -0.02405 0.000001 -0.994471 0.105013 0.818528 -0.573972 -0.02384 0.956258 0.170646 -0.237593 0.880996 0.319841 -0.348638 0 0.920338 -0.391123 -0.000000 0.891158 -0.453694 -0.709766 -0.704027 -0.024051 0.000001 -0.994842 0.101432 -0.956258 0.170645 -0.237596 -0.818526 -0.573975 -0.023842 -0.880996 0.319841 -0.348638 -0.357974 -0.9286 -0.097756 0.789 -0.604803 0.10813 -0.491221 -0.806401 -0.329271 -0.101153 -0.959451 0.2631 -0.143786 -0.425086 -0.89366 -0.15563 -0.33613 -0.928868 -0.059321 -0.933394 -0.353917 0.212426 -0.360492 -0.908252 0.955715 -0.107266 -0.274047 0.039811 -0.326135 -0.944485 0.761222 -0.2925 -0.578779 0.989525 -0.098479 0.105559 -0.398699 -0.265908 -0.877686 -0.121316 -0.2186 -0.968244 -0.091258 -0.091503 -0.991614 0.929073 -0.272985 -0.249603 -0.649068 0.501188 -0.572294 -0.605663 0.583424 -0.5411 -0.146404 0.988861 -0.02683 0.286356 0.940835 0.181188 -0.146404 0.988861 -0.02683 0.907532 0.414324 0.068711 0.582341 -0.340129 -0.738371 0.720553 -0.378323 -0.581098 0.955715 -0.107266 -0.274047 0.989525 -0.098479 0.105559 0.988263 -0.152732 -0.003003 0.998037 -0.043244 -0.045302 0.879538 -0.468059 0.085639 0.995354 0.09051 -0.032822 0.966723 0.119019 -0.226453 0.336771 -0.621183 0.707614 0.546825 -0.447372 0.707701 0.636978 -0.343406 0.690168 0.433363 0.227481 0.872037 -0.131167 0.067436 0.989064 0.608959 -0.066133 0.79044 0.300746 -0.185714 0.935448 0.560405 -0.299684 0.772099 0.546825 -0.447372 0.707701 0.871726 -0.261444 0.414415 0.455097 -0.608739 0.649864 0.7604 -0.154646 0.630775 0.511252 0.517503 0.686158 0.950416 0.196445 0.241078 0.608959 -0.066133 0.79044 0.571575 -0.099227 0.814528 0.525948 0.326816 0.78522 0.492183 0.72018 0.488975 0.511252 0.517503 0.686158 0.492183 0.72018 0.488975 0.525948 0.326816 0.78522 0.31793 0.773246 0.548644 0.525948 0.326816 0.78522 0.526009 0.697833 0.486152 0.31793 0.773246 0.548644 0.548997 -0.456942 0.699862 0.488857 -0.583318 0.64866 0.336771 -0.621183 0.707614 0.046008 -0.182386 0.98215 0.396576 0.389176 0.831426 0.000009 0.954786 0.297295 0.210466 0.578482 0.788076 0.741514 0.464852 0.483807 0.608959 -0.066133 0.79044 0.369047 -0.349795 0.861074 0.526009 0.697833 0.486152 0.602259 0.068994 0.795314 0.741514 0.464852 0.483807 -0.204267 0.048517 0.977712 -0.131167 0.067436 0.989064 -0.001748 0.01346 0.999908 -0.324518 0.818664 0.47379 -0.418092 0.735331 0.533374 -0.790341 0.568538 0.228312 -0.860937 0.508663 0.007108 -0.688125 0.708522 0.156465 -0.973066 0.152963 -0.172467 -0.708398 -0.076337 -0.701673 -0.995355 0.090509 -0.032814 -0.950415 0.196443 0.241084 -0.998037 -0.043244 -0.045295 -0.992228 -0.065063 0.106067 -0.673588 0.572585 0.467359 -0.72579 0.1922 0.660522 -0.396927 0.696213 0.59811 -0.32117 0.756729 0.569395 -0.720956 0.440113 0.535278 -0.985999 0.017374 0.165844 -0.979581 -0.037457 0.197528 -0.97011 0.116641 0.212794 -0.87482 -0.024078 0.48385 -0.380175 0.435411 0.816017 -0.920044 0.213965 0.328235 -0.526005 0.697833 0.486157 -0.755689 0.64905 0.087569 -0.92677 0.375631 0.000223 -0.736546 0.674788 -0.04649 -0.352486 0.93331 -0.06845 -0.73238 -0.680533 0.022221 -0.23849 -0.971137 0.003978 -0.412961 -0.721173 0.556213 -0.638562 -0.768978 0.030185 -0.741506 0.464856 0.483815 -0.81186 -0.168477 0.559015 -0.770565 0.306122 0.559033 -0.936419 -0.328268 0.12393 -0.908945 -0.399898 0.117899 -0.647483 -0.606947 0.460847 -0.55628 0.255953 0.790595 -0.456136 -0.369202 0.80971 -0.78732 -0.288157 0.545062 -0.226479 -0.91646 0.32986 0.182465 -0.923392 -0.337719 -0.544311 -0.745863 0.383945 0.411506 -0.893262 -0.180957 -0.864849 -0.490649 0.106297 0.493952 -0.868819 -0.034138 -0.957374 -0.209027 -0.199354 0.617821 -0.698748 0.360622 -0.356204 0.924845 0.133346 0.593548 0.724888 0.349625 -0.33897 0.940418 0.026688 -0.951725 -0.218586 -0.2155 -0.986677 -0.158649 -0.03604 -0.927277 0.055202 0.370283 -0.89559 -0.011418 0.444733 -0.643107 0.150606 0.75082 -0.556457 0.38449 0.736562 -0.084778 0.996043 0.026678 -0.23899 0.961567 0.135179 -0.854009 0.367992 0.367763 -0.594992 0.349029 0.723991 -0.996421 0.018883 0.082396 -0.525034 0.383756 0.759651 -0.80252 -0.224425 0.552807 -0.932861 0.031342 0.35887 -0.704195 -0.70983 0.015824 -0.972476 -0.232099 0.020506 -0.641049 -0.763505 -0.078207 -0.879829 0.016051 -0.47502 -0.672151 -0.202203 -0.712269 -0.879537 -0.46806 0.085644 -0.988263 -0.152733 -0.002996 -0.413032 -0.21347 -0.885345 -0.057638 -0.236886 -0.969826 -0.067114 -0.238903 -0.968721 -0.315748 -0.224079 -0.922004 0.005976 -0.357208 -0.934006 -0.683129 -0.068925 -0.727038 -0.691299 0.715993 0.097264 -0.466215 0.718577 -0.516034 -0.118647 -0.339043 -0.933259 -0.033301 -0.363314 -0.931072 -0.655989 -0.099622 -0.748167 -0.455579 0.876992 -0.152752 -0.000000 0.999153 -0.041154 -0.411507 -0.893262 -0.180953 -0.572187 -0.485701 -0.66083 -0.76622 -0.588295 -0.258489 -0.383815 -0.624523 -0.680189 -0.000002 -0.451327 -0.892359 -0.000004 -0.363042 -0.931773 -0.493952 -0.868819 -0.034133 -0.89658 -0.224771 0.381605 -0.930255 -0.018626 0.366439 -0.81851 -0.389254 0.422519 -0.000001 -0.866788 -0.498677 -0.150751 -0.970515 0.18808 -0.783197 0.620485 0.040015 -0.643137 0.690142 -0.33178 -0.875191 0.374496 0.306258 -0.799867 0.44842 -0.398914 -0.550674 0.482182 -0.681365 -0.444597 0.310772 -0.840092 -0.000002 0.274555 -0.961571 -0.000003 0.350639 -0.936511 -0.000001 0.938673 -0.34481 0.000002 0.646134 0.763224 0.783197 0.620486 0.040009 0.643129 0.690148 -0.331785 0.799863 0.448421 -0.39892 0.875192 0.374499 0.306252 0.550669 0.482182 -0.681369 0.444591 0.310772 -0.840095 0.896584 -0.224769 0.381598 0.766219 -0.588292 -0.258496 0.493952 -0.868819 -0.034138 0.411506 -0.893262 -0.180957 0.572183 -0.4857 -0.660835 0.38381 -0.624523 -0.680192 0.150754 -0.970515 0.188079 0.818514 -0.389253 0.422512 0.930259 -0.018624 0.366431 -0.550674 0.482182 -0.681365 -0.000002 0.274555 -0.961571 -0.643137 0.690142 -0.33178 -0.099292 0.990128 -0.098933 0.000004 0.018046 0.999837 -0.350176 -0.710038 0.610919 0.046008 -0.182386 0.98215 0.336771 -0.621183 0.707614 -0.131167 0.067436 0.989064 -0.515585 0.766983 -0.381981 -0.29719 0.882194 -0.365256 -0.512607 0.757096 -0.405018 -0.51089 0.625613 -0.589575 -0.523159 0.769302 -0.366715 -0.510253 0.785081 -0.351126 -0.180957 0.929851 -0.320364 0.151904 0.944719 -0.290571 -0.532997 0.784567 -0.31681 0.401791 -0.880857 -0.250309 -0.00775 -0.774831 -0.632121 0.071129 -0.950544 -0.302336 0.175596 -0.849729 -0.497119 -0.198669 -0.715998 -0.669237 -0.048443 -0.988575 -0.142732 0.427249 -0.890923 0.153994 -0.014011 -0.997727 -0.065918 -0.644506 -0.548027 -0.533178 -0.213847 -0.517807 -0.828339 0.649771 -0.749978 0.123817 0.811196 -0.131816 0.569724 0.569466 -0.76771 0.29382 0.536413 -0.179694 0.824603 0.633323 -0.445538 0.63277 0.36346 -0.234607 0.901585 0.142048 -0.245373 0.958965 0.131107 -0.253471 0.958417 0.082977 -0.258137 0.962538 -0.70083 0.712888 0.025078 -0.943981 0.234909 0.231772 -0.938612 0.344559 -0.016941 -0.9494 0.307539 0.06371 -0.82305 0.317994 -0.470605 -0.96978 0.241329 0.035863 0.653168 0.753587 -0.074012 0.886195 0.23974 0.396462 0.718328 0.67608 0.164074 0.964951 0.261047 0.026899 0.819191 0.353643 -0.451512 0.826189 0.273573 -0.492514 1 0 0.000000 0.566087 0.824339 -0.003328 -0.47669 0.833192 0.280281 0.549907 0.779971 0.298744 0.482241 0.568243 0.666741 -0.482815 0.368111 0.794597 -0.945135 0.278254 0.171157 -0.582045 0.071344 0.810021 0.94651 0.287466 0.146568 0.928224 0.355058 -0.111054 -0.926049 0.371599 -0.065931 -0.455817 0.88446 -0.09981 0.377434 0.079874 0.922586 -0.582045 0.071344 0.810021 0.377434 0.079874 0.922586 -0.000000 -0.000001 1 0.624798 0.227659 0.74686 -0.798633 0.291 0.526787 -0.000000 -0.000001 1 0 -1 -0.000000 0 -1 -0.000000 0 -1 -0.000000 0 -1 -0.000000 0 -1 -0.000000 -0.831216 0.245209 -0.498952 -1 0 -0.000000 0.010305 0.35504 -0.934794 -0.831216 0.245209 -0.498952 -0.82305 0.317994 -0.470605 0.826189 0.273573 -0.492514 0.000000 0.326778 -0.945101 0 -0.999997 0.002344 0.000000 -0.999989 0.00469 0.000000 -0.999989 0.00469 0 -0.999997 0.002344 0 -1 -0.000000 0 -1 -0.000000 0 -1 -0.000001 0 -0.99063 -0.13657 0 -0.99063 -0.13657 0.000000 -0.962698 -0.27058 0.000000 -0.962698 -0.27058 -0.419275 0.071684 0.905025 -0.579961 0.79008 0.19854 -0.819152 0.519711 0.242674 -0.547435 0.822174 -0.156027 -0.586294 0.12867 0.799814 -0.571141 0.716369 0.400767 -0.184286 0.702898 0.687003 0.086376 -0.166187 0.982304 0.225443 -0.154511 0.961926 0.507595 -0.277185 0.815791 0.040388 -0.074721 0.996386 -0.137075 -0.09321 0.986165 -0.042659 -0.24772 0.967892 -0.269345 0.010698 0.962984 -0.301706 -0.607066 0.735149 -0.033601 0.064162 -0.997374 -0.550574 0.559091 -0.619907 -0.494023 0.813236 -0.307552 0.330497 -0.523739 -0.785156 0.399515 -0.300197 -0.866181 -0.034478 0.206058 -0.977932 -0.254315 0.378436 -0.890006 0.14729 0.217456 -0.964893 -0.371104 0.393374 -0.841153 -0.707069 0.656999 -0.261545 -0.785024 0.611627 -0.098232 -0.886539 0.462643 -0.003238 -0.920738 0.381603 -0.081367 -0.747084 0.499418 -0.438689 -0.691251 -0.339696 -0.637793 -0.204779 -0.65757 -0.725029 0.084001 -0.995468 0.044569 -0.000001 -0.971075 0.238773 -0.961824 -0.090323 -0.258335 -0.842626 -0.154606 -0.515828 -0.976835 -0.012301 -0.213641 -0.830883 0.221813 -0.510326 -0.990697 0.087821 -0.103957 -0.940276 0.223796 -0.256507 -0.821615 0.303655 -0.482434 0.683522 0.328401 -0.651883 0.959067 0.211136 -0.188711 0.658402 0.380131 -0.649621 0.97928 0.075403 -0.187948 0.74102 -0.005196 -0.671463 0.973267 -0.081476 -0.21474 -0.803213 0.250241 -0.540582 0.958367 0.196532 -0.207143 -0.990697 0.087821 -0.103957 -0.851321 -0.144399 0.504382 -0.828024 -0.25345 0.500139 -0.17068 -0.421093 0.890814 0.023025 -0.39929 0.916536 -0.992234 0.112743 0.052536 -0.940276 0.223796 -0.256507 -0.008262 -0.189372 0.981871 -0.714556 -0.046269 0.698047 0.761258 -0.254928 0.596236 0.78038 -0.04283 0.623837 0.959067 0.211136 -0.188711 0.97928 0.075403 -0.187948 0.813031 -0.262916 0.519476 -0.06126 -0.824016 0.563245 0.033875 -0.983922 0.175357 0.018873 -0.45486 0.890363 0.007346 -0.264732 -0.964294 -0.530186 0.330081 -0.780992 0.022073 0.481642 -0.87609 0.086581 -0.946967 -0.309446 -0.550255 -0.446317 -0.705706 0.106671 0.993392 -0.04235 -0.672751 0.737668 -0.057018 -0.437596 0.501573 0.74628 0.117255 0.373908 0.920024 0.062236 0.9974 -0.036329 -0.043707 0.444513 0.894706 -0.429016 -0.236467 0.871796 0.125263 -0.562262 0.817417 -0.343218 -0.843059 0.414067 0.086581 -0.946967 -0.309446 -0.022568 -0.500011 0.865725 0.075319 -0.996809 -0.026443 0.062149 -0.983978 -0.167107 -0.993957 -0.089206 0.063967 -0.968765 -0.211545 0.129396 -0.848164 -0.218552 -0.482549 -0.84311 0.242609 -0.479902 -0.997561 0.026099 -0.064731 -0.541512 -0.702424 0.461916 -0.999717 0.020615 -0.011829 -0.930998 0.302738 -0.203943 -0.896172 0.234655 -0.376581 0.021701 -0.999759 -0.003315 -0.109979 -0.439524 0.891473 -0.894517 -0.001531 0.447032 -0.830425 -0.323843 0.453343 -0.904074 -0.35037 0.244727 -0.950284 0.089586 0.298218 -0.789473 0.565181 -0.239381 -0.831674 0.281922 0.478371 -0.761499 0.298238 0.575477 -0.990584 0.088844 0.104161 -0.895686 0.307045 0.321668 -0.999717 0.020615 -0.011829 -0.779984 -0.623551 -0.053001 -0.774663 -0.621208 -0.118314 -0.882118 -0.352275 -0.312682 -0.941871 0.273528 0.195092 -0.997803 -0.065871 0.007061 -0.922181 0.146029 -0.35813 -0.868707 -0.468226 0.161594 -0.951867 0.306124 -0.01545 -0.367324 -0.275848 -0.888246 0.967646 -0.023811 0.251185 0.824986 0.433067 0.363113 0.640731 0.730721 0.235608 0.932353 -0.018492 0.361077 0.936436 -0.062991 0.345137 0.646646 0.743176 0.171867 -0.50658 0.856324 0.100429 0.267139 0.955606 0.124319 -0.604508 0.792235 0.083266 -0.627995 0.771743 0.100179 -0.986002 0.104451 0.129966 -0.614581 0.677986 0.403267 -0.786422 -0.119125 0.606093 0.64713 0.746429 0.155132 0.915315 -0.047923 0.399877 0.395143 0.256456 0.882095 -0.991363 0.040591 0.124709 0.976927 -0.043901 0.209014 0.842633 -0.221604 0.490777 0.872127 -0.048832 0.486837 0.836507 0.367495 0.406453 0.636276 0.523522 0.566637 0.610626 -0.431092 0.664301 0.544357 0.684722 0.484594 0.407805 0.776671 -0.480081 0.440666 0.873711 0.206016 0.289321 0.928589 -0.232413 0.049237 0.998732 -0.010466 0.280391 0.943615 -0.175989 -0.027169 0.999619 -0.004962 0.129249 0.609804 -0.781943 0.311041 0.872774 -0.376189 0.010606 0.733914 -0.679159 0.082718 0.754415 -0.651165 -0.045444 0.998967 -0.000354 -0.329556 0.890158 0.31466 -0.031772 0.99896 0.0327 -0.070178 0.879949 0.469856 -0.089942 0.072456 0.993308 -0.783285 -0.045677 0.619982 0.490741 0.029115 -0.870819 0.167567 0.401958 -0.900195 0.473746 0.678781 -0.561089 0.141546 0.011843 -0.989861 0.060071 -0.045796 -0.997143 0.372519 -0.074862 -0.925 0.552485 0.524848 -0.64753 0.282573 0.190417 -0.940156 -0.017786 0.748695 0.662676 -0.017755 -0.090766 0.995714 -0.014488 0.112028 0.993599 -0.006804 0.880874 0.473302 -0.006187 0.999978 0.002366 -0.020652 0.999784 0.002509 -0.013537 0.806237 -0.591437 -0.003624 0.885719 -0.464208 0.025835 0.124774 -0.991849 -0.003022 0.999994 0.001737 -0.032099 0.801026 0.597768 -0.002499 0.999997 -0.000102 -0.05171 0.635768 0.770146 -0.045394 -0.025301 0.998649 -0.632688 0.195721 0.749266 -0.411716 -0.203136 0.888384 -0.013301 0.858596 -0.512481 -0.013757 -0.039494 -0.999125 0.004862 0.655041 -0.755577 -0.714914 -0.695919 -0.06778 -0.638253 -0.150928 0.754887 -0.822194 -0.539478 -0.18155 -0.529812 -0.428938 0.73165 0.006953 0.041022 -0.999134 -0.285077 0.405401 -0.868551 -0.479649 -0.29529 -0.826282 -0.542916 -0.414796 -0.730196 -0.311808 0.006398 -0.950124 -0.258575 -0.864701 0.430617 -0.089942 0.072456 0.993308 -0.141629 -0.812705 0.565202 -0.072324 -0.993367 -0.089392 -0.231706 -0.95785 0.169811 -0.069967 -0.997467 -0.012826 0.015655 -0.840409 -0.541727 0.004247 -0.784079 -0.620646 0.141546 0.011843 -0.989861 0.455475 -0.710429 -0.536501 0.490741 0.029115 -0.870819 0.617915 -0.248025 -0.7461 0.561904 -0.557135 0.611445 0.553907 -0.495448 -0.669118 0.510125 -0.853689 0.104825 0.149474 -0.978004 -0.145487 0.372519 -0.074862 -0.925 -0.215178 -0.976566 0.004284 -0.015916 -0.999479 -0.028092 0.872127 -0.048832 0.486837 0.868236 -0.327169 0.372997 0.865454 -0.308645 0.394624 0.936436 -0.062991 0.345137 0.967646 -0.023811 0.251185 0.629157 -0.719298 0.294571 -0.236187 -0.915385 0.326016 0.808042 -0.502858 0.306925 0.976927 -0.043901 0.209014 0.65382 -0.728694 0.203776 0.842633 -0.221604 0.490777 0.243946 -0.903535 0.352298 -0.607869 -0.780094 0.14815 0.000004 -0.942617 0.333876 -0.236734 -0.570141 0.7867 0.776926 -0.304714 0.550941 -0.993682 0.015202 0.111196 -0.9829 -0.146071 0.112118 -0.992406 0.116674 0.038965 -0.727738 -0.671606 0.13908 -0.593012 -0.421362 0.686142 -0.986002 0.104451 0.129966 -0.57503 -0.793528 0.199136 -0.991363 0.040591 0.124709 -0.783285 -0.045677 0.619982 -0.305687 -0.672338 0.674179 -0.017755 -0.090766 0.995714 -0.020552 -0.882147 0.470525 0.031503 -0.733397 0.679071 0.013662 -0.999901 -0.0033 0.053012 -0.998587 -0.003707 0.037404 -0.737728 -0.674061 0.048214 -0.881292 -0.470107 -0.013757 -0.039494 -0.999125 0.025835 0.124774 -0.991849 0.02943 -0.876704 0.480129 0.050355 -0.99873 -0.001833 -0.239618 -0.870337 0.430229 -0.19189 -0.981015 -0.028076 -0.714914 -0.695919 -0.06778 -0.605761 -0.630553 0.485239 0.039504 -0.795695 -0.604408 -0.259833 -0.752708 -0.604911 -0.612164 -0.567173 -0.550972 0.006953 0.041022 -0.999134 -0.542916 -0.414796 -0.730196 -0.045394 -0.025301 0.998649 -0.529812 -0.428938 0.73165 -0.014488 0.112028 0.993599 -0.714931 -0.089976 -0.693382 -0.367324 -0.275848 -0.888246 -0.580254 0.142475 -0.801876 0.115858 -0.993161 -0.014395 0.522699 -0.712512 0.468096 0.315835 -0.948814 -0.000042 -0.397466 -0.118801 0.909894 0.2439 -0.422215 0.873068 -0.157774 -0.511992 0.844377 0.561904 -0.557135 0.611445 0.2439 -0.422215 0.873068 0.182707 -0.216893 0.958945 -0.620966 0.645897 -0.444093 0.085599 0.99633 0.000002 0.161045 0.986943 0.002991 -0.213938 0.838614 0.500957 0.197884 -0.158822 -0.967273 -0.367324 -0.275848 -0.888246 -0.779173 -0.49317 -0.386877 0.40986 -0.154915 0.898897 -0.43605 -0.493549 0.752509 -0.846014 0.067486 0.528872 -0.423397 0.536011 -0.730361 0.098807 0.64892 -0.754414 0.008666 0.000005 -0.999962 -0.675407 -0.100759 -0.730529 -0.246699 -0.638099 -0.729362 -0.499411 0.843187 -0.199059 0.000598 0.997625 -0.068883 -0.482283 -0.853261 -0.198367 -0.979496 -0.009703 -0.20123 -0.463861 0.815424 0.346289 0.210413 0.876584 0.432812 -0.482832 -0.804296 0.346383 -0.940067 0.011007 0.340813 -0.322866 0.605201 0.72766 0.374244 0.578918 0.724428 -0.142403 0.342946 0.928499 0.224094 0.286224 0.931589 -0.375169 0.056259 0.925247 -0.691025 0.030476 0.722188 -0.240908 -0.286649 0.927252 -0.376094 -0.573612 0.727683 0.098807 0.64892 -0.754414 0.350151 0.000003 -0.936693 0.008666 0.000005 -0.999962 0.129465 -0.534608 -0.835125 -0.246699 -0.638099 -0.729362 0.002332 -0.963122 -0.269056 -0.482283 -0.853261 -0.198367 0.259571 -0.856086 0.446923 -0.482832 -0.804296 0.346383 0.309629 -0.604949 0.733599 -0.376094 -0.573612 0.727683 0.125942 -0.342714 0.93096 0.357974 -0.056039 0.932048 0.623857 -0.039725 0.780528 0.224094 0.286224 0.931589 0.374244 0.578918 0.724428 -0.240908 -0.286649 0.927252 0.756259 0.144197 0.638185 0.210413 0.876584 0.432812 -0.142403 0.342946 0.928499 -0.008666 0.000005 0.999962 0.224094 0.286224 0.931589 0.357974 -0.056039 0.932048 0.125942 -0.342714 0.93096 -0.240908 -0.286649 0.927252 -0.375169 0.056259 0.925247 -0.866972 0.493014 0.072779 -0.553479 0.829253 -0.077466 -0.751859 0.646429 0.129758 -0.79822 0.496808 0.340627 -0.181245 0.889673 0.419084 -0.818592 -0.558556 0.133871 -0.84919 -0.139504 0.509328 -0.920434 -0.389321 0.03507 -0.436581 -0.878804 0.192615 -0.402541 0.564203 0.720857 -0.885388 0.287264 0.36547 -0.673588 0.572585 0.467359 -0.51125 0.517502 0.686159 -0.492179 0.72018 0.488979 -0.396927 0.696213 0.59811 -0.317926 0.773246 0.548647 -0.673588 0.572585 0.467359 -0.51125 0.517502 0.686159 -0.32117 0.756729 0.569395 -0.526005 0.697833 0.486157 0.357974 -0.9286 -0.097763 -0.788998 -0.604805 0.108133 0.101156 -0.959454 0.263089 0.49122 -0.8064 -0.329274 0.05932 -0.933392 -0.353921 0.155625 -0.33613 -0.928869 0.14378 -0.425086 -0.893661 -0.955717 -0.107267 -0.274041 -0.212431 -0.360492 -0.90825 -0.039816 -0.326136 -0.944484 -0.761225 -0.292501 -0.578775 -0.989524 -0.09848 0.105567 0.091249 -0.091503 -0.991615 0.121309 -0.2186 -0.968245 0.398694 -0.265908 -0.877688 -0.929075 -0.272987 -0.249597 0.64906 0.501191 -0.572301 0.146398 0.988862 -0.026832 0.605656 0.583426 -0.541105 0.146398 0.988862 -0.026832 -0.286359 0.940834 0.18119 -0.907532 0.414323 0.068717 -0.582345 -0.34013 -0.738367 -0.720557 -0.378324 -0.581093 -0.989524 -0.09848 0.105567 -0.955717 -0.107267 -0.274041 -0.988263 -0.152733 -0.002996 -0.879537 -0.46806 0.085644 -0.998037 -0.043244 -0.045295 -0.995355 0.090509 -0.032814 -0.966725 0.119018 -0.226447 -0.636973 -0.343407 0.690172 -0.54682 -0.447372 0.707705 -0.336767 -0.621184 0.707615 0.131172 0.067435 0.989063 -0.433358 0.22748 0.87204 -0.560399 -0.299684 0.772103 -0.300738 -0.185714 0.93545 -0.608953 -0.066134 0.790444 -0.455092 -0.60874 0.649867 -0.871723 -0.261445 0.414422 -0.54682 -0.447372 0.707705 -0.950415 0.196443 0.241084 -0.51125 0.517502 0.686159 -0.760395 -0.154647 0.630781 -0.571568 -0.099227 0.814533 -0.608953 -0.066134 0.790444 -0.51125 0.517502 0.686159 -0.492179 0.72018 0.488979 -0.525942 0.326815 0.785224 -0.317926 0.773246 0.548647 -0.525942 0.326815 0.785224 -0.492179 0.72018 0.488979 -0.317926 0.773246 0.548647 -0.526005 0.697833 0.486157 -0.525942 0.326815 0.785224 -0.336767 -0.621184 0.707615 -0.488852 -0.583318 0.648663 -0.548993 -0.456942 0.699865 -0.396559 0.389182 0.831432 -0.046003 -0.182387 0.98215 -0.210441 0.578484 0.788081 -0.369042 -0.349796 0.861075 -0.608953 -0.066134 0.790444 -0.741506 0.464856 0.483815 -0.741506 0.464856 0.483815 -0.602253 0.068994 0.795318 -0.526005 0.697833 0.486157 0.550669 0.482182 -0.681369 0.643129 0.690148 -0.331785 0.099282 0.990129 -0.098932 0.350182 -0.710038 0.610916 0.131172 0.067435 0.989063 -0.336767 -0.621184 0.707615 -0.046003 -0.182387 0.98215 0.515581 0.766985 -0.381983 0.297188 0.882195 -0.365256 0.510888 0.625614 -0.589577 0.512601 0.757099 -0.40502 0.523152 0.769305 -0.366719 0.510246 0.785084 -0.351129 -0.151904 0.94472 -0.290569 0.180956 0.929851 -0.320364 0.532991 0.784569 -0.316814 -0.175598 -0.849728 -0.49712 0.007747 -0.774831 -0.632122 0.198666 -0.715998 -0.669237 -0.401791 -0.880857 -0.250309 -0.071129 -0.950543 -0.302339 0.048444 -0.988575 -0.142734 -0.427247 -0.890924 0.153996 0.014012 -0.997727 -0.065917 0.213843 -0.517806 -0.828341 0.644504 -0.548026 -0.533182 -0.649768 -0.74998 0.123823 -0.569462 -0.767711 0.293824 -0.811191 -0.131817 0.569731 -0.536407 -0.179694 0.824608 -0.633318 -0.445539 0.632775 -0.363453 -0.234608 0.901588 -0.142038 -0.245376 0.958966 -0.131098 -0.253476 0.958417 -0.082963 -0.258142 0.962538 0.653046 0.753723 -0.073702 0.942385 0.23981 0.233243 0.608816 0.74812 0.26393 0.968437 0.24644 0.037371 0.82601 0.321627 -0.462886 0.831216 0.245209 -0.498952 -0.851377 0.362689 -0.378966 -0.964951 0.261047 0.026899 -0.790292 0.592891 0.154658 -0.826188 0.273573 -0.492515 -1 0 0 -0.652909 0.757432 -0.002703 -0.886195 0.23974 0.396462 -0.938612 0.344559 -0.016907 -0.566086 0.824339 -0.003328 0.47669 0.833192 0.280282 0.455817 0.88446 -0.099809 -0.549907 0.779971 0.298744 -0.482241 0.568243 0.666741 0.482815 0.36811 0.794598 0.945135 0.278254 0.171157 0.582045 0.071343 0.810021 -0.94651 0.287466 0.146568 0.926049 0.371599 -0.06593 -0.377434 0.079873 0.922586 0.582045 0.071343 0.810021 -0.377434 0.079873 0.922586 0 -0.000001 1 -0.624798 0.227659 0.746859 0 -0.000001 1 0.798633 0.291 0.526787 0 -1 -0.000000 0 -1 -0.000000 0 -1 -0.000000 0 -1 -0.000000 0 -1 -0.000000 1 -0.000000 0 -0.100194 0.364524 -0.925788 0.831216 0.245209 -0.498952 0 0.326778 -0.945101 -0.826188 0.273573 -0.492515 -0.851377 0.362689 -0.378966 -0.000000 -0.999997 0.002344 -0.000000 -0.999989 0.00469 0 -0.999997 0.002344 -0.000000 -0.999989 0.004689 0 -1 -0.000001 0 -1 -0.000001 0 -0.995855 -0.090951 0 -0.983317 -0.181901 0 -0.962698 -0.27058 0 -0.962698 -0.27058 0.377033 0.913231 0.154454 0.103553 0.993053 0.055882 0.477539 0.724696 0.496762 0.043347 0.993883 -0.101578 0.240814 0.949908 0.199206 0.091097 0.978115 0.18706 0.531999 0.845837 -0.039209 -0.260175 0.89389 0.365061 0.645424 0.584988 0.491138 0.025601 0.805735 0.591723 0.78504 0.347437 0.512836 0.803164 0.314023 0.506278 -0.310684 -0.945621 -0.096314 0.231168 -0.97291 0.002704 -0.105266 -0.984508 -0.140223 -0.102456 -0.96167 -0.25435 0.034744 0.316942 0.947808 -0.680658 -0.732531 -0.010172 -0.579488 -0.778006 -0.242692 -0.301693 0.801164 -0.516833 -0.460861 0.783651 -0.416531 -0.636073 -0.762052 0.121194 -0.833726 0.540699 0.112006 -0.634636 -0.298607 0.712791 -0.070852 -0.986245 0.149332 -0.380488 -0.923824 -0.042152 -0.496734 -0.817992 0.290078 -0.33503 -0.799973 0.497793 -0.96417 -0.24203 -0.108621 -0.824109 0.55193 -0.127352 -0.448438 -0.889649 -0.086188 -0.120815 0.983492 -0.134709 -0.995 -0.081398 -0.057869 -0.658222 0.704993 0.264061 -0.940533 0.337679 0.037022 -0.787473 0.595777 0.15791 -0.77494 0.564916 0.283439 -0.072955 -0.907987 -0.412598 -0.354362 -0.854882 -0.378951 -0.815745 -0.545702 -0.191755 0.170126 -0.961308 -0.216666 -0.28197 -0.947228 0.152486 -0.5607 -0.81135 -0.165308 -0.830146 -0.241267 -0.50264 -0.712326 0.649612 -0.2657 -0.731069 -0.681968 0.021416 -0.147402 -0.986302 0.074038 -0.121717 -0.990588 0.062618 -0.045443 -0.998903 0.011318 0.562302 0.46282 0.685284 0.362637 0.797572 0.482051 0.522511 0.518447 0.676901 0.524753 0.679837 0.512305 0.712442 0.317003 0.626047 -0.763537 0.317196 -0.562494 -0.794854 0.324744 -0.512589 -0.674238 0.527189 -0.517179 -0.423747 0.894407 -0.143089 0.517818 0.77731 0.357286 -0.757589 0.216614 -0.615741 -0.301693 0.801164 -0.516833 0.585999 0.182524 0.789488 0.589066 0.31343 0.744824 0.532285 -0.295021 0.793496 0.384999 0.733393 0.560277 -0.310684 -0.945621 -0.096314 -0.380488 -0.923824 -0.042152 -0.229794 -0.971236 -0.062419 -0.182167 -0.981094 0.065349 -0.168495 -0.973492 0.154668 -0.070852 -0.986245 0.149332 0.153535 -0.762135 0.628949 0.614854 0.514936 0.597323 0.596654 0.725685 0.342615 0.325062 0.073727 0.942815 0.102395 -0.292633 0.950727 0.056562 -0.483198 0.873682 0.684891 0.38559 0.61826 0.377312 0.230815 0.896861 0.522045 0.324269 0.788872 -0.493196 -0.869349 -0.031461 -0.152028 -0.802676 0.576714 -0.322909 -0.893472 -0.312151 -0.662977 -0.438234 -0.60697 -0.655708 -0.387608 -0.647925 -0.001164 0.557017 -0.8305 -0.531462 -0.59406 -0.603855 0.163481 0.269129 -0.949128 -0.549422 -0.137002 -0.824236 0.605859 0.531814 -0.5917 0.563569 0.821077 -0.09068 0.696487 0.545564 -0.466117 0.740871 0.67088 0.032079 0.574548 0.809233 0.12262 0.836358 0.535625 -0.11667 0.225317 -0.222917 -0.948441 0.652091 0.445428 -0.613491 -0.041174 -0.502048 -0.863859 0.094552 -0.209876 -0.973145 0.23289 -0.514681 -0.825146 0.615908 0.77394 -0.147224 0.817859 0.31997 -0.478252 0.816219 0.429294 0.386644 0.963927 0.206508 -0.167924 0.890871 0.179858 0.417134 -0.641942 -0.700151 -0.312569 -0.669504 -0.622215 -0.405724 -0.625639 -0.744212 -0.23393 -0.744259 -0.636801 -0.2014 0.54441 0.291545 0.786523 -0.786823 -0.614926 -0.052673 0.153885 0.376071 0.913723 -0.16624 0.295136 0.940882 -0.36239 -0.530006 -0.766659 0.304712 0.573224 0.760635 -0.138648 -0.937459 -0.319293 -0.229794 -0.971236 -0.062419 0.858972 0.027729 -0.511272 0.613958 0.742542 0.267746 0.574548 0.809233 0.12262 0.377033 0.913231 0.154454 0.68813 0.490474 0.534707 0.757375 0.35552 0.547712 0.693155 0.332148 0.639698 0.214755 -0.55236 -0.805468 -0.072434 0.139066 -0.98763 -0.001791 -0.991595 -0.129367 -0.370659 0.158403 -0.915161 0.134522 -0.172017 -0.975866 -0.17593 0.279256 -0.943962 0.043097 0.367055 -0.9292 -0.235919 0.226987 -0.944891 -0.082743 0.230539 -0.969539 0.562398 0.628912 -0.536822 0.37871 0.899912 0.216188 0.299474 0.342534 -0.890497 0.459453 0.56548 0.684935 -0.157187 0.676563 0.719413 0.296401 -0.093449 -0.950481 0.002523 0.007428 -0.999969 0.475447 -0.65434 -0.588038 0.235452 0.935804 -0.262363 0.167718 0.647523 -0.743361 0.103924 0.410403 0.905963 0.256574 0.673348 0.693378 0.031485 0.428635 0.902929 0.06975 0.512735 -0.855709 -0.295885 -0.943714 0.147839 -0.511135 -0.848465 0.137288 -0.414288 -0.90452 0.101041 -0.062005 0.543478 -0.837131 -0.782817 -0.592616 0.189747 -0.830722 -0.519293 0.200591 0.193256 0.39353 0.898769 -0.917772 0.176909 0.355525 -0.477834 -0.688405 0.545686 -0.813195 0.025776 0.581421 -0.55785 0.269722 0.784891 -0.827523 0.350913 0.438252 -0.62795 0.762995 -0.153352 0.09154 -0.987338 0.129556 0.296687 -0.648266 -0.701234 -0.546017 0.821302 -0.16531 -0.660019 0.711178 -0.242075 0.091097 0.978115 0.18706 -0.48044 0.877023 -0.002993 -0.147365 -0.876773 0.457769 0.027071 -0.99944 -0.019679 -0.402256 0.738123 0.541631 -0.977714 0.047433 0.204514 -0.984756 0.171779 0.027338 -0.682031 0.707195 0.186305 -0.870971 0.066593 -0.4868 0.027071 -0.99944 -0.019679 -0.20954 -0.969803 -0.124803 -0.184598 -0.96402 -0.191283 -0.182167 -0.981094 0.065349 -0.070852 -0.986245 0.149332 0.240814 0.949908 0.199206 0.719556 0.601397 0.347219 -0.470671 0.831118 0.296164 0.091097 0.978115 0.18706 0.525685 0.800577 0.287632 -0.877464 0.479117 -0.02242 -0.279988 0.952875 0.11677 0.455008 0.858898 0.235078 -0.738095 0.67363 0.037922 -0.447889 0.871423 0.200046 -0.703775 0.707491 0.064485 0.10916 -0.820893 -0.560552 0.164985 -0.718682 -0.675483 0.117919 -0.826072 -0.55109 0.093062 -0.803014 -0.58865 0.850252 0.47717 0.222218 0.963865 0.238358 0.118951 0.944068 0.299406 0.138174 0.719556 0.601397 0.347219 0.614319 0.403911 -0.677841 0.072645 0.204044 -0.976263 -0.082743 0.230539 -0.969539 0.605859 0.531814 -0.5917 -0.229102 0.474091 -0.850147 -0.85496 0.257854 -0.450061 -0.370659 0.158403 -0.915161 0.585048 0.401396 -0.704699 -0.45586 0.889778 0.022055 -0.527991 0.338252 -0.778981 0.79349 -0.48642 0.365744 0.136393 -0.98968 0.043942 0.23772 -0.654978 0.717282 -0.101473 -0.991288 0.083968 0.012668 -0.990903 0.133979 -0.21824 0.0566 -0.974252 -0.521866 0.094334 -0.847796 0.323181 -0.333181 -0.885745 0.947966 -0.119112 -0.295251 0.712686 0.419237 -0.562423 0.90247 -0.41285 0.122893 -0.399791 -0.219995 -0.889814 0.056652 -0.303843 0.951036 -0.624426 -0.469562 0.624183 0.39711 -0.470363 0.788075 0.53915 -0.510034 0.670211 -0.135076 -0.990777 -0.010765 -0.991614 -0.123679 0.03749 -0.804113 -0.537471 0.254021 -0.737347 0.163984 -0.655308 0.892723 0.333529 0.302993 -0.609215 -0.788265 0.086576 -0.668172 -0.718098 0.194632 -0.552467 -0.729126 0.403926 -0.053444 -0.649042 0.758873 -0.686522 -0.72599 0.040316 -0.674501 -0.244664 -0.696555 0.937325 0.311165 -0.156838 0.679551 0.362616 -0.637746 -0.527575 -0.845775 0.079555 0.374156 0.495478 -0.783906 -0.384474 0.007279 -0.923107 0.94316 0.311514 0.115791 0.118632 -0.819993 -0.559945 0.741753 0.361959 -0.564613 0.339139 -0.338425 -0.877755 1 0.000000 -0.000005 0.288331 -0.348076 -0.892025 -0.906429 -0.402632 -0.127571 0.441039 -0.109828 0.890743 0.989916 -0.139939 0.021996 0.205878 -0.156575 0.96597 -0.018176 -0.082127 0.996456 -0.008163 -0.170326 0.985354 0.042654 -0.247721 0.967892 0.411364 -0.430601 0.803344 0.837583 0.363277 0.408026 0.399733 -0.229037 0.887556 0.968205 -0.146864 -0.202511 0.173237 -0.065584 -0.982694 0.394681 0.272002 -0.877635 0.904077 0.260254 -0.338987 0.808569 0.55903 0.18358 0.472179 0.088948 0.877003 -0.490878 0.061388 -0.869063 -0.105111 0.023031 -0.994194 -0.465329 -0.075704 -0.881894 -0.470793 0.019367 -0.882031 0.167313 -0.067844 -0.983567 0.269341 0.010698 0.962985 0.646478 -0.443623 0.620697 0.666389 0.347301 0.659778 0.301701 -0.607068 0.73515 0.411364 -0.430601 0.803344 0.2221 -0.972224 -0.073843 -0.030228 -0.882114 -0.470065 0.209742 -0.72241 0.658886 -0.345608 -0.410321 -0.843915 -0.065152 -0.279113 -0.958046 -0.147287 0.217456 -0.964893 -0.000000 -0.149643 0.98874 -0.018176 -0.082127 0.996456 0 -0.075218 0.997167 -0.008163 -0.170326 0.985354 0.827921 -0.338774 0.446967 0.745764 0.230884 0.624923 0.785001 -0.152578 0.600411 0.893439 0.41982 -0.159745 0.65574 0.675807 0.336585 0.039643 0.905587 -0.422304 -0.000000 0.767556 -0.640982 -0.893437 0.41983 -0.15973 -0.039645 0.905587 -0.422304 -0.793315 0.605755 0.060926 -0.841059 -0.323303 0.4337 -0.745753 0.230898 0.624932 0.008162 -0.170325 0.985354 0.018175 -0.082126 0.996456 -0.829137 -0.513414 0.221219 -0.000000 -0.896845 0.442345 0.969565 0.081904 -0.230727 0.990684 0.120854 0.062766 0.997995 0.040548 0.048606 0.945505 0.219712 -0.240308 0.808569 0.55903 0.18358 0.889068 -0.117447 0.442452 0.972305 0.030304 -0.231743 0.944575 0.045588 -0.325114 0.999377 0.031835 0.015208 0.99955 0.023898 0.018154 0.824771 0.021107 0.565073 0.961206 0.006777 -0.275749 0.728675 0.014705 0.684701 0.903906 0.015435 0.427452 0.92611 -0.015157 -0.37695 -0.000024 -1 -0.000064 0.459263 -0.836219 -0.299691 -0.000006 -1 -0.000064 0.688836 0.261934 -0.67594 0.693841 0.111161 -0.711497 0.000000 0.137693 -0.990475 0.655371 0.020273 -0.755035 0.615071 -0.001366 -0.78847 -0.000000 0.003275 -0.999995 0 -0.017933 -0.999839 0.642928 -0.027908 -0.765418 0.637445 -0.725479 -0.259507 0 -0.037155 -0.999309 0.338753 -0.84878 -0.405978 0.000002 -0.750765 -0.660569 -0.348209 -0.845479 0.404865 0.000003 -0.748998 0.662572 -0.000035 -1 -0.000055 0.000000 0.331133 -0.943584 0.000000 -0.21901 0.975723 -0.650045 -0.013924 0.759768 -0.608863 -0.35467 0.709574 0 -0.008635 0.999963 -0.651222 -0.017423 0.758687 0.000000 -0.864652 0.502371 -0.920463 -0.227732 0.317627 -0.466221 -0.612975 0.637887 -0.956757 -0.019793 0.290213 -0.508857 -0.624229 0.592792 -0.999655 -0.023895 0.010916 -0.999911 -0.01103 0.007562 -0.959482 -0.013801 0.281433 -0.567082 -0.458489 0.684256 -0.740756 -0.02475 0.671318 -0.001698 -0.218492 -0.975837 0.864188 -0.070861 -0.498154 -0.300464 -0.673041 -0.675823 -0.939975 -0.184937 -0.286784 -0.696337 -0.675542 -0.242401 -0.726476 -0.294268 -0.620999 0.95866 -0.109314 -0.262719 0.648901 -0.604219 -0.462435 0.994562 -0.010786 -0.103587 -0.959831 -0.084836 -0.267446 0.977502 0.170103 -0.124715 0.761119 0.224034 -0.608693 0.924828 0.199131 -0.324098 0.753614 0.212404 -0.622053 -0.903317 0.192228 -0.383493 -0.713378 0.219129 -0.665639 -0.717055 0.225232 -0.659623 -0.963262 0.169714 -0.208144 0.901029 0.081693 0.425997 0.961823 -0.090325 -0.258335 0.95866 -0.109314 -0.262719 0.853467 0.12063 0.506994 0.976835 -0.012298 -0.213641 0.838066 0.034513 0.544476 0.875804 -0.091881 0.47384 0.748616 0.035164 0.662071 0.977502 0.170103 -0.124715 -0.805303 -0.133873 0.577551 0.077151 -0.103054 0.991679 -0.822993 -0.002701 0.568045 -0.959831 -0.084836 -0.267446 -0.939975 -0.184937 -0.286784 -0.80218 0.116681 0.585571 0.119615 0.159601 0.979908 -0.770248 0.046864 0.63602 -0.963262 0.169714 -0.208144 0.09098 0.257283 0.962044 -0.221967 -0.152664 0.963029 0.314606 0.138645 0.939042 -0.775611 -0.595467 0.209394 -0.389113 -0.150915 0.908744 -0.000000 -0.630092 0.776521 -0.387682 -0.891923 0.232756 -0.048479 -0.148801 0.987678 0.000000 -0.138787 0.990322 0.148442 -0.039926 0.988115 0.369134 0.034892 0.928721 0.888751 -0.02198 0.457863 0.994562 -0.010786 -0.103587 -0.012628 0.004633 0.99991 0.595208 -0.530961 0.603165 -0.843493 0.058789 0.533913 -0.639197 -0.526778 0.560296 0.823293 0.046455 0.565712 0.924828 0.199131 -0.324098 -0.260541 -0.946931 0.188257 0.06126 -0.824016 0.563245 -0.903317 0.192228 -0.383493 0.170881 -0.970774 0.168518 -0.045011 -0.403407 -0.913913 -0.094194 0.420076 -0.902587 -0.113119 -0.408752 -0.905608 -0.039619 0.405463 -0.913252 -0.02169 0.999061 -0.037517 0.012292 -0.973047 0.23028 0.121679 -0.184655 0.975242 0.130699 0.56199 0.816752 -0.015742 0.999351 -0.032404 0.06796 0.997316 -0.027241 -0.138382 0.445505 -0.88452 -0.063939 0.447438 -0.892026 -0.146721 -0.42385 -0.89377 -0.126354 -0.444597 -0.886774 0.181677 0.610549 0.770859 0.127265 0.958356 -0.255651 -0.062146 -0.983978 -0.167106 -0.021709 -0.999759 -0.003311 -0.07531 -0.996809 -0.026441 0.012292 -0.973047 0.23028 -0.025835 0.124769 -0.991849 0.703576 -0.688827 -0.174639 0 -0.999819 -0.019014 -0.000002 0.230597 -0.973049 0.000001 -0.998592 0.053042 0.68517 -0.718732 -0.118177 0 -0.999819 -0.019014 0.837372 0.282782 -0.467807 0.703576 -0.688827 -0.174639 0.879825 0.016051 -0.475026 -0.000001 0.835101 -0.550096 -0.000002 0.230597 -0.973049 -0.68517 -0.718733 -0.118176 -0.837373 0.282781 -0.467804 -0.703576 -0.688828 -0.174635 -0.879829 0.016051 -0.47502 -0.703576 -0.688828 -0.174635 -0.926121 0.349642 -0.1416 -0.556304 0.796036 -0.238437 -0.40417 0.862712 0.303934 -0.906538 0.319779 -0.275553 -0.745006 0.650196 0.149034 0.488866 0.814884 0.311406 0.938612 0.344559 -0.016907 0.926368 0.348753 -0.142176 0.55683 0.795434 -0.23922 0.917243 0.282198 -0.281121 0.819191 0.353643 -0.451512 0.028749 0.380984 -0.924135 -0.906538 0.319779 -0.275553 0.917243 0.282198 -0.281121 0 -1 -0.000000 -0.592461 -0.020226 0.805345 -0.0348 -0.000792 0.999394 -0.181783 -0.004229 0.98333 0.047709 0.005592 0.998846 0.494207 0.016527 0.869187 0.529704 0.012812 0.848086 0.142801 0.011693 0.989682 -0.033875 -0.983922 0.175357 -0.049588 -0.992091 0.115307 -0.260541 -0.946931 0.188257 0.170881 -0.970774 0.168518 -0.0696 -0.00094 0.997575 -0.466221 -0.612975 0.637887 0.074331 -0.264866 0.961416 -0.44104 -0.109827 0.890742 -0.989915 -0.139941 0.021993 -0.968204 -0.146866 -0.202513 0.018175 -0.082126 0.996456 -0.205881 -0.156574 0.96597 0.008162 -0.170325 0.985354 -0.042659 -0.24772 0.967892 -0.411368 -0.430599 0.803343 -0.837584 0.363276 0.408024 -0.399737 -0.229035 0.887555 -0.173233 -0.065586 -0.982695 -0.167312 -0.067846 -0.983567 -0.394679 0.271998 -0.877637 -0.904076 0.26025 -0.338992 -0.808571 0.559028 0.183577 -0.472183 0.088949 0.877001 0.105114 0.023029 -0.994193 0.490879 0.061388 -0.869062 0.465332 -0.075704 -0.881893 0.470794 0.019367 -0.882031 -0.666391 0.347301 0.659776 -0.646479 -0.443624 0.620696 -0.014208 -0.237508 0.971282 -0.411368 -0.430599 0.803343 -0.222098 -0.972224 -0.073842 -0.209748 -0.722409 0.658887 0.030232 -0.882115 -0.470064 0.345612 -0.41032 -0.843913 0.065157 -0.279113 -0.958045 -0.990684 0.120852 0.062764 -0.945504 0.21971 -0.24031 -0.969565 0.081903 -0.230728 -0.808571 0.559028 0.183577 -0.889069 -0.117449 0.44245 -0.972305 0.030303 -0.231743 -0.999377 0.031835 0.015207 -0.99955 0.023898 0.018153 -0.824771 0.021107 0.565072 -0.961205 0.006777 -0.27575 -0.728676 0.014705 0.684701 -0.903907 0.015435 0.427451 -0.926109 -0.015157 -0.376951 -0.459263 -0.836219 -0.29969 0.000023 -1 -0.000063 0.00001 -1 -0.000062 -0.688835 0.261933 -0.675942 -0.693841 0.111161 -0.711497 -0.944576 0.045587 -0.325113 -0.655371 0.020273 -0.755035 -0.615071 -0.001367 -0.788471 -0.642927 -0.027908 -0.765419 -0.637445 -0.725479 -0.259507 -0.338752 -0.848781 -0.405978 0.348211 -0.845478 0.404865 0.000032 -1 -0.000054 0.650045 -0.013923 0.759768 0.508859 -0.624228 0.592792 0.000003 -0.748998 0.662572 0.608863 -0.354669 0.709574 0.920463 -0.227731 0.317627 0.000000 -0.864652 0.502371 0.956757 -0.019792 0.290214 0.999655 -0.023894 0.010918 0.999911 -0.011029 0.007563 0.651222 -0.017422 0.758688 0.959481 -0.013801 0.281434 0.740756 -0.02475 0.671318 0.466225 -0.612977 0.637882 0.567082 -0.458489 0.684256 0.904387 -0.212526 -0.370022 0.300532 -0.661432 -0.687159 0.696335 -0.675544 -0.242399 0.726475 -0.29427 -0.620999 -0.651045 -0.588606 -0.479253 -0.958103 -0.105529 -0.266274 -0.840457 -0.188893 -0.50789 -0.994512 -0.010994 -0.104039 -0.8642 -0.070695 -0.498158 -0.992234 0.112743 0.052536 0.688322 0.257754 -0.678068 -0.977485 0.170138 -0.124806 -0.760998 0.224079 -0.608827 -0.924828 0.19913 -0.324099 -0.753614 0.212404 -0.622054 0.713317 0.219149 -0.665697 0.903318 0.192228 -0.383492 0.717056 0.225232 -0.659622 0.963257 0.169729 -0.208153 -0.901128 0.082209 0.425687 -0.961824 -0.090323 -0.258335 -0.853504 0.120545 0.506951 -0.958103 -0.105529 -0.266274 -0.976835 -0.012301 -0.213641 -0.838066 0.034513 0.544476 -0.875804 -0.091881 0.47384 -0.748606 0.035165 0.662082 -0.977485 0.170138 -0.124806 0.805303 -0.133871 0.577552 -0.077151 -0.103052 0.991679 0.753765 0.006521 0.657111 0.973267 -0.081476 -0.21474 0.849738 0.093394 0.518866 0.904387 -0.212526 -0.370022 -0.119615 0.159602 0.979908 0.958367 0.196532 -0.207143 0.770234 0.046859 0.636037 0.963257 0.169729 -0.208153 -0.090994 0.257207 0.962063 0.221949 -0.152642 0.963036 -0.314718 0.138788 0.938984 -0.369212 0.035037 0.928684 -0.994512 -0.010994 -0.104039 -0.888982 -0.023031 0.457362 0.048459 -0.148777 0.987683 0.775609 -0.59547 0.209395 0.389091 -0.150883 0.908759 0.38768 -0.891924 0.232757 -0.000001 -0.971075 0.238773 0.012658 0.004633 0.999909 -0.595212 -0.530963 0.60316 0.63918 -0.526775 0.560318 0.843475 0.058785 0.533943 0.118958 -0.835163 0.536984 -0.823298 0.046455 0.565705 -0.924828 0.19913 -0.324099 0.260542 -0.94693 0.188257 0.903318 0.192228 -0.383492 -0.170882 -0.970773 0.168518 0.045014 -0.403403 -0.913914 0.039616 0.405466 -0.913251 0.090647 0.327323 -0.940554 0.113121 -0.408749 -0.905609 0.03539 0.988995 -0.143655 -0.168903 -0.98343 0.065863 -0.290341 0.941736 0.169812 -0.012311 -0.973047 0.230277 -0.121685 -0.184654 0.975241 -0.112021 0.469877 0.875595 -0.005201 0.99237 0.123189 -0.130695 0.561991 0.816753 0.135005 0.497504 -0.856892 -0.067953 0.997317 -0.027238 0.063946 0.44744 -0.892025 0.14672 -0.423848 -0.893771 -0.181679 0.610547 0.77086 -0.127254 0.958358 -0.255649 0.007012 0.435468 -0.900177 0.062149 -0.983978 -0.167107 0.021701 -0.999759 -0.003315 0.126353 -0.444594 -0.886776 0.075319 -0.996809 -0.026443 0.060071 -0.045796 -0.997143 0.926121 0.349642 -0.141599 0.66165 0.716336 -0.221545 0.938612 0.344559 -0.016941 0.921705 0.287886 -0.259966 -0.427934 0.760869 0.487802 0.617035 0.676499 0.402016 -0.926368 0.348753 -0.142176 -0.475101 0.844073 -0.248637 -0.845077 0.290002 -0.449158 -0.928224 0.355059 -0.111054 0.82601 0.321627 -0.462886 0.15464 0.349176 -0.924209 0.921705 0.287886 -0.259966 -0.845077 0.290002 -0.449158 0 -1 -0.000001 0 -1 -0.000001 0.530031 -0.43515 0.727813 0.181784 -0.00423 0.983329 0.592461 -0.020226 0.805345 0.0348 -0.000792 0.999394 -0.494207 0.016527 0.869187 -0.047709 0.005592 0.998846 -0.529705 0.012811 0.848085 -0.142801 0.011693 0.989682 0.260542 -0.94693 0.188257 0.049588 -0.992091 0.115307 0.033875 -0.983922 0.175357 -0.170882 -0.970773 0.168518 0.0696 -0.00094 0.997575 0.999441 0.010405 -0.031758 0.778703 -0.049487 0.625438 0.259023 -0.076026 0.962874 0.981556 -0.007051 -0.191044 0.170128 -0.052817 -0.984005 0.671143 -0.032891 0.740598 0.000000 -0.03165 0.999499 0.667584 0.048326 0.742964 0.000000 0.043922 0.999035 0.791019 -0.114859 0.600914 0.000004 -0.588674 0.808371 0.829134 -0.513426 0.221203 0.84106 -0.323316 0.433687 0.79332 0.60575 0.060913 0 0.546964 0.837156 0.630117 0.112535 0.768303 0.341404 0.929538 0.139292 -0.784997 -0.152566 0.60042 -0.655736 0.675808 0.336592 -0.630112 0.112541 0.768306 -0.341403 0.929537 0.139298 -0.827919 -0.338761 0.44698 -0.671143 -0.032891 0.740598 -0.667583 0.048326 0.742965 -0.791019 -0.114862 0.600912 0.970684 0.067753 -0.230612 0.865837 -0.035335 0.499078 0.976805 0.06436 -0.20423 0.667584 0.048326 0.742964 0.910482 0.073126 0.407032 0 0.075357 -0.997157 0.674672 0.06159 -0.735544 0.708608 0.035433 -0.704712 -0.000000 0.016621 -0.999862 0.66223 -0.087086 0.744223 -0.000008 -0.048016 0.998847 0.999441 0.010405 -0.031758 -0.006998 0.435467 -0.900178 0.000003 -0.837582 0.546312 -0.256131 -0.665719 0.700867 0.567541 -0.197482 0.799311 -0.530026 -0.435148 0.727818 -0.778703 -0.049487 0.625438 -0.259024 -0.076026 0.962874 -0.981556 -0.007052 -0.191043 -0.170129 -0.052819 -0.984005 -0.997995 0.040546 0.048605 -0.970684 0.067753 -0.230612 -0.865836 -0.035335 0.499078 -0.976805 0.064359 -0.204229 -0.667583 0.048326 0.742965 -0.910482 0.073125 0.407032 -0.674672 0.06159 -0.735543 -0.708609 0.035433 -0.704712 -0.148468 -0.039843 0.988114 -0.662362 -0.087376 0.744072 -0.999442 0.009102 -0.032146 -0.012311 -0.973047 0.230277 0.000003 -0.990653 0.136405 0.514645 -0.71565 0.472214 0.000000 -0.864652 0.502371 0.466225 -0.612977 0.637882 -0.074327 -0.26487 0.961415 -0.999442 0.009102 -0.032146 -0.514641 -0.715649 0.47222 0.000000 -0.864652 0.502371 0.256136 -0.665722 0.700863 -0.56754 -0.197486 0.799311</float_array>
          <technique_common>
            <accessor source="#GeometrySource1-array" count="2012" stride="3">
              <param name="X" type="float"/>
              <param name="Y" type="float"/>
              <param name="Z" type="float"/>
            </accessor>
          </technique_common>
        </source>
        <source id="GeometrySource2" name="Dr_Doof_D.pngUV">
          <float_array id="GeometrySource2-array" count="4024">0.088205 -0.33089 0.084377 -0.349232 0.072976 -0.34513 0.084377 -0.349232 0.088205 -0.33089 0.093845 -0.33567 0.100968 -0.329066 0.100968 -0.329066 0.097335 -0.322513 0.096218 -0.338218 0.100968 -0.329066 0.10234 -0.332802 0.093845 -0.33567 0.088727 -0.348463 0.084377 -0.349232 0.081486 -0.361575 0.084377 -0.349232 0.072976 -0.34513 0.088911 -0.331362 0.088205 -0.33089 0.096321 -0.321687 0.084136 -0.326384 0.090832 -0.319684 0.059653 -0.336838 0.072859 -0.345111 0.065107 -0.35257 0.072976 -0.34513 0.766298 -0.062961 0.748798 -0.037582 0.769544 -0.037155 0.746917 -0.05947 0.739396 -0.049534 0.729079 -0.057437 0.722228 -0.049287 0.733824 -0.047269 0.733824 -0.047269 0.729079 -0.057437 0.766298 -0.062961 0.746917 -0.05947 0.739396 -0.049534 0.738956 -0.039082 0.145245 -0.465218 0.128561 -0.476022 0.136321 -0.458067 0.143565 -0.445877 0.132935 -0.484517 0.155135 -0.474943 0.173311 -0.457007 0.159676 -0.449359 0.962914 -0.641489 0.964028 -0.622542 0.974098 -0.627219 0.948078 -0.626142 0.954771 -0.637396 0.949653 -0.645229 0.909614 -0.627826 0.95113 -0.636692 0.908734 -0.632476 0.906273 -0.627841 0.906604 -0.632464 0.893063 -0.638583 0.887992 -0.631788 0.887897 -0.624309 0.906273 -0.627841 0.887992 -0.631788 0.905502 -0.621971 0.909614 -0.627826 0.872716 -0.636518 0.878203 -0.645785 0.870906 -0.627219 0.872716 -0.636518 0.896722 -0.681911 0.880773 -0.685867 0.880774 -0.681114 0.896487 -0.687707 0.880625 -0.690381 0.86577 -0.677638 0.86485 -0.683794 0.89641 -0.691091 0.88005 -0.69478 0.864455 -0.68922 0.863891 -0.694673 0.896206 -0.694402 0.895598 -0.7005 0.878286 -0.701954 0.863137 -0.703359 0.845311 -0.693961 0.842963 -0.687324 0.847681 -0.687639 0.06291 -0.840161 0.081072 -0.949524 0.058609 -0.951477 0.045457 -0.8345 0.028335 -0.956714 0.078476 -0.839057 0.096305 -0.833687 0.12967 -0.947031 0.10559 -0.948482 0.096317 -0.826508 0.114592 -0.832138 0.114005 -0.819038 0.154311 -0.946465 0.131435 -0.832214 0.184532 -0.947262 0.149404 -0.829758 0.130036 -0.818914 0.14787 -0.824417 0.146991 -0.819655 0.128493 -0.947874 0.105471 -0.946283 0.120624 -0.975308 0.153267 -0.949082 0.120624 -0.975308 0.184532 -0.947262 0.179869 -0.956849 0.143943 -0.980046 0.143943 -0.980046 0.144722 -0.706093 0.130807 -0.703619 0.114918 -0.708805 0.105471 -0.946283 0.093359 -0.977104 0.082448 -0.951127 0.10559 -0.948482 0.082448 -0.951127 0.059846 -0.954477 0.071137 -0.982744 0.033675 -0.964519 0.028335 -0.956714 0.093359 -0.977104 0.071137 -0.982744 0.120624 -0.975308 0.093359 -0.977104 0.082448 -0.951127 0.105471 -0.946283 0.10559 -0.948482 0.133906 -0.97749 0.08059 -0.979714 0.071137 -0.982744 0.093359 -0.977104 0.244253 -0.095651 0.255656 -0.091966 0.254218 -0.098442 0.255656 -0.091966 0.245019 -0.090883 0.237983 -0.090613 0.236593 -0.083088 0.225245 -0.086705 0.225245 -0.086705 0.234946 -0.079241 0.223262 -0.085085 0.22582 -0.089728 0.224363 -0.091977 0.22582 -0.089728 0.243396 -0.081259 0.255656 -0.091966 0.241496 -0.0767 0.237248 -0.094633 0.224363 -0.091977 0.260809 -0.099685 0.262518 -0.094652 0.269194 -0.09808 0.266867 -0.100195 0.277373 -0.09335 0.269194 -0.09808 0.262518 -0.094652 0.276233 -0.097096 0.26771 -0.078193 0.277373 -0.09335 0.262518 -0.094652 0.277373 -0.09335 0.279713 -0.077719 0.280232 -0.0533 0.279713 -0.077719 0.267225 -0.053826 0.252627 -0.078178 0.255656 -0.091966 0.255347 -0.05436 0.253252 -0.054353 0.247947 -0.073522 0.279713 -0.077719 0.281843 -0.094429 0.277373 -0.09335 0.28437 -0.077852 0.283499 -0.053312 0.279875 -0.097263 0.277373 -0.09335 0.276233 -0.097096 0.255315 -0.051578 0.252284 -0.052119 0.249745 -0.040589 0.253758 -0.040081 0.26728 -0.050977 0.266977 -0.03894 0.280609 -0.038852 0.280407 -0.05069 0.283343 -0.050796 0.28419 -0.038941 0.266939 -0.037296 0.253013 -0.03552 0.266213 -0.016483 0.255456 -0.018185 0.249304 -0.035311 0.255456 -0.018185 0.252362 -0.017472 0.281224 -0.03357 0.277543 -0.019837 0.266638 -0.013098 0.255456 -0.018185 0.252362 -0.017472 0.266213 -0.016483 0.286154 -0.034048 0.277543 -0.019837 0.281498 -0.019683 0.277543 -0.019837 0.281498 -0.019683 0.329069 -0.073495 0.325761 -0.048735 0.332868 -0.068241 0.329069 -0.073495 0.322669 -0.050975 0.313624 -0.075961 0.310633 -0.052273 0.301716 -0.077545 0.297697 -0.053623 0.306708 -0.092501 0.297157 -0.078446 0.302714 -0.09461 0.308097 -0.096622 0.317909 -0.099023 0.308097 -0.096622 0.329069 -0.073495 0.321159 -0.091028 0.321159 -0.091028 0.304516 -0.097762 0.294592 -0.053761 0.308097 -0.096622 0.317909 -0.099023 0.308912 -0.117169 0.329069 -0.073495 0.327116 -0.086906 0.327116 -0.086906 0.323216 -0.096003 0.321159 -0.091028 0.329683 -0.092828 0.339837 -0.089254 0.338405 -0.084716 0.329069 -0.073495 0.327116 -0.086906 0.346488 -0.087138 0.345437 -0.083483 0.357925 -0.082866 0.351985 -0.082397 0.345676 -0.075871 0.352094 -0.076463 0.357974 -0.075877 0.357925 -0.082866 0.345676 -0.075871 0.357974 -0.075877 0.352094 -0.076463 0.357974 -0.075877 0.345676 -0.075871 0.346605 -0.07219 0.338589 -0.075057 0.340057 -0.070525 0.310183 -0.049637 0.321514 -0.047973 0.321045 -0.036372 0.297295 -0.051023 0.308513 -0.038077 0.32267 -0.048196 0.323938 -0.036881 0.291499 -0.040767 0.295547 -0.039569 0.320327 -0.031802 0.307911 -0.033428 0.318032 -0.020754 0.305924 -0.021107 0.305015 -0.014417 0.319496 -0.015414 0.295146 -0.034166 0.295692 -0.029474 0.291178 -0.035719 0.291663 -0.022681 0.291663 -0.022681 0.324335 -0.031891 0.319496 -0.015414 0.308912 -0.117169 0.308912 -0.117169 0.305229 -0.11739 0.274717 -0.118059 0.276233 -0.097096 0.274717 -0.118059 0.269194 -0.09808 0.28117 -0.117091 0.266867 -0.100195 0.274717 -0.118059 0.271281 -0.119428 0.312474 -0.118044 0.308912 -0.117169 0.284751 -0.116239 0.276233 -0.097096 0.284751 -0.116239 0.28117 -0.117091 0.223262 -0.085085 0.22582 -0.089728 0.225245 -0.086705 0.120589 -0.603346 0.100095 -0.596599 0.112833 -0.588177 0.128297 -0.588272 0.141127 -0.596792 0.109387 -0.573578 0.086999 -0.57872 0.154362 -0.579064 0.131799 -0.573692 0.10975 -0.563035 0.088059 -0.560239 0.153463 -0.560602 0.13154 -0.563124 0.112342 -0.552361 0.097075 -0.546729 0.114739 -0.544374 0.105259 -0.540542 0.126923 -0.544435 0.129128 -0.552384 0.136542 -0.540783 0.144617 -0.547034 0.072793 -0.54539 0.055649 -0.545413 0.063219 -0.531016 0.063278 -0.559852 0.079371 -0.561243 0.057688 -0.576263 0.082339 -0.578039 0.057614 -0.589629 0.08062 -0.590988 0.060961 -0.601375 0.076775 -0.60288 0.063387 -0.609684 0.056355 -0.615212 0.048571 -0.611154 0.055882 -0.623892 0.047734 -0.627367 0.072156 -0.610557 0.044918 -0.605882 0.035525 -0.629883 0.192358 -0.890595 0.290831 -0.720035 0.389304 -0.890595 0.093884 -0.720035 0.192358 -0.549474 0.389304 -0.549474 0.487778 -0.720035 0.115976 -0.116151 0.136122 -0.101672 0.111179 -0.100423 0.13024 -0.113154 0.131806 -0.116913 0.149678 -0.105241 0.098945 -0.124345 0.072032 -0.120797 0.083131 -0.146093 0.072032 -0.120797 0.098945 -0.124345 0.09844 -0.13661 0.09844 -0.13661 0.108957 -0.154649 0.048507 -0.159009 0.081411 -0.175178 0.09766 -0.16898 0.098936 -0.176473 0.114253 -0.171647 0.129742 -0.161368 0.129742 -0.161368 0.108957 -0.154649 0.061368 -0.196646 0.074777 -0.200445 0.127478 -0.12238 0.151291 -0.117809 0.184634 -0.119909 0.184407 -0.129058 0.184407 -0.129058 0.151785 -0.122987 0.128347 -0.128934 0.202261 -0.12018 0.184407 -0.129058 0.203306 -0.128436 0.224952 -0.119911 0.224952 -0.119911 0.221621 -0.117723 0.220799 -0.106924 0.201876 -0.106027 0.202304 -0.103335 0.221817 -0.1047 0.239015 -0.104718 0.239015 -0.104718 0.184463 -0.106775 0.184463 -0.106775 0.184463 -0.106775 0.155783 -0.103161 0.149678 -0.105241 0.184583 -0.104363 0.239015 -0.104718 0.13468 -0.090364 0.154247 -0.093173 0.149678 -0.105241 0.133834 -0.083728 0.133834 -0.083728 0.157024 -0.085837 0.159092 -0.093562 0.161622 -0.086223 0.102108 -0.080775 0.104457 -0.085863 0.153515 -0.083667 0.133537 -0.083014 0.102108 -0.080775 0.133834 -0.083728 0.153515 -0.083667 0.157846 -0.084052 0.100595 -0.080163 0.098949 -0.083857 0.099756 -0.08009 0.099756 -0.08009 0.13467 -0.08321 0.102108 -0.080775 0.097212 -0.076062 0.104427 -0.073933 0.142252 -0.067242 0.138593 -0.076367 0.16342 -0.076154 0.16389 -0.081215 0.167555 -0.076732 0.168027 -0.081577 0.162413 -0.08618 0.158228 -0.085814 0.158228 -0.085814 0.136012 -0.081361 0.168291 -0.066695 0.172966 -0.066672 0.102108 -0.080775 0.178338 -0.047182 0.182965 -0.048084 0.198481 -0.014093 0.191609 -0.018444 0.150523 -0.046618 0.188627 -0.005337 0.160004 -0.018688 0.11263 -0.049735 0.118599 -0.026403 0.117864 -0.01997 0.160559 -0.012096 0.073043 -0.052792 0.069248 -0.076519 0.060473 -0.076997 0.065245 -0.098019 0.074267 -0.099787 0.065245 -0.098019 0.074267 -0.099787 0.060313 -0.121525 0.056649 -0.099108 0.060313 -0.121525 0.052529 -0.122325 0.052182 -0.123732 0.044245 -0.156129 0.032882 -0.188159 0.035421 -0.188776 0.044414 -0.216085 0.024959 -0.212806 0.024959 -0.212806 0.024959 -0.212806 0.056892 -0.221086 0.023266 -0.216025 0.109971 -0.174623 0.079318 -0.200073 0.124776 -0.15483 0.155783 -0.103161 0.130049 -0.142438 0.131503 -0.148 0.130049 -0.142438 0.127386 -0.142809 0.129742 -0.161368 0.114253 -0.171647 0.131182 -0.129411 0.816584 -0.085293 0.757043 -0.060238 0.823807 -0.077318 0.919431 -0.398434 0.97659 -0.270659 0.981725 -0.398402 0.907107 -0.296101 0.912207 -0.540943 0.916425 -0.216397 0.837347 -0.202925 0.241192 -0.180619 0.219394 -0.178922 0.221948 -0.171316 0.221436 -0.163527 0.24433 -0.169558 0.220923 -0.155566 0.243381 -0.155889 0.241192 -0.180619 0.235435 -0.189789 0.221436 -0.163527 0.221948 -0.171316 0.24433 -0.169558 0.168919 -0.165476 0.198229 -0.15992 0.194824 -0.171946 0.167615 -0.163387 0.194824 -0.171946 0.164752 -0.181972 0.168919 -0.165476 0.164752 -0.181972 0.167615 -0.163387 0.168919 -0.165476 0.164752 -0.181972 0.161516 -0.179663 0.164752 -0.181972 0.194824 -0.171946 0.190293 -0.197816 0.155654 -0.201421 0.157634 -0.199952 0.190293 -0.197816 0.155654 -0.201421 0.155654 -0.201421 0.190293 -0.197816 0.193578 -0.213769 0.164752 -0.181972 0.157634 -0.199952 0.760527 -0.287021 0.785771 -0.413558 0.516444 -0.355209 0.556125 -0.531207 0.516444 -0.355209 0.556125 -0.531207 0.814973 -0.549127 0.826174 -0.096969 0.770869 -0.170538 0.750603 -0.054911 0.750603 -0.054911 0.830733 -0.082195 0.782394 -0.146224 0.71014 -0.064916 0.78105 -0.040863 0.786524 -0.14609 0.78105 -0.040863 0.874717 -0.068615 0.803983 -0.056639 0.758371 -0.069947 0.759631 -0.059261 0.798859 -0.165292 0.803983 -0.056639 0.786481 -0.178155 0.754753 -0.073248 0.812822 -0.077974 0.813158 -0.075528 0.785388 -0.181552 0.755511 -0.073592 0.782765 -0.178826 0.751924 -0.077265 0.819369 -0.072958 0.810382 -0.074941 0.787396 -0.173845 0.783536 -0.081888 0.130049 -0.142438 0.131182 -0.129411 0.148042 -0.124137 0.131157 -0.129296 0.809344 -0.073663 0.785646 -0.177838 0.761646 -0.079174 0.800968 -0.075372 0.785492 -0.180378 0.768358 -0.074924 0.130049 -0.142438 0.131503 -0.148 0.130049 -0.142438 0.098936 -0.176473 0.074777 -0.200445 0.061368 -0.196646 0.081411 -0.175178 0.09766 -0.16898 0.083131 -0.146093 0.048507 -0.159009 0.072032 -0.120797 0.098945 -0.124345 0.072032 -0.120797 0.111179 -0.100423 0.115976 -0.116151 0.136122 -0.101672 0.13024 -0.113154 0.131806 -0.116913 0.149678 -0.105241 0.098945 -0.124345 0.09844 -0.13661 0.108957 -0.154649 0.09844 -0.13661 0.129742 -0.161368 0.108957 -0.154649 0.127478 -0.12238 0.151291 -0.117809 0.184634 -0.119909 0.184407 -0.129058 0.184407 -0.129058 0.184463 -0.106775 0.184463 -0.106775 0.149678 -0.105241 0.184463 -0.106775 0.128347 -0.128934 0.13468 -0.090364 0.149678 -0.105241 0.104457 -0.085863 0.102108 -0.080775 0.133834 -0.083728 0.154247 -0.093173 0.157024 -0.085837 0.133834 -0.083728 0.153515 -0.083667 0.153515 -0.083667 0.133834 -0.083728 0.133537 -0.083014 0.102108 -0.080775 0.100595 -0.080163 0.098949 -0.083857 0.099756 -0.08009 0.13467 -0.08321 0.099756 -0.08009 0.102108 -0.080775 0.097212 -0.076062 0.104427 -0.073933 0.142252 -0.067242 0.138593 -0.076367 0.16342 -0.076154 0.16389 -0.081215 0.158228 -0.085814 0.158228 -0.085814 0.136012 -0.081361 0.168291 -0.066695 0.102108 -0.080775 0.178338 -0.047182 0.191609 -0.018444 0.150523 -0.046618 0.160004 -0.018688 0.11263 -0.049735 0.118599 -0.026403 0.073043 -0.052792 0.069248 -0.076519 0.074267 -0.099787 0.074267 -0.099787 0.065245 -0.098019 0.065245 -0.098019 0.060313 -0.121525 0.060313 -0.121525 0.032882 -0.188159 0.035421 -0.188776 0.044414 -0.216085 0.024959 -0.212806 0.024138 -0.213529 0.023266 -0.216025 0.024959 -0.212806 0.024959 -0.212806 0.023266 -0.216025 0.700973 -0.888477 0.662936 -0.913822 0.691064 -0.913447 0.669851 -0.889357 0.632584 -0.914269 0.632584 -0.890009 0.743917 -0.883434 0.74501 -0.883306 0.74501 -0.883306 0.73871 -0.908476 0.632584 -0.936342 0.632584 -0.938276 0.734825 -0.853701 0.703714 -0.887924 0.74501 -0.883306 0.704695 -0.858303 0.670297 -0.889202 0.671525 -0.860382 0.632584 -0.889835 0.632584 -0.861074 0.632584 -0.840125 0.632584 -0.83902 0.734825 -0.853701 0.703714 -0.887924 0.704695 -0.858303 0.74501 -0.883306 0.670297 -0.889202 0.671525 -0.860382 0.74501 -0.883306 0.691064 -0.913447 0.743917 -0.883434 0.700973 -0.888477 0.662936 -0.913822 0.669851 -0.889357 0.632584 -0.938276 0.73871 -0.908476 0.74501 -0.883306 0.155311 -0.083575 0.159175 -0.083949 0.133388 -0.083256 0.158228 -0.085814 0.632584 -0.883658 0.632584 -0.938276 0.807902 -0.105319 0.780203 -0.104015 0.784994 -0.089315 0.842665 -0.110521 0.766381 -0.134143 0.766381 -0.110521 0.842665 -0.134143 0.842665 -0.099096 0.766381 -0.09917 0.842665 -0.134143 0.822322 -0.147516 0.834189 -0.091574 0.918948 -0.110521 0.842665 -0.134143 0.842665 -0.110521 0.918948 -0.110521 0.918948 -0.134143 0.918948 -0.09962 0.918948 -0.09962 0.842665 -0.099096 0.822322 -0.147516 0.842665 -0.134143 0.834189 -0.091574 0.766381 -0.09917 0.715526 -0.09962 0.715526 -0.110521 0.715526 -0.110521 0.766381 -0.110521 0.715526 -0.134143 0.766381 -0.134143 0.822322 -0.147516 0.750544 -0.133113 0.748817 -0.146718 0.741962 -0.137025 0.752986 -0.14611 0.755183 -0.158227 0.748817 -0.146718 0.758605 -0.128237 0.770374 -0.134939 0.764547 -0.136398 0.770374 -0.134939 0.775195 -0.147627 0.780841 -0.146048 0.773197 -0.133301 0.750179 -0.116728 0.740546 -0.114939 0.74618 -0.111143 0.738682 -0.100483 0.731882 -0.105245 0.731719 -0.121369 0.727976 -0.105928 0.754689 -0.10436 0.760171 -0.110414 0.735196 -0.127372 0.744489 -0.120336 0.73653 -0.097754 0.729898 -0.10231 0.740475 -0.096966 0.745736 -0.147605 0.73172 -0.148784 0.744731 -0.144556 0.732711 -0.151803 0.732711 -0.151803 0.744844 -0.167014 0.737273 -0.165899 0.745736 -0.147605 0.750382 -0.161651 0.750382 -0.161651 0.745736 -0.147605 0.770689 -0.164405 0.762185 -0.167434 0.764499 -0.162096 0.776898 -0.170993 0.769273 -0.170282 0.79791 -0.106682 0.784852 -0.091989 0.792611 -0.091861 0.780039 -0.106977 0.780523 -0.113659 0.797645 -0.113372 0.781604 -0.119779 0.795895 -0.12567 0.782685 -0.125898 0.782673 -0.13836 0.796346 -0.138116 0.084377 -0.349232 0.088205 -0.33089 0.072976 -0.34513 0.088205 -0.33089 0.084377 -0.349232 0.093845 -0.33567 0.100968 -0.329066 0.100968 -0.329066 0.096218 -0.338218 0.093845 -0.33567 0.088727 -0.348463 0.084377 -0.349232 0.081486 -0.361575 0.084377 -0.349232 0.079218 -0.361232 0.088911 -0.331362 0.072976 -0.34513 0.088205 -0.33089 0.084136 -0.326384 0.059653 -0.336838 0.072859 -0.345111 0.065107 -0.35257 0.064163 -0.351309 0.072976 -0.34513 0.145245 -0.465218 0.128561 -0.476022 0.136321 -0.458067 0.143565 -0.445877 0.159676 -0.449359 0.963593 -0.6422 0.954771 -0.637396 0.948078 -0.626142 0.951577 -0.617666 0.949653 -0.645229 0.909614 -0.627826 0.908734 -0.632476 0.906273 -0.627841 0.906604 -0.632464 0.893063 -0.638583 0.887992 -0.631788 0.906273 -0.627841 0.887897 -0.624309 0.887992 -0.631788 0.905502 -0.621971 0.909614 -0.627826 0.909014 -0.621423 0.872716 -0.636518 0.870906 -0.627219 0.896722 -0.681911 0.880773 -0.685867 0.896487 -0.687707 0.880625 -0.690381 0.89641 -0.691091 0.86577 -0.677638 0.880774 -0.681114 0.864455 -0.68922 0.86485 -0.683794 0.88005 -0.69478 0.863891 -0.694673 0.878286 -0.701954 0.895598 -0.7005 0.896206 -0.694402 0.84642 -0.681047 0.842963 -0.687324 0.847681 -0.687639 0.06291 -0.840161 0.081072 -0.949524 0.078476 -0.839057 0.045457 -0.8345 0.058609 -0.951477 0.096305 -0.833687 0.10559 -0.948482 0.12967 -0.947031 0.114592 -0.832138 0.096317 -0.826508 0.114005 -0.819038 0.154311 -0.946465 0.131435 -0.832214 0.184532 -0.947262 0.149404 -0.829758 0.130036 -0.818914 0.14787 -0.824417 0.146991 -0.819655 0.128493 -0.947874 0.105471 -0.946283 0.120624 -0.975308 0.120624 -0.975308 0.153267 -0.949082 0.184532 -0.947262 0.179869 -0.956849 0.143943 -0.980046 0.143943 -0.980046 0.144722 -0.706093 0.130807 -0.703619 0.082448 -0.951127 0.093359 -0.977104 0.105471 -0.946283 0.082448 -0.951127 0.10559 -0.948482 0.071137 -0.982744 0.093359 -0.977104 0.059846 -0.954477 0.071137 -0.982744 0.033675 -0.964519 0.028335 -0.956714 0.093359 -0.977104 0.120624 -0.975308 0.082448 -0.951127 0.105471 -0.946283 0.133906 -0.97749 0.093359 -0.977104 0.071137 -0.982744 0.08059 -0.979714 0.244253 -0.095651 0.255656 -0.091966 0.245019 -0.090883 0.255656 -0.091966 0.254218 -0.098442 0.237983 -0.090613 0.243396 -0.081259 0.255656 -0.091966 0.236593 -0.083088 0.225245 -0.086705 0.234946 -0.079241 0.225245 -0.086705 0.223262 -0.085085 0.22582 -0.089728 0.224363 -0.091977 0.22582 -0.089728 0.241496 -0.0767 0.237248 -0.094633 0.224363 -0.091977 0.260809 -0.099685 0.262518 -0.094652 0.269194 -0.09808 0.266867 -0.100195 0.269194 -0.09808 0.277373 -0.09335 0.262518 -0.094652 0.276233 -0.097096 0.262518 -0.094652 0.277373 -0.09335 0.26771 -0.078193 0.279713 -0.077719 0.277373 -0.09335 0.280131 -0.053337 0.279713 -0.077719 0.267231 -0.053905 0.252627 -0.078178 0.255656 -0.091966 0.255065 -0.054356 0.251826 -0.054098 0.247947 -0.073522 0.281843 -0.094429 0.279713 -0.077719 0.277373 -0.09335 0.28437 -0.077852 0.283521 -0.053355 0.279875 -0.097263 0.277373 -0.09335 0.276233 -0.097096 0.255372 -0.051492 0.253044 -0.051483 0.250297 -0.040727 0.253686 -0.040036 0.26703 -0.038991 0.267292 -0.051222 0.280499 -0.038824 0.280291 -0.050626 0.283714 -0.050858 0.266859 -0.036825 0.252966 -0.035847 0.266213 -0.016483 0.255456 -0.018185 0.248438 -0.03625 0.255456 -0.018185 0.252362 -0.017472 0.281252 -0.034299 0.284997 -0.038847 0.277543 -0.019837 0.266638 -0.013098 0.255456 -0.018185 0.266213 -0.016483 0.252362 -0.017472 0.285516 -0.03311 0.277543 -0.019837 0.281498 -0.019683 0.281498 -0.019683 0.277543 -0.019837 0.329069 -0.073495 0.323883 -0.049908 0.322504 -0.050778 0.313624 -0.075961 0.329069 -0.073495 0.310573 -0.05231 0.301716 -0.077545 0.297617 -0.053624 0.297157 -0.078446 0.306708 -0.092501 0.302714 -0.09461 0.308097 -0.096622 0.31543 -0.096814 0.308097 -0.096622 0.321159 -0.091028 0.321159 -0.091028 0.304516 -0.097762 0.329069 -0.073495 0.327116 -0.086906 0.323216 -0.096003 0.321159 -0.091028 0.327116 -0.086906 0.329683 -0.092828 0.339837 -0.089254 0.338405 -0.084716 0.329069 -0.073495 0.327116 -0.086906 0.346488 -0.087138 0.345437 -0.083483 0.357925 -0.082866 0.351985 -0.082397 0.345676 -0.075871 0.352094 -0.076463 0.357974 -0.075877 0.357925 -0.082866 0.357974 -0.075877 0.345676 -0.075871 0.352094 -0.076463 0.345676 -0.075871 0.357974 -0.075877 0.346605 -0.07219 0.338589 -0.075057 0.340057 -0.070525 0.332868 -0.068241 0.329069 -0.073495 0.32415 -0.047447 0.321671 -0.048652 0.320964 -0.036505 0.310189 -0.049654 0.308483 -0.038022 0.297199 -0.051016 0.295878 -0.041389 0.292809 -0.042028 0.294493 -0.051337 0.320419 -0.031739 0.307794 -0.03434 0.318032 -0.020754 0.305924 -0.021107 0.305015 -0.014417 0.319496 -0.015414 0.295767 -0.038606 0.294381 -0.026519 0.291663 -0.022681 0.293083 -0.036422 0.291663 -0.022681 0.323921 -0.031831 0.319496 -0.015414 0.324669 -0.036848 0.308912 -0.117169 0.305229 -0.11739 0.308912 -0.117169 0.308912 -0.117169 0.31543 -0.096814 0.308097 -0.096622 0.308912 -0.117169 0.312474 -0.118044 0.274717 -0.118059 0.266867 -0.100195 0.271281 -0.119428 0.274717 -0.118059 0.274717 -0.118059 0.276233 -0.097096 0.269194 -0.09808 0.28117 -0.117091 0.276233 -0.097096 0.284751 -0.116239 0.28117 -0.117091 0.22582 -0.089728 0.223262 -0.085085 0.225245 -0.086705 0.112833 -0.588177 0.100095 -0.596599 0.120589 -0.603346 0.128297 -0.588272 0.141127 -0.596792 0.109387 -0.573578 0.086999 -0.57872 0.154362 -0.579064 0.131799 -0.573692 0.10975 -0.563035 0.088059 -0.560239 0.153463 -0.560602 0.13154 -0.563124 0.112342 -0.552361 0.097075 -0.546729 0.114739 -0.544374 0.105259 -0.540542 0.126923 -0.544435 0.129128 -0.552384 0.136542 -0.540783 0.144617 -0.547034 0.063219 -0.531016 0.055649 -0.545413 0.072793 -0.54539 0.063278 -0.559852 0.079371 -0.561243 0.057688 -0.576263 0.082339 -0.578039 0.057614 -0.589629 0.08062 -0.590988 0.060961 -0.601375 0.076775 -0.60288 0.063387 -0.609684 0.056355 -0.615212 0.048571 -0.611154 0.055882 -0.623892 0.047734 -0.627367 0.072156 -0.610557 0.044918 -0.605882 0.035525 -0.629883 0.389304 -0.890595 0.290831 -0.720035 0.192358 -0.890595 0.093884 -0.720035 0.192358 -0.549474 0.389304 -0.549474 0.487778 -0.720035 0.202261 -0.12018 0.184407 -0.129058 0.203306 -0.128436 0.221621 -0.117723 0.224952 -0.119911 0.220799 -0.106924 0.239015 -0.104718 0.201876 -0.106027 0.239015 -0.104718 0.239015 -0.104718 0.823807 -0.077318 0.757043 -0.060238 0.816584 -0.085293 0.919431 -0.398434 0.97659 -0.270659 0.907107 -0.296101 0.981725 -0.398402 0.912207 -0.540943 0.916425 -0.216397 0.837347 -0.202925 0.168919 -0.165476 0.198229 -0.15992 0.167615 -0.163387 0.194824 -0.171946 0.168919 -0.165476 0.164752 -0.181972 0.194824 -0.171946 0.167615 -0.163387 0.164752 -0.181972 0.168919 -0.165476 0.164752 -0.181972 0.161516 -0.179663 0.190293 -0.197816 0.194824 -0.171946 0.164752 -0.181972 0.155654 -0.201421 0.157634 -0.199952 0.155654 -0.201421 0.190293 -0.197816 0.190293 -0.197816 0.155654 -0.201421 0.193578 -0.213769 0.164752 -0.181972 0.157634 -0.199952 0.785771 -0.413558 0.760527 -0.287021 0.516444 -0.355209 0.516444 -0.355209 0.556125 -0.531207 0.556125 -0.531207 0.814973 -0.549127 0.750603 -0.054911 0.770869 -0.170538 0.826174 -0.096969 0.830733 -0.082195 0.750603 -0.054911 0.78105 -0.040863 0.71014 -0.064916 0.782394 -0.146224 0.874717 -0.068615 0.78105 -0.040863 0.786524 -0.14609 0.759631 -0.059261 0.758371 -0.069947 0.803983 -0.056639 0.803983 -0.056639 0.798859 -0.165292 0.812822 -0.077974 0.754753 -0.073248 0.786481 -0.178155 0.755511 -0.073592 0.785388 -0.181552 0.813158 -0.075528 0.819369 -0.072958 0.751924 -0.077265 0.782765 -0.178826 0.783536 -0.081888 0.787396 -0.173845 0.810382 -0.074941 0.131182 -0.129411 0.130049 -0.142438 0.131157 -0.129296 0.761646 -0.079174 0.785646 -0.177838 0.809344 -0.073663 0.768358 -0.074924 0.785492 -0.180378 0.800968 -0.075372 0.155311 -0.083575 0.133388 -0.083256 0.158228 -0.085814 0.632584 -0.938276 0.784994 -0.089315 0.780203 -0.104015 0.807902 -0.105319 0.842665 -0.110521 0.766381 -0.134143 0.842665 -0.134143 0.766381 -0.110521 0.842665 -0.099096 0.766381 -0.09917 0.822322 -0.147516 0.842665 -0.134143 0.834189 -0.091574 0.918948 -0.110521 0.842665 -0.134143 0.918948 -0.134143 0.918948 -0.110521 0.842665 -0.110521 0.918948 -0.09962 0.918948 -0.09962 0.842665 -0.099096 0.842665 -0.134143 0.822322 -0.147516 0.834189 -0.091574 0.715526 -0.09962 0.766381 -0.09917 0.715526 -0.110521 0.715526 -0.110521 0.766381 -0.110521 0.715526 -0.134143 0.766381 -0.134143 0.822322 -0.147516 0.750544 -0.133113 0.748817 -0.146718 0.753418 -0.142709 0.748817 -0.146718 0.755183 -0.158227 0.750382 -0.161651 0.775195 -0.147627 0.770374 -0.134939 0.764547 -0.136398 0.780841 -0.146048 0.773197 -0.133301 0.758605 -0.128237 0.770374 -0.134939 0.766577 -0.122551 0.750179 -0.116728 0.740546 -0.114939 0.744489 -0.120336 0.74618 -0.111143 0.738682 -0.100483 0.731882 -0.105245 0.731719 -0.121369 0.727976 -0.105928 0.754689 -0.10436 0.735196 -0.127372 0.73653 -0.097754 0.729898 -0.10231 0.740475 -0.096966 0.745736 -0.147605 0.73172 -0.148784 0.732711 -0.151803 0.744731 -0.144556 0.737273 -0.165899 0.744844 -0.167014 0.732711 -0.151803 0.745736 -0.147605 0.750382 -0.161651 0.745736 -0.147605 0.770689 -0.164405 0.762185 -0.167434 0.769273 -0.170282 0.776898 -0.170993 0.776925 -0.165087 0.79791 -0.106682 0.784852 -0.091989 0.780039 -0.106977 0.792611 -0.091861 0.780523 -0.113659 0.79677 -0.119521 0.782685 -0.125898 0.795895 -0.12567 0.782673 -0.13836 0.796346 -0.138116 0.919798 -0.869652 0.887706 -0.848635 0.919905 -0.849107 0.887706 -0.848635 0.887146 -0.886582 0.887146 -0.886582 0.919715 -0.885747 0.906447 -0.849836 0.910021 -0.848656 0.912737 -0.84483 0.927099 -0.809987 0.926195 -0.809996 0.927099 -0.809987 0.926195 -0.809996 0.911618 -0.810848 0.912628 -0.809813 0.927749 -0.808712 0.927749 -0.808712 0.950249 -0.810506 0.875467 -0.847297 0.852952 -0.848883 0.885576 -0.828918 0.852952 -0.848883 0.848444 -0.809243 0.848676 -0.807297 0.888094 -0.808191 0.885576 -0.828918 0.848444 -0.809243 0.889032 -0.812168 0.887706 -0.848635 0.888094 -0.808191 0.887706 -0.848635 0.889032 -0.812168 0.912737 -0.84483 0.889032 -0.812168 0.890511 -0.809552 0.90094 -0.807994 0.90094 -0.807994 0.890511 -0.809552 0.889032 -0.812168 0.926902 -0.809982 0.887557 -0.809464 0.885368 -0.843573 0.885368 -0.843573 0.852952 -0.848883 0.885576 -0.828918 0.885275 -0.844743 0.887487 -0.810875 0.88698 -0.825834 0.887487 -0.810875 0.880976 -0.846455 0.88698 -0.825834 0.881127 -0.848499 0.887557 -0.809464 0.885275 -0.844743 0.88698 -0.825834 0.849021 -0.843614 0.880976 -0.846455 0.881127 -0.848499 0.885368 -0.843573 0.846411 -0.847751 0.888094 -0.808191 0.881127 -0.848499 0.888094 -0.808191 0.887706 -0.848635 0.92754 -0.967338 0.887645 -0.967416 0.919924 -0.92536 0.919924 -0.92536 0.887645 -0.967416 0.88761 -0.927394 0.919924 -0.92536 0.926344 -0.882687 0.919715 -0.885747 0.919924 -0.92536 0.924848 -0.924879 0.924848 -0.924879 0.928709 -0.888438 0.924848 -0.924879 0.927734 -0.918871 0.925525 -0.92352 0.924848 -0.924879 0.920536 -0.92293 0.926303 -0.92196 0.920536 -0.92293 0.927969 -0.888029 0.920536 -0.92293 0.923117 -0.904243 0.926624 -0.919051 0.923117 -0.904243 0.9271 -0.885174 0.923117 -0.904243 0.921299 -0.894359 0.919715 -0.885747 0.92828 -0.88843 0.967765 -0.809906 0.967778 -0.849435 0.967877 -0.811912 0.96791 -0.813062 0.967765 -0.809906 0.967765 -0.850112 0.968028 -0.846786 0.950505 -0.846211 0.967713 -0.826793 0.950105 -0.827274 0.950366 -0.813326 0.967713 -0.826793 0.950105 -0.827274 0.92763 -0.827888 0.92763 -0.827888 0.927972 -0.813663 0.928138 -0.845478 0.927972 -0.813663 0.967713 -0.826793 0.9262 -0.850722 0.967765 -0.809906 0.967765 -0.809906 0.967713 -0.826793 0.949514 -0.850001 0.967765 -0.850112 0.946741 -0.84967 0.912737 -0.84483 0.926902 -0.809982 0.92782 -0.812391 0.847931 -0.808609 0.847931 -0.849581 0.847931 -0.810806 0.847931 -0.849581 0.847931 -0.808609 0.847931 -0.849422 0.847931 -0.847241 0.847931 -0.849581 0.847931 -0.849581 0.847931 -0.847241 0.847931 -0.847241 0.847931 -0.849581 0.847931 -0.847241 0.852952 -0.848883 0.847931 -0.84988 0.847931 -0.849422 0.847931 -0.827874 0.847931 -0.847241 0.847931 -0.847241 0.847931 -0.847241 0.847931 -0.847241 0.847931 -0.847241 0.847931 -0.847241 0.847931 -0.847241 0.847931 -0.847241 0.847931 -0.847241 0.847931 -0.847241 0.849602 -0.847241 0.847931 -0.847241 0.849602 -0.847241 0.847931 -0.827874 0.848444 -0.809243 0.848068 -0.848737 0.852952 -0.848883 0.848068 -0.848737 0.847931 -0.84988 0.848444 -0.809243 0.847931 -0.808609 0.852952 -0.848883 0.848068 -0.848737 0.847931 -0.847241 0.852952 -0.848883 0.848444 -0.809243 0.847931 -0.810806 0.852952 -0.848883 0.847931 -0.849422 0.852952 -0.848883 0.852952 -0.848883 0.847931 -0.849422 0.877475 -0.878605 0.826624 -0.806594 0.944588 -0.806754 0.944588 -0.806754 0.986507 -0.9107 0.839344 -0.893671 0.841516 -0.807483 0.828825 -0.823466 0.839344 -0.893671 0.8287 -0.806184 0.8635 -0.886411 0.839344 -0.893671 0.845935 -0.812118 0.853866 -0.88177 0.845935 -0.812118 0.900936 -0.842057 0.924908 -0.890885 0.8635 -0.886411 0.853866 -0.88177 0.922278 -0.900473 0.912148 -0.890735 0.922278 -0.900473 0.924908 -0.890885 0.913347 -0.888097 0.96395 -0.831622 0.965765 -0.853569 0.965765 -0.853569 0.96395 -0.831622 0.969637 -0.840837 0.987316 -0.880531 0.965765 -0.853569 0.967773 -0.807524 0.839344 -0.893671 0.965765 -0.853569 0.967773 -0.807524 0.967685 -0.808878 0.975439 -0.83616 0.967685 -0.808878 0.987737 -0.879702 0.967966 -0.818825 0.979889 -0.867206 0.96395 -0.831622 0.967773 -0.807524 0.96395 -0.831622 0.967685 -0.808878 0.972643 -0.837802 0.979889 -0.867206 0.987316 -0.880531 0.972643 -0.837802 0.967966 -0.818825 0.987737 -0.879702 0.987316 -0.880531 0.987737 -0.879702 0.965765 -0.853569 0.92782 -0.906451 0.927217 -0.918955 0.92782 -0.906451 0.927734 -0.918871 0.924848 -0.924879 0.92782 -0.907789 0.926624 -0.919051 0.92782 -0.907074 0.92782 -0.907789 0.92782 -0.907074 0.927787 -0.888421 0.926624 -0.919051 0.916861 -0.905345 0.916861 -0.905345 0.023266 -0.216025 0.032882 -0.188159 0.024138 -0.213529 0.023266 -0.216025 0.889032 -0.812168 0.063187 -0.290877 0.082497 -0.291372 0.079712 -0.295963 0.062269 -0.292617 0.079518 -0.297692 0.105879 -0.309785 0.10684 -0.305099 0.101406 -0.297926 0.10684 -0.305099 0.064691 -0.288146 0.082384 -0.297782 0.101017 -0.298449 0.101017 -0.298449 0.10712 -0.29148 0.10684 -0.305099 0.080591 -0.2901 0.101017 -0.298449 0.10712 -0.29148 0.063669 -0.286762 0.064262 -0.290641 0.084377 -0.349232 0.065107 -0.35257 0.072976 -0.34513 0.079218 -0.361232 0.079218 -0.361232 0.065189 -0.353223 0.065189 -0.353223 0.079218 -0.361232 0.077529 -0.361454 0.064163 -0.351309 0.064163 -0.351309 0.806405 -0.037262 0.833892 -0.07267 0.833204 -0.036951 0.807802 -0.070652 0.733824 -0.047269 0.731682 -0.05968 0.733824 -0.047269 0.731682 -0.05968 0.729079 -0.057437 0.72019 -0.062404 0.723694 -0.06654 0.731682 -0.05968 0.72019 -0.062404 0.729079 -0.057437 0.733824 -0.047269 0.731682 -0.05968 0.807802 -0.070652 0.833892 -0.07267 0.733824 -0.047269 0.729774 -0.038601 0.153209 -0.401865 0.125724 -0.418244 0.126112 -0.398849 0.151107 -0.421359 0.122643 -0.450032 0.135783 -0.34216 0.153431 -0.319821 0.15531 -0.338787 0.129615 -0.331436 0.118793 -0.310135 0.118793 -0.310135 0.145671 -0.298602 0.110104 -0.283649 0.110104 -0.283649 0.131584 -0.277448 0.109615 -0.280844 0.131584 -0.277448 0.110104 -0.283649 0.170422 -0.426917 0.173944 -0.404397 0.192776 -0.406801 0.175266 -0.335086 0.171048 -0.314361 0.196307 -0.330847 0.191299 -0.307611 0.162091 -0.291637 0.131584 -0.277448 0.181257 -0.282615 0.147633 -0.266231 0.166698 -0.253968 0.148981 -0.267099 0.163838 -0.251242 0.13197 -0.279108 0.186104 -0.433002 0.037587 -0.42494 0.062411 -0.398991 0.060901 -0.42632 0.038771 -0.398048 0.064399 -0.36656 0.044906 -0.428904 0.083387 -0.427659 0.109293 -0.452914 0.084731 -0.400091 0.064399 -0.36656 0.112658 -0.401816 0.114912 -0.369284 0.086798 -0.367653 0.109293 -0.452914 0.111007 -0.42944 0.984881 -0.635525 0.971043 -0.649343 0.954771 -0.637396 0.945747 -0.625647 0.948078 -0.626142 0.95113 -0.636692 0.953389 -0.646295 0.954771 -0.637396 0.959785 -0.654051 0.909014 -0.621423 0.86225 -0.654922 0.855955 -0.64276 0.856341 -0.658273 0.849786 -0.645122 0.84712 -0.631167 0.855955 -0.64276 0.849786 -0.645122 0.85299 -0.630073 0.951436 -0.689079 0.947009 -0.68082 0.950345 -0.679143 0.94566 -0.689217 0.902188 -0.682207 0.902517 -0.687972 0.899198 -0.688041 0.849894 -0.681776 0.848846 -0.672008 0.898892 -0.694356 0.899321 -0.691276 0.901885 -0.694778 0.900499 -0.700318 0.936397 -0.708268 0.941004 -0.700947 0.902354 -0.691439 0.848695 -0.693934 0.845911 -0.704249 0.94346 -0.694888 0.945144 -0.702265 0.948922 -0.694902 0.937688 -0.70845 0.945144 -0.702265 0.950065 -0.711385 0.937688 -0.70845 0.945144 -0.702265 0.955716 -0.709864 0.954835 -0.702956 0.956582 -0.69435 0.960218 -0.690237 0.960203 -0.679029 0.850233 -0.687928 0.84642 -0.681047 0.845311 -0.693961 0.845311 -0.693961 0.84642 -0.681047 0.842558 -0.669725 0.842558 -0.669725 0.84642 -0.681047 0.840179 -0.704741 0.840179 -0.704741 0.064004 -0.827383 0.078733 -0.815299 0.065337 -0.814935 0.07851 -0.827297 0.096359 -0.818659 0.144882 -0.693276 0.131462 -0.690892 0.115202 -0.699857 0.10113 -0.709059 0.101508 -0.701023 0.087519 -0.710227 0.088051 -0.701655 0.072758 -0.704126 0.072981 -0.69174 0.114518 -0.683121 0.101934 -0.682983 0.047588 -0.81828 0.058707 -0.702851 0.046638 -0.826119 0.059579 -0.690008 0.293964 -0.051404 0.082668 -0.029014 0.085148 -0.023109 0.060494 -0.057914 0.251329 -0.204094 0.260878 -0.191082 0.267729 -0.221719 0.266308 -0.17452 0.28376 -0.203366 0.29083 -0.179077 0.26479 -0.153605 0.276587 -0.150939 0.260878 -0.191082 0.266308 -0.17452 0.28376 -0.203366 0.29083 -0.179077 0.082668 -0.029014 0.738579 -0.132198 0.747517 -0.126725 0.753849 -0.139308 0.759985 -0.154803 0.757155 -0.145503 0.764604 -0.141208 0.766577 -0.122551 0.763374 -0.116482 0.754392 -0.122483 0.76955 -0.149205 0.776925 -0.165087 0.772105 -0.158528 0.766813 -0.156758 0.776952 -0.159181 0.79677 -0.119521 0.129281 -0.33152 0.118793 -0.310135 0.129615 -0.331436 0.118773 -0.310084 0.110104 -0.283649 0.118793 -0.310135 0.107646 -0.283734 0.848788 -0.645585 0.849786 -0.645122 0.856341 -0.658273 0.84712 -0.631167 0.129281 -0.33152 0.136294 -0.342456 0.135783 -0.34216 0.063187 -0.290877 0.082497 -0.291372 0.064691 -0.288146 0.062269 -0.292617 0.079712 -0.295963 0.079518 -0.297692 0.105879 -0.309785 0.10684 -0.305099 0.101406 -0.297926 0.10684 -0.305099 0.082384 -0.297782 0.064262 -0.290641 0.101017 -0.298449 0.101017 -0.298449 0.10712 -0.29148 0.10684 -0.305099 0.101017 -0.298449 0.080591 -0.2901 0.10712 -0.29148 0.063669 -0.286762 0.072976 -0.34513 0.065107 -0.35257 0.084377 -0.349232 0.079218 -0.361232 0.065189 -0.353223 0.079218 -0.361232 0.065189 -0.353223 0.077529 -0.361454 0.064163 -0.351309 0.125724 -0.418244 0.151107 -0.421359 0.153209 -0.401865 0.122643 -0.450032 0.135783 -0.34216 0.153431 -0.319821 0.129615 -0.331436 0.118793 -0.310135 0.118793 -0.310135 0.145671 -0.298602 0.110104 -0.283649 0.110104 -0.283649 0.131584 -0.277448 0.131584 -0.277448 0.109615 -0.280844 0.110104 -0.283649 0.170422 -0.426917 0.173944 -0.404397 0.15531 -0.338787 0.175266 -0.335086 0.171048 -0.314361 0.162091 -0.291637 0.131584 -0.277448 0.147633 -0.266231 0.148981 -0.267099 0.13197 -0.279108 0.062411 -0.398991 0.064399 -0.36656 0.039673 -0.365583 0.060901 -0.42632 0.083387 -0.427659 0.054201 -0.428992 0.084731 -0.400091 0.112658 -0.401816 0.114912 -0.369284 0.064399 -0.36656 0.086798 -0.367653 0.111007 -0.42944 0.109293 -0.452914 0.109293 -0.452914 0.945747 -0.625647 0.954771 -0.637396 0.948078 -0.626142 0.95113 -0.636692 0.954771 -0.637396 0.953235 -0.646452 0.95113 -0.636692 0.960351 -0.65402 0.971043 -0.649343 0.878203 -0.645785 0.872716 -0.636518 0.862105 -0.65501 0.855956 -0.642762 0.856341 -0.658273 0.849786 -0.645122 0.855956 -0.642762 0.84712 -0.631167 0.849786 -0.645122 0.853142 -0.630052 0.951393 -0.689143 0.947009 -0.68082 0.94566 -0.689217 0.95033 -0.679135 0.902188 -0.682207 0.902517 -0.687972 0.899198 -0.688041 0.8498 -0.681765 0.848691 -0.671959 0.898892 -0.694356 0.899321 -0.691276 0.901885 -0.694778 0.900499 -0.700318 0.941004 -0.700947 0.936397 -0.708268 0.902354 -0.691439 0.863137 -0.703359 0.848814 -0.693942 0.846057 -0.704244 0.94346 -0.694888 0.945144 -0.702265 0.94894 -0.69489 0.956852 -0.694152 0.960402 -0.679027 0.960396 -0.689802 0.945144 -0.702265 0.937688 -0.70845 0.945144 -0.702265 0.937688 -0.70845 0.940815 -0.716562 0.850245 -0.687929 0.84642 -0.681047 0.845311 -0.693961 0.845311 -0.693961 0.845311 -0.693961 0.84642 -0.681047 0.842558 -0.669725 0.842558 -0.669725 0.840179 -0.704741 0.840179 -0.704741 0.064004 -0.827383 0.07851 -0.827297 0.078733 -0.815299 0.065337 -0.814935 0.096359 -0.818659 0.028335 -0.956714 0.10559 -0.948482 0.144882 -0.693276 0.131462 -0.690892 0.114918 -0.708805 0.10113 -0.709059 0.115202 -0.699857 0.087519 -0.710227 0.101508 -0.701023 0.088051 -0.701655 0.072758 -0.704126 0.114518 -0.683121 0.101934 -0.682983 0.089769 -0.685001 0.047588 -0.81828 0.058707 -0.702851 0.072981 -0.69174 0.046638 -0.826119 0.294299 -0.05379 0.738579 -0.132198 0.747517 -0.126725 0.741962 -0.137025 0.759985 -0.154803 0.764604 -0.141208 0.757155 -0.145503 0.763374 -0.116482 0.754392 -0.122483 0.76955 -0.149205 0.760171 -0.110414 0.764499 -0.162096 0.772105 -0.158528 0.766813 -0.156758 0.776952 -0.159181 0.797645 -0.113372 0.781604 -0.119779 0.136294 -0.342456 0.129615 -0.331436 0.129281 -0.33152 0.118793 -0.310135 0.110104 -0.283649 0.118773 -0.310084 0.118793 -0.310135 0.107646 -0.283734 0.856341 -0.658273 0.849786 -0.645122 0.848788 -0.645585 0.84712 -0.631167 0.129281 -0.33152 0.961441 -0.656543 0.042171 -0.287723 0.042171 -0.287723 0.042171 -0.287723 0.042171 -0.287723 0.863685 -0.075383 0.863908 -0.03713 0.893071 -0.077493 0.892618 -0.036961 0.92216 -0.080387 0.921364 -0.036362 0.733824 -0.047269 0.733824 -0.047269 0.729079 -0.057437 0.729774 -0.038601 0.733824 -0.047269 0.72019 -0.062404 0.733824 -0.047269 0.729079 -0.057437 0.733824 -0.047269 0.72019 -0.062404 0.733824 -0.047269 0.863685 -0.075383 0.893071 -0.077493 0.92216 -0.080387 0.157011 -0.377724 0.128349 -0.376239 0.15797 -0.356937 0.131616 -0.355187 0.135783 -0.34216 0.19698 -0.37839 0.176956 -0.378033 0.177347 -0.355747 0.198071 -0.35414 0.961317 -0.690332 0.964076 -0.709276 0.962516 -0.679026 0.089769 -0.685001 0.119189 -0.348768 0.136294 -0.342456 0.135783 -0.34216 0.136294 -0.342456 0.042171 -0.287723 0.042171 -0.287723 0.042171 -0.287723 0.042171 -0.287723 0.126112 -0.398849 0.157011 -0.377724 0.128349 -0.376239 0.15797 -0.356937 0.131616 -0.355187 0.135783 -0.34216 0.176956 -0.378033 0.177347 -0.355747 0.954847 -0.702905 0.961317 -0.690332 0.962802 -0.679189 0.059579 -0.690008 0.119189 -0.348768 0.136294 -0.342456 0.122433 -0.340006 0.136294 -0.342456 0.135783 -0.34216 0.961372 -0.656196 0.136294 -0.342456 0.11914 -0.341249 0.136294 -0.342456 0.135783 -0.34216</float_array>
          <technique_common>
            <accessor source="#GeometrySource2-array" count="2012" stride="2">
              <param name="S" type="float"/>
              <param name="T" type="float"/>
            </accessor>
          </technique_common>
        </source>
        <vertices id="Geometry-vertices">
          <input semantic="POSITION" source="#GeometrySource"/>
          <input semantic="NORMAL" source="#GeometrySource1"/>
          <input semantic="TEXCOORD" source="#GeometrySource2"/>
        </vertices>
        <triangles material="VisualMaterial0" count="1978">
          <input semantic="VERTEX" source="#Geometry-vertices" offset="0"/>
          <p>0 1 2 3 4 5 4 6 5 7 4 8 9 10 11 10 9 12 13 12 9 12 13 14 15 16 13 17 18 4 19 20 8 20 19 18 21 20 18 20 21 22 18 23 21 23 18 24 25 24 26 18 26 24 27 28 29 28 27 30 31 28 30 32 33 34 35 33 36 28 37 29 37 28 38 28 39 38 39 28 40 28 31 40 41 42 43 44 41 43 41 45 42 45 41 46 41 47 46 47 41 48 41 44 48 49 50 51 52 50 53 50 49 53 54 55 56 55 54 57 57 58 55 58 57 59 60 58 59 58 60 61 62 63 64 63 62 65 65 66 63 60 67 61 67 60 68 64 69 62 69 64 70 71 72 73 72 71 74 74 75 72 72 76 73 76 72 77 75 74 78 78 79 75 72 80 77 80 72 75 79 80 75 80 79 81 79 78 82 83 79 82 79 83 84 84 81 79 81 84 85 86 87 88 89 90 91 91 92 89 92 91 93 90 89 94 95 90 94 95 96 97 94 98 95 98 99 95 98 100 99 96 95 99 99 101 96 101 99 102 102 103 101 103 102 104 99 105 102 105 99 100 104 102 106 105 106 102 106 105 107 101 108 96 109 96 108 108 110 109 108 101 111 111 112 108 113 111 101 111 113 114 114 115 111 116 112 111 105 117 107 117 105 118 100 118 105 118 100 119 120 121 122 123 124 90 90 125 91 125 90 124 124 126 125 125 126 127 127 91 125 91 127 128 129 130 124 109 131 132 133 123 134 90 95 135 96 109 135 136 112 115 137 138 139 140 141 142 143 140 144 140 145 144 146 144 145 145 147 146 148 149 146 149 148 150 147 145 151 145 152 153 144 146 154 154 155 144 146 156 154 156 146 149 145 140 157 158 145 157 141 159 142 159 141 160 161 159 160 159 161 162 163 164 165 164 163 166 167 168 169 170 167 171 167 172 173 172 167 174 155 154 175 169 175 167 156 175 154 175 174 167 175 169 176 174 175 177 175 178 177 175 156 179 178 175 179 180 181 182 181 171 183 172 183 171 183 172 184 185 163 181 186 185 187 178 188 177 188 178 189 190 188 189 188 190 191 192 177 188 177 192 174 188 193 192 193 188 191 194 192 193 174 195 172 192 194 195 195 174 192 172 196 184 194 196 195 196 172 195 196 194 197 191 198 193 198 191 199 199 200 198 200 199 201 191 202 199 202 191 190 202 203 199 203 202 204 200 205 198 193 205 194 205 193 198 205 200 206 207 208 209 208 207 210 211 194 205 194 211 197 212 211 205 213 210 207 210 213 214 211 212 215 216 217 218 217 219 220 220 221 222 223 222 221 222 223 224 221 225 223 226 224 223 225 226 223 226 225 227 228 227 225 225 229 230 221 220 231 221 232 225 231 232 221 229 225 233 227 228 234 224 226 235 236 237 238 232 239 240 241 242 243 242 229 243 242 241 244 241 245 244 245 241 246 247 246 248 246 249 245 249 246 250 250 251 249 251 250 252 253 252 250 252 253 254 255 252 254 252 255 256 257 258 259 260 261 262 250 263 253 218 263 247 246 247 263 263 250 246 261 264 262 263 218 264 264 261 263 224 265 222 266 222 265 265 267 266 222 266 220 235 268 224 265 224 268 267 265 269 268 269 265 267 270 266 220 270 217 270 220 266 270 267 271 268 272 273 269 268 273 269 274 267 274 269 275 273 275 269 275 276 274 276 275 277 278 276 277 276 278 279 272 280 273 280 277 275 275 273 280 277 280 281 281 278 277 282 281 280 280 272 282 278 281 283 281 282 284 276 285 274 285 267 274 267 285 271 285 276 286 287 234 228 234 288 289 290 162 161 291 292 293 292 291 294 295 296 297 229 298 299 300 301 185 301 302 303 304 305 158 305 304 306 307 308 309 307 309 310 307 310 311 308 312 309 312 308 313 310 314 311 309 315 310 315 309 312 314 310 315 313 316 312 316 313 317 315 318 314 319 312 316 318 315 319 312 319 315 317 320 316 320 317 321 321 322 320 322 321 323 324 320 322 316 325 319 325 316 320 320 324 325 326 325 324 327 319 325 325 326 327 319 327 318 328 329 330 328 331 329 328 332 331 332 333 331 333 332 334 334 335 333 335 334 336 336 337 335 337 336 338 338 339 337 340 337 339 341 335 337 337 340 341 342 341 340 341 342 343 339 338 344 335 341 345 343 345 341 345 343 346 347 348 349 350 348 347 351 348 350 352 348 351 353 348 352 349 348 353 354 355 356 355 354 357 358 355 357 355 358 359 356 360 354 360 356 361 362 360 363 364 362 365 366 362 367 361 368 362 368 369 362 367 362 370 370 362 369 371 370 369 370 371 372 373 370 372 370 374 375 376 371 369 368 376 369 371 376 377 378 359 358 359 378 379 380 359 379 379 381 380 382 379 383 378 384 379 381 385 380 385 386 387 388 385 387 385 389 390 391 385 390 385 391 392 392 380 385 391 393 392 393 391 394 391 395 394 391 390 396 380 397 359 380 392 397 393 398 392 399 400 401 398 393 402 400 398 402 389 403 390 404 359 405 406 404 355 405 407 404 408 405 409 410 409 405 409 410 411 412 404 407 355 413 356 404 412 413 413 355 404 414 407 409 415 416 417 417 418 415 419 409 411 409 419 414 416 415 420 356 421 363 413 421 356 413 412 421 416 420 422 423 424 425 426 421 412 426 412 427 412 428 427 428 412 429 430 428 429 429 431 430 431 432 430 432 431 433 431 434 433 434 431 435 431 424 436 424 431 437 429 412 437 431 429 437 432 438 430 428 430 438 438 432 439 440 424 437 439 441 438 441 439 442 443 441 442 441 443 444 445 438 441 438 445 428 441 444 445 446 444 443 447 444 446 445 444 447 447 448 445 428 448 427 448 428 445 448 447 449 447 450 449 446 451 447 450 447 451 427 452 426 452 427 448 453 426 452 454 455 453 363 421 456 456 426 453 426 456 421 453 457 458 459 368 363 455 454 460 460 461 455 461 460 462 463 461 462 464 461 463 368 461 464 465 368 464 368 465 466 376 368 466 466 467 376 467 466 468 466 465 469 470 471 467 376 471 377 471 376 467 471 470 472 377 473 371 473 377 474 474 377 471 371 475 372 475 373 372 475 371 473 405 476 410 476 405 359 477 475 478 475 479 480 475 481 478 481 475 482 480 479 483 484 485 486 487 488 489 488 487 490 487 489 491 488 490 492 490 493 492 494 495 496 497 494 496 494 497 498 499 498 497 498 499 500 501 495 502 495 494 502 501 503 504 495 501 504 505 499 503 503 501 505 499 505 500 506 507 508 507 506 509 510 511 512 513 514 515 514 516 517 518 519 520 516 521 517 518 520 522 523 524 522 525 526 527 521 528 529 530 531 532 531 533 534 535 531 536 537 538 539 537 540 541 542 543 544 545 546 547 548 549 550 551 549 552 553 554 555 556 557 558 559 560 561 562 563 564 384 565 566 379 567 383 384 567 379 568 567 384 569 570 571 572 573 574 575 475 480 483 575 480 373 475 576 475 577 576 578 475 473 475 578 482 473 579 578 579 473 474 579 474 471 580 578 579 578 580 581 582 578 581 582 481 482 578 582 482 581 583 582 583 581 584 583 584 585 586 583 587 588 586 585 586 588 589 590 589 588 589 590 591 590 592 591 592 590 593 583 594 595 582 583 596 596 583 597 598 582 599 593 600 592 383 567 601 600 593 601 601 593 602 603 601 602 601 604 383 593 605 602 400 606 607 393 608 402 608 400 402 601 609 600 601 567 609 610 611 590 612 590 588 590 612 610 613 610 612 610 613 614 593 610 615 476 615 410 615 476 593 614 615 610 410 616 411 615 617 616 616 410 615 616 419 411 419 616 618 614 618 616 619 620 621 622 621 620 621 622 623 588 624 612 624 613 612 587 624 588 625 623 622 626 627 628 613 624 629 630 613 629 631 613 630 613 631 632 631 633 632 634 632 633 434 634 433 432 634 633 634 432 433 634 434 635 626 634 636 637 613 632 634 626 637 632 634 637 432 638 439 638 432 633 633 631 638 637 626 639 640 439 638 439 640 442 640 443 442 443 641 446 443 640 641 642 638 631 638 642 640 642 641 640 643 641 642 643 450 451 446 641 643 643 451 446 644 631 630 644 643 642 631 644 642 643 644 645 450 643 645 646 630 629 630 646 644 646 629 647 648 624 587 648 629 624 629 648 647 649 650 647 454 651 460 651 454 647 652 460 651 464 652 584 460 652 462 462 652 463 463 652 464 587 584 653 584 654 464 654 584 655 581 655 584 655 581 580 656 655 580 656 579 471 579 656 580 655 656 657 654 655 658 658 655 659 659 655 660 471 661 656 661 471 662 663 664 665 664 663 666 666 667 664 667 666 668 663 665 669 669 665 670 671 665 672 664 673 665 667 673 664 665 674 672 674 665 673 675 676 677 676 675 678 678 679 676 679 678 680 680 681 679 681 680 682 678 683 680 675 683 678 680 683 682 677 684 675 683 675 684 685 683 684 685 686 687 683 685 687 684 688 685 686 685 688 689 687 686 687 689 690 690 683 687 682 683 690 690 681 682 681 690 689 691 692 693 693 692 694 692 673 695 695 673 667 695 694 692 696 667 668 667 696 695 694 695 696 692 697 673 697 692 698 698 692 699 700 434 435 434 700 701 424 423 702 702 435 424 703 702 700 684 677 704 672 704 670 704 698 691 688 684 704 704 672 705 706 707 708 709 710 711 710 709 712 711 713 709 713 711 714 715 716 710 717 713 714 718 719 720 719 721 722 720 723 721 724 720 725 722 726 727 728 724 725 728 729 730 729 731 730 732 729 733 733 734 731 734 733 735 735 736 734 737 738 739 740 738 737 741 742 740 743 744 745 745 737 743 746 747 745 747 746 748 746 749 748 750 751 752 751 753 752 753 751 754 754 751 755 756 754 755 757 750 752 757 752 753 750 757 758 751 759 755 751 750 760 759 751 760 754 761 753 761 754 762 757 753 763 764 765 766 765 764 767 768 769 770 768 771 769 769 771 772 742 741 773 742 773 774 775 776 777 775 778 779 776 775 779 780 781 782 781 780 783 780 784 783 784 780 785 786 787 788 787 789 788 789 787 790 791 792 793 794 7 8 794 795 796 797 794 796 798 799 11 799 798 800 800 801 799 801 800 802 803 804 805 806 807 794 808 20 806 20 808 8 809 20 22 20 809 806 810 806 809 806 810 811 812 811 813 814 806 811 811 812 814 45 815 816 47 815 46 817 816 815 815 45 46 815 818 817 815 47 819 818 815 819 50 820 51 820 50 821 50 822 821 822 50 823 50 52 823 824 825 826 827 826 825 826 827 828 827 829 828 829 827 830 831 832 833 832 831 834 835 834 831 834 835 836 837 829 830 838 833 832 839 840 841 842 841 840 841 842 843 844 840 845 840 839 845 840 846 842 846 840 847 840 844 847 846 848 842 848 843 842 848 846 849 849 850 848 851 848 850 843 848 852 848 851 852 853 854 855 856 857 858 859 860 856 857 856 860 857 861 858 861 857 862 861 863 864 861 864 865 865 858 861 864 866 865 867 864 863 864 867 868 869 868 867 868 869 870 864 871 866 871 864 868 868 872 871 872 868 870 873 871 872 874 867 863 875 863 862 863 875 874 875 876 874 874 877 878 867 874 878 878 879 867 879 878 880 878 881 880 878 877 882 883 871 873 871 883 884 884 866 871 885 886 887 888 889 857 888 890 891 857 892 888 892 857 860 892 893 888 894 893 892 860 894 892 894 860 895 896 897 875 889 898 899 881 877 900 901 902 903 904 905 906 907 904 908 909 904 906 910 909 906 911 910 906 909 910 912 913 909 912 910 914 912 914 915 912 915 914 916 909 913 917 918 909 919 914 910 920 904 909 921 909 922 921 923 907 908 907 923 924 923 925 924 925 923 926 927 928 929 928 927 930 931 932 933 934 933 935 936 933 937 933 936 938 939 920 910 939 931 933 910 911 939 938 939 933 931 939 940 939 938 941 942 939 941 920 939 943 939 942 943 944 945 946 947 936 934 934 944 947 936 947 948 928 949 944 949 950 951 952 942 941 942 952 953 952 954 953 954 952 955 952 956 955 956 952 957 957 941 938 941 957 952 957 958 956 959 938 936 958 957 959 938 959 957 936 960 959 960 936 948 960 958 959 961 955 956 955 961 962 962 954 955 963 962 961 962 963 964 954 962 965 966 965 962 965 966 967 968 956 958 956 968 961 968 963 961 969 968 958 958 960 969 963 968 970 971 972 973 972 971 974 968 969 975 975 976 968 976 975 977 973 978 971 978 973 979 980 981 982 982 983 984 983 982 985 985 986 983 986 985 987 987 988 986 986 989 983 988 989 986 989 988 990 990 991 989 992 989 993 989 992 994 989 995 983 995 984 983 991 990 996 997 995 998 992 999 1000 999 1001 1000 1001 999 1002 1003 1001 1002 1001 1003 1004 1004 1005 1006 1007 1004 1003 1004 1007 1008 1009 1008 1007 1008 1009 1010 1010 1011 1008 1011 1010 1012 1010 1013 1012 1013 1010 1014 1015 1016 1017 1018 1019 1020 1008 1021 1004 1021 1008 1011 1005 1004 1021 1022 1018 1020 1018 1022 1021 1023 1021 1022 1021 1023 1005 981 1024 1023 1025 982 981 1026 985 982 982 1025 1026 1025 1027 1026 1028 987 985 985 1026 1028 1027 1028 1026 1028 1027 1029 987 1028 1030 1029 1030 1028 1030 1029 1031 1032 1030 1031 1030 1032 1033 1034 1029 1027 1029 1034 1035 1035 1031 1029 1036 1035 1034 1035 1036 1037 1036 1038 1037 1038 1036 1039 1037 1040 1035 1040 1032 1031 1031 1035 1040 1038 1041 1037 1040 1037 1041 1041 1038 1042 1032 1040 1043 1041 1043 1040 1043 1041 1044 1045 1036 1034 1027 1045 1034 1036 1045 1046 1045 1027 1047 1027 1025 1047 1048 996 1049 996 1050 991 1051 1052 1053 1054 1055 992 1056 1057 1058 926 1059 925 1060 1061 1062 1061 1060 1063 1064 1065 949 1065 1064 1066 1067 1068 922 1068 1067 1069 1070 1071 1072 1073 1070 1072 1074 1073 1072 1075 1071 1070 1071 1075 1076 1077 1073 1074 1078 1070 1073 1070 1078 1075 1073 1077 1078 1079 1076 1075 1076 1079 1080 1081 1078 1077 1082 1075 1078 1075 1082 1079 1078 1081 1082 1083 1080 1079 1080 1083 1084 1085 1084 1083 1084 1085 1086 1083 1087 1085 1087 1083 1088 1079 1088 1083 1088 1079 1082 1088 1089 1087 1090 1082 1081 1089 1088 1090 1082 1090 1088 1091 1092 1093 1092 1094 1093 1094 1095 1093 1096 1095 1094 1095 1096 1097 1098 1097 1096 1097 1098 1099 1100 1099 1098 1099 1100 1101 1102 1101 1100 1100 1103 1102 1098 1104 1100 1103 1100 1104 1104 1105 1103 1105 1104 1106 1101 1102 1107 1104 1098 1108 1108 1106 1104 1106 1108 1109 1110 1111 1112 1112 1111 1113 1113 1111 1114 1114 1111 1115 1115 1111 1116 1116 1111 1110 1117 603 602 1118 1117 1119 389 1117 1120 1117 1121 1119 1122 393 394 1117 1122 1120 1123 1120 1122 1122 1117 1124 393 1122 1124 608 393 1124 602 1124 1117 1124 602 605 394 1125 1122 1120 1126 389 1127 1128 1129 1130 1131 1132 1131 1130 1133 1134 1133 1130 1135 1132 1131 1135 1136 1132 1137 1138 1139 1138 1137 1140 1141 1142 1143 1144 1145 1146 1147 1144 1148 1149 1150 1151 1152 1147 1148 1153 1149 1151 1154 1155 1153 1156 1157 1158 1159 1152 1160 1161 1162 1163 1164 1165 1161 1161 1166 1167 1168 1169 1170 1171 1172 1170 1173 1174 1175 1176 1177 1178 1179 1180 1181 1182 1180 1183 1184 1185 1186 1187 1188 1189 1190 1191 1192 1193 1194 1195 1196 1197 609 609 567 1198 1199 1200 1201 1202 1203 1204 434 1205 635 1205 434 701 635 1206 626 627 626 1206 1206 1207 1205 698 704 1208 1209 1210 1211 1212 1213 1214 1213 1212 1215 1216 1215 1212 1215 1216 1217 1213 1218 1219 1217 1216 1220 1221 1222 1223 1222 1224 1225 1226 1225 1221 1225 1227 1228 1229 1230 1223 1228 1227 1231 1232 1233 1231 1234 1233 1232 1233 1235 1236 1237 1236 1234 1236 1237 1238 1237 1239 1238 1240 1241 1242 1243 1244 1242 1244 1243 1245 1246 1247 1248 1247 1246 1249 1249 1250 1247 1242 1251 1240 1251 1242 1248 1252 1251 1248 1251 1252 1253 1254 1255 1256 1255 1254 1257 1258 1255 1257 1255 1258 1259 1260 1255 1259 1260 1259 1261 1258 1257 1262 1254 1262 1257 1263 1255 1260 1255 1263 1256 1264 1259 1258 1259 1264 1265 1266 1258 1262 1267 1268 1269 1268 1267 1270 1271 1272 1273 1272 1274 1273 1275 1274 1272 1276 1245 1243 1277 1278 1279 1280 1277 1279 1277 1280 1281 1282 1283 1284 1283 1282 1285 1286 1282 1284 1287 1288 1289 1290 1289 1288 1289 1290 1291 1292 1293 1294 1295 1292 1296 1297 1292 1298 1299 1294 1293 1294 1299 1300 1300 1299 1301 1300 1302 1294 1302 1300 1303 1304 1305 1306 1305 1307 1306 1308 1294 1302 1309 1304 1310 1311 1295 1312 1313 1314 1315 1313 1316 1317 1304 1306 1317 1316 1318 1319 1320 1321 1322 1323 1324 1299 1320 1325 1299 1325 1326 1327 1327 1328 1325 1307 1329 1330 1331 1307 1330 1329 1307 1332 1307 1305 1332 1333 1313 1317 1313 1333 1334 1335 1336 1337 1333 1338 1334 1338 1333 1339 1339 1340 1338 1341 1342 1343 1341 1344 1342 1344 1341 1345 1346 1347 1348 1349 1350 1311 1295 1311 1350 1348 1351 1346 1351 1348 1352 1336 1351 1352 1353 1344 1345 1354 1355 1356 1357 1358 1359 1360 1361 1362 1363 1364 1365 1364 1366 1367 1368 1369 1364 1369 1370 1371 1360 1372 1373 1359 1374 1372 1372 1374 1375 1376 1377 1375 1377 1378 1379 1377 1380 1375 1381 1382 1377 1382 1383 1384 1384 1364 1382 1364 1384 1385 1364 1386 1382 1386 1377 1382 1386 1364 1369 1387 1388 1389 1388 1390 1389 1388 1391 1392 1390 1388 1393 1388 1394 1393 1394 1395 1393 1395 1394 1396 1397 1389 1390 1397 1309 1310 1389 1397 1310 1397 1398 1399 1400 1397 1399 1394 1401 1396 1309 1397 1402 1397 1400 1402 1401 1394 1403 1403 1404 1401 1403 1308 1404 1405 1397 1390 1308 1406 1294 1308 1403 1406 1394 1406 1403 1310 1407 1389 1310 1304 1408 1393 1409 1390 1406 1394 1410 1394 1388 1410 1411 1410 1388 1406 1412 1294 1412 1406 1410 1410 1411 1412 1413 1303 1300 1303 1413 1414 1413 1415 1414 1416 1417 1418 1419 1420 1421 1422 1423 1421 1424 1422 1425 1425 1426 1427 1426 1425 1428 1428 1429 1426 1430 1431 1416 1432 1430 1416 1433 1428 1425 1422 1434 1425 1435 1428 1436 1437 1435 1436 1434 1422 1438 1439 1440 1441 1438 1442 1434 1440 1443 1441 1443 1440 1444 1428 1435 1445 1446 1447 1448 1448 1447 1449 1446 1450 1451 1452 1432 1453 1454 1451 1455 1323 1456 1457 1458 1459 1316 1459 1458 1453 1460 1428 1445 1461 1443 1444 1443 1461 1462 1451 1463 1464 1465 1466 1467 1465 1468 1469 1470 1471 1472 1471 1473 1474 1475 1476 1472 1477 1472 1471 1472 1478 1475 1478 1472 1479 1479 1480 1478 1481 1482 1483 1482 1481 1484 1485 1486 1487 1486 1485 1488 1384 1383 1488 1384 1488 1385 1383 1486 1488 1482 1489 1490 1491 1492 1493 1493 1494 1495 1493 1492 1496 1497 1475 1498 1499 1500 1501 1501 1502 1503 1496 1504 1493 1493 1505 1494 1504 1505 1493 1506 1482 1484 1507 1508 1509 1505 1504 1510 1511 1501 1512 1501 1511 1513 1501 1514 1499 1514 1501 1513 1501 1515 1512 1516 1517 1518 1519 1386 1369 1371 1519 1369 1375 1520 1372 1520 1375 1380 1520 1521 1522 1520 1523 1372 1523 1520 1522 1524 1520 1525 1386 1519 1526 1527 1386 1526 1521 1520 1528 1520 1524 1528 1386 1527 1529 1377 1386 1529 1380 1377 1529 1529 1527 1530 1487 1531 1485 1483 1532 1481 1533 1534 1535 469 465 1536 1307 1537 1306 1317 1306 1537 1538 1539 1540 1540 1541 1538 1541 1540 1542 1540 1543 1542 1543 1540 1544 1545 1540 1539 1545 1546 1540 1539 1538 1547 1547 1548 1539 1549 1539 1548 1539 1550 1545 1551 1545 1550 1545 1551 1552 1553 1554 1548 1554 1553 1555 1548 1556 1553 1548 1547 1557 1556 1548 1557 1558 1559 1560 1558 15 1561 1562 1559 1558 1561 1563 1559 1564 1565 1566 1567 23 24 24 25 1568 37 1569 29 1569 27 29 1570 1569 1571 27 1569 1572 1569 1570 1572 1573 40 31 30 1574 31 1575 1576 1577 1578 1576 1579 1580 1581 1579 1581 1580 1582 1583 1580 39 39 1584 38 1569 37 1585 1569 1586 1571 1586 1569 1585 1587 40 1588 1589 1590 1591 1592 48 44 1590 1589 1592 44 1590 1592 42 1593 43 1590 44 1593 43 1593 44 1594 1595 1596 1595 1594 1597 1598 1595 1597 1595 1599 1600 1601 1600 1599 1600 1602 1603 1604 1605 1606 1607 47 48 48 1592 1607 1589 1607 1592 1607 1589 1608 1609 1607 1608 1595 1610 1596 1600 1611 1595 1610 1595 1611 1611 1612 1610 1612 1611 1613 1611 1600 1614 1615 1614 1600 1616 1611 1614 1611 1616 1613 1614 1615 1617 1614 1618 1616 1618 1614 1617 1619 1618 1617 1618 1619 1620 1621 1617 1605 1617 1621 1619 1605 1604 1621 47 1607 1622 1607 1609 1622 1623 1624 1625 1624 1623 1626 1626 1627 1624 1628 1623 1625 1628 1625 1629 1624 1629 1625 1628 1629 1630 1629 1624 1631 1632 1631 1624 1633 1629 1631 1631 1634 1633 1634 1631 1635 1631 1627 1635 1636 1629 1637 1629 1633 1637 820 1638 51 1638 49 51 49 1638 1639 1640 1641 1642 1641 1640 1643 56 1644 54 1644 1645 49 1644 56 1645 1639 1646 49 1646 1644 49 1643 1647 1641 66 65 1647 1647 1643 66 1648 67 68 67 1648 1649 1650 1649 1648 1649 1650 1651 1652 1653 1654 1655 70 1653 70 1655 69 1653 1652 1655 1656 1657 1658 1657 1656 1659 1659 1660 1657 1660 1659 1661 1660 1662 71 1662 1660 1661 71 1662 74 1662 78 74 1663 76 77 76 1663 1664 78 1665 82 1665 83 82 1661 1666 1662 1665 78 1666 78 1662 1666 1666 1667 1665 83 1665 1668 1668 1665 1667 1667 1669 1668 1669 1667 1670 1659 1671 1661 1667 1666 1671 1666 1661 1671 1671 1670 1667 85 1672 81 1672 85 1673 1670 1671 1674 1671 1659 1674 1674 1675 1670 1675 1674 1676 1659 1676 1674 1676 1659 1656 1670 1677 1669 1677 1670 1678 1679 1680 1675 1681 1682 1679 1682 1681 1683 1676 1683 1675 1684 1683 1676 1656 1684 1676 1684 1656 1685 1656 1686 1685 1686 1656 1658 1672 88 1687 1687 81 1672 88 1663 1687 77 1687 1663 81 1687 80 1687 77 80 1663 88 1688 1673 1689 1672 88 1672 1690 1691 1664 1663 1664 1691 1692 87 1693 1694 87 1694 88 1689 1673 1695 87 86 1696 92 1697 89 1698 1697 1699 98 94 1700 1700 89 1697 89 1700 94 1697 1698 1700 1701 1700 1698 1700 1701 98 98 1701 100 1701 119 100 118 1702 117 119 1703 118 1702 118 1703 1703 119 1704 1705 1704 119 119 1701 1705 1698 1705 1701 1704 1705 1706 1707 1706 1705 1699 1707 1698 1705 1698 1707 1706 1707 1708 1707 1699 1709 1709 1708 1707 1708 1709 1710 1704 1711 1703 1706 1711 1704 1711 1706 1712 1708 1712 1706 1713 1709 1699 1714 1710 1709 1709 1713 1714 1697 92 1715 1699 1715 1713 1715 1699 1697 1710 1714 1716 268 235 1717 272 268 1717 448 1718 452 1718 448 449 450 1718 449 1718 450 1719 1720 647 454 647 1720 646 1720 453 452 453 1720 454 494 1721 502 1721 501 502 1721 494 1722 498 1722 494 1722 1723 1721 500 1724 498 1722 498 1724 1723 1722 1725 1724 1725 1722 1725 1724 1726 1724 500 1727 1727 1726 1724 1726 1727 1728 501 1721 1729 1729 505 501 1723 1729 1721 505 1729 1730 1730 500 505 500 1730 1727 1729 1723 1731 1731 1730 1729 1727 1732 1728 1730 1731 1732 1732 1727 1730 644 1733 645 1733 450 645 450 1733 1719 1733 644 646 1734 737 739 737 1734 1735 759 1735 1734 1735 743 737 1735 759 760 740 737 1736 737 745 1736 740 1737 741 740 1736 1738 1737 740 1738 1739 1736 745 1736 1739 1738 744 743 1740 743 1741 1740 758 1742 750 743 1735 1742 1741 743 1742 1742 758 1741 760 1742 1735 1742 760 750 1743 745 747 745 1743 1739 778 775 1744 1745 1744 775 777 1745 775 1745 777 1746 1744 1745 1747 784 1748 786 787 786 1748 1748 784 785 1749 1750 1751 1752 1753 1754 1601 1752 1755 1756 1757 1758 1756 1759 1757 1754 1760 1752 1761 1751 1762 1763 1764 1765 1766 1767 1763 1764 1763 1767 1767 1766 1768 1769 1767 1768 1767 1769 1770 1764 1767 1771 1767 1772 1771 1773 1765 1764 1765 1773 1774 1764 1775 1773 1776 1764 1771 1771 1777 1776 1777 1771 1778 1779 1780 1773 1780 1779 1781 1773 1782 1774 1782 1773 1780 1783 1784 804 1785 803 801 804 1784 1786 1787 805 1784 1788 1789 1790 811 810 1791 1792 818 1793 1794 1792 1793 819 1793 818 817 1795 816 818 1795 817 818 1792 1795 1796 1797 1798 1797 1799 1798 1800 1797 1801 1801 1802 1800 1803 1801 1804 1805 1806 1807 1808 1794 1793 1609 1808 1622 1808 47 1622 47 1808 819 1793 819 1808 1808 1609 1809 1794 1808 1809 1797 1796 1810 1811 1797 1810 1812 1801 1797 1612 1812 1811 1812 1612 1613 1616 1812 1613 1797 1811 1812 1618 1813 1616 1812 1616 1813 1801 1812 1813 1813 1814 1801 1813 1618 1815 1814 1813 1815 1816 1618 1620 1618 1816 1815 1806 1805 1817 1815 1817 1805 1817 1815 1816 1623 1818 1626 1626 1819 1820 1632 1626 1820 1818 1623 1821 1822 1818 1821 1822 1821 1823 1821 1623 1823 1824 1819 1818 1818 1822 1824 1822 1825 1824 1826 1824 1825 1827 1626 1818 1827 1824 1828 1824 1826 1828 1825 1822 1829 1830 1822 1823 1829 1822 1831 1832 1833 1834 1835 836 835 1833 1832 1835 836 1835 1832 820 1836 1837 825 824 1838 1838 1837 1836 1837 1838 824 820 1837 1839 1839 1840 820 1638 820 1840 829 837 1841 833 838 1842 837 1843 1841 1843 837 1844 1844 1845 1843 1845 1844 1846 1847 1848 1849 1842 1850 1847 1850 1842 838 1848 1847 1850 1851 1852 1853 1852 1851 1854 1855 1853 1852 1853 1855 1856 841 1857 839 843 1857 841 839 1857 1855 1856 1855 1857 844 1858 847 1858 844 1859 852 851 1860 1860 843 852 1861 1856 1857 1857 843 1861 843 1860 1861 1862 1861 1860 1863 1860 851 1862 1860 1863 1863 1864 1862 1864 1863 1865 1864 1866 1862 1861 1862 1866 1856 1861 1866 1866 1853 1856 850 849 1867 1868 1867 849 1867 1868 1869 1866 1864 1870 1853 1866 1870 1871 1870 1864 1872 1853 1870 1853 1872 1851 1870 1871 1872 1873 1851 1872 1851 1874 1854 1874 1851 1875 1851 1873 1875 1682 1876 1679 1877 1864 1865 1864 1877 1878 1879 1679 1871 1679 1879 1880 1680 1679 1880 855 1868 1881 1881 847 1858 847 1881 846 1858 855 1881 1881 849 846 849 1881 1868 855 1858 1882 1868 855 1883 1884 1869 1868 854 1885 855 1859 1886 1858 1886 1859 1887 853 1888 854 1869 1884 1889 1890 1885 854 1891 859 856 1892 856 858 858 865 1892 1893 1891 1892 856 1892 1891 1891 1893 1894 866 1895 865 1895 1892 865 1892 1895 1893 860 859 1896 863 861 1897 1898 884 883 884 1898 1899 1900 1895 866 1899 1900 884 866 884 1900 1895 1900 1901 1902 1901 1900 1900 1899 1902 1903 1894 1893 1895 1903 1893 1903 1895 1901 1901 1902 1904 1904 1903 1901 1903 1904 1905 1905 1906 1903 1894 1903 1906 1899 1907 1902 1907 1904 1902 1908 1905 1904 1904 1907 1908 1905 1908 1909 1906 1910 1894 1910 1906 1911 1909 1912 1905 1906 1905 1912 1912 1911 1906 1913 1894 1910 859 1891 1913 1894 1913 1891 1914 1030 1033 1030 1914 987 988 987 1914 1915 1240 1916 1916 1263 1915 1263 1916 1256 1240 1915 1917 1241 1240 1917 1918 1242 1244 1242 1919 1248 1919 1242 1920 1242 1918 1920 1921 1251 1253 1240 1922 1916 1922 1240 1251 1256 1922 1254 1251 1921 1922 1922 1256 1916 1248 1923 1246 1923 1248 1919 1922 1924 1254 1924 1922 1921 1262 1254 1924 1278 1277 1925 1926 1925 1277 1925 1926 1927 1928 1277 1281 1277 1928 1926 1282 1286 1929 1286 1287 1929 1288 1287 1930 1287 1286 1930 1931 1932 1933 1934 1933 1932 1935 1936 1937 1936 1802 1938 1939 1940 1941 1940 1942 1941 1943 1937 1936 1646 1639 1944 1547 1538 1945 1538 1541 1946 1947 1557 1547 1556 1557 1948 1571 1949 1570 1949 1571 1950 1950 1951 1949 1951 1950 1952 1952 1953 1951 1953 1952 1954 40 1955 1588 1576 1956 31 1576 1578 1957 33 1958 1959 33 1577 1960 1580 1961 1962 1963 1958 33 1964 1962 33 40 1965 39 1571 1966 1950 1966 1571 1586 1950 1967 1952 1967 1950 1966 1952 1968 1954 1968 1952 1967 1969 1608 1589 1591 1969 1589 1969 1591 1970 1970 1971 1969 1971 1970 1972 1971 1973 1596 1973 1971 1972 1974 1809 1609 1608 1974 1609 1608 1969 1975 1974 1608 1975 1971 1975 1969 1596 1976 1971 1976 1596 1610 1975 1971 1976 1811 1977 1612 1977 1610 1612 1975 1977 1974 1610 1977 1976 1977 1975 1976 1684 1685 1978 1684 1979 1683 1683 1979 1682 1979 1684 1978 1980 1685 1686 1685 1980 1978 1708 1710 1981 1712 1708 1981 1982 1983 1984 1751 1985 1749 1986 1763 1765 1987 1766 1763 1765 1774 1988 1989 1774 1782 1792 1794 1990 1991 1990 1794 1809 1991 1794 1990 1991 1992 1993 1992 1991 1992 1993 1994 1995 1993 1810 1993 1995 1994 1809 1974 1996 1977 1996 1974 1996 1993 1991 1991 1809 1996 1977 1811 1997 1997 1810 1993 1993 1996 1997 1996 1977 1997 1810 1997 1811 1682 1979 1998 1876 1682 1998 1979 1873 1998 1871 1998 1872 1872 1998 1873 1875 1873 1999 1873 1979 1999 1875 2000 1874 2000 1875 1999 1911 1912 2001 2002 2003 2004 1932 2005 2006 1840 1839 2007 2008 2002 2009 2010 1982 2011</p>
        </triangles>
      </mesh>
    </geometry>
  </library_geometries>
  <library_controllers>
    <controller id="Controller">
      <skin source="#Geometry">
        <bind_shape_matrix>1 0 0 0 0 1 0 0 0 0 1 0 0 0 0 1</bind_shape_matrix>
        <source id="Controller-joints">
          <Name_array id="Controller-joints-array" count="30">Zones_Cinematics Seq_01 Shot_01 Dr_Doof Root_Dr_Doof Bone_Dr_Doof__Pelvis Bone_Dr_Doof__L_Thigh Bone_Dr_Doof__L_Calf Bone_Dr_Doof__L_Foot Bone_Dr_Doof__L_Toe0 Bone_Dr_Doof__Spine Bone_Dr_Doof__Spine1 Bone_Dr_Doof__L_Clavicle Bone_Dr_Doof__L_UpperArm Bone_Dr_Doof__L_Forearm Bone_Dr_Doof__L_Hand Bone_Dr_Doof__Prop2 Bone_Dr_Doof__L_Finger1 Bone_Dr_Doof__Prop1 Bone_Dr_Doof__Neck Bone_Dr_Doof__Head Bone_Dr_Doof__R_Clavicle Bone_Dr_Doof__R_UpperArm Bone_Dr_Doof__R_Forearm Bone_Dr_Doof__R_Hand Bone_Dr_Doof__R_Finger1 Bone_Dr_Doof__R_Thigh Bone_Dr_Doof__R_Calf Bone_Dr_Doof__R_Foot Bone_Dr_Doof__R_Toe0</Name_array>
          <technique_common>
            <accessor source="#Controller-joints-array" count="30" stride="1">
              <param name="JOINT" type="Name"/>
            </accessor>
          </technique_common>
        </source>
        <source id="Controller-bind_poses">
          <float_array id="Controller-bind_poses-array" count="480">1 0 0 0 0 1 0.000000 0 0 -0.000000 1 0 0 0 0 1 1 0 0 0 0 1 0.000000 0 0 -0.000000 1 0 0 0 0 1 1 0 0 0 0 1 0.000000 0 0 -0.000000 1 0 0 0 0 1 1 0 0 0 0 1 0.000000 0 0 -0.000000 1 0 0 0 0 1 1 0 0.000000 0 0 1 0.000000 0 -0.000000 -0.000000 1 0 0 0 0 1 -0.000001 1 0.000000 -1.5089 0.000002 -0.000000 1 0.159655 1 0.000001 -0.000002 -0.000002 0 0 0 1 0.031142 -0.929389 0.367785 1.45551 -0.014243 0.367514 0.929909 -0.403534 -0.999413 -0.034197 -0.001792 0.229737 0 0 0 1 0.032449 -0.92901 -0.368628 0.820008 0.010941 -0.36847 0.929575 0.216652 -0.999413 -0.034197 -0.001792 0.229737 0 0 0 1 0.000000 -1 -0.000001 0.17501 -0.005053 -0.000001 0.999987 0.167464 -0.999987 0 -0.005053 0.223338 0 0 0 1 -0.005054 -0.000001 0.999987 -0.22671 0 1 0.000001 0.004589 -0.999987 0 -0.005054 0.223338 0 0 0 1 0 0.999923 0.012375 -1.7296 -0.000001 -0.012375 0.999923 0.301659 1 -0.000000 0.000001 0.000000 0 0 0 1 0.000000 0.966578 0.256371 -2.03105 -0.000001 -0.256371 0.966578 0.823401 1 -0.000001 0.000001 0.000002 0 0 0 1 0.98523 0.062915 -0.159258 -0.148365 -0.170083 0.251875 -0.952696 -0.835616 -0.019825 0.965712 0.258856 -2.62083 0 0 0 1 0.99561 0.001086 -0.093589 -0.156778 -0.093516 0.052737 -0.99422 -0.303175 0.003855 0.998608 0.052607 -2.75034 0 0 0 1 0.996494 -0.008233 0.083252 -0.846339 0.083569 0.052102 -0.995139 -0.459672 0.003855 0.998608 0.052607 -2.75034 0 0 0 1 0.999666 -0.018696 0.017856 -1.55385 -0.017695 -0.998349 -0.054644 2.77153 0.018849 0.05431 -0.998346 -0.362198 0 0 0 1 1 0.000000 0.000000 -1.6092 0.000000 -0.000002 -1 -0.182395 -0.000000 1 -0.000002 -2.75757 0 0 0 1 0.999882 -0.013885 -0.006497 -1.99383 -0.013923 -0.999886 -0.005904 2.78933 -0.006414 0.005994 -0.999961 -0.181998 0 0 0 1 1 0.000000 0.000000 1.6918 0.000000 -0.000002 -1 -0.26389 -0.000000 1 -0.000002 -2.71224 0 0 0 1 0.000001 0.349841 0.936809 -1.1241 -0.000004 -0.936809 0.349841 2.72464 1 -0.000004 0.000000 0.000012 0 0 0 1 -0.000000 0.999728 0.023323 -3.0717 -0.000001 -0.023323 0.999728 -0.342057 1 0.000000 0.000001 -0.000004 0 0 0 1 -0.985231 0.062916 -0.159255 -0.148366 0.170081 0.251878 -0.952696 -0.835624 -0.019827 -0.965712 -0.258859 2.62083 0 0 0 1 -0.99561 0.001085 -0.093587 -0.156775 0.093514 0.05274 -0.99422 -0.303182 0.003856 -0.998608 -0.05261 2.75034 0 0 0 1 -0.996494 -0.008234 0.083254 -0.846335 -0.083572 0.052105 -0.995139 -0.459679 0.003856 -0.998608 -0.05261 2.75034 0 0 0 1 -0.999666 -0.018697 0.017859 -1.55384 0.017696 -0.998349 -0.054647 2.77153 0.018851 -0.054313 0.998346 0.362204 0 0 0 1 -0.999882 -0.013887 -0.006495 -1.99382 0.013925 -0.999886 -0.005906 2.78933 -0.006412 -0.005996 0.999961 0.182004 0 0 0 1 -0.031141 -0.929389 0.367785 1.45551 0.014245 0.367514 0.929909 -0.403535 -0.999413 0.034198 0.001794 -0.229737 0 0 0 1 -0.032451 -0.92901 -0.368628 0.820008 -0.010939 -0.36847 0.929575 0.216652 -0.999413 0.034198 0.001794 -0.229737 0 0 0 1 0 -1 -0.000001 0.17501 0.005056 -0.000001 0.999987 0.167464 -0.999987 0 0.005056 -0.223338 0 0 0 1 0.005055 -0.000001 0.999987 -0.22671 0 1 0.000001 0.004589 -0.999987 0 0.005055 -0.223338 0 0 0 1</float_array>
          <technique_common>
            <accessor source="#Controller-bind_poses-array" count="30" stride="16">
              <param name="TRANSFORM" type="float4x4"/>
            </accessor>
          </technique_common>
        </source>
        <source id="Controller-weights">
          <float_array id="Controller-weights-array" count="1">1</float_array>
          <technique_common>
            <accessor source="#Controller-weights-array" count="1" stride="1">
              <param name="WEIGHT" type="float"/>
            </accessor>
          </technique_common>
        </source>
        <joints>
          <input semantic="JOINT" source="#Controller-joints"/>
          <input semantic="INV_BIND_MATRIX" source="#Controller-bind_poses"/>
        </joints>
        <vertex_weights count="2012">
          <input semantic="JOINT" source="#Controller-joints" offset="0"/>
          <input semantic="WEIGHT" source="#Controller-weights" offset="1"/>
          <vcount>1 1 1 1 1 1 1 1 1 1 1 1 1 1 1 1 1 1 1 1 1 1 1 1 1 1 1 1 1 1 1 1 1 1 1 1 1 1 1 1 1 1 1 1 1 1 1 1 1 1 1 1 1 1 1 1 1 1 1 1 1 1 1 1 1 1 1 1 1 1 1 1 1 1 1 1 1 1 1 1 1 1 1 1 1 1 1 1 1 1 1 1 1 1 1 1 1 1 1 1 1 1 1 1 1 1 1 1 1 1 1 1 1 1 1 1 1 1 1 1 1 1 1 1 1 1 1 1 1 1 1 1 1 1 1 1 1 1 1 1 1 1 1 1 1 1 1 1 1 1 1 1 1 1 1 1 1 1 1 1 1 1 1 1 1 1 1 1 1 1 1 1 1 1 1 1 1 1 1 1 1 1 1 1 1 1 1 1 1 1 1 1 1 1 1 1 1 1 1 1 1 1 1 1 1 1 1 1 1 1 1 1 1 1 1 1 1 1 1 1 1 1 1 1 1 1 1 1 1 1 1 1 1 1 1 1 1 1 1 1 1 1 1 1 1 1 1 1 1 1 1 1 1 1 1 1 1 1 1 1 1 1 1 1 1 1 1 1 1 1 1 1 1 1 1 1 1 1 1 1 1 1 1 1 1 1 1 1 1 1 1 1 1 1 1 1 1 1 1 1 1 1 1 1 1 1 1 1 1 1 1 1 1 1 1 1 1 1 1 1 1 1 1 1 1 1 1 1 1 1 1 1 1 1 1 1 1 1 1 1 1 1 1 1 1 1 1 1 1 1 1 1 1 1 1 1 1 1 1 1 1 1 1 1 1 1 1 1 1 1 1 1 1 1 1 1 1 1 1 1 1 1 1 1 1 1 1 1 1 1 1 1 1 1 1 1 1 1 1 1 1 1 1 1 1 1 1 1 1 1 1 1 1 1 1 1 1 1 1 1 1 1 1 1 1 1 1 1 1 1 1 1 1 1 1 1 1 1 1 1 1 1 1 1 1 1 1 1 1 1 1 1 1 1 1 1 1 1 1 1 1 1 1 1 1 1 1 1 1 1 1 1 1 1 1 1 1 1 1 1 1 1 1 1 1 1 1 1 1 1 1 1 1 1 1 1 1 1 1 1 1 1 1 1 1 1 1 1 1 1 1 1 1 1 1 1 1 1 1 1 1 1 1 1 1 1 1 1 1 1 1 1 1 1 1 1 1 1 1 1 1 1 1 1 1 1 1 1 1 1 1 1 1 1 1 1 1 1 1 1 1 1 1 1 1 1 1 1 1 1 1 1 1 1 1 1 1 1 1 1 1 1 1 1 1 1 1 1 1 1 1 1 1 1 1 1 1 1 1 1 1 1 1 1 1 1 1 1 1 1 1 1 1 1 1 1 1 1 1 1 1 1 1 1 1 1 1 1 1 1 1 1 1 1 1 1 1 1 1 1 1 1 1 1 1 1 1 1 1 1 1 1 1 1 1 1 1 1 1 1 1 1 1 1 1 1 1 1 1 1 1 1 1 1 1 1 1 1 1 1 1 1 1 1 1 1 1 1 1 1 1 1 1 1 1 1 1 1 1 1 1 1 1 1 1 1 1 1 1 1 1 1 1 1 1 1 1 1 1 1 1 1 1 1 1 1 1 1 1 1 1 1 1 1 1 1 1 1 1 1 1 1 1 1 1 1 1 1 1 1 1 1 1 1 1 1 1 1 1 1 1 1 1 1 1 1 1 1 1 1 1 1 1 1 1 1 1 1 1 1 1 1 1 1 1 1 1 1 1 1 1 1 1 1 1 1 1 1 1 1 1 1 1 1 1 1 1 1 1 1 1 1 1 1 1 1 1 1 1 1 1 1 1 1 1 1 1 1 1 1 1 1 1 1 1 1 1 1 1 1 1 1 1 1 1 1 1 1 1 1 1 1 1 1 1 1 1 1 1 1 1 1 1 1 1 1 1 1 1 1 1 1 1 1 1 1 1 1 1 1 1 1 1 1 1 1 1 1 1 1 1 1 1 1 1 1 1 1 1 1 1 1 1 1 1 1 1 1 1 1 1 1 1 1 1 1 1 1 1 1 1 1 1 1 1 1 1 1 1 1 1 1 1 1 1 1 1 1 1 1 1 1 1 1 1 1 1 1 1 1 1 1 1 1 1 1 1 1 1 1 1 1 1 1 1 1 1 1 1 1 1 1 1 1 1 1 1 1 1 1 1 1 1 1 1 1 1 1 1 1 1 1 1 1 1 1 1 1 1 1 1 1 1 1 1 1 1 1 1 1 1 1 1 1 1 1 1 1 1 1 1 1 1 1 1 1 1 1 1 1 1 1 1 1 1 1 1 1 1 1 1 1 1 1 1 1 1 1 1 1 1 1 1 1 1 1 1 1 1 1 1 1 1 1 1 1 1 1 1 1 1 1 1 1 1 1 1 1 1 1 1 1 1 1 1 1 1 1 1 1 1 1 1 1 1 1 1 1 1 1 1 1 1 1 1 1 1 1 1 1 1 1 1 1 1 1 1 1 1 1 1 1 1 1 1 1 1 1 1 1 1 1 1 1 1 1 1 1 1 1 1 1 1 1 1 1 1 1 1 1 1 1 1 1 1 1 1 1 1 1 1 1 1 1 1 1 1 1 1 1 1 1 1 1 1 1 1 1 1 1 1 1 1 1 1 1 1 1 1 1 1 1 1 1 1 1 1 1 1 1 1 1 1 1 1 1 1 1 1 1 1 1 1 1 1 1 1 1 1 1 1 1 1 1 1 1 1 1 1 1 1 1 1 1 1 1 1 1 1 1 1 1 1 1 1 1 1 1 1 1 1 1 1 1 1 1 1 1 1 1 1 1 1 1 1 1 1 1 1 1 1 1 1 1 1 1 1 1 1 1 1 1 1 1 1 1 1 1 1 1 1 1 1 1 1 1 1 1 1 1 1 1 1 1 1 1 1 1 1 1 1 1 1 1 1 1 1 1 1 1 1 1 1 1 1 1 1 1 1 1 1 1 1 1 1 1 1 1 1 1 1 1 1 1 1 1 1 1 1 1 1 1 1 1 1 1 1 1 1 1 1 1 1 1 1 1 1 1 1 1 1 1 1 1 1 1 1 1 1 1 1 1 1 1 1 1 1 1 1 1 1 1 1 1 1 1 1 1 1 1 1 1 1 1 1 1 1 1 1 1 1 1 1 1 1 1 1 1 1 1 1 1 1 1 1 1 1 1 1 1 1 1 1 1 1 1 1 1 1 1 1 1 1 1 1 1 1 1 1 1 1 1 1 1 1 1 1 1 1 1 1 1 1 1 1 1 1 1 1 1 1 1 1 1 1 1 1 1 1 1 1 1 1 1 1 1 1 1 1 1 1 1 1 1 1 1 1 1 1 1 1 1 1 1 1 1 1 1 1 1 1 1 1 1 1 1 1 1 1 1 1 1 1 1 1 1 1 1 1 1 1 1 1 1 1 1 1 1 1 1 1 1 1 1 1 1 1 1 1 1 1 1 1 1 1 1 1 1 1 1 1 1 1 1 1 1 1 1 1 1 1 1 1 1 1 1 1 1 1 1 1 1 1 1 1 1 1 1 1 1 1 1 1 1 1 1 1 1 1 1 1 1 1 1 1 1 1 1 1 1 1 1 1 1 1 1 1 1 1 1 1 1 1 1 1 1 1 1 1 1 1 1 1 1 1 1 1 1 1 1 1 1 1 1 1 1 1 1 1 1 1 1 1 1 1 1 1 1 1 1 1 1 1 1 1 1 1 1 1 1 1 1 1 1 1 1 1 1 1 1 1 1 1 1 1 1 1 1 1 1 1 1 1 1 1 1 1 1 1 1 1 1 1 1 1 1 1 1 1 1 1 1 1 1 1 1 1 1 1 1 1 1 1 1 1 1 1 1 1 1 1 1 1 1 1 1 1 1 1 1 1 1 1 1 1 1 1 1 1 1 1 1 1 1 1 1 1 1 1 1 1 1 1 1 1 1 1 1 1 1 1 1 1 1 1 1 1 1 1 1 1 1 1 1 1 1 1 1 1 1 1 1 1 1 1 1 1 1 1 1 1 1 1 1 1 1 1 1 1 1 1 1 1 1 1 1 1 1 1 1 1 1 1 1 1 1 1 1 1 1 1 1 1 1 1 1 1 1 1 1 1 1 1 1 1 1 1 1 1 1 1 1 1 1 1 1 1 1 1 1 1 1 1 1 1 1 1 1 1 1 1 1 1 1 1 1 1 1 1 1 1 1 1 1 1 1 1 1 1 1 1 1 1 1 1 1 1 1 1 1 1 1 1 1 1 1 1 1 1 1 1 1 1 1 1 1 1 1 1 1 1 1 1 1 1 1 1 1 1 1 1 1 1 1 1 1 1 1 1 1 1 1 1 1 1 1 1 1 1 1 1 1 1 1 1 1 1 1 1 1 1 1 1 1 1 1 1 1 1 1 1 1 1 1 1 1 1 1 1 1 1 1 1 1 1 1 1 1 1 1 1 1 1 1 1 1 1 1 1 1 1 1 1 1 1 1 1 1 1 1 1 1 </vcount>
          <v>11 0 11 0 11 0 11 0 11 0 11 0 11 0 11 0 11 0 11 0 11 0 11 0 11 0 11 0 11 0 11 0 11 0 11 0 11 0 11 0 11 0 11 0 11 0 11 0 11 0 11 0 11 0 11 0 11 0 11 0 11 0 11 0 19 0 19 0 19 0 19 0 19 0 11 0 11 0 11 0 11 0 11 0 11 0 11 0 11 0 11 0 11 0 11 0 11 0 5 0 5 0 5 0 6 0 5 0 6 0 6 0 6 0 6 0 7 0 7 0 7 0 7 0 7 0 7 0 7 0 7 0 6 0 7 0 7 0 7 0 7 0 7 0 7 0 7 0 7 0 7 0 7 0 7 0 7 0 7 0 7 0 7 0 7 0 7 0 7 0 7 0 8 0 7 0 8 0 14 0 14 0 14 0 14 0 14 0 14 0 14 0 14 0 14 0 14 0 14 0 13 0 14 0 14 0 14 0 14 0 13 0 14 0 13 0 14 0 14 0 14 0 14 0 14 0 14 0 14 0 14 0 14 0 13 0 13 0 13 0 14 0 14 0 14 0 14 0 14 0 14 0 14 0 14 0 14 0 14 0 14 0 14 0 14 0 14 0 14 0 14 0 14 0 14 0 14 0 14 0 15 0 15 0 15 0 15 0 15 0 15 0 15 0 15 0 15 0 15 0 15 0 15 0 15 0 15 0 15 0 15 0 15 0 15 0 15 0 15 0 15 0 14 0 14 0 15 0 14 0 15 0 14 0 15 0 15 0 15 0 15 0 15 0 15 0 15 0 15 0 15 0 15 0 15 0 15 0 15 0 15 0 15 0 15 0 15 0 17 0 14 0 15 0 14 0 17 0 17 0 17 0 17 0 17 0 17 0 17 0 17 0 17 0 17 0 17 0 17 0 17 0 17 0 17 0 17 0 17 0 17 0 17 0 17 0 17 0 17 0 17 0 17 0 17 0 17 0 17 0 17 0 15 0 15 0 15 0 15 0 17 0 15 0 17 0 15 0 17 0 15 0 15 0 15 0 14 0 14 0 14 0 15 0 15 0 15 0 14 0 17 0 14 0 14 0 14 0 15 0 15 0 15 0 15 0 15 0 15 0 15 0 15 0 15 0 15 0 15 0 15 0 15 0 15 0 15 0 15 0 15 0 15 0 15 0 15 0 15 0 15 0 15 0 15 0 15 0 15 0 17 0 17 0 17 0 17 0 17 0 17 0 17 0 17 0 17 0 17 0 17 0 17 0 17 0 17 0 17 0 17 0 17 0 17 0 17 0 17 0 17 0 17 0 14 0 14 0 14 0 14 0 14 0 14 0 14 0 14 0 14 0 14 0 14 0 14 0 14 0 14 0 14 0 14 0 14 0 15 0 15 0 15 0 20 0 20 0 20 0 20 0 20 0 20 0 20 0 20 0 20 0 20 0 20 0 20 0 20 0 20 0 20 0 20 0 20 0 20 0 20 0 20 0 20 0 20 0 20 0 20 0 20 0 20 0 20 0 20 0 20 0 20 0 20 0 20 0 20 0 20 0 20 0 20 0 20 0 20 0 20 0 20 0 20 0 20 0 20 0 20 0 20 0 20 0 20 0 20 0 20 0 20 0 20 0 20 0 20 0 20 0 20 0 20 0 20 0 20 0 20 0 20 0 20 0 20 0 20 0 20 0 20 0 20 0 20 0 20 0 20 0 20 0 20 0 20 0 20 0 20 0 20 0 20 0 20 0 20 0 20 0 20 0 20 0 20 0 20 0 20 0 20 0 20 0 20 0 20 0 20 0 20 0 20 0 20 0 20 0 20 0 20 0 20 0 20 0 20 0 20 0 20 0 20 0 20 0 20 0 20 0 20 0 20 0 20 0 20 0 20 0 20 0 20 0 20 0 20 0 20 0 20 0 20 0 20 0 20 0 20 0 20 0 20 0 20 0 20 0 20 0 20 0 20 0 20 0 20 0 20 0 20 0 20 0 20 0 20 0 20 0 20 0 20 0 20 0 20 0 20 0 20 0 20 0 20 0 20 0 20 0 20 0 20 0 20 0 20 0 20 0 20 0 20 0 20 0 20 0 20 0 20 0 20 0 20 0 20 0 20 0 20 0 20 0 20 0 20 0 20 0 20 0 20 0 20 0 20 0 20 0 20 0 20 0 20 0 20 0 20 0 20 0 20 0 20 0 20 0 20 0 20 0 20 0 20 0 20 0 20 0 20 0 20 0 20 0 19 0 19 0 19 0 19 0 19 0 19 0 19 0 19 0 19 0 19 0 19 0 19 0 20 0 20 0 20 0 20 0 20 0 20 0 20 0 20 0 20 0 20 0 20 0 20 0 20 0 20 0 20 0 20 0 20 0 20 0 20 0 20 0 20 0 20 0 20 0 20 0 20 0 20 0 20 0 20 0 20 0 20 0 20 0 20 0 20 0 20 0 20 0 20 0 20 0 20 0 20 0 20 0 20 0 20 0 20 0 20 0 20 0 20 0 20 0 20 0 20 0 20 0 20 0 20 0 20 0 20 0 20 0 20 0 20 0 20 0 20 0 20 0 20 0 20 0 20 0 20 0 20 0 20 0 20 0 20 0 20 0 20 0 20 0 20 0 20 0 20 0 20 0 20 0 20 0 20 0 20 0 20 0 20 0 20 0 20 0 20 0 20 0 20 0 20 0 20 0 20 0 20 0 20 0 20 0 20 0 20 0 20 0 20 0 20 0 20 0 20 0 20 0 20 0 20 0 20 0 20 0 20 0 20 0 20 0 20 0 20 0 20 0 20 0 20 0 20 0 20 0 20 0 20 0 20 0 20 0 20 0 20 0 20 0 20 0 20 0 20 0 20 0 20 0 20 0 20 0 20 0 20 0 20 0 20 0 20 0 20 0 20 0 20 0 20 0 20 0 20 0 20 0 20 0 20 0 20 0 20 0 20 0 20 0 20 0 20 0 20 0 20 0 20 0 20 0 20 0 20 0 20 0 20 0 20 0 20 0 20 0 20 0 20 0 20 0 20 0 20 0 20 0 20 0 20 0 20 0 20 0 20 0 20 0 20 0 20 0 20 0 20 0 20 0 20 0 20 0 20 0 20 0 20 0 20 0 20 0 20 0 20 0 20 0 20 0 20 0 20 0 20 0 20 0 20 0 20 0 20 0 20 0 20 0 20 0 20 0 20 0 20 0 20 0 20 0 20 0 20 0 20 0 20 0 20 0 20 0 20 0 20 0 20 0 20 0 20 0 20 0 20 0 20 0 20 0 20 0 20 0 20 0 20 0 20 0 20 0 20 0 20 0 20 0 20 0 20 0 20 0 20 0 20 0 8 0 8 0 8 0 8 0 8 0 8 0 8 0 8 0 8 0 8 0 8 0 8 0 8 0 9 0 9 0 9 0 9 0 9 0 9 0 9 0 9 0 9 0 9 0 9 0 9 0 9 0 9 0 8 0 8 0 8 0 8 0 8 0 8 0 8 0 8 0 8 0 8 0 8 0 8 0 8 0 8 0 8 0 8 0 9 0 9 0 9 0 9 0 9 0 9 0 9 0 8 0 8 0 8 0 8 0 11 0 11 0 11 0 11 0 11 0 11 0 11 0 11 0 11 0 11 0 11 0 11 0 11 0 11 0 11 0 11 0 11 0 11 0 11 0 11 0 11 0 11 0 11 0 11 0 11 0 11 0 11 0 11 0 11 0 5 0 5 0 26 0 5 0 26 0 26 0 26 0 27 0 27 0 27 0 27 0 27 0 27 0 27 0 27 0 26 0 26 0 27 0 27 0 27 0 27 0 27 0 27 0 27 0 27 0 27 0 27 0 27 0 27 0 27 0 27 0 27 0 27 0 28 0 27 0 28 0 23 0 23 0 23 0 23 0 23 0 23 0 23 0 23 0 23 0 23 0 22 0 23 0 23 0 23 0 23 0 22 0 23 0 22 0 23 0 23 0 23 0 23 0 23 0 23 0 23 0 23 0 23 0 22 0 22 0 23 0 23 0 23 0 23 0 23 0 23 0 23 0 23 0 23 0 23 0 23 0 23 0 23 0 23 0 23 0 23 0 23 0 23 0 23 0 24 0 24 0 24 0 24 0 24 0 24 0 24 0 24 0 24 0 24 0 24 0 24 0 24 0 24 0 24 0 24 0 24 0 24 0 24 0 24 0 24 0 23 0 23 0 23 0 24 0 24 0 23 0 24 0 24 0 24 0 24 0 24 0 24 0 24 0 24 0 24 0 24 0 24 0 25 0 24 0 24 0 24 0 24 0 24 0 25 0 23 0 24 0 23 0 25 0 25 0 25 0 25 0 25 0 25 0 25 0 25 0 25 0 25 0 25 0 25 0 25 0 25 0 25 0 25 0 25 0 25 0 25 0 25 0 25 0 25 0 25 0 25 0 25 0 25 0 25 0 25 0 24 0 25 0 25 0 24 0 24 0 25 0 24 0 25 0 24 0 24 0 24 0 23 0 23 0 23 0 24 0 24 0 23 0 24 0 24 0 24 0 24 0 24 0 24 0 24 0 24 0 24 0 24 0 24 0 24 0 24 0 24 0 24 0 24 0 24 0 24 0 24 0 24 0 24 0 24 0 24 0 24 0 24 0 24 0 24 0 24 0 25 0 25 0 25 0 25 0 25 0 25 0 25 0 25 0 25 0 25 0 25 0 25 0 25 0 25 0 25 0 25 0 25 0 25 0 25 0 25 0 25 0 25 0 25 0 23 0 23 0 23 0 23 0 23 0 23 0 23 0 23 0 23 0 23 0 23 0 23 0 23 0 23 0 23 0 23 0 23 0 23 0 23 0 24 0 24 0 24 0 20 0 20 0 20 0 20 0 20 0 20 0 20 0 20 0 20 0 20 0 20 0 20 0 20 0 20 0 20 0 20 0 20 0 20 0 20 0 20 0 20 0 20 0 20 0 20 0 20 0 20 0 20 0 20 0 20 0 20 0 20 0 20 0 20 0 20 0 20 0 20 0 20 0 20 0 20 0 20 0 20 0 20 0 20 0 20 0 20 0 20 0 20 0 20 0 20 0 20 0 20 0 20 0 20 0 20 0 20 0 20 0 20 0 20 0 20 0 20 0 20 0 20 0 20 0 20 0 20 0 20 0 20 0 20 0 20 0 20 0 20 0 20 0 20 0 20 0 20 0 20 0 20 0 20 0 20 0 20 0 20 0 20 0 20 0 20 0 20 0 20 0 20 0 20 0 20 0 20 0 20 0 20 0 20 0 20 0 20 0 20 0 20 0 20 0 20 0 20 0 20 0 20 0 20 0 20 0 20 0 20 0 20 0 20 0 20 0 20 0 20 0 20 0 20 0 20 0 20 0 20 0 20 0 20 0 20 0 20 0 20 0 20 0 20 0 20 0 20 0 20 0 20 0 20 0 20 0 20 0 20 0 20 0 20 0 20 0 20 0 20 0 20 0 20 0 20 0 20 0 20 0 20 0 20 0 20 0 20 0 20 0 20 0 20 0 20 0 20 0 20 0 20 0 20 0 20 0 20 0 20 0 20 0 20 0 20 0 20 0 20 0 20 0 20 0 20 0 20 0 20 0 20 0 20 0 20 0 20 0 28 0 28 0 28 0 28 0 28 0 28 0 28 0 28 0 28 0 28 0 28 0 28 0 28 0 28 0 29 0 29 0 29 0 29 0 29 0 29 0 29 0 29 0 29 0 29 0 29 0 29 0 29 0 28 0 28 0 28 0 28 0 28 0 28 0 28 0 28 0 28 0 28 0 28 0 28 0 28 0 28 0 28 0 29 0 29 0 29 0 29 0 29 0 29 0 28 0 28 0 28 0 28 0 20 0 20 0 20 0 20 0 20 0 20 0 20 0 20 0 20 0 20 0 20 0 20 0 20 0 20 0 20 0 20 0 20 0 20 0 20 0 20 0 20 0 20 0 20 0 20 0 20 0 20 0 20 0 20 0 20 0 20 0 20 0 20 0 20 0 20 0 20 0 20 0 20 0 20 0 20 0 20 0 20 0 20 0 20 0 20 0 20 0 20 0 20 0 20 0 20 0 20 0 20 0 20 0 20 0 20 0 20 0 20 0 20 0 20 0 20 0 20 0 20 0 20 0 20 0 20 0 20 0 20 0 20 0 20 0 20 0 20 0 20 0 20 0 20 0 20 0 20 0 20 0 20 0 20 0 20 0 20 0 20 0 20 0 20 0 20 0 20 0 20 0 20 0 20 0 20 0 20 0 20 0 20 0 20 0 20 0 20 0 20 0 20 0 20 0 20 0 20 0 20 0 20 0 20 0 20 0 20 0 20 0 20 0 20 0 20 0 20 0 20 0 20 0 20 0 20 0 20 0 20 0 20 0 20 0 20 0 20 0 20 0 20 0 20 0 20 0 20 0 20 0 20 0 20 0 20 0 20 0 20 0 20 0 20 0 20 0 20 0 20 0 20 0 20 0 20 0 20 0 20 0 20 0 20 0 20 0 20 0 20 0 20 0 20 0 20 0 20 0 20 0 20 0 20 0 20 0 20 0 20 0 20 0 20 0 20 0 20 0 20 0 20 0 20 0 20 0 20 0 20 0 20 0 20 0 20 0 20 0 20 0 20 0 20 0 20 0 20 0 20 0 20 0 20 0 20 0 20 0 20 0 20 0 20 0 20 0 20 0 20 0 20 0 20 0 20 0 20 0 20 0 20 0 20 0 20 0 20 0 20 0 20 0 20 0 20 0 20 0 20 0 20 0 20 0 20 0 20 0 20 0 20 0 20 0 20 0 20 0 20 0 20 0 20 0 20 0 20 0 20 0 20 0 20 0 20 0 20 0 20 0 20 0 20 0 20 0 20 0 20 0 20 0 20 0 20 0 20 0 20 0 20 0 20 0 20 0 20 0 20 0 20 0 20 0 20 0 20 0 20 0 20 0 20 0 20 0 20 0 20 0 11 0 11 0 11 0 11 0 11 0 11 0 11 0 11 0 11 0 11 0 11 0 11 0 11 0 11 0 11 0 11 0 11 0 11 0 11 0 11 0 11 0 11 0 11 0 11 0 11 0 11 0 11 0 11 0 11 0 11 0 11 0 11 0 11 0 11 0 11 0 19 0 11 0 19 0 11 0 19 0 19 0 11 0 11 0 19 0 19 0 19 0 11 0 11 0 11 0 19 0 19 0 11 0 11 0 11 0 11 0 11 0 5 0 5 0 5 0 6 0 6 0 6 0 6 0 6 0 6 0 6 0 6 0 6 0 6 0 11 0 11 0 11 0 5 0 5 0 5 0 5 0 5 0 6 0 5 0 6 0 5 0 6 0 5 0 6 0 11 0 5 0 5 0 5 0 5 0 6 0 5 0 5 0 5 0 6 0 6 0 6 0 6 0 6 0 5 0 6 0 5 0 5 0 5 0 6 0 6 0 6 0 6 0 5 0 5 0 6 0 7 0 8 0 8 0 8 0 8 0 8 0 8 0 7 0 5 0 6 0 6 0 6 0 6 0 6 0 7 0 7 0 7 0 7 0 7 0 6 0 6 0 6 0 6 0 6 0 7 0 7 0 6 0 5 0 6 0 6 0 5 0 5 0 6 0 5 0 5 0 5 0 5 0 5 0 5 0 7 0 8 0 8 0 8 0 8 0 8 0 8 0 8 0 8 0 8 0 14 0 13 0 13 0 13 0 13 0 12 0 12 0 13 0 13 0 13 0 13 0 13 0 13 0 12 0 12 0 12 0 13 0 13 0 14 0 12 0 17 0 20 0 20 0 20 0 19 0 19 0 20 0 19 0 20 0 20 0 19 0 20 0 19 0 19 0 20 0 20 0 20 0 9 0 9 0 8 0 8 0 8 0 8 0 8 0 9 0 9 0 8 0 8 0 8 0 8 0 8 0 9 0 6 0 6 0 6 0 6 0 6 0 6 0 6 0 7 0 8 0 8 0 8 0 6 0 5 0 5 0 11 0 11 0 11 0 11 0 11 0 11 0 11 0 11 0 11 0 11 0 11 0 11 0 11 0 11 0 11 0 11 0 11 0 11 0 11 0 11 0 11 0 11 0 11 0 11 0 11 0 11 0 11 0 11 0 11 0 11 0 11 0 11 0 11 0 5 0 5 0 26 0 26 0 26 0 26 0 26 0 26 0 26 0 26 0 26 0 26 0 11 0 11 0 5 0 5 0 5 0 5 0 26 0 26 0 26 0 26 0 5 0 26 0 5 0 5 0 5 0 5 0 26 0 26 0 26 0 26 0 26 0 26 0 5 0 5 0 26 0 5 0 26 0 26 0 5 0 26 0 26 0 5 0 5 0 27 0 27 0 27 0 28 0 28 0 28 0 28 0 28 0 28 0 27 0 5 0 26 0 26 0 26 0 26 0 26 0 27 0 27 0 27 0 27 0 27 0 26 0 26 0 26 0 26 0 26 0 27 0 27 0 27 0 26 0 5 0 26 0 5 0 5 0 5 0 5 0 26 0 5 0 26 0 5 0 27 0 28 0 28 0 28 0 28 0 28 0 28 0 28 0 28 0 28 0 23 0 22 0 22 0 22 0 22 0 23 0 23 0 21 0 21 0 22 0 22 0 22 0 22 0 22 0 22 0 22 0 21 0 21 0 21 0 22 0 22 0 21 0 23 0 25 0 29 0 29 0 28 0 28 0 28 0 28 0 29 0 29 0 28 0 29 0 28 0 28 0 28 0 28 0 29 0 29 0 5 0 26 0 26 0 26 0 26 0 26 0 26 0 26 0 28 0 28 0 27 0 28 0 26 0 5 0 10 0 10 0 10 0 10 0 10 0 10 0 10 0 10 0 5 0 5 0 19 0 19 0 19 0 19 0 19 0 19 0 19 0 19 0 19 0 19 0 19 0 10 0 10 0 5 0 10 0 10 0 10 0 10 0 5 0 10 0 10 0 10 0 10 0 5 0 5 0 5 0 12 0 5 0 5 0 5 0 5 0 10 0 10 0 10 0 10 0 11 0 10 0 10 0 10 0 10 0 5 0 10 0 10 0 5 0 5 0 5 0 21 0 5 0 5 0 5 0 5 0 5 0 5 0 5 0 5 0 5 0 5 0</v>
        </vertex_weights>
      </skin>
      <extra>
        <technique profile="FCOLLADA">
          <user_properties>SkinController</user_properties>
        </technique>
      </extra>
    </controller>
  </library_controllers>
  <library_visual_scenes>
    <visual_scene id="VisualSceneNode" name="rdmscene">
      <node id="VisualSceneNode1" name="Zones_Cinematics" sid="Zones_Cinematics" type="JOINT">
        <matrix>1 0 0 0 0 1 -0.000000 0 0 0.000000 1 0 0 0 0 1</matrix>
        <node id="VisualSceneNode2" name="Seq_01" sid="Seq_01" type="JOINT">
          <matrix>1 0 0 0 0 1 0 0 0 0 1 0 0 0 0 1</matrix>
          <node id="VisualSceneNode3" name="Shot_01" sid="Shot_01" type="JOINT">
            <matrix>1 0 0 0 0 1 0 0 0 0 1 0 0 0 0 1</matrix>
            <node id="VisualSceneNode4" name="Dr_Doof" sid="Dr_Doof" type="JOINT">
              <matrix>1 0 0 0 0 1 0 0 0 0 1 0 0 0 0 1</matrix>
              <node id="VisualSceneNode5" name="Root_Dr_Doof" sid="Root_Dr_Doof" type="JOINT">
                <matrix>1 0 -0.000000 0 0 1 0 0 0.000000 0 1 0 0 0 0 1</matrix>
                <node id="VisualSceneNode6" name="Bone_Dr_Doof__Pelvis" sid="Bone_Dr_Doof__Pelvis" type="JOINT">
                  <matrix>-0.000001 0.000003 1 -0.000000 1 0 0.000001 1.5089 0 1 -0.000003 -0.159655 0 0 0 1</matrix>
                  <node id="VisualSceneNode7" name="Bone_Dr_Doof__L_Thigh" sid="Bone_Dr_Doof__L_Thigh" type="JOINT">
                    <matrix>-0.929389 0.367514 -0.034196 -0.000000 0.367785 0.929909 -0.001794 0.000000 0.03114 -0.014245 -0.999414 0.178526 0 0 0 1</matrix>
                    <node id="VisualSceneNode8" name="Bone_Dr_Doof__L_Calf" sid="Bone_Dr_Doof__L_Calf" type="JOINT">
                      <matrix>0.728847 0.684677 0 0.709517 -0.684677 0.728847 0 0 0 0 1 0 0 0 0 1</matrix>
                      <node id="VisualSceneNode9" name="Bone_Dr_Doof__L_Foot" sid="Bone_Dr_Doof__L_Foot" type="JOINT">
                        <matrix>0.929011 -0.368787 -0.030586 0.726012 0.368469 0.929508 -0.015639 0 0.034197 0.003258 0.99941 -0.000000 0 0 0 1</matrix>
                        <node id="VisualSceneNode10" name="Bone_Dr_Doof__L_Toe0" sid="Bone_Dr_Doof__L_Toe0" type="JOINT">
                          <matrix>0.000000 -1 0 0.179599 1 0.000000 -0.000000 0.394174 0.000000 0 1 0 0 0 0 1</matrix>
                        </node>
                      </node>
                    </node>
                  </node>
                  <node id="VisualSceneNode11" name="Bone_Dr_Doof__Spine" sid="Bone_Dr_Doof__Spine" type="JOINT">
                    <matrix>0.999923 -0.012375 -0.000001 0.224302 0.012375 0.999923 0.000004 -0.120577 0.000001 -0.000004 1 0.000000 0 0 0 1</matrix>
                    <node id="VisualSceneNode12" name="Bone_Dr_Doof__Spine1" sid="Bone_Dr_Doof__Spine1" type="JOINT">
                      <matrix>0.969677 -0.24439 -0.000000 0.441097 0.24439 0.969677 -0.000000 -0.000405 0.000000 0 1 0 0 0 0 1</matrix>
                      <node id="VisualSceneNode13" name="Bone_Dr_Doof__L_Clavicle" sid="Bone_Dr_Doof__L_Clavicle" type="JOINT">
                        <matrix>0.019983 -0.000787 0.9998 0.591561 -0.170066 -0.985429 0.002623 -0.018395 0.98523 -0.170085 -0.019826 -0.047911 0 0 0 1</matrix>
                        <node id="VisualSceneNode14" name="Bone_Dr_Doof__L_UpperArm" sid="Bone_Dr_Doof__L_UpperArm" type="JOINT">
                          <matrix>0.995879 0.06952 0.058248 0.189046 -0.0799 0.976379 0.200749 -0.000000 -0.042916 -0.204576 0.977909 -0.000000 0 0 0 1</matrix>
                          <node id="VisualSceneNode15" name="Bone_Dr_Doof__L_Forearm" sid="Bone_Dr_Doof__L_Forearm" type="JOINT">
                            <matrix>0.98432 0.176394 0 0.757374 -0.176394 0.98432 0 0 0 0 1 0.000000 0 0 0 1</matrix>
                            <node id="VisualSceneNode16" name="Bone_Dr_Doof__L_Hand" sid="Bone_Dr_Doof__L_Hand" type="JOINT">
                              <matrix>0.997802 -0.013962 -0.064779 0.719331 0.064797 0.000884 0.997898 0 -0.013876 -0.999902 0.001786 0.000000 0 0 0 1</matrix>
                              <node id="VisualSceneNode17" name="Bone_Dr_Doof__Prop2" sid="Bone_Dr_Doof__Prop2" type="JOINT">
                                <matrix>0.999666 -0.017856 -0.018696 0.000000 -0.017696 0.054647 -0.998349 -0.000000 0.018848 0.998346 0.054313 0 0 0 0 1</matrix>
                              </node>
                              <node id="VisualSceneNode18" name="Bone_Dr_Doof__L_Finger1" sid="Bone_Dr_Doof__L_Finger1" type="JOINT">
                                <matrix>0.999692 0.004669 -0.02438 0.421899 -0.003476 0.998804 0.048772 -0.012522 0.024579 -0.048672 0.998512 0.0043 0 0 0 1</matrix>
                              </node>
                              <node id="VisualSceneNode19" name="Bone_Dr_Doof__Prop1" sid="Bone_Dr_Doof__Prop1" type="JOINT">
                                <matrix>0.999666 -0.017856 -0.018696 -3.30051 -0.017696 0.054647 -0.998349 0.108125 0.018848 0.998346 0.054313 0.016676 0 0 0 1</matrix>
                              </node>
                            </node>
                          </node>
                        </node>
                      </node>
                      <node id="VisualSceneNode20" name="Bone_Dr_Doof__Neck" sid="Bone_Dr_Doof__Neck" type="JOINT">
                        <matrix>0.57832 -0.81581 -0.000003 0.841827 0.81581 0.57832 0 0.16474 0.000001 -0.000002 1 0 0 0 0 1</matrix>
                        <node id="VisualSceneNode21" name="Bone_Dr_Doof__Head" sid="Bone_Dr_Doof__Head" type="JOINT">
                          <matrix>0.371595 0.928395 0.000003 0.334893 -0.928395 0.371595 -0.000004 0.000000 -0.000005 -0.000001 1 0 0 0 0 1</matrix>
                        </node>
                      </node>
                      <node id="VisualSceneNode22" name="Bone_Dr_Doof__R_Clavicle" sid="Bone_Dr_Doof__R_Clavicle" type="JOINT">
                        <matrix>0.019984 -0.000784 -0.9998 0.591561 -0.170061 -0.98543 -0.002626 -0.018395 -0.985231 0.17008 -0.019826 0.047911 0 0 0 1</matrix>
                        <node id="VisualSceneNode23" name="Bone_Dr_Doof__R_UpperArm" sid="Bone_Dr_Doof__R_UpperArm" type="JOINT">
                          <matrix>0.995878 0.06952 -0.058249 0.189046 -0.0799 0.976379 -0.200749 -0.000000 0.042917 0.204576 0.977909 0 0 0 0 1</matrix>
                          <node id="VisualSceneNode24" name="Bone_Dr_Doof__R_Forearm" sid="Bone_Dr_Doof__R_Forearm" type="JOINT">
                            <matrix>0.98432 0.176394 0 0.757374 -0.176394 0.98432 0 0 0 0 1 0 0 0 0 1</matrix>
                            <node id="VisualSceneNode25" name="Bone_Dr_Doof__R_Hand" sid="Bone_Dr_Doof__R_Hand" type="JOINT">
                              <matrix>0.997802 -0.013963 0.064779 0.71933 0.064797 0.000883 -0.997898 0.000000 0.013876 0.999902 0.001786 0.000000 0 0 0 1</matrix>
                              <node id="VisualSceneNode26" name="Bone_Dr_Doof__R_Finger1" sid="Bone_Dr_Doof__R_Finger1" type="JOINT">
                                <matrix>0.999692 0.004669 0.02438 0.421899 -0.003475 0.998804 -0.048772 -0.012522 -0.024579 0.048672 0.998512 -0.0043 0 0 0 1</matrix>
                              </node>
                            </node>
                          </node>
                        </node>
                      </node>
                    </node>
                  </node>
                  <node id="VisualSceneNode27" name="Bone_Dr_Doof__R_Thigh" sid="Bone_Dr_Doof__R_Thigh" type="JOINT">
                    <matrix>-0.929389 0.367514 0.034199 0.000000 0.367785 0.929909 0.001791 -0.000000 -0.031143 0.014243 -0.999413 -0.178526 0 0 0 1</matrix>
                    <node id="VisualSceneNode28" name="Bone_Dr_Doof__R_Calf" sid="Bone_Dr_Doof__R_Calf" type="JOINT">
                      <matrix>0.728847 0.684677 0 0.709517 -0.684677 0.728847 0 0 0 0 1 0 0 0 0 1</matrix>
                      <node id="VisualSceneNode29" name="Bone_Dr_Doof__R_Foot" sid="Bone_Dr_Doof__R_Foot" type="JOINT">
                        <matrix>0.929011 -0.368786 0.030586 0.726012 0.368469 0.929508 0.015639 -0.000000 -0.034198 -0.003258 0.99941 0 0 0 0 1</matrix>
                        <node id="VisualSceneNode30" name="Bone_Dr_Doof__R_Toe0" sid="Bone_Dr_Doof__R_Toe0" type="JOINT">
                          <matrix>0.000000 -1 0 0.179599 1 0.000000 -0.000000 0.394174 0.000000 0 1 0 0 0 0 1</matrix>
                        </node>
                      </node>
                    </node>
                  </node>
                </node>
              </node>
            </node>
          </node>
        </node>
      </node>
      <node id="VisualSceneNode31" name="Dr_Doof_D_png" type="NODE">
        <matrix>1 0 0 0 0 1 0 0 0 0 1 0 0 0 0 1</matrix>
        <instance_controller url="#Controller">
          <skeleton>#VisualSceneNode1</skeleton>
          <bind_material>
            <technique_common>
              <instance_material symbol="VisualMaterial0" target="#VisualMaterial"/>
            </technique_common>
          </bind_material>
        </instance_controller>
      </node>
    </visual_scene>
  </library_visual_scenes>
  <scene>
    <instance_visual_scene url="#VisualSceneNode"/>
  </scene>
</COLLADA>
