<?xml version="1.0" encoding="utf-8"?>
<COLLADA xmlns="http://www.collada.org/2005/11/COLLADASchema" version="1.4.1">
  <asset>
    <created>2018-10-28T00:03:50Z</created>
    <modified>2018-10-28T00:03:50Z</modified>
  </asset>
  <library_images>
    <image id="Image">
      <init_from>Phineas_D.png</init_from>
    </image>
  </library_images>
  <library_materials>
    <material id="VisualMaterial" name="Phineas_D_png">
      <instance_effect url="#Effect"/>
      <extra>
        <technique profile="FCOLLADA">
          <user_properties>Phineas_D.png</user_properties>
        </technique>
      </extra>
    </material>
  </library_materials>
  <library_effects>
    <effect id="Effect" name="Phineas_D_png">
      <profile_COMMON>
        <newparam sid="Image-surface">
          <surface type="2D">
            <init_from>Image</init_from>
            <format>A8R8G8B8</format>
          </surface>
        </newparam>
        <newparam sid="Image-sampler">
          <sampler2D>
            <source>Image-surface</source>
            <wrap_s>WRAP</wrap_s>
            <wrap_t>WRAP</wrap_t>
            <minfilter>NONE</minfilter>
            <magfilter>NONE</magfilter>
            <mipfilter>NONE</mipfilter>
          </sampler2D>
        </newparam>
        <technique sid="common">
          <phong>
            <emission>
              <color>0 0 0 1</color>
            </emission>
            <ambient>
              <color>0 0 0 1</color>
            </ambient>
            <diffuse>
              <texture texture="Image-sampler" texcoord=""/>
            </diffuse>
            <specular>
              <color>1 1 1 1</color>
            </specular>
            <shininess>
              <float>0</float>
            </shininess>
            <transparent opaque="A_ONE">
              <color>0 0 0 1</color>
            </transparent>
            <transparency>
              <float>1</float>
            </transparency>
            <index_of_refraction>
              <float>1.55</float>
            </index_of_refraction>
          </phong>
          <extra>
            <technique profile="FCOLLADA">
              <spec_level>
                <float>0</float>
              </spec_level>
            </technique>
          </extra>
        </technique>
      </profile_COMMON>
      <extra>
        <technique profile="FCOLLADA">
          <user_properties>Phineas_D.png</user_properties>
        </technique>
      </extra>
    </effect>
  </library_effects>
  <library_geometries>
    <geometry id="Geometry" name="Phineas_D_png">
      <mesh>
        <source id="GeometrySource" name="Phineas_D.pngPos">
          <float_array id="GeometrySource-array" count="5229">-0.022499 0.345201 -0.190531 -0.100673 0.439169 -0.157282 -0.059237 0.345237 -0.241737 -0.074564 0.439169 -0.137318 -0.211219 0.345123 -0.118093 -0.126779 0.439169 -0.137318 -0.126779 0.439169 -0.101232 -0.152987 0.345092 0.004591 -0.070315 0.345089 0.003931 -0.100673 0.439169 -0.083442 -0.022878 0.345153 -0.047696 -0.074564 0.439169 -0.101232 -0.18378 0.037066 0.009567 -0.156394 0.077619 0.133921 -0.152785 0.101626 0.009569 -0.164258 0.037076 0.165538 -0.100674 0.095059 0.145104 -0.100674 0.037076 0.202549 -0.044951 0.077619 0.133921 -0.037088 0.037076 0.165539 -0.184685 0.037074 0.097098 -0.016661 0.037073 0.097098 -0.074564 0.21572 -0.100696 -0.074564 0.288961 -0.132136 -0.074564 0.285816 -0.095824 -0.074564 0.21572 -0.136782 -0.126779 0.321663 -0.132015 -0.100673 0.290388 -0.152096 -0.126779 0.288961 -0.132137 -0.100673 0.320236 -0.151979 -0.100673 0.290388 -0.152096 -0.100673 0.320236 -0.151979 -0.074564 0.321663 -0.132014 -0.074564 0.305623 -0.095824 -0.126779 0.439169 -0.137318 -0.126779 0.439169 -0.101232 -0.126779 0.326045 -0.095824 -0.074564 0.439169 -0.101232 -0.074564 0.439169 -0.137318 -0.074564 0.326045 -0.095824 -0.100673 0.439169 -0.157282 -0.100673 0.439169 -0.157282 -0.05171 0.000655 -0.156061 -0.100674 0.037053 -0.181253 -0.055494 0.037053 -0.154285 -0.100674 0.000655 -0.183028 -0.015116 0.000655 0.009564 -0.017565 0.037066 0.009567 -0.016661 0.037073 0.097098 -0.012602 0.000655 0.097067 -0.037088 0.037076 0.165539 -0.032714 0.000655 0.165539 -0.100674 0.000655 0.202549 -0.100674 0.037076 0.202549 -0.168632 0.000655 0.165538 -0.164258 0.037076 0.165538 -0.188744 0.000655 0.097067 -0.184685 0.037074 0.097098 -0.18378 0.037066 0.009567 -0.186232 0.000655 0.009564 -0.149635 0.000655 -0.156061 -0.14585 0.037053 -0.154286 -0.100674 0.000655 -0.183028 -0.100674 0.037053 -0.181253 -0.168632 0.000655 0.165538 -0.012602 0.000655 0.097067 -0.032714 0.000655 0.165539 -0.188744 0.000655 0.097067 -0.015116 0.000655 0.009564 -0.186232 0.000655 0.009564 -0.05171 0.000655 -0.156061 -0.149635 0.000655 -0.156061 -0.100674 0.000655 -0.183028 -0.100674 0.000655 0.202549 -0.095542 0.877359 -0.208376 -0.000000 1.01454 -0.208384 -0.000001 0.877359 -0.246243 -0.067099 1.01454 -0.185059 -0.067098 1.01454 -0.057159 0.000000 1.01454 -0.033835 -0.055432 1.07128 -0.061325 0.000000 1.07128 -0.046576 -0.044045 1.1249 -0.077063 0.000000 1.1249 -0.058821 -0.301224 0.983483 -0.121107 -0.195925 1.04441 -0.097353 -0.195926 1.04441 -0.145179 -0.345227 1.04614 -0.150816 -0.195925 1.04441 -0.097353 -0.351592 1.04614 -0.106465 -0.195926 1.04441 -0.145179 -0.195925 1.07141 -0.082923 -0.351591 1.07141 -0.092757 -0.343952 1.07141 -0.164207 -0.195926 1.07141 -0.159291 -0.650458 1.05018 -0.07269 -0.680767 1.05649 -0.031242 -0.684567 1.05049 -0.066185 -0.68956 1.07459 -0.028633 -0.696409 1.07459 -0.055832 -0.730056 1.05706 -0.058712 -0.73411 1.07657 -0.052598 -0.654412 1.05658 -0.03175 -0.63856 1.07459 -0.062774 -0.646027 1.07459 -0.028687 -0.654117 1.05697 -0.011519 -0.680596 1.05748 -0.012218 -0.677396 1.06033 0.026659 -0.68405 1.07459 0.033509 -0.650916 1.07459 0.033532 -0.657571 1.06009 0.026684 -0.688209 1.07459 -0.009809 -0.646439 1.07459 -0.008903 -0.650458 1.099 -0.07269 -0.646027 1.07459 -0.028687 -0.63856 1.07459 -0.062774 -0.654153 1.09301 -0.03271 -0.684521 1.09872 -0.066192 -0.673978 1.10415 -0.120981 -0.681041 1.09312 -0.032197 -0.696409 1.07459 -0.055832 -0.73411 1.07657 -0.052598 -0.736619 1.09723 -0.059044 -0.68956 1.07459 -0.028633 -0.68405 1.07459 0.033509 -0.657571 1.08909 0.032069 -0.677396 1.08885 0.032044 -0.680304 1.09144 -0.008105 -0.688209 1.07459 -0.009809 -0.654473 1.09189 -0.007374 -0.650916 1.07459 0.033532 -0.646439 1.07459 -0.008903 -0.654369 1.0923 -0.019591 -0.680594 1.0921 -0.0197 -0.063904 1.41352 -0.194015 -0.104777 1.57077 -0.254821 -0.000001 1.41441 -0.222669 -0.000002 1.57409 -0.303977 -0.142123 1.71676 -0.31209 -0.179261 1.61702 -0.160199 -0.204457 1.77364 -0.142612 -0.154908 1.91412 -0.37717 -0.209324 1.88819 -0.107319 -0.093886 2.05614 -0.342505 -0.115656 1.99761 -0.080871 -0.18812 1.82249 0.240174 -0.106977 1.93682 0.2337 -0.092891 2.02476 -0.529934 -0.059715 2.09905 -0.512159 -0.028062 2.14737 -0.689632 -0.000005 2.12657 -0.50136 -0.000007 2.17101 -0.684812 -0.000003 2.08602 -0.337662 -0.000004 1.83366 -0.461309 -0.000006 1.97555 -0.565912 0.000000 2.02902 -0.08103 -0.000008 2.11356 -0.696592 -0.001498 1.74532 0.601144 0.000012 1.84479 0.759989 -0.028826 1.85394 0.747038 0.000012 1.86955 0.770238 -0.059935 1.76053 0.570916 -0.10278 1.81523 0.533132 -0.071301 1.88332 0.51776 0.000005 1.96553 0.236766 0.000008 1.91431 0.516352 -0.000003 1.69281 -0.377111 0.142118 1.71676 -0.312094 0.104773 1.57077 -0.254824 0.182664 1.62274 -0.145795 0.063903 1.41352 -0.194016 0.115657 1.99761 -0.080874 0.20973 1.88921 -0.101069 0.186876 1.82111 0.245522 0.106987 1.93682 0.233697 0.09388 2.05614 -0.342507 0.154901 1.91412 -0.377174 0.207479 1.7794 -0.120621 0.092879 2.02476 -0.529936 0.059704 2.09905 -0.512161 0.028046 2.14737 -0.689633 -0.17583 1.70362 -0.378061 -0.154539 1.71561 -0.322946 -0.134232 1.71099 -0.350871 -0.197191 1.70709 -0.34993 -0.116972 1.70165 -0.288093 -0.10256 1.70125 -0.320069 -0.225609 1.6709 -0.363796 -0.20486 1.66551 -0.391403 -0.207334 1.61462 -0.384698 -0.227549 1.61718 -0.356173 -0.181098 1.57545 -0.357302 -0.205207 1.57623 -0.330954 -0.158595 1.57289 -0.300563 -0.14019 1.5698 -0.325009 -0.128226 1.59365 -0.279083 -0.110094 1.59067 -0.304481 -0.109913 1.62426 -0.269657 -0.085247 1.62585 -0.294189 -0.207334 1.61462 -0.384698 -0.20486 1.66551 -0.391403 -0.10256 1.70125 -0.320069 -0.085247 1.62585 -0.294189 -0.181098 1.57545 -0.357302 -0.17583 1.70362 -0.378061 -0.110094 1.59067 -0.304481 -0.205207 1.57623 -0.330954 -0.128226 1.59365 -0.279083 -0.109913 1.62426 -0.269657 -0.158595 1.57289 -0.300563 -0.227549 1.61718 -0.356173 -0.116972 1.70165 -0.288093 -0.225609 1.6709 -0.363796 -0.154539 1.71561 -0.322946 -0.197191 1.70709 -0.34993 -0.058536 1.47916 0.075091 0.000000 1.49036 -0.081986 -0.130987 1.58956 -0.067436 0.003531 1.46172 0.078235 -0.134232 1.71099 -0.350871 -0.14019 1.5698 -0.325009 -0.000009 2.11302 -0.757362 -0.044367 2.05252 -0.770236 -0.097329 2.11302 -0.75736 -0.000009 2.05252 -0.770237 -0.043917 2.22788 -0.734323 -0.000008 2.22788 -0.734324 -0.000009 1.99137 -0.763412 -0.000008 2.38972 -0.686518 0.044349 2.05252 -0.770238 0.097311 2.11302 -0.757363 0.0439 2.22788 -0.734325 -0.146812 2.31225 -0.694743 -0.117202 2.00388 -0.756763 -0.000007 2.09831 -0.683991 -0.043916 2.21316 -0.660953 -0.097328 2.09831 -0.68399 -0.000007 2.21316 -0.660953 -0.040359 2.43752 -0.595474 -0.000006 2.43752 -0.595475 -0.044364 2.04225 -0.698255 -0.000008 2.04225 -0.698256 -0.028047 1.9838 -0.714298 -0.000008 1.9838 -0.714299 -0.000004 2.65895 -0.457868 -0.000008 1.88003 -0.72328 0.043901 2.21316 -0.660954 0.097312 2.09831 -0.683993 0.040346 2.43752 -0.595475 0.02803 1.9838 -0.714299 0.044347 2.04225 -0.698257 -0.044367 2.05252 -0.770236 -0.000009 1.99137 -0.763412 -0.028047 1.9838 -0.714298 -0.000008 1.88003 -0.72328 -0.044364 2.04225 -0.698255 -0.098837 1.98754 -0.709916 -0.117202 2.00388 -0.756763 -0.154816 1.90043 -0.704096 0.02803 1.9838 -0.714299 0.044349 2.05252 -0.770238 0.044347 2.04225 -0.698257 0.09882 1.98754 -0.709918 0.117184 2.00388 -0.756766 0.1548 1.90043 -0.7041 -0.040359 2.43752 -0.595474 -0.000004 2.65895 -0.457868 -0.000006 2.543 -0.608624 -0.000008 2.38972 -0.686518 -0.043917 2.22788 -0.734323 -0.043916 2.21316 -0.660953 0.040346 2.43752 -0.595475 0.0439 2.22788 -0.734325 0.043901 2.21316 -0.660954 -0.124792 2.31945 -0.645468 -0.146812 2.31225 -0.694743 -0.194525 2.46067 -0.590936 0.124778 2.31945 -0.645471 0.146796 2.31225 -0.694748 0.194511 2.46067 -0.590941 -0.168831 2.2866 -0.652056 -0.124792 2.31945 -0.645468 -0.194525 2.46067 -0.590936 -0.098837 1.98754 -0.709916 -0.135558 2.00812 -0.705529 -0.154816 1.90043 -0.704096 -0.168831 2.2866 -0.652056 -0.194525 2.46067 -0.590936 -0.146812 2.31225 -0.694743 -0.097329 2.11302 -0.75736 -0.097328 2.09831 -0.68399 -0.117202 2.00388 -0.756763 -0.135558 2.00812 -0.705529 -0.154816 1.90043 -0.704096 -0.192439 2.12908 -0.024952 -0.130619 2.10373 -0.100485 -0.232285 2.05667 -0.109922 -0.266432 2.06069 -0.039711 -0.19589 2.13102 0.065898 -0.282743 2.05135 0.049922 -0.279539 1.96314 -0.061108 -0.299304 1.93588 0.026763 -0.235292 1.89349 -0.076648 -0.213121 1.94806 -0.131708 -0.247572 1.85202 0.009942 -0.15168 1.89902 -0.075407 -0.147846 1.85872 0.011285 -0.078172 1.96512 -0.060648 -0.111455 1.99511 -0.122271 -0.060993 1.93838 0.02726 -0.063183 2.0629 -0.039251 -0.044432 2.05385 0.050422 -0.10692 2.13484 -0.023711 -0.130619 2.10373 -0.100485 -0.096161 2.13772 0.067243 -0.192439 2.12908 -0.024952 -0.19589 2.13102 0.065898 -0.109511 2.09361 0.156489 -0.191725 2.08819 0.15525 -0.065845 2.02525 0.140948 -0.078594 1.9292 0.119552 -0.151564 1.86167 0.104793 -0.235993 1.85597 0.103552 -0.279066 1.927 0.119092 -0.264126 2.02333 0.140489 -0.191725 2.08819 0.15525 -0.232281 1.99462 0.199455 -0.130615 2.04168 0.208892 -0.111451 1.93306 0.187106 -0.213117 1.886 0.177671 -0.130615 2.04168 0.208892 -0.109511 2.09361 0.156489 -0.171864 1.95682 0.224722 -0.130615 2.04168 0.208892 -0.130615 2.04168 0.208892 -0.171864 1.95682 0.224722 -0.213117 1.886 0.177671 -0.171864 1.95682 0.224722 -0.213117 1.886 0.177671 -0.171864 1.95682 0.224722 -0.171869 2.03291 -0.151094 -0.130619 2.10373 -0.100485 -0.171869 2.03291 -0.151094 -0.213121 1.94806 -0.131708 -0.171869 2.03291 -0.151094 -0.213121 1.94806 -0.131708 -0.171869 2.03291 -0.151094 -0.130619 2.10373 -0.100485 -0.10692 2.13484 -0.023711 -0.189027 2.08192 0.200897 -0.214907 2.05581 0.206005 -0.164719 2.01616 0.231587 -0.156604 2.08884 0.199014 -0.126277 2.07477 0.200832 -0.106132 2.04345 0.205897 -0.101628 2.00326 0.212912 -0.113983 1.96503 0.220009 -0.139819 1.939 0.22525 -0.172174 1.93208 0.227191 -0.202471 1.94609 0.225309 -0.222651 1.97734 0.22011 -0.227231 2.01751 0.213028 0.059237 0.345237 -0.241737 0.100673 0.439168 -0.157282 0.022499 0.345201 -0.190531 0.074564 0.439168 -0.137318 0.126779 0.439168 -0.101232 0.126779 0.439168 -0.137318 0.211219 0.345122 -0.118092 0.152986 0.345092 0.004592 0.100673 0.439168 -0.083441 0.022877 0.345153 -0.047696 0.070314 0.345089 0.003931 0.074564 0.439168 -0.101232 0.152782 0.101625 0.00957 0.156392 0.077619 0.133921 0.183778 0.037065 0.009567 0.100672 0.095059 0.145105 0.164255 0.037075 0.165539 0.100672 0.037075 0.202549 0.044949 0.077619 0.133921 0.037085 0.037076 0.165539 0.184682 0.037073 0.097098 0.016658 0.037073 0.097098 0.074563 0.285816 -0.095824 0.074563 0.28896 -0.132136 0.074563 0.215719 -0.100696 0.074563 0.215719 -0.136782 0.126779 0.28896 -0.132136 0.100673 0.290388 -0.152096 0.126779 0.321663 -0.132014 0.100673 0.320235 -0.151979 0.100673 0.290388 -0.152096 0.100673 0.320235 -0.151979 0.074564 0.321663 -0.132014 0.074563 0.305623 -0.095824 0.126779 0.439168 -0.137318 0.126779 0.439168 -0.101232 0.126779 0.326044 -0.095824 0.074564 0.439168 -0.101232 0.074563 0.326044 -0.095824 0.074564 0.439168 -0.137318 0.100673 0.439168 -0.157282 0.100673 0.439168 -0.157282 0.051708 0.000655 -0.156061 0.100672 0.037053 -0.181252 0.100672 0.000655 -0.183028 0.055493 0.037053 -0.154285 0.015114 0.000655 0.009564 0.017563 0.037066 0.009567 0.016658 0.037073 0.097098 0.012599 0.000655 0.097067 0.037085 0.037076 0.165539 0.032711 0.000654 0.165539 0.100671 0.000654 0.202549 0.100672 0.037075 0.202549 0.168629 0.000654 0.165539 0.164255 0.037075 0.165539 0.188741 0.000654 0.097068 0.184682 0.037073 0.097098 0.183778 0.037065 0.009567 0.186229 0.000654 0.009565 0.149633 0.000655 -0.156061 0.145848 0.037053 -0.154285 0.100672 0.000655 -0.183028 0.100672 0.037053 -0.181252 0.168629 0.000654 0.165539 0.012599 0.000655 0.097067 0.188741 0.000654 0.097068 0.032711 0.000654 0.165539 0.015114 0.000655 0.009564 0.186229 0.000654 0.009565 0.051708 0.000655 -0.156061 0.149633 0.000655 -0.156061 0.100672 0.000655 -0.183028 0.100671 0.000654 0.202549 0.095541 0.877359 -0.208377 0.067098 1.01454 -0.18506 0.055433 1.07128 -0.061326 0.067099 1.01454 -0.05716 0.044046 1.1249 -0.077063 0.195925 1.04441 -0.145183 0.195926 1.04441 -0.097357 0.301224 0.983483 -0.121113 0.345226 1.04614 -0.150824 0.195926 1.04441 -0.097357 0.195925 1.04441 -0.145183 0.351592 1.04614 -0.106473 0.195926 1.07141 -0.082927 0.351592 1.07141 -0.092764 0.343951 1.07141 -0.164215 0.195925 1.07141 -0.159296 0.684568 1.05049 -0.066199 0.680769 1.05649 -0.031256 0.650459 1.05018 -0.072704 0.689562 1.07459 -0.028648 0.69641 1.07459 -0.055846 0.730057 1.05706 -0.058727 0.734111 1.07657 -0.052613 0.654414 1.05658 -0.031764 0.638561 1.07459 -0.062788 0.646029 1.07459 -0.028701 0.654119 1.05697 -0.011533 0.680599 1.05748 -0.012232 0.677399 1.06033 0.026644 0.684054 1.07459 0.033495 0.650919 1.07459 0.033518 0.657574 1.06009 0.02667 0.688211 1.07459 -0.009824 0.646441 1.07459 -0.008917 0.638561 1.07459 -0.062788 0.646029 1.07459 -0.028701 0.650459 1.099 -0.072704 0.654155 1.09301 -0.032724 0.684522 1.09872 -0.066207 0.673978 1.10415 -0.120995 0.681043 1.09312 -0.032212 0.69641 1.07459 -0.055846 0.734111 1.07657 -0.052613 0.73662 1.09723 -0.05906 0.689562 1.07459 -0.028648 0.684054 1.07459 0.033495 0.657574 1.08909 0.032055 0.650919 1.07459 0.033518 0.654475 1.09189 -0.007388 0.646441 1.07459 -0.008917 0.680307 1.09144 -0.00812 0.677399 1.08885 0.032029 0.688211 1.07459 -0.009824 0.654371 1.0923 -0.019605 0.680596 1.0921 -0.019715 0.175823 1.70362 -0.378066 0.154533 1.71561 -0.32295 0.197184 1.70709 -0.349936 0.134226 1.71099 -0.350875 0.116967 1.70165 -0.288096 0.102555 1.70125 -0.320072 0.225602 1.6709 -0.363802 0.204852 1.66551 -0.391409 0.207326 1.61462 -0.384704 0.227542 1.61718 -0.35618 0.181091 1.57545 -0.357307 0.205201 1.57623 -0.33096 0.15859 1.57289 -0.300568 0.140185 1.5698 -0.325013 0.128222 1.59365 -0.279087 0.110089 1.59067 -0.304484 0.109909 1.62426 -0.269661 0.085242 1.62585 -0.294191 0.102555 1.70125 -0.320072 0.204852 1.66551 -0.391409 0.207326 1.61462 -0.384704 0.085242 1.62585 -0.294191 0.181091 1.57545 -0.357307 0.175823 1.70362 -0.378066 0.110089 1.59067 -0.304484 0.205201 1.57623 -0.33096 0.128222 1.59365 -0.279087 0.15859 1.57289 -0.300568 0.109909 1.62426 -0.269661 0.227542 1.61718 -0.35618 0.116967 1.70165 -0.288096 0.225602 1.6709 -0.363802 0.154533 1.71561 -0.32295 0.197184 1.70709 -0.349936 0.028851 1.85394 0.747037 0.05806 1.76053 0.570914 0.10184 1.81514 0.533241 0.071319 1.88332 0.517758 0.067723 1.47979 0.079223 0.136384 1.59902 -0.035964 0.134226 1.71099 -0.350875 0.140185 1.5698 -0.325013 0.168816 2.2866 -0.652061 0.124778 2.31945 -0.645471 0.194511 2.46067 -0.590941 0.09882 1.98754 -0.709918 0.135541 2.00812 -0.705532 0.1548 1.90043 -0.7041 0.146796 2.31225 -0.694748 0.194511 2.46067 -0.590941 0.168816 2.2866 -0.652061 0.097311 2.11302 -0.757363 0.097312 2.09831 -0.683993 0.117184 2.00388 -0.756766 0.135541 2.00812 -0.705532 0.1548 1.90043 -0.7041 0.146796 2.31225 -0.694748 0.117184 2.00388 -0.756766 0.232285 2.05667 -0.109929 0.13062 2.10373 -0.100489 0.192442 2.12908 -0.024957 0.266434 2.06069 -0.039718 0.195895 2.13102 0.065892 0.282747 2.05135 0.049914 0.27954 1.96314 -0.061116 0.299308 1.93588 0.026755 0.235293 1.89349 -0.076655 0.213121 1.94806 -0.131714 0.247575 1.85202 0.009935 0.151682 1.89902 -0.075411 0.14785 1.85872 0.011281 0.078174 1.96512 -0.06065 0.111455 1.99511 -0.122274 0.060997 1.93838 0.027258 0.063186 2.0629 -0.039253 0.044437 2.05385 0.050421 0.106923 2.13484 -0.023714 0.13062 2.10373 -0.100489 0.096167 2.13772 0.06724 0.192442 2.12908 -0.024957 0.195895 2.13102 0.065892 0.109518 2.09361 0.156486 0.191733 2.08819 0.155245 0.065853 2.02525 0.140947 0.078601 1.9292 0.119549 0.15157 1.86167 0.104788 0.235999 1.85597 0.103545 0.279073 1.927 0.119084 0.264133 2.02333 0.140482 0.191733 2.08819 0.155245 0.23229 1.99462 0.199448 0.130624 2.04168 0.208888 0.111459 1.93306 0.187103 0.213125 1.886 0.177665 0.130624 2.04168 0.208888 0.109518 2.09361 0.156486 0.130624 2.04168 0.208888 0.171874 1.95682 0.224717 0.171874 1.95682 0.224717 0.130624 2.04168 0.208888 0.171874 1.95682 0.224717 0.213125 1.886 0.177665 0.171874 1.95682 0.224717 0.213125 1.886 0.177665 0.13062 2.10373 -0.100489 0.171869 2.03291 -0.151099 0.213121 1.94806 -0.131714 0.171869 2.03291 -0.151099 0.213121 1.94806 -0.131714 0.171869 2.03291 -0.151099 0.13062 2.10373 -0.100489 0.171869 2.03291 -0.151099 0.106923 2.13484 -0.023714 0.164729 2.01616 0.231583 0.214916 2.05581 0.205999 0.189036 2.08192 0.200891 0.156613 2.08884 0.19901 0.126286 2.07477 0.200829 0.106141 2.04345 0.205894 0.101638 2.00326 0.212909 0.113992 1.96503 0.220006 0.139829 1.939 0.225246 0.172184 1.93208 0.227186 0.202481 1.94609 0.225303 0.222661 1.97734 0.220103 0.227241 2.01751 0.213022 -0.14318 0.535653 0.009796 -0.190919 0.568259 -0.122113 -0.195516 0.537962 -0.122545 -0.140467 0.567477 0.007152 -0.142397 0.570057 -0.249497 -0.147297 0.528541 -0.251504 0.000000 0.567487 -0.304272 0.000000 0.525008 -0.305166 -0.150058 0.475051 -0.251382 -0.203787 0.485112 -0.122106 -0.047566 0.457525 -0.267338 -0.041663 0.477545 -0.274417 -0.14855 0.477515 0.01435 0.000000 0.490233 -0.282405 -0.000000 0.527436 0.059341 -0.050802 0.493507 0.03354 -0.224907 0.34512 -0.11538 -0.15831 0.345176 -0.257066 -0.050987 0.345262 -0.260411 -0.1562 0.345123 0.022153 -0.061465 0.345092 0.018599 -0.053766 0.46182 0.025018 0 0.487926 0.039443 0 0.477827 -0.121519 -0.007944 0.46974 -0.213502 0.000000 0.481767 -0.216931 -0.003205 0.470954 -0.121506 -0.047566 0.457525 -0.267338 -0.014556 0.453634 -0.20952 -0.041663 0.477545 -0.274417 -0.00529 0.451442 -0.123297 -0.012679 0.345204 -0.202586 -0.002011 0.345211 -0.122068 -0.050987 0.345262 -0.260411 0.007945 0.46974 -0.213502 0.003205 0.470954 -0.121506 0.047566 0.457525 -0.267338 0.041663 0.477545 -0.274417 0.014556 0.453634 -0.20952 0.012679 0.345204 -0.202586 0.00529 0.451442 -0.123297 0.002011 0.345211 -0.122068 0.050987 0.345262 -0.260411 0 0.487926 0.039443 -0.007863 0.475602 -0.03399 0 0.477619 -0.031529 -0.050802 0.493507 0.03354 -0.053766 0.46182 0.025018 -0.012075 0.453524 -0.035667 -0.003205 0.470954 -0.121506 -0.00529 0.451442 -0.123297 -0.061465 0.345092 0.018599 -0.012621 0.345163 -0.041346 -0.002011 0.345211 -0.122068 -0.15175 0.345151 -0.243305 -0.224907 0.34512 -0.11538 -0.15831 0.345176 -0.257066 -0.211219 0.345123 -0.118093 -0.1562 0.345123 0.022153 -0.152987 0.345092 0.004591 -0.070315 0.345089 0.003931 -0.061465 0.345092 0.018599 -0.012621 0.345163 -0.041346 -0.022878 0.345153 -0.047696 -0.002011 0.345211 -0.122068 -0.012156 0.345199 -0.119738 -0.022499 0.345201 -0.190531 -0.012679 0.345204 -0.202586 -0.059237 0.345237 -0.241737 -0.050987 0.345262 -0.260411 -0.15175 0.345151 -0.243305 -0.012156 0.345199 -0.119738 -0.100674 0.134425 -0.162365 -0.068811 0.101044 -0.147239 -0.100674 0.101059 -0.168677 -0.072723 0.134318 -0.142032 -0.059782 0.100912 -0.076543 -0.069007 0.133724 -0.09811 -0.100674 0.118237 -0.05298 -0.100673 0.21572 -0.156747 -0.074564 0.21572 -0.136782 -0.074564 0.21572 -0.100696 -0.100674 0.138054 -0.078093 -0.100674 0.21572 -0.082903 -0.13234 0.133724 -0.09811 -0.141563 0.100912 -0.076543 -0.132533 0.101044 -0.14724 -0.128621 0.134318 -0.142033 -0.100674 0.101059 -0.168677 -0.100674 0.134425 -0.162365 -0.12678 0.21572 -0.100697 -0.12678 0.21572 -0.136782 -0.100673 0.21572 -0.156747 -0.055494 0.037053 -0.154285 -0.100674 0.101059 -0.168677 -0.068811 0.101044 -0.147239 -0.100674 0.037053 -0.181253 -0.132533 0.101044 -0.14724 -0.14585 0.037053 -0.154286 -0.059782 0.100912 -0.076543 -0.141563 0.100912 -0.076543 -0.017565 0.037066 0.009567 -0.100674 0.125235 0.009562 -0.04856 0.101625 0.00957 -0.100674 0.118237 -0.05298 -0.100674 0.21572 -0.082903 -0.100673 0.285816 -0.078032 -0.12678 0.21572 -0.100697 -0.12678 0.285816 -0.095824 -0.12678 0.21572 -0.136782 -0.100673 0.21572 -0.156747 -0.100673 0.21572 -0.156747 -0.100673 0.305623 -0.078032 -0.126779 0.305623 -0.095824 -0.100673 0.439169 -0.083442 -0.100673 0.326045 -0.078031 -0.000000 0.694611 -0.291026 -0.12838 0.694611 -0.239849 -0.151356 0.572684 -0.255324 0.000000 0.572684 -0.312964 -0.209565 0.572676 -0.12111 -0.181554 0.694611 -0.121122 -0.148184 0.572676 0.014551 -0.128409 0.694614 -0.000243 -0.142397 0.570057 -0.249497 0.000000 0.567487 -0.304272 -0.000000 0.572676 0.070743 0 0.567482 0.061963 -0.140467 0.567477 0.007152 -0.190919 0.568259 -0.122113 -0.135115 0.877359 -0.121109 -0.100434 1.00072 -0.121109 -0.000000 1.07128 -0.195643 -0.055433 1.07128 -0.180893 -0.049836 1.1678 -0.071272 0.000000 1.1678 -0.050629 -0.037576 1.17755 -0.088968 0.000000 1.17739 -0.076573 -0.044254 1.17755 -0.121109 -0.070479 1.1678 -0.121109 -0.037576 1.17755 -0.153248 -0.049837 1.1678 -0.170947 -0.000000 1.17741 -0.165567 -0.000000 1.1678 -0.19159 -0.118724 1.01512 -0.062932 -0.301224 0.973597 -0.121107 -0.117897 1.00721 -0.121109 -0.301223 1.00224 -0.068355 -0.116189 1.0716 -0.05172 -0.301223 1.07141 -0.040738 -0.115514 1.1236 -0.072889 -0.301223 1.14057 -0.068355 -0.301224 1.16922 -0.121106 -0.119164 1.13071 -0.121108 -0.091857 1.07136 -0.18167 -0.067099 1.01454 -0.185059 -0.100973 1.01675 -0.175793 -0.055433 1.07128 -0.180893 -0.115515 1.1236 -0.169328 -0.301224 1.16922 -0.121106 -0.119164 1.13071 -0.121108 -0.11619 1.0716 -0.190494 -0.301224 1.14057 -0.173857 -0.118725 1.01512 -0.179285 -0.301224 1.07141 -0.201475 -0.301224 1.00224 -0.173857 -0.117897 1.00721 -0.121109 -0.301224 0.973597 -0.121107 -0.301224 0.983483 -0.121107 -0.301223 1.00224 -0.068355 -0.301223 1.00924 -0.073687 -0.301224 0.973597 -0.121107 -0.301223 1.07141 -0.040738 -0.301223 1.07141 -0.048863 -0.301224 1.00924 -0.168526 -0.301224 1.00224 -0.173857 -0.301224 1.07141 -0.193349 -0.301224 1.07141 -0.201475 -0.301223 1.14057 -0.068355 -0.301223 1.13358 -0.073687 -0.301224 1.16922 -0.121106 -0.301224 1.15933 -0.121106 -0.301224 1.13358 -0.168526 -0.301224 1.14057 -0.173857 -0.301223 1.00924 -0.073687 -0.301223 1.07141 -0.048863 -0.195925 1.07141 -0.082923 -0.301223 1.13358 -0.073687 -0.195925 1.09841 -0.097797 -0.301224 1.15933 -0.121106 -0.195926 1.09841 -0.144849 -0.301224 1.07141 -0.193349 -0.195926 1.07141 -0.159291 -0.301224 1.00924 -0.168526 -0.301224 1.13358 -0.168526 -0.394477 1.0466 -0.150359 -0.387474 1.0466 -0.106925 -0.387474 1.07141 -0.093404 -0.369677 1.07141 -0.163889 -0.369677 1.04637 -0.15059 -0.395112 1.07141 -0.163559 -0.608094 1.07141 -0.152211 -0.608094 1.05028 -0.1431 -0.608093 1.05028 -0.10235 -0.608093 1.07141 -0.089995 -0.625447 1.07141 -0.155238 -0.625447 1.05053 -0.145241 -0.625446 1.05053 -0.096965 -0.625446 1.07141 -0.086968 -0.675154 1.04679 -0.120729 -0.672374 1.07478 -0.176856 -0.672526 1.0539 -0.169614 -0.733664 1.0766 -0.187581 -0.730057 1.05617 -0.181711 -0.730057 1.0554 -0.120912 -0.74152 1.07667 -0.187612 -0.7456 1.05651 -0.181583 -0.745522 1.05576 -0.120924 -0.746128 1.05747 -0.059053 -0.741973 1.07667 -0.05277 -0.745522 1.05576 -0.120924 -0.778084 1.07667 -0.186582 -0.774883 1.05705 -0.181315 -0.778365 1.05608 -0.120967 -0.778365 1.05608 -0.120967 -0.77986 1.05784 -0.059422 -0.782707 1.07667 -0.053364 -0.805335 1.0574 -0.120925 -0.806825 1.05912 -0.060616 -0.847882 1.06044 -0.120786 -0.84017 1.06142 -0.062734 -0.848278 1.07671 -0.058134 -0.855776 1.07669 -0.120664 -0.802484 1.07668 -0.054329 -0.351592 1.09667 -0.106912 -0.195926 1.09841 -0.144849 -0.345227 1.09667 -0.150486 -0.195925 1.09841 -0.097797 -0.351591 1.07141 -0.092757 -0.195925 1.07141 -0.082923 -0.195926 1.07141 -0.159291 -0.343952 1.07141 -0.164207 -0.369677 1.09644 -0.15026 -0.387474 1.07141 -0.093404 -0.387474 1.09621 -0.107372 -0.369677 1.07141 -0.163889 -0.394477 1.09621 -0.150028 -0.395112 1.07141 -0.163559 -0.608093 1.09299 -0.102797 -0.608094 1.09299 -0.139841 -0.608094 1.07141 -0.152211 -0.608093 1.07141 -0.089995 -0.625446 1.09321 -0.096965 -0.625447 1.09321 -0.145241 -0.625447 1.07141 -0.155238 -0.625446 1.07141 -0.086968 -0.672526 1.09579 -0.169449 -0.672374 1.07478 -0.176856 -0.73662 1.09811 -0.120076 -0.736621 1.09658 -0.181264 -0.733664 1.0766 -0.187581 -0.744383 1.09644 -0.181671 -0.744291 1.09761 -0.120154 -0.74152 1.07667 -0.187612 -0.744803 1.09685 -0.058948 -0.741973 1.07667 -0.05277 -0.780163 1.0975 -0.120515 -0.777149 1.09618 -0.181373 -0.778084 1.07667 -0.186582 -0.782707 1.07667 -0.053364 -0.78159 1.09676 -0.059351 -0.780163 1.0975 -0.120515 -0.744291 1.09761 -0.120154 -0.794087 1.09658 -0.059729 -0.792665 1.09728 -0.120581 -0.804572 1.097 -0.120616 -0.805984 1.09633 -0.060202 -0.848036 1.09492 -0.062734 -0.848278 1.07671 -0.058134 -0.855776 1.07669 -0.120664 -0.855543 1.09503 -0.120514 -0.802484 1.07668 -0.054329 -0.789643 1.09592 -0.181045 -0.797865 1.07667 -0.185587 -0.801543 1.09561 -0.180634 -0.838139 1.09418 -0.178708 -0.855543 1.09503 -0.120514 -0.838375 1.07667 -0.18265 -0.855776 1.07669 -0.120664 -0.804572 1.097 -0.120616 -0.792665 1.09728 -0.120581 -0.855776 1.07669 -0.120664 -0.830362 1.06081 -0.178708 -0.847882 1.06044 -0.120786 -0.838375 1.07667 -0.18265 -0.801801 1.05857 -0.180287 -0.797865 1.07667 -0.185587 -0.805335 1.0574 -0.120925 -0.000000 1.29028 -0.181036 -0.047297 1.28895 -0.16102 -0.099819 1.39137 -0.098291 -0.065658 1.27952 -0.111358 -0.044254 1.17755 -0.121109 -0.037576 1.17755 -0.153248 -0.000000 1.17741 -0.165567 -0.15698 1.55493 -0.016098 -0.200613 1.66886 -0.062825 -0.046118 1.27007 -0.052831 -0.061998 1.35986 0.004238 -0.037576 1.17755 -0.088968 0.000000 1.17739 -0.076573 0.000000 1.2613 -0.031419 -0.202562 1.78757 0.021238 -0.181953 1.76097 0.209889 -0.07019 1.65059 0.398979 -0.006159 1.63998 0.440188 -0.076026 1.67441 0.426231 -0.005821 1.66798 0.486839 -0.081383 1.7094 0.473826 -0.145121 1.73305 0.355658 0.047297 1.28895 -0.161021 0.099819 1.39137 -0.098293 0.065659 1.27952 -0.111359 0.044254 1.17755 -0.12111 0.037576 1.17755 -0.153249 0.162465 1.55973 0.005004 0.204868 1.6767 -0.026032 0.046119 1.27007 -0.052832 0.065641 1.35986 0.004236 0.037577 1.17755 -0.088968 -0.053278 1.49879 0.163266 0.003619 1.41064 0.098267 0.006954 1.47513 0.188468 -0.085133 1.45345 0.055237 0.066382 1.49851 0.167335 0.091903 1.45509 0.063545 0.201849 1.78895 0.05567 0.175505 1.7561 0.236126 -0.184488 1.70081 0.054936 -0.16311 1.69978 0.053054 -0.165328 1.68724 0.165368 -0.142649 1.68903 0.159569 -0.138117 1.64194 0.092484 -0.130987 1.58956 -0.067436 -0.16311 1.69978 0.053054 -0.164914 1.66136 -0.081475 0.17013 1.67111 -0.043613 0.136384 1.59902 -0.035964 0.16019 1.69893 0.103791 0.141654 1.64081 0.125137 -0.000000 1.63189 -0.16383 -0.164914 1.66136 -0.081475 -0.088262 1.71847 0.343397 -0.071772 1.60215 0.248617 -0.003387 1.70693 0.388312 -0.002929 1.59851 0.283825 -0.055816 1.5462 0.065563 -0.049317 1.53231 -0.076125 -0.055701 1.51127 0.058155 -0.055464 1.56552 -0.073509 -0.033857 1.53816 0.127635 -0.033857 1.50298 0.119825 0.006827 1.53431 0.165784 0.006827 1.49914 0.157917 0.044781 1.50298 0.119824 0.044781 1.53816 0.127635 0.064125 1.51127 0.058154 0.06401 1.5462 0.065562 0.05311 1.53231 -0.076127 0.059257 1.56552 -0.07351 0.005462 1.53816 0.127635 0.004096 1.5462 0.065563 0.001896 1.56552 -0.073509 0.004212 1.51127 0.058155 0.001896 1.53231 -0.076126 0.005461 1.50298 0.119825 0.14318 0.535653 0.009796 0.190919 0.568259 -0.122113 0.140467 0.567477 0.007152 0.195517 0.537962 -0.122545 0.142398 0.570057 -0.249497 0.147297 0.528541 -0.251503 0.150058 0.475051 -0.251381 0.203787 0.485112 -0.122105 0.047566 0.457525 -0.267338 0.041663 0.477545 -0.274417 0.148549 0.477515 0.01435 0.050802 0.493507 0.03354 0.224907 0.34512 -0.11538 0.158311 0.345176 -0.257066 0.050987 0.345262 -0.260411 0.1562 0.345122 0.022153 0.061465 0.345092 0.0186 0.053766 0.46182 0.025018 0.007863 0.475602 -0.03399 0.050802 0.493507 0.03354 0.053766 0.46182 0.025018 0.012075 0.453525 -0.035666 0.003205 0.470954 -0.121506 0.00529 0.451442 -0.123297 0.061465 0.345092 0.0186 0.012621 0.345163 -0.041346 0.002011 0.345211 -0.122068 0.15175 0.34515 -0.243304 0.224907 0.34512 -0.11538 0.211219 0.345122 -0.118092 0.1562 0.345122 0.022153 0.152986 0.345092 0.004592 0.070314 0.345089 0.003931 0.061465 0.345092 0.0186 0.012621 0.345163 -0.041346 0.022877 0.345153 -0.047696 0.002011 0.345211 -0.122068 0.012156 0.345199 -0.119738 0.022499 0.345201 -0.190531 0.012679 0.345204 -0.202586 0.059237 0.345237 -0.241737 0.050987 0.345262 -0.260411 0.158311 0.345176 -0.257066 0.15175 0.34515 -0.243304 0.012156 0.345199 -0.119738 0.100672 0.134424 -0.162365 0.06881 0.101044 -0.147239 0.072722 0.134318 -0.142032 0.100672 0.101059 -0.168677 0.05978 0.100912 -0.076543 0.069006 0.133723 -0.09811 0.100672 0.118237 -0.052979 0.100672 0.215719 -0.156746 0.074563 0.215719 -0.136782 0.074563 0.215719 -0.100696 0.100672 0.138054 -0.078092 0.100672 0.215719 -0.082903 0.132338 0.133723 -0.09811 0.141561 0.100911 -0.076543 0.132531 0.101044 -0.147239 0.12862 0.134318 -0.142032 0.100672 0.101059 -0.168677 0.100672 0.134424 -0.162365 0.126778 0.215719 -0.100696 0.126778 0.215719 -0.136782 0.100672 0.215719 -0.156746 0.055493 0.037053 -0.154285 0.100672 0.101059 -0.168677 0.100672 0.037053 -0.181252 0.06881 0.101044 -0.147239 0.132531 0.101044 -0.147239 0.145848 0.037053 -0.154285 0.05978 0.100912 -0.076543 0.141561 0.100911 -0.076543 0.017563 0.037066 0.009567 0.100672 0.125234 0.009562 0.048558 0.101625 0.00957 0.100672 0.118237 -0.052979 0.100672 0.215719 -0.082903 0.100672 0.285816 -0.078031 0.126778 0.215719 -0.100696 0.126779 0.285816 -0.095824 0.126778 0.215719 -0.136782 0.100672 0.215719 -0.156746 0.100672 0.215719 -0.156746 0.100673 0.305623 -0.078031 0.126779 0.305623 -0.095824 0.100673 0.439168 -0.083441 0.100673 0.326044 -0.078031 0.151356 0.572684 -0.255323 0.128379 0.694611 -0.23985 0.209565 0.572676 -0.12111 0.181554 0.694611 -0.121123 0.148184 0.572676 0.014551 0.12841 0.694614 -0.000244 0.142398 0.570057 -0.249497 0.140467 0.567477 0.007152 0.190919 0.568259 -0.122113 0.135115 0.877359 -0.121111 0.100434 1.00072 -0.12111 0.055432 1.07128 -0.180894 0.049837 1.1678 -0.071272 0.049837 1.1678 -0.170947 0.037577 1.17755 -0.088968 0.070479 1.1678 -0.12111 0.044254 1.17755 -0.12111 0.037576 1.17755 -0.153249 0.117897 1.00721 -0.121111 0.301224 0.973597 -0.121113 0.118725 1.01512 -0.062934 0.301224 1.00224 -0.068362 0.11619 1.0716 -0.051723 0.301225 1.07141 -0.040744 0.115515 1.1236 -0.072891 0.301224 1.14057 -0.068362 0.301224 1.16922 -0.121113 0.119164 1.13071 -0.121111 0.100972 1.01675 -0.175794 0.067098 1.01454 -0.18506 0.091856 1.07136 -0.181672 0.055432 1.07128 -0.180894 0.119164 1.13071 -0.121111 0.301224 1.16922 -0.121113 0.115514 1.1236 -0.16933 0.301223 1.14057 -0.173864 0.116189 1.0716 -0.190496 0.301223 1.07141 -0.201481 0.118724 1.01512 -0.179287 0.301223 1.00224 -0.173863 0.117897 1.00721 -0.121111 0.301224 0.973597 -0.121113 0.301224 0.983483 -0.121113 0.301224 1.00224 -0.068362 0.301224 0.973597 -0.121113 0.301224 1.00924 -0.073693 0.301225 1.07141 -0.040744 0.301225 1.07141 -0.04887 0.301223 1.00924 -0.168532 0.301223 1.00224 -0.173863 0.301223 1.07141 -0.193356 0.301223 1.07141 -0.201481 0.301224 1.14057 -0.068362 0.301224 1.13358 -0.073693 0.301224 1.16922 -0.121113 0.301224 1.15933 -0.121113 0.301223 1.13358 -0.168532 0.301223 1.14057 -0.173864 0.301224 1.00924 -0.073693 0.301225 1.07141 -0.04887 0.195926 1.07141 -0.082927 0.301224 1.13358 -0.073693 0.195926 1.09841 -0.097802 0.301224 1.15933 -0.121113 0.195925 1.09841 -0.144853 0.301223 1.13358 -0.168532 0.301223 1.07141 -0.193356 0.195925 1.07141 -0.159296 0.301223 1.00924 -0.168532 0.394477 1.0466 -0.150367 0.387474 1.0466 -0.106933 0.387475 1.07141 -0.093412 0.369676 1.07141 -0.163897 0.369676 1.04637 -0.150598 0.395112 1.07141 -0.163567 0.608093 1.07141 -0.152224 0.608093 1.05028 -0.143113 0.608094 1.05028 -0.102363 0.608094 1.07141 -0.090008 0.625446 1.07141 -0.155251 0.625446 1.05053 -0.145254 0.625447 1.05053 -0.096978 0.625447 1.07141 -0.086981 0.675154 1.04679 -0.120743 0.672373 1.07478 -0.17687 0.672525 1.0539 -0.169628 0.733663 1.0766 -0.187597 0.730056 1.05617 -0.181727 0.730056 1.0554 -0.120927 0.741519 1.07667 -0.187627 0.745598 1.05651 -0.181599 0.745522 1.05576 -0.12094 0.746129 1.05747 -0.059068 0.741975 1.07667 -0.052786 0.745522 1.05576 -0.12094 0.778082 1.07667 -0.186599 0.774882 1.05705 -0.181331 0.778365 1.05608 -0.120983 0.778365 1.05608 -0.120983 0.779861 1.05784 -0.059439 0.782709 1.07667 -0.053381 0.805335 1.0574 -0.120942 0.806827 1.05912 -0.060633 0.847882 1.06044 -0.120804 0.840171 1.06142 -0.062752 0.848279 1.07671 -0.058152 0.855776 1.07669 -0.120682 0.802485 1.07668 -0.054346 0.351592 1.09667 -0.10692 0.195925 1.09841 -0.144853 0.195926 1.09841 -0.097802 0.345226 1.09667 -0.150494 0.351592 1.07141 -0.092764 0.195926 1.07141 -0.082927 0.195925 1.07141 -0.159296 0.343951 1.07141 -0.164215 0.369676 1.09644 -0.150268 0.387475 1.07141 -0.093412 0.387474 1.09621 -0.10738 0.369676 1.07141 -0.163897 0.394477 1.09621 -0.150037 0.395112 1.07141 -0.163567 0.608094 1.09299 -0.10281 0.608093 1.09299 -0.139854 0.608093 1.07141 -0.152224 0.608094 1.07141 -0.090008 0.625447 1.09321 -0.096978 0.625446 1.09321 -0.145254 0.625446 1.07141 -0.155251 0.625447 1.07141 -0.086981 0.672525 1.09579 -0.169463 0.672373 1.07478 -0.17687 0.73662 1.09811 -0.120091 0.736619 1.09658 -0.18128 0.733663 1.0766 -0.187597 0.744381 1.09644 -0.181686 0.744291 1.09761 -0.12017 0.741519 1.07667 -0.187627 0.744804 1.09685 -0.058964 0.741975 1.07667 -0.052786 0.780163 1.0975 -0.120531 0.777147 1.09618 -0.181389 0.778082 1.07667 -0.186599 0.782709 1.07667 -0.053381 0.781591 1.09676 -0.059368 0.780163 1.0975 -0.120531 0.744291 1.09761 -0.12017 0.794088 1.09658 -0.059746 0.792665 1.09728 -0.120597 0.804572 1.097 -0.120633 0.805985 1.09633 -0.060219 0.848037 1.09492 -0.062752 0.848279 1.07671 -0.058152 0.855776 1.07669 -0.120682 0.855542 1.09503 -0.120532 0.802485 1.07668 -0.054346 0.789642 1.09592 -0.181062 0.797864 1.07667 -0.185604 0.801542 1.09561 -0.180651 0.838138 1.09418 -0.178726 0.855542 1.09503 -0.120532 0.838374 1.07667 -0.182668 0.855776 1.07669 -0.120682 0.804572 1.097 -0.120633 0.792665 1.09728 -0.120597 0.855776 1.07669 -0.120682 0.83036 1.06081 -0.178726 0.838374 1.07667 -0.182668 0.847882 1.06044 -0.120804 0.8018 1.05856 -0.180304 0.797864 1.07667 -0.185604 0.805335 1.0574 -0.120942 0.064232 1.67209 0.432901 0.05783 1.64944 0.404421 0.137537 1.72852 0.367882 0.073085 1.70544 0.480167 0.158355 1.68521 0.201164 0.16019 1.69893 0.103791 0.181368 1.69982 0.107479 0.135979 1.68727 0.194136 0.17013 1.67111 -0.043613 0.066206 1.60215 0.248616 0.081485 1.71847 0.343395 0 0.567482 0.061963 0.000000 0.490233 -0.282405 0 0.477827 -0.121519 0.000000 0.694614 0.05069 -0.095541 0.877359 -0.033842 0.000001 0.877359 0.004023 -0.000000 1.1249 -0.183398 -0.044046 1.1249 -0.165156 -0.105189 1.00864 -0.121109 -0.067098 1.01454 -0.057159 -0.100972 1.01675 -0.066425 -0.100434 1.00072 -0.121109 -0.055432 1.07128 -0.061325 -0.091855 1.07136 -0.060547 -0.074307 1.12342 -0.076984 -0.088434 1.12194 -0.076905 -0.089971 1.12655 -0.121109 -0.076819 1.12573 -0.121109 -0.044045 1.1249 -0.077063 -0.100434 1.00072 -0.121109 -0.105189 1.00864 -0.121109 -0.088435 1.12194 -0.165312 -0.089971 1.12655 -0.121109 -0.076819 1.12573 -0.121109 -0.074308 1.12342 -0.165234 -0.044046 1.1249 -0.165156 -0.063667 1.1249 -0.121109 0.001821 1.3457 0.029173 -0.158972 1.62224 0.044189 -0.100896 1.5425 0.123928 -0.104972 1.57276 0.1467 -0.042182 1.51566 0.199051 0.007814 1.49699 0.215803 -0.171416 1.71835 0.179318 -0.190609 1.73518 0.060691 -0.165328 1.68724 0.165368 -0.146165 1.69772 0.307058 -0.141166 1.67073 0.277647 -0.003574 1.70592 0.542062 -0.184488 1.70081 0.054936 -0.190358 1.68565 0.009828 -0.14981 1.64495 0.090373 0.162678 1.62433 0.077939 0.111533 1.54228 0.137428 0.114826 1.5715 0.162148 0.057094 1.51528 0.20144 0.153131 1.64386 0.124604 0.181368 1.69982 0.107479 0.191644 1.68938 0.056535 0.187342 1.73427 0.111452 0.158355 1.68521 0.201164 0.163915 1.71457 0.214659 -0.03466 1.52266 0.194508 -0.104972 1.57276 0.1467 -0.042182 1.51566 0.199051 -0.095836 1.57507 0.147032 0.007814 1.49699 0.215803 -0.138117 1.64194 0.092484 -0.14981 1.64495 0.090373 0.00774 1.51028 0.204813 0.04958 1.52229 0.196897 0.114826 1.5715 0.162148 0.105665 1.57376 0.162262 0.057094 1.51528 0.20144 0.141654 1.64081 0.125137 0.153131 1.64386 0.124604 -0.07019 1.65059 0.398979 -0.005988 1.64506 0.421849 -0.006159 1.63998 0.440188 -0.060597 1.65637 0.379984 -0.116295 1.6724 0.269103 -0.141166 1.67073 0.277647 -0.058536 1.47916 0.075091 -0.095836 1.57507 0.147032 -0.03466 1.52266 0.194508 0.003531 1.46172 0.078235 0.00774 1.51028 0.204813 -0.146029 1.78766 0.085043 -0.005988 1.64506 0.421849 -0.060597 1.65637 0.379984 -0.001505 1.79297 0.094259 -0.116295 1.6724 0.269103 0.141693 1.78664 0.129355 0.048446 1.65538 0.385638 0.106398 1.67044 0.288928 0.067723 1.47979 0.079223 0.105665 1.57376 0.162262 0.04958 1.52229 0.196897 -0.146029 1.78766 0.085043 -0.001505 1.79297 0.094259 -0.142649 1.68903 0.159569 -0.162531 1.77843 0.068048 -0.16864 1.67572 -0.146559 -0.125856 1.61826 0.091804 -0.19739 1.76977 -0.145791 -0.128341 1.59308 -0.075135 -0.10645 1.4904 0.013272 -0.105124 1.56475 0.06427 -0.123845 1.50465 -0.13319 -0.047771 1.54981 0.151903 -0.060848 1.47893 0.105322 0.00537 1.54306 0.182253 0.007139 1.45645 0.15308 0.095542 0.877359 -0.033843 0.044045 1.1249 -0.165156 0.105189 1.00864 -0.12111 0.067099 1.01454 -0.05716 0.100434 1.00072 -0.12111 0.100973 1.01675 -0.066426 0.055433 1.07128 -0.061326 0.091857 1.07136 -0.060549 0.074308 1.12342 -0.076985 0.088435 1.12194 -0.076907 0.089971 1.12655 -0.121111 0.076819 1.12573 -0.12111 0.044046 1.1249 -0.077063 0.100434 1.00072 -0.12111 0.105189 1.00864 -0.12111 0.088434 1.12194 -0.165314 0.089971 1.12655 -0.121111 0.076819 1.12573 -0.12111 0.074307 1.12342 -0.165235 0.044045 1.1249 -0.165156 0.063667 1.1249 -0.12111 0.130981 1.66838 0.298587 0.135517 1.6935 0.327709 0.05783 1.64944 0.404421 0.048446 1.65538 0.385638 0.106398 1.67044 0.288928 0.130981 1.66838 0.298587 0.141693 1.78664 0.129355 0.135979 1.68727 0.194136 0.159301 1.77861 0.110894 0.170843 1.68267 -0.129595 0.200092 1.7759 -0.124586 0.122953 1.6193 0.10017 0.132644 1.59308 -0.075138 0.111701 1.49199 0.019693 0.124966 1.50644 -0.129518 0.113129 1.56475 0.064268 0.058715 1.54981 0.151902 0.071584 1.47939 0.111255 -0.063667 1.1249 -0.121109 -0.063667 1.1249 -0.121109 0.063667 1.1249 -0.12111 0.063667 1.1249 -0.12111 -0.172016 2.01003 0.030431 -0.18188 2.00199 0.021702 -0.179261 2.0078 0.03131 -0.174055 2.00482 0.020998 -0.165674 2.00786 0.029538 -0.168505 2.00166 0.020275 -0.162027 2.00132 0.028872 -0.161799 1.99444 0.028609 -0.167397 1.99505 0.019923 -0.170887 2.00918 0.043076 -0.178134 2.00695 0.043956 -0.164545 2.007 0.042184 -0.1609 2.00047 0.041517 -0.160673 1.99359 0.041255 -0.171341 2.00295 0.053633 -0.178275 2.00065 0.054338 -0.165381 1.99937 0.05291 -0.165388 1.99286 0.052559 -0.176703 1.99538 0.015635 -0.176703 1.99538 0.015635 -0.172971 1.99256 0.057463 -0.172971 1.99256 0.057463 -0.172971 1.99256 0.057463 -0.185466 2.00177 0.031941 -0.184936 1.99499 0.022014 -0.188971 1.99433 0.032154 -0.18188 2.00199 0.021702 -0.179261 2.0078 0.03131 -0.184343 2.00092 0.044586 -0.187851 1.99348 0.044799 -0.178134 2.00695 0.043956 -0.178275 2.00065 0.054338 -0.181243 1.99279 0.05465 -0.176703 1.99538 0.015635 -0.172971 1.99256 0.057463 -0.176703 1.99538 0.015635 -0.167397 1.99413 0.019923 -0.161799 1.99444 0.028609 -0.161799 1.99352 0.028609 -0.167397 1.99505 0.019923 -0.188971 1.99341 0.032154 -0.184936 1.99499 0.022014 -0.184936 1.99407 0.022014 -0.188971 1.99433 0.032154 -0.160673 1.99359 0.041255 -0.161799 1.99352 0.028609 -0.161799 1.99444 0.028609 -0.160673 1.99267 0.041255 -0.187851 1.99256 0.044799 -0.188971 1.99433 0.032154 -0.188971 1.99341 0.032154 -0.187851 1.99348 0.044799 -0.160673 1.99267 0.041255 -0.165388 1.99286 0.052559 -0.165388 1.99193 0.052559 -0.160673 1.99359 0.041255 -0.181243 1.99187 0.05465 -0.187851 1.99348 0.044799 -0.187851 1.99256 0.044799 -0.181243 1.99279 0.05465 -0.176703 1.99446 0.015635 -0.167397 1.99505 0.019923 -0.167397 1.99413 0.019923 -0.176703 1.99538 0.015635 -0.184936 1.99407 0.022014 -0.176703 1.99538 0.015635 -0.176703 1.99446 0.015635 -0.184936 1.99499 0.022014 -0.165388 1.99193 0.052559 -0.172971 1.99256 0.057463 -0.172971 1.99164 0.057463 -0.165388 1.99286 0.052559 -0.172971 1.99164 0.057463 -0.181243 1.99279 0.05465 -0.181243 1.99187 0.05465 -0.172971 1.99256 0.057463 -0.165388 1.99193 0.052559 -0.172971 1.99164 0.057463 -0.181243 1.99187 0.05465 -0.187851 1.99256 0.044799 -0.160673 1.99267 0.041255 -0.188971 1.99341 0.032154 -0.161799 1.99352 0.028609 -0.184936 1.99407 0.022014 -0.167397 1.99413 0.019923 -0.176703 1.99446 0.015635 -0.167832 1.98143 0.029169 -0.167388 1.99328 0.019897 -0.161733 1.99267 0.028641 -0.170185 1.98617 0.020209 -0.178841 1.97652 0.030364 -0.178473 1.98307 0.020913 -0.185236 1.97872 0.031257 -0.184017 1.98693 0.021636 -0.189005 1.98476 0.031923 -0.18914 1.99256 0.032186 -0.18504 1.99322 0.021987 -0.166735 1.98062 0.041777 -0.160664 1.99182 0.04125 -0.177705 1.97573 0.042972 -0.18408 1.97791 0.043865 -0.187841 1.98393 0.044532 -0.187976 1.99171 0.044794 -0.168139 1.98447 0.05287 -0.165444 1.99108 0.052559 -0.17534 1.98194 0.053575 -0.180749 1.98503 0.054298 -0.1813 1.99102 0.05465 -0.17676 1.99361 0.015635 -0.173028 1.99079 0.057463 -0.173028 1.99079 0.057463 -0.173028 1.99079 0.057463 -0.173028 1.99079 0.057463 -0.17676 1.99361 0.015635 -0.17676 1.99361 0.015635 -0.17676 1.99361 0.015635 -0.161733 1.9936 0.028641 -0.167388 1.99328 0.019897 -0.167388 1.99421 0.019897 -0.161733 1.99267 0.028641 -0.18504 1.99415 0.021987 -0.18914 1.99256 0.032186 -0.18914 1.99349 0.032186 -0.18504 1.99322 0.021987 -0.160664 1.99275 0.04125 -0.161733 1.99267 0.028641 -0.161733 1.9936 0.028641 -0.160664 1.99182 0.04125 -0.187976 1.99171 0.044794 -0.18914 1.99349 0.032186 -0.18914 1.99256 0.032186 -0.187976 1.99264 0.044794 -0.165444 1.99201 0.052559 -0.160664 1.99182 0.04125 -0.160664 1.99275 0.04125 -0.165444 1.99108 0.052559 -0.187976 1.99264 0.044794 -0.1813 1.99102 0.05465 -0.1813 1.99195 0.05465 -0.187976 1.99171 0.044794 -0.167388 1.99421 0.019897 -0.17676 1.99361 0.015635 -0.17676 1.99454 0.015635 -0.167388 1.99328 0.019897 -0.17676 1.99454 0.015635 -0.18504 1.99322 0.021987 -0.18504 1.99415 0.021987 -0.17676 1.99361 0.015635 -0.173028 1.99172 0.057463 -0.165444 1.99108 0.052559 -0.165444 1.99201 0.052559 -0.173028 1.99079 0.057463 -0.1813 1.99195 0.05465 -0.173028 1.99079 0.057463 -0.173028 1.99172 0.057463 -0.1813 1.99102 0.05465 -0.173028 1.99172 0.057463 -0.165444 1.99201 0.052559 -0.1813 1.99195 0.05465 -0.160664 1.99275 0.04125 -0.187976 1.99264 0.044794 -0.161733 1.9936 0.028641 -0.18914 1.99349 0.032186 -0.167388 1.99421 0.019897 -0.18504 1.99415 0.021987 -0.17676 1.99454 0.015635 0.172019 2.01003 0.030427 0.181882 2.00199 0.021698 0.174057 2.00482 0.020994 0.179263 2.0078 0.031307 0.165676 2.00786 0.029535 0.168507 2.00166 0.020271 0.16203 2.00132 0.028868 0.161801 1.99444 0.028606 0.167399 1.99505 0.01992 0.17089 2.00918 0.043072 0.178137 2.00695 0.043952 0.164548 2.007 0.04218 0.160903 2.00047 0.041513 0.160676 1.99359 0.041251 0.171344 2.00295 0.05363 0.178278 2.00065 0.054334 0.165384 1.99937 0.052907 0.165391 1.99286 0.052556 0.176706 1.99538 0.015631 0.176706 1.99538 0.015631 0.172975 1.99256 0.057459 0.172975 1.99256 0.057459 0.172975 1.99256 0.057459 0.176706 1.99538 0.015631 0.185469 2.00177 0.031937 0.184938 1.99499 0.02201 0.181882 2.00199 0.021698 0.188974 1.99433 0.03215 0.179263 2.0078 0.031307 0.184346 2.00092 0.044582 0.187854 1.99348 0.044795 0.178137 2.00695 0.043952 0.178278 2.00065 0.054334 0.181247 1.99279 0.054646 0.176706 1.99538 0.015631 0.172975 1.99256 0.057459 0.167399 1.99413 0.01992 0.161801 1.99444 0.028606 0.167399 1.99505 0.01992 0.161801 1.99352 0.028606 0.188974 1.99341 0.03215 0.184938 1.99499 0.02201 0.188974 1.99433 0.03215 0.184938 1.99407 0.02201 0.160676 1.99359 0.041251 0.161801 1.99352 0.028606 0.160676 1.99267 0.041251 0.161801 1.99444 0.028606 0.187854 1.99256 0.044795 0.188974 1.99433 0.03215 0.187854 1.99348 0.044795 0.188974 1.99341 0.03215 0.160676 1.99267 0.041251 0.165391 1.99286 0.052556 0.160676 1.99359 0.041251 0.165391 1.99193 0.052556 0.181247 1.99187 0.054646 0.187854 1.99348 0.044795 0.181247 1.99279 0.054646 0.187854 1.99256 0.044795 0.176706 1.99446 0.015631 0.167399 1.99505 0.01992 0.176706 1.99538 0.015631 0.167399 1.99413 0.01992 0.184938 1.99407 0.02201 0.176706 1.99538 0.015631 0.184938 1.99499 0.02201 0.176706 1.99446 0.015631 0.165391 1.99193 0.052556 0.172975 1.99256 0.057459 0.165391 1.99286 0.052556 0.172975 1.99164 0.057459 0.172975 1.99164 0.057459 0.181247 1.99279 0.054646 0.172975 1.99256 0.057459 0.181247 1.99187 0.054646 0.181247 1.99187 0.054646 0.172975 1.99164 0.057459 0.165391 1.99193 0.052556 0.187854 1.99256 0.044795 0.160676 1.99267 0.041251 0.188974 1.99341 0.03215 0.161801 1.99352 0.028606 0.184938 1.99407 0.02201 0.167399 1.99413 0.01992 0.176706 1.99446 0.015631 0.167835 1.98143 0.029166 0.16739 1.99328 0.019893 0.170187 1.98617 0.020205 0.161736 1.99267 0.028638 0.178844 1.97652 0.03036 0.178475 1.98307 0.020909 0.185239 1.97872 0.031253 0.18402 1.98693 0.021632 0.189008 1.98476 0.031919 0.189143 1.99256 0.032182 0.185043 1.99322 0.021983 0.166738 1.98062 0.041774 0.160667 1.99182 0.041246 0.177708 1.97573 0.042968 0.184083 1.97791 0.043861 0.187844 1.98393 0.044528 0.187979 1.99171 0.04479 0.168142 1.98447 0.052867 0.165447 1.99108 0.052556 0.175343 1.98194 0.053571 0.180752 1.98503 0.054294 0.181303 1.99102 0.054646 0.176762 1.99361 0.015631 0.173031 1.99079 0.057459 0.173031 1.99079 0.057459 0.173031 1.99079 0.057459 0.173031 1.99079 0.057459 0.176762 1.99361 0.015631 0.176762 1.99361 0.015631 0.176762 1.99361 0.015631 0.161736 1.9936 0.028638 0.16739 1.99328 0.019893 0.161736 1.99267 0.028638 0.16739 1.99421 0.019893 0.185043 1.99415 0.021983 0.189143 1.99256 0.032182 0.185043 1.99322 0.021983 0.189143 1.99349 0.032182 0.160667 1.99275 0.041246 0.161736 1.99267 0.028638 0.160667 1.99182 0.041246 0.161736 1.9936 0.028638 0.187979 1.99171 0.04479 0.189143 1.99349 0.032182 0.187979 1.99264 0.04479 0.189143 1.99256 0.032182 0.165447 1.99201 0.052556 0.160667 1.99182 0.041246 0.165447 1.99108 0.052556 0.160667 1.99275 0.041246 0.187979 1.99264 0.04479 0.181303 1.99102 0.054646 0.187979 1.99171 0.04479 0.181303 1.99195 0.054646 0.16739 1.99421 0.019893 0.176762 1.99361 0.015631 0.16739 1.99328 0.019893 0.176762 1.99454 0.015631 0.176762 1.99454 0.015631 0.185043 1.99322 0.021983 0.176762 1.99361 0.015631 0.185043 1.99415 0.021983 0.173031 1.99172 0.057459 0.165447 1.99108 0.052556 0.173031 1.99079 0.057459 0.165447 1.99201 0.052556 0.181303 1.99195 0.054646 0.173031 1.99079 0.057459 0.181303 1.99102 0.054646 0.173031 1.99172 0.057459 0.181303 1.99195 0.054646 0.165447 1.99201 0.052556 0.173031 1.99172 0.057459 0.160667 1.99275 0.041246 0.187979 1.99264 0.04479 0.161736 1.9936 0.028638 0.189143 1.99349 0.032182 0.16739 1.99421 0.019893 0.185043 1.99415 0.021983 0.176762 1.99454 0.015631</float_array>
          <technique_common>
            <accessor source="#GeometrySource-array" count="1743" stride="3">
              <param name="X" type="float"/>
              <param name="Y" type="float"/>
              <param name="Z" type="float"/>
            </accessor>
          </technique_common>
        </source>
        <source id="GeometrySource1" name="Phineas_D.pngNrm">
          <float_array id="GeometrySource1-array" count="5229">-0.361719 -0.905344 0.222513 -0.026259 -0.999587 -0.011668 -0.112759 -0.970436 0.2134 -0.296561 -0.954664 -0.025866 0.413608 -0.910455 0.000506 -0.147006 -0.937085 -0.316639 -0.340533 -0.939453 -0.038273 0.246386 -0.897468 -0.365847 -0.101728 -0.968911 -0.22553 -0.419581 -0.907684 0.007898 -0.346135 -0.90608 -0.243331 0.481024 -0.771516 0.416388 -0.957494 0.271344 -0.097866 -0.670139 0.69763 0.253428 -0.699572 0.714492 0.010063 -0.742986 0.357004 0.566144 0.004268 0.873286 0.487189 -0.023917 0.394791 0.91846 0.672875 0.658666 0.336748 0.766784 0.232897 0.598165 -0.943098 0.302969 0.137025 0.961003 0.256334 0.103754 0.919963 0.023445 0.391303 0.925579 0.008949 -0.378448 0.829903 -0.02581 0.55731 0.848247 0.041539 -0.527969 -0.925566 -0.004719 -0.378557 -0.000151 0.033209 -0.999448 -0.896588 0.019082 -0.442454 0.00006 -0.020436 -0.999791 -0.000151 0.033209 -0.999448 0.00006 -0.020436 -0.999791 0.925534 -0.010847 -0.378509 0.884066 -0.000003 0.467361 -0.147006 -0.937085 -0.316639 -0.340533 -0.939453 -0.038273 -0.829978 0.017768 0.557513 0.481024 -0.771516 0.416388 -0.296561 -0.954664 -0.025866 0.83003 0.008878 0.557649 -0.026259 -0.999587 -0.011668 -0.026259 -0.999587 -0.011668 0.503372 -0.705638 -0.498689 -0.013222 0.136818 -0.990508 0.839341 0.183261 -0.511782 -0.183671 -0.296097 -0.937332 0.825614 -0.555233 -0.100388 0.941844 0.324042 -0.089033 0.961003 0.256334 0.103754 0.729051 -0.671069 0.134725 0.766784 0.232897 0.598165 0.551589 -0.704872 0.445988 0.177553 -0.333256 0.925967 -0.023917 0.394791 0.91846 -0.486378 -0.710662 0.508327 -0.742986 0.357004 0.566144 -0.826518 -0.55177 0.111435 -0.943098 0.302969 0.137025 -0.957494 0.271344 -0.097866 -0.56523 -0.821965 -0.069927 -0.744725 -0.531845 -0.403146 -0.798504 0.179773 -0.57452 -0.183671 -0.296097 -0.937332 -0.013222 0.136818 -0.990508 -0.486378 -0.710662 0.508327 0.729051 -0.671069 0.134725 0.551589 -0.704872 0.445988 -0.826518 -0.55177 0.111435 0.825614 -0.555233 -0.100388 -0.56523 -0.821965 -0.069927 0.503372 -0.705638 -0.498689 -0.744725 -0.531845 -0.403146 -0.183671 -0.296097 -0.937332 0.177553 -0.333256 0.925967 -0.663169 0.25073 -0.705224 -0.000007 0.240055 -0.970759 -0.000007 0.246889 -0.969044 -0.461514 0.016753 -0.886975 -0.530328 -0.078445 0.844156 0.000006 0.209909 0.977721 -0.152164 0.183471 0.971177 0.000007 0.25827 0.966073 -0.522716 0.240173 0.817976 0.000006 -0.051715 0.998662 -0.861839 0.507181 0.000055 -0.766189 0.007912 -0.642566 -0.91115 0.146825 -0.385031 -0.004462 -0.940543 -0.339645 -0.766189 0.007912 -0.642566 -0.031607 -0.858604 0.511664 -0.91115 0.146825 -0.385031 -0.792298 -0.607835 0.05292 -0.041104 0.005139 0.999142 0.009858 0.006248 -0.999932 -0.697781 0.713642 -0.061782 0.384143 -0.878143 0.28513 -0.522264 -0.843391 0.12622 -0.352869 -0.876758 0.326769 -0.98859 -0.01852 0.14949 -0.557025 0.035958 0.829717 -0.034624 -0.8559 0.51598 0.037914 0.010601 0.999225 0.516448 -0.848949 0.112108 0.924173 -0.043499 0.37949 0.992633 0.076108 0.094268 0.533544 -0.843596 0.060638 -0.536735 -0.840638 0.072408 -0.22934 -0.825715 0.515361 -0.638408 -0.161042 0.752662 0.653161 -0.090921 0.751741 0.56677 -0.730054 0.381828 -0.995022 0.066698 0.074049 0.997753 -0.002746 0.06695 0.502728 0.83786 0.212733 0.992633 0.076108 0.094268 0.924173 -0.043499 0.37949 0.353118 0.927639 0.121633 -0.106299 0.889916 0.443565 0.055423 0.998286 -0.018776 -0.607327 0.777734 0.162123 -0.557025 0.035958 0.829717 0.037914 0.010601 0.999225 -0.01157 0.793645 0.608272 -0.98859 -0.01852 0.14949 -0.638408 -0.161042 0.752662 0.244148 0.739372 0.627471 -0.619348 0.662206 0.421771 -0.360057 0.930289 0.070152 -0.995022 0.066698 0.074049 0.633639 0.769887 0.075994 0.653161 -0.090921 0.751741 0.997753 -0.002746 0.06695 0.53533 0.843487 0.044172 -0.535749 0.841221 0.072939 -0.64528 -0.35358 -0.677197 -0.569612 -0.42207 -0.705265 -0.00001 -0.407825 -0.91306 -0.000012 -0.477015 -0.878896 -0.685508 -0.350949 -0.637897 -0.915007 -0.310718 -0.257325 -0.985035 -0.079527 -0.152912 -0.919743 -0.021354 -0.39194 -0.955948 0.293526 -0.002596 -0.677965 0.73293 0.056368 -0.546499 0.82081 0.166164 -0.940714 0.286632 0.181381 -0.55975 0.805073 0.19631 -0.89752 -0.064725 -0.436199 -0.644298 0.759169 0.092421 -0.926101 0.287049 -0.244827 0.000003 0.975919 0.218134 0.000003 0.97189 0.235437 0.000003 0.97701 0.213194 -0.000012 -0.528563 -0.848894 -0.00001 -0.642142 -0.766586 0.000002 0.979125 0.203262 -0.000009 -0.687572 -0.726116 -0.011549 -0.837665 0.546063 -0.000353 -0.64715 0.762363 -0.799074 -0.223148 0.558289 0.000008 0.751777 0.659417 -0.709022 -0.554522 0.435653 -0.950312 -0.025438 0.310259 -0.622162 0.752818 0.214895 0.000003 0.980234 0.197844 0.000002 0.984227 0.176912 -0.000012 -0.518801 -0.854895 0.694113 -0.348388 -0.629946 0.582391 -0.421423 -0.695142 0.9218 -0.300591 -0.244805 0.652372 -0.349569 -0.672468 0.544249 0.821952 0.167891 0.953009 0.302904 0.004672 0.93992 0.284588 0.188575 0.562388 0.803277 0.196128 0.676844 0.733937 0.056727 0.921439 -0.021073 -0.387952 0.988232 -0.067505 -0.137261 0.897507 -0.064725 -0.436224 0.644302 0.759169 0.092402 0.926094 0.287049 -0.244853 -0.029156 0.661771 -0.749139 -0.26666 0.899532 0.346027 0.367652 0.888659 -0.274076 -0.566766 0.82137 0.064243 -0.341128 0.660993 0.668371 0.652537 0.013397 -0.757638 -0.935908 0.350824 0.031615 -0.06 0.094473 -0.993718 -0.108979 -0.289405 -0.950983 -0.945634 -0.232793 0.227119 0.082147 -0.755418 -0.650073 -0.701106 -0.429522 0.569175 -0.130925 -0.918062 0.374194 0.378083 -0.925599 -0.017885 0.060508 -0.612958 0.787795 0.77338 -0.633226 -0.030137 -0.142572 -0.206156 0.968077 0.755464 -0.338379 -0.561047 -0.108979 -0.289405 -0.950983 -0.06 0.094473 -0.993718 0.652537 0.013397 -0.757638 0.755464 -0.338379 -0.561047 0.082147 -0.755418 -0.650073 -0.029156 0.661771 -0.749139 0.77338 -0.633226 -0.030137 -0.701106 -0.429522 0.569175 0.060508 -0.612958 0.787795 -0.142572 -0.206156 0.968077 -0.130925 -0.918062 0.374194 -0.945634 -0.232793 0.227119 -0.341128 0.660993 0.668371 -0.935908 0.350824 0.031615 -0.26666 0.899532 0.346027 -0.566766 0.82137 0.064243 0.667374 0.738341 -0.097288 -0.042004 0.864721 0.500493 0.798397 0.525907 0.29323 0.005873 0.981002 -0.193907 0.367652 0.888659 -0.274076 0.378083 -0.925599 -0.017885 -0.000013 0.202407 -0.979302 -0.129341 -0.360454 -0.923766 -0.578342 0.086467 -0.811199 -0.000013 0.04924 -0.998787 -0.112503 0.500123 -0.858615 -0.000014 0.240208 -0.970721 -0.000012 -0.392647 -0.919689 -0.000013 0.412814 -0.910815 0.129315 -0.360454 -0.92377 0.578319 0.086467 -0.811215 0.112477 0.500123 -0.858619 -0.211055 0.491507 -0.844912 -0.567722 -0.15226 -0.809017 0.000014 -0.221701 0.975115 -0.052266 -0.081796 0.995278 -0.518904 -0.15103 0.841385 0.000014 -0.252536 0.967588 -0.919299 -0.035402 0.391965 0.000013 -0.407767 0.913086 -0.054222 -0.459146 0.886705 0.000014 -0.258667 0.965967 -0.707102 -0.456487 0.540025 0.000014 -0.176185 0.984357 0.000013 -0.326274 0.945275 0.000013 -0.483716 0.875225 0.052294 -0.081797 0.995276 0.518928 -0.151029 0.841371 0.91931 -0.035402 0.391938 0.707118 -0.456486 0.540004 0.054247 -0.459146 0.886703 -0.129341 -0.360454 -0.923766 -0.000012 -0.392647 -0.919689 -0.707102 -0.456487 0.540025 0.000013 -0.483716 0.875225 -0.054222 -0.459146 0.886705 0.542713 -0.657658 0.522446 -0.567722 -0.15226 -0.809017 -0.194659 -0.863807 0.464699 0.707118 -0.456486 0.540004 0.129315 -0.360454 -0.92377 0.054247 -0.459146 0.886703 -0.542698 -0.657657 0.522462 0.567699 -0.15226 -0.809033 0.194674 -0.863805 0.464697 -0.919299 -0.035402 0.391965 0.000013 -0.326274 0.945275 -0.000011 0.609624 -0.792691 -0.000013 0.412814 -0.910815 -0.112503 0.500123 -0.858615 -0.052266 -0.081796 0.995278 0.91931 -0.035402 0.391938 0.112477 0.500123 -0.858619 0.052294 -0.081797 0.995276 0.741568 0.496258 0.451448 -0.211055 0.491507 -0.844912 -0.211174 0.91583 0.341557 -0.741555 0.496258 0.451469 0.211031 0.491507 -0.844918 0.211192 0.915828 0.341552 -0.77491 -0.302985 0.554721 0.741568 0.496258 0.451448 -0.211174 0.91583 0.341557 0.542713 -0.657658 0.522446 -0.778483 0.169201 0.60443 -0.194659 -0.863807 0.464699 -0.77491 -0.302985 0.554721 -0.211174 0.91583 0.341557 -0.211055 0.491507 -0.844912 -0.578342 0.086467 -0.811199 -0.518904 -0.15103 0.841385 -0.567722 -0.15226 -0.809017 -0.778483 0.169201 0.60443 -0.194659 -0.863807 0.464699 -0.316922 0.919591 -0.232191 0.273163 0.67439 -0.685988 -0.607489 0.453404 -0.652214 -0.807145 0.549209 -0.216532 -0.400838 0.894001 0.200228 -0.887436 0.450222 0.098781 -0.904995 -0.038301 -0.423695 -0.979902 -0.194553 -0.044061 -0.519742 -0.654996 -0.548496 -0.272969 -0.355567 -0.893902 -0.462043 -0.868741 -0.178342 0.314264 -0.75343 -0.577565 0.399432 -0.89955 -0.176816 0.80367 -0.424058 -0.417478 0.607398 -0.165297 -0.77701 0.887251 -0.452644 -0.088878 0.906241 0.195191 -0.375004 0.97983 0.195401 0.041854 0.523711 0.816056 -0.244496 0.273163 0.67439 -0.685988 0.459322 0.867473 0.191088 -0.316922 0.919591 -0.232191 -0.400838 0.894001 0.200228 0.311579 0.754855 0.577158 -0.420291 0.708009 0.56752 0.875778 0.145799 0.460169 0.868657 -0.428465 0.248703 0.423286 -0.873127 0.241822 -0.315234 -0.920986 0.228936 -0.879818 -0.307814 0.362175 -0.866741 0.302739 0.396369 -0.420291 0.708009 0.56752 -0.596258 0.156455 0.7874 0.267412 0.34179 0.900927 0.596689 -0.450848 0.663851 -0.267307 -0.666345 0.696083 0.267412 0.34179 0.900927 0.311579 0.754855 0.577158 0.000647 -0.198996 0.98 0.267412 0.34179 0.900927 0.267412 0.34179 0.900927 0.000647 -0.198996 0.98 -0.267307 -0.666345 0.696083 0.000647 -0.198996 0.98 -0.267307 -0.666345 0.696083 0.000647 -0.198996 0.98 -0.000007 0.196657 -0.980472 0.273163 0.67439 -0.685988 -0.000007 0.196657 -0.980472 -0.272969 -0.355567 -0.893902 -0.000007 0.196657 -0.980472 -0.272969 -0.355567 -0.893902 -0.000007 0.196657 -0.980472 0.273163 0.67439 -0.685988 0.523711 0.816056 -0.244496 -0.108976 0.38703 0.915605 -0.226566 0.309083 0.923653 0.01902 0.178371 0.983779 0.046608 0.404172 0.913495 0.192392 0.35402 0.915235 0.285998 0.255399 0.923567 0.307096 0.139076 0.941462 0.254849 0.034059 0.966381 0.14183 -0.035487 0.989255 -0.005157 -0.051768 0.998646 -0.147235 -0.009294 0.989058 -0.245736 0.081136 0.965935 -0.275112 0.196736 0.941068 0.112756 -0.970436 0.213401 0.026256 -0.999587 -0.011668 0.361716 -0.905345 0.222515 0.296559 -0.954664 -0.025865 0.340531 -0.939454 -0.03827 0.147005 -0.937086 -0.316638 -0.413609 -0.910454 0.000505 -0.246386 -0.897468 -0.365848 0.419579 -0.907685 0.007899 0.346132 -0.906081 -0.24333 0.101726 -0.968911 -0.225528 -0.481028 -0.771515 0.416386 0.699574 0.714489 0.010065 0.670142 0.697627 0.25343 0.957495 0.27134 -0.097863 -0.004266 0.873286 0.487189 0.742986 0.357001 0.566146 0.023916 0.394791 0.91846 -0.672873 0.658668 0.336746 -0.766785 0.2329 0.598162 0.943099 0.302965 0.137028 -0.961003 0.256338 0.103752 -0.829905 -0.025806 0.557308 -0.925578 0.008954 -0.378451 -0.919965 0.023448 0.391299 -0.848245 0.041542 -0.527972 0.89659 0.019076 -0.442451 0.000155 0.033208 -0.999449 0.925567 -0.004725 -0.378554 -0.000057 -0.020436 -0.999791 0.000155 0.033208 -0.999449 -0.000057 -0.020436 -0.999791 -0.925533 -0.010842 -0.378512 -0.884068 0.000002 0.467359 0.147005 -0.937086 -0.316638 0.340531 -0.939454 -0.03827 0.829976 0.017764 0.557516 -0.481028 -0.771515 0.416386 -0.830031 0.008882 0.557646 0.296559 -0.954664 -0.025865 0.026256 -0.999587 -0.011668 0.026256 -0.999587 -0.011668 -0.503373 -0.705636 -0.498691 0.013226 0.136818 -0.990508 0.183674 -0.296098 -0.937331 -0.839339 0.183265 -0.511785 -0.825616 -0.55523 -0.100391 -0.941842 0.324046 -0.089036 -0.961003 0.256338 0.103752 -0.729054 -0.671066 0.134723 -0.766785 0.2329 0.598162 -0.551593 -0.70487 0.445986 -0.177557 -0.333255 0.925967 0.023916 0.394791 0.91846 0.486373 -0.710664 0.508328 0.742986 0.357001 0.566146 0.826516 -0.551773 0.111438 0.943099 0.302965 0.137028 0.957495 0.27134 -0.097863 0.565226 -0.821967 -0.069926 0.744724 -0.531848 -0.403143 0.798507 0.17977 -0.574517 0.183674 -0.296098 -0.937331 0.013226 0.136818 -0.990508 0.486373 -0.710664 0.508328 -0.729054 -0.671066 0.134723 0.826516 -0.551773 0.111438 -0.551593 -0.70487 0.445986 -0.825616 -0.55523 -0.100391 0.565226 -0.821967 -0.069926 -0.503373 -0.705636 -0.498691 0.744724 -0.531848 -0.403143 0.183674 -0.296098 -0.937331 -0.177557 -0.333255 0.925967 0.663158 0.250729 -0.705235 0.4615 0.016752 -0.886982 0.152182 0.183473 0.971174 0.530341 -0.078442 0.844147 0.522729 0.240172 0.817968 0.911142 0.146823 -0.385051 0.766176 0.007909 -0.642582 0.861839 0.507181 0.000034 0.004469 -0.940475 -0.339833 0.766176 0.007909 -0.642582 0.911142 0.146823 -0.385051 0.031615 -0.858603 0.511666 0.7923 -0.607834 0.052906 0.041124 0.005142 0.999141 -0.009879 0.006246 -0.999932 0.697778 0.713643 -0.061799 0.352874 -0.876757 0.326767 0.522266 -0.843391 0.126213 -0.384137 -0.878142 0.285141 0.988593 -0.018518 0.149469 0.557043 0.035964 0.829705 0.03463 -0.855899 0.515983 -0.037893 0.010604 0.999225 -0.516446 -0.848948 0.112121 -0.924165 -0.043498 0.379508 -0.992631 0.076108 0.094287 -0.533544 -0.843595 0.060652 0.536736 -0.840638 0.072398 0.229351 -0.825713 0.51536 0.638424 -0.161038 0.752649 -0.653145 -0.090918 0.751755 -0.566761 -0.730053 0.381844 0.995023 0.0667 0.074028 -0.997751 -0.002745 0.066969 -0.924165 -0.043498 0.379508 -0.992631 0.076108 0.094287 -0.502723 0.837861 0.212739 -0.353117 0.927638 0.121637 0.10631 0.889918 0.443558 -0.055423 0.998286 -0.018779 0.60733 0.777736 0.162104 0.557043 0.035964 0.829705 -0.037893 0.010604 0.999225 0.011586 0.793647 0.608268 0.988593 -0.018518 0.149469 0.638424 -0.161038 0.752649 -0.244135 0.739375 0.627473 -0.653145 -0.090918 0.751755 -0.633635 0.76989 0.076004 -0.997751 -0.002745 0.066969 0.360058 0.93029 0.070141 0.619355 0.662211 0.421753 0.995023 0.0667 0.074028 -0.53533 0.843487 0.044178 0.535749 0.841222 0.072926 0.029136 0.661773 -0.749138 0.266671 0.899531 0.34602 0.566769 0.821369 0.064231 -0.367661 0.888658 -0.274067 0.341147 0.660994 0.66836 -0.652559 0.013396 -0.75762 0.935908 0.350824 0.03159 0.059972 0.094474 -0.993719 0.108953 -0.289405 -0.950986 0.945641 -0.232792 0.227092 -0.082165 -0.755418 -0.650071 0.701122 -0.429522 0.569156 0.130939 -0.918061 0.374192 -0.37808 -0.9256 -0.017873 -0.060485 -0.612958 0.787797 -0.773382 -0.633225 -0.030116 0.142599 -0.206156 0.968073 -0.75548 -0.338378 -0.561026 -0.652559 0.013396 -0.75762 0.059972 0.094474 -0.993719 0.108953 -0.289405 -0.950986 -0.75548 -0.338378 -0.561026 -0.082165 -0.755418 -0.650071 0.029136 0.661773 -0.749138 -0.773382 -0.633225 -0.030116 0.701122 -0.429522 0.569156 -0.060485 -0.612958 0.787797 0.130939 -0.918061 0.374192 0.142599 -0.206156 0.968073 0.945641 -0.232792 0.227092 0.341147 0.660994 0.66836 0.935908 0.350824 0.03159 0.266671 0.899531 0.34602 0.566769 0.821369 0.064231 0.798118 -0.230949 0.55648 0.698313 -0.56382 0.440984 0.948123 -0.04184 0.315138 0.624919 0.750354 0.215512 -0.678964 0.73119 -0.0661 -0.837445 0.473432 0.273036 -0.367661 0.888658 -0.274067 -0.37808 -0.9256 -0.017873 0.774925 -0.302985 0.554699 -0.741555 0.496258 0.451469 0.211192 0.915828 0.341552 -0.542698 -0.657657 0.522462 0.7785 0.169202 0.604408 0.194674 -0.863805 0.464697 0.211031 0.491507 -0.844918 0.211192 0.915828 0.341552 0.774925 -0.302985 0.554699 0.578319 0.086467 -0.811215 0.518928 -0.151029 0.841371 0.567699 -0.15226 -0.809033 0.7785 0.169202 0.604408 0.194674 -0.863805 0.464697 0.211031 0.491507 -0.844918 0.567699 -0.15226 -0.809033 0.60747 0.453404 -0.652231 -0.273182 0.674391 -0.68598 0.316914 0.919591 -0.232201 0.807139 0.549209 -0.216556 0.400843 0.894001 0.200217 0.887439 0.450222 0.098756 0.904983 -0.038302 -0.423721 0.979901 -0.194553 -0.044089 0.519726 -0.654997 -0.548511 0.272943 -0.355567 -0.89391 0.462038 -0.868741 -0.178354 -0.31428 -0.75343 -0.577556 -0.399437 -0.89955 -0.176805 -0.803682 -0.424059 -0.417456 -0.60742 -0.165297 -0.776993 -0.887253 -0.452644 -0.088853 -0.906252 0.195191 -0.374978 -0.979829 0.195401 0.041882 -0.523719 0.816056 -0.244481 -0.273182 0.674391 -0.68598 -0.459317 0.867472 0.191101 0.316914 0.919591 -0.232201 0.400843 0.894001 0.200217 -0.311564 0.754855 0.577166 0.420307 0.708009 0.567508 -0.875765 0.1458 0.460193 -0.86865 -0.428465 0.248727 -0.423279 -0.873128 0.241833 0.315241 -0.920986 0.228928 0.879828 -0.307814 0.362151 0.866753 0.302739 0.396345 0.420307 0.708009 0.567508 0.59628 0.156455 0.787383 -0.267387 0.341791 0.900935 -0.59667 -0.450848 0.663868 0.267327 -0.666345 0.696075 -0.267387 0.341791 0.900935 -0.311564 0.754855 0.577166 -0.267387 0.341791 0.900935 -0.00062 -0.198996 0.98 -0.00062 -0.198996 0.98 -0.267387 0.341791 0.900935 -0.00062 -0.198996 0.98 0.267327 -0.666345 0.696075 -0.00062 -0.198996 0.98 0.267327 -0.666345 0.696075 -0.273182 0.674391 -0.68598 -0.000019 0.196657 -0.980472 0.272943 -0.355567 -0.89391 -0.000019 0.196657 -0.980472 0.272943 -0.355567 -0.89391 -0.000019 0.196657 -0.980472 -0.273182 0.674391 -0.68598 -0.000019 0.196657 -0.980472 -0.523719 0.816056 -0.244481 -0.018992 0.178371 0.98378 0.226593 0.309083 0.923647 0.109002 0.38703 0.915602 -0.046582 0.404173 0.913496 -0.192364 0.35402 0.915241 -0.28597 0.255399 0.923576 -0.307069 0.139075 0.941471 -0.254822 0.034059 0.966388 -0.141802 -0.035487 0.989259 0.005185 -0.051768 0.998646 0.147263 -0.009294 0.989054 0.245763 0.081136 0.965928 0.275138 0.196736 0.94106 -0.682933 0.061269 0.727907 -0.806339 -0.588313 0.060865 -0.983149 0.131399 -0.12709 -0.546643 -0.656374 0.519956 -0.61903 -0.5439 -0.566547 -0.48942 -0.060779 -0.869928 0.000001 -0.295156 -0.955449 0.000001 -0.277713 -0.960664 -0.74367 0.082622 -0.663422 -0.980851 0.134502 0.140856 0.398417 -0.174846 -0.900385 0.163755 -0.497962 -0.851597 -0.437877 0.009902 0.89898 0.000000 -0.68806 -0.725654 -0.000001 -0.250927 0.968006 -0.034851 -0.407641 0.912477 -0.710318 -0.697017 -0.098062 -0.273054 -0.742655 -0.611478 0.292061 -0.771834 -0.564776 -0.393938 -0.825313 0.404563 0.366765 -0.513319 0.775878 0.495611 -0.184844 0.848647 -0.000001 -0.893469 0.449125 -0.000000 -0.999998 0.001795 0.799925 -0.562171 -0.209963 -0.000000 -0.996354 -0.085318 0.961199 -0.275835 0.003388 0.398417 -0.174846 -0.900385 0.947555 -0.192461 -0.255145 0.163755 -0.497962 -0.851597 0.999648 -0.024589 -0.010007 0.745164 -0.613979 -0.260308 0.45018 -0.892938 -0.000471 0.292061 -0.771834 -0.564776 -0.799925 -0.562169 -0.209965 -0.9612 -0.27583 0.003385 -0.398415 -0.174845 -0.900386 -0.163754 -0.497961 -0.851598 -0.947555 -0.192457 -0.255147 -0.745165 -0.613977 -0.26031 -0.999648 -0.024584 -0.01001 -0.450184 -0.892935 -0.000473 -0.292062 -0.771833 -0.564778 -0.000001 -0.893469 0.449125 0.666023 -0.692113 0.278197 -0.000001 -0.997456 0.071284 -0.034851 -0.407641 0.912477 0.495611 -0.184844 0.848647 0.931329 -0.109846 0.347219 0.961199 -0.275835 0.003388 0.999648 -0.024589 -0.010007 0.366765 -0.513319 0.775878 0.662395 -0.721786 0.200644 0.45018 -0.892938 -0.000471 0.211916 -0.928827 0.303929 -0.710318 -0.697017 -0.098062 -0.273054 -0.742655 -0.611478 0.413608 -0.910455 0.000506 -0.393938 -0.825313 0.404563 0.246386 -0.897468 -0.365847 -0.101728 -0.968911 -0.22553 0.366765 -0.513319 0.775878 0.662395 -0.721786 0.200644 -0.346135 -0.90608 -0.243331 0.45018 -0.892938 -0.000471 -0.569322 -0.822114 -0.00077 -0.361719 -0.905344 0.222513 0.745164 -0.613979 -0.260308 -0.112759 -0.970436 0.2134 0.292061 -0.771834 -0.564776 0.211916 -0.928827 0.303929 -0.569322 -0.822114 -0.00077 -0.012092 0.138541 -0.990283 0.789359 0.19598 -0.581812 -0.015411 0.204966 -0.978648 0.899065 0.118884 -0.421366 0.851894 0.522713 -0.032372 0.82338 0.374591 0.426295 0.112485 0.927461 0.356599 -0.004439 0.067849 -0.997686 0.848247 0.041539 -0.527969 0.919963 0.023445 0.391303 -0.010888 0.442399 0.896753 0.004806 -0.000945 0.999988 -0.923057 0.183516 0.338066 -0.795522 0.60295 0.059972 -0.833254 0.199729 -0.515555 -0.813407 0.124221 -0.568277 -0.015411 0.204966 -0.978648 -0.012092 0.138541 -0.990283 -0.830127 0.003853 0.557561 -0.918671 0.042185 -0.392765 -0.004439 0.067849 -0.997686 0.839341 0.183261 -0.511782 -0.015411 0.204966 -0.978648 0.789359 0.19598 -0.581812 -0.013222 0.136818 -0.990508 -0.833254 0.199729 -0.515555 -0.798504 0.179773 -0.57452 0.851894 0.522713 -0.032372 -0.795522 0.60295 0.059972 0.941844 0.324042 -0.089033 -0.051814 0.997992 0.036432 0.631857 0.773293 0.052669 0.112485 0.927461 0.356599 0.004806 -0.000945 0.999988 0.000162 -0.034701 0.999398 -0.830127 0.003853 0.557561 -0.884095 -0.010809 0.467183 -0.918671 0.042185 -0.392765 -0.004439 0.067849 -0.997686 -0.004439 0.067849 -0.997686 -0.000024 -0.000001 1 -0.884079 0.000002 0.467338 -0.419581 -0.907684 0.007898 -0.000124 0.023892 0.999715 -0.000002 0.204408 -0.978886 -0.674662 0.229309 -0.701604 -0.520417 -0.557939 -0.646429 0.000001 -0.693129 -0.720813 -0.849604 -0.524904 -0.051463 -0.972398 0.233323 -0.001819 -0.63944 -0.448779 0.624271 -0.673515 0.216291 0.706821 -0.61903 -0.5439 -0.566547 0.000001 -0.295156 -0.955449 0.000000 -0.219053 0.975713 -0.000001 -0.513427 0.858133 -0.546643 -0.656374 0.519956 -0.806339 -0.588313 0.060865 -0.965515 0.260336 -0.002492 -0.961281 -0.25568 0.102793 -0.000006 0.189604 -0.981861 -0.124886 0.233646 -0.964268 -0.602045 0.48403 0.635025 0.000005 0.711954 0.702226 -0.71516 0.456546 0.529256 0.000008 0.067938 0.99769 -0.875172 0.481999 -0.041841 -0.85913 0.507665 0.064594 -0.577927 0.663404 -0.475286 -0.645317 0.493443 -0.583164 -0.000005 0.52564 -0.850707 -0.000006 0.259504 -0.965742 0.172202 -0.67089 0.721286 -0.69251 -0.720447 0.03723 0.127002 -0.990253 -0.05718 -0.722484 -0.357743 0.591639 0.159586 -0.007008 0.987159 -0.7107 0.094278 0.697149 0.158035 0.746642 0.646182 -0.835512 0.364831 0.410876 -0.546153 0.837685 0.000007 0.155759 0.987576 -0.020821 0.102734 0.14053 -0.984732 -0.461514 0.016753 -0.886975 -0.132401 -0.637431 -0.759047 -0.124886 0.233646 -0.964268 0.173246 0.730356 -0.660732 -0.546153 0.837685 0.000007 0.155759 0.987576 -0.020821 0.180848 0.095733 -0.978841 -0.702128 0.406974 -0.584285 0.111711 -0.746424 -0.656027 -0.712882 -0.048708 -0.69959 -0.71631 -0.574516 -0.396019 0.127002 -0.990253 -0.05718 -0.69251 -0.720447 0.03723 -0.861839 0.507181 0.000055 -0.722484 -0.357743 0.591639 -0.901965 0.285576 -0.323892 -0.69251 -0.720447 0.03723 -0.7107 0.094278 0.697149 -0.824906 0.095728 -0.557105 -0.828183 0.333826 0.450192 -0.71631 -0.574516 -0.396019 -0.82491 -0.095795 0.557087 -0.712882 -0.048708 -0.69959 -0.835512 0.364831 0.410876 -0.829041 -0.336471 -0.44663 -0.546153 0.837685 0.000007 -0.862068 -0.506793 0.000069 -0.90197 -0.285567 0.323886 -0.702128 0.406974 -0.584285 -0.901965 0.285576 -0.323892 -0.824906 0.095728 -0.557105 -0.792298 -0.607835 0.05292 -0.829041 -0.336471 -0.44663 -0.935133 -0.115134 0.335067 -0.862068 -0.506793 0.000069 -0.749108 -0.007884 0.662401 -0.82491 -0.095795 0.557087 -0.697781 0.713642 -0.061782 -0.828183 0.333826 0.450192 -0.90197 -0.285567 0.323886 -0.026158 -0.936963 -0.348449 -0.013487 -0.859177 0.5115 -0.000199 0.084719 0.996405 -0.013209 0.005548 -0.999897 -0.01273 -0.721601 -0.692192 -0.033712 0.008667 -0.999394 0.084438 0.024513 -0.996127 0.035132 -0.839915 -0.541579 0.044533 -0.865604 0.498746 0.133682 -0.09306 0.986645 0.298986 -0.024318 -0.953948 0.158931 -0.870566 -0.465678 0.23547 -0.841646 0.48599 0.561726 -0.03486 0.826588 -0.044045 -0.998895 -0.016396 0.302665 -0.013307 -0.953004 0.117692 -0.77708 -0.6183 0.099561 0.013128 -0.994945 0.029571 -0.69449 -0.718895 -0.069067 -0.997356 -0.022594 -0.012467 -0.001311 -0.999921 -0.02266 -0.853971 -0.519826 -0.018421 -0.999766 0.011361 -0.023281 -0.799712 0.599933 -0.015028 -0.007507 0.999859 -0.018421 -0.999766 0.011361 -0.033783 -0.007259 -0.999403 -0.046793 -0.690135 -0.722166 -0.029087 -0.999575 0.0017 -0.029087 -0.999575 0.0017 -0.039388 -0.800474 0.598071 -0.033222 0.029347 0.999017 -0.061437 -0.99811 0.001116 -0.076224 -0.802153 0.592233 -0.547059 -0.837092 -0.001935 -0.347157 -0.678558 0.647334 -0.670109 -0.156343 0.72561 -0.972215 -0.222425 -0.072974 -0.065821 -0.02424 0.997537 -0.02217 0.902121 0.430912 -0.749108 -0.007884 0.662401 0.005441 0.792004 -0.610492 -0.935133 -0.115134 0.335067 -0.041104 0.005139 0.999142 -0.792298 -0.607835 0.05292 -0.697781 0.713642 -0.061782 0.009858 0.006248 -0.999932 -0.013059 0.859523 -0.51093 -0.000199 0.084719 0.996405 -0.009905 0.915705 0.40173 -0.013209 0.005548 -0.999897 -0.021704 0.860142 -0.509593 -0.033712 0.008667 -0.999394 0.075157 0.815318 0.574115 0.035039 0.864877 -0.500759 0.084438 0.024513 -0.996127 0.133682 -0.09306 0.986645 0.388555 0.865964 0.314852 0.23878 0.816554 -0.52557 0.298986 -0.024318 -0.953948 0.561726 -0.03486 0.826588 0.215046 0.782342 -0.584548 0.302665 -0.013307 -0.953004 -0.052489 0.99821 -0.028675 0.095201 0.715231 -0.692373 0.099561 0.013128 -0.994945 -0.008986 0.855609 -0.517544 -0.033655 0.999428 -0.003363 -0.012467 -0.001311 -0.999921 -0.025421 0.857058 0.514593 -0.015028 -0.007507 0.999859 -0.010331 0.99992 -0.00728 -0.024155 0.690711 -0.722727 -0.033783 -0.007259 -0.999403 -0.033222 0.029347 0.999017 -0.019411 0.877582 0.479034 -0.010331 0.99992 -0.00728 -0.033655 0.999428 -0.003363 -0.038091 0.796976 0.602809 -0.020639 0.999767 -0.006247 -0.030034 0.999547 -0.00174 -0.060692 0.691969 0.719372 -0.631267 0.683536 0.366443 -0.670109 -0.156343 0.72561 -0.972215 -0.222425 -0.072974 -0.694434 0.711328 -0.108504 -0.065821 -0.02424 0.997537 -0.03845 0.783396 -0.620332 -0.057517 0.022563 -0.998089 -0.046732 0.909438 -0.413204 -0.38149 0.52078 -0.763711 -0.694434 0.711328 -0.108504 -0.621019 -0.149201 -0.769464 -0.972215 -0.222425 -0.072974 -0.030034 0.999547 -0.00174 -0.020639 0.999767 -0.006247 -0.972215 -0.222425 -0.072974 -0.482408 -0.790775 -0.376773 -0.547059 -0.837092 -0.001935 -0.621019 -0.149201 -0.769464 -0.079035 -0.788155 -0.610381 -0.057517 0.022563 -0.998089 -0.061437 -0.99811 0.001116 -0.000008 -0.253874 -0.967237 -0.744348 -0.189905 -0.64022 -0.940241 -0.339701 -0.023454 -0.972223 -0.234052 -0.001709 -0.875172 0.481999 -0.041841 -0.577927 0.663404 -0.475286 -0.000005 0.52564 -0.850707 -0.919726 -0.345401 0.186553 -0.979937 -0.188546 0.064609 -0.717566 -0.391358 0.57614 -0.641723 -0.511202 0.57172 -0.71516 0.456546 0.529256 0.000008 0.067938 0.99769 -0.000378 -0.554812 0.831975 -0.991747 -0.103156 0.076134 -0.964201 -0.205865 0.167141 -0.299359 -0.952939 0.047875 -0.021694 -0.960232 0.27836 -0.635038 -0.646595 0.422659 -0.038436 -0.841579 0.538765 -0.600309 -0.655378 0.458377 -0.892083 -0.343327 0.293792 0.744338 -0.189905 -0.640232 0.937766 -0.344947 -0.040086 0.972222 -0.234053 -0.001725 0.875171 0.482 -0.041854 0.57792 0.663404 -0.475293 0.917888 -0.359411 0.16824 0.983565 -0.165576 0.072007 0.719662 -0.397256 0.56945 0.638864 -0.534446 0.553372 0.715168 0.456546 0.529246 -0.628842 -0.606602 0.486407 -0.011491 -0.759782 0.650076 -0.015236 -0.797197 0.603527 -0.794717 -0.463931 0.391398 0.607721 -0.635846 0.475789 0.787261 -0.499037 0.362191 0.99085 -0.088611 0.101806 0.955463 -0.230948 0.18372 -0.816552 -0.206452 0.539092 0.884535 -0.460265 0.075853 -0.686905 -0.72594 0.034242 -0.166362 -0.981644 -0.093266 0.497508 0.668385 0.552944 0.798397 0.525907 0.29323 0.884535 -0.460265 0.075853 0.883822 -0.078544 0.461183 -0.92197 -0.092925 0.375947 -0.837445 0.473432 0.273036 -0.861715 -0.503475 0.062929 -0.55523 0.526937 0.643473 -0.08429 -0.313574 0.945815 0.883822 -0.078544 0.461183 -0.815303 -0.406592 0.412267 -0.601469 -0.563502 0.566304 -0.000001 -0.682494 0.730891 -0.000393 -0.693929 0.720044 -0.72194 0.673395 0.159188 -0.672213 -0.728844 -0.130059 -0.6798 -0.732158 0.042635 -0.475726 0.871396 0.119808 -0.742726 0.486876 0.459685 -0.633741 -0.652015 0.416231 0.01511 0.413482 0.910387 0.009601 -0.886536 0.46256 0.651467 -0.647978 0.394608 0.755073 0.493394 0.431773 0.687129 -0.726293 0.018751 0.722038 0.678672 0.134408 0.672276 -0.724604 -0.15164 0.47568 0.873326 0.105024 0.000001 0.992876 0.119151 0.000001 0.990907 0.134546 0.000001 0.990494 0.137553 -0.000001 -0.989043 -0.147629 -0.000000 -0.987947 -0.154794 -0.000000 -0.992492 -0.122308 0.682931 0.061268 0.727909 0.80634 -0.588313 0.060866 0.546641 -0.656376 0.519956 0.98315 0.131397 -0.127088 0.619031 -0.543899 -0.566546 0.489422 -0.06078 -0.869926 0.743672 0.08262 -0.66342 0.980851 0.134499 0.140859 -0.398415 -0.174845 -0.900386 -0.163754 -0.497961 -0.851598 0.437875 0.009901 0.898981 0.034847 -0.40764 0.912478 0.710317 -0.697018 -0.09806 0.273054 -0.742656 -0.611477 -0.292062 -0.771833 -0.564778 0.393935 -0.825314 0.404564 -0.366769 -0.513318 0.775878 -0.495615 -0.184842 0.848646 -0.666026 -0.69211 0.278196 0.034847 -0.40764 0.912478 -0.495615 -0.184842 0.848646 -0.93133 -0.10984 0.347216 -0.9612 -0.27583 0.003385 -0.999648 -0.024584 -0.01001 -0.366769 -0.513318 0.775878 -0.662399 -0.721783 0.200643 -0.450184 -0.892935 -0.000473 -0.211918 -0.928826 0.303928 0.710317 -0.697018 -0.09806 -0.413609 -0.910454 0.000505 0.393935 -0.825314 0.404564 -0.246386 -0.897468 -0.365848 0.101726 -0.968911 -0.225528 -0.366769 -0.513318 0.775878 -0.662399 -0.721783 0.200643 0.346132 -0.906081 -0.24333 -0.450184 -0.892935 -0.000473 0.569318 -0.822117 -0.000769 0.361716 -0.905345 0.222515 -0.745165 -0.613977 -0.26031 0.112756 -0.970436 0.213401 -0.292062 -0.771833 -0.564778 0.273054 -0.742656 -0.611477 -0.211918 -0.928826 0.303928 0.569318 -0.822117 -0.000769 0.012097 0.138542 -0.990283 -0.789356 0.195984 -0.581814 -0.899063 0.118888 -0.421369 0.015416 0.204966 -0.978648 -0.851892 0.522716 -0.032375 -0.82338 0.374593 0.426292 -0.112483 0.927461 0.356599 0.004443 0.067849 -0.997686 -0.848245 0.041542 -0.527972 -0.919965 0.023448 0.391299 0.010886 0.442398 0.896753 -0.00481 -0.000945 0.999988 0.923056 0.183512 0.338069 0.795524 0.602946 0.059976 0.833256 0.199725 -0.515552 0.813409 0.124218 -0.568274 0.015416 0.204966 -0.978648 0.012097 0.138542 -0.990283 0.830126 0.00385 0.557563 0.918672 0.042182 -0.392762 0.004443 0.067849 -0.997686 -0.839339 0.183265 -0.511785 0.015416 0.204966 -0.978648 0.013226 0.136818 -0.990508 -0.789356 0.195984 -0.581814 0.833256 0.199725 -0.515552 0.798507 0.17977 -0.574517 -0.851892 0.522716 -0.032375 0.795524 0.602946 0.059976 -0.941842 0.324046 -0.089036 0.051818 0.997992 0.036432 -0.631854 0.773296 0.052667 -0.112483 0.927461 0.356599 -0.00481 -0.000945 0.999988 -0.000165 -0.034701 0.999398 0.830126 0.00385 0.557563 0.884094 -0.010813 0.467184 0.918672 0.042182 -0.392762 0.004443 0.067849 -0.997686 0.004443 0.067849 -0.997686 0.000022 -0.000001 1 0.884078 -0.000003 0.46734 0.419579 -0.907685 0.007899 0.000122 0.023892 0.999715 0.520418 -0.557938 -0.64643 0.674656 0.229308 -0.70161 0.849604 -0.524904 -0.051464 0.972398 0.233323 -0.001827 0.63944 -0.44878 0.624271 0.67352 0.216291 0.706816 0.619031 -0.543899 -0.566546 0.546641 -0.656376 0.519956 0.80634 -0.588313 0.060866 0.965515 0.260336 -0.002507 0.961283 -0.255678 0.102779 0.124868 0.233644 -0.964271 0.602053 0.484031 0.635017 0.645309 0.493444 -0.583172 0.715168 0.456546 0.529246 0.85913 0.507666 0.064582 0.875171 0.482 -0.041854 0.57792 0.663404 -0.475293 -0.127005 -0.990253 -0.057174 0.692511 -0.720446 0.03722 -0.172187 -0.670887 0.721292 0.722497 -0.35774 0.591625 -0.159566 -0.007003 0.987162 0.710713 0.094282 0.697135 -0.158022 0.746645 0.646182 0.835519 0.364833 0.410858 0.546152 0.837686 -0.000007 -0.15576 0.987575 -0.020821 0.132383 -0.637435 -0.759046 0.4615 0.016752 -0.886982 -0.102756 0.140525 -0.98473 0.124868 0.233644 -0.964271 -0.15576 0.987575 -0.020821 0.546152 0.837686 -0.000007 -0.17326 0.730352 -0.660732 0.702115 0.406973 -0.584302 -0.180871 0.095727 -0.978837 0.712866 -0.048711 -0.699607 -0.111728 -0.746427 -0.656021 0.716303 -0.574517 -0.396031 -0.127005 -0.990253 -0.057174 0.692511 -0.720446 0.03722 0.861839 0.507181 0.000034 0.722497 -0.35774 0.591625 0.692511 -0.720446 0.03722 0.901958 0.285575 -0.323911 0.710713 0.094282 0.697135 0.824896 0.095727 -0.557121 0.828191 0.333829 0.450175 0.716303 -0.574517 -0.396031 0.824922 -0.095791 0.55707 0.712866 -0.048711 -0.699607 0.835519 0.364833 0.410858 0.829032 -0.336472 -0.446646 0.546152 0.837686 -0.000007 0.862068 -0.506792 0.000052 0.901977 -0.285565 0.323867 0.702115 0.406973 -0.584302 0.901958 0.285575 -0.323911 0.824896 0.095727 -0.557121 0.7923 -0.607834 0.052906 0.829032 -0.336472 -0.446646 0.93514 -0.115133 0.335049 0.862068 -0.506792 0.000052 0.749124 -0.007881 0.662383 0.901977 -0.285565 0.323867 0.824922 -0.095791 0.55707 0.697778 0.713643 -0.061799 0.828191 0.333829 0.450175 0.026097 -0.936903 -0.348614 0.013495 -0.859176 0.511503 0.00022 0.084722 0.996405 0.013187 0.005544 -0.999898 0.012697 -0.723062 -0.690667 0.03369 0.008662 -0.999395 -0.08446 0.024507 -0.996125 -0.03514 -0.839918 -0.541574 -0.044519 -0.865602 0.49875 -0.133662 -0.093058 0.986648 -0.299007 -0.024323 -0.953941 -0.158938 -0.870569 -0.465671 -0.235455 -0.841644 0.486 -0.561712 -0.034857 0.826598 0.044044 -0.998895 -0.016393 -0.302685 -0.013314 -0.952998 -0.117706 -0.777082 -0.618295 -0.099581 0.013122 -0.994943 -0.029591 -0.694492 -0.718891 0.069061 -0.997357 -0.022593 0.012446 -0.001318 -0.999922 0.022643 -0.853974 -0.519823 0.018416 -0.999766 0.011364 0.02329 -0.79971 0.599935 0.015049 -0.007504 0.999859 0.018416 -0.999766 0.011364 0.033761 -0.007263 -0.999404 0.046775 -0.690138 -0.722165 0.029085 -0.999575 0.001704 0.029085 -0.999575 0.001704 0.039401 -0.800472 0.598073 0.033243 0.02935 0.999016 0.061434 -0.99811 0.001119 0.076236 -0.802152 0.592233 0.547057 -0.837093 -0.001944 0.34717 -0.678557 0.647328 0.670124 -0.156342 0.725597 0.972214 -0.222424 -0.072994 0.065843 -0.024238 0.997536 0.022182 0.902123 0.430908 0.749124 -0.007881 0.662383 0.93514 -0.115133 0.335049 -0.005453 0.792001 -0.610496 0.041124 0.005142 0.999141 0.7923 -0.607834 0.052906 0.697778 0.713643 -0.061799 -0.009879 0.006246 -0.999932 0.013051 0.859521 -0.510934 0.00022 0.084722 0.996405 0.009916 0.915706 0.401726 0.013187 0.005544 -0.999898 0.021694 0.86014 -0.509596 0.03369 0.008662 -0.999395 -0.075151 0.81532 0.574113 -0.035055 0.864875 -0.500762 -0.08446 0.024507 -0.996125 -0.133662 -0.093058 0.986648 -0.388554 0.865964 0.314854 -0.238796 0.816551 -0.525568 -0.299007 -0.024323 -0.953941 -0.561712 -0.034857 0.826598 -0.21506 0.782339 -0.584547 -0.302685 -0.013314 -0.952998 0.052498 0.998209 -0.02868 -0.095213 0.715227 -0.692376 -0.099581 0.013122 -0.994943 0.008985 0.855606 -0.517549 0.033668 0.999427 -0.003367 0.012446 -0.001318 -0.999922 0.025437 0.85706 0.514589 0.015049 -0.007504 0.999859 0.010331 0.99992 -0.007284 0.024141 0.690707 -0.722731 0.033761 -0.007263 -0.999404 0.033243 0.02935 0.999016 0.019418 0.877584 0.47903 0.010331 0.99992 -0.007284 0.033668 0.999427 -0.003367 0.038102 0.796978 0.602806 0.020635 0.999768 -0.006251 0.030035 0.999547 -0.001744 0.060708 0.69197 0.719369 0.631275 0.683538 0.366426 0.670124 -0.156342 0.725597 0.972214 -0.222424 -0.072994 0.694432 0.711328 -0.108522 0.065843 -0.024238 0.997536 0.038433 0.783394 -0.620336 0.057495 0.02256 -0.998091 0.046725 0.909436 -0.41321 0.381474 0.520777 -0.763721 0.694432 0.711328 -0.108522 0.621003 -0.149202 -0.769477 0.972214 -0.222424 -0.072994 0.030035 0.999547 -0.001744 0.020635 0.999768 -0.006251 0.972214 -0.222424 -0.072994 0.482399 -0.790777 -0.37678 0.621003 -0.149202 -0.769477 0.547057 -0.837093 -0.001944 0.079022 -0.788158 -0.610379 0.057495 0.02256 -0.998091 0.061434 -0.99811 0.001119 0.579522 -0.694594 0.426255 0.270043 -0.96183 0.044273 0.869259 -0.386772 0.307891 0.551378 -0.696674 0.458942 0.677723 -0.733418 0.052806 -0.861715 -0.503475 0.062929 0.760269 -0.286478 0.583028 0.173451 -0.979268 -0.104634 -0.92197 -0.092925 0.375947 0.595135 -0.562748 0.573698 0.798188 -0.420919 0.430957 -0.000001 -0.513427 0.858133 0.000000 -0.68806 -0.725654 -0.000000 -0.999998 0.001795 0.000005 0.219222 0.975675 -0.666027 0.254406 0.701203 0.000008 0.252731 0.967537 -0.000006 0.136014 -0.990707 -0.441443 0.232358 -0.866682 -0.267854 -0.960786 0.071729 -0.530328 -0.078445 0.844156 0.020133 -0.676369 0.736288 -0.961281 -0.25568 0.102793 -0.152164 0.183471 0.971177 0.152925 0.119406 0.980998 -0.022038 0.791305 0.611024 0.039307 0.856361 0.51488 0.096563 0.994945 0.027583 0.006833 0.999977 0.000002 -0.522716 0.240173 0.817976 -0.961281 -0.25568 0.102793 -0.267854 -0.960786 0.071729 0.057265 0.828687 -0.556775 0.096563 0.994945 0.027583 0.006833 0.999977 0.000002 -0.030698 0.86602 -0.499066 -0.441443 0.232358 -0.866682 -0.604365 0.792206 -0.084573 -0.000606 -0.659239 0.751933 -0.89255 -0.33229 0.304858 -0.837006 -0.408104 0.364516 -0.616508 0.132285 0.776156 -0.475795 0.001622 0.879555 -0.020502 -0.0864 0.996049 -0.961406 -0.240112 0.13433 -0.971882 -0.178013 0.154135 -0.686905 -0.72594 0.034242 -0.878079 -0.402512 0.258768 -0.392497 -0.919716 0.00833 -0.041249 -0.826681 0.561157 -0.816552 -0.206452 0.539092 -0.940595 -0.25903 0.219508 -0.602149 0.17512 0.778941 0.892524 -0.346183 0.289065 0.832298 -0.433342 0.345681 0.572727 0.056347 0.817807 0.431695 -0.038733 0.901188 0.556927 0.050646 0.829016 0.760269 -0.286478 0.583028 0.941757 -0.248745 0.226318 0.969652 -0.149404 0.19353 0.677723 -0.733418 0.052806 0.952665 -0.250417 0.172399 0.197889 0.894274 0.40139 -0.616508 0.132285 0.776156 -0.475795 0.001622 0.879555 0.475934 0.773022 0.419432 -0.020502 -0.0864 0.996049 0.497508 0.668385 0.552944 -0.602149 0.17512 0.778941 -0.005221 0.961873 0.273448 -0.222059 0.873028 0.434179 0.572727 0.056347 0.817807 -0.510558 0.699706 0.499741 0.431695 -0.038733 0.901188 -0.55523 0.526937 0.643473 0.556927 0.050646 0.829016 -0.299359 -0.952939 0.047875 0.014072 -0.932322 -0.361356 -0.021694 -0.960232 0.27836 0.281252 -0.886416 -0.367647 0.253542 -0.934602 -0.249469 -0.392497 -0.919716 0.00833 0.667374 0.738341 -0.097288 0.475934 0.773022 0.419432 0.197889 0.894274 0.40139 0.005873 0.981002 -0.193907 -0.005221 0.961873 0.273448 0.578348 -0.813022 -0.06715 0.014072 -0.932322 -0.361356 0.281252 -0.886416 -0.367647 -0.013529 -0.997749 0.065687 0.253542 -0.934602 -0.249469 -0.58751 -0.798669 -0.130229 -0.27967 -0.868176 -0.409946 -0.243013 -0.92742 -0.284317 -0.678964 0.73119 -0.0661 -0.510558 0.699706 0.499741 -0.222059 0.873028 0.434179 0.578348 -0.813022 -0.06715 -0.013529 -0.997749 0.065687 -0.166362 -0.981644 -0.093266 -0.958945 -0.227207 0.169708 -0.958044 -0.246966 0.14546 -0.946502 -0.248081 0.206373 -0.942763 -0.289551 0.165405 -0.986766 -0.101498 0.126459 -0.94101 -0.162186 0.296979 -0.924325 -0.204508 0.32218 -0.987196 -0.119529 0.105624 -0.761012 -0.292121 0.579246 -0.689492 -0.274129 0.670414 -0.005734 -0.387069 0.922033 -0.014637 -0.319431 0.947497 0.666039 0.254405 0.701192 0.44143 0.232358 -0.866689 0.267854 -0.960786 0.071727 0.530341 -0.078442 0.844147 0.961283 -0.255678 0.102779 -0.020119 -0.676366 0.736291 0.152182 0.183473 0.971174 -0.152905 0.119411 0.981 0.022054 0.791306 0.611022 -0.039287 0.856363 0.514877 -0.096555 0.994945 0.027583 -0.006825 0.999977 -0.000001 0.522729 0.240172 0.817968 0.961283 -0.255678 0.102779 0.267854 -0.960786 0.071727 -0.057273 0.828685 -0.556777 -0.096555 0.994945 0.027583 -0.006825 0.999977 -0.000001 0.030688 0.866018 -0.49907 0.44143 0.232358 -0.866689 0.604363 0.792206 -0.084584 0.370823 -0.928662 0.008796 0.84488 -0.449295 0.290364 0.270043 -0.96183 0.044273 -0.27967 -0.868176 -0.409946 -0.243013 -0.92742 -0.284317 0.370823 -0.928662 0.008796 -0.58751 -0.798669 -0.130229 0.173451 -0.979268 -0.104634 0.948782 -0.255089 0.186392 0.951792 -0.266451 0.151973 0.938315 -0.303314 0.166031 0.933582 -0.274183 0.230757 0.988753 -0.113645 0.097223 0.951369 -0.150193 0.26896 0.988081 -0.134533 0.07481 0.932487 -0.201832 0.299554 0.780018 -0.252274 0.572651 0.695747 -0.233706 0.679204 -0.604365 0.792206 -0.084573 -0.604365 0.792206 -0.084573 0.604363 0.792206 -0.084584 0.604363 0.792206 -0.084584 -0.012473 0.976985 -0.212945 -0.316526 0.766337 -0.559052 -0.302213 0.949377 -0.085731 0.019614 0.731132 -0.681954 0.614779 0.725751 -0.308758 0.587994 0.357147 -0.725748 0.931215 0.226986 -0.28516 0.904658 0.087232 -0.417113 0.652709 0.148891 -0.742834 0.07275 0.946606 0.314079 -0.241521 0.897546 0.368888 0.590236 0.779688 0.209067 0.953255 0.252744 0.165605 0.996875 0.030228 0.072977 0.07479 0.67785 0.731387 -0.131373 0.629039 0.766193 0.640859 0.400452 0.654934 0.83356 -0.017604 0.552148 0.14637 0.4572 -0.877236 0.419051 0.118077 -0.900252 -0.020736 0.348635 0.937029 0.286224 0.291514 0.912741 0.543674 -0.045786 0.838046 -0.813794 0.574218 -0.089517 -0.808879 0.344112 -0.476761 -0.904399 0.425319 -0.034148 -0.766004 0.453774 -0.455332 -0.698656 0.712958 -0.059752 -0.800793 0.54297 0.252813 -0.836826 0.382906 0.391287 -0.670236 0.712047 0.20922 -0.660484 0.406119 0.631529 -0.575055 0.248185 0.779562 -0.602897 0.229329 -0.764149 -0.314224 0.15585 0.936469 -0.264864 0.531342 -0.804688 0.840561 -0.000000 -0.541718 0.840561 -0.000000 -0.541718 0.840567 0 -0.541708 0.840554 -0.000000 -0.541727 -0.929113 0.000000 -0.369797 -0.929113 0.000000 -0.369797 -0.929117 -0.000000 -0.369785 -0.929108 0.000000 -0.369809 0.99606 0.000016 -0.088682 0.99606 0.000016 -0.088682 0.99606 0 -0.08868 0.99606 0.000032 -0.088685 -0.996096 0 0.088281 -0.996096 0 0.088281 -0.996096 0 0.08828 -0.996096 0 0.088283 0.922936 0.000015 0.384952 0.922936 0.000015 0.384952 0.922938 0.000001 0.384948 0.922935 0.00003 0.384957 -0.830476 -0.000001 0.557055 -0.830476 -0.000001 0.557055 -0.830476 -0.000001 0.557055 -0.830476 -0.000001 0.557054 0.41853 0 -0.908203 0.41853 0 -0.908203 0.41853 -0.000000 -0.908203 0.41853 0.000000 -0.908203 -0.612493 -0.000000 -0.790476 -0.612493 -0.000000 -0.790476 -0.612517 0.000000 -0.790458 -0.612469 -0.000000 -0.790494 0.542988 0.000000 0.83974 0.542988 0.000000 0.83974 0.542982 0.000000 0.839744 0.542995 0.000001 0.839736 -0.322 0.000001 0.94674 -0.322 0.000001 0.94674 -0.321982 0.000000 0.946746 -0.322018 0.000001 0.946734 -0.004749 -0.997755 -0.066799 -0.004752 -0.997753 -0.066834 -0.004752 -0.997755 -0.066803 -0.004749 -0.997755 -0.066799 -0.004749 -0.997754 -0.066818 -0.004751 -0.997754 -0.066822 -0.00475 -0.997754 -0.066812 -0.004747 -0.997756 -0.066788 -0.004745 -0.997756 -0.066781 -0.004744 -0.997758 -0.066758 0.641919 -0.70144 -0.309713 0.694846 -0.340487 -0.633449 0.846919 -0.47115 -0.246468 0.415198 -0.571289 -0.707983 -0.007407 -0.947373 -0.320047 -0.186876 -0.649478 -0.737059 -0.661282 -0.695419 -0.281245 -0.725032 -0.285426 -0.626786 -0.965727 -0.215196 -0.145126 -0.967242 -0.051316 -0.248615 -0.789424 -0.094443 -0.60654 0.676466 -0.725688 0.125578 0.885369 -0.431867 0.172085 0.061214 -0.967796 0.24418 -0.522771 -0.815413 0.248621 -0.891271 -0.305683 0.334954 -0.966933 -0.025391 0.253762 0.631458 -0.507234 0.586493 0.740969 -0.272918 0.61358 0.117561 -0.727648 0.675802 -0.44821 -0.47747 0.755731 -0.679466 -0.0789 0.729452 -0.60618 -0.054241 -0.793476 0.538952 -0.180805 0.822703 0.239941 -0.442163 0.864245 -0.093892 -0.379633 0.92036 -0.322933 -0.084972 0.942599 0.40014 -0.196577 -0.895123 0.096163 -0.458135 -0.883666 -0.367375 -0.36802 -0.854164 0.83971 0.000013 -0.543035 0.83971 0.000013 -0.543035 0.839719 0.000026 -0.543021 0.839701 -0.000000 -0.543049 -0.927844 0 -0.372969 -0.927844 0 -0.372969 -0.927833 0 -0.372995 -0.927855 0 -0.372942 0.996423 0.000000 -0.084501 0.996423 0.000000 -0.084501 0.996424 0.000000 -0.084497 0.996423 0.000000 -0.084504 -0.99577 0 0.091886 -0.99577 0 0.091886 -0.99577 0 0.091884 -0.99577 0 0.091887 0.9211 -0.000000 0.389326 0.9211 -0.000000 0.389326 0.921095 -0.000000 0.389337 0.921105 -0.000000 0.389314 -0.827915 0 0.560853 -0.827915 0 0.560853 -0.827917 -0.000001 0.56085 -0.827914 0.000001 0.560856 0.413954 0.000007 -0.910298 0.413954 0.000007 -0.910298 0.41396 0.000000 -0.910295 0.413947 0.000013 -0.910301 -0.608678 0 -0.793418 -0.608678 0 -0.793418 -0.608683 0.000000 -0.793413 -0.608672 -0.000000 -0.793422 0.542994 -0.000000 0.839737 0.542994 -0.000000 0.839737 0.543027 -0.000001 0.839716 0.542961 -0.000000 0.839758 -0.322014 -0.000001 0.946735 -0.322014 -0.000001 0.946735 -0.322022 -0.000001 0.946732 -0.322005 -0.000000 0.946738 0.004752 0.997751 0.066866 0.004746 0.997753 0.066837 0.004744 0.997753 0.066828 0.004739 0.997755 0.066807 0.004738 0.997755 0.066806 0.00474 0.997755 0.066809 0.004735 0.997755 0.066806 0.004733 0.997754 0.066816 0.004727 0.997754 0.066815 0.004732 0.997753 0.066836 0.01246 0.976983 -0.212952 0.316516 0.766331 -0.559065 -0.019626 0.731133 -0.681953 0.3022 0.949381 -0.085738 -0.614787 0.72575 -0.308747 -0.588001 0.357158 -0.725736 -0.93122 0.226992 -0.28514 -0.904667 0.08723 -0.417096 -0.652724 0.148897 -0.74282 -0.072743 0.946605 0.314082 0.241519 0.897549 0.368883 -0.590232 0.779687 0.209079 -0.953251 0.252744 0.165628 -0.996874 0.030226 0.073001 -0.074775 0.677849 0.731388 0.131398 0.629028 0.766197 -0.640842 0.400453 0.654949 -0.833546 -0.017602 0.55217 -0.146381 0.457212 -0.877229 -0.419066 0.118083 -0.900245 0.020763 0.348627 0.937031 -0.286205 0.291507 0.912749 -0.543651 -0.045785 0.838061 0.264859 0.531351 -0.804684 0.813796 0.574212 -0.089535 0.808869 0.34411 -0.476779 0.76599 0.453775 -0.455354 0.9044 0.425315 -0.034167 0.698653 0.712959 -0.059775 0.800803 0.542962 0.252797 0.836836 0.382907 0.391264 0.670251 0.712035 0.209213 0.660501 0.406114 0.631514 0.575072 0.24818 0.77955 0.602885 0.229333 -0.764157 0.314239 0.155848 0.936464 -0.840547 0 -0.541739 -0.840547 0 -0.541739 -0.840529 0.000000 -0.541767 -0.840565 0 -0.541711 0.929108 0.000000 -0.369808 0.929108 0.000000 -0.369808 0.929105 0.000000 -0.369816 0.929112 0 -0.369799 -0.996062 0 -0.08866 -0.996062 0 -0.08866 -0.996062 0 -0.088659 -0.996062 0 -0.088662 0.996097 0 0.088265 0.996097 0 0.088265 0.996097 0.000000 0.088264 0.996097 0 0.088266 -0.92293 0.000000 0.384968 -0.92293 0.000000 0.384968 -0.922926 0.000000 0.384978 -0.922934 0 0.384959 0.83051 -0.000000 0.557004 0.83051 -0.000000 0.557004 0.830509 -0.000000 0.557005 0.830511 0 0.557002 -0.41857 0.000000 -0.908185 -0.41857 0.000000 -0.908185 -0.418569 0.000000 -0.908185 -0.418571 0 -0.908184 0.612482 0.000000 -0.790484 0.612482 0.000000 -0.790484 0.61249 0.000000 -0.790479 0.612475 0 -0.79049 -0.542975 -0.000000 0.839749 -0.542975 -0.000000 0.839749 -0.542986 -0.000001 0.839742 -0.542963 0 0.839757 0.322001 0.000000 0.946739 0.322001 0.000000 0.946739 0.321996 0.000000 0.946741 0.322007 0 0.946737 0.004744 -0.997753 -0.066835 0.00475 -0.997751 -0.066866 0.004744 -0.997754 -0.066821 0.004743 -0.997755 -0.066803 0.004744 -0.997755 -0.066806 0.004745 -0.997754 -0.06681 0.004742 -0.997754 -0.066817 0.004735 -0.997755 -0.066807 0.004729 -0.997755 -0.066809 0.004723 -0.997756 -0.066781 -0.641933 -0.701435 -0.309695 -0.694861 -0.34048 -0.633437 -0.415216 -0.571286 -0.707975 -0.846926 -0.471146 -0.24645 0.007402 -0.947373 -0.320047 0.186857 -0.649478 -0.737064 0.661282 -0.695412 -0.281262 0.725015 -0.285426 -0.626805 0.965726 -0.215188 -0.145149 0.967235 -0.051317 -0.248641 0.789408 -0.094448 -0.60656 -0.676469 -0.725683 0.125597 -0.885362 -0.431873 0.172102 -0.06122 -0.967793 0.244188 0.522777 -0.815412 0.24861 0.89128 -0.305679 0.334934 0.966939 -0.02539 0.25374 -0.631445 -0.507234 0.586507 -0.740952 -0.272918 0.613601 -0.117561 -0.727644 0.675806 0.448215 -0.477475 0.755726 0.679479 -0.078905 0.72944 0.606161 -0.054245 -0.79349 -0.538926 -0.180809 0.822719 -0.239919 -0.442163 0.864251 0.093897 -0.379638 0.920358 0.322952 -0.084977 0.942593 -0.400159 -0.196574 -0.895115 -0.096185 -0.458135 -0.883663 0.367355 -0.36802 -0.854173 -0.839729 0.000000 -0.543006 -0.839729 0.000000 -0.543006 -0.839739 0.000000 -0.54299 -0.839719 0 -0.543022 0.927829 0 -0.373007 0.927829 0 -0.373007 0.927822 0 -0.373023 0.927835 0 -0.37299 -0.996425 0 -0.084484 -0.996425 0 -0.084484 -0.996425 -0.000000 -0.084484 -0.996425 0 -0.084484 0.995771 0 0.091869 0.995771 0 0.091869 0.995771 0 0.091868 0.995771 0 0.09187 -0.921084 0.000000 0.389365 -0.921084 0.000000 0.389365 -0.921085 0.000000 0.389361 -0.921082 0 0.389369 0.827919 -0.000000 0.560847 0.827919 -0.000000 0.560847 0.827927 -0.000001 0.560836 0.827912 0 0.560858 -0.414004 0.000013 -0.910275 -0.414004 0.000013 -0.910275 -0.414009 0 -0.910273 -0.413998 0.000026 -0.910278 0.608654 -0.000019 -0.793436 0.608654 -0.000019 -0.793436 0.608659 -0.000039 -0.793432 0.608648 0 -0.793441 -0.542974 -0.000000 0.83975 -0.542974 -0.000000 0.83975 -0.542975 -0.000000 0.839749 -0.542972 0 0.839751 0.322033 0.000000 0.946728 0.322033 0.000000 0.946728 0.322039 0.000000 0.946726 0.322027 0 0.946731 -0.004742 0.997755 0.066807 -0.004742 0.997755 0.066807 -0.004742 0.997755 0.066806 -0.004743 0.997754 0.066813 -0.004743 0.997754 0.066818 -0.004743 0.997754 0.066813 -0.004743 0.997755 0.066806 -0.004744 0.997755 0.066802 -0.004745 0.997755 0.066806 -0.004745 0.997754 0.066813</float_array>
          <technique_common>
            <accessor source="#GeometrySource1-array" count="1743" stride="3">
              <param name="X" type="float"/>
              <param name="Y" type="float"/>
              <param name="Z" type="float"/>
            </accessor>
          </technique_common>
        </source>
        <source id="GeometrySource2" name="Phineas_D.pngUV">
          <float_array id="GeometrySource2-array" count="3486">0.7295 -0.3608 0.6813 -0.3046 0.7644 -0.3332 0.6761 -0.3243 0.66 -0.2342 0.6724 -0.2906 0.6481 -0.2904 0.585 -0.2609 0.5559 -0.3296 0.6391 -0.3038 0.585 -0.3608 0.6439 -0.3243 0.0133 -0.4528 0.0749 -0.3474 0.0758 -0.4594 0.0602 -0.3079 0.1205 -0.3417 0.1209 -0.2669 0.1656 -0.3476 0.1816 -0.3079 0.0202 -0.3783 0.223 -0.379 0.507 -0.0463 0.5489 -0.1126 0.5044 -0.1057 0.5516 -0.0463 0.4186 -0.133 0.3945 -0.1126 0.4186 -0.1126 0.3945 -0.133 0.573 -0.1126 0.573 -0.133 0.5489 -0.133 0.5044 -0.1226 0.4152 -0.2562 0.4596 -0.2562 0.463 -0.1399 0.5078 -0.2562 0.5522 -0.2562 0.5044 -0.1399 0.3945 -0.2562 0.573 -0.2562 0.6 -0.006399 0.6303 -0.0398 0.6008 -0.0398 0.631 -0.006399 0.4777 -0.006399 0.478 -0.0398 0.4184 -0.0399 0.4189 -0.0066 0.3696 -0.0398 0.3712 -0.006399 0.3194 -0.006399 0.3194 -0.0398 0.2676 -0.006399 0.2693 -0.0398 0.22 -0.006399 0.2204 -0.04 0.1609 -0.0398 0.1611 -0.006399 0.0388 -0.006399 0.038 -0.0398 0.0079 -0.006399 0.0085 -0.0398 0.8277 -0.3569 0.7791 -0.3356 0.7853 -0.3569 0.8339 -0.3356 0.7798 -0.3083 0.8331 -0.3083 0.7926 -0.2525 0.8204 -0.2525 0.8065 -0.2483 0.8065 -0.3684 0.7128 -0.7796 0.7386 -0.8564 0.7738 -0.7796 0.6977 -0.8564 0.6117 -0.8564 0.5708 -0.8564 0.6145 -0.8941 0.583 -0.8941 0.6251 -0.9252 0.5948 -0.9252 0.7782 -0.8547 0.7643 -0.888 0.7922 -0.888 0.7816 -0.0771 0.7551 -0.009199 0.7561 -0.0776 0.783 -0.0095 0.7411 -0.0095 0.743 -0.0781 0.7944 -0.0775 0.7969 -0.009999 0.7571 -0.2023 0.751 -0.2114 0.7582 -0.2098 0.7513 -0.214 0.7561 -0.2141 0.7603 -0.2169 0.7584 -0.2184 0.7496 -0.2076 0.7507 -0.1999 0.7471 -0.2058 0.7487 -0.2082 0.7502 -0.2117 0.7448 -0.2137 0.7439 -0.2153 0.7421 -0.212 0.7438 -0.2121 0.7506 -0.2141 0.7466 -0.2065 0.8428 -0.2023 0.8538 -0.2061 0.8498 -0.1993 0.8514 -0.2081 0.8418 -0.2107 0.8296 -0.2031 0.85 -0.2119 0.8446 -0.2153 0.8417 -0.2207 0.8388 -0.22 0.8496 -0.2145 0.8565 -0.2152 0.8568 -0.2127 0.8561 -0.214 0.8508 -0.2122 0.8503 -0.2145 0.8522 -0.2088 0.8582 -0.2124 0.8542 -0.2069 0.8518 -0.2085 0.8504 -0.212 0.3595 -0.697 0.3908 -0.7558 0.387 -0.6841 0.442 -0.7596 0.4127 -0.8109 0.3246 -0.7673 0.3391 -0.8259 0.4446 -0.8821 0.3473 -0.8957 0.4632 -0.9421 0.3464 -0.9354 0.2108 -0.886 0.2048 -0.9395 0.5102 -0.9087 0.5229 -0.9461 0.5723 -0.9501 0.5314 -0.9653 0.5731 -0.9653 0.4752 -0.9721 0.508 -0.8422 0.5424 -0.8815 0.3523 -0.9814 0.5796 -0.9318 0.0661 -0.8861 0.0204 -0.9553 0.0314 -0.9577 0.0249 -0.971 0.079379 -0.899774 0.0863 -0.9069 0.1156 -0.9444 0.2032 -0.9773 0.1082 -0.9764 0.467 -0.7792 0.4127 -0.8109 0.3908 -0.7558 0.3246 -0.7673 0.3595 -0.697 0.3464 -0.9354 0.3473 -0.8957 0.2108 -0.886 0.2048 -0.9395 0.4632 -0.9421 0.4446 -0.8821 0.3391 -0.8259 0.5102 -0.9087 0.5229 -0.9461 0.5723 -0.9501 0.4512 -0.6078 0.4389 -0.6145 0.4514 -0.6148 0.438 -0.6079 0.4387 -0.6276 0.4478 -0.627 0.4359 -0.6001 0.4503 -0.5992 0.4495 -0.5915 0.4337 -0.5925 0.4469 -0.5835 0.4314 -0.5848 0.4267 -0.5656 0.4427 -0.5618 0.4218 -0.549 0.4366 -0.5443 0.4146 -0.5294 0.429 -0.5238 0.4075 -0.5767 0.3924 -0.578 0.4133 -0.6248 0.4292 -0.6186 0.4195 -0.5761 0.3695 -0.5818 0.3867 -0.6353 0.1518 -0.6594 0.0731 -0.6276 0.0582 -0.6545 0.116 -0.6348 0.1571 -0.6938 0.0443 -0.7195 0.1539 -0.7451 0.0661 -0.7904 0.1505 -0.7699 0.9519 -0.1823 0.9398 -0.2329 0.9624 -0.2329 0.94 -0.1855 0.3861 -0.6331 0.3697 -0.5805 0.0745 -0.1142 0.0637 -0.1017 0.0745 -0.1142 0.0637 -0.1017 0.0636 -0.1379 0.0636 -0.1379 0.0604 -0.09 0.0643 -0.1724 0.0637 -0.1017 0.0745 -0.1142 0.0636 -0.1379 0.0846 -0.1567 0.0782 -0.0946 0.1176 -0.1143 0.1067 -0.1381 0.1176 -0.1143 0.1067 -0.1381 0.106 -0.1858 0.106 -0.1858 0.1068 -0.1018 0.1068 -0.1018 0.1035 -0.0897 0.1035 -0.0897 0.0978 -0.2369 0.0978 -0.0693 0.1067 -0.1381 0.1176 -0.1143 0.106 -0.1858 0.1035 -0.0897 0.1068 -0.1018 0.2166 -0.1089 0.2154 -0.0964 0.206 -0.0945 0.2072 -0.0737 0.2017 -0.1059 0.2048 -0.1253 0.2141 -0.1272 0.2033 -0.1449 0.206 -0.0945 0.2166 -0.1089 0.2017 -0.1059 0.2048 -0.1253 0.2141 -0.1272 0.2033 -0.1449 0.1452 -0.1874 0.1171 -0.2326 0.1479 -0.2089 0.1637 -0.1777 0.1735 -0.1446 0.1585 -0.1416 0.1452 -0.1874 0.1735 -0.1446 0.1585 -0.1416 0.1554 -0.1063 0.1647 -0.1081 0.1443 -0.0764 0.1554 -0.1063 0.1647 -0.1081 0.1443 -0.0764 0.1322 -0.153 0.1232 -0.1598 0.1374 -0.1906 0.1179 -0.0916 0.1247 -0.0967 0.1294 -0.0744 0.1693 -0.1832 0.1519 -0.2326 0.1823 -0.1858 0.1991 -0.134 0.1783 -0.1298 0.1977 -0.1088 0.1847 -0.1062 0.184 -0.0737 0.3949 -0.2976 0.4055 -0.2724 0.3805 -0.2768 0.3805 -0.2976 0.3949 -0.3115 0.3805 -0.3115 0.3588 -0.2976 0.3588 -0.3115 0.3371 -0.2976 0.3371 -0.2768 0.3371 -0.3115 0.3155 -0.2976 0.3155 -0.3115 0.2938 -0.2976 0.2938 -0.2768 0.2938 -0.3115 0.2721 -0.2976 0.2721 -0.3115 0.2505 -0.2976 0.2505 -0.2768 0.2505 -0.3115 0.2288 -0.2976 0.2288 -0.3115 0.2505 -0.3254 0.2288 -0.3254 0.2721 -0.3254 0.2938 -0.3254 0.3155 -0.3254 0.3371 -0.3254 0.3588 -0.3254 0.3805 -0.3254 0.3949 -0.3254 0.3805 -0.3462 0.2505 -0.3462 0.2938 -0.3462 0.3371 -0.3462 0.4018 -0.3508 0.4054 -0.3323 0.3877 -0.3671 0.4053 -0.3551 0.2581 -0.3552 0.2866 -0.3671 0.3294 -0.3552 0.301 -0.3671 0.3449 -0.3552 0.3733 -0.3671 0.2866 -0.2559 0.2582 -0.2682 0.301 -0.2559 0.3294 -0.2682 0.3733 -0.2559 0.3448 -0.2682 0.3877 -0.2559 0.4052 -0.2682 0.4115 -0.2908 0.3305 -0.5594 0.3538 -0.5298 0.2996 -0.4896 0.2986 -0.5703 0.2667 -0.5594 0.2434 -0.5298 0.2348 -0.4893 0.2434 -0.4488 0.2668 -0.4192 0.2987 -0.4083 0.3306 -0.4192 0.3539 -0.4488 0.3624 -0.4893 0.7644 -0.3332 0.6813 -0.3046 0.7295 -0.3608 0.6761 -0.3243 0.6481 -0.2904 0.6724 -0.2906 0.66 -0.2342 0.585 -0.2609 0.6391 -0.3038 0.585 -0.3608 0.5559 -0.3296 0.6439 -0.3243 0.0758 -0.4594 0.0749 -0.3474 0.0133 -0.4528 0.1205 -0.3417 0.0602 -0.3079 0.1209 -0.2669 0.1656 -0.3476 0.1816 -0.3079 0.0202 -0.3783 0.223 -0.379 0.5044 -0.1057 0.5489 -0.1126 0.507 -0.0463 0.5516 -0.0463 0.4186 -0.1126 0.3945 -0.1126 0.4186 -0.133 0.3945 -0.133 0.573 -0.1126 0.573 -0.133 0.5489 -0.133 0.5044 -0.1226 0.4152 -0.2562 0.4596 -0.2562 0.463 -0.1399 0.5078 -0.2562 0.5044 -0.1399 0.5522 -0.2562 0.3945 -0.2562 0.573 -0.2562 0.6 -0.006399 0.6303 -0.0398 0.631 -0.006399 0.6008 -0.0398 0.4777 -0.006399 0.478 -0.0398 0.4184 -0.0399 0.4189 -0.0066 0.3696 -0.0398 0.3712 -0.006399 0.3194 -0.006399 0.3194 -0.0398 0.2676 -0.006399 0.2693 -0.0398 0.22 -0.006399 0.2204 -0.04 0.1609 -0.0398 0.1611 -0.006399 0.0388 -0.006399 0.038 -0.0398 0.0079 -0.006399 0.0085 -0.0398 0.8277 -0.3569 0.7791 -0.3356 0.8339 -0.3356 0.7853 -0.3569 0.7798 -0.3083 0.8331 -0.3083 0.7926 -0.2525 0.8204 -0.2525 0.8065 -0.2483 0.8065 -0.3684 0.7128 -0.7796 0.6977 -0.8564 0.6145 -0.8941 0.6117 -0.8564 0.6251 -0.9252 0.7922 -0.888 0.7643 -0.888 0.7782 -0.8547 0.7816 -0.0771 0.7551 -0.009199 0.783 -0.0095 0.7561 -0.0776 0.7411 -0.0095 0.743 -0.0781 0.7944 -0.0775 0.7969 -0.009999 0.7582 -0.2098 0.751 -0.2114 0.7571 -0.2023 0.7513 -0.214 0.7561 -0.2141 0.7603 -0.2169 0.7584 -0.2184 0.7496 -0.2076 0.7507 -0.1999 0.7471 -0.2058 0.7487 -0.2082 0.7502 -0.2117 0.7448 -0.2137 0.7439 -0.2153 0.7421 -0.212 0.7438 -0.2121 0.7506 -0.2141 0.7466 -0.2065 0.8498 -0.1993 0.8538 -0.2061 0.8428 -0.2023 0.8514 -0.2081 0.8418 -0.2107 0.8296 -0.2031 0.85 -0.2119 0.8446 -0.2153 0.8417 -0.2207 0.8388 -0.22 0.8496 -0.2145 0.8565 -0.2152 0.8568 -0.2127 0.8582 -0.2124 0.8522 -0.2088 0.8542 -0.2069 0.8508 -0.2122 0.8561 -0.214 0.8503 -0.2145 0.8518 -0.2085 0.8504 -0.212 0.4512 -0.6078 0.4389 -0.6145 0.438 -0.6079 0.4514 -0.6148 0.4387 -0.6276 0.4478 -0.627 0.4359 -0.6001 0.4503 -0.5992 0.4495 -0.5915 0.4337 -0.5925 0.4469 -0.5835 0.4314 -0.5848 0.4267 -0.5656 0.4427 -0.5618 0.4218 -0.549 0.4366 -0.5443 0.4146 -0.5294 0.429 -0.5238 0.4133 -0.6248 0.3924 -0.578 0.4075 -0.5767 0.4292 -0.6186 0.4195 -0.5761 0.3695 -0.5818 0.3867 -0.6353 0.1518 -0.6594 0.0731 -0.6276 0.116 -0.6348 0.0582 -0.6545 0.1571 -0.6938 0.0443 -0.7195 0.1539 -0.7451 0.0661 -0.7904 0.1505 -0.7699 0.0314 -0.9577 0.079379 -0.899774 0.0863 -0.9069 0.1156 -0.9444 0.9519 -0.1823 0.9624 -0.2329 0.3861 -0.6331 0.3697 -0.5805 0.1322 -0.153 0.1232 -0.1598 0.1374 -0.1906 0.1179 -0.0916 0.1247 -0.0967 0.1294 -0.0744 0.1823 -0.1858 0.1519 -0.2326 0.1693 -0.1832 0.1991 -0.134 0.1783 -0.1298 0.1977 -0.1088 0.1847 -0.1062 0.184 -0.0737 0.0846 -0.1567 0.0782 -0.0946 0.3805 -0.2768 0.4055 -0.2724 0.3949 -0.2976 0.3805 -0.2976 0.3949 -0.3115 0.3805 -0.3115 0.3588 -0.2976 0.3588 -0.3115 0.3371 -0.2976 0.3371 -0.2768 0.3371 -0.3115 0.3155 -0.2976 0.3155 -0.3115 0.2938 -0.2976 0.2938 -0.2768 0.2938 -0.3115 0.2721 -0.2976 0.2721 -0.3115 0.2505 -0.2976 0.2505 -0.2768 0.2505 -0.3115 0.2288 -0.2976 0.2288 -0.3115 0.2505 -0.3254 0.2288 -0.3254 0.2721 -0.3254 0.2938 -0.3254 0.3155 -0.3254 0.3371 -0.3254 0.3588 -0.3254 0.3805 -0.3254 0.3949 -0.3254 0.3805 -0.3462 0.2505 -0.3462 0.2938 -0.3462 0.3371 -0.3462 0.4018 -0.3508 0.4054 -0.3323 0.4053 -0.3551 0.3877 -0.3671 0.2866 -0.3671 0.2581 -0.3552 0.301 -0.3671 0.3294 -0.3552 0.3733 -0.3671 0.3449 -0.3552 0.2582 -0.2682 0.2866 -0.2559 0.3294 -0.2682 0.301 -0.2559 0.3448 -0.2682 0.3733 -0.2559 0.4052 -0.2682 0.3877 -0.2559 0.4115 -0.2908 0.2996 -0.4896 0.3538 -0.5298 0.3305 -0.5594 0.2986 -0.5703 0.2667 -0.5594 0.2434 -0.5298 0.2348 -0.4893 0.2434 -0.4488 0.2668 -0.4192 0.2987 -0.4083 0.3306 -0.4192 0.3539 -0.4488 0.3624 -0.4893 0.5837 -0.4809 0.6601 -0.5404 0.6601 -0.4831 0.5888 -0.5404 0.7314 -0.5404 0.7378 -0.4905 0.8014 -0.5404 0.8168 -0.4992 0.7349 -0.4503 0.6601 -0.4514 0.8094 -0.4522 0.8119 -0.4732 0.5794 -0.4496 0.8283 -0.4766 0.5023 -0.4936 0.5096 -0.4728 0.6601 -0.3817 0.7322 -0.3817 0.8028 -0.3817 0.5826 -0.3817 0.5161 -0.382 0.5086 -0.4491 0.4942 -0.4762 0.9565 -0.4766 0.9028 -0.4725 0.9014 -0.4766 0.9565 -0.4725 0.8424 -0.4505 0.9019 -0.4514 0.8369 -0.472 0.9565 -0.4514 0.8843 -0.3817 0.9565 -0.3817 0.8435 -0.3816 0.9028 -0.4725 0.9565 -0.4725 0.8424 -0.4505 0.8369 -0.472 0.9019 -0.4514 0.8843 -0.3817 0.9565 -0.4514 0.9565 -0.3817 0.8435 -0.3816 0.4862 -0.4797 0.4256 -0.4725 0.4267 -0.4764 0.4851 -0.4729 0.4869 -0.4493 0.4323 -0.4479 0.3737 -0.4725 0.3737 -0.4514 0.4881 -0.3815 0.4513 -0.3817 0.3737 -0.3817 0.8782 -0.4915 0.8566 -0.4837 0.8798 -0.4925 0.8566 -0.485 0.8316 -0.4925 0.8332 -0.4933 0.823 -0.5151 0.822 -0.5154 0.8316 -0.5255 0.8332 -0.5244 0.8566 -0.5296 0.8566 -0.5282 0.8782 -0.5244 0.8798 -0.5255 0.8883 -0.5153 0.8911 -0.5167 0.7295 -0.255 0.66 -0.3731 0.723 -0.0815 0.7095 -0.0477 0.723 -0.0477 0.7095 -0.0815 0.6693 -0.0476 0.6755 -0.0808 0.6515 -0.0651 0.723 -0.1639 0.7085 -0.1639 0.6741 -0.1639 0.6515 -0.0852 0.6515 -0.1639 0.6275 -0.0808 0.6338 -0.0476 0.5936 -0.0477 0.5936 -0.0815 0.58 -0.0477 0.58 -0.0815 0.629 -0.1639 0.5946 -0.1639 0.58 -0.1639 0.1651 -0.6105 0.1209 -0.5637 0.1475 -0.5631 0.1209 -0.6144 0.0942 -0.5631 0.0767 -0.6105 0.1563 -0.5218 0.0855 -0.5218 0.2284 -0.4528 0.1209 -0.4621 0.166 -0.4594 0.1209 -0.5065 0.4837 -0.0463 0.4837 -0.1057 0.4604 -0.0463 0.463 -0.1057 0.4158 -0.0463 0.3945 -0.0463 0.573 -0.0463 0.4837 -0.1226 0.463 -0.1226 0.4837 -0.2562 0.4837 -0.1399 0.8131 -0.6738 0.7321 -0.6738 0.7459 -0.5944 0.8391 -0.5944 0.6547 -0.5944 0.6545 -0.6738 0.5635 -0.5944 0.5773 -0.6738 0.7409 -0.5845 0.8291 -0.5845 0.4724 -0.5944 0.4803 -0.5845 0.5685 -0.5845 0.6547 -0.5845 0.6547 -0.7796 0.6544 -0.846 0.7264 -0.8941 0.6949 -0.8941 0.6226 -0.9499 0.5896 -0.95 0.6331 -0.9737 0.6119 -0.9737 0.6547 -0.9737 0.6546 -0.9498 0.6763 -0.9737 0.6867 -0.9498 0.6975 -0.9737 0.7206 -0.9498 0.8755 -0.6246 0.9918 -0.5503 0.875 -0.593 0.9918 -0.6131 0.8742 -0.6589 0.9918 -0.6589 0.8738 -0.69 0.9918 -0.7047 0.9918 -0.7674 0.876 -0.7182 0.8584 -0.8819 0.8427 -0.918 0.8644 -0.9164 0.8353 -0.8818 0.8738 -0.8506 0.9918 -0.7732 0.876 -0.8225 0.8742 -0.8818 0.9918 -0.836 0.8755 -0.916 0.9918 -0.8818 0.9918 -0.9276 0.8749 -0.9471 0.9918 -0.9903 0.857 -0.7389 0.8361 -0.7463 0.8382 -0.7491 0.857 -0.735 0.8251 -0.7738 0.8284 -0.7738 0.8758 -0.7491 0.878 -0.7463 0.8857 -0.7738 0.8889 -0.7738 0.8361 -0.8012 0.8382 -0.7984 0.857 -0.8126 0.857 -0.8086 0.8758 -0.7984 0.878 -0.8012 0.7528 -0.8685 0.7395 -0.9019 0.7585 -0.9019 0.7528 -0.9353 0.7643 -0.9158 0.7782 -0.9491 0.7922 -0.9158 0.817 -0.9019 0.7979 -0.9019 0.8037 -0.8685 0.8037 -0.9353 0.7798 -0.1054 0.7579 -0.105 0.747 -0.1056 0.7925 -0.0924 0.7806 -0.0914 0.7904 -0.1058 0.786 -0.1881 0.7776 -0.187 0.7604 -0.1871 0.7521 -0.1881 0.7846 -0.1941 0.7773 -0.193 0.7606 -0.1933 0.7534 -0.1938 0.7692 -0.2034 0.7848 -0.2051 0.78 -0.2044 0.7826 -0.218 0.7798 -0.2164 0.7698 -0.2162 0.7823 -0.2186 0.779561 -0.218281 0.777403 -0.217943 0.760728 -0.218471 0.7587 -0.219 0.76225 -0.218131 0.7811 -0.2218 0.7791 -0.2208 0.7758 -0.2205 0.764 -0.2205 0.7614 -0.2209 0.7598 -0.2218 0.763953 -0.222523 0.761974 -0.223073 0.764 -0.2254 0.7629 -0.2257 0.7627 -0.2266 0.7645 -0.2262 0.7606 -0.2232 0.8418 -0.0718 0.8165 -0.009599 0.8178 -0.0716 0.8421 -0.009299 0.8538 -0.072 0.8549 -0.0095 0.8037 -0.009999 0.8059 -0.0719 0.8183 -0.0854 0.8525 -0.0993 0.8412 -0.0989 0.8067 -0.0858 0.8186 -0.0994 0.8074 -0.0998 0.8392 -0.1853 0.8206 -0.1852 0.8115 -0.186 0.8482 -0.1859 0.8393 -0.1921 0.8206 -0.1919 0.8124 -0.1923 0.8474 -0.192 0.818 -0.2045 0.8125 -0.2048 0.8291 -0.2191 0.8185 -0.2194 0.815 -0.2197 0.8186 -0.2201 0.8234 -0.2199 0.8153 -0.2205 0.8386 -0.2206 0.8413 -0.2214 0.8228 -0.223 0.8193 -0.2234 0.8169 -0.2243 0.8394 -0.2247 0.8375 -0.2237 0.8346 -0.223 0.8344 -0.2199 0.8371 -0.2246 0.8346 -0.224 0.8346 -0.2248 0.8368 -0.2255 0.8353 -0.2284 0.8355 -0.2291 0.834 -0.2287 0.8345 -0.2282 0.8383 -0.2261 0.8196 -0.2246 0.8181 -0.2262 0.82 -0.2257 0.8216 -0.2294 0.8225 -0.2291 0.8213 -0.2302 0.8232 -0.2297 0.8226 -0.225 0.8227 -0.224 0.7755 -0.2275 0.7775 -0.2267 0.7761 -0.2264 0.7778 -0.2278 0.778393 -0.223527 0.7802 -0.2237 0.775946 -0.22279 0.3406 -0.6156 0.3239 -0.6262 0.3068 -0.7017 0.3015 -0.6301 0.2934 -0.5938 0.3079 -0.5885 0.3243 -0.5809 0.2665 -0.7333 0.2681 -0.7714 0.2733 -0.6294 0.2422 -0.6969 0.2715 -0.5957 0.2633 -0.5945 0.254 -0.6213 0.2583 -0.8345 0.22086 -0.834856 0.1841 -0.7665 0.1604 -0.7579 0.18 -0.7733 0.1542 -0.7655 0.1538 -0.8252 0.1952 -0.8351 0.3239 -0.6262 0.3068 -0.7017 0.3015 -0.6301 0.2934 -0.5938 0.3079 -0.5885 0.2665 -0.7333 0.2681 -0.7714 0.2733 -0.6294 0.2422 -0.6969 0.2715 -0.5957 0.1873 -0.7567 0.1951 -0.7077 0.1616 -0.7455 0.2254 -0.7227 0.1873 -0.7567 0.2254 -0.7227 0.2583 -0.8345 0.22086 -0.834856 0.916 -0.3283 0.9202 -0.3283 0.9159 -0.32215 0.9206 -0.3229 0.9048 -0.2187 0.8865 -0.2768 0.9061 -0.2223 0.9054 -0.2863 0.9054 -0.2863 0.8865 -0.2768 0.9061 -0.2223 0.9048 -0.2187 0.9398 -0.2542 0.9681 -0.2538 0.2957 -0.125 0.3142 -0.1209 0.2968 -0.1339 0.3152 -0.1339 0.8845 -0.0862 0.8859 -0.1267 0.8845 -0.0862 0.8859 -0.1267 0.8959 -0.0458 0.8959 -0.0458 0.9181 -0.029 0.9181 -0.029 0.8959 -0.0458 0.8959 -0.0458 0.8845 -0.0862 0.8845 -0.0862 0.8859 -0.1267 0.8859 -0.1267 0.917654 -0.0458 0.917654 -0.0862 0.917654 -0.1267 0.920013 -0.0862 0.9181 -0.1267 0.917654 -0.0458 0.5837 -0.4809 0.6601 -0.5404 0.5888 -0.5404 0.6601 -0.4831 0.7314 -0.5404 0.7378 -0.4905 0.7349 -0.4503 0.6601 -0.4514 0.8094 -0.4522 0.8119 -0.4732 0.5794 -0.4496 0.5096 -0.4728 0.6601 -0.3817 0.7322 -0.3817 0.8028 -0.3817 0.5826 -0.3817 0.5161 -0.382 0.5086 -0.4491 0.4256 -0.4725 0.4851 -0.4729 0.4869 -0.4493 0.4323 -0.4479 0.3737 -0.4725 0.3737 -0.4514 0.4881 -0.3815 0.4513 -0.3817 0.3737 -0.3817 0.8782 -0.4915 0.8566 -0.4837 0.8566 -0.485 0.8316 -0.4925 0.8332 -0.4933 0.823 -0.5151 0.822 -0.5154 0.8316 -0.5255 0.8332 -0.5244 0.8566 -0.5296 0.8566 -0.5282 0.8782 -0.5244 0.8798 -0.5255 0.8883 -0.5153 0.8911 -0.5167 0.8798 -0.4925 0.7295 -0.255 0.66 -0.3731 0.723 -0.0815 0.7095 -0.0477 0.7095 -0.0815 0.723 -0.0477 0.6693 -0.0476 0.6755 -0.0808 0.6515 -0.0651 0.723 -0.1639 0.7085 -0.1639 0.6741 -0.1639 0.6515 -0.0852 0.6515 -0.1639 0.6275 -0.0808 0.6338 -0.0476 0.5936 -0.0477 0.5936 -0.0815 0.58 -0.0477 0.58 -0.0815 0.629 -0.1639 0.5946 -0.1639 0.58 -0.1639 0.1651 -0.6105 0.1209 -0.5637 0.1209 -0.6144 0.1475 -0.5631 0.0942 -0.5631 0.0767 -0.6105 0.1563 -0.5218 0.0855 -0.5218 0.2284 -0.4528 0.1209 -0.4621 0.166 -0.4594 0.1209 -0.5065 0.4837 -0.0463 0.4837 -0.1057 0.4604 -0.0463 0.463 -0.1057 0.4158 -0.0463 0.3945 -0.0463 0.573 -0.0463 0.4837 -0.1226 0.463 -0.1226 0.4837 -0.2562 0.4837 -0.1399 0.7459 -0.5944 0.7321 -0.6738 0.6547 -0.5944 0.6545 -0.6738 0.5635 -0.5944 0.5773 -0.6738 0.7409 -0.5845 0.5685 -0.5845 0.6547 -0.5845 0.6547 -0.7796 0.6544 -0.846 0.6949 -0.8941 0.6226 -0.9499 0.6867 -0.9498 0.6331 -0.9737 0.6546 -0.9498 0.6547 -0.9737 0.6763 -0.9737 0.875 -0.593 0.9918 -0.5503 0.8755 -0.6246 0.9918 -0.6131 0.8742 -0.6589 0.9918 -0.6589 0.8738 -0.69 0.9918 -0.7047 0.9918 -0.7674 0.876 -0.7182 0.8644 -0.9164 0.8427 -0.918 0.8584 -0.8819 0.8353 -0.8818 0.876 -0.8225 0.9918 -0.7732 0.8738 -0.8506 0.9918 -0.836 0.8742 -0.8818 0.9918 -0.8818 0.8755 -0.916 0.9918 -0.9276 0.8749 -0.9471 0.9918 -0.9903 0.857 -0.7389 0.8361 -0.7463 0.857 -0.735 0.8382 -0.7491 0.8251 -0.7738 0.8284 -0.7738 0.8758 -0.7491 0.878 -0.7463 0.8857 -0.7738 0.8889 -0.7738 0.8361 -0.8012 0.8382 -0.7984 0.857 -0.8126 0.857 -0.8086 0.8758 -0.7984 0.878 -0.8012 0.7528 -0.8685 0.7395 -0.9019 0.7585 -0.9019 0.7528 -0.9353 0.7643 -0.9158 0.7782 -0.9491 0.7922 -0.9158 0.8037 -0.9353 0.817 -0.9019 0.7979 -0.9019 0.8037 -0.8685 0.7798 -0.1054 0.7579 -0.105 0.747 -0.1056 0.7925 -0.0924 0.7806 -0.0914 0.7904 -0.1058 0.786 -0.1881 0.7776 -0.187 0.7604 -0.1871 0.7521 -0.1881 0.7846 -0.1941 0.7773 -0.193 0.7606 -0.1933 0.7534 -0.1938 0.7692 -0.2034 0.7848 -0.2051 0.78 -0.2044 0.7826 -0.218 0.7798 -0.2164 0.7698 -0.2162 0.7823 -0.2186 0.779561 -0.218281 0.777403 -0.217943 0.760728 -0.218471 0.7587 -0.219 0.76225 -0.218131 0.7811 -0.2218 0.7791 -0.2208 0.7758 -0.2205 0.764 -0.2205 0.7614 -0.2209 0.7598 -0.2218 0.763953 -0.222523 0.761974 -0.223073 0.764 -0.2254 0.7629 -0.2257 0.7627 -0.2266 0.7645 -0.2262 0.7606 -0.2232 0.8418 -0.0718 0.8165 -0.009599 0.8421 -0.009299 0.8178 -0.0716 0.8538 -0.072 0.8549 -0.0095 0.8037 -0.009999 0.8059 -0.0719 0.8183 -0.0854 0.8525 -0.0993 0.8412 -0.0989 0.8067 -0.0858 0.8186 -0.0994 0.8074 -0.0998 0.8392 -0.1853 0.8206 -0.1852 0.8115 -0.186 0.8482 -0.1859 0.8393 -0.1921 0.8206 -0.1919 0.8124 -0.1923 0.8474 -0.192 0.818 -0.2045 0.8125 -0.2048 0.8291 -0.2191 0.8185 -0.2194 0.815 -0.2197 0.8186 -0.2201 0.8234 -0.2199 0.8153 -0.2205 0.8386 -0.2206 0.8413 -0.2214 0.8228 -0.223 0.8193 -0.2234 0.8169 -0.2243 0.8394 -0.2247 0.8375 -0.2237 0.8346 -0.223 0.8344 -0.2199 0.8371 -0.2246 0.8346 -0.224 0.8346 -0.2248 0.8368 -0.2255 0.8353 -0.2284 0.8355 -0.2291 0.834 -0.2287 0.8345 -0.2282 0.8383 -0.2261 0.8196 -0.2246 0.8181 -0.2262 0.82 -0.2257 0.8216 -0.2294 0.8225 -0.2291 0.8213 -0.2302 0.8232 -0.2297 0.8226 -0.225 0.8227 -0.224 0.7755 -0.2275 0.7775 -0.2267 0.7778 -0.2278 0.7761 -0.2264 0.778393 -0.223527 0.7802 -0.2237 0.775946 -0.22279 0.18 -0.7733 0.1841 -0.7665 0.1952 -0.8351 0.1538 -0.8252 0.9159 -0.32215 0.9202 -0.3283 0.916 -0.3283 0.9206 -0.3229 0.9681 -0.2538 0.3142 -0.1209 0.2957 -0.125 0.5184 -0.5404 0.8398 -0.4766 0.3737 -0.4774 0.4969 -0.6738 0.5966 -0.7796 0.5356 -0.7798 0.7146 -0.9252 0.6843 -0.9252 0.8671 -0.5926 0.8427 -0.6226 0.8645 -0.6245 0.8634 -0.5884 0.8353 -0.6588 0.8584 -0.6584 0.8424 -0.7031 0.8567 -0.7132 0.8569 -0.7147 0.8487 -0.7153 0.8281 -0.6929 0.8638 -0.9518 0.8671 -0.9472 0.8564 -0.8518 0.8573 -0.8252 0.8489 -0.8249 0.8422 -0.8497 0.8281 -0.8477 0.8406 -0.8247 0.2168 -0.6817 0.22925 -0.76515 0.2186 -0.7637 0.2147 -0.7682 0.1826 -0.7615 0.1583 -0.7507 0.2264 -0.77435 0.239818 -0.788103 0.22535 -0.77005 0.2139 -0.7756 0.2155 -0.7703 0.1144 -0.8161 0.2352 -0.7698 0.244381 -0.770246 0.22495 -0.769 0.22925 -0.76515 0.2186 -0.7637 0.2147 -0.7682 0.1826 -0.7615 0.22495 -0.769 0.2352 -0.7698 0.244381 -0.770246 0.239818 -0.788103 0.22535 -0.77005 0.2264 -0.77435 0.9265 -0.3569 0.916 -0.3406 0.9222 -0.359 0.9211 -0.3392 0.9326 -0.3706 0.92065 -0.33375 0.916 -0.33445 0.9341 -0.3673 0.9265 -0.3569 0.916 -0.3406 0.9211 -0.3392 0.9222 -0.359 0.92065 -0.33375 0.916 -0.33445 0.9224 -0.2971 0.9348 -0.2897 0.9328 -0.2851 0.9269 -0.2998 0.921 -0.3175 0.9158 -0.316 0.8828 -0.2249 0.9035 -0.2151 0.8983 -0.1997 0.8803 -0.2056 0.8924 -0.1899 0.9346 -0.24 0.9026 -0.1872 0.9052 -0.1984 0.9295 -0.1748 0.9071 -0.2147 0.9346 -0.24 0.9052 -0.1984 0.9071 -0.2147 0.8828 -0.2249 0.9035 -0.2151 0.8983 -0.1997 0.9698 -0.3193 0.9398 -0.3206 0.9066 -0.2185 0.2916 -0.1049 0.3034 -0.0655 0.3101 -0.0973 0.285 -0.0737 0.2204 -0.0769 0.2443 -0.1065 0.2282 -0.1115 0.2365 -0.0704 0.2312 -0.1268 0.2473 -0.1241 0.2323 -0.1368 0.2484 -0.1368 0.5966 -0.7796 0.6843 -0.9252 0.8671 -0.5926 0.8427 -0.6226 0.8634 -0.5884 0.8645 -0.6245 0.8353 -0.6588 0.8584 -0.6584 0.8424 -0.7031 0.8567 -0.7132 0.8569 -0.7147 0.8487 -0.7153 0.8281 -0.6929 0.8638 -0.9518 0.8671 -0.9472 0.8564 -0.8518 0.8573 -0.8252 0.8489 -0.8249 0.8422 -0.8497 0.8281 -0.8477 0.8406 -0.8247 0.2155 -0.7703 0.2139 -0.7756 0.9224 -0.2971 0.9269 -0.2998 0.921 -0.3175 0.9158 -0.316 0.9698 -0.3193 0.9066 -0.2185 0.2916 -0.1049 0.3034 -0.0655 0.285 -0.0737 0.3101 -0.0973 0.2204 -0.0769 0.2443 -0.1065 0.2365 -0.0704 0.2282 -0.1115 0.2312 -0.1268 0.2473 -0.1241 0.6547 -0.9278 0.8406 -0.7159 0.6547 -0.9278 0.8406 -0.7159 0.4132 -0.1939 0.4062 -0.1782 0.4062 -0.1939 0.4132 -0.1782 0.4201 -0.1939 0.4236 -0.1782 0.4271 -0.1939 0.434 -0.1939 0.434 -0.1782 0.4132 -0.2147 0.4062 -0.2147 0.4201 -0.2147 0.4271 -0.2147 0.434 -0.2147 0.4132 -0.2304 0.4062 -0.2304 0.4236 -0.2304 0.434 -0.2304 0.4166 -0.1626 0.4305 -0.1626 0.4097 -0.246 0.4166 -0.246 0.4305 -0.246 0.4827 -0.1939 0.4757 -0.1782 0.4757 -0.1939 0.4862 -0.1782 0.4896 -0.1939 0.4827 -0.2147 0.4757 -0.2147 0.4896 -0.2147 0.4862 -0.2304 0.4757 -0.2304 0.4792 -0.1626 0.4792 -0.246 0.4097 -0.1626 0.6913 -0.0351 0.6624 -0.0319 0.6624 -0.0351 0.6913 -0.0319 0.6913 -0.0351 0.6624 -0.0319 0.6624 -0.0351 0.6913 -0.0319 0.6624 -0.0319 0.7187 -0.0351 0.7187 -0.0318 0.6624 -0.0351 0.7185 -0.0352 0.6624 -0.0319 0.6624 -0.0351 0.7185 -0.0319 0.6913 -0.0351 0.6624 -0.0319 0.6624 -0.0351 0.6913 -0.0319 0.6913 -0.0351 0.6624 -0.0319 0.6624 -0.0351 0.6913 -0.0319 0.6913 -0.0351 0.6624 -0.0319 0.6624 -0.0351 0.6913 -0.0319 0.6913 -0.0351 0.6624 -0.0319 0.6624 -0.0351 0.6913 -0.0319 0.6913 -0.0351 0.6624 -0.0319 0.6624 -0.0351 0.6913 -0.0319 0.6913 -0.0351 0.6624 -0.0319 0.6624 -0.0351 0.6913 -0.0319 0.6686 -0.0331 0.663 -0.0244 0.6662 -0.0149 0.6757 -0.0076 0.6798 -0.0385 0.6941 -0.005999 0.6982 -0.0368 0.7053 -0.0114 0.7077 -0.0296 0.7109 -0.0201 0.4444 -0.1939 0.434 -0.1782 0.434 -0.1939 0.4444 -0.1782 0.4549 -0.1939 0.4549 -0.1782 0.4618 -0.1939 0.4653 -0.1782 0.4688 -0.1939 0.4757 -0.1939 0.4757 -0.1782 0.4444 -0.2147 0.434 -0.2147 0.4549 -0.2147 0.4618 -0.2147 0.4688 -0.2147 0.4757 -0.2147 0.4444 -0.2304 0.434 -0.2304 0.4549 -0.2304 0.4653 -0.2304 0.4757 -0.2304 0.4723 -0.1626 0.4375 -0.246 0.4514 -0.246 0.4583 -0.246 0.4723 -0.246 0.4375 -0.1626 0.4514 -0.1626 0.4583 -0.1626 0.699 -0.0117 0.6731 -0.008899 0.6731 -0.0117 0.699 -0.008899 0.699 -0.0117 0.6731 -0.008899 0.6731 -0.0117 0.699 -0.008899 0.699 -0.0117 0.6499 -0.009 0.6499 -0.0117 0.699 -0.008899 0.6731 -0.008899 0.7232 -0.0117 0.7232 -0.009 0.6731 -0.0117 0.699 -0.0117 0.6731 -0.008899 0.6731 -0.0117 0.699 -0.008899 0.699 -0.0117 0.6731 -0.008899 0.6731 -0.0117 0.699 -0.008899 0.699 -0.0117 0.6731 -0.008899 0.6731 -0.0117 0.699 -0.008899 0.699 -0.0117 0.6731 -0.008899 0.6731 -0.0117 0.699 -0.008899 0.699 -0.0117 0.6731 -0.008899 0.6731 -0.0117 0.699 -0.008899 0.699 -0.0117 0.6731 -0.008899 0.6731 -0.0117 0.699 -0.008899 0.6687 -0.0253 0.6739 -0.0332 0.6717 -0.0166 0.6841 -0.0382 0.6804 -0.009999 0.7009 -0.0367 0.6972 -0.008499 0.7097 -0.03 0.7075 -0.0134 0.7126 -0.0214 0.4132 -0.1939 0.4062 -0.1782 0.4132 -0.1782 0.4062 -0.1939 0.4201 -0.1939 0.4236 -0.1782 0.4271 -0.1939 0.434 -0.1939 0.434 -0.1782 0.4132 -0.2147 0.4062 -0.2147 0.4201 -0.2147 0.4271 -0.2147 0.434 -0.2147 0.4132 -0.2304 0.4062 -0.2304 0.4236 -0.2304 0.434 -0.2304 0.4166 -0.1626 0.4305 -0.1626 0.4097 -0.246 0.4166 -0.246 0.4305 -0.246 0.4097 -0.1626 0.4827 -0.1939 0.4757 -0.1782 0.4862 -0.1782 0.4757 -0.1939 0.4896 -0.1939 0.4827 -0.2147 0.4757 -0.2147 0.4896 -0.2147 0.4862 -0.2304 0.4757 -0.2304 0.4792 -0.1626 0.4792 -0.246 0.6913 -0.0351 0.6624 -0.0319 0.6913 -0.0319 0.6624 -0.0351 0.6913 -0.0351 0.6624 -0.0319 0.6913 -0.0319 0.6624 -0.0351 0.6624 -0.0319 0.7187 -0.0351 0.6624 -0.0351 0.7187 -0.0318 0.7185 -0.0352 0.6624 -0.0319 0.7185 -0.0319 0.6624 -0.0351 0.6913 -0.0351 0.6624 -0.0319 0.6913 -0.0319 0.6624 -0.0351 0.6913 -0.0351 0.6624 -0.0319 0.6913 -0.0319 0.6624 -0.0351 0.6913 -0.0351 0.6624 -0.0319 0.6913 -0.0319 0.6624 -0.0351 0.6913 -0.0351 0.6624 -0.0319 0.6913 -0.0319 0.6624 -0.0351 0.6913 -0.0351 0.6624 -0.0319 0.6913 -0.0319 0.6624 -0.0351 0.6913 -0.0351 0.6624 -0.0319 0.6913 -0.0319 0.6624 -0.0351 0.6662 -0.0149 0.663 -0.0244 0.6686 -0.0331 0.6757 -0.0076 0.6798 -0.0385 0.6941 -0.005999 0.6982 -0.0368 0.7053 -0.0114 0.7077 -0.0296 0.7109 -0.0201 0.4444 -0.1939 0.434 -0.1782 0.4444 -0.1782 0.434 -0.1939 0.4549 -0.1939 0.4549 -0.1782 0.4618 -0.1939 0.4653 -0.1782 0.4688 -0.1939 0.4757 -0.1939 0.4757 -0.1782 0.4444 -0.2147 0.434 -0.2147 0.4549 -0.2147 0.4618 -0.2147 0.4688 -0.2147 0.4757 -0.2147 0.4444 -0.2304 0.434 -0.2304 0.4549 -0.2304 0.4653 -0.2304 0.4757 -0.2304 0.4723 -0.1626 0.4375 -0.246 0.4514 -0.246 0.4583 -0.246 0.4723 -0.246 0.4375 -0.1626 0.4514 -0.1626 0.4583 -0.1626 0.699 -0.0117 0.6731 -0.008899 0.699 -0.008899 0.6731 -0.0117 0.699 -0.0117 0.6731 -0.008899 0.699 -0.008899 0.6731 -0.0117 0.699 -0.0117 0.6499 -0.009 0.699 -0.008899 0.6499 -0.0117 0.6731 -0.008899 0.7232 -0.0117 0.6731 -0.0117 0.7232 -0.009 0.699 -0.0117 0.6731 -0.008899 0.699 -0.008899 0.6731 -0.0117 0.699 -0.0117 0.6731 -0.008899 0.699 -0.008899 0.6731 -0.0117 0.699 -0.0117 0.6731 -0.008899 0.699 -0.008899 0.6731 -0.0117 0.699 -0.0117 0.6731 -0.008899 0.699 -0.008899 0.6731 -0.0117 0.699 -0.0117 0.6731 -0.008899 0.699 -0.008899 0.6731 -0.0117 0.699 -0.0117 0.6731 -0.008899 0.699 -0.008899 0.6731 -0.0117 0.6717 -0.0166 0.6739 -0.0332 0.6687 -0.0253 0.6841 -0.0382 0.6804 -0.009999 0.7009 -0.0367 0.6972 -0.008499 0.7097 -0.03 0.7075 -0.0134 0.7126 -0.0214</float_array>
          <technique_common>
            <accessor source="#GeometrySource2-array" count="1743" stride="2">
              <param name="S" type="float"/>
              <param name="T" type="float"/>
            </accessor>
          </technique_common>
        </source>
        <vertices id="Geometry-vertices">
          <input semantic="POSITION" source="#GeometrySource"/>
          <input semantic="NORMAL" source="#GeometrySource1"/>
          <input semantic="TEXCOORD" source="#GeometrySource2"/>
        </vertices>
        <triangles material="VisualMaterial0" count="2010">
          <input semantic="VERTEX" source="#Geometry-vertices" offset="0"/>
          <p>0 1 2 3 1 0 4 5 6 4 6 7 8 7 9 9 7 6 8 9 10 10 9 11 12 13 14 15 16 13 17 16 15 17 18 16 19 18 17 20 13 12 15 13 20 19 21 18 22 23 24 25 23 22 26 27 28 29 27 26 23 25 30 31 23 30 32 23 31 33 23 32 33 24 23 34 29 26 26 35 34 36 35 26 37 32 38 33 32 39 39 32 37 40 29 34 38 32 41 41 32 31 42 43 44 45 43 42 44 46 42 47 46 44 48 46 47 49 46 48 50 49 48 51 49 50 51 50 52 52 50 53 52 53 54 54 53 55 54 55 56 56 55 57 58 56 57 59 56 58 58 60 59 61 60 58 60 61 62 62 61 63 64 65 66 67 65 64 67 68 65 69 68 67 68 69 70 70 69 71 72 70 71 73 64 66 74 75 76 77 75 74 78 79 80 80 79 81 80 81 82 82 81 83 84 85 86 87 88 89 90 88 87 88 91 89 89 91 92 93 90 87 94 90 93 95 96 97 96 98 97 97 98 99 97 99 100 100 99 101 102 96 95 103 102 95 104 102 103 102 104 105 102 106 96 105 106 102 106 105 107 108 106 107 107 109 108 107 105 110 110 109 107 111 96 106 98 96 111 111 106 108 110 112 109 105 104 112 105 112 110 113 114 115 116 114 113 117 116 113 118 117 113 119 116 117 117 120 119 120 117 121 121 117 122 118 122 117 119 120 123 124 125 126 125 127 126 126 128 124 127 128 126 129 127 125 130 125 124 130 129 125 131 129 130 131 132 129 114 132 131 114 116 132 129 132 127 119 123 133 127 132 133 133 123 128 132 116 133 133 116 119 133 128 127 134 135 136 136 135 137 135 138 137 138 135 139 135 134 139 140 138 139 138 140 141 140 142 141 143 141 142 144 143 142 145 144 142 146 144 145 141 143 147 147 143 148 148 149 147 150 149 148 151 149 150 143 152 148 148 152 150 147 153 141 138 141 153 154 153 147 149 154 147 155 143 144 152 143 155 156 154 149 157 158 159 160 159 158 161 157 159 161 159 162 163 146 145 162 163 145 160 163 159 159 163 162 163 164 146 155 144 164 164 144 146 165 163 160 165 164 163 166 138 153 137 138 166 166 167 137 153 167 166 137 167 168 137 168 136 169 168 167 136 168 170 169 170 168 164 171 155 172 171 173 174 171 164 173 171 174 171 175 155 155 175 152 172 175 171 153 176 167 172 176 175 176 177 167 169 167 177 176 172 177 178 175 176 176 153 178 178 153 154 179 175 178 179 152 175 150 152 179 178 154 180 150 180 151 179 180 150 178 180 179 180 154 156 181 182 183 184 182 181 182 185 183 183 185 186 184 181 187 187 181 188 189 187 188 190 187 189 191 190 189 192 190 191 191 193 192 194 193 191 194 195 193 196 195 194 196 197 195 198 197 196 199 200 201 199 201 202 199 202 203 200 204 201 202 205 203 206 207 208 209 207 206 206 208 210 210 208 211 210 211 212 211 213 212 212 213 214 215 216 217 218 216 215 201 204 219 203 205 220 221 222 223 224 222 221 225 221 223 226 221 225 224 227 222 228 226 225 221 229 224 229 227 224 230 229 221 231 221 226 231 226 228 230 221 231 225 223 232 223 222 233 234 235 236 237 235 234 237 238 235 239 238 237 240 234 236 241 234 240 242 241 240 243 241 242 239 244 238 245 243 242 234 246 237 247 246 234 237 248 239 246 248 237 248 244 239 249 243 245 249 241 243 247 234 250 250 241 249 250 234 241 251 252 253 252 254 253 251 253 255 255 256 251 251 256 257 256 258 257 259 254 252 259 252 260 261 259 260 260 262 261 263 262 260 263 264 262 265 266 267 265 267 268 265 268 269 265 269 270 267 266 271 268 267 271 272 268 271 273 272 271 269 274 270 275 274 269 275 276 274 273 277 272 272 277 278 277 279 278 236 235 280 280 235 281 280 281 282 240 236 283 283 236 284 283 284 285 286 287 288 286 288 289 286 289 290 291 290 289 291 292 290 291 293 292 294 295 296 297 294 296 294 297 298 299 298 297 297 300 299 297 296 300 301 299 300 300 302 301 296 303 300 300 303 302 304 301 302 302 303 305 302 305 304 306 304 305 305 307 306 305 308 307 303 308 305 309 306 307 307 310 309 307 308 310 311 309 310 310 312 311 310 313 312 308 313 310 314 311 312 312 315 314 316 314 315 314 316 317 318 317 316 311 314 319 317 319 314 309 311 320 319 320 311 320 321 309 306 309 321 321 322 306 304 306 322 322 323 304 301 304 323 323 324 301 299 301 324 324 325 299 298 299 325 324 323 326 326 325 324 319 317 327 328 319 327 320 319 328 321 320 328 323 322 329 329 321 328 326 323 329 322 321 329 330 325 326 331 325 330 332 333 326 328 334 335 336 328 337 326 338 339 340 341 308 342 308 343 344 345 296 346 296 347 348 295 294 349 350 351 352 349 351 353 352 351 354 353 351 355 354 351 356 355 351 357 356 351 358 357 351 359 358 351 360 359 351 361 360 351 350 361 351 362 363 364 364 363 365 366 367 368 369 366 368 366 369 370 371 370 372 370 369 372 373 370 371 374 375 376 375 377 378 378 377 379 377 380 379 379 380 381 382 375 378 376 375 382 380 383 381 384 385 386 386 385 387 388 389 390 390 389 391 392 387 385 392 385 393 393 385 394 385 384 395 394 385 395 390 391 396 396 397 390 390 397 398 399 394 400 400 394 395 401 394 399 396 391 402 403 394 401 393 394 403 404 405 406 407 405 404 404 408 407 407 408 409 409 408 410 410 408 411 410 411 412 412 411 413 414 412 413 415 412 414 416 415 414 417 415 416 418 417 416 419 417 418 419 418 420 420 418 421 421 422 420 420 422 423 424 423 422 425 423 424 426 427 428 429 427 426 427 430 428 428 430 431 432 431 430 433 431 432 433 432 434 429 426 435 76 75 436 436 75 437 81 79 438 438 79 439 83 81 440 440 81 438 441 442 443 444 445 446 447 445 444 447 448 445 449 448 447 444 446 450 450 446 451 452 453 454 452 455 453 456 455 452 457 456 452 458 456 457 454 453 459 454 459 460 460 459 461 462 461 459 459 463 462 453 463 459 464 462 463 464 463 465 465 466 464 464 466 467 467 462 464 463 453 468 468 453 455 465 463 468 466 469 467 469 461 462 467 469 462 470 471 472 472 471 473 472 473 474 472 474 475 474 473 476 476 477 474 478 474 477 474 479 475 479 474 478 480 477 476 481 482 483 482 484 483 483 484 485 482 486 484 487 482 481 487 486 482 487 488 486 481 488 487 489 473 471 485 489 471 484 489 485 486 489 484 486 488 490 490 473 489 490 480 476 476 473 490 488 480 490 490 489 486 491 492 493 494 492 491 494 495 492 496 495 494 497 491 493 498 491 497 498 497 499 499 497 500 499 500 501 501 500 502 502 503 501 501 503 504 503 505 504 504 505 506 505 507 506 506 507 508 509 510 511 512 509 511 513 512 511 509 514 510 513 515 512 516 517 518 519 517 516 520 519 516 521 519 520 522 521 520 522 523 521 524 523 522 525 158 157 158 525 160 525 157 526 527 525 526 525 528 160 160 528 165 173 174 528 528 164 165 527 528 525 174 164 528 173 528 527 529 216 218 530 216 529 531 514 509 532 515 513 533 246 247 534 246 533 535 534 533 536 247 250 537 247 536 538 537 536 539 540 541 542 539 541 543 542 541 542 543 544 543 545 544 545 546 544 547 230 231 548 229 230 549 550 551 549 551 552 553 552 551 552 553 554 554 555 552 555 549 552 555 554 556 556 557 555 555 558 549 557 558 555 557 556 559 559 560 557 560 558 557 560 559 561 561 562 560 562 563 560 560 563 558 562 561 564 565 563 562 564 565 562 565 564 566 566 567 565 567 568 565 565 568 563 567 566 569 569 570 567 570 569 571 572 571 569 571 572 573 574 569 566 569 574 572 575 566 564 566 575 574 564 576 575 576 564 561 561 577 576 577 561 559 578 559 556 559 578 577 556 579 578 579 556 554 580 554 553 554 580 579 579 580 581 581 578 579 582 572 574 583 574 575 583 575 576 582 574 583 584 576 577 584 577 578 584 578 581 583 576 584 581 580 585 585 580 586 581 587 588 589 590 583 591 583 592 593 594 581 563 595 596 597 563 598 549 599 600 601 549 602 551 550 603 604 605 606 604 606 607 604 607 608 604 608 609 604 609 610 604 610 611 604 611 612 604 612 613 604 613 614 604 614 615 604 616 605 604 615 616 617 618 619 620 618 617 618 621 619 619 621 622 621 623 622 622 623 624 625 619 622 626 619 625 619 626 617 625 622 627 627 622 628 617 626 629 630 622 624 628 622 630 631 617 632 617 629 632 626 625 633 625 627 634 633 625 634 634 627 635 629 626 636 636 626 633 637 629 636 638 629 637 632 629 638 631 632 639 640 641 642 643 641 640 644 641 645 641 643 645 646 641 644 645 643 647 645 647 648 645 648 644 648 647 649 644 648 650 642 651 640 640 651 652 653 651 654 655 651 653 655 652 651 653 656 655 656 657 655 657 652 655 658 657 656 659 656 653 660 661 662 663 661 660 663 664 661 661 664 665 661 665 666 666 665 667 664 668 665 665 669 667 665 668 669 667 669 670 671 672 673 674 672 671 672 674 675 675 674 676 677 675 676 678 675 677 678 677 679 679 677 680 679 680 681 681 680 682 682 683 681 681 683 684 671 673 685 683 685 684 684 685 686 685 673 686 4 687 5 5 687 1 1 687 2 11 688 10 3 688 11 0 688 3 689 690 691 692 690 689 692 693 690 694 693 692 694 695 693 696 692 689 697 692 696 698 692 697 694 692 698 698 699 694 699 695 694 700 699 698 700 701 699 699 702 695 701 702 699 701 703 702 704 703 701 704 705 703 706 705 704 707 701 700 704 701 708 708 706 704 708 701 707 709 706 708 710 711 712 713 711 710 713 714 711 715 714 713 712 716 710 12 717 715 715 717 714 14 717 12 710 716 718 21 718 18 13 719 14 14 719 717 16 719 13 18 720 16 720 716 719 718 716 720 18 718 720 16 720 719 717 719 721 719 716 721 24 722 22 723 722 24 33 723 24 723 724 722 725 724 723 724 725 726 726 725 28 28 727 726 27 727 28 30 25 728 729 725 723 729 723 33 39 729 33 26 730 36 730 725 729 28 730 26 28 725 730 35 36 731 37 732 39 731 732 37 732 729 39 732 730 729 36 730 732 731 36 732 733 734 76 76 734 74 733 735 734 736 735 733 735 737 734 734 737 738 734 738 74 737 739 738 738 739 740 735 736 741 741 736 742 739 743 740 743 739 744 739 737 745 744 739 745 745 737 746 737 735 746 746 735 741 738 740 747 74 738 747 747 77 74 748 77 747 749 437 75 75 77 749 749 77 750 82 83 751 751 83 752 752 753 751 754 753 752 753 755 751 756 82 751 751 755 756 757 756 755 758 756 757 759 758 757 760 758 759 761 762 763 764 762 761 765 764 761 766 764 765 767 766 765 768 766 767 767 769 768 770 769 767 771 772 773 774 772 771 775 776 777 775 771 778 771 773 778 778 779 775 779 776 775 778 773 780 781 779 778 780 781 778 782 781 780 783 782 780 784 782 783 785 786 787 788 786 785 786 789 787 787 789 790 791 788 785 792 788 791 793 792 791 794 792 793 789 795 790 790 795 796 795 797 796 796 797 798 799 794 793 798 800 799 797 800 798 800 794 799 84 801 85 801 802 85 85 802 803 802 804 803 803 804 805 804 806 805 805 806 807 807 808 809 809 810 86 810 84 86 808 810 809 806 811 807 811 808 807 89 812 87 813 812 89 92 813 89 814 813 92 93 87 815 87 812 816 815 87 816 815 816 817 817 816 812 817 812 818 812 813 819 818 812 819 819 813 820 813 814 820 820 814 821 818 819 822 822 819 823 819 820 823 823 820 824 820 821 824 95 825 103 824 825 95 824 821 825 826 824 95 100 826 97 826 95 97 823 824 826 822 823 827 823 826 828 827 823 828 827 828 829 829 828 830 831 828 826 831 826 100 830 828 831 829 830 832 831 833 830 832 830 833 834 833 831 100 101 835 835 101 836 100 837 831 835 837 100 833 838 832 839 838 833 839 833 840 840 833 834 835 841 837 842 841 835 836 842 835 843 842 836 841 842 844 842 843 845 844 842 845 845 846 844 847 846 845 848 846 847 849 846 848 845 843 850 848 847 850 850 847 845 851 852 853 854 852 851 851 855 854 854 855 856 852 857 853 853 857 858 853 858 859 853 859 851 851 860 855 851 859 861 861 860 851 859 858 862 859 862 863 861 859 863 863 862 864 861 865 860 861 863 865 865 863 866 863 864 866 866 864 867 860 865 868 865 866 869 869 118 113 115 869 113 870 118 869 866 867 870 869 866 870 870 867 871 872 865 869 872 869 115 868 865 872 870 871 873 873 118 870 873 871 874 118 873 875 875 122 118 873 874 876 875 873 876 876 874 877 876 877 878 876 878 875 875 878 879 878 877 880 875 881 122 121 122 882 882 122 881 878 883 879 880 884 878 884 883 878 885 884 880 881 886 882 887 886 881 887 881 888 888 881 889 889 881 875 886 887 890 891 887 888 890 887 891 892 890 891 893 890 892 892 894 893 894 895 893 894 896 895 897 894 892 897 896 894 893 895 898 886 890 898 898 890 893 885 899 884 899 883 884 900 899 885 900 901 899 900 902 901 902 903 901 902 904 903 904 902 900 903 904 905 901 903 906 901 907 899 907 883 899 906 907 901 908 909 910 911 909 908 840 912 839 909 911 912 912 913 839 839 913 838 912 911 913 910 909 914 914 909 912 914 912 840 136 915 134 170 915 136 134 915 916 916 917 134 139 134 917 918 917 916 916 919 918 920 919 916 915 921 916 916 921 920 922 139 917 923 140 139 923 139 922 924 917 918 925 917 924 918 926 924 919 926 918 926 927 924 928 925 924 924 927 928 142 929 145 140 929 142 929 140 923 930 145 929 145 930 162 931 932 933 933 932 934 161 935 157 934 935 933 162 930 936 935 936 933 936 161 162 935 161 936 937 921 915 937 915 170 170 938 937 938 170 169 937 938 939 939 940 937 941 921 937 937 940 941 938 169 942 942 169 943 169 177 943 939 938 944 928 927 944 944 938 945 944 945 928 939 946 940 944 946 939 944 927 946 947 948 949 925 950 917 950 925 948 950 948 947 917 950 922 949 948 951 951 948 952 938 952 945 942 952 938 948 945 952 943 177 953 173 953 172 172 953 177 953 173 954 527 954 173 955 956 957 957 956 958 959 960 961 961 960 962 963 964 965 965 964 966 967 217 216 216 530 967 968 217 967 969 970 971 971 970 972 973 974 975 976 974 973 973 975 977 977 975 978 977 978 979 979 978 980 980 981 979 979 981 982 981 983 982 982 983 984 983 985 984 984 985 986 979 982 987 982 984 987 987 973 977 987 977 979 988 973 987 988 976 973 984 986 988 987 984 988 988 986 989 989 976 988 990 985 983 975 974 990 991 985 990 990 974 991 992 981 980 980 978 992 992 983 981 978 975 992 992 975 990 990 983 992 993 994 995 996 994 993 996 997 994 624 623 998 998 623 997 624 998 630 998 997 996 998 996 999 993 1000 996 999 996 1000 1001 998 999 630 998 1002 1002 998 1001 1003 1000 993 1004 1003 993 639 1004 631 1004 993 631 1005 999 1000 1006 999 1005 1006 1001 999 1007 1001 1006 1005 1000 1008 1008 1000 1003 1008 1003 1009 1009 1003 1010 1010 1003 1004 662 1011 660 660 1011 1012 1011 1013 1012 1014 1013 1011 1015 1014 1011 1016 1014 1015 1014 1017 1013 1016 1018 1014 1018 1017 1014 1019 1018 1016 1020 1021 1022 1023 1022 1021 1024 1022 1023 1024 1023 1025 1025 1023 1026 1027 1025 1026 1028 1025 1027 1029 1028 1027 1030 1028 1029 1029 1031 1030 1032 1031 1029 1032 1033 1031 1034 1033 1032 1033 1035 1020 1034 1035 1033 1035 1021 1020 362 1036 363 367 1036 368 363 1036 367 373 1037 365 371 1037 373 365 1037 364 1038 1039 1040 1041 1039 1038 1039 1042 1040 1040 1042 1043 1042 1044 1043 1038 1040 1045 1045 1040 1046 1046 1040 1047 1047 1040 1043 1043 1044 1048 1043 1048 1047 1047 1048 1049 1048 1050 1049 1044 1051 1048 1048 1051 1050 1051 1052 1050 1050 1052 1053 1052 1054 1053 1053 1054 1055 1049 1050 1056 1057 1050 1053 1053 1055 1057 1056 1050 1057 1057 1055 1058 1059 1060 1061 1062 1060 1059 1060 1063 1061 1061 1063 1064 1059 1065 1062 376 1066 374 1064 1066 376 1063 1066 1064 1067 1065 1059 380 1067 383 375 1068 377 374 1068 375 1066 1068 374 377 1069 380 1068 1069 377 1069 1065 1067 1068 1065 1069 1069 1067 380 1070 1068 1066 1070 1065 1068 386 1071 384 384 1072 395 384 1071 1072 1071 1073 1072 1072 1073 1074 388 1074 1075 1075 1074 1073 388 1076 389 1075 1076 388 1077 387 392 1072 1074 1078 395 1078 400 395 1072 1078 390 1079 388 398 1079 390 1079 1074 388 1078 1074 1079 1080 398 397 1081 1079 398 1078 1079 1081 399 1081 1080 400 1078 1081 400 1081 399 1081 398 1080 733 1082 736 436 1083 76 1083 1082 733 76 1083 733 1083 1084 1082 1085 1084 1083 436 1085 1083 744 1086 743 1085 1086 1084 1087 1086 1085 1087 743 1086 1088 736 1082 742 736 1088 1089 1084 1086 1089 1086 744 1090 1082 1084 1090 1084 1089 1088 1082 1090 1091 1087 1085 436 437 1091 1091 1085 436 1091 437 1092 1093 437 749 1094 83 440 752 83 1094 759 1095 760 1094 1096 752 752 1096 754 1094 440 1097 1097 1098 1094 1094 1098 1096 1099 1095 759 1098 1097 1099 1099 1097 1095 1100 1101 1102 1102 1101 1103 1102 1103 1104 1104 1103 1105 1104 1105 1106 1106 1105 1107 1107 1108 1106 1106 1108 1109 1110 1111 1112 1112 1111 1113 1114 1115 1116 1116 1115 1117 1116 1117 1118 1118 1112 1116 1118 1110 1112 1118 1117 1119 1118 1119 1120 1120 1110 1118 1120 1119 1121 1120 1121 1122 1122 1121 1123 1124 1125 1126 1127 1125 1124 1127 1128 1125 1129 1128 1127 1124 1126 1130 1130 1126 1131 1130 1131 1132 1132 1131 1133 1129 1134 1128 1135 1134 1129 1135 1136 1134 1137 1136 1135 1132 1133 1138 1138 1133 1139 1137 1139 1136 1138 1139 1137 442 1140 443 442 1141 1140 1142 1141 442 1142 1143 1141 1144 1143 1142 1144 1145 1143 1146 1145 1144 1146 1147 1145 1146 1148 1147 1149 1148 1146 441 1150 1149 441 443 1150 1149 1150 1148 444 1151 447 447 1152 449 447 1151 1152 449 1152 1153 1154 444 450 1155 1151 444 1155 444 1154 1156 1155 1154 1151 1155 1156 1157 1151 1156 1158 1152 1151 1158 1151 1157 1159 1152 1158 1159 1153 1152 1160 1153 1159 1161 1158 1157 1162 1159 1158 1162 1158 1161 1163 1160 1159 1163 1159 1162 460 1164 454 454 1164 1163 1164 1160 1163 454 1163 1165 1165 1163 1162 452 1165 457 452 454 1165 1166 1162 1161 1167 1162 1166 1167 1165 1162 1168 1167 1166 1169 1167 1168 1170 1167 1169 457 1165 1170 1165 1167 1170 1171 1169 1168 1172 1169 1171 1169 1172 1170 1170 1172 1173 1174 458 457 1175 458 1174 1170 1176 457 457 1176 1174 1171 1177 1172 1172 1177 1178 1173 1172 1179 1179 1172 1178 1176 1180 1174 1174 1180 1181 1174 1181 1175 1175 1181 1182 1183 1181 1180 1184 1181 1183 1184 1182 1181 1183 1185 1184 1184 1185 1186 1186 1185 1187 1187 1185 1188 1189 1182 1184 1184 1186 1189 1189 1186 1187 1190 1191 1192 1193 1191 1190 1192 1194 1190 1195 1194 1192 1193 1196 1191 1197 1196 1193 1198 1197 1193 1190 1198 1193 1194 1199 1190 1190 1199 1200 1200 1198 1190 1201 1197 1198 1202 1201 1198 1202 1198 1200 1203 1201 1202 1199 1204 1200 1204 1202 1200 1205 1202 1204 1205 1203 1202 1206 1203 1205 1207 1204 1199 472 475 1208 472 1208 470 1208 1205 1204 1209 1205 1208 1209 1206 1205 1208 475 1209 1210 1206 1209 1208 1204 1211 1211 1204 1207 470 1208 1211 1212 1210 1209 1209 475 1212 1213 1210 1212 1214 1212 475 475 479 1214 1215 1213 1212 1215 1212 1214 1216 1213 1215 1217 1216 1215 1214 1217 1215 1218 1217 1214 1219 1216 1217 479 1220 1214 1220 479 1221 1221 479 478 1218 1222 1217 1217 1223 1219 1217 1222 1223 1219 1223 1224 1221 1225 1220 1220 1225 1226 1227 1220 1226 1214 1220 1228 1228 1220 1227 1229 1226 1225 1230 1226 1229 1227 1226 1230 1230 1229 1231 1231 1229 1232 1232 1233 1231 1232 1234 1233 1234 1235 1233 1231 1233 1236 1233 1235 1236 1237 1229 1225 1237 1234 1232 1232 1229 1237 1223 1222 1238 1223 1238 1224 1224 1238 1239 1238 1240 1239 1240 1241 1239 1240 1242 1241 1242 1243 1241 1239 1241 1243 1244 1243 1242 1245 1242 1240 1240 1246 1245 1238 1222 1246 1238 1246 1240 1247 1248 1249 1250 1248 1247 1178 1251 1179 1251 1249 1248 1252 1249 1251 1177 1252 1178 1178 1252 1251 1253 1248 1250 1251 1248 1253 1179 1251 1253 934 932 1254 1254 932 1255 1256 954 527 527 526 1256 1254 1256 1257 1256 526 1257 157 1257 526 1254 1257 934 1258 1259 1260 1261 1259 1258 967 530 1262 972 1263 971 971 1263 1264 631 1265 617 993 1265 631 617 1265 620 995 1265 993 641 1266 642 651 1266 654 646 1266 641 642 1266 651 666 1267 661 1011 1267 1015 662 1267 1011 661 1267 662 740 743 1268 1268 743 1087 740 1268 1269 747 740 1269 1269 748 747 78 748 1269 79 78 1270 1270 439 79 1270 78 1269 1269 1268 1270 1271 1093 749 749 750 1271 1271 1272 760 1271 750 1272 760 1272 758 1273 1274 1275 1273 1275 763 763 1275 761 1276 1274 1273 1274 1277 1275 1275 1277 1278 761 1278 765 1275 1278 761 1278 767 765 1279 1278 1277 1280 767 1278 1280 1278 1279 1280 1281 767 767 1281 770 1279 1282 1280 1280 1282 1281 1279 1277 1283 772 1284 773 773 1285 780 780 1285 783 773 1284 1285 1286 774 771 1286 771 775 777 1286 775 1287 1286 777 1288 1286 1287 1289 1286 1288 1289 774 1286 1290 774 1289 1291 1289 1288 1290 1289 1291 928 945 1292 1292 945 948 948 925 1292 1292 925 928 922 950 1293 1294 950 947 1293 950 1294 1295 1293 1294 947 1295 1294 1296 1295 947 1296 947 1297 1297 947 949 949 951 1297 929 1298 930 930 1298 936 923 1299 929 1299 1298 929 1298 1299 1300 1298 1300 1301 1301 931 933 933 936 1301 936 1298 1301 1301 1300 1302 1302 931 1301 934 1257 1303 1303 935 934 157 935 1303 1303 1257 157 1300 1299 1304 1305 922 1293 1305 1293 1304 1305 1299 923 1299 1305 1304 1305 923 922 1304 1293 1306 1306 1293 1295 1307 952 942 1308 952 1307 951 952 1308 1308 1307 1309 1308 1309 951 951 1309 1310 1297 951 1310 1309 1307 1311 1311 1307 1312 942 943 1313 1312 1307 1313 1307 942 1313 1312 1313 1314 953 1314 943 943 1314 1313 1312 1314 1315 1315 1314 1316 954 1316 953 953 1316 1314 1256 1316 954 1317 1318 1319 1320 1318 1317 1321 1317 1319 1322 1318 1320 955 1322 956 1323 1322 955 1323 1318 1322 1324 1317 1321 1321 1325 1324 1325 1326 1327 1328 1325 1321 1328 1326 1325 1259 1329 1260 1327 1326 1329 1260 1329 1330 1329 1326 1330 1331 1332 1333 1334 1332 1331 1334 1331 1335 1336 958 1335 957 958 1336 1335 1331 1336 959 1337 960 1338 1337 959 1339 1337 1338 1337 1339 1340 1340 1339 1341 962 1342 961 1342 1343 1344 1345 1343 1342 1342 1346 961 1344 1346 1342 965 1347 963 1347 1343 1345 1348 1343 1347 965 1349 1347 1347 1349 1348 964 1350 966 966 1350 1351 1340 1352 1350 1341 1352 1340 1351 1350 1352 967 1353 968 1354 1353 967 961 1346 1355 1356 1357 1358 1356 1358 969 969 1358 970 1359 1357 1356 1360 1361 1362 1363 1361 1360 1362 1361 1364 1364 1361 1365 1364 1365 1366 1366 1365 1367 1091 1092 1368 1270 1268 1368 1368 1268 1087 1368 1087 1091 1368 1092 439 1368 439 1270 1369 1093 1271 760 1369 1271 1095 1369 760 1370 1371 1372 1373 1371 1370 1100 1373 1370 1102 1373 1100 1373 1374 1371 1104 1375 1102 1375 1374 1373 1102 1375 1373 1104 1106 1375 1374 1375 1376 1375 1106 1377 1376 1375 1377 1109 1378 1106 1106 1378 1377 1378 1379 1377 1377 1379 1376 1380 1374 1376 1110 1381 1111 1120 1382 1110 1382 1381 1110 1122 1382 1120 1112 1113 1383 1116 1383 1114 1116 1112 1383 1114 1383 1384 1384 1383 1385 1383 1113 1386 1385 1383 1386 1386 1113 1387 1388 1386 1387 1385 1386 1388 1389 1315 1390 1390 1315 1316 1390 1316 1256 1390 1255 1389 1390 1256 1254 1254 1255 1390 1333 1332 1391 1391 1332 1392 1393 1391 1392 1394 1391 1393 1393 1261 1394 1394 1261 1258 1262 1395 967 967 1395 1354 1396 1349 965 1397 1398 1399 1400 1398 1397 1264 1400 1397 1263 1400 1264 1401 1402 1403 1404 1402 1401 1405 1402 1404 1406 1402 1405 1366 1406 1405 1367 1406 1366 758 1407 756 1407 82 756 1272 1407 758 1279 1408 1282 1283 1408 1279 1095 1409 1369 1097 1409 1095 1097 440 1409 1376 1410 1380 1379 1410 1376 1411 1412 1413 1414 1412 1411 1415 1414 1411 1416 1414 1415 1417 1416 1415 1418 1416 1417 1419 1416 1418 1411 1413 1420 1420 1413 1421 1422 1411 1420 1415 1411 1422 1423 1415 1422 1417 1415 1423 1424 1417 1423 1418 1417 1424 1420 1421 1425 1425 1421 1426 1423 1422 1427 1427 1420 1425 1422 1420 1427 1428 1423 1427 1424 1423 1428 1414 1416 1429 1416 1419 1430 1425 1426 1431 1427 1425 1432 1428 1427 1433 1434 1435 1436 1437 1435 1434 1438 1437 1434 1434 1436 1439 1439 1436 1440 1441 1434 1439 1438 1434 1441 1439 1440 1442 1441 1439 1442 1442 1440 1443 1435 1437 1444 1442 1443 1445 1412 1414 1446 1447 1448 1449 1450 1448 1447 1451 1452 1453 1454 1452 1451 1455 1456 1457 1458 1456 1455 1459 1460 1461 1462 1460 1459 1463 1464 1465 1466 1464 1463 1467 1468 1469 1470 1468 1467 1471 1472 1473 1474 1472 1471 1475 1476 1477 1478 1476 1475 1479 1480 1481 1482 1480 1479 1483 1484 1485 1486 1484 1483 1487 1488 1489 1490 1487 1489 1491 1487 1490 1492 1491 1490 1493 1491 1492 1492 1494 1493 1493 1494 1495 1494 1496 1495 1497 1498 1499 1500 1498 1497 1501 1500 1497 1502 1500 1501 1503 1502 1501 1504 1502 1503 1505 1504 1503 1506 1504 1505 1507 1504 1506 1497 1499 1508 1508 1499 1509 1501 1497 1510 1510 1497 1508 1511 1501 1510 1503 1501 1511 1505 1503 1512 1512 1503 1511 1506 1505 1513 1513 1505 1512 1508 1509 1514 1514 1509 1515 1516 1508 1514 1510 1508 1516 1517 1510 1516 1511 1510 1517 1512 1511 1517 1518 1512 1517 1513 1512 1518 1504 1507 1519 1514 1515 1520 1516 1514 1521 1517 1516 1522 1518 1517 1523 1498 1500 1524 1500 1502 1525 1502 1504 1526 1527 1528 1529 1530 1528 1527 1531 1532 1533 1534 1532 1531 1535 1536 1537 1538 1536 1535 1539 1540 1541 1542 1540 1539 1543 1544 1545 1546 1544 1543 1547 1548 1549 1550 1548 1547 1551 1552 1553 1554 1552 1551 1555 1556 1557 1558 1556 1555 1559 1560 1561 1562 1560 1559 1563 1564 1565 1566 1564 1563 1567 1568 1569 1568 1570 1569 1569 1570 1571 1572 1571 1570 1573 1571 1572 1574 1573 1572 1575 1573 1574 1575 1574 1576 1577 1578 1579 1580 1578 1577 1577 1579 1581 1581 1579 1582 1581 1582 1583 1583 1582 1584 1584 1582 1585 1586 1580 1577 1587 1580 1586 1588 1577 1581 1586 1577 1588 1589 1581 1583 1588 1581 1589 1590 1583 1584 1589 1583 1590 1591 1587 1586 1592 1587 1591 1593 1586 1588 1591 1586 1593 1593 1588 1589 1594 1589 1590 1593 1589 1594 1595 1582 1579 1596 1585 1582 1597 1592 1591 1598 1591 1593 1599 1593 1594 1600 1579 1578 1601 1602 1603 1604 1602 1601 1601 1603 1605 1606 1604 1601 1607 1604 1606 1608 1601 1605 1606 1601 1608 1609 1607 1606 1609 1606 1608 1610 1607 1609 1611 1603 1602 1612 1610 1609 1613 1614 1615 1616 1614 1613 1617 1618 1619 1620 1618 1617 1621 1622 1623 1624 1622 1621 1625 1626 1627 1628 1626 1625 1629 1630 1631 1632 1630 1629 1633 1634 1635 1636 1634 1633 1637 1638 1639 1640 1638 1637 1641 1642 1643 1644 1642 1641 1645 1646 1647 1648 1646 1645 1649 1650 1651 1652 1650 1649 1653 1654 1655 1653 1655 1656 1656 1655 1657 1656 1657 1658 1658 1657 1659 1659 1660 1658 1661 1660 1659 1661 1662 1660 1663 1664 1665 1666 1664 1663 1663 1665 1667 1667 1665 1668 1667 1668 1669 1669 1668 1670 1669 1670 1671 1671 1670 1672 1672 1670 1673 1674 1666 1663 1675 1666 1674 1674 1663 1676 1676 1663 1667 1676 1667 1677 1677 1667 1669 1678 1669 1671 1677 1669 1678 1678 1671 1679 1679 1671 1672 1680 1675 1674 1681 1675 1680 1682 1674 1676 1680 1674 1682 1682 1676 1683 1683 1677 1678 1683 1676 1677 1683 1678 1684 1684 1678 1679 1685 1673 1670 1686 1681 1680 1687 1680 1682 1688 1682 1683 1689 1683 1684 1690 1665 1664 1691 1668 1665 1692 1670 1668 1693 1694 1695 1696 1694 1693 1697 1698 1699 1700 1698 1697 1701 1702 1703 1704 1702 1701 1705 1706 1707 1708 1706 1705 1709 1710 1711 1712 1710 1709 1713 1714 1715 1716 1714 1713 1717 1718 1719 1720 1718 1717 1721 1722 1723 1724 1722 1721 1725 1726 1727 1728 1726 1725 1729 1730 1731 1732 1730 1729 1733 1734 1735 1733 1736 1734 1737 1736 1733 1736 1737 1738 1738 1737 1739 1738 1739 1740 1740 1739 1741 1742 1740 1741</p>
        </triangles>
      </mesh>
    </geometry>
  </library_geometries>
  <library_controllers>
    <controller id="Controller">
      <skin source="#Geometry">
        <bind_shape_matrix>1 0 0 0 0 1 0 0 0 0 1 0 0 0 0 1</bind_shape_matrix>
        <source id="Controller-joints">
          <Name_array id="Controller-joints-array" count="32">Heroes_TargetCabal Phineas Root_Phineas Bone_Phineas__Root Bone_Phineas__Pelvis Bone_Phineas__R_Thigh Bone_Phineas__R_Calf Bone_Phineas__R_Foot Bone_Phineas__R_Toe0 Bone_Phineas__L_Thigh Bone_Phineas__L_Calf Bone_Phineas__L_Foot Bone_Phineas__L_Toe0 Bone_Phineas__Spine Bone_Phineas__Spine1 Bone_Phineas__Head Bone_Phineas__Eyelid_L Bone_Phineas__Facial_L Bone_Phineas__Facial_Up Bone_Phineas__Facial_R Bone_Phineas__Eyelid_R Bone_Phineas__Facial_Down Bone_Phineas__R_Clavicle Bone_Phineas__R_UpperArm Bone_Phineas__R_Forearm Bone_Phineas__R_Hand Bone_Phineas__R_Finger1 Bone_Phineas__L_Clavicle Bone_Phineas__L_UpperArm Bone_Phineas__L_Forearm Bone_Phineas__L_Hand Bone_Phineas__L_Finger1</Name_array>
          <technique_common>
            <accessor source="#Controller-joints-array" count="32" stride="1">
              <param name="JOINT" type="Name"/>
            </accessor>
          </technique_common>
        </source>
        <source id="Controller-bind_poses">
          <float_array id="Controller-bind_poses-array" count="512">1 0 0 -0.000000 0 1 0.000000 -0.000101 0 -0.000000 1 0.12111 0 0 0 1 1 0 0 0 0 1 0.000000 -0.000101 0 -0.000000 1 0.12111 0 0 0 1 1 0 0 0 0 1 0.000000 -0.000101 0 -0.000000 1 0.12111 0 0 0 1 0 -0.000000 1 0.125695 1 0 0 0 0 1 0.000000 -0.561379 0 0 0 1 0 1 0.000000 -0.56138 0.000001 -0.000000 1 0.125695 1 0 -0.000001 -0.000000 0 0 0 1 -0.048811 -0.998558 0.022351 0.559399 0.014215 0.021681 0.999664 0.11464 -0.998707 0.049113 0.013136 -0.107355 0 0 0 1 -0.049029 -0.998776 0.006578 0.297925 0.013443 0.005926 0.999892 0.119355 -0.998707 0.049113 0.013136 -0.107355 0 0 0 1 -0.000001 -1 -0.000001 0.113236 0.005054 -0.000001 0.999987 0.119169 -0.999987 0.000001 0.005054 -0.102886 0 0 0 1 0.005054 -0.000001 0.999987 -0.004804 0.000002 1 0.000001 0.000155 -0.999987 0.000002 0.005054 -0.102886 0 0 0 1 0.048808 -0.998558 0.022351 0.5594 -0.014216 0.021681 0.999664 0.11464 -0.998707 -0.049109 -0.013137 0.107353 0 0 0 1 0.049026 -0.998776 0.006578 0.297925 -0.013444 0.005926 0.999892 0.119355 -0.998707 -0.049109 -0.013137 0.107353 0 0 0 1 -0.000001 -1 -0.000001 0.113236 -0.005054 -0.000001 0.999987 0.119169 -0.999987 0.000001 -0.005054 0.102883 0 0 0 1 -0.005054 -0.000001 0.999987 -0.004804 0.000002 1 0.000001 0.000155 -0.999987 0.000002 -0.005054 0.102883 0 0 0 1 0 0.999923 0.012376 -0.688965 0.000009 -0.012376 0.999923 0.133557 1 0 -0.000009 -0.000001 0 0 0 1 -0.000000 0.999867 -0.016277 -0.879396 0.000009 0.016277 0.999867 0.108603 1 0.000000 -0.000009 -0.000001 0 0 0 1 -0.000000 0.999728 0.023324 -1.34021 0.000009 -0.023324 0.999728 0.137372 1 0.000000 -0.000009 -0.000001 0 0 0 1 0.924693 0.380713 -0.000009 -0.917122 -0.025349 0.061545 -0.997782 -0.08188 -0.379868 0.922643 0.066561 -1.76772 0 0 0 1 0.54415 0.775292 -0.320661 -1.45326 -0.093705 0.43597 0.89507 -0.84915 0.833739 -0.457004 0.309882 0.601086 0 0 0 1 1 0.000000 -0.000009 0.007508 -0.000000 0.999947 0.01034 -1.68134 0.000009 -0.01034 0.999947 -0.489998 0 0 0 1 0.508137 -0.711013 0.486063 1.35805 -0.001646 0.563549 0.826081 -1.02101 -0.861275 -0.420563 0.285189 0.553158 0 0 0 1 0.924694 -0.380712 -0.000009 0.91712 0.025328 0.061544 -0.997783 -0.081879 0.379869 0.922643 0.066552 -1.76772 0 0 0 1 1 0.000000 -0.000009 -0.009065 -0.000000 0.999947 0.01034 -1.4872 0.000009 -0.01034 0.999947 -0.1967 0 0 0 1 -0.997011 0.018842 -0.07492 -0.028656 0.074603 -0.017024 -0.997068 -0.09575 -0.020063 -0.999678 0.015567 1.06801 0 0 0 1 -0.997723 -0.000299 -0.067446 -0.086831 0.067336 0.052752 -0.996335 -0.170764 0.003855 -0.998608 -0.052611 1.06057 0 0 0 1 -0.99793 -0.007219 0.063901 -0.34967 -0.064192 0.052256 -0.996568 -0.218547 0.003855 -0.998608 -0.052611 1.06057 0 0 0 1 -0.999977 0.006622 -0.001617 -0.621433 -0.006524 -0.998498 -0.054401 1.05385 -0.001975 -0.054389 0.998518 0.180423 0 0 0 1 -0.999922 0.010588 -0.006555 -0.733253 -0.01046 -0.999762 -0.019123 1.05889 -0.006756 -0.019052 0.999796 0.136815 0 0 0 1 0.99701 0.018842 -0.074944 -0.028659 -0.074627 -0.01703 -0.997066 -0.095743 -0.020063 0.999677 -0.015573 -1.06801 0 0 0 1 0.997721 -0.000298 -0.06747 -0.086834 -0.06736 0.052746 -0.996333 -0.170757 0.003856 0.998608 0.052605 -1.06057 0 0 0 1 0.997932 -0.007219 0.063877 -0.349674 0.064168 0.05225 -0.99657 -0.218541 0.003856 0.998608 0.052605 -1.06057 0 0 0 1 0.999977 0.006623 -0.001641 -0.621437 0.006524 -0.998498 -0.054395 1.05385 -0.001999 0.054383 -0.998518 -0.180417 0 0 0 1 0.999922 0.010589 -0.006579 -0.733258 0.010462 -0.999763 -0.019117 1.05889 -0.00678 0.019047 -0.999796 -0.136808 0 0 0 1</float_array>
          <technique_common>
            <accessor source="#Controller-bind_poses-array" count="32" stride="16">
              <param name="TRANSFORM" type="float4x4"/>
            </accessor>
          </technique_common>
        </source>
        <source id="Controller-weights">
          <float_array id="Controller-weights-array" count="1">1</float_array>
          <technique_common>
            <accessor source="#Controller-weights-array" count="1" stride="1">
              <param name="WEIGHT" type="float"/>
            </accessor>
          </technique_common>
        </source>
        <joints>
          <input semantic="JOINT" source="#Controller-joints"/>
          <input semantic="INV_BIND_MATRIX" source="#Controller-bind_poses"/>
        </joints>
        <vertex_weights count="1743">
          <input semantic="JOINT" source="#Controller-joints" offset="0"/>
          <input semantic="WEIGHT" source="#Controller-weights" offset="1"/>
          <vcount>1 1 1 1 1 1 1 1 1 1 1 1 1 1 1 1 1 1 1 1 1 1 1 1 1 1 1 1 1 1 1 1 1 1 1 1 1 1 1 1 1 1 1 1 1 1 1 1 1 1 1 1 1 1 1 1 1 1 1 1 1 1 1 1 1 1 1 1 1 1 1 1 1 1 1 1 1 1 1 1 1 1 1 1 1 1 1 1 1 1 1 1 1 1 1 1 1 1 1 1 1 1 1 1 1 1 1 1 1 1 1 1 1 1 1 1 1 1 1 1 1 1 1 1 1 1 1 1 1 1 1 1 1 1 1 1 1 1 1 1 1 1 1 1 1 1 1 1 1 1 1 1 1 1 1 1 1 1 1 1 1 1 1 1 1 1 1 1 1 1 1 1 1 1 1 1 1 1 1 1 1 1 1 1 1 1 1 1 1 1 1 1 1 1 1 1 1 1 1 1 1 1 1 1 1 1 1 1 1 1 1 1 1 1 1 1 1 1 1 1 1 1 1 1 1 1 1 1 1 1 1 1 1 1 1 1 1 1 1 1 1 1 1 1 1 1 1 1 1 1 1 1 1 1 1 1 1 1 1 1 1 1 1 1 1 1 1 1 1 1 1 1 1 1 1 1 1 1 1 1 1 1 1 1 1 1 1 1 1 1 1 1 1 1 1 1 1 1 1 1 1 1 1 1 1 1 1 1 1 1 1 1 1 1 1 1 1 1 1 1 1 1 1 1 1 1 1 1 1 1 1 1 1 1 1 1 1 1 1 1 1 1 1 1 1 1 1 1 1 1 1 1 1 1 1 1 1 1 1 1 1 1 1 1 1 1 1 1 1 1 1 1 1 1 1 1 1 1 1 1 1 1 1 1 1 1 1 1 1 1 1 1 1 1 1 1 1 1 1 1 1 1 1 1 1 1 1 1 1 1 1 1 1 1 1 1 1 1 1 1 1 1 1 1 1 1 1 1 1 1 1 1 1 1 1 1 1 1 1 1 1 1 1 1 1 1 1 1 1 1 1 1 1 1 1 1 1 1 1 1 1 1 1 1 1 1 1 1 1 1 1 1 1 1 1 1 1 1 1 1 1 1 1 1 1 1 1 1 1 1 1 1 1 1 1 1 1 1 1 1 1 1 1 1 1 1 1 1 1 1 1 1 1 1 1 1 1 1 1 1 1 1 1 1 1 1 1 1 1 1 1 1 1 1 1 1 1 1 1 1 1 1 1 1 1 1 1 1 1 1 1 1 1 1 1 1 1 1 1 1 1 1 1 1 1 1 1 1 1 1 1 1 1 1 1 1 1 1 1 1 1 1 1 1 1 1 1 1 1 1 1 1 1 1 1 1 1 1 1 1 1 1 1 1 1 1 1 1 1 1 1 1 1 1 1 1 1 1 1 1 1 1 1 1 1 1 1 1 1 1 1 1 1 1 1 1 1 1 1 1 1 1 1 1 1 1 1 1 1 1 1 1 1 1 1 1 1 1 1 1 1 1 1 1 1 1 1 1 1 1 1 1 1 1 1 1 1 1 1 1 1 1 1 1 1 1 1 1 1 1 1 1 1 1 1 1 1 1 1 1 1 1 1 1 1 1 1 1 1 1 1 1 1 1 1 1 1 1 1 1 1 1 1 1 1 1 1 1 1 1 1 1 1 1 1 1 1 1 1 1 1 1 1 1 1 1 1 1 1 1 1 1 1 1 1 1 1 1 1 1 1 1 1 1 1 1 1 1 1 1 1 1 1 1 1 1 1 1 1 1 1 1 1 1 1 1 1 1 1 1 1 1 1 1 1 1 1 1 1 1 1 1 1 1 1 1 1 1 1 1 1 1 1 1 1 1 1 1 1 1 1 1 1 1 1 1 1 1 1 1 1 1 1 1 1 1 1 1 1 1 1 1 1 1 1 1 1 1 1 1 1 1 1 1 1 1 1 1 1 1 1 1 1 1 1 1 1 1 1 1 1 1 1 1 1 1 1 1 1 1 1 1 1 1 1 1 1 1 1 1 1 1 1 1 1 1 1 1 1 1 1 1 1 1 1 1 1 1 1 1 1 1 1 1 1 1 1 1 1 1 1 1 1 1 1 1 1 1 1 1 1 1 1 1 1 1 1 1 1 1 1 1 1 1 1 1 1 1 1 1 1 1 1 1 1 1 1 1 1 1 1 1 1 1 1 1 1 1 1 1 1 1 1 1 1 1 1 1 1 1 1 1 1 1 1 1 1 1 1 1 1 1 1 1 1 1 1 1 1 1 1 1 1 1 1 1 1 1 1 1 1 1 1 1 1 1 1 1 1 1 1 1 1 1 1 1 1 1 1 1 1 1 1 1 1 1 1 1 1 1 1 1 1 1 1 1 1 1 1 1 1 1 1 1 1 1 1 1 1 1 1 1 1 1 1 1 1 1 1 1 1 1 1 1 1 1 1 1 1 1 1 1 1 1 1 1 1 1 1 1 1 1 1 1 1 1 1 1 1 1 1 1 1 1 1 1 1 1 1 1 1 1 1 1 1 1 1 1 1 1 1 1 1 1 1 1 1 1 1 1 1 1 1 1 1 1 1 1 1 1 1 1 1 1 1 1 1 1 1 1 1 1 1 1 1 1 1 1 1 1 1 1 1 1 1 1 1 1 1 1 1 1 1 1 1 1 1 1 1 1 1 1 1 1 1 1 1 1 1 1 1 1 1 1 1 1 1 1 1 1 1 1 1 1 1 1 1 1 1 1 1 1 1 1 1 1 1 1 1 1 1 1 1 1 1 1 1 1 1 1 1 1 1 1 1 1 1 1 1 1 1 1 1 1 1 1 1 1 1 1 1 1 1 1 1 1 1 1 1 1 1 1 1 1 1 1 1 1 1 1 1 1 1 1 1 1 1 1 1 1 1 1 1 1 1 1 1 1 1 1 1 1 1 1 1 1 1 1 1 1 1 1 1 1 1 1 1 1 1 1 1 1 1 1 1 1 1 1 1 1 1 1 1 1 1 1 1 1 1 1 1 1 1 1 1 1 1 1 1 1 1 1 1 1 1 1 1 1 1 1 1 1 1 1 1 1 1 1 1 1 1 1 1 1 1 1 1 1 1 1 1 1 1 1 1 1 1 1 1 1 1 1 1 1 1 1 1 1 1 1 1 1 1 1 1 1 1 1 1 1 1 1 1 1 1 1 1 1 1 1 1 1 1 1 1 1 1 1 1 1 1 1 1 1 1 1 1 1 1 1 1 1 1 1 1 1 1 1 1 1 1 1 1 1 1 1 1 1 1 1 1 1 1 1 1 1 1 1 1 1 1 1 1 1 1 1 1 1 1 1 1 1 1 1 1 1 1 1 1 1 1 1 1 1 1 1 1 1 1 1 1 1 1 1 1 1 1 1 1 1 1 1 1 1 1 1 1 1 1 1 1 1 1 1 1 1 1 1 1 1 1 1 1 1 1 1 1 1 1 1 1 1 1 1 1 1 1 1 1 1 1 1 1 1 1 1 1 1 1 1 1 1 1 1 1 1 1 1 1 1 1 1 1 1 1 1 1 1 1 1 1 1 1 1 1 1 1 1 1 1 1 1 1 1 1 1 1 1 1 1 1 1 1 1 1 1 1 1 1 1 1 1 1 1 1 1 1 1 1 1 1 1 1 1 1 1 1 1 1 1 1 1 1 1 1 1 1 1 1 1 1 1 1 1 1 1 1 1 1 1 1 1 1 1 1 1 1 1 1 1 1 1 1 1 1 1 1 1 1 1 1 1 1 1 1 1 1 1 1 1 1 1 1 1 1 1 1 1 1 1 1 1 1 1 1 1 1 1 1 1 1 1 1 1 1 1 1 1 1 1 1 1 1 1 1 1 1 1 1 1 1 1 1 1 1 1 1 1 1 1 1 1 1 1 1 1 1 1 1 1 1 1 1 1 1 1 1 1 1 1 1 1 1 </vcount>
          <v>5 0 5 0 5 0 5 0 5 0 5 0 5 0 5 0 5 0 5 0 5 0 5 0 8 0 8 0 7 0 8 0 8 0 8 0 8 0 8 0 8 0 8 0 6 0 6 0 6 0 6 0 5 0 6 0 6 0 5 0 6 0 5 0 5 0 5 0 5 0 5 0 5 0 5 0 5 0 5 0 5 0 5 0 7 0 7 0 7 0 7 0 7 0 8 0 8 0 8 0 8 0 8 0 8 0 8 0 8 0 8 0 8 0 8 0 8 0 7 0 7 0 7 0 7 0 7 0 8 0 8 0 8 0 8 0 7 0 7 0 7 0 7 0 7 0 8 0 13 0 14 0 13 0 14 0 14 0 14 0 22 0 14 0 14 0 14 0 23 0 23 0 23 0 23 0 23 0 23 0 23 0 23 0 23 0 23 0 23 0 25 0 25 0 25 0 25 0 25 0 25 0 26 0 25 0 25 0 25 0 25 0 25 0 25 0 25 0 25 0 25 0 25 0 25 0 25 0 25 0 25 0 25 0 25 0 25 0 25 0 25 0 26 0 25 0 25 0 25 0 25 0 25 0 25 0 25 0 25 0 25 0 25 0 25 0 25 0 15 0 15 0 15 0 15 0 15 0 15 0 15 0 15 0 15 0 15 0 15 0 15 0 15 0 15 0 15 0 15 0 15 0 15 0 15 0 15 0 15 0 15 0 15 0 15 0 15 0 15 0 15 0 15 0 15 0 15 0 15 0 15 0 15 0 15 0 15 0 15 0 15 0 15 0 15 0 15 0 15 0 15 0 15 0 15 0 15 0 15 0 15 0 15 0 15 0 15 0 15 0 15 0 15 0 15 0 15 0 15 0 15 0 15 0 15 0 15 0 15 0 15 0 15 0 15 0 15 0 15 0 15 0 15 0 15 0 15 0 15 0 15 0 15 0 15 0 15 0 15 0 15 0 15 0 15 0 15 0 15 0 21 0 15 0 15 0 15 0 15 0 15 0 15 0 15 0 15 0 15 0 15 0 15 0 15 0 15 0 15 0 15 0 15 0 15 0 15 0 15 0 15 0 15 0 15 0 15 0 15 0 15 0 15 0 15 0 15 0 15 0 15 0 15 0 15 0 15 0 15 0 15 0 15 0 15 0 15 0 15 0 15 0 15 0 15 0 15 0 15 0 15 0 15 0 15 0 15 0 15 0 15 0 15 0 15 0 15 0 15 0 15 0 15 0 15 0 15 0 15 0 15 0 15 0 15 0 15 0 15 0 15 0 15 0 15 0 15 0 15 0 15 0 15 0 15 0 15 0 15 0 15 0 15 0 15 0 15 0 15 0 15 0 15 0 15 0 15 0 15 0 15 0 15 0 15 0 15 0 15 0 15 0 15 0 15 0 15 0 15 0 15 0 15 0 15 0 15 0 15 0 15 0 15 0 15 0 15 0 15 0 15 0 15 0 15 0 15 0 15 0 15 0 15 0 15 0 15 0 15 0 15 0 15 0 15 0 15 0 15 0 15 0 15 0 15 0 15 0 15 0 15 0 15 0 15 0 15 0 15 0 15 0 15 0 15 0 15 0 15 0 15 0 15 0 15 0 15 0 15 0 15 0 15 0 15 0 15 0 15 0 15 0 15 0 9 0 9 0 9 0 9 0 9 0 9 0 9 0 9 0 9 0 9 0 9 0 9 0 11 0 12 0 12 0 12 0 12 0 12 0 12 0 12 0 12 0 12 0 10 0 10 0 10 0 10 0 10 0 10 0 9 0 9 0 10 0 9 0 9 0 9 0 9 0 9 0 9 0 9 0 9 0 9 0 9 0 9 0 11 0 11 0 11 0 11 0 11 0 12 0 12 0 12 0 12 0 12 0 12 0 12 0 12 0 12 0 12 0 12 0 12 0 11 0 11 0 11 0 11 0 11 0 12 0 12 0 12 0 12 0 11 0 11 0 11 0 11 0 11 0 12 0 13 0 14 0 27 0 14 0 14 0 28 0 28 0 28 0 28 0 28 0 28 0 28 0 28 0 28 0 28 0 28 0 30 0 30 0 30 0 30 0 30 0 30 0 31 0 30 0 30 0 30 0 30 0 30 0 30 0 30 0 30 0 30 0 30 0 30 0 30 0 30 0 30 0 30 0 30 0 30 0 30 0 30 0 31 0 30 0 30 0 30 0 30 0 30 0 30 0 30 0 30 0 30 0 30 0 30 0 30 0 15 0 15 0 15 0 15 0 15 0 15 0 15 0 15 0 15 0 15 0 15 0 15 0 15 0 15 0 15 0 15 0 15 0 15 0 15 0 15 0 15 0 15 0 15 0 15 0 15 0 15 0 15 0 15 0 15 0 15 0 15 0 15 0 15 0 15 0 15 0 15 0 15 0 15 0 21 0 15 0 15 0 15 0 15 0 15 0 15 0 15 0 15 0 15 0 15 0 15 0 15 0 15 0 15 0 15 0 15 0 15 0 15 0 15 0 15 0 15 0 15 0 15 0 15 0 15 0 15 0 15 0 15 0 15 0 15 0 15 0 15 0 15 0 15 0 15 0 15 0 15 0 15 0 15 0 15 0 15 0 15 0 15 0 15 0 15 0 15 0 15 0 15 0 15 0 15 0 15 0 15 0 15 0 15 0 15 0 15 0 15 0 15 0 15 0 15 0 15 0 15 0 15 0 15 0 15 0 15 0 15 0 15 0 15 0 15 0 15 0 15 0 15 0 15 0 15 0 15 0 15 0 15 0 15 0 15 0 15 0 15 0 15 0 15 0 15 0 15 0 15 0 4 0 4 0 4 0 4 0 4 0 4 0 4 0 4 0 5 0 5 0 5 0 4 0 4 0 4 0 4 0 4 0 5 0 5 0 5 0 5 0 5 0 4 0 4 0 4 0 4 0 4 0 4 0 5 0 5 0 4 0 5 0 5 0 5 0 5 0 4 0 4 0 9 0 4 0 9 0 9 0 9 0 9 0 9 0 4 0 4 0 4 0 4 0 4 0 4 0 4 0 5 0 5 0 5 0 5 0 5 0 5 0 5 0 5 0 5 0 5 0 5 0 5 0 5 0 5 0 5 0 5 0 5 0 5 0 5 0 5 0 5 0 5 0 6 0 7 0 7 0 6 0 7 0 6 0 7 0 6 0 6 0 6 0 6 0 6 0 6 0 7 0 7 0 6 0 7 0 6 0 6 0 6 0 6 0 7 0 7 0 7 0 7 0 7 0 7 0 7 0 7 0 8 0 7 0 7 0 7 0 6 0 6 0 6 0 6 0 6 0 6 0 6 0 5 0 5 0 5 0 5 0 4 0 4 0 4 0 4 0 4 0 4 0 4 0 4 0 4 0 4 0 4 0 4 0 4 0 4 0 13 0 14 0 14 0 22 0 14 0 14 0 14 0 14 0 14 0 14 0 14 0 14 0 14 0 14 0 14 0 23 0 14 0 23 0 23 0 23 0 23 0 23 0 23 0 23 0 14 0 14 0 14 0 22 0 23 0 23 0 23 0 23 0 23 0 23 0 23 0 23 0 14 0 23 0 23 0 23 0 23 0 23 0 23 0 23 0 23 0 23 0 23 0 23 0 23 0 23 0 23 0 23 0 23 0 23 0 23 0 23 0 23 0 23 0 23 0 23 0 23 0 23 0 23 0 23 0 23 0 24 0 24 0 24 0 23 0 24 0 24 0 24 0 24 0 24 0 24 0 25 0 25 0 25 0 25 0 25 0 25 0 25 0 26 0 25 0 25 0 26 0 26 0 26 0 26 0 26 0 26 0 26 0 26 0 26 0 26 0 26 0 26 0 26 0 26 0 26 0 26 0 26 0 26 0 26 0 23 0 23 0 23 0 23 0 23 0 23 0 23 0 23 0 23 0 24 0 24 0 23 0 24 0 24 0 24 0 24 0 24 0 24 0 25 0 25 0 25 0 25 0 25 0 25 0 25 0 25 0 26 0 26 0 26 0 26 0 26 0 26 0 26 0 26 0 26 0 26 0 26 0 26 0 26 0 26 0 26 0 26 0 26 0 26 0 26 0 26 0 26 0 26 0 26 0 26 0 26 0 26 0 26 0 26 0 26 0 26 0 26 0 26 0 26 0 26 0 26 0 26 0 26 0 26 0 14 0 14 0 15 0 14 0 14 0 14 0 14 0 15 0 15 0 14 0 15 0 14 0 14 0 14 0 15 0 15 0 18 0 18 0 18 0 18 0 15 0 15 0 14 0 15 0 14 0 14 0 14 0 15 0 15 0 14 0 15 0 14 0 21 0 15 0 21 0 15 0 21 0 15 0 15 0 15 0 19 0 19 0 19 0 19 0 19 0 15 0 19 0 15 0 15 0 15 0 17 0 17 0 15 0 15 0 15 0 15 0 15 0 15 0 15 0 15 0 15 0 15 0 21 0 21 0 21 0 21 0 21 0 21 0 15 0 15 0 15 0 15 0 21 0 15 0 15 0 15 0 15 0 21 0 4 0 4 0 4 0 4 0 4 0 4 0 9 0 9 0 9 0 4 0 4 0 4 0 9 0 9 0 9 0 9 0 9 0 4 0 4 0 4 0 4 0 4 0 4 0 9 0 9 0 9 0 9 0 9 0 9 0 9 0 9 0 9 0 9 0 9 0 9 0 9 0 9 0 9 0 9 0 9 0 9 0 9 0 9 0 9 0 9 0 10 0 11 0 10 0 11 0 11 0 10 0 11 0 10 0 10 0 10 0 10 0 10 0 10 0 11 0 11 0 10 0 11 0 10 0 10 0 10 0 10 0 11 0 11 0 11 0 11 0 11 0 11 0 11 0 11 0 12 0 11 0 11 0 11 0 10 0 10 0 10 0 10 0 10 0 10 0 10 0 9 0 9 0 9 0 9 0 4 0 4 0 4 0 4 0 4 0 4 0 4 0 4 0 4 0 13 0 14 0 27 0 14 0 14 0 14 0 14 0 14 0 14 0 14 0 28 0 14 0 28 0 28 0 28 0 28 0 28 0 28 0 28 0 14 0 14 0 14 0 27 0 28 0 28 0 28 0 28 0 28 0 28 0 28 0 28 0 14 0 28 0 28 0 28 0 28 0 28 0 28 0 28 0 28 0 28 0 28 0 28 0 28 0 28 0 28 0 28 0 28 0 28 0 28 0 28 0 28 0 28 0 28 0 28 0 28 0 28 0 28 0 28 0 28 0 29 0 29 0 29 0 28 0 29 0 29 0 29 0 29 0 29 0 29 0 30 0 30 0 30 0 30 0 30 0 30 0 30 0 31 0 30 0 30 0 31 0 31 0 31 0 31 0 31 0 31 0 31 0 31 0 31 0 31 0 31 0 31 0 31 0 31 0 31 0 31 0 31 0 31 0 31 0 28 0 28 0 28 0 28 0 28 0 28 0 28 0 28 0 28 0 29 0 29 0 28 0 29 0 29 0 29 0 29 0 29 0 29 0 30 0 30 0 30 0 30 0 30 0 30 0 30 0 30 0 31 0 31 0 31 0 31 0 31 0 31 0 31 0 31 0 31 0 31 0 31 0 31 0 31 0 31 0 31 0 31 0 31 0 31 0 31 0 31 0 31 0 31 0 31 0 31 0 31 0 31 0 31 0 31 0 31 0 31 0 31 0 31 0 31 0 31 0 31 0 31 0 31 0 31 0 18 0 18 0 15 0 15 0 17 0 17 0 17 0 17 0 15 0 15 0 15 0 4 0 4 0 4 0 4 0 13 0 13 0 14 0 14 0 14 0 14 0 14 0 14 0 22 0 22 0 22 0 22 0 22 0 22 0 14 0 14 0 14 0 23 0 22 0 22 0 22 0 14 0 14 0 15 0 19 0 21 0 21 0 21 0 21 0 19 0 19 0 19 0 18 0 18 0 15 0 19 0 19 0 19 0 17 0 21 0 21 0 21 0 17 0 17 0 17 0 17 0 17 0 17 0 21 0 21 0 21 0 21 0 21 0 19 0 19 0 21 0 21 0 21 0 21 0 21 0 17 0 17 0 18 0 18 0 18 0 18 0 18 0 18 0 21 0 21 0 21 0 15 0 21 0 19 0 18 0 18 0 15 0 18 0 17 0 18 0 18 0 21 0 21 0 21 0 19 0 15 0 19 0 19 0 15 0 15 0 15 0 15 0 15 0 15 0 15 0 21 0 21 0 21 0 21 0 13 0 14 0 14 0 14 0 14 0 14 0 27 0 27 0 27 0 27 0 27 0 27 0 14 0 14 0 14 0 28 0 27 0 27 0 27 0 14 0 14 0 18 0 18 0 18 0 18 0 18 0 18 0 17 0 17 0 17 0 15 0 15 0 15 0 15 0 15 0 15 0 15 0 21 0 21 0 14 0 14 0 14 0 14 0 20 0 20 0 20 0 20 0 20 0 20 0 20 0 20 0 20 0 20 0 20 0 20 0 20 0 20 0 20 0 20 0 20 0 20 0 20 0 20 0 20 0 20 0 20 0 20 0 20 0 20 0 20 0 20 0 20 0 20 0 20 0 20 0 20 0 20 0 20 0 20 0 20 0 20 0 20 0 20 0 20 0 20 0 20 0 20 0 20 0 20 0 20 0 20 0 20 0 20 0 20 0 20 0 20 0 20 0 20 0 20 0 20 0 20 0 20 0 20 0 20 0 20 0 20 0 20 0 20 0 20 0 20 0 20 0 20 0 20 0 20 0 20 0 20 0 20 0 20 0 20 0 20 0 20 0 20 0 20 0 20 0 20 0 20 0 20 0 20 0 20 0 20 0 20 0 20 0 20 0 20 0 20 0 20 0 20 0 20 0 20 0 20 0 20 0 20 0 20 0 20 0 20 0 20 0 20 0 20 0 20 0 20 0 20 0 20 0 20 0 20 0 20 0 20 0 20 0 20 0 20 0 20 0 20 0 20 0 20 0 20 0 20 0 20 0 20 0 20 0 20 0 20 0 20 0 20 0 20 0 20 0 20 0 20 0 20 0 20 0 20 0 20 0 20 0 20 0 20 0 20 0 20 0 20 0 20 0 20 0 20 0 20 0 20 0 20 0 20 0 20 0 20 0 20 0 20 0 20 0 20 0 20 0 20 0 20 0 20 0 20 0 20 0 20 0 20 0 20 0 20 0 16 0 16 0 16 0 16 0 16 0 16 0 16 0 16 0 16 0 16 0 16 0 16 0 16 0 16 0 16 0 16 0 16 0 16 0 16 0 16 0 16 0 16 0 16 0 16 0 16 0 16 0 16 0 16 0 16 0 16 0 16 0 16 0 16 0 16 0 16 0 16 0 16 0 16 0 16 0 16 0 16 0 16 0 16 0 16 0 16 0 16 0 16 0 16 0 16 0 16 0 16 0 16 0 16 0 16 0 16 0 16 0 16 0 16 0 16 0 16 0 16 0 16 0 16 0 16 0 16 0 16 0 16 0 16 0 16 0 16 0 16 0 16 0 16 0 16 0 16 0 16 0 16 0 16 0 16 0 16 0 16 0 16 0 16 0 16 0 16 0 16 0 16 0 16 0 16 0 16 0 16 0 16 0 16 0 16 0 16 0 16 0 16 0 16 0 16 0 16 0 16 0 16 0 16 0 16 0 16 0 16 0 16 0 16 0 16 0 16 0 16 0 16 0 16 0 16 0 16 0 16 0 16 0 16 0 16 0 16 0 16 0 16 0 16 0 16 0 16 0 16 0 16 0 16 0 16 0 16 0 16 0 16 0 16 0 16 0 16 0 16 0 16 0 16 0 16 0 16 0 16 0 16 0 16 0 16 0 16 0 16 0 16 0 16 0 16 0 16 0 16 0 16 0 16 0 16 0 16 0 16 0 16 0 16 0 16 0 16 0 16 0 16 0 16 0 16 0 16 0 16 0</v>
        </vertex_weights>
      </skin>
      <extra>
        <technique profile="FCOLLADA">
          <user_properties>SkinController</user_properties>
        </technique>
      </extra>
    </controller>
  </library_controllers>
  <library_visual_scenes>
    <visual_scene id="VisualSceneNode" name="rdmscene">
      <node id="VisualSceneNode1" name="Heroes_TargetCabal" sid="Heroes_TargetCabal" type="JOINT">
        <matrix>1 0 0 0.000000 0 1 -0.000000 0.000101 0 0.000000 1 -0.12111 0 0 0 1</matrix>
        <node id="VisualSceneNode2" name="Phineas" sid="Phineas" type="JOINT">
          <matrix>1 0 0 0 0 1 0 0 0 0 1 0 0 0 0 1</matrix>
          <node id="VisualSceneNode3" name="Root_Phineas" sid="Root_Phineas" type="JOINT">
            <matrix>1 0 0 0 0 1 0 0 0 0 1 0 0 0 0 1</matrix>
            <node id="VisualSceneNode4" name="Bone_Phineas__Root" sid="Bone_Phineas__Root" type="JOINT">
              <matrix>0 1 0 0 0 0 1 0.561278 1 0 0 -0.004585 0 0 0 1</matrix>
              <node id="VisualSceneNode5" name="Bone_Phineas__Pelvis" sid="Bone_Phineas__Pelvis" type="JOINT">
                <matrix>0 1 -0.000001 0 0 0.000001 1 0 1 0 0 0 0 0 0 1</matrix>
                <node id="VisualSceneNode6" name="Bone_Phineas__R_Thigh" sid="Bone_Phineas__R_Thigh" type="JOINT">
                  <matrix>-0.998558 0.021681 0.049113 0.000000 0.022352 0.999664 0.013135 0 -0.048811 0.014213 -0.998707 -0.08154 0 0 0 1</matrix>
                  <node id="VisualSceneNode7" name="Bone_Phineas__R_Calf" sid="Bone_Phineas__R_Calf" type="JOINT">
                    <matrix>0.999876 0.015775 0.000000 0.259629 -0.015775 0.999876 0 0 -0.000000 0 1 0 0 0 0 1</matrix>
                    <node id="VisualSceneNode8" name="Bone_Phineas__R_Foot" sid="Bone_Phineas__R_Foot" type="JOINT">
                      <matrix>0.998776 0.006332 0.04906 0.18912 -0.005927 0.999947 -0.008389 0 -0.049111 0.008088 0.998761 0 0 0 0 1</matrix>
                      <node id="VisualSceneNode9" name="Bone_Phineas__R_Toe0" sid="Bone_Phineas__R_Toe0" type="JOINT">
                        <matrix>0.000000 -1 -0.000000 0.113391 1 0.000000 0 0.123974 0 -0.000000 1 0 0 0 0 1</matrix>
                      </node>
                    </node>
                  </node>
                </node>
                <node id="VisualSceneNode10" name="Bone_Phineas__L_Thigh" sid="Bone_Phineas__L_Thigh" type="JOINT">
                  <matrix>-0.998558 0.021681 -0.049109 0 0.022352 0.999664 -0.013138 0.000000 0.048808 -0.014217 -0.998707 0.08154 0 0 0 1</matrix>
                  <node id="VisualSceneNode11" name="Bone_Phineas__L_Calf" sid="Bone_Phineas__L_Calf" type="JOINT">
                    <matrix>0.999876 0.015775 0 0.259629 -0.015775 0.999876 0 0 0 0 1 0 0 0 0 1</matrix>
                    <node id="VisualSceneNode12" name="Bone_Phineas__L_Foot" sid="Bone_Phineas__L_Foot" type="JOINT">
                      <matrix>0.998776 0.006332 -0.04906 0.18912 -0.005927 0.999947 0.008389 0 0.049111 -0.008088 0.998761 0 0 0 0 1</matrix>
                      <node id="VisualSceneNode13" name="Bone_Phineas__L_Toe0" sid="Bone_Phineas__L_Toe0" type="JOINT">
                        <matrix>0.000000 -1 -0.000000 0.113391 1 0.000000 0 0.123974 0 -0.000000 1 0 0 0 0 1</matrix>
                      </node>
                    </node>
                  </node>
                </node>
              </node>
              <node id="VisualSceneNode14" name="Bone_Phineas__Spine" sid="Bone_Phineas__Spine" type="JOINT">
                <matrix>0.012375 0.999923 -0.000009 0.000674 0 0.000009 1 0 0.999923 -0.012375 0 0.129185 0 0 0 1</matrix>
                <node id="VisualSceneNode15" name="Bone_Phineas__Spine1" sid="Bone_Phineas__Spine1" type="JOINT">
                  <matrix>0.999589 0.02865 0 0.186959 -0.02865 0.999589 0 -0.000195 0 0 1 0 0 0 0 1</matrix>
                  <node id="VisualSceneNode16" name="Bone_Phineas__Head" sid="Bone_Phineas__Head" type="JOINT">
                    <matrix>0.999216 -0.039593 0.000000 0.465206 0.039593 0.999216 0.000000 0.024402 -0.000000 -0.000000 1 -0.000000 0 0 0 1</matrix>
                    <node id="VisualSceneNode17" name="Bone_Phineas__Eyelid_L" sid="Bone_Phineas__Eyelid_L" type="JOINT">
                      <matrix>0.380608 0.038256 0.923945 0.645262 -0.008881 -0.998947 0.04502 0.127015 0.924694 -0.02534 -0.379868 0.17448 0 0 0 1</matrix>
                    </node>
                    <node id="VisualSceneNode18" name="Bone_Phineas__Facial_L" sid="Bone_Phineas__Facial_L" type="JOINT">
                      <matrix>0.767601 0.456728 -0.449653 0.433423 -0.338652 0.884657 0.320464 0.203801 0.544153 -0.093713 0.833736 0.210072 0 0 0 1</matrix>
                    </node>
                    <node id="VisualSceneNode19" name="Bone_Phineas__Facial_Up" sid="Bone_Phineas__Facial_Up" type="JOINT">
                      <matrix>0 0.999916 0.012984 0.347352 0 -0.012984 0.999916 0.605496 1 0 0 -0.00751 0 0 0 1</matrix>
                    </node>
                    <node id="VisualSceneNode20" name="Bone_Phineas__Facial_R" sid="Bone_Phineas__Facial_R" type="JOINT">
                      <matrix>-0.699483 0.582663 -0.413796 0.433521 0.502519 0.812712 0.294913 0.121577 0.508132 -0.001653 -0.861277 -0.215339 0 0 0 1</matrix>
                    </node>
                    <node id="VisualSceneNode21" name="Bone_Phineas__Eyelid_R" sid="Bone_Phineas__Eyelid_R" type="JOINT">
                      <matrix>-0.380609 0.038255 0.923944 0.645262 0.008878 -0.998947 0.045018 0.127016 0.924693 0.025337 0.379869 -0.174478 0 0 0 1</matrix>
                    </node>
                    <node id="VisualSceneNode22" name="Bone_Phineas__Facial_Down" sid="Bone_Phineas__Facial_Down" type="JOINT">
                      <matrix>0 0.999916 0.012984 0.149412 0 -0.012984 0.999916 0.314744 1 0 0 0.009063 0 0 0 1</matrix>
                    </node>
                  </node>
                  <node id="VisualSceneNode23" name="Bone_Phineas__R_Clavicle" sid="Bone_Phineas__R_Clavicle" type="JOINT">
                    <matrix>0.02006 -0.000792 -0.999798 0.188897 -0.074613 -0.997212 -0.000706 0.011735 -0.997011 0.074612 -0.020063 0.000000 0 0 0 1</matrix>
                    <node id="VisualSceneNode24" name="Bone_Phineas__R_UpperArm" sid="Bone_Phineas__R_UpperArm" type="JOINT">
                      <matrix>0.999789 0.008504 -0.018719 0.079462 -0.007179 0.997539 0.069745 0 0.019266 -0.069596 0.997389 0.000000 0 0 0 1</matrix>
                      <node id="VisualSceneNode25" name="Bone_Phineas__R_Forearm" sid="Bone_Phineas__R_Forearm" type="JOINT">
                        <matrix>0.99135 0.131246 0 0.288496 -0.131246 0.99135 0 0 0 0 1 0 0 0 0 1</matrix>
                        <node id="VisualSceneNode26" name="Bone_Phineas__R_Hand" sid="Bone_Phineas__R_Hand" type="JOINT">
                          <matrix>0.997756 0.010244 0.066171 0.247634 0.066149 0.002455 -0.997807 0.000000 -0.010384 0.999945 0.001772 0.000000 0 0 0 1</matrix>
                          <node id="VisualSceneNode27" name="Bone_Phineas__R_Finger1" sid="Bone_Phineas__R_Finger1" type="JOINT">
                            <matrix>0.99998 0.00387 0.005012 0.107021 -0.003691 0.999369 -0.035322 -0.002247 -0.005145 0.035302 0.999363 0.00254 0 0 0 1</matrix>
                          </node>
                        </node>
                      </node>
                    </node>
                  </node>
                  <node id="VisualSceneNode28" name="Bone_Phineas__L_Clavicle" sid="Bone_Phineas__L_Clavicle" type="JOINT">
                    <matrix>0.020059 -0.000798 0.999798 0.188897 -0.074618 -0.997212 0.0007 0.011735 0.99701 -0.074617 -0.020063 0 0 0 0 1</matrix>
                    <node id="VisualSceneNode29" name="Bone_Phineas__L_UpperArm" sid="Bone_Phineas__L_UpperArm" type="JOINT">
                      <matrix>0.999789 0.008504 0.018719 0.079462 -0.007179 0.997539 -0.069745 0 -0.019266 0.069596 0.997389 0 0 0 0 1</matrix>
                      <node id="VisualSceneNode30" name="Bone_Phineas__L_Forearm" sid="Bone_Phineas__L_Forearm" type="JOINT">
                        <matrix>0.99135 0.131245 0 0.288497 -0.131245 0.99135 0 0 0 0 1 0.000000 0 0 0 1</matrix>
                        <node id="VisualSceneNode31" name="Bone_Phineas__L_Hand" sid="Bone_Phineas__L_Hand" type="JOINT">
                          <matrix>0.997756 0.010244 -0.066171 0.247634 0.066149 0.002455 0.997807 0 0.010384 -0.999945 0.001772 0.000000 0 0 0 1</matrix>
                          <node id="VisualSceneNode32" name="Bone_Phineas__L_Finger1" sid="Bone_Phineas__L_Finger1" type="JOINT">
                            <matrix>0.99998 0.00387 -0.005012 0.107021 -0.003691 0.999369 0.035321 -0.002246 0.005145 -0.035302 0.999363 -0.00254 0 0 0 1</matrix>
                          </node>
                        </node>
                      </node>
                    </node>
                  </node>
                </node>
              </node>
            </node>
          </node>
        </node>
      </node>
      <node id="VisualSceneNode33" name="Phineas_D_png" type="NODE">
        <matrix>1 0 0 0 0 1 0 0 0 0 1 0 0 0 0 1</matrix>
        <instance_controller url="#Controller">
          <skeleton>#VisualSceneNode1</skeleton>
          <bind_material>
            <technique_common>
              <instance_material symbol="VisualMaterial0" target="#VisualMaterial"/>
            </technique_common>
          </bind_material>
        </instance_controller>
      </node>
    </visual_scene>
  </library_visual_scenes>
  <scene>
    <instance_visual_scene url="#VisualSceneNode"/>
  </scene>
</COLLADA>
