<?xml version="1.0" encoding="utf-8"?>
<COLLADA xmlns="http://www.collada.org/2005/11/COLLADASchema" version="1.4.1" xmlns:xsi="http://www.w3.org/2001/XMLSchema-instance">
  <asset>
    <contributor>
      <author>Blender User</author>
      <authoring_tool>Blender 4.0.2 commit date:2023-12-05, commit time:07:41, hash:9be62e85b727</authoring_tool>
    </contributor>
    <created>2023-12-25T12:24:00</created>
    <modified>2023-12-25T12:24:00</modified>
    <unit name="meter" meter="1"/>
    <up_axis>Z_UP</up_axis>
  </asset>
  <library_effects>
    <effect id="unnamed_0-effect">
      <profile_COMMON>
        <newparam sid="tex_0000_mrkrabs_128_PNG-surface">
          <surface type="2D">
            <init_from>tex_0000_mrkrabs_128_PNG</init_from>
          </surface>
        </newparam>
        <newparam sid="tex_0000_mrkrabs_128_PNG-sampler">
          <sampler2D>
            <source>tex_0000_mrkrabs_128_PNG-surface</source>
          </sampler2D>
        </newparam>
        <technique sid="common">
          <lambert>
            <emission>
              <color sid="emission">0 0 0 1</color>
            </emission>
            <diffuse>
              <texture texture="tex_0000_mrkrabs_128_PNG-sampler" texcoord="Float2"/>
            </diffuse>
            <index_of_refraction>
              <float sid="ior">1.45</float>
            </index_of_refraction>
          </lambert>
        </technique>
      </profile_COMMON>
    </effect>
    <effect id="unnamed_002-effect">
      <profile_COMMON>
        <newparam sid="tx1_0000_krabslids_128_PNG-surface">
          <surface type="2D">
            <init_from>tx1_0000_krabslids_128_PNG</init_from>
          </surface>
        </newparam>
        <newparam sid="tx1_0000_krabslids_128_PNG-sampler">
          <sampler2D>
            <source>tx1_0000_krabslids_128_PNG-surface</source>
          </sampler2D>
        </newparam>
        <technique sid="common">
          <lambert>
            <emission>
              <color sid="emission">0 0 0 1</color>
            </emission>
            <diffuse>
              <texture texture="tx1_0000_krabslids_128_PNG-sampler" texcoord="Float2"/>
            </diffuse>
            <index_of_refraction>
              <float sid="ior">1.45</float>
            </index_of_refraction>
          </lambert>
        </technique>
      </profile_COMMON>
    </effect>
    <effect id="unnamed_001-effect">
      <profile_COMMON>
        <newparam sid="tx1_0000_krabslids_128_PNG-surface">
          <surface type="2D">
            <init_from>tx1_0000_krabslids_128_PNG</init_from>
          </surface>
        </newparam>
        <newparam sid="tx1_0000_krabslids_128_PNG-sampler">
          <sampler2D>
            <source>tx1_0000_krabslids_128_PNG-surface</source>
          </sampler2D>
        </newparam>
        <technique sid="common">
          <lambert>
            <emission>
              <color sid="emission">0 0 0 1</color>
            </emission>
            <diffuse>
              <texture texture="tx1_0000_krabslids_128_PNG-sampler" texcoord="Float2"/>
            </diffuse>
            <index_of_refraction>
              <float sid="ior">1.45</float>
            </index_of_refraction>
          </lambert>
        </technique>
      </profile_COMMON>
    </effect>
  </library_effects>
  <library_images>
    <image id="tex_0000_mrkrabs_128_PNG" name="tex_0000_mrkrabs_128_PNG">
      <init_from>tex_0000_mrkrabs_128.PNG</init_from>
    </image>
    <image id="tx1_0000_krabslids_128_PNG" name="tx1_0000_krabslids_128_PNG">
      <init_from>tx1_0000_krabslids_128.PNG</init_from>
    </image>
  </library_images>
  <library_materials>
    <material id="unnamed_0-material" name="unnamed.0">
      <instance_effect url="#unnamed_0-effect"/>
    </material>
    <material id="unnamed_002-material" name="unnamed.002">
      <instance_effect url="#unnamed_002-effect"/>
    </material>
    <material id="unnamed_001-material" name="unnamed.001">
      <instance_effect url="#unnamed_001-effect"/>
    </material>
  </library_materials>
  <library_geometries>
    <geometry id="unnamed_005-mesh" name="unnamed.005">
      <mesh>
        <source id="unnamed_005-mesh-positions">
          <float_array id="unnamed_005-mesh-positions-array" count="2160">-0.03233999 -0.3539411 0.2804619 -0.129362 -0.3371081 0.2848749 -0.263553 -0.2359561 0.3151289 -0.25454 -0.1971191 0.3983439 -0.328317 -0.1046891 0.3374789 -0.332358 0.04115289 0.348456 -0.29184 0.02788382 0.425571 -0.270094 0.02342981 0.468731 -0.270925 -0.1071791 0.4610829 -0.277971 -0.1114651 0.477321 -0.231723 -0.2277961 0.4547389 -0.238448 -0.1991161 0.4445639 -0.205655 0.1407658 0.47855 0 0.2250388 0.4598121 0.22109 0.1506758 0.4742211 0.25771 0.01927983 0.488258 0.216094 0.1498128 0.4583051 0.119762 0.2209888 0.462545 0.116953 0.2120058 0.44848 0 0.2419798 0.45613 0 0.2293679 0.441726 0 0.2287058 0.399564 0 0.2382178 0.3209511 0.133046 0.2247499 0.328553 0.1232219 0.2126889 0.404537 0.857039 -0.06114518 0.64138 0.703078 -0.07532316 0.696827 0.612741 -0.03438919 0.702424 0.694267 -0.07139319 0.613201 0.646077 -0.03197914 0.622976 0.665313 -0.01553416 0.592946 0.649329 0.01054978 0.603948 0.664122 0.01050782 0.582053 0.69844 -0.02166312 0.559245 0.742676 -0.07799315 0.52622 0.70167 -0.02982711 0.515584 0.686632 0.05187582 0.446768 0.736175 0.08721786 0.447793 0.74019 0.06860285 0.415902 0.673149 0.01049482 0.45745 0.686632 -0.03020113 0.446768 0.719021 -0.0326991 0.484194 0.804416 -0.05489218 0.709286 0.78427 -0.09783816 0.627799 0.813851 -0.0931431 0.504603 0.877002 -0.05956512 0.556105 0.858863 -0.04900711 0.468642 0.858863 0.06999886 0.468642 0.867429 0.01049482 0.462779 0.798949 -0.05478811 0.4235349 0.736175 -0.06654113 0.447793 0.74019 -0.04761111 0.415902 0.679581 0.01049482 0.429358 0.734141 0.01049482 0.403363 0.800067 0.01049482 0.412065 0.798949 0.07577985 0.423535 0.813851 0.1141348 0.504603 0.719021 0.05905383 0.484194 0.699519 0.01049482 0.488704 0.689583 0.01049482 0.519743 0.703597 0.01049482 0.538515 0.70167 0.05441981 0.515584 0.742676 0.09792482 0.52622 0.09211397 -0.09055799 0.1178619 0.17023 -0.09589999 0.1286349 0.170008 -0.226777 0.1701039 0.03233999 -0.3539411 0.2804619 0.129362 -0.3371081 0.2848749 0.02560299 -0.007913172 0.7115809 0 0.04057174 0.699608 -0.02560299 -0.007913172 0.7115809 0 -0.01014518 0.72004 0 -0.07313621 0.69599 0.023283 -0.07118719 0.690754 0 -0.04269921 0.712567 0 0.02886676 0.70948 -0.253527 0.1633929 0.3382471 -0.1232219 0.2126889 0.404537 -0.119762 0.2209888 0.462545 -0.216094 0.1498128 0.4583041 -0.2425079 0.08326685 0.463181 -0.22109 0.1506758 0.4742211 -0.275982 0.02498281 0.485687 -0.25771 0.01927983 0.488258 -0.157492 -0.3048581 0.4297029 -0.2062759 -0.2502201 0.4312379 -0.06301099 -0.3239241 0.3998549 -0.679581 0.01049482 0.429358 -0.736175 -0.06654113 0.447793 -0.858863 -0.04900711 0.468642 -0.896813 0.01049482 0.55314 -0.877407 0.01051378 0.6524389 -0.857039 0.08217281 0.64138 -0.618128 0.01049482 0.569128 -0.605323 -0.02226614 0.576682 -0.588503 -0.03025513 0.597474 -0.603466 -0.02393013 0.616887 0.598521 -0.02671718 0.667307 0.6532869 -0.04052221 0.7465161 0.721394 -0.04834419 0.74441 0.724903 0.01054972 0.768275 0.818243 0.01049476 0.728786 0.721394 0.06944477 0.74441 0.646727 0.01054972 0.765958 0.6532869 0.06162273 0.7465161 0.601878 0.01054972 0.73558 0.579761 0.01054978 0.695491 0.588518 0.01091277 0.682729 0.598053 0.04781776 0.672066 0.603466 0.04492181 0.616887 -0.101943 0.04786694 0.122396 -0.06620496 -0.02526503 0.114717 -0.06622499 -0.02526497 0.09569799 -0.09211397 -0.09055799 0.1178619 -0.171073 -0.09417402 0.1062119 -0.220843 -0.02526503 0.113932 -0.18918 0.03879892 0.108967 -0.194383 0.04911392 0.07516199 -0.103407 0.05407392 0.09973299 -0.06308799 -0.02526497 0.07516199 -0.09237998 -0.09055799 0.09739995 -0.2299259 -0.02526497 0.07981699 0.605323 -0.02226614 0.576682 0.618128 0.01049482 0.569128 -0.032489 -0.1365231 0.6443209 -0.02231299 -0.1020652 0.671256 0 -0.1453822 0.6430689 0.009825944 -0.1245481 0.6600569 0.02231299 -0.1020652 0.671256 0.032489 -0.1365231 0.6443209 -0.431742 0.03636276 0.669362 -0.432754 0.0130288 0.646951 -0.400554 -0.004678189 0.683732 -0.374725 -0.005835175 0.6661 -0.389222 -0.008622169 0.646689 -0.309482 -0.02276116 0.590467 -0.378238 0.03251075 0.65131 -0.367811 0.01280778 0.671097 -0.396392 0.01550477 0.690419 -0.433112 -0.001789152 0.684983 -0.408679 -0.008196175 0.660252 -0.433581 -0.00557518 0.660896 -0.536106 0.01058477 0.632676 -0.551472 -0.004008173 0.6694999 -0.432351 0.01734477 0.692305 -0.401716 0.03794574 0.667057 -0.394403 0.01030075 0.634186 -0.577144 0.01049482 0.475422 -0.544859 0.0519948 0.509409 -0.530008 0.01038682 0.508227 -0.588518 -0.0330671 0.482293 -0.544859 -0.0310021 0.509409 -0.525122 -0.02573215 0.547655 -0.513017 0.01041281 0.541227 -0.588518 0.05405884 0.482293 -0.631673 0.01049482 0.47632 -0.623425 0.03153681 0.488294 -0.568662 0.07218283 0.511408 -0.52512 0.04656583 0.547601 -0.553827 0.06405478 0.599832 -0.571443 0.0522598 0.624609 -0.579205 0.03704178 0.658638 -0.547451 0.03433978 0.654976 -0.55656 0.01536077 0.677836 -0.411043 0.01289379 0.645815 0.568662 0.07218283 0.511408 0.556564 0.0721358 0.549391 0.544859 0.0519948 0.509409 0.513017 0.01041281 0.541227 0.530008 0.01038682 0.508227 0.544859 -0.0310021 0.509409 0.588518 0.05405884 0.482293 0.623425 0.03153681 0.488294 0.577144 0.01049482 0.475422 0.631673 0.01049482 0.47632 0.623425 -0.01054513 0.488294 0.636197 0.01049482 0.493204 0.59342 0.05561983 0.530343 0.614418 0.01049482 0.51736 0.596003 -0.03462815 0.530071 0.617517 0.01049482 0.534778 0.588503 0.05124682 0.597474 0.52512 0.04656583 0.547601 0.525122 -0.02573215 0.547655 0.588518 -0.0330671 0.482293 0.568661 -0.05119115 0.511408 0.556564 -0.05114412 0.549391 0.571755 -0.03126817 0.624333 0.603466 -0.02393013 0.616887 0.646077 0.05307978 0.622976 0.665313 0.0365498 0.592946 0.684953 0.01049482 0.577478 0.686326 0.01049482 0.554781 0.69844 0.0445398 0.559245 0.694267 0.09167581 0.613201 0.78427 0.1188478 0.627799 0.896813 0.01049482 0.55314 0.877002 0.0805568 0.556105 0.877407 0.01051378 0.6524389 0.857039 0.08217281 0.64138 0.804416 0.07588374 0.709286 0.703078 0.09688174 0.696827 0.612741 0.05548977 0.702424 0.621853 0.01049476 0.60142 0.614185 0.01049476 0.586787 0.55383 -0.04314815 0.599912 0.588503 -0.03025513 0.597474 0.608008 0.01049482 0.551162 0.605323 0.04325777 0.576682 0.553827 0.06405478 0.599832 0.571443 0.0522598 0.624609 0.524384 0.01045781 0.602805 0.585909 -0.008815169 0.666612 0.55656 0.01536077 0.677836 0.579205 0.03704178 0.658638 0.549522 0.00482279 0.628511 0.541615 -0.007581174 0.646864 0.569106 -0.007835149 0.639933 0.433112 -0.001789152 0.684983 0.432352 0.01734477 0.692305 0.547451 0.03433978 0.654976 0.431742 0.03636276 0.669362 0.432754 0.0130288 0.646951 0.536106 0.01058477 0.632676 0.433581 -0.00557518 0.660896 0.551472 -0.004008173 0.6694999 0.396392 0.01550477 0.690419 0.408679 -0.008196175 0.660252 0.411043 0.01289379 0.645815 0.394403 0.01030075 0.634186 0.401716 0.03794574 0.667057 0.367811 0.01280778 0.671097 0.400554 -0.004678189 0.683732 0.389222 -0.008622169 0.646689 0.309482 -0.02276116 0.590467 0.378238 0.03251075 0.65131 0.295861 -0.01957416 0.60854 0.374725 -0.005835175 0.6661 -0.292108 -0.03918814 0.621572 -0.250197 -0.0517401 0.538587 -0.329917 -0.008589148 0.560367 -0.253402 -0.004312157 0.525063 -0.310291 0.0362038 0.57653 -0.219368 0.01318579 0.555375 -0.286262 0.03589177 0.610642 -0.278221 -0.002331137 0.631766 -0.227255 -0.04716515 0.565636 -0.2036409 -0.03775513 0.556079 -0.2092249 0.008721828 0.541963 -0.214555 -0.01754915 0.571716 -0.2360759 -0.05004012 0.52536 -0.142121 -0.08081418 0.616917 -0.121106 -0.1117861 0.6112459 -0.07114696 -0.1830952 0.5948249 0 -0.2049391 0.5871089 0 -0.1850981 0.6041109 0.121106 -0.1117861 0.6112459 0.142121 -0.08081418 0.616917 0.121964 -0.06048017 0.639223 0.098302 -0.07368117 0.6562449 0.08809095 -0.1040452 0.6437 0.072851 -0.1096422 0.6539059 0 -0.1605551 0.6290159 -0.05768197 -0.1442772 0.633548 -0.08809095 -0.1040452 0.6437 -0.08437895 -0.08379119 0.662827 -0.094886 -0.0820052 0.653368 -0.098302 -0.07368117 0.6562449 -0.101265 -0.06709015 0.656214 -0.107064 -0.04048317 0.659364 -0.121964 -0.06048017 0.639223 -0.111272 -0.1134201 0.6194589 -0.07952797 -0.1625211 0.6099829 -0.07403397 -0.1551012 0.6176079 0.07403397 -0.1551012 0.6176079 0.07952797 -0.1625211 0.6099829 0.111272 -0.1134201 0.6194589 0.094886 -0.0820052 0.653368 0.06085497 -0.1493192 0.627774 0.05768197 -0.1442772 0.633548 0 -0.1650502 0.624673 -0.06085497 -0.1493192 0.627774 -0.09513199 -0.1057922 0.6361469 -0.74019 -0.04761111 0.415902 -0.74019 0.06860285 0.415902 -0.686632 0.05187582 0.446768 -0.673149 0.01049482 0.45745 -0.686632 -0.03020113 0.446768 -0.719021 -0.0326991 0.484194 -0.742676 -0.07799315 0.52622 -0.813851 -0.0931431 0.504603 -0.694267 -0.07139319 0.613201 -0.6532869 -0.04052221 0.7465161 -0.703078 -0.07532316 0.696827 -0.598521 -0.02671718 0.667307 -0.621853 0.01049476 0.60142 -0.612741 0.05548977 0.702424 -0.6532869 0.06162273 0.7465161 -0.721394 0.06944477 0.74441 -0.646727 0.01054972 0.765958 -0.724903 0.01054972 0.768275 -0.721394 -0.04834419 0.74441 -0.612741 -0.03438919 0.702424 -0.585909 -0.008815169 0.666612 -0.55383 -0.04314815 0.599912 -0.556564 -0.05114412 0.549391 -0.608008 0.01049482 0.551162 -0.614185 0.01049476 0.586787 -0.603466 0.04492181 0.616887 -0.598053 0.04781776 0.672066 -0.588518 0.01091277 0.682729 -0.569106 -0.007835149 0.639933 -0.541615 -0.007581174 0.646864 -0.549522 0.00482279 0.628511 -0.571755 -0.03126817 0.624333 -0.524384 0.01045781 0.602805 -0.568661 -0.05119115 0.511408 -0.596003 -0.03462815 0.530071 -0.623425 -0.01054513 0.488294 -0.636197 0.01049482 0.493204 -0.614418 0.01049482 0.51736 -0.617517 0.01049482 0.534778 -0.605323 0.04325777 0.576682 -0.59342 0.05561983 0.530343 -0.588503 0.05124682 0.597474 -0.556564 0.0721358 0.549391 -0.104454 0.06213593 0.07516199 -0.107407 -0.01988297 0.07970994 -0.08871799 -0.08883202 0.07516193 -0.119638 -0.05058598 0.07970994 -0.17581 -0.093598 0.07516193 -0.160643 -0.05150002 0.07970994 -0.178174 -0.01988297 0.07970994 -0.07982695 -0.3319381 0.4161859 -0.05834895 -0.3320231 0.4123689 0.07982796 -0.3319401 0.4161889 0.07543295 -0.3169081 0.4252119 0.1478829 -0.2918611 0.4387799 -0.800067 0.01049482 0.412065 -0.798949 0.07577985 0.423535 -0.813851 0.1141348 0.504603 -0.719021 0.05905383 0.484194 -0.70167 0.05441981 0.515584 -0.689583 0.01049482 0.519743 -0.70167 -0.02982711 0.515584 -0.703597 0.01049482 0.538515 -0.69844 0.0445398 0.559245 -0.742676 0.09792482 0.52622 -0.694267 0.09167581 0.613201 -0.703078 0.09688174 0.696827 -0.804416 0.07588374 0.709286 -0.804416 -0.05489218 0.709286 -0.857039 -0.06114518 0.64138 -0.78427 -0.09783816 0.627799 -0.877002 -0.05956512 0.556105 -0.818243 0.01049476 0.728786 -0.78427 0.1188478 0.627799 -0.877002 0.0805568 0.556106 -0.858863 0.06999886 0.468642 -0.867429 0.01049482 0.462779 -0.798949 -0.05478811 0.4235349 -0.734141 0.01049482 0.403363 -0.736175 0.08721786 0.447793 -0.699519 0.01049482 0.488704 -0.69844 -0.02166312 0.559245 -0.686326 0.01049482 0.554781 -0.665313 0.0365498 0.592946 -0.646077 0.05307978 0.622976 -0.646077 -0.03197914 0.622976 -0.665313 -0.01553416 0.592946 -0.684953 0.01049482 0.577478 -0.664122 0.01050782 0.582053 -0.649329 0.01054978 0.603948 -0.579761 0.01054978 0.695491 -0.601878 0.01054972 0.73558 0 -0.3271871 0.4222599 -0.147882 -0.2918611 0.4387789 -0.191979 -0.2303761 0.4823419 -0.121107 -0.1726002 0.5738579 -0.159443 -0.09665018 0.588488 -0.201843 -0.03628712 0.555574 -0.145533 0.01766079 0.603928 -0.102342 0.1870818 0.507117 0 0.1333148 0.598976 -0.062038 -0.3308341 0.3493699 -0.06144499 -0.3310861 0.3373039 0 -0.3386761 0.3463959 0 -0.338214 0.3304609 0.05564999 -0.338214 0.3304609 0.06144499 -0.3375491 0.3364649 0.05564999 -0.3316711 0.3304609 0.06144499 -0.3310861 0.3373039 0.04431498 -0.3387251 0.3463329 0.04442799 -0.3324251 0.3988759 0.05834895 -0.3320241 0.4123699 0 -0.3336371 0.4123689 0 -0.3324231 0.3988749 -0.06301099 -0.3315681 0.4028939 -0.06144499 -0.3375491 0.3364649 0 0.07340079 0.671658 0.01165598 0.08157581 0.664514 0 0.1055648 0.635891 -0.01249998 0.1110848 0.6308351 0 -0.2208162 0.6934459 -0.007501959 -0.1989822 0.667934 0 -0.1740242 0.6713489 0 -0.1288202 0.6659359 0 -0.1733952 0.690213 -0.008613944 -0.1739162 0.6747509 -0.008613944 -0.1498262 0.666072 -0.008613944 -0.1287122 0.6693379 0 -0.1317932 0.65564 0.008613944 -0.1287122 0.6693379 0 -0.1493052 0.6815309 0 -0.1282202 0.684782 0 -0.1070912 0.6744859 -0.009825944 -0.1245481 0.6600569 0.002601981 -0.2733712 0.6929019 0 -0.2734152 0.6915049 -0.002601981 -0.2733712 0.6929019 0.006252944 -0.2441072 0.6728439 0 -0.2442542 0.6693959 0.007501959 -0.2213371 0.6779789 0.007501959 -0.1989822 0.667934 0 -0.1990612 0.6645519 0 -0.2214152 0.6745989 -0.007501959 -0.2213371 0.6779789 -0.006252944 -0.2441072 0.6728439 0 -0.2731692 0.6992459 0 -0.2436872 0.6882189 0 -0.1984622 0.6833989 0.008613944 -0.1739162 0.6747509 0.008613944 -0.1498262 0.666072 0 -0.1499342 0.6626699 0.1555809 -0.09586817 0.60025 0.145533 0.01766079 0.603928 0.13987 0.01999777 0.615616 0.08859598 0.1084268 0.6013571 0 0.1293198 0.6073271 -0.08671897 0.1056218 0.6100701 -0.08859598 0.1084268 0.6013571 -0.1555809 -0.09586817 0.60025 -0.03574496 -0.2356252 0.5570139 0.191979 -0.2303761 0.4823419 0.121106 -0.1725991 0.5738539 0.2397879 -0.1125131 0.5114979 0.159443 -0.09665018 0.588488 0.201843 -0.03628712 0.555574 0.2092249 0.008721828 0.541963 0 0.2120888 0.5136281 -0.110543 0.2018038 0.4744911 -0.201869 0.1386488 0.484704 -0.187794 0.1350148 0.492944 -0.2374449 -0.004730105 0.517157 -0.256829 -0.1090431 0.488816 -0.2397879 -0.1125131 0.5114979 -0.211923 -0.2198331 0.4688109 -0.05956196 -0.2583491 0.5191859 0 -0.3250131 0.4311229 0 -0.2603091 0.5256409 0.05956196 -0.2583491 0.5191859 0.140289 -0.2834191 0.4459769 0.211923 -0.2198331 0.4688109 0.2374449 -0.004730105 0.517157 0.187794 0.1350148 0.492944 0.102342 0.1870818 0.507117 0.110544 0.2018048 0.474494 0 0.2220108 0.469655 0.105782 -0.1879472 0.5723339 0.02760195 -0.2382372 0.5549119 0 -0.2539441 0.5369009 -0.117428 -0.1760122 0.582426 -0.105782 -0.1879472 0.5723339 0 0.09513479 0.671837 -0.01165598 0.08157581 0.664514 -0.07243496 0.07935279 0.633697 -0.046956 0.04512977 0.682016 -0.06686395 8.77793e-4 0.683541 -0.08300197 -0.05789619 0.6735579 -0.072851 -0.1096422 0.6539059 -0.06194597 -0.06763815 0.667747 -0.023283 -0.07118719 0.690754 -0.02417099 -0.04008221 0.70601 -0.06150496 -0.0355072 0.677634 -0.01007795 0.04735678 0.694376 0 0.06040376 0.703271 0.01007795 0.04735678 0.694376 0.06686395 8.77793e-4 0.683541 0.06150496 -0.0355072 0.677634 0.02417099 -0.04008221 0.70601 0.06194597 -0.06763815 0.667747 0.08437895 -0.08379119 0.662827 0.08300197 -0.05789619 0.6735579 0.107064 -0.04048317 0.659364 0.046956 0.04512977 0.682016 0.07243496 0.07935279 0.633697 0.01249998 0.1110848 0.6308351 6.83e-4 0.1148188 0.617488 -0.120198 0.02035176 0.629331 -0.13987 0.01999777 0.615616 -0.1131139 -0.1322821 0.5960019 -0.02435696 -0.2343142 0.5638709 0 -0.2374121 0.5608859 0.02435696 -0.2343142 0.5638709 0.07114696 -0.1830952 0.5948249 0.117428 -0.1760122 0.582426 0.1131139 -0.1322821 0.5960029 0.120198 0.02035176 0.629331 0.08671897 0.1056218 0.6100701 -6.83e-4 0.1148188 0.617488 0 0.1277528 0.6389441 0.1862159 0.0349639 0.13084 0.101943 0.04786694 0.122396 0.09237998 -0.09055799 0.09739995 0.06308799 -0.02526497 0.07516199 0.06622499 -0.02526497 0.09569799 0.104454 0.06213593 0.07516199 0.103407 0.05407392 0.09973299 0.194383 0.04911392 0.07516199 0.18918 0.03879892 0.108967 0.220843 -0.02526503 0.113932 0.171073 -0.09417402 0.1062119 0.08871799 -0.08883202 0.07516193 0.298818 0.01648479 0.595127 0.286262 0.03589177 0.610642 0.289205 -0.001909136 0.613426 0.292108 -0.03918814 0.621572 0.313983 -0.004908144 0.579205 0.310291 0.0362038 0.57653 0.065831 -0.05266118 0.613815 0.04766696 -0.06062418 0.639893 0 -0.04232317 0.60865 0 -0.05758017 0.6375 -0.065831 -0.05266118 0.613815 -0.105653 -0.1143541 0.624152 -0.03569197 -0.05793815 0.609861 0.03569197 -0.05793815 0.609861 0.070894 -0.1508601 0.621966 0.06349998 -0.1535221 0.6229619 -0.04766696 -0.06062418 0.639893 0.157492 -0.3048581 0.4297029 0.06301099 -0.3315691 0.4028939 0.238448 -0.1991161 0.4445639 0.221607 -0.2492371 0.3859139 0.152327 -0.2937671 0.4143499 0.06301099 -0.3239281 0.3998589 0.219368 0.01318579 0.555375 0.278221 -0.002331137 0.631766 0.227255 -0.04716515 0.565636 0.320527 -0.04583615 0.583864 0.329917 -0.008589148 0.560367 0.2360759 -0.05004012 0.52536 0.253402 -0.004312157 0.525063 0.214555 -0.01754915 0.571716 0.250197 -0.0517401 0.538587 0.2036409 -0.03775513 0.556079 0.107407 -0.01988297 0.07970994 0.2299259 -0.02526497 0.07981699 0.17581 -0.093598 0.07516193 0.313867 -0.102113 0.2441539 0.253527 0.1633929 0.3382471 -0.133046 0.2247499 0.328553 -0.247709 -0.2223231 0.2227879 -0.313867 -0.102113 0.2441539 -0.320115 0.04157787 0.247748 -0.246081 0.1562689 0.239214 -0.1502389 0.1390099 0.191898 -0.134533 0.2012549 0.236422 0 0.2152809 0.236422 0 0.1714049 0.195517 0.134533 0.2012549 0.236422 0.246081 0.1562689 0.239214 0.320115 0.04157787 0.247748 0.328317 -0.1046891 0.3374789 0.288208 -0.1044981 0.4180369 0.332358 0.04115289 0.348456 0.29184 0.02788382 0.425571 0.270094 0.02342981 0.468731 0.2425079 0.08326685 0.463181 0.275982 0.02498281 0.485687 0.277974 -0.1114661 0.4773249 0.216114 -0.2207681 0.4612319 0.270925 -0.1071791 0.4610829 0.231724 -0.2277971 0.454742 0.2062759 -0.2502201 0.4312379 0.25454 -0.1971191 0.3983439 0.263553 -0.2359561 0.3151289 0.247709 -0.2223231 0.2227879 0.122761 -0.3049851 0.1955169 0.238056 -0.09775304 0.184799 0.218162 -0.02526503 0.135649 0.243035 0.03404194 0.189546 0.1502389 0.1390099 0.191898 -0.1862159 0.0349639 0.13084 -0.243035 0.03404194 0.189546 -0.218162 -0.02526503 0.135649 -0.238056 -0.09775304 0.184799 -0.17023 -0.09589999 0.1286349 -0.122761 -0.3049851 0.1955169 -0.03068995 -0.3186181 0.1910079 0 -0.247487 0.1640929 0 -0.319207 0.1895059 0.03068995 -0.3186181 0.1910079 0 -0.3573821 0.2789899 0.02783495 -0.3316711 0.3304609 0.152887 -0.3032181 0.3665989 0.062038 -0.3308341 0.3493699 0.26094 0.08706086 0.419886 0.230027 0.1461008 0.414317 0.03899997 0.2260369 0.400393 0.03701597 0.2264758 0.4429321 0.178174 -0.01988297 0.07970994 0.160643 -0.05150002 0.07970994 0.1480889 -0.03440397 0.03083395 0.119638 -0.05058598 0.07970994 0.123562 -0.03316301 0.02963894 0.114184 -0.01147699 0.02967298 0.132875 0.003501951 0.007290959 0.14699 -0.007400989 0.005422949 0.134584 -0.01874899 0.007111966 0.132389 -0.006898999 0.001241981 0.126485 0.01044493 0.02984499 0.1206189 -0.00792998 0.00820899 0.163516 -0.012564 0.03357297 0.1516219 0.009270966 0.03124797 0.161552 0.01139396 0.07971 0.124181 0.01327294 0.07971 0.112183 -0.06545615 0.6446231 0.105886 -0.06442219 0.652388 0.101265 -0.06709015 0.656214 0.101375 -0.0695312 0.651825 0.105653 -0.1143541 0.624152 0 -0.1767681 0.614304 0 -0.1720082 0.6201269 -0.070894 -0.1508601 0.621966 -0.101375 -0.0695312 0.651825 -0.09915494 -0.1067902 0.6318309 -0.06349998 -0.1535221 0.6229619 0 -0.1704441 0.619462 0.09513199 -0.1057932 0.636151 0.09915494 -0.1067902 0.6318309 0.04431498 -0.3321821 0.3463329 0 -0.3316711 0.3304609 -0.05564999 -0.338214 0.3304609 0.05947399 -0.2523341 0.530816 0.03574496 -0.2356252 0.5570139 0 0.06770592 0.11978 0.06620496 -0.02526503 0.114717 0 -0.02526503 0.109288 0 -0.176178 0.1267499 0.1015239 -0.148719 0.1251299 -0.1015239 -0.148719 0.1251299 -0.170008 -0.226777 0.1701039 0.04442799 -0.3258851 0.3988789 0 -0.3258821 0.3988759 0 -0.3321341 0.3463959 -0.04442799 -0.3258821 0.3988749 -0.04431498 -0.3321821 0.3463329 -0.04431498 -0.3387251 0.3463329 -0.04442799 -0.3324241 0.3988749 -0.112183 -0.06545615 0.6446231 -0.105886 -0.06442219 0.652388 -0.152327 -0.2937671 0.4143499 -0.152887 -0.3032181 0.3665989 -0.221607 -0.2492371 0.3859139 -0.14699 -0.007400989 0.005422949 -0.123562 -0.03316301 0.02963894 -0.126485 0.01044493 0.02984499 -0.1206189 -0.00792998 0.00820899 -0.132389 -0.006898999 0.001241981 -0.134584 -0.01874899 0.007111966 -0.132875 0.003501951 0.007290959 -0.1516219 0.009270966 0.03124797 -0.124181 0.01327294 0.07971 -0.114184 -0.01147699 0.02967298 -0.1480889 -0.03440397 0.03083395 -0.163516 -0.012564 0.03357297 -0.161552 0.01139396 0.07971 -0.02783495 -0.3316711 0.3304609 -0.05564999 -0.3316711 0.3304609 0.01177698 -0.1135982 0.6120799 0.018103 -0.1062912 0.615 0.02101296 -0.1064502 0.6111699 0.01183396 -0.1137602 0.6085189 0 -0.1038101 0.6090679 0 -0.1156272 0.6075969 0 -0.1154332 0.6106489 -0.01177698 -0.1135982 0.6120799 -0.02101296 -0.1064502 0.6111699 -0.01183396 -0.1137602 0.6085189 0 -0.07589316 0.605088 0 -0.1035501 0.6145339 -0.018103 -0.1062912 0.615 -0.02760195 -0.2382361 0.554911 -0.253459 0.01866084 0.495866 -0.216113 -0.2207661 0.4612289 -0.140289 -0.2834191 0.4459769 -0.07543295 -0.3169071 0.4252109 -0.07442498 -0.3141291 0.4336429 0.07442599 -0.3141311 0.4336469 0.260697 -0.1099571 0.481208 0.256829 -0.1090431 0.488816 0.253459 0.01866084 0.495866 0.205655 0.1407658 0.47855 0.201869 0.1386488 0.484704 0.112528 0.2050098 0.466997 -0.112528 0.2050098 0.466997 -0.260696 -0.1099561 0.4812059 -0.05947399 -0.2523341 0.530816 -0.288208 -0.1044981 0.4180369 -0.320527 -0.04583615 0.583864 -0.313983 -0.004908144 0.579205 -0.298818 0.01648479 0.595127 -0.289205 -0.001909136 0.613426 -0.295861 -0.01957416 0.60854 -0.03701597 0.2264758 0.4429321 -0.03899997 0.2260369 0.400393 -0.116953 0.2120058 0.44848 -0.230027 0.1461008 0.414317 -0.26094 0.08706086 0.419886</float_array>
          <technique_common>
            <accessor source="#unnamed_005-mesh-positions-array" count="720" stride="3">
              <param name="X" type="float"/>
              <param name="Y" type="float"/>
              <param name="Z" type="float"/>
            </accessor>
          </technique_common>
        </source>
        <source id="unnamed_005-mesh-normals">
          <float_array id="unnamed_005-mesh-normals-array" count="2160">-2.20523e-7 -0.681017 -0.7322677 0 -0.9998842 0.01522576 -0.09422206 -0.6951619 -0.7126515 -0.123521 -0.992228 0.01504272 -0.3067283 -0.6951404 -0.6501522 -0.3671646 -0.9296006 -0.03213876 -0.7036544 -0.4924576 -0.5122071 -0.780092 -0.625076 0.02714014 -0.9605445 -0.2434627 0.1344627 -0.8232398 -0.474339 0.3118959 -0.8911161 -0.2138814 0.4002087 -0.9483233 0.2566981 0.1865184 -0.8595383 0.2002401 0.4702106 -0.7876788 0.4623727 0.4071533 -0.9751712 0.218225 0.03767138 -0.9119192 0.4101964 -0.01192504 -0.8427464 0.1950961 0.5017133 -0.9851119 -0.1652011 -0.04757356 -0.8826803 -0.2083025 0.4212904 -0.7629483 -0.5530022 0.3348112 -0.91535 -0.4026547 -0.001929521 -0.7423687 -0.6694944 -0.02580893 -0.6758704 -0.6971995 0.2389816 -0.4275531 -0.8809744 0.202688 -0.5188578 0.1178515 0.8466981 -0.3557283 0.3937447 0.8475981 -0.6884593 0.5664296 0.4529696 -0.164784 0.5709577 0.8042721 -0.3200621 0.89104 0.321882 -3.64501e-6 0.6331223 0.7740518 0 0.9583678 0.2855367 0.3200634 0.8910395 0.321882 0.164829 0.5710539 0.8041946 0.6884621 0.5664314 0.4529631 0.3557284 0.3937447 0.8475981 0.5188493 0.1178651 0.8467014 0.8427457 0.1951071 0.5017102 0.9119194 0.4101962 -0.01192486 0.7511386 0.6574075 -0.06005203 0.3558002 0.8951328 -0.2685955 0.1549456 0.9515642 -0.2655512 0 0.9334414 -0.35873 0 0.9984472 0.05570709 0.1081519 0.9920336 0.06459563 0 0.9968353 -0.07949477 0.2771115 0.9606291 -0.02002876 0.3274618 0.9343132 0.1408107 0.6782624 0.7246977 0.1215464 0.7077672 0.6435309 0.2914336 0.7876787 0.4623727 0.4071533 0.9483233 0.2566981 0.1865184 0.790953 -0.6118605 -0.004498064 0.9991264 -1.82074e-5 -0.04179149 0.9059385 3.55825e-5 0.4234095 0.698902 -0.6332843 0.3323959 0.5974237 -8.77264e-5 0.8019258 0.4326946 -0.6310879 0.6438195 0.1166427 -0.6440719 0.7560199 -0.1713293 -0.9491354 0.2641751 -0.3218064 -0.6638882 0.6750506 -0.6392064 -0.7314096 0.2376034 -0.5144936 -0.81255 -0.2739686 -0.6166607 -0.7653794 0.1841846 -0.4555214 -0.6055336 -0.652556 -0.4982539 -0.3854153 -0.7766582 -0.486927 4.55916e-4 -0.8734425 -0.5294027 -4.94066e-6 -0.8483707 -0.4958755 0.3875728 -0.7771068 -0.7774824 -0.003253221 -0.6288963 -0.8470441 -0.3051088 -0.4352297 -0.5291455 -0.8388758 -0.1276422 -0.9969809 -0.00944817 -0.07707065 -0.8658506 -0.4825043 0.1322593 -0.819309 -0.5688633 0.07160639 -0.9887111 -0.02152645 0.1482807 -0.9632584 -0.007832229 0.2684623 -0.8077476 0.5869224 0.05537271 -0.8041751 0.5858217 -0.100576 -0.4000591 0.8784673 -0.2612431 -0.2107186 0.5572598 -0.8031558 0.2890718 0.5701732 -0.7689864 -0.172855 -3.45388e-6 -0.9849473 -0.7793938 -0.001686275 -0.6265321 -0.8014611 -0.5928817 -0.07843089 -0.4174633 -0.8724316 -0.2541409 0.2013362 -0.9591721 -0.1986268 0.08826142 -0.986778 0.1359382 0.7245708 -0.4780675 -0.496436 0.8142763 -2.93519e-6 -0.5804775 0.7245723 0.4780649 -0.4964363 0.3742356 -2.08923e-6 -0.9273337 0.2900621 -0.5692671 -0.7692847 -0.2125677 -0.5551217 -0.8041486 0.1972474 0.960038 -0.1985461 -0.5242733 0.8429327 -0.1208395 -0.860675 0.4832966 0.160197 -0.9841077 -0.01092189 0.1772367 -0.2416176 -0.5165707 -0.8214474 0.5286501 -0.5852365 -0.6148394 0.1232095 -0.2660757 -0.9560457 0.3783231 -0.3869159 -0.8409328 0 -0.3876076 -0.9218246 0.09422188 -0.695162 -0.7126515 0.3067282 -0.6951404 -0.650152 0.123521 -0.992228 0.01504284 0.3671647 -0.9296006 -0.03213864 0.4421461 0.05488705 0.8952621 0.4740974 0.4062758 0.7811349 -1.49846e-6 0.2519109 0.9677505 0 0.5701869 0.8215151 -0.474098 0.4062756 0.7811346 -0.4421467 0.05488693 0.895262 -2.17691e-6 0.554782 0.8319959 -3.6448e-7 0.01770579 0.9998432 -0.447302 -0.2928885 0.8450665 -6.10508e-7 -0.3448889 0.9386436 -0.3575 -0.4217223 0.8332731 -5.61239e-7 -0.5075225 0.8616385 0.3574996 -0.4217224 0.8332732 0.4473018 -0.2928887 0.8450666 -0.6782624 0.7246977 0.1215465 -0.7077668 0.6435308 0.291435 -0.3274617 0.9343132 0.1408109 -0.2771115 0.9606291 -0.02002871 -0.1081519 0.9920336 0.06459558 -0.1549456 0.9515643 -0.2655513 -0.3557989 0.8951331 -0.2685964 -0.7511386 0.6574086 -0.06004095 -0.5546742 -0.2035222 0.8067933 -0.4449355 -0.4946877 0.7465363 -0.4827124 -0.858646 0.1723835 -0.5212504 -0.8159747 -0.2499667 -0.3599172 -0.8963113 -0.2590091 -0.7156082 -0.5956147 -0.3648945 0.7793938 -0.001686394 -0.6265323 0.8014611 -0.5928818 -0.07843095 0.2125678 -0.5551217 -0.8041486 0.4174631 -0.8724316 -0.2541409 -0.2900621 -0.569267 -0.7692848 -0.2013362 -0.9591721 -0.1986268 -0.7245708 -0.4780673 -0.496436 -0.7909533 -0.6118602 -0.004498064 -0.9991264 -1.81522e-5 -0.04179197 -0.9059383 3.55718e-5 0.4234097 -0.7910256 0.6117656 -0.004635393 -0.6988227 0.6333823 0.332376 -0.9841608 -1.02116e-5 -0.1772784 -0.8252478 -0.5447859 0.1489115 -0.9998437 -1.24695e-5 -0.01768255 -0.5383783 -0.8411324 0.05143344 -0.2896512 -0.9025267 -0.3186656 -0.9313539 -0.02424955 0.3633068 -0.9973068 -0.004164874 -0.07322412 -0.7640202 -4.62055e-6 0.6451926 -0.3044781 -3.02465e-6 0.9525194 0.1823926 5.62271e-5 0.9832258 0.1176218 0.6417803 0.7578148 -0.3223962 0.6622647 0.6763626 -0.6339197 0.7343557 0.2426263 -0.6179258 0.7533742 0.2249336 -0.5561187 0.6818208 0.4752393 -0.9697248 -0.2393286 0.04853564 -0.2986689 0.8552444 0.4235023 0.2882737 0.903286 -0.3177623 -0.5638322 0.77888 0.2746624 -0.6172962 0.7088847 -0.3412156 0.161602 0.7755102 -0.6103023 0.4747247 0.8495363 0.2300533 0.5665539 0.05740076 -0.822023 0.9965881 0.03073364 0.07660239 0.5539354 -0.8325036 0.00966382 0.2416175 -0.5165707 -0.8214473 -0.4177818 -0.9084754 0.01144051 -0.5286501 -0.5852365 -0.6148394 -0.9462172 -0.0360201 -0.321521 -0.9765785 -0.08291453 0.198544 -0.4925543 0.6927598 -0.5267583 0.3575026 0.776679 -0.5186152 0.7976131 0.02652412 -0.602586 0.4986569 -0.6116898 -0.6141474 -0.3619405 -0.682985 -0.6344531 -0.864108 -0.08302921 -0.4964108 0.9998437 -1.21967e-5 -0.0176829 0.5383785 -0.8411321 0.05143338 0.8252477 -0.5447861 0.1489114 0.9841608 -1.05478e-5 -0.1772786 -0.4125393 -0.5087081 0.7556636 -0.1675611 -0.6121444 0.7727889 -0.2220484 -0.5361372 0.8144025 3.53323e-7 -0.3873689 0.9219249 -0.5521728 -0.5878813 0.5911859 1.77996e-7 -0.8386482 0.5446735 0 -0.6793241 0.7338384 0.1675612 -0.6121443 0.7727889 0.5521733 -0.5878809 0.5911858 0.2220484 -0.5361373 0.8144026 0.4125394 -0.508708 0.7556636 0.01245385 0.9931762 -0.1159573 -0.02952796 0.999358 -0.0202912 0.03477352 0.07496136 -0.99658 -0.3082416 0.1180049 -0.9439608 -0.1456304 -0.9491969 -0.2789571 -0.3106313 -0.9022982 -0.2989417 0.1630362 -0.741693 0.6506234 0.2921649 -0.7875614 0.5425742 -0.5603541 -0.2808344 0.7791889 -0.8739641 -0.3135105 0.3713461 -0.5546653 0.104173 -0.8255268 -0.9711861 0.1835469 0.1520139 0.1287018 0.9851375 -0.1137546 -0.6960018 0.5349926 0.4789202 -0.4407139 0.2298719 0.8677155 0.5921316 0.2138121 0.7769587 0.3231273 0.2038442 0.9241409 -0.05109119 -0.7524402 0.6566761 -0.01940631 -0.9331609 -0.358935 0.171476 0.1143747 -0.9785267 0.969725 -0.239328 0.04853522 0.1038794 -0.9519447 -0.2881154 -0.02237504 -0.8024045 0.596361 0.001653671 0.2114002 0.9773982 -0.03570753 0.2518745 0.967101 0.08557432 0.9958578 0.03073143 0.2569147 2.32002e-5 -0.9664342 -0.1147292 0.6444326 -0.7560054 0.6641764 0.5116466 -0.5450574 0.7713885 -8.82723e-4 -0.636364 0.9875723 -2.82006e-4 -0.1571661 0.6636041 -0.5114468 -0.5459414 -0.1147318 -0.6444399 -0.7559985 -0.6431902 -0.6409312 -0.4189435 0.05219262 -0.9534965 -0.2968509 0.8384863 -0.5422062 -0.05434453 0.8771489 0.003907442 0.4802027 0.8391727 0.5411391 -0.05438607 0.04206973 0.9562645 -0.2894625 -0.6479128 0.6471592 -0.401739 -0.6074739 -1.90137e-5 -0.7943397 -0.9870921 0.00543183 0.1600615 -0.6860527 0.7226873 0.08399206 0.1538557 0.9876724 0.02884072 0.3323932 0.8605085 0.3860569 0.2986688 0.8552443 0.4235023 0.5561185 0.6818209 0.4752394 0.9870921 0.005431532 0.1600615 0.6074741 -1.93626e-5 -0.7943395 0.6479131 0.6471588 -0.4017391 0.6860527 0.7226874 0.083992 -0.04206973 0.9562644 -0.2894628 -0.1538557 0.9876724 0.02884072 -0.8391728 0.541139 -0.05438607 -0.6641764 0.5116465 -0.5450574 -0.9875722 -2.82328e-4 -0.1571661 -0.7713885 -8.82691e-4 -0.6363639 -0.6636043 -0.5114466 -0.5459413 -0.2569146 2.31044e-5 -0.9664342 0.1147291 0.6444325 -0.7560053 0.6431902 -0.6409313 -0.4189435 0.6914066 -0.7182633 0.07781243 0.9236642 0.02404099 0.382448 0.9841912 0.01991218 0.1759865 0.9997767 0.01614665 -0.01363813 0.8205526 0.5561041 0.1320673 0.5377031 0.8417525 0.04825192 -0.3323934 0.8605084 0.386057 -0.8771489 0.003907322 0.4802028 -0.8384861 -0.5422063 -0.05434459 -0.05219268 -0.9534965 -0.2968509 0.1147319 -0.6444401 -0.7559984 -0.1607168 -0.9865162 0.03092098 -0.3308323 -0.8591677 0.3903599 -0.2755459 -0.8465096 0.4555173 0.2896512 -0.9025267 -0.3186656 0.4892327 -3.57443e-4 -0.8721533 -0.4569472 0.6245107 -0.6333923 -0.515738 0.8107285 -0.2770085 -0.846504 0.304782 -0.4365076 -0.9083207 -0.008907258 -0.4181798 0.08652716 0.9872743 0.1334261 -0.172542 0.9497437 0.2611827 0.4339438 0.6302055 0.643843 0.6988235 0.6333817 0.3323756 0.791026 0.611765 -0.004638195 -0.5336499 -0.7873712 0.3086493 -0.5186511 -0.6244766 0.5839779 -0.001654207 0.2113999 0.9773983 -0.01245385 0.9931762 -0.1159574 -0.1714757 0.1143743 -0.9785268 -0.1038793 -0.9519447 -0.2881153 0.02237439 -0.8024045 0.596361 0.05109024 -0.7524409 0.6566754 0.03571027 0.2518744 0.9671009 0.02952706 0.999358 -0.02029234 -0.03477352 0.07496136 -0.99658 0.01940631 -0.9331608 -0.358935 0.1456304 -0.9491969 -0.2789571 0.3082414 0.118005 -0.9439608 -0.08557444 0.9958578 0.03073149 -0.3231269 0.2038443 0.9241411 -0.1630364 -0.7416932 0.6506231 0.3122797 -0.9017726 -0.2988104 0.5546656 0.104173 -0.8255265 -0.1287018 0.9851375 -0.1137548 -0.5921316 0.2138122 0.7769585 -0.2914876 -0.7868361 0.5439891 0.8743532 -0.3143141 0.3697476 0.9711859 0.1835471 0.1520144 0.6960016 0.5349925 0.4789204 0.4407138 0.2298722 0.8677155 0.5588323 -0.2812446 0.7801333 -0.004721522 0.1340368 0.9909652 -0.2663913 -0.5392372 0.7989111 0.3930105 -0.8387133 0.3769654 -0.7597829 -0.6374207 0.12816 -0.2312259 -0.88012 -0.4146364 -0.942035 0.05135887 -0.3315605 -0.3295387 0.3758624 -0.8661016 -0.6111499 0.7885931 -0.06794828 0.5102229 0.8519756 0.1175163 -0.1412942 0.7774997 0.6128053 0.7437224 0.05441719 0.6662701 0.582791 -0.7453416 0.3237602 -0.8558397 -0.4112027 0.3137686 -0.9109828 0.3809453 0.1580858 -0.3712105 0.6706379 0.6422209 -0.1877797 -0.1972323 0.9622049 -0.6576638 -0.00366044 0.7533028 -0.6259369 0.252287 0.7379392 -0.6676034 -0.1786242 0.7227718 -0.4288563 -0.4772995 0.7669861 -0.6674835 -0.5134785 0.5392642 -0.3418456 -0.4861608 0.8042322 -0.4582551 -0.609197 0.6472104 -0.2599565 -0.6074025 0.7506563 1.7038e-7 -0.6978761 0.7162185 3.23503e-7 -0.6159049 0.7878206 0.2599546 -0.6074038 0.750656 0.458252 -0.6091964 0.6472133 0.3418639 -0.4861593 0.8042252 0.6674752 -0.5134757 0.539277 0.6676034 -0.1786232 0.7227721 0.4288565 -0.4772985 0.7669865 0.6199889 -0.3631743 0.6954985 0.6576639 -0.0036605 0.7533028 0.6930298 -0.390049 0.6062768 0.7105837 -0.3608828 0.6040152 0.2756507 -0.1664062 0.9467449 0.7616411 -0.3883453 0.5187397 0.3503291 -0.40603 0.8440433 0.7135548 -0.4292933 0.5536667 0.5825015 -0.5125397 0.6308686 0.2801671 -0.6103488 0.7409324 0 -0.6844409 0.7290684 -0.2801669 -0.6103489 0.7409324 -0.5826176 -0.5125456 0.6307565 -0.3503294 -0.4060298 0.8440433 -0.7135803 -0.4293059 0.5536242 -0.7616407 -0.3883464 0.5187395 -0.2756511 -0.1664061 0.9467447 -0.7105852 -0.3608817 0.6040142 -0.6930299 -0.390049 0.6062766 -0.6199893 -0.3631743 0.6954982 -0.611256 -0.4442241 0.6550046 -0.3108642 -0.5697101 0.7607851 2.56289e-7 -0.774284 0.6328384 0.3108645 -0.56971 0.7607851 0.6112561 -0.4442242 0.6550045 0.6859571 -0.6217333 0.3780351 0.5888793 -0.4821747 0.6486361 0.317756 -0.6229029 0.7148588 -5.52124e-7 -0.6955254 0.7185015 -0.3177817 -0.6228962 0.7148533 -0.5887411 -0.4821839 0.6487547 -0.6859537 -0.6217395 0.3780313 0.172855 -3.45388e-6 -0.9849473 0.2107187 0.5572597 -0.8031558 0.8041751 0.5858215 -0.1005759 0.9632585 -0.007832109 0.2684623 0.8193088 -0.5688635 0.07160639 0.5291454 -0.8388758 -0.1276422 0.5144936 -0.8125501 -0.2739686 -0.08826148 -0.986778 0.1359382 0.1713292 -0.9491353 0.264175 -0.432695 -0.6310876 0.6438195 -0.1166428 -0.6440719 0.7560198 0.3218064 -0.6638883 0.6750504 0.6392063 -0.7314096 0.2376034 0.6166607 -0.7653794 0.1841849 0.4555215 -0.6055337 -0.652556 -0.4892334 -3.57534e-4 -0.8721529 -0.2882738 0.903286 -0.3177622 0.4569472 0.6245108 -0.6333922 0.6179257 0.7533742 0.2249337 0.515738 0.8107286 -0.2770086 0.6339197 0.7343558 0.2426263 0.172542 0.9497437 0.2611827 0.322396 0.6622647 0.6763626 -0.1176217 0.6417802 0.7578149 0.3044781 -3.21795e-6 0.9525194 -0.1823925 5.60507e-5 0.9832258 0.7640202 -4.71558e-6 0.6451926 0.9973068 -0.004164814 -0.07322406 0.9313538 -0.02424925 0.3633074 0.5186503 -0.6244763 0.5839788 0.53365 -0.7873712 0.3086494 0.2755459 -0.8465096 0.4555173 0.3308324 -0.8591677 0.3903599 0.1607171 -0.9865161 0.03092092 -0.6914064 -0.7182635 0.07781243 -0.9997767 0.01614648 -0.01363807 -0.8205525 0.5561042 0.1320675 -0.537703 0.8417525 0.04825198 -0.9236642 0.0240404 0.3824481 -0.9841912 0.01991111 0.1759867 0.4721027 -0.008885622 -0.8814988 0.1859174 -0.2911314 -0.9384441 -0.194462 -0.2786391 -0.9405024 -0.422599 -0.04865097 -0.9050101 -0.2542547 0.3548972 -0.899668 0.2155076 0.3890572 -0.8956512 -0.2297201 -0.9388839 0.2563701 -0.02893203 -0.9967184 -0.07560163 -1.5803e-5 -0.9710554 0.2388544 -2.00829e-5 -0.8984209 0.4391355 0.2297112 -0.9388672 0.2564396 0.1237524 -0.7370961 0.6643604 0.4827152 -0.8586498 0.1723559 0.134142 -0.5295361 0.8376142 0.4448168 -0.494648 0.7466334 0.7629414 -0.5530114 0.3348117 0.7423697 -0.6694927 -0.02582603 0.5212547 -0.815972 -0.249967 0.3599607 -0.8962815 -0.259052 0.7155978 -0.5955266 -0.3650589 -0.3742356 -2.18001e-6 -0.9273337 -0.8142763 -3.27407e-6 -0.5804776 -0.7245725 0.4780651 -0.4964357 -0.2890719 0.5701732 -0.7689864 -0.1972478 0.9600379 -0.1985461 0.4000592 0.8784673 -0.2612431 0.5242732 0.8429327 -0.1208395 0.8077473 0.5869228 0.05537277 0.8606749 0.4832967 0.160197 0.988711 -0.02152627 0.1482808 0.9841077 -0.01092201 0.1772369 0.8658505 -0.4825043 0.1322594 0.9969809 -0.009448349 -0.07707059 0.846504 0.3047819 -0.4365076 -0.08652698 0.9872743 0.1334261 -0.4339436 0.6302056 0.6438431 -0.5974238 -8.75116e-5 0.8019257 -0.6989021 -0.6332842 0.3323959 0.8470441 -0.3051089 -0.4352298 0.7774823 -0.003253281 -0.6288965 0.9083206 -0.008907437 -0.41818 0.4958745 0.3875735 -0.7771071 0.4869273 4.56299e-4 -0.8734425 0.4982541 -0.385415 -0.7766583 0.529403 -4.87565e-6 -0.8483705 -0.1237311 -0.7370734 0.6643895 -0.134147 -0.5295338 0.8376149 -0.5385995 -0.6409889 0.546849 -0.2227711 -0.7961301 0.5626277 -0.6878453 -0.5799272 0.4365243 -0.7190271 -0.2701119 0.6403434 -0.7855712 -0.2419204 0.5695196 -0.7941038 0.2637051 0.5475937 -0.4914206 0.6840139 0.5391019 -0.4727368 0.4803206 0.738791 -0.3596712 0.7557356 0.5472665 0 0.823175 0.5677878 -0.7933061 -0.6081131 0.02939635 -0.6730383 -0.7326833 -0.1009693 -0.7489002 -0.5998271 -0.281702 -0.3235161 -0.8734928 -0.3637962 -0.3226998 -0.6328349 -0.7038359 0.2342156 -0.913359 0.3330444 0 -0.696533 -0.7175247 0 -0.7167103 0.697371 -0.2342217 -0.9133597 0.3330379 0.3226998 -0.6328349 -0.7038359 0.7488998 -0.5998259 -0.2817057 0.3235161 -0.8734928 -0.3637965 0.6730383 -0.7326833 -0.1009694 0.7933062 -0.6081136 0.02937883 -0.3046749 -0.9133511 -0.2701169 0.02891361 -0.9967149 -0.07565337 8.66522e-7 -0.674617 -0.738168 0.3045821 -0.9133883 -0.2700955 0 0.4975059 0.8674607 0.445464 0.468911 0.7626824 0.4376187 0.5530005 0.7089996 0 0.6687734 0.7434663 0 0.5328137 0.8462327 -0.4376186 0.5530005 0.7089996 -0.5142462 0.811947 0.2762117 -0.4348255 0.5527095 0.7109423 -0.8827417 -0.160184 -0.4417105 0 0.0754323 0.997151 4.44611e-7 0.06346499 0.9979842 -0.9807094 -0.03334468 -0.1926065 3.97401e-7 0.05581092 0.9984414 -0.8822588 -0.05387932 -0.4676714 -0.9798408 -0.01743841 -0.199018 -8.48897e-7 -0.04802238 -0.9988464 -0.901064 -0.04712224 -0.4311185 9.56595e-7 -0.09260112 -0.9957033 0 -0.8562885 -0.516498 0.9010643 -0.04712218 -0.4311179 0.9925821 -0.1002913 0.06872075 1.37787e-7 0.1068612 0.994274 0.9798405 -0.01743823 -0.1990191 3.80026e-7 0.03935289 0.9992254 -0.9925821 -0.1002913 0.06872063 -1.88691e-7 0.1339907 0.9909827 7.97115e-7 -0.202652 -0.9792509 0.760097 -0.6475792 -0.05379384 0 -0.8475951 -0.5306437 -0.7600972 -0.6475791 -0.05379265 6.20946e-7 -0.4004105 0.916336 0.8827423 -0.1601841 -0.4417094 0.9807094 -0.03334492 -0.1926066 0 -0.1061575 -0.9943494 0.8822579 -0.05387914 -0.467673 -1.58468e-6 -0.07426667 -0.9972385 0.5977588 -0.5866276 0.5463996 0.6878878 -0.5799321 0.4364508 0.8091328 -0.2315693 0.5400741 0.7855681 -0.2419381 0.5695162 0.7580558 0.2537844 0.6007869 0.7941038 0.2637051 0.5475937 0.4914202 0.6840143 0.5391018 0.4742238 0.6754499 0.5646939 0 0.7857859 0.6184987 -0.4742242 0.6754496 0.564694 -0.7580558 0.2537843 0.6007869 -0.8091312 -0.2315643 0.5400784 -0.5976998 -0.5866283 0.5464634 -0.5509933 -0.7420924 0.3817138 -0.27964 -0.8184162 0.5019925 -0.2285732 -0.7617524 0.6062076 -0.1503953 -0.8554424 0.49558 0.222784 -0.7961178 0.56264 0.5385959 -0.6409847 0.5468575 0.7190228 -0.2701157 0.6403466 0.85584 -0.4112025 0.3137683 0.1877787 -0.1972329 0.962205 0.3712104 0.670638 0.6422209 0.4727396 0.480308 0.7387974 0.3596657 0.7557163 0.5472966 -3.75858e-6 0.8779506 0.4787513 -0.3349738 0.8319608 0.4423052 -0.5196181 0.4956226 0.6959565 -0.7834706 0.2066087 0.5860773 -0.839357 -0.2017176 0.5047672 -0.668763 -0.5589441 0.4902425 -0.2447997 -0.6714006 0.6994959 -0.2110243 -0.8735848 0.4385415 -1.06793e-5 -0.8399491 0.5426653 -2.28738e-5 -0.9169641 0.3989701 0.211064 -0.8736233 0.4384456 0.2447827 -0.6713777 0.6995238 0.6686705 -0.5589131 0.4904039 0.8392968 -0.2017123 0.5048695 0.910983 0.3809451 0.1580855 0.7834674 0.2066116 0.5860806 0.5196228 0.49562 0.6959547 0.3350188 0.8320021 0.4421934 -7.94971e-6 0.9657866 0.2593382 0.2286208 -0.7617153 0.6062362 0.1504078 -0.855403 0.4956443 0.2796413 -0.818416 0.501992 0.5510703 -0.7420821 0.3816226 0.1373583 -0.7392278 0.6592988 -2.28184e-5 -0.8627759 0.5055866 -0.1373667 -0.7392487 0.6592736 -0.445464 0.468911 0.7626824 -0.5716678 0.09720718 0.8147065 -0.4276379 -0.1971827 0.882182 -0.2492406 -0.2709161 0.9297761 0.5716679 0.09720718 0.8147065 0.4276379 -0.1971827 0.882182 0.2492404 -0.2709161 0.9297761 0.625937 0.252287 0.7379392 0.4348258 0.5527095 0.7109422 0.5142456 0.8119473 0.2762118 0 0.8813233 0.4725137 -0.3923679 0.834925 0.3859376 2.06034e-7 -0.7441325 0.6680321 0.3923677 0.8349252 0.3859376 -0.5665539 0.05740082 -0.8220231 -0.5539354 -0.8325036 0.00966376 0.4177818 -0.9084754 0.01144045 0.9462171 -0.03602004 -0.321521 0.9765785 -0.08291447 0.198544 0.6172962 0.7088847 -0.3412155 0.5638322 0.77888 0.2746624 -0.161602 0.7755102 -0.6103023 -0.4747247 0.8495364 0.2300534 -0.9965881 0.0307337 0.07660233 -0.7976131 0.02652412 -0.602586 -0.3575026 0.776679 -0.5186152 0.4925544 0.6927598 -0.5267583 0.864108 -0.08302932 -0.4964108 0.3619405 -0.6829849 -0.6344532 -0.4986568 -0.6116898 -0.6141474 0.6111499 0.7885929 -0.0679484 0.141294 0.7774996 0.6128054 0.004721522 0.1340373 0.9909651 0.2663913 -0.5392374 0.798911 0.7597827 -0.6374208 0.1281604 0.9420351 0.05135911 -0.3315601 -0.1700128 -0.5525964 0.8159245 -0.2513769 -0.783127 0.5687898 0.01492708 -0.5516028 -0.8339734 0 -0.8386342 0.544695 0 -0.4729158 -0.8811077 -0.01492708 -0.5516028 -0.8339734 0.1700129 -0.5525962 0.8159247 0.2513769 -0.783127 0.5687898 -0.2878826 -0.3783966 0.8797385 -0.1469758 -0.3065462 0.9404401 0 -0.4445471 0.8957556 0 0.939612 -0.3422417 0.1469758 -0.3065462 0.9404401 0.2878823 -0.3783968 0.8797385 0.8787423 -0.248285 -0.4076355 0.5263813 -0.7510658 -0.3985259 -1.5917e-6 -0.9059494 -0.4233863 -0.5264132 -0.7510474 -0.3985185 -0.8787987 -0.248393 -0.4074481 0.8595382 0.2002401 0.4702107 0.9751712 0.2182248 0.0376715 0.891116 -0.2138817 0.4002088 0.985111 -0.1651981 -0.0476036 0.8232398 -0.4743389 0.3118959 0.9153497 -0.4026551 -0.001948773 0.6758702 -0.6971997 0.2389814 0.4275531 -0.8809745 0.2026879 0.3295383 0.3758623 -0.8661017 -0.5102226 0.8519758 0.1175167 -0.7437224 0.05441725 0.6662701 -0.3930103 -0.8387132 0.3769655 0.2312262 -0.88012 -0.4146364 -0.5827915 -0.7453415 0.3237591 -0.2155075 0.3890572 -0.8956512 -0.4721027 -0.008885622 -0.8814988 0.2542547 0.3548972 -0.8996681 0.4225992 -0.04865097 -0.9050099 0.1944619 -0.2786391 -0.9405025 -0.1859174 -0.2911313 -0.938444 0.9605445 -0.2434627 0.1344627 0.8580288 -0.1982656 -0.4737904 0.8579859 0.2302282 -0.4591897 0.5833655 0.6453646 -0.4931424 0.2158049 0.8248834 -0.52249 0 0.8610045 -0.5085974 -0.2158049 0.8248834 -0.52249 -0.5833654 0.6453646 -0.4931424 -0.857986 0.2302281 -0.4591897 -0.8580288 -0.1982657 -0.4737904 -0.6460213 -0.1616773 -0.7460007 -0.6368945 0.2451843 -0.7309241 -0.2447478 0.5478336 -0.7999856 0 0.6241005 -0.7813442 0.2447479 0.5478337 -0.7999856 0.6368945 0.2451843 -0.7309241 0.6460214 -0.1616773 -0.7460006 0.7036545 -0.4924575 -0.5122071 0.7800921 -0.6250759 0.02714008 0.8826693 -0.2082921 0.4213184 0.5545236 -0.203503 0.8069016 0 0.3818606 -0.92422 -0.3783231 -0.3869159 -0.8409328 0.01232671 -0.8431343 -0.5375618 0.920123 -0.02945137 -0.3905207 0.4062482 -0.7774926 -0.4800707 -0.5184983 -0.7468718 -0.4163438 -0.9774476 0.05306482 -0.2044022 -0.4610513 0.8675465 -0.1865341 0.5143919 0.8112334 -0.2780314 -0.1078168 0.7641258 -0.6359932 0.6131196 0.06109398 -0.7876242 -0.1354662 0.03712064 -0.9900864 -0.0271278 -0.6397261 -0.7681241 -0.7840837 0.04218655 -0.6192198 -0.5720297 -0.6134656 -0.544465 -0.5830472 -0.538514 0.6083246 0 -0.850551 -0.5258927 -0.01232671 -0.8431344 -0.5375617 0 0.01796597 -0.9998387 0 -0.3233904 -0.9462656 -0.1232095 -0.2660756 -0.9560457 -1.84395e-5 -0.7477216 -0.6640123 0.5720587 -0.613613 -0.5442683 -1.16513e-5 -0.6643696 0.7474043 0.5830506 -0.5384921 0.6083407 -0.514392 0.8112334 -0.2780314 -0.920123 -0.02945125 -0.3905208 -0.6131196 0.0610941 -0.7876242 -0.4062482 -0.7774925 -0.4800707 0.0271278 -0.6397261 -0.7681242 0.5184983 -0.7468718 -0.4163438 0.7840837 0.04218661 -0.6192198 0.9774476 0.05306482 -0.2044022 0.4610513 0.8675465 -0.1865341 0.1078168 0.7641258 -0.6359932 0.1354662 0.03712069 -0.9900863 1.58592e-7 -0.7045624 -0.7096421 0.3750887 -0.6254876 -0.6841592 -2.31523e-7 -0.8304281 0.557126 0.2605803 -0.7866766 0.5596766 0.3844229 -0.3199399 0.8659431 0.8271229 -0.4563078 -0.3281019 2.50517e-7 -0.004920363 -0.999988 -0.375089 -0.625487 -0.6841596 -0.2605824 -0.7866758 0.5596768 -0.3844253 -0.3199388 0.8659425 -0.8271237 -0.456306 -0.3281027 -2.38785e-7 -0.09074968 0.9958738</float_array>
          <technique_common>
            <accessor source="#unnamed_005-mesh-normals-array" count="720" stride="3">
              <param name="X" type="float"/>
              <param name="Y" type="float"/>
              <param name="Z" type="float"/>
            </accessor>
          </technique_common>
        </source>
        <source id="unnamed_005-mesh-map-0">
          <float_array id="unnamed_005-mesh-map-0-array" count="8604">0.7015 0.1424999 0.7015 0.1949 0.6813 0.1424999 0.6813 0.1424999 0.7015 0.1949 0.6787 0.1949 0.6813 0.1424999 0.6787 0.1949 0.5709 0.1424999 0.5709 0.1424999 0.6787 0.1949 0.5714 0.1949 0.5709 0.1424999 0.5714 0.1949 0.4281 0.1424999 0.4281 0.1424999 0.5714 0.1949 0.4273 0.1949 0.4281 0.1424999 0.4273 0.1949 0.3469 0.1949 0.3469 0.1949 0.4273 0.1949 0.4035 0.262 0.3469 0.1949 0.4035 0.262 0.3469 0.262 0.3469 0.1949 0.3469 0.262 0.2393 0.1949 0.2393 0.1949 0.3469 0.262 0.2393 0.262 0.2393 0.1949 0.2393 0.262 0.2084 0.262 0.2084 0.262 0.2393 0.262 0.239 0.2799 0.2084 0.262 0.239 0.2799 0.2072 0.2799 0.2072 0.2799 0.239 0.2799 0.239 0.3004 0.239 0.3004 0.239 0.2799 0.3421 0.2799 0.239 0.3004 0.3421 0.2799 0.3421 0.3004 0.3421 0.3004 0.3421 0.2799 0.4313 0.3004 0.4313 0.3004 0.3421 0.2799 0.4035 0.2799 0.4313 0.3004 0.4035 0.2799 0.4437 0.2799 0.4437 0.2799 0.4035 0.2799 0.4035 0.262 0.4437 0.2799 0.4035 0.262 0.4437 0.262 0.4437 0.262 0.4035 0.262 0.4273 0.1949 0.4437 0.262 0.4273 0.1949 0.5277 0.262 0.5277 0.262 0.4273 0.1949 0.5714 0.1949 0.239 0.3109 0.1754 0.3109 0.1754 0.3004 0.1754 0.3004 0.1754 0.3109 0.07199996 0.3109 0.1754 0.3004 0.07199996 0.3109 0.07199996 0.3004 0.07199996 0.3004 0.07199996 0.3109 0.008199989 0.3109 0.07199996 0.3004 0.008199989 0.3109 0.008199989 0.3004 0.008199989 0.3004 0.008199989 0.3109 0.07199996 0.3004 0.07199996 0.3004 0.008199989 0.3109 0.07199996 0.3109 0.07199996 0.3004 0.07199996 0.3109 0.1754 0.3004 0.1754 0.3004 0.07199996 0.3109 0.1754 0.3109 0.1754 0.3004 0.1754 0.3109 0.239 0.3109 0.239 0.3109 0.239 0.3004 0.1754 0.3004 0.1754 0.3004 0.239 0.3004 0.2072 0.2799 0.1754 0.3004 0.2072 0.2799 0.1754 0.2799 0.1754 0.3004 0.1754 0.2799 0.07199996 0.3004 0.07199996 0.3004 0.1754 0.2799 0.07199996 0.2799 0.07199996 0.3004 0.07199996 0.2799 0.008199989 0.3004 0.008199989 0.3004 0.07199996 0.2799 0.01959997 0.2799 0.008199989 0.3004 0.01959997 0.2799 0.008199989 0.2799 0.008199989 0.2799 0.01959997 0.2799 0.007899999 0.262 0.007899999 0.262 0.01959997 0.2799 0.01919996 0.262 0.007899999 0.262 0.01919996 0.262 0.007899999 0.1949 0.007899999 0.1949 0.01919996 0.262 0.07179999 0.1949 0.07179999 0.1949 0.01919996 0.262 0.07179999 0.262 0.07179999 0.1949 0.07179999 0.262 0.1776 0.1949 0.1776 0.1949 0.07179999 0.262 0.1776 0.262 0.1776 0.1949 0.1776 0.262 0.2084 0.262 0.1776 0.1949 0.2084 0.262 0.2393 0.1949 0.7632 0.7156 0.8213 0.7143 0.7989 0.8507 0.7632 0.7156 0.7989 0.8507 0.7443 0.8139 0.7443 0.8139 0.7989 0.8507 0.723 0.9489 0.7443 0.8139 0.723 0.9489 0.6946 0.8922 0.6946 0.8922 0.723 0.9489 0.6163 0.9327 0.6946 0.8922 0.6163 0.9327 0.599 0.8778 0.599 0.8778 0.6163 0.9327 0.5465 0.941 0.599 0.8778 0.5465 0.941 0.5016 0.8902 0.599 0.8778 0.5016 0.8902 0.584 0.7924 0.584 0.7924 0.5016 0.8902 0.5002 0.8438 0.584 0.7924 0.5002 0.8438 0.5451 0.7927 0.584 0.7924 0.5451 0.7927 0.5689 0.7608 0.5689 0.7608 0.5451 0.7927 0.5468 0.7749 0.5689 0.7608 0.5468 0.7749 0.5659 0.7464 0.5659 0.7464 0.5468 0.7749 0.5689 0.7608 0.5659 0.7464 0.5689 0.7608 0.5833 0.7453 0.5659 0.7464 0.5833 0.7453 0.5689 0.7608 0.5689 0.7608 0.5833 0.7453 0.584 0.7924 0.584 0.7924 0.5833 0.7453 0.5946 0.7192 0.584 0.7924 0.5946 0.7192 0.6364 0.6811 0.6364 0.6811 0.5946 0.7192 0.6046 0.6953 0.6364 0.6811 0.6046 0.6953 0.6003 0.6688 0.6364 0.6811 0.6003 0.6688 0.614 0.6327 0.614 0.6327 0.6003 0.6688 0.6004 0.6352 0.614 0.6327 0.6004 0.6352 0.5592 0.6109 0.5592 0.6109 0.6004 0.6352 0.614 0.6327 0.5592 0.6109 0.614 0.6327 0.5834 0.5895 0.5834 0.5895 0.614 0.6327 0.6302 0.5907 0.5834 0.5895 0.6302 0.5907 0.634 0.5539 0.634 0.5539 0.6302 0.5907 0.6895 0.5627 0.634 0.5539 0.6895 0.5627 0.6287 0.5078 0.634 0.5539 0.6287 0.5078 0.5534 0.5505 0.634 0.5539 0.5534 0.5505 0.5834 0.5895 0.5834 0.5895 0.5534 0.5505 0.5592 0.6109 0.5592 0.6109 0.5534 0.5505 0.5834 0.5895 0.5592 0.6109 0.5834 0.5895 0.614 0.6327 0.614 0.6327 0.5834 0.5895 0.6302 0.5907 0.614 0.6327 0.6302 0.5907 0.6364 0.6811 0.6364 0.6811 0.6302 0.5907 0.7036 0.6562 0.6364 0.6811 0.7036 0.6562 0.584 0.7924 0.584 0.7924 0.7036 0.6562 0.6756 0.7982 0.584 0.7924 0.6756 0.7982 0.599 0.8778 0.599 0.8778 0.6756 0.7982 0.6946 0.8922 0.6946 0.8922 0.6756 0.7982 0.7443 0.8139 0.7443 0.8139 0.6756 0.7982 0.7036 0.6562 0.7443 0.8139 0.7036 0.6562 0.7632 0.7156 0.7632 0.7156 0.7036 0.6562 0.7461 0.6147 0.7632 0.7156 0.7461 0.6147 0.8213 0.7143 0.8213 0.7143 0.7461 0.6147 0.8024 0.5905 0.8213 0.7143 0.8024 0.5905 0.7461 0.6147 0.7461 0.6147 0.8024 0.5905 0.7176 0.5124 0.7176 0.5124 0.8024 0.5905 0.7461 0.6147 0.7176 0.5124 0.7461 0.6147 0.6895 0.5627 0.6895 0.5627 0.7461 0.6147 0.7036 0.6562 0.6895 0.5627 0.7036 0.6562 0.6302 0.5907 0.6895 0.5627 0.6302 0.5907 0.634 0.5539 0.634 0.5539 0.6302 0.5907 0.5834 0.5895 0.634 0.5539 0.5834 0.5895 0.5534 0.5505 0.634 0.5539 0.5534 0.5505 0.6287 0.5078 0.634 0.5539 0.6287 0.5078 0.6895 0.5627 0.6895 0.5627 0.6287 0.5078 0.7176 0.5124 0.7176 0.5124 0.6287 0.5078 0.6895 0.5627 0.7176 0.5124 0.6895 0.5627 0.7461 0.6147 0.7461 0.6147 0.6895 0.5627 0.7036 0.6562 0.7036 0.6562 0.6895 0.5627 0.6302 0.5907 0.7036 0.6562 0.6302 0.5907 0.6364 0.6811 0.6364 0.6811 0.6302 0.5907 0.614 0.6327 0.6364 0.6811 0.614 0.6327 0.6003 0.6688 0.6003 0.6688 0.614 0.6327 0.6004 0.6352 0.6003 0.6688 0.6004 0.6352 0.5874 0.6728 0.5874 0.6728 0.6004 0.6352 0.6003 0.6688 0.5874 0.6728 0.6003 0.6688 0.6046 0.6953 0.5874 0.6728 0.6046 0.6953 0.6003 0.6688 0.6003 0.6688 0.6046 0.6953 0.6364 0.6811 0.5704 0.05709999 0.3469 0.08350002 0.5029 0.08350002 0.5029 0.08350002 0.3469 0.08350002 0.5015 0.1184999 0.5029 0.08350002 0.5015 0.1184999 0.7015 0.1184999 0.7015 0.1184999 0.5015 0.1184999 0.6813 0.1424999 0.6813 0.1424999 0.5015 0.1184999 0.5709 0.1424999 0.6813 0.1424999 0.5709 0.1424999 0.6787 0.1949 0.6787 0.1949 0.5709 0.1424999 0.5714 0.1949 0.08669996 0.9131 0.03609997 0.9795 0.008399963 0.9714 0.008399963 0.9714 0.03609997 0.9795 0.008399963 0.9952 0.008399963 0.9714 0.008399963 0.9952 0.03609997 0.9795 0.008399963 0.9714 0.03609997 0.9795 0.08669996 0.9131 0.008399963 0.9714 0.08669996 0.9131 0.008399963 0.9573 0.008399963 0.9573 0.08669996 0.9131 0.008399963 0.9105 0.008399963 0.9105 0.08669996 0.9131 0.1226 0.8675 0.008399963 0.9105 0.1226 0.8675 0.008399963 0.8645 0.008399963 0.8645 0.1226 0.8675 0.07909995 0.843 0.008399963 0.8645 0.07909995 0.843 0.008399963 0.8347 0.008399963 0.8347 0.07909995 0.843 0.008399963 0.8645 0.008399963 0.8645 0.07909995 0.843 0.1226 0.8675 0.008399963 0.8645 0.1226 0.8675 0.008399963 0.9105 0.008399963 0.9105 0.1226 0.8675 0.08669996 0.9131 0.008399963 0.9105 0.08669996 0.9131 0.008399963 0.9573 0.008399963 0.9573 0.08669996 0.9131 0.008399963 0.9714 0.2393 0.1949 0.2084 0.262 0.1776 0.1949 0.1776 0.1949 0.2084 0.262 0.1776 0.262 0.1776 0.1949 0.1776 0.262 0.07179999 0.262 0.1776 0.1949 0.07179999 0.262 0.07179999 0.1949 0.07179999 0.1949 0.07179999 0.262 0.01919996 0.262 0.07179999 0.1949 0.01919996 0.262 0.007899999 0.1949 0.007899999 0.1949 0.01919996 0.262 0.007899999 0.262 0.007899999 0.262 0.01919996 0.262 0.01959997 0.2799 0.007899999 0.262 0.01959997 0.2799 0.008199989 0.2799 0.008199989 0.2799 0.01959997 0.2799 0.008199989 0.3004 0.008199989 0.3004 0.01959997 0.2799 0.07199996 0.2799 0.008199989 0.3004 0.07199996 0.2799 0.07199996 0.3004 0.07199996 0.3004 0.07199996 0.2799 0.1754 0.2799 0.07199996 0.3004 0.1754 0.2799 0.1754 0.3004 0.1754 0.3004 0.1754 0.2799 0.2072 0.2799 0.1754 0.3004 0.2072 0.2799 0.239 0.3004 0.1754 0.3004 0.239 0.3004 0.239 0.3109 0.239 0.3109 0.239 0.3004 0.3421 0.3004 0.239 0.3109 0.3421 0.3004 0.3421 0.3109 0.3421 0.3109 0.3421 0.3004 0.4503 0.3109 0.4503 0.3109 0.3421 0.3004 0.4313 0.3004 0.4503 0.3109 0.4313 0.3004 0.5221 0.3004 0.5221 0.3004 0.4313 0.3004 0.4437 0.2799 0.5221 0.3004 0.4437 0.2799 0.5284 0.2799 0.5221 0.3004 0.5284 0.2799 0.6375 0.2799 0.6375 0.2799 0.5284 0.2799 0.6375 0.2731 0.5534 0.5505 0.5834 0.5895 0.634 0.5539 0.634 0.5539 0.5834 0.5895 0.6302 0.5907 0.634 0.5539 0.6302 0.5907 0.6895 0.5627 0.6895 0.5627 0.6302 0.5907 0.7036 0.6562 0.6895 0.5627 0.7036 0.6562 0.7461 0.6147 0.7461 0.6147 0.7036 0.6562 0.7632 0.7156 0.7461 0.6147 0.7632 0.7156 0.8213 0.7143 0.8213 0.7143 0.7632 0.7156 0.7989 0.8507 0.8213 0.7143 0.7989 0.8507 0.7632 0.7156 0.7632 0.7156 0.7989 0.8507 0.7443 0.8139 0.5162 0.7306 0.5067 0.7393 0.5102 0.7532 0.5102 0.7532 0.5067 0.7393 0.4908 0.7633 0.5102 0.7532 0.4908 0.7633 0.5049 0.7856 0.4943 0.8607 0.5002 0.8438 0.5016 0.8902 0.4943 0.8607 0.5016 0.8902 0.4595 0.8886 0.4595 0.8886 0.5016 0.8902 0.4718 0.9415 0.4718 0.9415 0.5016 0.8902 0.5465 0.941 0.4718 0.9415 0.5465 0.941 0.5357 0.9959 0.5357 0.9959 0.5465 0.941 0.6163 0.9327 0.5357 0.9959 0.6163 0.9327 0.6197 0.9957 0.6197 0.9957 0.6163 0.9327 0.723 0.9489 0.6197 0.9957 0.723 0.9489 0.6163 0.9327 0.6197 0.9957 0.6163 0.9327 0.5357 0.9959 0.5357 0.9959 0.6163 0.9327 0.5465 0.941 0.5357 0.9959 0.5465 0.941 0.4718 0.9415 0.4718 0.9415 0.5465 0.941 0.5016 0.8902 0.4718 0.9415 0.5016 0.8902 0.4595 0.8886 0.4595 0.8886 0.5016 0.8902 0.4943 0.8607 0.4943 0.8607 0.5016 0.8902 0.4998 0.8493 0.4943 0.8607 0.4998 0.8493 0.482 0.8338 0.4647 0.8013 0.482 0.8338 0.4747 0.7945 0.4747 0.7945 0.482 0.8338 0.4998 0.8493 0.4747 0.7945 0.4998 0.8493 0.5049 0.7856 0.1011 0.0435 0.1011 0.08209997 0.2134 0.08209997 0.1011 0.0435 0.2134 0.08209997 0.2134 0.0435 0.2134 0.0435 0.2134 0.08209997 0.2924 0.08209997 0.2134 0.0435 0.2924 0.08209997 0.2924 0.0435 0.2924 0.0435 0.2924 0.08209997 0.2134 0.0435 0.2134 0.0435 0.2924 0.08209997 0.2134 0.08209997 0.2134 0.0435 0.2134 0.08209997 0.1011 0.0435 0.1011 0.0435 0.2134 0.08209997 0.1011 0.08209997 0.1011 0.0435 0.1011 0.08209997 0.02679997 0.08209997 0.1011 0.0435 0.02679997 0.08209997 0.02679997 0.0435 0.02679997 0.0435 0.02679997 0.08209997 0.1011 0.08209997 0.02679997 0.0435 0.1011 0.08209997 0.1011 0.0435 0.02679997 0.0435 0.1011 0.0435 0.1011 0.0018 0.1011 0.0018 0.1011 0.0435 0.2134 0.0435 0.1011 0.0018 0.2134 0.0435 0.2134 0.0018 0.2134 0.0018 0.2134 0.0435 0.2924 0.0435 0.2134 0.0018 0.2924 0.0435 0.2924 0.0018 0.2924 0.0018 0.2924 0.0435 0.2134 0.0435 0.2924 0.0018 0.2134 0.0435 0.2134 0.0018 0.2134 0.0018 0.2134 0.0435 0.1011 0.0018 0.1011 0.0018 0.2134 0.0435 0.1011 0.0435 0.1011 0.0018 0.1011 0.0435 0.02679997 0.0018 0.02679997 0.0018 0.1011 0.0435 0.02679997 0.0435 0.02679997 0.0018 0.02679997 0.0435 0.1011 0.0018 0.5102 0.7532 0.4908 0.7633 0.5067 0.7393 0.5102 0.7532 0.5067 0.7393 0.5162 0.7306 0.09589999 0.7806 0.04559999 0.7727 0.08059996 0.8032 0.09589999 0.7806 0.08059996 0.8032 0.1409 0.8195 0.1409 0.8195 0.08059996 0.8032 0.008099973 0.8353 0.007999956 0.8039 0.008099973 0.8353 0.08059996 0.8032 0.007999956 0.8039 0.08059996 0.8032 0.02039998 0.7829 0.02039998 0.7829 0.08059996 0.8032 0.04559999 0.7727 0.02039998 0.7829 0.04559999 0.7727 0.007999956 0.7764 0.007999956 0.7764 0.04559999 0.7727 0.008099973 0.7687 0.007999956 0.7764 0.008099973 0.7687 0.04559999 0.7727 0.007999956 0.7764 0.04559999 0.7727 0.02039998 0.7829 0.02039998 0.7829 0.04559999 0.7727 0.08059996 0.8032 0.02039998 0.7829 0.08059996 0.8032 0.007999956 0.8039 0.007999956 0.8039 0.08059996 0.8032 0.008099973 0.8353 0.1409 0.8195 0.008099973 0.8353 0.08059996 0.8032 0.1409 0.8195 0.08059996 0.8032 0.09589999 0.7806 0.09589999 0.7806 0.08059996 0.8032 0.04559999 0.7727 0.4519 0.834 0.4363 0.834 0.4363 0.8013 0.4363 0.8013 0.4363 0.834 0.4214 0.8013 0.4363 0.8013 0.4214 0.8013 0.4214 0.8123 0.4214 0.8123 0.4214 0.8013 0.4017 0.8123 0.4214 0.8123 0.4017 0.8123 0.4214 0.8434 0.4214 0.8434 0.4017 0.8123 0.4017 0.8434 0.3846 0.8434 0.4017 0.8434 0.4017 0.8123 0.3846 0.8434 0.4017 0.8123 0.3846 0.8123 0.3846 0.8123 0.4017 0.8123 0.4017 0.8013 0.3846 0.8123 0.4017 0.8013 0.3846 0.8013 0.3846 0.8013 0.4017 0.8013 0.4017 0.834 0.3846 0.8013 0.4017 0.834 0.3846 0.834 0.3846 0.834 0.4017 0.834 0.3846 0.8605 0.3846 0.8605 0.4017 0.834 0.4017 0.8605 0.3846 0.8605 0.4017 0.8605 0.3846 0.8434 0.3846 0.8434 0.4017 0.8605 0.4017 0.8434 0.4017 0.8434 0.4017 0.8605 0.4214 0.8605 0.4017 0.8434 0.4214 0.8605 0.4214 0.8434 0.4214 0.8434 0.4214 0.8605 0.4363 0.8434 0.4214 0.8434 0.4363 0.8434 0.4214 0.8123 0.4214 0.8123 0.4363 0.8434 0.4363 0.8123 0.4214 0.8123 0.4363 0.8123 0.4363 0.8013 0.4363 0.8013 0.4363 0.8123 0.4519 0.8013 0.4363 0.8013 0.4519 0.8013 0.4519 0.834 0.4519 0.834 0.4519 0.8013 0.4647 0.8013 0.4647 0.8013 0.4519 0.8013 0.4519 0.8123 0.4519 0.8123 0.4519 0.8013 0.4363 0.8123 0.4519 0.8123 0.4363 0.8123 0.4519 0.8434 0.4519 0.8434 0.4363 0.8123 0.4363 0.8434 0.4519 0.8434 0.4363 0.8434 0.4519 0.8605 0.4519 0.8605 0.4363 0.8434 0.4363 0.8605 0.4363 0.8605 0.4363 0.8434 0.4214 0.8605 0.4363 0.8605 0.4214 0.8605 0.4214 0.834 0.4214 0.834 0.4214 0.8605 0.4017 0.8605 0.4214 0.834 0.4017 0.8605 0.4017 0.834 0.4214 0.834 0.4017 0.834 0.4214 0.8013 0.4214 0.8013 0.4017 0.834 0.4017 0.8013 0.4214 0.8013 0.4017 0.8013 0.4017 0.8123 0.4812 0.6004 0.4908 0.6305 0.4496 0.6617 0.4812 0.6004 0.4496 0.6617 0.4205 0.644 0.4205 0.644 0.4496 0.6617 0.3974 0.7007 0.4205 0.644 0.3974 0.7007 0.4496 0.6617 0.4205 0.644 0.4496 0.6617 0.4812 0.6004 0.4812 0.6004 0.4496 0.6617 0.4908 0.6305 0.4812 0.6004 0.4908 0.6305 0.5173 0.6364 0.5173 0.6364 0.4908 0.6305 0.4721 0.664 0.4721 0.664 0.4908 0.6305 0.4496 0.6617 0.4721 0.664 0.4496 0.6617 0.431 0.7058 0.431 0.7058 0.4496 0.6617 0.3974 0.7007 0.431 0.7058 0.3974 0.7007 0.4127 0.7605 0.4127 0.7605 0.3974 0.7007 0.431 0.7058 0.431 0.7058 0.3974 0.7007 0.4496 0.6617 0.431 0.7058 0.4496 0.6617 0.4721 0.664 0.4721 0.664 0.4496 0.6617 0.4908 0.6305 0.4721 0.664 0.4908 0.6305 0.5173 0.6364 0.5173 0.6364 0.4908 0.6305 0.4812 0.6004 0.5173 0.6364 0.4812 0.6004 0.5288 0.6122 0.5288 0.6122 0.4812 0.6004 0.5173 0.6364 0.5288 0.6122 0.5173 0.6364 0.53 0.6421 0.5288 0.6122 0.53 0.6421 0.5173 0.6364 0.5173 0.6364 0.53 0.6421 0.4954 0.6859 0.5173 0.6364 0.4954 0.6859 0.4721 0.664 0.4721 0.664 0.4954 0.6859 0.4606 0.7078 0.4721 0.664 0.4606 0.7078 0.431 0.7058 0.431 0.7058 0.4606 0.7078 0.4581 0.766 0.431 0.7058 0.4581 0.766 0.4127 0.7605 0.4127 0.7605 0.4581 0.766 0.4747 0.7945 0.4127 0.7605 0.4747 0.7945 0.4647 0.8013 0.4647 0.8013 0.4747 0.7945 0.482 0.8338 0.4647 0.8013 0.482 0.8338 0.4519 0.834 0.4519 0.834 0.482 0.8338 0.4519 0.8605 0.4519 0.834 0.4519 0.8605 0.4363 0.8605 0.4519 0.834 0.4363 0.8605 0.4363 0.834 0.4363 0.834 0.4363 0.8605 0.4214 0.834 0.4363 0.834 0.4214 0.834 0.4214 0.8013 0.53 0.6421 0.5288 0.6122 0.5173 0.6364 0.53 0.6421 0.5173 0.6364 0.4954 0.6859 0.4954 0.6859 0.5173 0.6364 0.4721 0.664 0.4954 0.6859 0.4721 0.664 0.4606 0.7078 0.4606 0.7078 0.4721 0.664 0.431 0.7058 0.431 0.7058 0.4721 0.664 0.4496 0.6617 0.431 0.7058 0.4496 0.6617 0.3974 0.7007 0.3974 0.7007 0.4496 0.6617 0.4205 0.644 0.3974 0.7007 0.4205 0.644 0.4496 0.6617 0.4496 0.6617 0.4205 0.644 0.4812 0.6004 0.4812 0.6004 0.4205 0.644 0.4496 0.6617 0.4812 0.6004 0.4496 0.6617 0.4908 0.6305 0.4908 0.6305 0.4496 0.6617 0.4721 0.664 0.4908 0.6305 0.4721 0.664 0.5173 0.6364 0.4908 0.6305 0.5173 0.6364 0.4812 0.6004 0.4812 0.6004 0.5173 0.6364 0.5288 0.6122 0.4812 0.6004 0.5288 0.6122 0.5173 0.6364 0.5173 0.6364 0.5288 0.6122 0.53 0.6421 0.5173 0.6364 0.53 0.6421 0.4954 0.6859 0.4954 0.6859 0.53 0.6421 0.5143 0.6643 0.5143 0.6643 0.53 0.6421 0.4954 0.6859 0.5143 0.6643 0.4954 0.6859 0.514 0.6871 0.5143 0.6643 0.514 0.6871 0.4954 0.6859 0.4954 0.6859 0.514 0.6871 0.5056 0.7105 0.5056 0.7105 0.514 0.6871 0.4954 0.6859 0.5056 0.7105 0.4954 0.6859 0.5067 0.7393 0.5067 0.7393 0.4954 0.6859 0.4908 0.7633 0.4908 0.7633 0.4954 0.6859 0.4606 0.7078 0.4908 0.7633 0.4606 0.7078 0.4581 0.766 0.4581 0.766 0.4606 0.7078 0.431 0.7058 0.4581 0.766 0.431 0.7058 0.4127 0.7605 0.4127 0.7605 0.431 0.7058 0.3974 0.7007 0.4127 0.7605 0.3974 0.7007 0.431 0.7058 0.431 0.7058 0.3974 0.7007 0.4496 0.6617 0.431 0.7058 0.4496 0.6617 0.4721 0.664 0.4721 0.664 0.4496 0.6617 0.4908 0.6305 0.4908 0.6305 0.4496 0.6617 0.4812 0.6004 0.4908 0.6305 0.4812 0.6004 0.5173 0.6364 0.4908 0.6305 0.5173 0.6364 0.4721 0.664 0.4721 0.664 0.5173 0.6364 0.4954 0.6859 0.4721 0.664 0.4954 0.6859 0.4606 0.7078 0.4721 0.664 0.4606 0.7078 0.431 0.7058 0.431 0.7058 0.4606 0.7078 0.4581 0.766 0.431 0.7058 0.4581 0.766 0.4127 0.7605 0.4127 0.7605 0.4581 0.766 0.475 0.7942 0.475 0.7942 0.4581 0.766 0.5049 0.7856 0.475 0.7942 0.5049 0.7856 0.5002 0.8438 0.5002 0.8438 0.5049 0.7856 0.5451 0.7927 0.5451 0.7927 0.5049 0.7856 0.52 0.7704 0.5451 0.7927 0.52 0.7704 0.5468 0.7749 0.5468 0.7749 0.52 0.7704 0.5451 0.7927 0.5468 0.7749 0.5451 0.7927 0.5689 0.7608 0.5689 0.7608 0.5451 0.7927 0.584 0.7924 0.5689 0.7608 0.584 0.7924 0.5833 0.7453 0.5833 0.7453 0.584 0.7924 0.5946 0.7192 0.5833 0.7453 0.5946 0.7192 0.5861 0.7162 0.5833 0.7453 0.5861 0.7162 0.5946 0.7192 0.5946 0.7192 0.5861 0.7162 0.6046 0.6953 0.6046 0.6953 0.5861 0.7162 0.5946 0.7192 0.6046 0.6953 0.5946 0.7192 0.6364 0.6811 0.6364 0.6811 0.5946 0.7192 0.584 0.7924 0.6364 0.6811 0.584 0.7924 0.7036 0.6562 0.7036 0.6562 0.584 0.7924 0.6756 0.7982 0.6756 0.7982 0.584 0.7924 0.599 0.8778 0.6756 0.7982 0.599 0.8778 0.6946 0.8922 0.6756 0.7982 0.6946 0.8922 0.7443 0.8139 0.6756 0.7982 0.7443 0.8139 0.7036 0.6562 0.7036 0.6562 0.7443 0.8139 0.7632 0.7156 0.7036 0.6562 0.7632 0.7156 0.7461 0.6147 0.7461 0.6147 0.7632 0.7156 0.8213 0.7143 0.8213 0.7143 0.7632 0.7156 0.7989 0.8507 0.7989 0.8507 0.7632 0.7156 0.7443 0.8139 0.7989 0.8507 0.7443 0.8139 0.723 0.9489 0.723 0.9489 0.7443 0.8139 0.6946 0.8922 0.723 0.9489 0.6946 0.8922 0.6163 0.9327 0.6163 0.9327 0.6946 0.8922 0.599 0.8778 0.6163 0.9327 0.599 0.8778 0.5465 0.941 0.5465 0.941 0.599 0.8778 0.5016 0.8902 0.5016 0.8902 0.599 0.8778 0.584 0.7924 0.5016 0.8902 0.584 0.7924 0.4998 0.8493 0.4998 0.8493 0.584 0.7924 0.5451 0.7927 0.4998 0.8493 0.5451 0.7927 0.5049 0.7856 0.5049 0.7856 0.5451 0.7927 0.52 0.7704 0.5049 0.7856 0.52 0.7704 0.5102 0.7532 0.5102 0.7532 0.52 0.7704 0.5049 0.7856 0.5102 0.7532 0.5049 0.7856 0.4908 0.7633 0.4908 0.7633 0.5049 0.7856 0.4581 0.766 0.4908 0.7633 0.4581 0.766 0.4606 0.7078 0.4908 0.7633 0.4606 0.7078 0.4954 0.6859 0.4908 0.7633 0.4954 0.6859 0.5067 0.7393 0.5067 0.7393 0.4954 0.6859 0.5056 0.7105 0.5067 0.7393 0.5056 0.7105 0.5162 0.7306 0.5162 0.7306 0.5056 0.7105 0.5067 0.7393 0.5162 0.7306 0.5067 0.7393 0.5102 0.7532 0.5102 0.7532 0.5067 0.7393 0.4908 0.7633 0.5102 0.7532 0.4908 0.7633 0.5049 0.7856 0.5049 0.7856 0.4908 0.7633 0.4581 0.766 0.5049 0.7856 0.4581 0.766 0.4747 0.7945 0.4747 0.7945 0.4581 0.766 0.4127 0.7605 0.4747 0.7945 0.4127 0.7605 0.4647 0.8013 0.4647 0.8013 0.4127 0.7605 0.475 0.7942 0.4647 0.8013 0.475 0.7942 0.4725 0.8122 0.4725 0.8122 0.475 0.7942 0.5002 0.8438 0.4725 0.8122 0.5002 0.8438 0.4883 0.843 0.4883 0.843 0.5002 0.8438 0.4943 0.8607 0.4883 0.843 0.4943 0.8607 0.4519 0.8605 0.4519 0.8605 0.4943 0.8607 0.482 0.8338 0.4519 0.8605 0.482 0.8338 0.4519 0.834 0.4519 0.834 0.482 0.8338 0.4647 0.8013 0.4519 0.834 0.4647 0.8013 0.4519 0.8013 0.4519 0.8013 0.4647 0.8013 0.4519 0.8123 0.4519 0.8123 0.4647 0.8013 0.4725 0.8122 0.4519 0.8123 0.4725 0.8122 0.4519 0.8434 0.4519 0.8434 0.4725 0.8122 0.4883 0.843 0.4519 0.8434 0.4883 0.843 0.4519 0.8605 0.4519 0.8434 0.4519 0.8605 0.4363 0.8434 0.4363 0.8434 0.4519 0.8605 0.4363 0.8605 0.4363 0.8605 0.4519 0.8605 0.4519 0.834 0.4363 0.8605 0.4519 0.834 0.4363 0.834 0.4363 0.834 0.4519 0.834 0.4363 0.8013 0.4363 0.8013 0.4519 0.834 0.4519 0.8013 0.4363 0.8013 0.4519 0.8013 0.4363 0.8123 0.4363 0.8123 0.4519 0.8013 0.4519 0.8123 0.4363 0.8123 0.4519 0.8123 0.4519 0.8434 0.4519 0.8434 0.4363 0.8434 0.4363 0.8123 0.4363 0.8123 0.4363 0.8434 0.4214 0.8123 0.4363 0.8123 0.4214 0.8123 0.4363 0.8013 0.4363 0.8013 0.4214 0.8123 0.4214 0.8013 0.4363 0.8013 0.4214 0.8013 0.4363 0.834 0.4363 0.834 0.4214 0.8013 0.4214 0.834 0.4363 0.834 0.4214 0.834 0.4363 0.8605 0.4363 0.8605 0.4214 0.834 0.4214 0.8605 0.4363 0.8605 0.4214 0.8605 0.4363 0.8434 0.4363 0.8434 0.4214 0.8605 0.4214 0.8434 0.4363 0.8434 0.4214 0.8434 0.4214 0.8123 0.4214 0.8123 0.4214 0.8434 0.4017 0.8123 0.4214 0.8123 0.4017 0.8123 0.4214 0.8013 0.4214 0.8013 0.4017 0.8123 0.4017 0.8013 0.4214 0.8013 0.4017 0.8013 0.4017 0.834 0.4214 0.8013 0.4017 0.834 0.4214 0.834 0.4214 0.834 0.4017 0.834 0.4017 0.8605 0.4214 0.834 0.4017 0.8605 0.4214 0.8605 0.4214 0.8605 0.4017 0.8605 0.4017 0.8434 0.4214 0.8605 0.4017 0.8434 0.4214 0.8434 0.4214 0.8434 0.4017 0.8434 0.4017 0.8123 0.4017 0.8123 0.4017 0.8434 0.3846 0.8123 0.4017 0.8123 0.3846 0.8123 0.4017 0.8013 0.4017 0.8013 0.3846 0.8123 0.3846 0.8013 0.4017 0.8013 0.3846 0.8013 0.4017 0.834 0.4017 0.834 0.3846 0.8013 0.3846 0.834 0.4017 0.834 0.3846 0.834 0.3846 0.8605 0.4017 0.834 0.3846 0.8605 0.4017 0.8605 0.4017 0.8605 0.3846 0.8605 0.3846 0.8434 0.4017 0.8605 0.3846 0.8434 0.4017 0.8434 0.4017 0.8434 0.3846 0.8434 0.3846 0.8123 0.769 0.4926 0.769 0.4622 0.6627 0.4622 0.6627 0.4622 0.769 0.4622 0.769 0.3827 0.6627 0.4622 0.769 0.3827 0.6627 0.3827 0.6627 0.3827 0.769 0.3827 0.769 0.4095 0.6627 0.3827 0.769 0.4095 0.6627 0.4095 0.6627 0.4095 0.769 0.4095 0.769 0.4095 0.6627 0.4095 0.769 0.4095 0.6627 0.4622 0.6627 0.4622 0.769 0.4095 0.769 0.4622 0.6627 0.4622 0.769 0.4622 0.6627 0.4926 0.6627 0.4926 0.769 0.4622 0.769 0.4926 0.6627 0.4926 0.769 0.4926 0.6627 0.4622 0.6627 0.4926 0.6627 0.4622 0.6466 0.4898 0.6466 0.4898 0.6627 0.4622 0.6627 0.3827 0.6466 0.4898 0.6627 0.3827 0.645 0.3827 0.645 0.3827 0.6627 0.3827 0.6627 0.4095 0.645 0.3827 0.6627 0.4095 0.6252 0.4095 0.6252 0.4095 0.6627 0.4095 0.6627 0.4622 0.6252 0.4095 0.6627 0.4622 0.6252 0.4622 0.6252 0.4622 0.6627 0.4622 0.6627 0.4926 0.6252 0.4622 0.6627 0.4926 0.645 0.4926 0.645 0.4926 0.6627 0.4926 0.6466 0.4898 0.645 0.4926 0.6466 0.4898 0.645 0.3827 0.1948 0.7247 0.2394 0.7009 0.1745 0.67 0.1948 0.7247 0.1745 0.67 0.1619 0.6948 0.1619 0.6948 0.1745 0.67 0.1121 0.6748 0.1121 0.6748 0.1745 0.67 0.1091 0.6149 0.1121 0.6748 0.1091 0.6149 0.05879998 0.6484 0.05879998 0.6484 0.1091 0.6149 0.05949997 0.5728 0.05879998 0.6484 0.05949997 0.5728 0.008099973 0.6365 0.008099973 0.6365 0.05949997 0.5728 0.007999956 0.5481 0.008099973 0.6365 0.007999956 0.5481 0.05949997 0.5728 0.008099973 0.6365 0.05949997 0.5728 0.05879998 0.6484 0.05879998 0.6484 0.05949997 0.5728 0.1091 0.6149 0.05879998 0.6484 0.1091 0.6149 0.1121 0.6748 0.1121 0.6748 0.1091 0.6149 0.1745 0.67 0.1121 0.6748 0.1745 0.67 0.1619 0.6948 0.1121 0.6748 0.1619 0.6948 0.1427 0.7161 0.1427 0.7161 0.1619 0.6948 0.1948 0.7247 0.1427 0.7161 0.1948 0.7247 0.1513 0.7245 0.1513 0.7245 0.1948 0.7247 0.1521 0.7344 0.1521 0.7344 0.1948 0.7247 0.1814 0.7614 0.1521 0.7344 0.1814 0.7614 0.1482 0.7374 0.1482 0.7374 0.1814 0.7614 0.1457 0.7518 0.1482 0.7374 0.1457 0.7518 0.1461 0.7384 0.1461 0.7384 0.1457 0.7518 0.1077 0.7601 0.1077 0.7601 0.1457 0.7518 0.09589999 0.7806 0.1077 0.7601 0.09589999 0.7806 0.06269997 0.7588 0.06269997 0.7588 0.09589999 0.7806 0.04559999 0.7727 0.06269997 0.7588 0.04559999 0.7727 0.008099973 0.7526 0.008099973 0.7526 0.04559999 0.7727 0.008099973 0.7687 0.008099973 0.7526 0.008099973 0.7687 0.04559999 0.7727 0.008099973 0.7526 0.04559999 0.7727 0.06269997 0.7588 0.06269997 0.7588 0.04559999 0.7727 0.09589999 0.7806 0.06269997 0.7588 0.09589999 0.7806 0.1077 0.7601 0.1077 0.7601 0.09589999 0.7806 0.1457 0.7518 0.1077 0.7601 0.1457 0.7518 0.1461 0.7384 0.1461 0.7384 0.1457 0.7518 0.1482 0.7374 0.1482 0.7374 0.1457 0.7518 0.1814 0.7614 0.1482 0.7374 0.1814 0.7614 0.1521 0.7344 0.1521 0.7344 0.1814 0.7614 0.1948 0.7247 0.1521 0.7344 0.1948 0.7247 0.1513 0.7245 0.1513 0.7245 0.1948 0.7247 0.1427 0.7161 0.1427 0.7161 0.1948 0.7247 0.1619 0.6948 0.1427 0.7161 0.1619 0.6948 0.1121 0.6748 0.1427 0.7161 0.1121 0.6748 0.1159 0.7056 0.1159 0.7056 0.1121 0.6748 0.05879998 0.6484 0.1159 0.7056 0.05879998 0.6484 0.05949997 0.696 0.05949997 0.696 0.05879998 0.6484 0.008099973 0.6365 0.05949997 0.696 0.008099973 0.6365 0.007999956 0.6917 0.007999956 0.6917 0.008099973 0.6365 0.05949997 0.696 0.05949997 0.696 0.008099973 0.6365 0.05879998 0.6484 0.05949997 0.696 0.05879998 0.6484 0.1159 0.7056 0.1159 0.7056 0.05879998 0.6484 0.1121 0.6748 0.1159 0.7056 0.1121 0.6748 0.1427 0.7161 0.1159 0.7056 0.1427 0.7161 0.1384 0.7235 0.1384 0.7235 0.1461 0.7384 0.1194 0.737 0.1194 0.737 0.1461 0.7384 0.1077 0.7601 0.1194 0.737 0.1077 0.7601 0.06139999 0.7394 0.06139999 0.7394 0.1077 0.7601 0.06269997 0.7588 0.06139999 0.7394 0.06269997 0.7588 0.008099973 0.7392 0.008099973 0.7392 0.06269997 0.7588 0.008099973 0.7526 0.008099973 0.7392 0.008099973 0.7526 0.06269997 0.7588 0.008099973 0.7392 0.06269997 0.7588 0.06139999 0.7394 0.06139999 0.7394 0.06269997 0.7588 0.1077 0.7601 0.06139999 0.7394 0.1077 0.7601 0.1194 0.737 0.1194 0.737 0.1077 0.7601 0.1461 0.7384 0.1194 0.737 0.1461 0.7384 0.1384 0.7235 0.1384 0.7235 0.1427 0.7161 0.1159 0.7056 0.634 0.5539 0.6895 0.5627 0.6287 0.5078 0.634 0.5539 0.6287 0.5078 0.5534 0.5505 0.5534 0.5505 0.6287 0.5078 0.634 0.5539 0.5534 0.5505 0.634 0.5539 0.5834 0.5895 0.5534 0.5505 0.5834 0.5895 0.5592 0.6109 0.5534 0.5505 0.5592 0.6109 0.5834 0.5895 0.5834 0.5895 0.5592 0.6109 0.614 0.6327 0.5834 0.5895 0.614 0.6327 0.6302 0.5907 0.6302 0.5907 0.614 0.6327 0.6364 0.6811 0.6302 0.5907 0.6364 0.6811 0.7036 0.6562 0.7036 0.6562 0.6364 0.6811 0.584 0.7924 0.7036 0.6562 0.584 0.7924 0.6756 0.7982 0.6756 0.7982 0.584 0.7924 0.599 0.8778 0.6756 0.7982 0.599 0.8778 0.6946 0.8922 0.6946 0.8922 0.599 0.8778 0.6163 0.9327 0.5465 0.941 0.6163 0.9327 0.599 0.8778 0.5465 0.941 0.599 0.8778 0.5016 0.8902 0.5016 0.8902 0.599 0.8778 0.584 0.7924 0.5016 0.8902 0.584 0.7924 0.5002 0.8438 0.5002 0.8438 0.584 0.7924 0.5451 0.7927 0.5002 0.8438 0.5451 0.7927 0.5049 0.7856 0.5049 0.7856 0.5451 0.7927 0.52 0.7704 0.5049 0.7856 0.52 0.7704 0.5102 0.7532 0.5102 0.7532 0.52 0.7704 0.5049 0.7856 0.5049 0.7856 0.52 0.7704 0.5451 0.7927 0.5049 0.7856 0.5451 0.7927 0.4998 0.8493 0.4998 0.8493 0.5451 0.7927 0.584 0.7924 0.4998 0.8493 0.584 0.7924 0.5016 0.8902 0.5016 0.8902 0.584 0.7924 0.599 0.8778 0.5016 0.8902 0.599 0.8778 0.5465 0.941 0.5465 0.941 0.599 0.8778 0.6163 0.9327 0.5465 0.941 0.6163 0.9327 0.5357 0.9959 0.5357 0.9959 0.6163 0.9327 0.6197 0.9957 0.5357 0.9959 0.6197 0.9957 0.6163 0.9327 0.5357 0.9959 0.6163 0.9327 0.5465 0.941 0.5357 0.9959 0.5465 0.941 0.4718 0.9415 0.4718 0.9415 0.5465 0.941 0.5016 0.8902 0.4718 0.9415 0.5016 0.8902 0.4595 0.8886 0.4595 0.8886 0.5016 0.8902 0.4943 0.8607 0.4943 0.8607 0.5016 0.8902 0.5002 0.8438 0.4943 0.8607 0.5002 0.8438 0.4883 0.843 0.4883 0.843 0.5002 0.8438 0.4725 0.8122 0.4725 0.8122 0.5002 0.8438 0.475 0.7942 0.475 0.7942 0.5002 0.8438 0.5049 0.7856 0.475 0.7942 0.5049 0.7856 0.4581 0.766 0.4581 0.766 0.5049 0.7856 0.4908 0.7633 0.4581 0.766 0.4908 0.7633 0.4606 0.7078 0.4606 0.7078 0.4908 0.7633 0.4954 0.6859 0.4954 0.6859 0.4908 0.7633 0.5067 0.7393 0.4954 0.6859 0.5067 0.7393 0.5056 0.7105 0.5056 0.7105 0.5067 0.7393 0.5162 0.7306 0.5056 0.7105 0.5162 0.7306 0.5067 0.7393 0.5067 0.7393 0.5162 0.7306 0.5102 0.7532 0.5067 0.7393 0.5102 0.7532 0.4908 0.7633 0.4908 0.7633 0.5102 0.7532 0.5049 0.7856 0.4908 0.7633 0.5049 0.7856 0.4581 0.766 0.4581 0.766 0.5049 0.7856 0.4747 0.7945 0.4747 0.7945 0.5049 0.7856 0.4998 0.8493 0.4747 0.7945 0.4998 0.8493 0.482 0.8338 0.482 0.8338 0.4998 0.8493 0.4943 0.8607 0.482 0.8338 0.4943 0.8607 0.4519 0.8605 0.4519 0.8605 0.4943 0.8607 0.4883 0.843 0.4519 0.8605 0.4883 0.843 0.4519 0.8434 0.4519 0.8434 0.4883 0.843 0.4725 0.8122 0.4519 0.8434 0.4725 0.8122 0.4519 0.8123 0.4519 0.8123 0.4725 0.8122 0.4647 0.8013 0.4647 0.8013 0.4725 0.8122 0.475 0.7942 0.4647 0.8013 0.475 0.7942 0.4127 0.7605 0.4127 0.7605 0.475 0.7942 0.4581 0.766 0.4127 0.7605 0.4581 0.766 0.431 0.7058 0.431 0.7058 0.4581 0.766 0.4606 0.7078 0.431 0.7058 0.4606 0.7078 0.4721 0.664 0.4721 0.664 0.4606 0.7078 0.4954 0.6859 0.4721 0.664 0.4954 0.6859 0.5173 0.6364 0.5173 0.6364 0.4954 0.6859 0.53 0.6421 0.53 0.6421 0.4954 0.6859 0.5143 0.6643 0.53 0.6421 0.5143 0.6643 0.4954 0.6859 0.4954 0.6859 0.5143 0.6643 0.514 0.6871 0.514 0.6871 0.5143 0.6643 0.4954 0.6859 0.514 0.6871 0.4954 0.6859 0.5056 0.7105 0.514 0.6871 0.5056 0.7105 0.4954 0.6859 0.4954 0.6859 0.5056 0.7105 0.5067 0.7393 0.4954 0.6859 0.5067 0.7393 0.4908 0.7633 0.4954 0.6859 0.4908 0.7633 0.4606 0.7078 0.4606 0.7078 0.4908 0.7633 0.4581 0.766 0.3603 0.0539 0.3088 0.03439998 0.364 0.0356 0.364 0.0356 0.3088 0.03439998 0.3407 0.02030003 0.364 0.0356 0.3407 0.02030003 0.3792 0.02880001 0.3792 0.02880001 0.3407 0.02030003 0.4492 0.01920002 0.3792 0.02880001 0.4492 0.01920002 0.4303 0.02859997 0.4303 0.02859997 0.4492 0.01920002 0.5166 0.03439998 0.4303 0.02859997 0.5166 0.03439998 0.4522 0.0356 0.4522 0.0356 0.5166 0.03439998 0.4724 0.05099999 0.4522 0.0356 0.4724 0.05099999 0.4315 0.04259997 0.4315 0.04259997 0.4724 0.05099999 0.3603 0.0539 0.4315 0.04259997 0.3603 0.0539 0.3849 0.04299998 0.3849 0.04299998 0.3603 0.0539 0.364 0.0356 0.5221 0.3004 0.6375 0.2799 0.617 0.3035 0.617 0.3035 0.6375 0.2799 0.634 0.2977 0.617 0.3035 0.634 0.2977 0.6992 0.3035 0.617 0.3035 0.6992 0.3035 0.6992 0.3109 0.6992 0.3109 0.6992 0.3035 0.617 0.3035 0.6992 0.3109 0.617 0.3035 0.6224 0.3109 0.6224 0.3109 0.617 0.3035 0.5221 0.3004 0.6224 0.3109 0.5221 0.3004 0.5338 0.3109 0.5338 0.3109 0.5221 0.3004 0.4503 0.3109 0.4313 0.3004 0.4503 0.3109 0.5221 0.3004 0.4313 0.3004 0.5221 0.3004 0.4437 0.2799 0.4437 0.2799 0.5221 0.3004 0.5284 0.2799 0.5284 0.2799 0.5221 0.3004 0.6375 0.2799 0.5284 0.2799 0.6375 0.2799 0.6375 0.2731 0.7176 0.5124 0.8024 0.5905 0.7461 0.6147 0.7176 0.5124 0.7461 0.6147 0.6895 0.5627 0.6895 0.5627 0.7461 0.6147 0.7036 0.6562 0.6895 0.5627 0.7036 0.6562 0.6302 0.5907 0.6302 0.5907 0.7036 0.6562 0.6364 0.6811 0.6302 0.5907 0.6364 0.6811 0.614 0.6327 0.614 0.6327 0.6364 0.6811 0.6003 0.6688 0.614 0.6327 0.6003 0.6688 0.6004 0.6352 0.6004 0.6352 0.6003 0.6688 0.5874 0.6728 0.6004 0.6352 0.5874 0.6728 0.6003 0.6688 0.6003 0.6688 0.5874 0.6728 0.6046 0.6953 0.6046 0.6953 0.5874 0.6728 0.6003 0.6688 0.6046 0.6953 0.6003 0.6688 0.6364 0.6811 0.6046 0.6953 0.6364 0.6811 0.5946 0.7192 0.5946 0.7192 0.6364 0.6811 0.584 0.7924 0.584 0.7924 0.6364 0.6811 0.7036 0.6562 0.584 0.7924 0.7036 0.6562 0.6756 0.7982 0.584 0.7924 0.6756 0.7982 0.599 0.8778 0.599 0.8778 0.6756 0.7982 0.6946 0.8922 0.599 0.8778 0.6946 0.8922 0.6163 0.9327 0.6163 0.9327 0.6946 0.8922 0.723 0.9489 0.6163 0.9327 0.723 0.9489 0.6197 0.9957 0.6197 0.9957 0.723 0.9489 0.6163 0.9327 0.6163 0.9327 0.723 0.9489 0.6946 0.8922 0.6946 0.8922 0.723 0.9489 0.7443 0.8139 0.6946 0.8922 0.7443 0.8139 0.6756 0.7982 0.6756 0.7982 0.7443 0.8139 0.7036 0.6562 0.7632 0.7156 0.7036 0.6562 0.7443 0.8139 0.7632 0.7156 0.7443 0.8139 0.7989 0.8507 0.7989 0.8507 0.7443 0.8139 0.723 0.9489 0.7989 0.8507 0.723 0.9489 0.7443 0.8139 0.7443 0.8139 0.723 0.9489 0.6946 0.8922 0.7443 0.8139 0.6946 0.8922 0.6756 0.7982 0.7443 0.8139 0.6756 0.7982 0.7036 0.6562 0.7443 0.8139 0.7036 0.6562 0.7632 0.7156 0.7632 0.7156 0.7036 0.6562 0.7461 0.6147 0.7632 0.7156 0.7461 0.6147 0.8213 0.7143 0.8213 0.7143 0.7461 0.6147 0.8024 0.5905 0.8213 0.7143 0.8024 0.5905 0.7461 0.6147 0.7461 0.6147 0.8024 0.5905 0.7176 0.5124 0.7461 0.6147 0.7176 0.5124 0.6895 0.5627 0.6895 0.5627 0.7176 0.5124 0.6287 0.5078 0.6287 0.5078 0.7176 0.5124 0.6895 0.5627 0.6287 0.5078 0.6895 0.5627 0.634 0.5539 0.634 0.5539 0.6895 0.5627 0.6302 0.5907 0.634 0.5539 0.6302 0.5907 0.5834 0.5895 0.5834 0.5895 0.6302 0.5907 0.614 0.6327 0.5834 0.5895 0.614 0.6327 0.5592 0.6109 0.5592 0.6109 0.614 0.6327 0.6004 0.6352 0.5592 0.6109 0.6004 0.6352 0.614 0.6327 0.614 0.6327 0.6004 0.6352 0.6003 0.6688 0.614 0.6327 0.6003 0.6688 0.6364 0.6811 0.6364 0.6811 0.6003 0.6688 0.6046 0.6953 0.6364 0.6811 0.6046 0.6953 0.5946 0.7192 0.6364 0.6811 0.5946 0.7192 0.584 0.7924 0.584 0.7924 0.5946 0.7192 0.5833 0.7453 0.5833 0.7453 0.5946 0.7192 0.5861 0.7162 0.5861 0.7162 0.5946 0.7192 0.6046 0.6953 0.5861 0.7162 0.6046 0.6953 0.5946 0.7192 0.5861 0.7162 0.5946 0.7192 0.5833 0.7453 0.5833 0.7453 0.5946 0.7192 0.584 0.7924 0.5833 0.7453 0.584 0.7924 0.5689 0.7608 0.5689 0.7608 0.584 0.7924 0.5451 0.7927 0.5689 0.7608 0.5451 0.7927 0.5468 0.7749 0.5468 0.7749 0.5451 0.7927 0.52 0.7704 0.5468 0.7749 0.52 0.7704 0.5451 0.7927 0.5468 0.7749 0.5451 0.7927 0.5689 0.7608 0.5689 0.7608 0.5451 0.7927 0.584 0.7924 0.5689 0.7608 0.584 0.7924 0.5833 0.7453 0.5689 0.7608 0.5833 0.7453 0.5659 0.7464 0.5659 0.7464 0.5833 0.7453 0.5689 0.7608 0.5659 0.7464 0.5689 0.7608 0.5468 0.7749 0.5659 0.7464 0.5468 0.7749 0.5689 0.7608 0.4943 0.8607 0.4998 0.8493 0.5016 0.8902 0.4943 0.8607 0.5016 0.8902 0.4595 0.8886 0.4595 0.8886 0.5016 0.8902 0.4718 0.9415 0.4718 0.9415 0.5016 0.8902 0.5465 0.941 0.4718 0.9415 0.5465 0.941 0.5357 0.9959 0.617 0.3035 0.6992 0.3109 0.6224 0.3109 0.617 0.3035 0.6224 0.3109 0.5221 0.3004 0.5221 0.3004 0.6224 0.3109 0.5338 0.3109 0.5221 0.3004 0.5338 0.3109 0.4503 0.3109 0.4016 0.3717 0.5308 0.3717 0.45 0.4866001 0.4016 0.3717 0.45 0.4866001 0.3508 0.3717 0.3508 0.3717 0.45 0.4866001 0.3811 0.4866001 0.3508 0.3717 0.3811 0.4866001 0.3032 0.3717 0.3032 0.3717 0.3811 0.4866001 0.332 0.4092 0.332 0.4092 0.3811 0.4866001 0.2622 0.4822 0.332 0.4092 0.2622 0.4822 0.2708 0.4107 0.2708 0.4107 0.2622 0.4822 0.1147 0.4901 0.2708 0.4107 0.1147 0.4901 0.1424 0.4107 0.1424 0.4107 0.1147 0.4901 0.08079999 0.4107 0.08079999 0.4107 0.1147 0.4901 0.008699953 0.4901 0.8145 0.4466 0.8135 0.4165 0.8135 0.4165 0.8135 0.4165 0.8135 0.4165 0.8362 0.3855 0.8135 0.4165 0.8362 0.3855 0.8362 0.3855 0.8135 0.4165 0.8362 0.3855 0.8863 0.4534 0.8863 0.4534 0.8362 0.3855 0.9983 0.3855 0.8863 0.4534 0.9983 0.3855 0.9983 0.4534 0.9983 0.4534 0.9983 0.3855 0.8863 0.4534 0.8863 0.4534 0.9983 0.3855 0.8362 0.3855 0.8863 0.4534 0.8362 0.3855 0.8135 0.4165 0.8135 0.4165 0.8362 0.3855 0.8362 0.3855 0.8135 0.4165 0.8362 0.3855 0.8135 0.4165 0.8135 0.4165 0.8145 0.4466 0.8135 0.4165 0.8135 0.4165 0.8145 0.4466 0.8159 0.5891 0.8135 0.4165 0.8159 0.5891 0.8159 0.6034 0.8135 0.4165 0.8159 0.6034 0.8863 0.4534 0.8863 0.4534 0.8159 0.6034 0.8863 0.5474 0.8863 0.5474 0.8159 0.6034 0.8283 0.6305 0.8863 0.5474 0.8283 0.6305 0.9973 0.6305 0.8863 0.5474 0.9973 0.6305 0.9973 0.5474 0.9973 0.5474 0.9973 0.6305 0.8863 0.5474 0.8863 0.5474 0.9973 0.6305 0.8283 0.6305 0.8863 0.5474 0.8283 0.6305 0.8159 0.6034 0.8863 0.5474 0.8159 0.6034 0.8863 0.4534 0.8863 0.4534 0.8159 0.6034 0.8135 0.4165 0.8135 0.4165 0.8159 0.6034 0.8159 0.5891 0.8135 0.4165 0.8159 0.5891 0.8145 0.4466 0.3664 0.7948 0.3282 0.7893 0.3558 0.768 0.3664 0.7948 0.3558 0.768 0.3664 0.7951 0.3664 0.7951 0.3558 0.768 0.3663 0.751 0.3664 0.7951 0.3663 0.751 0.3558 0.768 0.3558 0.768 0.3663 0.751 0.3593 0.7221 0.3558 0.768 0.3593 0.7221 0.335 0.7049 0.8612 0.6715 0.8612 0.7167 0.8838 0.7167 0.8612 0.6715 0.8838 0.7167 0.8838 0.6715 0.8838 0.6715 0.8838 0.7167 0.9065 0.7167 0.8838 0.6715 0.9065 0.7167 0.9065 0.6715 0.9065 0.6715 0.9065 0.7167 0.9313 0.6715 0.9065 0.6715 0.9313 0.6715 0.9313 0.6354 0.9313 0.6354 0.9313 0.6715 0.9556 0.6715 0.9313 0.6354 0.9556 0.6715 0.9556 0.6354 0.9556 0.6354 0.9556 0.6715 0.9765 0.6354 0.9556 0.6354 0.9765 0.6354 0.9556 0.6715 0.9556 0.6715 0.9765 0.6354 0.9765 0.6715 0.9556 0.6715 0.9765 0.6715 0.9556 0.7167 0.9556 0.6715 0.9556 0.7167 0.9313 0.6715 0.9313 0.6715 0.9556 0.7167 0.9313 0.7167 0.9313 0.6715 0.9313 0.7167 0.9065 0.7167 0.9065 0.7167 0.9313 0.7167 0.9313 0.6715 0.9313 0.6715 0.9313 0.7167 0.9556 0.7167 0.9313 0.6715 0.9556 0.7167 0.9556 0.6715 0.9556 0.6715 0.9556 0.7167 0.9765 0.6715 0.9556 0.6715 0.9765 0.6715 0.9765 0.6354 0.9765 0.6354 0.9765 0.6715 0.9969 0.6354 0.9765 0.6354 0.9969 0.6354 0.9765 0.6715 0.9765 0.6715 0.9969 0.6354 0.9969 0.6715 0.9765 0.6715 0.9969 0.6715 0.9969 0.7167 0.9765 0.6715 0.9969 0.7167 0.9765 0.7167 0.9765 0.6715 0.9765 0.7167 0.9556 0.7167 0.9556 0.7167 0.9765 0.7167 0.9765 0.6715 0.9765 0.6715 0.9765 0.7167 0.9969 0.7167 0.9765 0.6715 0.9969 0.7167 0.9969 0.6715 0.9765 0.6715 0.9969 0.6715 0.9969 0.6354 0.8612 0.6354 0.8314 0.6715 0.8314 0.6354 0.8612 0.6354 0.8314 0.6354 0.8314 0.6715 0.8314 0.6715 0.8314 0.6354 0.8314 0.7167 0.8314 0.7167 0.8314 0.6354 0.8314 0.6715 0.8314 0.7167 0.8314 0.6715 0.8612 0.6715 0.8612 0.6715 0.8314 0.6715 0.8612 0.6354 0.8612 0.6715 0.8612 0.6354 0.8838 0.6715 0.8838 0.6715 0.8612 0.6354 0.8838 0.6354 0.8838 0.6715 0.8838 0.6354 0.9065 0.6715 0.9065 0.6715 0.8838 0.6354 0.9065 0.6354 0.9065 0.6715 0.9065 0.6354 0.9313 0.6354 0.9313 0.6354 0.9065 0.6354 0.9065 0.6715 0.9065 0.6715 0.9065 0.6354 0.8838 0.6354 0.9065 0.6715 0.8838 0.6354 0.8838 0.6715 0.8838 0.6715 0.8838 0.6354 0.8612 0.6354 0.8838 0.6715 0.8612 0.6354 0.8612 0.6715 0.8612 0.6715 0.8612 0.6354 0.8314 0.6715 0.8612 0.6715 0.8314 0.6715 0.8314 0.7167 0.8612 0.6715 0.8314 0.7167 0.8612 0.7167 0.8612 0.7167 0.8314 0.7167 0.8612 0.6715 0.8612 0.7167 0.8612 0.6715 0.8838 0.7167 0.8838 0.7167 0.8612 0.6715 0.8838 0.6715 0.8838 0.7167 0.8838 0.6715 0.9065 0.7167 0.9065 0.7167 0.8838 0.6715 0.9065 0.6715 0.9065 0.7167 0.9065 0.6715 0.9313 0.6715 0.9313 0.6715 0.9065 0.6715 0.9313 0.6354 0.9313 0.6715 0.9313 0.6354 0.9556 0.6715 0.9556 0.6715 0.9313 0.6354 0.9556 0.6354 0.811 0.1802999 0.8117 0.1793999 0.8189 0.1862 0.8189 0.1862 0.8117 0.1793999 0.8195 0.1854 0.8189 0.1862 0.8195 0.1854 0.8161 0.1883 0.8161 0.1883 0.8195 0.1854 0.817 0.1872 0.8161 0.1883 0.817 0.1872 0.8057 0.1884 0.8161 0.1883 0.8057 0.1884 0.8058 0.1894 0.8058 0.1894 0.8057 0.1884 0.7908 0.1891 0.7908 0.1891 0.8057 0.1884 0.7908 0.1879999 0.7908 0.1891 0.7908 0.1879999 0.8057 0.1884 0.7908 0.1891 0.8057 0.1884 0.8058 0.1894 0.8058 0.1894 0.8057 0.1884 0.8161 0.1883 0.8161 0.1883 0.8057 0.1884 0.817 0.1872 0.8161 0.1883 0.817 0.1872 0.8195 0.1854 0.8161 0.1883 0.8195 0.1854 0.8189 0.1862 0.8189 0.1862 0.8195 0.1854 0.8117 0.1793999 0.8189 0.1862 0.8117 0.1793999 0.811 0.1802999 0.811 0.1802999 0.8117 0.1793999 0.8085 0.179 0.8085 0.179 0.8117 0.1793999 0.8011 0.1696 0.8085 0.179 0.8011 0.1696 0.801 0.1712 0.801 0.1712 0.8011 0.1696 0.7969 0.1759999 0.7969 0.1759999 0.8011 0.1696 0.7962 0.1757 0.5308 0.3717 0.4016 0.3717 0.45 0.4866001 0.45 0.4866001 0.4016 0.3717 0.3508 0.3717 0.45 0.4866001 0.3508 0.3717 0.3811 0.4866001 0.3811 0.4866001 0.3508 0.3717 0.3032 0.3717 0.3811 0.4866001 0.3032 0.3717 0.332 0.4092 0.3811 0.4866001 0.332 0.4092 0.2622 0.4822 0.2622 0.4822 0.332 0.4092 0.2708 0.4107 0.2622 0.4822 0.2708 0.4107 0.1147 0.4901 0.1147 0.4901 0.2708 0.4107 0.1424 0.4107 0.1147 0.4901 0.1424 0.4107 0.08079999 0.4107 0.1147 0.4901 0.08079999 0.4107 0.008699953 0.4901 0.008699953 0.4901 0.08079999 0.4107 0.008699953 0.4107 0.008699953 0.4901 0.008699953 0.4107 0.08079999 0.4107 0.08079999 0.4107 0.008699953 0.4107 0.0974 0.3222 0.08079999 0.4107 0.0974 0.3222 0.1424 0.4107 0.1424 0.4107 0.0974 0.3222 0.1741999 0.3222 0.1424 0.4107 0.1741999 0.3222 0.2305 0.3186 0.1424 0.4107 0.2305 0.3186 0.2708 0.4107 0.2708 0.4107 0.2305 0.3186 0.2613 0.3717 0.2613 0.3717 0.2305 0.3186 0.317 0.3184 0.2613 0.3717 0.317 0.3184 0.3032 0.3717 0.3032 0.3717 0.317 0.3184 0.3508 0.3717 0.3508 0.3717 0.317 0.3184 0.3702 0.3186 0.3508 0.3717 0.3702 0.3186 0.4016 0.3717 0.4016 0.3717 0.3702 0.3186 0.4381 0.3186 0.4016 0.3717 0.4381 0.3186 0.5308 0.3717 0.5308 0.3717 0.4381 0.3186 0.5185 0.3186 0.5308 0.3717 0.5185 0.3186 0.6037 0.3611 0.6037 0.3611 0.5185 0.3186 0.6037 0.322 0.6037 0.3611 0.6037 0.322 0.5185 0.3186 0.6037 0.3611 0.5185 0.3186 0.5308 0.3717 0.5308 0.3717 0.5185 0.3186 0.4381 0.3186 0.5308 0.3717 0.4381 0.3186 0.4016 0.3717 0.4016 0.3717 0.4381 0.3186 0.3702 0.3186 0.4016 0.3717 0.3702 0.3186 0.3508 0.3717 0.3508 0.3717 0.3702 0.3186 0.317 0.3184 0.3508 0.3717 0.317 0.3184 0.3032 0.3717 0.3032 0.3717 0.317 0.3184 0.2613 0.3717 0.2613 0.3717 0.317 0.3184 0.2305 0.3186 0.2613 0.3717 0.2305 0.3186 0.2708 0.4107 0.2708 0.4107 0.2305 0.3186 0.1424 0.4107 0.1424 0.4107 0.2305 0.3186 0.1741999 0.3222 0.1424 0.4107 0.1741999 0.3222 0.0974 0.3222 0.1424 0.4107 0.0974 0.3222 0.08079999 0.4107 0.08079999 0.4107 0.0974 0.3222 0.008699953 0.4107 0.008699953 0.4107 0.0974 0.3222 0.008699953 0.3222 0.008699953 0.4107 0.008699953 0.3222 0.0974 0.3222 0.7969 0.1759999 0.7962 0.1757 0.8011 0.1696 0.7969 0.1759999 0.8011 0.1696 0.801 0.1712 0.801 0.1712 0.8011 0.1696 0.8085 0.179 0.8085 0.179 0.8011 0.1696 0.8117 0.1793999 0.8085 0.179 0.8117 0.1793999 0.811 0.1802999 0.8085 0.179 0.811 0.1802999 0.7969 0.1759999 0.7969 0.1759999 0.811 0.1802999 0.7916 0.1845999 0.7969 0.1759999 0.7916 0.1845999 0.7962 0.1757 0.7962 0.1757 0.7916 0.1845999 0.7908 0.1664 0.7962 0.1757 0.7908 0.1664 0.7908 0.1651999 0.7908 0.1651999 0.7908 0.1664 0.7962 0.1757 0.7962 0.1757 0.7908 0.1664 0.7916 0.1845999 0.7962 0.1757 0.7916 0.1845999 0.7969 0.1759999 0.7969 0.1759999 0.7916 0.1845999 0.811 0.1802999 0.7969 0.1759999 0.811 0.1802999 0.8085 0.179 0.3664 0.7948 0.3664 0.7951 0.3558 0.768 0.3664 0.7948 0.3558 0.768 0.3282 0.7893 0.3282 0.7893 0.3558 0.768 0.335 0.7049 0.3282 0.7893 0.335 0.7049 0.2394 0.7009 0.3282 0.7893 0.2394 0.7009 0.24 0.7799 0.24 0.7799 0.2394 0.7009 0.1948 0.7247 0.24 0.7799 0.1948 0.7247 0.2008 0.7957 0.2008 0.7957 0.1948 0.7247 0.1814 0.7614 0.2008 0.7957 0.1814 0.7614 0.1612 0.789 0.1612 0.789 0.1814 0.7614 0.1457 0.7518 0.1612 0.789 0.1457 0.7518 0.09589999 0.7806 0.1612 0.789 0.09589999 0.7806 0.1409 0.8195 0.1612 0.789 0.1409 0.8195 0.2008 0.7957 0.2008 0.7957 0.1409 0.8195 0.2053 0.8136 0.2008 0.7957 0.2053 0.8136 0.311 0.8525 0.2008 0.7957 0.311 0.8525 0.24 0.7799 0.24 0.7799 0.311 0.8525 0.3282 0.7893 0.3282 0.7893 0.311 0.8525 0.353 0.8156 0.3282 0.7893 0.353 0.8156 0.3664 0.7948 0.3664 0.7948 0.353 0.8156 0.3672 0.8279 0.3664 0.7948 0.3672 0.8279 0.353 0.8156 0.3664 0.7948 0.353 0.8156 0.3282 0.7893 0.3282 0.7893 0.353 0.8156 0.311 0.8525 0.3282 0.7893 0.311 0.8525 0.24 0.7799 0.24 0.7799 0.311 0.8525 0.2008 0.7957 0.2008 0.7957 0.311 0.8525 0.2053 0.8136 0.2008 0.7957 0.2053 0.8136 0.1409 0.8195 0.2008 0.7957 0.1409 0.8195 0.1612 0.789 0.1612 0.789 0.1409 0.8195 0.09589999 0.7806 0.1612 0.789 0.09589999 0.7806 0.1457 0.7518 0.1612 0.789 0.1457 0.7518 0.1814 0.7614 0.1612 0.789 0.1814 0.7614 0.2008 0.7957 0.2008 0.7957 0.1814 0.7614 0.1948 0.7247 0.2008 0.7957 0.1948 0.7247 0.24 0.7799 0.24 0.7799 0.1948 0.7247 0.2394 0.7009 0.24 0.7799 0.2394 0.7009 0.3282 0.7893 0.3282 0.7893 0.2394 0.7009 0.335 0.7049 0.3282 0.7893 0.335 0.7049 0.3558 0.768 0.3558 0.768 0.335 0.7049 0.3593 0.7221 0.3558 0.768 0.3593 0.7221 0.3663 0.751 0.3663 0.751 0.3593 0.7221 0.3663 0.751 0.3663 0.751 0.3663 0.751 0.3593 0.7221 0.3593 0.7221 0.3663 0.751 0.3663 0.6895 0.3593 0.7221 0.3663 0.6895 0.335 0.7049 0.335 0.7049 0.3663 0.6895 0.3663 0.6418 0.335 0.7049 0.3663 0.6418 0.3149 0.6394 0.335 0.7049 0.3149 0.6394 0.2394 0.7009 0.2394 0.7009 0.3149 0.6394 0.2527 0.6319 0.2394 0.7009 0.2527 0.6319 0.1676999 0.6093 0.2394 0.7009 0.1676999 0.6093 0.1745 0.67 0.1745 0.67 0.1676999 0.6093 0.08969998 0.5476 0.1745 0.67 0.08969998 0.5476 0.1091 0.6149 0.1091 0.6149 0.08969998 0.5476 0.05949997 0.5728 0.05949997 0.5728 0.08969998 0.5476 0.0212 0.5101 0.05949997 0.5728 0.0212 0.5101 0.007999956 0.5481 0.007999956 0.5481 0.0212 0.5101 0.0097 0.5115 0.0097 0.5115 0.0212 0.5101 0.00879997 0.5255 0.0097 0.5115 0.00879997 0.5255 0.0212 0.5101 0.0097 0.5115 0.0212 0.5101 0.007999956 0.5481 0.007999956 0.5481 0.0212 0.5101 0.05949997 0.5728 0.05949997 0.5728 0.0212 0.5101 0.08969998 0.5476 0.05949997 0.5728 0.08969998 0.5476 0.1091 0.6149 0.1091 0.6149 0.08969998 0.5476 0.1745 0.67 0.1745 0.67 0.08969998 0.5476 0.1676999 0.6093 0.1745 0.67 0.1676999 0.6093 0.2394 0.7009 0.2394 0.7009 0.1676999 0.6093 0.2527 0.6319 0.2394 0.7009 0.2527 0.6319 0.3149 0.6394 0.2394 0.7009 0.3149 0.6394 0.335 0.7049 0.335 0.7049 0.3149 0.6394 0.3663 0.6418 0.335 0.7049 0.3663 0.6418 0.3663 0.6895 0.335 0.7049 0.3663 0.6895 0.3593 0.7221 0.3593 0.7221 0.3663 0.6895 0.3663 0.751 0.2924 0.08209997 0.2134 0.0435 0.2134 0.08209997 0.2134 0.08209997 0.2134 0.0435 0.1011 0.0435 0.2134 0.08209997 0.1011 0.0435 0.1011 0.08209997 0.1011 0.08209997 0.1011 0.0435 0.02679997 0.08209997 0.02679997 0.08209997 0.1011 0.0435 0.02679997 0.0435 0.02679997 0.08209997 0.02679997 0.0435 0.1011 0.08209997 0.1011 0.08209997 0.02679997 0.0435 0.1011 0.0435 0.1011 0.08209997 0.1011 0.0435 0.2134 0.08209997 0.2134 0.08209997 0.1011 0.0435 0.2134 0.0435 0.2134 0.08209997 0.2134 0.0435 0.2924 0.08209997 0.2924 0.08209997 0.2134 0.0435 0.2924 0.0435 0.2924 0.08209997 0.2924 0.0435 0.2134 0.0435 0.2134 0.0435 0.2924 0.0435 0.2924 0.0018 0.2924 0.0018 0.2924 0.0435 0.2134 0.0018 0.2134 0.0018 0.2924 0.0435 0.2134 0.0435 0.2134 0.0018 0.2134 0.0435 0.1011 0.0018 0.1011 0.0018 0.2134 0.0435 0.1011 0.0435 0.1011 0.0018 0.1011 0.0435 0.02679997 0.0435 0.1011 0.0018 0.02679997 0.0435 0.02679997 0.0018 0.02679997 0.0018 0.02679997 0.0435 0.1011 0.0435 0.02679997 0.0018 0.1011 0.0435 0.1011 0.0018 0.1011 0.0018 0.1011 0.0435 0.2134 0.0435 0.1011 0.0018 0.2134 0.0435 0.2134 0.0018 0.2134 0.0018 0.2134 0.0435 0.2924 0.0018 0.1619 0.6948 0.1745 0.67 0.1948 0.7247 0.1948 0.7247 0.1745 0.67 0.2394 0.7009 0.6516 0.3311 0.6809 0.3347 0.6645 0.3447 0.6645 0.3447 0.6809 0.3347 0.6761 0.3579 0.6645 0.3447 0.6761 0.3579 0.6491 0.3548 0.6491 0.3548 0.6761 0.3579 0.6464 0.3673 0.6491 0.3548 0.6464 0.3673 0.6373 0.3491 0.6373 0.3491 0.6464 0.3673 0.6218 0.3555 0.6373 0.3491 0.6218 0.3555 0.6375 0.3364 0.6375 0.3364 0.6218 0.3555 0.6221 0.329 0.6375 0.3364 0.6221 0.329 0.6516 0.3311 0.6516 0.3311 0.6221 0.329 0.6515 0.3178 0.6516 0.3311 0.6515 0.3178 0.6809 0.3347 0.9154 0.7845 0.9252 0.7867 0.9193 0.7835 0.9154 0.7845 0.9193 0.7835 0.9038 0.7909 0.9038 0.7909 0.9193 0.7835 0.9038 0.7847 0.9038 0.7909 0.9038 0.7847 0.9193 0.7835 0.9038 0.7909 0.9193 0.7835 0.9154 0.7845 0.9154 0.7845 0.9193 0.7835 0.9252 0.7867 0.9252 0.7867 0.9193 0.7835 0.9369 0.7803 0.9252 0.7867 0.9369 0.7803 0.9338 0.7597 0.9252 0.7867 0.9338 0.7597 0.9227 0.7396 0.9252 0.7867 0.9227 0.7396 0.9154 0.7845 0.9154 0.7845 0.9227 0.7396 0.9038 0.7318 0.9154 0.7845 0.9038 0.7318 0.9038 0.7772 0.9038 0.7772 0.9038 0.7318 0.9154 0.7845 0.9154 0.7845 0.9038 0.7318 0.9227 0.7396 0.9154 0.7845 0.9227 0.7396 0.9252 0.7867 0.9252 0.7867 0.9227 0.7396 0.9338 0.7597 0.9252 0.7867 0.9338 0.7597 0.9369 0.7803 0.9252 0.7867 0.9369 0.7803 0.9193 0.7835 0.9193 0.7835 0.9369 0.7803 0.9326 0.7642 0.9193 0.7835 0.9326 0.7642 0.9204 0.7455 0.9193 0.7835 0.9204 0.7455 0.9038 0.7388 0.9193 0.7835 0.9038 0.7388 0.9038 0.7847 0.9038 0.7847 0.9038 0.7388 0.9193 0.7835 0.9193 0.7835 0.9038 0.7388 0.9204 0.7455 0.9193 0.7835 0.9204 0.7455 0.9326 0.7642 0.9193 0.7835 0.9326 0.7642 0.9369 0.7803 0.6375 0.2799 0.5221 0.3004 0.617 0.3035 0.6375 0.2799 0.617 0.3035 0.634 0.2977 0.634 0.2977 0.617 0.3035 0.6992 0.3035 0.2781 0.5007 0.2781 0.5932 0.357 0.5007 0.357 0.5007 0.2781 0.5932 0.357 0.5932 0.357 0.5007 0.357 0.5932 0.4112 0.5007 0.4112 0.5007 0.357 0.5932 0.4112 0.5932 0.4112 0.5007 0.4112 0.5932 0.463 0.5007 0.463 0.5007 0.4112 0.5932 0.463 0.5932 0.463 0.5007 0.463 0.5932 0.513 0.5007 0.513 0.5007 0.463 0.5932 0.513 0.5932 0.769 0.4095 0.6627 0.4095 0.769 0.4095 0.769 0.4095 0.6627 0.4095 0.6627 0.4622 0.769 0.4095 0.6627 0.4622 0.769 0.4622 0.769 0.4622 0.6627 0.4622 0.6627 0.4926 0.769 0.4622 0.6627 0.4926 0.769 0.4926 0.769 0.4926 0.6627 0.4926 0.6627 0.4622 0.769 0.4926 0.6627 0.4622 0.769 0.4622 0.769 0.4622 0.6627 0.4622 0.769 0.3827 0.769 0.3827 0.6627 0.4622 0.6627 0.3827 0.769 0.3827 0.6627 0.3827 0.769 0.4095 0.769 0.4095 0.6627 0.3827 0.6627 0.4095 0.6627 0.4095 0.6627 0.3827 0.645 0.3827 0.6627 0.4095 0.645 0.3827 0.6252 0.4095 0.6627 0.4095 0.6252 0.4095 0.6627 0.4622 0.6627 0.4622 0.6252 0.4095 0.6252 0.4622 0.6627 0.4622 0.6252 0.4622 0.6627 0.4926 0.6627 0.4926 0.6252 0.4622 0.645 0.4926 0.6627 0.4926 0.645 0.4926 0.6466 0.4898 0.6466 0.4898 0.645 0.4926 0.645 0.3827 0.6466 0.4898 0.645 0.3827 0.6627 0.3827 0.6466 0.4898 0.6627 0.3827 0.6627 0.4622 0.6466 0.4898 0.6627 0.4622 0.6627 0.4926 0.3849 0.04299998 0.364 0.0356 0.3603 0.0539 0.3849 0.04299998 0.3603 0.0539 0.4315 0.04259997 0.4315 0.04259997 0.3603 0.0539 0.4724 0.05099999 0.4315 0.04259997 0.4724 0.05099999 0.4522 0.0356 0.4522 0.0356 0.4724 0.05099999 0.5166 0.03439998 0.4522 0.0356 0.5166 0.03439998 0.4303 0.02859997 0.4303 0.02859997 0.5166 0.03439998 0.4492 0.01920002 0.4303 0.02859997 0.4492 0.01920002 0.3792 0.02880001 0.3792 0.02880001 0.4492 0.01920002 0.3407 0.02030003 0.3792 0.02880001 0.3407 0.02030003 0.364 0.0356 0.364 0.0356 0.3407 0.02030003 0.3088 0.03439998 0.364 0.0356 0.3088 0.03439998 0.3603 0.0539 0.3469 0.1949 0.3469 0.1424999 0.2393 0.1424999 0.3469 0.1949 0.2393 0.1424999 0.2393 0.1949 0.2393 0.1949 0.2393 0.1424999 0.1776 0.1949 0.1776 0.1949 0.2393 0.1424999 0.1776 0.1424999 0.1776 0.1949 0.1776 0.1424999 0.07179999 0.1949 0.07179999 0.1949 0.1776 0.1424999 0.07179999 0.1424999 0.07179999 0.1949 0.07179999 0.1424999 0.007899999 0.1949 0.007899999 0.1949 0.07179999 0.1424999 0.007899999 0.1424999 0.007899999 0.1949 0.007899999 0.1424999 0.07179999 0.1424999 0.007899999 0.1949 0.07179999 0.1424999 0.07179999 0.1949 0.07179999 0.1949 0.07179999 0.1424999 0.1776 0.1424999 0.07179999 0.1949 0.1776 0.1424999 0.1776 0.1949 0.1776 0.1949 0.1776 0.1424999 0.2393 0.1424999 0.1776 0.1949 0.2393 0.1424999 0.2393 0.1949 0.2393 0.1949 0.2393 0.1424999 0.3469 0.1949 0.3469 0.1949 0.2393 0.1424999 0.3469 0.1424999 0.3469 0.1949 0.3469 0.1424999 0.4281 0.1424999 0.4281 0.1424999 0.3469 0.1424999 0.3469 0.1184999 0.3469 0.1184999 0.3469 0.1424999 0.2393 0.1424999 0.3469 0.1184999 0.2393 0.1424999 0.2393 0.1184999 0.2393 0.1184999 0.2393 0.1424999 0.1776 0.1424999 0.2393 0.1184999 0.1776 0.1424999 0.1255 0.1184999 0.1255 0.1184999 0.1776 0.1424999 0.07179999 0.1424999 0.1255 0.1184999 0.07179999 0.1424999 0.007899999 0.1184999 0.007899999 0.1184999 0.07179999 0.1424999 0.007899999 0.1424999 0.007899999 0.1184999 0.007899999 0.1424999 0.07179999 0.1424999 0.007899999 0.1184999 0.07179999 0.1424999 0.1255 0.1184999 0.1255 0.1184999 0.07179999 0.1424999 0.1776 0.1424999 0.1255 0.1184999 0.1776 0.1424999 0.2393 0.1184999 0.2393 0.1184999 0.1776 0.1424999 0.2393 0.1424999 0.2393 0.1184999 0.2393 0.1424999 0.3469 0.1184999 0.3469 0.1184999 0.2393 0.1424999 0.3469 0.1424999 0.3469 0.1184999 0.3469 0.1424999 0.4281 0.1424999 0.4281 0.1424999 0.3469 0.1424999 0.3469 0.1949 0.4281 0.1424999 0.3469 0.1949 0.4273 0.1949 0.4273 0.1949 0.3469 0.1949 0.4035 0.262 0.4035 0.262 0.3469 0.1949 0.3469 0.262 0.3469 0.262 0.3469 0.1949 0.2393 0.1949 0.3469 0.262 0.2393 0.1949 0.2393 0.262 0.2393 0.262 0.2393 0.1949 0.2084 0.262 0.2393 0.262 0.2084 0.262 0.239 0.2799 0.239 0.2799 0.2084 0.262 0.2072 0.2799 0.239 0.2799 0.2072 0.2799 0.239 0.3004 0.239 0.2799 0.239 0.3004 0.3421 0.2799 0.3421 0.2799 0.239 0.3004 0.3421 0.3004 0.3421 0.3004 0.239 0.3004 0.239 0.3109 0.3421 0.3004 0.239 0.3109 0.3421 0.3109 0.3421 0.3109 0.4503 0.3109 0.3421 0.3004 0.3421 0.3004 0.4503 0.3109 0.4313 0.3004 0.3421 0.3004 0.4313 0.3004 0.3421 0.2799 0.3421 0.2799 0.4313 0.3004 0.4035 0.2799 0.4035 0.2799 0.4313 0.3004 0.4437 0.2799 0.4035 0.2799 0.4437 0.2799 0.4035 0.262 0.4035 0.262 0.4437 0.2799 0.4437 0.262 0.4035 0.262 0.4437 0.262 0.4273 0.1949 0.4273 0.1949 0.4437 0.262 0.5277 0.262 0.4273 0.1949 0.5277 0.262 0.5714 0.1949 0.4273 0.1949 0.5714 0.1949 0.4281 0.1424999 0.4281 0.1424999 0.5714 0.1949 0.5709 0.1424999 0.4281 0.1424999 0.5709 0.1424999 0.5015 0.1184999 0.4281 0.1424999 0.5015 0.1184999 0.3469 0.1184999 0.3469 0.1184999 0.5015 0.1184999 0.3469 0.08350002 0.3469 0.1184999 0.3469 0.08350002 0.2833 0.08350002 0.3469 0.1184999 0.2833 0.08350002 0.2393 0.1184999 0.2393 0.1184999 0.2833 0.08350002 0.2393 0.08350002 0.2393 0.1184999 0.2393 0.08350002 0.1255 0.1184999 0.1255 0.1184999 0.2393 0.08350002 0.1255 0.08350002 0.1255 0.1184999 0.1255 0.08350002 0.007899999 0.1184999 0.007899999 0.1184999 0.1255 0.08350002 0.007899999 0.08350002 0.007899999 0.1184999 0.007899999 0.08350002 0.1255 0.08350002 0.007899999 0.1184999 0.1255 0.08350002 0.1255 0.1184999 0.1255 0.1184999 0.1255 0.08350002 0.2393 0.08350002 0.1255 0.1184999 0.2393 0.08350002 0.2393 0.1184999 0.2393 0.1184999 0.2393 0.08350002 0.2833 0.08350002 0.2393 0.1184999 0.2833 0.08350002 0.3469 0.1184999 0.3469 0.1184999 0.2833 0.08350002 0.3469 0.08350002 0.3469 0.1184999 0.3469 0.08350002 0.5015 0.1184999 0.3469 0.1184999 0.5015 0.1184999 0.4281 0.1424999 0.4281 0.1424999 0.5015 0.1184999 0.5709 0.1424999 0.5709 0.1424999 0.5015 0.1184999 0.6813 0.1424999 0.6813 0.1424999 0.5015 0.1184999 0.7015 0.1184999 0.6813 0.1424999 0.7015 0.1184999 0.7015 0.1424999 0.7015 0.1424999 0.7015 0.1184999 0.6813 0.1424999 0.7015 0.1424999 0.6813 0.1424999 0.7015 0.1949 0.7015 0.1949 0.6813 0.1424999 0.6787 0.1949 0.7015 0.1949 0.6787 0.1949 0.6805 0.2127 0.6805 0.2127 0.6787 0.1949 0.6465 0.2127 0.6465 0.2127 0.6787 0.1949 0.5714 0.1949 0.6465 0.2127 0.5714 0.1949 0.6394 0.2196999 0.6394 0.2196999 0.5714 0.1949 0.5277 0.262 0.6394 0.2196999 0.5277 0.262 0.6387 0.262 0.2781 0.5932 0.2781 0.5007 0.2422 0.5007 0.2781 0.5932 0.2422 0.5007 0.2422 0.5932 0.2422 0.5932 0.2422 0.5007 0.2008 0.5007 0.2422 0.5932 0.2008 0.5007 0.2008 0.5932 0.2008 0.5932 0.2008 0.5007 0.1607 0.5007 0.2008 0.5932 0.1607 0.5007 0.1607 0.5932 0.2381 0.8944 0.2337999 0.9984 0.2712 0.9984 0.2381 0.8944 0.2712 0.9984 0.2114 0.8892 0.2114 0.8892 0.2712 0.9984 0.2337999 0.9984 0.2114 0.8892 0.2337999 0.9984 0.1392 0.9984 0.2114 0.8892 0.1392 0.9984 0.148 0.886 0.148 0.886 0.1392 0.9984 0.1116 0.9984 0.148 0.886 0.1116 0.9984 0.1269 0.8856 0.1269 0.8856 0.1116 0.9984 0.1392 0.9984 0.1269 0.8856 0.1392 0.9984 0.148 0.886 0.148 0.886 0.1392 0.9984 0.2114 0.8892 0.148 0.886 0.2114 0.8892 0.169 0.8351 0.169 0.8351 0.2114 0.8892 0.2009 0.8309 0.169 0.8351 0.2009 0.8309 0.1679 0.8215 0.1679 0.8215 0.2009 0.8309 0.169 0.8351 0.1679 0.8215 0.169 0.8351 0.1414 0.8372 0.1679 0.8215 0.1414 0.8372 0.169 0.8351 0.169 0.8351 0.1414 0.8372 0.148 0.886 0.1269 0.8856 0.148 0.886 0.1414 0.8372 0.1269 0.8856 0.1414 0.8372 0.148 0.886 0.148 0.886 0.1414 0.8372 0.169 0.8351 0.148 0.886 0.169 0.8351 0.2114 0.8892 0.2114 0.8892 0.169 0.8351 0.2009 0.8309 0.2114 0.8892 0.2009 0.8309 0.2381 0.8944 0.2381 0.8944 0.2009 0.8309 0.2114 0.8892 0.2381 0.8944 0.2114 0.8892 0.2337999 0.9984 0.2337999 0.9984 0.2114 0.8892 0.1392 0.9984 0.1454 0.7087 0.1421 0.7209 0.1371999 0.7235 0.1371999 0.7235 0.1421 0.7209 0.1387 0.7289 0.1371999 0.7235 0.1387 0.7289 0.135 0.733 0.1371999 0.7235 0.135 0.733 0.1299999 0.7336 0.1162 0.7056 0.1371999 0.7235 0.1124 0.7138 0.1162 0.7056 0.1124 0.7138 0.05959999 0.696 0.05959999 0.696 0.1124 0.7138 0.05869996 0.7051 0.05959999 0.696 0.05869996 0.7051 0.007899999 0.7011 0.05959999 0.696 0.007899999 0.7011 0.007999956 0.6917 0.007999956 0.6917 0.007899999 0.7011 0.05959999 0.696 0.05959999 0.696 0.007899999 0.7011 0.05869996 0.7051 0.05959999 0.696 0.05869996 0.7051 0.1124 0.7138 0.05959999 0.696 0.1124 0.7138 0.1162 0.7056 0.1162 0.7056 0.1124 0.7138 0.1371999 0.7235 0.1371999 0.7235 0.121 0.7303 0.1187 0.737 0.1187 0.737 0.121 0.7303 0.06259995 0.7307 0.1187 0.737 0.06259995 0.7307 0.06089997 0.7394 0.06089997 0.7394 0.06259995 0.7307 0.009499967 0.7303 0.06089997 0.7394 0.009499967 0.7303 0.008099973 0.7392 0.008099973 0.7392 0.009499967 0.7303 0.06089997 0.7394 0.06089997 0.7394 0.009499967 0.7303 0.06259995 0.7307 0.06089997 0.7394 0.06259995 0.7307 0.1187 0.737 0.1187 0.737 0.06259995 0.7307 0.121 0.7303 0.1187 0.737 0.121 0.7303 0.1371999 0.7235 0.9712 0.5845 0.9087 0.5845 0.9087 0.5691 0.9712 0.5845 0.9087 0.5691 0.9712 0.5691 0.8542 0.2354 0.8934 0.2354 0.8934 0.2106 0.8542 0.2354 0.8934 0.2106 0.815 0.2354 0.815 0.2354 0.8934 0.2106 0.815 0.2106 0.815 0.2354 0.815 0.2106 0.8934 0.2106 0.815 0.2354 0.8934 0.2106 0.8542 0.2354 0.8542 0.2354 0.8934 0.2106 0.8934 0.2354 0.5308 0.3717 0.4504 0.4925 0.5614 0.4925 0.7015 0.005100011 0.5552 0.01959997 0.6104 0.037 0.7015 0.005100011 0.6104 0.037 0.7015 0.037 0.7015 0.037 0.6104 0.037 0.5704 0.05709999 0.7015 0.037 0.5704 0.05709999 0.7015 0.08350002 0.7015 0.08350002 0.5704 0.05709999 0.5029 0.08350002 0.7015 0.08350002 0.5029 0.08350002 0.7015 0.1184999 0.7015 0.08350002 0.7015 0.1184999 0.5029 0.08350002 0.5029 0.08350002 0.7015 0.1184999 0.5015 0.1184999 0.5029 0.08350002 0.5015 0.1184999 0.3469 0.08350002 0.5029 0.08350002 0.3469 0.08350002 0.5704 0.05709999 0.5029 0.08350002 0.5704 0.05709999 0.7015 0.08350002 0.7015 0.08350002 0.5704 0.05709999 0.7015 0.037 0.7015 0.037 0.5704 0.05709999 0.6104 0.037 0.7015 0.037 0.6104 0.037 0.7015 0.005100011 0.7015 0.005100011 0.6104 0.037 0.5552 0.01959997 0.9087 0.5845 0.9087 0.5691 0.9712 0.5845 0.9712 0.5845 0.9087 0.5691 0.9712 0.5691 0.9712 0.5845 0.9712 0.5691 0.9087 0.5691 0.9712 0.5845 0.9087 0.5691 0.9087 0.5845 0.9087 0.5845 0.9087 0.5691 0.9712 0.5691 0.9087 0.5845 0.9712 0.5691 0.9712 0.5845 0.9712 0.5845 0.9712 0.5691 0.9087 0.5845 0.9087 0.5845 0.9712 0.5691 0.9087 0.5691 0.5165 0.5113 0.5165 0.5827 0.5355 0.5113 0.5355 0.5113 0.5165 0.5827 0.5355 0.5827 0.5355 0.5113 0.5355 0.5827 0.5165 0.5827 0.5355 0.5113 0.5165 0.5827 0.5165 0.5113 0.9087 0.5691 0.9087 0.5845 0.9712 0.5845 0.9087 0.5691 0.9712 0.5845 0.9712 0.5691 0.1421 0.7209 0.1454 0.7087 0.1371999 0.7235 0.1421 0.7209 0.1371999 0.7235 0.1387 0.7289 0.1387 0.7289 0.1371999 0.7235 0.135 0.733 0.135 0.733 0.1371999 0.7235 0.1299999 0.7336 0.6037 0.3611 0.5308 0.3717 0.5621 0.4866001 0.513 0.5007 0.513 0.5932 0.463 0.5932 0.513 0.5007 0.463 0.5932 0.463 0.5007 0.463 0.5007 0.463 0.5932 0.4112 0.5932 0.463 0.5007 0.4112 0.5932 0.4112 0.5007 0.2337999 0.9984 0.1392 0.9984 0.2114 0.8892 0.2337999 0.9984 0.2114 0.8892 0.2381 0.8944 0.2381 0.8944 0.2114 0.8892 0.2009 0.8309 0.2381 0.8944 0.2009 0.8309 0.2114 0.8892 0.2114 0.8892 0.2009 0.8309 0.169 0.8351 0.2114 0.8892 0.169 0.8351 0.148 0.886 0.148 0.886 0.169 0.8351 0.1414 0.8372 0.148 0.886 0.1414 0.8372 0.1269 0.8856 0.1269 0.8856 0.1414 0.8372 0.148 0.886 0.169 0.8351 0.148 0.886 0.1414 0.8372 0.169 0.8351 0.1414 0.8372 0.1679 0.8215 0.1679 0.8215 0.1414 0.8372 0.169 0.8351 0.1679 0.8215 0.169 0.8351 0.2009 0.8309 0.1679 0.8215 0.2009 0.8309 0.169 0.8351 0.169 0.8351 0.2009 0.8309 0.2114 0.8892 0.169 0.8351 0.2114 0.8892 0.148 0.886 0.148 0.886 0.2114 0.8892 0.1392 0.9984 0.148 0.886 0.1392 0.9984 0.1269 0.8856 0.1269 0.8856 0.1392 0.9984 0.1116 0.9984 0.1269 0.8856 0.1116 0.9984 0.148 0.886 0.148 0.886 0.1116 0.9984 0.1392 0.9984 0.148 0.886 0.1392 0.9984 0.2114 0.8892 0.2114 0.8892 0.1392 0.9984 0.2337999 0.9984 0.2114 0.8892 0.2337999 0.9984 0.2712 0.9984 0.2114 0.8892 0.2712 0.9984 0.2381 0.8944 0.2381 0.8944 0.2712 0.9984 0.2337999 0.9984 0.6805 0.2127 0.7015 0.2127 0.7015 0.1949 0.7015 0.1949 0.7015 0.2127 0.6805 0.2127 0.7015 0.1949 0.6805 0.2127 0.6787 0.1949 0.6787 0.1949 0.6805 0.2127 0.6465 0.2127 0.6787 0.1949 0.6465 0.2127 0.5714 0.1949 0.5714 0.1949 0.6465 0.2127 0.6394 0.2196999 0.5714 0.1949 0.6394 0.2196999 0.5277 0.262 0.5277 0.262 0.6394 0.2196999 0.6387 0.262 0.9513 0.7278 0.9661 0.7294 0.9513 0.7279 0.9513 0.7279 0.9661 0.7294 0.966 0.7296 0.9513 0.7279 0.966 0.7296 0.9739 0.736 0.9739 0.736 0.966 0.7296 0.9775 0.7359 0.9775 0.7359 0.966 0.7296 0.9661 0.7294 0.9775 0.7359 0.9661 0.7294 0.9513 0.7382 0.9513 0.7382 0.9661 0.7294 0.9513 0.7278 0.9513 0.7382 0.9513 0.7278 0.9661 0.7294 0.9661 0.7294 0.9513 0.7278 0.9513 0.7279 0.9661 0.7294 0.9513 0.7279 0.966 0.7296 0.966 0.7296 0.9513 0.7279 0.9739 0.736 0.966 0.7296 0.9739 0.736 0.9775 0.7359 0.966 0.7296 0.9775 0.7359 0.9661 0.7294 0.9661 0.7294 0.9775 0.7359 0.9513 0.7382 0.9513 0.7382 0.9775 0.7359 0.9513 0.7629 0.9513 0.7382 0.9513 0.7629 0.9775 0.7359 0.9775 0.7359 0.9513 0.7629 0.9958 0.7788 0.9775 0.7359 0.9958 0.7788 0.9739 0.736 0.9739 0.736 0.9958 0.7788 0.9513 0.7926 0.9739 0.736 0.9513 0.7926 0.9513 0.7384 0.9739 0.736 0.9513 0.7384 0.9513 0.7279 0.9513 0.7279 0.9513 0.7384 0.9739 0.736 0.9739 0.736 0.9513 0.7384 0.9513 0.7926 0.9739 0.736 0.9513 0.7926 0.9958 0.7788 0.9739 0.736 0.9958 0.7788 0.9775 0.7359 0.9775 0.7359 0.9958 0.7788 0.9513 0.7629 0.6037 0.3611 0.5621 0.4866001 0.5308 0.3717 0.9086 0.2358 0.9082 0.2368 0.9092 0.2351999 0.9086 0.2358 0.9092 0.2351999 0.9024 0.2329999 0.9024 0.2329999 0.9092 0.2351999 0.9029 0.2324 0.9024 0.2329999 0.9029 0.2324 0.8923 0.2297999 0.8923 0.2297999 0.9029 0.2324 0.8934 0.2292 0.8923 0.2297999 0.8934 0.2292 0.8832 0.2272999 0.8923 0.2297999 0.8832 0.2272999 0.8831 0.2281 0.8831 0.2281 0.8832 0.2272999 0.8726 0.2268999 0.8831 0.2281 0.8726 0.2268999 0.8726 0.2276999 0.8726 0.2276999 0.8726 0.2268999 0.8831 0.2281 0.8831 0.2281 0.8726 0.2268999 0.8832 0.2272999 0.8831 0.2281 0.8832 0.2272999 0.8923 0.2297999 0.8923 0.2297999 0.8832 0.2272999 0.8934 0.2292 0.8923 0.2297999 0.8934 0.2292 0.9029 0.2324 0.8923 0.2297999 0.9029 0.2324 0.9024 0.2329999 0.9024 0.2329999 0.9029 0.2324 0.9092 0.2351999 0.9024 0.2329999 0.9092 0.2351999 0.9086 0.2358 0.9086 0.2358 0.9092 0.2351999 0.9082 0.2368 0.9082 0.2368 0.9092 0.2351999 0.9088 0.2361999 0.9082 0.2368 0.9088 0.2361999 0.9009 0.2357 0.9009 0.2357 0.9088 0.2361999 0.9015 0.2347999 0.9009 0.2357 0.9015 0.2347999 0.8884 0.2330999 0.9009 0.2357 0.8884 0.2330999 0.8881 0.2340999 0.8881 0.2340999 0.8884 0.2330999 0.8726 0.2322 0.8881 0.2340999 0.8726 0.2322 0.8726 0.2330999 0.8726 0.2330999 0.8726 0.2322 0.8881 0.2340999 0.8881 0.2340999 0.8726 0.2322 0.8884 0.2330999 0.8881 0.2340999 0.8884 0.2330999 0.9009 0.2357 0.9009 0.2357 0.8884 0.2330999 0.9015 0.2347999 0.9009 0.2357 0.9015 0.2347999 0.9088 0.2361999 0.9009 0.2357 0.9088 0.2361999 0.9082 0.2368 0.9082 0.2368 0.9088 0.2361999 0.9092 0.2351999 0.5308 0.3717 0.5614 0.4925 0.4504 0.4925 0.4112 0.5007 0.4112 0.5932 0.357 0.5932 0.4112 0.5007 0.357 0.5932 0.357 0.5007 0.357 0.5007 0.357 0.5932 0.2781 0.5932 0.357 0.5007 0.2781 0.5932 0.2781 0.5007 0.6515 0.3178 0.6221 0.329 0.6516 0.3311 0.6515 0.3178 0.6516 0.3311 0.6809 0.3347 0.6809 0.3347 0.6516 0.3311 0.6645 0.3447 0.6809 0.3347 0.6645 0.3447 0.6761 0.3579 0.6761 0.3579 0.6645 0.3447 0.6491 0.3548 0.6761 0.3579 0.6491 0.3548 0.6464 0.3673 0.6464 0.3673 0.6491 0.3548 0.6373 0.3491 0.6464 0.3673 0.6373 0.3491 0.6218 0.3555 0.6218 0.3555 0.6373 0.3491 0.6375 0.3364 0.6218 0.3555 0.6375 0.3364 0.6221 0.329 0.6221 0.329 0.6375 0.3364 0.6516 0.3311 0.1607 0.5932 0.1607 0.5007 0.2008 0.5932 0.2008 0.5932 0.1607 0.5007 0.2008 0.5007 0.2008 0.5932 0.2008 0.5007 0.2422 0.5932 0.2422 0.5932 0.2008 0.5007 0.2422 0.5007 0.2422 0.5932 0.2422 0.5007 0.2781 0.5932 0.2781 0.5932 0.2422 0.5007 0.2781 0.5007</float_array>
          <technique_common>
            <accessor source="#unnamed_005-mesh-map-0-array" count="4302" stride="2">
              <param name="S" type="float"/>
              <param name="T" type="float"/>
            </accessor>
          </technique_common>
        </source>
        <source id="unnamed_005-mesh-colors-Col" name="Col">
          <float_array id="unnamed_005-mesh-colors-Col-array" count="17208">0 0 0 1 0 0 0 1 0 0 0 1 0 0 0 1 0 0 0 1 0 0 0 1 0 0 0 1 0 0 0 1 0 0 0 1 0 0 0 1 0 0 0 1 0 0 0 1 0 0 0 1 0 0 0 1 0 0 0 1 0 0 0 1 0 0 0 1 0 0 0 1 0 0 0 1 0 0 0 1 0 0 0 1 0 0 0 1 0 0 0 1 0 0 0 1 0 0 0 1 0 0 0 1 0 0 0 1 0 0 0 1 0 0 0 1 0 0 0 1 0 0 0 1 0 0 0 1 0 0 0 1 0 0 0 1 0 0 0 1 0 0 0 1 0 0 0 1 0 0 0 1 0 0 0 1 0 0 0 1 0 0 0 1 0 0 0 1 0 0 0 1 0 0 0 1 0 0 0 1 0 0 0 1 0 0 0 1 0 0 0 1 0 0 0 1 0 0 0 1 0 0 0 1 0 0 0 1 0 0 0 1 0 0 0 1 0 0 0 1 0 0 0 1 0 0 0 1 0 0 0 1 0 0 0 1 0 0 0 1 0 0 0 1 0 0 0 1 0 0 0 1 0 0 0 1 0 0 0 1 0 0 0 1 0 0 0 1 0 0 0 1 0 0 0 1 0 0 0 1 0 0 0 1 0 0 0 1 0 0 0 1 0 0 0 1 0 0 0 1 0 0 0 1 0 0 0 1 0 0 0 1 0 0 0 1 0 0 0 1 0 0 0 1 0 0 0 1 0 0 0 1 0 0 0 1 0 0 0 1 0 0 0 1 0 0 0 1 0 0 0 1 0 0 0 1 0 0 0 1 0 0 0 1 0 0 0 1 0 0 0 1 0 0 0 1 0 0 0 1 0 0 0 1 0 0 0 1 0 0 0 1 0 0 0 1 0 0 0 1 0 0 0 1 0 0 0 1 0 0 0 1 0 0 0 1 0 0 0 1 0 0 0 1 0 0 0 1 0 0 0 1 0 0 0 1 0 0 0 1 0 0 0 1 0 0 0 1 0 0 0 1 0 0 0 1 0 0 0 1 0 0 0 1 0 0 0 1 0 0 0 1 0 0 0 1 0 0 0 1 0 0 0 1 0 0 0 1 0 0 0 1 0 0 0 1 0 0 0 1 0 0 0 1 0 0 0 1 0 0 0 1 0 0 0 1 0 0 0 1 0 0 0 1 0 0 0 1 0 0 0 1 0 0 0 1 0 0 0 1 0 0 0 1 0 0 0 1 0 0 0 1 0 0 0 1 0 0 0 1 0 0 0 1 0 0 0 1 0 0 0 1 0 0 0 1 0 0 0 1 0 0 0 1 0 0 0 1 0 0 0 1 0 0 0 1 0 0 0 1 0 0 0 1 0 0 0 1 0 0 0 1 0 0 0 1 0 0 0 1 0 0 0 1 0 0 0 1 0 0 0 1 0 0 0 1 0 0 0 1 0 0 0 1 0 0 0 1 0 0 0 1 0 0 0 1 0 0 0 1 0 0 0 1 0 0 0 1 0 0 0 1 0 0 0 1 0 0 0 1 0 0 0 1 0 0 0 1 0 0 0 1 0 0 0 1 0 0 0 1 0 0 0 1 0 0 0 1 0 0 0 1 0 0 0 1 0 0 0 1 0 0 0 1 0 0 0 1 0 0 0 1 0 0 0 1 0 0 0 1 0 0 0 1 0 0 0 1 0 0 0 1 0 0 0 1 0 0 0 1 0 0 0 1 0 0 0 1 0 0 0 1 0 0 0 1 0 0 0 1 0 0 0 1 0 0 0 1 0 0 0 1 0 0 0 1 0 0 0 1 0 0 0 1 0 0 0 1 0 0 0 1 0 0 0 1 0 0 0 1 0 0 0 1 0 0 0 1 0 0 0 1 0 0 0 1 0 0 0 1 0 0 0 1 0 0 0 1 0 0 0 1 0 0 0 1 0 0 0 1 0 0 0 1 0 0 0 1 0 0 0 1 0 0 0 1 0 0 0 1 0 0 0 1 0 0 0 1 0 0 0 1 0 0 0 1 0 0 0 1 0 0 0 1 0 0 0 1 0 0 0 1 0 0 0 1 0 0 0 1 0 0 0 1 0 0 0 1 0 0 0 1 0 0 0 1 0 0 0 1 0 0 0 1 0 0 0 1 0 0 0 1 0 0 0 1 0 0 0 1 0 0 0 1 0 0 0 1 0 0 0 1 0 0 0 1 0 0 0 1 0 0 0 1 0 0 0 1 0 0 0 1 0 0 0 1 0 0 0 1 0 0 0 1 0 0 0 1 0 0 0 1 0 0 0 1 0 0 0 1 0 0 0 1 0 0 0 1 0 0 0 1 0 0 0 1 0 0 0 1 0 0 0 1 0 0 0 1 0 0 0 1 0 0 0 1 0 0 0 1 0 0 0 1 0 0 0 1 0 0 0 1 0 0 0 1 0 0 0 1 0 0 0 1 0 0 0 1 0 0 0 1 0 0 0 1 0 0 0 1 0 0 0 1 0 0 0 1 0 0 0 1 0 0 0 1 0 0 0 1 0 0 0 1 0 0 0 1 0 0 0 1 0 0 0 1 0 0 0 1 0 0 0 1 0 0 0 1 0 0 0 1 0 0 0 1 0 0 0 1 0 0 0 1 0 0 0 1 0 0 0 1 0 0 0 1 0 0 0 1 0 0 0 1 0 0 0 1 0 0 0 1 0 0 0 1 0 0 0 1 0 0 0 1 0 0 0 1 0 0 0 1 0 0 0 1 0 0 0 1 0 0 0 1 0 0 0 1 0 0 0 1 0 0 0 1 0 0 0 1 0 0 0 1 0 0 0 1 0 0 0 1 0 0 0 1 0 0 0 1 0 0 0 1 0 0 0 1 0 0 0 1 0 0 0 1 0 0 0 1 0 0 0 1 0 0 0 1 0 0 0 1 0 0 0 1 0 0 0 1 0 0 0 1 0 0 0 1 0 0 0 1 0 0 0 1 0 0 0 1 0 0 0 1 0 0 0 1 0 0 0 1 0 0 0 1 0 0 0 1 0 0 0 1 0 0 0 1 0 0 0 1 0 0 0 1 0 0 0 1 0 0 0 1 0 0 0 1 0 0 0 1 0 0 0 1 0 0 0 1 0 0 0 1 0 0 0 1 0 0 0 1 0 0 0 1 0 0 0 1 0 0 0 1 0 0 0 1 0 0 0 1 0 0 0 1 0 0 0 1 0 0 0 1 0 0 0 1 0 0 0 1 0 0 0 1 0 0 0 1 0 0 0 1 0 0 0 1 0 0 0 1 0 0 0 1 0 0 0 1 0 0 0 1 0 0 0 1 0 0 0 1 0 0 0 1 0 0 0 1 0 0 0 1 0 0 0 1 0 0 0 1 0 0 0 1 0 0 0 1 0 0 0 1 0 0 0 1 0 0 0 1 0 0 0 1 0 0 0 1 0 0 0 1 0 0 0 1 0 0 0 1 0 0 0 1 0 0 0 1 0 0 0 1 0 0 0 1 0 0 0 1 0 0 0 1 0 0 0 1 0 0 0 1 0 0 0 1 0 0 0 1 0 0 0 1 0 0 0 1 0 0 0 1 0 0 0 1 0 0 0 1 0 0 0 1 0 0 0 1 0 0 0 1 0 0 0 1 0 0 0 1 0 0 0 1 0 0 0 1 0 0 0 1 0 0 0 1 0 0 0 1 0 0 0 1 0 0 0 1 0 0 0 1 0 0 0 1 0 0 0 1 0 0 0 1 0 0 0 1 0 0 0 1 0 0 0 1 0 0 0 1 0 0 0 1 0 0 0 1 0 0 0 1 0 0 0 1 0 0 0 1 0 0 0 1 0 0 0 1 0 0 0 1 0 0 0 1 0 0 0 1 0 0 0 1 0 0 0 1 0 0 0 1 0 0 0 1 0 0 0 1 0 0 0 1 0 0 0 1 0 0 0 1 0 0 0 1 0 0 0 1 0 0 0 1 0 0 0 1 0 0 0 1 0 0 0 1 0 0 0 1 0 0 0 1 0 0 0 1 0 0 0 1 0 0 0 1 0 0 0 1 0 0 0 1 0 0 0 1 0 0 0 1 0 0 0 1 0 0 0 1 0 0 0 1 0 0 0 1 0 0 0 1 0 0 0 1 0 0 0 1 0 0 0 1 0 0 0 1 0 0 0 1 0 0 0 1 0 0 0 1 0 0 0 1 0 0 0 1 0 0 0 1 0 0 0 1 0 0 0 1 0 0 0 1 0 0 0 1 0 0 0 1 0 0 0 1 0 0 0 1 0 0 0 1 0 0 0 1 0 0 0 1 0 0 0 1 0 0 0 1 0 0 0 1 0 0 0 1 0 0 0 1 0 0 0 1 0 0 0 1 0 0 0 1 0 0 0 1 0 0 0 1 0 0 0 1 0 0 0 1 0 0 0 1 0 0 0 1 0 0 0 1 0 0 0 1 0 0 0 1 0 0 0 1 0 0 0 1 0 0 0 1 0 0 0 1 0 0 0 1 0 0 0 1 0 0 0 1 0 0 0 1 0 0 0 1 0 0 0 1 0 0 0 1 0 0 0 1 0 0 0 1 0 0 0 1 0 0 0 1 0 0 0 1 0 0 0 1 0 0 0 1 0 0 0 1 0 0 0 1 0 0 0 1 0 0 0 1 0 0 0 1 0 0 0 1 0 0 0 1 0 0 0 1 0 0 0 1 0 0 0 1 0 0 0 1 0 0 0 1 0 0 0 1 0 0 0 1 0 0 0 1 0 0 0 1 0 0 0 1 0 0 0 1 0 0 0 1 0 0 0 1 0 0 0 1 0 0 0 1 0 0 0 1 0 0 0 1 0 0 0 1 0 0 0 1 0 0 0 1 0 0 0 1 0 0 0 1 0 0 0 1 0 0 0 1 0 0 0 1 0 0 0 1 0 0 0 1 0 0 0 1 0 0 0 1 0 0 0 1 0 0 0 1 0 0 0 1 0 0 0 1 0 0 0 1 0 0 0 1 0 0 0 1 0 0 0 1 0 0 0 1 0 0 0 1 0 0 0 1 0 0 0 1 0 0 0 1 0 0 0 1 0 0 0 1 0 0 0 1 0 0 0 1 0 0 0 1 0 0 0 1 0 0 0 1 0 0 0 1 0 0 0 1 0 0 0 1 0 0 0 1 0 0 0 1 0 0 0 1 0 0 0 1 0 0 0 1 0 0 0 1 0 0 0 1 0 0 0 1 0 0 0 1 0 0 0 1 0 0 0 1 0 0 0 1 0 0 0 1 0 0 0 1 0 0 0 1 0 0 0 1 0 0 0 1 0 0 0 1 0 0 0 1 0 0 0 1 0 0 0 1 0 0 0 1 0 0 0 1 0 0 0 1 0 0 0 1 0 0 0 1 0 0 0 1 0 0 0 1 0 0 0 1 0 0 0 1 0 0 0 1 0 0 0 1 0 0 0 1 0 0 0 1 0 0 0 1 0 0 0 1 0 0 0 1 0 0 0 1 0 0 0 1 0 0 0 1 0 0 0 1 0 0 0 1 0 0 0 1 0 0 0 1 0 0 0 1 0 0 0 1 0 0 0 1 0 0 0 1 0 0 0 1 0 0 0 1 0 0 0 1 0 0 0 1 0 0 0 1 0 0 0 1 0 0 0 1 0 0 0 1 0 0 0 1 0 0 0 1 0 0 0 1 0 0 0 1 0 0 0 1 0 0 0 1 0 0 0 1 0 0 0 1 0 0 0 1 0 0 0 1 0 0 0 1 0 0 0 1 0 0 0 1 0 0 0 1 0 0 0 1 0 0 0 1 0 0 0 1 0 0 0 1 0 0 0 1 0 0 0 1 0 0 0 1 0 0 0 1 0 0 0 1 0 0 0 1 0 0 0 1 0 0 0 1 0 0 0 1 0 0 0 1 0 0 0 1 0 0 0 1 0 0 0 1 0 0 0 1 0 0 0 1 0 0 0 1 0 0 0 1 0 0 0 1 0 0 0 1 0 0 0 1 0 0 0 1 0 0 0 1 0 0 0 1 0 0 0 1 0 0 0 1 0 0 0 1 0 0 0 1 0 0 0 1 0 0 0 1 0 0 0 1 0 0 0 1 0 0 0 1 0 0 0 1 0 0 0 1 0 0 0 1 0 0 0 1 0 0 0 1 0 0 0 1 0 0 0 1 0 0 0 1 0 0 0 1 0 0 0 1 0 0 0 1 0 0 0 1 0 0 0 1 0 0 0 1 0 0 0 1 0 0 0 1 0 0 0 1 0 0 0 1 0 0 0 1 0 0 0 1 0 0 0 1 0 0 0 1 0 0 0 1 0 0 0 1 0 0 0 1 0 0 0 1 0 0 0 1 0 0 0 1 0 0 0 1 0 0 0 1 0 0 0 1 0 0 0 1 0 0 0 1 0 0 0 1 0 0 0 1 0 0 0 1 0 0 0 1 0 0 0 1 0 0 0 1 0 0 0 1 0 0 0 1 0 0 0 1 0 0 0 1 0 0 0 1 0 0 0 1 0 0 0 1 0 0 0 1 0 0 0 1 0 0 0 1 0 0 0 1 0 0 0 1 0 0 0 1 0 0 0 1 0 0 0 1 0 0 0 1 0 0 0 1 0 0 0 1 0 0 0 1 0 0 0 1 0 0 0 1 0 0 0 1 0 0 0 1 0 0 0 1 0 0 0 1 0 0 0 1 0 0 0 1 0 0 0 1 0 0 0 1 0 0 0 1 0 0 0 1 0 0 0 1 0 0 0 1 0 0 0 1 0 0 0 1 0 0 0 1 0 0 0 1 0 0 0 1 0 0 0 1 0 0 0 1 0 0 0 1 0 0 0 1 0 0 0 1 0 0 0 1 0 0 0 1 0 0 0 1 0 0 0 1 0 0 0 1 0 0 0 1 0 0 0 1 0 0 0 1 0 0 0 1 0 0 0 1 0 0 0 1 0 0 0 1 0 0 0 1 0 0 0 1 0 0 0 1 0 0 0 1 0 0 0 1 0 0 0 1 0 0 0 1 0 0 0 1 0 0 0 1 0 0 0 1 0 0 0 1 0 0 0 1 0 0 0 1 0 0 0 1 0 0 0 1 0 0 0 1 0 0 0 1 0 0 0 1 0 0 0 1 0 0 0 1 0 0 0 1 0 0 0 1 0 0 0 1 0 0 0 1 0 0 0 1 0 0 0 1 0 0 0 1 0 0 0 1 0 0 0 1 0 0 0 1 0 0 0 1 0 0 0 1 0 0 0 1 0 0 0 1 0 0 0 1 0 0 0 1 0 0 0 1 0 0 0 1 0 0 0 1 0 0 0 1 0 0 0 1 0 0 0 1 0 0 0 1 0 0 0 1 0 0 0 1 0 0 0 1 0 0 0 1 0 0 0 1 0 0 0 1 0 0 0 1 0 0 0 1 0 0 0 1 0 0 0 1 0 0 0 1 0 0 0 1 0 0 0 1 0 0 0 1 0 0 0 1 0 0 0 1 0 0 0 1 0 0 0 1 0 0 0 1 0 0 0 1 0 0 0 1 0 0 0 1 0 0 0 1 0 0 0 1 0 0 0 1 0 0 0 1 0 0 0 1 0 0 0 1 0 0 0 1 0 0 0 1 0 0 0 1 0 0 0 1 0 0 0 1 0 0 0 1 0 0 0 1 0 0 0 1 0 0 0 1 0 0 0 1 0 0 0 1 0 0 0 1 0 0 0 1 0 0 0 1 0 0 0 1 0 0 0 1 0 0 0 1 0 0 0 1 0 0 0 1 0 0 0 1 0 0 0 1 0 0 0 1 0 0 0 1 0 0 0 1 0 0 0 1 0 0 0 1 0 0 0 1 0 0 0 1 0 0 0 1 0 0 0 1 0 0 0 1 0 0 0 1 0 0 0 1 0 0 0 1 0 0 0 1 0 0 0 1 0 0 0 1 0 0 0 1 0 0 0 1 0 0 0 1 0 0 0 1 0 0 0 1 0 0 0 1 0 0 0 1 0 0 0 1 0 0 0 1 0 0 0 1 0 0 0 1 0 0 0 1 0 0 0 1 0 0 0 1 0 0 0 1 0 0 0 1 0 0 0 1 0 0 0 1 0 0 0 1 0 0 0 1 0 0 0 1 0 0 0 1 0 0 0 1 0 0 0 1 0 0 0 1 0 0 0 1 0 0 0 1 0 0 0 1 0 0 0 1 0 0 0 1 0 0 0 1 0 0 0 1 0 0 0 1 0 0 0 1 0 0 0 1 0 0 0 1 0 0 0 1 0 0 0 1 0 0 0 1 0 0 0 1 0 0 0 1 0 0 0 1 0 0 0 1 0 0 0 1 0 0 0 1 0 0 0 1 0 0 0 1 0 0 0 1 0 0 0 1 0 0 0 1 0 0 0 1 0 0 0 1 0 0 0 1 0 0 0 1 0 0 0 1 0 0 0 1 0 0 0 1 0 0 0 1 0 0 0 1 0 0 0 1 0 0 0 1 0 0 0 1 0 0 0 1 0 0 0 1 0 0 0 1 0 0 0 1 0 0 0 1 0 0 0 1 0 0 0 1 0 0 0 1 0 0 0 1 0 0 0 1 0 0 0 1 0 0 0 1 0 0 0 1 0 0 0 1 0 0 0 1 0 0 0 1 0 0 0 1 0 0 0 1 0 0 0 1 0 0 0 1 0 0 0 1 0 0 0 1 0 0 0 1 0 0 0 1 0 0 0 1 0 0 0 1 0 0 0 1 0 0 0 1 0 0 0 1 0 0 0 1 0 0 0 1 0 0 0 1 0 0 0 1 0 0 0 1 0 0 0 1 0 0 0 1 0 0 0 1 0 0 0 1 0 0 0 1 0 0 0 1 0 0 0 1 0 0 0 1 0 0 0 1 0 0 0 1 0 0 0 1 0 0 0 1 0 0 0 1 0 0 0 1 0 0 0 1 0 0 0 1 0 0 0 1 0 0 0 1 0 0 0 1 0 0 0 1 0 0 0 1 0 0 0 1 0 0 0 1 0 0 0 1 0 0 0 1 0 0 0 1 0 0 0 1 0 0 0 1 0 0 0 1 0 0 0 1 0 0 0 1 0 0 0 1 0 0 0 1 0 0 0 1 0 0 0 1 0 0 0 1 0 0 0 1 0 0 0 1 0 0 0 1 0 0 0 1 0 0 0 1 0 0 0 1 0 0 0 1 0 0 0 1 0 0 0 1 0 0 0 1 0 0 0 1 0 0 0 1 0 0 0 1 0 0 0 1 0 0 0 1 0 0 0 1 0 0 0 1 0 0 0 1 0 0 0 1 0 0 0 1 0 0 0 1 0 0 0 1 0 0 0 1 0 0 0 1 0 0 0 1 0 0 0 1 0 0 0 1 0 0 0 1 0 0 0 1 0 0 0 1 0 0 0 1 0 0 0 1 0 0 0 1 0 0 0 1 0 0 0 1 0 0 0 1 0 0 0 1 0 0 0 1 0 0 0 1 0 0 0 1 0 0 0 1 0 0 0 1 0 0 0 1 0 0 0 1 0 0 0 1 0 0 0 1 0 0 0 1 0 0 0 1 0 0 0 1 0 0 0 1 0 0 0 1 0 0 0 1 0 0 0 1 0 0 0 1 0 0 0 1 0 0 0 1 0 0 0 1 0 0 0 1 0 0 0 1 0 0 0 1 0 0 0 1 0 0 0 1 0 0 0 1 0 0 0 1 0 0 0 1 0 0 0 1 0 0 0 1 0 0 0 1 0 0 0 1 0 0 0 1 0 0 0 1 0 0 0 1 0 0 0 1 0 0 0 1 0 0 0 1 0 0 0 1 0 0 0 1 0 0 0 1 0 0 0 1 0 0 0 1 0 0 0 1 0 0 0 1 0 0 0 1 0 0 0 1 0 0 0 1 0 0 0 1 0 0 0 1 0 0 0 1 0 0 0 1 0 0 0 1 0 0 0 1 0 0 0 1 0 0 0 1 0 0 0 1 0 0 0 1 0 0 0 1 0 0 0 1 0 0 0 1 0 0 0 1 0 0 0 1 0 0 0 1 0 0 0 1 0 0 0 1 0 0 0 1 0 0 0 1 0 0 0 1 0 0 0 1 0 0 0 1 0 0 0 1 0 0 0 1 0 0 0 1 0 0 0 1 0 0 0 1 0 0 0 1 0 0 0 1 0 0 0 1 0 0 0 1 0 0 0 1 0 0 0 1 0 0 0 1 0 0 0 1 0 0 0 1 0 0 0 1 0 0 0 1 0 0 0 1 0 0 0 1 0 0 0 1 0 0 0 1 0 0 0 1 0 0 0 1 0 0 0 1 0 0 0 1 0 0 0 1 0 0 0 1 0 0 0 1 0 0 0 1 0 0 0 1 0 0 0 1 0 0 0 1 0 0 0 1 0 0 0 1 0 0 0 1 0 0 0 1 0 0 0 1 0 0 0 1 0 0 0 1 0 0 0 1 0 0 0 1 0 0 0 1 0 0 0 1 0 0 0 1 0 0 0 1 0 0 0 1 0 0 0 1 0 0 0 1 0 0 0 1 0 0 0 1 0 0 0 1 0 0 0 1 0 0 0 1 0 0 0 1 0 0 0 1 0 0 0 1 0 0 0 1 0 0 0 1 0 0 0 1 0 0 0 1 0 0 0 1 0 0 0 1 0 0 0 1 0 0 0 1 0 0 0 1 0 0 0 1 0 0 0 1 0 0 0 1 0 0 0 1 0 0 0 1 0 0 0 1 0 0 0 1 0 0 0 1 0 0 0 1 0 0 0 1 0 0 0 1 0 0 0 1 0 0 0 1 0 0 0 1 0 0 0 1 0 0 0 1 0 0 0 1 0 0 0 1 0 0 0 1 0 0 0 1 0 0 0 1 0 0 0 1 0 0 0 1 0 0 0 1 0 0 0 1 0 0 0 1 0 0 0 1 0 0 0 1 0 0 0 1 0 0 0 1 0 0 0 1 0 0 0 1 0 0 0 1 0 0 0 1 0 0 0 1 0 0 0 1 0 0 0 1 0 0 0 1 0 0 0 1 0 0 0 1 0 0 0 1 0 0 0 1 0 0 0 1 0 0 0 1 0 0 0 1 0 0 0 1 0 0 0 1 0 0 0 1 0 0 0 1 0 0 0 1 0 0 0 1 0 0 0 1 0 0 0 1 0 0 0 1 0 0 0 1 0 0 0 1 0 0 0 1 0 0 0 1 0 0 0 1 0 0 0 1 0 0 0 1 0 0 0 1 0 0 0 1 0 0 0 1 0 0 0 1 0 0 0 1 0 0 0 1 0 0 0 1 0 0 0 1 0 0 0 1 0 0 0 1 0 0 0 1 0 0 0 1 0 0 0 1 0 0 0 1 0 0 0 1 0 0 0 1 0 0 0 1 0 0 0 1 0 0 0 1 0 0 0 1 0 0 0 1 0 0 0 1 0 0 0 1 0 0 0 1 0 0 0 1 0 0 0 1 0 0 0 1 0 0 0 1 0 0 0 1 0 0 0 1 0 0 0 1 0 0 0 1 0 0 0 1 0 0 0 1 0 0 0 1 0 0 0 1 0 0 0 1 0 0 0 1 0 0 0 1 0 0 0 1 0 0 0 1 0 0 0 1 0 0 0 1 0 0 0 1 0 0 0 1 0 0 0 1 0 0 0 1 0 0 0 1 0 0 0 1 0 0 0 1 0 0 0 1 0 0 0 1 0 0 0 1 0 0 0 1 0 0 0 1 0 0 0 1 0 0 0 1 0 0 0 1 0 0 0 1 0 0 0 1 0 0 0 1 0 0 0 1 0 0 0 1 0 0 0 1 0 0 0 1 0 0 0 1 0 0 0 1 0 0 0 1 0 0 0 1 0 0 0 1 0 0 0 1 0 0 0 1 0 0 0 1 0 0 0 1 0 0 0 1 0 0 0 1 0 0 0 1 0 0 0 1 0 0 0 1 0 0 0 1 0 0 0 1 0 0 0 1 0 0 0 1 0 0 0 1 0 0 0 1 0 0 0 1 0 0 0 1 0 0 0 1 0 0 0 1 0 0 0 1 0 0 0 1 0 0 0 1 0 0 0 1 0 0 0 1 0 0 0 1 0 0 0 1 0 0 0 1 0 0 0 1 0 0 0 1 0 0 0 1 0 0 0 1 0 0 0 1 0 0 0 1 0 0 0 1 0 0 0 1 0 0 0 1 0 0 0 1 0 0 0 1 0 0 0 1 0 0 0 1 0 0 0 1 0 0 0 1 0 0 0 1 0 0 0 1 0 0 0 1 0 0 0 1 0 0 0 1 0 0 0 1 0 0 0 1 0 0 0 1 0 0 0 1 0 0 0 1 0 0 0 1 0 0 0 1 0 0 0 1 0 0 0 1 0 0 0 1 0 0 0 1 0 0 0 1 0 0 0 1 0 0 0 1 0 0 0 1 0 0 0 1 0 0 0 1 0 0 0 1 0 0 0 1 0 0 0 1 0 0 0 1 0 0 0 1 0 0 0 1 0 0 0 1 0 0 0 1 0 0 0 1 0 0 0 1 0 0 0 1 0 0 0 1 0 0 0 1 0 0 0 1 0 0 0 1 0 0 0 1 0 0 0 1 0 0 0 1 0 0 0 1 0 0 0 1 0 0 0 1 0 0 0 1 0 0 0 1 0 0 0 1 0 0 0 1 0 0 0 1 0 0 0 1 0 0 0 1 0 0 0 1 0 0 0 1 0 0 0 1 0 0 0 1 0 0 0 1 0 0 0 1 0 0 0 1 0 0 0 1 0 0 0 1 0 0 0 1 0 0 0 1 0 0 0 1 0 0 0 1 0 0 0 1 0 0 0 1 0 0 0 1 0 0 0 1 0 0 0 1 0 0 0 1 0 0 0 1 0 0 0 1 0 0 0 1 0 0 0 1 0 0 0 1 0 0 0 1 0 0 0 1 0 0 0 1 0 0 0 1 0 0 0 1 0 0 0 1 0 0 0 1 0 0 0 1 0 0 0 1 0 0 0 1 0 0 0 1 0 0 0 1 0 0 0 1 0 0 0 1 0 0 0 1 0 0 0 1 0 0 0 1 0 0 0 1 0 0 0 1 0 0 0 1 0 0 0 1 0 0 0 1 0 0 0 1 0 0 0 1 0 0 0 1 0 0 0 1 0 0 0 1 0 0 0 1 0 0 0 1 0 0 0 1 0 0 0 1 0 0 0 1 0 0 0 1 0 0 0 1 0 0 0 1 0 0 0 1 0 0 0 1 0 0 0 1 0 0 0 1 0 0 0 1 0 0 0 1 0 0 0 1 0 0 0 1 0 0 0 1 0 0 0 1 0 0 0 1 0 0 0 1 0 0 0 1 0 0 0 1 0 0 0 1 0 0 0 1 0 0 0 1 0 0 0 1 0 0 0 1 0 0 0 1 0 0 0 1 0 0 0 1 0 0 0 1 0 0 0 1 0 0 0 1 0 0 0 1 0 0 0 1 0 0 0 1 0 0 0 1 0 0 0 1 0 0 0 1 0 0 0 1 0 0 0 1 0 0 0 1 0 0 0 1 0 0 0 1 0 0 0 1 0 0 0 1 0 0 0 1 0 0 0 1 0 0 0 1 0 0 0 1 0 0 0 1 0 0 0 1 0 0 0 1 0 0 0 1 0 0 0 1 0 0 0 1 0 0 0 1 0 0 0 1 0 0 0 1 0 0 0 1 0 0 0 1 0 0 0 1 0 0 0 1 0 0 0 1 0 0 0 1 0 0 0 1 0 0 0 1 0 0 0 1 0 0 0 1 0 0 0 1 0 0 0 1 0 0 0 1 0 0 0 1 0 0 0 1 0 0 0 1 0 0 0 1 0 0 0 1 0 0 0 1 0 0 0 1 0 0 0 1 0 0 0 1 0 0 0 1 0 0 0 1 0 0 0 1 0 0 0 1 0 0 0 1 0 0 0 1 0 0 0 1 0 0 0 1 0 0 0 1 0 0 0 1 0 0 0 1 0 0 0 1 0 0 0 1 0 0 0 1 0 0 0 1 0 0 0 1 0 0 0 1 0 0 0 1 0 0 0 1 0 0 0 1 0 0 0 1 0 0 0 1 0 0 0 1 0 0 0 1 0 0 0 1 0 0 0 1 0 0 0 1 0 0 0 1 0 0 0 1 0 0 0 1 0 0 0 1 0 0 0 1 0 0 0 1 0 0 0 1 0 0 0 1 0 0 0 1 0 0 0 1 0 0 0 1 0 0 0 1 0 0 0 1 0 0 0 1 0 0 0 1 0 0 0 1 0 0 0 1 0 0 0 1 0 0 0 1 0 0 0 1 0 0 0 1 0 0 0 1 0 0 0 1 0 0 0 1 0 0 0 1 0 0 0 1 0 0 0 1 0 0 0 1 0 0 0 1 0 0 0 1 0 0 0 1 0 0 0 1 0 0 0 1 0 0 0 1 0 0 0 1 0 0 0 1 0 0 0 1 0 0 0 1 0 0 0 1 0 0 0 1 0 0 0 1 0 0 0 1 0 0 0 1 0 0 0 1 0 0 0 1 0 0 0 1 0 0 0 1 0 0 0 1 0 0 0 1 0 0 0 1 0 0 0 1 0 0 0 1 0 0 0 1 0 0 0 1 0 0 0 1 0 0 0 1 0 0 0 1 0 0 0 1 0 0 0 1 0 0 0 1 0 0 0 1 0 0 0 1 0 0 0 1 0 0 0 1 0 0 0 1 0 0 0 1 0 0 0 1 0 0 0 1 0 0 0 1 0 0 0 1 0 0 0 1 0 0 0 1 0 0 0 1 0 0 0 1 0 0 0 1 0 0 0 1 0 0 0 1 0 0 0 1 0 0 0 1 0 0 0 1 0 0 0 1 0 0 0 1 0 0 0 1 0 0 0 1 0 0 0 1 0 0 0 1 0 0 0 1 0 0 0 1 0 0 0 1 0 0 0 1 0 0 0 1 0 0 0 1 0 0 0 1 0 0 0 1 0 0 0 1 0 0 0 1 0 0 0 1 0 0 0 1 0 0 0 1 0 0 0 1 0 0 0 1 0 0 0 1 0 0 0 1 0 0 0 1 0 0 0 1 0 0 0 1 0 0 0 1 0 0 0 1 0 0 0 1 0 0 0 1 0 0 0 1 0 0 0 1 0 0 0 1 0 0 0 1 0 0 0 1 0 0 0 1 0 0 0 1 0 0 0 1 0 0 0 1 0 0 0 1 0 0 0 1 0 0 0 1 0 0 0 1 0 0 0 1 0 0 0 1 0 0 0 1 0 0 0 1 0 0 0 1 0 0 0 1 0 0 0 1 0 0 0 1 0 0 0 1 0 0 0 1 0 0 0 1 0 0 0 1 0 0 0 1 0 0 0 1 0 0 0 1 0 0 0 1 0 0 0 1 0 0 0 1 0 0 0 1 0 0 0 1 0 0 0 1 0 0 0 1 0 0 0 1 0 0 0 1 0 0 0 1 0 0 0 1 0 0 0 1 0 0 0 1 0 0 0 1 0 0 0 1 0 0 0 1 0 0 0 1 0 0 0 1 0 0 0 1 0 0 0 1 0 0 0 1 0 0 0 1 0 0 0 1 0 0 0 1 0 0 0 1 0 0 0 1 0 0 0 1 0 0 0 1 0 0 0 1 0 0 0 1 0 0 0 1 0 0 0 1 0 0 0 1 0 0 0 1 0 0 0 1 0 0 0 1 0 0 0 1 0 0 0 1 0 0 0 1 0 0 0 1 0 0 0 1 0 0 0 1 0 0 0 1 0 0 0 1 0 0 0 1 0 0 0 1 0 0 0 1 0 0 0 1 0 0 0 1 0 0 0 1 0 0 0 1 0 0 0 1 0 0 0 1 0 0 0 1 0 0 0 1 0 0 0 1 0 0 0 1 0 0 0 1 0 0 0 1 0 0 0 1 0 0 0 1 0 0 0 1 0 0 0 1 0 0 0 1 0 0 0 1 0 0 0 1 0 0 0 1 0 0 0 1 0 0 0 1 0 0 0 1 0 0 0 1 0 0 0 1 0 0 0 1 0 0 0 1 0 0 0 1 0 0 0 1 0 0 0 1 0 0 0 1 0 0 0 1 0 0 0 1 0 0 0 1 0 0 0 1 0 0 0 1 0 0 0 1 0 0 0 1 0 0 0 1 0 0 0 1 0 0 0 1 0 0 0 1 0 0 0 1 0 0 0 1 0 0 0 1 0 0 0 1 0 0 0 1 0 0 0 1 0 0 0 1 0 0 0 1 0 0 0 1 0 0 0 1 0 0 0 1 0 0 0 1 0 0 0 1 0 0 0 1 0 0 0 1 0 0 0 1 0 0 0 1 0 0 0 1 0 0 0 1 0 0 0 1 0 0 0 1 0 0 0 1 0 0 0 1 0 0 0 1 0 0 0 1 0 0 0 1 0 0 0 1 0 0 0 1 0 0 0 1 0 0 0 1 0 0 0 1 0 0 0 1 0 0 0 1 0 0 0 1 0 0 0 1 0 0 0 1 0 0 0 1 0 0 0 1 0 0 0 1 0 0 0 1 0 0 0 1 0 0 0 1 0 0 0 1 0 0 0 1 0 0 0 1 0 0 0 1 0 0 0 1 0 0 0 1 0 0 0 1 0 0 0 1 0 0 0 1 0 0 0 1 0 0 0 1 0 0 0 1 0 0 0 1 0 0 0 1 0 0 0 1 0 0 0 1 0 0 0 1 0 0 0 1 0 0 0 1 0 0 0 1 0 0 0 1 0 0 0 1 0 0 0 1 0 0 0 1 0 0 0 1 0 0 0 1 0 0 0 1 0 0 0 1 0 0 0 1 0 0 0 1 0 0 0 1 0 0 0 1 0 0 0 1 0 0 0 1 0 0 0 1 0 0 0 1 0 0 0 1 0 0 0 1 0 0 0 1 0 0 0 1 0 0 0 1 0 0 0 1 0 0 0 1 0 0 0 1 0 0 0 1 0 0 0 1 0 0 0 1 0 0 0 1 0 0 0 1 0 0 0 1 0 0 0 1 0 0 0 1 0 0 0 1 0 0 0 1 0 0 0 1 0 0 0 1 0 0 0 1 0 0 0 1 0 0 0 1 0 0 0 1 0 0 0 1 0 0 0 1 0 0 0 1 0 0 0 1 0 0 0 1 0 0 0 1 0 0 0 1 0 0 0 1 0 0 0 1 0 0 0 1 0 0 0 1 0 0 0 1 0 0 0 1 0 0 0 1 0 0 0 1 0 0 0 1 0 0 0 1 0 0 0 1 0 0 0 1 0 0 0 1 0 0 0 1 0 0 0 1 0 0 0 1 0 0 0 1 0 0 0 1 0 0 0 1 0 0 0 1 0 0 0 1 0 0 0 1 0 0 0 1 0 0 0 1 0 0 0 1 0 0 0 1 0 0 0 1 0 0 0 1 0 0 0 1 0 0 0 1 0 0 0 1 0 0 0 1 0 0 0 1 0 0 0 1 0 0 0 1 0 0 0 1 0 0 0 1 0 0 0 1 0 0 0 1 0 0 0 1 0 0 0 1 0 0 0 1 0 0 0 1 0 0 0 1 0 0 0 1 0 0 0 1 0 0 0 1 0 0 0 1 0 0 0 1 0 0 0 1 0 0 0 1 0 0 0 1 0 0 0 1 0 0 0 1 0 0 0 1 0 0 0 1 0 0 0 1 0 0 0 1 0 0 0 1 0 0 0 1 0 0 0 1 0 0 0 1 0 0 0 1 0 0 0 1 0 0 0 1 0 0 0 1 0 0 0 1 0 0 0 1 0 0 0 1 0 0 0 1 0 0 0 1 0 0 0 1 0 0 0 1 0 0 0 1 0 0 0 1 0 0 0 1 0 0 0 1 0 0 0 1 0 0 0 1 0 0 0 1 0 0 0 1 0 0 0 1 0 0 0 1 0 0 0 1 0 0 0 1 0 0 0 1 0 0 0 1 0 0 0 1 0 0 0 1 0 0 0 1 0 0 0 1 0 0 0 1 0 0 0 1 0 0 0 1 0 0 0 1 0 0 0 1 0 0 0 1 0 0 0 1 0 0 0 1 0 0 0 1 0 0 0 1 0 0 0 1 0 0 0 1 0 0 0 1 0 0 0 1 0 0 0 1 0 0 0 1 0 0 0 1 0 0 0 1 0 0 0 1 0 0 0 1 0 0 0 1 0 0 0 1 0 0 0 1 0 0 0 1 0 0 0 1 0 0 0 1 0 0 0 1 0 0 0 1 0 0 0 1 0 0 0 1 0 0 0 1 0 0 0 1 0 0 0 1 0 0 0 1 0 0 0 1 0 0 0 1 0 0 0 1 0 0 0 1 0 0 0 1 0 0 0 1 0 0 0 1 0 0 0 1 0 0 0 1 0 0 0 1 0 0 0 1 0 0 0 1 0 0 0 1 0 0 0 1 0 0 0 1 0 0 0 1 0 0 0 1 0 0 0 1 0 0 0 1 0 0 0 1 0 0 0 1 0 0 0 1 0 0 0 1 0 0 0 1 0 0 0 1 0 0 0 1 0 0 0 1 0 0 0 1 0 0 0 1 0 0 0 1 0 0 0 1 0 0 0 1 0 0 0 1 0 0 0 1 0 0 0 1 0 0 0 1 0 0 0 1 0 0 0 1 0 0 0 1 0 0 0 1 0 0 0 1 0 0 0 1 0 0 0 1 0 0 0 1 0 0 0 1 0 0 0 1 0 0 0 1 0 0 0 1 0 0 0 1 0 0 0 1 0 0 0 1 0 0 0 1 0 0 0 1 0 0 0 1 0 0 0 1 0 0 0 1 0 0 0 1 0 0 0 1 0 0 0 1 0 0 0 1 0 0 0 1 0 0 0 1 0 0 0 1 0 0 0 1 0 0 0 1 0 0 0 1 0 0 0 1 0 0 0 1 0 0 0 1 0 0 0 1 0 0 0 1 0 0 0 1 0 0 0 1 0 0 0 1 0 0 0 1 0 0 0 1 0 0 0 1 0 0 0 1 0 0 0 1 0 0 0 1 0 0 0 1 0 0 0 1 0 0 0 1 0 0 0 1 0 0 0 1 0 0 0 1 0 0 0 1 0 0 0 1 0 0 0 1 0 0 0 1 0 0 0 1 0 0 0 1 0 0 0 1 0 0 0 1 0 0 0 1 0 0 0 1 0 0 0 1 0 0 0 1 0 0 0 1 0 0 0 1 0 0 0 1 0 0 0 1 0 0 0 1 0 0 0 1 0 0 0 1 0 0 0 1 0 0 0 1 0 0 0 1 0 0 0 1 0 0 0 1 0 0 0 1 0 0 0 1 0 0 0 1 0 0 0 1 0 0 0 1 0 0 0 1 0 0 0 1 0 0 0 1 0 0 0 1 0 0 0 1 0 0 0 1 0 0 0 1 0 0 0 1 0 0 0 1 0 0 0 1 0 0 0 1 0 0 0 1 0 0 0 1 0 0 0 1 0 0 0 1 0 0 0 1 0 0 0 1 0 0 0 1 0 0 0 1 0 0 0 1 0 0 0 1 0 0 0 1 0 0 0 1 0 0 0 1 0 0 0 1 0 0 0 1 0 0 0 1 0 0 0 1 0 0 0 1 0 0 0 1 0 0 0 1 0 0 0 1 0 0 0 1 0 0 0 1 0 0 0 1 0 0 0 1 0 0 0 1 0 0 0 1 0 0 0 1 0 0 0 1 0 0 0 1 0 0 0 1 0 0 0 1 0 0 0 1 0 0 0 1 0 0 0 1 0 0 0 1 0 0 0 1 0 0 0 1 0 0 0 1 0 0 0 1 0 0 0 1 0 0 0 1 0 0 0 1 0 0 0 1 0 0 0 1 0 0 0 1 0 0 0 1 0 0 0 1 0 0 0 1 0 0 0 1 0 0 0 1 0 0 0 1 0 0 0 1 0 0 0 1 0 0 0 1 0 0 0 1 0 0 0 1 0 0 0 1 0 0 0 1 0 0 0 1 0 0 0 1 0 0 0 1 0 0 0 1 0 0 0 1 0 0 0 1 0 0 0 1 0 0 0 1 0 0 0 1 0 0 0 1 0 0 0 1 0 0 0 1 0 0 0 1 0 0 0 1 0 0 0 1 0 0 0 1 0 0 0 1 0 0 0 1 0 0 0 1 0 0 0 1 0 0 0 1 0 0 0 1 0 0 0 1 0 0 0 1 0 0 0 1 0 0 0 1 0 0 0 1 0 0 0 1 0 0 0 1 0 0 0 1 0 0 0 1 0 0 0 1 0 0 0 1 0 0 0 1 0 0 0 1 0 0 0 1 0 0 0 1 0 0 0 1 0 0 0 1 0 0 0 1 0 0 0 1 0 0 0 1 0 0 0 1 0 0 0 1 0 0 0 1 0 0 0 1 0 0 0 1 0 0 0 1 0 0 0 1 0 0 0 1 0 0 0 1 0 0 0 1 0 0 0 1 0 0 0 1 0 0 0 1 0 0 0 1 0 0 0 1 0 0 0 1 0 0 0 1 0 0 0 1 0 0 0 1 0 0 0 1 0 0 0 1 0 0 0 1 0 0 0 1 0 0 0 1 0 0 0 1 0 0 0 1 0 0 0 1 0 0 0 1 0 0 0 1 0 0 0 1 0 0 0 1 0 0 0 1 0 0 0 1 0 0 0 1 0 0 0 1 0 0 0 1 0 0 0 1 0 0 0 1 0 0 0 1 0 0 0 1 0 0 0 1 0 0 0 1 0 0 0 1 0 0 0 1 0 0 0 1 0 0 0 1 0 0 0 1 0 0 0 1 0 0 0 1 0 0 0 1 0 0 0 1 0 0 0 1 0 0 0 1 0 0 0 1 0 0 0 1 0 0 0 1 0 0 0 1 0 0 0 1 0 0 0 1 0 0 0 1 0 0 0 1 0 0 0 1 0 0 0 1 0 0 0 1 0 0 0 1 0 0 0 1 0 0 0 1 0 0 0 1 0 0 0 1 0 0 0 1 0 0 0 1 0 0 0 1 0 0 0 1 0 0 0 1 0 0 0 1 0 0 0 1 0 0 0 1 0 0 0 1 0 0 0 1 0 0 0 1 0 0 0 1 0 0 0 1 0 0 0 1 0 0 0 1 0 0 0 1 0 0 0 1 0 0 0 1 0 0 0 1 0 0 0 1 0 0 0 1 0 0 0 1 0 0 0 1 0 0 0 1 0 0 0 1 0 0 0 1 0 0 0 1 0 0 0 1 0 0 0 1 0 0 0 1 0 0 0 1 0 0 0 1 0 0 0 1 0 0 0 1 0 0 0 1 0 0 0 1 0 0 0 1 0 0 0 1 0 0 0 1 0 0 0 1 0 0 0 1 0 0 0 1 0 0 0 1 0 0 0 1 0 0 0 1 0 0 0 1 0 0 0 1 0 0 0 1 0 0 0 1 0 0 0 1 0 0 0 1 0 0 0 1 0 0 0 1 0 0 0 1 0 0 0 1 0 0 0 1 0 0 0 1 0 0 0 1 0 0 0 1 0 0 0 1 0 0 0 1 0 0 0 1 0 0 0 1 0 0 0 1 0 0 0 1 0 0 0 1 0 0 0 1 0 0 0 1 0 0 0 1 0 0 0 1 0 0 0 1 0 0 0 1 0 0 0 1 0 0 0 1 0 0 0 1 0 0 0 1 0 0 0 1 0 0 0 1 0 0 0 1 0 0 0 1 0 0 0 1 0 0 0 1 0 0 0 1 0 0 0 1 0 0 0 1 0 0 0 1 0 0 0 1 0 0 0 1 0 0 0 1 0 0 0 1 0 0 0 1 0 0 0 1 0 0 0 1 0 0 0 1 0 0 0 1 0 0 0 1 0 0 0 1 0 0 0 1 0 0 0 1 0 0 0 1 0 0 0 1 0 0 0 1 0 0 0 1 0 0 0 1 0 0 0 1 0 0 0 1 0 0 0 1 0 0 0 1 0 0 0 1 0 0 0 1 0 0 0 1 0 0 0 1 0 0 0 1 0 0 0 1 0 0 0 1 0 0 0 1 0 0 0 1 0 0 0 1 0 0 0 1 0 0 0 1 0 0 0 1 0 0 0 1 0 0 0 1 0 0 0 1 0 0 0 1 0 0 0 1 0 0 0 1 0 0 0 1 0 0 0 1 0 0 0 1 0 0 0 1 0 0 0 1 0 0 0 1 0 0 0 1 0 0 0 1 0 0 0 1 0 0 0 1 0 0 0 1 0 0 0 1 0 0 0 1 0 0 0 1 0 0 0 1 0 0 0 1 0 0 0 1 0 0 0 1 0 0 0 1 0 0 0 1 0 0 0 1 0 0 0 1 0 0 0 1 0 0 0 1 0 0 0 1 0 0 0 1 0 0 0 1 0 0 0 1 0 0 0 1 0 0 0 1 0 0 0 1 0 0 0 1 0 0 0 1 0 0 0 1 0 0 0 1 0 0 0 1 0 0 0 1 0 0 0 1 0 0 0 1 0 0 0 1 0 0 0 1 0 0 0 1 0 0 0 1 0 0 0 1 0 0 0 1 0 0 0 1 0 0 0 1 0 0 0 1 0 0 0 1 0 0 0 1 0 0 0 1 0 0 0 1 0 0 0 1 0 0 0 1 0 0 0 1 0 0 0 1 0 0 0 1 0 0 0 1 0 0 0 1 0 0 0 1 0 0 0 1 0 0 0 1 0 0 0 1 0 0 0 1 0 0 0 1 0 0 0 1 0 0 0 1 0 0 0 1 0 0 0 1 0 0 0 1 0 0 0 1 0 0 0 1 0 0 0 1 0 0 0 1 0 0 0 1 0 0 0 1 0 0 0 1 0 0 0 1 0 0 0 1 0 0 0 1 0 0 0 1 0 0 0 1 0 0 0 1 0 0 0 1 0 0 0 1 0 0 0 1 0 0 0 1 0 0 0 1 0 0 0 1 0 0 0 1 0 0 0 1 0 0 0 1 0 0 0 1 0 0 0 1 0 0 0 1 0 0 0 1 0 0 0 1 0 0 0 1 0 0 0 1 0 0 0 1 0 0 0 1 0 0 0 1 0 0 0 1 0 0 0 1 0 0 0 1 0 0 0 1 0 0 0 1 0 0 0 1 0 0 0 1 0 0 0 1 0 0 0 1 0 0 0 1 0 0 0 1 0 0 0 1 0 0 0 1 0 0 0 1 0 0 0 1 0 0 0 1 0 0 0 1 0 0 0 1 0 0 0 1 0 0 0 1 0 0 0 1 0 0 0 1 0 0 0 1 0 0 0 1 0 0 0 1 0 0 0 1 0 0 0 1 0 0 0 1 0 0 0 1 0 0 0 1 0 0 0 1 0 0 0 1 0 0 0 1 0 0 0 1 0 0 0 1 0 0 0 1 0 0 0 1 0 0 0 1 0 0 0 1 0 0 0 1 0 0 0 1 0 0 0 1 0 0 0 1 0 0 0 1 0 0 0 1 0 0 0 1 0 0 0 1 0 0 0 1 0 0 0 1 0 0 0 1 0 0 0 1 0 0 0 1 0 0 0 1 0 0 0 1 0 0 0 1 0 0 0 1 0 0 0 1 0 0 0 1 0 0 0 1 0 0 0 1 0 0 0 1 0 0 0 1 0 0 0 1 0 0 0 1 0 0 0 1 0 0 0 1 0 0 0 1 0 0 0 1 0 0 0 1 0 0 0 1 0 0 0 1 0 0 0 1 0 0 0 1 0 0 0 1 0 0 0 1 0 0 0 1 0 0 0 1 0 0 0 1 0 0 0 1 0 0 0 1 0 0 0 1 0 0 0 1 0 0 0 1 0 0 0 1 0 0 0 1 0 0 0 1 0 0 0 1 0 0 0 1 0 0 0 1 0 0 0 1 0 0 0 1 0 0 0 1 0 0 0 1 0 0 0 1 0 0 0 1 0 0 0 1 0 0 0 1 0 0 0 1 0 0 0 1 0 0 0 1 0 0 0 1 0 0 0 1 0 0 0 1 0 0 0 1 0 0 0 1 0 0 0 1 0 0 0 1 0 0 0 1 0 0 0 1 0 0 0 1 0 0 0 1 0 0 0 1 0 0 0 1 0 0 0 1 0 0 0 1 0 0 0 1 0 0 0 1 0 0 0 1 0 0 0 1 0 0 0 1 0 0 0 1 0 0 0 1 0 0 0 1 0 0 0 1 0 0 0 1 0 0 0 1 0 0 0 1 0 0 0 1 0 0 0 1 0 0 0 1 0 0 0 1 0 0 0 1 0 0 0 1 0 0 0 1 0 0 0 1 0 0 0 1 0 0 0 1 0 0 0 1 0 0 0 1 0 0 0 1 0 0 0 1 0 0 0 1 0 0 0 1 0 0 0 1 0 0 0 1 0 0 0 1 0 0 0 1 0 0 0 1 0 0 0 1 0 0 0 1 0 0 0 1 0 0 0 1 0 0 0 1 0 0 0 1 0 0 0 1 0 0 0 1 0 0 0 1 0 0 0 1 0 0 0 1 0 0 0 1 0 0 0 1 0 0 0 1 0 0 0 1 0 0 0 1 0 0 0 1 0 0 0 1 0 0 0 1 0 0 0 1 0 0 0 1 0 0 0 1 0 0 0 1 0 0 0 1 0 0 0 1 0 0 0 1 0 0 0 1 0 0 0 1 0 0 0 1 0 0 0 1 0 0 0 1 0 0 0 1 0 0 0 1 0 0 0 1 0 0 0 1 0 0 0 1 0 0 0 1 0 0 0 1 0 0 0 1 0 0 0 1 0 0 0 1 0 0 0 1 0 0 0 1 0 0 0 1 0 0 0 1 0 0 0 1 0 0 0 1 0 0 0 1 0 0 0 1 0 0 0 1 0 0 0 1 0 0 0 1 0 0 0 1 0 0 0 1 0 0 0 1 0 0 0 1 0 0 0 1 0 0 0 1 0 0 0 1 0 0 0 1 0 0 0 1 0 0 0 1 0 0 0 1 0 0 0 1 0 0 0 1 0 0 0 1 0 0 0 1 0 0 0 1 0 0 0 1 0 0 0 1 0 0 0 1 0 0 0 1 0 0 0 1 0 0 0 1 0 0 0 1 0 0 0 1 0 0 0 1 0 0 0 1 0 0 0 1 0 0 0 1 0 0 0 1 0 0 0 1 0 0 0 1 0 0 0 1 0 0 0 1 0 0 0 1 0 0 0 1 0 0 0 1 0 0 0 1 0 0 0 1 0 0 0 1 0 0 0 1 0 0 0 1 0 0 0 1 0 0 0 1 0 0 0 1 0 0 0 1 0 0 0 1 0 0 0 1 0 0 0 1 0 0 0 1 0 0 0 1 0 0 0 1 0 0 0 1 0 0 0 1 0 0 0 1 0 0 0 1 0 0 0 1 0 0 0 1 0 0 0 1 0 0 0 1 0 0 0 1 0 0 0 1 0 0 0 1 0 0 0 1 0 0 0 1 0 0 0 1 0 0 0 1 0 0 0 1 0 0 0 1 0 0 0 1 0 0 0 1 0 0 0 1 0 0 0 1 0 0 0 1 0 0 0 1 0 0 0 1 0 0 0 1 0 0 0 1 0 0 0 1 0 0 0 1 0 0 0 1 0 0 0 1 0 0 0 1 0 0 0 1 0 0 0 1 0 0 0 1 0 0 0 1 0 0 0 1 0 0 0 1 0 0 0 1 0 0 0 1 0 0 0 1 0 0 0 1 0 0 0 1 0 0 0 1 0 0 0 1 0 0 0 1 0 0 0 1 0 0 0 1 0 0 0 1 0 0 0 1 0 0 0 1 0 0 0 1 0 0 0 1 0 0 0 1 0 0 0 1 0 0 0 1 0 0 0 1 0 0 0 1 0 0 0 1 0 0 0 1 0 0 0 1 0 0 0 1 0 0 0 1 0 0 0 1 0 0 0 1 0 0 0 1 0 0 0 1 0 0 0 1 0 0 0 1 0 0 0 1 0 0 0 1 0 0 0 1 0 0 0 1 0 0 0 1 0 0 0 1 0 0 0 1 0 0 0 1 0 0 0 1 0 0 0 1 0 0 0 1 0 0 0 1 0 0 0 1 0 0 0 1 0 0 0 1 0 0 0 1 0 0 0 1 0 0 0 1 0 0 0 1 0 0 0 1 0 0 0 1 0 0 0 1 0 0 0 1 0 0 0 1 0 0 0 1 0 0 0 1 0 0 0 1 0 0 0 1 0 0 0 1 0 0 0 1 0 0 0 1 0 0 0 1 0 0 0 1 0 0 0 1 0 0 0 1 0 0 0 1 0 0 0 1 0 0 0 1 0 0 0 1 0 0 0 1 0 0 0 1 0 0 0 1 0 0 0 1 0 0 0 1 0 0 0 1 0 0 0 1 0 0 0 1 0 0 0 1 0 0 0 1 0 0 0 1 0 0 0 1 0 0 0 1 0 0 0 1 0 0 0 1 0 0 0 1 0 0 0 1 0 0 0 1 0 0 0 1 0 0 0 1 0 0 0 1 0 0 0 1 0 0 0 1 0 0 0 1 0 0 0 1 0 0 0 1 0 0 0 1 0 0 0 1 0 0 0 1 0 0 0 1 0 0 0 1 0 0 0 1 0 0 0 1 0 0 0 1 0 0 0 1 0 0 0 1 0 0 0 1 0 0 0 1 0 0 0 1 0 0 0 1 0 0 0 1 0 0 0 1 0 0 0 1 0 0 0 1 0 0 0 1 0 0 0 1 0 0 0 1 0 0 0 1 0 0 0 1 0 0 0 1 0 0 0 1 0 0 0 1 0 0 0 1 0 0 0 1 0 0 0 1 0 0 0 1 0 0 0 1 0 0 0 1 0 0 0 1 0 0 0 1 0 0 0 1 0 0 0 1 0 0 0 1 0 0 0 1 0 0 0 1 0 0 0 1 0 0 0 1 0 0 0 1 0 0 0 1 0 0 0 1 0 0 0 1 0 0 0 1 0 0 0 1 0 0 0 1 0 0 0 1 0 0 0 1 0 0 0 1 0 0 0 1 0 0 0 1 0 0 0 1 0 0 0 1 0 0 0 1 0 0 0 1 0 0 0 1 0 0 0 1 0 0 0 1 0 0 0 1 0 0 0 1 0 0 0 1 0 0 0 1 0 0 0 1 0 0 0 1 0 0 0 1 0 0 0 1 0 0 0 1 0 0 0 1 0 0 0 1 0 0 0 1 0 0 0 1 0 0 0 1 0 0 0 1 0 0 0 1 0 0 0 1 0 0 0 1 0 0 0 1 0 0 0 1 0 0 0 1 0 0 0 1 0 0 0 1 0 0 0 1 0 0 0 1 0 0 0 1 0 0 0 1 0 0 0 1 0 0 0 1 0 0 0 1 0 0 0 1 0 0 0 1 0 0 0 1 0 0 0 1 0 0 0 1 0 0 0 1 0 0 0 1 0 0 0 1 0 0 0 1 0 0 0 1 0 0 0 1 0 0 0 1 0 0 0 1 0 0 0 1 0 0 0 1 0 0 0 1 0 0 0 1 0 0 0 1 0 0 0 1 0 0 0 1 0 0 0 1 0 0 0 1 0 0 0 1 0 0 0 1 0 0 0 1 0 0 0 1 0 0 0 1 0 0 0 1 0 0 0 1 0 0 0 1 0 0 0 1 0 0 0 1 0 0 0 1 0 0 0 1 0 0 0 1 0 0 0 1 0 0 0 1 0 0 0 1 0 0 0 1 0 0 0 1 0 0 0 1 0 0 0 1 0 0 0 1 0 0 0 1 0 0 0 1 0 0 0 1 0 0 0 1 0 0 0 1 0 0 0 1 0 0 0 1 0 0 0 1 0 0 0 1 0 0 0 1 0 0 0 1 0 0 0 1 0 0 0 1 0 0 0 1 0 0 0 1 0 0 0 1 0 0 0 1 0 0 0 1 0 0 0 1 0 0 0 1 0 0 0 1 0 0 0 1 0 0 0 1 0 0 0 1 0 0 0 1 0 0 0 1 0 0 0 1 0 0 0 1 0 0 0 1 0 0 0 1 0 0 0 1 0 0 0 1 0 0 0 1 0 0 0 1 0 0 0 1 0 0 0 1 0 0 0 1 0 0 0 1 0 0 0 1 0 0 0 1 0 0 0 1 0 0 0 1 0 0 0 1 0 0 0 1 0 0 0 1 0 0 0 1 0 0 0 1 0 0 0 1 0 0 0 1 0 0 0 1 0 0 0 1 0 0 0 1 0 0 0 1 0 0 0 1 0 0 0 1 0 0 0 1 0 0 0 1 0 0 0 1 0 0 0 1 0 0 0 1 0 0 0 1 0 0 0 1 0 0 0 1 0 0 0 1 0 0 0 1 0 0 0 1 0 0 0 1 0 0 0 1 0 0 0 1 0 0 0 1 0 0 0 1 0 0 0 1 0 0 0 1 0 0 0 1 0 0 0 1 0 0 0 1 0 0 0 1 0 0 0 1 0 0 0 1 0 0 0 1 0 0 0 1 0 0 0 1 0 0 0 1 0 0 0 1 0 0 0 1 0 0 0 1 0 0 0 1 0 0 0 1 0 0 0 1 0 0 0 1 0 0 0 1 0 0 0 1 0 0 0 1 0 0 0 1 0 0 0 1 0 0 0 1 0 0 0 1 0 0 0 1 0 0 0 1 0 0 0 1 0 0 0 1 0 0 0 1 0 0 0 1 0 0 0 1 0 0 0 1 0 0 0 1 0 0 0 1 0 0 0 1 0 0 0 1 0 0 0 1 0 0 0 1 0 0 0 1 0 0 0 1 0 0 0 1 0 0 0 1 0 0 0 1 0 0 0 1 0 0 0 1 0 0 0 1 0 0 0 1 0 0 0 1 0 0 0 1 0 0 0 1 0 0 0 1 0 0 0 1 0 0 0 1 0 0 0 1 0 0 0 1 0 0 0 1 0 0 0 1 0 0 0 1 0 0 0 1 0 0 0 1 0 0 0 1 0 0 0 1 0 0 0 1 0 0 0 1 0 0 0 1 0 0 0 1 0 0 0 1 0 0 0 1 0 0 0 1 0 0 0 1 0 0 0 1 0 0 0 1 0 0 0 1 0 0 0 1 0 0 0 1 0 0 0 1 0 0 0 1 0 0 0 1 0 0 0 1 0 0 0 1 0 0 0 1 0 0 0 1 0 0 0 1 0 0 0 1 0 0 0 1 0 0 0 1 0 0 0 1 0 0 0 1 0 0 0 1 0 0 0 1 0 0 0 1 0 0 0 1 0 0 0 1 0 0 0 1 0 0 0 1 0 0 0 1 0 0 0 1 0 0 0 1 0 0 0 1 0 0 0 1 0 0 0 1 0 0 0 1 0 0 0 1 0 0 0 1 0 0 0 1 0 0 0 1 0 0 0 1 0 0 0 1 0 0 0 1 0 0 0 1 0 0 0 1 0 0 0 1 0 0 0 1 0 0 0 1 0 0 0 1 0 0 0 1 0 0 0 1 0 0 0 1 0 0 0 1 0 0 0 1 0 0 0 1 0 0 0 1 0 0 0 1 0 0 0 1 0 0 0 1 0 0 0 1 0 0 0 1 0 0 0 1 0 0 0 1 0 0 0 1 0 0 0 1 0 0 0 1 0 0 0 1 0 0 0 1 0 0 0 1 0 0 0 1 0 0 0 1 0 0 0 1 0 0 0 1 0 0 0 1 0 0 0 1 0 0 0 1 0 0 0 1 0 0 0 1 0 0 0 1 0 0 0 1 0 0 0 1 0 0 0 1 0 0 0 1 0 0 0 1 0 0 0 1 0 0 0 1 0 0 0 1 0 0 0 1 0 0 0 1 0 0 0 1 0 0 0 1 0 0 0 1 0 0 0 1 0 0 0 1 0 0 0 1 0 0 0 1 0 0 0 1 0 0 0 1 0 0 0 1 0 0 0 1 0 0 0 1 0 0 0 1 0 0 0 1 0 0 0 1 0 0 0 1 0 0 0 1 0 0 0 1 0 0 0 1 0 0 0 1 0 0 0 1 0 0 0 1 0 0 0 1 0 0 0 1 0 0 0 1 0 0 0 1 0 0 0 1 0 0 0 1 0 0 0 1 0 0 0 1 0 0 0 1 0 0 0 1 0 0 0 1 0 0 0 1 0 0 0 1 0 0 0 1 0 0 0 1 0 0 0 1 0 0 0 1 0 0 0 1 0 0 0 1 0 0 0 1 0 0 0 1 0 0 0 1 0 0 0 1 0 0 0 1 0 0 0 1 0 0 0 1 0 0 0 1 0 0 0 1 0 0 0 1 0 0 0 1 0 0 0 1 0 0 0 1 0 0 0 1 0 0 0 1 0 0 0 1 0 0 0 1 0 0 0 1 0 0 0 1 0 0 0 1 0 0 0 1 0 0 0 1 0 0 0 1 0 0 0 1 0 0 0 1 0 0 0 1 0 0 0 1 0 0 0 1 0 0 0 1 0 0 0 1 0 0 0 1 0 0 0 1 0 0 0 1 0 0 0 1 0 0 0 1 0 0 0 1 0 0 0 1 0 0 0 1 0 0 0 1 0 0 0 1 0 0 0 1 0 0 0 1 0 0 0 1 0 0 0 1 0 0 0 1 0 0 0 1 0 0 0 1 0 0 0 1 0 0 0 1 0 0 0 1 0 0 0 1 0 0 0 1 0 0 0 1 0 0 0 1 0 0 0 1 0 0 0 1 0 0 0 1 0 0 0 1 0 0 0 1 0 0 0 1 0 0 0 1 0 0 0 1 0 0 0 1 0 0 0 1 0 0 0 1 0 0 0 1 0 0 0 1 0 0 0 1 0 0 0 1 0 0 0 1 0 0 0 1 0 0 0 1 0 0 0 1 0 0 0 1 0 0 0 1 0 0 0 1 0 0 0 1 0 0 0 1 0 0 0 1 0 0 0 1 0 0 0 1 0 0 0 1 0 0 0 1 0 0 0 1 0 0 0 1 0 0 0 1 0 0 0 1 0 0 0 1 0 0 0 1 0 0 0 1 0 0 0 1 0 0 0 1 0 0 0 1 0 0 0 1 0 0 0 1 0 0 0 1 0 0 0 1 0 0 0 1 0 0 0 1 0 0 0 1 0 0 0 1 0 0 0 1 0 0 0 1 0 0 0 1 0 0 0 1 0 0 0 1 0 0 0 1 0 0 0 1 0 0 0 1 0 0 0 1 0 0 0 1 0 0 0 1 0 0 0 1 0 0 0 1 0 0 0 1 0 0 0 1 0 0 0 1 0 0 0 1 0 0 0 1 0 0 0 1 0 0 0 1 0 0 0 1 0 0 0 1 0 0 0 1 0 0 0 1 0 0 0 1 0 0 0 1 0 0 0 1 0 0 0 1 0 0 0 1 0 0 0 1 0 0 0 1 0 0 0 1 0 0 0 1 0 0 0 1 0 0 0 1 0 0 0 1 0 0 0 1 0 0 0 1 0 0 0 1 0 0 0 1 0 0 0 1 0 0 0 1 0 0 0 1 0 0 0 1 0 0 0 1 0 0 0 1 0 0 0 1 0 0 0 1 0 0 0 1 0 0 0 1 0 0 0 1 0 0 0 1 0 0 0 1 0 0 0 1 0 0 0 1 0 0 0 1 0 0 0 1 0 0 0 1 0 0 0 1 0 0 0 1 0 0 0 1 0 0 0 1 0 0 0 1 0 0 0 1 0 0 0 1 0 0 0 1 0 0 0 1 0 0 0 1 0 0 0 1 0 0 0 1 0 0 0 1 0 0 0 1 0 0 0 1 0 0 0 1 0 0 0 1 0 0 0 1 0 0 0 1 0 0 0 1 0 0 0 1 0 0 0 1 0 0 0 1 0 0 0 1 0 0 0 1 0 0 0 1 0 0 0 1 0 0 0 1 0 0 0 1 0 0 0 1 0 0 0 1 0 0 0 1 0 0 0 1 0 0 0 1 0 0 0 1 0 0 0 1 0 0 0 1 0 0 0 1 0 0 0 1 0 0 0 1 0 0 0 1 0 0 0 1 0 0 0 1 0 0 0 1 0 0 0 1 0 0 0 1 0 0 0 1 0 0 0 1 0 0 0 1 0 0 0 1 0 0 0 1 0 0 0 1 0 0 0 1 0 0 0 1 0 0 0 1 0 0 0 1 0 0 0 1 0 0 0 1 0 0 0 1 0 0 0 1 0 0 0 1 0 0 0 1 0 0 0 1 0 0 0 1 0 0 0 1 0 0 0 1 0 0 0 1 0 0 0 1 0 0 0 1 0 0 0 1 0 0 0 1 0 0 0 1 0 0 0 1 0 0 0 1 0 0 0 1 0 0 0 1 0 0 0 1 0 0 0 1 0 0 0 1 0 0 0 1 0 0 0 1 0 0 0 1 0 0 0 1 0 0 0 1 0 0 0 1 0 0 0 1 0 0 0 1 0 0 0 1 0 0 0 1 0 0 0 1 0 0 0 1 0 0 0 1 0 0 0 1 0 0 0 1 0 0 0 1 0 0 0 1 0 0 0 1 0 0 0 1 0 0 0 1 0 0 0 1 0 0 0 1 0 0 0 1 0 0 0 1 0 0 0 1 0 0 0 1 0 0 0 1 0 0 0 1 0 0 0 1 0 0 0 1 0 0 0 1 0 0 0 1 0 0 0 1 0 0 0 1 0 0 0 1 0 0 0 1 0 0 0 1 0 0 0 1 0 0 0 1 0 0 0 1 0 0 0 1 0 0 0 1 0 0 0 1 0 0 0 1 0 0 0 1 0 0 0 1 0 0 0 1 0 0 0 1 0 0 0 1 0 0 0 1 0 0 0 1 0 0 0 1 0 0 0 1 0 0 0 1 0 0 0 1 0 0 0 1 0 0 0 1 0 0 0 1 0 0 0 1 0 0 0 1 0 0 0 1 0 0 0 1 0 0 0 1 0 0 0 1 0 0 0 1 0 0 0 1 0 0 0 1 0 0 0 1 0 0 0 1 0 0 0 1 0 0 0 1 0 0 0 1 0 0 0 1 0 0 0 1 0 0 0 1 0 0 0 1 0 0 0 1 0 0 0 1 0 0 0 1 0 0 0 1 0 0 0 1 0 0 0 1 0 0 0 1 0 0 0 1 0 0 0 1 0 0 0 1 0 0 0 1 0 0 0 1 0 0 0 1 0 0 0 1 0 0 0 1 0 0 0 1 0 0 0 1 0 0 0 1 0 0 0 1 0 0 0 1 0 0 0 1 0 0 0 1 0 0 0 1 0 0 0 1 0 0 0 1 0 0 0 1 0 0 0 1 0 0 0 1 0 0 0 1 0 0 0 1 0 0 0 1 0 0 0 1 0 0 0 1 0 0 0 1 0 0 0 1 0 0 0 1 0 0 0 1 0 0 0 1 0 0 0 1 0 0 0 1 0 0 0 1 0 0 0 1 0 0 0 1 0 0 0 1 0 0 0 1 0 0 0 1 0 0 0 1 0 0 0 1 0 0 0 1 0 0 0 1 0 0 0 1 0 0 0 1 0 0 0 1 0 0 0 1 0 0 0 1 0 0 0 1 0 0 0 1 0 0 0 1 0 0 0 1 0 0 0 1 0 0 0 1 0 0 0 1 0 0 0 1 0 0 0 1 0 0 0 1 0 0 0 1 0 0 0 1 0 0 0 1 0 0 0 1 0 0 0 1 0 0 0 1 0 0 0 1 0 0 0 1 0 0 0 1 0 0 0 1 0 0 0 1 0 0 0 1 0 0 0 1 0 0 0 1 0 0 0 1 0 0 0 1 0 0 0 1 0 0 0 1 0 0 0 1 0 0 0 1 0 0 0 1 0 0 0 1 0 0 0 1 0 0 0 1 0 0 0 1 0 0 0 1 0 0 0 1 0 0 0 1 0 0 0 1 0 0 0 1 0 0 0 1 0 0 0 1 0 0 0 1 0 0 0 1 0 0 0 1 0 0 0 1 0 0 0 1 0 0 0 1 0 0 0 1 0 0 0 1 0 0 0 1 0 0 0 1 0 0 0 1 0 0 0 1 0 0 0 1 0 0 0 1 0 0 0 1 0 0 0 1 0 0 0 1 0 0 0 1 0 0 0 1 0 0 0 1 0 0 0 1 0 0 0 1 0 0 0 1 0 0 0 1 0 0 0 1 0 0 0 1 0 0 0 1 0 0 0 1 0 0 0 1 0 0 0 1 0 0 0 1 0 0 0 1 0 0 0 1 0 0 0 1 0 0 0 1 0 0 0 1 0 0 0 1 0 0 0 1 0 0 0 1 0 0 0 1 0 0 0 1 0 0 0 1 0 0 0 1 0 0 0 1 0 0 0 1 0 0 0 1 0 0 0 1 0 0 0 1 0 0 0 1 0 0 0 1 0 0 0 1 0 0 0 1 0 0 0 1 0 0 0 1 0 0 0 1 0 0 0 1 0 0 0 1 0 0 0 1 0 0 0 1 0 0 0 1 0 0 0 1 0 0 0 1 0 0 0 1 0 0 0 1 0 0 0 1 0 0 0 1 0 0 0 1 0 0 0 1 0 0 0 1 0 0 0 1 0 0 0 1 0 0 0 1 0 0 0 1 0 0 0 1 0 0 0 1 0 0 0 1 0 0 0 1 0 0 0 1 0 0 0 1 0 0 0 1 0 0 0 1 0 0 0 1 0 0 0 1 0 0 0 1 0 0 0 1 0 0 0 1 0 0 0 1 0 0 0 1 0 0 0 1 0 0 0 1 0 0 0 1 0 0 0 1 0 0 0 1 0 0 0 1 0 0 0 1 0 0 0 1 0 0 0 1 0 0 0 1 0 0 0 1 0 0 0 1 0 0 0 1 0 0 0 1 0 0 0 1 0 0 0 1 0 0 0 1 0 0 0 1 0 0 0 1 0 0 0 1 0 0 0 1 0 0 0 1 0 0 0 1 0 0 0 1 0 0 0 1 0 0 0 1 0 0 0 1 0 0 0 1 0 0 0 1 0 0 0 1 0 0 0 1 0 0 0 1 0 0 0 1 0 0 0 1 0 0 0 1 0 0 0 1 0 0 0 1 0 0 0 1 0 0 0 1 0 0 0 1 0 0 0 1 0 0 0 1 0 0 0 1 0 0 0 1 0 0 0 1 0 0 0 1 0 0 0 1 0 0 0 1 0 0 0 1 0 0 0 1 0 0 0 1 0 0 0 1 0 0 0 1 0 0 0 1 0 0 0 1 0 0 0 1 0 0 0 1 0 0 0 1 0 0 0 1 0 0 0 1 0 0 0 1 0 0 0 1 0 0 0 1 0 0 0 1 0 0 0 1 0 0 0 1 0 0 0 1 0 0 0 1 0 0 0 1 0 0 0 1 0 0 0 1 0 0 0 1 0 0 0 1 0 0 0 1 0 0 0 1 0 0 0 1 0 0 0 1 0 0 0 1 0 0 0 1 0 0 0 1 0 0 0 1 0 0 0 1 0 0 0 1 0 0 0 1 0 0 0 1 0 0 0 1 0 0 0 1 0 0 0 1 0 0 0 1 0 0 0 1 0 0 0 1 0 0 0 1 0 0 0 1 0 0 0 1 0 0 0 1 0 0 0 1 0 0 0 1 0 0 0 1 0 0 0 1 0 0 0 1 0 0 0 1 0 0 0 1 0 0 0 1 0 0 0 1 0 0 0 1 0 0 0 1 0 0 0 1 0 0 0 1 0 0 0 1 0 0 0 1 0 0 0 1 0 0 0 1 0 0 0 1 0 0 0 1 0 0 0 1 0 0 0 1 0 0 0 1 0 0 0 1 0 0 0 1 0 0 0 1 0 0 0 1 0 0 0 1 0 0 0 1 0 0 0 1 0 0 0 1 0 0 0 1 0 0 0 1 0 0 0 1 0 0 0 1 0 0 0 1 0 0 0 1 0 0 0 1 0 0 0 1 0 0 0 1 0 0 0 1 0 0 0 1 0 0 0 1 0 0 0 1 0 0 0 1 0 0 0 1 0 0 0 1 0 0 0 1 0 0 0 1 0 0 0 1 0 0 0 1 0 0 0 1 0 0 0 1 0 0 0 1 0 0 0 1 0 0 0 1 0 0 0 1 0 0 0 1 0 0 0 1 0 0 0 1 0 0 0 1 0 0 0 1 0 0 0 1 0 0 0 1 0 0 0 1 0 0 0 1 0 0 0 1 0 0 0 1 0 0 0 1 0 0 0 1 0 0 0 1 0 0 0 1 0 0 0 1 0 0 0 1 0 0 0 1 0 0 0 1 0 0 0 1 0 0 0 1 0 0 0 1 0 0 0 1 0 0 0 1 0 0 0 1 0 0 0 1 0 0 0 1 0 0 0 1 0 0 0 1 0 0 0 1 0 0 0 1 0 0 0 1 0 0 0 1 0 0 0 1 0 0 0 1 0 0 0 1 0 0 0 1 0 0 0 1 0 0 0 1 0 0 0 1 0 0 0 1 0 0 0 1 0 0 0 1 0 0 0 1 0 0 0 1 0 0 0 1 0 0 0 1 0 0 0 1 0 0 0 1 0 0 0 1 0 0 0 1 0 0 0 1 0 0 0 1 0 0 0 1 0 0 0 1 0 0 0 1 0 0 0 1 0 0 0 1 0 0 0 1 0 0 0 1 0 0 0 1 0 0 0 1 0 0 0 1 0 0 0 1 0 0 0 1 0 0 0 1 0 0 0 1 0 0 0 1 0 0 0 1 0 0 0 1 0 0 0 1 0 0 0 1 0 0 0 1 0 0 0 1 0 0 0 1 0 0 0 1 0 0 0 1 0 0 0 1 0 0 0 1 0 0 0 1 0 0 0 1 0 0 0 1 0 0 0 1 0 0 0 1 0 0 0 1 0 0 0 1 0 0 0 1 0 0 0 1 0 0 0 1 0 0 0 1 0 0 0 1 0 0 0 1 0 0 0 1 0 0 0 1 0 0 0 1 0 0 0 1 0 0 0 1 0 0 0 1 0 0 0 1 0 0 0 1 0 0 0 1 0 0 0 1 0 0 0 1 0 0 0 1 0 0 0 1 0 0 0 1 0 0 0 1 0 0 0 1 0 0 0 1 0 0 0 1 0 0 0 1 0 0 0 1 0 0 0 1 0 0 0 1 0 0 0 1 0 0 0 1 0 0 0 1 0 0 0 1 0 0 0 1 0 0 0 1 0 0 0 1 0 0 0 1 0 0 0 1 0 0 0 1 0 0 0 1 0 0 0 1 0 0 0 1 0 0 0 1 0 0 0 1 0 0 0 1 0 0 0 1 0 0 0 1 0 0 0 1 0 0 0 1 0 0 0 1 0 0 0 1 0 0 0 1 0 0 0 1 0 0 0 1 0 0 0 1 0 0 0 1 0 0 0 1 0 0 0 1 0 0 0 1 0 0 0 1 0 0 0 1 0 0 0 1 0 0 0 1 0 0 0 1 0 0 0 1 0 0 0 1 0 0 0 1 0 0 0 1 0 0 0 1 0 0 0 1 0 0 0 1 0 0 0 1 0 0 0 1 0 0 0 1 0 0 0 1 0 0 0 1 0 0 0 1 0 0 0 1 0 0 0 1 0 0 0 1 0 0 0 1 0 0 0 1 0 0 0 1 0 0 0 1 0 0 0 1 0 0 0 1 0 0 0 1 0 0 0 1 0 0 0 1 0 0 0 1 0 0 0 1 0 0 0 1 0 0 0 1 0 0 0 1 0 0 0 1 0 0 0 1 0 0 0 1 0 0 0 1 0 0 0 1 0 0 0 1 0 0 0 1 0 0 0 1 0 0 0 1 0 0 0 1 0 0 0 1 0 0 0 1 0 0 0 1 0 0 0 1 0 0 0 1 0 0 0 1 0 0 0 1 0 0 0 1 0 0 0 1 0 0 0 1 0 0 0 1 0 0 0 1 0 0 0 1 0 0 0 1 0 0 0 1 0 0 0 1 0 0 0 1 0 0 0 1 0 0 0 1 0 0 0 1 0 0 0 1 0 0 0 1 0 0 0 1 0 0 0 1 0 0 0 1 0 0 0 1 0 0 0 1 0 0 0 1 0 0 0 1 0 0 0 1 0 0 0 1 0 0 0 1 0 0 0 1 0 0 0 1 0 0 0 1 0 0 0 1 0 0 0 1 0 0 0 1 0 0 0 1 0 0 0 1 0 0 0 1 0 0 0 1 0 0 0 1 0 0 0 1 0 0 0 1 0 0 0 1 0 0 0 1 0 0 0 1 0 0 0 1 0 0 0 1 0 0 0 1 0 0 0 1 0 0 0 1 0 0 0 1 0 0 0 1 0 0 0 1 0 0 0 1 0 0 0 1 0 0 0 1 0 0 0 1 0 0 0 1 0 0 0 1 0 0 0 1 0 0 0 1 0 0 0 1 0 0 0 1 0 0 0 1 0 0 0 1 0 0 0 1 0 0 0 1 0 0 0 1 0 0 0 1 0 0 0 1 0 0 0 1 0 0 0 1 0 0 0 1 0 0 0 1 0 0 0 1 0 0 0 1 0 0 0 1 0 0 0 1 0 0 0 1 0 0 0 1 0 0 0 1 0 0 0 1 0 0 0 1 0 0 0 1 0 0 0 1 0 0 0 1 0 0 0 1 0 0 0 1 0 0 0 1 0 0 0 1 0 0 0 1 0 0 0 1 0 0 0 1 0 0 0 1 0 0 0 1 0 0 0 1 0 0 0 1 0 0 0 1 0 0 0 1 0 0 0 1 0 0 0 1 0 0 0 1 0 0 0 1 0 0 0 1 0 0 0 1 0 0 0 1 0 0 0 1 0 0 0 1 0 0 0 1 0 0 0 1 0 0 0 1 0 0 0 1 0 0 0 1 0 0 0 1 0 0 0 1 0 0 0 1 0 0 0 1 0 0 0 1 0 0 0 1 0 0 0 1 0 0 0 1 0 0 0 1 0 0 0 1 0 0 0 1</float_array>
          <technique_common>
            <accessor source="#unnamed_005-mesh-colors-Col-array" count="4302" stride="4">
              <param name="R" type="float"/>
              <param name="G" type="float"/>
              <param name="B" type="float"/>
              <param name="A" type="float"/>
            </accessor>
          </technique_common>
        </source>
        <vertices id="unnamed_005-mesh-vertices">
          <input semantic="POSITION" source="#unnamed_005-mesh-positions"/>
        </vertices>
        <triangles material="unnamed_0-material" count="1434">
          <input semantic="VERTEX" source="#unnamed_005-mesh-vertices" offset="0"/>
          <input semantic="NORMAL" source="#unnamed_005-mesh-normals" offset="1"/>
          <input semantic="TEXCOORD" source="#unnamed_005-mesh-map-0" offset="2" set="0"/>
          <input semantic="COLOR" source="#unnamed_005-mesh-colors-Col" offset="3" set="0"/>
          <p>601 0 0 0 603 1 1 1 599 2 2 2 599 2 3 3 603 1 4 4 0 3 5 5 599 2 6 6 0 3 7 7 598 4 8 8 598 4 9 9 0 3 10 10 1 5 11 11 598 4 12 12 1 5 13 13 562 6 14 14 562 6 15 15 1 5 16 16 2 7 17 17 562 6 18 18 2 7 19 19 4 8 20 20 4 8 21 21 2 7 22 22 3 9 23 23 4 8 24 24 3 9 25 25 709 10 26 26 4 8 27 27 709 10 28 28 5 11 29 29 5 11 30 30 709 10 31 31 6 12 32 32 5 11 33 33 6 12 34 34 719 13 35 35 719 13 36 36 6 12 37 37 7 14 38 38 719 13 39 39 7 14 40 40 80 15 41 41 80 15 42 42 7 14 43 43 82 16 44 44 82 16 45 45 7 14 46 46 8 17 47 47 82 16 48 48 8 17 49 49 9 18 50 50 9 18 51 51 8 17 52 52 10 19 53 53 10 19 54 54 8 17 55 55 11 20 56 56 10 19 57 57 11 20 58 58 85 21 59 59 85 21 60 60 11 20 61 61 3 9 62 62 85 21 63 63 3 9 64 64 664 22 65 65 664 22 66 66 3 9 67 67 2 7 68 68 664 22 69 69 2 7 70 70 663 23 71 71 663 23 72 72 2 7 73 73 1 5 74 74 83 24 75 75 12 25 76 76 81 26 77 77 81 26 78 78 12 25 79 79 706 27 80 80 81 26 81 81 706 27 82 82 78 28 83 83 78 28 84 84 706 27 85 85 13 29 86 86 78 28 87 87 13 29 88 88 19 30 89 89 19 30 90 90 13 29 91 91 17 31 92 92 17 31 93 93 13 29 94 94 705 32 95 95 17 31 96 96 705 32 97 97 14 33 98 98 14 33 99 99 705 32 100 100 703 34 101 101 14 33 102 102 703 34 103 103 15 35 104 104 15 35 105 105 579 36 106 106 14 33 107 107 14 33 108 108 579 36 109 109 578 37 110 110 14 33 111 111 578 37 112 112 16 38 113 113 14 33 114 114 16 38 115 115 17 31 116 116 17 31 117 117 16 38 118 118 18 39 119 119 17 31 120 120 18 39 121 121 19 30 122 122 19 30 123 123 18 39 124 124 610 40 125 125 19 30 126 126 610 40 127 127 20 41 128 128 20 41 129 129 610 40 130 130 21 42 131 131 21 42 132 132 610 40 133 133 609 43 134 134 21 42 135 135 609 43 136 136 22 44 137 137 22 44 138 138 609 43 139 139 23 45 140 140 23 45 141 141 609 43 142 142 24 46 143 143 23 45 144 144 24 46 145 145 560 47 146 146 560 47 147 147 24 46 148 148 608 48 149 149 560 47 150 150 608 48 151 151 607 49 152 152 560 47 153 153 607 49 154 154 575 50 155 155 45 51 156 156 196 52 157 157 198 53 158 158 45 51 159 159 198 53 160 160 25 54 161 161 25 54 162 162 198 53 163 163 101 55 164 164 25 54 165 165 101 55 166 166 42 56 167 167 42 56 168 168 101 55 169 169 99 57 170 170 42 56 171 171 99 57 172 172 26 58 173 173 26 58 174 174 99 57 175 175 98 59 176 176 26 58 177 177 98 59 178 178 27 60 179 179 26 58 180 180 27 60 181 181 28 61 182 182 28 61 183 183 27 60 184 184 97 62 185 185 28 61 186 186 97 62 187 187 29 63 188 188 28 61 189 189 29 63 190 190 30 64 191 191 30 64 192 192 29 63 193 193 31 65 194 194 30 64 195 195 31 65 196 196 32 66 197 197 32 66 198 198 31 65 199 199 190 67 200 200 32 66 201 201 190 67 202 202 191 68 203 203 32 66 204 204 191 68 205 205 30 64 206 206 30 64 207 207 191 68 208 208 28 61 209 209 28 61 210 210 191 68 211 211 33 69 212 212 28 61 213 213 33 69 214 214 34 70 215 215 34 70 216 216 33 69 217 217 60 71 218 218 34 70 219 219 60 71 220 220 35 72 221 221 34 70 222 222 35 72 223 223 41 73 224 224 41 73 225 225 35 72 226 226 58 74 227 227 41 73 228 228 58 74 229 229 39 75 230 230 39 75 231 231 58 74 232 232 57 76 233 233 39 75 234 234 57 76 235 235 36 77 236 236 36 77 237 237 57 76 238 238 37 78 239 239 36 77 240 240 37 78 241 241 38 79 242 242 38 79 243 243 37 78 244 244 55 80 245 245 38 79 246 246 55 80 247 247 53 81 248 248 38 79 249 249 53 81 250 250 52 82 251 251 38 79 252 252 52 82 253 253 36 77 254 254 36 77 255 255 52 82 256 256 39 75 257 257 39 75 258 258 52 82 259 259 40 83 260 260 39 75 261 261 40 83 262 262 41 73 263 263 41 73 264 264 40 83 265 265 50 84 266 266 41 73 267 267 50 84 268 268 34 70 269 269 34 70 270 270 50 84 271 271 44 85 272 272 34 70 273 273 44 85 274 274 28 61 275 275 28 61 276 276 44 85 277 277 43 86 278 278 28 61 279 279 43 86 280 280 26 58 281 281 26 58 282 282 43 86 283 283 42 56 284 284 42 56 285 285 43 86 286 286 25 54 287 287 25 54 288 288 43 86 289 289 44 85 290 290 25 54 291 291 44 85 292 292 45 51 293 293 45 51 294 294 44 85 295 295 46 87 296 296 45 51 297 297 46 87 298 298 196 52 299 299 196 52 300 300 46 87 301 301 48 88 302 302 196 52 303 303 48 88 304 304 47 89 305 305 47 89 306 306 48 88 307 307 54 90 308 308 54 90 309 309 48 88 310 310 46 87 311 311 54 90 312 312 46 87 313 313 49 91 314 314 49 91 315 315 46 87 316 316 44 85 317 317 49 91 318 318 44 85 319 319 50 84 320 320 49 91 321 321 50 84 322 322 51 92 323 323 51 92 324 324 50 84 325 325 40 83 326 326 51 92 327 327 40 83 328 328 52 82 329 329 51 92 330 330 52 82 331 331 53 81 332 332 51 92 333 333 53 81 334 334 49 91 335 335 49 91 336 336 53 81 337 337 54 90 338 338 54 90 339 339 53 81 340 340 55 80 341 341 54 90 342 342 55 80 343 343 47 89 344 344 47 89 345 345 55 80 346 346 56 93 347 347 56 93 348 348 55 80 349 349 37 78 350 350 56 93 351 351 37 78 352 352 62 94 353 353 62 94 354 354 37 78 355 355 57 76 356 356 62 94 357 357 57 76 358 358 61 95 359 359 61 95 360 360 57 76 361 361 58 74 362 362 61 95 363 363 58 74 364 364 59 96 365 365 59 96 366 366 58 74 367 367 35 72 368 368 59 96 369 369 35 72 370 370 60 71 371 371 59 96 372 372 60 71 373 373 61 95 374 374 61 95 375 375 60 71 376 376 62 94 377 377 63 97 378 378 64 98 379 379 650 99 380 380 650 99 381 381 64 98 382 382 65 100 383 383 650 99 384 384 65 100 385 385 600 101 386 386 600 101 387 387 65 100 388 388 602 102 389 389 602 102 390 390 65 100 391 391 588 103 392 392 602 102 393 393 588 103 394 394 66 104 395 395 66 104 396 396 588 103 397 397 67 105 398 398 68 106 399 399 486 107 400 400 69 108 401 401 69 108 402 402 486 107 403 403 485 109 404 404 69 108 405 405 485 109 406 406 484 110 407 407 69 108 408 408 484 110 409 409 70 111 410 410 69 108 411 411 70 111 412 412 75 112 413 413 75 112 414 414 70 111 415 415 71 113 416 416 71 113 417 417 70 111 418 418 482 114 419 419 71 113 420 420 482 114 421 421 74 115 422 422 74 115 423 423 482 114 424 424 481 116 425 425 74 115 426 426 481 116 427 427 72 117 428 428 72 117 429 429 73 118 430 430 74 115 431 431 74 115 432 432 73 118 433 433 489 119 434 434 74 115 435 435 489 119 436 436 71 113 437 437 71 113 438 438 489 119 439 439 68 106 440 440 71 113 441 441 68 106 442 442 75 112 443 443 75 112 444 444 68 106 445 445 69 108 446 446 5 11 447 447 719 13 448 448 76 120 449 449 76 120 450 450 719 13 451 451 718 121 452 452 76 120 453 453 718 121 454 454 77 122 455 455 76 120 456 456 77 122 457 457 561 123 458 458 561 123 459 459 77 122 460 460 716 124 461 461 561 123 462 462 716 124 463 463 22 44 464 464 22 44 465 465 716 124 466 466 21 42 467 467 21 42 468 468 716 124 469 469 715 125 470 470 21 42 471 471 715 125 472 472 20 41 473 473 20 41 474 474 715 125 475 475 19 30 476 476 19 30 477 477 715 125 478 478 717 126 479 479 19 30 480 480 717 126 481 481 78 28 482 482 78 28 483 483 717 126 484 484 79 127 485 485 78 28 486 486 79 127 487 487 81 26 488 488 81 26 489 489 79 127 490 490 80 15 491 491 81 26 492 492 80 15 493 493 82 16 494 494 81 26 495 495 82 16 496 496 83 24 497 497 83 24 498 498 82 16 499 499 9 18 500 500 83 24 501 501 9 18 502 502 707 128 503 503 707 128 504 504 9 18 505 505 695 129 506 506 695 129 507 507 9 18 508 508 10 19 509 509 695 129 510 510 10 19 511 511 84 130 512 512 84 130 513 513 10 19 514 514 85 21 515 515 84 130 516 516 85 21 517 517 662 131 518 518 84 130 519 519 662 131 520 520 397 132 521 521 397 132 522 522 662 131 523 523 86 133 524 524 87 134 525 525 287 135 526 526 283 136 527 527 283 136 528 528 287 135 529 529 88 137 530 530 283 136 531 531 88 137 532 532 360 138 533 533 360 138 534 534 88 137 535 535 290 139 536 536 360 138 537 537 290 139 538 538 89 140 539 539 89 140 540 540 290 139 541 541 354 141 542 542 89 140 543 543 354 141 544 544 90 142 545 545 90 142 546 546 354 141 547 547 91 143 548 548 90 142 549 549 91 143 550 550 357 144 551 551 357 144 552 552 91 143 553 553 92 145 554 554 93 146 555 555 94 147 556 556 307 148 557 557 307 148 558 558 94 147 559 559 95 149 560 560 307 148 561 561 95 149 562 562 96 150 563 563 107 151 564 564 97 62 565 565 27 60 566 566 107 151 567 567 27 60 568 568 106 152 569 569 106 152 570 570 27 60 571 571 105 153 572 572 105 153 573 573 27 60 574 574 98 59 575 575 105 153 576 576 98 59 577 577 103 154 578 578 103 154 579 579 98 59 580 580 99 57 581 581 103 154 582 582 99 57 583 583 100 155 584 584 100 155 585 585 99 57 586 586 101 55 587 587 100 155 588 588 101 55 589 589 102 156 590 590 100 155 591 591 102 156 592 592 103 154 593 593 103 154 594 594 102 156 595 595 104 157 596 596 103 154 597 597 104 157 598 598 105 153 599 599 105 153 600 600 104 157 601 601 202 158 602 602 105 153 603 603 202 158 604 604 106 152 605 605 106 152 606 606 202 158 607 607 107 151 608 608 107 151 609 609 202 158 610 610 108 159 611 611 107 151 612 612 108 159 613 613 214 160 614 614 215 161 615 615 214 160 616 616 210 162 617 617 210 162 618 618 214 160 619 619 108 159 620 620 210 162 621 621 108 159 622 622 109 163 623 623 116 164 624 624 593 165 625 625 110 166 626 626 116 164 627 627 110 166 628 628 118 167 629 629 118 167 630 630 110 166 631 631 111 168 632 632 118 167 633 633 111 168 634 634 112 169 635 635 112 169 636 636 111 168 637 637 120 170 638 638 120 170 639 639 111 168 640 640 113 171 641 641 120 170 642 642 113 171 643 643 114 172 644 644 114 172 645 645 113 171 646 646 597 173 647 647 114 172 648 648 597 173 649 649 595 174 650 650 114 172 651 651 595 174 652 652 115 175 653 653 115 175 654 654 595 174 655 655 593 165 656 656 115 175 657 657 593 165 658 658 116 164 659 659 115 175 660 660 116 164 661 661 117 176 662 662 117 176 663 663 116 164 664 664 118 167 665 665 117 176 666 666 118 167 667 667 326 177 668 668 326 177 669 669 118 167 670 670 112 169 671 671 326 177 672 672 112 169 673 673 119 178 674 674 119 178 675 675 112 169 676 676 120 170 677 677 119 178 678 678 120 170 679 679 328 179 680 680 328 179 681 681 120 170 682 682 330 180 683 683 330 180 684 684 120 170 685 685 114 172 686 686 330 180 687 687 114 172 688 688 121 181 689 689 121 181 690 690 114 172 691 691 115 175 692 692 121 181 693 693 115 175 694 694 117 176 695 695 204 182 696 696 206 183 697 697 122 184 698 698 204 182 699 699 122 184 700 700 123 185 701 701 479 186 702 702 124 187 703 703 125 188 704 704 479 186 705 705 125 188 706 706 481 116 707 707 481 116 708 708 125 188 709 709 72 117 710 710 415 189 711 711 72 117 712 712 125 188 713 713 415 189 714 714 125 188 715 715 416 190 716 716 416 190 717 717 125 188 718 718 124 187 719 719 416 190 720 720 124 187 721 721 411 191 722 722 411 191 723 723 124 187 724 724 126 192 725 725 411 191 726 726 126 192 727 727 129 193 728 728 411 191 729 729 129 193 730 730 127 194 731 731 127 194 732 732 129 193 733 733 128 195 734 734 127 194 735 735 128 195 736 736 415 189 737 737 415 189 738 738 128 195 739 739 72 117 740 740 73 118 741 741 72 117 742 742 128 195 743 743 73 118 744 744 128 195 745 745 261 196 746 746 261 196 747 747 128 195 748 748 129 193 749 749 162 197 750 750 130 198 751 751 131 199 752 752 131 199 753 753 130 198 754 754 164 200 755 755 131 199 756 756 164 200 757 757 140 201 758 758 140 201 759 759 164 200 760 760 134 202 761 761 140 201 762 762 134 202 763 763 132 203 764 764 132 203 765 765 134 202 766 766 133 204 767 767 714 205 768 768 133 204 769 769 134 202 770 770 714 205 771 771 134 202 772 772 135 206 773 773 135 206 774 774 134 202 775 775 146 207 776 776 135 206 777 777 146 207 778 778 711 208 779 779 711 208 780 780 146 207 781 781 136 209 782 782 711 208 783 783 136 209 784 784 712 210 785 785 712 210 786 786 136 209 787 787 713 211 788 788 713 211 789 789 136 209 790 790 137 212 791 791 713 211 792 792 137 212 793 793 714 205 794 794 714 205 795 795 137 212 796 796 133 204 797 797 133 204 798 798 137 212 799 799 138 213 800 800 133 204 801 801 138 213 802 802 132 203 803 803 132 203 804 804 138 213 805 805 139 214 806 806 132 203 807 807 139 214 808 808 140 201 809 809 140 201 810 810 139 214 811 811 141 215 812 812 140 201 813 813 141 215 814 814 131 199 815 815 131 199 816 816 141 215 817 817 142 216 818 818 131 199 819 819 142 216 820 820 162 197 821 821 162 197 822 822 142 216 823 823 313 217 824 824 313 217 825 825 142 216 826 826 312 218 827 827 312 218 828 828 142 216 829 829 141 215 830 830 312 218 831 831 141 215 832 832 143 219 833 833 143 219 834 834 141 215 835 835 139 214 836 836 143 219 837 837 139 214 838 838 163 220 839 839 163 220 840 840 139 214 841 841 144 221 842 842 144 221 843 843 139 214 844 844 138 213 845 845 144 221 846 846 138 213 847 847 145 222 848 848 145 222 849 849 138 213 850 850 137 212 851 851 145 222 852 852 137 212 853 853 136 209 854 854 145 222 855 855 136 209 856 856 164 200 857 857 164 200 858 858 136 209 859 859 146 207 860 860 164 200 861 861 146 207 862 862 134 202 863 863 147 223 864 864 154 224 865 865 148 225 866 866 147 223 867 867 148 225 868 868 149 226 869 869 149 226 870 870 148 225 871 871 153 227 872 872 149 226 873 873 153 227 874 874 151 228 875 875 149 226 876 876 151 228 877 877 147 223 878 878 147 223 879 879 151 228 880 880 150 229 881 881 147 223 882 882 150 229 883 883 318 230 884 884 318 230 885 885 150 229 886 886 316 231 887 887 316 231 888 888 150 229 889 889 151 228 890 890 316 231 891 891 151 228 892 892 152 232 893 893 152 232 894 894 151 228 895 895 153 227 896 896 152 232 897 897 153 227 898 898 315 233 899 899 315 233 900 900 153 227 901 901 158 234 902 902 158 234 903 903 153 227 904 904 148 225 905 905 158 234 906 906 148 225 907 907 157 235 908 908 157 235 909 909 148 225 910 910 154 224 911 911 157 235 912 912 154 224 913 913 156 236 914 914 156 236 915 915 154 224 916 916 147 223 917 917 156 236 918 918 147 223 919 919 155 237 920 920 155 237 921 921 147 223 922 922 318 230 923 923 155 237 924 924 318 230 925 925 319 238 926 926 155 237 927 927 319 238 928 928 156 236 929 929 156 236 930 930 319 238 931 931 323 239 932 932 156 236 933 933 323 239 934 934 157 235 935 935 157 235 936 936 323 239 937 937 325 240 938 938 157 235 939 939 325 240 940 940 158 234 941 941 158 234 942 942 325 240 943 943 159 241 944 944 158 234 945 945 159 241 946 946 315 233 947 947 315 233 948 948 159 241 949 949 160 242 950 950 315 233 951 951 160 242 952 952 313 217 953 953 313 217 954 954 160 242 955 955 161 243 956 956 313 217 957 957 161 243 958 958 162 197 959 959 162 197 960 960 161 243 961 961 163 220 962 962 162 197 963 963 163 220 964 964 144 221 965 965 162 197 966 966 144 221 967 967 130 198 968 968 130 198 969 969 144 221 970 970 145 222 971 971 130 198 972 972 145 222 973 973 164 200 974 974 176 244 975 975 174 245 976 976 172 246 977 977 176 244 978 978 172 246 979 979 177 247 980 980 177 247 981 981 172 246 982 982 165 248 983 983 177 247 984 984 165 248 985 985 166 249 986 986 166 249 987 987 165 248 988 988 182 250 989 989 182 250 990 990 165 248 991 991 167 251 992 992 182 250 993 993 167 251 994 994 168 252 995 995 168 252 996 996 167 251 997 997 169 253 998 998 168 252 999 999 169 253 1000 1000 170 254 1001 1001 170 254 1002 1002 169 253 1003 1003 173 255 1004 1004 173 255 1005 1005 169 253 1006 1006 167 251 1007 1007 173 255 1008 1008 167 251 1009 1009 171 256 1010 1010 171 256 1011 1011 167 251 1012 1012 165 248 1013 1013 171 256 1014 1014 165 248 1015 1015 172 246 1016 1016 171 256 1017 1017 172 246 1018 1018 173 255 1019 1019 173 255 1020 1020 172 246 1021 1021 174 245 1022 1022 173 255 1023 1023 174 245 1024 1024 175 257 1025 1025 175 257 1026 1026 174 245 1027 1027 176 244 1028 1028 175 257 1029 1029 176 244 1030 1030 179 258 1031 1031 179 258 1032 1032 176 244 1033 1033 178 259 1034 1034 178 259 1035 1035 176 244 1036 1036 177 247 1037 1037 178 259 1038 1038 177 247 1039 1039 180 260 1040 1040 178 259 1041 1041 180 260 1042 1042 179 258 1043 1043 179 258 1044 1044 180 260 1045 1045 207 261 1046 1046 207 261 1047 1047 180 260 1048 1048 177 247 1049 1049 207 261 1050 1050 177 247 1051 1051 208 262 1052 1052 208 262 1053 1053 177 247 1054 1054 181 263 1055 1055 181 263 1056 1056 177 247 1057 1057 166 249 1058 1058 181 263 1059 1059 166 249 1060 1060 209 264 1061 1061 209 264 1062 1062 166 249 1063 1063 182 250 1064 1064 209 264 1065 1065 182 250 1066 1066 211 265 1067 1067 211 265 1068 1068 182 250 1069 1069 168 252 1070 1070 211 265 1071 1071 168 252 1072 1072 183 266 1073 1073 183 266 1074 1074 168 252 1075 1075 170 254 1076 1076 183 266 1077 1077 170 254 1078 1078 185 267 1079 1079 185 267 1080 1080 170 254 1081 1081 184 268 1082 1082 184 268 1083 1083 170 254 1084 1084 173 255 1085 1085 184 268 1086 1086 173 255 1087 1087 175 257 1088 1088 184 268 1089 1089 175 257 1090 1090 185 267 1091 1091 185 267 1092 1092 175 257 1093 1093 179 258 1094 1094 185 267 1095 1095 179 258 1096 1096 186 269 1097 1097 185 267 1098 1098 186 269 1099 1099 183 266 1100 1100 183 266 1101 1101 186 269 1102 1102 205 270 1103 1103 183 266 1104 1104 205 270 1105 1105 211 265 1106 1106 211 265 1107 1107 205 270 1108 1108 187 271 1109 1109 187 271 1110 1110 205 270 1111 1111 188 272 1112 1112 187 271 1113 1113 188 272 1114 1114 97 62 1115 1115 97 62 1116 1116 188 272 1117 1117 29 63 1118 1118 29 63 1119 1119 188 272 1120 1120 203 273 1121 1121 29 63 1122 1122 203 273 1123 1123 31 65 1124 1124 31 65 1125 1125 203 273 1126 1126 189 274 1127 1127 31 65 1128 1128 189 274 1129 1129 190 67 1130 1130 190 67 1131 1131 189 274 1132 1132 194 275 1133 1133 190 67 1134 1134 194 275 1135 1135 191 68 1136 1136 191 68 1137 1137 194 275 1138 1138 193 276 1139 1139 191 68 1140 1140 193 276 1141 1141 192 277 1142 1142 191 68 1143 1143 192 277 1144 1144 33 69 1145 1145 33 69 1146 1146 192 277 1147 1147 60 71 1148 1148 60 71 1149 1149 192 277 1150 1150 193 276 1151 1151 60 71 1152 1152 193 276 1153 1153 62 94 1154 1154 62 94 1155 1155 193 276 1156 1156 194 275 1157 1157 62 94 1158 1158 194 275 1159 1159 56 93 1160 1160 56 93 1161 1161 194 275 1162 1162 195 278 1163 1163 195 278 1164 1164 194 275 1165 1165 201 279 1166 1166 195 278 1167 1167 201 279 1168 1168 200 280 1169 1169 195 278 1170 1170 200 280 1171 1171 199 281 1172 1172 195 278 1173 1173 199 281 1174 1174 56 93 1175 1175 56 93 1176 1176 199 281 1177 1177 197 282 1178 1178 56 93 1179 1179 197 282 1180 1180 47 89 1181 1181 47 89 1182 1182 197 282 1183 1183 196 52 1184 1184 196 52 1185 1185 197 282 1186 1186 198 53 1187 1187 198 53 1188 1188 197 282 1189 1189 199 281 1190 1190 198 53 1191 1191 199 281 1192 1192 101 55 1193 1193 101 55 1194 1194 199 281 1195 1195 200 280 1196 1196 101 55 1197 1197 200 280 1198 1198 102 156 1199 1199 102 156 1200 1200 200 280 1201 1201 201 279 1202 1202 102 156 1203 1203 201 279 1204 1204 104 157 1205 1205 104 157 1206 1206 201 279 1207 1207 202 158 1208 1208 202 158 1209 1209 201 279 1210 1210 194 275 1211 1211 202 158 1212 1212 194 275 1213 1213 108 159 1214 1214 108 159 1215 1215 194 275 1216 1216 189 274 1217 1217 108 159 1218 1218 189 274 1219 1219 109 163 1220 1220 109 163 1221 1221 189 274 1222 1222 203 273 1223 1223 109 163 1224 1224 203 273 1225 1225 204 182 1226 1226 204 182 1227 1227 203 273 1228 1228 188 272 1229 1229 204 182 1230 1230 188 272 1231 1231 206 183 1232 1232 206 183 1233 1233 188 272 1234 1234 205 270 1235 1235 206 183 1236 1236 205 270 1237 1237 186 269 1238 1238 206 183 1239 1239 186 269 1240 1240 179 258 1241 1241 206 183 1242 1242 179 258 1243 1243 122 184 1244 1244 122 184 1245 1245 179 258 1246 1246 207 261 1247 1247 122 184 1248 1248 207 261 1249 1249 123 185 1250 1250 123 185 1251 1251 207 261 1252 1252 208 262 1253 1253 123 185 1254 1254 208 262 1255 1255 204 182 1256 1256 204 182 1257 1257 208 262 1258 1258 181 263 1259 1259 204 182 1260 1260 181 263 1261 1261 109 163 1262 1262 109 163 1263 1263 181 263 1264 1264 209 264 1265 1265 109 163 1266 1266 209 264 1267 1267 210 162 1268 1268 210 162 1269 1269 209 264 1270 1270 211 265 1271 1271 210 162 1272 1272 211 265 1273 1273 215 161 1274 1274 215 161 1275 1275 211 265 1276 1276 187 271 1277 1277 215 161 1278 1278 187 271 1279 1279 217 283 1280 1280 217 283 1281 1281 187 271 1282 1282 97 62 1283 1283 217 283 1284 1284 97 62 1285 1285 212 284 1286 1286 212 284 1287 1287 97 62 1288 1288 107 151 1289 1289 212 284 1290 1290 107 151 1291 1291 213 285 1292 1292 213 285 1293 1293 107 151 1294 1294 214 160 1295 1295 213 285 1296 1296 214 160 1297 1297 220 286 1298 1298 220 286 1299 1299 214 160 1300 1300 215 161 1301 1301 220 286 1302 1302 215 161 1303 1303 223 287 1304 1304 223 287 1305 1305 215 161 1306 1306 216 288 1307 1307 216 288 1308 1308 215 161 1309 1309 217 283 1310 1310 216 288 1311 1311 217 283 1312 1312 225 289 1313 1313 225 289 1314 1314 217 283 1315 1315 212 284 1316 1316 225 289 1317 1317 212 284 1318 1318 213 285 1319 1319 225 289 1320 1320 213 285 1321 1321 218 290 1322 1322 218 290 1323 1323 213 285 1324 1324 219 291 1325 1325 219 291 1326 1326 213 285 1327 1327 220 286 1328 1328 219 291 1329 1329 220 286 1330 1330 221 292 1331 1331 221 292 1332 1332 220 286 1333 1333 222 293 1334 1334 222 293 1335 1335 220 286 1336 1336 223 287 1337 1337 222 293 1338 1338 223 287 1339 1339 224 294 1340 1340 224 294 1341 1341 223 287 1342 1342 216 288 1343 1343 224 294 1344 1344 216 288 1345 1345 225 289 1346 1346 225 289 1347 1347 218 290 1348 1348 224 294 1349 1349 224 294 1350 1350 218 290 1351 1351 227 295 1352 1352 224 294 1353 1353 227 295 1354 1354 222 293 1355 1355 222 293 1356 1356 227 295 1357 1357 228 296 1358 1358 222 293 1359 1359 228 296 1360 1360 221 292 1361 1361 221 292 1362 1362 228 296 1363 1363 230 297 1364 1364 221 292 1365 1365 230 297 1366 1366 219 291 1367 1367 219 291 1368 1368 230 297 1369 1369 226 298 1370 1370 219 291 1371 1371 226 298 1372 1372 218 290 1373 1373 218 290 1374 1374 226 298 1375 1375 232 299 1376 1376 218 290 1377 1377 232 299 1378 1378 227 295 1379 1379 227 295 1380 1380 232 299 1381 1381 233 300 1382 1382 227 295 1383 1383 233 300 1384 1384 228 296 1385 1385 228 296 1386 1386 233 300 1387 1387 229 301 1388 1388 228 296 1389 1389 229 301 1390 1390 235 302 1391 1391 228 296 1392 1392 235 302 1393 1393 230 297 1394 1394 230 297 1395 1395 235 302 1396 1396 231 303 1397 1397 230 297 1398 1398 231 303 1399 1399 226 298 1400 1400 226 298 1401 1401 231 303 1402 1402 237 304 1403 1403 226 298 1404 1404 237 304 1405 1405 232 299 1406 1406 232 299 1407 1407 237 304 1408 1408 233 300 1409 1409 233 300 1410 1410 237 304 1411 1411 234 305 1412 1412 233 300 1413 1413 234 305 1414 1414 229 301 1415 1415 229 301 1416 1416 234 305 1417 1417 527 306 1418 1418 229 301 1419 1419 527 306 1420 1420 235 302 1421 1421 235 302 1422 1422 527 306 1423 1423 523 307 1424 1424 235 302 1425 1425 523 307 1426 1426 525 308 1427 1427 235 302 1428 1428 525 308 1429 1429 231 303 1430 1430 231 303 1431 1431 525 308 1432 1432 236 309 1433 1433 231 303 1434 1434 236 309 1435 1435 237 304 1436 1436 237 304 1437 1437 236 309 1438 1438 234 305 1439 1439 245 310 1440 1440 238 311 1441 1441 246 312 1442 1442 246 312 1443 1443 238 311 1444 1444 710 313 1445 1445 246 312 1446 1446 710 313 1447 1447 239 314 1448 1448 239 314 1449 1449 710 313 1450 1450 240 315 1451 1451 239 314 1452 1452 240 315 1453 1453 241 316 1454 1454 241 316 1455 1455 240 315 1456 1456 242 317 1457 1457 241 316 1458 1458 242 317 1459 1459 243 318 1460 1460 243 318 1461 1461 242 317 1462 1462 244 319 1463 1463 243 318 1464 1464 244 319 1465 1465 249 320 1466 1466 249 320 1467 1467 244 319 1468 1468 245 310 1469 1469 249 320 1470 1470 245 310 1471 1471 246 312 1472 1472 249 320 1473 1473 246 312 1474 1474 247 321 1475 1475 247 321 1476 1476 246 312 1477 1477 239 314 1478 1478 247 321 1479 1479 239 314 1480 1480 250 322 1481 1481 250 322 1482 1482 239 314 1483 1483 241 316 1484 1484 250 322 1485 1485 241 316 1486 1486 453 323 1487 1487 453 323 1488 1488 241 316 1489 1489 243 318 1490 1490 453 323 1491 1491 243 318 1492 1492 248 324 1493 1493 248 324 1494 1494 243 318 1495 1495 249 320 1496 1496 248 324 1497 1497 249 320 1498 1498 380 325 1499 1499 380 325 1500 1500 249 320 1501 1501 247 321 1502 1502 380 325 1503 1503 247 321 1504 1504 250 322 1505 1505 269 326 1506 1506 498 327 1507 1507 251 328 1508 1508 269 326 1509 1509 251 328 1510 1510 270 329 1511 1511 270 329 1512 1512 251 328 1513 1513 252 330 1514 1514 252 330 1515 1515 251 328 1516 1516 500 331 1517 1517 252 330 1518 1518 500 331 1519 1519 272 332 1520 1520 272 332 1521 1521 500 331 1522 1522 253 333 1523 1523 272 332 1524 1524 253 333 1525 1525 255 334 1526 1526 255 334 1527 1527 253 333 1528 1528 254 335 1529 1529 255 334 1530 1530 254 335 1531 1531 504 336 1532 1532 255 334 1533 1533 504 336 1534 1534 275 337 1535 1535 275 337 1536 1536 504 336 1537 1537 506 338 1538 1538 275 337 1539 1539 506 338 1540 1540 256 339 1541 1541 256 339 1542 1542 506 338 1543 1543 257 340 1544 1544 256 339 1545 1545 257 340 1546 1546 258 341 1547 1547 256 339 1548 1548 258 341 1549 1549 627 342 1550 1550 627 342 1551 1551 258 341 1552 1552 493 343 1553 1553 627 342 1554 1554 493 343 1555 1555 628 344 1556 1556 628 344 1557 1557 493 343 1558 1558 629 345 1559 1559 629 345 1560 1560 493 343 1561 1561 492 346 1562 1562 629 345 1563 1563 492 346 1564 1564 259 347 1565 1565 259 347 1566 1566 492 346 1567 1567 491 348 1568 1568 259 347 1569 1569 491 348 1570 1570 277 349 1571 1571 277 349 1572 1572 491 348 1573 1573 260 350 1574 1574 260 350 1575 1575 491 348 1576 1576 261 196 1577 1577 260 350 1578 1578 261 196 1579 1579 279 351 1580 1580 279 351 1581 1581 261 196 1582 1582 129 193 1583 1583 279 351 1584 1584 129 193 1585 1585 262 352 1586 1586 262 352 1587 1587 129 193 1588 1588 126 192 1589 1589 262 352 1590 1590 126 192 1591 1591 124 187 1592 1592 262 352 1593 1593 124 187 1594 1594 263 353 1595 1595 263 353 1596 1596 124 187 1597 1597 479 186 1598 1598 263 353 1599 1599 479 186 1600 1600 264 354 1601 1601 264 354 1602 1602 479 186 1603 1603 265 355 1604 1604 264 354 1605 1605 265 355 1606 1606 266 356 1607 1607 266 356 1608 1608 265 355 1609 1609 267 357 1610 1610 267 357 1611 1611 265 355 1612 1612 478 358 1613 1613 267 357 1614 1614 478 358 1615 1615 268 359 1616 1616 268 359 1617 1617 478 358 1618 1618 269 326 1619 1619 268 359 1620 1620 269 326 1621 1621 661 360 1622 1622 661 360 1623 1623 269 326 1624 1624 660 361 1625 1625 660 361 1626 1626 269 326 1627 1627 270 329 1628 1628 660 361 1629 1629 270 329 1630 1630 252 330 1631 1631 660 361 1632 1632 252 330 1633 1633 271 362 1634 1634 271 362 1635 1635 252 330 1636 1636 272 332 1637 1637 271 362 1638 1638 272 332 1639 1639 273 363 1640 1640 273 363 1641 1641 272 332 1642 1642 255 334 1643 1643 273 363 1644 1644 255 334 1645 1645 632 364 1646 1646 632 364 1647 1647 255 334 1648 1648 274 365 1649 1649 274 365 1650 1650 255 334 1651 1651 275 337 1652 1652 274 365 1653 1653 275 337 1654 1654 276 366 1655 1655 276 366 1656 1656 275 337 1657 1657 256 339 1658 1658 276 366 1659 1659 256 339 1660 1660 627 342 1661 1661 276 366 1662 1662 627 342 1663 1663 630 367 1664 1664 630 367 1665 1665 277 349 1666 1666 639 368 1667 1667 639 368 1668 1668 277 349 1669 1669 260 350 1670 1670 639 368 1671 1671 260 350 1672 1672 278 369 1673 1673 278 369 1674 1674 260 350 1675 1675 279 351 1676 1676 278 369 1677 1677 279 351 1678 1678 280 370 1679 1679 280 370 1680 1680 279 351 1681 1681 262 352 1682 1682 280 370 1683 1683 262 352 1684 1684 263 353 1685 1685 280 370 1686 1686 263 353 1687 1687 281 371 1688 1688 281 371 1689 1689 263 353 1690 1690 264 354 1691 1691 281 371 1692 1692 264 354 1693 1693 282 372 1694 1694 282 372 1695 1695 264 354 1696 1696 266 356 1697 1697 282 372 1698 1698 266 356 1699 1699 635 373 1700 1700 635 373 1701 1701 660 361 1702 1702 271 362 1703 1703 283 136 1704 1704 360 138 1705 1705 361 374 1706 1706 283 136 1707 1707 361 374 1708 1708 87 134 1709 1709 87 134 1710 1710 361 374 1711 1711 284 375 1712 1712 87 134 1713 1713 284 375 1714 1714 285 376 1715 1715 87 134 1716 1716 285 376 1717 1717 286 377 1718 1718 87 134 1719 1719 286 377 1720 1720 287 135 1721 1721 287 135 1722 1722 286 377 1723 1723 288 378 1724 1724 287 135 1725 1725 288 378 1726 1726 88 137 1727 1727 88 137 1728 1728 288 378 1729 1729 289 379 1730 1730 88 137 1731 1731 289 379 1732 1732 290 139 1733 1733 290 139 1734 1734 289 379 1735 1735 291 380 1736 1736 290 139 1737 1737 291 380 1738 1738 353 381 1739 1739 353 381 1740 1740 291 380 1741 1741 293 382 1742 1742 353 381 1743 1743 293 382 1744 1744 351 383 1745 1745 351 383 1746 1746 293 382 1747 1747 301 384 1748 1748 292 385 1749 1749 301 384 1750 1750 293 382 1751 1751 292 385 1752 1752 293 382 1753 1753 302 386 1754 1754 302 386 1755 1755 293 382 1756 1756 291 380 1757 1757 302 386 1758 1758 291 380 1759 1759 294 387 1760 1760 294 387 1761 1761 291 380 1762 1762 368 388 1763 1763 294 387 1764 1764 368 388 1765 1765 96 150 1766 1766 96 150 1767 1767 368 388 1768 1768 295 389 1769 1769 96 150 1770 1770 295 389 1771 1771 307 148 1772 1772 307 148 1773 1773 295 389 1774 1774 308 390 1775 1775 308 390 1776 1776 295 389 1777 1777 367 391 1778 1778 308 390 1779 1779 367 391 1780 1780 309 392 1781 1781 309 392 1782 1782 367 391 1783 1783 348 393 1784 1784 309 392 1785 1785 348 393 1786 1786 296 394 1787 1787 296 394 1788 1788 348 393 1789 1789 349 395 1790 1790 296 394 1791 1791 349 395 1792 1792 297 396 1793 1793 297 396 1794 1794 349 395 1795 1795 298 397 1796 1796 297 396 1797 1797 298 397 1798 1798 299 398 1799 1799 299 398 1800 1800 298 397 1801 1801 300 399 1802 1802 299 398 1803 1803 300 399 1804 1804 301 384 1805 1805 299 398 1806 1806 301 384 1807 1807 292 385 1808 1808 299 398 1809 1809 292 385 1810 1810 374 400 1811 1811 374 400 1812 1812 292 385 1813 1813 302 386 1814 1814 374 400 1815 1815 302 386 1816 1816 373 401 1817 1817 373 401 1818 1818 302 386 1819 1819 310 402 1820 1820 310 402 1821 1821 302 386 1822 1822 294 387 1823 1823 310 402 1824 1824 294 387 1825 1825 303 403 1826 1826 303 403 1827 1827 294 387 1828 1828 311 404 1829 1829 311 404 1830 1830 294 387 1831 1831 314 405 1832 1832 314 405 1833 1833 294 387 1834 1834 96 150 1835 1835 314 405 1836 1836 96 150 1837 1837 304 406 1838 1838 304 406 1839 1839 96 150 1840 1840 95 149 1841 1841 304 406 1842 1842 95 149 1843 1843 305 407 1844 1844 305 407 1845 1845 95 149 1846 1846 317 408 1847 1847 317 408 1848 1848 95 149 1849 1849 94 147 1850 1850 317 408 1851 1851 94 147 1852 1852 306 409 1853 1853 306 409 1854 1854 94 147 1855 1855 93 146 1856 1856 306 409 1857 1857 93 146 1858 1858 322 410 1859 1859 322 410 1860 1860 93 146 1861 1861 307 148 1862 1862 322 410 1863 1863 307 148 1864 1864 324 411 1865 1865 324 411 1866 1866 307 148 1867 1867 308 390 1868 1868 324 411 1869 1869 308 390 1870 1870 159 241 1871 1871 159 241 1872 1872 308 390 1873 1873 160 242 1874 1874 160 242 1875 1875 308 390 1876 1876 309 392 1877 1877 160 242 1878 1878 309 392 1879 1879 161 243 1880 1880 161 243 1881 1881 309 392 1882 1882 310 402 1883 1883 161 243 1884 1884 310 402 1885 1885 163 220 1886 1886 163 220 1887 1887 310 402 1888 1888 303 403 1889 1889 163 220 1890 1890 303 403 1891 1891 143 219 1892 1892 143 219 1893 1893 303 403 1894 1894 311 404 1895 1895 143 219 1896 1896 311 404 1897 1897 312 218 1898 1898 312 218 1899 1899 311 404 1900 1900 313 217 1901 1901 313 217 1902 1902 311 404 1903 1903 314 405 1904 1904 313 217 1905 1905 314 405 1906 1906 315 233 1907 1907 315 233 1908 1908 314 405 1909 1909 304 406 1910 1910 315 233 1911 1911 304 406 1912 1912 152 232 1913 1913 152 232 1914 1914 304 406 1915 1915 305 407 1916 1916 152 232 1917 1917 305 407 1918 1918 316 231 1919 1919 316 231 1920 1920 305 407 1921 1921 317 408 1922 1922 316 231 1923 1923 317 408 1924 1924 318 230 1925 1925 318 230 1926 1926 317 408 1927 1927 319 238 1928 1928 319 238 1929 1929 317 408 1930 1930 320 412 1931 1931 319 238 1932 1932 320 412 1933 1933 323 239 1934 1934 323 239 1935 1935 320 412 1936 1936 321 413 1937 1937 321 413 1938 1938 320 412 1939 1939 317 408 1940 1940 321 413 1941 1941 317 408 1942 1942 306 409 1943 1943 321 413 1944 1944 306 409 1945 1945 323 239 1946 1946 323 239 1947 1947 306 409 1948 1948 322 410 1949 1949 323 239 1950 1950 322 410 1951 1951 324 411 1952 1952 323 239 1953 1953 324 411 1954 1954 325 240 1955 1955 325 240 1956 1956 324 411 1957 1957 159 241 1958 1958 326 177 1959 1959 119 178 1960 1960 327 414 1961 1961 327 414 1962 1962 119 178 1963 1963 328 179 1964 1964 327 414 1965 1965 328 179 1966 1966 329 415 1967 1967 329 415 1968 1968 328 179 1969 1969 330 180 1970 1970 329 415 1971 1971 330 180 1972 1972 331 416 1973 1973 331 416 1974 1974 330 180 1975 1975 121 181 1976 1976 331 416 1977 1977 121 181 1978 1978 332 417 1979 1979 332 417 1980 1980 121 181 1981 1981 117 176 1982 1982 332 417 1983 1983 117 176 1984 1984 677 418 1985 1985 677 418 1986 1986 117 176 1987 1987 326 177 1988 1988 677 418 1989 1989 326 177 1990 1990 673 419 1991 1991 673 419 1992 1992 326 177 1993 1993 327 414 1994 1994 84 130 1995 1995 397 132 1996 1996 333 420 1997 1997 333 420 1998 1998 397 132 1999 1999 334 421 2000 2000 333 420 2001 2001 334 421 2002 2002 395 422 2003 2003 333 420 2004 2004 395 422 2005 2005 375 423 2006 2006 375 423 2007 2007 395 422 2008 2008 335 424 2009 2009 375 423 2010 2010 335 424 2011 2011 336 425 2012 2012 336 425 2013 2013 335 424 2014 2014 540 426 2015 2015 336 425 2016 2016 540 426 2017 2017 337 427 2018 2018 337 427 2019 2019 540 426 2020 2020 581 428 2021 2021 583 429 2022 2022 581 428 2023 2023 540 426 2024 2024 583 429 2025 2025 540 426 2026 2026 584 430 2027 2027 584 430 2028 2028 540 426 2029 2029 544 431 2030 2030 544 431 2031 2031 540 426 2032 2032 541 432 2033 2033 544 431 2034 2034 541 432 2035 2035 545 433 2036 2036 338 434 2037 2037 359 435 2038 2038 358 436 2039 2039 338 434 2040 2040 358 436 2041 2041 339 437 2042 2042 339 437 2043 2043 358 436 2044 2044 340 438 2045 2045 339 437 2046 2046 340 438 2047 2047 362 439 2048 2048 362 439 2049 2049 340 438 2050 2050 347 440 2051 2051 362 439 2052 2052 347 440 2053 2053 341 441 2054 2054 341 441 2055 2055 347 440 2056 2056 342 442 2057 2057 341 441 2058 2058 342 442 2059 2059 363 443 2060 2060 363 443 2061 2061 342 442 2062 2062 343 444 2063 2063 363 443 2064 2064 343 444 2065 2065 344 445 2066 2066 344 445 2067 2067 343 444 2068 2068 345 446 2069 2069 345 446 2070 2070 343 444 2071 2071 342 442 2072 2072 345 446 2073 2073 342 442 2074 2074 347 440 2075 2075 345 446 2076 2076 347 440 2077 2077 346 447 2078 2078 346 447 2079 2079 347 440 2080 2080 348 393 2081 2081 348 393 2082 2082 347 440 2083 2083 340 438 2084 2084 348 393 2085 2085 340 438 2086 2086 356 448 2087 2087 348 393 2088 2088 356 448 2089 2089 349 395 2090 2090 349 395 2091 2091 356 448 2092 2092 350 449 2093 2093 349 395 2094 2094 350 449 2095 2095 298 397 2096 2096 298 397 2097 2097 350 449 2098 2098 355 450 2099 2099 298 397 2100 2100 355 450 2101 2101 300 399 2102 2102 300 399 2103 2103 355 450 2104 2104 301 384 2105 2105 301 384 2106 2106 355 450 2107 2107 351 383 2108 2108 351 383 2109 2109 355 450 2110 2110 352 451 2111 2111 351 383 2112 2112 352 451 2113 2113 353 381 2114 2114 353 381 2115 2115 352 451 2116 2116 290 139 2117 2117 354 141 2118 2118 290 139 2119 2119 352 451 2120 2120 354 141 2121 2121 352 451 2122 2122 91 143 2123 2123 91 143 2124 2124 352 451 2125 2125 355 450 2126 2126 91 143 2127 2127 355 450 2128 2128 92 145 2129 2129 92 145 2130 2130 355 450 2131 2131 350 449 2132 2132 92 145 2133 2133 350 449 2134 2134 356 448 2135 2135 92 145 2136 2136 356 448 2137 2137 340 438 2138 2138 92 145 2139 2139 340 438 2140 2140 357 144 2141 2141 357 144 2142 2142 340 438 2143 2143 358 436 2144 2144 357 144 2145 2145 358 436 2146 2146 90 142 2147 2147 90 142 2148 2148 358 436 2149 2149 359 435 2150 2150 90 142 2151 2151 359 435 2152 2152 89 140 2153 2153 89 140 2154 2154 359 435 2155 2155 338 434 2156 2156 89 140 2157 2157 338 434 2158 2158 360 138 2159 2159 360 138 2160 2160 338 434 2161 2161 361 374 2162 2162 361 374 2163 2163 338 434 2164 2164 339 437 2165 2165 361 374 2166 2166 339 437 2167 2167 284 375 2168 2168 284 375 2169 2169 339 437 2170 2170 362 439 2171 2171 284 375 2172 2172 362 439 2173 2173 285 376 2174 2174 285 376 2175 2175 362 439 2176 2176 341 441 2177 2177 285 376 2178 2178 341 441 2179 2179 286 377 2180 2180 286 377 2181 2181 341 441 2182 2182 363 443 2183 2183 286 377 2184 2184 363 443 2185 2185 288 378 2186 2186 288 378 2187 2187 363 443 2188 2188 344 445 2189 2189 288 378 2190 2190 344 445 2191 2191 289 379 2192 2192 289 379 2193 2193 344 445 2194 2194 345 446 2195 2195 289 379 2196 2196 345 446 2197 2197 364 452 2198 2198 289 379 2199 2199 364 452 2200 2200 291 380 2201 2201 291 380 2202 2202 364 452 2203 2203 370 453 2204 2204 370 453 2205 2205 364 452 2206 2206 365 454 2207 2207 365 454 2208 2208 364 452 2209 2209 345 446 2210 2210 365 454 2211 2211 345 446 2212 2212 346 447 2213 2213 365 454 2214 2214 346 447 2215 2215 370 453 2216 2216 370 453 2217 2217 346 447 2218 2218 348 393 2219 2219 370 453 2220 2220 348 393 2221 2221 366 455 2222 2222 366 455 2223 2223 348 393 2224 2224 367 391 2225 2225 366 455 2226 2226 367 391 2227 2227 372 456 2228 2228 372 456 2229 2229 367 391 2230 2230 295 389 2231 2231 372 456 2232 2232 295 389 2233 2233 368 388 2234 2234 372 456 2235 2235 368 388 2236 2236 369 457 2237 2237 369 457 2238 2238 368 388 2239 2239 291 380 2240 2240 369 457 2241 2241 291 380 2242 2242 370 453 2243 2243 369 457 2244 2244 370 453 2245 2245 371 458 2246 2246 371 458 2247 2247 370 453 2248 2248 366 455 2249 2249 371 458 2250 2250 366 455 2251 2251 372 456 2252 2252 371 458 2253 2253 372 456 2254 2254 369 457 2255 2255 310 402 2256 2256 309 392 2257 2257 296 394 2258 2258 310 402 2259 2259 296 394 2260 2260 373 401 2261 2261 373 401 2262 2262 296 394 2263 2263 374 400 2264 2264 374 400 2265 2265 296 394 2266 2266 297 396 2267 2267 374 400 2268 2268 297 396 2269 2269 299 398 2270 2270 333 420 2271 2271 375 423 2272 2272 697 459 2273 2273 333 420 2274 2274 697 459 2275 2275 84 130 2276 2276 84 130 2277 2277 697 459 2278 2278 376 460 2279 2279 84 130 2280 2280 376 460 2281 2281 695 129 2282 2282 377 461 2283 2283 457 462 2284 2284 378 463 2285 2285 377 461 2286 2286 378 463 2287 2287 455 464 2288 2288 455 464 2289 2289 378 463 2290 2290 379 465 2291 2291 455 464 2292 2292 379 465 2293 2293 250 322 2294 2294 250 322 2295 2295 379 465 2296 2296 380 325 2297 2297 380 325 2298 2298 379 465 2299 2299 381 466 2300 2300 380 325 2301 2301 381 466 2302 2302 248 324 2303 2303 248 324 2304 2304 381 466 2305 2305 440 467 2306 2306 248 324 2307 2307 440 467 2308 2308 452 468 2309 2309 452 468 2310 2310 440 467 2311 2311 382 469 2312 2312 382 469 2313 2313 440 467 2314 2314 383 470 2315 2315 384 471 2316 2316 385 472 2317 2317 398 473 2318 2318 398 473 2319 2319 385 472 2320 2320 679 474 2321 2321 398 473 2322 2322 679 474 2323 2323 643 475 2324 2324 398 473 2325 2325 643 475 2326 2326 658 476 2327 2327 658 476 2328 2328 643 475 2329 2329 387 477 2330 2330 658 476 2331 2331 387 477 2332 2332 386 478 2333 2333 386 478 2334 2334 387 477 2335 2335 392 479 2336 2336 392 479 2337 2337 387 477 2338 2338 388 480 2339 2339 392 479 2340 2340 388 480 2341 2341 389 481 2342 2342 389 481 2343 2343 388 480 2344 2344 390 482 2345 2345 389 481 2346 2346 390 482 2347 2347 391 483 2348 2348 391 483 2349 2349 606 484 2350 2350 389 481 2351 2351 389 481 2352 2352 606 484 2353 2353 545 433 2354 2354 389 481 2355 2355 545 433 2356 2356 541 432 2357 2357 389 481 2358 2358 541 432 2359 2359 392 479 2360 2360 392 479 2361 2361 541 432 2362 2362 393 485 2363 2363 393 485 2364 2364 541 432 2365 2365 394 486 2366 2366 393 485 2367 2367 394 486 2368 2368 395 422 2369 2369 393 485 2370 2370 395 422 2371 2371 396 487 2372 2372 396 487 2373 2373 395 422 2374 2374 659 488 2375 2375 659 488 2376 2376 395 422 2377 2377 334 421 2378 2378 659 488 2379 2379 334 421 2380 2380 397 132 2381 2381 659 488 2382 2382 397 132 2383 2383 658 476 2384 2384 658 476 2385 2385 397 132 2386 2386 398 473 2387 2387 398 473 2388 2388 397 132 2389 2389 86 133 2390 2390 398 473 2391 2391 86 133 2392 2392 384 471 2393 2393 399 489 2394 2394 494 490 2395 2395 400 491 2396 2396 399 489 2397 2397 400 491 2398 2398 473 492 2399 2399 473 492 2400 2400 400 491 2401 2401 401 493 2402 2402 473 492 2403 2403 401 493 2404 2404 474 494 2405 2405 474 494 2406 2406 401 493 2407 2407 402 495 2408 2408 474 494 2409 2409 402 495 2410 2410 475 496 2411 2411 427 497 2412 2412 429 498 2413 2413 403 499 2414 2414 427 497 2415 2415 403 499 2416 2416 426 500 2417 2417 426 500 2418 2418 403 499 2419 2419 430 501 2420 2420 426 500 2421 2421 430 501 2422 2422 404 502 2423 2423 404 502 2424 2424 430 501 2425 2425 408 503 2426 2426 404 502 2427 2427 408 503 2428 2428 405 504 2429 2429 405 504 2430 2430 408 503 2431 2431 409 505 2432 2432 405 504 2433 2433 409 505 2434 2434 433 506 2435 2435 433 506 2436 2436 409 505 2437 2437 406 507 2438 2438 433 506 2439 2439 406 507 2440 2440 432 508 2441 2441 432 508 2442 2442 406 507 2443 2443 412 509 2444 2444 432 508 2445 2445 412 509 2446 2446 413 510 2447 2447 432 508 2448 2448 413 510 2449 2449 431 511 2450 2450 431 511 2451 2451 413 510 2452 2452 407 512 2453 2453 431 511 2454 2454 407 512 2455 2455 430 501 2456 2456 430 501 2457 2457 407 512 2458 2458 408 503 2459 2459 408 503 2460 2460 407 512 2461 2461 413 510 2462 2462 408 503 2463 2463 413 510 2464 2464 409 505 2465 2465 409 505 2466 2466 413 510 2467 2467 410 513 2468 2468 409 505 2469 2469 410 513 2470 2470 406 507 2471 2471 406 507 2472 2472 410 513 2473 2473 411 191 2474 2474 406 507 2475 2475 411 191 2476 2476 412 509 2477 2477 412 509 2478 2478 411 191 2479 2479 127 194 2480 2480 412 509 2481 2481 127 194 2482 2482 415 189 2483 2483 412 509 2484 2484 415 189 2485 2485 414 514 2486 2486 412 509 2487 2487 414 514 2488 2488 413 510 2489 2489 413 510 2490 2490 414 514 2491 2491 410 513 2492 2492 410 513 2493 2493 414 514 2494 2494 415 189 2495 2495 410 513 2496 2496 415 189 2497 2497 416 190 2498 2498 410 513 2499 2499 416 190 2500 2500 411 191 2501 2501 421 515 2502 2502 417 516 2503 2503 418 517 2504 2504 421 515 2505 2505 418 517 2506 2506 419 518 2507 2507 419 518 2508 2508 418 517 2509 2509 428 519 2510 2510 428 519 2511 2511 418 517 2512 2512 417 516 2513 2513 428 519 2514 2514 417 516 2515 2515 420 520 2516 2516 420 520 2517 2517 417 516 2518 2518 421 515 2519 2519 420 520 2520 2520 421 515 2521 2521 422 521 2522 2522 422 521 2523 2523 421 515 2524 2524 425 522 2525 2525 422 521 2526 2526 425 522 2527 2527 423 523 2528 2528 423 523 2529 2529 425 522 2530 2530 424 524 2531 2531 423 523 2532 2532 424 524 2533 2533 405 504 2534 2534 405 504 2535 2535 424 524 2536 2536 404 502 2537 2537 404 502 2538 2538 424 524 2539 2539 425 522 2540 2540 404 502 2541 2541 425 522 2542 2542 426 500 2543 2543 426 500 2544 2544 425 522 2545 2545 421 515 2546 2546 426 500 2547 2547 421 515 2548 2548 427 497 2549 2549 427 497 2550 2550 421 515 2551 2551 419 518 2552 2552 427 497 2553 2553 419 518 2554 2554 428 519 2555 2555 427 497 2556 2556 428 519 2557 2557 429 498 2558 2558 429 498 2559 2559 428 519 2560 2560 420 520 2561 2561 429 498 2562 2562 420 520 2563 2563 403 499 2564 2564 403 499 2565 2565 420 520 2566 2566 422 521 2567 2567 403 499 2568 2568 422 521 2569 2569 430 501 2570 2570 430 501 2571 2571 422 521 2572 2572 423 523 2573 2573 430 501 2574 2574 423 523 2575 2575 431 511 2576 2576 431 511 2577 2577 423 523 2578 2578 405 504 2579 2579 431 511 2580 2580 405 504 2581 2581 432 508 2582 2582 432 508 2583 2583 405 504 2584 2584 433 506 2585 2585 505 525 2586 2586 444 526 2587 2587 434 527 2588 2588 434 527 2589 2589 444 526 2590 2590 446 528 2591 2591 434 527 2592 2592 446 528 2593 2593 436 529 2594 2594 436 529 2595 2595 446 528 2596 2596 435 530 2597 2597 436 529 2598 2598 435 530 2599 2599 437 531 2600 2600 436 529 2601 2601 437 531 2602 2602 508 532 2603 2603 508 532 2604 2604 437 531 2605 2605 438 533 2606 2606 438 533 2607 2607 437 531 2608 2608 383 470 2609 2609 438 533 2610 2610 383 470 2611 2611 440 467 2612 2612 438 533 2613 2613 440 467 2614 2614 439 534 2615 2615 439 534 2616 2616 440 467 2617 2617 499 535 2618 2618 499 535 2619 2619 440 467 2620 2620 381 466 2621 2621 499 535 2622 2622 381 466 2623 2623 379 465 2624 2624 499 535 2625 2625 379 465 2626 2626 441 536 2627 2627 441 536 2628 2628 379 465 2629 2629 378 463 2630 2630 441 536 2631 2631 378 463 2632 2632 471 537 2633 2633 471 537 2634 2634 378 463 2635 2635 472 538 2636 2636 472 538 2637 2637 378 463 2638 2638 457 462 2639 2639 472 538 2640 2640 457 462 2641 2641 708 539 2642 2642 708 539 2643 2643 457 462 2644 2644 442 540 2645 2645 442 540 2646 2646 457 462 2647 2647 693 541 2648 2648 460 542 2649 2649 443 543 2650 2650 444 526 2651 2651 444 526 2652 2652 443 543 2653 2653 445 544 2654 2654 444 526 2655 2655 445 544 2656 2656 446 528 2657 2657 446 528 2658 2658 445 544 2659 2659 551 545 2660 2660 446 528 2661 2661 551 545 2662 2662 447 546 2663 2663 446 528 2664 2664 447 546 2665 2665 435 530 2666 2666 435 530 2667 2667 447 546 2668 2668 448 547 2669 2669 435 530 2670 2670 448 547 2671 2671 437 531 2672 2672 437 531 2673 2673 448 547 2674 2674 464 548 2675 2675 437 531 2676 2676 464 548 2677 2677 465 549 2678 2678 437 531 2679 2679 465 549 2680 2680 383 470 2681 2681 383 470 2682 2682 465 549 2683 2683 449 550 2684 2684 383 470 2685 2685 449 550 2686 2686 382 469 2687 2687 382 469 2688 2688 449 550 2689 2689 450 551 2690 2690 382 469 2691 2691 450 551 2692 2692 452 468 2693 2693 452 468 2694 2694 450 551 2695 2695 451 552 2696 2696 452 468 2697 2697 451 552 2698 2698 694 553 2699 2699 452 468 2700 2700 694 553 2701 2701 248 324 2702 2702 248 324 2703 2703 694 553 2704 2704 453 323 2705 2705 453 323 2706 2706 694 553 2707 2707 454 554 2708 2708 453 323 2709 2709 454 554 2710 2710 250 322 2711 2711 250 322 2712 2712 454 554 2713 2713 455 464 2714 2714 455 464 2715 2715 454 554 2716 2716 456 555 2717 2717 455 464 2718 2718 456 555 2719 2719 377 461 2720 2720 377 461 2721 2721 456 555 2722 2722 696 556 2723 2723 377 461 2724 2724 696 556 2725 2725 457 462 2726 2726 457 462 2727 2727 696 556 2728 2728 698 557 2729 2729 457 462 2730 2730 698 557 2731 2731 459 558 2732 2732 459 558 2733 2733 698 557 2734 2734 458 559 2735 2735 459 558 2736 2736 458 559 2737 2737 699 560 2738 2738 459 558 2739 2739 699 560 2740 2740 460 542 2741 2741 460 542 2742 2742 699 560 2743 2743 461 561 2744 2744 460 542 2745 2745 461 561 2746 2746 443 543 2747 2747 443 543 2748 2748 461 561 2749 2749 462 562 2750 2750 443 543 2751 2751 462 562 2752 2752 445 544 2753 2753 445 544 2754 2754 462 562 2755 2755 701 563 2756 2756 445 544 2757 2757 701 563 2758 2758 551 545 2759 2759 551 545 2760 2760 701 563 2761 2761 463 564 2762 2762 463 564 2763 2763 701 563 2764 2764 702 565 2765 2765 463 564 2766 2766 702 565 2767 2767 448 547 2768 2768 448 547 2769 2769 702 565 2770 2770 464 548 2771 2771 464 548 2772 2772 702 565 2773 2773 704 566 2774 2774 464 548 2775 2775 704 566 2776 2776 466 567 2777 2777 464 548 2778 2778 466 567 2779 2779 465 549 2780 2780 465 549 2781 2781 466 567 2782 2782 449 550 2783 2783 449 550 2784 2784 466 567 2785 2785 467 568 2786 2786 449 550 2787 2787 467 568 2788 2788 450 551 2789 2789 645 569 2790 2790 469 570 2791 2791 460 542 2792 2792 645 569 2793 2793 460 542 2794 2794 644 571 2795 2795 644 571 2796 2796 460 542 2797 2797 468 572 2798 2798 468 572 2799 2799 460 542 2800 2800 444 526 2801 2801 468 572 2802 2802 444 526 2803 2803 505 525 2804 2804 468 572 2805 2805 505 525 2806 2806 645 569 2807 2807 645 569 2808 2808 505 525 2809 2809 503 573 2810 2810 645 569 2811 2811 503 573 2812 2812 469 570 2813 2813 469 570 2814 2814 503 573 2815 2815 470 574 2816 2816 469 570 2817 2817 470 574 2818 2818 459 558 2819 2819 459 558 2820 2820 470 574 2821 2821 693 541 2822 2822 693 541 2823 2823 470 574 2824 2824 501 575 2825 2825 693 541 2826 2826 501 575 2827 2827 442 540 2828 2828 442 540 2829 2829 501 575 2830 2830 471 537 2831 2831 442 540 2832 2832 471 537 2833 2833 472 538 2834 2834 399 489 2835 2835 473 492 2836 2836 474 494 2837 2837 399 489 2838 2838 474 494 2839 2839 476 576 2840 2840 476 576 2841 2841 474 494 2842 2842 475 496 2843 2843 476 576 2844 2844 475 496 2845 2845 498 327 2846 2846 476 576 2847 2847 498 327 2848 2848 477 577 2849 2849 477 577 2850 2850 498 327 2851 2851 269 326 2852 2852 477 577 2853 2853 269 326 2854 2854 483 578 2855 2855 483 578 2856 2856 269 326 2857 2857 478 358 2858 2858 483 578 2859 2859 478 358 2860 2860 480 579 2861 2861 480 579 2862 2862 478 358 2863 2863 265 355 2864 2864 480 579 2865 2865 265 355 2866 2866 479 186 2867 2867 480 579 2868 2868 479 186 2869 2869 481 116 2870 2870 480 579 2871 2871 481 116 2872 2872 483 578 2873 2873 483 578 2874 2874 481 116 2875 2875 482 114 2876 2876 483 578 2877 2877 482 114 2878 2878 70 111 2879 2879 483 578 2880 2880 70 111 2881 2881 477 577 2882 2882 477 577 2883 2883 70 111 2884 2884 476 576 2885 2885 476 576 2886 2886 70 111 2887 2887 484 110 2888 2888 476 576 2889 2889 484 110 2890 2890 399 489 2891 2891 399 489 2892 2892 484 110 2893 2893 485 109 2894 2894 399 489 2895 2895 485 109 2896 2896 486 107 2897 2897 399 489 2898 2898 486 107 2899 2899 494 490 2900 2900 494 490 2901 2901 486 107 2902 2902 68 106 2903 2903 494 490 2904 2904 68 106 2905 2905 487 580 2906 2906 487 580 2907 2907 68 106 2908 2908 488 581 2909 2909 488 581 2910 2910 68 106 2911 2911 489 119 2912 2912 488 581 2913 2913 489 119 2914 2914 73 118 2915 2915 488 581 2916 2916 73 118 2917 2917 490 582 2918 2918 490 582 2919 2919 73 118 2920 2920 261 196 2921 2921 490 582 2922 2922 261 196 2923 2923 491 348 2924 2924 490 582 2925 2925 491 348 2926 2926 492 346 2927 2927 490 582 2928 2928 492 346 2929 2929 488 581 2930 2930 488 581 2931 2931 492 346 2932 2932 493 343 2933 2933 488 581 2934 2934 493 343 2935 2935 487 580 2936 2936 487 580 2937 2937 493 343 2938 2938 507 583 2939 2939 487 580 2940 2940 507 583 2941 2941 494 490 2942 2942 494 490 2943 2943 507 583 2944 2944 495 584 2945 2945 494 490 2946 2946 495 584 2947 2947 400 491 2948 2948 400 491 2949 2949 495 584 2950 2950 496 585 2951 2951 400 491 2952 2952 496 585 2953 2953 401 493 2954 2954 401 493 2955 2955 496 585 2956 2956 510 586 2957 2957 401 493 2958 2958 510 586 2959 2959 402 495 2960 2960 402 495 2961 2961 510 586 2962 2962 497 587 2963 2963 402 495 2964 2964 497 587 2965 2965 475 496 2966 2966 475 496 2967 2967 497 587 2968 2968 438 533 2969 2969 475 496 2970 2970 438 533 2971 2971 439 534 2972 2972 475 496 2973 2973 439 534 2974 2974 498 327 2975 2975 498 327 2976 2976 439 534 2977 2977 499 535 2978 2978 498 327 2979 2979 499 535 2980 2980 441 536 2981 2981 498 327 2982 2982 441 536 2983 2983 251 328 2984 2984 251 328 2985 2985 441 536 2986 2986 471 537 2987 2987 251 328 2988 2988 471 537 2989 2989 500 331 2990 2990 500 331 2991 2991 471 537 2992 2992 253 333 2993 2993 253 333 2994 2994 471 537 2995 2995 501 575 2996 2996 253 333 2997 2997 501 575 2998 2998 254 335 2999 2999 254 335 3000 3000 501 575 3001 3001 502 588 3002 3002 502 588 3003 3003 501 575 3004 3004 470 574 3005 3005 502 588 3006 3006 470 574 3007 3007 503 573 3008 3008 502 588 3009 3009 503 573 3010 3010 254 335 3011 3011 254 335 3012 3012 503 573 3013 3013 504 336 3014 3014 504 336 3015 3015 503 573 3016 3016 505 525 3017 3017 504 336 3018 3018 505 525 3019 3019 506 338 3020 3020 506 338 3021 3021 505 525 3022 3022 257 340 3023 3023 257 340 3024 3024 505 525 3025 3025 434 527 3026 3026 257 340 3027 3027 434 527 3028 3028 507 583 3029 3029 507 583 3030 3030 434 527 3031 3031 436 529 3032 3032 507 583 3033 3033 436 529 3034 3034 508 532 3035 3035 507 583 3036 3036 508 532 3037 3037 495 584 3038 3038 495 584 3039 3039 508 532 3040 3040 438 533 3041 3041 495 584 3042 3042 438 533 3043 3043 509 589 3044 3044 495 584 3045 3045 509 589 3046 3046 496 585 3047 3047 496 585 3048 3048 509 589 3049 3049 510 586 3050 3050 647 590 3051 3051 513 591 3052 3052 63 97 3053 3053 63 97 3054 3054 513 591 3055 3055 521 592 3056 3056 63 97 3057 3057 521 592 3058 3058 64 98 3059 3059 64 98 3060 3060 521 592 3061 3061 590 593 3062 3062 590 593 3063 3063 521 592 3064 3064 520 594 3065 3065 590 593 3066 3066 520 594 3067 3067 511 595 3068 3068 511 595 3069 3069 520 594 3070 3070 519 596 3071 3071 511 595 3072 3072 519 596 3073 3073 512 597 3074 3074 512 597 3075 3075 519 596 3076 3076 517 598 3077 3077 512 597 3078 3078 517 598 3079 3079 647 590 3080 3080 647 590 3081 3081 517 598 3082 3082 515 599 3083 3083 647 590 3084 3084 515 599 3085 3085 513 591 3086 3086 513 591 3087 3087 515 599 3088 3088 514 600 3089 3089 514 600 3090 3090 515 599 3091 3091 516 601 3092 3092 516 601 3093 3093 515 599 3094 3094 517 598 3095 3095 516 601 3096 3096 517 598 3097 3097 518 602 3098 3098 518 602 3099 3099 517 598 3100 3100 519 596 3101 3101 518 602 3102 3102 519 596 3103 3103 520 594 3104 3104 518 602 3105 3105 520 594 3106 3106 557 603 3107 3107 557 603 3108 3108 520 594 3109 3109 521 592 3110 3110 557 603 3111 3111 521 592 3112 3112 558 604 3113 3113 558 604 3114 3114 521 592 3115 3115 513 591 3116 3116 558 604 3117 3117 513 591 3118 3118 522 605 3119 3119 522 605 3120 3120 513 591 3121 3121 514 600 3122 3122 258 341 3123 3123 257 340 3124 3124 493 343 3125 3125 493 343 3126 3126 257 340 3127 3127 507 583 3128 3128 527 306 3129 3129 528 606 3130 3130 523 307 3131 3131 523 307 3132 3132 528 606 3133 3133 524 607 3134 3134 523 307 3135 3135 524 607 3136 3136 525 308 3137 3137 525 308 3138 3138 524 607 3139 3139 547 608 3140 3140 525 308 3141 3141 547 608 3142 3142 236 309 3143 3143 236 309 3144 3144 547 608 3145 3145 526 609 3146 3146 236 309 3147 3147 526 609 3148 3148 234 305 3149 3149 234 305 3150 3150 526 609 3151 3151 549 610 3152 3152 234 305 3153 3153 549 610 3154 3154 527 306 3155 3155 527 306 3156 3156 549 610 3157 3157 550 611 3158 3158 527 306 3159 3159 550 611 3160 3160 528 606 3161 3161 536 612 3162 3162 529 613 3163 3163 530 614 3164 3164 536 612 3165 3165 530 614 3166 3166 531 615 3167 3167 531 615 3168 3168 530 614 3169 3169 532 616 3170 3170 531 615 3171 3171 532 616 3172 3172 539 617 3173 3173 531 615 3174 3174 539 617 3175 3175 535 618 3176 3176 535 618 3177 3177 539 617 3178 3178 533 619 3179 3179 533 619 3180 3180 539 617 3181 3181 635 373 3182 3182 533 619 3183 3183 635 373 3184 3184 534 620 3185 3185 533 619 3186 3186 534 620 3187 3187 634 621 3188 3188 533 619 3189 3189 634 621 3190 3190 535 618 3191 3191 535 618 3192 3192 634 621 3193 3193 633 622 3194 3194 535 618 3195 3195 633 622 3196 3196 690 623 3197 3197 690 623 3198 3198 633 622 3199 3199 536 612 3200 3200 536 612 3201 3201 633 622 3202 3202 537 624 3203 3203 536 612 3204 3204 537 624 3205 3205 529 613 3206 3206 529 613 3207 3207 537 624 3208 3208 631 625 3209 3209 529 613 3210 3210 631 625 3211 3211 630 367 3212 3212 529 613 3213 3213 630 367 3214 3214 530 614 3215 3215 530 614 3216 3216 630 367 3217 3217 640 626 3218 3218 530 614 3219 3219 640 626 3220 3220 538 627 3221 3221 530 614 3222 3222 538 627 3223 3223 638 628 3224 3224 530 614 3225 3225 638 628 3226 3226 532 616 3227 3227 532 616 3228 3228 638 628 3229 3229 539 617 3230 3230 539 617 3231 3231 638 628 3232 3232 637 629 3233 3233 539 617 3234 3234 637 629 3235 3235 636 630 3236 3236 539 617 3237 3237 636 630 3238 3238 635 373 3239 3239 541 432 3240 3240 540 426 3241 3241 335 424 3242 3242 541 432 3243 3243 335 424 3244 3244 394 486 3245 3245 394 486 3246 3246 335 424 3247 3247 395 422 3248 3248 576 631 3249 3249 577 632 3250 3250 574 633 3251 3251 574 633 3252 3252 577 632 3253 3253 582 634 3254 3254 574 633 3255 3255 582 634 3256 3256 585 635 3257 3257 585 635 3258 3258 582 634 3259 3259 542 636 3260 3260 543 637 3261 3261 584 430 3262 3262 605 638 3263 3263 605 638 3264 3264 584 430 3265 3265 544 431 3266 3266 605 638 3267 3267 544 431 3268 3268 606 484 3269 3269 606 484 3270 3270 544 431 3271 3271 545 433 3272 3272 550 611 3273 3273 552 639 3274 3274 528 606 3275 3275 528 606 3276 3276 552 639 3277 3277 546 640 3278 3278 528 606 3279 3279 546 640 3280 3280 524 607 3281 3281 524 607 3282 3282 546 640 3283 3283 553 641 3284 3284 524 607 3285 3285 553 641 3286 3286 547 608 3287 3287 547 608 3288 3288 553 641 3289 3289 548 642 3290 3290 547 608 3291 3291 548 642 3292 3292 526 609 3293 3293 526 609 3294 3294 548 642 3295 3295 549 610 3296 3296 549 610 3297 3297 548 642 3298 3298 554 643 3299 3299 549 610 3300 3300 554 643 3301 3301 550 611 3302 3302 550 611 3303 3303 554 643 3304 3304 552 639 3305 3305 552 639 3306 3306 554 643 3307 3307 551 545 3308 3308 552 639 3309 3309 551 545 3310 3310 463 564 3311 3311 552 639 3312 3312 463 564 3313 3313 546 640 3314 3314 546 640 3315 3315 463 564 3316 3316 448 547 3317 3317 546 640 3318 3318 448 547 3319 3319 553 641 3320 3320 553 641 3321 3321 448 547 3322 3322 447 546 3323 3323 553 641 3324 3324 447 546 3325 3325 555 644 3326 3326 555 644 3327 3327 447 546 3328 3328 551 545 3329 3329 555 644 3330 3330 551 545 3331 3331 554 643 3332 3332 555 644 3333 3333 554 643 3334 3334 548 642 3335 3335 555 644 3336 3336 548 642 3337 3337 553 641 3338 3338 626 645 3339 3339 556 646 3340 3340 516 601 3341 3341 626 645 3342 3342 516 601 3343 3343 625 647 3344 3344 625 647 3345 3345 516 601 3346 3346 518 602 3347 3347 625 647 3348 3348 518 602 3349 3349 611 648 3350 3350 611 648 3351 3351 518 602 3352 3352 557 603 3353 3353 611 648 3354 3354 557 603 3355 3355 612 649 3356 3356 612 649 3357 3357 557 603 3358 3358 558 604 3359 3359 612 649 3360 3360 558 604 3361 3361 614 650 3362 3362 614 650 3363 3363 558 604 3364 3364 522 605 3365 3365 614 650 3366 3366 522 605 3367 3367 556 646 3368 3368 556 646 3369 3369 522 605 3370 3370 514 600 3371 3371 556 646 3372 3372 514 600 3373 3373 516 601 3374 3374 573 651 3375 3375 559 652 3376 3376 572 653 3377 3377 573 651 3378 3378 572 653 3379 3379 575 50 3380 3380 575 50 3381 3381 572 653 3382 3382 560 47 3383 3383 560 47 3384 3384 572 653 3385 3385 571 654 3386 3386 560 47 3387 3387 571 654 3388 3388 23 45 3389 3389 23 45 3390 3390 571 654 3391 3391 570 655 3392 3392 23 45 3393 3393 570 655 3394 3394 22 44 3395 3395 22 44 3396 3396 570 655 3397 3397 568 656 3398 3398 22 44 3399 3399 568 656 3400 3400 567 657 3401 3401 22 44 3402 3402 567 657 3403 3403 561 123 3404 3404 561 123 3405 3405 567 657 3406 3406 565 658 3407 3407 561 123 3408 3408 565 658 3409 3409 76 120 3410 3410 76 120 3411 3411 565 658 3412 3412 564 659 3413 3413 76 120 3414 3414 564 659 3415 3415 5 11 3416 3416 5 11 3417 3417 564 659 3418 3418 4 8 3419 3419 4 8 3420 3420 564 659 3421 3421 563 660 3422 3422 4 8 3423 3423 563 660 3424 3424 562 6 3425 3425 562 6 3426 3426 563 660 3427 3427 596 661 3428 3428 596 661 3429 3429 563 660 3430 3430 564 659 3431 3431 596 661 3432 3432 564 659 3433 3433 594 662 3434 3434 594 662 3435 3435 564 659 3436 3436 565 658 3437 3437 594 662 3438 3438 565 658 3439 3439 566 663 3440 3440 566 663 3441 3441 565 658 3442 3442 567 657 3443 3443 566 663 3444 3444 567 657 3445 3445 569 664 3446 3446 569 664 3447 3447 567 657 3448 3448 568 656 3449 3449 569 664 3450 3450 568 656 3451 3451 570 655 3452 3452 569 664 3453 3453 570 655 3454 3454 592 665 3455 3455 592 665 3456 3456 570 655 3457 3457 571 654 3458 3458 592 665 3459 3459 571 654 3460 3460 591 666 3461 3461 591 666 3462 3462 571 654 3463 3463 572 653 3464 3464 591 666 3465 3465 572 653 3466 3466 589 667 3467 3467 589 667 3468 3468 572 653 3469 3469 559 652 3470 3470 589 667 3471 3471 559 652 3472 3472 587 668 3473 3473 587 668 3474 3474 559 652 3475 3475 573 651 3476 3476 587 668 3477 3477 573 651 3478 3478 586 669 3479 3479 586 669 3480 3480 573 651 3481 3481 585 635 3482 3482 585 635 3483 3483 573 651 3484 3484 574 633 3485 3485 574 633 3486 3486 573 651 3487 3487 575 50 3488 3488 574 633 3489 3489 575 50 3490 3490 576 631 3491 3491 576 631 3492 3492 575 50 3493 3493 607 49 3494 3494 576 631 3495 3495 607 49 3496 3496 577 632 3497 3497 577 632 3498 3498 607 49 3499 3499 578 37 3500 3500 577 632 3501 3501 578 37 3502 3502 579 36 3503 3503 577 632 3504 3504 579 36 3505 3505 582 634 3506 3506 582 634 3507 3507 579 36 3508 3508 580 670 3509 3509 580 670 3510 3510 579 36 3511 3511 15 35 3512 3512 580 670 3513 3513 15 35 3514 3514 700 671 3515 3515 700 671 3516 3516 581 428 3517 3517 580 670 3518 3518 580 670 3519 3519 581 428 3520 3520 583 429 3521 3521 580 670 3522 3522 583 429 3523 3523 582 634 3524 3524 582 634 3525 3525 583 429 3526 3526 542 636 3527 3527 542 636 3528 3528 583 429 3529 3529 584 430 3530 3530 542 636 3531 3531 584 430 3532 3532 585 635 3533 3533 585 635 3534 3534 584 430 3535 3535 543 637 3536 3536 585 635 3537 3537 543 637 3538 3538 586 669 3539 3539 586 669 3540 3540 543 637 3541 3541 605 638 3542 3542 586 669 3543 3543 605 638 3544 3544 67 105 3545 3545 586 669 3546 3546 67 105 3547 3547 587 668 3548 3548 587 668 3549 3549 67 105 3550 3550 588 103 3551 3551 587 668 3552 3552 588 103 3553 3553 65 100 3554 3554 587 668 3555 3555 65 100 3556 3556 589 667 3557 3557 589 667 3558 3558 65 100 3559 3559 64 98 3560 3560 589 667 3561 3561 64 98 3562 3562 590 593 3563 3563 589 667 3564 3564 590 593 3565 3565 591 666 3566 3566 591 666 3567 3567 590 593 3568 3568 511 595 3569 3569 591 666 3570 3570 511 595 3571 3571 592 665 3572 3572 592 665 3573 3573 511 595 3574 3574 512 597 3575 3575 592 665 3576 3576 512 597 3577 3577 569 664 3578 3578 569 664 3579 3579 512 597 3580 3580 646 672 3581 3581 569 664 3582 3582 646 672 3583 3583 110 166 3584 3584 569 664 3585 3585 110 166 3586 3586 566 663 3587 3587 566 663 3588 3588 110 166 3589 3589 593 165 3590 3590 566 663 3591 3591 593 165 3592 3592 594 662 3593 3593 594 662 3594 3594 593 165 3595 3595 595 174 3596 3596 594 662 3597 3597 595 174 3598 3598 596 661 3599 3599 596 661 3600 3600 595 174 3601 3601 597 173 3602 3602 596 661 3603 3603 597 173 3604 3604 652 673 3605 3605 596 661 3606 3606 652 673 3607 3607 562 6 3608 3608 562 6 3609 3609 652 673 3610 3610 598 4 3611 3611 598 4 3612 3612 652 673 3613 3613 599 2 3614 3614 599 2 3615 3615 652 673 3616 3616 600 101 3617 3617 599 2 3618 3618 600 101 3619 3619 601 0 3620 3620 601 0 3621 3621 600 101 3622 3622 602 102 3623 3623 601 0 3624 3624 602 102 3625 3625 603 1 3626 3626 603 1 3627 3627 602 102 3628 3628 66 104 3629 3629 603 1 3630 3630 66 104 3631 3631 604 674 3632 3632 604 674 3633 3633 66 104 3634 3634 390 482 3635 3635 390 482 3636 3636 66 104 3637 3637 67 105 3638 3638 390 482 3639 3639 67 105 3640 3640 391 483 3641 3641 391 483 3642 3642 67 105 3643 3643 605 638 3644 3644 391 483 3645 3645 605 638 3646 3646 606 484 3647 3647 578 37 3648 3648 607 49 3649 3649 608 48 3650 3650 578 37 3651 3651 608 48 3652 3652 16 38 3653 3653 16 38 3654 3654 608 48 3655 3655 24 46 3656 3656 16 38 3657 3657 24 46 3658 3658 18 39 3659 3659 18 39 3660 3660 24 46 3661 3661 609 43 3662 3662 18 39 3663 3663 609 43 3664 3664 610 40 3665 3665 623 675 3666 3666 625 647 3667 3667 611 648 3668 3668 623 675 3669 3669 611 648 3670 3670 613 676 3671 3671 613 676 3672 3672 611 648 3673 3673 612 649 3674 3674 613 676 3675 3675 612 649 3676 3676 614 650 3677 3677 613 676 3678 3678 614 650 3679 3679 615 677 3680 3680 615 677 3681 3681 614 650 3682 3682 556 646 3683 3683 615 677 3684 3684 556 646 3685 3685 616 678 3686 3686 616 678 3687 3687 556 646 3688 3688 626 645 3689 3689 616 678 3690 3690 626 645 3691 3691 621 679 3692 3692 621 679 3693 3693 626 645 3694 3694 624 680 3695 3695 621 679 3696 3696 624 680 3697 3697 617 681 3698 3698 617 681 3699 3699 624 680 3700 3700 618 682 3701 3701 617 681 3702 3702 618 682 3703 3703 620 683 3704 3704 620 683 3705 3705 618 682 3706 3706 619 684 3707 3707 620 683 3708 3708 619 684 3709 3709 622 685 3710 3710 620 683 3711 3711 622 685 3712 3712 617 681 3713 3713 617 681 3714 3714 622 685 3715 3715 621 679 3716 3716 616 678 3717 3717 621 679 3718 3718 622 685 3719 3719 616 678 3720 3720 622 685 3721 3721 615 677 3722 3722 615 677 3723 3723 622 685 3724 3724 619 684 3725 3725 615 677 3726 3726 619 684 3727 3727 613 676 3728 3728 613 676 3729 3729 619 684 3730 3730 618 682 3731 3731 613 676 3732 3732 618 682 3733 3733 623 675 3734 3734 623 675 3735 3735 618 682 3736 3736 624 680 3737 3737 623 675 3738 3738 624 680 3739 3739 625 647 3740 3740 625 647 3741 3741 624 680 3742 3742 626 645 3743 3743 627 342 3744 3744 628 344 3745 3745 630 367 3746 3746 630 367 3747 3747 628 344 3748 3748 629 345 3749 3749 630 367 3750 3750 629 345 3751 3751 259 347 3752 3752 630 367 3753 3753 259 347 3754 3754 277 349 3755 3755 276 366 3756 3756 630 367 3757 3757 631 625 3758 3758 276 366 3759 3759 631 625 3760 3760 274 365 3761 3761 274 365 3762 3762 631 625 3763 3763 537 624 3764 3764 274 365 3765 3765 537 624 3766 3766 633 622 3767 3767 274 365 3768 3768 633 622 3769 3769 632 364 3770 3770 632 364 3771 3771 633 622 3772 3772 273 363 3773 3773 273 363 3774 3774 633 622 3775 3775 634 621 3776 3776 273 363 3777 3777 634 621 3778 3778 534 620 3779 3779 273 363 3780 3780 534 620 3781 3781 271 362 3782 3782 271 362 3783 3783 534 620 3784 3784 635 373 3785 3785 635 373 3786 3786 636 630 3787 3787 282 372 3788 3788 282 372 3789 3789 636 630 3790 3790 637 629 3791 3791 282 372 3792 3792 637 629 3793 3793 281 371 3794 3794 281 371 3795 3795 637 629 3796 3796 638 628 3797 3797 281 371 3798 3798 638 628 3799 3799 280 370 3800 3800 280 370 3801 3801 638 628 3802 3802 278 369 3803 3803 278 369 3804 3804 638 628 3805 3805 538 627 3806 3806 278 369 3807 3807 538 627 3808 3808 639 368 3809 3809 639 368 3810 3810 538 627 3811 3811 640 626 3812 3812 639 368 3813 3813 640 626 3814 3814 630 367 3815 3815 653 686 3816 3816 641 687 3817 3817 392 479 3818 3818 653 686 3819 3819 392 479 3820 3820 393 485 3821 3821 604 674 3822 3822 390 482 3823 3823 388 480 3824 3824 604 674 3825 3825 388 480 3826 3826 642 688 3827 3827 642 688 3828 3828 388 480 3829 3829 387 477 3830 3830 642 688 3831 3831 387 477 3832 3832 643 475 3833 3833 642 688 3834 3834 643 475 3835 3835 678 689 3836 3836 678 689 3837 3837 643 475 3838 3838 679 474 3839 3839 644 571 3840 3840 468 572 3841 3841 645 569 3842 3842 646 672 3843 3843 512 597 3844 3844 647 590 3845 3845 646 672 3846 3846 647 590 3847 3847 648 690 3848 3848 648 690 3849 3849 647 590 3850 3850 63 97 3851 3851 648 690 3852 3852 63 97 3853 3853 649 691 3854 3854 649 691 3855 3855 63 97 3856 3856 650 99 3857 3857 649 691 3858 3858 650 99 3859 3859 600 101 3860 3860 649 691 3861 3861 600 101 3862 3862 651 692 3863 3863 651 692 3864 3864 600 101 3865 3865 652 673 3866 3866 651 692 3867 3867 652 673 3868 3868 597 173 3869 3869 651 692 3870 3870 597 173 3871 3871 113 171 3872 3872 651 692 3873 3873 113 171 3874 3874 649 691 3875 3875 649 691 3876 3876 113 171 3877 3877 648 690 3878 3878 648 690 3879 3879 113 171 3880 3880 111 168 3881 3881 648 690 3882 3882 111 168 3883 3883 646 672 3884 3884 646 672 3885 3885 111 168 3886 3886 110 166 3887 3887 653 686 3888 3888 393 485 3889 3889 654 693 3890 3890 654 693 3891 3891 393 485 3892 3892 396 487 3893 3893 654 693 3894 3894 396 487 3895 3895 659 488 3896 3896 654 693 3897 3897 659 488 3898 3898 656 694 3899 3899 392 479 3900 3900 641 687 3901 3901 655 695 3902 3902 392 479 3903 3903 655 695 3904 3904 386 478 3905 3905 386 478 3906 3906 655 695 3907 3907 658 476 3908 3908 658 476 3909 3909 655 695 3910 3910 657 696 3911 3911 641 687 3912 3912 653 686 3913 3913 655 695 3914 3914 655 695 3915 3915 653 686 3916 3916 654 693 3917 3917 655 695 3918 3918 654 693 3919 3919 656 694 3920 3920 655 695 3921 3921 656 694 3922 3922 657 696 3923 3923 658 476 3924 3924 657 696 3925 3925 656 694 3926 3926 658 476 3927 3927 656 694 3928 3928 659 488 3929 3929 661 360 3930 3930 660 361 3931 3931 635 373 3932 3932 661 360 3933 3933 635 373 3934 3934 268 359 3935 3935 268 359 3936 3936 635 373 3937 3937 267 357 3938 3938 267 357 3939 3939 635 373 3940 3940 266 356 3941 3941 459 558 3942 3942 460 542 3943 3943 469 570 3944 3944 384 471 3945 3945 86 133 3946 3946 662 131 3947 3947 384 471 3948 3948 662 131 3949 3949 663 23 3950 3950 663 23 3951 3951 662 131 3952 3952 85 21 3953 3953 663 23 3954 3954 85 21 3955 3955 664 22 3956 3956 677 418 3957 3957 673 419 3958 3958 672 697 3959 3959 677 418 3960 3960 672 697 3961 3961 676 698 3962 3962 676 698 3963 3963 672 697 3964 3964 665 699 3965 3965 676 698 3966 3966 665 699 3967 3967 675 700 3968 3968 675 700 3969 3969 665 699 3970 3970 670 701 3971 3971 675 700 3972 3972 670 701 3973 3973 666 702 3974 3974 666 702 3975 3975 670 701 3976 3976 668 703 3977 3977 666 702 3978 3978 668 703 3979 3979 674 704 3980 3980 674 704 3981 3981 668 703 3982 3982 667 705 3983 3983 671 706 3984 3984 667 705 3985 3985 668 703 3986 3986 671 706 3987 3987 668 703 3988 3988 669 707 3989 3989 669 707 3990 3990 668 703 3991 3991 670 701 3992 3992 669 707 3993 3993 670 701 3994 3994 665 699 3995 3995 669 707 3996 3996 665 699 3997 3997 671 706 3998 3998 671 706 3999 3999 665 699 4000 4000 672 697 4001 4001 671 706 4002 4002 672 697 4003 4003 667 705 4004 4004 667 705 4005 4005 672 697 4006 4006 673 419 4007 4007 667 705 4008 4008 673 419 4009 4009 674 704 4010 4010 674 704 4011 4011 673 419 4012 4012 327 414 4013 4013 674 704 4014 4014 327 414 4015 4015 666 702 4016 4016 666 702 4017 4017 327 414 4018 4018 329 415 4019 4019 666 702 4020 4020 329 415 4021 4021 675 700 4022 4022 675 700 4023 4023 329 415 4024 4024 331 416 4025 4025 675 700 4026 4026 331 416 4027 4027 332 417 4028 4028 675 700 4029 4029 332 417 4030 4030 676 698 4031 4031 676 698 4032 4032 332 417 4033 4033 677 418 4034 4034 604 674 4035 4035 642 688 4036 4036 603 1 4037 4037 603 1 4038 4038 642 688 4039 4039 678 689 4040 4040 603 1 4041 4041 678 689 4042 4042 0 3 4043 4043 0 3 4044 4044 678 689 4045 4045 679 474 4046 4046 0 3 4047 4047 679 474 4048 4048 1 5 4049 4049 1 5 4050 4050 679 474 4051 4051 385 472 4052 4052 1 5 4053 4053 385 472 4054 4054 663 23 4055 4055 663 23 4056 4056 385 472 4057 4057 384 471 4058 4058 685 708 4059 4059 683 709 4060 4060 686 710 4061 4061 686 710 4062 4062 683 709 4063 4063 680 711 4064 4064 686 710 4065 4065 680 711 4066 4066 681 712 4067 4067 681 712 4068 4068 680 711 4069 4069 682 713 4070 4070 682 713 4071 4071 680 711 4072 4072 683 709 4073 4073 682 713 4074 4074 683 709 4075 4075 684 714 4076 4076 684 714 4077 4077 683 709 4078 4078 685 708 4079 4079 684 714 4080 4080 685 708 4081 4081 689 715 4082 4082 689 715 4083 4083 685 708 4084 4084 686 710 4085 4085 689 715 4086 4086 686 710 4087 4087 687 716 4088 4088 687 716 4089 4089 686 710 4090 4090 692 717 4091 4091 687 716 4092 4092 692 717 4093 4093 688 718 4094 4094 687 716 4095 4095 688 718 4096 4096 689 715 4097 4097 689 715 4098 4098 688 718 4099 4099 684 714 4100 4100 684 714 4101 4101 688 718 4102 4102 690 623 4103 4103 684 714 4104 4104 690 623 4105 4105 682 713 4106 4106 682 713 4107 4107 690 623 4108 4108 536 612 4109 4109 682 713 4110 4110 536 612 4111 4111 681 712 4112 4112 681 712 4113 4113 536 612 4114 4114 531 615 4115 4115 681 712 4116 4116 531 615 4117 4117 691 719 4118 4118 681 712 4119 4119 691 719 4120 4120 686 710 4121 4121 686 710 4122 4122 691 719 4123 4123 692 717 4124 4124 692 717 4125 4125 691 719 4126 4126 531 615 4127 4127 692 717 4128 4128 531 615 4129 4129 535 618 4130 4130 692 717 4131 4131 535 618 4132 4132 688 718 4133 4133 688 718 4134 4134 535 618 4135 4135 690 623 4136 4136 459 558 4137 4137 693 541 4138 4138 457 462 4139 4139 454 554 4140 4140 694 553 4141 4141 707 128 4142 4142 454 554 4143 4143 707 128 4144 4144 456 555 4145 4145 456 555 4146 4146 707 128 4147 4147 695 129 4148 4148 456 555 4149 4149 695 129 4150 4150 696 556 4151 4151 696 556 4152 4152 695 129 4153 4153 376 460 4154 4154 696 556 4155 4155 376 460 4156 4156 697 459 4157 4157 696 556 4158 4158 697 459 4159 4159 698 557 4160 4160 698 557 4161 4161 697 459 4162 4162 375 423 4163 4163 698 557 4164 4164 375 423 4165 4165 458 559 4166 4166 458 559 4167 4167 375 423 4168 4168 699 560 4169 4169 699 560 4170 4170 375 423 4171 4171 336 425 4172 4172 699 560 4173 4173 336 425 4174 4174 461 561 4175 4175 461 561 4176 4176 336 425 4177 4177 337 427 4178 4178 461 561 4179 4179 337 427 4180 4180 581 428 4181 4181 461 561 4182 4182 581 428 4183 4183 462 562 4184 4184 462 562 4185 4185 581 428 4186 4186 700 671 4187 4187 462 562 4188 4188 700 671 4189 4189 701 563 4190 4190 701 563 4191 4191 700 671 4192 4192 702 565 4193 4193 702 565 4194 4194 700 671 4195 4195 15 35 4196 4196 702 565 4197 4197 15 35 4198 4198 704 566 4199 4199 704 566 4200 4200 15 35 4201 4201 703 34 4202 4202 704 566 4203 4203 703 34 4204 4204 705 32 4205 4205 704 566 4206 4206 705 32 4207 4207 466 567 4208 4208 466 567 4209 4209 705 32 4210 4210 13 29 4211 4211 466 567 4212 4212 13 29 4213 4213 467 568 4214 4214 467 568 4215 4215 13 29 4216 4216 450 551 4217 4217 450 551 4218 4218 13 29 4219 4219 706 27 4220 4220 450 551 4221 4221 706 27 4222 4222 451 552 4223 4223 451 552 4224 4224 706 27 4225 4225 12 25 4226 4226 451 552 4227 4227 12 25 4228 4228 83 24 4229 4229 451 552 4230 4230 83 24 4231 4231 694 553 4232 4232 694 553 4233 4233 83 24 4234 4234 707 128 4235 4235 708 539 4236 4236 442 540 4237 4237 472 538 4238 4238 3 9 4239 4239 11 20 4240 4240 8 17 4241 4241 3 9 4242 4242 8 17 4243 4243 709 10 4244 4244 709 10 4245 4245 8 17 4246 4246 7 14 4247 4247 709 10 4248 4248 7 14 4249 4249 6 12 4250 4250 240 315 4251 4251 710 313 4252 4252 711 208 4253 4253 240 315 4254 4254 711 208 4255 4255 242 317 4256 4256 242 317 4257 4257 711 208 4258 4258 712 210 4259 4259 242 317 4260 4260 712 210 4261 4261 244 319 4262 4262 244 319 4263 4263 712 210 4264 4264 713 211 4265 4265 244 319 4266 4266 713 211 4267 4267 245 310 4268 4268 245 310 4269 4269 713 211 4270 4270 714 205 4271 4271 245 310 4272 4272 714 205 4273 4273 238 311 4274 4274 238 311 4275 4275 714 205 4276 4276 135 206 4277 4277 238 311 4278 4278 135 206 4279 4279 710 313 4280 4280 710 313 4281 4281 135 206 4282 4282 711 208 4283 4283 715 125 4284 4284 716 124 4285 4285 717 126 4286 4286 717 126 4287 4287 716 124 4288 4288 77 122 4289 4289 717 126 4290 4290 77 122 4291 4291 79 127 4292 4292 79 127 4293 4293 77 122 4294 4294 718 121 4295 4295 79 127 4296 4296 718 121 4297 4297 80 15 4298 4298 80 15 4299 4299 718 121 4300 4300 719 13 4301 4301</p>
        </triangles>
      </mesh>
    </geometry>
    <geometry id="unnamed_004-mesh" name="unnamed.004">
      <mesh>
        <source id="unnamed_004-mesh-positions">
          <float_array id="unnamed_004-mesh-positions-array" count="147">-0.06465899 -0.1767833 0.9257729 -0.10185 -0.1607832 0.9239379 -0.116909 -0.1065112 0.9235399 -0.03500199 -0.08250123 0.826668 -0.03223699 -0.1443092 0.8269299 -0.05788999 -0.1565902 0.8239099 -0.05922597 -0.1043622 0.7213449 -0.08248597 -0.1433832 0.8210209 -0.06983095 -0.0749312 0.722364 -0.09456896 -0.09947919 0.819543 -0.05361199 -0.05813419 0.728676 -0.06753295 -0.07616221 0.822814 -0.01709598 -0.0875222 0.7362059 -0.01721197 -0.1123833 0.8288519 -0.024625 -0.1092372 0.731435 -0.04121297 -0.1153562 0.7240699 -0.04109698 -0.06729215 0.668962 -0.04990696 -0.05066519 0.668962 -0.04320996 -0.03973418 0.668962 -0.02532094 -0.04324615 0.668962 -0.03076195 -0.06295818 0.73356 -0.01684099 -0.05819618 0.668962 -0.01945799 -0.0718972 0.668962 -0.02893596 -0.07331317 0.668962 -0.08558899 -0.03820735 1.181598 -0.03593999 -0.02297633 1.172674 -0.076276 -0.02295333 1.099187 -0.06304198 -0.01742935 1.174601 -0.09969097 -0.1087083 1.128737 -0.07261496 -0.07246333 1.19016 -0.04993999 -0.03897631 1.195467 -0.02362698 -0.0485813 1.178358 -0.02534198 -0.1157363 1.124247 -0.00909096 -0.07051134 1.10794 -0.02810198 -0.03156328 1.097522 -0.03254395 -0.05159425 1.009885 -0.11156 -0.05129331 1.112034 -0.1143079 -0.1457313 1.030508 -0.06915497 -0.1668873 1.034198 -0.063129 -0.1259083 1.131211 -0.04455596 -0.07709336 1.189165 -0.02902299 -0.1506763 1.027695 -0.01296395 -0.09320229 1.015681 -0.01658195 -0.1195663 0.9262519 -0.03878998 -0.08106523 0.925682 -0.08753299 -0.04192429 1.011211 -0.08679795 -0.07194226 0.924467 -0.122783 -0.07508426 1.018889 -0.03487795 -0.1693403 0.9264299</float_array>
          <technique_common>
            <accessor source="#unnamed_004-mesh-positions-array" count="49" stride="3">
              <param name="X" type="float"/>
              <param name="Y" type="float"/>
              <param name="Z" type="float"/>
            </accessor>
          </technique_common>
        </source>
        <source id="unnamed_004-mesh-normals">
          <float_array id="unnamed_004-mesh-normals-array" count="147">-0.08100491 -0.9950359 -0.05780905 -0.7308351 -0.6721401 -0.1187767 -0.7185094 -0.6217057 -0.3118114 -0.9693957 0.1729525 -0.1742398 -0.9473051 0.2518371 -0.1979678 -0.3435876 0.9153517 -0.20995 -0.2641487 0.9640563 0.02865535 0.5843183 0.7969229 -0.1532513 0.5801246 0.8083829 0.09986352 0.9996108 0.02762115 0.003940403 0.9990396 0.02390623 -0.03672134 0.7105632 -0.6838948 -0.1654927 0.6504192 -0.7591255 -0.02614516 -0.01256197 -0.9545167 -0.2978931 -0.6558448 -0.5775151 -0.4861524 -0.9522917 0.2005803 -0.2300173 -0.3293097 0.929011 0.1688007 0.5533803 0.7975435 0.240197 0.9953997 0.08848983 0.03672999 0.7423381 -0.6253056 -0.2406806 0.02370637 -0.8786355 -0.4769042 -0.5868972 -0.5520675 -0.5922612 -0.9380069 0.1944109 -0.2869625 -0.2918688 0.934626 0.2031918 0.5346609 0.7917904 0.2953062 0.9622067 0.2472046 0.1142287 0.7810467 -0.5317866 -0.327367 -0.1076026 -0.7787203 -0.6180748 -0.1862015 0.919345 0.3466034 -0.7229334 0.3617786 0.5886286 0.1457298 0.3157911 0.9375708 0.5537459 0.7789522 0.294277 0.8588241 0.1093958 0.5004537 0.9953256 0.07528668 0.06048917 0.6102342 0.7826309 -0.1228954 -0.2560283 0.9611536 -0.1031178 -0.9166214 0.3728575 0.1441622 -0.7486613 -0.5057092 0.4286776 -0.4301005 -0.3605428 0.8276609 0.3488063 -0.4797937 0.8050667 0.6984241 -0.6240596 0.350362 0.7421477 -0.6563197 0.1358724 0.9949682 0.07238888 -0.06926923 0.587981 0.7698076 -0.248344 -0.3043789 0.9200875 -0.2465613 -0.9431435 0.3268398 -0.06046628 -0.7996845 -0.5778141 0.1632047 -0.03956061 -0.9682282 0.2469192 -0.05110949 -0.863062 0.5025057</float_array>
          <technique_common>
            <accessor source="#unnamed_004-mesh-normals-array" count="49" stride="3">
              <param name="X" type="float"/>
              <param name="Y" type="float"/>
              <param name="Z" type="float"/>
            </accessor>
          </technique_common>
        </source>
        <source id="unnamed_004-mesh-map-0">
          <float_array id="unnamed_004-mesh-map-0-array" count="534">0.06229996 0.4913 0.04379999 0.4881 0.05349999 0.3014 0.05349999 0.3014 0.04379999 0.4881 0.0363 0.4877 0.05349999 0.3014 0.0363 0.4877 0.04750001 0.2989 0.04750001 0.2989 0.0363 0.4877 0.05129998 0.4895 0.04750001 0.2989 0.05129998 0.4895 0.06089997 0.305 0.06089997 0.305 0.05129998 0.4895 0.07519996 0.4917 0.06089997 0.305 0.07519996 0.4917 0.07709997 0.3119 0.07709997 0.3119 0.07519996 0.4917 0.0859 0.3157 0.0859 0.3157 0.07519996 0.4917 0.08619999 0.4925 0.0859 0.3157 0.08619999 0.4925 0.07839995 0.3121 0.07839995 0.3121 0.08619999 0.4925 0.07709997 0.4926 0.07839995 0.3121 0.07709997 0.4926 0.06569999 0.3065 0.06569999 0.3065 0.07709997 0.4926 0.06229996 0.4913 0.06569999 0.3065 0.06229996 0.4913 0.05349999 0.3014 0.06569999 0.3065 0.05349999 0.3014 0.06499999 0.1205999 0.06499999 0.1205999 0.05349999 0.3014 0.05970001 0.1226 0.05970001 0.1226 0.05349999 0.3014 0.04750001 0.2989 0.05970001 0.1226 0.04750001 0.2989 0.06779998 0.1341999 0.06779998 0.1341999 0.04750001 0.2989 0.06089997 0.305 0.06779998 0.1341999 0.06089997 0.305 0.07919996 0.143 0.07919996 0.143 0.06089997 0.305 0.07709997 0.3119 0.07919996 0.143 0.07709997 0.3119 0.0859 0.1477 0.0859 0.1477 0.07709997 0.3119 0.0859 0.3157 0.0859 0.1477 0.0859 0.3157 0.08219999 0.1388999 0.08219999 0.1388999 0.0859 0.3157 0.07839995 0.3121 0.08219999 0.1388999 0.07839995 0.3121 0.074 0.1254999 0.074 0.1254999 0.07839995 0.3121 0.06569999 0.3065 0.074 0.1254999 0.06569999 0.3065 0.06499999 0.1205999 0.074 0.1254999 0.06499999 0.1205999 0.074 0.02569997 0.074 0.02569997 0.06499999 0.1205999 0.06959998 0.02579998 0.06959998 0.02579998 0.06499999 0.1205999 0.05970001 0.1226 0.06959998 0.02579998 0.05970001 0.1226 0.07300001 0.0259 0.07300001 0.0259 0.05970001 0.1226 0.06779998 0.1341999 0.07300001 0.0259 0.06779998 0.1341999 0.0819 0.0259 0.0819 0.0259 0.06779998 0.1341999 0.07919996 0.143 0.0819 0.0259 0.07919996 0.143 0.08609998 0.02579998 0.08609998 0.02579998 0.07919996 0.143 0.0859 0.1477 0.08609998 0.02579998 0.0859 0.1477 0.0848 0.02569997 0.0848 0.02569997 0.0859 0.1477 0.08219999 0.1388999 0.0848 0.02569997 0.08219999 0.1388999 0.074 0.1254999 0.0848 0.02569997 0.074 0.1254999 0.08009999 0.02569997 0.08009999 0.02569997 0.074 0.1254999 0.074 0.02569997 0.06309998 0.9439 0.05189996 0.9565 0.06959998 0.9817 0.06309998 0.9439 0.06959998 0.9817 0.07659995 0.9404 0.07659995 0.9404 0.06959998 0.9817 0.08270001 0.9506 0.07659995 0.9404 0.08270001 0.9506 0.08989995 0.8226 0.07659995 0.9404 0.08989995 0.8226 0.0805 0.8039 0.07659995 0.9404 0.0805 0.8039 0.06309998 0.9439 0.06309998 0.9439 0.0805 0.8039 0.05649995 0.807 0.06309998 0.9439 0.05649995 0.807 0.03899997 0.8301 0.06309998 0.9439 0.03899997 0.8301 0.05189996 0.9565 0.05189996 0.9565 0.03899997 0.8301 0.0449 0.8601 0.05189996 0.9565 0.0449 0.8601 0.05839997 0.9719 0.05189996 0.9565 0.05839997 0.9719 0.06959998 0.9817 0.06959998 0.9817 0.05839997 0.9719 0.07229995 0.97 0.06959998 0.9817 0.07229995 0.97 0.08270001 0.9506 0.08270001 0.9506 0.07229995 0.97 0.0819 0.8519 0.08270001 0.9506 0.0819 0.8519 0.08989995 0.8226 0.08989995 0.8226 0.0819 0.8519 0.07999998 0.6765 0.08989995 0.8226 0.07999998 0.6765 0.08799999 0.655 0.08989995 0.8226 0.08799999 0.655 0.0805 0.8039 0.0805 0.8039 0.08799999 0.655 0.07829999 0.6447 0.0805 0.8039 0.07829999 0.6447 0.05649995 0.807 0.05649995 0.807 0.07829999 0.6447 0.05089998 0.6472 0.05649995 0.807 0.05089998 0.6472 0.03899997 0.8301 0.03899997 0.8301 0.05089998 0.6472 0.03339999 0.6609 0.03899997 0.8301 0.03339999 0.6609 0.03759998 0.6816 0.03899997 0.8301 0.03759998 0.6816 0.0449 0.8601 0.0449 0.8601 0.03759998 0.6816 0.06009995 0.6882 0.0449 0.8601 0.06009995 0.6882 0.06309998 0.8645 0.0449 0.8601 0.06309998 0.8645 0.05839997 0.9719 0.05839997 0.9719 0.06309998 0.8645 0.07229995 0.97 0.07229995 0.97 0.06309998 0.8645 0.0819 0.8519 0.0819 0.8519 0.06309998 0.8645 0.06009995 0.6882 0.0819 0.8519 0.06009995 0.6882 0.07999998 0.6765 0.07999998 0.6765 0.06009995 0.6882 0.07709997 0.4926 0.07999998 0.6765 0.07709997 0.4926 0.08799999 0.655 0.08799999 0.655 0.07709997 0.4926 0.08619999 0.4925 0.08799999 0.655 0.08619999 0.4925 0.07829999 0.6447 0.07829999 0.6447 0.08619999 0.4925 0.07519996 0.4917 0.07829999 0.6447 0.07519996 0.4917 0.05089998 0.6472 0.05089998 0.6472 0.07519996 0.4917 0.05129998 0.4895 0.05089998 0.6472 0.05129998 0.4895 0.03339999 0.6609 0.03339999 0.6609 0.05129998 0.4895 0.0363 0.4877 0.03339999 0.6609 0.0363 0.4877 0.03759998 0.6816 0.03759998 0.6816 0.0363 0.4877 0.04379999 0.4881 0.03759998 0.6816 0.04379999 0.4881 0.06009995 0.6882 0.06009995 0.6882 0.04379999 0.4881 0.06229996 0.4913 0.06009995 0.6882 0.06229996 0.4913 0.07709997 0.4926</float_array>
          <technique_common>
            <accessor source="#unnamed_004-mesh-map-0-array" count="267" stride="2">
              <param name="S" type="float"/>
              <param name="T" type="float"/>
            </accessor>
          </technique_common>
        </source>
        <source id="unnamed_004-mesh-colors-Col" name="Col">
          <float_array id="unnamed_004-mesh-colors-Col-array" count="1068">0 0 0 1 0 0 0 1 0 0 0 1 0 0 0 1 0 0 0 1 0 0 0 1 0 0 0 1 0 0 0 1 0 0 0 1 0 0 0 1 0 0 0 1 0 0 0 1 0 0 0 1 0 0 0 1 0 0 0 1 0 0 0 1 0 0 0 1 0 0 0 1 0 0 0 1 0 0 0 1 0 0 0 1 0 0 0 1 0 0 0 1 0 0 0 1 0 0 0 1 0 0 0 1 0 0 0 1 0 0 0 1 0 0 0 1 0 0 0 1 0 0 0 1 0 0 0 1 0 0 0 1 0 0 0 1 0 0 0 1 0 0 0 1 0 0 0 1 0 0 0 1 0 0 0 1 0 0 0 1 0 0 0 1 0 0 0 1 0 0 0 1 0 0 0 1 0 0 0 1 0 0 0 1 0 0 0 1 0 0 0 1 0 0 0 1 0 0 0 1 0 0 0 1 0 0 0 1 0 0 0 1 0 0 0 1 0 0 0 1 0 0 0 1 0 0 0 1 0 0 0 1 0 0 0 1 0 0 0 1 0 0 0 1 0 0 0 1 0 0 0 1 0 0 0 1 0 0 0 1 0 0 0 1 0 0 0 1 0 0 0 1 0 0 0 1 0 0 0 1 0 0 0 1 0 0 0 1 0 0 0 1 0 0 0 1 0 0 0 1 0 0 0 1 0 0 0 1 0 0 0 1 0 0 0 1 0 0 0 1 0 0 0 1 0 0 0 1 0 0 0 1 0 0 0 1 0 0 0 1 0 0 0 1 0 0 0 1 0 0 0 1 0 0 0 1 0 0 0 1 0 0 0 1 0 0 0 1 0 0 0 1 0 0 0 1 0 0 0 1 0 0 0 1 0 0 0 1 0 0 0 1 0 0 0 1 0 0 0 1 0 0 0 1 0 0 0 1 0 0 0 1 0 0 0 1 0 0 0 1 0 0 0 1 0 0 0 1 0 0 0 1 0 0 0 1 0 0 0 1 0 0 0 1 0 0 0 1 0 0 0 1 0 0 0 1 0 0 0 1 0 0 0 1 0 0 0 1 0 0 0 1 0 0 0 1 0 0 0 1 0 0 0 1 0 0 0 1 0 0 0 1 0 0 0 1 0 0 0 1 0 0 0 1 0 0 0 1 0 0 0 1 0 0 0 1 0 0 0 1 0 0 0 1 0 0 0 1 0 0 0 1 0 0 0 1 0 0 0 1 0 0 0 1 0 0 0 1 0 0 0 1 0 0 0 1 0 0 0 1 0 0 0 1 0 0 0 1 0 0 0 1 0 0 0 1 0 0 0 1 0 0 0 1 0 0 0 1 0 0 0 1 0 0 0 1 0 0 0 1 0 0 0 1 0 0 0 1 0 0 0 1 0 0 0 1 0 0 0 1 0 0 0 1 0 0 0 1 0 0 0 1 0 0 0 1 0 0 0 1 0 0 0 1 0 0 0 1 0 0 0 1 0 0 0 1 0 0 0 1 0 0 0 1 0 0 0 1 0 0 0 1 0 0 0 1 0 0 0 1 0 0 0 1 0 0 0 1 0 0 0 1 0 0 0 1 0 0 0 1 0 0 0 1 0 0 0 1 0 0 0 1 0 0 0 1 0 0 0 1 0 0 0 1 0 0 0 1 0 0 0 1 0 0 0 1 0 0 0 1 0 0 0 1 0 0 0 1 0 0 0 1 0 0 0 1 0 0 0 1 0 0 0 1 0 0 0 1 0 0 0 1 0 0 0 1 0 0 0 1 0 0 0 1 0 0 0 1 0 0 0 1 0 0 0 1 0 0 0 1 0 0 0 1 0 0 0 1 0 0 0 1 0 0 0 1 0 0 0 1 0 0 0 1 0 0 0 1 0 0 0 1 0 0 0 1 0 0 0 1 0 0 0 1 0 0 0 1 0 0 0 1 0 0 0 1 0 0 0 1 0 0 0 1 0 0 0 1 0 0 0 1 0 0 0 1 0 0 0 1 0 0 0 1 0 0 0 1 0 0 0 1 0 0 0 1 0 0 0 1 0 0 0 1 0 0 0 1 0 0 0 1 0 0 0 1 0 0 0 1 0 0 0 1 0 0 0 1 0 0 0 1 0 0 0 1 0 0 0 1 0 0 0 1 0 0 0 1 0 0 0 1 0 0 0 1 0 0 0 1 0 0 0 1 0 0 0 1 0 0 0 1 0 0 0 1 0 0 0 1 0 0 0 1 0 0 0 1 0 0 0 1 0 0 0 1 0 0 0 1 0 0 0 1 0 0 0 1 0 0 0 1 0 0 0 1 0 0 0 1 0 0 0 1 0 0 0 1 0 0 0 1 0 0 0 1 0 0 0 1 0 0 0 1 0 0 0 1 0 0 0 1 0 0 0 1 0 0 0 1 0 0 0 1 0 0 0 1</float_array>
          <technique_common>
            <accessor source="#unnamed_004-mesh-colors-Col-array" count="267" stride="4">
              <param name="R" type="float"/>
              <param name="G" type="float"/>
              <param name="B" type="float"/>
              <param name="A" type="float"/>
            </accessor>
          </technique_common>
        </source>
        <vertices id="unnamed_004-mesh-vertices">
          <input semantic="POSITION" source="#unnamed_004-mesh-positions"/>
        </vertices>
        <triangles material="unnamed_002-material" count="89">
          <input semantic="VERTEX" source="#unnamed_004-mesh-vertices" offset="0"/>
          <input semantic="NORMAL" source="#unnamed_004-mesh-normals" offset="1"/>
          <input semantic="TEXCOORD" source="#unnamed_004-mesh-map-0" offset="2" set="0"/>
          <input semantic="COLOR" source="#unnamed_004-mesh-colors-Col" offset="3" set="0"/>
          <p>0 0 0 0 1 1 1 1 7 2 2 2 7 2 3 3 1 1 4 4 2 3 5 5 7 2 6 6 2 3 7 7 9 4 8 8 9 4 9 9 2 3 10 10 46 5 11 11 9 4 12 12 46 5 13 13 11 6 14 14 11 6 15 15 46 5 16 16 44 7 17 17 11 6 18 18 44 7 19 19 3 8 20 20 3 8 21 21 44 7 22 22 13 9 23 23 13 9 24 24 44 7 25 25 43 10 26 26 13 9 27 27 43 10 28 28 4 11 29 29 4 11 30 30 43 10 31 31 48 12 32 32 4 11 33 33 48 12 34 34 5 13 35 35 5 13 36 36 48 12 37 37 0 0 38 38 5 13 39 39 0 0 40 40 7 2 41 41 5 13 42 42 7 2 43 43 6 14 44 44 6 14 45 45 7 2 46 46 8 15 47 47 8 15 48 48 7 2 49 49 9 4 50 50 8 15 51 51 9 4 52 52 10 16 53 53 10 16 54 54 9 4 55 55 11 6 56 56 10 16 57 57 11 6 58 58 20 17 59 59 20 17 60 60 11 6 61 61 3 8 62 62 20 17 63 63 3 8 64 64 12 18 65 65 12 18 66 66 3 8 67 67 13 9 68 68 12 18 69 69 13 9 70 70 14 19 71 71 14 19 72 72 13 9 73 73 4 11 74 74 14 19 75 75 4 11 76 76 15 20 77 77 15 20 78 78 4 11 79 79 5 13 80 80 15 20 81 81 5 13 82 82 6 14 83 83 15 20 84 84 6 14 85 85 16 21 86 86 16 21 87 87 6 14 88 88 17 22 89 89 17 22 90 90 6 14 91 91 8 15 92 92 17 22 93 93 8 15 94 94 18 23 95 95 18 23 96 96 8 15 97 97 10 16 98 98 18 23 99 99 10 16 100 100 19 24 101 101 19 24 102 102 10 16 103 103 20 17 104 104 19 24 105 105 20 17 106 106 21 25 107 107 21 25 108 108 20 17 109 109 12 18 110 110 21 25 111 111 12 18 112 112 22 26 113 113 22 26 114 114 12 18 115 115 14 19 116 116 22 26 117 117 14 19 118 118 15 20 119 119 22 26 120 120 15 20 121 121 23 27 122 122 23 27 123 123 15 20 124 124 16 21 125 125 27 28 126 126 24 29 127 127 30 30 128 128 27 28 129 129 30 30 130 130 25 31 131 131 25 31 132 132 30 30 133 133 31 32 134 134 25 31 135 135 31 32 136 136 33 33 137 137 25 31 138 138 33 33 139 139 34 34 140 140 25 31 141 141 34 34 142 142 27 28 143 143 27 28 144 144 34 34 145 145 26 35 146 146 27 28 147 147 26 35 148 148 36 36 149 149 27 28 150 150 36 36 151 151 24 29 152 152 24 29 153 153 36 36 154 154 28 37 155 155 24 29 156 156 28 37 157 157 29 38 158 158 24 29 159 159 29 38 160 160 30 30 161 161 30 30 162 162 29 38 163 163 40 39 164 164 30 30 165 165 40 39 166 166 31 32 167 167 31 32 168 168 40 39 169 169 32 40 170 170 31 32 171 171 32 40 172 172 33 33 173 173 33 33 174 174 32 40 175 175 41 41 176 176 33 33 177 177 41 41 178 178 42 42 179 179 33 33 180 180 42 42 181 181 34 34 182 182 34 34 183 183 42 42 184 184 35 43 185 185 34 34 186 186 35 43 187 187 26 35 188 188 26 35 189 189 35 43 190 190 45 44 191 191 26 35 192 192 45 44 193 193 36 36 194 194 36 36 195 195 45 44 196 196 47 45 197 197 36 36 198 198 47 45 199 199 37 46 200 200 36 36 201 201 37 46 202 202 28 37 203 203 28 37 204 204 37 46 205 205 38 47 206 206 28 37 207 207 38 47 208 208 39 48 209 209 28 37 210 210 39 48 211 211 29 38 212 212 29 38 213 213 39 48 214 214 40 39 215 215 40 39 216 216 39 48 217 217 32 40 218 218 32 40 219 219 39 48 220 220 38 47 221 221 32 40 222 222 38 47 223 223 41 41 224 224 41 41 225 225 38 47 226 226 48 12 227 227 41 41 228 228 48 12 229 229 42 42 230 230 42 42 231 231 48 12 232 232 43 10 233 233 42 42 234 234 43 10 235 235 35 43 236 236 35 43 237 237 43 10 238 238 44 7 239 239 35 43 240 240 44 7 241 241 45 44 242 242 45 44 243 243 44 7 244 244 46 5 245 245 45 44 246 246 46 5 247 247 47 45 248 248 47 45 249 249 46 5 250 250 2 3 251 251 47 45 252 252 2 3 253 253 37 46 254 254 37 46 255 255 2 3 256 256 1 1 257 257 37 46 258 258 1 1 259 259 38 47 260 260 38 47 261 261 1 1 262 262 0 0 263 263 38 47 264 264 0 0 265 265 48 12 266 266</p>
        </triangles>
      </mesh>
    </geometry>
    <geometry id="unnamed_003-mesh" name="unnamed.003">
      <mesh>
        <source id="unnamed_003-mesh-positions">
          <float_array id="unnamed_003-mesh-positions-array" count="147">0.04993999 -0.03897631 1.195467 0.02362698 -0.0485813 1.178356 0.04455697 -0.07709431 1.189183 0.02534198 -0.1157363 1.124247 0.063129 -0.1259083 1.131211 0.09969198 -0.1087093 1.12874 0.1143079 -0.1457313 1.030508 0.122783 -0.07508426 1.018889 0.08753299 -0.04192429 1.011211 0.076276 -0.02295333 1.099182 0.009089946 -0.07051032 1.107929 0.02902299 -0.1506763 1.027695 0.01296395 -0.09320229 1.015681 0.03254395 -0.05159425 1.009885 0.08679699 -0.07194226 0.924466 0.116909 -0.1065112 0.9235399 0.06915497 -0.1668873 1.034198 0.06465899 -0.1767833 0.925772 0.03593999 -0.02297633 1.172671 0.02810198 -0.03156328 1.097528 0.11156 -0.05129331 1.112037 0.08558797 -0.03820633 1.181583 0.07261699 -0.07246536 1.190179 0.06304198 -0.01742935 1.174601 0.03487795 -0.1693403 0.9264289 0.08248597 -0.1433832 0.8210209 0.101849 -0.1607822 0.923933 0.03878998 -0.08106523 0.925682 0.01658195 -0.1195663 0.9262519 0.03223699 -0.1443092 0.8269299 0.024625 -0.1092372 0.731435 0.04121297 -0.1153562 0.7240699 0.05788999 -0.1565902 0.8239099 0.09456896 -0.09947919 0.819543 0.06753295 -0.07616221 0.822814 0.03076195 -0.06295818 0.73356 0.03500199 -0.08250123 0.826668 0.01721197 -0.1123833 0.8288519 0.01709598 -0.0875222 0.7362059 0.01945799 -0.0718972 0.668962 0.02893596 -0.07331317 0.668962 0.04109698 -0.06729215 0.668962 0.05922597 -0.1043622 0.7213449 0.04990696 -0.05066519 0.668962 0.06983095 -0.0749312 0.722364 0.04320996 -0.03973418 0.668962 0.05361199 -0.05813419 0.728676 0.02532094 -0.04324615 0.668962 0.01684099 -0.05819618 0.668962</float_array>
          <technique_common>
            <accessor source="#unnamed_003-mesh-positions-array" count="49" stride="3">
              <param name="X" type="float"/>
              <param name="Y" type="float"/>
              <param name="Z" type="float"/>
            </accessor>
          </technique_common>
        </source>
        <source id="unnamed_003-mesh-normals">
          <float_array id="unnamed_003-mesh-normals-array" count="147">0.1862446 0.9193082 0.3466777 -0.5537548 0.7789614 0.2942363 -0.1456931 0.316038 0.9374932 -0.8588708 0.1094946 0.5003521 -0.3489155 -0.479651 0.8051043 -0.6984445 -0.6240573 0.3503254 0.05108237 -0.8631033 0.5024375 0.03956049 -0.9682303 0.2469111 0.7486745 -0.5057114 0.4286518 0.7996855 -0.5778164 0.1631913 0.9166173 0.3728564 0.1441907 0.943143 0.3268409 -0.06046813 0.3043825 0.9200854 -0.2465647 0.2560144 0.9611564 -0.1031271 -0.5879839 0.769806 -0.248342 -0.6102354 0.7826323 -0.1228794 -0.994968 0.0723899 -0.06927132 -0.9953255 0.07532006 0.06044918 -0.7421472 -0.6563203 0.1358718 -0.6504193 -0.7591253 -0.02614647 -0.9990396 0.02390605 -0.03672093 -0.5843203 0.7969216 -0.1532513 0.3435771 0.9153563 -0.2099469 0.9693953 0.1729543 -0.1742397 0.7308391 -0.6721339 -0.1187866 0.08101701 -0.9950351 -0.05780565 0.7230614 0.361942 0.5883709 0.4302377 -0.3602663 0.82771 -0.7105637 -0.6838943 -0.1654931 0.01256126 -0.9545163 -0.2978941 0.7185095 -0.6217055 -0.3118116 0.9473052 0.2518378 -0.1979666 0.2641496 0.964056 0.02865636 -0.5801246 0.8083829 0.09986352 -0.9996108 0.02762109 0.003940343 -0.7423381 -0.6253057 -0.2406806 -0.02370667 -0.8786356 -0.4769042 0.6558446 -0.5775153 -0.4861525 0.9522918 0.2005802 -0.2300173 0.3293098 0.929011 0.1688008 -0.5533803 0.7975435 0.240197 -0.9953997 0.08848977 0.03672999 -0.7810466 -0.5317868 -0.3273671 0.1076038 -0.7787202 -0.6180747 0.5868964 -0.5520676 -0.5922617 0.9380068 0.1944106 -0.286963 0.2918688 0.934626 0.2031917 -0.5346609 0.7917904 0.2953062 -0.9622066 0.2472047 0.1142288</float_array>
          <technique_common>
            <accessor source="#unnamed_003-mesh-normals-array" count="49" stride="3">
              <param name="X" type="float"/>
              <param name="Y" type="float"/>
              <param name="Z" type="float"/>
            </accessor>
          </technique_common>
        </source>
        <source id="unnamed_003-mesh-map-0">
          <float_array id="unnamed_003-mesh-map-0-array" count="534">0.06309998 0.9439 0.07659995 0.9404 0.06959998 0.9817 0.06959998 0.9817 0.07659995 0.9404 0.08270001 0.9506 0.06959998 0.9817 0.08270001 0.9506 0.07229995 0.97 0.07229995 0.97 0.08270001 0.9506 0.0819 0.8519 0.07229995 0.97 0.0819 0.8519 0.06309998 0.8645 0.06309998 0.8645 0.0819 0.8519 0.06009995 0.6882 0.06309998 0.8645 0.06009995 0.6882 0.0449 0.8601 0.0449 0.8601 0.06009995 0.6882 0.03759998 0.6816 0.0449 0.8601 0.03759998 0.6816 0.03899997 0.8301 0.03899997 0.8301 0.03759998 0.6816 0.03339999 0.6609 0.03899997 0.8301 0.03339999 0.6609 0.05089998 0.6472 0.03899997 0.8301 0.05089998 0.6472 0.05649995 0.807 0.05649995 0.807 0.05089998 0.6472 0.07829999 0.6447 0.05649995 0.807 0.07829999 0.6447 0.0805 0.8039 0.0805 0.8039 0.07829999 0.6447 0.08799999 0.655 0.0805 0.8039 0.08799999 0.655 0.08989995 0.8226 0.08989995 0.8226 0.08799999 0.655 0.07999998 0.6765 0.07709997 0.4926 0.07999998 0.6765 0.08799999 0.655 0.07709997 0.4926 0.08799999 0.655 0.08619999 0.4925 0.08619999 0.4925 0.08799999 0.655 0.07829999 0.6447 0.08619999 0.4925 0.07829999 0.6447 0.07519996 0.4917 0.07519996 0.4917 0.07829999 0.6447 0.05089998 0.6472 0.07519996 0.4917 0.05089998 0.6472 0.05129998 0.4895 0.05129998 0.4895 0.05089998 0.6472 0.03339999 0.6609 0.05129998 0.4895 0.03339999 0.6609 0.0363 0.4877 0.0363 0.4877 0.03339999 0.6609 0.03759998 0.6816 0.0363 0.4877 0.03759998 0.6816 0.04379999 0.4881 0.04379999 0.4881 0.03759998 0.6816 0.06009995 0.6882 0.04379999 0.4881 0.06009995 0.6882 0.06229996 0.4913 0.06229996 0.4913 0.06009995 0.6882 0.07709997 0.4926 0.07709997 0.4926 0.06009995 0.6882 0.07999998 0.6765 0.07999998 0.6765 0.06009995 0.6882 0.0819 0.8519 0.07999998 0.6765 0.0819 0.8519 0.08989995 0.8226 0.08989995 0.8226 0.0819 0.8519 0.08270001 0.9506 0.08989995 0.8226 0.08270001 0.9506 0.07659995 0.9404 0.08989995 0.8226 0.07659995 0.9404 0.0805 0.8039 0.0805 0.8039 0.07659995 0.9404 0.06309998 0.9439 0.0805 0.8039 0.06309998 0.9439 0.05649995 0.807 0.05649995 0.807 0.06309998 0.9439 0.03899997 0.8301 0.03899997 0.8301 0.06309998 0.9439 0.05189996 0.9565 0.03899997 0.8301 0.05189996 0.9565 0.0449 0.8601 0.0449 0.8601 0.05189996 0.9565 0.05839997 0.9719 0.0449 0.8601 0.05839997 0.9719 0.06309998 0.8645 0.06309998 0.8645 0.05839997 0.9719 0.07229995 0.97 0.07229995 0.97 0.05839997 0.9719 0.06959998 0.9817 0.06959998 0.9817 0.05839997 0.9719 0.05189996 0.9565 0.06959998 0.9817 0.05189996 0.9565 0.06309998 0.9439 0.08619999 0.4925 0.07839995 0.3121 0.07709997 0.4926 0.07709997 0.4926 0.07839995 0.3121 0.06569999 0.3065 0.07709997 0.4926 0.06569999 0.3065 0.06229996 0.4913 0.06229996 0.4913 0.06569999 0.3065 0.05349999 0.3014 0.06229996 0.4913 0.05349999 0.3014 0.04379999 0.4881 0.04379999 0.4881 0.05349999 0.3014 0.0363 0.4877 0.0363 0.4877 0.05349999 0.3014 0.04750001 0.2989 0.0363 0.4877 0.04750001 0.2989 0.05129998 0.4895 0.05129998 0.4895 0.04750001 0.2989 0.06089997 0.305 0.05129998 0.4895 0.06089997 0.305 0.07519996 0.4917 0.07519996 0.4917 0.06089997 0.305 0.07709997 0.3119 0.07519996 0.4917 0.07709997 0.3119 0.0859 0.3157 0.07519996 0.4917 0.0859 0.3157 0.08619999 0.4925 0.08619999 0.4925 0.0859 0.3157 0.07839995 0.3121 0.07839995 0.3121 0.0859 0.3157 0.08219999 0.1388999 0.07839995 0.3121 0.08219999 0.1388999 0.074 0.1254999 0.07839995 0.3121 0.074 0.1254999 0.06569999 0.3065 0.06569999 0.3065 0.074 0.1254999 0.06499999 0.1205999 0.06569999 0.3065 0.06499999 0.1205999 0.05349999 0.3014 0.05349999 0.3014 0.06499999 0.1205999 0.05970001 0.1226 0.05349999 0.3014 0.05970001 0.1226 0.04750001 0.2989 0.04750001 0.2989 0.05970001 0.1226 0.06779998 0.1341999 0.04750001 0.2989 0.06779998 0.1341999 0.06089997 0.305 0.06089997 0.305 0.06779998 0.1341999 0.07919996 0.143 0.06089997 0.305 0.07919996 0.143 0.07709997 0.3119 0.07709997 0.3119 0.07919996 0.143 0.0859 0.1477 0.07709997 0.3119 0.0859 0.1477 0.0859 0.3157 0.0859 0.3157 0.0859 0.1477 0.08219999 0.1388999 0.08219999 0.1388999 0.0859 0.1477 0.0848 0.02569997 0.08219999 0.1388999 0.0848 0.02569997 0.074 0.1254999 0.074 0.1254999 0.0848 0.02569997 0.08009999 0.02569997 0.074 0.1254999 0.08009999 0.02569997 0.074 0.02569997 0.074 0.1254999 0.074 0.02569997 0.06499999 0.1205999 0.06499999 0.1205999 0.074 0.02569997 0.06959998 0.02579998 0.06499999 0.1205999 0.06959998 0.02579998 0.05970001 0.1226 0.05970001 0.1226 0.06959998 0.02579998 0.07300001 0.0259 0.05970001 0.1226 0.07300001 0.0259 0.06779998 0.1341999 0.06779998 0.1341999 0.07300001 0.0259 0.0819 0.0259 0.06779998 0.1341999 0.0819 0.0259 0.07919996 0.143 0.07919996 0.143 0.0819 0.0259 0.08609998 0.02579998 0.07919996 0.143 0.08609998 0.02579998 0.0859 0.1477 0.0859 0.1477 0.08609998 0.02579998 0.0848 0.02569997</float_array>
          <technique_common>
            <accessor source="#unnamed_003-mesh-map-0-array" count="267" stride="2">
              <param name="S" type="float"/>
              <param name="T" type="float"/>
            </accessor>
          </technique_common>
        </source>
        <source id="unnamed_003-mesh-colors-Col" name="Col">
          <float_array id="unnamed_003-mesh-colors-Col-array" count="1068">0 0 0 1 0 0 0 1 0 0 0 1 0 0 0 1 0 0 0 1 0 0 0 1 0 0 0 1 0 0 0 1 0 0 0 1 0 0 0 1 0 0 0 1 0 0 0 1 0 0 0 1 0 0 0 1 0 0 0 1 0 0 0 1 0 0 0 1 0 0 0 1 0 0 0 1 0 0 0 1 0 0 0 1 0 0 0 1 0 0 0 1 0 0 0 1 0 0 0 1 0 0 0 1 0 0 0 1 0 0 0 1 0 0 0 1 0 0 0 1 0 0 0 1 0 0 0 1 0 0 0 1 0 0 0 1 0 0 0 1 0 0 0 1 0 0 0 1 0 0 0 1 0 0 0 1 0 0 0 1 0 0 0 1 0 0 0 1 0 0 0 1 0 0 0 1 0 0 0 1 0 0 0 1 0 0 0 1 0 0 0 1 0 0 0 1 0 0 0 1 0 0 0 1 0 0 0 1 0 0 0 1 0 0 0 1 0 0 0 1 0 0 0 1 0 0 0 1 0 0 0 1 0 0 0 1 0 0 0 1 0 0 0 1 0 0 0 1 0 0 0 1 0 0 0 1 0 0 0 1 0 0 0 1 0 0 0 1 0 0 0 1 0 0 0 1 0 0 0 1 0 0 0 1 0 0 0 1 0 0 0 1 0 0 0 1 0 0 0 1 0 0 0 1 0 0 0 1 0 0 0 1 0 0 0 1 0 0 0 1 0 0 0 1 0 0 0 1 0 0 0 1 0 0 0 1 0 0 0 1 0 0 0 1 0 0 0 1 0 0 0 1 0 0 0 1 0 0 0 1 0 0 0 1 0 0 0 1 0 0 0 1 0 0 0 1 0 0 0 1 0 0 0 1 0 0 0 1 0 0 0 1 0 0 0 1 0 0 0 1 0 0 0 1 0 0 0 1 0 0 0 1 0 0 0 1 0 0 0 1 0 0 0 1 0 0 0 1 0 0 0 1 0 0 0 1 0 0 0 1 0 0 0 1 0 0 0 1 0 0 0 1 0 0 0 1 0 0 0 1 0 0 0 1 0 0 0 1 0 0 0 1 0 0 0 1 0 0 0 1 0 0 0 1 0 0 0 1 0 0 0 1 0 0 0 1 0 0 0 1 0 0 0 1 0 0 0 1 0 0 0 1 0 0 0 1 0 0 0 1 0 0 0 1 0 0 0 1 0 0 0 1 0 0 0 1 0 0 0 1 0 0 0 1 0 0 0 1 0 0 0 1 0 0 0 1 0 0 0 1 0 0 0 1 0 0 0 1 0 0 0 1 0 0 0 1 0 0 0 1 0 0 0 1 0 0 0 1 0 0 0 1 0 0 0 1 0 0 0 1 0 0 0 1 0 0 0 1 0 0 0 1 0 0 0 1 0 0 0 1 0 0 0 1 0 0 0 1 0 0 0 1 0 0 0 1 0 0 0 1 0 0 0 1 0 0 0 1 0 0 0 1 0 0 0 1 0 0 0 1 0 0 0 1 0 0 0 1 0 0 0 1 0 0 0 1 0 0 0 1 0 0 0 1 0 0 0 1 0 0 0 1 0 0 0 1 0 0 0 1 0 0 0 1 0 0 0 1 0 0 0 1 0 0 0 1 0 0 0 1 0 0 0 1 0 0 0 1 0 0 0 1 0 0 0 1 0 0 0 1 0 0 0 1 0 0 0 1 0 0 0 1 0 0 0 1 0 0 0 1 0 0 0 1 0 0 0 1 0 0 0 1 0 0 0 1 0 0 0 1 0 0 0 1 0 0 0 1 0 0 0 1 0 0 0 1 0 0 0 1 0 0 0 1 0 0 0 1 0 0 0 1 0 0 0 1 0 0 0 1 0 0 0 1 0 0 0 1 0 0 0 1 0 0 0 1 0 0 0 1 0 0 0 1 0 0 0 1 0 0 0 1 0 0 0 1 0 0 0 1 0 0 0 1 0 0 0 1 0 0 0 1 0 0 0 1 0 0 0 1 0 0 0 1 0 0 0 1 0 0 0 1 0 0 0 1 0 0 0 1 0 0 0 1 0 0 0 1 0 0 0 1 0 0 0 1 0 0 0 1 0 0 0 1 0 0 0 1 0 0 0 1 0 0 0 1 0 0 0 1 0 0 0 1 0 0 0 1 0 0 0 1 0 0 0 1 0 0 0 1 0 0 0 1 0 0 0 1 0 0 0 1 0 0 0 1 0 0 0 1 0 0 0 1 0 0 0 1 0 0 0 1 0 0 0 1 0 0 0 1 0 0 0 1 0 0 0 1 0 0 0 1 0 0 0 1 0 0 0 1 0 0 0 1 0 0 0 1 0 0 0 1 0 0 0 1 0 0 0 1 0 0 0 1 0 0 0 1 0 0 0 1 0 0 0 1 0 0 0 1 0 0 0 1 0 0 0 1</float_array>
          <technique_common>
            <accessor source="#unnamed_003-mesh-colors-Col-array" count="267" stride="4">
              <param name="R" type="float"/>
              <param name="G" type="float"/>
              <param name="B" type="float"/>
              <param name="A" type="float"/>
            </accessor>
          </technique_common>
        </source>
        <vertices id="unnamed_003-mesh-vertices">
          <input semantic="POSITION" source="#unnamed_003-mesh-positions"/>
        </vertices>
        <triangles material="unnamed_001-material" count="89">
          <input semantic="VERTEX" source="#unnamed_003-mesh-vertices" offset="0"/>
          <input semantic="NORMAL" source="#unnamed_003-mesh-normals" offset="1"/>
          <input semantic="TEXCOORD" source="#unnamed_003-mesh-map-0" offset="2" set="0"/>
          <input semantic="COLOR" source="#unnamed_003-mesh-colors-Col" offset="3" set="0"/>
          <p>23 0 0 0 18 1 1 1 0 2 2 2 0 2 3 3 18 1 4 4 1 3 5 5 0 2 6 6 1 3 7 7 2 4 8 8 2 4 9 9 1 3 10 10 3 5 11 11 2 4 12 12 3 5 13 13 4 6 14 14 4 6 15 15 3 5 16 16 16 7 17 17 4 6 18 18 16 7 19 19 5 8 20 20 5 8 21 21 16 7 22 22 6 9 23 23 5 8 24 24 6 9 25 25 20 10 26 26 20 10 27 27 6 9 28 28 7 11 29 29 20 10 30 30 7 11 31 31 8 12 32 32 20 10 33 33 8 12 34 34 9 13 35 35 9 13 36 36 8 12 37 37 13 14 38 38 9 13 39 39 13 14 40 40 19 15 41 41 19 15 42 42 13 14 43 43 12 16 44 44 19 15 45 45 12 16 46 46 10 17 47 47 10 17 48 48 12 16 49 49 11 18 50 50 24 19 51 51 11 18 52 52 12 16 53 53 24 19 54 54 12 16 55 55 28 20 56 56 28 20 57 57 12 16 58 58 13 14 59 59 28 20 60 60 13 14 61 61 27 21 62 62 27 21 63 63 13 14 64 64 8 12 65 65 27 21 66 66 8 12 67 67 14 22 68 68 14 22 69 69 8 12 70 70 7 11 71 71 14 22 72 72 7 11 73 73 15 23 74 74 15 23 75 75 7 11 76 76 6 9 77 77 15 23 78 78 6 9 79 79 26 24 80 80 26 24 81 81 6 9 82 82 16 7 83 83 26 24 84 84 16 7 85 85 17 25 86 86 17 25 87 87 16 7 88 88 24 19 89 89 24 19 90 90 16 7 91 91 11 18 92 92 11 18 93 93 16 7 94 94 3 5 95 95 11 18 96 96 3 5 97 97 10 17 98 98 10 17 99 99 3 5 100 100 1 3 101 101 10 17 102 102 1 3 103 103 18 1 104 104 10 17 105 105 18 1 106 106 19 15 107 107 19 15 108 108 18 1 109 109 23 0 110 110 19 15 111 111 23 0 112 112 9 13 113 113 9 13 114 114 23 0 115 115 20 10 116 116 20 10 117 117 23 0 118 118 21 26 119 119 20 10 120 120 21 26 121 121 5 8 122 122 5 8 123 123 21 26 124 124 22 27 125 125 5 8 126 126 22 27 127 127 4 6 128 128 4 6 129 129 22 27 130 130 2 4 131 131 2 4 132 132 22 27 133 133 0 2 134 134 0 2 135 135 22 27 136 136 21 26 137 137 0 2 138 138 21 26 139 139 23 0 140 140 28 20 141 141 29 28 142 142 24 19 143 143 24 19 144 144 29 28 145 145 32 29 146 146 24 19 147 147 32 29 148 148 17 25 149 149 17 25 150 150 32 29 151 151 25 30 152 152 17 25 153 153 25 30 154 154 26 24 155 155 26 24 156 156 25 30 157 157 15 23 158 158 15 23 159 159 25 30 160 160 33 31 161 161 15 23 162 162 33 31 163 163 14 22 164 164 14 22 165 165 33 31 166 166 34 32 167 167 14 22 168 168 34 32 169 169 27 21 170 170 27 21 171 171 34 32 172 172 36 33 173 173 27 21 174 174 36 33 175 175 37 34 176 176 27 21 177 177 37 34 178 178 28 20 179 179 28 20 180 180 37 34 181 181 29 28 182 182 29 28 183 183 37 34 184 184 30 35 185 185 29 28 186 186 30 35 187 187 31 36 188 188 29 28 189 189 31 36 190 190 32 29 191 191 32 29 192 192 31 36 193 193 42 37 194 194 32 29 195 195 42 37 196 196 25 30 197 197 25 30 198 198 42 37 199 199 44 38 200 200 25 30 201 201 44 38 202 202 33 31 203 203 33 31 204 204 44 38 205 205 46 39 206 206 33 31 207 207 46 39 208 208 34 32 209 209 34 32 210 210 46 39 211 211 35 40 212 212 34 32 213 213 35 40 214 214 36 33 215 215 36 33 216 216 35 40 217 217 38 41 218 218 36 33 219 219 38 41 220 220 37 34 221 221 37 34 222 222 38 41 223 223 30 35 224 224 30 35 225 225 38 41 226 226 39 42 227 227 30 35 228 228 39 42 229 229 31 36 230 230 31 36 231 231 39 42 232 232 40 43 233 233 31 36 234 234 40 43 235 235 41 44 236 236 31 36 237 237 41 44 238 238 42 37 239 239 42 37 240 240 41 44 241 241 43 45 242 242 42 37 243 243 43 45 244 244 44 38 245 245 44 38 246 246 43 45 247 247 45 46 248 248 44 38 249 249 45 46 250 250 46 39 251 251 46 39 252 252 45 46 253 253 47 47 254 254 46 39 255 255 47 47 256 256 35 40 257 257 35 40 258 258 47 47 259 259 48 48 260 260 35 40 261 261 48 48 262 262 38 41 263 263 38 41 264 264 48 48 265 265 39 42 266 266</p>
        </triangles>
      </mesh>
    </geometry>
    <geometry id="unnamed_002-mesh" name="unnamed.002">
      <mesh>
        <source id="unnamed_002-mesh-positions">
          <float_array id="unnamed_002-mesh-positions-array" count="27">0.04752296 -0.1529083 1.013905 0.03641295 -0.1517472 0.9717809 0.04525899 -0.1602222 0.9377079 0.06606 -0.1665483 0.9212429 0.08791297 -0.1614863 0.9366049 0.09970098 -0.1534903 0.9703829 0.08888798 -0.1551423 1.013981 0.06813395 -0.1668013 0.97174 0.06876295 -0.1587413 1.023937</float_array>
          <technique_common>
            <accessor source="#unnamed_002-mesh-positions-array" count="9" stride="3">
              <param name="X" type="float"/>
              <param name="Y" type="float"/>
              <param name="Z" type="float"/>
            </accessor>
          </technique_common>
        </source>
        <source id="unnamed_002-mesh-normals">
          <float_array id="unnamed_002-mesh-normals-array" count="27">-0.3612413 -0.9236784 0.1277621 -0.4264954 -0.89896 0.09986287 -0.01956129 -0.9962773 0.08395707 -0.3384804 -0.9398572 0.04582136 -0.03074431 -0.9995204 -0.003745317 0.2918601 -0.9562593 0.01964372 0.3901539 -0.9179963 0.07115346 0.2923473 -0.9489684 0.1182883 -0.0453335 -0.9871886 0.1529822</float_array>
          <technique_common>
            <accessor source="#unnamed_002-mesh-normals-array" count="9" stride="3">
              <param name="X" type="float"/>
              <param name="Y" type="float"/>
              <param name="Z" type="float"/>
            </accessor>
          </technique_common>
        </source>
        <source id="unnamed_002-mesh-map-0">
          <float_array id="unnamed_002-mesh-map-0-array" count="48">0.7645 0.3453 0.7175 0.1992999 0.8588 0.1999999 0.8588 0.1999999 0.7175 0.1992999 0.7594 0.05610001 0.8588 0.1999999 0.7594 0.05610001 0.8558 0.002699971 0.8558 0.002699971 0.9494 0.05489999 0.8588 0.1999999 0.8588 0.1999999 0.9494 0.05489999 0.996 0.1998 0.8588 0.1999999 0.996 0.1998 0.9487 0.3485 0.8588 0.1999999 0.9487 0.3485 0.8584 0.3804 0.8588 0.1999999 0.8584 0.3804 0.7645 0.3453</float_array>
          <technique_common>
            <accessor source="#unnamed_002-mesh-map-0-array" count="24" stride="2">
              <param name="S" type="float"/>
              <param name="T" type="float"/>
            </accessor>
          </technique_common>
        </source>
        <source id="unnamed_002-mesh-colors-Col" name="Col">
          <float_array id="unnamed_002-mesh-colors-Col-array" count="96">0 0 0 1 0 0 0 1 0 0 0 1 0 0 0 1 0 0 0 1 0 0 0 1 0 0 0 1 0 0 0 1 0 0 0 1 0 0 0 1 0 0 0 1 0 0 0 1 0 0 0 1 0 0 0 1 0 0 0 1 0 0 0 1 0 0 0 1 0 0 0 1 0 0 0 1 0 0 0 1 0 0 0 1 0 0 0 1 0 0 0 1 0 0 0 1</float_array>
          <technique_common>
            <accessor source="#unnamed_002-mesh-colors-Col-array" count="24" stride="4">
              <param name="R" type="float"/>
              <param name="G" type="float"/>
              <param name="B" type="float"/>
              <param name="A" type="float"/>
            </accessor>
          </technique_common>
        </source>
        <vertices id="unnamed_002-mesh-vertices">
          <input semantic="POSITION" source="#unnamed_002-mesh-positions"/>
        </vertices>
        <triangles material="unnamed_0-material" count="8">
          <input semantic="VERTEX" source="#unnamed_002-mesh-vertices" offset="0"/>
          <input semantic="NORMAL" source="#unnamed_002-mesh-normals" offset="1"/>
          <input semantic="TEXCOORD" source="#unnamed_002-mesh-map-0" offset="2" set="0"/>
          <input semantic="COLOR" source="#unnamed_002-mesh-colors-Col" offset="3" set="0"/>
          <p>0 0 0 0 1 1 1 1 7 2 2 2 7 2 3 3 1 1 4 4 2 3 5 5 7 2 6 6 2 3 7 7 3 4 8 8 3 4 9 9 4 5 10 10 7 2 11 11 7 2 12 12 4 5 13 13 5 6 14 14 7 2 15 15 5 6 16 16 6 7 17 17 7 2 18 18 6 7 19 19 8 8 20 20 7 2 21 21 8 8 22 22 0 0 23 23</p>
        </triangles>
      </mesh>
    </geometry>
    <geometry id="unnamed_001-mesh" name="unnamed.001">
      <mesh>
        <source id="unnamed_001-mesh-positions">
          <float_array id="unnamed_001-mesh-positions-array" count="27">-0.06606 -0.1665483 0.9212429 -0.04525899 -0.1602222 0.9377079 -0.03641295 -0.1517472 0.9717809 -0.04752296 -0.1529083 1.013905 -0.06813395 -0.1668013 0.97174 -0.06876295 -0.1587413 1.023937 -0.08888798 -0.1551423 1.013981 -0.09970098 -0.1534903 0.9703829 -0.08791297 -0.1614863 0.9366049</float_array>
          <technique_common>
            <accessor source="#unnamed_001-mesh-positions-array" count="9" stride="3">
              <param name="X" type="float"/>
              <param name="Y" type="float"/>
              <param name="Z" type="float"/>
            </accessor>
          </technique_common>
        </source>
        <source id="unnamed_001-mesh-normals">
          <float_array id="unnamed_001-mesh-normals-array" count="27">-0.2918599 -0.9562594 0.0196436 0.03074443 -0.9995204 -0.003745436 0.01956135 -0.9962773 0.08395707 0.3384804 -0.9398572 0.04582136 0.4264954 -0.89896 0.09986287 0.3612413 -0.9236784 0.1277621 0.0453335 -0.9871886 0.1529822 -0.2923473 -0.9489684 0.1182883 -0.3901539 -0.9179963 0.07115346</float_array>
          <technique_common>
            <accessor source="#unnamed_001-mesh-normals-array" count="9" stride="3">
              <param name="X" type="float"/>
              <param name="Y" type="float"/>
              <param name="Z" type="float"/>
            </accessor>
          </technique_common>
        </source>
        <source id="unnamed_001-mesh-map-0">
          <float_array id="unnamed_001-mesh-map-0-array" count="48">0.7641 0.05599999 0.8577 0.003899991 0.8547 0.2012 0.8547 0.2012 0.8577 0.003899991 0.9541 0.05720001 0.8547 0.2012 0.9541 0.05720001 0.996 0.2003999 0.996 0.2003999 0.949 0.3464 0.8547 0.2012 0.8547 0.2012 0.949 0.3464 0.8551 0.3804 0.8547 0.2012 0.8551 0.3804 0.7648 0.3496 0.8547 0.2012 0.7648 0.3496 0.7175 0.2009 0.8547 0.2012 0.7175 0.2009 0.7641 0.05599999</float_array>
          <technique_common>
            <accessor source="#unnamed_001-mesh-map-0-array" count="24" stride="2">
              <param name="S" type="float"/>
              <param name="T" type="float"/>
            </accessor>
          </technique_common>
        </source>
        <source id="unnamed_001-mesh-colors-Col" name="Col">
          <float_array id="unnamed_001-mesh-colors-Col-array" count="96">0 0 0 1 0 0 0 1 0 0 0 1 0 0 0 1 0 0 0 1 0 0 0 1 0 0 0 1 0 0 0 1 0 0 0 1 0 0 0 1 0 0 0 1 0 0 0 1 0 0 0 1 0 0 0 1 0 0 0 1 0 0 0 1 0 0 0 1 0 0 0 1 0 0 0 1 0 0 0 1 0 0 0 1 0 0 0 1 0 0 0 1 0 0 0 1</float_array>
          <technique_common>
            <accessor source="#unnamed_001-mesh-colors-Col-array" count="24" stride="4">
              <param name="R" type="float"/>
              <param name="G" type="float"/>
              <param name="B" type="float"/>
              <param name="A" type="float"/>
            </accessor>
          </technique_common>
        </source>
        <vertices id="unnamed_001-mesh-vertices">
          <input semantic="POSITION" source="#unnamed_001-mesh-positions"/>
        </vertices>
        <triangles material="unnamed_0-material" count="8">
          <input semantic="VERTEX" source="#unnamed_001-mesh-vertices" offset="0"/>
          <input semantic="NORMAL" source="#unnamed_001-mesh-normals" offset="1"/>
          <input semantic="TEXCOORD" source="#unnamed_001-mesh-map-0" offset="2" set="0"/>
          <input semantic="COLOR" source="#unnamed_001-mesh-colors-Col" offset="3" set="0"/>
          <p>8 0 0 0 0 1 1 1 4 2 2 2 4 2 3 3 0 1 4 4 1 3 5 5 4 2 6 6 1 3 7 7 2 4 8 8 2 4 9 9 3 5 10 10 4 2 11 11 4 2 12 12 3 5 13 13 5 6 14 14 4 2 15 15 5 6 16 16 6 7 17 17 4 2 18 18 6 7 19 19 7 8 20 20 4 2 21 21 7 8 22 22 8 0 23 23</p>
        </triangles>
      </mesh>
    </geometry>
    <geometry id="unnamed-mesh" name="unnamed">
      <mesh>
        <source id="unnamed-mesh-positions">
          <float_array id="unnamed-mesh-positions-array" count="366">-0.06469297 -0.04371231 1.183395 -0.04581999 -0.06989032 1.170352 -0.04273098 -0.04524135 1.180596 -0.06176298 -0.03455531 1.179526 -0.079126 -0.04088431 1.166929 -0.06815999 -0.07149332 1.172929 -0.06360697 -0.1146863 1.108805 -0.03131395 -0.04616934 1.163866 -0.02415996 -0.07472628 1.092745 -0.02138894 -0.09481626 1.022399 -0.07869797 -0.07873326 0.918302 -0.08003896 -0.05708229 1.01845 -0.03963696 -0.06108325 1.01893 -0.03752195 -0.04763931 1.086091 -0.05109196 -0.03183531 1.159345 -0.07115799 -0.04169028 1.087547 -0.09893298 -0.06087827 1.096014 -0.08634597 -0.1014153 1.107158 -0.09944897 -0.1367293 1.023428 -0.03856295 -0.1366723 1.022565 -0.03867995 -0.1025593 1.102651 -0.02257299 -0.1159722 0.9216549 -0.02319496 -0.1120682 0.8270879 -0.021501 -0.08652621 0.733239 -0.03319197 -0.06671321 0.730976 -0.03654795 -0.05148118 0.691407 -0.08358401 -0.04266136 1.200747 -0.07934498 -0.03435134 1.199032 -0.07194596 -0.04223531 1.204291 -0.08923196 -0.02963835 1.220753 -0.05951696 -0.01817238 1.251623 -0.06168198 -0.04022234 1.230821 -0.06663298 -0.02671736 1.218625 -0.05145496 -0.03057533 1.21817 -0.04543399 -0.03658533 1.178581 -0.03315097 -0.03232532 1.202577 -0.03240299 -0.02726233 1.227733 -0.03044795 -0.04098135 1.20459 -0.04077196 -0.03902733 1.210953 -0.05366599 -0.04377233 1.18625 -0.06606 -0.1631923 0.9212429 -0.06875395 -0.1543653 1.023694 -0.115042 -0.08119529 1.020982 -0.06543695 -0.08204424 0.8217949 -0.04048198 -0.08596724 0.920585 -0.03811997 -0.0873022 0.825174 -0.05033797 -0.06282222 0.726797 -0.05145198 -0.05604916 0.683363 -0.05492299 -0.0994302 0.720866 -0.04021495 -0.1082972 0.7231979 -0.063582 -0.07637017 0.721398 -0.08812695 -0.1013732 0.8189269 -0.1077989 -0.1028692 0.916563 -0.09540396 -0.1473723 0.9173029 -0.07798999 -0.1377622 0.8202229 -0.05733197 -0.1507962 0.8227559 -0.03638696 -0.1377962 0.8254039 -0.03764295 -0.07735121 0.68133 -0.02323395 -0.07182818 0.693005 -0.027942 -0.1033612 0.7294979 -0.03874796 -0.1474893 0.9206889 0.05366599 -0.04377233 1.18625 0.07934498 -0.03435134 1.199032 0.07194596 -0.04223531 1.204291 0.08923196 -0.02963835 1.220753 0.08358401 -0.04266136 1.200747 0.05145496 -0.03057533 1.21817 0.05951696 -0.01817238 1.251623 0.06168097 -0.04022234 1.230803 0.06663298 -0.02671736 1.218625 0.04543399 -0.03658533 1.178582 0.04273098 -0.04524135 1.180596 0.03044795 -0.04098135 1.20459 0.04077196 -0.03902733 1.210953 0.03240299 -0.02726233 1.227733 0.03315097 -0.03232532 1.202577 0.04048198 -0.08596724 0.920585 0.08003896 -0.05708229 1.01845 0.07115799 -0.04169028 1.087547 0.03752195 -0.04763931 1.086091 0.02415996 -0.07472532 1.092736 0.03963696 -0.06108325 1.01893 0.02138894 -0.09481626 1.022399 0.05733197 -0.1507962 0.8227559 0.07798999 -0.1377622 0.8202229 0.063582 -0.07637017 0.721398 0.05033797 -0.06282222 0.726797 0.03319197 -0.06671321 0.730976 0.03811997 -0.0873022 0.825174 0.03654795 -0.05148118 0.691407 0.05145198 -0.05604916 0.683363 0.05492299 -0.0994302 0.720866 0.04021495 -0.1082972 0.7231979 0.03764295 -0.07735121 0.68133 0.02323395 -0.07182818 0.693005 0.027942 -0.1033612 0.7294979 0.021501 -0.08652621 0.733239 0.02319496 -0.1120682 0.8270879 0.07869797 -0.07873326 0.918301 0.06543695 -0.08204424 0.8217949 0.08812695 -0.1013732 0.8189269 0.09540396 -0.1473723 0.917302 0.1077989 -0.1028692 0.916563 0.115042 -0.08119529 1.020982 0.079126 -0.04088431 1.166929 0.05109196 -0.03183531 1.159345 0.06816101 -0.07149535 1.172947 0.06469398 -0.04371333 1.183413 0.06176298 -0.03455531 1.179526 0.08634597 -0.1014153 1.107158 0.09893298 -0.06087827 1.096014 0.03874796 -0.1474893 0.920687 0.03638696 -0.1377962 0.8254039 0.02257299 -0.1159722 0.9216549 0.03867995 -0.1025593 1.102651 0.03131395 -0.04616934 1.163866 0.04582095 -0.06989133 1.17037 0.06360697 -0.1146863 1.108805 0.03856295 -0.1366723 1.022565 0.06606 -0.1631923 0.9212419 0.09944897 -0.1367293 1.023428 0.06875395 -0.1543653 1.023694</float_array>
          <technique_common>
            <accessor source="#unnamed-mesh-positions-array" count="122" stride="3">
              <param name="X" type="float"/>
              <param name="Y" type="float"/>
              <param name="Z" type="float"/>
            </accessor>
          </technique_common>
        </source>
        <source id="unnamed-mesh-normals">
          <float_array id="unnamed-mesh-normals-array" count="366">-0.7787682 -0.4648391 0.4212418 -0.4226583 -0.5626478 0.710484 0.01512724 -0.6724026 0.7400311 0.5021243 -0.5998359 0.6229511 0.8221316 -0.3326588 0.4619932 0.9325222 0.249222 0.261325 0.5392915 0.8391887 0.07019412 0.1655492 0.986078 -0.01561236 -0.3569967 0.926172 0.1214863 -0.8144024 0.4750883 0.3332265 -0.7565032 -0.526952 0.3873298 8.70597e-4 -0.8848761 0.4658256 0.7218159 -0.6205257 0.3064796 0.9980937 0.004296064 0.06156736 0.9992206 0.03877955 0.007381141 0.5586422 0.8079655 -0.187379 0.5890445 0.8020151 -0.09898614 -0.2621389 0.9524658 -0.1552171 -0.2660453 0.9453899 -0.1883029 -0.9495478 0.3136219 7.30338e-4 -0.9245634 0.3600215 0.1247689 -0.2302401 0.9620257 -0.1466159 0.6020287 0.7830826 -0.1560227 -0.771131 -0.6065233 0.1936146 -0.005019903 -0.9680076 0.2508708 0.730389 -0.6592018 0.1788433 0.9998719 -0.001543045 -0.0159316 0.9999517 0.00647825 0.00738728 0.5739389 0.8123341 0.1034769 0.9957408 0.09078329 0.01608532 0.5633491 0.793983 0.2285366 0.9795289 -0.06025767 -0.1920737 0.160724 0.9633978 0.2145522 -0.3342016 0.9215037 0.1978392 -0.8889864 0.3861159 -0.2462067 -0.7596217 -0.6161144 -0.2082735 -0.228106 0.90305 -0.3639622 0.6107281 -0.367225 0.7015391 -0.4404528 0.4106345 0.7983613 -0.7959542 0.5718617 -0.1985732 0.9470095 0.3143116 0.06619197 0.01972764 0.4585075 0.8884715 -0.1869983 -0.8639491 0.4675719 -0.768872 -0.3276716 0.5490603 0.3785294 0.8901547 -0.2536539 0.1169725 0.4275618 0.8963863 0.8002287 -0.5992775 0.02237546 0.004693567 -0.9998239 -0.01817345 -0.7708898 -0.6311998 -0.08553212 -0.9554148 0.2547755 -0.1492377 -0.2734308 0.9612763 0.03440368 -0.9594035 0.1907912 -0.2077109 -0.660115 -0.5851721 -0.4709796 -0.223956 -0.7009199 -0.6771668 0.07765054 -0.8717592 -0.483742 0.01364529 -0.9681263 -0.2500905 -0.7430284 -0.6049659 -0.2862254 -0.9483326 0.2567131 -0.1864507 0.7148161 -0.6992318 0.01062732 0.7255679 -0.6781614 -0.116826 0.7454973 -0.6126909 -0.2623808 0.7595705 -0.6161265 -0.2084244 -0.01544195 -0.6720959 0.7403032 0.7784302 -0.4657168 0.4208971 0.2280271 0.9029614 -0.3642312 0.3569107 0.9261894 0.121606 -0.6107291 -0.3672255 0.7015379 0.4404476 0.4106234 0.7983698 0.7959653 0.5718777 -0.1984824 -0.5392895 0.8391911 0.0701797 -0.9470252 0.3142472 0.06627309 -0.01970636 0.458377 0.8885394 0.1870477 -0.864096 0.4672808 0.7688704 -0.3276709 0.5490632 -0.3785324 0.8901537 -0.2536531 -0.8222051 -0.3323923 0.4620543 -0.8002284 -0.5992779 0.0223757 -0.1169736 0.4275574 0.8963883 0.2621396 0.9524658 -0.1552159 -0.5890461 0.8020141 -0.09898704 -0.5586398 0.8079663 -0.1873829 0.2660456 0.94539 -0.1883018 0.2302399 0.9620257 -0.1466159 -0.6020124 0.7830953 -0.1560218 -0.1655482 0.9860781 -0.01561385 -0.9325208 0.2492959 0.2612596 -0.998095 0.00435543 0.06154197 -0.9992207 0.03877633 0.007379114 -0.9998719 -0.001543462 -0.01593112 -0.9999517 0.00647825 0.00738728 -0.7255681 -0.6781612 -0.1168264 -0.7454974 -0.6126909 -0.2623808 -0.07765072 -0.8717592 -0.4837421 -0.0136457 -0.9681262 -0.2500913 0.660115 -0.5851721 -0.4709798 0.7430282 -0.6049658 -0.2862262 0.9594034 0.1907913 -0.2077109 0.9483326 0.2567131 -0.1864507 0.2734306 0.9612763 0.03440356 0.3342015 0.9215037 0.1978392 -0.5633493 0.7939829 0.2285366 -0.573939 0.8123341 0.1034768 -0.9957408 0.09078329 0.01608532 -0.9795289 -0.06025761 -0.1920735 -0.1607244 0.9633976 0.2145521 0.8889863 0.386116 -0.2462067 0.2239557 -0.7009201 -0.6771668 0.9554151 0.2547748 -0.1492378 0.7708905 -0.6311988 -0.08553385 0.9495478 0.3136216 7.30931e-4 0.9245632 0.3600216 0.1247689 0.8144368 0.4751989 0.3329849 -0.5021764 -0.5996829 0.6230565 0.4226903 -0.5625748 0.7105227 0.7565237 -0.5269539 0.3872877 0.7711309 -0.6065235 0.1936144 0.005019605 -0.9680078 0.2508702 -0.004693567 -0.9998239 -0.01817387 -0.7148159 -0.6992321 0.010625 -0.7303891 -0.6592019 0.1788427 -0.7218432 -0.6205104 0.3064462 -8.69939e-4 -0.8849066 0.4657678</float_array>
          <technique_common>
            <accessor source="#unnamed-mesh-normals-array" count="122" stride="3">
              <param name="X" type="float"/>
              <param name="Y" type="float"/>
              <param name="Z" type="float"/>
            </accessor>
          </technique_common>
        </source>
        <source id="unnamed-mesh-map-0">
          <float_array id="unnamed-mesh-map-0-array" count="1392">0.8462 0.995 0.8482 0.9889 0.8562 0.9962 0.8562 0.9962 0.8482 0.9889 0.8681 0.9871 0.8562 0.9962 0.8681 0.9871 0.8654 0.9935 0.8654 0.9935 0.8681 0.9871 0.8764 0.9851 0.8654 0.9935 0.8764 0.9851 0.8631 0.9924 0.8631 0.9924 0.8764 0.9851 0.8583 0.9845 0.8631 0.9924 0.8583 0.9845 0.8531 0.9929 0.8531 0.9929 0.8583 0.9845 0.8328 0.9883 0.8531 0.9929 0.8328 0.9883 0.8462 0.995 0.8462 0.995 0.8328 0.9883 0.8482 0.9889 0.8482 0.9889 0.8328 0.9883 0.8246 0.9542 0.8482 0.9889 0.8246 0.9542 0.8471 0.9527 0.8482 0.9889 0.8471 0.9527 0.8681 0.9871 0.8681 0.9871 0.8471 0.9527 0.8715 0.9511 0.8681 0.9871 0.8715 0.9511 0.8764 0.9851 0.8764 0.9851 0.8715 0.9511 0.8852 0.9501 0.8852 0.9501 0.8715 0.9511 0.8851 0.8992 0.8852 0.9501 0.8851 0.8992 0.8687 0.8992 0.8687 0.8992 0.8851 0.8992 0.869 0.8495 0.8687 0.8992 0.869 0.8495 0.8355 0.8483 0.8687 0.8992 0.8355 0.8483 0.8325 0.8998 0.8325 0.8998 0.8355 0.8483 0.8012 0.9004 0.8325 0.8998 0.8012 0.9004 0.8129 0.955 0.8325 0.8998 0.8129 0.955 0.8397 0.9532 0.8325 0.8998 0.8397 0.9532 0.8687 0.8992 0.8687 0.8992 0.8397 0.9532 0.872 0.9511 0.8687 0.8992 0.872 0.9511 0.8852 0.9501 0.8852 0.9501 0.872 0.9511 0.8764 0.9851 0.8764 0.9851 0.872 0.9511 0.8583 0.9845 0.8583 0.9845 0.872 0.9511 0.8397 0.9532 0.8583 0.9845 0.8397 0.9532 0.8328 0.9883 0.8328 0.9883 0.8397 0.9532 0.8129 0.955 0.8328 0.9883 0.8129 0.955 0.8246 0.9542 0.8246 0.9542 0.8129 0.955 0.8012 0.9004 0.8246 0.9542 0.8012 0.9004 0.815 0.9153 0.8246 0.9542 0.815 0.9153 0.8443 0.9088 0.8246 0.9542 0.8443 0.9088 0.8471 0.9527 0.8471 0.9527 0.8443 0.9088 0.8698 0.9137 0.8471 0.9527 0.8698 0.9137 0.8715 0.9511 0.8715 0.9511 0.8698 0.9137 0.8851 0.8992 0.8851 0.8992 0.8698 0.9137 0.8847 0.8501 0.8851 0.8992 0.8847 0.8501 0.869 0.8495 0.869 0.8495 0.8847 0.8501 0.8826 0.8144 0.869 0.8495 0.8826 0.8144 0.8688 0.8133 0.8688 0.8133 0.8826 0.8144 0.8831 0.7675 0.8688 0.8133 0.8831 0.7675 0.8724 0.7661 0.8724 0.7661 0.8831 0.7675 0.8825 0.7309 0.8724 0.7661 0.8825 0.7309 0.8709 0.73 0.8724 0.7661 0.8709 0.73 0.8544 0.7637 0.8544 0.7637 0.8709 0.73 0.8578 0.7257 0.5497 0.6822 0.5612 0.6873 0.5562 0.6794 0.5562 0.6794 0.5612 0.6873 0.558 0.6891 0.5562 0.6794 0.558 0.6891 0.553 0.6794 0.553 0.6794 0.558 0.6891 0.5555 0.6906 0.5555 0.6906 0.558 0.6891 0.5618 0.6952 0.5618 0.6952 0.558 0.6891 0.5612 0.6873 0.5618 0.6952 0.5612 0.6873 0.5555 0.6906 0.5555 0.6906 0.5612 0.6873 0.5497 0.6822 0.5555 0.6906 0.5497 0.6822 0.553 0.6794 0.553 0.6794 0.5497 0.6822 0.5527 0.6947 0.553 0.6794 0.5527 0.6947 0.5467 0.6794 0.5467 0.6794 0.5527 0.6947 0.5467 0.6947 0.5467 0.6947 0.5527 0.6947 0.5497 0.7062 0.5467 0.6947 0.5497 0.7062 0.5497 0.6957 0.5497 0.6957 0.5497 0.7062 0.5527 0.6947 0.5497 0.6957 0.5527 0.6947 0.5497 0.6822 0.5497 0.6957 0.5497 0.6822 0.5467 0.6947 0.5467 0.6947 0.5497 0.6822 0.5467 0.6794 0.5467 0.6794 0.5497 0.6822 0.545 0.6913 0.5467 0.6794 0.545 0.6913 0.5422 0.6882 0.5422 0.6882 0.545 0.6913 0.5386 0.6964 0.5422 0.6882 0.5386 0.6964 0.5391 0.6876 0.5391 0.6876 0.5386 0.6964 0.545 0.6913 0.5391 0.6876 0.545 0.6913 0.5497 0.6822 0.5391 0.6876 0.5497 0.6822 0.5431 0.6795 0.5391 0.6876 0.5431 0.6795 0.5422 0.6882 0.5422 0.6882 0.5431 0.6795 0.5467 0.6794 0.8464 0.8546 0.8443 0.9088 0.8208 0.8478 0.8208 0.8478 0.8443 0.9088 0.815 0.9153 0.8208 0.8478 0.815 0.9153 0.8012 0.9004 0.8208 0.8478 0.8012 0.9004 0.81 0.8474 0.81 0.8474 0.8012 0.9004 0.8355 0.8483 0.81 0.8474 0.8355 0.8483 0.8435 0.8114 0.8435 0.8114 0.8355 0.8483 0.869 0.8495 0.8435 0.8114 0.869 0.8495 0.8688 0.8133 0.8688 0.8133 0.8724 0.7661 0.8435 0.8114 0.8435 0.8114 0.8724 0.7661 0.8544 0.7637 0.8435 0.8114 0.8544 0.7637 0.8416 0.7605 0.8416 0.7605 0.8544 0.7637 0.8578 0.7257 0.8416 0.7605 0.8578 0.7257 0.85 0.7599 0.85 0.7599 0.8578 0.7257 0.8699 0.7227 0.85 0.7599 0.8699 0.7227 0.8641 0.7613 0.8641 0.7613 0.851 0.8119 0.85 0.7599 0.85 0.7599 0.851 0.8119 0.8319 0.8105 0.85 0.7599 0.8319 0.8105 0.8416 0.7605 0.8416 0.7605 0.8319 0.8105 0.8225 0.8097 0.8416 0.7605 0.8225 0.8097 0.8435 0.8114 0.8435 0.8114 0.8225 0.8097 0.81 0.8474 0.81 0.8474 0.8225 0.8097 0.8319 0.8105 0.81 0.8474 0.8319 0.8105 0.8208 0.8478 0.8208 0.8478 0.8319 0.8105 0.8465 0.8549 0.8465 0.8549 0.8319 0.8105 0.851 0.8119 0.8465 0.8549 0.851 0.8119 0.8705 0.8496 0.8705 0.8496 0.851 0.8119 0.8704 0.8134 0.8704 0.8134 0.851 0.8119 0.8641 0.7613 0.8704 0.8134 0.8641 0.7613 0.8772 0.765 0.8772 0.765 0.8641 0.7613 0.8699 0.7227 0.8772 0.765 0.8699 0.7227 0.8825 0.7309 0.8825 0.7309 0.8831 0.7675 0.8772 0.765 0.8772 0.765 0.8831 0.7675 0.8826 0.8144 0.8772 0.765 0.8826 0.8144 0.8704 0.8134 0.8704 0.8134 0.8826 0.8144 0.8847 0.8501 0.8704 0.8134 0.8847 0.8501 0.8705 0.8496 0.8705 0.8496 0.8847 0.8501 0.8698 0.9137 0.8705 0.8496 0.8698 0.9137 0.8448 0.9088 0.8705 0.8496 0.8448 0.9088 0.8465 0.8549 0.5612 0.6873 0.5497 0.6822 0.5562 0.6794 0.5612 0.6873 0.5562 0.6794 0.558 0.6891 0.558 0.6891 0.5562 0.6794 0.553 0.6794 0.558 0.6891 0.553 0.6794 0.5555 0.6906 0.558 0.6891 0.5555 0.6906 0.5618 0.6952 0.558 0.6891 0.5618 0.6952 0.5612 0.6873 0.5612 0.6873 0.5618 0.6952 0.5555 0.6906 0.5612 0.6873 0.5555 0.6906 0.5497 0.6822 0.5497 0.6822 0.5555 0.6906 0.553 0.6794 0.5497 0.6822 0.553 0.6794 0.5527 0.6947 0.5527 0.6947 0.553 0.6794 0.5467 0.6794 0.5527 0.6947 0.5467 0.6794 0.5467 0.6947 0.5527 0.6947 0.5467 0.6947 0.5497 0.7062 0.5497 0.7062 0.5467 0.6947 0.5497 0.6957 0.5497 0.7062 0.5497 0.6957 0.5527 0.6947 0.5527 0.6947 0.5497 0.6957 0.5497 0.6822 0.5497 0.6822 0.5497 0.6957 0.5467 0.6947 0.5497 0.6822 0.5467 0.6947 0.5467 0.6794 0.5497 0.6822 0.5467 0.6794 0.545 0.6913 0.545 0.6913 0.5467 0.6794 0.5422 0.6882 0.5422 0.6882 0.5467 0.6794 0.5431 0.6795 0.5422 0.6882 0.5431 0.6795 0.5391 0.6876 0.5391 0.6876 0.5431 0.6795 0.5497 0.6822 0.5391 0.6876 0.5497 0.6822 0.545 0.6913 0.5391 0.6876 0.545 0.6913 0.5386 0.6964 0.5386 0.6964 0.545 0.6913 0.5422 0.6882 0.5386 0.6964 0.5422 0.6882 0.5391 0.6876 0.8355 0.8483 0.869 0.8495 0.8687 0.8992 0.8355 0.8483 0.8687 0.8992 0.8325 0.8998 0.8325 0.8998 0.8687 0.8992 0.8397 0.9532 0.8397 0.9532 0.8687 0.8992 0.872 0.9511 0.8397 0.9532 0.872 0.9511 0.8583 0.9845 0.8583 0.9845 0.872 0.9511 0.8764 0.9851 0.8764 0.9851 0.872 0.9511 0.8852 0.9501 0.8852 0.9501 0.872 0.9511 0.8687 0.8992 0.8852 0.9501 0.8687 0.8992 0.8851 0.8992 0.8851 0.8992 0.8687 0.8992 0.869 0.8495 0.8851 0.8992 0.869 0.8495 0.8847 0.8501 0.8847 0.8501 0.869 0.8495 0.8826 0.8144 0.8847 0.8501 0.8826 0.8144 0.8704 0.8134 0.8704 0.8134 0.8826 0.8144 0.8772 0.765 0.8704 0.8134 0.8772 0.765 0.8641 0.7613 0.8704 0.8134 0.8641 0.7613 0.851 0.8119 0.851 0.8119 0.8641 0.7613 0.85 0.7599 0.851 0.8119 0.85 0.7599 0.8319 0.8105 0.8319 0.8105 0.85 0.7599 0.8416 0.7605 0.8319 0.8105 0.8416 0.7605 0.8225 0.8097 0.8225 0.8097 0.8416 0.7605 0.8435 0.8114 0.8435 0.8114 0.8416 0.7605 0.8544 0.7637 0.8435 0.8114 0.8544 0.7637 0.8724 0.7661 0.8435 0.8114 0.8724 0.7661 0.8688 0.8133 0.8688 0.8133 0.8724 0.7661 0.8831 0.7675 0.8825 0.7309 0.8831 0.7675 0.8724 0.7661 0.8825 0.7309 0.8724 0.7661 0.8709 0.73 0.8709 0.73 0.8724 0.7661 0.8544 0.7637 0.8709 0.73 0.8544 0.7637 0.8578 0.7257 0.8578 0.7257 0.8544 0.7637 0.8416 0.7605 0.8578 0.7257 0.8416 0.7605 0.85 0.7599 0.8578 0.7257 0.85 0.7599 0.8699 0.7227 0.8699 0.7227 0.85 0.7599 0.8641 0.7613 0.8699 0.7227 0.8641 0.7613 0.8772 0.765 0.8699 0.7227 0.8772 0.765 0.8825 0.7309 0.8825 0.7309 0.8772 0.765 0.8831 0.7675 0.8831 0.7675 0.8772 0.765 0.8826 0.8144 0.8831 0.7675 0.8826 0.8144 0.8688 0.8133 0.8688 0.8133 0.8826 0.8144 0.869 0.8495 0.8688 0.8133 0.869 0.8495 0.8435 0.8114 0.8435 0.8114 0.869 0.8495 0.8355 0.8483 0.8435 0.8114 0.8355 0.8483 0.81 0.8474 0.8435 0.8114 0.81 0.8474 0.8225 0.8097 0.8225 0.8097 0.81 0.8474 0.8319 0.8105 0.8208 0.8478 0.8319 0.8105 0.81 0.8474 0.8208 0.8478 0.81 0.8474 0.8012 0.9004 0.8012 0.9004 0.81 0.8474 0.8355 0.8483 0.8012 0.9004 0.8355 0.8483 0.8325 0.8998 0.8012 0.9004 0.8325 0.8998 0.8129 0.955 0.8129 0.955 0.8325 0.8998 0.8397 0.9532 0.8129 0.955 0.8397 0.9532 0.8328 0.9883 0.8328 0.9883 0.8397 0.9532 0.8583 0.9845 0.8328 0.9883 0.8583 0.9845 0.8531 0.9929 0.8531 0.9929 0.8583 0.9845 0.8631 0.9924 0.8631 0.9924 0.8583 0.9845 0.8764 0.9851 0.8631 0.9924 0.8764 0.9851 0.8654 0.9935 0.8654 0.9935 0.8764 0.9851 0.8681 0.9871 0.8654 0.9935 0.8681 0.9871 0.8562 0.9962 0.8562 0.9962 0.8681 0.9871 0.8482 0.9889 0.8562 0.9962 0.8482 0.9889 0.8462 0.995 0.8462 0.995 0.8482 0.9889 0.8328 0.9883 0.8462 0.995 0.8328 0.9883 0.8531 0.9929 0.8328 0.9883 0.8482 0.9889 0.8246 0.9542 0.8328 0.9883 0.8246 0.9542 0.8129 0.955 0.8129 0.955 0.8246 0.9542 0.8012 0.9004 0.8012 0.9004 0.8246 0.9542 0.815 0.9153 0.8012 0.9004 0.815 0.9153 0.8208 0.8478 0.8208 0.8478 0.815 0.9153 0.8448 0.9088 0.8208 0.8478 0.8448 0.9088 0.8465 0.8549 0.8208 0.8478 0.8465 0.8549 0.8319 0.8105 0.8319 0.8105 0.8465 0.8549 0.851 0.8119 0.851 0.8119 0.8465 0.8549 0.8705 0.8496 0.851 0.8119 0.8705 0.8496 0.8704 0.8134 0.8704 0.8134 0.8705 0.8496 0.8847 0.8501 0.8847 0.8501 0.8705 0.8496 0.8698 0.9137 0.8847 0.8501 0.8698 0.9137 0.8851 0.8992 0.8851 0.8992 0.8698 0.9137 0.8715 0.9511 0.8851 0.8992 0.8715 0.9511 0.8852 0.9501 0.8852 0.9501 0.8715 0.9511 0.8764 0.9851 0.8681 0.9871 0.8764 0.9851 0.8715 0.9511 0.8681 0.9871 0.8715 0.9511 0.8471 0.9527 0.8471 0.9527 0.8715 0.9511 0.8698 0.9137 0.8471 0.9527 0.8698 0.9137 0.8443 0.9088 0.8443 0.9088 0.8698 0.9137 0.8705 0.8496 0.8443 0.9088 0.8705 0.8496 0.8464 0.8546 0.8443 0.9088 0.815 0.9153 0.8246 0.9542 0.8443 0.9088 0.8246 0.9542 0.8471 0.9527 0.8471 0.9527 0.8246 0.9542 0.8482 0.9889 0.8471 0.9527 0.8482 0.9889 0.8681 0.9871</float_array>
          <technique_common>
            <accessor source="#unnamed-mesh-map-0-array" count="696" stride="2">
              <param name="S" type="float"/>
              <param name="T" type="float"/>
            </accessor>
          </technique_common>
        </source>
        <source id="unnamed-mesh-colors-Col" name="Col">
          <float_array id="unnamed-mesh-colors-Col-array" count="2784">0 0 0 1 0 0 0 1 0 0 0 1 0 0 0 1 0 0 0 1 0 0 0 1 0 0 0 1 0 0 0 1 0 0 0 1 0 0 0 1 0 0 0 1 0 0 0 1 0 0 0 1 0 0 0 1 0 0 0 1 0 0 0 1 0 0 0 1 0 0 0 1 0 0 0 1 0 0 0 1 0 0 0 1 0 0 0 1 0 0 0 1 0 0 0 1 0 0 0 1 0 0 0 1 0 0 0 1 0 0 0 1 0 0 0 1 0 0 0 1 0 0 0 1 0 0 0 1 0 0 0 1 0 0 0 1 0 0 0 1 0 0 0 1 0 0 0 1 0 0 0 1 0 0 0 1 0 0 0 1 0 0 0 1 0 0 0 1 0 0 0 1 0 0 0 1 0 0 0 1 0 0 0 1 0 0 0 1 0 0 0 1 0 0 0 1 0 0 0 1 0 0 0 1 0 0 0 1 0 0 0 1 0 0 0 1 0 0 0 1 0 0 0 1 0 0 0 1 0 0 0 1 0 0 0 1 0 0 0 1 0 0 0 1 0 0 0 1 0 0 0 1 0 0 0 1 0 0 0 1 0 0 0 1 0 0 0 1 0 0 0 1 0 0 0 1 0 0 0 1 0 0 0 1 0 0 0 1 0 0 0 1 0 0 0 1 0 0 0 1 0 0 0 1 0 0 0 1 0 0 0 1 0 0 0 1 0 0 0 1 0 0 0 1 0 0 0 1 0 0 0 1 0 0 0 1 0 0 0 1 0 0 0 1 0 0 0 1 0 0 0 1 0 0 0 1 0 0 0 1 0 0 0 1 0 0 0 1 0 0 0 1 0 0 0 1 0 0 0 1 0 0 0 1 0 0 0 1 0 0 0 1 0 0 0 1 0 0 0 1 0 0 0 1 0 0 0 1 0 0 0 1 0 0 0 1 0 0 0 1 0 0 0 1 0 0 0 1 0 0 0 1 0 0 0 1 0 0 0 1 0 0 0 1 0 0 0 1 0 0 0 1 0 0 0 1 0 0 0 1 0 0 0 1 0 0 0 1 0 0 0 1 0 0 0 1 0 0 0 1 0 0 0 1 0 0 0 1 0 0 0 1 0 0 0 1 0 0 0 1 0 0 0 1 0 0 0 1 0 0 0 1 0 0 0 1 0 0 0 1 0 0 0 1 0 0 0 1 0 0 0 1 0 0 0 1 0 0 0 1 0 0 0 1 0 0 0 1 0 0 0 1 0 0 0 1 0 0 0 1 0 0 0 1 0 0 0 1 0 0 0 1 0 0 0 1 0 0 0 1 0 0 0 1 0 0 0 1 0 0 0 1 0 0 0 1 0 0 0 1 0 0 0 1 0 0 0 1 0 0 0 1 0 0 0 1 0 0 0 1 0 0 0 1 0 0 0 1 0 0 0 1 0 0 0 1 0 0 0 1 0 0 0 1 0 0 0 1 0 0 0 1 0 0 0 1 0 0 0 1 0 0 0 1 0 0 0 1 0 0 0 1 0 0 0 1 0 0 0 1 0 0 0 1 0 0 0 1 0 0 0 1 0 0 0 1 0 0 0 1 0 0 0 1 0 0 0 1 0 0 0 1 0 0 0 1 0 0 0 1 0 0 0 1 0 0 0 1 0 0 0 1 0 0 0 1 0 0 0 1 0 0 0 1 0 0 0 1 0 0 0 1 0 0 0 1 0 0 0 1 0 0 0 1 0 0 0 1 0 0 0 1 0 0 0 1 0 0 0 1 0 0 0 1 0 0 0 1 0 0 0 1 0 0 0 1 0 0 0 1 0 0 0 1 0 0 0 1 0 0 0 1 0 0 0 1 0 0 0 1 0 0 0 1 0 0 0 1 0 0 0 1 0 0 0 1 0 0 0 1 0 0 0 1 0 0 0 1 0 0 0 1 0 0 0 1 0 0 0 1 0 0 0 1 0 0 0 1 0 0 0 1 0 0 0 1 0 0 0 1 0 0 0 1 0 0 0 1 0 0 0 1 0 0 0 1 0 0 0 1 0 0 0 1 0 0 0 1 0 0 0 1 0 0 0 1 0 0 0 1 0 0 0 1 0 0 0 1 0 0 0 1 0 0 0 1 0 0 0 1 0 0 0 1 0 0 0 1 0 0 0 1 0 0 0 1 0 0 0 1 0 0 0 1 0 0 0 1 0 0 0 1 0 0 0 1 0 0 0 1 0 0 0 1 0 0 0 1 0 0 0 1 0 0 0 1 0 0 0 1 0 0 0 1 0 0 0 1 0 0 0 1 0 0 0 1 0 0 0 1 0 0 0 1 0 0 0 1 0 0 0 1 0 0 0 1 0 0 0 1 0 0 0 1 0 0 0 1 0 0 0 1 0 0 0 1 0 0 0 1 0 0 0 1 0 0 0 1 0 0 0 1 0 0 0 1 0 0 0 1 0 0 0 1 0 0 0 1 0 0 0 1 0 0 0 1 0 0 0 1 0 0 0 1 0 0 0 1 0 0 0 1 0 0 0 1 0 0 0 1 0 0 0 1 0 0 0 1 0 0 0 1 0 0 0 1 0 0 0 1 0 0 0 1 0 0 0 1 0 0 0 1 0 0 0 1 0 0 0 1 0 0 0 1 0 0 0 1 0 0 0 1 0 0 0 1 0 0 0 1 0 0 0 1 0 0 0 1 0 0 0 1 0 0 0 1 0 0 0 1 0 0 0 1 0 0 0 1 0 0 0 1 0 0 0 1 0 0 0 1 0 0 0 1 0 0 0 1 0 0 0 1 0 0 0 1 0 0 0 1 0 0 0 1 0 0 0 1 0 0 0 1 0 0 0 1 0 0 0 1 0 0 0 1 0 0 0 1 0 0 0 1 0 0 0 1 0 0 0 1 0 0 0 1 0 0 0 1 0 0 0 1 0 0 0 1 0 0 0 1 0 0 0 1 0 0 0 1 0 0 0 1 0 0 0 1 0 0 0 1 0 0 0 1 0 0 0 1 0 0 0 1 0 0 0 1 0 0 0 1 0 0 0 1 0 0 0 1 0 0 0 1 0 0 0 1 0 0 0 1 0 0 0 1 0 0 0 1 0 0 0 1 0 0 0 1 0 0 0 1 0 0 0 1 0 0 0 1 0 0 0 1 0 0 0 1 0 0 0 1 0 0 0 1 0 0 0 1 0 0 0 1 0 0 0 1 0 0 0 1 0 0 0 1 0 0 0 1 0 0 0 1 0 0 0 1 0 0 0 1 0 0 0 1 0 0 0 1 0 0 0 1 0 0 0 1 0 0 0 1 0 0 0 1 0 0 0 1 0 0 0 1 0 0 0 1 0 0 0 1 0 0 0 1 0 0 0 1 0 0 0 1 0 0 0 1 0 0 0 1 0 0 0 1 0 0 0 1 0 0 0 1 0 0 0 1 0 0 0 1 0 0 0 1 0 0 0 1 0 0 0 1 0 0 0 1 0 0 0 1 0 0 0 1 0 0 0 1 0 0 0 1 0 0 0 1 0 0 0 1 0 0 0 1 0 0 0 1 0 0 0 1 0 0 0 1 0 0 0 1 0 0 0 1 0 0 0 1 0 0 0 1 0 0 0 1 0 0 0 1 0 0 0 1 0 0 0 1 0 0 0 1 0 0 0 1 0 0 0 1 0 0 0 1 0 0 0 1 0 0 0 1 0 0 0 1 0 0 0 1 0 0 0 1 0 0 0 1 0 0 0 1 0 0 0 1 0 0 0 1 0 0 0 1 0 0 0 1 0 0 0 1 0 0 0 1 0 0 0 1 0 0 0 1 0 0 0 1 0 0 0 1 0 0 0 1 0 0 0 1 0 0 0 1 0 0 0 1 0 0 0 1 0 0 0 1 0 0 0 1 0 0 0 1 0 0 0 1 0 0 0 1 0 0 0 1 0 0 0 1 0 0 0 1 0 0 0 1 0 0 0 1 0 0 0 1 0 0 0 1 0 0 0 1 0 0 0 1 0 0 0 1 0 0 0 1 0 0 0 1 0 0 0 1 0 0 0 1 0 0 0 1 0 0 0 1 0 0 0 1 0 0 0 1 0 0 0 1 0 0 0 1 0 0 0 1 0 0 0 1 0 0 0 1 0 0 0 1 0 0 0 1 0 0 0 1 0 0 0 1 0 0 0 1 0 0 0 1 0 0 0 1 0 0 0 1 0 0 0 1 0 0 0 1 0 0 0 1 0 0 0 1 0 0 0 1 0 0 0 1 0 0 0 1 0 0 0 1 0 0 0 1 0 0 0 1 0 0 0 1 0 0 0 1 0 0 0 1 0 0 0 1 0 0 0 1 0 0 0 1 0 0 0 1 0 0 0 1 0 0 0 1 0 0 0 1 0 0 0 1 0 0 0 1 0 0 0 1 0 0 0 1 0 0 0 1 0 0 0 1 0 0 0 1 0 0 0 1 0 0 0 1 0 0 0 1 0 0 0 1 0 0 0 1 0 0 0 1 0 0 0 1 0 0 0 1 0 0 0 1 0 0 0 1 0 0 0 1 0 0 0 1 0 0 0 1 0 0 0 1 0 0 0 1 0 0 0 1 0 0 0 1 0 0 0 1 0 0 0 1 0 0 0 1 0 0 0 1 0 0 0 1 0 0 0 1 0 0 0 1 0 0 0 1 0 0 0 1 0 0 0 1 0 0 0 1 0 0 0 1 0 0 0 1 0 0 0 1 0 0 0 1 0 0 0 1 0 0 0 1 0 0 0 1 0 0 0 1 0 0 0 1 0 0 0 1 0 0 0 1 0 0 0 1 0 0 0 1 0 0 0 1 0 0 0 1 0 0 0 1 0 0 0 1 0 0 0 1 0 0 0 1 0 0 0 1 0 0 0 1 0 0 0 1 0 0 0 1 0 0 0 1 0 0 0 1 0 0 0 1 0 0 0 1 0 0 0 1 0 0 0 1 0 0 0 1 0 0 0 1 0 0 0 1 0 0 0 1 0 0 0 1 0 0 0 1 0 0 0 1 0 0 0 1 0 0 0 1 0 0 0 1 0 0 0 1 0 0 0 1 0 0 0 1 0 0 0 1 0 0 0 1 0 0 0 1 0 0 0 1 0 0 0 1 0 0 0 1 0 0 0 1 0 0 0 1 0 0 0 1 0 0 0 1 0 0 0 1 0 0 0 1 0 0 0 1 0 0 0 1 0 0 0 1 0 0 0 1 0 0 0 1 0 0 0 1 0 0 0 1 0 0 0 1 0 0 0 1 0 0 0 1 0 0 0 1 0 0 0 1 0 0 0 1 0 0 0 1 0 0 0 1 0 0 0 1 0 0 0 1 0 0 0 1 0 0 0 1 0 0 0 1 0 0 0 1 0 0 0 1 0 0 0 1 0 0 0 1 0 0 0 1 0 0 0 1 0 0 0 1 0 0 0 1 0 0 0 1 0 0 0 1 0 0 0 1 0 0 0 1 0 0 0 1 0 0 0 1 0 0 0 1 0 0 0 1 0 0 0 1 0 0 0 1 0 0 0 1 0 0 0 1 0 0 0 1 0 0 0 1 0 0 0 1 0 0 0 1 0 0 0 1 0 0 0 1 0 0 0 1 0 0 0 1 0 0 0 1 0 0 0 1 0 0 0 1 0 0 0 1 0 0 0 1 0 0 0 1 0 0 0 1 0 0 0 1 0 0 0 1 0 0 0 1 0 0 0 1 0 0 0 1 0 0 0 1 0 0 0 1 0 0 0 1 0 0 0 1 0 0 0 1 0 0 0 1 0 0 0 1 0 0 0 1 0 0 0 1 0 0 0 1 0 0 0 1 0 0 0 1 0 0 0 1 0 0 0 1 0 0 0 1 0 0 0 1 0 0 0 1 0 0 0 1 0 0 0 1 0 0 0 1 0 0 0 1 0 0 0 1 0 0 0 1 0 0 0 1 0 0 0 1 0 0 0 1 0 0 0 1 0 0 0 1 0 0 0 1 0 0 0 1 0 0 0 1 0 0 0 1 0 0 0 1 0 0 0 1 0 0 0 1 0 0 0 1 0 0 0 1 0 0 0 1 0 0 0 1 0 0 0 1 0 0 0 1 0 0 0 1 0 0 0 1 0 0 0 1 0 0 0 1 0 0 0 1 0 0 0 1 0 0 0 1 0 0 0 1 0 0 0 1 0 0 0 1 0 0 0 1 0 0 0 1 0 0 0 1 0 0 0 1 0 0 0 1 0 0 0 1 0 0 0 1 0 0 0 1 0 0 0 1 0 0 0 1 0 0 0 1 0 0 0 1</float_array>
          <technique_common>
            <accessor source="#unnamed-mesh-colors-Col-array" count="696" stride="4">
              <param name="R" type="float"/>
              <param name="G" type="float"/>
              <param name="B" type="float"/>
              <param name="A" type="float"/>
            </accessor>
          </technique_common>
        </source>
        <vertices id="unnamed-mesh-vertices">
          <input semantic="POSITION" source="#unnamed-mesh-positions"/>
        </vertices>
        <triangles material="unnamed_0-material" count="232">
          <input semantic="VERTEX" source="#unnamed-mesh-vertices" offset="0"/>
          <input semantic="NORMAL" source="#unnamed-mesh-normals" offset="1"/>
          <input semantic="TEXCOORD" source="#unnamed-mesh-map-0" offset="2" set="0"/>
          <input semantic="COLOR" source="#unnamed-mesh-colors-Col" offset="3" set="0"/>
          <p>0 0 0 0 5 1 1 1 39 2 2 2 39 2 3 3 5 1 4 4 1 3 5 5 39 2 6 6 1 3 7 7 2 4 8 8 2 4 9 9 1 3 10 10 7 5 11 11 2 4 12 12 7 5 13 13 34 6 14 14 34 6 15 15 7 5 16 16 14 7 17 17 34 6 18 18 14 7 19 19 3 8 20 20 3 8 21 21 14 7 22 22 4 9 23 23 3 8 24 24 4 9 25 25 0 0 26 26 0 0 27 27 4 9 28 28 5 1 29 29 5 1 30 30 4 9 31 31 17 10 32 32 5 1 33 33 17 10 34 34 6 11 35 35 5 1 36 36 6 11 37 37 1 3 38 38 1 3 39 39 6 11 40 40 20 12 41 41 1 3 42 42 20 12 43 43 7 5 44 44 7 5 45 45 20 12 46 46 8 13 47 47 8 13 48 48 20 12 49 49 9 14 50 50 8 13 51 51 9 14 52 52 12 15 53 53 12 15 54 54 9 14 55 55 44 16 56 56 12 15 57 57 44 16 58 58 10 17 59 59 12 15 60 60 10 17 61 61 11 18 62 62 11 18 63 63 10 17 64 64 42 19 65 65 11 18 66 66 42 19 67 67 16 20 68 68 11 18 69 69 16 20 70 70 15 21 71 71 11 18 72 72 15 21 73 73 12 15 74 74 12 15 75 75 15 21 76 76 13 22 77 77 12 15 78 78 13 22 79 79 8 13 80 80 8 13 81 81 13 22 82 82 7 5 83 83 7 5 84 84 13 22 85 85 14 7 86 86 14 7 87 87 13 22 88 88 15 21 89 89 14 7 90 90 15 21 91 91 4 9 92 92 4 9 93 93 15 21 94 94 16 20 95 95 4 9 96 96 16 20 97 97 17 10 98 98 17 10 99 99 16 20 100 100 42 19 101 101 17 10 102 102 42 19 103 103 18 23 104 104 17 10 105 105 18 23 106 106 41 24 107 107 17 10 108 108 41 24 109 109 6 11 110 110 6 11 111 111 41 24 112 112 19 25 113 113 6 11 114 114 19 25 115 115 20 12 116 116 20 12 117 117 19 25 118 118 9 14 119 119 9 14 120 120 19 25 121 121 21 26 122 122 9 14 123 123 21 26 124 124 44 16 125 125 44 16 126 126 21 26 127 127 22 27 128 128 44 16 129 129 22 27 130 130 45 28 131 131 45 28 132 132 22 27 133 133 23 29 134 134 45 28 135 135 23 29 136 136 24 30 137 137 24 30 138 138 23 29 139 139 58 31 140 140 24 30 141 141 58 31 142 142 25 32 143 143 24 30 144 144 25 32 145 145 46 33 146 146 46 33 147 147 25 32 148 148 47 34 149 149 39 2 150 150 26 35 151 151 0 0 152 152 0 0 153 153 26 35 154 154 27 36 155 155 0 0 156 156 27 36 157 157 3 8 158 158 3 8 159 159 27 36 160 160 28 37 161 161 28 37 162 162 27 36 163 163 29 38 164 164 29 38 165 165 27 36 166 166 26 35 167 167 29 38 168 168 26 35 169 169 28 37 170 170 28 37 171 171 26 35 172 172 39 2 173 173 28 37 174 174 39 2 175 175 3 8 176 176 3 8 177 177 39 2 178 178 32 39 179 179 3 8 180 180 32 39 181 181 34 6 182 182 34 6 183 183 32 39 184 184 33 40 185 185 33 40 186 186 32 39 187 187 30 41 188 188 33 40 189 189 30 41 190 190 31 42 191 191 31 42 192 192 30 41 193 193 32 39 194 194 31 42 195 195 32 39 196 196 39 2 197 197 31 42 198 198 39 2 199 199 33 40 200 200 33 40 201 201 39 2 202 202 34 6 203 203 34 6 204 204 39 2 205 205 38 43 206 206 34 6 207 207 38 43 208 208 35 44 209 209 35 44 210 210 38 43 211 211 36 45 212 212 35 44 213 213 36 45 214 214 37 46 215 215 37 46 216 216 36 45 217 217 38 43 218 218 37 46 219 219 38 43 220 220 39 2 221 221 37 46 222 222 39 2 223 223 2 4 224 224 37 46 225 225 2 4 226 226 35 44 227 227 35 44 228 228 2 4 229 229 34 6 230 230 40 47 231 231 41 24 232 232 53 48 233 233 53 48 234 234 41 24 235 235 18 23 236 236 53 48 237 237 18 23 238 238 42 19 239 239 53 48 240 240 42 19 241 241 52 49 242 242 52 49 243 243 42 19 244 244 10 17 245 245 52 49 246 246 10 17 247 247 43 50 248 248 43 50 249 249 10 17 250 250 44 16 251 251 43 50 252 252 44 16 253 253 45 28 254 254 45 28 255 255 24 30 256 256 43 50 257 257 43 50 258 258 24 30 259 259 46 33 260 260 43 50 261 261 46 33 262 262 50 51 263 263 50 51 264 264 46 33 265 265 47 34 266 266 50 51 267 267 47 34 268 268 48 52 269 269 48 52 270 270 47 34 271 271 57 53 272 272 48 52 273 273 57 53 274 274 49 54 275 275 49 54 276 276 55 55 277 277 48 52 278 278 48 52 279 279 55 55 280 280 54 56 281 281 48 52 282 282 54 56 283 283 50 51 284 284 50 51 285 285 54 56 286 286 51 57 287 287 50 51 288 288 51 57 289 289 43 50 290 290 43 50 291 291 51 57 292 292 52 49 293 293 52 49 294 294 51 57 295 295 54 56 296 296 52 49 297 297 54 56 298 298 53 48 299 299 53 48 300 300 54 56 301 301 40 47 302 302 40 47 303 303 54 56 304 304 55 55 305 305 40 47 306 306 55 55 307 307 60 58 308 308 60 58 309 309 55 55 310 310 56 59 311 311 56 59 312 312 55 55 313 313 49 54 314 314 56 59 315 315 49 54 316 316 59 60 317 317 59 60 318 318 49 54 319 319 57 53 320 320 59 60 321 321 57 53 322 322 58 31 323 323 58 31 324 324 23 29 325 325 59 60 326 326 59 60 327 327 23 29 328 328 22 27 329 329 59 60 330 330 22 27 331 331 56 59 332 332 56 59 333 333 22 27 334 334 21 26 335 335 56 59 336 336 21 26 337 337 60 58 338 338 60 58 339 339 21 26 340 340 19 25 341 341 60 58 342 342 19 25 343 343 41 24 344 344 60 58 345 345 41 24 346 346 40 47 347 347 65 61 348 348 61 62 349 349 107 63 350 350 65 61 351 351 107 63 352 352 62 64 353 353 62 64 354 354 107 63 355 355 108 65 356 356 62 64 357 357 108 65 358 358 63 66 359 359 62 64 360 360 63 66 361 361 64 67 362 362 62 64 363 363 64 67 364 364 65 61 365 365 65 61 366 366 64 67 367 367 63 66 368 368 65 61 369 369 63 66 370 370 61 62 371 371 61 62 372 372 63 66 373 373 108 65 374 374 61 62 375 375 108 65 376 376 69 68 377 377 69 68 378 378 108 65 379 379 70 69 380 380 69 68 381 381 70 69 382 382 66 70 383 383 69 68 384 384 66 70 385 385 67 71 386 386 67 71 387 387 66 70 388 388 68 72 389 389 67 71 390 390 68 72 391 391 69 68 392 392 69 68 393 393 68 72 394 394 61 62 395 395 61 62 396 396 68 72 397 397 66 70 398 398 61 62 399 399 66 70 400 400 70 69 401 401 61 62 402 402 70 69 403 403 73 73 404 404 73 73 405 405 70 69 406 406 75 74 407 407 75 74 408 408 70 69 409 409 71 75 410 410 75 74 411 411 71 75 412 412 72 76 413 413 72 76 414 414 71 75 415 415 61 62 416 416 72 76 417 417 61 62 418 418 73 73 419 419 72 76 420 420 73 73 421 421 74 77 422 422 74 77 423 423 73 73 424 424 75 74 425 425 74 77 426 426 75 74 427 427 72 76 428 428 98 78 429 429 76 79 430 430 81 80 431 431 98 78 432 432 81 80 433 433 77 81 434 434 77 81 435 435 81 80 436 436 78 82 437 437 78 82 438 438 81 80 439 439 79 83 440 440 78 82 441 441 79 83 442 442 105 84 443 443 105 84 444 444 79 83 445 445 115 85 446 446 115 85 447 447 79 83 448 448 80 86 449 449 80 86 450 450 79 83 451 451 81 80 452 452 80 86 453 453 81 80 454 454 82 87 455 455 82 87 456 456 81 80 457 457 76 79 458 458 82 87 459 459 76 79 460 460 113 88 461 461 113 88 462 462 76 79 463 463 97 89 464 464 113 88 465 465 97 89 466 466 112 90 467 467 112 90 468 468 97 89 469 469 95 91 470 470 112 90 471 471 95 91 472 472 92 92 473 473 112 90 474 474 92 92 475 475 83 93 476 476 83 93 477 477 92 92 478 478 91 94 479 479 83 93 480 480 91 94 481 481 84 95 482 482 84 95 483 483 91 94 484 484 85 96 485 485 84 95 486 486 85 96 487 487 100 97 488 488 100 97 489 489 85 96 490 490 99 98 491 491 99 98 492 492 85 96 493 493 86 99 494 494 99 98 495 495 86 99 496 496 87 100 497 497 99 98 498 498 87 100 499 499 88 101 500 500 88 101 501 501 87 100 502 502 96 102 503 503 94 103 504 504 96 102 505 505 87 100 506 506 94 103 507 507 87 100 508 508 89 104 509 509 89 104 510 510 87 100 511 511 86 99 512 512 89 104 513 513 86 99 514 514 90 105 515 515 90 105 516 516 86 99 517 517 85 96 518 518 90 105 519 519 85 96 520 520 91 94 521 521 90 105 522 522 91 94 523 523 93 106 524 524 93 106 525 525 91 94 526 526 92 92 527 527 93 106 528 528 92 92 529 529 95 91 530 530 93 106 531 531 95 91 532 532 94 103 533 533 94 103 534 534 95 91 535 535 96 102 536 536 96 102 537 537 95 91 538 538 97 89 539 539 96 102 540 540 97 89 541 541 88 101 542 542 88 101 543 543 97 89 544 544 76 79 545 545 88 101 546 546 76 79 547 547 99 98 548 548 99 98 549 549 76 79 550 550 98 78 551 551 99 98 552 552 98 78 553 553 102 107 554 554 99 98 555 555 102 107 556 556 100 97 557 557 100 97 558 558 102 107 559 559 84 95 560 560 101 108 561 561 84 95 562 562 102 107 563 563 101 108 564 564 102 107 565 565 103 109 566 566 103 109 567 567 102 107 568 568 98 78 569 569 103 109 570 570 98 78 571 571 77 81 572 572 103 109 573 573 77 81 574 574 110 110 575 575 110 110 576 576 77 81 577 577 78 82 578 578 110 110 579 579 78 82 580 580 104 111 581 581 104 111 582 582 78 82 583 583 105 84 584 584 104 111 585 585 105 84 586 586 108 65 587 587 108 65 588 588 105 84 589 589 70 69 590 590 70 69 591 591 105 84 592 592 115 85 593 593 70 69 594 594 115 85 595 595 71 75 596 596 71 75 597 597 115 85 598 598 116 112 599 599 71 75 600 600 116 112 601 601 61 62 602 602 61 62 603 603 116 112 604 604 106 113 605 605 61 62 606 606 106 113 607 607 107 63 608 608 107 63 609 609 106 113 610 610 104 111 611 611 107 63 612 612 104 111 613 613 108 65 614 614 104 111 615 615 106 113 616 616 109 114 617 617 104 111 618 618 109 114 619 619 110 110 620 620 110 110 621 621 109 114 622 622 103 109 623 623 103 109 624 624 109 114 625 625 120 115 626 626 103 109 627 627 120 115 628 628 101 108 629 629 101 108 630 630 120 115 631 631 121 116 632 632 101 108 633 633 121 116 634 634 119 117 635 635 101 108 636 636 119 117 637 637 84 95 638 638 84 95 639 639 119 117 640 640 83 93 641 641 83 93 642 642 119 117 643 643 111 118 644 644 83 93 645 645 111 118 646 646 112 90 647 647 112 90 648 648 111 118 649 649 113 88 650 650 113 88 651 651 111 118 652 652 118 119 653 653 113 88 654 654 118 119 655 655 82 87 656 656 82 87 657 657 118 119 658 658 114 120 659 659 82 87 660 660 114 120 661 661 80 86 662 662 80 86 663 663 114 120 664 664 115 85 665 665 116 112 666 666 115 85 667 667 114 120 668 668 116 112 669 669 114 120 670 670 117 121 671 671 117 121 672 672 114 120 673 673 118 119 674 674 117 121 675 675 118 119 676 676 121 116 677 677 121 116 678 678 118 119 679 679 111 118 680 680 121 116 681 681 111 118 682 682 119 117 683 683 121 116 684 684 120 115 685 685 109 114 686 686 121 116 687 687 109 114 688 688 117 121 689 689 117 121 690 690 109 114 691 691 106 113 692 692 117 121 693 693 106 113 694 694 116 112 695 695</p>
        </triangles>
      </mesh>
    </geometry>
  </library_geometries>
  <library_controllers>
    <controller id="krabs_root_mesh_005-skin" name="krabs_root">
      <skin source="#unnamed_005-mesh">
        <bind_shape_matrix>1 0 0 0 0 1 0 0 0 0 1 0 0 0 0 1</bind_shape_matrix>
        <source id="krabs_root_mesh_005-skin-joints">
          <Name_array id="krabs_root_mesh_005-skin-joints-array" count="47">krabs_root krabs_sub_root krabs_connect krabs_thigh_L krabs_knee_L krabs_ankle_L krabs_thigh_R krabs_knee_R krabs_ankle_R krabs_waist krabs_clavicle_L krabs_bicep_L krabs_elbow_L krabs_wrist_L krabs_claw_upper_L krabs_claw_tip_L krabs_thumb_claw_L krabs_clavicle_R krabs_bicep_R krabs_elbow_R krabs_wrist_R krabs_claw_upper_R krabs_claw_tip_R krabs_thumb_claw_R krabs_head krabs_eye_stalk_base_L krabs_eye_stalk_02_L krabs_eye_L krabs_eye_stalk_temp_L krabs_lower_lid_L krabs_upper_lid_L krabs_eye_stalk_base_R krabs_eye_stalk_02_R krabs_eye_R krabs_eye_stalk_temp_R krabs_lower_lid_R krabs_upper_lid_R krabs_jaw krabs_mouth_lower krabs_mouth_lower_L krabs_mouth_lower_R krabs_mouth_corner_L krabs_mouth_corner_R krabs_mouth_upper krabs_mouth_upper_L krabs_mouth_upper_R krabs_nose</Name_array>
          <technique_common>
            <accessor source="#krabs_root_mesh_005-skin-joints-array" count="47" stride="1">
              <param name="JOINT" type="name"/>
            </accessor>
          </technique_common>
        </source>
        <source id="krabs_root_mesh_005-skin-bind_poses">
          <float_array id="krabs_root_mesh_005-skin-bind_poses-array" count="752">1 0 0 0 0 -3.57628e-7 1 0 0 -1 -2.8213e-7 0 0 0 0 1 1 0 0 0 0 -3.57628e-7 1 -0.2741089 0 -1 -2.8213e-7 -0.009161651 0 0 0 1 1 0 0 0 0 -3.57628e-7 1 0 0 -1 -2.8213e-7 0 0 0 0 1 1 0 0 -0.1377947 0 0.07561463 -0.9971371 0.2208805 0 0.9971289 0.07561457 0.01581025 0 0 0 1 1 0 0 -0.1377948 0 0.1840241 -0.9829216 0.1147493 0 0.9829134 0.1840249 0.003302216 0 0 0 1 1 0 0 -0.1377947 0 -1.69871e-6 1 -0.01016867 0 -0.999988 -2.83119e-7 -0.005263388 0 0 0 1 1 0 0 0.1377948 0 -0.07561409 0.9971372 -0.2208804 0 -0.9971371 -0.07561403 -0.0158106 0 0 0 1 1 0 0 0.1377947 0 -0.1840276 0.9829213 -0.1147491 0 -0.9829211 -0.1840274 -0.003302276 0 0 0 1 1 0 0 0.1377947 0 2.17555e-6 -1 0.01016867 0 0.9999906 3.42723e-7 0.005263447 0 0 0 1 1 0 0 0 0 -3.57628e-7 1 -0.4277477 0 -1 -2.8213e-7 -0.04126524 0 0 0 1 1 0 0 -0.02845805 0 -3.94881e-7 1 -0.4429556 0 -1 -3.19383e-7 -0.06379133 0 0 0 1 0.7813106 -2.46462e-7 0.6241426 -0.5148489 -0.6241426 -3.08525e-7 0.7813106 -0.2772746 0 -1 -3.19383e-7 0 0 0 0 1 0.9914336 0 -0.1306115 -0.3243016 0.1306115 -3.54565e-7 0.9914336 -0.7149132 0 -1 -2.82766e-7 0 0 0 0 1 1 0 -2.68221e-7 -0.5831602 2.38419e-7 -3.57628e-7 1 -0.6551145 0 -1 -2.8213e-7 0 0 0 0 1 1 0 0 -0.6618568 0 -3.57628e-7 1 -0.6452518 0 -1 -2.8213e-7 0 0 0 0 1 1 0 -1.19209e-7 -0.7751677 0 -3.57628e-7 1 -0.5216195 0 -1 -2.8213e-7 0 0 0 0 1 1 0 0 -0.6207509 0 -3.57628e-7 1 -0.6278494 0 -1 -2.8213e-7 0 0 0 0 1 1 1.50996e-7 0 0.02845799 0 3.57628e-7 -1 0.4429555 -1.50996e-7 1 2.8213e-7 0.06379133 0 0 0 1 0.7813107 3.10633e-7 -0.6241423 0.5148485 -0.6241423 3.34187e-7 -0.7813107 0.2772747 0 1 3.79486e-7 0 0 0 0 1 0.9914337 0 0.1306108 0.3243021 0.1306108 3.54565e-7 -0.9914337 0.7149127 0 1 2.70712e-7 0 0 0 0 1 1 0 1.19209e-7 0.5831601 0 3.57628e-7 -0.9999999 0.6551132 0 1 2.8213e-7 0 0 0 0 1 1 0 0 0.6618588 0 3.57628e-7 -0.9999999 0.645252 0 1 2.8213e-7 0 0 0 0 1 1 0 0 0.7751669 0 3.57628e-7 -1 0.5216194 0 1 2.8213e-7 0 0 0 0 1 1 0 0 0.6207509 0 3.57628e-7 -0.9999999 0.6278496 0 1 2.8213e-7 0 0 0 0 1 1 0 0 0 0 -3.71598e-7 1 -0.6066108 0 -1 -2.961e-7 -0.03897213 0 0 0 1 1 0 0 -0.02979654 0 -3.71598e-7 1 -0.6831793 0 -1 -2.961e-7 -0.05980986 0 0 0 1 1 0 0 -0.06504535 0 -3.71598e-7 1 -0.9196594 0 -1 -2.961e-7 -0.1166735 0 0 0 1 1 0 0 -0.06866163 0 -3.71598e-7 1 -0.9717401 0 -1 -2.961e-7 -0.1668012 0 0 0 1 1 0 0 -0.06522804 0 -3.71598e-7 1 -1.103899 0 -1 -2.961e-7 -0.07915073 0 0 0 1 1 0 0 -0.06504535 0 -3.71598e-7 1 -0.9196594 0 -1 -2.961e-7 -0.1166735 0 0 0 1 1 0 0 -0.06504535 0 -3.71598e-7 1 -0.9196594 0 -1 -2.961e-7 -0.1166735 0 0 0 1 1 1.50996e-7 0 0.0297966 0 3.71598e-7 -1 0.6831825 -1.50996e-7 1 2.961e-7 0.05980986 0 0 0 1 1 0 0 0.06504547 0 3.71598e-7 -1 0.9196592 0 1 2.961e-7 0.1166737 0 0 0 1 1 0 0 0.06866145 0 3.71598e-7 -1 0.9717372 0 1 2.961e-7 0.166801 0 0 0 1 1 0 0 0.06522816 0 3.71598e-7 -1 1.103902 0 1 2.961e-7 0.07915043 0 0 0 1 1 0 0 0.06504547 0 3.71598e-7 -1 0.9196592 0 1 2.961e-7 0.1166737 0 0 0 1 1 0 0 0.06504547 0 3.71598e-7 -1 0.9196592 0 1 2.961e-7 0.1166737 0 0 0 1 1 0 0 0 0 2.24449e-7 1 -0.1591532 0 -1 2.99947e-7 0.2881076 0 0 0 1 1 0 0 0 0 -3.71598e-7 1 -0.6116052 0 -1 -2.961e-7 -0.1784769 0 0 0 1 1 0 0 -0.06343168 0 -3.71598e-7 1 -0.6184141 0 -1 -2.961e-7 -0.1563321 0 0 0 1 1 1.50996e-7 0 0.06343173 0 9.67644e-7 -1 0.6184144 -1.50996e-7 1 8.92146e-7 0.1563315 0 0 0 1 1 0 0 -0.1018688 0 -3.71598e-7 1 -0.6502957 0 -1 -2.961e-7 -0.07387578 0 0 0 1 1 1.50996e-7 0 0.1018686 0 5.20609e-7 -1 0.6502957 -1.50996e-7 1 4.45111e-7 0.0738756 0 0 0 1 1 0 0 0 0 -3.71598e-7 1 -0.6308277 0 -1 -2.961e-7 -0.1659023 0 0 0 1 1 0 0 -0.04537057 0 -3.71598e-7 1 -0.6318048 0 -1 -2.961e-7 -0.1500545 0 0 0 1 1 1.50996e-7 0 0.04537057 0 3.71598e-7 -1 0.6318046 -1.50996e-7 1 2.961e-7 0.1500545 0 0 0 1 1 0 0 0 0 -3.71598e-7 1 -0.6662318 0 -1 -2.961e-7 -0.1261106 0 0 0 1</float_array>
          <technique_common>
            <accessor source="#krabs_root_mesh_005-skin-bind_poses-array" count="47" stride="16">
              <param name="TRANSFORM" type="float4x4"/>
            </accessor>
          </technique_common>
        </source>
        <source id="krabs_root_mesh_005-skin-weights">
          <float_array id="krabs_root_mesh_005-skin-weights-array" count="1224">1 1 1 0.9997386 2.61439e-4 0.9999846 1.53788e-5 0.9960783 0.003921687 0.9960783 0.003921687 0.9998226 4.43165e-5 1.33114e-4 0.9999913 8.7624e-6 0.9999908 9.17872e-6 0.999993 7.0058e-6 0 0.9960784 0.00390619 1.54386e-5 0.9999893 8.09363e-6 2.69447e-6 0.9999985 1.60931e-6 0 0.9999107 6.69832e-5 2.23004e-5 0.9999629 9.27437e-6 2.78585e-5 0.9999964 3.63587e-6 0.9976043 0.002395689 0 0.9790665 0.02093321 3.23201e-7 0.9999734 2.66424e-5 0 0.9999906 9.47673e-6 0 0.9974822 0.002517819 0.9960783 0.003921687 0.9960783 0.003921687 0.9982796 0.001720368 1 1 1 1 1 1 1 1 1 0.003921687 0.9960783 0.003921687 0.9960783 1 1 1 0.003860116 0.9961398 1 0.003921687 0.9960783 1 1 1 1 1 1 1 1 1 1 1 1 1 1 1 0.003921687 0.9960783 0.003921687 0.9960783 0.003921687 0.9960783 1 0.003921687 0.9960783 0.003921687 0.9960783 0.9960783 0.003921687 0.9960783 0.003921687 0.9960783 0.003921687 1 1 1.53172e-5 0.9999848 0.003905951 0.996094 1.53172e-5 0.9999848 1.53172e-5 0.9999848 1 1 1 0.003905951 0.996094 0.9999846 1.53788e-5 0.9982796 0.001720368 0.9976043 0.002395689 0 0.9999964 3.63587e-6 0.9992342 7.65885e-4 0 0.9999107 6.69832e-5 2.23004e-5 0.9999956 1.11649e-6 3.3539e-6 0.9999629 9.27439e-6 2.78585e-5 0.9999942 5.90125e-6 0.9980391 0.001953065 7.71935e-6 0.9999296 7.02331e-5 2.77611e-7 1 1 1 1 1 1 1 1 1 1 1 1 1 1 1 1 1 1 1 1 1 1 1 0.9960783 0.003921687 1 0.4980764 0.5019236 0.9960783 0.003921687 0.4980307 0.5019693 0.4980388 0.001968443 0.4999927 0.4980307 0.5019693 1 0.4980307 0.5019693 0.003921627 0.9960783 0.4980307 0.5019693 1 1 1 1 1 1 1 1 1 1 1 1 1 0.9921568 0.007843255 1 1 1 1 1 1 1 1 1 1 0.003921687 0.9960783 1 1 1 0.003921687 0.9960783 1 1 0.003921687 0.9960783 0.003921687 0.9960783 1 0.003921687 0.9960783 0.003921687 0.9960783 1 0.003921687 0.9960783 0.003921687 0.9960783 1 1 1 1 1 1 1 1 0.003921687 0.9960783 0.003921687 0.9960783 1 1 0.003921687 0.9960783 1 0.003921687 0.9960783 0.003921687 0.9960783 0.003921687 0.9960783 1 1 1 1 1 0.003921687 0.9960783 0.003921687 0.9960783 1 1 1 1 1 1 1 1 1 1 1 1 1 1 1 1 1 1 1 1 1 0.003921687 0.9960783 1 1 1 0.003921687 0.9960783 1 0.003921687 0.9960783 1 1 1 1 1 1 1 1 1 1 1 1 1 1 1 1 1 1 0.003921687 0.9960783 1 1 0.9921568 0.007843255 1 1 1 1 1 0.004882335 0.9951177 1 9.75678e-5 0.9999025 1 1.95572e-4 0.01660054 0.983204 1 1 4.02103e-4 0.9995979 1.5319e-5 0.00390613 0.9960786 2.53089e-4 0.9352077 0.06453919 0 1.17742e-5 0.003002226 0.9969859 0.9941099 0.005890071 0.9802083 0.01979172 0.5019689 0.4980311 0.5188251 0.4749987 0.006176292 0.4999213 0.5000787 0.03503072 0.9649693 0.5019689 0.4980311 0.9802083 0.01979172 0.5018469 0.4981532 0.003915965 0.996084 0.5000157 0.4999843 0.996094 0.003906011 1 1 0.5000157 0.4999843 0.5058296 0.4941704 0.03132033 0.9686796 0.003915965 0.996084 0.003915965 0.996084 0.5019689 0.4980311 0.5018468 0.4981532 0.5019689 0.4980311 0.4333307 0.5666694 0.2333357 0.7636577 0.003006637 0.4588338 0.5390439 0.002122282 0.4921541 0.5078459 0.5019689 0.4980311 0.03132033 0.9686796 1 1 1 1 0.5000157 0.4999843 1 1 1 0.003860116 0.9961398 1 0.003921687 0.9960783 0.003921687 0.9960783 1 1 1 1 1 1 1 1 1 1 1 1 1 1 0.003921687 0.9960783 1 1 1 1 1 1 1 1 1 1 0.003921687 0.9960783 1 1 0.003921687 0.9960783 0.003921687 0.9960783 1 1 1 1 1 1 1 1 1 1 1 1 1 0.9999926 7.42119e-6 0 0.9999967 3.32479e-6 0 0.9999926 7.42119e-6 0 0.9999963 3.68104e-6 0 0.9999962 3.81472e-6 1 1 1 0.003921687 0.9960783 0.003921687 0.9960783 0.003921687 0.9960783 0.003921687 0.9960783 1 1 0.003921687 0.9960783 1 1 1 1 1 1 1 1 1 1 1 1 1 1 1 0.003921687 0.9960783 1 1 1 1 1 1 1 1 1 1 1 0.9999913 8.6683e-6 0 0.9999962 3.81472e-6 0.4999919 0.4980396 0.001968502 0.499998 0.3468236 0.1531783 0.4999915 0.49804 0.001968502 1.5319e-5 0.00390613 0.9960786 0.5019224 0.4980776 0.00390613 0.9960784 1.53788e-5 0.5019224 0.4980776 0.999889 1.10986e-4 0.9993695 6.30532e-4 0.9998616 1.3841e-4 0.9999539 4.61352e-5 0.9988312 0.001168787 0.999554 4.45985e-4 0.9988158 0.001184165 0.9993695 6.30532e-4 0.9997801 2.20008e-4 0.9999805 1.9473e-5 0 0.9999967 3.32479e-6 0 0.9999929 7.18416e-6 0 0.9992206 7.76423e-4 3.06878e-6 0.9999777 2.22633e-5 0 0.999554 4.45985e-4 1.53191e-5 0.9999848 0.003905951 0.996094 4.61308e-5 0.9999539 0.001960813 0.9980391 1.53788e-5 0.9999846 0.003921687 0.9960784 1 1 1.53788e-5 0.9999846 0.003921687 0.9960784 1 1 0.9960783 0.003921747 1 1 1 1 1 3.07572e-5 0.9999693 1.53788e-5 0.9999846 7.68937e-5 0.9999231 9.07309e-4 0.9990927 5.30466e-6 0.9999948 1.53788e-5 0.9999846 0.003921687 0.9960784 0.003921687 0.9960784 1.53788e-5 0.9999846 1.53788e-5 0.9999846 5.3824e-4 0.9994618 1.53788e-5 0.9999846 1.5377e-5 0.9999846 1.53788e-5 0.9999846 0.003921687 0.9960784 1 1 0.4999915 0.49804 0.001968502 0.5019224 0.4980776 0.5019224 0.4980776 0.5019224 0.4980776 0.5019224 0.4980776 0.5019224 0.4980776 0.5019224 0.4980776 0.4999915 0.49804 0.001968502 0.3700606 0.4993055 0.1306339 0.4999919 0.4980396 0.001968502 0.4999217 0.3301196 0.1699587 0.750961 0.249039 0.4999915 0.49804 0.001968502 1.53191e-5 0.00390619 0.9960786 2.53089e-4 0.9352078 0.06453907 0.00390613 0.9960784 1.53788e-5 0.999992 7.98655e-6 0 0.9987373 9.47317e-4 3.15376e-4 0.1632455 0.6277754 0.208979 0.9998187 1.81318e-4 0.9999879 1.216e-5 0.7509607 0.2490393 0.9999988 1.24677e-6 0 0.5214527 0.4785433 4.03337e-6 0.9998155 1.83817e-4 7.26541e-7 0.5016772 0.4982596 6.31929e-5 0.5014169 0.4985793 3.87818e-6 0.9998616 1.37857e-4 5.42761e-7 0.9999988 1.24677e-6 0 0.9998187 1.81318e-4 0.1632456 0.6277757 0.2089787 0.00390613 0.9960784 1.53788e-5 0.999992 7.98655e-6 0 0.9999497 5.03629e-5 0 0.4982661 0.3255369 0.1749153 0.001281619 0.3687901 0.4999921 0.1312177 0.4999005 0.4999938 1.05722e-4 0.4996182 0.2501929 0.2481322 0.002056658 0.3933525 0.4647672 0.1406614 0.001218795 0.003905951 0.996094 0.003905951 0.996094 0.5019224 0.4980776 0.003905951 0.996094 1 0.5019078 0.4980922 0.996094 0.003906011 1 1 1 1 0.003905951 0.996094 0.003905951 0.996094 0.003905951 0.996094 1 1 1 1 0.5058296 0.4941704 0.5019079 0.4980921 0.5019689 0.4980311 0.003905951 0.996094 0.5019224 0.4980776 0.001960813 0.9980391 0.001960813 0.9980391 0.5019224 0.4980776 0.5019224 0.4980776 0.5725396 0.4274516 8.80432e-6 0.3666787 0.4980313 0.1352899 0.3719832 0.4958875 0.1321293 0.3675693 0.4999921 0.1324385 0.4952659 0.4988382 0.005895912 0.493909 0.3297529 0.1750398 0.001298189 0.5019348 0.4980574 7.71952e-6 0.5019224 0.4980776 0.5019224 0.4980776 0.001960813 0.9980391 0.001960813 0.9980391 0.9960783 0.003921687 0.9960783 0.003921687 0.4980311 0.5019689 0.003921687 0.9960783 0.4980768 0.5019232 1 0.4980311 0.5019689 1 0.4980311 0.5019689 0.498039 0.001968443 0.4999926 0.4980311 0.5019689 1 1 1 1 1 1 1 1 1 1 1 1 0.5058752 0.4941248 1 1 0.001960813 0.9941255 0.003913581 1 1 0.9999942 5.90125e-6 0.9999777 2.22633e-5 0 0.9960784 0.00390619 1.54386e-5 0.9963707 0.003629326 0.999877 1.23034e-4 0.9999296 7.02331e-5 2.77611e-7 1.95573e-4 0.01660048 0.983204 1 4.02103e-4 0.9995979 1 1 0.9941099 0.005890071 9.75678e-5 0.9999025 0 1.17742e-5 0.003002226 0.9969859 0.004882335 0.9951177 1.53191e-5 0.00390619 0.9960786 1 1 1 1 0.9999846 1.53788e-5 0.9960783 0.003921687 0.9960783 0.003921687 1 1 0.9999846 1.53787e-5 0.9960783 0.003921747 0.9999846 1.5379e-5 0.9999539 4.61352e-5 0.9960783 0.003921747 0.9999846 1.5379e-5 0.9999846 1.53787e-5 1 0.9999846 1.53788e-5 0.9990773 9.22792e-4 0.9960783 0.003921687 0.9960783 0.003921687 0.9998226 4.43164e-5 1.33113e-4 0.9992342 7.65883e-4 0 0.9999956 1.11649e-6 3.35389e-6 0.9999908 9.17869e-6 0.9999933 6.7087e-6 0 0.9999913 8.76238e-6 0.999993 7.0058e-6 0 0.9980391 0.001953065 7.71935e-6 0.9997386 2.61439e-4 1 0.9960783 0.003921687 0.9960783 0.003921687 0.9960783 0.003921687 0.9960783 0.003921687 0.9960783 0.003921687 0.9960783 0.003921747 0.9960783 0.003921687 0.9960783 0.003921687 0.9960783 0.003921687 0.9960783 0.003921687 0.9960783 0.003921687 0.9960783 0.003921687 1 1 1 1 0.9960783 0.003921747 0.9991081 8.92013e-4 0.9998924 1.07649e-4 0.999889 1.10986e-4 0.9999846 1.53788e-5 0.9960783 0.003921687 0.9960783 0.003921687 0.9985727 0.001427292 0 1 1 0.5019687 0.4980313 1 0.5019687 0.4980313 0.5000155 0.4999845 1 1 1 1 0.5019687 0.4980313 1 0.5000155 0.4999845 0.5019687 0.4980313 1 1 0.07445573 0.9255443 0.02740281 0.9725971 0.003915965 0.996084 0.003921687 0.9960784 0.5058752 0.4941248 0.001567482 0.9984315 1.1097e-6 0.001732468 0.9982622 5.23796e-6 0.9960784 0.003921687 0.003921687 0.9960784 0.5000767 0.4999233 1 1 0.5000157 0.4999843 0.5000768 0.4999232 0.9999123 8.78017e-5 0.999754 2.46067e-4 0.9988312 0.001168787 0.499231 0.4999958 7.73296e-4 0.3698278 0.4996564 0.1305158 1 1 1 1 0.9999846 1.53787e-5 0.9999846 1.53787e-5 0.9960783 0.003921687 0.9999858 1.41894e-5 0 0.9999164 8.32935e-5 3.29239e-7 0.9996924 3.07582e-4 0.9999858 1.41894e-5 0 0.9999123 8.78017e-5 0.9997801 2.20008e-4 0.9999805 1.9473e-5 0 0.07445573 0.9255443 0.02740281 0.9725971 0.999877 1.23034e-4 0.9998924 1.07649e-4 0.9963707 0.003629326 1 0.5019689 0.4980311 0.5019689 0.4980311 1 1 1 1 0.5019689 0.4980311 1 0.5000157 0.4999843 0.5019689 0.4980311 0.5000157 0.4999843 1 0.9991081 8.92013e-4 0.9988158 0.001184165 1 1 1 1 1 1 1 1 1 1 1 1 1 0.3706879 0.4979245 0.1313876 0.999974 6.49064e-6 1.94971e-5 0.9999933 6.7087e-6 0 0.9998616 1.37857e-4 5.42761e-7 0.9999963 3.68104e-6 0 0.9999352 6.46526e-5 2.5555e-7 0.9999352 6.46526e-5 2.5555e-7 0.999994 6.01995e-6 0.9999879 1.216e-5 0.999974 6.49063e-6 1.94971e-5 0.9999893 8.09363e-6 2.69446e-6 0.9987373 9.47317e-4 3.15375e-4 0.9999716 2.83709e-5 0 0.9999716 2.83709e-5 0 0.999994 6.01996e-6 0.4980879 0.4999513 0.001960813 0.9990773 9.22793e-4 1 1 1 1 1 0.9985727 0.001427292 0 0.9960783 0.003921687 0.9790665 0.02093321 3.23201e-7 0.9960783 0.003921687 0.9999846 1.53788e-5</float_array>
          <technique_common>
            <accessor source="#krabs_root_mesh_005-skin-weights-array" count="1224" stride="1">
              <param name="WEIGHT" type="float"/>
            </accessor>
          </technique_common>
        </source>
        <joints>
          <input semantic="JOINT" source="#krabs_root_mesh_005-skin-joints"/>
          <input semantic="INV_BIND_MATRIX" source="#krabs_root_mesh_005-skin-bind_poses"/>
        </joints>
        <vertex_weights count="720">
          <input semantic="JOINT" source="#krabs_root_mesh_005-skin-joints" offset="0"/>
          <input semantic="WEIGHT" source="#krabs_root_mesh_005-skin-weights" offset="1"/>
          <vcount>1 1 1 2 2 2 2 3 2 2 3 3 3 3 3 3 2 3 3 3 3 2 2 2 2 1 1 1 1 1 1 1 1 1 2 2 1 1 1 2 1 2 1 1 1 1 1 1 1 1 1 1 1 1 1 1 1 2 2 2 1 2 2 2 2 2 1 1 2 2 2 2 1 1 1 2 2 2 3 2 3 3 3 3 2 3 3 1 1 1 1 1 1 1 1 1 1 1 1 1 1 1 1 1 1 1 1 1 1 1 2 1 2 2 2 3 2 1 2 2 2 1 1 1 1 1 1 1 1 1 1 1 1 1 2 1 1 1 1 1 1 1 1 1 1 2 1 1 1 2 1 1 2 2 1 2 2 1 2 2 1 1 1 1 1 1 1 1 2 2 1 1 2 1 2 2 2 1 1 1 1 1 2 2 1 1 1 1 1 1 1 1 1 1 1 1 1 1 1 1 1 1 1 1 1 2 1 1 1 2 1 2 1 1 1 1 1 1 1 1 1 1 1 1 1 1 1 1 1 1 2 1 1 2 1 1 1 1 1 2 1 2 1 3 1 1 2 3 3 4 2 2 2 3 2 2 2 2 2 2 2 2 1 1 2 2 2 2 2 2 2 2 2 3 3 2 2 2 1 1 1 1 2 1 1 1 2 1 2 2 1 1 1 1 1 1 1 1 1 1 1 1 1 1 2 1 1 1 1 1 1 1 1 1 1 2 1 1 2 2 1 1 1 1 1 1 1 1 1 1 1 1 1 3 3 3 3 2 1 1 1 2 2 2 2 1 1 2 1 1 1 1 1 1 1 1 1 1 1 1 1 1 1 2 1 1 1 1 1 1 1 1 1 1 1 3 2 3 3 3 3 2 3 2 2 2 2 2 2 2 2 2 2 3 3 3 3 3 2 2 2 2 2 2 2 1 1 2 2 1 1 2 1 1 1 1 1 2 2 2 2 2 2 2 2 2 2 2 2 2 2 2 1 1 3 2 2 2 2 2 2 3 3 3 3 2 3 3 3 3 3 3 3 2 2 2 3 3 3 3 3 3 3 2 3 3 3 3 4 3 3 4 4 2 2 2 2 1 2 2 1 1 1 1 2 2 2 1 1 1 1 2 2 2 2 2 2 2 2 2 3 3 3 3 3 4 3 2 2 2 2 2 2 2 2 2 1 2 1 2 3 2 1 1 1 1 1 1 1 1 1 1 1 1 2 1 1 3 1 1 2 3 3 2 2 3 3 1 2 1 1 2 2 4 2 3 1 1 1 1 2 2 2 1 1 2 2 2 2 2 2 2 1 2 2 2 2 3 3 3 2 3 2 3 3 2 1 2 2 2 2 2 2 2 2 2 2 2 2 1 1 1 1 2 2 2 2 2 2 2 3 1 1 2 1 2 2 1 1 1 1 2 1 2 2 1 1 2 2 2 2 2 3 3 2 2 2 1 1 2 2 2 2 2 3 3 1 1 1 1 2 2 2 3 3 2 3 2 2 3 2 2 2 2 2 1 2 2 1 1 1 1 2 1 2 2 2 1 2 2 1 1 1 1 1 1 1 1 1 1 1 1 1 3 3 3 3 3 3 3 2 2 3 3 3 3 3 2 3 2 1 1 1 1 1 3 2 3 2 2 </vcount>
          <v>1 0 1 1 1 2 1 3 17 4 1 5 18 6 1 7 18 8 1 9 18 10 1 11 17 12 18 13 1 14 17 15 1 16 17 17 1 18 9 19 37 20 1 21 9 22 37 23 1 24 9 25 17 26 1 27 9 28 24 29 1 30 9 31 10 32 1 33 10 34 11 35 1 36 11 37 1 38 9 39 24 40 1 41 9 42 24 43 1 44 9 45 24 46 1 47 9 48 24 49 1 50 24 51 1 52 24 53 1 54 24 55 1 56 24 57 14 58 14 59 13 60 14 61 14 62 14 63 14 64 14 65 14 66 14 67 15 68 14 69 15 70 15 71 15 72 15 73 14 74 15 75 15 76 14 77 15 78 14 79 14 80 15 81 15 82 15 83 15 84 15 85 15 86 15 87 15 88 15 89 15 90 15 91 15 92 15 93 14 94 15 95 14 96 15 97 14 98 15 99 14 100 14 101 15 102 14 103 15 104 1 105 3 106 1 107 3 108 1 109 3 110 1 111 1 112 9 113 24 114 9 115 24 116 9 117 24 118 9 119 24 120 24 121 24 122 24 123 9 124 24 125 1 126 18 127 1 128 24 129 1 130 9 131 24 132 1 133 18 134 1 135 17 136 18 137 1 138 9 139 17 140 1 141 17 142 18 143 1 144 17 145 18 146 1 147 37 148 1 149 9 150 37 151 1 152 9 153 37 154 22 155 22 156 22 157 22 158 21 159 21 160 23 161 23 162 23 163 23 164 13 165 13 166 14 167 14 168 14 169 14 170 13 171 13 172 13 173 13 174 13 175 13 176 16 177 1 178 6 179 1 180 1 181 7 182 1 183 6 184 1 185 7 186 1 187 6 188 7 189 1 190 7 191 7 192 1 193 7 194 1 195 7 196 1 197 7 198 7 199 16 200 16 201 24 202 24 203 24 204 24 205 24 206 24 207 19 208 19 209 19 210 18 211 18 212 19 213 18 214 18 215 18 216 19 217 19 218 19 219 19 220 19 221 19 222 19 223 18 224 19 225 18 226 23 227 23 228 19 229 23 230 23 231 23 232 19 233 23 234 19 235 23 236 23 237 21 238 23 239 21 240 23 241 23 242 19 243 23 244 19 245 23 246 20 247 20 248 19 249 19 250 19 251 16 252 16 253 16 254 12 255 16 256 12 257 16 258 16 259 16 260 14 261 16 262 16 263 14 264 16 265 14 266 16 267 14 268 16 269 16 270 16 271 16 272 16 273 16 274 12 275 16 276 12 277 16 278 16 279 16 280 16 281 13 282 16 283 14 284 14 285 14 286 14 287 14 288 14 289 14 290 15 291 15 292 14 293 14 294 14 295 14 296 13 297 16 298 16 299 12 300 16 301 16 302 16 303 16 304 12 305 16 306 13 307 12 308 16 309 13 310 12 311 13 312 12 313 12 314 13 315 12 316 12 317 12 318 12 319 12 320 12 321 12 322 12 323 12 324 12 325 12 326 11 327 11 328 12 329 11 330 12 331 11 332 12 333 11 334 11 335 11 336 11 337 18 338 17 339 18 340 18 341 17 342 18 343 18 344 9 345 17 346 18 347 18 348 18 349 17 350 18 351 1 352 9 353 17 354 9 355 17 356 18 357 1 358 9 359 17 360 18 361 17 362 18 363 24 364 42 365 24 366 42 367 24 368 37 369 40 370 37 371 38 372 37 373 38 374 24 375 41 376 24 377 41 378 24 379 41 380 24 381 41 382 24 383 41 384 24 385 41 386 43 387 45 388 24 389 42 390 24 391 42 392 24 393 42 394 24 395 42 396 24 397 42 398 24 399 42 400 24 401 42 402 24 403 42 404 37 405 40 406 37 407 40 408 45 409 37 410 39 411 44 412 37 413 39 414 24 415 41 416 24 417 41 418 44 419 44 420 43 421 45 422 24 423 42 424 22 425 22 426 22 427 21 428 22 429 22 430 21 431 22 432 21 433 22 434 22 435 21 436 20 437 21 438 20 439 23 440 20 441 20 442 21 443 20 444 21 445 21 446 20 447 20 448 19 449 23 450 23 451 23 452 23 453 23 454 20 455 20 456 20 457 19 458 19 459 20 460 19 461 23 462 23 463 23 464 21 465 23 466 21 467 23 468 23 469 23 470 23 471 23 472 23 473 23 474 7 475 7 476 7 477 7 478 7 479 7 480 7 481 1 482 9 483 37 484 1 485 9 486 37 487 1 488 9 489 37 490 1 491 9 492 37 493 1 494 37 495 22 496 22 497 22 498 21 499 22 500 21 501 22 502 21 503 22 504 21 505 22 506 21 507 21 508 21 509 22 510 21 511 21 512 21 513 21 514 21 515 21 516 22 517 21 518 21 519 22 520 22 521 22 522 22 523 22 524 22 525 21 526 22 527 21 528 21 529 21 530 21 531 21 532 21 533 21 534 21 535 21 536 20 537 20 538 1 539 9 540 37 541 1 542 37 543 1 544 9 545 37 546 9 547 24 548 37 549 9 550 24 551 42 552 1 553 9 554 17 555 9 556 24 557 1 558 9 559 24 560 9 561 24 562 1 563 37 564 1 565 37 566 1 567 37 568 1 569 37 570 1 571 37 572 1 573 37 574 1 575 37 576 1 577 37 578 1 579 37 580 1 581 9 582 37 583 1 584 9 585 37 586 1 587 9 588 37 589 1 590 9 591 37 592 1 593 9 594 37 595 1 596 37 597 9 598 24 599 9 600 24 601 9 602 24 603 9 604 24 605 43 606 46 607 43 608 46 609 46 610 46 611 43 612 46 613 43 614 46 615 46 616 24 617 24 618 46 619 24 620 46 621 46 622 24 623 24 624 38 625 46 626 38 627 46 628 38 629 46 630 43 631 46 632 43 633 46 634 43 635 46 636 43 637 46 638 43 639 46 640 43 641 46 642 43 643 46 644 43 645 46 646 38 647 46 648 43 649 46 650 43 651 46 652 43 653 46 654 46 655 46 656 9 657 24 658 41 659 9 660 24 661 9 662 24 663 9 664 24 665 9 666 24 667 9 668 24 669 9 670 24 671 9 672 24 673 42 674 9 675 24 676 37 677 1 678 9 679 37 680 9 681 24 682 37 683 1 684 10 685 9 686 24 687 41 688 1 689 9 690 10 691 9 692 10 693 11 694 1 695 9 696 24 697 1 698 9 699 24 700 1 701 9 702 17 703 1 704 9 705 17 706 17 707 18 708 1 709 17 710 1 711 17 712 1 713 9 714 37 715 9 716 24 717 37 718 1 719 9 720 37 721 9 722 24 723 37 724 9 725 24 726 37 727 1 728 9 729 37 730 1 731 9 732 37 733 10 734 11 735 1 736 9 737 10 738 1 739 9 740 24 741 1 742 9 743 24 744 1 745 9 746 24 747 9 748 24 749 37 750 39 751 9 752 24 753 37 754 9 755 24 756 37 757 9 758 24 759 37 760 40 761 9 762 24 763 37 764 40 765 9 766 24 767 9 768 24 769 9 770 24 771 9 772 24 773 24 774 24 775 42 776 24 777 42 778 24 779 24 780 24 781 24 782 9 783 24 784 9 785 24 786 9 787 24 788 24 789 24 790 24 791 24 792 24 793 41 794 24 795 41 796 24 797 41 798 9 799 24 800 9 801 24 802 9 803 24 804 9 805 24 806 9 807 24 808 9 809 24 810 24 811 37 812 42 813 9 814 24 815 37 816 9 817 24 818 37 819 9 820 24 821 37 822 24 823 37 824 39 825 9 826 24 827 37 828 39 829 24 830 37 831 41 832 9 833 24 834 9 835 24 836 9 837 24 838 9 839 24 840 1 841 3 842 1 843 3 844 1 845 4 846 1 847 4 848 1 849 4 850 4 851 1 852 4 853 4 854 1 855 4 856 1 857 3 858 4 859 1 860 4 861 4 862 11 863 11 864 11 865 11 866 11 867 11 868 24 869 24 870 24 871 24 872 24 873 24 874 42 875 24 876 24 877 37 878 39 879 44 880 44 881 24 882 1 883 37 884 1 885 9 886 37 887 1 888 9 889 37 890 1 891 10 892 1 893 37 894 1 895 9 896 37 897 9 898 10 899 11 900 11 901 10 902 11 903 11 904 11 905 10 906 11 907 10 908 11 909 1 910 9 911 10 912 11 913 10 914 11 915 1 916 9 917 10 918 4 919 4 920 4 921 1 922 1 923 11 924 1 925 24 926 1 927 6 928 1 929 1 930 1 931 6 932 1 933 37 934 1 935 37 936 1 937 37 938 1 939 37 940 1 941 37 942 1 943 3 944 1 945 1 946 11 947 1 948 11 949 1 950 11 951 1 952 11 953 1 954 10 955 11 956 1 957 10 958 11 959 1 960 10 961 11 962 1 963 10 964 1 965 9 966 37 967 1 968 10 969 1 970 9 971 37 972 1 973 9 974 37 975 1 976 10 977 1 978 1 979 3 980 1 981 3 982 1 983 3 984 1 985 3 986 1 987 3 988 1 989 37 990 1 991 6 992 1 993 6 994 1 995 6 996 1 997 6 998 1 999 6 1000 1 1001 6 1002 1 1003 1 1004 1 1005 1 1006 1 1007 37 1008 1 1009 37 1010 1 1011 37 1012 1 1013 37 1014 1 1015 11 1016 1 1017 11 1018 1 1019 24 1020 1 1021 9 1022 24 1023 4 1024 4 1025 4 1026 5 1027 4 1028 4 1029 5 1030 4 1031 5 1032 5 1033 5 1034 5 1035 5 1036 4 1037 5 1038 5 1039 4 1040 5 1041 4 1042 5 1043 4 1044 4 1045 24 1046 41 1047 24 1048 41 1049 24 1050 41 1051 24 1052 41 1053 24 1054 41 1055 37 1056 38 1057 43 1058 37 1059 38 1060 43 1061 40 1062 45 1063 24 1064 42 1065 24 1066 42 1067 45 1068 43 1069 24 1070 41 1071 24 1072 41 1073 1 1074 37 1075 1 1076 37 1077 1 1078 37 1079 9 1080 24 1081 37 1082 9 1083 24 1084 37 1085 1 1086 1 1087 1 1088 1 1089 1 1090 3 1091 1 1092 6 1093 1 1094 6 1095 1 1096 9 1097 37 1098 1 1099 9 1100 37 1101 1 1102 37 1103 1 1104 9 1105 37 1106 1 1107 37 1108 1 1109 37 1110 1 1111 9 1112 37 1113 24 1114 42 1115 24 1116 42 1117 1 1118 37 1119 1 1120 37 1121 1 1122 17 1123 8 1124 7 1125 8 1126 7 1127 8 1128 8 1129 8 1130 8 1131 8 1132 7 1133 8 1134 7 1135 7 1136 8 1137 7 1138 8 1139 7 1140 8 1141 7 1142 1 1143 37 1144 1 1145 37 1146 24 1147 24 1148 24 1149 24 1150 24 1151 24 1152 24 1153 24 1154 24 1155 24 1156 24 1157 24 1158 24 1159 9 1160 24 1161 37 1162 1 1163 17 1164 18 1165 1 1166 9 1167 37 1168 1 1169 9 1170 37 1171 1 1172 9 1173 37 1174 1 1175 9 1176 37 1177 1 1178 9 1179 37 1180 1 1181 10 1182 1 1183 10 1184 1 1185 10 1186 11 1187 1 1188 9 1189 10 1190 1 1191 9 1192 10 1193 1 1194 9 1195 24 1196 1 1197 9 1198 24 1199 1 1200 17 1201 9 1202 24 1203 37 1204 1 1205 18 1206 18 1207 18 1208 18 1209 18 1210 18 1211 1 1212 9 1213 24 1214 1 1215 24 1216 1 1217 9 1218 24 1219 1 1220 18 1221 1 1222 18 1223</v>
        </vertex_weights>
      </skin>
    </controller>
    <controller id="krabs_root_mesh_004-skin" name="krabs_root">
      <skin source="#unnamed_004-mesh">
        <bind_shape_matrix>1 0 0 0 0 1 0 0 0 0 1 0 0 0 0 1</bind_shape_matrix>
        <source id="krabs_root_mesh_004-skin-joints">
          <Name_array id="krabs_root_mesh_004-skin-joints-array" count="47">krabs_root krabs_sub_root krabs_connect krabs_thigh_L krabs_knee_L krabs_ankle_L krabs_thigh_R krabs_knee_R krabs_ankle_R krabs_waist krabs_clavicle_L krabs_bicep_L krabs_elbow_L krabs_wrist_L krabs_claw_upper_L krabs_claw_tip_L krabs_thumb_claw_L krabs_clavicle_R krabs_bicep_R krabs_elbow_R krabs_wrist_R krabs_claw_upper_R krabs_claw_tip_R krabs_thumb_claw_R krabs_head krabs_eye_stalk_base_L krabs_eye_stalk_02_L krabs_eye_L krabs_eye_stalk_temp_L krabs_lower_lid_L krabs_upper_lid_L krabs_eye_stalk_base_R krabs_eye_stalk_02_R krabs_eye_R krabs_eye_stalk_temp_R krabs_lower_lid_R krabs_upper_lid_R krabs_jaw krabs_mouth_lower krabs_mouth_lower_L krabs_mouth_lower_R krabs_mouth_corner_L krabs_mouth_corner_R krabs_mouth_upper krabs_mouth_upper_L krabs_mouth_upper_R krabs_nose</Name_array>
          <technique_common>
            <accessor source="#krabs_root_mesh_004-skin-joints-array" count="47" stride="1">
              <param name="JOINT" type="name"/>
            </accessor>
          </technique_common>
        </source>
        <source id="krabs_root_mesh_004-skin-bind_poses">
          <float_array id="krabs_root_mesh_004-skin-bind_poses-array" count="752">1 0 0 0 0 -3.57628e-7 1 0 0 -1 -2.8213e-7 0 0 0 0 1 1 0 0 0 0 -3.57628e-7 1 -0.2741089 0 -1 -2.8213e-7 -0.009161651 0 0 0 1 1 0 0 0 0 -3.57628e-7 1 0 0 -1 -2.8213e-7 0 0 0 0 1 1 0 0 -0.1377947 0 0.07561463 -0.9971371 0.2208805 0 0.9971289 0.07561457 0.01581025 0 0 0 1 1 0 0 -0.1377948 0 0.1840241 -0.9829216 0.1147493 0 0.9829134 0.1840249 0.003302216 0 0 0 1 1 0 0 -0.1377947 0 -1.69871e-6 1 -0.01016867 0 -0.999988 -2.83119e-7 -0.005263388 0 0 0 1 1 0 0 0.1377948 0 -0.07561409 0.9971372 -0.2208804 0 -0.9971371 -0.07561403 -0.0158106 0 0 0 1 1 0 0 0.1377947 0 -0.1840276 0.9829213 -0.1147491 0 -0.9829211 -0.1840274 -0.003302276 0 0 0 1 1 0 0 0.1377947 0 2.17555e-6 -1 0.01016867 0 0.9999906 3.42723e-7 0.005263447 0 0 0 1 1 0 0 0 0 -3.57628e-7 1 -0.4277477 0 -1 -2.8213e-7 -0.04126524 0 0 0 1 1 0 0 -0.02845805 0 -3.94881e-7 1 -0.4429556 0 -1 -3.19383e-7 -0.06379133 0 0 0 1 0.7813106 -2.46462e-7 0.6241426 -0.5148489 -0.6241426 -3.08525e-7 0.7813106 -0.2772746 0 -1 -3.19383e-7 0 0 0 0 1 0.9914336 0 -0.1306115 -0.3243016 0.1306115 -3.54565e-7 0.9914336 -0.7149132 0 -1 -2.82766e-7 0 0 0 0 1 1 0 -2.68221e-7 -0.5831602 2.38419e-7 -3.57628e-7 1 -0.6551145 0 -1 -2.8213e-7 0 0 0 0 1 1 0 0 -0.6618568 0 -3.57628e-7 1 -0.6452518 0 -1 -2.8213e-7 0 0 0 0 1 1 0 -1.19209e-7 -0.7751677 0 -3.57628e-7 1 -0.5216195 0 -1 -2.8213e-7 0 0 0 0 1 1 0 0 -0.6207509 0 -3.57628e-7 1 -0.6278494 0 -1 -2.8213e-7 0 0 0 0 1 1 1.50996e-7 0 0.02845799 0 3.57628e-7 -1 0.4429555 -1.50996e-7 1 2.8213e-7 0.06379133 0 0 0 1 0.7813107 3.10633e-7 -0.6241423 0.5148485 -0.6241423 3.34187e-7 -0.7813107 0.2772747 0 1 3.79486e-7 0 0 0 0 1 0.9914337 0 0.1306108 0.3243021 0.1306108 3.54565e-7 -0.9914337 0.7149127 0 1 2.70712e-7 0 0 0 0 1 1 0 1.19209e-7 0.5831601 0 3.57628e-7 -0.9999999 0.6551132 0 1 2.8213e-7 0 0 0 0 1 1 0 0 0.6618588 0 3.57628e-7 -0.9999999 0.645252 0 1 2.8213e-7 0 0 0 0 1 1 0 0 0.7751669 0 3.57628e-7 -1 0.5216194 0 1 2.8213e-7 0 0 0 0 1 1 0 0 0.6207509 0 3.57628e-7 -0.9999999 0.6278496 0 1 2.8213e-7 0 0 0 0 1 1 0 0 0 0 -3.71598e-7 1 -0.6066108 0 -1 -2.961e-7 -0.03897213 0 0 0 1 1 0 0 -0.02979654 0 -3.71598e-7 1 -0.6831793 0 -1 -2.961e-7 -0.05980986 0 0 0 1 1 0 0 -0.06504535 0 -3.71598e-7 1 -0.9196594 0 -1 -2.961e-7 -0.1166735 0 0 0 1 1 0 0 -0.06866163 0 -3.71598e-7 1 -0.9717401 0 -1 -2.961e-7 -0.1668012 0 0 0 1 1 0 0 -0.06522804 0 -3.71598e-7 1 -1.103899 0 -1 -2.961e-7 -0.07915073 0 0 0 1 1 0 0 -0.06504535 0 -3.71598e-7 1 -0.9196594 0 -1 -2.961e-7 -0.1166735 0 0 0 1 1 0 0 -0.06504535 0 -3.71598e-7 1 -0.9196594 0 -1 -2.961e-7 -0.1166735 0 0 0 1 1 1.50996e-7 0 0.0297966 0 3.71598e-7 -1 0.6831825 -1.50996e-7 1 2.961e-7 0.05980986 0 0 0 1 1 0 0 0.06504547 0 3.71598e-7 -1 0.9196592 0 1 2.961e-7 0.1166737 0 0 0 1 1 0 0 0.06866145 0 3.71598e-7 -1 0.9717372 0 1 2.961e-7 0.166801 0 0 0 1 1 0 0 0.06522816 0 3.71598e-7 -1 1.103902 0 1 2.961e-7 0.07915043 0 0 0 1 1 0 0 0.06504547 0 3.71598e-7 -1 0.9196592 0 1 2.961e-7 0.1166737 0 0 0 1 1 0 0 0.06504547 0 3.71598e-7 -1 0.9196592 0 1 2.961e-7 0.1166737 0 0 0 1 1 0 0 0 0 2.24449e-7 1 -0.1591532 0 -1 2.99947e-7 0.2881076 0 0 0 1 1 0 0 0 0 -3.71598e-7 1 -0.6116052 0 -1 -2.961e-7 -0.1784769 0 0 0 1 1 0 0 -0.06343168 0 -3.71598e-7 1 -0.6184141 0 -1 -2.961e-7 -0.1563321 0 0 0 1 1 1.50996e-7 0 0.06343173 0 9.67644e-7 -1 0.6184144 -1.50996e-7 1 8.92146e-7 0.1563315 0 0 0 1 1 0 0 -0.1018688 0 -3.71598e-7 1 -0.6502957 0 -1 -2.961e-7 -0.07387578 0 0 0 1 1 1.50996e-7 0 0.1018686 0 5.20609e-7 -1 0.6502957 -1.50996e-7 1 4.45111e-7 0.0738756 0 0 0 1 1 0 0 0 0 -3.71598e-7 1 -0.6308277 0 -1 -2.961e-7 -0.1659023 0 0 0 1 1 0 0 -0.04537057 0 -3.71598e-7 1 -0.6318048 0 -1 -2.961e-7 -0.1500545 0 0 0 1 1 1.50996e-7 0 0.04537057 0 3.71598e-7 -1 0.6318046 -1.50996e-7 1 2.961e-7 0.1500545 0 0 0 1 1 0 0 0 0 -3.71598e-7 1 -0.6662318 0 -1 -2.961e-7 -0.1261106 0 0 0 1</float_array>
          <technique_common>
            <accessor source="#krabs_root_mesh_004-skin-bind_poses-array" count="47" stride="16">
              <param name="TRANSFORM" type="float4x4"/>
            </accessor>
          </technique_common>
        </source>
        <source id="krabs_root_mesh_004-skin-weights">
          <float_array id="krabs_root_mesh_004-skin-weights-array" count="90">0.5019246 0.4980754 0.5019703 0.4980297 0.5000171 0.4999829 0.002943336 0.7476442 0.2494125 0.002943336 0.7476442 0.2494125 0.002943336 0.7476442 0.2494125 1 1.15423e-5 0.7505755 0.249413 1 0.00294131 0.7470582 0.2500005 1 0.002943336 0.7476442 0.2494125 1 0.00294131 0.7470582 0.2500005 1 1 1 1 1 1 1 1 1 1 1 1 0.5019246 0.4980754 1 0.5019246 0.4980754 3.07562e-6 3.07562e-6 3.07562e-6 0.9999907 1 1 0.5019246 0.4980754 0.5019246 0.4980754 0.5019246 0.4980754 0.003921687 0.9960783 0.5000171 0.4999829 1.53788e-5 0.9999846 0.003921687 0.9960783 0.5019246 0.4980754 3.07562e-6 3.07562e-6 3.07562e-6 0.9999907 0.003921687 0.9960783 0.003921687 0.9960783 0.5019246 0.4980754 0.5000171 0.4999829 0.003921687 0.9960783 0.5019246 0.4980754 0.003921687 0.9960783 0.5019246 0.4980754</float_array>
          <technique_common>
            <accessor source="#krabs_root_mesh_004-skin-weights-array" count="90" stride="1">
              <param name="WEIGHT" type="float"/>
            </accessor>
          </technique_common>
        </source>
        <joints>
          <input semantic="JOINT" source="#krabs_root_mesh_004-skin-joints"/>
          <input semantic="INV_BIND_MATRIX" source="#krabs_root_mesh_004-skin-bind_poses"/>
        </joints>
        <vertex_weights count="49">
          <input semantic="JOINT" source="#krabs_root_mesh_004-skin-joints" offset="0"/>
          <input semantic="WEIGHT" source="#krabs_root_mesh_004-skin-weights" offset="1"/>
          <vcount>2 2 2 3 3 3 1 3 1 3 1 3 1 3 1 1 1 1 1 1 1 1 1 1 1 1 2 1 2 4 1 1 2 2 2 2 2 2 2 2 4 2 2 2 2 2 2 2 2 </vcount>
          <v>31 0 32 1 31 2 32 3 31 4 32 5 25 6 31 7 32 8 25 9 31 10 32 11 25 12 31 13 32 14 31 15 25 16 31 17 32 18 31 19 25 20 31 21 32 22 31 23 25 24 31 25 32 26 31 27 25 28 31 29 32 30 31 31 31 32 31 33 31 34 31 35 31 36 31 37 31 38 31 39 31 40 34 41 34 42 32 43 34 44 34 45 32 46 34 47 25 48 26 49 31 50 34 51 34 52 34 53 32 54 34 55 32 56 34 57 32 58 34 59 25 60 32 61 32 62 34 63 25 64 32 65 25 66 32 67 32 68 34 69 25 70 26 71 31 72 34 73 25 74 32 75 25 76 32 77 31 78 32 79 31 80 32 81 25 82 32 83 31 84 32 85 25 86 32 87 31 88 32 89</v>
        </vertex_weights>
      </skin>
    </controller>
    <controller id="krabs_root_mesh_003-skin" name="krabs_root">
      <skin source="#unnamed_003-mesh">
        <bind_shape_matrix>1 0 0 0 0 1 0 0 0 0 1 0 0 0 0 1</bind_shape_matrix>
        <source id="krabs_root_mesh_003-skin-joints">
          <Name_array id="krabs_root_mesh_003-skin-joints-array" count="47">krabs_root krabs_sub_root krabs_connect krabs_thigh_L krabs_knee_L krabs_ankle_L krabs_thigh_R krabs_knee_R krabs_ankle_R krabs_waist krabs_clavicle_L krabs_bicep_L krabs_elbow_L krabs_wrist_L krabs_claw_upper_L krabs_claw_tip_L krabs_thumb_claw_L krabs_clavicle_R krabs_bicep_R krabs_elbow_R krabs_wrist_R krabs_claw_upper_R krabs_claw_tip_R krabs_thumb_claw_R krabs_head krabs_eye_stalk_base_L krabs_eye_stalk_02_L krabs_eye_L krabs_eye_stalk_temp_L krabs_lower_lid_L krabs_upper_lid_L krabs_eye_stalk_base_R krabs_eye_stalk_02_R krabs_eye_R krabs_eye_stalk_temp_R krabs_lower_lid_R krabs_upper_lid_R krabs_jaw krabs_mouth_lower krabs_mouth_lower_L krabs_mouth_lower_R krabs_mouth_corner_L krabs_mouth_corner_R krabs_mouth_upper krabs_mouth_upper_L krabs_mouth_upper_R krabs_nose</Name_array>
          <technique_common>
            <accessor source="#krabs_root_mesh_003-skin-joints-array" count="47" stride="1">
              <param name="JOINT" type="name"/>
            </accessor>
          </technique_common>
        </source>
        <source id="krabs_root_mesh_003-skin-bind_poses">
          <float_array id="krabs_root_mesh_003-skin-bind_poses-array" count="752">1 0 0 0 0 -3.57628e-7 1 0 0 -1 -2.8213e-7 0 0 0 0 1 1 0 0 0 0 -3.57628e-7 1 -0.2741089 0 -1 -2.8213e-7 -0.009161651 0 0 0 1 1 0 0 0 0 -3.57628e-7 1 0 0 -1 -2.8213e-7 0 0 0 0 1 1 0 0 -0.1377947 0 0.07561463 -0.9971371 0.2208805 0 0.9971289 0.07561457 0.01581025 0 0 0 1 1 0 0 -0.1377948 0 0.1840241 -0.9829216 0.1147493 0 0.9829134 0.1840249 0.003302216 0 0 0 1 1 0 0 -0.1377947 0 -1.69871e-6 1 -0.01016867 0 -0.999988 -2.83119e-7 -0.005263388 0 0 0 1 1 0 0 0.1377948 0 -0.07561409 0.9971372 -0.2208804 0 -0.9971371 -0.07561403 -0.0158106 0 0 0 1 1 0 0 0.1377947 0 -0.1840276 0.9829213 -0.1147491 0 -0.9829211 -0.1840274 -0.003302276 0 0 0 1 1 0 0 0.1377947 0 2.17555e-6 -1 0.01016867 0 0.9999906 3.42723e-7 0.005263447 0 0 0 1 1 0 0 0 0 -3.57628e-7 1 -0.4277477 0 -1 -2.8213e-7 -0.04126524 0 0 0 1 1 0 0 -0.02845805 0 -3.94881e-7 1 -0.4429556 0 -1 -3.19383e-7 -0.06379133 0 0 0 1 0.7813106 -2.46462e-7 0.6241426 -0.5148489 -0.6241426 -3.08525e-7 0.7813106 -0.2772746 0 -1 -3.19383e-7 0 0 0 0 1 0.9914336 0 -0.1306115 -0.3243016 0.1306115 -3.54565e-7 0.9914336 -0.7149132 0 -1 -2.82766e-7 0 0 0 0 1 1 0 -2.68221e-7 -0.5831602 2.38419e-7 -3.57628e-7 1 -0.6551145 0 -1 -2.8213e-7 0 0 0 0 1 1 0 0 -0.6618568 0 -3.57628e-7 1 -0.6452518 0 -1 -2.8213e-7 0 0 0 0 1 1 0 -1.19209e-7 -0.7751677 0 -3.57628e-7 1 -0.5216195 0 -1 -2.8213e-7 0 0 0 0 1 1 0 0 -0.6207509 0 -3.57628e-7 1 -0.6278494 0 -1 -2.8213e-7 0 0 0 0 1 1 1.50996e-7 0 0.02845799 0 3.57628e-7 -1 0.4429555 -1.50996e-7 1 2.8213e-7 0.06379133 0 0 0 1 0.7813107 3.10633e-7 -0.6241423 0.5148485 -0.6241423 3.34187e-7 -0.7813107 0.2772747 0 1 3.79486e-7 0 0 0 0 1 0.9914337 0 0.1306108 0.3243021 0.1306108 3.54565e-7 -0.9914337 0.7149127 0 1 2.70712e-7 0 0 0 0 1 1 0 1.19209e-7 0.5831601 0 3.57628e-7 -0.9999999 0.6551132 0 1 2.8213e-7 0 0 0 0 1 1 0 0 0.6618588 0 3.57628e-7 -0.9999999 0.645252 0 1 2.8213e-7 0 0 0 0 1 1 0 0 0.7751669 0 3.57628e-7 -1 0.5216194 0 1 2.8213e-7 0 0 0 0 1 1 0 0 0.6207509 0 3.57628e-7 -0.9999999 0.6278496 0 1 2.8213e-7 0 0 0 0 1 1 0 0 0 0 -3.71598e-7 1 -0.6066108 0 -1 -2.961e-7 -0.03897213 0 0 0 1 1 0 0 -0.02979654 0 -3.71598e-7 1 -0.6831793 0 -1 -2.961e-7 -0.05980986 0 0 0 1 1 0 0 -0.06504535 0 -3.71598e-7 1 -0.9196594 0 -1 -2.961e-7 -0.1166735 0 0 0 1 1 0 0 -0.06866163 0 -3.71598e-7 1 -0.9717401 0 -1 -2.961e-7 -0.1668012 0 0 0 1 1 0 0 -0.06522804 0 -3.71598e-7 1 -1.103899 0 -1 -2.961e-7 -0.07915073 0 0 0 1 1 0 0 -0.06504535 0 -3.71598e-7 1 -0.9196594 0 -1 -2.961e-7 -0.1166735 0 0 0 1 1 0 0 -0.06504535 0 -3.71598e-7 1 -0.9196594 0 -1 -2.961e-7 -0.1166735 0 0 0 1 1 1.50996e-7 0 0.0297966 0 3.71598e-7 -1 0.6831825 -1.50996e-7 1 2.961e-7 0.05980986 0 0 0 1 1 0 0 0.06504547 0 3.71598e-7 -1 0.9196592 0 1 2.961e-7 0.1166737 0 0 0 1 1 0 0 0.06866145 0 3.71598e-7 -1 0.9717372 0 1 2.961e-7 0.166801 0 0 0 1 1 0 0 0.06522816 0 3.71598e-7 -1 1.103902 0 1 2.961e-7 0.07915043 0 0 0 1 1 0 0 0.06504547 0 3.71598e-7 -1 0.9196592 0 1 2.961e-7 0.1166737 0 0 0 1 1 0 0 0.06504547 0 3.71598e-7 -1 0.9196592 0 1 2.961e-7 0.1166737 0 0 0 1 1 0 0 0 0 2.24449e-7 1 -0.1591532 0 -1 2.99947e-7 0.2881076 0 0 0 1 1 0 0 0 0 -3.71598e-7 1 -0.6116052 0 -1 -2.961e-7 -0.1784769 0 0 0 1 1 0 0 -0.06343168 0 -3.71598e-7 1 -0.6184141 0 -1 -2.961e-7 -0.1563321 0 0 0 1 1 1.50996e-7 0 0.06343173 0 9.67644e-7 -1 0.6184144 -1.50996e-7 1 8.92146e-7 0.1563315 0 0 0 1 1 0 0 -0.1018688 0 -3.71598e-7 1 -0.6502957 0 -1 -2.961e-7 -0.07387578 0 0 0 1 1 1.50996e-7 0 0.1018686 0 5.20609e-7 -1 0.6502957 -1.50996e-7 1 4.45111e-7 0.0738756 0 0 0 1 1 0 0 0 0 -3.71598e-7 1 -0.6308277 0 -1 -2.961e-7 -0.1659023 0 0 0 1 1 0 0 -0.04537057 0 -3.71598e-7 1 -0.6318048 0 -1 -2.961e-7 -0.1500545 0 0 0 1 1 1.50996e-7 0 0.04537057 0 3.71598e-7 -1 0.6318046 -1.50996e-7 1 2.961e-7 0.1500545 0 0 0 1 1 0 0 0 0 -3.71598e-7 1 -0.6662318 0 -1 -2.961e-7 -0.1261106 0 0 0 1</float_array>
          <technique_common>
            <accessor source="#krabs_root_mesh_003-skin-bind_poses-array" count="47" stride="16">
              <param name="TRANSFORM" type="float4x4"/>
            </accessor>
          </technique_common>
        </source>
        <source id="krabs_root_mesh_003-skin-weights">
          <float_array id="krabs_root_mesh_003-skin-weights-array" count="98">1 1 0 0 1 0 0.001968443 0.4999923 0.4980393 0.001968443 0.4999923 0.4980393 0.001968443 0.4999923 0.4980393 0.003921687 0.9960783 0.003921687 0.9960783 0.003921687 0.9960783 0.001968443 0.4999923 0.4980393 7.71947e-6 0.5019356 0.4980566 0.003921687 0.9960783 0.003921687 0.9960783 0.003921687 0.9960783 0.5000168 0.4999833 0.5000168 0.4999833 0 0 0.003921687 0.9960783 0.5019238 0.4980754 3.92052e-7 3.92052e-7 1 0.001968443 0.4999923 0.4980393 0.001968443 0.4999923 0.4980393 1 0 0 1 0 1 0.5000163 0.4999828 3.90527e-7 3.90527e-7 0.7505841 0.2494159 0.5019238 0.4980754 3.92052e-7 3.92052e-7 0.5000168 0.4999833 0.5000168 0.4999833 0.7505841 0.2494159 1 1 0.7505841 0.2494159 0.7500119 0.2499882 0.7505841 0.2494159 1 0.7505841 0.2494159 0.7500119 0.2499882 1 1 1 1 1 1 1 1 1 1 1</float_array>
          <technique_common>
            <accessor source="#krabs_root_mesh_003-skin-weights-array" count="98" stride="1">
              <param name="WEIGHT" type="float"/>
            </accessor>
          </technique_common>
        </source>
        <joints>
          <input semantic="JOINT" source="#krabs_root_mesh_003-skin-joints"/>
          <input semantic="INV_BIND_MATRIX" source="#krabs_root_mesh_003-skin-bind_poses"/>
        </joints>
        <vertex_weights count="49">
          <input semantic="JOINT" source="#krabs_root_mesh_003-skin-joints" offset="0"/>
          <input semantic="WEIGHT" source="#krabs_root_mesh_003-skin-weights" offset="1"/>
          <vcount>1 1 4 3 3 3 2 2 2 3 3 2 2 2 2 4 2 4 1 3 3 1 4 1 4 2 4 2 2 2 1 1 2 2 2 1 2 2 1 1 1 1 1 1 1 1 1 1 1 </vcount>
          <v>28 0 28 1 25 2 26 3 28 4 31 5 25 6 26 7 28 8 25 9 26 10 28 11 25 12 26 13 28 14 25 15 26 16 25 17 26 18 25 19 26 20 25 21 26 22 28 23 25 24 26 25 28 26 25 27 26 28 25 29 26 30 25 31 26 32 25 33 26 34 25 35 26 36 31 37 32 38 25 39 26 40 25 41 26 42 31 43 32 44 28 45 25 46 26 47 28 48 25 49 26 50 28 51 28 52 25 53 26 54 28 55 31 56 28 57 25 58 26 59 31 60 32 61 25 62 26 63 25 64 26 65 31 66 32 67 25 68 26 69 25 70 26 71 25 72 26 73 25 74 25 75 25 76 26 77 25 78 26 79 25 80 26 81 25 82 25 83 26 84 25 85 26 86 25 87 25 88 25 89 25 90 25 91 25 92 25 93 25 94 25 95 25 96 25 97</v>
        </vertex_weights>
      </skin>
    </controller>
    <controller id="krabs_root_mesh_002-skin" name="krabs_root">
      <skin source="#unnamed_002-mesh">
        <bind_shape_matrix>1 0 0 0 0 1 0 0 0 0 1 0 0 0 0 1</bind_shape_matrix>
        <source id="krabs_root_mesh_002-skin-joints">
          <Name_array id="krabs_root_mesh_002-skin-joints-array" count="47">krabs_root krabs_sub_root krabs_connect krabs_thigh_L krabs_knee_L krabs_ankle_L krabs_thigh_R krabs_knee_R krabs_ankle_R krabs_waist krabs_clavicle_L krabs_bicep_L krabs_elbow_L krabs_wrist_L krabs_claw_upper_L krabs_claw_tip_L krabs_thumb_claw_L krabs_clavicle_R krabs_bicep_R krabs_elbow_R krabs_wrist_R krabs_claw_upper_R krabs_claw_tip_R krabs_thumb_claw_R krabs_head krabs_eye_stalk_base_L krabs_eye_stalk_02_L krabs_eye_L krabs_eye_stalk_temp_L krabs_lower_lid_L krabs_upper_lid_L krabs_eye_stalk_base_R krabs_eye_stalk_02_R krabs_eye_R krabs_eye_stalk_temp_R krabs_lower_lid_R krabs_upper_lid_R krabs_jaw krabs_mouth_lower krabs_mouth_lower_L krabs_mouth_lower_R krabs_mouth_corner_L krabs_mouth_corner_R krabs_mouth_upper krabs_mouth_upper_L krabs_mouth_upper_R krabs_nose</Name_array>
          <technique_common>
            <accessor source="#krabs_root_mesh_002-skin-joints-array" count="47" stride="1">
              <param name="JOINT" type="name"/>
            </accessor>
          </technique_common>
        </source>
        <source id="krabs_root_mesh_002-skin-bind_poses">
          <float_array id="krabs_root_mesh_002-skin-bind_poses-array" count="752">1 0 0 0 0 -3.57628e-7 1 0 0 -1 -2.8213e-7 0 0 0 0 1 1 0 0 0 0 -3.57628e-7 1 -0.2741089 0 -1 -2.8213e-7 -0.009161651 0 0 0 1 1 0 0 0 0 -3.57628e-7 1 0 0 -1 -2.8213e-7 0 0 0 0 1 1 0 0 -0.1377947 0 0.07561463 -0.9971371 0.2208805 0 0.9971289 0.07561457 0.01581025 0 0 0 1 1 0 0 -0.1377948 0 0.1840241 -0.9829216 0.1147493 0 0.9829134 0.1840249 0.003302216 0 0 0 1 1 0 0 -0.1377947 0 -1.69871e-6 1 -0.01016867 0 -0.999988 -2.83119e-7 -0.005263388 0 0 0 1 1 0 0 0.1377948 0 -0.07561409 0.9971372 -0.2208804 0 -0.9971371 -0.07561403 -0.0158106 0 0 0 1 1 0 0 0.1377947 0 -0.1840276 0.9829213 -0.1147491 0 -0.9829211 -0.1840274 -0.003302276 0 0 0 1 1 0 0 0.1377947 0 2.17555e-6 -1 0.01016867 0 0.9999906 3.42723e-7 0.005263447 0 0 0 1 1 0 0 0 0 -3.57628e-7 1 -0.4277477 0 -1 -2.8213e-7 -0.04126524 0 0 0 1 1 0 0 -0.02845805 0 -3.94881e-7 1 -0.4429556 0 -1 -3.19383e-7 -0.06379133 0 0 0 1 0.7813106 -2.46462e-7 0.6241426 -0.5148489 -0.6241426 -3.08525e-7 0.7813106 -0.2772746 0 -1 -3.19383e-7 0 0 0 0 1 0.9914336 0 -0.1306115 -0.3243016 0.1306115 -3.54565e-7 0.9914336 -0.7149132 0 -1 -2.82766e-7 0 0 0 0 1 1 0 -2.68221e-7 -0.5831602 2.38419e-7 -3.57628e-7 1 -0.6551145 0 -1 -2.8213e-7 0 0 0 0 1 1 0 0 -0.6618568 0 -3.57628e-7 1 -0.6452518 0 -1 -2.8213e-7 0 0 0 0 1 1 0 -1.19209e-7 -0.7751677 0 -3.57628e-7 1 -0.5216195 0 -1 -2.8213e-7 0 0 0 0 1 1 0 0 -0.6207509 0 -3.57628e-7 1 -0.6278494 0 -1 -2.8213e-7 0 0 0 0 1 1 1.50996e-7 0 0.02845799 0 3.57628e-7 -1 0.4429555 -1.50996e-7 1 2.8213e-7 0.06379133 0 0 0 1 0.7813107 3.10633e-7 -0.6241423 0.5148485 -0.6241423 3.34187e-7 -0.7813107 0.2772747 0 1 3.79486e-7 0 0 0 0 1 0.9914337 0 0.1306108 0.3243021 0.1306108 3.54565e-7 -0.9914337 0.7149127 0 1 2.70712e-7 0 0 0 0 1 1 0 1.19209e-7 0.5831601 0 3.57628e-7 -0.9999999 0.6551132 0 1 2.8213e-7 0 0 0 0 1 1 0 0 0.6618588 0 3.57628e-7 -0.9999999 0.645252 0 1 2.8213e-7 0 0 0 0 1 1 0 0 0.7751669 0 3.57628e-7 -1 0.5216194 0 1 2.8213e-7 0 0 0 0 1 1 0 0 0.6207509 0 3.57628e-7 -0.9999999 0.6278496 0 1 2.8213e-7 0 0 0 0 1 1 0 0 0 0 -3.71598e-7 1 -0.6066108 0 -1 -2.961e-7 -0.03897213 0 0 0 1 1 0 0 -0.02979654 0 -3.71598e-7 1 -0.6831793 0 -1 -2.961e-7 -0.05980986 0 0 0 1 1 0 0 -0.06504535 0 -3.71598e-7 1 -0.9196594 0 -1 -2.961e-7 -0.1166735 0 0 0 1 1 0 0 -0.06866163 0 -3.71598e-7 1 -0.9717401 0 -1 -2.961e-7 -0.1668012 0 0 0 1 1 0 0 -0.06522804 0 -3.71598e-7 1 -1.103899 0 -1 -2.961e-7 -0.07915073 0 0 0 1 1 0 0 -0.06504535 0 -3.71598e-7 1 -0.9196594 0 -1 -2.961e-7 -0.1166735 0 0 0 1 1 0 0 -0.06504535 0 -3.71598e-7 1 -0.9196594 0 -1 -2.961e-7 -0.1166735 0 0 0 1 1 1.50996e-7 0 0.0297966 0 3.71598e-7 -1 0.6831825 -1.50996e-7 1 2.961e-7 0.05980986 0 0 0 1 1 0 0 0.06504547 0 3.71598e-7 -1 0.9196592 0 1 2.961e-7 0.1166737 0 0 0 1 1 0 0 0.06866145 0 3.71598e-7 -1 0.9717372 0 1 2.961e-7 0.166801 0 0 0 1 1 0 0 0.06522816 0 3.71598e-7 -1 1.103902 0 1 2.961e-7 0.07915043 0 0 0 1 1 0 0 0.06504547 0 3.71598e-7 -1 0.9196592 0 1 2.961e-7 0.1166737 0 0 0 1 1 0 0 0.06504547 0 3.71598e-7 -1 0.9196592 0 1 2.961e-7 0.1166737 0 0 0 1 1 0 0 0 0 2.24449e-7 1 -0.1591532 0 -1 2.99947e-7 0.2881076 0 0 0 1 1 0 0 0 0 -3.71598e-7 1 -0.6116052 0 -1 -2.961e-7 -0.1784769 0 0 0 1 1 0 0 -0.06343168 0 -3.71598e-7 1 -0.6184141 0 -1 -2.961e-7 -0.1563321 0 0 0 1 1 1.50996e-7 0 0.06343173 0 9.67644e-7 -1 0.6184144 -1.50996e-7 1 8.92146e-7 0.1563315 0 0 0 1 1 0 0 -0.1018688 0 -3.71598e-7 1 -0.6502957 0 -1 -2.961e-7 -0.07387578 0 0 0 1 1 1.50996e-7 0 0.1018686 0 5.20609e-7 -1 0.6502957 -1.50996e-7 1 4.45111e-7 0.0738756 0 0 0 1 1 0 0 0 0 -3.71598e-7 1 -0.6308277 0 -1 -2.961e-7 -0.1659023 0 0 0 1 1 0 0 -0.04537057 0 -3.71598e-7 1 -0.6318048 0 -1 -2.961e-7 -0.1500545 0 0 0 1 1 1.50996e-7 0 0.04537057 0 3.71598e-7 -1 0.6318046 -1.50996e-7 1 2.961e-7 0.1500545 0 0 0 1 1 0 0 0 0 -3.71598e-7 1 -0.6662318 0 -1 -2.961e-7 -0.1261106 0 0 0 1</float_array>
          <technique_common>
            <accessor source="#krabs_root_mesh_002-skin-bind_poses-array" count="47" stride="16">
              <param name="TRANSFORM" type="float4x4"/>
            </accessor>
          </technique_common>
        </source>
        <source id="krabs_root_mesh_002-skin-weights">
          <float_array id="krabs_root_mesh_002-skin-weights-array" count="9">1 1 1 1 1 1 1 1 1</float_array>
          <technique_common>
            <accessor source="#krabs_root_mesh_002-skin-weights-array" count="9" stride="1">
              <param name="WEIGHT" type="float"/>
            </accessor>
          </technique_common>
        </source>
        <joints>
          <input semantic="JOINT" source="#krabs_root_mesh_002-skin-joints"/>
          <input semantic="INV_BIND_MATRIX" source="#krabs_root_mesh_002-skin-bind_poses"/>
        </joints>
        <vertex_weights count="9">
          <input semantic="JOINT" source="#krabs_root_mesh_002-skin-joints" offset="0"/>
          <input semantic="WEIGHT" source="#krabs_root_mesh_002-skin-weights" offset="1"/>
          <vcount>1 1 1 1 1 1 1 1 1 </vcount>
          <v>27 0 27 1 27 2 27 3 27 4 27 5 27 6 27 7 27 8</v>
        </vertex_weights>
      </skin>
    </controller>
    <controller id="krabs_root_mesh_001-skin" name="krabs_root">
      <skin source="#unnamed_001-mesh">
        <bind_shape_matrix>1 0 0 0 0 1 0 0 0 0 1 0 0 0 0 1</bind_shape_matrix>
        <source id="krabs_root_mesh_001-skin-joints">
          <Name_array id="krabs_root_mesh_001-skin-joints-array" count="47">krabs_root krabs_sub_root krabs_connect krabs_thigh_L krabs_knee_L krabs_ankle_L krabs_thigh_R krabs_knee_R krabs_ankle_R krabs_waist krabs_clavicle_L krabs_bicep_L krabs_elbow_L krabs_wrist_L krabs_claw_upper_L krabs_claw_tip_L krabs_thumb_claw_L krabs_clavicle_R krabs_bicep_R krabs_elbow_R krabs_wrist_R krabs_claw_upper_R krabs_claw_tip_R krabs_thumb_claw_R krabs_head krabs_eye_stalk_base_L krabs_eye_stalk_02_L krabs_eye_L krabs_eye_stalk_temp_L krabs_lower_lid_L krabs_upper_lid_L krabs_eye_stalk_base_R krabs_eye_stalk_02_R krabs_eye_R krabs_eye_stalk_temp_R krabs_lower_lid_R krabs_upper_lid_R krabs_jaw krabs_mouth_lower krabs_mouth_lower_L krabs_mouth_lower_R krabs_mouth_corner_L krabs_mouth_corner_R krabs_mouth_upper krabs_mouth_upper_L krabs_mouth_upper_R krabs_nose</Name_array>
          <technique_common>
            <accessor source="#krabs_root_mesh_001-skin-joints-array" count="47" stride="1">
              <param name="JOINT" type="name"/>
            </accessor>
          </technique_common>
        </source>
        <source id="krabs_root_mesh_001-skin-bind_poses">
          <float_array id="krabs_root_mesh_001-skin-bind_poses-array" count="752">1 0 0 0 0 -3.57628e-7 1 0 0 -1 -2.8213e-7 0 0 0 0 1 1 0 0 0 0 -3.57628e-7 1 -0.2741089 0 -1 -2.8213e-7 -0.009161651 0 0 0 1 1 0 0 0 0 -3.57628e-7 1 0 0 -1 -2.8213e-7 0 0 0 0 1 1 0 0 -0.1377947 0 0.07561463 -0.9971371 0.2208805 0 0.9971289 0.07561457 0.01581025 0 0 0 1 1 0 0 -0.1377948 0 0.1840241 -0.9829216 0.1147493 0 0.9829134 0.1840249 0.003302216 0 0 0 1 1 0 0 -0.1377947 0 -1.69871e-6 1 -0.01016867 0 -0.999988 -2.83119e-7 -0.005263388 0 0 0 1 1 0 0 0.1377948 0 -0.07561409 0.9971372 -0.2208804 0 -0.9971371 -0.07561403 -0.0158106 0 0 0 1 1 0 0 0.1377947 0 -0.1840276 0.9829213 -0.1147491 0 -0.9829211 -0.1840274 -0.003302276 0 0 0 1 1 0 0 0.1377947 0 2.17555e-6 -1 0.01016867 0 0.9999906 3.42723e-7 0.005263447 0 0 0 1 1 0 0 0 0 -3.57628e-7 1 -0.4277477 0 -1 -2.8213e-7 -0.04126524 0 0 0 1 1 0 0 -0.02845805 0 -3.94881e-7 1 -0.4429556 0 -1 -3.19383e-7 -0.06379133 0 0 0 1 0.7813106 -2.46462e-7 0.6241426 -0.5148489 -0.6241426 -3.08525e-7 0.7813106 -0.2772746 0 -1 -3.19383e-7 0 0 0 0 1 0.9914336 0 -0.1306115 -0.3243016 0.1306115 -3.54565e-7 0.9914336 -0.7149132 0 -1 -2.82766e-7 0 0 0 0 1 1 0 -2.68221e-7 -0.5831602 2.38419e-7 -3.57628e-7 1 -0.6551145 0 -1 -2.8213e-7 0 0 0 0 1 1 0 0 -0.6618568 0 -3.57628e-7 1 -0.6452518 0 -1 -2.8213e-7 0 0 0 0 1 1 0 -1.19209e-7 -0.7751677 0 -3.57628e-7 1 -0.5216195 0 -1 -2.8213e-7 0 0 0 0 1 1 0 0 -0.6207509 0 -3.57628e-7 1 -0.6278494 0 -1 -2.8213e-7 0 0 0 0 1 1 1.50996e-7 0 0.02845799 0 3.57628e-7 -1 0.4429555 -1.50996e-7 1 2.8213e-7 0.06379133 0 0 0 1 0.7813107 3.10633e-7 -0.6241423 0.5148485 -0.6241423 3.34187e-7 -0.7813107 0.2772747 0 1 3.79486e-7 0 0 0 0 1 0.9914337 0 0.1306108 0.3243021 0.1306108 3.54565e-7 -0.9914337 0.7149127 0 1 2.70712e-7 0 0 0 0 1 1 0 1.19209e-7 0.5831601 0 3.57628e-7 -0.9999999 0.6551132 0 1 2.8213e-7 0 0 0 0 1 1 0 0 0.6618588 0 3.57628e-7 -0.9999999 0.645252 0 1 2.8213e-7 0 0 0 0 1 1 0 0 0.7751669 0 3.57628e-7 -1 0.5216194 0 1 2.8213e-7 0 0 0 0 1 1 0 0 0.6207509 0 3.57628e-7 -0.9999999 0.6278496 0 1 2.8213e-7 0 0 0 0 1 1 0 0 0 0 -3.71598e-7 1 -0.6066108 0 -1 -2.961e-7 -0.03897213 0 0 0 1 1 0 0 -0.02979654 0 -3.71598e-7 1 -0.6831793 0 -1 -2.961e-7 -0.05980986 0 0 0 1 1 0 0 -0.06504535 0 -3.71598e-7 1 -0.9196594 0 -1 -2.961e-7 -0.1166735 0 0 0 1 1 0 0 -0.06866163 0 -3.71598e-7 1 -0.9717401 0 -1 -2.961e-7 -0.1668012 0 0 0 1 1 0 0 -0.06522804 0 -3.71598e-7 1 -1.103899 0 -1 -2.961e-7 -0.07915073 0 0 0 1 1 0 0 -0.06504535 0 -3.71598e-7 1 -0.9196594 0 -1 -2.961e-7 -0.1166735 0 0 0 1 1 0 0 -0.06504535 0 -3.71598e-7 1 -0.9196594 0 -1 -2.961e-7 -0.1166735 0 0 0 1 1 1.50996e-7 0 0.0297966 0 3.71598e-7 -1 0.6831825 -1.50996e-7 1 2.961e-7 0.05980986 0 0 0 1 1 0 0 0.06504547 0 3.71598e-7 -1 0.9196592 0 1 2.961e-7 0.1166737 0 0 0 1 1 0 0 0.06866145 0 3.71598e-7 -1 0.9717372 0 1 2.961e-7 0.166801 0 0 0 1 1 0 0 0.06522816 0 3.71598e-7 -1 1.103902 0 1 2.961e-7 0.07915043 0 0 0 1 1 0 0 0.06504547 0 3.71598e-7 -1 0.9196592 0 1 2.961e-7 0.1166737 0 0 0 1 1 0 0 0.06504547 0 3.71598e-7 -1 0.9196592 0 1 2.961e-7 0.1166737 0 0 0 1 1 0 0 0 0 2.24449e-7 1 -0.1591532 0 -1 2.99947e-7 0.2881076 0 0 0 1 1 0 0 0 0 -3.71598e-7 1 -0.6116052 0 -1 -2.961e-7 -0.1784769 0 0 0 1 1 0 0 -0.06343168 0 -3.71598e-7 1 -0.6184141 0 -1 -2.961e-7 -0.1563321 0 0 0 1 1 1.50996e-7 0 0.06343173 0 9.67644e-7 -1 0.6184144 -1.50996e-7 1 8.92146e-7 0.1563315 0 0 0 1 1 0 0 -0.1018688 0 -3.71598e-7 1 -0.6502957 0 -1 -2.961e-7 -0.07387578 0 0 0 1 1 1.50996e-7 0 0.1018686 0 5.20609e-7 -1 0.6502957 -1.50996e-7 1 4.45111e-7 0.0738756 0 0 0 1 1 0 0 0 0 -3.71598e-7 1 -0.6308277 0 -1 -2.961e-7 -0.1659023 0 0 0 1 1 0 0 -0.04537057 0 -3.71598e-7 1 -0.6318048 0 -1 -2.961e-7 -0.1500545 0 0 0 1 1 1.50996e-7 0 0.04537057 0 3.71598e-7 -1 0.6318046 -1.50996e-7 1 2.961e-7 0.1500545 0 0 0 1 1 0 0 0 0 -3.71598e-7 1 -0.6662318 0 -1 -2.961e-7 -0.1261106 0 0 0 1</float_array>
          <technique_common>
            <accessor source="#krabs_root_mesh_001-skin-bind_poses-array" count="47" stride="16">
              <param name="TRANSFORM" type="float4x4"/>
            </accessor>
          </technique_common>
        </source>
        <source id="krabs_root_mesh_001-skin-weights">
          <float_array id="krabs_root_mesh_001-skin-weights-array" count="9">1 1 1 1 1 1 1 1 1</float_array>
          <technique_common>
            <accessor source="#krabs_root_mesh_001-skin-weights-array" count="9" stride="1">
              <param name="WEIGHT" type="float"/>
            </accessor>
          </technique_common>
        </source>
        <joints>
          <input semantic="JOINT" source="#krabs_root_mesh_001-skin-joints"/>
          <input semantic="INV_BIND_MATRIX" source="#krabs_root_mesh_001-skin-bind_poses"/>
        </joints>
        <vertex_weights count="9">
          <input semantic="JOINT" source="#krabs_root_mesh_001-skin-joints" offset="0"/>
          <input semantic="WEIGHT" source="#krabs_root_mesh_001-skin-weights" offset="1"/>
          <vcount>1 1 1 1 1 1 1 1 1 </vcount>
          <v>33 0 33 1 33 2 33 3 33 4 33 5 33 6 33 7 33 8</v>
        </vertex_weights>
      </skin>
    </controller>
    <controller id="krabs_root_mesh-skin" name="krabs_root">
      <skin source="#unnamed-mesh">
        <bind_shape_matrix>1 0 0 0 0 1 0 0 0 0 1 0 0 0 0 1</bind_shape_matrix>
        <source id="krabs_root_mesh-skin-joints">
          <Name_array id="krabs_root_mesh-skin-joints-array" count="47">krabs_root krabs_sub_root krabs_connect krabs_thigh_L krabs_knee_L krabs_ankle_L krabs_thigh_R krabs_knee_R krabs_ankle_R krabs_waist krabs_clavicle_L krabs_bicep_L krabs_elbow_L krabs_wrist_L krabs_claw_upper_L krabs_claw_tip_L krabs_thumb_claw_L krabs_clavicle_R krabs_bicep_R krabs_elbow_R krabs_wrist_R krabs_claw_upper_R krabs_claw_tip_R krabs_thumb_claw_R krabs_head krabs_eye_stalk_base_L krabs_eye_stalk_02_L krabs_eye_L krabs_eye_stalk_temp_L krabs_lower_lid_L krabs_upper_lid_L krabs_eye_stalk_base_R krabs_eye_stalk_02_R krabs_eye_R krabs_eye_stalk_temp_R krabs_lower_lid_R krabs_upper_lid_R krabs_jaw krabs_mouth_lower krabs_mouth_lower_L krabs_mouth_lower_R krabs_mouth_corner_L krabs_mouth_corner_R krabs_mouth_upper krabs_mouth_upper_L krabs_mouth_upper_R krabs_nose</Name_array>
          <technique_common>
            <accessor source="#krabs_root_mesh-skin-joints-array" count="47" stride="1">
              <param name="JOINT" type="name"/>
            </accessor>
          </technique_common>
        </source>
        <source id="krabs_root_mesh-skin-bind_poses">
          <float_array id="krabs_root_mesh-skin-bind_poses-array" count="752">1 0 0 0 0 -3.57628e-7 1 0 0 -1 -2.8213e-7 0 0 0 0 1 1 0 0 0 0 -3.57628e-7 1 -0.2741089 0 -1 -2.8213e-7 -0.009161651 0 0 0 1 1 0 0 0 0 -3.57628e-7 1 0 0 -1 -2.8213e-7 0 0 0 0 1 1 0 0 -0.1377947 0 0.07561463 -0.9971371 0.2208805 0 0.9971289 0.07561457 0.01581025 0 0 0 1 1 0 0 -0.1377948 0 0.1840241 -0.9829216 0.1147493 0 0.9829134 0.1840249 0.003302216 0 0 0 1 1 0 0 -0.1377947 0 -1.69871e-6 1 -0.01016867 0 -0.999988 -2.83119e-7 -0.005263388 0 0 0 1 1 0 0 0.1377948 0 -0.07561409 0.9971372 -0.2208804 0 -0.9971371 -0.07561403 -0.0158106 0 0 0 1 1 0 0 0.1377947 0 -0.1840276 0.9829213 -0.1147491 0 -0.9829211 -0.1840274 -0.003302276 0 0 0 1 1 0 0 0.1377947 0 2.17555e-6 -1 0.01016867 0 0.9999906 3.42723e-7 0.005263447 0 0 0 1 1 0 0 0 0 -3.57628e-7 1 -0.4277477 0 -1 -2.8213e-7 -0.04126524 0 0 0 1 1 0 0 -0.02845805 0 -3.94881e-7 1 -0.4429556 0 -1 -3.19383e-7 -0.06379133 0 0 0 1 0.7813106 -2.46462e-7 0.6241426 -0.5148489 -0.6241426 -3.08525e-7 0.7813106 -0.2772746 0 -1 -3.19383e-7 0 0 0 0 1 0.9914336 0 -0.1306115 -0.3243016 0.1306115 -3.54565e-7 0.9914336 -0.7149132 0 -1 -2.82766e-7 0 0 0 0 1 1 0 -2.68221e-7 -0.5831602 2.38419e-7 -3.57628e-7 1 -0.6551145 0 -1 -2.8213e-7 0 0 0 0 1 1 0 0 -0.6618568 0 -3.57628e-7 1 -0.6452518 0 -1 -2.8213e-7 0 0 0 0 1 1 0 -1.19209e-7 -0.7751677 0 -3.57628e-7 1 -0.5216195 0 -1 -2.8213e-7 0 0 0 0 1 1 0 0 -0.6207509 0 -3.57628e-7 1 -0.6278494 0 -1 -2.8213e-7 0 0 0 0 1 1 1.50996e-7 0 0.02845799 0 3.57628e-7 -1 0.4429555 -1.50996e-7 1 2.8213e-7 0.06379133 0 0 0 1 0.7813107 3.10633e-7 -0.6241423 0.5148485 -0.6241423 3.34187e-7 -0.7813107 0.2772747 0 1 3.79486e-7 0 0 0 0 1 0.9914337 0 0.1306108 0.3243021 0.1306108 3.54565e-7 -0.9914337 0.7149127 0 1 2.70712e-7 0 0 0 0 1 1 0 1.19209e-7 0.5831601 0 3.57628e-7 -0.9999999 0.6551132 0 1 2.8213e-7 0 0 0 0 1 1 0 0 0.6618588 0 3.57628e-7 -0.9999999 0.645252 0 1 2.8213e-7 0 0 0 0 1 1 0 0 0.7751669 0 3.57628e-7 -1 0.5216194 0 1 2.8213e-7 0 0 0 0 1 1 0 0 0.6207509 0 3.57628e-7 -0.9999999 0.6278496 0 1 2.8213e-7 0 0 0 0 1 1 0 0 0 0 -3.71598e-7 1 -0.6066108 0 -1 -2.961e-7 -0.03897213 0 0 0 1 1 0 0 -0.02979654 0 -3.71598e-7 1 -0.6831793 0 -1 -2.961e-7 -0.05980986 0 0 0 1 1 0 0 -0.06504535 0 -3.71598e-7 1 -0.9196594 0 -1 -2.961e-7 -0.1166735 0 0 0 1 1 0 0 -0.06866163 0 -3.71598e-7 1 -0.9717401 0 -1 -2.961e-7 -0.1668012 0 0 0 1 1 0 0 -0.06522804 0 -3.71598e-7 1 -1.103899 0 -1 -2.961e-7 -0.07915073 0 0 0 1 1 0 0 -0.06504535 0 -3.71598e-7 1 -0.9196594 0 -1 -2.961e-7 -0.1166735 0 0 0 1 1 0 0 -0.06504535 0 -3.71598e-7 1 -0.9196594 0 -1 -2.961e-7 -0.1166735 0 0 0 1 1 1.50996e-7 0 0.0297966 0 3.71598e-7 -1 0.6831825 -1.50996e-7 1 2.961e-7 0.05980986 0 0 0 1 1 0 0 0.06504547 0 3.71598e-7 -1 0.9196592 0 1 2.961e-7 0.1166737 0 0 0 1 1 0 0 0.06866145 0 3.71598e-7 -1 0.9717372 0 1 2.961e-7 0.166801 0 0 0 1 1 0 0 0.06522816 0 3.71598e-7 -1 1.103902 0 1 2.961e-7 0.07915043 0 0 0 1 1 0 0 0.06504547 0 3.71598e-7 -1 0.9196592 0 1 2.961e-7 0.1166737 0 0 0 1 1 0 0 0.06504547 0 3.71598e-7 -1 0.9196592 0 1 2.961e-7 0.1166737 0 0 0 1 1 0 0 0 0 2.24449e-7 1 -0.1591532 0 -1 2.99947e-7 0.2881076 0 0 0 1 1 0 0 0 0 -3.71598e-7 1 -0.6116052 0 -1 -2.961e-7 -0.1784769 0 0 0 1 1 0 0 -0.06343168 0 -3.71598e-7 1 -0.6184141 0 -1 -2.961e-7 -0.1563321 0 0 0 1 1 1.50996e-7 0 0.06343173 0 9.67644e-7 -1 0.6184144 -1.50996e-7 1 8.92146e-7 0.1563315 0 0 0 1 1 0 0 -0.1018688 0 -3.71598e-7 1 -0.6502957 0 -1 -2.961e-7 -0.07387578 0 0 0 1 1 1.50996e-7 0 0.1018686 0 5.20609e-7 -1 0.6502957 -1.50996e-7 1 4.45111e-7 0.0738756 0 0 0 1 1 0 0 0 0 -3.71598e-7 1 -0.6308277 0 -1 -2.961e-7 -0.1659023 0 0 0 1 1 0 0 -0.04537057 0 -3.71598e-7 1 -0.6318048 0 -1 -2.961e-7 -0.1500545 0 0 0 1 1 1.50996e-7 0 0.04537057 0 3.71598e-7 -1 0.6318046 -1.50996e-7 1 2.961e-7 0.1500545 0 0 0 1 1 0 0 0 0 -3.71598e-7 1 -0.6662318 0 -1 -2.961e-7 -0.1261106 0 0 0 1</float_array>
          <technique_common>
            <accessor source="#krabs_root_mesh-skin-bind_poses-array" count="47" stride="16">
              <param name="TRANSFORM" type="float4x4"/>
            </accessor>
          </technique_common>
        </source>
        <source id="krabs_root_mesh-skin-weights">
          <float_array id="krabs_root_mesh-skin-weights-array" count="248">3.07562e-6 3.07562e-6 3.07562e-6 0.9999907 3.07562e-6 3.07562e-6 3.07562e-6 0.9999907 1 1 1 3.07562e-6 3.07562e-6 3.07562e-6 0.9999907 0.5019246 0.4980754 1 0.5019246 0.4980754 0.003921687 0.9960783 0.5019246 0.4980754 0.003921687 0.9960783 0.003921687 0.9960783 0.5019246 0.4980754 7.85548e-4 7.85548e-4 7.85549e-4 0.9976434 0.5019246 0.4980754 0.5000171 0.4999829 0.5019246 0.4980754 1.53788e-5 0.9999846 0.003921687 0.9960783 0.5019246 0.4980754 0.5019246 0.4980754 0.00294131 0.7470582 0.2500005 1 1 1 7.85548e-4 7.85548e-4 7.85549e-4 0.9976434 1 7.85548e-4 7.85548e-4 7.85549e-4 0.9976434 7.85548e-4 7.85548e-4 7.85549e-4 0.9976434 7.85548e-4 7.85548e-4 7.85549e-4 0.9976434 7.85548e-4 7.85548e-4 7.85549e-4 0.9976434 7.85548e-4 7.85548e-4 7.85549e-4 0.9976434 1 1 7.85548e-4 7.85548e-4 7.85549e-4 0.9976434 1 1 1 1 0.5019246 0.4980754 0.003921687 0.9960783 0.003921687 0.9960783 0.002943336 0.7476442 0.2494125 0.5000171 0.4999829 0.002943336 0.7476442 0.2494125 1 1 1 1 1 0.00294131 0.7470582 0.2500005 0.5000171 0.4999829 0.5019703 0.4980297 1.15423e-5 0.7505755 0.249413 0.002943336 0.7476442 0.2494125 0.002943336 0.7476442 0.2494125 1 1 1 0.5019246 0.4980754 1 1 1 7.85549e-4 7.85549e-4 0.9976434 7.8555e-4 1 1 1 3.07562e-6 3.07562e-6 0.9999907 3.07563e-6 1 1 1 1 1 1 1 0.5000168 0.4999833 0.003921687 0.9960783 0.001968443 0.4999923 0.4980393 0.001968443 0.4999923 0.4980393 7.71947e-6 0.5019356 0.4980566 0.003921687 0.9960783 0.003921687 0.9960783 0.7505841 0.2494159 0.7505841 0.2494159 1 1 1 0.7505841 0.2494159 1 1 1 1 1 1 1 1 0.7500119 0.2499882 0.5000168 0.4999833 0.7505841 0.2494159 0.7500119 0.2499882 0.5019238 0.4980754 3.92052e-7 3.92052e-7 0.5000168 0.4999833 0 0 0.003921687 0.9960783 1 7.85549e-4 7.85549e-4 0.9976434 7.8555e-4 0 0 1 0 1 1 0.001968443 0.4999923 0.4980393 0.001968443 0.4999923 0.4980393 0.5000163 0.4999828 3.90527e-7 3.90527e-7 0.7505841 0.2494159 0.5000168 0.4999833 0.001968443 0.4999923 0.4980393 1 0 0 1 0 0.001968443 0.4999923 0.4980393 0.003921687 0.9960783 0.5019238 0.4980754 3.92052e-7 3.92052e-7 0.003921687 0.9960783 0.003921687 0.9960783</float_array>
          <technique_common>
            <accessor source="#krabs_root_mesh-skin-weights-array" count="248" stride="1">
              <param name="WEIGHT" type="float"/>
            </accessor>
          </technique_common>
        </source>
        <joints>
          <input semantic="JOINT" source="#krabs_root_mesh-skin-joints"/>
          <input semantic="INV_BIND_MATRIX" source="#krabs_root_mesh-skin-bind_poses"/>
        </joints>
        <vertex_weights count="122">
          <input semantic="JOINT" source="#krabs_root_mesh-skin-joints" offset="0"/>
          <input semantic="WEIGHT" source="#krabs_root_mesh-skin-weights" offset="1"/>
          <vcount>4 4 1 1 1 4 2 1 2 2 2 2 2 2 4 2 2 2 2 2 2 2 3 1 1 1 4 1 4 4 4 4 4 1 1 4 1 1 1 1 2 2 2 3 2 3 1 1 1 1 1 3 2 2 3 3 3 1 1 1 2 1 1 1 4 1 1 1 4 1 1 1 1 1 1 1 2 2 3 3 3 2 2 2 2 1 1 1 2 1 1 1 1 1 1 1 1 2 2 2 2 4 4 2 1 4 4 1 1 3 3 4 2 2 3 1 4 3 2 4 2 2 </vcount>
          <v>25 0 26 1 31 2 34 3 25 4 26 5 31 6 34 7 34 8 34 9 34 10 25 11 26 12 31 13 34 14 32 15 34 16 34 17 32 18 34 19 25 20 32 21 31 22 32 23 25 24 32 25 25 26 32 27 32 28 34 29 25 30 26 31 31 32 34 33 32 34 34 35 32 36 34 37 32 38 34 39 25 40 32 41 25 42 32 43 32 44 34 45 31 46 32 47 25 48 31 49 32 50 31 51 31 52 31 53 25 54 26 55 31 56 34 57 34 58 25 59 26 60 31 61 34 62 25 63 26 64 31 65 34 66 25 67 26 68 31 69 34 70 25 71 26 72 31 73 34 74 25 75 26 76 31 77 34 78 34 79 34 80 25 81 26 82 31 83 34 84 34 85 34 86 34 87 34 88 31 89 32 90 25 91 32 92 25 93 32 94 25 95 31 96 32 97 31 98 32 99 25 100 31 101 32 102 31 103 31 104 31 105 31 106 31 107 25 108 31 109 32 110 31 111 32 112 31 113 32 114 25 115 31 116 32 117 25 118 31 119 32 120 25 121 31 122 32 123 31 124 31 125 31 126 31 127 32 128 28 129 28 130 28 131 25 132 26 133 28 134 31 135 28 136 28 137 28 138 25 139 26 140 28 141 31 142 28 143 28 144 28 145 28 146 28 147 28 148 28 149 25 150 26 151 25 152 26 153 25 154 26 155 28 156 25 157 26 158 28 159 25 160 26 161 28 162 25 163 26 164 25 165 26 166 25 167 26 168 25 169 26 170 25 171 25 172 25 173 25 174 26 175 25 176 25 177 25 178 25 179 25 180 25 181 25 182 25 183 25 184 26 185 25 186 26 187 25 188 26 189 25 190 26 191 25 192 26 193 31 194 32 195 25 196 26 197 31 198 32 199 25 200 26 201 28 202 25 203 26 204 28 205 31 206 25 207 26 208 28 209 31 210 28 211 28 212 25 213 26 214 28 215 25 216 26 217 28 218 25 219 26 220 31 221 32 222 25 223 26 224 25 225 26 226 25 227 26 228 28 229 28 230 25 231 26 232 28 233 31 234 25 235 26 236 28 237 25 238 26 239 25 240 26 241 31 242 32 243 25 244 26 245 25 246 26 247</v>
        </vertex_weights>
      </skin>
    </controller>
  </library_controllers>
  <library_visual_scenes>
    <visual_scene id="Scene" name="Scene">
      <node id="unnamed" name="unnamed" type="NODE">
        <matrix sid="transform">1 0 0 0 0 1 0 0 0 0 1 0 0 0 0 1</matrix>
        <node id="krabs_root" name="krabs_root" type="NODE">
          <matrix sid="transform">1 0 0 0 0 1 0 0 0 0 1 0 0 0 0 1</matrix>
          <node id="krabs_root_krabs_root" name="krabs_root" sid="krabs_root" type="JOINT">
            <matrix sid="transform">1 0 0 0 0 -2.8213e-7 -1 0 0 1 -3.57628e-7 0 0 0 0 1</matrix>
            <node id="krabs_root_krabs_sub_root" name="krabs_sub_root" sid="krabs_sub_root" type="JOINT">
              <matrix sid="transform">1 0 0 0 0 1 0 0.2741089 0 0 1 0.009161673 0 0 0 1</matrix>
              <node id="krabs_root_krabs_connect" name="krabs_connect" sid="krabs_connect" type="JOINT">
                <matrix sid="transform">1 0 0 0 0 1 0 -0.2741089 0 0 1 -0.009161673 0 0 0 1</matrix>
                <extra>
                  <technique profile="blender">
                    <tip_x sid="tip_x" type="float">0</tip_x>
                    <tip_y sid="tip_y" type="float">0</tip_y>
                    <tip_z sid="tip_z" type="float">0.05000001</tip_z>
                  </technique>
                </extra>
              </node>
              <node id="krabs_root_krabs_thigh_L" name="krabs_thigh_L" sid="krabs_thigh_L" type="JOINT">
                <matrix sid="transform">1 0 0 0.1377948 0 -0.9971371 0.0756149 -0.05505623 0 -0.0756149 -0.9971453 0.02330533 0 0 0 1</matrix>
                <node id="krabs_root_krabs_knee_L" name="krabs_knee_L" sid="krabs_knee_L" type="JOINT">
                  <matrix sid="transform">1 0 0 0 0 0.9940225 -0.1091749 0.1071777 0 0.1091749 0.9940225 -3.72529e-9 0 0 0 1</matrix>
                  <node id="krabs_root_krabs_ankle_L" name="krabs_ankle_L" sid="krabs_ankle_L" type="JOINT">
                    <matrix sid="transform">1 0 0 -1.49012e-8 0 -0.9829217 -0.1840247 0.1037856 0 0.1840247 -0.9829256 -9.31323e-10 0 0 0 1</matrix>
                    <extra>
                      <technique profile="blender">
                        <roll sid="roll" type="float">0</roll>
                        <tip_x sid="tip_x" type="float">0</tip_x>
                        <tip_y sid="tip_y" type="float">0</tip_y>
                        <tip_z sid="tip_z" type="float">0.05000001</tip_z>
                      </technique>
                    </extra>
                  </node>
                  <extra>
                    <technique profile="blender">
                      <roll sid="roll" type="float">0</roll>
                      <tip_x sid="tip_x" type="float">0</tip_x>
                      <tip_y sid="tip_y" type="float">0.009201288</tip_y>
                      <tip_z sid="tip_z" type="float">-0.04914605</tip_z>
                    </technique>
                  </extra>
                </node>
                <extra>
                  <technique profile="blender">
                    <tip_x sid="tip_x" type="float">0</tip_x>
                    <tip_y sid="tip_y" type="float">0.003780722</tip_y>
                    <tip_z sid="tip_z" type="float">-0.04985684</tip_z>
                  </technique>
                </extra>
              </node>
              <node id="krabs_root_krabs_thigh_R" name="krabs_thigh_R" sid="krabs_thigh_R" type="JOINT">
                <matrix sid="transform">1 0 2.20488e-8 -0.1377948 1.66719e-9 0.9971371 -0.07561375 -0.05505632 -2.19856e-8 0.07561375 0.9971372 0.02330532 0 0 0 1</matrix>
                <node id="krabs_root_krabs_knee_R" name="krabs_knee_R" sid="krabs_knee_R" type="JOINT">
                  <matrix sid="transform">1 -2.40725e-9 5.80092e-15 2.98023e-8 2.39286e-9 0.9940221 -0.109178 -0.1071779 2.62811e-10 0.109178 0.9940222 0 0 0 0 1</matrix>
                  <node id="krabs_root_krabs_ankle_R" name="krabs_ankle_R" sid="krabs_ankle_R" type="JOINT">
                    <matrix sid="transform">1 -4.03332e-9 1.08968e-7 0 1.60884e-8 -0.9829213 -0.1840272 -0.1037854 1.07848e-7 0.1840272 -0.9829308 -3.0268e-8 0 0 0 1</matrix>
                    <extra>
                      <technique profile="blender">
                        <roll sid="roll" type="float">0</roll>
                        <tip_x sid="tip_x" type="float">0</tip_x>
                        <tip_y sid="tip_y" type="float">0</tip_y>
                        <tip_z sid="tip_z" type="float">-0.04999995</tip_z>
                      </technique>
                    </extra>
                  </node>
                  <extra>
                    <technique profile="blender">
                      <roll sid="roll" type="float">0</roll>
                      <tip_x sid="tip_x" type="float">0</tip_x>
                      <tip_y sid="tip_y" type="float">-0.009201347</tip_y>
                      <tip_z sid="tip_z" type="float">0.04914599</tip_z>
                    </technique>
                  </extra>
                </node>
                <extra>
                  <technique profile="blender">
                    <roll sid="roll" type="float">0</roll>
                    <tip_x sid="tip_x" type="float">0</tip_x>
                    <tip_y sid="tip_y" type="float">-0.003780663</tip_y>
                    <tip_z sid="tip_z" type="float">0.04985684</tip_z>
                  </technique>
                </extra>
              </node>
              <node id="krabs_root_krabs_waist" name="krabs_waist" sid="krabs_waist" type="JOINT">
                <matrix sid="transform">1 0 0 0 0 1 0 0.1536388 0 0 1 0.03210363 0 0 0 1</matrix>
                <node id="krabs_root_krabs_clavicle_L" name="krabs_clavicle_L" sid="krabs_clavicle_L" type="JOINT">
                  <matrix sid="transform">1 0 0 0.02845807 0 1 -3.72529e-8 0.01520782 0 3.72529e-8 1 0.02252605 0 0 0 1</matrix>
                  <node id="krabs_root_krabs_bicep_L" name="krabs_bicep_L" sid="krabs_bicep_L" type="JOINT">
                    <matrix sid="transform">0.7813105 -0.6241425 0 0.2007399 0.6241425 0.7813104 0 0.09502107 0 0 1 -0.06379136 0 0 0 1</matrix>
                    <node id="krabs_root_krabs_elbow_L" name="krabs_elbow_L" sid="krabs_elbow_L" type="JOINT">
                      <matrix sid="transform">0.6930973 0.7208441 2.66234e-8 0.2252647 -0.7208441 0.6930974 2.55986e-8 -0.01554111 -3.55271e-15 -3.69336e-8 1 -3.33e-9 0 0 0 1</matrix>
                      <node id="krabs_root_krabs_wrist_L" name="krabs_wrist_L" sid="krabs_wrist_L" type="JOINT">
                        <matrix sid="transform">0.9914336 -0.1306113 -8.30198e-11 0.1682977 0.1306113 0.9914336 6.30166e-10 0.01075676 -5.29064e-16 -6.35595e-10 1 8.18872e-10 0 0 0 1</matrix>
                        <node id="krabs_root_krabs_claw_upper_L" name="krabs_claw_upper_L" sid="krabs_claw_upper_L" type="JOINT">
                          <matrix sid="transform">0.9999999 -2.98023e-7 0 0.07869637 2.98023e-7 0.9999999 5.68434e-14 -0.009862564 -3.84936e-16 0 1 1.60074e-9 0 0 0 1</matrix>
                          <node id="krabs_root_krabs_claw_tip_L" name="krabs_claw_tip_L" sid="krabs_claw_tip_L" type="JOINT">
                            <matrix sid="transform">0.9999999 1.49012e-7 0 0.1133109 -1.49012e-7 0.9999999 2.84217e-14 -0.1236324 -5.3277e-16 2.84217e-14 1 4.11872e-9 0 0 0 1</matrix>
                            <extra>
                              <technique profile="blender">
                                <roll sid="roll" type="float">1.24033e-7</roll>
                                <tip_x sid="tip_x" type="float">0</tip_x>
                                <tip_y sid="tip_y" type="float">0</tip_y>
                                <tip_z sid="tip_z" type="float">0.05000001</tip_z>
                              </technique>
                            </extra>
                          </node>
                          <extra>
                            <technique profile="blender">
                              <roll sid="roll" type="float">0</roll>
                              <tip_x sid="tip_x" type="float">0</tip_x>
                              <tip_y sid="tip_y" type="float">0</tip_y>
                              <tip_z sid="tip_z" type="float">0.05000001</tip_z>
                            </technique>
                          </extra>
                        </node>
                        <node id="krabs_root_krabs_thumb_claw_L" name="krabs_thumb_claw_L" sid="krabs_thumb_claw_L" type="JOINT">
                          <matrix sid="transform">0.9999999 -2.98023e-7 0 0.03759044 2.98023e-7 0.9999999 2.84217e-14 -0.02726498 -3.84936e-16 2.84217e-14 1 1.13846e-9 0 0 0 1</matrix>
                          <extra>
                            <technique profile="blender">
                              <roll sid="roll" type="float">0</roll>
                              <tip_x sid="tip_x" type="float">0</tip_x>
                              <tip_y sid="tip_y" type="float">0</tip_y>
                              <tip_z sid="tip_z" type="float">0.05000001</tip_z>
                            </technique>
                          </extra>
                        </node>
                        <extra>
                          <technique profile="blender">
                            <roll sid="roll" type="float">2.73045e-7</roll>
                            <tip_x sid="tip_x" type="float">0</tip_x>
                            <tip_y sid="tip_y" type="float">0</tip_y>
                            <tip_z sid="tip_z" type="float">0.05000001</tip_z>
                          </technique>
                        </extra>
                      </node>
                      <extra>
                        <technique profile="blender">
                          <roll sid="roll" type="float">0.1309859</roll>
                          <tip_x sid="tip_x" type="float">0.006530582</tip_x>
                          <tip_y sid="tip_y" type="float">0</tip_y>
                          <tip_z sid="tip_z" type="float">0.04957169</tip_z>
                        </technique>
                      </extra>
                    </node>
                    <extra>
                      <technique profile="blender">
                        <roll sid="roll" type="float">-0.6740338</roll>
                        <tip_x sid="tip_x" type="float">-0.03120714</tip_x>
                        <tip_y sid="tip_y" type="float">0</tip_y>
                        <tip_z sid="tip_z" type="float">0.03906553</tip_z>
                      </technique>
                    </extra>
                  </node>
                  <extra>
                    <technique profile="blender">
                      <tip_x sid="tip_x" type="float">0</tip_x>
                      <tip_y sid="tip_y" type="float">0</tip_y>
                      <tip_z sid="tip_z" type="float">0.05000001</tip_z>
                    </technique>
                  </extra>
                </node>
                <node id="krabs_root_krabs_clavicle_R" name="krabs_clavicle_R" sid="krabs_clavicle_R" type="JOINT">
                  <matrix sid="transform">1 0 -1.50996e-7 -0.02845804 0 -1 0 0.01520779 -1.50996e-7 0 -1 0.02252603 0 0 0 1</matrix>
                  <node id="krabs_root_krabs_bicep_R" name="krabs_bicep_R" sid="krabs_bicep_R" type="JOINT">
                    <matrix sid="transform">0.7813107 -0.6241423 1.16875e-7 -0.2007397 0.6241423 0.7813107 -9.73557e-8 -0.09502086 -3.05518e-8 1.49012e-7 1 0.06379135 0 0 0 1</matrix>
                    <node id="krabs_root_krabs_elbow_R" name="krabs_elbow_R" sid="krabs_elbow_R" type="JOINT">
                      <matrix sid="transform">0.693098 0.7208434 2.683e-8 -0.2252647 -0.7208434 0.693098 1.17787e-7 0.01554111 6.63099e-8 -1.00978e-7 1 2.15805e-8 0 0 0 1</matrix>
                      <node id="krabs_root_krabs_wrist_R" name="krabs_wrist_R" sid="krabs_wrist_R" type="JOINT">
                        <matrix sid="transform">0.9914337 -0.1306107 7.48891e-10 -0.1682976 0.1306107 0.9914339 -1.14181e-8 -0.01075565 7.48841e-10 1.14181e-8 1 1.47131e-8 0 0 0 1</matrix>
                        <node id="krabs_root_krabs_claw_upper_R" name="krabs_claw_upper_R" sid="krabs_claw_upper_R" type="JOINT">
                          <matrix sid="transform">1 -1.49012e-7 0 -0.07869869 1.49012e-7 1 -5.68434e-14 0.009861162 1.59866e-15 5.68434e-14 1 6.88006e-9 0 0 0 1</matrix>
                          <node id="krabs_root_krabs_claw_tip_R" name="krabs_claw_tip_R" sid="krabs_claw_tip_R" type="JOINT">
                            <matrix sid="transform">1 -1.77636e-15 -3.5527e-15 -0.1133081 0 0.9999999 1.13687e-13 0.1236326 1.59866e-15 -1.42109e-13 1 9.90572e-9 0 0 0 1</matrix>
                            <extra>
                              <technique profile="blender">
                                <roll sid="roll" type="float">0</roll>
                                <tip_x sid="tip_x" type="float">0</tip_x>
                                <tip_y sid="tip_y" type="float">0</tip_y>
                                <tip_z sid="tip_z" type="float">-0.04999995</tip_z>
                              </technique>
                            </extra>
                          </node>
                          <extra>
                            <technique profile="blender">
                              <roll sid="roll" type="float">0</roll>
                              <tip_x sid="tip_x" type="float">0</tip_x>
                              <tip_y sid="tip_y" type="float">0</tip_y>
                              <tip_z sid="tip_z" type="float">-0.05000001</tip_z>
                            </technique>
                          </extra>
                        </node>
                        <node id="krabs_root_krabs_thumb_claw_R" name="krabs_thumb_claw_R" sid="krabs_thumb_claw_R" type="JOINT">
                          <matrix sid="transform">1 -1.49012e-7 0 -0.0375908 1.49012e-7 1 -5.68434e-14 0.02726358 1.59866e-15 5.68434e-14 1 3.2863e-9 0 0 0 1</matrix>
                          <extra>
                            <technique profile="blender">
                              <roll sid="roll" type="float">0</roll>
                              <tip_x sid="tip_x" type="float">0</tip_x>
                              <tip_y sid="tip_y" type="float">0</tip_y>
                              <tip_z sid="tip_z" type="float">-0.05000001</tip_z>
                            </technique>
                          </extra>
                        </node>
                        <extra>
                          <technique profile="blender">
                            <roll sid="roll" type="float">-2.06632e-7</roll>
                            <tip_x sid="tip_x" type="float">0</tip_x>
                            <tip_y sid="tip_y" type="float">0</tip_y>
                            <tip_z sid="tip_z" type="float">-0.05000001</tip_z>
                          </technique>
                        </extra>
                      </node>
                      <extra>
                        <technique profile="blender">
                          <roll sid="roll" type="float">-0.1309851</roll>
                          <tip_x sid="tip_x" type="float">0.006530523</tip_x>
                          <tip_y sid="tip_y" type="float">0</tip_y>
                          <tip_z sid="tip_z" type="float">-0.04957169</tip_z>
                        </technique>
                      </extra>
                    </node>
                    <extra>
                      <technique profile="blender">
                        <roll sid="roll" type="float">0.674033</roll>
                        <tip_x sid="tip_x" type="float">-0.03120708</tip_x>
                        <tip_y sid="tip_y" type="float">0</tip_y>
                        <tip_z sid="tip_z" type="float">-0.03906553</tip_z>
                      </technique>
                    </extra>
                  </node>
                  <extra>
                    <technique profile="blender">
                      <roll sid="roll" type="float">-1.50996e-7</roll>
                      <tip_x sid="tip_x" type="float">0</tip_x>
                      <tip_y sid="tip_y" type="float">0</tip_y>
                      <tip_z sid="tip_z" type="float">-0.05000001</tip_z>
                    </technique>
                  </extra>
                </node>
                <node id="krabs_root_krabs_head" name="krabs_head" sid="krabs_head" type="JOINT">
                  <matrix sid="transform">1 0 0 0 0 1 -1.39698e-8 0.1788631 0 1.39698e-8 1 -0.002293117 0 0 0 1</matrix>
                  <node id="krabs_root_krabs_eye_stalk_base_L" name="krabs_eye_stalk_base_L" sid="krabs_eye_stalk_base_L" type="JOINT">
                    <matrix sid="transform">1 0 0 0.02979656 0 1 0 0.07656851 0 0 1 0.02083772 0 0 0 1</matrix>
                    <node id="krabs_root_krabs_eye_stalk_02_L" name="krabs_eye_stalk_02_L" sid="krabs_eye_stalk_02_L" type="JOINT">
                      <matrix sid="transform">1 0 0 0.03524882 0 1 0 0.2364801 0 0 1 0.05686359 0 0 0 1</matrix>
                      <node id="krabs_root_krabs_eye_L" name="krabs_eye_L" sid="krabs_eye_L" type="JOINT">
                        <matrix sid="transform">1 0 0 0.003616266 0 1 0 0.05208075 0 0 1 0.05012769 0 0 0 1</matrix>
                        <extra>
                          <technique profile="blender">
                            <tip_x sid="tip_x" type="float">0</tip_x>
                            <tip_y sid="tip_y" type="float">0</tip_y>
                            <tip_z sid="tip_z" type="float">0.05000001</tip_z>
                          </technique>
                        </extra>
                      </node>
                      <node id="krabs_root_krabs_eye_stalk_temp_L" name="krabs_eye_stalk_temp_L" sid="krabs_eye_stalk_temp_L" type="JOINT">
                        <matrix sid="transform">1 0 0 1.82718e-4 0 1 0 0.1842395 0 0 1 -0.03752273 0 0 0 1</matrix>
                        <extra>
                          <technique profile="blender">
                            <tip_x sid="tip_x" type="float">0</tip_x>
                            <tip_y sid="tip_y" type="float">0</tip_y>
                            <tip_z sid="tip_z" type="float">0.04999995</tip_z>
                          </technique>
                        </extra>
                      </node>
                      <extra>
                        <technique profile="blender">
                          <tip_x sid="tip_x" type="float">0</tip_x>
                          <tip_y sid="tip_y" type="float">0</tip_y>
                          <tip_z sid="tip_z" type="float">0.05000001</tip_z>
                        </technique>
                      </extra>
                    </node>
                    <node id="krabs_root_krabs_lower_lid_L" name="krabs_lower_lid_L" sid="krabs_lower_lid_L" type="JOINT">
                      <matrix sid="transform">1 0 0 0.03524882 0 1 0 0.2364801 0 0 1 0.05686359 0 0 0 1</matrix>
                      <extra>
                        <technique profile="blender">
                          <tip_x sid="tip_x" type="float">0</tip_x>
                          <tip_y sid="tip_y" type="float">0</tip_y>
                          <tip_z sid="tip_z" type="float">0.05000001</tip_z>
                        </technique>
                      </extra>
                    </node>
                    <node id="krabs_root_krabs_upper_lid_L" name="krabs_upper_lid_L" sid="krabs_upper_lid_L" type="JOINT">
                      <matrix sid="transform">1 0 0 0.03524882 0 1 0 0.2364801 0 0 1 0.05686359 0 0 0 1</matrix>
                      <extra>
                        <technique profile="blender">
                          <tip_x sid="tip_x" type="float">0</tip_x>
                          <tip_y sid="tip_y" type="float">0</tip_y>
                          <tip_z sid="tip_z" type="float">0.05000001</tip_z>
                        </technique>
                      </extra>
                    </node>
                    <extra>
                      <technique profile="blender">
                        <tip_x sid="tip_x" type="float">0</tip_x>
                        <tip_y sid="tip_y" type="float">0</tip_y>
                        <tip_z sid="tip_z" type="float">0.05000001</tip_z>
                      </technique>
                    </extra>
                  </node>
                  <node id="krabs_root_krabs_eye_stalk_base_R" name="krabs_eye_stalk_base_R" sid="krabs_eye_stalk_base_R" type="JOINT">
                    <matrix sid="transform">1 0 -1.50996e-7 -0.02979659 0 -1 0 0.07657178 -1.50996e-7 0 -1 0.0208377 0 0 0 1</matrix>
                    <node id="krabs_root_krabs_eye_stalk_02_R" name="krabs_eye_stalk_02_R" sid="krabs_eye_stalk_02_R" type="JOINT">
                      <matrix sid="transform">1 0 6.3573e-8 -0.03524892 0 0.9999999 0 -0.2364765 -6.3573e-8 0 1 -0.05686382 0 0 0 1</matrix>
                      <node id="krabs_root_krabs_eye_R" name="krabs_eye_R" sid="krabs_eye_R" type="JOINT">
                        <matrix sid="transform">1 0 0 -0.00361596 0 1 0 -0.05207801 0 0 1 -0.05012733 0 0 0 1</matrix>
                        <extra>
                          <technique profile="blender">
                            <roll sid="roll" type="float">0</roll>
                            <tip_x sid="tip_x" type="float">0</tip_x>
                            <tip_y sid="tip_y" type="float">0</tip_y>
                            <tip_z sid="tip_z" type="float">-0.05000001</tip_z>
                          </technique>
                        </extra>
                      </node>
                      <node id="krabs_root_krabs_eye_stalk_temp_R" name="krabs_eye_stalk_temp_R" sid="krabs_eye_stalk_temp_R" type="JOINT">
                        <matrix sid="transform">1 0 0 -1.82651e-4 0 1 0 -0.1842425 0 0 1 0.03752322 0 0 0 1</matrix>
                        <extra>
                          <technique profile="blender">
                            <roll sid="roll" type="float">0</roll>
                            <tip_x sid="tip_x" type="float">0</tip_x>
                            <tip_y sid="tip_y" type="float">0</tip_y>
                            <tip_z sid="tip_z" type="float">-0.04999995</tip_z>
                          </technique>
                        </extra>
                      </node>
                      <extra>
                        <technique profile="blender">
                          <roll sid="roll" type="float">0</roll>
                          <tip_x sid="tip_x" type="float">0</tip_x>
                          <tip_y sid="tip_y" type="float">0</tip_y>
                          <tip_z sid="tip_z" type="float">-0.05000001</tip_z>
                        </technique>
                      </extra>
                    </node>
                    <node id="krabs_root_krabs_lower_lid_R" name="krabs_lower_lid_R" sid="krabs_lower_lid_R" type="JOINT">
                      <matrix sid="transform">1 0 6.3573e-8 -0.03524892 0 0.9999999 0 -0.2364765 -6.3573e-8 0 1 -0.05686382 0 0 0 1</matrix>
                      <extra>
                        <technique profile="blender">
                          <roll sid="roll" type="float">0</roll>
                          <tip_x sid="tip_x" type="float">0</tip_x>
                          <tip_y sid="tip_y" type="float">0</tip_y>
                          <tip_z sid="tip_z" type="float">-0.05000001</tip_z>
                        </technique>
                      </extra>
                    </node>
                    <node id="krabs_root_krabs_upper_lid_R" name="krabs_upper_lid_R" sid="krabs_upper_lid_R" type="JOINT">
                      <matrix sid="transform">1 0 6.3573e-8 -0.03524892 0 0.9999999 0 -0.2364765 -6.3573e-8 0 1 -0.05686382 0 0 0 1</matrix>
                      <extra>
                        <technique profile="blender">
                          <roll sid="roll" type="float">0</roll>
                          <tip_x sid="tip_x" type="float">0</tip_x>
                          <tip_y sid="tip_y" type="float">0</tip_y>
                          <tip_z sid="tip_z" type="float">-0.05000001</tip_z>
                        </technique>
                      </extra>
                    </node>
                    <extra>
                      <technique profile="blender">
                        <roll sid="roll" type="float">-1.50996e-7</roll>
                        <tip_x sid="tip_x" type="float">0</tip_x>
                        <tip_y sid="tip_y" type="float">0</tip_y>
                        <tip_z sid="tip_z" type="float">-0.05000001</tip_z>
                      </technique>
                    </extra>
                  </node>
                  <node id="krabs_root_krabs_jaw" name="krabs_jaw" sid="krabs_jaw" type="JOINT">
                    <matrix sid="transform">1 0 0 0 0 1 5.96046e-7 -0.4474577 0 -5.96046e-7 1 -0.3270799 0 0 0 1</matrix>
                    <node id="krabs_root_krabs_mouth_lower" name="krabs_mouth_lower" sid="krabs_mouth_lower" type="JOINT">
                      <matrix sid="transform">1 0 0 0 0 1 -5.96046e-7 0.4524519 0 5.96046e-7 1 0.4665849 0 0 0 1</matrix>
                      <extra>
                        <technique profile="blender">
                          <roll sid="roll" type="float">0</roll>
                          <tip_x sid="tip_x" type="float">0</tip_x>
                          <tip_y sid="tip_y" type="float">0</tip_y>
                          <tip_z sid="tip_z" type="float">0.05000001</tip_z>
                        </technique>
                      </extra>
                    </node>
                    <node id="krabs_root_krabs_mouth_lower_L" name="krabs_mouth_lower_L" sid="krabs_mouth_lower_L" type="JOINT">
                      <matrix sid="transform">1 0 0 0.06343172 0 1 -5.96046e-7 0.4592607 0 5.96046e-7 1 0.4444401 0 0 0 1</matrix>
                      <extra>
                        <technique profile="blender">
                          <roll sid="roll" type="float">0</roll>
                          <tip_x sid="tip_x" type="float">0</tip_x>
                          <tip_y sid="tip_y" type="float">0</tip_y>
                          <tip_z sid="tip_z" type="float">0.05000001</tip_z>
                        </technique>
                      </extra>
                    </node>
                    <node id="krabs_root_krabs_mouth_lower_R" name="krabs_mouth_lower_R" sid="krabs_mouth_lower_R" type="JOINT">
                      <matrix sid="transform">1 -9.00005e-14 -1.50996e-7 -0.06343174 9.00005e-14 -1 1.19209e-6 0.4592609 -1.50996e-7 -1.19209e-6 -1 0.4444399 0 0 0 1</matrix>
                      <extra>
                        <technique profile="blender">
                          <roll sid="roll" type="float">-1.50996e-7</roll>
                          <tip_x sid="tip_x" type="float">0</tip_x>
                          <tip_y sid="tip_y" type="float">0</tip_y>
                          <tip_z sid="tip_z" type="float">-0.05000001</tip_z>
                        </technique>
                      </extra>
                    </node>
                    <extra>
                      <technique profile="blender">
                        <tip_x sid="tip_x" type="float">0</tip_x>
                        <tip_y sid="tip_y" type="float">0</tip_y>
                        <tip_z sid="tip_z" type="float">0.05000001</tip_z>
                      </technique>
                    </extra>
                  </node>
                  <node id="krabs_root_krabs_mouth_corner_L" name="krabs_mouth_corner_L" sid="krabs_mouth_corner_L" type="JOINT">
                    <matrix sid="transform">1 0 0 0.1018688 0 1 0 0.04368493 0 0 1 0.03490361 0 0 0 1</matrix>
                    <extra>
                      <technique profile="blender">
                        <tip_x sid="tip_x" type="float">0</tip_x>
                        <tip_y sid="tip_y" type="float">0</tip_y>
                        <tip_z sid="tip_z" type="float">0.05000001</tip_z>
                      </technique>
                    </extra>
                  </node>
                  <node id="krabs_root_krabs_mouth_corner_R" name="krabs_mouth_corner_R" sid="krabs_mouth_corner_R" type="JOINT">
                    <matrix sid="transform">1 -1.12501e-14 -1.50996e-7 -0.1018686 1.12501e-14 -1 1.49012e-7 0.04368493 -1.50996e-7 -1.49012e-7 -1 0.03490357 0 0 0 1</matrix>
                    <extra>
                      <technique profile="blender">
                        <roll sid="roll" type="float">-1.50996e-7</roll>
                        <tip_x sid="tip_x" type="float">0</tip_x>
                        <tip_y sid="tip_y" type="float">0</tip_y>
                        <tip_z sid="tip_z" type="float">-0.05000001</tip_z>
                      </technique>
                    </extra>
                  </node>
                  <node id="krabs_root_krabs_mouth_upper" name="krabs_mouth_upper" sid="krabs_mouth_upper" type="JOINT">
                    <matrix sid="transform">1 0 0 0 0 1 0 0.02421695 0 0 1 0.1269301 0 0 0 1</matrix>
                    <extra>
                      <technique profile="blender">
                        <tip_x sid="tip_x" type="float">0</tip_x>
                        <tip_y sid="tip_y" type="float">0</tip_y>
                        <tip_z sid="tip_z" type="float">0.05000001</tip_z>
                      </technique>
                    </extra>
                  </node>
                  <node id="krabs_root_krabs_mouth_upper_L" name="krabs_mouth_upper_L" sid="krabs_mouth_upper_L" type="JOINT">
                    <matrix sid="transform">1 0 0 0.04537059 0 1 0 0.02519405 0 0 1 0.1110823 0 0 0 1</matrix>
                    <extra>
                      <technique profile="blender">
                        <tip_x sid="tip_x" type="float">0</tip_x>
                        <tip_y sid="tip_y" type="float">0</tip_y>
                        <tip_z sid="tip_z" type="float">0.05000001</tip_z>
                      </technique>
                    </extra>
                  </node>
                  <node id="krabs_root_krabs_mouth_upper_R" name="krabs_mouth_upper_R" sid="krabs_mouth_upper_R" type="JOINT">
                    <matrix sid="transform">1 0 -1.50996e-7 -0.04537058 0 -1 0 0.02519381 -1.50996e-7 0 -1 0.1110823 0 0 0 1</matrix>
                    <extra>
                      <technique profile="blender">
                        <roll sid="roll" type="float">-1.50996e-7</roll>
                        <tip_x sid="tip_x" type="float">0</tip_x>
                        <tip_y sid="tip_y" type="float">0</tip_y>
                        <tip_z sid="tip_z" type="float">-0.05000001</tip_z>
                      </technique>
                    </extra>
                  </node>
                  <node id="krabs_root_krabs_nose" name="krabs_nose" sid="krabs_nose" type="JOINT">
                    <matrix sid="transform">1 0 0 0 0 1 0 0.05962102 0 0 1 0.08713843 0 0 0 1</matrix>
                    <extra>
                      <technique profile="blender">
                        <tip_x sid="tip_x" type="float">0</tip_x>
                        <tip_y sid="tip_y" type="float">0</tip_y>
                        <tip_z sid="tip_z" type="float">0.05000001</tip_z>
                      </technique>
                    </extra>
                  </node>
                  <extra>
                    <technique profile="blender">
                      <tip_x sid="tip_x" type="float">0</tip_x>
                      <tip_y sid="tip_y" type="float">0</tip_y>
                      <tip_z sid="tip_z" type="float">0.05000001</tip_z>
                    </technique>
                  </extra>
                </node>
                <extra>
                  <technique profile="blender">
                    <tip_x sid="tip_x" type="float">0</tip_x>
                    <tip_y sid="tip_y" type="float">0</tip_y>
                    <tip_z sid="tip_z" type="float">0.05000001</tip_z>
                  </technique>
                </extra>
              </node>
              <extra>
                <technique profile="blender">
                  <tip_x sid="tip_x" type="float">0</tip_x>
                  <tip_y sid="tip_y" type="float">0</tip_y>
                  <tip_z sid="tip_z" type="float">0.05000001</tip_z>
                </technique>
              </extra>
            </node>
            <extra>
              <technique profile="blender">
                <tip_x sid="tip_x" type="float">0</tip_x>
                <tip_y sid="tip_y" type="float">0</tip_y>
                <tip_z sid="tip_z" type="float">0.05000001</tip_z>
              </technique>
            </extra>
          </node>
          <node id="mesh" name="mesh" type="NODE">
            <matrix sid="transform">1 0 0 0 0 1 0 0 0 0 1 0 0 0 0 1</matrix>
            <instance_controller url="#krabs_root_mesh-skin">
              <skeleton>#krabs_root_krabs_root</skeleton>
              <bind_material>
                <technique_common>
                  <instance_material symbol="unnamed_0-material" target="#unnamed_0-material">
                    <bind_vertex_input semantic="Float2" input_semantic="TEXCOORD" input_set="0"/>
                  </instance_material>
                </technique_common>
              </bind_material>
            </instance_controller>
          </node>
          <node id="mesh_001" name="mesh.001" type="NODE">
            <matrix sid="transform">1 0 0 0 0 1 0 0 0 0 1 0 0 0 0 1</matrix>
            <instance_controller url="#krabs_root_mesh_001-skin">
              <skeleton>#krabs_root_krabs_root</skeleton>
              <bind_material>
                <technique_common>
                  <instance_material symbol="unnamed_0-material" target="#unnamed_0-material">
                    <bind_vertex_input semantic="Float2" input_semantic="TEXCOORD" input_set="0"/>
                  </instance_material>
                </technique_common>
              </bind_material>
            </instance_controller>
          </node>
          <node id="mesh_002" name="mesh.002" type="NODE">
            <matrix sid="transform">1 0 0 0 0 1 0 0 0 0 1 0 0 0 0 1</matrix>
            <instance_controller url="#krabs_root_mesh_002-skin">
              <skeleton>#krabs_root_krabs_root</skeleton>
              <bind_material>
                <technique_common>
                  <instance_material symbol="unnamed_0-material" target="#unnamed_0-material">
                    <bind_vertex_input semantic="Float2" input_semantic="TEXCOORD" input_set="0"/>
                  </instance_material>
                </technique_common>
              </bind_material>
            </instance_controller>
          </node>
          <node id="mesh_003" name="mesh.003" type="NODE">
            <matrix sid="transform">1 0 0 0 0 1 0 0 0 0 1 0 0 0 0 1</matrix>
            <instance_controller url="#krabs_root_mesh_003-skin">
              <skeleton>#krabs_root_krabs_root</skeleton>
              <bind_material>
                <technique_common>
                  <instance_material symbol="unnamed_001-material" target="#unnamed_001-material">
                    <bind_vertex_input semantic="Float2" input_semantic="TEXCOORD" input_set="0"/>
                  </instance_material>
                </technique_common>
              </bind_material>
            </instance_controller>
          </node>
          <node id="mesh_004" name="mesh.004" type="NODE">
            <matrix sid="transform">1 0 0 0 0 1 0 0 0 0 1 0 0 0 0 1</matrix>
            <instance_controller url="#krabs_root_mesh_004-skin">
              <skeleton>#krabs_root_krabs_root</skeleton>
              <bind_material>
                <technique_common>
                  <instance_material symbol="unnamed_002-material" target="#unnamed_002-material">
                    <bind_vertex_input semantic="Float2" input_semantic="TEXCOORD" input_set="0"/>
                  </instance_material>
                </technique_common>
              </bind_material>
            </instance_controller>
          </node>
          <node id="mesh_005" name="mesh.005" type="NODE">
            <matrix sid="transform">1 0 0 0 0 1 0 0 0 0 1 0 0 0 0 1</matrix>
            <instance_controller url="#krabs_root_mesh_005-skin">
              <skeleton>#krabs_root_krabs_root</skeleton>
              <bind_material>
                <technique_common>
                  <instance_material symbol="unnamed_0-material" target="#unnamed_0-material">
                    <bind_vertex_input semantic="Float2" input_semantic="TEXCOORD" input_set="0"/>
                  </instance_material>
                </technique_common>
              </bind_material>
            </instance_controller>
          </node>
        </node>
      </node>
    </visual_scene>
  </library_visual_scenes>
  <scene>
    <instance_visual_scene url="#Scene"/>
  </scene>
</COLLADA>