<?xml version="1.0" encoding="utf-8"?>
<COLLADA xmlns="http://www.collada.org/2005/11/COLLADASchema" version="1.4.1" xmlns:xsi="http://www.w3.org/2001/XMLSchema-instance">
  <asset>
    <contributor>
      <author>Blender User</author>
      <authoring_tool>Blender 4.0.2 commit date:2023-12-05, commit time:07:41, hash:9be62e85b727</authoring_tool>
    </contributor>
    <created>2023-12-25T12:25:25</created>
    <modified>2023-12-25T12:25:25</modified>
    <unit name="meter" meter="1"/>
    <up_axis>Z_UP</up_axis>
  </asset>
  <library_effects>
    <effect id="unnamed_009-effect">
      <profile_COMMON>
        <newparam sid="tex_0000_spongebob_128_PNG-surface">
          <surface type="2D">
            <init_from>tex_0000_spongebob_128_PNG</init_from>
          </surface>
        </newparam>
        <newparam sid="tex_0000_spongebob_128_PNG-sampler">
          <sampler2D>
            <source>tex_0000_spongebob_128_PNG-surface</source>
          </sampler2D>
        </newparam>
        <technique sid="common">
          <lambert>
            <emission>
              <color sid="emission">0 0 0 1</color>
            </emission>
            <diffuse>
              <texture texture="tex_0000_spongebob_128_PNG-sampler" texcoord="Float2"/>
            </diffuse>
            <index_of_refraction>
              <float sid="ior">1.45</float>
            </index_of_refraction>
          </lambert>
        </technique>
      </profile_COMMON>
    </effect>
    <effect id="unnamed_005-effect">
      <profile_COMMON>
        <newparam sid="tex_0000_spongebob_128_PNG-surface">
          <surface type="2D">
            <init_from>tex_0000_spongebob_128_PNG</init_from>
          </surface>
        </newparam>
        <newparam sid="tex_0000_spongebob_128_PNG-sampler">
          <sampler2D>
            <source>tex_0000_spongebob_128_PNG-surface</source>
          </sampler2D>
        </newparam>
        <technique sid="common">
          <lambert>
            <emission>
              <color sid="emission">0 0 0 1</color>
            </emission>
            <diffuse>
              <texture texture="tex_0000_spongebob_128_PNG-sampler" texcoord="Float2"/>
            </diffuse>
            <index_of_refraction>
              <float sid="ior">1.45</float>
            </index_of_refraction>
          </lambert>
        </technique>
      </profile_COMMON>
    </effect>
    <effect id="unnamed_008-effect">
      <profile_COMMON>
        <newparam sid="tx8_0000_spongeeyes_128_PNG-surface">
          <surface type="2D">
            <init_from>tx8_0000_spongeeyes_128_PNG</init_from>
          </surface>
        </newparam>
        <newparam sid="tx8_0000_spongeeyes_128_PNG-sampler">
          <sampler2D>
            <source>tx8_0000_spongeeyes_128_PNG-surface</source>
          </sampler2D>
        </newparam>
        <technique sid="common">
          <lambert>
            <emission>
              <color sid="emission">0 0 0 1</color>
            </emission>
            <diffuse>
              <texture texture="tx8_0000_spongeeyes_128_PNG-sampler" texcoord="Float2"/>
            </diffuse>
            <index_of_refraction>
              <float sid="ior">1.45</float>
            </index_of_refraction>
          </lambert>
        </technique>
      </profile_COMMON>
    </effect>
    <effect id="unnamed_007-effect">
      <profile_COMMON>
        <newparam sid="tx8_0000_spongecheeks_32_PNG-surface">
          <surface type="2D">
            <init_from>tx8_0000_spongecheeks_32_PNG</init_from>
          </surface>
        </newparam>
        <newparam sid="tx8_0000_spongecheeks_32_PNG-sampler">
          <sampler2D>
            <source>tx8_0000_spongecheeks_32_PNG-surface</source>
          </sampler2D>
        </newparam>
        <technique sid="common">
          <lambert>
            <emission>
              <color sid="emission">0 0 0 1</color>
            </emission>
            <diffuse>
              <texture texture="tx8_0000_spongecheeks_32_PNG-sampler" texcoord="Float2"/>
            </diffuse>
            <index_of_refraction>
              <float sid="ior">1.45</float>
            </index_of_refraction>
          </lambert>
        </technique>
      </profile_COMMON>
    </effect>
    <effect id="unnamed_006-effect">
      <profile_COMMON>
        <newparam sid="tx8_0000_spongeeyes_128_PNG-surface">
          <surface type="2D">
            <init_from>tx8_0000_spongeeyes_128_PNG</init_from>
          </surface>
        </newparam>
        <newparam sid="tx8_0000_spongeeyes_128_PNG-sampler">
          <sampler2D>
            <source>tx8_0000_spongeeyes_128_PNG-surface</source>
          </sampler2D>
        </newparam>
        <technique sid="common">
          <lambert>
            <emission>
              <color sid="emission">0 0 0 1</color>
            </emission>
            <diffuse>
              <texture texture="tx8_0000_spongeeyes_128_PNG-sampler" texcoord="Float2"/>
            </diffuse>
            <index_of_refraction>
              <float sid="ior">1.45</float>
            </index_of_refraction>
          </lambert>
        </technique>
      </profile_COMMON>
    </effect>
    <effect id="unnamed_004-effect">
      <profile_COMMON>
        <newparam sid="tx1_0000_lashes_PNG-surface">
          <surface type="2D">
            <init_from>tx1_0000_lashes_PNG</init_from>
          </surface>
        </newparam>
        <newparam sid="tx1_0000_lashes_PNG-sampler">
          <sampler2D>
            <source>tx1_0000_lashes_PNG-surface</source>
          </sampler2D>
        </newparam>
        <technique sid="common">
          <lambert>
            <emission>
              <color sid="emission">0 0 0 1</color>
            </emission>
            <diffuse>
              <texture texture="tx1_0000_lashes_PNG-sampler" texcoord="Float2"/>
            </diffuse>
            <index_of_refraction>
              <float sid="ior">1.45</float>
            </index_of_refraction>
          </lambert>
        </technique>
      </profile_COMMON>
    </effect>
    <effect id="unnamed_003-effect">
      <profile_COMMON>
        <newparam sid="tx1_0000_lashes_PNG-surface">
          <surface type="2D">
            <init_from>tx1_0000_lashes_PNG</init_from>
          </surface>
        </newparam>
        <newparam sid="tx1_0000_lashes_PNG-sampler">
          <sampler2D>
            <source>tx1_0000_lashes_PNG-surface</source>
          </sampler2D>
        </newparam>
        <technique sid="common">
          <lambert>
            <emission>
              <color sid="emission">0 0 0 1</color>
            </emission>
            <diffuse>
              <texture texture="tx1_0000_lashes_PNG-sampler" texcoord="Float2"/>
            </diffuse>
            <index_of_refraction>
              <float sid="ior">1.45</float>
            </index_of_refraction>
          </lambert>
        </technique>
      </profile_COMMON>
    </effect>
  </library_effects>
  <library_images>
    <image id="tex_0000_spongebob_128_PNG" name="tex_0000_spongebob_128_PNG">
      <init_from>tex_0000_spongebob_128.PNG</init_from>
    </image>
    <image id="tx1_0000_lashes_PNG" name="tx1_0000_lashes_PNG">
      <init_from>tx1_0000_lashes.PNG</init_from>
    </image>
    <image id="tx8_0000_spongecheeks_32_PNG" name="tx8_0000_spongecheeks_32_PNG">
      <init_from>tx8_0000_spongecheeks_32.PNG</init_from>
    </image>
    <image id="tx8_0000_spongeeyes_128_PNG" name="tx8_0000_spongeeyes_128_PNG">
      <init_from>tx8_0000_spongeeyes_128.PNG</init_from>
    </image>
  </library_images>
  <library_materials>
    <material id="unnamed_009-material" name="unnamed.009">
      <instance_effect url="#unnamed_009-effect"/>
    </material>
    <material id="unnamed_005-material" name="unnamed.005">
      <instance_effect url="#unnamed_005-effect"/>
    </material>
    <material id="unnamed_008-material" name="unnamed.008">
      <instance_effect url="#unnamed_008-effect"/>
    </material>
    <material id="unnamed_007-material" name="unnamed.007">
      <instance_effect url="#unnamed_007-effect"/>
    </material>
    <material id="unnamed_006-material" name="unnamed.006">
      <instance_effect url="#unnamed_006-effect"/>
    </material>
    <material id="unnamed_004-material" name="unnamed.004">
      <instance_effect url="#unnamed_004-effect"/>
    </material>
    <material id="unnamed_003-material" name="unnamed.003">
      <instance_effect url="#unnamed_003-effect"/>
    </material>
  </library_materials>
  <library_geometries>
    <geometry id="unnamed_023-mesh" name="unnamed.023">
      <mesh>
        <source id="unnamed_023-mesh-positions">
          <float_array id="unnamed_023-mesh-positions-array" count="84">0.009110927 -0.1202296 0.7215132 -0.009110927 -0.1202296 0.7215132 -0.03575581 -0.1215223 0.6947981 -0.04128897 -0.2059029 0.6886644 -0.03198766 -0.2955949 0.68147 0 -0.3071243 0.744338 -0.02277284 -0.3103286 0.7207508 -0.04306107 -0.2884209 0.7103217 -0.03133618 -0.2766228 0.7401647 -0.02438819 -0.200043 0.7127351 0.03133618 -0.2766228 0.7401647 0 -0.3224474 0.709656 0.03198766 -0.2955949 0.68147 0 -0.2996348 0.6725107 0.02277284 -0.3103286 0.7207508 0.04306107 -0.2884209 0.7103217 0.04128897 -0.2059029 0.6886644 0.02438819 -0.200043 0.7127351 0 -0.2742226 0.7529726 0 -0.1982088 0.7197695 0 -0.1555009 0.7178733 0.03575581 -0.1215223 0.6947981 0.03517973 -0.1291746 0.6642588 0 -0.1441078 0.6482213 0.02438819 -0.2170782 0.6685746 0 -0.2135868 0.6574758 -0.02438819 -0.2170782 0.6685746 -0.03517973 -0.1291746 0.6642588</float_array>
          <technique_common>
            <accessor source="#unnamed_023-mesh-positions-array" count="28" stride="3">
              <param name="X" type="float"/>
              <param name="Y" type="float"/>
              <param name="Z" type="float"/>
            </accessor>
          </technique_common>
        </source>
        <source id="unnamed_023-mesh-normals">
          <float_array id="unnamed_023-mesh-normals-array" count="84">-0.4073254 0.1972396 -0.8917301 -0.8807283 -1.55627e-4 -0.473622 -3.46485e-7 -0.01839941 -0.9998308 0.4073254 0.1972396 -0.8917301 0.8807283 -1.55605e-4 -0.4736221 0.600998 -0.1953979 -0.7749975 0.9977234 -0.02281689 0.06346279 0.8767556 0.01880264 0.4805687 0.5883031 0.1069087 0.8015424 0.6412898 0.474084 0.6033172 1.56428e-7 0.5398771 0.841744 0 0.9975812 0.06951123 0.5961799 0.758728 -0.2624906 1.92525e-7 0.6356876 -0.7719465 0.6926102 0.05193525 -0.7194401 0.9461867 0.313126 -0.08174884 2.49955e-7 -0.07293266 -0.9973369 -0.6926099 0.05193555 -0.7194403 -0.5961798 0.7587282 -0.2624908 -0.6412898 0.4740841 0.6033172 -0.5883029 0.1069087 0.8015425 -0.9977234 -0.02281683 0.06346273 -0.9461866 0.3131265 -0.08174896 -0.6009981 -0.1953979 -0.7749974 0 -0.2252076 -0.9743109 -0.8767556 0.01880258 0.4805687 0 0.1142063 0.9934571 3.32009e-7 0.1496833 0.9887341</float_array>
          <technique_common>
            <accessor source="#unnamed_023-mesh-normals-array" count="28" stride="3">
              <param name="X" type="float"/>
              <param name="Y" type="float"/>
              <param name="Z" type="float"/>
            </accessor>
          </technique_common>
        </source>
        <source id="unnamed_023-mesh-map-0">
          <float_array id="unnamed_023-mesh-map-0-array" count="282">0.6993 0.6172 0.6993 0.6145 0.6959 0.6166 0.6993 0.6172 0.6959 0.6166 0.6993 0.6172 0.6993 0.6172 0.6959 0.6166 0.6993 0.6145 0.6993 0.6145 0.6959 0.6166 0.6904 0.6162 0.6993 0.6145 0.6904 0.6162 0.6898 0.6137 0.6993 0.6145 0.6898 0.6137 0.6957 0.6108 0.6957 0.6108 0.6898 0.6137 0.6887 0.6117 0.6887 0.6117 0.6898 0.6137 0.6792 0.6133 0.6887 0.6117 0.6792 0.6133 0.6787 0.6123 0.6787 0.6123 0.6792 0.6133 0.6764 0.6163 0.6764 0.6163 0.6792 0.6133 0.6779 0.6176 0.6764 0.6163 0.6779 0.6176 0.6781 0.62 0.6781 0.62 0.6779 0.6176 0.6812 0.6196 0.6812 0.6196 0.6779 0.6176 0.6799 0.6164 0.6799 0.6164 0.6779 0.6176 0.6792 0.6133 0.6799 0.6164 0.6792 0.6133 0.6898 0.6137 0.6799 0.6164 0.6898 0.6137 0.6812 0.6196 0.6812 0.6196 0.6898 0.6137 0.6904 0.6162 0.6812 0.6196 0.6904 0.6162 0.6815 0.621 0.6812 0.6196 0.6815 0.621 0.6781 0.62 0.6781 0.62 0.6815 0.621 0.6812 0.6196 0.6781 0.62 0.6812 0.6196 0.6779 0.6176 0.6781 0.62 0.6779 0.6176 0.6764 0.6163 0.6764 0.6163 0.6779 0.6176 0.6792 0.6133 0.6764 0.6163 0.6792 0.6133 0.6787 0.6123 0.6787 0.6123 0.6792 0.6133 0.6887 0.6117 0.6898 0.6137 0.6887 0.6117 0.6792 0.6133 0.6898 0.6137 0.6792 0.6133 0.6799 0.6164 0.6799 0.6164 0.6792 0.6133 0.6779 0.6176 0.6799 0.6164 0.6779 0.6176 0.6812 0.6196 0.6799 0.6164 0.6812 0.6196 0.6898 0.6137 0.6898 0.6137 0.6812 0.6196 0.6904 0.6162 0.6904 0.6162 0.6812 0.6196 0.6815 0.621 0.6904 0.6162 0.6815 0.621 0.6906 0.617 0.6906 0.617 0.6815 0.621 0.6904 0.6162 0.6906 0.617 0.6904 0.6162 0.6959 0.6166 0.6906 0.617 0.6959 0.6166 0.6904 0.6162 0.6904 0.6162 0.6959 0.6166 0.6993 0.6145 0.6904 0.6162 0.6993 0.6145 0.6898 0.6137 0.6898 0.6137 0.6993 0.6145 0.6957 0.6108 0.6898 0.6137 0.6957 0.6108 0.6887 0.6117 0.6887 0.6117 0.6957 0.6108 0.694 0.6094 0.6887 0.6117 0.694 0.6094 0.689 0.6105 0.6887 0.6117 0.689 0.6105 0.6787 0.6123 0.6787 0.6123 0.689 0.6105 0.6887 0.6117 0.6887 0.6117 0.689 0.6105 0.694 0.6094 0.6887 0.6117 0.694 0.6094 0.6957 0.6108</float_array>
          <technique_common>
            <accessor source="#unnamed_023-mesh-map-0-array" count="141" stride="2">
              <param name="S" type="float"/>
              <param name="T" type="float"/>
            </accessor>
          </technique_common>
        </source>
        <source id="unnamed_023-mesh-colors-Col" name="Col">
          <float_array id="unnamed_023-mesh-colors-Col-array" count="564">0 0 0 1 0 0 0 1 0 0 0 1 0 0 0 1 0 0 0 1 0 0 0 1 0 0 0 1 0 0 0 1 0 0 0 1 0 0 0 1 0 0 0 1 0 0 0 1 0 0 0 1 0 0 0 1 0 0 0 1 0 0 0 1 0 0 0 1 0 0 0 1 0 0 0 1 0 0 0 1 0 0 0 1 0 0 0 1 0 0 0 1 0 0 0 1 0 0 0 1 0 0 0 1 0 0 0 1 0 0 0 1 0 0 0 1 0 0 0 1 0 0 0 1 0 0 0 1 0 0 0 1 0 0 0 1 0 0 0 1 0 0 0 1 0 0 0 1 0 0 0 1 0 0 0 1 0 0 0 1 0 0 0 1 0 0 0 1 0 0 0 1 0 0 0 1 0 0 0 1 0 0 0 1 0 0 0 1 0 0 0 1 0 0 0 1 0 0 0 1 0 0 0 1 0 0 0 1 0 0 0 1 0 0 0 1 0 0 0 1 0 0 0 1 0 0 0 1 0 0 0 1 0 0 0 1 0 0 0 1 0 0 0 1 0 0 0 1 0 0 0 1 0 0 0 1 0 0 0 1 0 0 0 1 0 0 0 1 0 0 0 1 0 0 0 1 0 0 0 1 0 0 0 1 0 0 0 1 0 0 0 1 0 0 0 1 0 0 0 1 0 0 0 1 0 0 0 1 0 0 0 1 0 0 0 1 0 0 0 1 0 0 0 1 0 0 0 1 0 0 0 1 0 0 0 1 0 0 0 1 0 0 0 1 0 0 0 1 0 0 0 1 0 0 0 1 0 0 0 1 0 0 0 1 0 0 0 1 0 0 0 1 0 0 0 1 0 0 0 1 0 0 0 1 0 0 0 1 0 0 0 1 0 0 0 1 0 0 0 1 0 0 0 1 0 0 0 1 0 0 0 1 0 0 0 1 0 0 0 1 0 0 0 1 0 0 0 1 0 0 0 1 0 0 0 1 0 0 0 1 0 0 0 1 0 0 0 1 0 0 0 1 0 0 0 1 0 0 0 1 0 0 0 1 0 0 0 1 0 0 0 1 0 0 0 1 0 0 0 1 0 0 0 1 0 0 0 1 0 0 0 1 0 0 0 1 0 0 0 1 0 0 0 1 0 0 0 1 0 0 0 1 0 0 0 1 0 0 0 1 0 0 0 1 0 0 0 1 0 0 0 1 0 0 0 1 0 0 0 1 0 0 0 1 0 0 0 1 0 0 0 1 0 0 0 1 0 0 0 1 0 0 0 1</float_array>
          <technique_common>
            <accessor source="#unnamed_023-mesh-colors-Col-array" count="141" stride="4">
              <param name="R" type="float"/>
              <param name="G" type="float"/>
              <param name="B" type="float"/>
              <param name="A" type="float"/>
            </accessor>
          </technique_common>
        </source>
        <vertices id="unnamed_023-mesh-vertices">
          <input semantic="POSITION" source="#unnamed_023-mesh-positions"/>
        </vertices>
        <triangles material="unnamed_009-material" count="47">
          <input semantic="VERTEX" source="#unnamed_023-mesh-vertices" offset="0"/>
          <input semantic="NORMAL" source="#unnamed_023-mesh-normals" offset="1"/>
          <input semantic="TEXCOORD" source="#unnamed_023-mesh-map-0" offset="2" set="0"/>
          <input semantic="COLOR" source="#unnamed_023-mesh-colors-Col" offset="3" set="0"/>
          <p>0 0 0 0 21 1 1 1 20 2 2 2 0 0 3 3 20 2 4 4 1 3 5 5 1 3 6 6 20 2 7 7 2 4 8 8 2 4 9 9 20 2 10 10 9 5 11 11 2 4 12 12 9 5 13 13 3 6 14 14 2 4 15 15 3 6 16 16 27 7 17 17 27 7 18 18 3 6 19 19 26 8 20 20 26 8 21 21 3 6 22 22 4 9 23 23 26 8 24 24 4 9 25 25 13 10 26 26 13 10 27 27 4 9 28 28 11 11 29 29 11 11 30 30 4 9 31 31 6 12 32 32 11 11 33 33 6 12 34 34 5 13 35 35 5 13 36 36 6 12 37 37 8 14 38 38 8 14 39 39 6 12 40 40 7 15 41 41 7 15 42 42 6 12 43 43 4 9 44 44 7 15 45 45 4 9 46 46 3 6 47 47 7 15 48 48 3 6 49 49 8 14 50 50 8 14 51 51 3 6 52 52 9 5 53 53 8 14 54 54 9 5 55 55 18 16 56 56 8 14 57 57 18 16 58 58 5 13 59 59 5 13 60 60 18 16 61 61 10 17 62 62 5 13 63 63 10 17 64 64 14 18 65 65 5 13 66 66 14 18 67 67 11 11 68 68 11 11 69 69 14 18 70 70 12 19 71 71 11 11 72 72 12 19 73 73 13 10 74 74 13 10 75 75 12 19 76 76 24 20 77 77 16 21 78 78 24 20 79 79 12 19 80 80 16 21 81 81 12 19 82 82 15 22 83 83 15 22 84 84 12 19 85 85 14 18 86 86 15 22 87 87 14 18 88 88 10 17 89 89 15 22 90 90 10 17 91 91 16 21 92 92 16 21 93 93 10 17 94 94 17 23 95 95 17 23 96 96 10 17 97 97 18 16 98 98 17 23 99 99 18 16 100 100 19 24 101 101 19 24 102 102 18 16 103 103 9 5 104 104 19 24 105 105 9 5 106 106 20 2 107 107 19 24 108 108 20 2 109 109 17 23 110 110 17 23 111 111 20 2 112 112 21 1 113 113 17 23 114 114 21 1 115 115 16 21 116 116 16 21 117 117 21 1 118 118 22 25 119 119 16 21 120 120 22 25 121 121 24 20 122 122 24 20 123 123 22 25 124 124 23 26 125 125 24 20 126 126 23 26 127 127 25 27 128 128 24 20 129 129 25 27 130 130 13 10 131 131 13 10 132 132 25 27 133 133 26 8 134 134 26 8 135 135 25 27 136 136 23 26 137 137 26 8 138 138 23 26 139 139 27 7 140 140</p>
        </triangles>
      </mesh>
    </geometry>
    <geometry id="unnamed_022-mesh" name="unnamed.022">
      <mesh>
        <source id="unnamed_022-mesh-positions">
          <float_array id="unnamed_022-mesh-positions-array" count="84">0.008950948 -0.1233752 0.7168819 -0.008950948 -0.1233752 0.7168819 -0.03142696 -0.1232232 0.6948999 0 -0.2970262 0.6770709 -0.02065497 -0.2159262 0.671853 -0.02819198 -0.2934662 0.6849669 -0.03496897 -0.2064602 0.6888679 -0.03795099 -0.2871432 0.7103949 -0.02237296 -0.3036762 0.7203969 0 -0.3158822 0.7094969 0.02819198 -0.2934662 0.6849669 0.03496897 -0.2064602 0.6888679 0.02761697 -0.2767452 0.736697 0.02065497 -0.2014982 0.7092549 0.03142696 -0.1232232 0.6948999 0.03061699 -0.1303592 0.6648969 0.02065497 -0.2159262 0.671853 0 -0.1450291 0.6536099 0 -0.2129682 0.6624529 -0.03061699 -0.1303592 0.6648969 0 -0.1567082 0.712441 0 -0.1999442 0.7152119 -0.02065497 -0.2014982 0.7092549 0 -0.2746302 0.747985 0.03795099 -0.2871432 0.7103949 0.02237296 -0.3036762 0.7203969 0 -0.3018642 0.7400459 -0.02761697 -0.2767452 0.736697</float_array>
          <technique_common>
            <accessor source="#unnamed_022-mesh-positions-array" count="28" stride="3">
              <param name="X" type="float"/>
              <param name="Y" type="float"/>
              <param name="Z" type="float"/>
            </accessor>
          </technique_common>
        </source>
        <source id="unnamed_022-mesh-normals">
          <float_array id="unnamed_022-mesh-normals-array" count="84">0.879289 -0.03345435 0.4751124 0.4069324 -0.2271514 0.8847646 1.0339e-6 0.007848918 0.9999693 -0.4069318 -0.2271515 0.8847649 -0.8792886 -0.03345441 0.4751132 0 -0.1476909 -0.9890336 0.5875781 -0.1120364 -0.8013738 -2.67301e-7 -0.5500143 -0.8351553 -0.5875783 -0.1120364 -0.8013736 -0.6412874 -0.4822913 -0.5967794 -0.9978998 0.01523375 -0.06296014 -0.9490268 -0.3066404 0.07293641 -0.6001168 -0.7443858 0.2928303 0 -0.9988514 -0.04791539 0.6412872 -0.4822915 -0.5967794 0.9978998 0.01523375 -0.0629602 0.9490268 -0.3066404 0.07293653 0.6901578 -0.04830861 0.7220448 0.5966398 0.1918711 0.7792345 0 0.06289225 0.9980204 0 0.2359646 0.9717617 0.8717432 -0.04081177 -0.4882606 0 -0.1302188 -0.9914853 -0.8717432 -0.04081183 -0.4882606 -0.5966394 0.1918711 0.7792348 -0.6901579 -0.04830855 0.7220446 -1.76697e-7 -0.6396623 0.7686562 0.6001166 -0.7443859 0.2928307</float_array>
          <technique_common>
            <accessor source="#unnamed_022-mesh-normals-array" count="28" stride="3">
              <param name="X" type="float"/>
              <param name="Y" type="float"/>
              <param name="Z" type="float"/>
            </accessor>
          </technique_common>
        </source>
        <source id="unnamed_022-mesh-map-0">
          <float_array id="unnamed_022-mesh-map-0-array" count="282">0.2555 0.4308 0.252 0.4355 0.2506 0.4346 0.2506 0.4346 0.252 0.4355 0.2492 0.4355 0.2506 0.4346 0.2492 0.4355 0.2457 0.4308 0.2556 0.4309 0.2532 0.4308 0.2561 0.4179 0.2556 0.4309 0.2561 0.4179 0.2532 0.4308 0.2532 0.4308 0.2561 0.4179 0.2538 0.4184 0.2532 0.4308 0.2538 0.4184 0.251 0.4317 0.251 0.4317 0.2538 0.4184 0.2507 0.4185 0.25 0.4153 0.2507 0.4185 0.2538 0.4184 0.25 0.4153 0.2538 0.4184 0.2517 0.4126001 0.2517 0.4126001 0.2538 0.4184 0.2561 0.4179 0.2517 0.4126001 0.2561 0.4179 0.2538 0.4184 0.2538 0.4184 0.2561 0.4179 0.2532 0.4308 0.2538 0.4184 0.2532 0.4308 0.251 0.4317 0.2538 0.4184 0.251 0.4317 0.2507 0.4185 0.2507 0.4185 0.251 0.4317 0.2475 0.4191 0.2475 0.4191 0.251 0.4317 0.2486 0.4317 0.2475 0.4191 0.2486 0.4317 0.2442 0.4196 0.2442 0.4196 0.2486 0.4317 0.2455 0.4322 0.2461 0.4389 0.2455 0.4322 0.2486 0.4317 0.2461 0.4389 0.2486 0.4317 0.249 0.4411 0.249 0.4411 0.2486 0.4317 0.251 0.4317 0.249 0.4411 0.251 0.4317 0.2524 0.44 0.2524 0.44 0.251 0.4317 0.2532 0.4308 0.2524 0.44 0.2532 0.4308 0.2552 0.4383 0.2552 0.4383 0.2532 0.4308 0.2556 0.4309 0.2552 0.4383 0.2556 0.4309 0.2532 0.4308 0.2552 0.4383 0.2532 0.4308 0.2524 0.44 0.2524 0.44 0.2532 0.4308 0.251 0.4317 0.2524 0.44 0.251 0.4317 0.249 0.4411 0.249 0.4411 0.251 0.4317 0.2486 0.4317 0.249 0.4411 0.2486 0.4317 0.2461 0.4389 0.2461 0.4389 0.2486 0.4317 0.2455 0.4322 0.2455 0.4322 0.2486 0.4317 0.2442 0.4196 0.2442 0.4196 0.2486 0.4317 0.2475 0.4191 0.2442 0.4196 0.2475 0.4191 0.2474 0.4134 0.2442 0.4196 0.2474 0.4134 0.2475 0.4191 0.2475 0.4191 0.2474 0.4134 0.25 0.4153 0.2475 0.4191 0.25 0.4153 0.2507 0.4185 0.2507 0.4185 0.25 0.4153 0.2538 0.4184 0.2538 0.4184 0.25 0.4153 0.2517 0.4126001 0.2517 0.4126001 0.25 0.4153 0.2474 0.4134 0.2517 0.4126001 0.2474 0.4134 0.25 0.4153 0.25 0.4153 0.2474 0.4134 0.2475 0.4191 0.25 0.4153 0.2475 0.4191 0.2507 0.4185 0.2507 0.4185 0.2475 0.4191 0.251 0.4317 0.251 0.4317 0.2475 0.4191 0.2486 0.4317</float_array>
          <technique_common>
            <accessor source="#unnamed_022-mesh-map-0-array" count="141" stride="2">
              <param name="S" type="float"/>
              <param name="T" type="float"/>
            </accessor>
          </technique_common>
        </source>
        <source id="unnamed_022-mesh-colors-Col" name="Col">
          <float_array id="unnamed_022-mesh-colors-Col-array" count="564">0 0 0 1 0 0 0 1 0 0 0 1 0 0 0 1 0 0 0 1 0 0 0 1 0 0 0 1 0 0 0 1 0 0 0 1 0 0 0 1 0 0 0 1 0 0 0 1 0 0 0 1 0 0 0 1 0 0 0 1 0 0 0 1 0 0 0 1 0 0 0 1 0 0 0 1 0 0 0 1 0 0 0 1 0 0 0 1 0 0 0 1 0 0 0 1 0 0 0 1 0 0 0 1 0 0 0 1 0 0 0 1 0 0 0 1 0 0 0 1 0 0 0 1 0 0 0 1 0 0 0 1 0 0 0 1 0 0 0 1 0 0 0 1 0 0 0 1 0 0 0 1 0 0 0 1 0 0 0 1 0 0 0 1 0 0 0 1 0 0 0 1 0 0 0 1 0 0 0 1 0 0 0 1 0 0 0 1 0 0 0 1 0 0 0 1 0 0 0 1 0 0 0 1 0 0 0 1 0 0 0 1 0 0 0 1 0 0 0 1 0 0 0 1 0 0 0 1 0 0 0 1 0 0 0 1 0 0 0 1 0 0 0 1 0 0 0 1 0 0 0 1 0 0 0 1 0 0 0 1 0 0 0 1 0 0 0 1 0 0 0 1 0 0 0 1 0 0 0 1 0 0 0 1 0 0 0 1 0 0 0 1 0 0 0 1 0 0 0 1 0 0 0 1 0 0 0 1 0 0 0 1 0 0 0 1 0 0 0 1 0 0 0 1 0 0 0 1 0 0 0 1 0 0 0 1 0 0 0 1 0 0 0 1 0 0 0 1 0 0 0 1 0 0 0 1 0 0 0 1 0 0 0 1 0 0 0 1 0 0 0 1 0 0 0 1 0 0 0 1 0 0 0 1 0 0 0 1 0 0 0 1 0 0 0 1 0 0 0 1 0 0 0 1 0 0 0 1 0 0 0 1 0 0 0 1 0 0 0 1 0 0 0 1 0 0 0 1 0 0 0 1 0 0 0 1 0 0 0 1 0 0 0 1 0 0 0 1 0 0 0 1 0 0 0 1 0 0 0 1 0 0 0 1 0 0 0 1 0 0 0 1 0 0 0 1 0 0 0 1 0 0 0 1 0 0 0 1 0 0 0 1 0 0 0 1 0 0 0 1 0 0 0 1 0 0 0 1 0 0 0 1 0 0 0 1 0 0 0 1 0 0 0 1 0 0 0 1 0 0 0 1 0 0 0 1 0 0 0 1 0 0 0 1 0 0 0 1 0 0 0 1 0 0 0 1 0 0 0 1 0 0 0 1</float_array>
          <technique_common>
            <accessor source="#unnamed_022-mesh-colors-Col-array" count="141" stride="4">
              <param name="R" type="float"/>
              <param name="G" type="float"/>
              <param name="B" type="float"/>
              <param name="A" type="float"/>
            </accessor>
          </technique_common>
        </source>
        <vertices id="unnamed_022-mesh-vertices">
          <input semantic="POSITION" source="#unnamed_022-mesh-positions"/>
        </vertices>
        <triangles material="unnamed_009-material" count="47">
          <input semantic="VERTEX" source="#unnamed_022-mesh-vertices" offset="0"/>
          <input semantic="NORMAL" source="#unnamed_022-mesh-normals" offset="1"/>
          <input semantic="TEXCOORD" source="#unnamed_022-mesh-map-0" offset="2" set="0"/>
          <input semantic="COLOR" source="#unnamed_022-mesh-colors-Col" offset="3" set="0"/>
          <p>14 0 0 0 0 1 1 1 20 2 2 2 20 2 3 3 0 1 4 4 1 3 5 5 20 2 6 6 1 3 7 7 2 4 8 8 18 5 9 9 16 6 10 10 3 7 11 11 18 5 12 12 3 7 13 13 4 8 14 14 4 8 15 15 3 7 16 16 5 9 17 17 4 8 18 18 5 9 19 19 6 10 20 20 6 10 21 21 5 9 22 22 7 11 23 23 8 12 24 24 7 11 25 25 5 9 26 26 8 12 27 27 5 9 28 28 9 13 29 29 9 13 30 30 5 9 31 31 3 7 32 32 9 13 33 33 3 7 34 34 10 14 35 35 10 14 36 36 3 7 37 37 16 6 38 38 10 14 39 39 16 6 40 40 11 15 41 41 10 14 42 42 11 15 43 43 24 16 44 44 24 16 45 45 11 15 46 46 12 17 47 47 12 17 48 48 11 15 49 49 13 18 50 50 12 17 51 51 13 18 52 52 23 19 53 53 23 19 54 54 13 18 55 55 21 20 56 56 20 2 57 57 21 20 58 58 13 18 59 59 20 2 60 60 13 18 61 61 14 0 62 62 14 0 63 63 13 18 64 64 11 15 65 65 14 0 66 66 11 15 67 67 15 21 68 68 15 21 69 69 11 15 70 70 16 6 71 71 15 21 72 72 16 6 73 73 17 22 74 74 17 22 75 75 16 6 76 76 18 5 77 77 17 22 78 78 18 5 79 79 4 8 80 80 17 22 81 81 4 8 82 82 19 23 83 83 19 23 84 84 4 8 85 85 6 10 86 86 19 23 87 87 6 10 88 88 2 4 89 89 2 4 90 90 6 10 91 91 22 24 92 92 2 4 93 93 22 24 94 94 20 2 95 95 20 2 96 96 22 24 97 97 21 20 98 98 21 20 99 99 22 24 100 100 23 19 101 101 23 19 102 102 22 24 103 103 27 25 104 104 23 19 105 105 27 25 106 106 26 26 107 107 23 19 108 108 26 26 109 109 12 17 110 110 12 17 111 111 26 26 112 112 25 27 113 113 12 17 114 114 25 27 115 115 24 16 116 116 24 16 117 117 25 27 118 118 10 14 119 119 10 14 120 120 25 27 121 121 9 13 122 122 9 13 123 123 25 27 124 124 26 26 125 125 9 13 126 126 26 26 127 127 8 12 128 128 8 12 129 129 26 26 130 130 27 25 131 131 8 12 132 132 27 25 133 133 7 11 134 134 7 11 135 135 27 25 136 136 6 10 137 137 6 10 138 138 27 25 139 139 22 24 140 140</p>
        </triangles>
      </mesh>
    </geometry>
    <geometry id="unnamed_021-mesh" name="unnamed.021">
      <mesh>
        <source id="unnamed_021-mesh-positions">
          <float_array id="unnamed_021-mesh-positions-array" count="582">-0.554416 -0.02014809 0.474614 -0.590413 -0.01808214 0.481327 -0.554509 0.008994817 0.474614 -0.639154 0.02317684 0.468642 -0.63652 0.0265448 0.484631 -0.588012 0.0165888 0.496764 -0.552333 0.02766281 0.491223 -0.510118 0.02126383 0.48486 -0.489709 0.004360854 0.475497 -0.464444 0.0027498 0.4753609 -0.439941 0.002702832 0.475317 -0.439941 0.006564855 0.457943 -0.418114 -0.02207612 0.458176 -0.396287 -0.01521414 0.476204 -0.396287 0.002701818 0.475378 -0.289908 0.00266385 0.475021 -0.289908 -0.01655513 0.474855 -0.3724229 -0.02207612 0.458238 -0.289908 -0.0224331 0.458625 -0.289908 0.00691986 0.458423 -0.3724229 0.006563842 0.458036 -0.396287 0.006563842 0.458004 -0.418114 -0.01521414 0.476173 -0.439941 -0.02207612 0.458145 -0.464444 0.006621837 0.457947 -0.513388 0.02427983 0.456338 -0.48971 0.008219838 0.45796 -0.550865 -0.04664909 0.474841 -0.514216 -0.004273116 0.441954 -0.586253 0.03961485 0.481341 -0.586473 0.03377485 0.495857 -0.635439 0.04169785 0.466764 -0.632765 0.03876483 0.48372 -0.588218 0.01198685 0.481341 -0.554624 0.03193581 0.470321 -0.3724229 0.002702832 0.475409 -0.3724229 -0.01521414 0.476235 -0.396287 -0.02207612 0.458208 -0.418114 0.006564855 0.457974 -0.418114 0.002702832 0.475347 -0.464444 -0.01524513 0.476192 -0.489709 -0.01660609 0.476343 -0.489709 -0.0248571 0.458163 -0.507912 -0.05264711 0.454661 -0.510709 -0.04640513 0.480085 -0.550126 -0.04318612 0.490711 -0.549577 -0.0201171 0.496365 -0.58588 -0.04198914 0.495542 -0.63833 -0.03448814 0.484457 -0.637193 -0.05084311 0.4667639 -0.634509 -0.04662811 0.483718 -0.585506 -0.04742813 0.482778 -0.640787 -0.03259509 0.466927 -0.587353 -0.02732014 0.49709 -0.587399 -0.02550309 0.481346 0.647212 0.004463851 0.463291 0.643489 0.003088831 0.482504 0.590411 0.005118846 0.481328 0.590303 0.00324881 0.498858 0.644889 -0.01413714 0.482632 0.64741 -0.0175361 0.463222 0.554416 -0.02014809 0.474614 0.554509 0.008994817 0.474614 0.586473 0.03377485 0.495857 0.632765 0.03876483 0.48372 0.635439 0.04169785 0.466764 0.63652 0.0265448 0.484631 0.588012 0.0165888 0.496764 0.588218 0.01198685 0.481341 0.552333 0.02766281 0.491223 0.513388 0.02427983 0.456338 0.489709 0.004360854 0.475497 0.554624 0.03193581 0.470321 0.550865 -0.04664909 0.474841 0.514216 -0.004273116 0.441954 0.51389 -0.04059511 0.438021 0.48971 0.008219838 0.45796 0.464444 0.0027498 0.4753609 0.439941 0.002702832 0.475317 0.418114 0.002702832 0.475347 0.396287 -0.02207612 0.458208 0.396287 -0.01521414 0.476204 0.3724229 0.002702832 0.475409 0.639154 0.02317684 0.468642 0.586253 0.03961485 0.481341 0.549545 0.01084381 0.495601 0.510118 0.02126383 0.48486 0.507187 -0.008096098 0.491732 0.489709 -0.01660609 0.476343 0.464444 -0.01524513 0.476192 0.464444 -0.02214312 0.458149 0.439941 -0.02207612 0.458145 0.439941 -0.01521414 0.476142 0.396287 0.002701818 0.475378 0.396287 0.006563842 0.458004 0.3724229 0.006563842 0.458036 0.289908 0.00691986 0.458423 0.3724229 -0.02207612 0.458238 0.289908 -0.0224331 0.458625 0.289908 -0.01655513 0.474855 0.3724229 -0.01521414 0.476235 0.289908 0.00266385 0.475021 0.418114 -0.01521414 0.476173 0.418114 -0.02207612 0.458176 0.418114 0.006564855 0.457974 0.439941 0.006564855 0.457943 0.464444 0.006621837 0.457947 0.585506 -0.04742813 0.482778 0.58588 -0.04198914 0.495542 0.550126 -0.04318612 0.490711 0.563683 -0.0528531 0.455272 0.574785 -0.06867408 0.41921 0.547779 -0.06138509 0.4371789 0.588713 -0.05654209 0.4376419 0.586061 -0.0725311 0.439472 0.578358 -0.07653611 0.427347 0.559223 -0.06516313 0.456202 0.548142 -0.06729912 0.4450359 0.510709 -0.04640513 0.480085 0.507912 -0.05264711 0.454661 0.489709 -0.0248571 0.458163 0.587353 -0.02732014 0.49709 0.63833 -0.03448814 0.484457 0.640787 -0.03259509 0.466927 0.637193 -0.05084311 0.4667639 0.634509 -0.04662811 0.483718 0.587399 -0.02550309 0.481346 0.549577 -0.0201171 0.496365 0.590413 -0.01808214 0.481327 0.590319 -0.01345413 0.499659 -0.439941 -0.01521414 0.476142 -0.464444 -0.02214312 0.458149 -0.548142 -0.06729912 0.4450359 -0.559223 -0.06516313 0.456202 -0.51389 -0.04059511 0.438021 -0.547779 -0.06138509 0.4371789 -0.578358 -0.07653611 0.427347 -0.586061 -0.0725311 0.439472 -0.563683 -0.0528531 0.455272 -0.588713 -0.05654209 0.4376419 -0.574785 -0.06867408 0.41921 -0.272472 0.01876282 0.463002 -0.282185 0.0126338 0.488334 -0.319288 -0.007507145 0.511256 -0.319288 0.02025485 0.499545 -0.319288 0.02968782 0.462846 -0.282185 0.01263386 0.441812 -0.272472 -0.007507085 0.434734 -0.259146 -0.007507085 0.463086 -0.272472 -0.007507145 0.495413 -0.282185 -0.0276491 0.486888 -0.319288 -0.03756815 0.491082 -0.277329 -0.03071409 0.451371 -0.319288 -0.03998708 0.445612 -0.356257 0.01572984 0.490834 -0.356257 -0.03605413 0.450205 -0.319288 -0.007507085 0.41889 -0.356257 -0.007507085 0.427546 -0.356257 0.01572984 0.439314 -0.320224 0.02457982 0.425231 -0.356257 0.02634483 0.463086 -0.644889 -0.01413714 0.482632 -0.590303 0.00324881 0.498858 -0.643489 0.003088831 0.482504 -0.647212 0.004463851 0.463291 -0.590411 0.005118846 0.481328 -0.64741 -0.0175361 0.463222 -0.590319 -0.01345413 0.499659 -0.549545 0.01084381 0.495601 -0.507187 -0.008096098 0.491732 0.277329 -0.03071409 0.451371 0.259146 -0.007507085 0.463086 0.272472 0.01876282 0.463002 0.319288 0.02968782 0.462846 0.282185 0.01263386 0.441812 0.272472 -0.007507085 0.434734 0.319288 -0.03756815 0.491082 0.282185 -0.0276491 0.486888 0.319288 -0.007507145 0.511256 0.272472 -0.007507145 0.495413 0.282185 0.0126338 0.488334 0.320224 0.02457982 0.425231 0.319288 -0.007507085 0.41889 0.356257 -0.03605413 0.450205 0.319288 -0.03998708 0.445612 0.356257 -0.03304511 0.483278 0.319288 0.02025485 0.499545 -0.356257 -0.03304511 0.483278 -0.356257 -0.007507145 0.5026 0.356257 0.02634483 0.463086 0.356257 0.01572984 0.439314 0.356257 0.01572984 0.490834 0.356257 -0.007507145 0.5026 0.356257 -0.007507085 0.427546</float_array>
          <technique_common>
            <accessor source="#unnamed_021-mesh-positions-array" count="194" stride="3">
              <param name="X" type="float"/>
              <param name="Y" type="float"/>
              <param name="Z" type="float"/>
            </accessor>
          </technique_common>
        </source>
        <source id="unnamed_021-mesh-normals">
          <float_array id="unnamed_021-mesh-normals-array" count="582">-0.1708399 0.5799998 0.7965011 0.05529135 -0.1210491 0.9911054 -0.4746742 -0.04705256 -0.878903 -0.04426831 -0.8345707 -0.5491194 -0.04334795 0.7853593 -0.6175206 -0.5155661 -0.0583074 -0.8548637 0.07627183 0.1592896 0.9842813 -0.1619911 -0.5573261 0.8143382 -0.127326 -0.8545559 -0.50351 -0.6539853 -0.5226851 -0.5469038 -0.7122038 -0.3329209 0.6180046 0.001404345 0.5843487 0.8115015 0.246758 0.7107909 0.6587009 0.4011302 -0.01967179 0.9158098 0.4312053 0.7080027 0.55928 0.2371727 0.8269233 -0.50985 0.4520797 0.5942496 0.6652003 0.4799549 -0.4266279 0.7665715 0.02273547 0.6359217 0.7714188 0.01820445 -0.5410241 0.8408101 7.95397e-4 0.6435765 0.7653815 0.001289188 0.777431 -0.628967 9.11654e-4 0.7778571 -0.6284407 8.15139e-4 -0.8254784 -0.564433 7.52123e-4 -0.8255268 -0.5643627 -0.001189351 -0.548213 0.8363379 -0.001137733 -0.5481961 0.8363491 -0.001033723 0.6434869 0.7654564 -3.86655e-4 0.6422008 0.7665364 2.1931e-4 0.7770066 -0.6294924 0.004381835 0.7885521 -0.6149523 0.01049631 0.6133226 0.7897628 -0.001343727 -0.5462189 0.8376415 0.006161808 -0.5835445 0.8120579 -0.001390397 -0.824388 -0.5660236 -8.91652e-4 -0.8225381 -0.5687093 8.51734e-4 0.7778344 -0.6284689 -0.001059949 0.6435053 0.765441 7.39258e-4 -0.5482852 0.8362911 0.001477122 -0.8250598 -0.5650436 0.02573287 0.7711853 -0.6360903 0.4287285 0.7070584 -0.5623703 -0.06708765 0.1801971 -0.9813401 0.1581724 -0.154049 -0.9753206 -0.6081516 -0.78672 -0.1059408 -0.1668613 0.7583312 -0.6301517 0.08613526 0.8882967 -0.4511206 -0.4260588 0.6426543 -0.6367647 -0.4701735 0.6717855 0.5723996 0.03274083 -0.819678 -0.5718883 0.7026008 -0.5543885 -0.4461003 0.6179983 -0.7687153 -0.1647881 0.4484312 -0.6609665 0.6016917 0.09138292 -0.708829 0.699436 -0.03519445 -0.5843334 0.8107503 -0.6952429 0.4043226 0.5942732 -0.6249049 0.4994229 -0.6000589 -0.4233295 -0.6875442 -0.5899789 -0.4726345 -0.638157 0.6077601 0.04596811 -0.9035581 -0.4259927 -0.1009416 0.7741617 -0.6248877 0.5477834 0.5762095 -0.6065608 0.142446 0.6218553 0.7700683 0.5899753 0.5957418 0.5449963 0.6473413 -0.5094851 0.5668988 0.5404915 -0.5957427 -0.5941041 0.04334783 0.7853593 -0.6175206 -0.07627087 0.1592897 0.9842813 0.1367482 -0.5371934 0.8323001 0.04426825 -0.8345707 -0.5491194 0.474674 -0.0470528 -0.8789031 0.5155659 -0.0583074 -0.8548638 0.161991 -0.5573258 0.8143384 -0.001404523 0.5843487 0.8115016 0.712204 -0.3329206 0.6180045 0.4701736 0.6717853 0.5723996 0.426059 0.642654 -0.6367649 0.6539857 -0.5226848 -0.5469034 0.127326 -0.854556 -0.5035099 -0.08613538 0.8882967 -0.4511204 0.1668616 0.7583314 -0.6301515 -0.2467576 0.7107909 0.658701 -0.2371727 0.8269234 -0.5098499 -0.4312051 0.7080028 0.5592801 -0.4520795 0.5942496 0.6652004 -0.4287288 0.7070584 -0.56237 0.06708759 0.1801972 -0.9813401 0.608152 -0.7867195 -0.1059411 -0.1581726 -0.1540488 -0.9753208 -0.7026008 -0.5543886 -0.4461003 -0.02571564 0.7711848 -0.636092 -0.02274447 0.6359064 0.771431 -7.8483e-4 0.6435611 0.7653944 -7.2183e-4 -0.5482737 0.8362987 0.001060664 0.6435053 0.765441 -9.11563e-4 0.7778571 -0.6284406 -8.51694e-4 0.7778343 -0.628469 -7.52123e-4 -0.8255268 -0.5643627 5.95722e-5 -0.8247039 -0.5655647 4.31163e-4 -0.5466814 0.8373407 0.001137733 -0.5481961 0.8363491 3.8665e-4 0.6422009 0.7665364 -0.4011303 -0.01967161 0.9158098 -0.4799552 -0.4266278 0.7665715 -0.01822257 -0.5410124 0.8408172 -0.03273445 -0.8196804 -0.571885 -0.001484394 -0.8250622 -0.5650401 -0.001305699 0.7774298 -0.6289684 -8.15139e-4 -0.8254785 -0.564433 0.001189649 -0.548213 0.836338 0.001033961 0.6434868 0.7654565 -2.19288e-4 0.7770067 -0.6294924 -0.004381835 0.7885521 -0.6149523 0.003812253 -0.823224 -0.567704 -0.004069089 -0.5845462 0.8113503 -0.0104959 0.6133226 0.7897628 0.1009414 0.7741619 -0.6248874 -0.04596847 -0.9035581 -0.4259927 0.03519445 -0.5843334 0.8107501 -0.0913828 -0.708829 0.699436 -0.4484315 -0.6609664 0.6016915 0.2334317 -0.7230902 0.6501155 0.6622092 0.6843617 0.3051691 -0.306649 -0.009100735 -0.9517793 -0.3468158 -0.9344158 -0.08115476 0.301654 -0.8669018 -0.3968454 0.04002594 -0.01681196 -0.9990572 0.7411859 -0.6061504 0.2884879 0.7990831 0.6010928 -0.0124002 -0.6179985 -0.768715 -0.1647883 -0.05529123 -0.121049 0.9911056 0.1708399 0.5799998 0.7965011 0.6952428 0.4043225 0.5942733 0.6249048 0.4994233 -0.6000587 0.4233292 -0.6875446 -0.5899787 0.4726341 -0.6381576 0.6077598 0.3468157 -0.9344158 -0.08115458 -0.2334312 -0.7230905 0.6501154 -0.6622096 0.6843612 0.3051695 0.3066484 -0.00910145 -0.9517794 -0.3016554 -0.866901 -0.3968461 -0.7411863 -0.6061496 0.2884886 -0.799083 0.6010928 -0.0124005 -0.04002672 -0.01681113 -0.9990572 0.9988825 -0.04628419 -0.009572327 0.6437919 0.7645517 -0.03151029 0.4830627 0.6769214 0.5553629 0.69564 -0.01631355 0.7182053 0.03861629 -0.07287377 0.9965934 0.05597585 0.7333511 0.6775418 0.09869694 0.9942027 0.0426622 0.4974583 0.652191 -0.5719984 0.6527371 -0.0363447 -0.7567123 0.5247774 -0.7953327 -0.3034049 0.4808078 -0.741756 0.4675703 0.03219389 -0.862851 0.5044322 0.04787057 -0.9093381 -0.413295 0.04484891 -0.1832711 -0.9820389 0.04675203 0.6896089 -0.7226713 -0.6979835 0.7159731 0.01420247 -0.7178584 0.5203322 0.4625298 -0.6947579 -0.05853873 0.7168575 -0.6965855 -0.6426804 0.3189524 -0.6689638 -0.6911963 -0.2733775 -0.6880185 -0.07965862 -0.7213079 -0.7695407 0.4428629 -0.4600867 -0.6473413 -0.5094851 0.5668988 -0.1424458 0.6218553 0.7700684 -0.5899754 0.5957417 0.5449963 -0.5477834 0.5762095 -0.6065608 -0.5404915 -0.5957428 -0.5941041 -0.1367479 -0.5371934 0.8323 -0.6437918 0.7645518 -0.03151023 -0.4974583 0.6521908 -0.5719986 -0.9988825 -0.04628419 -0.009572327 -0.652737 -0.03634512 -0.7567123 -0.5247772 -0.7953329 -0.3034051 -0.4808079 -0.7417559 0.4675704 -0.6956401 -0.01631343 0.7182053 -0.4830626 0.6769214 0.5553628 -0.09869694 0.9942027 0.04266226 -0.04675227 0.6896089 -0.7226713 -0.04484909 -0.1832712 -0.9820389 -0.04787069 -0.9093381 -0.4132949 -0.03219407 -0.862851 0.5044322 -0.03861653 -0.07287383 0.9965934 -0.05597603 0.7333511 0.6775419 0.6979834 0.7159731 0.01420247 0.7695406 0.4428629 -0.4600867 0.6880185 -0.0796588 -0.7213079 0.6689632 -0.6911969 -0.2733774 0.6965853 -0.6426806 0.3189523 0.6947579 -0.05853873 0.7168575 0.7178583 0.5203322 0.4625299</float_array>
          <technique_common>
            <accessor source="#unnamed_021-mesh-normals-array" count="194" stride="3">
              <param name="X" type="float"/>
              <param name="Y" type="float"/>
              <param name="Z" type="float"/>
            </accessor>
          </technique_common>
        </source>
        <source id="unnamed_021-mesh-map-0">
          <float_array id="unnamed_021-mesh-map-0-array" count="2208">0.5065 0.1614 0.5057 0.1592 0.5057 0.1593999 0.5057 0.1593999 0.5057 0.1592 0.5055 0.1614999 0.5057 0.1593999 0.5055 0.1614999 0.5031 0.1614999 0.5057 0.1593999 0.5031 0.1614999 0.5027 0.1593999 0.5027 0.1593999 0.5031 0.1614999 0.5025 0.1592 0.5027 0.1593999 0.5025 0.1592 0.5019 0.1614 0.5027 0.1593999 0.5019 0.1614 0.5024 0.1614 0.5024 0.1614 0.5019 0.1614 0.5012 0.1643999 0.5008 0.1642 0.5012 0.1643999 0.5019 0.1614 0.5008 0.1642 0.5019 0.1614 0.5001 0.1613 0.5001 0.1613 0.5019 0.1614 0.5025 0.1592 0.5001 0.1613 0.5025 0.1592 0.5007 0.1592999 0.5007 0.1592999 0.5025 0.1592 0.5045 0.1567 0.5007 0.1592999 0.5045 0.1567 0.5014 0.1568 0.5007 0.1592999 0.5014 0.1568 0.5011 0.157 0.5011 0.157 0.5014 0.1568 0.5032 0.1556 0.5032 0.1556 0.5014 0.1568 0.5045 0.1567 0.5032 0.1556 0.5045 0.1567 0.5054 0.1556 0.5032 0.1556 0.5054 0.1556 0.5033 0.1527999 0.5033 0.1527999 0.5054 0.1556 0.5052 0.1527999 0.5033 0.1527999 0.5052 0.1527999 0.5033 0.1518999 0.5033 0.1527999 0.5033 0.1518999 0.5029 0.1518999 0.5029 0.1518999 0.5033 0.1518999 0.5029 0.1514999 0.5029 0.1518999 0.5029 0.1514999 0.5059 0.1514999 0.5059 0.1514999 0.5029 0.1514999 0.5059 0.151 0.5059 0.1514999 0.5059 0.151 0.5052 0.1514999 0.5052 0.1514999 0.5059 0.151 0.5052 0.151 0.5052 0.1514999 0.5052 0.151 0.5033 0.151 0.5033 0.151 0.5052 0.151 0.5033 0.1500999 0.5033 0.151 0.5033 0.1500999 0.5029 0.1500999 0.5029 0.1500999 0.5033 0.1500999 0.5029 0.1439 0.5029 0.1439 0.5033 0.1500999 0.5033 0.1439 0.5033 0.1439 0.5033 0.1500999 0.5052 0.1500999 0.5033 0.1439 0.5052 0.1500999 0.5053 0.1439 0.5053 0.1439 0.5052 0.1500999 0.5059 0.1500999 0.5053 0.1439 0.5059 0.1500999 0.506 0.1439 0.506 0.1439 0.5059 0.1500999 0.5029 0.1439 0.5029 0.1439 0.5059 0.1500999 0.5029 0.1500999 0.5029 0.1500999 0.5059 0.1500999 0.5029 0.151 0.5029 0.1500999 0.5029 0.151 0.5033 0.151 0.5033 0.151 0.5029 0.151 0.5033 0.1514999 0.5033 0.151 0.5033 0.1514999 0.5052 0.1514999 0.5052 0.1514999 0.5033 0.1514999 0.5052 0.1518999 0.5052 0.1514999 0.5052 0.1518999 0.5059 0.1514999 0.5059 0.1514999 0.5052 0.1518999 0.5059 0.1518999 0.5059 0.1514999 0.5059 0.1518999 0.5029 0.1518999 0.5029 0.1518999 0.5059 0.1518999 0.5029 0.1527999 0.5029 0.1518999 0.5029 0.1527999 0.5033 0.1527999 0.5033 0.1527999 0.5029 0.1527999 0.5032 0.1556 0.5032 0.1556 0.5029 0.1527999 0.5028 0.1556 0.5032 0.1556 0.5028 0.1556 0.5011 0.157 0.5011 0.157 0.5028 0.1556 0.5041 0.1571 0.5041 0.1571 0.5028 0.1556 0.5079 0.1571 0.5041 0.1571 0.5079 0.1571 0.5085 0.1592 0.5085 0.1592 0.5057 0.1593999 0.5041 0.1571 0.5041 0.1571 0.5057 0.1593999 0.5027 0.1593999 0.5041 0.1571 0.5027 0.1593999 0.5003 0.1595 0.5041 0.1571 0.5003 0.1595 0.5011 0.157 0.5011 0.157 0.5003 0.1595 0.5007 0.1592999 0.5007 0.1592999 0.5003 0.1595 0.4995 0.1613 0.5007 0.1592999 0.4995 0.1613 0.5001 0.1613 0.5001 0.1613 0.4995 0.1613 0.4992 0.1642 0.5001 0.1613 0.4992 0.1642 0.4996 0.164 0.5001 0.1613 0.4996 0.164 0.5008 0.1642 0.5008 0.1642 0.4996 0.164 0.4992 0.1642 0.5008 0.1642 0.4992 0.1642 0.5012 0.1643999 0.5012 0.1643999 0.4992 0.1642 0.4995 0.1613 0.5012 0.1643999 0.4995 0.1613 0.5024 0.1614 0.5024 0.1614 0.4995 0.1613 0.5027 0.1593999 0.5027 0.1593999 0.4995 0.1613 0.5003 0.1595 0.5033 0.1500999 0.5052 0.151 0.5052 0.1500999 0.5052 0.1500999 0.5052 0.151 0.5059 0.151 0.5052 0.1500999 0.5059 0.151 0.5059 0.1500999 0.5059 0.1500999 0.5059 0.151 0.5029 0.151 0.5029 0.151 0.5059 0.151 0.5029 0.1514999 0.5029 0.151 0.5029 0.1514999 0.5033 0.1514999 0.5033 0.1514999 0.5029 0.1514999 0.5033 0.1518999 0.5033 0.1514999 0.5033 0.1518999 0.5052 0.1518999 0.5052 0.1518999 0.5033 0.1518999 0.5052 0.1527999 0.5052 0.1518999 0.5052 0.1527999 0.5059 0.1527999 0.5059 0.1527999 0.5052 0.1527999 0.5054 0.1556 0.5059 0.1527999 0.5054 0.1556 0.5062 0.1556 0.5062 0.1556 0.5054 0.1556 0.5091 0.1567 0.5091 0.1567 0.5054 0.1556 0.5085 0.1568999 0.5085 0.1568999 0.5054 0.1556 0.5045 0.1567 0.5085 0.1568999 0.5045 0.1567 0.5081 0.1592 0.5081 0.1592 0.5045 0.1567 0.5057 0.1592 0.5081 0.1592 0.5057 0.1592 0.508 0.1613 0.508 0.1613 0.5057 0.1592 0.5065 0.1614 0.508 0.1613 0.5065 0.1614 0.5072 0.1643999 0.5072 0.1643999 0.5065 0.1614 0.507 0.1644999 0.5072 0.1643999 0.507 0.1644999 0.5089 0.1642999 0.5072 0.1643999 0.5089 0.1642999 0.5085 0.1640999 0.5072 0.1643999 0.5085 0.1640999 0.508 0.1613 0.508 0.1613 0.5085 0.1640999 0.5089 0.1642999 0.508 0.1613 0.5089 0.1642999 0.5086 0.1613 0.5086 0.1613 0.5089 0.1642999 0.507 0.1644999 0.5086 0.1613 0.507 0.1644999 0.5063 0.1614 0.5063 0.1614 0.507 0.1644999 0.5065 0.1614 0.5063 0.1614 0.5065 0.1614 0.5057 0.1593999 0.5063 0.1614 0.5057 0.1593999 0.5086 0.1613 0.5086 0.1613 0.5057 0.1593999 0.5085 0.1592 0.5086 0.1613 0.5085 0.1592 0.508 0.1613 0.508 0.1613 0.5085 0.1592 0.5081 0.1592 0.5081 0.1592 0.5085 0.1592 0.5085 0.1568999 0.5031 0.1649 0.5033 0.1614999 0.5033 0.1647 0.5033 0.1647 0.5033 0.1614999 0.5051 0.1647 0.5033 0.1647 0.5051 0.1647 0.5054 0.1649 0.5033 0.1647 0.5054 0.1649 0.5031 0.1649 0.5031 0.1649 0.5054 0.1649 0.5031 0.1614999 0.5031 0.1649 0.5031 0.1614999 0.5033 0.1614999 0.5033 0.1614999 0.5031 0.1614999 0.5025 0.1592 0.5033 0.1614999 0.5025 0.1592 0.505 0.1614999 0.5033 0.1614999 0.505 0.1614999 0.5051 0.1647 0.5051 0.1647 0.505 0.1614999 0.5054 0.1649 0.5054 0.1649 0.505 0.1614999 0.5055 0.1614999 0.5054 0.1649 0.5055 0.1614999 0.5031 0.1614999 0.5031 0.1614999 0.5055 0.1614999 0.5057 0.1593999 0.5031 0.1614999 0.5057 0.1593999 0.5027 0.1593999 0.5031 0.1614999 0.5027 0.1593999 0.5025 0.1592 0.5025 0.1592 0.5027 0.1593999 0.5019 0.1614 0.5025 0.1592 0.5019 0.1614 0.5001 0.1613 0.5001 0.1613 0.5019 0.1614 0.5008 0.1642 0.5001 0.1613 0.5008 0.1642 0.4996 0.164 0.5001 0.1613 0.4996 0.164 0.4992 0.1642 0.4992 0.1642 0.4996 0.164 0.5008 0.1642 0.4992 0.1642 0.5008 0.1642 0.5012 0.1643999 0.5012 0.1643999 0.5008 0.1642 0.5019 0.1614 0.5012 0.1643999 0.5019 0.1614 0.5024 0.1614 0.5024 0.1614 0.5019 0.1614 0.5027 0.1593999 0.5024 0.1614 0.5027 0.1593999 0.4995 0.1613 0.4995 0.1613 0.5027 0.1593999 0.5003 0.1595 0.4995 0.1613 0.5003 0.1595 0.5007 0.1592999 0.5007 0.1592999 0.5003 0.1595 0.5011 0.157 0.5007 0.1592999 0.5011 0.157 0.5014 0.1568 0.5014 0.1568 0.5011 0.157 0.5032 0.1556 0.5028 0.1556 0.5032 0.1556 0.5011 0.157 0.5028 0.1556 0.5011 0.157 0.5041 0.1571 0.5041 0.1571 0.5011 0.157 0.5003 0.1595 0.5041 0.1571 0.5003 0.1595 0.5027 0.1593999 0.5027 0.1593999 0.5057 0.1593999 0.5041 0.1571 0.5041 0.1571 0.5057 0.1593999 0.5085 0.1592 0.5041 0.1571 0.5085 0.1592 0.5079 0.1571 0.5041 0.1571 0.5079 0.1571 0.5028 0.1556 0.5028 0.1556 0.5079 0.1571 0.5062 0.1556 0.5028 0.1556 0.5062 0.1556 0.5029 0.1527999 0.5028 0.1556 0.5029 0.1527999 0.5032 0.1556 0.5032 0.1556 0.5029 0.1527999 0.5033 0.1527999 0.5033 0.1527999 0.5029 0.1527999 0.5033 0.1518999 0.5033 0.1527999 0.5033 0.1518999 0.5052 0.1518999 0.5052 0.1518999 0.5033 0.1518999 0.5033 0.1514999 0.5033 0.1514999 0.5033 0.1518999 0.5029 0.1514999 0.5033 0.1514999 0.5029 0.1514999 0.5029 0.151 0.5029 0.151 0.5029 0.1514999 0.5059 0.151 0.5029 0.151 0.5059 0.151 0.5059 0.1500999 0.5059 0.1500999 0.5059 0.151 0.5052 0.1500999 0.5052 0.1500999 0.5059 0.151 0.5052 0.151 0.5052 0.1500999 0.5052 0.151 0.5033 0.1500999 0.5012 0.1643999 0.5024 0.1614 0.4995 0.1613 0.5012 0.1643999 0.4995 0.1613 0.4992 0.1642 0.4992 0.1642 0.4995 0.1613 0.5001 0.1613 0.5001 0.1613 0.4995 0.1613 0.5007 0.1592999 0.5001 0.1613 0.5007 0.1592999 0.5025 0.1592 0.5025 0.1592 0.5007 0.1592999 0.5045 0.1567 0.5045 0.1567 0.5007 0.1592999 0.5014 0.1568 0.5045 0.1567 0.5014 0.1568 0.5032 0.1556 0.5045 0.1567 0.5032 0.1556 0.5054 0.1556 0.5054 0.1556 0.5032 0.1556 0.5033 0.1527999 0.5054 0.1556 0.5033 0.1527999 0.5052 0.1527999 0.5052 0.1527999 0.5033 0.1527999 0.5052 0.1518999 0.5052 0.1527999 0.5052 0.1518999 0.5059 0.1527999 0.5059 0.1527999 0.5052 0.1518999 0.5059 0.1518999 0.5059 0.1527999 0.5059 0.1518999 0.5029 0.1518999 0.5029 0.1518999 0.5059 0.1518999 0.5059 0.1514999 0.5059 0.1514999 0.5059 0.1518999 0.5052 0.1518999 0.5059 0.1514999 0.5052 0.1518999 0.5052 0.1514999 0.5052 0.1514999 0.5052 0.1518999 0.5033 0.1514999 0.5052 0.1514999 0.5033 0.1514999 0.5033 0.151 0.5033 0.151 0.5033 0.1514999 0.5029 0.151 0.5033 0.151 0.5029 0.151 0.5029 0.1500999 0.5029 0.1500999 0.5029 0.151 0.5059 0.1500999 0.5029 0.1500999 0.5059 0.1500999 0.5029 0.1439 0.5029 0.1439 0.5059 0.1500999 0.506 0.1439 0.506 0.1439 0.5059 0.1500999 0.5052 0.1500999 0.506 0.1439 0.5052 0.1500999 0.5053 0.1439 0.5053 0.1439 0.5052 0.1500999 0.5033 0.1439 0.5033 0.1439 0.5052 0.1500999 0.5033 0.1500999 0.5033 0.1439 0.5033 0.1500999 0.5029 0.1439 0.5029 0.1439 0.5033 0.1500999 0.5029 0.1500999 0.5029 0.1500999 0.5033 0.1500999 0.5033 0.151 0.5033 0.151 0.5033 0.1500999 0.5052 0.151 0.5033 0.151 0.5052 0.151 0.5052 0.1514999 0.5052 0.1514999 0.5052 0.151 0.5059 0.151 0.5052 0.1514999 0.5059 0.151 0.5059 0.1514999 0.5059 0.1514999 0.5059 0.151 0.5029 0.1514999 0.5059 0.1514999 0.5029 0.1514999 0.5029 0.1518999 0.5029 0.1518999 0.5029 0.1514999 0.5033 0.1518999 0.5029 0.1518999 0.5033 0.1518999 0.5029 0.1527999 0.5029 0.1518999 0.5029 0.1527999 0.5059 0.1527999 0.5059 0.1527999 0.5029 0.1527999 0.5062 0.1556 0.5059 0.1527999 0.5062 0.1556 0.5054 0.1556 0.5059 0.1527999 0.5054 0.1556 0.5052 0.1527999 0.5057 0.1593999 0.5063 0.1614 0.5086 0.1613 0.5057 0.1593999 0.5086 0.1613 0.5085 0.1592 0.5085 0.1592 0.5086 0.1613 0.508 0.1613 0.5085 0.1592 0.508 0.1613 0.5081 0.1592 0.5081 0.1592 0.5085 0.1568999 0.5085 0.1592 0.5085 0.1592 0.5085 0.1568999 0.5104 0.1597 0.5085 0.1592 0.5104 0.1597 0.5091 0.1599999 0.5085 0.1592 0.5091 0.1599999 0.5079 0.1571 0.5079 0.1571 0.5091 0.1599999 0.51 0.1592 0.5079 0.1571 0.51 0.1592 0.5107 0.1590999 0.5107 0.1590999 0.51 0.1592 0.5116 0.1611 0.5116 0.1611 0.51 0.1592 0.5108 0.161 0.5116 0.1611 0.5108 0.161 0.5112 0.1614 0.5112 0.1614 0.5108 0.161 0.5095 0.1615999 0.5095 0.1615999 0.5108 0.161 0.51 0.1592 0.5095 0.1615999 0.51 0.1592 0.5091 0.1599999 0.5095 0.1615999 0.5091 0.1599999 0.5112 0.1614 0.5112 0.1614 0.5091 0.1599999 0.5104 0.1597 0.5112 0.1614 0.5104 0.1597 0.5116 0.1611 0.5116 0.1611 0.5104 0.1597 0.5107 0.1590999 0.5107 0.1590999 0.5104 0.1597 0.5085 0.1568999 0.5107 0.1590999 0.5085 0.1568999 0.5091 0.1567 0.5107 0.1590999 0.5091 0.1567 0.5079 0.1571 0.5079 0.1571 0.5091 0.1567 0.5062 0.1556 0.5062 0.1556 0.5091 0.1567 0.5054 0.1556 0.5054 0.1556 0.5091 0.1567 0.5085 0.1568999 0.5054 0.1556 0.5085 0.1568999 0.5045 0.1567 0.5045 0.1567 0.5085 0.1568999 0.5081 0.1592 0.5045 0.1567 0.5081 0.1592 0.5057 0.1592 0.5057 0.1592 0.5081 0.1592 0.508 0.1613 0.5057 0.1592 0.508 0.1613 0.5065 0.1614 0.5065 0.1614 0.508 0.1613 0.5072 0.1643999 0.5065 0.1614 0.5072 0.1643999 0.507 0.1644999 0.507 0.1644999 0.5072 0.1643999 0.5089 0.1642999 0.5089 0.1642999 0.5072 0.1643999 0.5085 0.1640999 0.5085 0.1640999 0.5072 0.1643999 0.508 0.1613 0.5085 0.1640999 0.508 0.1613 0.5089 0.1642999 0.5089 0.1642999 0.508 0.1613 0.5086 0.1613 0.5089 0.1642999 0.5086 0.1613 0.507 0.1644999 0.507 0.1644999 0.5086 0.1613 0.5063 0.1614 0.507 0.1644999 0.5063 0.1614 0.5065 0.1614 0.5065 0.1614 0.5063 0.1614 0.5057 0.1593999 0.5065 0.1614 0.5057 0.1593999 0.5057 0.1592 0.5057 0.1592 0.5057 0.1593999 0.5055 0.1614999 0.5057 0.1592 0.5055 0.1614999 0.505 0.1614999 0.5057 0.1592 0.505 0.1614999 0.5025 0.1592 0.5057 0.1592 0.5025 0.1592 0.5045 0.1567 0.5059 0.1518999 0.5052 0.1518999 0.5059 0.1527999 0.5059 0.1518999 0.5059 0.1527999 0.5029 0.1527999 0.5029 0.1527999 0.5059 0.1527999 0.5062 0.1556 0.5029 0.1527999 0.5062 0.1556 0.5028 0.1556 0.5028 0.1556 0.5062 0.1556 0.5079 0.1571 0.5079 0.1571 0.5062 0.1556 0.5091 0.1567 0.5079 0.1571 0.5091 0.1567 0.5107 0.1590999 0.5107 0.1590999 0.5091 0.1567 0.5085 0.1568999 0.5107 0.1590999 0.5085 0.1568999 0.5104 0.1597 0.5104 0.1597 0.5085 0.1568999 0.5085 0.1592 0.5104 0.1597 0.5085 0.1592 0.5091 0.1599999 0.5091 0.1599999 0.5085 0.1592 0.5079 0.1571 0.5091 0.1599999 0.5079 0.1571 0.51 0.1592 0.51 0.1592 0.5079 0.1571 0.5107 0.1590999 0.51 0.1592 0.5107 0.1590999 0.5116 0.1611 0.5116 0.1611 0.5107 0.1590999 0.5104 0.1597 0.5116 0.1611 0.5104 0.1597 0.5112 0.1614 0.5112 0.1614 0.5104 0.1597 0.5091 0.1599999 0.5112 0.1614 0.5091 0.1599999 0.5095 0.1615999 0.5095 0.1615999 0.5091 0.1599999 0.51 0.1592 0.5095 0.1615999 0.51 0.1592 0.5108 0.161 0.5108 0.161 0.51 0.1592 0.5116 0.1611 0.5108 0.161 0.5116 0.1611 0.5112 0.1614 0.5108 0.161 0.5112 0.1614 0.5095 0.1615999 0.8482 0.6798 0.848 0.6658 0.8155 0.6534 0.8482 0.6798 0.8155 0.6534 0.8075 0.6645 0.8075 0.6645 0.8155 0.6534 0.7882 0.6058 0.8011 0.6058 0.7882 0.6058 0.8155 0.6534 0.8011 0.6058 0.8155 0.6534 0.8482 0.6058 0.8482 0.6058 0.8155 0.6534 0.848 0.6658 0.8482 0.6058 0.848 0.6658 0.8751 0.6534 0.8751 0.6534 0.848 0.6658 0.8482 0.6798 0.8751 0.6534 0.8482 0.6798 0.8822 0.6628 0.8822 0.6628 0.8482 0.6798 0.8629 0.6596 0.8629 0.6596 0.8482 0.6798 0.8174 0.6534 0.8174 0.6534 0.8482 0.6798 0.8075 0.6645 0.8174 0.6534 0.8075 0.6645 0.7882 0.6058 0.8174 0.6534 0.7882 0.6058 0.812 0.6058 0.8174 0.6534 0.812 0.6058 0.8629 0.6596 0.8629 0.6596 0.812 0.6058 0.8703 0.6058 0.8629 0.6596 0.8703 0.6058 0.8822 0.6628 0.8822 0.6628 0.8703 0.6058 0.9045 0.6058 0.8822 0.6628 0.9045 0.6058 0.8751 0.6534 0.8751 0.6534 0.9045 0.6058 0.8964 0.6046 0.8751 0.6534 0.8964 0.6046 0.8482 0.6058 0.8482 0.6058 0.8964 0.6046 0.8488 0.5585 0.8482 0.6058 0.8488 0.5585 0.8011 0.6058 0.8011 0.6058 0.8488 0.5585 0.8008 0.5585 0.8011 0.6058 0.8008 0.5585 0.7882 0.6058 0.7882 0.6058 0.8008 0.5585 0.7906 0.5585 0.7882 0.6058 0.7906 0.5585 0.812 0.6058 0.812 0.6058 0.7906 0.5585 0.8138 0.5585 0.812 0.6058 0.8138 0.5585 0.8703 0.6058 0.8703 0.6058 0.8138 0.5585 0.871 0.5585 0.8703 0.6058 0.871 0.5585 0.9045 0.6058 0.9045 0.6058 0.871 0.5585 0.9051 0.5585 0.9045 0.6058 0.9051 0.5585 0.8899 0.5585 0.9045 0.6058 0.8899 0.5585 0.8964 0.6046 0.8964 0.6046 0.8899 0.5585 0.8488 0.5585 0.5051 0.1647 0.5033 0.1614999 0.5033 0.1647 0.5033 0.1647 0.5033 0.1614999 0.5031 0.1649 0.5033 0.1647 0.5031 0.1649 0.5054 0.1649 0.5033 0.1647 0.5054 0.1649 0.5051 0.1647 0.5051 0.1647 0.5054 0.1649 0.505 0.1614999 0.5051 0.1647 0.505 0.1614999 0.5033 0.1614999 0.5033 0.1614999 0.505 0.1614999 0.5025 0.1592 0.5033 0.1614999 0.5025 0.1592 0.5031 0.1614999 0.5033 0.1614999 0.5031 0.1614999 0.5031 0.1649 0.5031 0.1649 0.5031 0.1614999 0.5054 0.1649 0.5054 0.1649 0.5031 0.1614999 0.5055 0.1614999 0.5054 0.1649 0.5055 0.1614999 0.505 0.1614999 0.505 0.1614999 0.5055 0.1614999 0.5057 0.1592 0.505 0.1614999 0.5057 0.1592 0.5025 0.1592 0.5025 0.1592 0.5057 0.1592 0.5045 0.1567 0.848 0.6658 0.8751 0.6534 0.8482 0.6798 0.8482 0.6798 0.8751 0.6534 0.8822 0.6628 0.8482 0.6798 0.8822 0.6628 0.8629 0.6596 0.8629 0.6596 0.8174 0.6534 0.8482 0.6798 0.8482 0.6798 0.8174 0.6534 0.8075 0.6645 0.8482 0.6798 0.8075 0.6645 0.8155 0.6534 0.8482 0.6798 0.8155 0.6534 0.848 0.6658 0.848 0.6658 0.8155 0.6534 0.8482 0.6058 0.848 0.6658 0.8482 0.6058 0.8751 0.6534 0.8751 0.6534 0.8482 0.6058 0.8964 0.6046 0.8751 0.6534 0.8964 0.6046 0.9045 0.6058 0.8751 0.6534 0.9045 0.6058 0.8822 0.6628 0.8822 0.6628 0.9045 0.6058 0.8703 0.6058 0.8822 0.6628 0.8703 0.6058 0.8629 0.6596 0.8629 0.6596 0.8703 0.6058 0.812 0.6058 0.8629 0.6596 0.812 0.6058 0.8174 0.6534 0.8174 0.6534 0.812 0.6058 0.7882 0.6058 0.8174 0.6534 0.7882 0.6058 0.8075 0.6645 0.8075 0.6645 0.7882 0.6058 0.8155 0.6534 0.8155 0.6534 0.7882 0.6058 0.8011 0.6058 0.8155 0.6534 0.8011 0.6058 0.8482 0.6058 0.8482 0.6058 0.8011 0.6058 0.8488 0.5585 0.8482 0.6058 0.8488 0.5585 0.8964 0.6046 0.8964 0.6046 0.8488 0.5585 0.8899 0.5585 0.8964 0.6046 0.8899 0.5585 0.9045 0.6058 0.9045 0.6058 0.8899 0.5585 0.9051 0.5585 0.9045 0.6058 0.9051 0.5585 0.871 0.5585 0.9045 0.6058 0.871 0.5585 0.8703 0.6058 0.8703 0.6058 0.871 0.5585 0.8138 0.5585 0.8703 0.6058 0.8138 0.5585 0.812 0.6058 0.812 0.6058 0.8138 0.5585 0.7906 0.5585 0.812 0.6058 0.7906 0.5585 0.7882 0.6058 0.7882 0.6058 0.7906 0.5585 0.8008 0.5585 0.7882 0.6058 0.8008 0.5585 0.8011 0.6058 0.8011 0.6058 0.8008 0.5585 0.8488 0.5585 0.8961 0.5667 0.8964 0.569 0.8985 0.5651 0.8985 0.5651 0.8964 0.569 0.8985 0.5703 0.8985 0.5651 0.8985 0.5703 0.9004 0.5695 0.8985 0.5651 0.9004 0.5695 0.9004 0.5659 0.9004 0.5659 0.9004 0.5695 0.9013 0.5676 0.9004 0.5659 0.9013 0.5676 0.9004 0.5695 0.9004 0.5659 0.9004 0.5695 0.8985 0.5651 0.8985 0.5651 0.9004 0.5695 0.8985 0.5703 0.8985 0.5651 0.8985 0.5703 0.8964 0.569 0.8985 0.5651 0.8964 0.569 0.8961 0.5667</float_array>
          <technique_common>
            <accessor source="#unnamed_021-mesh-map-0-array" count="1104" stride="2">
              <param name="S" type="float"/>
              <param name="T" type="float"/>
            </accessor>
          </technique_common>
        </source>
        <source id="unnamed_021-mesh-colors-Col" name="Col">
          <float_array id="unnamed_021-mesh-colors-Col-array" count="4416">0 0 0 1 0 0 0 1 0 0 0 1 0 0 0 1 0 0 0 1 0 0 0 1 0 0 0 1 0 0 0 1 0 0 0 1 0 0 0 1 0 0 0 1 0 0 0 1 0 0 0 1 0 0 0 1 0 0 0 1 0 0 0 1 0 0 0 1 0 0 0 1 0 0 0 1 0 0 0 1 0 0 0 1 0 0 0 1 0 0 0 1 0 0 0 1 0 0 0 1 0 0 0 1 0 0 0 1 0 0 0 1 0 0 0 1 0 0 0 1 0 0 0 1 0 0 0 1 0 0 0 1 0 0 0 1 0 0 0 1 0 0 0 1 0 0 0 1 0 0 0 1 0 0 0 1 0 0 0 1 0 0 0 1 0 0 0 1 0 0 0 1 0 0 0 1 0 0 0 1 0 0 0 1 0 0 0 1 0 0 0 1 0 0 0 1 0 0 0 1 0 0 0 1 0 0 0 1 0 0 0 1 0 0 0 1 0 0 0 1 0 0 0 1 0 0 0 1 0 0 0 1 0 0 0 1 0 0 0 1 0 0 0 1 0 0 0 1 0 0 0 1 0 0 0 1 0 0 0 1 0 0 0 1 0 0 0 1 0 0 0 1 0 0 0 1 0 0 0 1 0 0 0 1 0 0 0 1 0 0 0 1 0 0 0 1 0 0 0 1 0 0 0 1 0 0 0 1 0 0 0 1 0 0 0 1 0 0 0 1 0 0 0 1 0 0 0 1 0 0 0 1 0 0 0 1 0 0 0 1 0 0 0 1 0 0 0 1 0 0 0 1 0 0 0 1 0 0 0 1 0 0 0 1 0 0 0 1 0 0 0 1 0 0 0 1 0 0 0 1 0 0 0 1 0 0 0 1 0 0 0 1 0 0 0 1 0 0 0 1 0 0 0 1 0 0 0 1 0 0 0 1 0 0 0 1 0 0 0 1 0 0 0 1 0 0 0 1 0 0 0 1 0 0 0 1 0 0 0 1 0 0 0 1 0 0 0 1 0 0 0 1 0 0 0 1 0 0 0 1 0 0 0 1 0 0 0 1 0 0 0 1 0 0 0 1 0 0 0 1 0 0 0 1 0 0 0 1 0 0 0 1 0 0 0 1 0 0 0 1 0 0 0 1 0 0 0 1 0 0 0 1 0 0 0 1 0 0 0 1 0 0 0 1 0 0 0 1 0 0 0 1 0 0 0 1 0 0 0 1 0 0 0 1 0 0 0 1 0 0 0 1 0 0 0 1 0 0 0 1 0 0 0 1 0 0 0 1 0 0 0 1 0 0 0 1 0 0 0 1 0 0 0 1 0 0 0 1 0 0 0 1 0 0 0 1 0 0 0 1 0 0 0 1 0 0 0 1 0 0 0 1 0 0 0 1 0 0 0 1 0 0 0 1 0 0 0 1 0 0 0 1 0 0 0 1 0 0 0 1 0 0 0 1 0 0 0 1 0 0 0 1 0 0 0 1 0 0 0 1 0 0 0 1 0 0 0 1 0 0 0 1 0 0 0 1 0 0 0 1 0 0 0 1 0 0 0 1 0 0 0 1 0 0 0 1 0 0 0 1 0 0 0 1 0 0 0 1 0 0 0 1 0 0 0 1 0 0 0 1 0 0 0 1 0 0 0 1 0 0 0 1 0 0 0 1 0 0 0 1 0 0 0 1 0 0 0 1 0 0 0 1 0 0 0 1 0 0 0 1 0 0 0 1 0 0 0 1 0 0 0 1 0 0 0 1 0 0 0 1 0 0 0 1 0 0 0 1 0 0 0 1 0 0 0 1 0 0 0 1 0 0 0 1 0 0 0 1 0 0 0 1 0 0 0 1 0 0 0 1 0 0 0 1 0 0 0 1 0 0 0 1 0 0 0 1 0 0 0 1 0 0 0 1 0 0 0 1 0 0 0 1 0 0 0 1 0 0 0 1 0 0 0 1 0 0 0 1 0 0 0 1 0 0 0 1 0 0 0 1 0 0 0 1 0 0 0 1 0 0 0 1 0 0 0 1 0 0 0 1 0 0 0 1 0 0 0 1 0 0 0 1 0 0 0 1 0 0 0 1 0 0 0 1 0 0 0 1 0 0 0 1 0 0 0 1 0 0 0 1 0 0 0 1 0 0 0 1 0 0 0 1 0 0 0 1 0 0 0 1 0 0 0 1 0 0 0 1 0 0 0 1 0 0 0 1 0 0 0 1 0 0 0 1 0 0 0 1 0 0 0 1 0 0 0 1 0 0 0 1 0 0 0 1 0 0 0 1 0 0 0 1 0 0 0 1 0 0 0 1 0 0 0 1 0 0 0 1 0 0 0 1 0 0 0 1 0 0 0 1 0 0 0 1 0 0 0 1 0 0 0 1 0 0 0 1 0 0 0 1 0 0 0 1 0 0 0 1 0 0 0 1 0 0 0 1 0 0 0 1 0 0 0 1 0 0 0 1 0 0 0 1 0 0 0 1 0 0 0 1 0 0 0 1 0 0 0 1 0 0 0 1 0 0 0 1 0 0 0 1 0 0 0 1 0 0 0 1 0 0 0 1 0 0 0 1 0 0 0 1 0 0 0 1 0 0 0 1 0 0 0 1 0 0 0 1 0 0 0 1 0 0 0 1 0 0 0 1 0 0 0 1 0 0 0 1 0 0 0 1 0 0 0 1 0 0 0 1 0 0 0 1 0 0 0 1 0 0 0 1 0 0 0 1 0 0 0 1 0 0 0 1 0 0 0 1 0 0 0 1 0 0 0 1 0 0 0 1 0 0 0 1 0 0 0 1 0 0 0 1 0 0 0 1 0 0 0 1 0 0 0 1 0 0 0 1 0 0 0 1 0 0 0 1 0 0 0 1 0 0 0 1 0 0 0 1 0 0 0 1 0 0 0 1 0 0 0 1 0 0 0 1 0 0 0 1 0 0 0 1 0 0 0 1 0 0 0 1 0 0 0 1 0 0 0 1 0 0 0 1 0 0 0 1 0 0 0 1 0 0 0 1 0 0 0 1 0 0 0 1 0 0 0 1 0 0 0 1 0 0 0 1 0 0 0 1 0 0 0 1 0 0 0 1 0 0 0 1 0 0 0 1 0 0 0 1 0 0 0 1 0 0 0 1 0 0 0 1 0 0 0 1 0 0 0 1 0 0 0 1 0 0 0 1 0 0 0 1 0 0 0 1 0 0 0 1 0 0 0 1 0 0 0 1 0 0 0 1 0 0 0 1 0 0 0 1 0 0 0 1 0 0 0 1 0 0 0 1 0 0 0 1 0 0 0 1 0 0 0 1 0 0 0 1 0 0 0 1 0 0 0 1 0 0 0 1 0 0 0 1 0 0 0 1 0 0 0 1 0 0 0 1 0 0 0 1 0 0 0 1 0 0 0 1 0 0 0 1 0 0 0 1 0 0 0 1 0 0 0 1 0 0 0 1 0 0 0 1 0 0 0 1 0 0 0 1 0 0 0 1 0 0 0 1 0 0 0 1 0 0 0 1 0 0 0 1 0 0 0 1 0 0 0 1 0 0 0 1 0 0 0 1 0 0 0 1 0 0 0 1 0 0 0 1 0 0 0 1 0 0 0 1 0 0 0 1 0 0 0 1 0 0 0 1 0 0 0 1 0 0 0 1 0 0 0 1 0 0 0 1 0 0 0 1 0 0 0 1 0 0 0 1 0 0 0 1 0 0 0 1 0 0 0 1 0 0 0 1 0 0 0 1 0 0 0 1 0 0 0 1 0 0 0 1 0 0 0 1 0 0 0 1 0 0 0 1 0 0 0 1 0 0 0 1 0 0 0 1 0 0 0 1 0 0 0 1 0 0 0 1 0 0 0 1 0 0 0 1 0 0 0 1 0 0 0 1 0 0 0 1 0 0 0 1 0 0 0 1 0 0 0 1 0 0 0 1 0 0 0 1 0 0 0 1 0 0 0 1 0 0 0 1 0 0 0 1 0 0 0 1 0 0 0 1 0 0 0 1 0 0 0 1 0 0 0 1 0 0 0 1 0 0 0 1 0 0 0 1 0 0 0 1 0 0 0 1 0 0 0 1 0 0 0 1 0 0 0 1 0 0 0 1 0 0 0 1 0 0 0 1 0 0 0 1 0 0 0 1 0 0 0 1 0 0 0 1 0 0 0 1 0 0 0 1 0 0 0 1 0 0 0 1 0 0 0 1 0 0 0 1 0 0 0 1 0 0 0 1 0 0 0 1 0 0 0 1 0 0 0 1 0 0 0 1 0 0 0 1 0 0 0 1 0 0 0 1 0 0 0 1 0 0 0 1 0 0 0 1 0 0 0 1 0 0 0 1 0 0 0 1 0 0 0 1 0 0 0 1 0 0 0 1 0 0 0 1 0 0 0 1 0 0 0 1 0 0 0 1 0 0 0 1 0 0 0 1 0 0 0 1 0 0 0 1 0 0 0 1 0 0 0 1 0 0 0 1 0 0 0 1 0 0 0 1 0 0 0 1 0 0 0 1 0 0 0 1 0 0 0 1 0 0 0 1 0 0 0 1 0 0 0 1 0 0 0 1 0 0 0 1 0 0 0 1 0 0 0 1 0 0 0 1 0 0 0 1 0 0 0 1 0 0 0 1 0 0 0 1 0 0 0 1 0 0 0 1 0 0 0 1 0 0 0 1 0 0 0 1 0 0 0 1 0 0 0 1 0 0 0 1 0 0 0 1 0 0 0 1 0 0 0 1 0 0 0 1 0 0 0 1 0 0 0 1 0 0 0 1 0 0 0 1 0 0 0 1 0 0 0 1 0 0 0 1 0 0 0 1 0 0 0 1 0 0 0 1 0 0 0 1 0 0 0 1 0 0 0 1 0 0 0 1 0 0 0 1 0 0 0 1 0 0 0 1 0 0 0 1 0 0 0 1 0 0 0 1 0 0 0 1 0 0 0 1 0 0 0 1 0 0 0 1 0 0 0 1 0 0 0 1 0 0 0 1 0 0 0 1 0 0 0 1 0 0 0 1 0 0 0 1 0 0 0 1 0 0 0 1 0 0 0 1 0 0 0 1 0 0 0 1 0 0 0 1 0 0 0 1 0 0 0 1 0 0 0 1 0 0 0 1 0 0 0 1 0 0 0 1 0 0 0 1 0 0 0 1 0 0 0 1 0 0 0 1 0 0 0 1 0 0 0 1 0 0 0 1 0 0 0 1 0 0 0 1 0 0 0 1 0 0 0 1 0 0 0 1 0 0 0 1 0 0 0 1 0 0 0 1 0 0 0 1 0 0 0 1 0 0 0 1 0 0 0 1 0 0 0 1 0 0 0 1 0 0 0 1 0 0 0 1 0 0 0 1 0 0 0 1 0 0 0 1 0 0 0 1 0 0 0 1 0 0 0 1 0 0 0 1 0 0 0 1 0 0 0 1 0 0 0 1 0 0 0 1 0 0 0 1 0 0 0 1 0 0 0 1 0 0 0 1 0 0 0 1 0 0 0 1 0 0 0 1 0 0 0 1 0 0 0 1 0 0 0 1 0 0 0 1 0 0 0 1 0 0 0 1 0 0 0 1 0 0 0 1 0 0 0 1 0 0 0 1 0 0 0 1 0 0 0 1 0 0 0 1 0 0 0 1 0 0 0 1 0 0 0 1 0 0 0 1 0 0 0 1 0 0 0 1 0 0 0 1 0 0 0 1 0 0 0 1 0 0 0 1 0 0 0 1 0 0 0 1 0 0 0 1 0 0 0 1 0 0 0 1 0 0 0 1 0 0 0 1 0 0 0 1 0 0 0 1 0 0 0 1 0 0 0 1 0 0 0 1 0 0 0 1 0 0 0 1 0 0 0 1 0 0 0 1 0 0 0 1 0 0 0 1 0 0 0 1 0 0 0 1 0 0 0 1 0 0 0 1 0 0 0 1 0 0 0 1 0 0 0 1 0 0 0 1 0 0 0 1 0 0 0 1 0 0 0 1 0 0 0 1 0 0 0 1 0 0 0 1 0 0 0 1 0 0 0 1 0 0 0 1 0 0 0 1 0 0 0 1 0 0 0 1 0 0 0 1 0 0 0 1 0 0 0 1 0 0 0 1 0 0 0 1 0 0 0 1 0 0 0 1 0 0 0 1 0 0 0 1 0 0 0 1 0 0 0 1 0 0 0 1 0 0 0 1 0 0 0 1 0 0 0 1 0 0 0 1 0 0 0 1 0 0 0 1 0 0 0 1 0 0 0 1 0 0 0 1 0 0 0 1 0 0 0 1 0 0 0 1 0 0 0 1 0 0 0 1 0 0 0 1 0 0 0 1 0 0 0 1 0 0 0 1 0 0 0 1 0 0 0 1 0 0 0 1 0 0 0 1 0 0 0 1 0 0 0 1 0 0 0 1 0 0 0 1 0 0 0 1 0 0 0 1 0 0 0 1 0 0 0 1 0 0 0 1 0 0 0 1 0 0 0 1 0 0 0 1 0 0 0 1 0 0 0 1 0 0 0 1 0 0 0 1 0 0 0 1 0 0 0 1 0 0 0 1 0 0 0 1 0 0 0 1 0 0 0 1 0 0 0 1 0 0 0 1 0 0 0 1 0 0 0 1 0 0 0 1 0 0 0 1 0 0 0 1 0 0 0 1 0 0 0 1 0 0 0 1 0 0 0 1 0 0 0 1 0 0 0 1 0 0 0 1 0 0 0 1 0 0 0 1 0 0 0 1 0 0 0 1 0 0 0 1 0 0 0 1 0 0 0 1 0 0 0 1 0 0 0 1 0 0 0 1 0 0 0 1 0 0 0 1 0 0 0 1 0 0 0 1 0 0 0 1 0 0 0 1 0 0 0 1 0 0 0 1 0 0 0 1 0 0 0 1 0 0 0 1 0 0 0 1 0 0 0 1 0 0 0 1 0 0 0 1 0 0 0 1 0 0 0 1 0 0 0 1 0 0 0 1 0 0 0 1 0 0 0 1 0 0 0 1 0 0 0 1 0 0 0 1 0 0 0 1 0 0 0 1 0 0 0 1 0 0 0 1 0 0 0 1 0 0 0 1 0 0 0 1 0 0 0 1 0 0 0 1 0 0 0 1 0 0 0 1 0 0 0 1 0 0 0 1 0 0 0 1 0 0 0 1 0 0 0 1 0 0 0 1 0 0 0 1 0 0 0 1 0 0 0 1 0 0 0 1 0 0 0 1 0 0 0 1 0 0 0 1 0 0 0 1 0 0 0 1 0 0 0 1 0 0 0 1 0 0 0 1 0 0 0 1 0 0 0 1 0 0 0 1 0 0 0 1 0 0 0 1 0 0 0 1 0 0 0 1 0 0 0 1 0 0 0 1 0 0 0 1 0 0 0 1 0 0 0 1 0 0 0 1 0 0 0 1 0 0 0 1 0 0 0 1 0 0 0 1 0 0 0 1 0 0 0 1 0 0 0 1 0 0 0 1 0 0 0 1 0 0 0 1 0 0 0 1 0 0 0 1 0 0 0 1 0 0 0 1 0 0 0 1 0 0 0 1 0 0 0 1 0 0 0 1 0 0 0 1 0 0 0 1 0 0 0 1 0 0 0 1 0 0 0 1 0 0 0 1 0 0 0 1 0 0 0 1 0 0 0 1 0 0 0 1 0 0 0 1 0 0 0 1 0 0 0 1 0 0 0 1 0 0 0 1 0 0 0 1 0 0 0 1 0 0 0 1 0 0 0 1 0 0 0 1 0 0 0 1 0 0 0 1 0 0 0 1 0 0 0 1 0 0 0 1 0 0 0 1 0 0 0 1 0 0 0 1 0 0 0 1 0 0 0 1 0 0 0 1 0 0 0 1 0 0 0 1 0 0 0 1 0 0 0 1 0 0 0 1 0 0 0 1 0 0 0 1 0 0 0 1 0 0 0 1 0 0 0 1 0 0 0 1 0 0 0 1 0 0 0 1 0 0 0 1 0 0 0 1 0 0 0 1 0 0 0 1 0 0 0 1 0 0 0 1 0 0 0 1 0 0 0 1 0 0 0 1 0 0 0 1 0 0 0 1 0 0 0 1 0 0 0 1 0 0 0 1 0 0 0 1 0 0 0 1 0 0 0 1 0 0 0 1 0 0 0 1 0 0 0 1 0 0 0 1 0 0 0 1 0 0 0 1 0 0 0 1 0 0 0 1 0 0 0 1 0 0 0 1 0 0 0 1 0 0 0 1 0 0 0 1 0 0 0 1 0 0 0 1 0 0 0 1 0 0 0 1 0 0 0 1 0 0 0 1 0 0 0 1 0 0 0 1 0 0 0 1 0 0 0 1 0 0 0 1 0 0 0 1 0 0 0 1 0 0 0 1 0 0 0 1 0 0 0 1 0 0 0 1 0 0 0 1 0 0 0 1 0 0 0 1 0 0 0 1 0 0 0 1 0 0 0 1 0 0 0 1 0 0 0 1 0 0 0 1 0 0 0 1 0 0 0 1 0 0 0 1 0 0 0 1 0 0 0 1 0 0 0 1 0 0 0 1 0 0 0 1 0 0 0 1 0 0 0 1 0 0 0 1 0 0 0 1 0 0 0 1 0 0 0 1 0 0 0 1 0 0 0 1 0 0 0 1 0 0 0 1 0 0 0 1 0 0 0 1 0 0 0 1 0 0 0 1 0 0 0 1 0 0 0 1 0 0 0 1 0 0 0 1 0 0 0 1 0 0 0 1 0 0 0 1 0 0 0 1 0 0 0 1 0 0 0 1 0 0 0 1 0 0 0 1 0 0 0 1 0 0 0 1 0 0 0 1 0 0 0 1 0 0 0 1 0 0 0 1 0 0 0 1 0 0 0 1 0 0 0 1 0 0 0 1 0 0 0 1 0 0 0 1 0 0 0 1 0 0 0 1 0 0 0 1 0 0 0 1 0 0 0 1 0 0 0 1 0 0 0 1 0 0 0 1 0 0 0 1 0 0 0 1 0 0 0 1 0 0 0 1 0 0 0 1 0 0 0 1 0 0 0 1 0 0 0 1 0 0 0 1 0 0 0 1 0 0 0 1 0 0 0 1 0 0 0 1 0 0 0 1 0 0 0 1 0 0 0 1 0 0 0 1 0 0 0 1 0 0 0 1 0 0 0 1 0 0 0 1 0 0 0 1 0 0 0 1 0 0 0 1 0 0 0 1 0 0 0 1 0 0 0 1 0 0 0 1 0 0 0 1 0 0 0 1 0 0 0 1 0 0 0 1 0 0 0 1 0 0 0 1 0 0 0 1 0 0 0 1 0 0 0 1 0 0 0 1 0 0 0 1 0 0 0 1 0 0 0 1 0 0 0 1 0 0 0 1 0 0 0 1 0 0 0 1 0 0 0 1 0 0 0 1 0 0 0 1 0 0 0 1 0 0 0 1 0 0 0 1 0 0 0 1 0 0 0 1 0 0 0 1 0 0 0 1 0 0 0 1 0 0 0 1 0 0 0 1 0 0 0 1 0 0 0 1 0 0 0 1 0 0 0 1 0 0 0 1 0 0 0 1 0 0 0 1 0 0 0 1 0 0 0 1 0 0 0 1 0 0 0 1 0 0 0 1 0 0 0 1 0 0 0 1 0 0 0 1 0 0 0 1 0 0 0 1 0 0 0 1 0 0 0 1 0 0 0 1 0 0 0 1 0 0 0 1 0 0 0 1 0 0 0 1 0 0 0 1 0 0 0 1 0 0 0 1 0 0 0 1 0 0 0 1 0 0 0 1 0 0 0 1 0 0 0 1 0 0 0 1 0 0 0 1 0 0 0 1 0 0 0 1 0 0 0 1 0 0 0 1 0 0 0 1 0 0 0 1 0 0 0 1 0 0 0 1 0 0 0 1 0 0 0 1 0 0 0 1 0 0 0 1 0 0 0 1 0 0 0 1 0 0 0 1 0 0 0 1 0 0 0 1 0 0 0 1 0 0 0 1 0 0 0 1 0 0 0 1 0 0 0 1 0 0 0 1 0 0 0 1 0 0 0 1</float_array>
          <technique_common>
            <accessor source="#unnamed_021-mesh-colors-Col-array" count="1104" stride="4">
              <param name="R" type="float"/>
              <param name="G" type="float"/>
              <param name="B" type="float"/>
              <param name="A" type="float"/>
            </accessor>
          </technique_common>
        </source>
        <vertices id="unnamed_021-mesh-vertices">
          <input semantic="POSITION" source="#unnamed_021-mesh-positions"/>
        </vertices>
        <triangles material="unnamed_005-material" count="368">
          <input semantic="VERTEX" source="#unnamed_021-mesh-vertices" offset="0"/>
          <input semantic="NORMAL" source="#unnamed_021-mesh-normals" offset="1"/>
          <input semantic="TEXCOORD" source="#unnamed_021-mesh-map-0" offset="2" set="0"/>
          <input semantic="COLOR" source="#unnamed_021-mesh-colors-Col" offset="3" set="0"/>
          <p>53 0 0 0 46 1 1 1 0 2 2 2 0 2 3 3 46 1 4 4 1 3 5 5 0 2 6 6 1 3 7 7 165 4 8 8 0 2 9 9 165 4 10 10 2 5 11 11 2 5 12 12 165 4 13 13 168 6 14 14 2 5 15 15 168 6 16 16 5 7 17 17 2 5 18 18 5 7 19 19 33 8 20 20 33 8 21 21 5 7 22 22 3 9 23 23 4 10 24 24 3 9 25 25 5 7 26 26 4 10 27 27 5 7 28 28 30 11 29 29 30 11 30 30 5 7 31 31 168 6 32 32 30 11 33 33 168 6 34 34 6 12 35 35 6 12 36 36 168 6 37 37 169 13 38 38 6 12 39 39 169 13 40 40 7 14 41 41 6 12 42 42 7 14 43 43 25 15 44 44 25 15 45 45 7 14 46 46 8 16 47 47 8 16 48 48 7 14 49 49 169 13 50 50 8 16 51 51 169 13 52 52 41 17 53 53 8 16 54 54 41 17 55 55 9 18 56 56 9 18 57 57 41 17 58 58 40 19 59 59 9 18 60 60 40 19 61 61 10 20 62 62 9 18 63 63 10 20 64 64 11 21 65 65 11 21 66 66 10 20 67 67 38 22 68 68 11 21 69 69 38 22 70 70 12 23 71 71 12 23 72 72 38 22 73 73 37 24 74 74 12 23 75 75 37 24 76 76 22 25 77 77 22 25 78 78 37 24 79 79 13 26 80 80 22 25 81 81 13 26 82 82 14 27 83 83 14 27 84 84 13 26 85 85 35 28 86 86 14 27 87 87 35 28 88 88 20 29 89 89 20 29 90 90 35 28 91 91 19 30 92 92 19 30 93 93 35 28 94 94 15 31 95 95 15 31 96 96 35 28 97 97 36 32 98 98 15 31 99 99 36 32 100 100 16 33 101 101 16 33 102 102 36 32 103 103 17 34 104 104 16 33 105 105 17 34 106 106 18 35 107 107 18 35 108 108 17 34 109 109 19 30 110 110 19 30 111 111 17 34 112 112 20 29 113 113 20 29 114 114 17 34 115 115 21 36 116 116 20 29 117 117 21 36 118 118 14 27 119 119 14 27 120 120 21 36 121 121 39 37 122 122 14 27 123 123 39 37 124 124 22 25 125 125 22 25 126 126 39 37 127 127 130 38 128 128 22 25 129 129 130 38 130 130 12 23 131 131 12 23 132 132 130 38 133 133 23 39 134 134 12 23 135 135 23 39 136 136 11 21 137 137 11 21 138 138 23 39 139 139 24 40 140 140 11 21 141 141 24 40 142 142 9 18 143 143 9 18 144 144 24 40 145 145 8 16 146 146 8 16 147 147 24 40 148 148 26 41 149 149 8 16 150 150 26 41 151 151 25 15 152 152 25 15 153 153 26 41 154 154 28 42 155 155 28 42 156 156 26 41 157 157 134 43 158 158 28 42 159 159 134 43 160 160 27 44 161 161 27 44 162 162 0 2 163 163 28 42 164 164 28 42 165 165 0 2 166 166 2 5 167 167 28 42 168 168 2 5 169 169 34 45 170 170 28 42 171 171 34 45 172 172 25 15 173 173 25 15 174 174 34 45 175 175 6 12 176 176 6 12 177 177 34 45 178 178 29 46 179 179 6 12 180 180 29 46 181 181 30 11 182 182 30 11 183 183 29 46 184 184 31 47 185 185 30 11 186 186 31 47 187 187 32 48 188 188 30 11 189 189 32 48 190 190 4 10 191 191 4 10 192 192 32 48 193 193 31 47 194 194 4 10 195 195 31 47 196 196 3 9 197 197 3 9 198 198 31 47 199 199 29 46 200 200 3 9 201 201 29 46 202 202 33 8 203 203 33 8 204 204 29 46 205 205 2 5 206 206 2 5 207 207 29 46 208 208 34 45 209 209 35 28 210 210 13 26 211 211 36 32 212 212 36 32 213 213 13 26 214 214 37 24 215 215 36 32 216 216 37 24 217 217 17 34 218 218 17 34 219 219 37 24 220 220 21 36 221 221 21 36 222 222 37 24 223 223 38 22 224 224 21 36 225 225 38 22 226 226 39 37 227 227 39 37 228 228 38 22 229 229 10 20 230 230 39 37 231 231 10 20 232 232 130 38 233 233 130 38 234 234 10 20 235 235 40 19 236 236 130 38 237 237 40 19 238 238 131 49 239 239 131 49 240 240 40 19 241 241 41 17 242 242 131 49 243 243 41 17 244 244 42 50 245 245 42 50 246 246 41 17 247 247 43 51 248 248 43 51 249 249 41 17 250 250 44 52 251 251 44 52 252 252 41 17 253 253 169 13 254 254 44 52 255 255 169 13 256 256 45 53 257 257 45 53 258 258 169 13 259 259 46 1 260 260 45 53 261 261 46 1 262 262 47 54 263 263 47 54 264 264 46 1 265 265 53 0 266 266 47 54 267 267 53 0 268 268 48 55 269 269 48 55 270 270 53 0 271 271 52 56 272 272 48 55 273 273 52 56 274 274 49 57 275 275 48 55 276 276 49 57 277 277 50 58 278 278 48 55 279 279 50 58 280 280 47 54 281 281 47 54 282 282 50 58 283 283 49 57 284 284 47 54 285 285 49 57 286 286 51 59 287 287 51 59 288 288 49 57 289 289 52 56 290 290 51 59 291 291 52 56 292 292 54 60 293 293 54 60 294 294 52 56 295 295 53 0 296 296 54 60 297 297 53 0 298 298 0 2 299 299 54 60 300 300 0 2 301 301 51 59 302 302 51 59 303 303 0 2 304 304 27 44 305 305 51 59 306 306 27 44 307 307 47 54 308 308 47 54 309 309 27 44 310 310 45 53 311 311 45 53 312 312 27 44 313 313 44 52 314 314 55 61 315 315 58 62 316 316 56 63 317 317 56 63 318 318 58 62 319 319 59 64 320 320 56 63 321 321 59 64 322 322 60 65 323 323 56 63 324 324 60 65 325 325 55 61 326 326 55 61 327 327 60 65 328 328 57 66 329 329 55 61 330 330 57 66 331 331 58 62 332 332 58 62 333 333 57 66 334 334 85 67 335 335 58 62 336 336 85 67 337 337 129 68 338 338 58 62 339 339 129 68 340 340 59 64 341 341 59 64 342 342 129 68 343 343 60 65 344 344 60 65 345 345 129 68 346 346 128 69 347 347 60 65 348 348 128 69 349 349 57 66 350 350 57 66 351 351 128 69 352 352 61 70 353 353 57 66 354 354 61 70 355 355 62 71 356 356 57 66 357 357 62 71 358 358 85 67 359 359 85 67 360 360 62 71 361 361 67 72 362 362 85 67 363 363 67 72 364 364 63 73 365 365 63 73 366 366 67 72 367 367 66 74 368 368 63 73 369 369 66 74 370 370 64 75 371 371 63 73 372 372 64 75 373 373 65 76 374 374 65 76 375 375 64 75 376 376 66 74 377 377 65 76 378 378 66 74 379 379 83 77 380 380 83 77 381 381 66 74 382 382 67 72 383 383 83 77 384 384 67 72 385 385 68 78 386 386 68 78 387 387 67 72 388 388 62 71 389 389 68 78 390 390 62 71 391 391 84 79 392 392 84 79 393 393 62 71 394 394 72 80 395 395 84 79 396 396 72 80 397 397 69 81 398 398 69 81 399 399 72 80 400 400 70 82 401 401 69 81 402 402 70 82 403 403 86 83 404 404 86 83 405 405 70 82 406 406 71 84 407 407 76 85 408 408 71 84 409 409 70 82 410 410 76 85 411 411 70 82 412 412 74 86 413 413 74 86 414 414 70 82 415 415 72 80 416 416 74 86 417 417 72 80 418 418 62 71 419 419 62 71 420 420 61 70 421 421 74 86 422 422 74 86 423 423 61 70 424 424 73 87 425 425 74 86 426 426 73 87 427 427 75 88 428 428 74 86 429 429 75 88 430 430 76 85 431 431 76 85 432 432 75 88 433 433 120 89 434 434 76 85 435 435 120 89 436 436 106 90 437 437 76 85 438 438 106 90 439 439 71 84 440 440 71 84 441 441 106 90 442 442 77 91 443 443 77 91 444 444 106 90 445 445 78 92 446 446 77 91 447 447 78 92 448 448 92 93 449 449 92 93 450 450 78 92 451 451 79 94 452 452 79 94 453 453 78 92 454 454 104 95 455 455 79 94 456 456 104 95 457 457 94 96 458 458 94 96 459 459 104 95 460 460 80 97 461 461 94 96 462 462 80 97 463 463 97 98 464 464 97 98 465 465 80 97 466 466 100 99 467 467 100 99 468 468 80 97 469 469 81 100 470 470 100 99 471 471 81 100 472 472 82 101 473 473 83 77 474 474 68 78 475 475 84 79 476 476 83 77 477 477 84 79 478 478 65 76 479 479 65 76 480 480 84 79 481 481 63 73 482 482 63 73 483 483 84 79 484 484 69 81 485 485 63 73 486 486 69 81 487 487 85 67 488 488 85 67 489 489 69 81 490 490 87 102 491 491 87 102 492 492 69 81 493 493 86 83 494 494 87 102 495 495 86 83 496 496 71 84 497 497 87 102 498 498 71 84 499 499 88 103 500 500 88 103 501 501 71 84 502 502 77 91 503 503 88 103 504 504 77 91 505 505 89 104 506 506 89 104 507 507 77 91 508 508 92 93 509 509 89 104 510 510 92 93 511 511 90 105 512 512 90 105 513 513 92 93 514 514 91 106 515 515 90 105 516 516 91 106 517 517 105 107 518 518 105 107 519 519 91 106 520 520 103 108 521 521 103 108 522 522 91 106 523 523 92 93 524 524 103 108 525 525 92 93 526 526 102 109 527 527 102 109 528 528 92 93 529 529 79 94 530 530 102 109 531 531 79 94 532 532 93 110 533 533 93 110 534 534 79 94 535 535 94 96 536 536 93 110 537 537 94 96 538 538 95 111 539 539 95 111 540 540 94 96 541 541 97 98 542 542 95 111 543 543 97 98 544 544 96 112 545 545 96 112 546 546 97 98 547 547 98 113 548 548 98 113 549 549 97 98 550 550 100 99 551 551 98 113 552 552 100 99 553 553 99 114 554 554 99 114 555 555 100 99 556 556 101 115 557 557 101 115 558 558 100 99 559 559 82 101 560 560 101 115 561 561 82 101 562 562 96 112 563 563 96 112 564 564 82 101 565 565 95 111 566 566 95 111 567 567 82 101 568 568 93 110 569 569 93 110 570 570 82 101 571 571 81 100 572 572 93 110 573 573 81 100 574 574 102 109 575 575 102 109 576 576 81 100 577 577 80 97 578 578 102 109 579 579 80 97 580 580 103 108 581 581 103 108 582 582 80 97 583 583 104 95 584 584 103 108 585 585 104 95 586 586 105 107 587 587 105 107 588 588 104 95 589 589 78 92 590 590 105 107 591 591 78 92 592 592 106 90 593 593 105 107 594 594 106 90 595 595 90 105 596 596 90 105 597 597 106 90 598 598 120 89 599 599 90 105 600 600 120 89 601 601 88 103 602 602 90 105 603 603 88 103 604 604 89 104 605 605 61 70 606 606 126 116 607 607 107 117 608 608 61 70 609 609 107 117 610 610 73 87 611 611 73 87 612 612 107 117 613 613 108 118 614 614 73 87 615 615 108 118 616 616 109 119 617 617 109 119 618 618 118 120 619 619 73 87 620 620 73 87 621 621 118 120 622 622 116 121 623 623 73 87 624 624 116 121 625 625 110 122 626 626 73 87 627 627 110 122 628 628 75 88 629 629 75 88 630 630 110 122 631 631 112 123 632 632 75 88 633 633 112 123 634 634 117 124 635 635 117 124 636 636 112 123 637 637 115 125 638 638 115 125 639 639 112 123 640 640 111 126 641 641 115 125 642 642 111 126 643 643 114 127 644 644 114 127 645 645 111 126 646 646 113 128 647 647 113 128 648 648 111 126 649 649 112 123 650 650 113 128 651 651 112 123 652 652 110 122 653 653 113 128 654 654 110 122 655 655 114 127 656 656 114 127 657 657 110 122 658 658 116 121 659 659 114 127 660 660 116 121 661 661 115 125 662 662 115 125 663 663 116 121 664 664 117 124 665 665 117 124 666 666 116 121 667 667 118 120 668 668 117 124 669 669 118 120 670 670 119 129 671 671 117 124 672 672 119 129 673 673 75 88 674 674 75 88 675 675 119 129 676 676 120 89 677 677 120 89 678 678 119 129 679 679 88 103 680 680 88 103 681 681 119 129 682 682 118 120 683 683 88 103 684 684 118 120 685 685 87 102 686 686 87 102 687 687 118 120 688 688 109 119 689 689 87 102 690 690 109 119 691 691 127 130 692 692 127 130 693 693 109 119 694 694 108 118 695 695 127 130 696 696 108 118 697 697 121 131 698 698 121 131 699 699 108 118 700 700 122 132 701 701 121 131 702 702 122 132 703 703 123 133 704 704 123 133 705 705 122 132 706 706 124 134 707 707 124 134 708 708 122 132 709 709 125 135 710 710 125 135 711 711 122 132 712 712 108 118 713 713 125 135 714 714 108 118 715 715 124 134 716 716 124 134 717 717 108 118 718 718 107 117 719 719 124 134 720 720 107 117 721 721 123 133 722 722 123 133 723 723 107 117 724 724 126 116 725 725 123 133 726 726 126 116 727 727 121 131 728 728 121 131 729 729 126 116 730 730 61 70 731 731 121 131 732 732 61 70 733 733 127 130 734 734 127 130 735 735 61 70 736 736 128 69 737 737 127 130 738 738 128 69 739 739 129 68 740 740 127 130 741 741 129 68 742 742 85 67 743 743 127 130 744 744 85 67 745 745 87 102 746 746 23 39 747 747 130 38 748 748 131 49 749 749 23 39 750 750 131 49 751 751 24 40 752 752 24 40 753 753 131 49 754 754 42 50 755 755 24 40 756 756 42 50 757 757 26 41 758 758 26 41 759 759 42 50 760 760 134 43 761 761 134 43 762 762 42 50 763 763 43 51 764 764 134 43 765 765 43 51 766 766 132 136 767 767 132 136 768 768 43 51 769 769 44 52 770 770 132 136 771 771 44 52 772 772 133 137 773 773 133 137 774 774 44 52 775 775 27 44 776 776 133 137 777 777 27 44 778 778 138 138 779 779 138 138 780 780 27 44 781 781 134 43 782 782 138 138 783 783 134 43 784 784 135 139 785 785 135 139 786 786 134 43 787 787 132 136 788 788 135 139 789 789 132 136 790 790 136 140 791 791 136 140 792 792 132 136 793 793 133 137 794 794 136 140 795 795 133 137 796 796 137 141 797 797 137 141 798 798 133 137 799 799 138 138 800 800 137 141 801 801 138 138 802 802 139 142 803 803 139 142 804 804 138 138 805 805 135 139 806 806 139 142 807 807 135 139 808 808 140 143 809 809 140 143 810 810 135 139 811 811 136 140 812 812 140 143 813 813 136 140 814 814 137 141 815 815 140 143 816 816 137 141 817 817 139 142 818 818 148 144 819 819 141 145 820 820 142 146 821 821 148 144 822 822 142 146 823 823 149 147 824 824 149 147 825 825 142 146 826 826 143 148 827 827 144 149 828 828 143 148 829 829 142 146 830 830 144 149 831 831 142 146 832 832 145 150 833 833 145 150 834 834 142 146 835 835 141 145 836 836 145 150 837 837 141 145 838 838 146 151 839 839 146 151 840 840 141 145 841 841 148 144 842 842 146 151 843 843 148 144 844 844 147 152 845 845 147 152 846 846 148 144 847 847 152 153 848 848 152 153 849 849 148 144 850 850 150 154 851 851 150 154 852 852 148 144 853 853 149 147 854 854 150 154 855 855 149 147 856 856 143 148 857 857 150 154 858 858 143 148 859 859 151 155 860 860 150 154 861 861 151 155 862 862 152 153 863 863 152 153 864 864 151 155 865 865 153 156 866 866 152 153 867 867 153 156 868 868 147 152 869 869 147 152 870 870 153 156 871 871 156 157 872 872 147 152 873 873 156 157 874 874 146 151 875 875 146 151 876 876 156 157 877 877 159 158 878 878 146 151 879 879 159 158 880 880 145 150 881 881 145 150 882 882 159 158 883 883 160 159 884 884 145 150 885 885 160 159 886 886 144 149 887 887 144 149 888 888 160 159 889 889 154 160 890 890 144 149 891 891 154 160 892 892 143 148 893 893 143 148 894 894 154 160 895 895 188 161 896 896 143 148 897 897 188 161 898 898 151 155 899 899 151 155 900 900 188 161 901 901 187 162 902 902 151 155 903 903 187 162 904 904 153 156 905 905 153 156 906 906 187 162 907 907 155 163 908 908 153 156 909 909 155 163 910 910 156 157 911 911 156 157 912 912 155 163 913 913 157 164 914 914 156 157 915 915 157 164 916 916 158 165 917 917 156 157 918 918 158 165 919 919 159 158 920 920 159 158 921 921 158 165 922 922 160 159 923 923 161 166 924 924 162 167 925 925 163 168 926 926 163 168 927 927 162 167 928 928 164 169 929 929 163 168 930 930 164 169 931 931 166 170 932 932 163 168 933 933 166 170 934 934 161 166 935 935 161 166 936 936 166 170 937 937 167 171 938 938 161 166 939 939 167 171 940 940 162 167 941 941 162 167 942 942 167 171 943 943 168 6 944 944 162 167 945 945 168 6 946 946 165 4 947 947 162 167 948 948 165 4 949 949 164 169 950 950 164 169 951 951 165 4 952 952 166 170 953 953 166 170 954 954 165 4 955 955 1 3 956 956 166 170 957 957 1 3 958 958 167 171 959 959 167 171 960 960 1 3 961 961 46 1 962 962 167 171 963 963 46 1 964 964 168 6 965 965 168 6 966 966 46 1 967 967 169 13 968 968 172 172 969 969 174 173 970 970 171 174 971 971 171 174 972 972 174 173 973 973 175 175 974 974 171 174 975 975 175 175 976 976 170 176 977 977 170 176 978 978 177 177 979 979 171 174 980 980 171 174 981 981 177 177 982 982 179 178 983 983 171 174 984 984 179 178 985 985 180 179 986 986 171 174 987 987 180 179 988 988 172 172 989 989 172 172 990 990 180 179 991 991 173 180 992 992 172 172 993 993 173 180 994 994 174 173 995 995 174 173 996 996 173 180 997 997 181 181 998 998 174 173 999 999 181 181 1000 1000 182 182 1001 1001 174 173 1002 1002 182 182 1003 1003 175 175 1004 1004 175 175 1005 1005 182 182 1006 1006 184 183 1007 1007 175 175 1008 1008 184 183 1009 1009 170 176 1010 1010 170 176 1011 1011 184 183 1012 1012 176 184 1013 1013 170 176 1014 1014 176 184 1015 1015 177 177 1016 1016 177 177 1017 1017 176 184 1018 1018 178 185 1019 1019 177 177 1020 1020 178 185 1021 1021 179 178 1022 1022 179 178 1023 1023 178 185 1024 1024 180 179 1025 1025 180 179 1026 1026 178 185 1027 1027 186 186 1028 1028 180 179 1029 1029 186 186 1030 1030 173 180 1031 1031 173 180 1032 1032 186 186 1033 1033 189 187 1034 1034 173 180 1035 1035 189 187 1036 1036 181 181 1037 1037 181 181 1038 1038 189 187 1039 1039 190 188 1040 1040 181 181 1041 1041 190 188 1042 1042 182 182 1043 1043 182 182 1044 1044 190 188 1045 1045 193 189 1046 1046 182 182 1047 1047 193 189 1048 1048 183 190 1049 1049 182 182 1050 1050 183 190 1051 1051 184 183 1052 1052 184 183 1053 1053 183 190 1054 1054 185 191 1055 1055 184 183 1056 1056 185 191 1057 1057 176 184 1058 1058 176 184 1059 1059 185 191 1060 1060 192 192 1061 1061 176 184 1062 1062 192 192 1063 1063 178 185 1064 1064 178 185 1065 1065 192 192 1066 1066 191 193 1067 1067 178 185 1068 1068 191 193 1069 1069 186 186 1070 1070 186 186 1071 1071 191 193 1072 1072 189 187 1073 1073 155 163 1074 1074 187 162 1075 1075 157 164 1076 1076 157 164 1077 1077 187 162 1078 1078 188 161 1079 1079 157 164 1080 1080 188 161 1081 1081 154 160 1082 1082 157 164 1083 1083 154 160 1084 1084 158 165 1085 1085 158 165 1086 1086 154 160 1087 1087 160 159 1088 1088 190 188 1089 1089 189 187 1090 1090 191 193 1091 1091 190 188 1092 1092 191 193 1093 1093 193 189 1094 1094 193 189 1095 1095 191 193 1096 1096 192 192 1097 1097 193 189 1098 1098 192 192 1099 1099 185 191 1100 1100 193 189 1101 1101 185 191 1102 1102 183 190 1103 1103</p>
        </triangles>
      </mesh>
    </geometry>
    <geometry id="unnamed_020-mesh" name="unnamed.020">
      <mesh>
        <source id="unnamed_020-mesh-positions">
          <float_array id="unnamed_020-mesh-positions-array" count="426">-0.117337 -0.105782 0.08687192 -0.156365 -0.103845 0.07424497 -0.16694 -0.117299 0.03282791 -0.146049 -0.146929 0.0643199 -0.115487 -0.147533 0.07775592 -0.07902699 -0.105125 0.07410794 -0.08584696 0.006278932 0.04596698 -0.134814 -0.001590013 0.07463496 -0.11888 0.02789288 0.303105 -0.08349996 0.005778908 0.303101 -0.08892595 -0.03408205 0.303101 -0.118786 -0.04722607 0.2289069 -0.15227 -0.03545004 0.2289109 -0.149465 -0.03408306 0.303108 -0.11888 -0.04290807 0.303104 -0.154516 0.005777895 0.303109 0.115637 -0.02467101 0.2408729 0.13187 -0.01705402 0.240875 0.115644 -0.02444005 0.186057 0.1342189 -0.001227021 0.1607069 0.118794 0.009322941 0.160706 0.104474 -0.009204983 0.131354 0.115648 -0.02443999 0.131356 0.10398 -0.00960797 0.07468599 0.1187959 0.009322941 0.131356 0.132017 -0.01718199 0.131357 0.115656 -0.02510297 0.07443296 0.115646 -0.02444005 0.160705 0.104472 -0.009205043 0.160704 0.132013 -0.01718205 0.186058 0.134218 -0.001227021 0.1860589 0.134262 -0.001293063 0.240875 0.118793 0.009322941 0.186057 0.118785 0.009551882 0.2408739 0.104504 -0.009173035 0.240872 0.104471 -0.009205043 0.186055 0.1320149 -0.01718205 0.1607069 0.134221 -0.001227021 0.131358 -0.08396095 -0.04844599 0.02873498 -0.09395295 -0.05389201 0.04792696 -0.08507198 -0.144239 0.06437492 -0.142082 -0.140639 0.01101595 -0.1149359 -0.159361 0.04492491 -0.06681799 -0.11288 0.03291594 -0.076065 -0.114213 2.19654e-5 -0.07728499 -0.014952 0.01349496 -0.118804 0.03175693 0.04345798 -0.118804 0.01879495 0.01349496 -0.1499429 0.00958395 0.01349496 -0.160323 -0.01495099 0.01349496 -0.08766496 0.00958395 0.01349496 -0.09170198 -0.001968979 0.001088976 -0.08901995 -0.04638695 0.01323795 -0.08836096 -0.04330796 0.001088976 0.15227 -0.03545004 0.2289109 0.158637 0.007257878 0.2289119 0.08684295 -0.03544902 0.228904 0.118786 -0.04722607 0.2289069 0.118787 0.03220993 0.228908 0.1149359 -0.159361 0.04492491 0.08507198 -0.144239 0.06437492 0.08901995 -0.04638695 0.01323795 0.07728499 -0.014952 0.01349496 0.08766496 0.00958395 0.01349496 0.118804 0.03175693 0.04345798 0.1499429 0.00958395 0.01349496 0.1517609 0.006278932 0.04596596 0.145907 -0.001967966 0.00108999 0.118804 0.01879495 0.01349496 0.118804 0.01537495 0.001088976 0.09170198 -0.001968979 0.001088976 0.08836096 -0.04330796 0.001088976 0.132443 -0.01762598 0.07473599 0.118804 -0.05800396 0.05233597 0.117337 -0.105782 0.08687192 0.146049 -0.146929 0.0643199 0.156365 -0.103845 0.07424497 0.154043 -0.04844599 0.02873593 0.16694 -0.117299 0.03282791 0.142082 -0.140639 0.01101595 0.115487 -0.147533 0.07775592 0.07902699 -0.105125 0.07410794 0.06681799 -0.11288 0.03291594 0.08396095 -0.04844599 0.02873498 0.09395295 -0.05389201 0.04792696 0.08584696 0.006278932 0.04596698 0.118804 0.009320974 0.074422 0.134814 -0.001590013 0.07463496 0.143822 -0.05389201 0.04792696 0.160323 -0.01495099 0.01349496 0.148719 -0.04638695 0.01323693 0.14919 -0.04370194 0.001088976 -0.118804 0.009320974 0.074422 -0.1187959 0.009322941 0.131356 -0.10398 -0.00960797 0.07468599 -0.115648 -0.02443999 0.131356 -0.118794 0.009322941 0.160706 -0.104472 -0.009205043 0.160704 -0.104474 -0.009204983 0.131354 -0.132017 -0.01718199 0.131357 -0.1320149 -0.01718205 0.1607069 -0.134221 -0.001227021 0.131358 -0.1342189 -0.001227021 0.1607069 -0.118793 0.009322941 0.186057 -0.115646 -0.02444005 0.160705 -0.132013 -0.01718205 0.186058 -0.134218 -0.001227021 0.1860589 -0.13187 -0.01705402 0.240875 -0.115637 -0.02467101 0.2408729 -0.115644 -0.02444005 0.186057 -0.104471 -0.009205043 0.186055 -0.104504 -0.009173035 0.240872 -0.118785 0.009551882 0.2408739 -0.134262 -0.001293063 0.240875 -0.115656 -0.02510297 0.07443296 -0.118804 -0.05800396 0.05233597 -0.132443 -0.01762598 0.07473599 -0.143822 -0.05389201 0.04792696 -0.1517609 0.006278932 0.04596596 -0.154043 -0.04844599 0.02873593 -0.145907 -0.001967966 0.00108999 0.157554 -0.1178089 -4.80357e-5 0.076065 -0.114213 2.19654e-5 0.08948498 -0.138318 0.0110619 0.115292 -0.150826 0.0217849 -0.118804 0.01537495 0.001088976 -0.14919 -0.04370194 0.001088976 -0.148719 -0.04638695 0.01323693 -0.157554 -0.1178089 -4.80357e-5 -0.08948498 -0.138318 0.0110619 -0.115292 -0.150826 0.0217849 0.08892595 -0.03408205 0.303101 0.11888 -0.04290807 0.303104 0.11888 0.02789288 0.303105 0.08075499 0.007258892 0.2289029 0.08349996 0.005778908 0.303101 0.154516 0.005777895 0.303109 0.149465 -0.03408306 0.303108 -0.158637 0.007257878 0.2289119 -0.118787 0.03220993 0.228908 -0.08684295 -0.03544902 0.228904 -0.08075499 0.007258892 0.2289029</float_array>
          <technique_common>
            <accessor source="#unnamed_020-mesh-positions-array" count="142" stride="3">
              <param name="X" type="float"/>
              <param name="Y" type="float"/>
              <param name="Z" type="float"/>
            </accessor>
          </technique_common>
        </source>
        <source id="unnamed_020-mesh-normals">
          <float_array id="unnamed_020-mesh-normals-array" count="426">0.003074288 0.1822763 0.9832426 0.01371163 0.05477541 0.9984046 -0.7080211 0.1405074 0.6920722 -0.6923847 0.05420297 0.7194898 -0.9795131 -0.2000671 -0.0229637 -0.9940229 -0.001955926 0.1091544 -0.7528908 -0.2713734 -0.5995932 -0.60433 -0.202753 -0.7705042 -0.375872 -0.7288876 -0.5722266 -0.6011778 -0.6855375 0.4106382 0.02409213 -0.6321604 0.7744629 0.6972565 0.1552426 0.6998094 0.6684818 0.08563029 0.7387825 0.9022009 0.02274477 0.4307162 0.8365747 0.4212638 0.3502565 0.1091998 0.9059424 0.4090768 0.001294612 0.9865547 0.1634266 -0.8697394 0.3732994 0.3228015 -0.8423778 0.4218881 0.3352764 -0.7852156 -0.4628228 0.4113777 0.006433367 0.8121019 -0.5834802 9.79783e-4 0.7790234 0.6269941 0.712469 0.3289655 0.6198143 0.7366014 0.3336383 -0.5883061 0.6262218 -0.5038861 -0.5949329 0.5992792 -0.5067512 0.6197321 0.005142629 -0.7817093 -0.6236218 0.002002656 -0.7417224 0.6707041 -0.7062404 0.3344172 0.6240109 -0.7404824 0.3395525 -0.5799914 -0.6257681 -0.5098757 -0.590289 -0.5977237 -0.5069736 0.6210508 -0.2514124 -0.9678714 -0.004111051 -0.9998944 0.01433914 -0.002356827 -0.2570719 -0.9663922 6.00754e-4 0.8007976 -0.5989332 -0.001495361 0.7988364 -0.6015459 0.001767396 0.7988853 -0.6014835 5.86748e-5 0.9143804 0.4048563 5.68323e-5 0.9138247 0.4060997 0.0027197 -0.1558018 0.9877884 -7.92219e-6 -0.1554113 0.9878497 6.52375e-4 -0.9999204 0.01261669 -5.37436e-5 -0.9998928 0.0140084 0.004276633 -0.2573065 -0.9663063 0.00675106 -0.9022009 0.02274477 0.4307162 -0.2959804 -0.7911314 0.5352632 -0.1091999 0.9059424 0.4090768 0.8697395 0.3732992 0.3228015 0.7852156 -0.4628229 0.4113777 0.7990847 -0.6011932 0.005510628 -0.2573847 -0.966309 -1.31434e-5 -0.9999216 0.01252067 2.71717e-4 -0.1557365 0.9877986 -3.03694e-4 0.9145354 0.4045052 8.25235e-4 0.9190286 0.3941856 -0.002059996 -0.1531472 0.9881948 -0.004150271 0.9922687 0.03399044 0.1193628 0.993346 -0.1144266 -0.01304876 0.6569367 -0.6360206 0.4048605 0.04408019 -0.9985704 -0.03023827 0.03889989 -0.8717569 -0.4883919 0.4396168 -0.6929082 -0.5715028 0.6182556 -0.1534323 -0.7708558 0.7505301 -0.2532988 -0.6103641 0.939775 -0.00182861 -0.3417891 0.6728003 0.65947 -0.3353194 0 0.941785 -0.3362161 -0.6727954 0.659479 -0.3353117 -0.9389108 0.002046704 -0.3441547 -0.4379057 0.225819 -0.870198 -3.42174e-6 0.6611503 -0.7502534 0.4380002 0.225589 -0.87021 0.6388757 -0.4669998 -0.6113501 0.7382982 0.3415615 -0.5815941 0.6231279 -0.5112536 -0.5918881 -0.005142569 -0.7817093 -0.6236218 -0.006433308 0.812102 -0.5834802 -0.6262217 -0.5038861 -0.5949329 -0.7366013 0.3336384 -0.5883061 -0.03889983 -0.8717569 -0.4883919 0.3758719 -0.7288875 -0.5722267 -0.04408013 -0.9985704 -0.03023833 -0.4396167 -0.6929083 -0.5715027 -0.6569367 -0.6360206 0.4048605 -0.993346 -0.1144267 -0.01304876 -0.6182556 -0.1534324 -0.7708558 -0.7505301 -0.2532989 -0.6103641 -0.9922687 0.03399038 0.1193628 -0.939775 -0.00182861 -0.3417891 -0.8365747 0.4212638 0.3502565 -0.6728003 0.6594702 -0.3353195 -0.001294672 0.9865547 0.1634266 0 0.941785 -0.3362161 0.6727953 0.659479 -0.3353117 0.8423777 0.4218881 0.3352764 0.9389108 0.002046942 -0.3441547 0.4379031 0.2258161 -0.8702 3.46142e-6 0.6611503 -0.7502534 -0.4379976 0.2255861 -0.8702121 -0.6388739 -0.4669979 -0.6113536 -0.003074288 0.1822763 0.9832426 0.7080211 0.1405074 0.6920722 -0.01371163 0.05477541 0.9984046 0.6923847 0.05420297 0.7194898 -0.6684818 0.08563029 0.7387826 -0.6972565 0.1552426 0.6998094 -0.02409207 -0.6321604 0.774463 0.6011778 -0.6855375 0.410638 0.9795131 -0.2000671 -0.02296382 0.9940229 -0.001955926 0.1091543 0.7528908 -0.2713734 -0.5995932 0.6043298 -0.2027529 -0.7705043 0.6290186 -0.4809623 -0.6107463 0.1554113 0.9878497 6.52375e-4 0.9998928 0.01400852 0.004276633 0.2573066 -0.9663062 0.00675106 0.2959805 -0.7911314 0.5352632 -0.7990848 -0.6011933 0.005510628 -0.9138247 0.4060996 0.0027197 0.1558017 0.9877884 -7.9222e-6 0.9999205 0.01261669 -5.37436e-5 0.2573847 -0.966309 -1.31434e-5 -0.7988852 -0.6014835 5.86748e-5 -0.9143804 0.4048563 5.68323e-5 0.1557365 0.9877986 -3.03692e-4 0.9999216 0.01252067 2.71717e-4 0.2570719 -0.9663922 6.00753e-4 -0.7984777 -0.6020238 8.62901e-4 -0.9142936 0.4050521 -1.04831e-4 -0.9185532 0.3952972 -1.76494e-4 -0.8000733 -0.5999022 3.21315e-4 0.2514123 -0.9678714 -0.004111051 0.9998945 0.01433914 -0.002356827 0.1531472 0.9881948 -0.004150271 -0.6290204 -0.4809644 -0.6107428 -0.5992792 -0.5067512 0.619732 -0.002002716 -0.7417224 0.6707041 -0.7124691 0.3289654 0.6198142 -9.798e-4 0.7790234 0.6269942 0.5948449 -0.5083892 0.6226556 0.7037877 0.3365238 0.6256474</float_array>
          <technique_common>
            <accessor source="#unnamed_020-mesh-normals-array" count="142" stride="3">
              <param name="X" type="float"/>
              <param name="Y" type="float"/>
              <param name="Z" type="float"/>
            </accessor>
          </technique_common>
        </source>
        <source id="unnamed_020-mesh-map-0">
          <float_array id="unnamed_020-mesh-map-0-array" count="1572">0.6685 0.5155 0.7313 0.4767 0.6681 0.4983 0.6681 0.4983 0.7313 0.4767 0.7359 0.4697 0.6681 0.4983 0.7359 0.4697 0.6651 0.4559 0.6651 0.4559 0.7359 0.4697 0.7455 0.4554 0.6651 0.4559 0.7455 0.4554 0.7491 0.4404 0.7491 0.4404 0.6657 0.4198001 0.6651 0.4559 0.6651 0.4559 0.6657 0.4198001 0.6372 0.428 0.6651 0.4559 0.6372 0.428 0.6263 0.4917 0.6651 0.4559 0.6263 0.4917 0.6681 0.4983 0.6681 0.4983 0.6263 0.4917 0.6243 0.5037 0.6681 0.4983 0.6243 0.5037 0.6685 0.5155 0.6685 0.5155 0.6243 0.5037 0.6681 0.4983 0.6685 0.5155 0.6681 0.4983 0.7313 0.4767 0.7313 0.4767 0.6681 0.4983 0.7359 0.4697 0.7313 0.4767 0.7359 0.4697 0.789 0.5133 0.789 0.5133 0.7359 0.4697 0.8101 0.4799 0.789 0.5133 0.8101 0.4799 0.8068 0.5143 0.8068 0.5143 0.8101 0.4799 0.8372 0.4787001 0.8068 0.5143 0.8372 0.4787001 0.7987 0.5138 0.7987 0.5138 0.8372 0.4787001 0.8101 0.4799 0.7987 0.5138 0.8101 0.4799 0.7696 0.5142 0.9069 0.6849 0.9069 0.7904 0.8656 0.7904 0.9069 0.6849 0.8656 0.7904 0.8656 0.6849 0.8656 0.6849 0.8656 0.7904 0.8241 0.6849 0.8241 0.6849 0.8656 0.7904 0.8241 0.7904 0.8241 0.6849 0.8241 0.7904 0.7833 0.6849 0.7833 0.6849 0.8241 0.7904 0.7833 0.7904 0.7833 0.7904 0.8241 0.7904 0.8656 0.7904 0.7833 0.7904 0.8656 0.7904 0.9069 0.7904 0.7833 0.7904 0.9069 0.7904 0.8656 0.7904 0.8656 0.7904 0.9069 0.7904 0.9069 0.6849 0.8656 0.7904 0.9069 0.6849 0.8656 0.6849 0.8656 0.7904 0.8656 0.6849 0.8241 0.6849 0.8656 0.7904 0.8241 0.6849 0.8241 0.7904 0.8241 0.7904 0.8241 0.6849 0.7833 0.6849 0.8241 0.7904 0.7833 0.6849 0.7833 0.7904 0.8241 0.7904 0.7833 0.7904 0.8656 0.7904 0.9121 0.7885 0.947 0.7885 0.9121 0.6653 0.9121 0.7885 0.9121 0.6653 0.9396 0.7885 0.9396 0.7885 0.9121 0.6653 0.9396 0.6652 0.9396 0.6652 0.9121 0.6653 0.9396 0.6301 0.9396 0.6652 0.9396 0.6301 0.9736 0.6298 0.9736 0.6298 0.9396 0.6301 0.9736 0.5636 0.9736 0.6298 0.9736 0.5636 0.9971 0.6296 0.9971 0.6296 0.9736 0.5636 0.9971 0.5634 0.9971 0.6296 0.9971 0.5634 0.947 0.6299 0.947 0.6299 0.9971 0.5634 0.947 0.5637 0.947 0.6299 0.947 0.5637 0.9121 0.564 0.9121 0.564 0.947 0.5637 0.947 0.4341 0.9121 0.564 0.947 0.4341 0.9121 0.4341 0.947 0.4341 0.947 0.5637 0.9971 0.5634 0.947 0.4341 0.9971 0.5634 0.9971 0.4341 0.9971 0.4341 0.9971 0.5634 0.9736 0.5636 0.9971 0.4341 0.9736 0.5636 0.9736 0.4341 0.9736 0.4341 0.9736 0.5636 0.9396 0.4341 0.9396 0.4341 0.9736 0.5636 0.9396 0.5639 0.9396 0.4341 0.9396 0.5639 0.9121 0.4341 0.9121 0.4341 0.9396 0.5639 0.9121 0.564 0.9121 0.564 0.9396 0.5639 0.9121 0.6302 0.9121 0.564 0.9121 0.6302 0.947 0.6299 0.947 0.6299 0.9121 0.6302 0.947 0.6649 0.947 0.6299 0.947 0.6649 0.9971 0.6296 0.9971 0.6296 0.947 0.6649 0.9971 0.6646 0.9971 0.6296 0.9971 0.6646 0.9736 0.6298 0.9736 0.6298 0.9971 0.6646 0.9736 0.6649 0.9736 0.6298 0.9736 0.6649 0.9396 0.6652 0.9396 0.6652 0.9736 0.6649 0.9396 0.7885 0.9396 0.7885 0.9736 0.6649 0.9736 0.7885 0.9736 0.7885 0.9736 0.6649 0.9971 0.6646 0.9736 0.7885 0.9971 0.6646 0.9971 0.7885 0.9971 0.7885 0.9971 0.6646 0.947 0.7885 0.947 0.7885 0.9971 0.6646 0.947 0.6649 0.947 0.7885 0.947 0.6649 0.9121 0.6653 0.9121 0.6653 0.947 0.6649 0.9121 0.6302 0.9121 0.6653 0.9121 0.6302 0.9396 0.6301 0.9396 0.6301 0.9121 0.6302 0.9396 0.5639 0.9396 0.6301 0.9396 0.5639 0.9736 0.5636 0.7455 0.4554 0.8101 0.4799 0.7359 0.4697 0.7455 0.4554 0.7359 0.4697 0.6651 0.4559 0.6651 0.4559 0.7359 0.4697 0.6681 0.4983 0.6651 0.4559 0.6681 0.4983 0.6263 0.4917 0.6263 0.4917 0.6681 0.4983 0.6243 0.5037 0.6263 0.4917 0.6243 0.5037 0.6165 0.4643 0.6165 0.4643 0.6243 0.5037 0.6263 0.4917 0.6165 0.4643 0.6263 0.4917 0.6372 0.428 0.6372 0.428 0.6228 0.4402 0.6165 0.4643 0.6165 0.4643 0.6228 0.4402 0.6372 0.428 0.6165 0.4643 0.6372 0.428 0.6263 0.4917 0.6263 0.4917 0.6372 0.428 0.6651 0.4559 0.6651 0.4559 0.6372 0.428 0.6657 0.4198001 0.6651 0.4559 0.6657 0.4198001 0.7491 0.4404 0.6651 0.4559 0.7491 0.4404 0.7455 0.4554 0.7455 0.4554 0.7491 0.4404 0.7869 0.4394 0.7455 0.4554 0.7869 0.4394 0.8101 0.4799 0.8101 0.4799 0.7869 0.4394 0.8164 0.4411 0.8101 0.4799 0.8164 0.4411 0.8372 0.4787001 0.8372 0.4787001 0.8164 0.4411 0.8275 0.4417 0.8372 0.4787001 0.8275 0.4417 0.8164 0.4411 0.8372 0.4787001 0.8164 0.4411 0.8101 0.4799 0.8101 0.4799 0.8164 0.4411 0.7869 0.4394 0.8031 0.4275 0.7869 0.4394 0.8164 0.4411 0.8031 0.4275 0.8164 0.4411 0.8251 0.4275 0.8251 0.4275 0.8164 0.4411 0.8275 0.4417 0.8251 0.4275 0.8275 0.4417 0.8164 0.4411 0.8251 0.4275 0.8164 0.4411 0.8031 0.4275 0.8031 0.4275 0.8164 0.4411 0.7869 0.4394 0.8031 0.4275 0.7869 0.4394 0.7491 0.4404 0.8031 0.4275 0.7491 0.4404 0.753 0.4279 0.8903 0.7343 0.8576 0.7136 0.8 0.7136 0.8903 0.7343 0.8 0.7136 0.8428 0.7541 0.889 0.7136 0.8335 0.7136 0.8 0.7343 0.889 0.7136 0.8 0.7343 0.8442 0.7541 0.6228 0.4402 0.6372 0.428 0.6165 0.4643 0.6228 0.4402 0.6165 0.4643 0.6372 0.428 0.6372 0.428 0.6165 0.4643 0.6263 0.4917 0.6372 0.428 0.6263 0.4917 0.6651 0.4559 0.6372 0.428 0.6651 0.4559 0.6657 0.4198001 0.6657 0.4198001 0.6651 0.4559 0.7491 0.4404 0.7491 0.4404 0.6651 0.4559 0.7455 0.4554 0.7491 0.4404 0.7455 0.4554 0.7869 0.4394 0.7869 0.4394 0.7455 0.4554 0.8101 0.4799 0.7869 0.4394 0.8101 0.4799 0.8164 0.4411 0.8164 0.4411 0.8101 0.4799 0.8372 0.4787001 0.8164 0.4411 0.8372 0.4787001 0.8275 0.4417 0.8275 0.4417 0.8372 0.4787001 0.8164 0.4411 0.8164 0.4411 0.8372 0.4787001 0.8101 0.4799 0.8164 0.4411 0.8101 0.4799 0.7869 0.4394 0.7869 0.4394 0.8031 0.4275 0.8164 0.4411 0.8164 0.4411 0.8031 0.4275 0.8251 0.4275 0.8164 0.4411 0.8251 0.4275 0.8275 0.4417 0.8275 0.4417 0.8251 0.4275 0.8164 0.4411 0.8164 0.4411 0.8251 0.4275 0.8031 0.4275 0.8164 0.4411 0.8031 0.4275 0.7869 0.4394 0.7869 0.4394 0.8031 0.4275 0.7491 0.4404 0.7491 0.4404 0.8031 0.4275 0.753 0.4279 0.6685 0.5155 0.6681 0.4983 0.7313 0.4767 0.7313 0.4767 0.6681 0.4983 0.7359 0.4697 0.7313 0.4767 0.7359 0.4697 0.7696 0.5142 0.7696 0.5142 0.7679 0.5137 0.7313 0.4767 0.7313 0.4767 0.7679 0.5137 0.789 0.5133 0.7313 0.4767 0.789 0.5133 0.7359 0.4697 0.7313 0.4767 0.7359 0.4697 0.6681 0.4983 0.7313 0.4767 0.6681 0.4983 0.6685 0.5155 0.6685 0.5155 0.6681 0.4983 0.6243 0.5037 0.6685 0.5155 0.6243 0.5037 0.6681 0.4983 0.6681 0.4983 0.6243 0.5037 0.6263 0.4917 0.6681 0.4983 0.6263 0.4917 0.6651 0.4559 0.6681 0.4983 0.6651 0.4559 0.7359 0.4697 0.7359 0.4697 0.6651 0.4559 0.7455 0.4554 0.7491 0.4404 0.7455 0.4554 0.6651 0.4559 0.7491 0.4404 0.6651 0.4559 0.6657 0.4198001 0.6657 0.4198001 0.6651 0.4559 0.6372 0.428 0.6372 0.428 0.6651 0.4559 0.6263 0.4917 0.6372 0.428 0.6263 0.4917 0.6165 0.4643 0.6165 0.4643 0.6263 0.4917 0.6243 0.5037 0.6165 0.4643 0.6243 0.5037 0.6263 0.4917 0.6263 0.4917 0.6243 0.5037 0.6681 0.4983 0.6263 0.4917 0.6681 0.4983 0.6651 0.4559 0.6651 0.4559 0.6681 0.4983 0.7359 0.4697 0.6651 0.4559 0.7359 0.4697 0.7455 0.4554 0.7455 0.4554 0.7359 0.4697 0.8101 0.4799 0.8101 0.4799 0.7359 0.4697 0.789 0.5133 0.8101 0.4799 0.789 0.5133 0.8068 0.5143 0.8101 0.4799 0.8068 0.5143 0.8372 0.4787001 0.8372 0.4787001 0.8068 0.5143 0.7987 0.5138 0.8372 0.4787001 0.7987 0.5138 0.8101 0.4799 0.8101 0.4799 0.7987 0.5138 0.7696 0.5142 0.8101 0.4799 0.7696 0.5142 0.7359 0.4697 0.8101 0.4799 0.7359 0.4697 0.7455 0.4554 0.8101 0.4799 0.7455 0.4554 0.7869 0.4394 0.7869 0.4394 0.7455 0.4554 0.7491 0.4404 0.7869 0.4394 0.7491 0.4404 0.8031 0.4275 0.8031 0.4275 0.7491 0.4404 0.7526 0.4279 0.9971 0.4341 0.9971 0.5634 0.947 0.4341 0.947 0.4341 0.9971 0.5634 0.947 0.5637 0.947 0.4341 0.947 0.5637 0.9121 0.564 0.947 0.4341 0.9121 0.564 0.9121 0.4341 0.9121 0.4341 0.9121 0.564 0.9396 0.5639 0.9121 0.4341 0.9396 0.5639 0.9396 0.4341 0.9396 0.4341 0.9396 0.5639 0.9736 0.5636 0.9396 0.4341 0.9736 0.5636 0.9736 0.4341 0.9736 0.4341 0.9736 0.5636 0.9971 0.4341 0.9971 0.4341 0.9736 0.5636 0.9971 0.5634 0.9971 0.5634 0.9736 0.5636 0.9971 0.6296 0.9971 0.5634 0.9971 0.6296 0.947 0.6299 0.9971 0.5634 0.947 0.6299 0.947 0.5637 0.947 0.5637 0.947 0.6299 0.9121 0.564 0.9121 0.564 0.947 0.6299 0.9121 0.6302 0.9121 0.564 0.9121 0.6302 0.9396 0.5639 0.9396 0.5639 0.9121 0.6302 0.9396 0.6301 0.9396 0.5639 0.9396 0.6301 0.9736 0.5636 0.9736 0.5636 0.9396 0.6301 0.9736 0.6298 0.9736 0.5636 0.9736 0.6298 0.9971 0.6296 0.9971 0.6296 0.9736 0.6298 0.9971 0.6646 0.9971 0.6296 0.9971 0.6646 0.947 0.6649 0.9971 0.6296 0.947 0.6649 0.947 0.6299 0.947 0.6299 0.947 0.6649 0.9121 0.6302 0.9121 0.6302 0.947 0.6649 0.9121 0.6653 0.9121 0.6302 0.9121 0.6653 0.9396 0.6301 0.9396 0.6301 0.9121 0.6653 0.9396 0.6652 0.9396 0.6301 0.9396 0.6652 0.9736 0.6298 0.9736 0.6298 0.9396 0.6652 0.9736 0.6649 0.9736 0.6298 0.9736 0.6649 0.9971 0.6646 0.9971 0.6646 0.9736 0.6649 0.9736 0.7885 0.9736 0.7885 0.9736 0.6649 0.9396 0.6652 0.9736 0.7885 0.9396 0.6652 0.9396 0.7885 0.9396 0.7885 0.9396 0.6652 0.9121 0.6653 0.9396 0.7885 0.9121 0.6653 0.9121 0.7885 0.9121 0.7885 0.9121 0.6653 0.947 0.7885 0.947 0.7885 0.9121 0.6653 0.947 0.6649 0.947 0.7885 0.947 0.6649 0.9971 0.6646 0.947 0.7885 0.9971 0.6646 0.9971 0.7885 0.9971 0.7885 0.9971 0.6646 0.9736 0.7885 0.789 0.5133 0.7679 0.5137 0.7313 0.4767 0.7313 0.4767 0.7679 0.5137 0.7696 0.5142 0.7313 0.4767 0.7696 0.5142 0.7359 0.4697 0.7359 0.4697 0.7696 0.5142 0.8101 0.4799 0.7359 0.4697 0.8101 0.4799 0.7455 0.4554 0.7455 0.4554 0.8101 0.4799 0.7869 0.4394 0.7455 0.4554 0.7869 0.4394 0.7491 0.4404 0.7491 0.4404 0.7869 0.4394 0.8031 0.4275 0.7491 0.4404 0.8031 0.4275 0.7526 0.4279 0.849 0.4321 0.8716 0.4193 0.8942 0.4321 0.849 0.4321 0.8942 0.4321 0.8462 0.4624 0.8462 0.4624 0.8942 0.4321 0.8969 0.4627 0.8462 0.4624 0.8969 0.4627 0.8467 0.4737 0.8467 0.4737 0.8969 0.4627 0.8965 0.4737 0.8467 0.4737 0.8965 0.4737 0.9056 0.5249 0.8467 0.4737 0.9056 0.5249 0.8376 0.5249 0.8376 0.5249 0.9056 0.5249 0.8496 0.5421 0.8496 0.5421 0.9056 0.5249 0.8935 0.5421 0.8496 0.5421 0.8935 0.5421 0.8716 0.5504 0.8942 0.4321 0.8716 0.4193 0.849 0.4321 0.8942 0.4321 0.849 0.4321 0.8969 0.4627 0.8969 0.4627 0.849 0.4321 0.8462 0.4624 0.8969 0.4627 0.8462 0.4624 0.8467 0.4737 0.8969 0.4627 0.8467 0.4737 0.8965 0.4737 0.8965 0.4737 0.8467 0.4737 0.9056 0.5249 0.9056 0.5249 0.8467 0.4737 0.8376 0.5249 0.9056 0.5249 0.8376 0.5249 0.8496 0.5421 0.9056 0.5249 0.8496 0.5421 0.8935 0.5421 0.8935 0.5421 0.8496 0.5421 0.8716 0.5504 0.8241 0.7904 0.7833 0.7904 0.8656 0.7904 0.8656 0.7904 0.7833 0.7904 0.9069 0.7904 0.8656 0.7904 0.9069 0.7904 0.9069 0.6849 0.9069 0.6849 0.8656 0.6849 0.8656 0.7904 0.8656 0.7904 0.8656 0.6849 0.8241 0.6849 0.8656 0.7904 0.8241 0.6849 0.8241 0.7904 0.8241 0.7904 0.8241 0.6849 0.7833 0.6849 0.8241 0.7904 0.7833 0.6849 0.7833 0.7904 0.7833 0.7904 0.7833 0.6849 0.8241 0.7904 0.7833 0.7904 0.8241 0.7904 0.8656 0.7904 0.7833 0.7904 0.8656 0.7904 0.9069 0.7904 0.9069 0.7904 0.8656 0.7904 0.9069 0.6849 0.9069 0.6849 0.8656 0.7904 0.8656 0.6849 0.8656 0.6849 0.8656 0.7904 0.8241 0.7904 0.8656 0.6849 0.8241 0.7904 0.8241 0.6849 0.8241 0.6849 0.8241 0.7904 0.7833 0.6849 0.8576 0.7136 0.8903 0.7343 0.8 0.7136 0.8 0.7136 0.8903 0.7343 0.8428 0.7541 0.8 0.7343 0.8335 0.7136 0.889 0.7136 0.8 0.7343 0.889 0.7136 0.8442 0.7541</float_array>
          <technique_common>
            <accessor source="#unnamed_020-mesh-map-0-array" count="786" stride="2">
              <param name="S" type="float"/>
              <param name="T" type="float"/>
            </accessor>
          </technique_common>
        </source>
        <source id="unnamed_020-mesh-colors-Col" name="Col">
          <float_array id="unnamed_020-mesh-colors-Col-array" count="3144">0 0 0 1 0 0 0 1 0 0 0 1 0 0 0 1 0 0 0 1 0 0 0 1 0 0 0 1 0 0 0 1 0 0 0 1 0 0 0 1 0 0 0 1 0 0 0 1 0 0 0 1 0 0 0 1 0 0 0 1 0 0 0 1 0 0 0 1 0 0 0 1 0 0 0 1 0 0 0 1 0 0 0 1 0 0 0 1 0 0 0 1 0 0 0 1 0 0 0 1 0 0 0 1 0 0 0 1 0 0 0 1 0 0 0 1 0 0 0 1 0 0 0 1 0 0 0 1 0 0 0 1 0 0 0 1 0 0 0 1 0 0 0 1 0 0 0 1 0 0 0 1 0 0 0 1 0 0 0 1 0 0 0 1 0 0 0 1 0 0 0 1 0 0 0 1 0 0 0 1 0 0 0 1 0 0 0 1 0 0 0 1 0 0 0 1 0 0 0 1 0 0 0 1 0 0 0 1 0 0 0 1 0 0 0 1 0 0 0 1 0 0 0 1 0 0 0 1 0 0 0 1 0 0 0 1 0 0 0 1 0 0 0 1 0 0 0 1 0 0 0 1 0 0 0 1 0 0 0 1 0 0 0 1 0 0 0 1 0 0 0 1 0 0 0 1 0 0 0 1 0 0 0 1 0 0 0 1 0 0 0 1 0 0 0 1 0 0 0 1 0 0 0 1 0 0 0 1 0 0 0 1 0 0 0 1 0 0 0 1 0 0 0 1 0 0 0 1 0 0 0 1 0 0 0 1 0 0 0 1 0 0 0 1 0 0 0 1 0 0 0 1 0 0 0 1 0 0 0 1 0 0 0 1 0 0 0 1 0 0 0 1 0 0 0 1 0 0 0 1 0 0 0 1 0 0 0 1 0 0 0 1 0 0 0 1 0 0 0 1 0 0 0 1 0 0 0 1 0 0 0 1 0 0 0 1 0 0 0 1 0 0 0 1 0 0 0 1 0 0 0 1 0 0 0 1 0 0 0 1 0 0 0 1 0 0 0 1 0 0 0 1 0 0 0 1 0 0 0 1 0 0 0 1 0 0 0 1 0 0 0 1 0 0 0 1 0 0 0 1 0 0 0 1 0 0 0 1 0 0 0 1 0 0 0 1 0 0 0 1 0 0 0 1 0 0 0 1 0 0 0 1 0 0 0 1 0 0 0 1 0 0 0 1 0 0 0 1 0 0 0 1 0 0 0 1 0 0 0 1 0 0 0 1 0 0 0 1 0 0 0 1 0 0 0 1 0 0 0 1 0 0 0 1 0 0 0 1 0 0 0 1 0 0 0 1 0 0 0 1 0 0 0 1 0 0 0 1 0 0 0 1 0 0 0 1 0 0 0 1 0 0 0 1 0 0 0 1 0 0 0 1 0 0 0 1 0 0 0 1 0 0 0 1 0 0 0 1 0 0 0 1 0 0 0 1 0 0 0 1 0 0 0 1 0 0 0 1 0 0 0 1 0 0 0 1 0 0 0 1 0 0 0 1 0 0 0 1 0 0 0 1 0 0 0 1 0 0 0 1 0 0 0 1 0 0 0 1 0 0 0 1 0 0 0 1 0 0 0 1 0 0 0 1 0 0 0 1 0 0 0 1 0 0 0 1 0 0 0 1 0 0 0 1 0 0 0 1 0 0 0 1 0 0 0 1 0 0 0 1 0 0 0 1 0 0 0 1 0 0 0 1 0 0 0 1 0 0 0 1 0 0 0 1 0 0 0 1 0 0 0 1 0 0 0 1 0 0 0 1 0 0 0 1 0 0 0 1 0 0 0 1 0 0 0 1 0 0 0 1 0 0 0 1 0 0 0 1 0 0 0 1 0 0 0 1 0 0 0 1 0 0 0 1 0 0 0 1 0 0 0 1 0 0 0 1 0 0 0 1 0 0 0 1 0 0 0 1 0 0 0 1 0 0 0 1 0 0 0 1 0 0 0 1 0 0 0 1 0 0 0 1 0 0 0 1 0 0 0 1 0 0 0 1 0 0 0 1 0 0 0 1 0 0 0 1 0 0 0 1 0 0 0 1 0 0 0 1 0 0 0 1 0 0 0 1 0 0 0 1 0 0 0 1 0 0 0 1 0 0 0 1 0 0 0 1 0 0 0 1 0 0 0 1 0 0 0 1 0 0 0 1 0 0 0 1 0 0 0 1 0 0 0 1 0 0 0 1 0 0 0 1 0 0 0 1 0 0 0 1 0 0 0 1 0 0 0 1 0 0 0 1 0 0 0 1 0 0 0 1 0 0 0 1 0 0 0 1 0 0 0 1 0 0 0 1 0 0 0 1 0 0 0 1 0 0 0 1 0 0 0 1 0 0 0 1 0 0 0 1 0 0 0 1 0 0 0 1 0 0 0 1 0 0 0 1 0 0 0 1 0 0 0 1 0 0 0 1 0 0 0 1 0 0 0 1 0 0 0 1 0 0 0 1 0 0 0 1 0 0 0 1 0 0 0 1 0 0 0 1 0 0 0 1 0 0 0 1 0 0 0 1 0 0 0 1 0 0 0 1 0 0 0 1 0 0 0 1 0 0 0 1 0 0 0 1 0 0 0 1 0 0 0 1 0 0 0 1 0 0 0 1 0 0 0 1 0 0 0 1 0 0 0 1 0 0 0 1 0 0 0 1 0 0 0 1 0 0 0 1 0 0 0 1 0 0 0 1 0 0 0 1 0 0 0 1 0 0 0 1 0 0 0 1 0 0 0 1 0 0 0 1 0 0 0 1 0 0 0 1 0 0 0 1 0 0 0 1 0 0 0 1 0 0 0 1 0 0 0 1 0 0 0 1 0 0 0 1 0 0 0 1 0 0 0 1 0 0 0 1 0 0 0 1 0 0 0 1 0 0 0 1 0 0 0 1 0 0 0 1 0 0 0 1 0 0 0 1 0 0 0 1 0 0 0 1 0 0 0 1 0 0 0 1 0 0 0 1 0 0 0 1 0 0 0 1 0 0 0 1 0 0 0 1 0 0 0 1 0 0 0 1 0 0 0 1 0 0 0 1 0 0 0 1 0 0 0 1 0 0 0 1 0 0 0 1 0 0 0 1 0 0 0 1 0 0 0 1 0 0 0 1 0 0 0 1 0 0 0 1 0 0 0 1 0 0 0 1 0 0 0 1 0 0 0 1 0 0 0 1 0 0 0 1 0 0 0 1 0 0 0 1 0 0 0 1 0 0 0 1 0 0 0 1 0 0 0 1 0 0 0 1 0 0 0 1 0 0 0 1 0 0 0 1 0 0 0 1 0 0 0 1 0 0 0 1 0 0 0 1 0 0 0 1 0 0 0 1 0 0 0 1 0 0 0 1 0 0 0 1 0 0 0 1 0 0 0 1 0 0 0 1 0 0 0 1 0 0 0 1 0 0 0 1 0 0 0 1 0 0 0 1 0 0 0 1 0 0 0 1 0 0 0 1 0 0 0 1 0 0 0 1 0 0 0 1 0 0 0 1 0 0 0 1 0 0 0 1 0 0 0 1 0 0 0 1 0 0 0 1 0 0 0 1 0 0 0 1 0 0 0 1 0 0 0 1 0 0 0 1 0 0 0 1 0 0 0 1 0 0 0 1 0 0 0 1 0 0 0 1 0 0 0 1 0 0 0 1 0 0 0 1 0 0 0 1 0 0 0 1 0 0 0 1 0 0 0 1 0 0 0 1 0 0 0 1 0 0 0 1 0 0 0 1 0 0 0 1 0 0 0 1 0 0 0 1 0 0 0 1 0 0 0 1 0 0 0 1 0 0 0 1 0 0 0 1 0 0 0 1 0 0 0 1 0 0 0 1 0 0 0 1 0 0 0 1 0 0 0 1 0 0 0 1 0 0 0 1 0 0 0 1 0 0 0 1 0 0 0 1 0 0 0 1 0 0 0 1 0 0 0 1 0 0 0 1 0 0 0 1 0 0 0 1 0 0 0 1 0 0 0 1 0 0 0 1 0 0 0 1 0 0 0 1 0 0 0 1 0 0 0 1 0 0 0 1 0 0 0 1 0 0 0 1 0 0 0 1 0 0 0 1 0 0 0 1 0 0 0 1 0 0 0 1 0 0 0 1 0 0 0 1 0 0 0 1 0 0 0 1 0 0 0 1 0 0 0 1 0 0 0 1 0 0 0 1 0 0 0 1 0 0 0 1 0 0 0 1 0 0 0 1 0 0 0 1 0 0 0 1 0 0 0 1 0 0 0 1 0 0 0 1 0 0 0 1 0 0 0 1 0 0 0 1 0 0 0 1 0 0 0 1 0 0 0 1 0 0 0 1 0 0 0 1 0 0 0 1 0 0 0 1 0 0 0 1 0 0 0 1 0 0 0 1 0 0 0 1 0 0 0 1 0 0 0 1 0 0 0 1 0 0 0 1 0 0 0 1 0 0 0 1 0 0 0 1 0 0 0 1 0 0 0 1 0 0 0 1 0 0 0 1 0 0 0 1 0 0 0 1 0 0 0 1 0 0 0 1 0 0 0 1 0 0 0 1 0 0 0 1 0 0 0 1 0 0 0 1 0 0 0 1 0 0 0 1 0 0 0 1 0 0 0 1 0 0 0 1 0 0 0 1 0 0 0 1 0 0 0 1 0 0 0 1 0 0 0 1 0 0 0 1 0 0 0 1 0 0 0 1 0 0 0 1 0 0 0 1 0 0 0 1 0 0 0 1 0 0 0 1 0 0 0 1 0 0 0 1 0 0 0 1 0 0 0 1 0 0 0 1 0 0 0 1 0 0 0 1 0 0 0 1 0 0 0 1 0 0 0 1 0 0 0 1 0 0 0 1 0 0 0 1 0 0 0 1 0 0 0 1 0 0 0 1 0 0 0 1 0 0 0 1 0 0 0 1 0 0 0 1 0 0 0 1 0 0 0 1 0 0 0 1 0 0 0 1 0 0 0 1 0 0 0 1 0 0 0 1 0 0 0 1 0 0 0 1 0 0 0 1 0 0 0 1 0 0 0 1 0 0 0 1 0 0 0 1 0 0 0 1 0 0 0 1 0 0 0 1 0 0 0 1 0 0 0 1 0 0 0 1 0 0 0 1 0 0 0 1 0 0 0 1 0 0 0 1 0 0 0 1 0 0 0 1 0 0 0 1 0 0 0 1 0 0 0 1 0 0 0 1 0 0 0 1 0 0 0 1 0 0 0 1 0 0 0 1 0 0 0 1 0 0 0 1 0 0 0 1 0 0 0 1 0 0 0 1 0 0 0 1 0 0 0 1 0 0 0 1 0 0 0 1 0 0 0 1 0 0 0 1 0 0 0 1 0 0 0 1 0 0 0 1 0 0 0 1 0 0 0 1 0 0 0 1 0 0 0 1 0 0 0 1 0 0 0 1 0 0 0 1 0 0 0 1 0 0 0 1 0 0 0 1 0 0 0 1 0 0 0 1 0 0 0 1 0 0 0 1 0 0 0 1 0 0 0 1 0 0 0 1 0 0 0 1 0 0 0 1 0 0 0 1 0 0 0 1 0 0 0 1 0 0 0 1 0 0 0 1 0 0 0 1 0 0 0 1 0 0 0 1 0 0 0 1 0 0 0 1 0 0 0 1 0 0 0 1 0 0 0 1 0 0 0 1 0 0 0 1 0 0 0 1 0 0 0 1 0 0 0 1 0 0 0 1 0 0 0 1 0 0 0 1 0 0 0 1 0 0 0 1 0 0 0 1 0 0 0 1 0 0 0 1 0 0 0 1 0 0 0 1 0 0 0 1 0 0 0 1 0 0 0 1 0 0 0 1 0 0 0 1 0 0 0 1 0 0 0 1 0 0 0 1 0 0 0 1 0 0 0 1 0 0 0 1 0 0 0 1 0 0 0 1 0 0 0 1 0 0 0 1 0 0 0 1 0 0 0 1 0 0 0 1 0 0 0 1 0 0 0 1 0 0 0 1 0 0 0 1 0 0 0 1 0 0 0 1 0 0 0 1 0 0 0 1 0 0 0 1 0 0 0 1 0 0 0 1 0 0 0 1 0 0 0 1 0 0 0 1 0 0 0 1 0 0 0 1 0 0 0 1 0 0 0 1 0 0 0 1 0 0 0 1 0 0 0 1 0 0 0 1 0 0 0 1 0 0 0 1 0 0 0 1 0 0 0 1 0 0 0 1 0 0 0 1 0 0 0 1 0 0 0 1 0 0 0 1 0 0 0 1 0 0 0 1 0 0 0 1 0 0 0 1 0 0 0 1 0 0 0 1 0 0 0 1 0 0 0 1 0 0 0 1 0 0 0 1 0 0 0 1 0 0 0 1 0 0 0 1 0 0 0 1 0 0 0 1 0 0 0 1 0 0 0 1 0 0 0 1 0 0 0 1 0 0 0 1 0 0 0 1 0 0 0 1 0 0 0 1 0 0 0 1 0 0 0 1 0 0 0 1 0 0 0 1 0 0 0 1 0 0 0 1 0 0 0 1 0 0 0 1 0 0 0 1 0 0 0 1 0 0 0 1 0 0 0 1 0 0 0 1 0 0 0 1 0 0 0 1 0 0 0 1 0 0 0 1 0 0 0 1 0 0 0 1 0 0 0 1 0 0 0 1 0 0 0 1 0 0 0 1 0 0 0 1 0 0 0 1 0 0 0 1 0 0 0 1 0 0 0 1 0 0 0 1 0 0 0 1 0 0 0 1 0 0 0 1 0 0 0 1 0 0 0 1 0 0 0 1 0 0 0 1 0 0 0 1 0 0 0 1 0 0 0 1 0 0 0 1 0 0 0 1 0 0 0 1 0 0 0 1 0 0 0 1 0 0 0 1 0 0 0 1 0 0 0 1 0 0 0 1 0 0 0 1 0 0 0 1 0 0 0 1 0 0 0 1 0 0 0 1 0 0 0 1 0 0 0 1 0 0 0 1 0 0 0 1 0 0 0 1 0 0 0 1 0 0 0 1 0 0 0 1 0 0 0 1 0 0 0 1 0 0 0 1 0 0 0 1 0 0 0 1 0 0 0 1 0 0 0 1 0 0 0 1 0 0 0 1 0 0 0 1 0 0 0 1 0 0 0 1 0 0 0 1 0 0 0 1 0 0 0 1 0 0 0 1 0 0 0 1 0 0 0 1</float_array>
          <technique_common>
            <accessor source="#unnamed_020-mesh-colors-Col-array" count="786" stride="4">
              <param name="R" type="float"/>
              <param name="G" type="float"/>
              <param name="B" type="float"/>
              <param name="A" type="float"/>
            </accessor>
          </technique_common>
        </source>
        <vertices id="unnamed_020-mesh-vertices">
          <input semantic="POSITION" source="#unnamed_020-mesh-positions"/>
        </vertices>
        <triangles material="unnamed_005-material" count="262">
          <input semantic="VERTEX" source="#unnamed_020-mesh-vertices" offset="0"/>
          <input semantic="NORMAL" source="#unnamed_020-mesh-normals" offset="1"/>
          <input semantic="TEXCOORD" source="#unnamed_020-mesh-map-0" offset="2" set="0"/>
          <input semantic="COLOR" source="#unnamed_020-mesh-colors-Col" offset="3" set="0"/>
          <p>0 0 0 0 115 1 1 1 1 2 2 2 1 2 3 3 115 1 4 4 117 3 5 5 1 2 6 6 117 3 7 7 2 4 8 8 2 4 9 9 117 3 10 10 119 5 11 11 2 4 12 12 119 5 13 13 127 6 14 14 127 6 15 15 128 7 16 16 2 4 17 17 2 4 18 18 128 7 19 19 41 8 20 20 2 4 21 21 41 8 22 22 3 9 23 23 2 4 24 24 3 9 25 25 1 2 26 26 1 2 27 27 3 9 28 28 4 10 29 29 1 2 30 30 4 10 31 31 0 0 32 32 0 0 33 33 4 10 34 34 5 11 35 35 0 0 36 36 5 11 37 37 115 1 38 38 115 1 39 39 5 11 40 40 39 12 41 41 115 1 42 42 39 12 43 43 94 13 44 44 94 13 45 45 39 12 46 46 6 14 47 47 94 13 48 48 6 14 49 49 92 15 50 50 92 15 51 51 6 14 52 52 46 16 53 53 92 15 54 54 46 16 55 55 7 17 56 56 7 17 57 57 46 16 58 58 118 18 59 59 7 17 60 60 118 18 61 61 116 19 62 62 139 20 63 63 8 21 64 64 9 22 65 65 139 20 66 66 9 22 67 67 141 23 68 68 141 23 69 69 9 22 70 70 140 24 71 71 140 24 72 72 9 22 73 73 10 25 74 74 140 24 75 75 10 25 76 76 11 26 77 77 11 26 78 78 10 25 79 79 14 27 80 80 14 27 81 81 10 25 82 82 9 22 83 83 14 27 84 84 9 22 85 85 8 21 86 86 14 27 87 87 8 21 88 88 15 28 89 89 15 28 90 90 8 21 91 91 139 20 92 92 15 28 93 93 139 20 94 94 138 29 95 95 15 28 96 96 138 29 97 97 12 30 98 98 15 28 99 99 12 30 100 100 13 31 101 101 13 31 102 102 12 30 103 103 11 26 104 104 13 31 105 105 11 26 106 106 14 27 107 107 13 31 108 108 14 27 109 109 15 28 110 110 16 32 111 111 34 33 112 112 18 34 113 113 16 32 114 114 18 34 115 115 17 35 116 116 17 35 117 117 18 34 118 118 29 36 119 119 29 36 120 120 18 34 121 121 36 37 122 122 29 36 123 123 36 37 124 124 19 38 125 125 19 38 126 126 36 37 127 127 37 39 128 128 19 38 129 129 37 39 130 130 20 40 131 131 20 40 132 132 37 39 133 133 24 41 134 134 20 40 135 135 24 41 136 136 28 42 137 137 28 42 138 138 24 41 139 139 21 43 140 140 28 42 141 141 21 43 142 142 22 44 143 143 22 44 144 144 21 43 145 145 23 45 146 146 22 44 147 147 23 45 148 148 26 46 149 149 23 45 150 150 21 43 151 151 24 41 152 152 23 45 153 153 24 41 154 154 86 47 155 155 86 47 156 156 24 41 157 157 37 39 158 158 86 47 159 159 37 39 160 160 87 48 161 161 87 48 162 162 37 39 163 163 72 49 164 164 72 49 165 165 37 39 166 166 25 50 167 167 72 49 168 168 25 50 169 169 26 46 170 170 26 46 171 171 25 50 172 172 22 44 173 173 22 44 174 174 25 50 175 175 27 51 176 176 22 44 177 177 27 51 178 178 28 42 179 179 28 42 180 180 27 51 181 181 35 52 182 182 28 42 183 183 35 52 184 184 20 40 185 185 20 40 186 186 35 52 187 187 32 53 188 188 20 40 189 189 32 53 190 190 19 38 191 191 19 38 192 192 32 53 193 193 30 54 194 194 19 38 195 195 30 54 196 196 29 36 197 197 29 36 198 198 30 54 199 199 17 35 200 200 17 35 201 201 30 54 202 202 31 55 203 203 31 55 204 204 30 54 205 205 32 53 206 206 31 55 207 207 32 53 208 208 33 56 209 209 33 56 210 210 32 53 211 211 34 33 212 212 34 33 213 213 32 53 214 214 35 52 215 215 34 33 216 216 35 52 217 217 18 34 218 218 18 34 219 219 35 52 220 220 27 51 221 221 18 34 222 222 27 51 223 223 36 37 224 224 36 37 225 225 27 51 226 226 25 50 227 227 36 37 228 228 25 50 229 229 37 39 230 230 38 57 231 231 6 14 232 232 39 12 233 233 38 57 234 234 39 12 235 235 43 58 236 236 43 58 237 237 39 12 238 238 5 11 239 239 43 58 240 240 5 11 241 241 40 59 242 242 40 59 243 243 5 11 244 244 4 10 245 245 40 59 246 246 4 10 247 247 42 60 248 248 42 60 249 249 4 10 250 250 3 9 251 251 42 60 252 252 3 9 253 253 41 8 254 254 41 8 255 255 130 61 256 256 42 60 257 257 42 60 258 258 130 61 259 259 129 62 260 260 42 60 261 261 129 62 262 262 40 59 263 263 40 59 264 264 129 62 265 265 43 58 266 266 43 58 267 267 129 62 268 268 44 63 269 269 43 58 270 270 44 63 271 271 52 64 272 272 43 58 273 273 52 64 274 274 38 57 275 275 38 57 276 276 52 64 277 277 45 65 278 278 38 57 279 279 45 65 280 280 6 14 281 281 6 14 282 282 45 65 283 283 50 66 284 284 6 14 285 285 50 66 286 286 46 16 287 287 46 16 288 288 50 66 289 289 47 67 290 290 46 16 291 291 47 67 292 292 48 68 293 293 46 16 294 294 48 68 295 295 118 18 296 296 118 18 297 297 48 68 298 298 49 69 299 299 120 70 300 300 49 69 301 301 48 68 302 302 120 70 303 303 48 68 304 304 125 71 305 305 125 71 306 306 48 68 307 307 47 67 308 308 125 71 309 309 47 67 310 310 50 66 311 311 125 71 312 312 50 66 313 313 51 72 314 314 51 72 315 315 50 66 316 316 45 65 317 317 51 72 318 318 45 65 319 319 52 64 320 320 51 72 321 321 52 64 322 322 53 73 323 323 55 74 324 324 54 75 325 325 57 76 326 326 55 74 327 327 57 76 328 328 58 77 329 329 57 76 330 330 56 78 331 331 134 79 332 332 57 76 333 333 134 79 334 334 58 77 335 335 124 80 336 336 79 81 337 337 59 82 338 338 124 80 339 339 59 82 340 340 123 83 341 341 123 83 342 342 59 82 343 343 60 84 344 344 123 83 345 345 60 84 346 346 82 85 347 347 123 83 348 348 82 85 349 349 122 86 350 350 122 86 351 351 82 85 352 352 61 87 353 353 61 87 354 354 82 85 355 355 83 88 356 356 61 87 357 357 83 88 358 358 62 89 359 359 62 89 360 360 83 88 361 361 85 90 362 362 62 89 363 363 85 90 364 364 63 91 365 365 63 91 366 366 85 90 367 367 64 92 368 368 63 91 369 369 64 92 370 370 68 93 371 371 68 93 372 372 64 92 373 373 65 94 374 374 65 94 375 375 64 92 376 376 66 95 377 377 65 94 378 378 66 95 379 379 89 96 380 380 89 96 381 381 67 97 382 382 65 94 383 383 65 94 384 384 67 97 385 385 69 98 386 386 65 94 387 387 69 98 388 388 68 93 389 389 68 93 390 390 69 98 391 391 63 91 392 392 63 91 393 393 69 98 394 394 70 99 395 395 63 91 396 396 70 99 397 397 62 89 398 398 62 89 399 399 70 99 400 400 61 87 401 401 61 87 402 402 70 99 403 403 71 100 404 404 74 101 405 405 76 102 406 406 73 103 407 407 73 103 408 408 76 102 409 409 88 104 410 410 73 103 411 411 88 104 412 412 72 49 413 413 72 49 414 414 26 46 415 415 73 103 416 416 73 103 417 417 26 46 418 418 23 45 419 419 73 103 420 420 23 45 421 421 84 105 422 422 73 103 423 423 84 105 424 424 81 106 425 425 73 103 426 426 81 106 427 427 74 101 428 428 74 101 429 429 81 106 430 430 80 107 431 431 74 101 432 432 80 107 433 433 76 102 434 434 76 102 435 435 80 107 436 436 75 108 437 437 76 102 438 438 75 108 439 439 78 109 440 440 76 102 441 441 78 109 442 442 88 104 443 443 88 104 444 444 78 109 445 445 77 110 446 446 90 111 447 447 77 110 448 448 78 109 449 449 90 111 450 450 78 109 451 451 121 112 452 452 121 112 453 453 78 109 454 454 79 81 455 455 79 81 456 456 78 109 457 457 75 108 458 458 79 81 459 459 75 108 460 460 59 82 461 461 59 82 462 462 75 108 463 463 80 107 464 464 59 82 465 465 80 107 466 466 60 84 467 467 60 84 468 468 80 107 469 469 81 106 470 470 60 84 471 471 81 106 472 472 82 85 473 473 82 85 474 474 81 106 475 475 84 105 476 476 82 85 477 477 84 105 478 478 83 88 479 479 83 88 480 480 84 105 481 481 85 90 482 482 85 90 483 483 84 105 484 484 23 45 485 485 85 90 486 486 23 45 487 487 86 47 488 488 85 90 489 489 86 47 490 490 64 92 491 491 64 92 492 492 86 47 493 493 87 48 494 494 64 92 495 495 87 48 496 496 66 95 497 497 66 95 498 498 87 48 499 499 72 49 500 500 66 95 501 501 72 49 502 502 88 104 503 503 66 95 504 504 88 104 505 505 77 110 506 506 66 95 507 507 77 110 508 508 89 96 509 509 89 96 510 510 77 110 511 511 90 111 512 512 89 96 513 513 90 111 514 514 67 97 515 515 67 97 516 516 90 111 517 517 91 113 518 518 92 15 519 519 93 114 520 520 94 13 521 521 94 13 522 522 93 114 523 523 98 115 524 524 94 13 525 525 98 115 526 526 95 116 527 527 94 13 528 528 95 116 529 529 114 117 530 530 114 117 531 531 95 116 532 532 99 118 533 533 114 117 534 534 99 118 535 535 116 19 536 536 116 19 537 537 99 118 538 538 101 119 539 539 116 19 540 540 101 119 541 541 7 17 542 542 7 17 543 543 101 119 544 544 92 15 545 545 92 15 546 546 101 119 547 547 93 114 548 548 93 114 549 549 101 119 550 550 96 120 551 551 93 114 552 552 96 120 553 553 97 121 554 554 93 114 555 555 97 121 556 556 98 115 557 557 98 115 558 558 97 121 559 559 95 116 560 560 95 116 561 561 97 121 562 562 104 122 563 563 95 116 564 564 104 122 565 565 99 118 566 566 99 118 567 567 104 122 568 568 100 123 569 569 99 118 570 570 100 123 571 571 101 119 572 572 101 119 573 573 100 123 574 574 102 124 575 575 101 119 576 576 102 124 577 577 96 120 578 578 96 120 579 579 102 124 580 580 103 125 581 581 96 120 582 582 103 125 583 583 110 126 584 584 96 120 585 585 110 126 586 586 97 121 587 587 97 121 588 588 110 126 589 589 104 122 590 590 104 122 591 591 110 126 592 592 109 127 593 593 104 122 594 594 109 127 595 595 100 123 596 596 100 123 597 597 109 127 598 598 105 128 599 599 100 123 600 600 105 128 601 601 102 124 602 602 102 124 603 603 105 128 604 604 106 129 605 605 102 124 606 606 106 129 607 607 103 125 608 608 103 125 609 609 106 129 610 610 113 130 611 611 113 130 612 612 106 129 613 613 105 128 614 614 113 130 615 615 105 128 616 616 107 131 617 617 107 131 618 618 105 128 619 619 109 127 620 620 107 131 621 621 109 127 622 622 108 132 623 623 108 132 624 624 109 127 625 625 111 133 626 626 111 133 627 627 109 127 628 628 110 126 629 629 111 133 630 630 110 126 631 631 103 125 632 632 111 133 633 633 103 125 634 634 112 134 635 635 112 134 636 636 103 125 637 637 113 130 638 638 94 13 639 639 114 117 640 640 115 1 641 641 115 1 642 642 114 117 643 643 116 19 644 644 115 1 645 645 116 19 646 646 117 3 647 647 117 3 648 648 116 19 649 649 118 18 650 650 117 3 651 651 118 18 652 652 119 5 653 653 119 5 654 654 118 18 655 655 49 69 656 656 119 5 657 657 49 69 658 658 127 6 659 659 127 6 660 660 49 69 661 661 120 70 662 662 127 6 663 663 120 70 664 664 126 135 665 665 70 99 666 666 69 98 667 667 67 97 668 668 70 99 669 669 67 97 670 670 71 100 671 671 71 100 672 672 67 97 673 673 91 113 674 674 71 100 675 675 91 113 676 676 61 87 677 677 61 87 678 678 91 113 679 679 90 111 680 680 61 87 681 681 90 111 682 682 121 112 683 683 61 87 684 684 121 112 685 685 122 86 686 686 122 86 687 687 121 112 688 688 123 83 689 689 123 83 690 690 121 112 691 691 79 81 692 692 123 83 693 693 79 81 694 694 124 80 695 695 120 70 696 696 125 71 697 697 51 72 698 698 120 70 699 699 51 72 700 700 126 135 701 701 126 135 702 702 51 72 703 703 53 73 704 704 126 135 705 705 53 73 706 706 52 64 707 707 126 135 708 708 52 64 709 709 127 6 710 710 127 6 711 711 52 64 712 712 128 7 713 713 128 7 714 714 52 64 715 715 44 63 716 716 128 7 717 717 44 63 718 718 129 62 719 719 128 7 720 720 129 62 721 721 41 8 722 722 41 8 723 723 129 62 724 724 130 61 725 725 131 136 726 726 132 137 727 727 135 138 728 728 135 138 729 729 132 137 730 730 133 139 731 731 135 138 732 732 133 139 733 733 58 77 734 734 58 77 735 735 134 79 736 736 135 138 737 737 135 138 738 738 134 79 739 739 56 78 740 740 135 138 741 741 56 78 742 742 131 136 743 743 131 136 744 744 56 78 745 745 57 76 746 746 131 136 747 747 57 76 748 748 132 137 749 749 132 137 750 750 57 76 751 751 137 140 752 752 132 137 753 753 137 140 754 754 136 141 755 755 132 137 756 756 136 141 757 757 133 139 758 758 133 139 759 759 136 141 760 760 58 77 761 761 58 77 762 762 136 141 763 763 55 74 764 764 55 74 765 765 136 141 766 766 137 140 767 767 55 74 768 768 137 140 769 769 54 75 770 770 54 75 771 771 137 140 772 772 57 76 773 773 12 30 774 774 138 29 775 775 11 26 776 776 11 26 777 777 138 29 778 778 139 20 779 779 141 23 780 780 140 24 781 781 11 26 782 782 141 23 783 783 11 26 784 784 139 20 785 785</p>
        </triangles>
      </mesh>
    </geometry>
    <geometry id="unnamed_019-mesh" name="unnamed.019">
      <mesh>
        <source id="unnamed_019-mesh-positions">
          <float_array id="unnamed_019-mesh-positions-array" count="129">0.129634 -0.2056392 0.8237149 0.147938 -0.2066872 0.8056719 0.151524 -0.1774932 0.8594669 0.104631 -0.2052552 0.8303189 0.07962799 -0.2056392 0.8237149 0.06132495 -0.2066872 0.8056719 0.01084595 -0.1821462 0.779402 0.02341097 -0.1794602 0.8256269 0.05773895 -0.1774932 0.8594669 0.104631 -0.1795912 0.8718529 0.04711598 -0.1459422 0.8748329 0.1589 -0.1459422 0.8748329 0.1998159 -0.1483162 0.8339859 0.1858519 -0.1794602 0.8256269 0.154637 -0.2081202 0.7810249 0.147938 -0.2095522 0.756377 0.1858519 -0.1848332 0.7331759 0.198417 -0.1821462 0.779402 0.2178379 -0.1444062 0.778187 0.2188529 -0.1338393 0.9030219 0.104631 -0.1373533 0.9030219 0.103008 -0.1450732 0.8897839 -0.009588956 -0.1378912 0.9030219 0.006199955 -0.1483162 0.8339859 -0.008573949 -0.1483712 0.7781879 -0.009588956 -0.1598871 0.6601669 0.04711598 -0.1571761 0.6815429 0.104631 -0.1539822 0.6601669 0.2188529 -0.1465352 0.6601669 0.1998159 -0.1548022 0.7223899 0.1589 -0.1571761 0.6815429 0.104631 -0.2179252 0.7815949 0.104631 -0.2109852 0.7317299 0.129634 -0.2106012 0.738335 0.104631 -0.1889212 0.6869509 0.151524 -0.1868002 0.699337 0.103008 -0.1580452 0.666591 0.006199955 -0.1548022 0.7223899 0.02341097 -0.1848332 0.733177 0.05462497 -0.2081202 0.7810249 0.06132495 -0.2095522 0.756377 0.07962799 -0.2106012 0.738335 0.05773895 -0.1868002 0.699337</float_array>
          <technique_common>
            <accessor source="#unnamed_019-mesh-positions-array" count="43" stride="3">
              <param name="X" type="float"/>
              <param name="Y" type="float"/>
              <param name="Z" type="float"/>
            </accessor>
          </technique_common>
        </source>
        <source id="unnamed_019-mesh-normals">
          <float_array id="unnamed_019-mesh-normals-array" count="129">0 -0.9103367 0.4138686 -9.59386e-7 -0.9983154 0.05802178 0.1946849 -0.9053102 0.3775067 0.3302528 -0.9110837 0.2466973 0.3819589 -0.6484848 0.6584641 0.00388354 -0.6625952 0.7489677 -0.1946928 -0.9053086 0.3775062 -0.3302504 -0.9110835 0.2467014 -0.3815866 -0.9227678 0.05377185 -0.6147065 -0.6815265 0.3970612 -0.7254082 -0.6872438 0.03845667 -0.48813 -0.8311532 0.2662959 -0.2196083 -0.8330169 0.5077944 -0.3678241 -0.6650787 0.6499044 -0.008280038 -0.7143624 0.6997271 0.2412369 -0.8028946 0.5451286 0.5663313 -0.7730953 0.2856444 0.6384443 -0.654163 0.4055365 0.381583 -0.9227692 0.05377215 0.3298475 -0.9337507 -0.1389614 0.6412483 -0.6924124 -0.3307049 0.7463373 -0.6645486 0.03682154 0.8198298 -0.5715305 0.03509908 0.1472353 -0.9671529 0.2072129 0.01037138 -0.8947196 0.446508 -0.0818051 -0.9817953 0.1714241 -0.7931913 -0.6074535 0.04298728 -0.393629 -0.9100019 -0.1302028 0.0136069 -0.9981119 0.05989676 -0.186092 -0.9206579 -0.3431603 0.02773958 -0.8916027 -0.4519682 -0.0185095 -0.7296996 -0.6835173 0.2571259 -0.8348977 -0.4866541 0.1909849 -0.9748958 -0.1144679 0.5848814 -0.7848773 -0.2046497 0.3760782 -0.7146255 -0.5898097 0.1921862 -0.9423807 -0.2738306 -4.9963e-7 -0.9485301 -0.3166871 0.001541733 -0.7310792 -0.6822909 -0.361119 -0.7281847 -0.5825291 -0.6174166 -0.7185041 -0.3202322 -0.3298462 -0.9337505 -0.138966 -0.1921948 -0.9423791 -0.2738301</float_array>
          <technique_common>
            <accessor source="#unnamed_019-mesh-normals-array" count="43" stride="3">
              <param name="X" type="float"/>
              <param name="Y" type="float"/>
              <param name="Z" type="float"/>
            </accessor>
          </technique_common>
        </source>
        <source id="unnamed_019-mesh-map-0">
          <float_array id="unnamed_019-mesh-map-0-array" count="456">0.1256 0.8495 0.1256 0.7499 0.1527 0.836 0.1527 0.836 0.1256 0.7499 0.1726 0.7991001 0.1527 0.836 0.1726 0.7991001 0.1758 0.9066 0.1527 0.836 0.1758 0.9066 0.1256 0.9316 0.1527 0.836 0.1256 0.9316 0.1256 0.8495 0.1256 0.8495 0.1256 0.9316 0.09849995 0.836 0.1256 0.8495 0.09849995 0.836 0.1256 0.7499 0.1256 0.7499 0.09849995 0.836 0.07859998 0.7991001 0.1256 0.7499 0.07859998 0.7991001 0.07129997 0.7488 0.07129997 0.7488 0.07859998 0.7991001 0.0388 0.8385 0.07129997 0.7488 0.0388 0.8385 0.02529996 0.7454 0.02529996 0.7454 0.0388 0.8385 0.01879996 0.857 0.06319999 0.9404 0.01879996 0.857 0.0388 0.8385 0.06319999 0.9404 0.0388 0.8385 0.07549995 0.9066 0.07549995 0.9066 0.0388 0.8385 0.07859998 0.7991001 0.07549995 0.9066 0.07859998 0.7991001 0.09849995 0.836 0.07549995 0.9066 0.09849995 0.836 0.1256 0.9316 0.07549995 0.9066 0.1256 0.9316 0.06319999 0.9404 0.06319999 0.9404 0.1256 0.9316 0.1238 0.971 0.1238 0.971 0.1256 0.9316 0.1845 0.9404 0.1845 0.9404 0.1256 0.9316 0.1758 0.9066 0.1845 0.9404 0.1758 0.9066 0.2289 0.857 0.2289 0.857 0.1758 0.9066 0.2125 0.8385 0.2125 0.8385 0.1758 0.9066 0.1726 0.7991001 0.2125 0.8385 0.1726 0.7991001 0.1799 0.7488 0.1799 0.7488 0.1726 0.7991001 0.1256 0.7499 0.1799 0.7488 0.1256 0.7499 0.1726 0.6984 0.1726 0.6984 0.2125 0.6524 0.1799 0.7488 0.1799 0.7488 0.2125 0.6524 0.2258999 0.7454 0.1799 0.7488 0.2258999 0.7454 0.2125 0.8385 0.2125 0.8385 0.2258999 0.7454 0.2289 0.857 0.2289 0.857 0.2258999 0.7454 0.2495999 0.743 0.2289 0.857 0.2495999 0.743 0.2495999 0.998 0.2289 0.857 0.2495999 0.998 0.1845 0.9404 0.1845 0.9404 0.2495999 0.998 0.1256 0.998 0.1845 0.9404 0.1256 0.998 0.1238 0.971 0.1238 0.971 0.1256 0.998 0.06319999 0.9404 0.06319999 0.9404 0.1256 0.998 0.001599967 0.998 0.06319999 0.9404 0.001599967 0.998 0.01879996 0.857 0.01879996 0.857 0.001599967 0.998 0.001599967 0.743 0.01879996 0.857 0.001599967 0.743 0.02529996 0.7454 0.02529996 0.7454 0.001599967 0.743 0.01879996 0.6289 0.01879996 0.6289 0.001599967 0.743 0.001599967 0.5018 0.01879996 0.6289 0.001599967 0.5018 0.06319999 0.5455 0.06319999 0.5455 0.001599967 0.5018 0.1256 0.5018 0.06319999 0.5455 0.1256 0.5018 0.1238 0.5149 0.1238 0.5149 0.1256 0.5018 0.1845 0.5455 0.1845 0.5455 0.1256 0.5018 0.2373 0.5246 0.1845 0.5455 0.2373 0.5246 0.2289 0.6289 0.2289 0.6289 0.2373 0.5246 0.2495999 0.743 0.2289 0.6289 0.2495999 0.743 0.2258999 0.7454 0.2289 0.6289 0.2258999 0.7454 0.2125 0.6524 0.2289 0.6289 0.2125 0.6524 0.1845 0.5455 0.1845 0.5455 0.2125 0.6524 0.1758 0.5843 0.1758 0.5843 0.2125 0.6524 0.1726 0.6984 0.1758 0.5843 0.1726 0.6984 0.1527 0.6615 0.1527 0.6615 0.1726 0.6984 0.1256 0.7499 0.1527 0.6615 0.1256 0.7499 0.1256 0.648 0.1527 0.6615 0.1256 0.648 0.1256 0.5593 0.1527 0.6615 0.1256 0.5593 0.1758 0.5843 0.1758 0.5843 0.1256 0.5593 0.1845 0.5455 0.1845 0.5455 0.1256 0.5593 0.1238 0.5149 0.1238 0.5149 0.1256 0.5593 0.07549995 0.5843 0.1238 0.5149 0.07549995 0.5843 0.06319999 0.5455 0.06319999 0.5455 0.07549995 0.5843 0.0388 0.6524 0.06319999 0.5455 0.0388 0.6524 0.01879996 0.6289 0.01879996 0.6289 0.0388 0.6524 0.02529996 0.7454 0.02529996 0.7454 0.0388 0.6524 0.07129997 0.7488 0.07129997 0.7488 0.0388 0.6524 0.07859998 0.6984 0.07129997 0.7488 0.07859998 0.6984 0.1256 0.7499 0.1256 0.7499 0.07859998 0.6984 0.09849995 0.6615 0.1256 0.7499 0.09849995 0.6615 0.1256 0.648 0.1256 0.648 0.09849995 0.6615 0.1256 0.5593 0.1256 0.5593 0.09849995 0.6615 0.07549995 0.5843 0.07549995 0.5843 0.09849995 0.6615 0.07859998 0.6984 0.07549995 0.5843 0.07859998 0.6984 0.0388 0.6524</float_array>
          <technique_common>
            <accessor source="#unnamed_019-mesh-map-0-array" count="228" stride="2">
              <param name="S" type="float"/>
              <param name="T" type="float"/>
            </accessor>
          </technique_common>
        </source>
        <source id="unnamed_019-mesh-colors-Col" name="Col">
          <float_array id="unnamed_019-mesh-colors-Col-array" count="912">0 0 0 1 0 0 0 1 0 0 0 1 0 0 0 1 0 0 0 1 0 0 0 1 0 0 0 1 0 0 0 1 0 0 0 1 0 0 0 1 0 0 0 1 0 0 0 1 0 0 0 1 0 0 0 1 0 0 0 1 0 0 0 1 0 0 0 1 0 0 0 1 0 0 0 1 0 0 0 1 0 0 0 1 0 0 0 1 0 0 0 1 0 0 0 1 0 0 0 1 0 0 0 1 0 0 0 1 0 0 0 1 0 0 0 1 0 0 0 1 0 0 0 1 0 0 0 1 0 0 0 1 0 0 0 1 0 0 0 1 0 0 0 1 0 0 0 1 0 0 0 1 0 0 0 1 0 0 0 1 0 0 0 1 0 0 0 1 0 0 0 1 0 0 0 1 0 0 0 1 0 0 0 1 0 0 0 1 0 0 0 1 0 0 0 1 0 0 0 1 0 0 0 1 0 0 0 1 0 0 0 1 0 0 0 1 0 0 0 1 0 0 0 1 0 0 0 1 0 0 0 1 0 0 0 1 0 0 0 1 0 0 0 1 0 0 0 1 0 0 0 1 0 0 0 1 0 0 0 1 0 0 0 1 0 0 0 1 0 0 0 1 0 0 0 1 0 0 0 1 0 0 0 1 0 0 0 1 0 0 0 1 0 0 0 1 0 0 0 1 0 0 0 1 0 0 0 1 0 0 0 1 0 0 0 1 0 0 0 1 0 0 0 1 0 0 0 1 0 0 0 1 0 0 0 1 0 0 0 1 0 0 0 1 0 0 0 1 0 0 0 1 0 0 0 1 0 0 0 1 0 0 0 1 0 0 0 1 0 0 0 1 0 0 0 1 0 0 0 1 0 0 0 1 0 0 0 1 0 0 0 1 0 0 0 1 0 0 0 1 0 0 0 1 0 0 0 1 0 0 0 1 0 0 0 1 0 0 0 1 0 0 0 1 0 0 0 1 0 0 0 1 0 0 0 1 0 0 0 1 0 0 0 1 0 0 0 1 0 0 0 1 0 0 0 1 0 0 0 1 0 0 0 1 0 0 0 1 0 0 0 1 0 0 0 1 0 0 0 1 0 0 0 1 0 0 0 1 0 0 0 1 0 0 0 1 0 0 0 1 0 0 0 1 0 0 0 1 0 0 0 1 0 0 0 1 0 0 0 1 0 0 0 1 0 0 0 1 0 0 0 1 0 0 0 1 0 0 0 1 0 0 0 1 0 0 0 1 0 0 0 1 0 0 0 1 0 0 0 1 0 0 0 1 0 0 0 1 0 0 0 1 0 0 0 1 0 0 0 1 0 0 0 1 0 0 0 1 0 0 0 1 0 0 0 1 0 0 0 1 0 0 0 1 0 0 0 1 0 0 0 1 0 0 0 1 0 0 0 1 0 0 0 1 0 0 0 1 0 0 0 1 0 0 0 1 0 0 0 1 0 0 0 1 0 0 0 1 0 0 0 1 0 0 0 1 0 0 0 1 0 0 0 1 0 0 0 1 0 0 0 1 0 0 0 1 0 0 0 1 0 0 0 1 0 0 0 1 0 0 0 1 0 0 0 1 0 0 0 1 0 0 0 1 0 0 0 1 0 0 0 1 0 0 0 1 0 0 0 1 0 0 0 1 0 0 0 1 0 0 0 1 0 0 0 1 0 0 0 1 0 0 0 1 0 0 0 1 0 0 0 1 0 0 0 1 0 0 0 1 0 0 0 1 0 0 0 1 0 0 0 1 0 0 0 1 0 0 0 1 0 0 0 1 0 0 0 1 0 0 0 1 0 0 0 1 0 0 0 1 0 0 0 1 0 0 0 1 0 0 0 1 0 0 0 1 0 0 0 1 0 0 0 1 0 0 0 1 0 0 0 1 0 0 0 1 0 0 0 1 0 0 0 1 0 0 0 1 0 0 0 1 0 0 0 1 0 0 0 1 0 0 0 1 0 0 0 1 0 0 0 1 0 0 0 1 0 0 0 1 0 0 0 1 0 0 0 1 0 0 0 1 0 0 0 1 0 0 0 1 0 0 0 1 0 0 0 1 0 0 0 1</float_array>
          <technique_common>
            <accessor source="#unnamed_019-mesh-colors-Col-array" count="228" stride="4">
              <param name="R" type="float"/>
              <param name="G" type="float"/>
              <param name="B" type="float"/>
              <param name="A" type="float"/>
            </accessor>
          </technique_common>
        </source>
        <vertices id="unnamed_019-mesh-vertices">
          <input semantic="POSITION" source="#unnamed_019-mesh-positions"/>
        </vertices>
        <triangles material="unnamed_008-material" count="76">
          <input semantic="VERTEX" source="#unnamed_019-mesh-vertices" offset="0"/>
          <input semantic="NORMAL" source="#unnamed_019-mesh-normals" offset="1"/>
          <input semantic="TEXCOORD" source="#unnamed_019-mesh-map-0" offset="2" set="0"/>
          <input semantic="COLOR" source="#unnamed_019-mesh-colors-Col" offset="3" set="0"/>
          <p>3 0 0 0 31 1 1 1 0 2 2 2 0 2 3 3 31 1 4 4 1 3 5 5 0 2 6 6 1 3 7 7 2 4 8 8 0 2 9 9 2 4 10 10 9 5 11 11 0 2 12 12 9 5 13 13 3 0 14 14 3 0 15 15 9 5 16 16 4 6 17 17 3 0 18 18 4 6 19 19 31 1 20 20 31 1 21 21 4 6 22 22 5 7 23 23 31 1 24 24 5 7 25 25 39 8 26 26 39 8 27 27 5 7 28 28 7 9 29 29 39 8 30 30 7 9 31 31 6 10 32 32 6 10 33 33 7 9 34 34 23 11 35 35 10 12 36 36 23 11 37 37 7 9 38 38 10 12 39 39 7 9 40 40 8 13 41 41 8 13 42 42 7 9 43 43 5 7 44 44 8 13 45 45 5 7 46 46 4 6 47 47 8 13 48 48 4 6 49 49 9 5 50 50 8 13 51 51 9 5 52 52 10 12 53 53 10 12 54 54 9 5 55 55 21 14 56 56 21 14 57 57 9 5 58 58 11 15 59 59 11 15 60 60 9 5 61 61 2 4 62 62 11 15 63 63 2 4 64 64 12 16 65 65 12 16 66 66 2 4 67 67 13 17 68 68 13 17 69 69 2 4 70 70 1 3 71 71 13 17 72 72 1 3 73 73 14 18 74 74 14 18 75 75 1 3 76 76 31 1 77 77 14 18 78 78 31 1 79 79 15 19 80 80 15 19 81 81 16 20 82 82 14 18 83 83 14 18 84 84 16 20 85 85 17 21 86 86 14 18 87 87 17 21 88 88 13 17 89 89 13 17 90 90 17 21 91 91 12 16 92 92 12 16 93 93 17 21 94 94 18 22 95 95 12 16 96 96 18 22 97 97 19 23 98 98 12 16 99 99 19 23 100 100 11 15 101 101 11 15 102 102 19 23 103 103 20 24 104 104 11 15 105 105 20 24 106 106 21 14 107 107 21 14 108 108 20 24 109 109 10 12 110 110 10 12 111 111 20 24 112 112 22 25 113 113 10 12 114 114 22 25 115 115 23 11 116 116 23 11 117 117 22 25 118 118 24 26 119 119 23 11 120 120 24 26 121 121 6 10 122 122 6 10 123 123 24 26 124 124 37 27 125 125 37 27 126 126 24 26 127 127 25 28 128 128 37 27 129 129 25 28 130 130 26 29 131 131 26 29 132 132 25 28 133 133 27 30 134 134 26 29 135 135 27 30 136 136 36 31 137 137 36 31 138 138 27 30 139 139 30 32 140 140 30 32 141 141 27 30 142 142 28 33 143 143 30 32 144 144 28 33 145 145 29 34 146 146 29 34 147 147 28 33 148 148 18 22 149 149 29 34 150 150 18 22 151 151 17 21 152 152 29 34 153 153 17 21 154 154 16 20 155 155 29 34 156 156 16 20 157 157 30 32 158 158 30 32 159 159 16 20 160 160 35 35 161 161 35 35 162 162 16 20 163 163 15 19 164 164 35 35 165 165 15 19 166 166 33 36 167 167 33 36 168 168 15 19 169 169 31 1 170 170 33 36 171 171 31 1 172 172 32 37 173 173 33 36 174 174 32 37 175 175 34 38 176 176 33 36 177 177 34 38 178 178 35 35 179 179 35 35 180 180 34 38 181 181 30 32 182 182 30 32 183 183 34 38 184 184 36 31 185 185 36 31 186 186 34 38 187 187 42 39 188 188 36 31 189 189 42 39 190 190 26 29 191 191 26 29 192 192 42 39 193 193 38 40 194 194 26 29 195 195 38 40 196 196 37 27 197 197 37 27 198 198 38 40 199 199 6 10 200 200 6 10 201 201 38 40 202 202 39 8 203 203 39 8 204 204 38 40 205 205 40 41 206 206 39 8 207 207 40 41 208 208 31 1 209 209 31 1 210 210 40 41 211 211 41 42 212 212 31 1 213 213 41 42 214 214 32 37 215 215 32 37 216 216 41 42 217 217 34 38 218 218 34 38 219 219 41 42 220 220 42 39 221 221 42 39 222 222 41 42 223 223 40 41 224 224 42 39 225 225 40 41 226 226 38 40 227 227</p>
        </triangles>
      </mesh>
    </geometry>
    <geometry id="unnamed_018-mesh" name="unnamed.018">
      <mesh>
        <source id="unnamed_018-mesh-positions">
          <float_array id="unnamed_018-mesh-positions-array" count="39">0.05201596 -0.1994292 0.78119 0.05884695 -0.2009092 0.7557359 0.07751196 -0.2019922 0.7371029 0.103008 -0.2023882 0.7302829 0.128504 -0.2019922 0.7371029 0.1471689 -0.2009092 0.7557359 0.154 -0.1994292 0.78119 0.1471689 -0.1979502 0.8066429 0.103008 -0.2073062 0.781778 0.128504 -0.1968672 0.825276 0.103008 -0.1964702 0.8320959 0.07751196 -0.1968672 0.825276 0.05884695 -0.1979502 0.8066429</float_array>
          <technique_common>
            <accessor source="#unnamed_018-mesh-positions-array" count="13" stride="3">
              <param name="X" type="float"/>
              <param name="Y" type="float"/>
              <param name="Z" type="float"/>
            </accessor>
          </technique_common>
        </source>
        <source id="unnamed_018-mesh-normals">
          <float_array id="unnamed_018-mesh-normals-array" count="39">-0.1530587 -0.9865549 0.05729329 -0.1323603 -0.9910199 -0.01898509 0 -0.9982915 0.05843132 -0.07632845 -0.9942801 -0.07470715 0 -0.9954705 -0.09507185 0.07632851 -0.99428 -0.07470732 0.1323603 -0.9910199 -0.01898491 0.1530587 -0.9865549 0.05729317 0.1327378 -0.9820807 0.1337845 0.07670277 -0.9787948 0.1899406 0 -0.9775886 0.2105245 -0.07670265 -0.9787949 0.1899402 -0.1327377 -0.9820807 0.1337847</float_array>
          <technique_common>
            <accessor source="#unnamed_018-mesh-normals-array" count="13" stride="3">
              <param name="X" type="float"/>
              <param name="Y" type="float"/>
              <param name="Z" type="float"/>
            </accessor>
          </technique_common>
        </source>
        <source id="unnamed_018-mesh-map-0">
          <float_array id="unnamed_018-mesh-map-0-array" count="72">0.7851 0.6345 0.7724 0.587 0.6901 0.6345 0.6901 0.6345 0.7724 0.587 0.7376 0.5522 0.6901 0.6345 0.7376 0.5522 0.6901 0.5395 0.6901 0.5395 0.6426 0.5522 0.6901 0.6345 0.6901 0.6345 0.6426 0.5522 0.6079 0.587 0.6901 0.6345 0.6079 0.587 0.5951 0.6345 0.5951 0.6345 0.6079 0.682 0.6901 0.6345 0.6901 0.6345 0.6079 0.682 0.6426 0.7168 0.6901 0.6345 0.6426 0.7168 0.6901 0.7295 0.6901 0.7295 0.7376 0.7168 0.6901 0.6345 0.6901 0.6345 0.7376 0.7168 0.7724 0.682 0.6901 0.6345 0.7724 0.682 0.7851 0.6345</float_array>
          <technique_common>
            <accessor source="#unnamed_018-mesh-map-0-array" count="36" stride="2">
              <param name="S" type="float"/>
              <param name="T" type="float"/>
            </accessor>
          </technique_common>
        </source>
        <source id="unnamed_018-mesh-colors-Col" name="Col">
          <float_array id="unnamed_018-mesh-colors-Col-array" count="144">0 0 0 1 0 0 0 1 0 0 0 1 0 0 0 1 0 0 0 1 0 0 0 1 0 0 0 1 0 0 0 1 0 0 0 1 0 0 0 1 0 0 0 1 0 0 0 1 0 0 0 1 0 0 0 1 0 0 0 1 0 0 0 1 0 0 0 1 0 0 0 1 0 0 0 1 0 0 0 1 0 0 0 1 0 0 0 1 0 0 0 1 0 0 0 1 0 0 0 1 0 0 0 1 0 0 0 1 0 0 0 1 0 0 0 1 0 0 0 1 0 0 0 1 0 0 0 1 0 0 0 1 0 0 0 1 0 0 0 1 0 0 0 1</float_array>
          <technique_common>
            <accessor source="#unnamed_018-mesh-colors-Col-array" count="36" stride="4">
              <param name="R" type="float"/>
              <param name="G" type="float"/>
              <param name="B" type="float"/>
              <param name="A" type="float"/>
            </accessor>
          </technique_common>
        </source>
        <vertices id="unnamed_018-mesh-vertices">
          <input semantic="POSITION" source="#unnamed_018-mesh-positions"/>
        </vertices>
        <triangles material="unnamed_005-material" count="12">
          <input semantic="VERTEX" source="#unnamed_018-mesh-vertices" offset="0"/>
          <input semantic="NORMAL" source="#unnamed_018-mesh-normals" offset="1"/>
          <input semantic="TEXCOORD" source="#unnamed_018-mesh-map-0" offset="2" set="0"/>
          <input semantic="COLOR" source="#unnamed_018-mesh-colors-Col" offset="3" set="0"/>
          <p>0 0 0 0 1 1 1 1 8 2 2 2 8 2 3 3 1 1 4 4 2 3 5 5 8 2 6 6 2 3 7 7 3 4 8 8 3 4 9 9 4 5 10 10 8 2 11 11 8 2 12 12 4 5 13 13 5 6 14 14 8 2 15 15 5 6 16 16 6 7 17 17 6 7 18 18 7 8 19 19 8 2 20 20 8 2 21 21 7 8 22 22 9 9 23 23 8 2 24 24 9 9 25 25 10 10 26 26 10 10 27 27 11 11 28 28 8 2 29 29 8 2 30 30 11 11 31 31 12 12 32 32 8 2 33 33 12 12 34 34 0 0 35 35</p>
        </triangles>
      </mesh>
    </geometry>
    <geometry id="unnamed_017-mesh" name="unnamed.017">
      <mesh>
        <source id="unnamed_017-mesh-positions">
          <float_array id="unnamed_017-mesh-positions-array" count="147">0.05039596 -0.1418792 0.8691599 0.103008 -0.1410613 0.883234 0.146346 -0.1637062 0.8543389 0.15562 -0.1418792 0.8691599 0.1941339 -0.1441142 0.8307109 0.208232 -0.1471672 0.7781879 0.1941339 -0.1502192 0.7256639 0.15562 -0.1524542 0.6872149 0.103008 -0.1532722 0.673141 0.103008 -0.1730912 0.6928709 0.05039596 -0.1524542 0.6872149 0.01188194 -0.1502192 0.7256639 -0.002213954 -0.1471672 0.7781879 0.01633197 -0.1680622 0.779402 0.05966997 -0.1637062 0.8543389 0.06024599 -0.1906152 0.8056719 0.08162695 -0.1980342 0.793738 0.02794396 -0.1655472 0.822667 0.06024599 -0.1934802 0.756377 0.02794396 -0.1705762 0.7361369 0.07831895 -0.1945292 0.7383339 0.05966997 -0.1724172 0.704464 0.146346 -0.1724172 0.704464 0.1276969 -0.1945292 0.7383339 0.178072 -0.1705762 0.7361369 0.189685 -0.1680622 0.779402 0.178072 -0.1655472 0.822667 0.103008 -0.1630322 0.8659319 0.103008 -0.1891832 0.8303189 0.103008 -0.1973182 0.8060619 0.1276969 -0.1895662 0.8237149 0.115353 -0.1975102 0.80276 0.145771 -0.1906152 0.8056719 0.124389 -0.1980342 0.793738 0.152386 -0.1920482 0.7810249 0.1276969 -0.1987502 0.781414 0.145771 -0.1934802 0.756377 0.124389 -0.1994672 0.769091 0.115353 -0.1999912 0.7600689 0.103008 -0.1949132 0.7317299 0.08162695 -0.1994672 0.769091 0.05362999 -0.1920482 0.7810249 0.07831895 -0.1987502 0.781414 0.103008 -0.2018532 0.7815949 0.09066396 -0.1999912 0.7600689 0.103008 -0.2001832 0.7567669 0.09066396 -0.1975102 0.80276 0.07831895 -0.1895662 0.8237149 0.01188194 -0.1441142 0.8307109</float_array>
          <technique_common>
            <accessor source="#unnamed_017-mesh-positions-array" count="49" stride="3">
              <param name="X" type="float"/>
              <param name="Y" type="float"/>
              <param name="Z" type="float"/>
            </accessor>
          </technique_common>
        </source>
        <source id="unnamed_017-mesh-normals">
          <float_array id="unnamed_017-mesh-normals-array" count="147">-0.3742103 -0.6244988 0.6855421 -5.69962e-7 -0.7072934 0.7069202 -4.04868e-7 -0.6186847 0.7856394 0.332354 -0.7125765 0.6178799 0.3742111 -0.6244961 0.6855441 0.5753186 -0.7269955 0.3748148 0.6481535 -0.6403834 0.4120756 0.7484317 -0.6620945 0.03848201 0.6637884 -0.7466704 0.04322546 0.6481556 -0.6838085 -0.3351125 0.5743961 -0.7663072 -0.2878239 0.3742229 -0.6997006 -0.6085855 0.3314379 -0.7806633 -0.5298243 6.30397e-7 -0.7055137 -0.7086964 1.32572e-6 -0.7859135 -0.6183365 -0.3742234 -0.6996993 -0.6085867 -0.3314378 -0.7806636 -0.5298239 -0.648163 -0.6838074 -0.3351004 -0.5744017 -0.7663073 -0.2878122 -0.7484468 -0.6620777 0.03847646 -0.6637989 -0.7466613 0.04321932 -0.6481578 -0.6403828 0.4120696 -0.5753203 -0.7269962 0.3748108 -0.3323556 -0.7125763 0.6178794 -0.3708175 -0.8896423 0.2665166 -0.2143136 -0.8802705 0.4233127 -0.1778277 -0.9710884 0.1592628 -0.1026785 -0.9667278 0.234296 -3.67069e-7 -0.9983153 0.05802369 -0.2053159 -0.9770454 0.05681169 -0.4276459 -0.902404 0.05278414 -0.3698878 -0.9151261 -0.1603977 -0.2133598 -0.9244259 -0.3160924 1.70988e-6 -0.9278251 -0.3730158 0.2133571 -0.9244239 -0.3161 0.3698884 -0.9151263 -0.1603947 0.427638 -0.9024077 0.05278527 0.3708293 -0.8896378 0.2665153 0.2143048 -0.8802697 0.4233191 1.67091e-6 -0.8768418 0.4807791 4.48e-6 -0.9651327 0.2617613 0.1026679 -0.9667275 0.2343016 0.1778164 -0.9710928 0.1592485 0.2053179 -0.9770464 0.05678939 0.1778189 -0.9830026 -0.04567706 0.1026538 -0.9873641 -0.1207245 -2.22568e-6 -0.9889609 -0.1481772 -0.1026576 -0.9873634 -0.1207267 -0.1778059 -0.9830041 -0.04569655</float_array>
          <technique_common>
            <accessor source="#unnamed_017-mesh-normals-array" count="49" stride="3">
              <param name="X" type="float"/>
              <param name="Y" type="float"/>
              <param name="Z" type="float"/>
            </accessor>
          </technique_common>
        </source>
        <source id="unnamed_017-mesh-map-0">
          <float_array id="unnamed_017-mesh-map-0-array" count="504">0.6607 0.9546 0.6607 0.9546 0.6607 0.9546 0.6607 0.9546 0.6607 0.9546 0.6607 0.9546 0.6607 0.9546 0.6607 0.9546 0.6607 0.9546 0.6607 0.9546 0.6607 0.9546 0.6607 0.9546 0.6607 0.9546 0.6607 0.9546 0.6607 0.9546 0.6607 0.9546 0.6607 0.9546 0.6607 0.9546 0.6607 0.9546 0.6607 0.9546 0.6607 0.9546 0.6607 0.9546 0.6607 0.9546 0.6607 0.9546 0.6607 0.9546 0.6607 0.9546 0.6607 0.9546 0.6607 0.9546 0.6607 0.9546 0.6607 0.9546 0.6607 0.9546 0.6607 0.9546 0.6607 0.9546 0.6607 0.9546 0.6607 0.9546 0.6607 0.9546 0.6607 0.9546 0.6607 0.9546 0.6607 0.9546 0.6607 0.9546 0.6607 0.9546 0.6607 0.9546 0.6607 0.9546 0.6607 0.9546 0.6607 0.9546 0.6607 0.9546 0.6607 0.9546 0.6607 0.9546 0.6607 0.9546 0.6607 0.9546 0.6607 0.9546 0.6607 0.9546 0.6607 0.9546 0.6607 0.9546 0.6607 0.9546 0.6607 0.9546 0.6607 0.9546 0.6607 0.9546 0.6607 0.9546 0.6607 0.9546 0.6607 0.9546 0.6607 0.9546 0.6607 0.9546 0.6607 0.9546 0.6607 0.9546 0.6607 0.9546 0.6607 0.9546 0.6607 0.9546 0.6607 0.9546 0.6607 0.9546 0.6607 0.9546 0.6607 0.9546 0.6607 0.9546 0.6607 0.9546 0.6607 0.9546 0.6607 0.9546 0.6607 0.9546 0.6607 0.9546 0.6607 0.9546 0.6607 0.9546 0.6607 0.9546 0.6607 0.9546 0.6607 0.9546 0.6607 0.9546 0.6607 0.9546 0.6607 0.9546 0.6607 0.9546 0.6607 0.9546 0.6607 0.9546 0.6607 0.9546 0.6607 0.9546 0.6607 0.9546 0.6607 0.9546 0.6607 0.9546 0.6607 0.9546 0.6607 0.9546 0.6607 0.9546 0.6607 0.9546 0.6607 0.9546 0.6607 0.9546 0.6607 0.9546 0.6607 0.9546 0.6607 0.9546 0.6607 0.9546 0.6607 0.9546 0.6607 0.9546 0.6607 0.9546 0.6607 0.9546 0.6607 0.9546 0.6607 0.9546 0.6607 0.9546 0.6607 0.9546 0.6607 0.9546 0.6607 0.9546 0.6607 0.9546 0.6607 0.9546 0.6607 0.9546 0.6607 0.9546 0.6607 0.9546 0.6607 0.9546 0.6607 0.9546 0.6607 0.9546 0.6607 0.9546 0.6607 0.9546 0.6607 0.9546 0.6607 0.9546 0.6607 0.9546 0.6607 0.9546 0.6607 0.9546 0.6607 0.9546 0.6607 0.9546 0.6607 0.9546 0.6607 0.9546 0.6607 0.9546 0.6607 0.9546 0.6607 0.9546 0.6607 0.9546 0.6607 0.9546 0.6607 0.9546 0.6607 0.9546 0.6607 0.9546 0.6607 0.9546 0.6607 0.9546 0.6607 0.9546 0.6607 0.9546 0.6607 0.9546 0.6607 0.9546 0.6607 0.9546 0.6607 0.9546 0.6607 0.9546 0.6607 0.9546 0.6607 0.9546 0.6607 0.9546 0.6607 0.9546 0.6607 0.9546 0.6607 0.9546 0.6607 0.9546 0.6607 0.9546 0.6607 0.9546 0.6607 0.9546 0.6607 0.9546 0.6607 0.9546 0.6607 0.9546 0.6607 0.9546 0.6607 0.9546 0.6607 0.9546 0.6607 0.9546 0.6607 0.9546 0.6607 0.9546 0.6607 0.9546 0.6607 0.9546 0.6607 0.9546 0.6607 0.9546 0.6607 0.9546 0.6607 0.9546 0.6607 0.9546 0.6607 0.9546 0.6607 0.9546 0.6607 0.9546 0.6607 0.9546 0.6607 0.9546 0.6607 0.9546 0.6607 0.9546 0.6607 0.9546 0.6607 0.9546 0.6607 0.9546 0.6607 0.9546 0.6607 0.9546 0.6607 0.9546 0.6607 0.9546 0.6607 0.9546 0.6607 0.9546 0.6607 0.9546 0.6607 0.9546 0.6607 0.9546 0.6607 0.9546 0.6607 0.9546 0.6607 0.9546 0.6607 0.9546 0.6607 0.9546 0.6607 0.9546 0.6607 0.9546 0.6607 0.9546 0.6607 0.9546 0.6607 0.9546 0.6607 0.9546 0.6607 0.9546 0.6607 0.9546 0.6607 0.9546 0.6607 0.9546 0.6607 0.9546 0.6607 0.9546 0.6607 0.9546 0.6607 0.9546 0.6607 0.9546 0.6607 0.9546 0.6607 0.9546 0.6607 0.9546 0.6607 0.9546 0.6607 0.9546 0.6607 0.9546 0.6607 0.9546 0.6607 0.9546 0.6607 0.9546 0.6607 0.9546 0.6607 0.9546 0.6607 0.9546 0.6607 0.9546 0.6607 0.9546 0.6607 0.9546 0.6607 0.9546 0.6607 0.9546 0.6607 0.9546 0.6607 0.9546 0.6607 0.9546 0.6607 0.9546 0.6607 0.9546 0.6607 0.9546 0.6607 0.9546 0.6607 0.9546 0.6607 0.9546 0.6607 0.9546 0.6607 0.9546 0.6607 0.9546 0.6607 0.9546 0.6607 0.9546 0.6607 0.9546 0.6607 0.9546 0.6607 0.9546 0.6607 0.9546 0.6607 0.9546 0.6607 0.9546</float_array>
          <technique_common>
            <accessor source="#unnamed_017-mesh-map-0-array" count="252" stride="2">
              <param name="S" type="float"/>
              <param name="T" type="float"/>
            </accessor>
          </technique_common>
        </source>
        <source id="unnamed_017-mesh-colors-Col" name="Col">
          <float_array id="unnamed_017-mesh-colors-Col-array" count="1008">0 0 0 1 0 0 0 1 0 0 0 1 0 0 0 1 0 0 0 1 0 0 0 1 0 0 0 1 0 0 0 1 0 0 0 1 0 0 0 1 0 0 0 1 0 0 0 1 0 0 0 1 0 0 0 1 0 0 0 1 0 0 0 1 0 0 0 1 0 0 0 1 0 0 0 1 0 0 0 1 0 0 0 1 0 0 0 1 0 0 0 1 0 0 0 1 0 0 0 1 0 0 0 1 0 0 0 1 0 0 0 1 0 0 0 1 0 0 0 1 0 0 0 1 0 0 0 1 0 0 0 1 0 0 0 1 0 0 0 1 0 0 0 1 0 0 0 1 0 0 0 1 0 0 0 1 0 0 0 1 0 0 0 1 0 0 0 1 0 0 0 1 0 0 0 1 0 0 0 1 0 0 0 1 0 0 0 1 0 0 0 1 0 0 0 1 0 0 0 1 0 0 0 1 0 0 0 1 0 0 0 1 0 0 0 1 0 0 0 1 0 0 0 1 0 0 0 1 0 0 0 1 0 0 0 1 0 0 0 1 0 0 0 1 0 0 0 1 0 0 0 1 0 0 0 1 0 0 0 1 0 0 0 1 0 0 0 1 0 0 0 1 0 0 0 1 0 0 0 1 0 0 0 1 0 0 0 1 0 0 0 1 0 0 0 1 0 0 0 1 0 0 0 1 0 0 0 1 0 0 0 1 0 0 0 1 0 0 0 1 0 0 0 1 0 0 0 1 0 0 0 1 0 0 0 1 0 0 0 1 0 0 0 1 0 0 0 1 0 0 0 1 0 0 0 1 0 0 0 1 0 0 0 1 0 0 0 1 0 0 0 1 0 0 0 1 0 0 0 1 0 0 0 1 0 0 0 1 0 0 0 1 0 0 0 1 0 0 0 1 0 0 0 1 0 0 0 1 0 0 0 1 0 0 0 1 0 0 0 1 0 0 0 1 0 0 0 1 0 0 0 1 0 0 0 1 0 0 0 1 0 0 0 1 0 0 0 1 0 0 0 1 0 0 0 1 0 0 0 1 0 0 0 1 0 0 0 1 0 0 0 1 0 0 0 1 0 0 0 1 0 0 0 1 0 0 0 1 0 0 0 1 0 0 0 1 0 0 0 1 0 0 0 1 0 0 0 1 0 0 0 1 0 0 0 1 0 0 0 1 0 0 0 1 0 0 0 1 0 0 0 1 0 0 0 1 0 0 0 1 0 0 0 1 0 0 0 1 0 0 0 1 0 0 0 1 0 0 0 1 0 0 0 1 0 0 0 1 0 0 0 1 0 0 0 1 0 0 0 1 0 0 0 1 0 0 0 1 0 0 0 1 0 0 0 1 0 0 0 1 0 0 0 1 0 0 0 1 0 0 0 1 0 0 0 1 0 0 0 1 0 0 0 1 0 0 0 1 0 0 0 1 0 0 0 1 0 0 0 1 0 0 0 1 0 0 0 1 0 0 0 1 0 0 0 1 0 0 0 1 0 0 0 1 0 0 0 1 0 0 0 1 0 0 0 1 0 0 0 1 0 0 0 1 0 0 0 1 0 0 0 1 0 0 0 1 0 0 0 1 0 0 0 1 0 0 0 1 0 0 0 1 0 0 0 1 0 0 0 1 0 0 0 1 0 0 0 1 0 0 0 1 0 0 0 1 0 0 0 1 0 0 0 1 0 0 0 1 0 0 0 1 0 0 0 1 0 0 0 1 0 0 0 1 0 0 0 1 0 0 0 1 0 0 0 1 0 0 0 1 0 0 0 1 0 0 0 1 0 0 0 1 0 0 0 1 0 0 0 1 0 0 0 1 0 0 0 1 0 0 0 1 0 0 0 1 0 0 0 1 0 0 0 1 0 0 0 1 0 0 0 1 0 0 0 1 0 0 0 1 0 0 0 1 0 0 0 1 0 0 0 1 0 0 0 1 0 0 0 1 0 0 0 1 0 0 0 1 0 0 0 1 0 0 0 1 0 0 0 1 0 0 0 1 0 0 0 1 0 0 0 1 0 0 0 1 0 0 0 1 0 0 0 1 0 0 0 1 0 0 0 1 0 0 0 1 0 0 0 1 0 0 0 1 0 0 0 1 0 0 0 1 0 0 0 1 0 0 0 1 0 0 0 1 0 0 0 1 0 0 0 1 0 0 0 1 0 0 0 1 0 0 0 1 0 0 0 1 0 0 0 1 0 0 0 1 0 0 0 1 0 0 0 1 0 0 0 1 0 0 0 1 0 0 0 1 0 0 0 1 0 0 0 1 0 0 0 1</float_array>
          <technique_common>
            <accessor source="#unnamed_017-mesh-colors-Col-array" count="252" stride="4">
              <param name="R" type="float"/>
              <param name="G" type="float"/>
              <param name="B" type="float"/>
              <param name="A" type="float"/>
            </accessor>
          </technique_common>
        </source>
        <vertices id="unnamed_017-mesh-vertices">
          <input semantic="POSITION" source="#unnamed_017-mesh-positions"/>
        </vertices>
        <triangles material="unnamed_005-material" count="84">
          <input semantic="VERTEX" source="#unnamed_017-mesh-vertices" offset="0"/>
          <input semantic="NORMAL" source="#unnamed_017-mesh-normals" offset="1"/>
          <input semantic="TEXCOORD" source="#unnamed_017-mesh-map-0" offset="2" set="0"/>
          <input semantic="COLOR" source="#unnamed_017-mesh-colors-Col" offset="3" set="0"/>
          <p>0 0 0 0 27 1 1 1 1 2 2 2 1 2 3 3 27 1 4 4 2 3 5 5 1 2 6 6 2 3 7 7 3 4 8 8 3 4 9 9 2 3 10 10 26 5 11 11 3 4 12 12 26 5 13 13 4 6 14 14 4 6 15 15 26 5 16 16 5 7 17 17 5 7 18 18 26 5 19 19 25 8 20 20 5 7 21 21 25 8 22 22 6 9 23 23 6 9 24 24 25 8 25 25 24 10 26 26 6 9 27 27 24 10 28 28 7 11 29 29 7 11 30 30 24 10 31 31 22 12 32 32 7 11 33 33 22 12 34 34 8 13 35 35 8 13 36 36 22 12 37 37 9 14 38 38 8 13 39 39 9 14 40 40 10 15 41 41 10 15 42 42 9 14 43 43 21 16 44 44 10 15 45 45 21 16 46 46 11 17 47 47 11 17 48 48 21 16 49 49 19 18 50 50 11 17 51 51 19 18 52 52 12 19 53 53 12 19 54 54 19 18 55 55 13 20 56 56 12 19 57 57 13 20 58 58 48 21 59 59 48 21 60 60 13 20 61 61 17 22 62 62 48 21 63 63 17 22 64 64 14 23 65 65 14 23 66 66 17 22 67 67 15 24 68 68 14 23 69 69 15 24 70 70 47 25 71 71 47 25 72 72 15 24 73 73 16 26 74 74 47 25 75 75 16 26 76 76 46 27 77 77 46 27 78 78 16 26 79 79 43 28 80 80 43 28 81 81 16 26 82 82 42 29 83 83 42 29 84 84 16 26 85 85 15 24 86 86 42 29 87 87 15 24 88 88 41 30 89 89 41 30 90 90 15 24 91 91 17 22 92 92 41 30 93 93 17 22 94 94 13 20 95 95 41 30 96 96 13 20 97 97 18 31 98 98 18 31 99 99 13 20 100 100 19 18 101 101 18 31 102 102 19 18 103 103 20 32 104 104 20 32 105 105 19 18 106 106 21 16 107 107 20 32 108 108 21 16 109 109 9 14 110 110 20 32 111 111 9 14 112 112 39 33 113 113 39 33 114 114 9 14 115 115 22 12 116 116 39 33 117 117 22 12 118 118 23 34 119 119 23 34 120 120 22 12 121 121 24 10 122 122 23 34 123 123 24 10 124 124 36 35 125 125 36 35 126 126 24 10 127 127 25 8 128 128 36 35 129 129 25 8 130 130 34 36 131 131 34 36 132 132 25 8 133 133 26 5 134 134 34 36 135 135 26 5 136 136 32 37 137 137 32 37 138 138 26 5 139 139 2 3 140 140 32 37 141 141 2 3 142 142 30 38 143 143 30 38 144 144 2 3 145 145 27 1 146 146 30 38 147 147 27 1 148 148 28 39 149 149 28 39 150 150 29 40 151 151 30 38 152 152 30 38 153 153 29 40 154 154 31 41 155 155 30 38 156 156 31 41 157 157 32 37 158 158 32 37 159 159 31 41 160 160 33 42 161 161 32 37 162 162 33 42 163 163 34 36 164 164 34 36 165 165 33 42 166 166 35 43 167 167 34 36 168 168 35 43 169 169 36 35 170 170 36 35 171 171 35 43 172 172 37 44 173 173 36 35 174 174 37 44 175 175 23 34 176 176 23 34 177 177 37 44 178 178 38 45 179 179 23 34 180 180 38 45 181 181 39 33 182 182 39 33 183 183 38 45 184 184 45 46 185 185 39 33 186 186 45 46 187 187 20 32 188 188 20 32 189 189 45 46 190 190 44 47 191 191 20 32 192 192 44 47 193 193 18 31 194 194 18 31 195 195 44 47 196 196 40 48 197 197 18 31 198 198 40 48 199 199 41 30 200 200 41 30 201 201 40 48 202 202 42 29 203 203 42 29 204 204 40 48 205 205 43 28 206 206 43 28 207 207 40 48 208 208 44 47 209 209 43 28 210 210 44 47 211 211 45 46 212 212 45 46 213 213 38 45 214 214 43 28 215 215 43 28 216 216 38 45 217 217 37 44 218 218 43 28 219 219 37 44 220 220 35 43 221 221 35 43 222 222 33 42 223 223 43 28 224 224 43 28 225 225 33 42 226 226 31 41 227 227 43 28 228 228 31 41 229 229 29 40 230 230 43 28 231 231 29 40 232 232 46 27 233 233 46 27 234 234 29 40 235 235 28 39 236 236 46 27 237 237 28 39 238 238 47 25 239 239 47 25 240 240 28 39 241 241 27 1 242 242 47 25 243 243 27 1 244 244 14 23 245 245 14 23 246 246 27 1 247 247 0 0 248 248 14 23 249 249 0 0 250 250 48 21 251 251</p>
        </triangles>
      </mesh>
    </geometry>
    <geometry id="unnamed_016-mesh" name="unnamed.016">
      <mesh>
        <source id="unnamed_016-mesh-positions">
          <float_array id="unnamed_016-mesh-positions-array" count="306">-0.195631 -0.125882 0.285953 -0.192852 -0.06966304 0.28324 -0.25458 -0.01429808 0.284822 -0.190051 0.04658788 0.283065 -0.190029 0.1066189 0.2856031 -0.132353 0.04955089 0.280329 -0.132353 0.1117819 0.283857 0 0.1160859 0.281149 0 0.05204087 0.277621 0.190029 0.1066189 0.2856031 0.190051 0.04658788 0.283065 0.25458 -0.01429808 0.284822 0.190074 -0.01344305 0.280526 0.192852 -0.06966304 0.28324 0.06617599 -0.07460606 0.278975 0.06617599 -0.136871 0.282503 0 -0.1400961 0.281149 -0.06617599 -0.136871 0.282503 -0.06617599 -0.07460606 0.278975 -0.132353 -0.07316207 0.2803289 -0.190074 -0.01344305 0.280526 -0.132353 -0.01267904 0.276801 -0.06617599 -0.01234203 0.275447 -0.06617599 0.05079591 0.278975 0 -0.01200407 0.274092 0.06617599 0.05079591 0.278975 0.06617599 -0.01234203 0.275447 0.132353 0.04955089 0.280329 0.132353 -0.01267904 0.276801 0.132353 -0.07316207 0.2803289 0 -0.07605004 0.277621 -0.247705 -0.1194931 0.4258229 -0.190234 -0.1265601 0.373548 -0.18913 -0.1278991 0.433187 -0.135214 -0.1338171 0.4211699 -0.132353 -0.1336461 0.2838569 0.190234 -0.1265601 0.373548 0.195631 -0.125882 0.285953 0.247704 -0.1194921 0.373546 0.18913 -0.1278991 0.433187 0.135214 -0.1338171 0.4211699 0.132353 -0.1336461 0.2838569 0.06213897 -0.1394511 0.373552 0.251142 -0.06689506 0.373547 0.251143 -0.06689506 0.286042 0.254579 -0.01429706 0.373547 0.251143 0.04357886 0.286042 0.247705 0.1014568 0.428826 0.251143 0.04084283 0.437657 0.251142 0.04357886 0.373548 0.25458 -0.01488107 0.425265 0.251143 -0.06855213 0.437 0.247705 -0.1194931 0.4258229 0.247705 -0.1194931 0.287262 0.132353 0.1117819 0.283857 0.247705 0.1014569 0.373548 0.247705 0.1014569 0.287262 0.1951969 0.1013538 0.438844 0.132292 0.1084188 0.428346 0.07134395 0.1089909 0.439039 0 0.1143358 0.431302 0 0.1160849 0.373548 -0.06584298 0.1139559 0.373551 -0.07134395 0.1089909 0.439039 -0.132292 0.1084188 0.428346 -0.189695 0.1066409 0.373549 -0.1951969 0.1013538 0.438844 -0.247705 0.1014568 0.428826 -0.247705 0.1014569 0.373548 0.132764 -0.1336271 0.3735499 0.189695 0.1066409 0.373549 0.131686 0.1118249 0.373551 0.06584298 0.1139559 0.373551 0.06617599 0.1139339 0.282503 -0.06617599 0.1139339 0.282503 -0.131686 0.1118249 0.373551 0.07337796 -0.1381711 0.433263 0.03654998 -0.1460161 0.33664 0.01429396 -0.1400661 0.4041289 0 -0.1465101 0.40289 0 -0.1490401 0.3060849 -0.03654998 -0.1460161 0.33664 0 -0.1400951 0.3735489 -0.06213897 -0.1394511 0.373552 -0.01429396 -0.1400661 0.4041289 0 -0.1473421 0.420247 0.02496099 -0.1403941 0.4241529 0 -0.1400601 0.4041289 -0.02496099 -0.1403941 0.4241529 -0.132764 -0.1336271 0.3735499 -0.07337796 -0.1381711 0.433263 -0.247705 -0.1194931 0.287262 -0.247704 -0.1194921 0.373546 -0.251143 -0.06855213 0.437 -0.25458 -0.01488107 0.425265 -0.251142 0.04357886 0.373548 -0.251143 0.04084283 0.437657 -0.247705 0.1014569 0.287262 -0.251143 0.04357886 0.286042 -0.254579 -0.01429706 0.373547 -0.251143 -0.06689506 0.286042 -0.251142 -0.06689506 0.373547</float_array>
          <technique_common>
            <accessor source="#unnamed_016-mesh-positions-array" count="102" stride="3">
              <param name="X" type="float"/>
              <param name="Y" type="float"/>
              <param name="Z" type="float"/>
            </accessor>
          </technique_common>
        </source>
        <source id="unnamed_016-mesh-normals">
          <float_array id="unnamed_016-mesh-normals-array" count="306">-0.1104955 -0.7185673 -0.6866235 -0.5991697 -0.565595 -0.5666552 -0.05168557 -0.04269975 -0.9977502 -0.7222895 -0.06317937 -0.6886991 -0.7363042 -0.005716681 -0.6766266 -0.0632435 -0.00345242 -0.9979922 -0.7244639 0.06068289 -0.6866365 -0.04962903 0.04180741 -0.9978923 -0.5930876 0.5738862 -0.564714 -0.08744722 0.7196028 -0.6888576 -0.03377157 0.05457776 -0.9979383 -0.06118893 0.7296372 -0.6810915 -0.02147698 0.05578064 -0.9982121 -0.03749412 0.7258651 -0.6868144 0 0.05520415 -0.9984751 0 0.7284922 -0.6850542 0.03749412 0.7258651 -0.6868144 0.02147698 0.05578064 -0.9982121 0.06118899 0.7296372 -0.6810914 0.03377157 0.05457776 -0.9979383 0.08744722 0.7196028 -0.6888576 0.04962897 0.04180741 -0.9978923 0.5930876 0.5738862 -0.564714 0.7244639 0.06068289 -0.6866366 0.0612716 -0.00160402 -0.99812 0.737721 -0.002982556 -0.6750991 0.7239563 -0.0664699 -0.686636 0.04955798 -0.04491561 -0.9977609 0.5991697 -0.565595 -0.5666551 0.1104956 -0.7185673 -0.6866235 0.03467184 -0.05649745 -0.9978006 0.08436501 -0.7268263 -0.6816202 0.02166593 -0.0565626 -0.9981639 0.04888278 -0.7164906 -0.695882 1.83811e-4 -0.05557584 -0.9984545 0 -0.7262912 -0.6873872 -0.04888278 -0.7164906 -0.695882 -0.02186465 -0.056755 -0.9981487 -0.08436495 -0.7268263 -0.6816202 -0.03467178 -0.05649745 -0.9978006 -0.03898954 -9.61687e-4 -0.9992392 -0.02095562 -2.96847e-4 -0.9997804 1.88664e-4 1.81247e-4 -1 0.02076143 -4.88318e-4 -0.9997844 0.0389896 -9.61685e-4 -0.9992392 -0.744325 -0.6677817 -0.006927073 -0.7269865 -0.6866518 -4.29883e-5 -0.1232933 -0.992348 -0.006654381 -0.1268219 -0.9917256 -0.01991832 -0.09837454 -0.9951142 -0.008381366 -0.1018433 -0.9947893 -0.004724442 -0.04679089 -0.998894 -0.004628121 0.1232933 -0.992348 -0.006654381 0.7269865 -0.6866518 -4.29736e-5 0.7443251 -0.6677817 -0.006927073 0.1268219 -0.9917256 -0.01991832 0.09837454 -0.9951142 -0.008381366 0.1018433 -0.9947893 -0.004724442 0.04679089 -0.998894 -0.004628121 0.9978653 -0.06530451 -5.25135e-4 0.9999963 -0.002744197 -1.83766e-5 0.9982466 0.05918848 7.37731e-4 0.717577 0.6964792 1.86529e-5 0.6952692 0.7181171 0.03014391 0.9982554 0.05899214 0.002502322 0.9999967 -0.002588212 1.92707e-4 0.997842 -0.06563901 -0.001729547 0.08184581 0.9962816 0.02691537 0.05403572 0.9956377 0.0760647 0.06111568 0.9958633 0.0672394 0.06047576 0.9977 0.03061473 0.03625965 0.9988945 0.02991753 0.04381179 0.9964516 0.07186639 0 0.9987556 0.04987186 0 0.999886 0.0150969 -0.03625965 0.9988945 0.02991747 -0.04381179 0.9964516 0.07186639 -0.06111568 0.9958633 0.0672394 -0.06047576 0.9977 0.03061473 -0.08184587 0.9962816 0.02691537 -0.05403578 0.9956377 0.07606482 -0.6952693 0.7181171 0.03014397 -0.7175771 0.6964792 1.86529e-5 0.103282 -0.9932602 -0.05260467 0.05946195 -0.9981784 0.01020473 0.007052898 -0.9959054 0.09012687 0.1606554 -0.9866707 -0.02589964 0 -0.9968298 0.07956439 0 -0.9999586 -0.009106814 -0.1606555 -0.9866707 -0.0258997 -0.007052898 -0.9959054 0.09012687 0 -0.9999993 -0.001241087 -0.103282 -0.9932602 -0.05260479 0 -0.9926018 -0.1214155 0 -0.9999994 0.001145184 -0.05946195 -0.9981784 0.01020473 -0.9978653 -0.06530457 -5.25135e-4 -0.997842 -0.06563901 -0.001729547 -0.9999967 -0.002588212 1.92707e-4 -0.9999963 -0.002744197 -1.83766e-5 -0.9982466 0.05918848 7.37731e-4 -0.9982554 0.05899214 0.002502322</float_array>
          <technique_common>
            <accessor source="#unnamed_016-mesh-normals-array" count="102" stride="3">
              <param name="X" type="float"/>
              <param name="Y" type="float"/>
              <param name="Z" type="float"/>
            </accessor>
          </technique_common>
        </source>
        <source id="unnamed_016-mesh-map-0">
          <float_array id="unnamed_016-mesh-map-0-array" count="1032">0.7169 0.8014 0.7774 0.8014 0.7118 0.7737 0.7118 0.7737 0.7774 0.8014 0.7774 0.7737 0.7118 0.7737 0.7774 0.7737 0.7774 0.7532 0.7118 0.7737 0.7774 0.7532 0.7067 0.7532 0.7067 0.7532 0.7774 0.7532 0.7774 0.7737 0.7067 0.7532 0.7774 0.7737 0.7086 0.7737 0.7086 0.7737 0.7774 0.7737 0.7774 0.8014 0.7086 0.7737 0.7774 0.8014 0.7104 0.8014 0.7086 0.7737 0.7104 0.8014 0.6435 0.7737 0.6435 0.7737 0.7104 0.8014 0.6435 0.8014 0.6435 0.7737 0.6435 0.8014 0.5629 0.7737 0.5629 0.7737 0.6435 0.8014 0.5629 0.8014 0.5629 0.7737 0.5629 0.8014 0.4899 0.7737 0.4899 0.7737 0.5629 0.8014 0.4899 0.8014 0.4899 0.7737 0.4899 0.8014 0.5629 0.8014 0.4899 0.7737 0.5629 0.8014 0.5629 0.7737 0.5629 0.7737 0.5629 0.8014 0.6435 0.8014 0.5629 0.7737 0.6435 0.8014 0.6435 0.7737 0.6435 0.7737 0.6435 0.8014 0.7104 0.8014 0.6435 0.7737 0.7104 0.8014 0.7086 0.7737 0.7086 0.7737 0.7104 0.8014 0.7774 0.8014 0.7086 0.7737 0.7774 0.8014 0.7774 0.7737 0.7086 0.7737 0.7774 0.7737 0.7067 0.7532 0.7067 0.7532 0.7774 0.7737 0.7774 0.7532 0.7067 0.7532 0.7774 0.7532 0.7774 0.7737 0.7067 0.7532 0.7774 0.7737 0.7118 0.7737 0.7118 0.7737 0.7774 0.7737 0.7774 0.8014 0.7118 0.7737 0.7774 0.8014 0.7169 0.8014 0.7118 0.7737 0.7169 0.8014 0.6435 0.7737 0.6435 0.7737 0.7169 0.8014 0.6435 0.8014 0.6435 0.7737 0.6435 0.8014 0.5629 0.7737 0.5629 0.7737 0.6435 0.8014 0.5629 0.8014 0.5629 0.7737 0.5629 0.8014 0.4899 0.7737 0.4899 0.7737 0.5629 0.8014 0.4899 0.8014 0.4899 0.7737 0.4899 0.8014 0.5629 0.8014 0.4899 0.7737 0.5629 0.8014 0.5629 0.7737 0.5629 0.7737 0.5629 0.8014 0.6435 0.8014 0.5629 0.7737 0.6435 0.8014 0.6435 0.7737 0.6435 0.7737 0.6435 0.8014 0.7169 0.8014 0.6435 0.7737 0.7169 0.8014 0.7118 0.7737 0.6435 0.7737 0.7118 0.7737 0.6435 0.7532 0.6435 0.7532 0.7118 0.7737 0.7067 0.7532 0.6435 0.7532 0.7067 0.7532 0.7086 0.7737 0.6435 0.7532 0.7086 0.7737 0.6435 0.7737 0.6435 0.7532 0.6435 0.7737 0.5629 0.7532 0.5629 0.7532 0.6435 0.7737 0.5629 0.7737 0.5629 0.7532 0.5629 0.7737 0.4899 0.7532 0.4899 0.7532 0.5629 0.7737 0.4899 0.7737 0.4899 0.7532 0.4899 0.7737 0.5629 0.7737 0.4899 0.7532 0.5629 0.7737 0.5629 0.7532 0.5629 0.7532 0.5629 0.7737 0.6435 0.7737 0.5629 0.7532 0.6435 0.7737 0.6435 0.7532 0.6435 0.7532 0.6435 0.7737 0.7086 0.7737 0.6435 0.7532 0.7086 0.7737 0.7067 0.7532 0.7067 0.7532 0.7118 0.7737 0.6435 0.7532 0.6435 0.7532 0.7118 0.7737 0.6435 0.7737 0.6435 0.7532 0.6435 0.7737 0.5629 0.7532 0.5629 0.7532 0.6435 0.7737 0.5629 0.7737 0.5629 0.7532 0.5629 0.7737 0.4899 0.7532 0.4899 0.7532 0.5629 0.7737 0.4899 0.7737 0.4899 0.7532 0.4899 0.7737 0.5629 0.7532 0.5629 0.7532 0.4899 0.7737 0.5629 0.7737 0.5629 0.7532 0.5629 0.7737 0.6435 0.7737 0.5629 0.7532 0.6435 0.7737 0.6435 0.7532 0.7771 0.9982 0.7774 0.9357 0.7105 0.9357 0.7771 0.9982 0.7105 0.9357 0.7103 0.9982 0.7103 0.9982 0.7105 0.9357 0.6435 0.9982 0.6435 0.9982 0.7105 0.9357 0.6435 0.9357 0.6435 0.9357 0.7105 0.9357 0.6435 0.8015 0.6435 0.9357 0.6435 0.8015 0.5819 0.9357 0.7105 0.9357 0.6435 0.8015 0.717 0.8015 0.7105 0.9357 0.717 0.8015 0.7774 0.9357 0.7774 0.9357 0.717 0.8015 0.7774 0.8015 0.7774 0.9357 0.7771 0.9982 0.7105 0.9357 0.7105 0.9357 0.7771 0.9982 0.7103 0.9982 0.7105 0.9357 0.7103 0.9982 0.6435 0.9982 0.7105 0.9357 0.6435 0.9982 0.6435 0.9357 0.7105 0.9357 0.6435 0.9357 0.6435 0.8015 0.6435 0.8015 0.6435 0.9357 0.5819 0.9357 0.8313 0.9357 0.8313 0.8015 0.8852 0.9357 0.8852 0.9357 0.8313 0.8015 0.8852 0.8015 0.8852 0.9357 0.8852 0.8015 0.9404 0.8015 0.8852 0.9357 0.9404 0.8015 0.9404 0.9357 0.9404 0.9357 0.9404 0.8015 0.9955 0.8015 0.9404 0.9357 0.9955 0.8015 0.9955 0.9357 0.9955 0.9357 0.9955 0.9982 0.9404 0.9357 0.9404 0.9357 0.9955 0.9982 0.9404 0.9982 0.9404 0.9357 0.9404 0.9982 0.8852 0.9982 0.9404 0.9357 0.8852 0.9982 0.8852 0.9357 0.8852 0.9357 0.8852 0.9982 0.8313 0.9357 0.8313 0.9357 0.8852 0.9982 0.8311 0.9982 0.8313 0.9357 0.8311 0.9982 0.7771 0.9982 0.8313 0.9357 0.7771 0.9982 0.7774 0.9357 0.8313 0.9357 0.7774 0.9357 0.8313 0.8015 0.8313 0.8015 0.7774 0.9357 0.7774 0.8015 0.6435 0.8015 0.7105 0.9357 0.7105 0.8015 0.7105 0.8015 0.7105 0.9357 0.7774 0.9357 0.7105 0.8015 0.7774 0.9357 0.7774 0.8015 0.777 0.9982 0.7771 0.9357 0.7468 0.9357 0.777 0.9982 0.7468 0.9357 0.7468 0.9982 0.7468 0.9982 0.7468 0.9357 0.7166 0.9982 0.7166 0.9982 0.7468 0.9357 0.7165 0.9357 0.7166 0.9982 0.7165 0.9357 0.6801 0.9357 0.7166 0.9982 0.6801 0.9357 0.6801 0.9982 0.6801 0.9982 0.6801 0.9357 0.6437 0.9982 0.6437 0.9982 0.6801 0.9357 0.6436 0.9357 0.6437 0.9982 0.6436 0.9357 0.6801 0.9357 0.6437 0.9982 0.6801 0.9357 0.6801 0.9982 0.6801 0.9982 0.6801 0.9357 0.7166 0.9982 0.7166 0.9982 0.6801 0.9357 0.7165 0.9357 0.7166 0.9982 0.7165 0.9357 0.7468 0.9357 0.7166 0.9982 0.7468 0.9357 0.7468 0.9982 0.7468 0.9982 0.7468 0.9357 0.777 0.9982 0.777 0.9982 0.7468 0.9357 0.7771 0.9357 0.6437 0.9357 0.6437 0.9982 0.5985 0.9357 0.6435 0.9357 0.7105 0.9357 0.6435 0.8015 0.6435 0.9357 0.6435 0.8015 0.563 0.9357 0.563 0.9357 0.6435 0.8015 0.563 0.8015 0.563 0.9357 0.563 0.8015 0.4899 0.9357 0.4899 0.9357 0.563 0.8015 0.4899 0.8015 0.4899 0.9357 0.4899 0.8015 0.563 0.8015 0.4899 0.9357 0.563 0.8015 0.563 0.9357 0.563 0.9357 0.563 0.8015 0.6435 0.8015 0.6435 0.9357 0.563 0.9357 0.6435 0.8015 0.6435 0.9357 0.6435 0.8015 0.7105 0.9357 0.7105 0.9357 0.6435 0.8015 0.7105 0.8015 0.7105 0.9357 0.7105 0.8015 0.7774 0.9357 0.7774 0.9357 0.7105 0.8015 0.7774 0.8015 0.5316 0.9983 0.5826 0.9402 0.5817 0.9983 0.5817 0.9983 0.5826 0.9402 0.6337 0.9984 0.6096 0.5027 0.5512 0.6953 0.524 0.4282 0.524 0.4282 0.5512 0.6953 0.5204 0.6871 0.524 0.4282 0.5204 0.6871 0.5512 0.6953 0.524 0.4282 0.5512 0.6953 0.6096 0.5027 0.563 0.8015 0.6435 0.8015 0.5819 0.9357 0.563 0.8015 0.5819 0.9357 0.4899 0.8015 0.4899 0.8015 0.5819 0.9357 0.4899 0.9357 0.4899 0.8015 0.4899 0.9357 0.5819 0.9357 0.4899 0.8015 0.5819 0.9357 0.563 0.8015 0.563 0.8015 0.5819 0.9357 0.6435 0.8015 0.5699 0.742 0.5512 0.6953 0.5209 0.7337 0.5209 0.7337 0.5512 0.6953 0.5204 0.6921 0.5209 0.7337 0.5204 0.6921 0.5512 0.6953 0.5209 0.7337 0.5512 0.6953 0.5699 0.742 0.5638 0.9357 0.5214 0.9982 0.5038 0.9708 0.5638 0.9357 0.5038 0.9708 0.4916 0.9357 0.4916 0.9357 0.5038 0.9708 0.4916 0.9708 0.4916 0.9357 0.4916 0.9708 0.5038 0.9708 0.4916 0.9357 0.5038 0.9708 0.5638 0.9357 0.5638 0.9357 0.5038 0.9708 0.5214 0.9982 0.6437 0.9357 0.5985 0.9357 0.6437 0.9982 0.5826 0.9402 0.5316 0.9983 0.5817 0.9983 0.5826 0.9402 0.5817 0.9983 0.6337 0.9984 0.8313 0.8015 0.7774 0.8015 0.7774 0.9357 0.8313 0.8015 0.7774 0.9357 0.8313 0.9357 0.8313 0.9357 0.7774 0.9357 0.7771 0.9982 0.8313 0.9357 0.7771 0.9982 0.8311 0.9982 0.8313 0.9357 0.8311 0.9982 0.8852 0.9982 0.8313 0.9357 0.8852 0.9982 0.8852 0.9357 0.8852 0.9357 0.8852 0.9982 0.9404 0.9357 0.9404 0.9357 0.8852 0.9982 0.9404 0.9982 0.9404 0.9357 0.9404 0.9982 0.9955 0.9982 0.9955 0.9982 0.9955 0.9357 0.9404 0.9357 0.9404 0.9357 0.9955 0.9357 0.9955 0.8015 0.9404 0.9357 0.9955 0.8015 0.9404 0.8015 0.9404 0.9357 0.9404 0.8015 0.8852 0.9357 0.8852 0.9357 0.9404 0.8015 0.8852 0.8015 0.8852 0.9357 0.8852 0.8015 0.8313 0.8015 0.8852 0.9357 0.8313 0.8015 0.8313 0.9357 0.7774 0.9357 0.7774 0.8015 0.717 0.8015 0.7774 0.9357 0.717 0.8015 0.7105 0.9357 0.7105 0.9357 0.717 0.8015 0.6435 0.8015</float_array>
          <technique_common>
            <accessor source="#unnamed_016-mesh-map-0-array" count="516" stride="2">
              <param name="S" type="float"/>
              <param name="T" type="float"/>
            </accessor>
          </technique_common>
        </source>
        <source id="unnamed_016-mesh-colors-Col" name="Col">
          <float_array id="unnamed_016-mesh-colors-Col-array" count="2064">0 0 0 1 0 0 0 1 0 0 0 1 0 0 0 1 0 0 0 1 0 0 0 1 0 0 0 1 0 0 0 1 0 0 0 1 0 0 0 1 0 0 0 1 0 0 0 1 0 0 0 1 0 0 0 1 0 0 0 1 0 0 0 1 0 0 0 1 0 0 0 1 0 0 0 1 0 0 0 1 0 0 0 1 0 0 0 1 0 0 0 1 0 0 0 1 0 0 0 1 0 0 0 1 0 0 0 1 0 0 0 1 0 0 0 1 0 0 0 1 0 0 0 1 0 0 0 1 0 0 0 1 0 0 0 1 0 0 0 1 0 0 0 1 0 0 0 1 0 0 0 1 0 0 0 1 0 0 0 1 0 0 0 1 0 0 0 1 0 0 0 1 0 0 0 1 0 0 0 1 0 0 0 1 0 0 0 1 0 0 0 1 0 0 0 1 0 0 0 1 0 0 0 1 0 0 0 1 0 0 0 1 0 0 0 1 0 0 0 1 0 0 0 1 0 0 0 1 0 0 0 1 0 0 0 1 0 0 0 1 0 0 0 1 0 0 0 1 0 0 0 1 0 0 0 1 0 0 0 1 0 0 0 1 0 0 0 1 0 0 0 1 0 0 0 1 0 0 0 1 0 0 0 1 0 0 0 1 0 0 0 1 0 0 0 1 0 0 0 1 0 0 0 1 0 0 0 1 0 0 0 1 0 0 0 1 0 0 0 1 0 0 0 1 0 0 0 1 0 0 0 1 0 0 0 1 0 0 0 1 0 0 0 1 0 0 0 1 0 0 0 1 0 0 0 1 0 0 0 1 0 0 0 1 0 0 0 1 0 0 0 1 0 0 0 1 0 0 0 1 0 0 0 1 0 0 0 1 0 0 0 1 0 0 0 1 0 0 0 1 0 0 0 1 0 0 0 1 0 0 0 1 0 0 0 1 0 0 0 1 0 0 0 1 0 0 0 1 0 0 0 1 0 0 0 1 0 0 0 1 0 0 0 1 0 0 0 1 0 0 0 1 0 0 0 1 0 0 0 1 0 0 0 1 0 0 0 1 0 0 0 1 0 0 0 1 0 0 0 1 0 0 0 1 0 0 0 1 0 0 0 1 0 0 0 1 0 0 0 1 0 0 0 1 0 0 0 1 0 0 0 1 0 0 0 1 0 0 0 1 0 0 0 1 0 0 0 1 0 0 0 1 0 0 0 1 0 0 0 1 0 0 0 1 0 0 0 1 0 0 0 1 0 0 0 1 0 0 0 1 0 0 0 1 0 0 0 1 0 0 0 1 0 0 0 1 0 0 0 1 0 0 0 1 0 0 0 1 0 0 0 1 0 0 0 1 0 0 0 1 0 0 0 1 0 0 0 1 0 0 0 1 0 0 0 1 0 0 0 1 0 0 0 1 0 0 0 1 0 0 0 1 0 0 0 1 0 0 0 1 0 0 0 1 0 0 0 1 0 0 0 1 0 0 0 1 0 0 0 1 0 0 0 1 0 0 0 1 0 0 0 1 0 0 0 1 0 0 0 1 0 0 0 1 0 0 0 1 0 0 0 1 0 0 0 1 0 0 0 1 0 0 0 1 0 0 0 1 0 0 0 1 0 0 0 1 0 0 0 1 0 0 0 1 0 0 0 1 0 0 0 1 0 0 0 1 0 0 0 1 0 0 0 1 0 0 0 1 0 0 0 1 0 0 0 1 0 0 0 1 0 0 0 1 0 0 0 1 0 0 0 1 0 0 0 1 0 0 0 1 0 0 0 1 0 0 0 1 0 0 0 1 0 0 0 1 0 0 0 1 0 0 0 1 0 0 0 1 0 0 0 1 0 0 0 1 0 0 0 1 0 0 0 1 0 0 0 1 0 0 0 1 0 0 0 1 0 0 0 1 0 0 0 1 0 0 0 1 0 0 0 1 0 0 0 1 0 0 0 1 0 0 0 1 0 0 0 1 0 0 0 1 0 0 0 1 0 0 0 1 0 0 0 1 0 0 0 1 0 0 0 1 0 0 0 1 0 0 0 1 0 0 0 1 0 0 0 1 0 0 0 1 0 0 0 1 0 0 0 1 0 0 0 1 0 0 0 1 0 0 0 1 0 0 0 1 0 0 0 1 0 0 0 1 0 0 0 1 0 0 0 1 0 0 0 1 0 0 0 1 0 0 0 1 0 0 0 1 0 0 0 1 0 0 0 1 0 0 0 1 0 0 0 1 0 0 0 1 0 0 0 1 0 0 0 1 0 0 0 1 0 0 0 1 0 0 0 1 0 0 0 1 0 0 0 1 0 0 0 1 0 0 0 1 0 0 0 1 0 0 0 1 0 0 0 1 0 0 0 1 0 0 0 1 0 0 0 1 0 0 0 1 0 0 0 1 0 0 0 1 0 0 0 1 0 0 0 1 0 0 0 1 0 0 0 1 0 0 0 1 0 0 0 1 0 0 0 1 0 0 0 1 0 0 0 1 0 0 0 1 0 0 0 1 0 0 0 1 0 0 0 1 0 0 0 1 0 0 0 1 0 0 0 1 0 0 0 1 0 0 0 1 0 0 0 1 0 0 0 1 0 0 0 1 0 0 0 1 0 0 0 1 0 0 0 1 0 0 0 1 0 0 0 1 0 0 0 1 0 0 0 1 0 0 0 1 0 0 0 1 0 0 0 1 0 0 0 1 0 0 0 1 0 0 0 1 0 0 0 1 0 0 0 1 0 0 0 1 0 0 0 1 0 0 0 1 0 0 0 1 0 0 0 1 0 0 0 1 0 0 0 1 0 0 0 1 0 0 0 1 0 0 0 1 0 0 0 1 0 0 0 1 0 0 0 1 0 0 0 1 0 0 0 1 0 0 0 1 0 0 0 1 0 0 0 1 0 0 0 1 0 0 0 1 0 0 0 1 0 0 0 1 0 0 0 1 0 0 0 1 0 0 0 1 0 0 0 1 0 0 0 1 0 0 0 1 0 0 0 1 0 0 0 1 0 0 0 1 0 0 0 1 0 0 0 1 0 0 0 1 0 0 0 1 0 0 0 1 0 0 0 1 0 0 0 1 0 0 0 1 0 0 0 1 0 0 0 1 0 0 0 1 0 0 0 1 0 0 0 1 0 0 0 1 0 0 0 1 0 0 0 1 0 0 0 1 0 0 0 1 0 0 0 1 0 0 0 1 0 0 0 1 0 0 0 1 0 0 0 1 0 0 0 1 0 0 0 1 0 0 0 1 0 0 0 1 0 0 0 1 0 0 0 1 0 0 0 1 0 0 0 1 0 0 0 1 0 0 0 1 0 0 0 1 0 0 0 1 0 0 0 1 0 0 0 1 0 0 0 1 0 0 0 1 0 0 0 1 0 0 0 1 0 0 0 1 0 0 0 1 0 0 0 1 0 0 0 1 0 0 0 1 0 0 0 1 0 0 0 1 0 0 0 1 0 0 0 1 0 0 0 1 0 0 0 1 0 0 0 1 0 0 0 1 0 0 0 1 0 0 0 1 0 0 0 1 0 0 0 1 0 0 0 1 0 0 0 1 0 0 0 1 0 0 0 1 0 0 0 1 0 0 0 1 0 0 0 1 0 0 0 1 0 0 0 1 0 0 0 1 0 0 0 1 0 0 0 1 0 0 0 1 0 0 0 1 0 0 0 1 0 0 0 1 0 0 0 1 0 0 0 1 0 0 0 1 0 0 0 1 0 0 0 1 0 0 0 1 0 0 0 1 0 0 0 1 0 0 0 1 0 0 0 1 0 0 0 1 0 0 0 1 0 0 0 1 0 0 0 1 0 0 0 1 0 0 0 1 0 0 0 1 0 0 0 1 0 0 0 1 0 0 0 1 0 0 0 1 0 0 0 1 0 0 0 1 0 0 0 1 0 0 0 1 0 0 0 1 0 0 0 1 0 0 0 1 0 0 0 1 0 0 0 1 0 0 0 1 0 0 0 1 0 0 0 1 0 0 0 1 0 0 0 1 0 0 0 1 0 0 0 1 0 0 0 1 0 0 0 1 0 0 0 1 0 0 0 1 0 0 0 1 0 0 0 1 0 0 0 1 0 0 0 1 0 0 0 1 0 0 0 1 0 0 0 1 0 0 0 1 0 0 0 1 0 0 0 1 0 0 0 1 0 0 0 1 0 0 0 1 0 0 0 1 0 0 0 1 0 0 0 1 0 0 0 1 0 0 0 1 0 0 0 1 0 0 0 1 0 0 0 1 0 0 0 1 0 0 0 1 0 0 0 1 0 0 0 1 0 0 0 1 0 0 0 1 0 0 0 1 0 0 0 1 0 0 0 1 0 0 0 1 0 0 0 1 0 0 0 1 0 0 0 1 0 0 0 1 0 0 0 1 0 0 0 1 0 0 0 1 0 0 0 1 0 0 0 1 0 0 0 1 0 0 0 1 0 0 0 1 0 0 0 1 0 0 0 1 0 0 0 1 0 0 0 1 0 0 0 1 0 0 0 1 0 0 0 1 0 0 0 1 0 0 0 1 0 0 0 1 0 0 0 1 0 0 0 1 0 0 0 1 0 0 0 1 0 0 0 1 0 0 0 1 0 0 0 1 0 0 0 1 0 0 0 1 0 0 0 1 0 0 0 1 0 0 0 1 0 0 0 1 0 0 0 1 0 0 0 1 0 0 0 1</float_array>
          <technique_common>
            <accessor source="#unnamed_016-mesh-colors-Col-array" count="516" stride="4">
              <param name="R" type="float"/>
              <param name="G" type="float"/>
              <param name="B" type="float"/>
              <param name="A" type="float"/>
            </accessor>
          </technique_common>
        </source>
        <vertices id="unnamed_016-mesh-vertices">
          <input semantic="POSITION" source="#unnamed_016-mesh-positions"/>
        </vertices>
        <triangles material="unnamed_005-material" count="172">
          <input semantic="VERTEX" source="#unnamed_016-mesh-vertices" offset="0"/>
          <input semantic="NORMAL" source="#unnamed_016-mesh-normals" offset="1"/>
          <input semantic="TEXCOORD" source="#unnamed_016-mesh-map-0" offset="2" set="0"/>
          <input semantic="COLOR" source="#unnamed_016-mesh-colors-Col" offset="3" set="0"/>
          <p>0 0 0 0 91 1 1 1 1 2 2 2 1 2 3 3 91 1 4 4 100 3 5 5 1 2 6 6 100 3 7 7 2 4 8 8 1 2 9 9 2 4 10 10 20 5 11 11 20 5 12 12 2 4 13 13 98 6 14 14 20 5 15 15 98 6 16 16 3 7 17 17 3 7 18 18 98 6 19 19 97 8 20 20 3 7 21 21 97 8 22 22 4 9 23 23 3 7 24 24 4 9 25 25 5 10 26 26 5 10 27 27 4 9 28 28 6 11 29 29 5 10 30 30 6 11 31 31 23 12 32 32 23 12 33 33 6 11 34 34 74 13 35 35 23 12 36 36 74 13 37 37 8 14 38 38 8 14 39 39 74 13 40 40 7 15 41 41 8 14 42 42 7 15 43 43 73 16 44 44 8 14 45 45 73 16 46 46 25 17 47 47 25 17 48 48 73 16 49 49 54 18 50 50 25 17 51 51 54 18 52 52 27 19 53 53 27 19 54 54 54 18 55 55 9 20 56 56 27 19 57 57 9 20 58 58 10 21 59 59 10 21 60 60 9 20 61 61 56 22 62 62 10 21 63 63 56 22 64 64 46 23 65 65 10 21 66 66 46 23 67 67 12 24 68 68 12 24 69 69 46 23 70 70 11 25 71 71 12 24 72 72 11 25 73 73 44 26 74 74 12 24 75 75 44 26 76 76 13 27 77 77 13 27 78 78 44 26 79 79 53 28 80 80 13 27 81 81 53 28 82 82 37 29 83 83 13 27 84 84 37 29 85 85 29 30 86 86 29 30 87 87 37 29 88 88 41 31 89 89 29 30 90 90 41 31 91 91 14 32 92 92 14 32 93 93 41 31 94 94 15 33 95 95 14 32 96 96 15 33 97 97 30 34 98 98 30 34 99 99 15 33 100 100 16 35 101 101 30 34 102 102 16 35 103 103 17 36 104 104 30 34 105 105 17 36 106 106 18 37 107 107 18 37 108 108 17 36 109 109 35 38 110 110 18 37 111 111 35 38 112 112 19 39 113 113 19 39 114 114 35 38 115 115 0 0 116 116 19 39 117 117 0 0 118 118 1 2 119 119 19 39 120 120 1 2 121 121 21 40 122 122 21 40 123 123 1 2 124 124 20 5 125 125 21 40 126 126 20 5 127 127 3 7 128 128 21 40 129 129 3 7 130 130 5 10 131 131 21 40 132 132 5 10 133 133 22 41 134 134 22 41 135 135 5 10 136 136 23 12 137 137 22 41 138 138 23 12 139 139 24 42 140 140 24 42 141 141 23 12 142 142 8 14 143 143 24 42 144 144 8 14 145 145 25 17 146 146 24 42 147 147 25 17 148 148 26 43 149 149 26 43 150 150 25 17 151 151 27 19 152 152 26 43 153 153 27 19 154 154 28 44 155 155 28 44 156 156 27 19 157 157 10 21 158 158 28 44 159 159 10 21 160 160 12 24 161 161 12 24 162 162 13 27 163 163 28 44 164 164 28 44 165 165 13 27 166 166 29 30 167 167 28 44 168 168 29 30 169 169 26 43 170 170 26 43 171 171 29 30 172 172 14 32 173 173 26 43 174 174 14 32 175 175 24 42 176 176 24 42 177 177 14 32 178 178 30 34 179 179 24 42 180 180 30 34 181 181 22 41 182 182 22 41 183 183 30 34 184 184 18 37 185 185 22 41 186 186 18 37 187 187 19 39 188 188 22 41 189 189 19 39 190 190 21 40 191 191 31 45 192 192 92 46 193 193 32 47 194 194 31 45 195 195 32 47 196 196 33 48 197 197 33 48 198 198 32 47 199 199 34 49 200 200 34 49 201 201 32 47 202 202 89 50 203 203 89 50 204 204 32 47 205 205 35 38 206 206 89 50 207 207 35 38 208 208 83 51 209 209 36 52 210 210 41 31 211 211 37 29 212 212 36 52 213 213 37 29 214 214 38 53 215 215 38 53 216 216 37 29 217 217 53 28 218 218 38 53 219 219 52 54 220 220 36 52 221 221 36 52 222 222 52 54 223 223 39 55 224 224 36 52 225 225 39 55 226 226 40 56 227 227 36 52 228 228 40 56 229 229 69 57 230 230 36 52 231 231 69 57 232 232 41 31 233 233 41 31 234 234 69 57 235 235 42 58 236 236 43 59 237 237 44 26 238 238 45 60 239 239 45 60 240 240 44 26 241 241 11 25 242 242 45 60 243 243 11 25 244 244 46 23 245 245 45 60 246 246 46 23 247 247 49 61 248 248 49 61 249 249 46 23 250 250 56 22 251 251 49 61 252 252 56 22 253 253 55 62 254 254 55 62 255 255 47 63 256 256 49 61 257 257 49 61 258 258 47 63 259 259 48 64 260 260 49 61 261 261 48 64 262 262 50 65 263 263 49 61 264 264 50 65 265 265 45 60 266 266 45 60 267 267 50 65 268 268 43 59 269 269 43 59 270 270 50 65 271 271 51 66 272 272 43 59 273 273 51 66 274 274 52 54 275 275 43 59 276 276 52 54 277 277 38 53 278 278 43 59 279 279 38 53 280 280 44 26 281 281 44 26 282 282 38 53 283 283 53 28 284 284 54 18 285 285 70 67 286 286 9 20 287 287 9 20 288 288 70 67 289 289 55 62 290 290 9 20 291 291 55 62 292 292 56 22 293 293 47 63 294 294 55 62 295 295 70 67 296 296 47 63 297 297 70 67 298 298 57 68 299 299 57 68 300 300 70 67 301 301 58 69 302 302 58 69 303 303 70 67 304 304 71 70 305 305 58 69 306 306 71 70 307 307 72 71 308 308 58 69 309 309 72 71 310 310 59 72 311 311 59 72 312 312 72 71 313 313 60 73 314 314 60 73 315 315 72 71 316 316 61 74 317 317 60 73 318 318 61 74 319 319 62 75 320 320 60 73 321 321 62 75 322 322 63 76 323 323 63 76 324 324 62 75 325 325 64 77 326 326 64 77 327 327 62 75 328 328 75 78 329 329 64 77 330 330 75 78 331 331 65 79 332 332 64 77 333 333 65 79 334 334 66 80 335 335 66 80 336 336 65 79 337 337 67 81 338 338 67 81 339 339 65 79 340 340 68 82 341 341 69 57 342 342 40 56 343 343 42 58 344 344 71 70 345 345 70 67 346 346 54 18 347 347 71 70 348 348 54 18 349 349 72 71 350 350 72 71 351 351 54 18 352 352 73 16 353 353 72 71 354 354 73 16 355 355 61 74 356 356 61 74 357 357 73 16 358 358 7 15 359 359 61 74 360 360 7 15 361 361 74 13 362 362 61 74 363 363 74 13 364 364 62 75 365 365 62 75 366 366 74 13 367 367 6 11 368 368 75 78 369 369 62 75 370 370 6 11 371 371 75 78 372 372 6 11 373 373 65 79 374 374 65 79 375 375 6 11 376 376 4 9 377 377 65 79 378 378 4 9 379 379 68 82 380 380 68 82 381 381 4 9 382 382 97 8 383 383 86 83 384 384 42 58 385 385 76 84 386 386 76 84 387 387 42 58 388 388 40 56 389 389 77 85 390 390 78 86 391 391 80 87 392 392 80 87 393 393 78 86 394 394 79 88 395 395 80 87 396 396 79 88 397 397 84 89 398 398 80 87 399 399 84 89 400 400 81 90 401 401 15 33 402 402 41 31 403 403 42 58 404 404 15 33 405 405 42 58 406 406 16 35 407 407 16 35 408 408 42 58 409 409 82 91 410 410 16 35 411 411 82 91 412 412 83 51 413 413 16 35 414 414 83 51 415 415 17 36 416 416 17 36 417 417 83 51 418 418 35 38 419 419 88 92 420 420 84 89 421 421 85 93 422 422 85 93 423 423 84 89 424 424 79 88 425 425 85 93 426 426 79 88 427 427 78 86 428 428 85 93 429 429 78 86 430 430 86 83 431 431 42 58 432 432 86 83 433 433 78 86 434 434 42 58 435 435 78 86 436 436 82 91 437 437 82 91 438 438 78 86 439 439 87 94 440 440 82 91 441 441 87 94 442 442 84 89 443 443 82 91 444 444 84 89 445 445 83 51 446 446 83 51 447 447 84 89 448 448 88 92 449 449 89 50 450 450 83 51 451 451 34 49 452 452 83 51 453 453 88 92 454 454 90 95 455 455 83 51 456 456 90 95 457 457 34 49 458 458 100 3 459 459 91 1 460 460 92 46 461 461 100 3 462 462 92 46 463 463 101 96 464 464 101 96 465 465 92 46 466 466 31 45 467 467 101 96 468 468 31 45 469 469 93 97 470 470 101 96 471 471 93 97 472 472 94 98 473 473 101 96 474 474 94 98 475 475 99 99 476 476 99 99 477 477 94 98 478 478 95 100 479 479 95 100 480 480 94 98 481 481 96 101 482 482 95 100 483 483 96 101 484 484 67 81 485 485 67 81 486 486 68 82 487 487 95 100 488 488 95 100 489 489 68 82 490 490 97 8 491 491 95 100 492 492 97 8 493 493 98 6 494 494 95 100 495 495 98 6 496 496 99 99 497 497 99 99 498 498 98 6 499 499 2 4 500 500 99 99 501 501 2 4 502 502 100 3 503 503 99 99 504 504 100 3 505 505 101 96 506 506 92 46 507 507 91 1 508 508 0 0 509 509 92 46 510 510 0 0 511 511 32 47 512 512 32 47 513 513 0 0 514 514 35 38 515 515</p>
        </triangles>
      </mesh>
    </geometry>
    <geometry id="unnamed_015-mesh" name="unnamed.015">
      <mesh>
        <source id="unnamed_015-mesh-positions">
          <float_array id="unnamed_015-mesh-positions-array" count="933">0 0.2434537 0.922017 -0.131022 0.2371177 0.9223211 -0.1249769 0.1559697 0.9380121 -0.193898 0.1573567 0.938249 -0.246329 0.1394057 0.9274901 -0.308038 0.1256567 0.9251651 -0.307639 0.1999797 0.9282721 -0.308287 0.05947768 0.9611319 -0.195154 0.07128167 0.976003 -0.124695 0.07069367 0.96916 -0.05766099 0.07611668 0.990354 -0.124769 -0.01884227 0.963476 -0.24518 0.06436371 0.960799 -0.2463719 -0.01770526 0.952908 -0.1948249 -0.02237325 0.965323 -0.194483 -0.1154833 0.993671 -0.05764895 -0.02200925 0.976433 0.195154 0.07128167 0.976003 0.24518 0.06436371 0.960799 0.30758 -0.01644325 0.946157 0.2463719 -0.01770526 0.952908 0.1948249 -0.02237325 0.965323 0.124769 -0.01884227 0.963476 0.057262 -0.1147043 0.9980959 0.05764895 -0.02200925 0.976433 0 -0.02501529 0.969971 -0.057262 -0.1147043 0.9980959 0.11437 -0.1455722 0.783281 0.05779296 -0.1384003 0.8792719 -0.125482 -0.1150873 0.9789019 0.125482 -0.1150873 0.9789019 0.194483 -0.1154833 0.993671 0.19435 -0.1281582 0.939231 0.248256 -0.1194803 0.9298179 0.239307 -0.1431762 0.7725579 0.193145 -0.1450632 0.7746739 0.227591 -0.1477872 0.6213159 0.1935279 -0.1400383 0.863168 0.1155869 -0.1392022 0.87632 0.118676 -0.1257452 0.943813 0.05755996 -0.1267132 0.9465209 0 -0.1232563 0.9824839 -0.2330099 -0.1438042 0.667723 -0.180083 -0.1503752 0.697085 -0.24472 -0.1280102 0.8599219 -0.1935279 -0.1400383 0.863168 -0.248256 -0.1194803 0.9298179 -0.19435 -0.1281582 0.939231 -0.247627 -0.1117933 0.9702259 -0.118676 -0.1257452 0.943813 -0.05755996 -0.1267132 0.9465209 0 -0.1317642 0.9358809 0.05455195 -0.1456432 0.781544 0.1063669 -0.1469122 0.7040699 0.180083 -0.1503752 0.697085 0.175826 -0.1464241 0.5313969 0.2259129 -0.1447601 0.566505 0.279845 -0.1353061 0.5630869 0.2330099 -0.1438042 0.667723 0.291493 -0.1288132 0.7042149 0.236158 -0.1446582 0.7048409 0.24472 -0.1280102 0.8599219 0.247627 -0.1117933 0.9702259 0.04925197 -0.1518722 0.6664339 0.05160999 -0.2041592 0.6255689 0 -0.1995702 0.622587 0 -0.2125201 0.6015769 -0.05701094 -0.2027152 0.6032609 -0.154317 -0.1531502 0.6172159 -0.166589 -0.1393061 0.6544569 -0.112006 -0.1558781 0.6230329 -0.05160999 -0.2041592 0.6255689 -0.04925197 -0.1518722 0.6664339 0 -0.1571982 0.668197 0 -0.1472102 0.7111139 -0.05102199 -0.1498932 0.7079659 -0.102377 -0.1413962 0.666557 -0.175826 -0.1464241 0.5313969 -0.164093 -0.1499201 0.5762029 0 -0.1560411 0.4875999 0.04758197 -0.1553591 0.4925029 0.05484598 -0.1640341 0.5416259 0.125739 -0.1488071 0.509149 0.120108 -0.1507661 0.5564979 0.164093 -0.1499201 0.5762029 0.107248 -0.1626002 0.5878719 0.05991697 -0.1771342 0.5868139 0 -0.1638931 0.5400099 0 -0.1790722 0.58323 -0.05484598 -0.1640341 0.5416259 -0.120108 -0.1507661 0.5564979 -0.1568289 -0.1522312 0.5893579 -0.1821579 -0.1504492 0.593508 -0.104899 -0.1647232 0.5944989 -0.150122 -0.1568952 0.6020819 -0.1094419 -0.1771131 0.5997449 -0.109951 -0.1729391 0.6043719 -0.06887799 -0.2061542 0.5982849 0 -0.2157171 0.5958759 0.06887799 -0.2061542 0.5982849 0.05701094 -0.2027152 0.6032609 0.109951 -0.1729391 0.6043719 0.150122 -0.1568952 0.6020819 0.1568289 -0.1522312 0.5893579 0.1455799 -0.1534572 0.5955059 -0.05991697 -0.1771342 0.5868139 -0.06851297 -0.1785591 0.5922759 -0.107248 -0.1626002 0.5878719 -0.30758 -0.01644325 0.946157 -0.306938 -0.09601527 0.969816 -0.296589 0.0557397 0.904839 -0.293495 -0.08723527 0.918825 -0.280463 -0.1040912 0.7702249 -0.290546 0.005361735 0.701238 -0.291493 -0.1288132 0.7042149 -0.272631 -0.1117241 0.6357319 -0.28048 -0.01321315 0.557346 -0.279845 -0.1353061 0.5630869 -0.251298 -0.1134201 0.500211 -0.25766 -0.01553714 0.498713 -0.257834 0.04358786 0.447288 -0.252659 0.1019349 0.440241 -0.249576 0.08623582 0.498424 -0.278731 0.1059398 0.5528771 -0.26424 0.08663475 0.630095 -0.266645 -0.001757144 0.634856 -0.284554 0.01518976 0.76533 -0.304496 0.03898173 0.840055 -0.135563 -0.1461151 0.4296789 -0.125739 -0.1488071 0.509149 -0.04758197 -0.1553591 0.4925029 -0.03891098 -0.1487151 0.4349809 0.080527 -0.1482891 0.4410309 0.135563 -0.1461151 0.4296789 0.188268 -0.1423801 0.443039 0.03855895 -0.09406018 0.580775 0.03943097 -0.1017091 0.5704929 0.05038398 -0.04723912 0.583509 0.07703697 0.01593881 0.560323 0.068879 0.02599281 0.587785 0.05371898 -0.03403317 0.58428 0 -0.04173117 0.590205 0 -0.1062572 0.568695 0.06220597 -0.05199116 0.560373 0.06862896 -0.03796815 0.557518 0 0.01514077 0.59999 -0.08915996 -0.07556015 0.620039 -0.108792 -0.06606918 0.61865 -0.113004 -0.06721514 0.59088 -0.100606 -0.06875813 0.563416 -0.08507299 -0.08467012 0.559968 -0.06857097 -0.1082642 0.5616819 -0.06862896 -0.03796815 0.557518 0 -0.1213132 0.558081 0 -0.06131112 0.556386 0.100606 -0.06875813 0.563416 0.113004 -0.06721514 0.59088 0.108792 -0.06606918 0.61865 0.08915996 -0.07556015 0.620039 0 -0.1002871 0.6233739 -0.068879 -0.09008014 0.618257 -0.1467069 -0.1581332 0.5973699 -0.151539 -0.1529042 0.5958029 -0.1455799 -0.1534572 0.5955059 0 -0.1813141 0.5897399 0.06851297 -0.1785591 0.5922759 0.06857097 -0.1082642 0.5616819 0.104899 -0.1647232 0.5944989 0.08507299 -0.08467012 0.559968 0.151539 -0.1529042 0.5958029 0.1467069 -0.1581332 0.5973699 0.1094419 -0.1771131 0.5997449 0.068879 -0.09008014 0.618257 0.102377 -0.1413962 0.666557 -0.05455195 -0.1456432 0.781544 -0.1063669 -0.1469122 0.7040699 -0.193145 -0.1450632 0.7746739 -0.1155869 -0.1392022 0.87632 -0.11437 -0.1455722 0.783281 -0.05779296 -0.1384003 0.8792719 0 -0.1390882 0.8724539 0 -0.1457862 0.7778909 0.05102199 -0.1498932 0.7079659 0.166589 -0.1393061 0.6544569 0.154317 -0.1531502 0.6172159 0.1821579 -0.1504492 0.593508 0.112006 -0.1558781 0.6230329 0 0.1125398 0.6301901 -0.1360459 0.1078428 0.633005 0 0.1379538 0.6900851 0 0.1362127 0.749114 0 0.1901627 0.8188331 0 0.1972027 0.873359 -0.151687 0.1973437 0.874722 -0.295861 0.1684107 0.879593 -0.304994 0.1553617 0.8257921 -0.1420789 0.1832487 0.820171 -0.271577 0.1118667 0.760665 -0.136512 0.1313357 0.7538691 -0.136279 0.1332257 0.693808 -0.282855 0.1198008 0.696776 0 0.1261028 0.5606521 0.1357269 0.1219688 0.55861 0.136512 0.1313357 0.7538691 0.1420789 0.1832487 0.820171 0.282855 0.1198008 0.696776 0.136279 0.1332257 0.693808 0.1360459 0.1078428 0.633005 0.26424 0.08663475 0.630095 0.249576 0.08623582 0.498424 -0.1357269 0.1219688 0.55861 -0.135408 0.09838086 0.498638 0.124695 0.07069367 0.96916 0.1249769 0.1559697 0.9380121 0.05766099 0.07611668 0.990354 0.05761396 0.1641667 0.943922 0 0.07461166 0.981538 0 0.1612867 0.946223 -0.05761396 0.1641667 0.943922 0.05775594 0.2461647 0.932504 0.131022 0.2371177 0.9223211 0.193898 0.1573567 0.938249 0.246329 0.1394057 0.9274901 0.307639 0.1999797 0.9282721 0.2477059 0.09931886 0.428826 0.257834 0.04358786 0.447288 0.251143 0.04084283 0.437657 0.25458 -0.01488107 0.425265 0.251143 -0.06855213 0.437 0.257868 -0.07674413 0.446911 0.305016 -0.1091743 0.8512519 0.280463 -0.1040912 0.7702249 0.272631 -0.1117241 0.6357319 0.266645 -0.001757144 0.634856 0.251298 -0.1134201 0.500211 0.263527 -0.01542311 0.433816 0.252659 0.1019349 0.440241 0.25766 -0.01553714 0.498713 0.28048 -0.01321315 0.557346 0.278731 0.1059398 0.5528771 0.290546 0.005361735 0.701238 0.271577 0.1118667 0.760665 0.284554 0.01518976 0.76533 0.304496 0.03898173 0.840055 0.304994 0.1553617 0.8257921 0.295861 0.1684107 0.879593 0.308038 0.1256567 0.9251651 0.308287 0.05947768 0.9611319 0.296589 0.0557397 0.904839 0.293495 -0.08723527 0.918825 0.306938 -0.09601527 0.969816 0.1951969 0.1013538 0.438844 0.132292 0.1084188 0.428346 0.132292 0.1244819 0.436637 0.07134395 0.1089909 0.439039 0 0.1143358 0.431302 0 0.1259648 0.440023 -0.07134395 0.1089909 0.439039 -0.132292 0.1084188 0.428346 -0.132292 0.1244819 0.436637 -0.1951969 0.1013538 0.438844 -0.197415 0.1151168 0.448344 0.197415 0.1151168 0.448344 0.135408 0.09838086 0.498638 0.07134395 0.1227558 0.447545 0 0.1026158 0.497106 -0.07134395 0.1227558 0.447545 0.2477059 -0.1200491 0.425822 0.252723 -0.1307371 0.4379839 0.18913 -0.1278991 0.433187 0.135214 -0.1338171 0.4211699 0.07337796 -0.1381711 0.433263 0.03891098 -0.1487151 0.4349809 0.02496099 -0.1403941 0.4241529 0 -0.1501961 0.430233 0 -0.1473421 0.420247 -0.02496099 -0.1403941 0.4241529 -0.07337796 -0.1381711 0.433263 -0.080527 -0.1482891 0.4410309 -0.135214 -0.1338171 0.4211699 -0.18913 -0.1278991 0.433187 -0.188268 -0.1423801 0.443039 -0.2259129 -0.1447601 0.566505 -0.227591 -0.1477872 0.6213159 -0.236158 -0.1446582 0.7048409 -0.239307 -0.1431762 0.7725579 -0.305016 -0.1091743 0.8512519 -0.05038398 -0.04723912 0.583509 -0.06220597 -0.05199116 0.560373 -0.07703697 0.01593881 0.560323 -0.068879 0.02599281 0.587785 -0.05371898 -0.03403317 0.58428 0 -0.05424314 0.588052 -0.03855895 -0.09406018 0.580775 0 -0.09860312 0.580419 -0.03943097 -0.1017091 0.5704929 0 -0.07119917 0.559094 0.24569 0.2217237 0.921113 0.151687 0.1973437 0.874722 0.185196 0.2419937 0.933508 -0.05775594 0.2461647 0.932504 -0.185196 0.2419937 0.933508 -0.24569 0.2217237 0.921113 -0.252723 -0.1307371 0.4379839 -0.2477059 -0.1200491 0.425822 -0.257868 -0.07674413 0.446911 -0.251143 -0.06855213 0.437 -0.263527 -0.01542311 0.433816 -0.25458 -0.01488107 0.425265 -0.251143 0.04084283 0.437657 -0.2477059 0.09931886 0.428826</float_array>
          <technique_common>
            <accessor source="#unnamed_015-mesh-positions-array" count="311" stride="3">
              <param name="X" type="float"/>
              <param name="Y" type="float"/>
              <param name="Z" type="float"/>
            </accessor>
          </technique_common>
        </source>
        <source id="unnamed_015-mesh-normals">
          <float_array id="unnamed_015-mesh-normals-array" count="933">0 0.9768511 0.2139206 -0.007923305 0.9134064 0.4069717 -0.05859595 0.2947659 0.9537712 -0.03131878 0.9537367 0.2990074 -0.0550155 0.2677582 0.9619142 -0.1076606 0.2317888 0.9667902 -0.08041405 0.8922219 0.4443803 -0.1738173 0.252662 0.9518139 -0.3471397 0.8917517 0.2902981 -0.8818699 0.1583669 0.4441009 -0.6649426 0.5882357 0.4602501 -0.7181385 0.09795874 0.6889712 -0.1600381 0.1526312 0.9752392 -0.1109201 0.161289 0.9806542 -0.08969408 0.1582752 0.9833127 -0.07692503 0.1728603 0.9819379 0 0.1591984 0.9872466 -0.04392737 0.06035834 0.9972097 -0.0826497 0.04601413 0.9955158 -0.1047203 0.06219702 0.9925549 -0.1408917 0.04342555 0.9890722 -0.8926343 -0.007744789 0.4507152 -0.6843675 -0.4716335 0.5560603 -0.3506228 -0.6021364 0.7172834 -0.09344446 -0.4563972 0.8848558 -0.0474894 -0.5756807 0.8162944 -0.03850036 -0.4783754 0.8773111 0 0.0436927 0.9990451 0.04392731 0.06035834 0.9972097 0.07692509 0.1728603 0.9819379 0.0896942 0.1582752 0.9833127 0.08264976 0.04601418 0.9955158 0.1109201 0.161289 0.9806542 0.1047202 0.06219702 0.992555 0.1600381 0.1526312 0.9752392 0.1408914 0.04342555 0.9890722 0.7181384 0.0979588 0.6889712 0.8926345 -0.007744729 0.4507148 0.6843671 -0.4716336 0.5560607 0.3506224 -0.6021365 0.7172835 0.09344393 -0.4563972 0.8848559 0.04748952 -0.5756807 0.8162944 0.03850042 -0.4783754 0.8773112 0 -0.6798446 0.7333562 -0.002600371 -0.9987501 0.04991567 -0.003896534 -0.9916267 0.1290792 0.007912456 -0.992759 0.1198623 0.002660155 -0.9707982 0.2398832 0.04994916 -0.9784719 0.2002447 0 -0.9869986 0.1607291 -0.04994916 -0.9784719 0.2002447 0.07958477 -0.9772691 0.1964978 0.4072104 -0.9025193 0.1401386 0.1026807 -0.9881045 0.1144821 0.3454822 -0.932043 0.1092607 0.3474591 -0.9314304 0.1082116 0.03463995 -0.9980109 0.05267262 0.1838127 -0.9829477 -0.005165994 -0.008344769 -0.9986556 -0.05116176 0.3089957 -0.9494412 -0.05552494 0.2515697 -0.9658549 0.06194418 -0.3089957 -0.9494412 -0.05552494 -0.2515698 -0.9658549 0.06194424 0.008344769 -0.9986556 -0.05116188 -0.1838127 -0.9829477 -0.005166053 -0.03463995 -0.9980109 0.05267256 -0.3474593 -0.9314303 0.1082116 -0.1026808 -0.9881045 0.1144822 -0.3454825 -0.9320429 0.1092607 -0.4072105 -0.9025192 0.1401387 -0.07958483 -0.9772691 0.1964978 -0.002660155 -0.9707981 0.2398833 -0.007912456 -0.992759 0.1198622 0 -0.9957405 0.09220063 0.005358695 -0.9982734 0.05849456 0.001912534 -0.9977483 -0.06704455 -0.03467053 -0.99929 0.01475274 0.09119784 -0.9957911 0.009121179 0.1567714 -0.971306 -0.1788505 0.1547172 -0.9840732 -0.08753669 0.7899121 -0.5879991 -0.1740577 0.7614979 -0.6268174 -0.1649884 0.9042015 -0.4242665 -0.04916983 0.8204717 -0.5700434 -0.04332327 0.9046509 -0.4229814 0.05189871 0.8042507 -0.5939893 0.01891398 0.8554818 -0.517787 -0.006903707 0.2951881 -0.8178002 0.4940313 0.1667946 -0.8972888 0.4087203 0.2388755 -0.8505518 0.4685086 -2.19421e-7 -0.766282 0.6425045 0 -0.8909157 0.4541687 -0.2388755 -0.8505517 0.4685086 -0.2637631 -0.8542508 0.4479784 -0.4162943 -0.7051281 0.5740152 -0.2951882 -0.8178001 0.4940314 -0.2465305 -0.9528923 0.1766893 -0.1844729 -0.9508978 0.2485224 -0.09119784 -0.995791 0.009121239 0.03467053 -0.9992899 0.01475268 -0.1006549 -0.9895814 0.102943 -0.1667945 -0.8972889 0.4087204 0 -0.8814675 0.4722449 0 -0.9966115 0.08225363 -0.02818149 -0.9992382 0.02699917 -0.001912534 -0.9977483 -0.06704461 -0.1567714 -0.971306 -0.1788504 -0.1423825 -0.9873887 -0.06921601 -0.05995637 -0.9937604 -0.09405088 -0.1698505 -0.9759031 -0.1369817 -0.09193688 -0.9945436 -0.04930233 -0.1077491 -0.9687472 -0.2234259 -0.05624055 -0.9890342 -0.1365592 0 -0.9693071 -0.2458534 0 -0.9916418 -0.129022 0.04969441 -0.9898297 -0.1332963 0.1077491 -0.9687472 -0.223426 0.09948599 -0.9940639 -0.04404211 0.1698505 -0.9759031 -0.1369817 0.05995637 -0.9937604 -0.094051 0.1105108 -0.9901688 -0.08575081 0.2602245 -0.9357764 -0.2379196 0.1274925 -0.9330686 -0.3363459 0 -0.9482349 -0.31757 -0.1274924 -0.9330689 -0.3363456 -0.2602244 -0.9357765 -0.2379193 -0.1105107 -0.9901688 -0.08575087 -0.1082587 -0.6008929 0.7919646 -0.04264247 -0.5469831 0.836057 0.1858005 -0.7559228 -0.6277412 -0.1088967 -0.6207267 -0.7764277 -0.4175096 -0.7181497 -0.5567286 -0.452322 -0.8323066 -0.3204225 0 -0.826129 -0.563481 0.452326 -0.8323043 -0.3204229 0.2637636 -0.8542506 0.4479784 0.4162938 -0.7051282 0.5740154 0.417509 -0.7181502 -0.5567286 0.2465298 -0.9528924 0.1766897 0.1088961 -0.6207268 -0.7764277 -0.1858005 -0.7559229 -0.6277411 0.04264307 -0.5469827 0.8360572 0.1082589 -0.6008929 0.7919645 0.1893281 -0.7715798 0.6073053 0 -0.6901841 0.7236339 -0.1893271 -0.7715798 0.6073055 -0.9977141 -0.02090102 -0.06426411 -0.8554818 -0.517787 -0.006903767 -0.995922 0.010055 -0.08965635 -0.8042508 -0.5939891 0.01891386 -0.9939362 0.04715907 -0.0993328 -0.904651 -0.4229813 0.05189859 -0.9941571 0.03666496 -0.101526 -0.8204717 -0.5700433 -0.04332327 -0.9042015 -0.4242665 -0.04916977 -0.994988 0.03779405 -0.09257704 -0.9923706 0.01539504 -0.1223258 -0.7614979 -0.6268173 -0.1649884 -0.8268647 -0.5464533 -0.1329793 -0.989778 0.002096176 -0.1426016 -0.6926565 -0.6597625 -0.2914456 -0.9786258 -0.07764291 -0.190429 -0.9223081 -0.00242269 -0.3864479 -0.9738159 0.09137773 -0.2081655 -0.7482474 0.6518812 -0.1231947 -0.7383264 0.6541592 -0.1641641 -0.7356489 0.6657922 -0.1246658 -0.7715986 0.6254349 -0.1160478 -0.7014471 0.7006902 -0.1304042 -0.7387874 0.6158415 -0.273738 -0.7645626 0.5642709 -0.3115166 -0.7690549 0.5522853 -0.3217697 -0.1425747 -0.8960729 -0.4203877 -0.05620205 -0.8510507 -0.5220672 -0.01771414 -0.9001369 -0.4352468 -0.09992164 -0.8849025 -0.4549322 3.26292e-7 -0.9641908 -0.2652097 0.09992134 -0.8849026 -0.4549322 -0.009917676 -0.891433 -0.453044 0.07248377 -0.8496897 -0.5222773 0.2006284 -0.8996215 -0.3878524 0.6628496 -0.7029034 -0.257987 0.5010594 -0.4411191 0.7445492 0.5280103 -0.8095401 -0.2566125 0.5332433 -0.2003121 0.8219043 0.7913757 -0.4501293 -0.4136524 0.3608394 -0.1489067 0.9206637 0.5558068 -0.182693 0.8109884 -0.09990012 -0.7297735 0.676351 -0.009801685 -0.9838248 -0.1788649 4.13522e-7 -0.996401 -0.08476543 1.60094e-7 -0.1632012 0.9865928 0 -0.1442431 0.9895423 0 -0.5649696 0.8251118 -3.6158e-7 -0.932359 -0.3615339 0 -0.2641367 -0.9644853 2.44225e-7 -0.9797371 0.2002882 0 0.0198403 -0.9998033 0.009801983 -0.9838249 -0.1788646 0.00290817 0.003328621 -0.9999902 -0.04620081 -0.05807548 -0.9972426 0.5609738 -0.2970667 -0.7726965 0.9200885 -0.3669711 0.1370017 0.0999006 -0.7297735 0.6763509 0.6023517 -0.07254964 0.7949271 0.2304108 0.1476165 0.9618318 -0.3608381 -0.1489068 0.9206643 0.162404 0.2519049 0.9540277 0 0.2835685 0.9589521 -0.162404 0.2519049 0.9540277 -0.2304107 0.1476165 0.9618318 -0.6023517 -0.07254964 0.7949271 -0.9200885 -0.3669711 0.1370016 -0.5609735 -0.2970668 -0.7726967 0.04620116 -0.05807548 -0.9972426 -0.00290817 0.003328621 -0.9999902 0.184473 -0.9508976 0.2485224 0.1006549 -0.9895814 0.1029431 0.02818149 -0.9992382 0.02699911 0 -0.9983955 0.05662703 -0.005358695 -0.9982734 0.0584945 0.002600371 -0.9987502 0.04991561 0.003896534 -0.9916267 0.1290792 0 0.9948048 -0.1018012 -0.1000155 0.9889718 -0.1092326 0 0.9824091 -0.1867412 -0.0838502 0.9801906 -0.1794312 0 0.9524878 -0.3045771 -0.0971778 0.9444485 -0.3139644 0 0.9236351 -0.3832732 -0.09655767 0.8943328 -0.4368587 0 0.9053693 -0.4246253 -0.09199684 0.8757761 -0.4738703 -0.07927221 0.9933589 -0.08339107 0 0.9969808 -0.07764959 0.07927221 0.9933589 -0.08339107 0.1000155 0.9889718 -0.1092326 0.08385014 0.9801906 -0.1794312 0.09717786 0.9444485 -0.3139644 0.09655779 0.8943328 -0.4368587 0.09199684 0.8757759 -0.4738702 0.7690548 0.5522853 -0.3217698 0.7645626 0.5642709 -0.3115165 0.7387875 0.6158415 -0.273738 0.701447 0.7006903 -0.1304044 0.7715985 0.6254348 -0.1160479 0.7356489 0.6657921 -0.1246657 0.7383265 0.6541592 -0.1641641 0.06667912 0.9976437 0.01615595 0 0.9997301 0.02323502 -0.06667912 0.9976438 0.01615595 0.8818697 0.1583669 0.4441011 0.1738173 0.252662 0.9518138 0.1076605 0.2317888 0.9667902 0.0550155 0.2677583 0.9619142 0.05859613 0.2947659 0.9537713 0 0.3321913 0.943212 0.007924437 0.9134063 0.4069718 0.0313189 0.9537367 0.2990075 0.08041429 0.8922219 0.44438 0.3471406 0.8917514 0.2902979 0.6649431 0.5882354 0.4602497 0.6175556 0.6047357 -0.5029113 0.7482474 0.6518812 -0.1231946 0.9738159 0.09137773 -0.2081653 0.7975144 0.1034277 -0.5943682 0.9223081 -0.00242263 -0.3864479 0.6910845 0.005249381 -0.722755 0.7702634 -0.1182993 -0.6266575 0.9786257 -0.07764279 -0.1904293 0.6238022 -0.4276689 -0.6541943 0.9977141 -0.02090102 -0.06426411 0.995922 0.01005506 -0.08965629 0.9939362 0.04715925 -0.09933274 0.9941571 0.03666496 -0.1015259 0.994988 0.03779405 -0.09257698 0.9923706 0.01539504 -0.1223258 0.989778 0.002096056 -0.1426015 0.129383 0.9704377 -0.2037418 0.05128985 0.5547795 -0.8304151 0.04682326 0.9209592 -0.3868354 0.02967643 0.4584596 -0.8882197 -0.02848404 0.5243177 -0.8510463 0.001998364 0.9684138 -0.2493405 0 0.9527119 -0.3038751 0 0.599968 -0.800024 0.02848404 0.5243177 -0.8510463 -0.001998364 0.9684139 -0.2493405 -0.0468232 0.9209593 -0.3868354 -0.02967643 0.4584596 -0.8882197 -0.05128949 0.5547795 -0.8304151 -0.1293827 0.9704377 -0.2037419 -0.6175556 0.6047356 -0.5029116 0.1296288 -0.5789498 -0.8049929 0.06720614 -0.5672505 -0.8207985 0.03883987 -0.5992889 -0.7995901 0.1500948 -0.7406663 -0.6548932 8.32037e-7 -0.9615016 -0.2747997 -0.1500948 -0.7406663 -0.6548932 -0.04764962 -0.6015136 -0.7974403 -0.05682867 -0.5738149 -0.8170111 -0.09707933 -0.5631491 -0.8206332 -0.6357899 -0.3974227 -0.6616846 -0.5280101 -0.8095403 -0.256612 -0.5010583 -0.4411196 0.7445496 -0.5332432 -0.2003121 0.8219044 -0.7913753 -0.4501296 -0.4136525 -0.5558067 -0.182693 0.8109885 -0.7702637 -0.1182995 -0.6266573 -0.6910846 0.005249142 -0.7227548 -0.7975143 0.1034277 -0.5943684</float_array>
          <technique_common>
            <accessor source="#unnamed_015-mesh-normals-array" count="311" stride="3">
              <param name="X" type="float"/>
              <param name="Y" type="float"/>
              <param name="Z" type="float"/>
            </accessor>
          </technique_common>
        </source>
        <source id="unnamed_015-mesh-map-0">
          <float_array id="unnamed_015-mesh-map-0-array" count="3564">0.2475 0.7634 0.2023 0.7655 0.2024 0.7014 0.2024 0.7014 0.2023 0.7655 0.1450999 0.7584 0.2024 0.7014 0.1450999 0.7584 0.1498 0.695 0.1498 0.695 0.1450999 0.7584 0.09589999 0.6961 0.09589999 0.6961 0.1450999 0.7584 0.1027 0.7623 0.09589999 0.6961 0.1027 0.7623 0.05499994 0.682 0.05499994 0.682 0.1027 0.7623 0.05549997 0.7464 0.05499994 0.682 0.05549997 0.7464 0.006699979 0.6713 0.006699979 0.6713 0.05549997 0.7464 0.006999969 0.7294 0.006699979 0.6713 0.006499946 0.6195 0.05499994 0.682 0.05499994 0.682 0.006499946 0.6195 0.05589997 0.6233 0.05499994 0.682 0.05589997 0.6233 0.09499996 0.6287 0.05499994 0.682 0.09499996 0.6287 0.09589999 0.6961 0.09589999 0.6961 0.09499996 0.6287 0.15 0.6283 0.09589999 0.6961 0.15 0.6283 0.1498 0.695 0.1498 0.695 0.15 0.6283 0.2024 0.7014 0.2024 0.7014 0.15 0.6283 0.2024 0.6325 0.2024 0.7014 0.2024 0.6325 0.2475 0.6313 0.2475 0.6313 0.2024 0.6325 0.2024 0.5558 0.2024 0.5558 0.2024 0.6325 0.15 0.6283 0.2024 0.5558 0.15 0.6283 0.15 0.5582 0.15 0.5582 0.15 0.6283 0.09499996 0.6287 0.15 0.5582 0.09499996 0.6287 0.0952 0.5555 0.0952 0.5555 0.09499996 0.6287 0.05589997 0.6233 0.0952 0.5555 0.05589997 0.6233 0.05489999 0.5591 0.05489999 0.5591 0.05589997 0.6233 0.006499946 0.6195 0.05489999 0.5591 0.006499946 0.6195 0.007099986 0.5601 0.007099986 0.5601 0.007599949 0.4979 0.05489999 0.5591 0.05489999 0.5591 0.007599949 0.4979 0.0539 0.4855 0.05489999 0.5591 0.0539 0.4855 0.0952 0.5555 0.0952 0.5555 0.0539 0.4855 0.09549999 0.4827 0.0952 0.5555 0.09549999 0.4827 0.1493999 0.483 0.0952 0.5555 0.1493999 0.483 0.15 0.5582 0.15 0.5582 0.1493999 0.483 0.2027 0.4833 0.15 0.5582 0.2027 0.4833 0.2024 0.5558 0.2024 0.5558 0.2027 0.4833 0.2475 0.5534 0.2024 0.5558 0.2475 0.5534 0.2475 0.6313 0.2475 0.6313 0.2475 0.5534 0.2925 0.5558 0.2475 0.6313 0.2925 0.5558 0.2925 0.6325 0.2925 0.6325 0.2925 0.5558 0.3449 0.6283 0.3449 0.6283 0.2925 0.5558 0.345 0.5582 0.3449 0.6283 0.345 0.5582 0.4 0.6287 0.4 0.6287 0.345 0.5582 0.3997 0.5555 0.4 0.6287 0.3997 0.5555 0.4391 0.6233 0.4391 0.6233 0.3997 0.5555 0.44 0.5591 0.4391 0.6233 0.44 0.5591 0.4884 0.6195 0.4884 0.6195 0.44 0.5591 0.4878 0.5601 0.4873 0.4979 0.4878 0.5601 0.44 0.5591 0.4873 0.4979 0.44 0.5591 0.441 0.4855 0.441 0.4855 0.44 0.5591 0.3997 0.5555 0.441 0.4855 0.3997 0.5555 0.3994 0.4827 0.3994 0.4827 0.3997 0.5555 0.3455 0.483 0.3455 0.483 0.3997 0.5555 0.345 0.5582 0.3455 0.483 0.345 0.5582 0.2922 0.4833 0.2922 0.4833 0.345 0.5582 0.2925 0.5558 0.2922 0.4833 0.2925 0.5558 0.2475 0.5534 0.2922 0.4833 0.2475 0.5534 0.2475 0.4766 0.2475 0.4766 0.2475 0.5534 0.2027 0.4833 0.3396 0.3043 0.3406 0.3805 0.2952 0.3829 0.2952 0.3829 0.3406 0.3805 0.343 0.4358 0.2952 0.3829 0.343 0.4358 0.295 0.438 0.2952 0.3829 0.295 0.438 0.2498 0.4293 0.2498 0.4293 0.295 0.438 0.2498 0.4674 0.2498 0.4293 0.2498 0.4674 0.2046 0.438 0.2046 0.438 0.2498 0.4674 0.2048 0.4758 0.2046 0.438 0.2048 0.4758 0.1513 0.4645 0.4025 0.4766 0.3484 0.4645 0.4024 0.4320001 0.4025 0.4766 0.4024 0.4320001 0.4443 0.4574 0.4443 0.4574 0.4024 0.4320001 0.4448 0.4243 0.4448 0.4243 0.4024 0.4320001 0.4018 0.3698 0.4448 0.4243 0.4018 0.3698 0.442 0.3671 0.442 0.3671 0.4018 0.3698 0.4377 0.2956 0.4377 0.2956 0.4018 0.3698 0.4015 0.2973 0.4377 0.2956 0.4015 0.2973 0.4353 0.2401 0.4353 0.2401 0.4015 0.2973 0.3912 0.2337999 0.4353 0.2401 0.3912 0.2337999 0.4328 0.2096999 0.4328 0.2096999 0.3912 0.2337999 0.4285 0.1717 0.3912 0.2337999 0.4015 0.2973 0.3396 0.3043 0.3396 0.3043 0.4015 0.2973 0.4018 0.3698 0.3396 0.3043 0.4018 0.3698 0.3406 0.3805 0.3406 0.3805 0.4018 0.3698 0.4024 0.4320001 0.3406 0.3805 0.4024 0.4320001 0.343 0.4358 0.343 0.4358 0.4024 0.4320001 0.3484 0.4645 0.343 0.4358 0.3484 0.4645 0.295 0.438 0.295 0.438 0.3484 0.4645 0.2948 0.4758 0.295 0.438 0.2948 0.4758 0.2498 0.4674 0.06679999 0.2096999 0.07109999 0.1717 0.1084 0.2337999 0.06679999 0.2096999 0.1084 0.2337999 0.06439995 0.2401 0.06439995 0.2401 0.1084 0.2337999 0.0981 0.2973 0.06439995 0.2401 0.0981 0.2973 0.06189996 0.2956 0.06189996 0.2956 0.0981 0.2973 0.09779995 0.3698 0.06189996 0.2956 0.09779995 0.3698 0.05759996 0.3671 0.05759996 0.3671 0.09779995 0.3698 0.05489999 0.4243 0.05489999 0.4243 0.09779995 0.3698 0.09719997 0.4320001 0.05489999 0.4243 0.09719997 0.4320001 0.05539995 0.4574 0.05539995 0.4574 0.09719997 0.4320001 0.09709995 0.4766 0.09709995 0.4766 0.09719997 0.4320001 0.1513 0.4645 0.1513 0.4645 0.09719997 0.4320001 0.1565999 0.4358 0.1513 0.4645 0.1565999 0.4358 0.2046 0.438 0.2046 0.438 0.1565999 0.4358 0.2044 0.3829 0.2046 0.438 0.2044 0.3829 0.2498 0.4293 0.2498 0.4293 0.2044 0.3829 0.2498 0.3774001 0.2498 0.4293 0.2498 0.3774001 0.2952 0.3829 0.2952 0.3829 0.2498 0.3774001 0.2927 0.3029 0.2952 0.3829 0.2927 0.3029 0.3396 0.3043 0.3396 0.3043 0.2927 0.3029 0.3333 0.2394999 0.3396 0.3043 0.3333 0.2394999 0.3912 0.2337999 0.3912 0.2337999 0.3333 0.2394999 0.3806 0.1988999 0.3912 0.2337999 0.3806 0.1988999 0.4285 0.1717 0.4285 0.1717 0.3806 0.1988999 0.3929 0.1489999 0.4285 0.1717 0.3929 0.1489999 0.4272 0.1269 0.4272 0.1269 0.3929 0.1489999 0.3879 0.0981 0.4272 0.1269 0.3879 0.0981 0.4472 0.0726 0.4272 0.1269 0.4472 0.0726 0.4696 0.1240999 0.4272 0.1269 0.4696 0.1240999 0.4285 0.1717 0.4285 0.1717 0.4696 0.1240999 0.4639 0.1834999 0.4285 0.1717 0.4639 0.1834999 0.4328 0.2096999 0.4328 0.2096999 0.4639 0.1834999 0.4787 0.2396 0.4328 0.2096999 0.4787 0.2396 0.4353 0.2401 0.4353 0.2401 0.4787 0.2396 0.4377 0.2956 0.4377 0.2956 0.4787 0.2396 0.4701 0.2937 0.4377 0.2956 0.4701 0.2937 0.442 0.3671 0.442 0.3671 0.4701 0.2937 0.4893 0.36 0.442 0.3671 0.4893 0.36 0.4803 0.4153 0.442 0.3671 0.4803 0.4153 0.4448 0.4243 0.4448 0.4243 0.4803 0.4153 0.4443 0.4574 0.4443 0.4574 0.4803 0.4153 0.4908 0.4571 0.3378 0.1730999 0.2885 0.2087 0.2903 0.1751999 0.2903 0.1751999 0.2885 0.2087 0.2498 0.1728 0.2903 0.1751999 0.2498 0.1728 0.2498 0.1556 0.2498 0.1556 0.2498 0.1728 0.2093 0.1751999 0.2498 0.1556 0.2093 0.1751999 0.205 0.157 0.205 0.157 0.2093 0.1751999 0.1635 0.1578999 0.1635 0.1578999 0.2093 0.1751999 0.1619 0.1730999 0.1635 0.1578999 0.1619 0.1730999 0.1319 0.156 0.1319 0.156 0.1619 0.1730999 0.1286 0.1683999 0.1319 0.156 0.1286 0.1683999 0.1068 0.1489999 0.1068 0.1489999 0.1286 0.1683999 0.119 0.1988999 0.119 0.1988999 0.1286 0.1683999 0.1694 0.2088 0.1694 0.2088 0.1286 0.1683999 0.1619 0.1730999 0.1694 0.2088 0.1619 0.1730999 0.2111 0.2087 0.2111 0.2087 0.1619 0.1730999 0.2093 0.1751999 0.2111 0.2087 0.2093 0.1751999 0.2498 0.1728 0.2111 0.2087 0.2498 0.1728 0.2498 0.2100999 0.2498 0.2100999 0.2498 0.1728 0.2885 0.2087 0.2498 0.2100999 0.2885 0.2087 0.2498 0.2452999 0.2498 0.2100999 0.2498 0.2452999 0.2111 0.2087 0.2111 0.2087 0.2498 0.2452999 0.2097 0.2426999 0.2111 0.2087 0.2097 0.2426999 0.1694 0.2088 0.1694 0.2088 0.2097 0.2426999 0.1662999 0.2394999 0.1694 0.2088 0.1662999 0.2394999 0.119 0.1988999 0.119 0.1988999 0.1662999 0.2394999 0.1084 0.2337999 0.119 0.1988999 0.1084 0.2337999 0.07109999 0.1717 0.119 0.1988999 0.07109999 0.1717 0.1068 0.1489999 0.1068 0.1489999 0.07109999 0.1717 0.07239997 0.1269 0.1068 0.1489999 0.07239997 0.1269 0.1116999 0.0981 0.1068 0.1489999 0.1116999 0.0981 0.121 0.1348 0.121 0.1348 0.1116999 0.0981 0.1554999 0.1187 0.1554999 0.1187 0.1116999 0.0981 0.1511 0.07990002 0.1554999 0.1187 0.1511 0.07990002 0.2067 0.1065 0.2067 0.1065 0.1511 0.07990002 0.2125 0.06629997 0.2067 0.1065 0.2125 0.06629997 0.2498 0.1051999 0.2498 0.1051999 0.2125 0.06629997 0.2498 0.06230002 0.2498 0.1051999 0.2498 0.06230002 0.2872 0.06629997 0.2498 0.1051999 0.2872 0.06629997 0.2929 0.1065 0.2929 0.1065 0.2872 0.06629997 0.3486 0.07990002 0.2929 0.1065 0.3486 0.07990002 0.3441 0.1187 0.3441 0.1187 0.3486 0.07990002 0.3879 0.0981 0.3441 0.1187 0.3879 0.0981 0.3787 0.1348 0.3787 0.1348 0.3879 0.0981 0.3929 0.1489999 0.3787 0.1348 0.3929 0.1489999 0.373 0.1456 0.3787 0.1348 0.373 0.1456 0.3441 0.1187 0.3441 0.1187 0.373 0.1456 0.334 0.1444 0.3441 0.1187 0.334 0.1444 0.2969 0.1434999 0.3441 0.1187 0.2969 0.1434999 0.2929 0.1065 0.2929 0.1065 0.2969 0.1434999 0.2498 0.1405999 0.2929 0.1065 0.2498 0.1405999 0.2498 0.1051999 0.2498 0.1051999 0.2498 0.1405999 0.2067 0.1065 0.2067 0.1065 0.2498 0.1405999 0.2028 0.1434999 0.2067 0.1065 0.2028 0.1434999 0.1554999 0.1187 0.1554999 0.1187 0.2028 0.1434999 0.1656 0.1444 0.1554999 0.1187 0.1656 0.1444 0.1267 0.1456 0.1554999 0.1187 0.1267 0.1456 0.121 0.1348 0.121 0.1348 0.1267 0.1456 0.1068 0.1489999 0.7206 0.5227 0.7192 0.5215 0.7188 0.5197 0.7188 0.5197 0.7192 0.5215 0.719 0.5216 0.7188 0.5197 0.719 0.5216 0.7179 0.5209 0.7179 0.5209 0.719 0.5216 0.7192 0.5221 0.7179 0.5209 0.7192 0.5221 0.719 0.5235 0.719 0.5235 0.7192 0.5221 0.7205 0.5228 0.719 0.5235 0.7205 0.5228 0.7204 0.5241 0.7204 0.5241 0.7205 0.5228 0.7219 0.5217 0.7204 0.5241 0.7219 0.5217 0.7223 0.5232 0.7223 0.5232 0.7219 0.5217 0.7243 0.5228 0.7243 0.5228 0.7219 0.5217 0.7243 0.5211 0.7243 0.5228 0.7243 0.5211 0.7219 0.5217 0.7243 0.5228 0.7219 0.5217 0.7223 0.5232 0.7223 0.5232 0.7219 0.5217 0.7204 0.5241 0.7204 0.5241 0.7219 0.5217 0.7205 0.5228 0.7204 0.5241 0.7205 0.5228 0.719 0.5235 0.719 0.5235 0.7205 0.5228 0.7192 0.5221 0.719 0.5235 0.7192 0.5221 0.7179 0.5209 0.7179 0.5209 0.7192 0.5221 0.719 0.5216 0.7179 0.5209 0.719 0.5216 0.7188 0.5197 0.7188 0.5197 0.719 0.5216 0.7192 0.5215 0.7188 0.5197 0.7192 0.5215 0.7206 0.5227 0.7188 0.5197 0.7206 0.5227 0.7205 0.5207 0.7205 0.5207 0.7206 0.5227 0.7219 0.5216 0.7205 0.5207 0.7219 0.5216 0.7222 0.52 0.7222 0.52 0.7219 0.5216 0.7243 0.5178 0.7243 0.5178 0.7219 0.5216 0.7243 0.5198 0.7243 0.5178 0.7243 0.5198 0.7219 0.5216 0.7243 0.5178 0.7219 0.5216 0.7222 0.52 0.7222 0.52 0.7219 0.5216 0.7205 0.5207 0.7205 0.5207 0.7219 0.5216 0.7206 0.5227 0.7205 0.5207 0.7206 0.5227 0.7188 0.5197 0.01459997 0.8826 0.03619998 0.937 0.06049996 0.8879 0.01459997 0.8826 0.06049996 0.8879 0.03509998 0.8282 0.03509998 0.8282 0.06049996 0.8879 0.06509995 0.7794 0.03509998 0.8282 0.06509995 0.7794 0.02489995 0.7656 0.06509995 0.7794 0.06049996 0.8879 0.1147 0.8846 0.06509995 0.7794 0.1147 0.8846 0.1222 0.7727 0.1222 0.7727 0.1147 0.8846 0.1777999 0.8775 0.1222 0.7727 0.1777999 0.8775 0.1870999 0.788 0.1870999 0.788 0.1777999 0.8775 0.2307 0.8793 0.1870999 0.788 0.2307 0.8793 0.2432 0.779 0.2432 0.779 0.2307 0.8793 0.2967 0.8014 0.2967 0.8014 0.2307 0.8793 0.2851 0.8835 0.2967 0.8014 0.2851 0.8835 0.349 0.8859 0.2967 0.8014 0.349 0.8859 0.358 0.7942 0.358 0.7942 0.349 0.8859 0.4064 0.8195 0.4064 0.8195 0.349 0.8859 0.3967 0.8926 0.4064 0.8195 0.3967 0.8926 0.4586 0.8154 0.4586 0.8154 0.3967 0.8926 0.4454 0.8544 0.4491 0.9019 0.4454 0.8544 0.3967 0.8926 0.4491 0.9019 0.3967 0.8926 0.4317 0.9439 0.4317 0.9439 0.3967 0.8926 0.4308 0.9883 0.4308 0.9883 0.3967 0.8926 0.3856 0.9684 0.3856 0.9684 0.3967 0.8926 0.349 0.8859 0.3856 0.9684 0.349 0.8859 0.3394 0.9753 0.3394 0.9753 0.349 0.8859 0.2791 0.9499 0.2791 0.9499 0.349 0.8859 0.2851 0.8835 0.2791 0.9499 0.2851 0.8835 0.2307 0.8793 0.2791 0.9499 0.2307 0.8793 0.2215 0.9652 0.2215 0.9652 0.2307 0.8793 0.1707 0.9502 0.1707 0.9502 0.2307 0.8793 0.1777999 0.8775 0.1707 0.9502 0.1777999 0.8775 0.1147 0.8846 0.1707 0.9502 0.1147 0.8846 0.1132 0.9733 0.1132 0.9733 0.1147 0.8846 0.06049996 0.8879 0.1132 0.9733 0.06049996 0.8879 0.0683 0.9754 0.0683 0.9754 0.06049996 0.8879 0.03619998 0.937 0.0683 0.9754 0.03619998 0.937 0.02539998 0.9919 0.1116999 0.0981 0.1019999 0.02579998 0.1434 0.01480001 0.1116999 0.0981 0.1434 0.01480001 0.1511 0.07990002 0.1511 0.07990002 0.1434 0.01480001 0.1866 0.0241 0.1511 0.07990002 0.1866 0.0241 0.2125 0.06629997 0.2125 0.06629997 0.1866 0.0241 0.2193 0.01920002 0.2125 0.06629997 0.2193 0.01920002 0.2498 0.06230002 0.2498 0.06230002 0.2193 0.01920002 0.2498 0.01529997 0.2498 0.06230002 0.2498 0.01529997 0.2804 0.01920002 0.2498 0.06230002 0.2804 0.01920002 0.2872 0.06629997 0.2872 0.06629997 0.2804 0.01920002 0.3131 0.0241 0.2872 0.06629997 0.3131 0.0241 0.3563 0.01480001 0.2872 0.06629997 0.3563 0.01480001 0.3486 0.07990002 0.3486 0.07990002 0.3563 0.01480001 0.3977 0.02579998 0.3486 0.07990002 0.3977 0.02579998 0.3879 0.0981 0.3879 0.0981 0.3977 0.02579998 0.4472 0.0726 0.4472 0.0726 0.3977 0.02579998 0.4483 0.0216 0.7712 0.5379 0.774 0.5404 0.7699 0.5372 0.7699 0.5372 0.774 0.5404 0.7704 0.5377 0.7699 0.5372 0.7704 0.5377 0.7693 0.5369 0.7699 0.5372 0.7693 0.5369 0.7695 0.537 0.7695 0.537 0.7693 0.5369 0.7674 0.5359 0.7695 0.537 0.7674 0.5359 0.7679 0.5361 0.7679 0.5361 0.768 0.5397 0.7695 0.537 0.7695 0.537 0.768 0.5397 0.7697 0.5397 0.7695 0.537 0.7697 0.5397 0.7699 0.5372 0.7699 0.5372 0.7697 0.5397 0.77 0.5397 0.7699 0.5372 0.77 0.5397 0.7712 0.5379 0.7712 0.5379 0.77 0.5397 0.7713 0.5397 0.7712 0.5379 0.7713 0.5397 0.7715 0.5379 0.7715 0.5379 0.7713 0.5397 0.7716 0.5397 0.7715 0.5379 0.7716 0.5397 0.7698 0.5371 0.7698 0.5371 0.7716 0.5397 0.7705 0.5397 0.7698 0.5371 0.7705 0.5397 0.7701 0.5397 0.7698 0.5371 0.7701 0.5397 0.7693 0.5369 0.7238 0.5223 0.7253 0.5226 0.7238 0.5194 0.7238 0.5223 0.7238 0.5194 0.7253 0.5226 0.7253 0.5226 0.7238 0.5194 0.7253 0.5196 0.7253 0.5226 0.7253 0.5196 0.7259 0.52 0.7259 0.52 0.7264 0.5202 0.7253 0.5226 0.7253 0.5226 0.7264 0.5202 0.727 0.5202 0.7253 0.5226 0.727 0.5202 0.7259 0.5223 0.7259 0.5223 0.727 0.5202 0.7268 0.5201 0.7259 0.5223 0.7268 0.5201 0.7262 0.52 0.7259 0.5223 0.7262 0.52 0.7253 0.5208 0.7253 0.5208 0.7262 0.52 0.7253 0.5191 0.7253 0.5208 0.7253 0.5191 0.7238 0.5188 0.7253 0.5208 0.7238 0.5188 0.7238 0.5202 0.7238 0.5202 0.7238 0.5188 0.7253 0.5208 0.7253 0.5208 0.7238 0.5188 0.7253 0.5191 0.7253 0.5208 0.7253 0.5191 0.7262 0.52 0.7253 0.5208 0.7262 0.52 0.7259 0.5223 0.7259 0.5223 0.7262 0.52 0.7268 0.5201 0.7259 0.5223 0.7268 0.5201 0.727 0.5202 0.7259 0.5223 0.727 0.5202 0.7253 0.5226 0.7253 0.5226 0.727 0.5202 0.7264 0.5202 0.7253 0.5226 0.7264 0.5202 0.7259 0.52 0.7253 0.5226 0.7259 0.52 0.7253 0.5196 0.7253 0.5226 0.7253 0.5196 0.7238 0.5194 0.7238 0.5194 0.7253 0.5196 0.7238 0.5164 0.7238 0.5194 0.7238 0.5164 0.7253 0.5196 0.7253 0.5196 0.7238 0.5164 0.7253 0.5167 0.7253 0.5196 0.7253 0.5167 0.7266 0.5174 0.7253 0.5196 0.7266 0.5174 0.7259 0.52 0.7259 0.52 0.7266 0.5174 0.7276 0.5179 0.7259 0.52 0.7276 0.5179 0.7264 0.5202 0.7264 0.5202 0.7276 0.5179 0.7281 0.5181 0.7264 0.5202 0.7281 0.5181 0.727 0.5202 0.727 0.5202 0.7281 0.5181 0.7277 0.518 0.727 0.5202 0.7277 0.518 0.7268 0.5201 0.7268 0.5201 0.7277 0.518 0.7265 0.5177 0.7268 0.5201 0.7265 0.5177 0.7262 0.52 0.7262 0.52 0.7265 0.5177 0.7253 0.5191 0.7253 0.5191 0.7265 0.5177 0.7254 0.5174 0.7253 0.5191 0.7254 0.5174 0.7238 0.5173 0.7253 0.5191 0.7238 0.5173 0.7238 0.5188 0.7238 0.5188 0.7238 0.5173 0.7253 0.5191 0.7253 0.5191 0.7238 0.5173 0.7254 0.5174 0.7253 0.5191 0.7254 0.5174 0.7265 0.5177 0.7253 0.5191 0.7265 0.5177 0.7262 0.52 0.7262 0.52 0.7265 0.5177 0.7268 0.5201 0.7268 0.5201 0.7265 0.5177 0.7277 0.518 0.7268 0.5201 0.7277 0.518 0.727 0.5202 0.727 0.5202 0.7277 0.518 0.7281 0.5181 0.727 0.5202 0.7281 0.5181 0.7264 0.5202 0.7264 0.5202 0.7281 0.5181 0.7276 0.5179 0.7264 0.5202 0.7276 0.5179 0.7259 0.52 0.7259 0.52 0.7276 0.5179 0.7266 0.5174 0.7259 0.52 0.7266 0.5174 0.7253 0.5196 0.7253 0.5196 0.7266 0.5174 0.7253 0.5167 0.7253 0.5196 0.7253 0.5167 0.7238 0.5164 0.3378 0.1730999 0.371 0.1683999 0.3302 0.2088 0.3378 0.1730999 0.3302 0.2088 0.2885 0.2087 0.2885 0.2087 0.3302 0.2088 0.2899 0.2426999 0.2885 0.2087 0.2899 0.2426999 0.2498 0.2452999 0.2498 0.2452999 0.2899 0.2426999 0.2498 0.2999 0.2498 0.2452999 0.2498 0.2999 0.2097 0.2426999 0.2097 0.2426999 0.2498 0.2999 0.207 0.3029 0.2097 0.2426999 0.207 0.3029 0.1662999 0.2394999 0.1662999 0.2394999 0.207 0.3029 0.16 0.3043 0.1662999 0.2394999 0.16 0.3043 0.1084 0.2337999 0.1084 0.2337999 0.16 0.3043 0.0981 0.2973 0.0981 0.2973 0.16 0.3043 0.09779995 0.3698 0.09779995 0.3698 0.16 0.3043 0.159 0.3805 0.09779995 0.3698 0.159 0.3805 0.09719997 0.4320001 0.09719997 0.4320001 0.159 0.3805 0.1565999 0.4358 0.1565999 0.4358 0.159 0.3805 0.2044 0.3829 0.2044 0.3829 0.159 0.3805 0.16 0.3043 0.2044 0.3829 0.16 0.3043 0.207 0.3029 0.2044 0.3829 0.207 0.3029 0.2498 0.3774001 0.2498 0.3774001 0.207 0.3029 0.2498 0.2999 0.2498 0.3774001 0.2498 0.2999 0.2927 0.3029 0.2927 0.3029 0.2498 0.2999 0.2899 0.2426999 0.2927 0.3029 0.2899 0.2426999 0.3333 0.2394999 0.3333 0.2394999 0.2899 0.2426999 0.3302 0.2088 0.3333 0.2394999 0.3302 0.2088 0.3806 0.1988999 0.3806 0.1988999 0.3302 0.2088 0.371 0.1683999 0.3806 0.1988999 0.371 0.1683999 0.3929 0.1489999 0.3929 0.1489999 0.371 0.1683999 0.3677 0.156 0.3677 0.156 0.371 0.1683999 0.3378 0.1730999 0.3677 0.156 0.3378 0.1730999 0.3362 0.1578999 0.3362 0.1578999 0.3378 0.1730999 0.2903 0.1751999 0.3362 0.1578999 0.2903 0.1751999 0.2946 0.157 0.2946 0.157 0.2903 0.1751999 0.2498 0.1556 0.7536 0.1697 0.86 0.1719999 0.7536 0.2179999 0.7536 0.2179999 0.86 0.1719999 0.8601 0.221 0.7536 0.2179999 0.8601 0.221 0.7536 0.2657 0.7536 0.2657 0.8601 0.221 0.8603 0.2695 0.7536 0.2657 0.8603 0.2695 0.7536 0.322 0.7536 0.322 0.8603 0.2695 0.8647 0.323 0.7536 0.322 0.8647 0.323 0.7536 0.366 0.7536 0.366 0.8647 0.323 0.8722 0.3671 0.9849 0.371 0.8722 0.3671 0.8647 0.323 0.9849 0.371 0.8647 0.323 0.9921 0.3276 0.9921 0.3276 0.8647 0.323 0.9659 0.275 0.9659 0.275 0.8647 0.323 0.8603 0.2695 0.9659 0.275 0.8603 0.2695 0.8601 0.221 0.9659 0.275 0.8601 0.221 0.9747 0.2233999 0.9747 0.2233999 0.8601 0.221 0.9602 0.1696 0.9602 0.1696 0.8601 0.221 0.86 0.1719999 0.9602 0.1696 0.86 0.1719999 0.8597 0.1118999 0.8597 0.1118999 0.86 0.1719999 0.7536 0.1697 0.8597 0.1118999 0.7536 0.1697 0.7536 0.1134999 0.7536 0.1134999 0.7536 0.1697 0.6475 0.1118999 0.6475 0.1118999 0.7536 0.1697 0.6472 0.1719999 0.6472 0.1719999 0.7536 0.1697 0.7536 0.2179999 0.6472 0.1719999 0.7536 0.2179999 0.647 0.221 0.647 0.221 0.7536 0.2179999 0.7536 0.2657 0.647 0.221 0.7536 0.2657 0.6468 0.2695 0.6468 0.2695 0.7536 0.2657 0.7536 0.322 0.6468 0.2695 0.7536 0.322 0.6425 0.323 0.6425 0.323 0.7536 0.322 0.7536 0.366 0.6425 0.323 0.7536 0.366 0.635 0.3671 0.635 0.3671 0.5222 0.371 0.6425 0.323 0.6425 0.323 0.5222 0.371 0.5151 0.3276 0.6425 0.323 0.5151 0.3276 0.5412 0.275 0.6425 0.323 0.5412 0.275 0.6468 0.2695 0.6468 0.2695 0.5412 0.275 0.647 0.221 0.647 0.221 0.5412 0.275 0.5324 0.2233999 0.647 0.221 0.5324 0.2233999 0.547 0.1696 0.647 0.221 0.547 0.1696 0.6472 0.1719999 0.6472 0.1719999 0.547 0.1696 0.6475 0.1118999 0.6475 0.1118999 0.547 0.1696 0.5356 0.1072999 0.6475 0.1118999 0.5356 0.1072999 0.5584 0.06330001 0.5584 0.06330001 0.6477 0.06349998 0.6475 0.1118999 0.6475 0.1118999 0.6477 0.06349998 0.7536 0.0622 0.6475 0.1118999 0.7536 0.0622 0.7536 0.1134999 0.7536 0.1134999 0.7536 0.0622 0.8597 0.1118999 0.8597 0.1118999 0.7536 0.0622 0.8595 0.06349998 0.8597 0.1118999 0.8595 0.06349998 0.9487 0.06330001 0.8597 0.1118999 0.9487 0.06330001 0.9715 0.1072999 0.8597 0.1118999 0.9715 0.1072999 0.9602 0.1696 0.4884 0.6195 0.4882 0.6713 0.44 0.682 0.4884 0.6195 0.44 0.682 0.4391 0.6233 0.4391 0.6233 0.44 0.682 0.4 0.6287 0.4 0.6287 0.44 0.682 0.399 0.6961 0.4 0.6287 0.399 0.6961 0.3449 0.6283 0.3449 0.6283 0.399 0.6961 0.3451 0.695 0.3449 0.6283 0.3451 0.695 0.2925 0.7014 0.3449 0.6283 0.2925 0.7014 0.2925 0.6325 0.2925 0.6325 0.2925 0.7014 0.2475 0.6313 0.2475 0.6313 0.2925 0.7014 0.2475 0.6991 0.2475 0.6313 0.2475 0.6991 0.2024 0.7014 0.2024 0.7014 0.2475 0.6991 0.2475 0.7634 0.2475 0.7634 0.2475 0.6991 0.2925 0.7014 0.2475 0.7634 0.2925 0.7014 0.2926 0.7655 0.2926 0.7655 0.2925 0.7014 0.3499 0.7584 0.3499 0.7584 0.2925 0.7014 0.3451 0.695 0.3499 0.7584 0.3451 0.695 0.399 0.6961 0.3499 0.7584 0.399 0.6961 0.3922 0.7623 0.3922 0.7623 0.399 0.6961 0.44 0.682 0.3922 0.7623 0.44 0.682 0.4395 0.7464 0.4395 0.7464 0.44 0.682 0.4882 0.6713 0.4395 0.7464 0.4882 0.6713 0.4879 0.7294 0.4404 0.988 0.4308 0.9883 0.4317 0.9439 0.4404 0.988 0.4317 0.9439 0.4398 0.9432 0.4398 0.9432 0.4317 0.9439 0.4491 0.9019 0.4398 0.9432 0.4491 0.9019 0.456 0.9035 0.456 0.9035 0.4491 0.9019 0.4525 0.8619 0.4525 0.8619 0.4491 0.9019 0.4454 0.8544 0.4525 0.8619 0.4454 0.8544 0.4673 0.8251 0.4673 0.8251 0.4454 0.8544 0.4586 0.8154 0.06049996 0.8879 0.06509995 0.7794 0.1147 0.8846 0.1147 0.8846 0.06509995 0.7794 0.1222 0.7727 0.1147 0.8846 0.1222 0.7727 0.1777999 0.8775 0.1777999 0.8775 0.1222 0.7727 0.1870999 0.788 0.1777999 0.8775 0.1870999 0.788 0.2307 0.8793 0.2307 0.8793 0.1870999 0.788 0.2432 0.779 0.2307 0.8793 0.2432 0.779 0.2967 0.8014 0.2307 0.8793 0.2967 0.8014 0.2851 0.8835 0.2851 0.8835 0.2967 0.8014 0.349 0.8859 0.349 0.8859 0.2967 0.8014 0.358 0.7942 0.349 0.8859 0.358 0.7942 0.4064 0.8195 0.349 0.8859 0.4064 0.8195 0.3967 0.8926 0.3967 0.8926 0.4064 0.8195 0.4586 0.8154 0.3967 0.8926 0.4586 0.8154 0.4454 0.8544 0.4454 0.8544 0.4491 0.9019 0.3967 0.8926 0.3967 0.8926 0.4491 0.9019 0.4317 0.9439 0.3967 0.8926 0.4317 0.9439 0.4308 0.9883 0.3967 0.8926 0.4308 0.9883 0.3856 0.9684 0.3967 0.8926 0.3856 0.9684 0.349 0.8859 0.349 0.8859 0.3856 0.9684 0.3394 0.9753 0.349 0.8859 0.3394 0.9753 0.2791 0.9499 0.349 0.8859 0.2791 0.9499 0.2851 0.8835 0.2851 0.8835 0.2791 0.9499 0.2307 0.8793 0.2307 0.8793 0.2791 0.9499 0.2215 0.9652 0.2307 0.8793 0.2215 0.9652 0.1707 0.9502 0.2307 0.8793 0.1707 0.9502 0.1777999 0.8775 0.1777999 0.8775 0.1707 0.9502 0.1147 0.8846 0.1147 0.8846 0.1707 0.9502 0.1132 0.9733 0.1147 0.8846 0.1132 0.9733 0.06049996 0.8879 0.06049996 0.8879 0.1132 0.9733 0.0683 0.9754 0.06049996 0.8879 0.0683 0.9754 0.03619998 0.937 0.03619998 0.937 0.0683 0.9754 0.02539998 0.9919 0.03619998 0.937 0.01459997 0.8826 0.06049996 0.8879 0.06049996 0.8879 0.01459997 0.8826 0.03509998 0.8282 0.06049996 0.8879 0.03509998 0.8282 0.06509995 0.7794 0.06509995 0.7794 0.03509998 0.8282 0.02489995 0.7656 0.556 0.01630002 0.5599 0.007099986 0.5992 0.02289998 0.5992 0.02289998 0.5599 0.007099986 0.601 0.01520001 0.5992 0.02289998 0.601 0.01520001 0.6501 0.01340001 0.6501 0.01340001 0.601 0.01520001 0.6501 0.006699979 0.6501 0.01340001 0.6501 0.006699979 0.6978 0.01539999 0.6501 0.01340001 0.6978 0.01539999 0.6978 0.02219998 0.6978 0.02219998 0.6978 0.01539999 0.7536 0.0162 0.7536 0.0162 0.6978 0.01539999 0.7536 0.009100019 0.7536 0.0162 0.7536 0.009100019 0.8094 0.01539999 0.7536 0.0162 0.8094 0.01539999 0.8094 0.02219998 0.8094 0.02219998 0.8094 0.01539999 0.857 0.01340001 0.857 0.01340001 0.8094 0.01539999 0.857 0.006699979 0.857 0.01340001 0.857 0.006699979 0.9062 0.01520001 0.857 0.01340001 0.9062 0.01520001 0.9079 0.02289998 0.9079 0.02289998 0.9062 0.01520001 0.9473 0.007099986 0.9079 0.02289998 0.9473 0.007099986 0.9511 0.01630002 0.5584 0.06330001 0.556 0.01630002 0.5992 0.02289998 0.5584 0.06330001 0.5992 0.02289998 0.6477 0.06349998 0.6477 0.06349998 0.5992 0.02289998 0.6501 0.01340001 0.6477 0.06349998 0.6501 0.01340001 0.6978 0.02219998 0.6477 0.06349998 0.6978 0.02219998 0.7536 0.0622 0.7536 0.0622 0.6978 0.02219998 0.7536 0.0162 0.7536 0.0622 0.7536 0.0162 0.8094 0.02219998 0.7536 0.0622 0.8094 0.02219998 0.8595 0.06349998 0.8595 0.06349998 0.8094 0.02219998 0.857 0.01340001 0.8595 0.06349998 0.857 0.01340001 0.9079 0.02289998 0.8595 0.06349998 0.9079 0.02289998 0.9487 0.06330001 0.9487 0.06330001 0.9079 0.02289998 0.9511 0.01630002 0.4443 0.01169997 0.4483 0.0216 0.3983 0.01770001 0.3983 0.01770001 0.4483 0.0216 0.3977 0.02579998 0.3983 0.01770001 0.3977 0.02579998 0.356 0.007899999 0.356 0.007899999 0.3977 0.02579998 0.3563 0.01480001 0.356 0.007899999 0.3563 0.01480001 0.3074 0.01779997 0.3074 0.01779997 0.3563 0.01480001 0.3131 0.0241 0.3074 0.01779997 0.3131 0.0241 0.2804 0.01920002 0.3074 0.01779997 0.2804 0.01920002 0.2694 0.01029998 0.2694 0.01029998 0.2804 0.01920002 0.2498 0.01529997 0.2694 0.01029998 0.2498 0.01529997 0.2501 0.006200015 0.2501 0.006200015 0.2498 0.01529997 0.2301999 0.01029998 0.2301999 0.01029998 0.2498 0.01529997 0.2193 0.01920002 0.2301999 0.01029998 0.2193 0.01920002 0.1922 0.01779997 0.1922 0.01779997 0.2193 0.01920002 0.1866 0.0241 0.1922 0.01779997 0.1866 0.0241 0.1436 0.007899999 0.1436 0.007899999 0.1866 0.0241 0.1434 0.01480001 0.1436 0.007899999 0.1434 0.01480001 0.1013 0.01770001 0.1013 0.01770001 0.1434 0.01480001 0.1019999 0.02579998 0.1013 0.01770001 0.1019999 0.02579998 0.05529999 0.01169997 0.05529999 0.01169997 0.1019999 0.02579998 0.05139994 0.0216 0.05139994 0.0216 0.1019999 0.02579998 0.1116999 0.0981 0.05139994 0.0216 0.1116999 0.0981 0.05249994 0.0726 0.05249994 0.0726 0.1116999 0.0981 0.07239997 0.1269 0.05249994 0.0726 0.07239997 0.1269 0.03009998 0.1240999 0.03009998 0.1240999 0.07239997 0.1269 0.07109999 0.1717 0.03009998 0.1240999 0.07109999 0.1717 0.03569996 0.1834999 0.03569996 0.1834999 0.07109999 0.1717 0.06679999 0.2096999 0.03569996 0.1834999 0.06679999 0.2096999 0.02089995 0.2396 0.02089995 0.2396 0.06679999 0.2096999 0.06439995 0.2401 0.02089995 0.2396 0.06439995 0.2401 0.06189996 0.2956 0.02089995 0.2396 0.06189996 0.2956 0.02959996 0.2937 0.02959996 0.2937 0.06189996 0.2956 0.05759996 0.3671 0.02959996 0.2937 0.05759996 0.3671 0.01029998 0.36 0.01029998 0.36 0.05759996 0.3671 0.01929998 0.4153 0.01929998 0.4153 0.05759996 0.3671 0.05489999 0.4243 0.01929998 0.4153 0.05489999 0.4243 0.05539995 0.4574 0.01929998 0.4153 0.05539995 0.4574 0.00879997 0.4571 0.774 0.5404 0.7712 0.5379 0.7699 0.5372 0.774 0.5404 0.7699 0.5372 0.7704 0.5377 0.7704 0.5377 0.7699 0.5372 0.7693 0.5369 0.7693 0.5369 0.7699 0.5372 0.7695 0.537 0.7693 0.5369 0.7695 0.537 0.7674 0.5359 0.7674 0.5359 0.7695 0.537 0.7679 0.5361 0.768 0.5397 0.7679 0.5361 0.7695 0.537 0.768 0.5397 0.7695 0.537 0.7697 0.5397 0.7697 0.5397 0.7695 0.537 0.7699 0.5372 0.7697 0.5397 0.7699 0.5372 0.77 0.5397 0.77 0.5397 0.7699 0.5372 0.7712 0.5379 0.77 0.5397 0.7712 0.5379 0.7713 0.5397 0.7713 0.5397 0.7712 0.5379 0.7715 0.5379 0.7713 0.5397 0.7715 0.5379 0.7716 0.5397 0.7716 0.5397 0.7715 0.5379 0.7698 0.5371 0.7716 0.5397 0.7698 0.5371 0.7705 0.5397 0.7705 0.5397 0.7698 0.5371 0.7701 0.5397 0.7701 0.5397 0.7698 0.5371 0.7693 0.5369 0.513 0.4103 0.5222 0.371 0.5615 0.4045 0.5615 0.4045 0.5222 0.371 0.635 0.3671 0.5615 0.4045 0.635 0.3671 0.6088 0.4145 0.6088 0.4145 0.635 0.3671 0.6511 0.4055 0.6511 0.4055 0.635 0.3671 0.7536 0.366 0.6511 0.4055 0.7536 0.366 0.7084 0.4137 0.7084 0.4137 0.7536 0.366 0.7536 0.4053 0.7987 0.4137 0.7536 0.4053 0.7536 0.366 0.7987 0.4137 0.7536 0.366 0.856 0.4055 0.856 0.4055 0.7536 0.366 0.8722 0.3671 0.856 0.4055 0.8722 0.3671 0.8984 0.4145 0.8984 0.4145 0.8722 0.3671 0.9457 0.4045 0.9457 0.4045 0.8722 0.3671 0.9849 0.371 0.9457 0.4045 0.9849 0.371 0.9941 0.4103 0.4673 0.8251 0.4586 0.8154 0.4454 0.8544 0.4673 0.8251 0.4454 0.8544 0.4525 0.8619 0.4525 0.8619 0.4454 0.8544 0.4491 0.9019 0.4525 0.8619 0.4491 0.9019 0.456 0.9035 0.456 0.9035 0.4491 0.9019 0.4398 0.9432 0.4398 0.9432 0.4491 0.9019 0.4317 0.9439 0.4398 0.9432 0.4317 0.9439 0.4404 0.988 0.4404 0.988 0.4317 0.9439 0.4308 0.9883</float_array>
          <technique_common>
            <accessor source="#unnamed_015-mesh-map-0-array" count="1782" stride="2">
              <param name="S" type="float"/>
              <param name="T" type="float"/>
            </accessor>
          </technique_common>
        </source>
        <source id="unnamed_015-mesh-colors-Col" name="Col">
          <float_array id="unnamed_015-mesh-colors-Col-array" count="7128">0 0 0 1 0 0 0 1 0 0 0 1 0 0 0 1 0 0 0 1 0 0 0 1 0 0 0 1 0 0 0 1 0 0 0 1 0 0 0 1 0 0 0 1 0 0 0 1 0 0 0 1 0 0 0 1 0 0 0 1 0 0 0 1 0 0 0 1 0 0 0 1 0 0 0 1 0 0 0 1 0 0 0 1 0 0 0 1 0 0 0 1 0 0 0 1 0 0 0 1 0 0 0 1 0 0 0 1 0 0 0 1 0 0 0 1 0 0 0 1 0 0 0 1 0 0 0 1 0 0 0 1 0 0 0 1 0 0 0 1 0 0 0 1 0 0 0 1 0 0 0 1 0 0 0 1 0 0 0 1 0 0 0 1 0 0 0 1 0 0 0 1 0 0 0 1 0 0 0 1 0 0 0 1 0 0 0 1 0 0 0 1 0 0 0 1 0 0 0 1 0 0 0 1 0 0 0 1 0 0 0 1 0 0 0 1 0 0 0 1 0 0 0 1 0 0 0 1 0 0 0 1 0 0 0 1 0 0 0 1 0 0 0 1 0 0 0 1 0 0 0 1 0 0 0 1 0 0 0 1 0 0 0 1 0 0 0 1 0 0 0 1 0 0 0 1 0 0 0 1 0 0 0 1 0 0 0 1 0 0 0 1 0 0 0 1 0 0 0 1 0 0 0 1 0 0 0 1 0 0 0 1 0 0 0 1 0 0 0 1 0 0 0 1 0 0 0 1 0 0 0 1 0 0 0 1 0 0 0 1 0 0 0 1 0 0 0 1 0 0 0 1 0 0 0 1 0 0 0 1 0 0 0 1 0 0 0 1 0 0 0 1 0 0 0 1 0 0 0 1 0 0 0 1 0 0 0 1 0 0 0 1 0 0 0 1 0 0 0 1 0 0 0 1 0 0 0 1 0 0 0 1 0 0 0 1 0 0 0 1 0 0 0 1 0 0 0 1 0 0 0 1 0 0 0 1 0 0 0 1 0 0 0 1 0 0 0 1 0 0 0 1 0 0 0 1 0 0 0 1 0 0 0 1 0 0 0 1 0 0 0 1 0 0 0 1 0 0 0 1 0 0 0 1 0 0 0 1 0 0 0 1 0 0 0 1 0 0 0 1 0 0 0 1 0 0 0 1 0 0 0 1 0 0 0 1 0 0 0 1 0 0 0 1 0 0 0 1 0 0 0 1 0 0 0 1 0 0 0 1 0 0 0 1 0 0 0 1 0 0 0 1 0 0 0 1 0 0 0 1 0 0 0 1 0 0 0 1 0 0 0 1 0 0 0 1 0 0 0 1 0 0 0 1 0 0 0 1 0 0 0 1 0 0 0 1 0 0 0 1 0 0 0 1 0 0 0 1 0 0 0 1 0 0 0 1 0 0 0 1 0 0 0 1 0 0 0 1 0 0 0 1 0 0 0 1 0 0 0 1 0 0 0 1 0 0 0 1 0 0 0 1 0 0 0 1 0 0 0 1 0 0 0 1 0 0 0 1 0 0 0 1 0 0 0 1 0 0 0 1 0 0 0 1 0 0 0 1 0 0 0 1 0 0 0 1 0 0 0 1 0 0 0 1 0 0 0 1 0 0 0 1 0 0 0 1 0 0 0 1 0 0 0 1 0 0 0 1 0 0 0 1 0 0 0 1 0 0 0 1 0 0 0 1 0 0 0 1 0 0 0 1 0 0 0 1 0 0 0 1 0 0 0 1 0 0 0 1 0 0 0 1 0 0 0 1 0 0 0 1 0 0 0 1 0 0 0 1 0 0 0 1 0 0 0 1 0 0 0 1 0 0 0 1 0 0 0 1 0 0 0 1 0 0 0 1 0 0 0 1 0 0 0 1 0 0 0 1 0 0 0 1 0 0 0 1 0 0 0 1 0 0 0 1 0 0 0 1 0 0 0 1 0 0 0 1 0 0 0 1 0 0 0 1 0 0 0 1 0 0 0 1 0 0 0 1 0 0 0 1 0 0 0 1 0 0 0 1 0 0 0 1 0 0 0 1 0 0 0 1 0 0 0 1 0 0 0 1 0 0 0 1 0 0 0 1 0 0 0 1 0 0 0 1 0 0 0 1 0 0 0 1 0 0 0 1 0 0 0 1 0 0 0 1 0 0 0 1 0 0 0 1 0 0 0 1 0 0 0 1 0 0 0 1 0 0 0 1 0 0 0 1 0 0 0 1 0 0 0 1 0 0 0 1 0 0 0 1 0 0 0 1 0 0 0 1 0 0 0 1 0 0 0 1 0 0 0 1 0 0 0 1 0 0 0 1 0 0 0 1 0 0 0 1 0 0 0 1 0 0 0 1 0 0 0 1 0 0 0 1 0 0 0 1 0 0 0 1 0 0 0 1 0 0 0 1 0 0 0 1 0 0 0 1 0 0 0 1 0 0 0 1 0 0 0 1 0 0 0 1 0 0 0 1 0 0 0 1 0 0 0 1 0 0 0 1 0 0 0 1 0 0 0 1 0 0 0 1 0 0 0 1 0 0 0 1 0 0 0 1 0 0 0 1 0 0 0 1 0 0 0 1 0 0 0 1 0 0 0 1 0 0 0 1 0 0 0 1 0 0 0 1 0 0 0 1 0 0 0 1 0 0 0 1 0 0 0 1 0 0 0 1 0 0 0 1 0 0 0 1 0 0 0 1 0 0 0 1 0 0 0 1 0 0 0 1 0 0 0 1 0 0 0 1 0 0 0 1 0 0 0 1 0 0 0 1 0 0 0 1 0 0 0 1 0 0 0 1 0 0 0 1 0 0 0 1 0 0 0 1 0 0 0 1 0 0 0 1 0 0 0 1 0 0 0 1 0 0 0 1 0 0 0 1 0 0 0 1 0 0 0 1 0 0 0 1 0 0 0 1 0 0 0 1 0 0 0 1 0 0 0 1 0 0 0 1 0 0 0 1 0 0 0 1 0 0 0 1 0 0 0 1 0 0 0 1 0 0 0 1 0 0 0 1 0 0 0 1 0 0 0 1 0 0 0 1 0 0 0 1 0 0 0 1 0 0 0 1 0 0 0 1 0 0 0 1 0 0 0 1 0 0 0 1 0 0 0 1 0 0 0 1 0 0 0 1 0 0 0 1 0 0 0 1 0 0 0 1 0 0 0 1 0 0 0 1 0 0 0 1 0 0 0 1 0 0 0 1 0 0 0 1 0 0 0 1 0 0 0 1 0 0 0 1 0 0 0 1 0 0 0 1 0 0 0 1 0 0 0 1 0 0 0 1 0 0 0 1 0 0 0 1 0 0 0 1 0 0 0 1 0 0 0 1 0 0 0 1 0 0 0 1 0 0 0 1 0 0 0 1 0 0 0 1 0 0 0 1 0 0 0 1 0 0 0 1 0 0 0 1 0 0 0 1 0 0 0 1 0 0 0 1 0 0 0 1 0 0 0 1 0 0 0 1 0 0 0 1 0 0 0 1 0 0 0 1 0 0 0 1 0 0 0 1 0 0 0 1 0 0 0 1 0 0 0 1 0 0 0 1 0 0 0 1 0 0 0 1 0 0 0 1 0 0 0 1 0 0 0 1 0 0 0 1 0 0 0 1 0 0 0 1 0 0 0 1 0 0 0 1 0 0 0 1 0 0 0 1 0 0 0 1 0 0 0 1 0 0 0 1 0 0 0 1 0 0 0 1 0 0 0 1 0 0 0 1 0 0 0 1 0 0 0 1 0 0 0 1 0 0 0 1 0 0 0 1 0 0 0 1 0 0 0 1 0 0 0 1 0 0 0 1 0 0 0 1 0 0 0 1 0 0 0 1 0 0 0 1 0 0 0 1 0 0 0 1 0 0 0 1 0 0 0 1 0 0 0 1 0 0 0 1 0 0 0 1 0 0 0 1 0 0 0 1 0 0 0 1 0 0 0 1 0 0 0 1 0 0 0 1 0 0 0 1 0 0 0 1 0 0 0 1 0 0 0 1 0 0 0 1 0 0 0 1 0 0 0 1 0 0 0 1 0 0 0 1 0 0 0 1 0 0 0 1 0 0 0 1 0 0 0 1 0 0 0 1 0 0 0 1 0 0 0 1 0 0 0 1 0 0 0 1 0 0 0 1 0 0 0 1 0 0 0 1 0 0 0 1 0 0 0 1 0 0 0 1 0 0 0 1 0 0 0 1 0 0 0 1 0 0 0 1 0 0 0 1 0 0 0 1 0 0 0 1 0 0 0 1 0 0 0 1 0 0 0 1 0 0 0 1 0 0 0 1 0 0 0 1 0 0 0 1 0 0 0 1 0 0 0 1 0 0 0 1 0 0 0 1 0 0 0 1 0 0 0 1 0 0 0 1 0 0 0 1 0 0 0 1 0 0 0 1 0 0 0 1 0 0 0 1 0 0 0 1 0 0 0 1 0 0 0 1 0 0 0 1 0 0 0 1 0 0 0 1 0 0 0 1 0 0 0 1 0 0 0 1 0 0 0 1 0 0 0 1 0 0 0 1 0 0 0 1 0 0 0 1 0 0 0 1 0 0 0 1 0 0 0 1 0 0 0 1 0 0 0 1 0 0 0 1 0 0 0 1 0 0 0 1 0 0 0 1 0 0 0 1 0 0 0 1 0 0 0 1 0 0 0 1 0 0 0 1 0 0 0 1 0 0 0 1 0 0 0 1 0 0 0 1 0 0 0 1 0 0 0 1 0 0 0 1 0 0 0 1 0 0 0 1 0 0 0 1 0 0 0 1 0 0 0 1 0 0 0 1 0 0 0 1 0 0 0 1 0 0 0 1 0 0 0 1 0 0 0 1 0 0 0 1 0 0 0 1 0 0 0 1 0 0 0 1 0 0 0 1 0 0 0 1 0 0 0 1 0 0 0 1 0 0 0 1 0 0 0 1 0 0 0 1 0 0 0 1 0 0 0 1 0 0 0 1 0 0 0 1 0 0 0 1 0 0 0 1 0 0 0 1 0 0 0 1 0 0 0 1 0 0 0 1 0 0 0 1 0 0 0 1 0 0 0 1 0 0 0 1 0 0 0 1 0 0 0 1 0 0 0 1 0 0 0 1 0 0 0 1 0 0 0 1 0 0 0 1 0 0 0 1 0 0 0 1 0 0 0 1 0 0 0 1 0 0 0 1 0 0 0 1 0 0 0 1 0 0 0 1 0 0 0 1 0 0 0 1 0 0 0 1 0 0 0 1 0 0 0 1 0 0 0 1 0 0 0 1 0 0 0 1 0 0 0 1 0 0 0 1 0 0 0 1 0 0 0 1 0 0 0 1 0 0 0 1 0 0 0 1 0 0 0 1 0 0 0 1 0 0 0 1 0 0 0 1 0 0 0 1 0 0 0 1 0 0 0 1 0 0 0 1 0 0 0 1 0 0 0 1 0 0 0 1 0 0 0 1 0 0 0 1 0 0 0 1 0 0 0 1 0 0 0 1 0 0 0 1 0 0 0 1 0 0 0 1 0 0 0 1 0 0 0 1 0 0 0 1 0 0 0 1 0 0 0 1 0 0 0 1 0 0 0 1 0 0 0 1 0 0 0 1 0 0 0 1 0 0 0 1 0 0 0 1 0 0 0 1 0 0 0 1 0 0 0 1 0 0 0 1 0 0 0 1 0 0 0 1 0 0 0 1 0 0 0 1 0 0 0 1 0 0 0 1 0 0 0 1 0 0 0 1 0 0 0 1 0 0 0 1 0 0 0 1 0 0 0 1 0 0 0 1 0 0 0 1 0 0 0 1 0 0 0 1 0 0 0 1 0 0 0 1 0 0 0 1 0 0 0 1 0 0 0 1 0 0 0 1 0 0 0 1 0 0 0 1 0 0 0 1 0 0 0 1 0 0 0 1 0 0 0 1 0 0 0 1 0 0 0 1 0 0 0 1 0 0 0 1 0 0 0 1 0 0 0 1 0 0 0 1 0 0 0 1 0 0 0 1 0 0 0 1 0 0 0 1 0 0 0 1 0 0 0 1 0 0 0 1 0 0 0 1 0 0 0 1 0 0 0 1 0 0 0 1 0 0 0 1 0 0 0 1 0 0 0 1 0 0 0 1 0 0 0 1 0 0 0 1 0 0 0 1 0 0 0 1 0 0 0 1 0 0 0 1 0 0 0 1 0 0 0 1 0 0 0 1 0 0 0 1 0 0 0 1 0 0 0 1 0 0 0 1 0 0 0 1 0 0 0 1 0 0 0 1 0 0 0 1 0 0 0 1 0 0 0 1 0 0 0 1 0 0 0 1 0 0 0 1 0 0 0 1 0 0 0 1 0 0 0 1 0 0 0 1 0 0 0 1 0 0 0 1 0 0 0 1 0 0 0 1 0 0 0 1 0 0 0 1 0 0 0 1 0 0 0 1 0 0 0 1 0 0 0 1 0 0 0 1 0 0 0 1 0 0 0 1 0 0 0 1 0 0 0 1 0 0 0 1 0 0 0 1 0 0 0 1 0 0 0 1 0 0 0 1 0 0 0 1 0 0 0 1 0 0 0 1 0 0 0 1 0 0 0 1 0 0 0 1 0 0 0 1 0 0 0 1 0 0 0 1 0 0 0 1 0 0 0 1 0 0 0 1 0 0 0 1 0 0 0 1 0 0 0 1 0 0 0 1 0 0 0 1 0 0 0 1 0 0 0 1 0 0 0 1 0 0 0 1 0 0 0 1 0 0 0 1 0 0 0 1 0 0 0 1 0 0 0 1 0 0 0 1 0 0 0 1 0 0 0 1 0 0 0 1 0 0 0 1 0 0 0 1 0 0 0 1 0 0 0 1 0 0 0 1 0 0 0 1 0 0 0 1 0 0 0 1 0 0 0 1 0 0 0 1 0 0 0 1 0 0 0 1 0 0 0 1 0 0 0 1 0 0 0 1 0 0 0 1 0 0 0 1 0 0 0 1 0 0 0 1 0 0 0 1 0 0 0 1 0 0 0 1 0 0 0 1 0 0 0 1 0 0 0 1 0 0 0 1 0 0 0 1 0 0 0 1 0 0 0 1 0 0 0 1 0 0 0 1 0 0 0 1 0 0 0 1 0 0 0 1 0 0 0 1 0 0 0 1 0 0 0 1 0 0 0 1 0 0 0 1 0 0 0 1 0 0 0 1 0 0 0 1 0 0 0 1 0 0 0 1 0 0 0 1 0 0 0 1 0 0 0 1 0 0 0 1 0 0 0 1 0 0 0 1 0 0 0 1 0 0 0 1 0 0 0 1 0 0 0 1 0 0 0 1 0 0 0 1 0 0 0 1 0 0 0 1 0 0 0 1 0 0 0 1 0 0 0 1 0 0 0 1 0 0 0 1 0 0 0 1 0 0 0 1 0 0 0 1 0 0 0 1 0 0 0 1 0 0 0 1 0 0 0 1 0 0 0 1 0 0 0 1 0 0 0 1 0 0 0 1 0 0 0 1 0 0 0 1 0 0 0 1 0 0 0 1 0 0 0 1 0 0 0 1 0 0 0 1 0 0 0 1 0 0 0 1 0 0 0 1 0 0 0 1 0 0 0 1 0 0 0 1 0 0 0 1 0 0 0 1 0 0 0 1 0 0 0 1 0 0 0 1 0 0 0 1 0 0 0 1 0 0 0 1 0 0 0 1 0 0 0 1 0 0 0 1 0 0 0 1 0 0 0 1 0 0 0 1 0 0 0 1 0 0 0 1 0 0 0 1 0 0 0 1 0 0 0 1 0 0 0 1 0 0 0 1 0 0 0 1 0 0 0 1 0 0 0 1 0 0 0 1 0 0 0 1 0 0 0 1 0 0 0 1 0 0 0 1 0 0 0 1 0 0 0 1 0 0 0 1 0 0 0 1 0 0 0 1 0 0 0 1 0 0 0 1 0 0 0 1 0 0 0 1 0 0 0 1 0 0 0 1 0 0 0 1 0 0 0 1 0 0 0 1 0 0 0 1 0 0 0 1 0 0 0 1 0 0 0 1 0 0 0 1 0 0 0 1 0 0 0 1 0 0 0 1 0 0 0 1 0 0 0 1 0 0 0 1 0 0 0 1 0 0 0 1 0 0 0 1 0 0 0 1 0 0 0 1 0 0 0 1 0 0 0 1 0 0 0 1 0 0 0 1 0 0 0 1 0 0 0 1 0 0 0 1 0 0 0 1 0 0 0 1 0 0 0 1 0 0 0 1 0 0 0 1 0 0 0 1 0 0 0 1 0 0 0 1 0 0 0 1 0 0 0 1 0 0 0 1 0 0 0 1 0 0 0 1 0 0 0 1 0 0 0 1 0 0 0 1 0 0 0 1 0 0 0 1 0 0 0 1 0 0 0 1 0 0 0 1 0 0 0 1 0 0 0 1 0 0 0 1 0 0 0 1 0 0 0 1 0 0 0 1 0 0 0 1 0 0 0 1 0 0 0 1 0 0 0 1 0 0 0 1 0 0 0 1 0 0 0 1 0 0 0 1 0 0 0 1 0 0 0 1 0 0 0 1 0 0 0 1 0 0 0 1 0 0 0 1 0 0 0 1 0 0 0 1 0 0 0 1 0 0 0 1 0 0 0 1 0 0 0 1 0 0 0 1 0 0 0 1 0 0 0 1 0 0 0 1 0 0 0 1 0 0 0 1 0 0 0 1 0 0 0 1 0 0 0 1 0 0 0 1 0 0 0 1 0 0 0 1 0 0 0 1 0 0 0 1 0 0 0 1 0 0 0 1 0 0 0 1 0 0 0 1 0 0 0 1 0 0 0 1 0 0 0 1 0 0 0 1 0 0 0 1 0 0 0 1 0 0 0 1 0 0 0 1 0 0 0 1 0 0 0 1 0 0 0 1 0 0 0 1 0 0 0 1 0 0 0 1 0 0 0 1 0 0 0 1 0 0 0 1 0 0 0 1 0 0 0 1 0 0 0 1 0 0 0 1 0 0 0 1 0 0 0 1 0 0 0 1 0 0 0 1 0 0 0 1 0 0 0 1 0 0 0 1 0 0 0 1 0 0 0 1 0 0 0 1 0 0 0 1 0 0 0 1 0 0 0 1 0 0 0 1 0 0 0 1 0 0 0 1 0 0 0 1 0 0 0 1 0 0 0 1 0 0 0 1 0 0 0 1 0 0 0 1 0 0 0 1 0 0 0 1 0 0 0 1 0 0 0 1 0 0 0 1 0 0 0 1 0 0 0 1 0 0 0 1 0 0 0 1 0 0 0 1 0 0 0 1 0 0 0 1 0 0 0 1 0 0 0 1 0 0 0 1 0 0 0 1 0 0 0 1 0 0 0 1 0 0 0 1 0 0 0 1 0 0 0 1 0 0 0 1 0 0 0 1 0 0 0 1 0 0 0 1 0 0 0 1 0 0 0 1 0 0 0 1 0 0 0 1 0 0 0 1 0 0 0 1 0 0 0 1 0 0 0 1 0 0 0 1 0 0 0 1 0 0 0 1 0 0 0 1 0 0 0 1 0 0 0 1 0 0 0 1 0 0 0 1 0 0 0 1 0 0 0 1 0 0 0 1 0 0 0 1 0 0 0 1 0 0 0 1 0 0 0 1 0 0 0 1 0 0 0 1 0 0 0 1 0 0 0 1 0 0 0 1 0 0 0 1 0 0 0 1 0 0 0 1 0 0 0 1 0 0 0 1 0 0 0 1 0 0 0 1 0 0 0 1 0 0 0 1 0 0 0 1 0 0 0 1 0 0 0 1 0 0 0 1 0 0 0 1 0 0 0 1 0 0 0 1 0 0 0 1 0 0 0 1 0 0 0 1 0 0 0 1 0 0 0 1 0 0 0 1 0 0 0 1 0 0 0 1 0 0 0 1 0 0 0 1 0 0 0 1 0 0 0 1 0 0 0 1 0 0 0 1 0 0 0 1 0 0 0 1 0 0 0 1 0 0 0 1 0 0 0 1 0 0 0 1 0 0 0 1 0 0 0 1 0 0 0 1 0 0 0 1 0 0 0 1 0 0 0 1 0 0 0 1 0 0 0 1 0 0 0 1 0 0 0 1 0 0 0 1 0 0 0 1 0 0 0 1 0 0 0 1 0 0 0 1 0 0 0 1 0 0 0 1 0 0 0 1 0 0 0 1 0 0 0 1 0 0 0 1 0 0 0 1 0 0 0 1 0 0 0 1 0 0 0 1 0 0 0 1 0 0 0 1 0 0 0 1 0 0 0 1 0 0 0 1 0 0 0 1 0 0 0 1 0 0 0 1 0 0 0 1 0 0 0 1 0 0 0 1 0 0 0 1 0 0 0 1 0 0 0 1 0 0 0 1 0 0 0 1 0 0 0 1 0 0 0 1 0 0 0 1 0 0 0 1 0 0 0 1 0 0 0 1 0 0 0 1 0 0 0 1 0 0 0 1 0 0 0 1 0 0 0 1 0 0 0 1 0 0 0 1 0 0 0 1 0 0 0 1 0 0 0 1 0 0 0 1 0 0 0 1 0 0 0 1 0 0 0 1 0 0 0 1 0 0 0 1 0 0 0 1 0 0 0 1 0 0 0 1 0 0 0 1 0 0 0 1 0 0 0 1 0 0 0 1 0 0 0 1 0 0 0 1 0 0 0 1 0 0 0 1 0 0 0 1 0 0 0 1 0 0 0 1 0 0 0 1 0 0 0 1 0 0 0 1 0 0 0 1 0 0 0 1 0 0 0 1 0 0 0 1 0 0 0 1 0 0 0 1 0 0 0 1 0 0 0 1 0 0 0 1 0 0 0 1 0 0 0 1 0 0 0 1 0 0 0 1 0 0 0 1 0 0 0 1 0 0 0 1 0 0 0 1 0 0 0 1 0 0 0 1 0 0 0 1 0 0 0 1 0 0 0 1 0 0 0 1 0 0 0 1 0 0 0 1 0 0 0 1 0 0 0 1 0 0 0 1 0 0 0 1 0 0 0 1 0 0 0 1 0 0 0 1 0 0 0 1 0 0 0 1 0 0 0 1 0 0 0 1 0 0 0 1 0 0 0 1 0 0 0 1 0 0 0 1 0 0 0 1 0 0 0 1 0 0 0 1 0 0 0 1 0 0 0 1 0 0 0 1 0 0 0 1 0 0 0 1 0 0 0 1 0 0 0 1 0 0 0 1 0 0 0 1 0 0 0 1 0 0 0 1 0 0 0 1 0 0 0 1 0 0 0 1 0 0 0 1 0 0 0 1 0 0 0 1 0 0 0 1 0 0 0 1 0 0 0 1 0 0 0 1 0 0 0 1 0 0 0 1 0 0 0 1 0 0 0 1 0 0 0 1 0 0 0 1 0 0 0 1 0 0 0 1 0 0 0 1 0 0 0 1 0 0 0 1 0 0 0 1 0 0 0 1 0 0 0 1 0 0 0 1 0 0 0 1 0 0 0 1 0 0 0 1 0 0 0 1 0 0 0 1 0 0 0 1 0 0 0 1 0 0 0 1 0 0 0 1 0 0 0 1 0 0 0 1 0 0 0 1 0 0 0 1 0 0 0 1 0 0 0 1 0 0 0 1 0 0 0 1 0 0 0 1 0 0 0 1 0 0 0 1 0 0 0 1 0 0 0 1 0 0 0 1 0 0 0 1 0 0 0 1 0 0 0 1 0 0 0 1 0 0 0 1 0 0 0 1 0 0 0 1 0 0 0 1 0 0 0 1 0 0 0 1 0 0 0 1 0 0 0 1 0 0 0 1 0 0 0 1 0 0 0 1 0 0 0 1 0 0 0 1 0 0 0 1 0 0 0 1 0 0 0 1 0 0 0 1 0 0 0 1 0 0 0 1 0 0 0 1 0 0 0 1 0 0 0 1 0 0 0 1 0 0 0 1 0 0 0 1 0 0 0 1 0 0 0 1 0 0 0 1 0 0 0 1 0 0 0 1 0 0 0 1 0 0 0 1 0 0 0 1 0 0 0 1 0 0 0 1 0 0 0 1 0 0 0 1 0 0 0 1 0 0 0 1 0 0 0 1 0 0 0 1 0 0 0 1 0 0 0 1 0 0 0 1 0 0 0 1 0 0 0 1 0 0 0 1 0 0 0 1 0 0 0 1 0 0 0 1 0 0 0 1 0 0 0 1 0 0 0 1 0 0 0 1 0 0 0 1 0 0 0 1 0 0 0 1 0 0 0 1 0 0 0 1 0 0 0 1 0 0 0 1 0 0 0 1 0 0 0 1 0 0 0 1 0 0 0 1 0 0 0 1 0 0 0 1 0 0 0 1 0 0 0 1 0 0 0 1 0 0 0 1 0 0 0 1 0 0 0 1 0 0 0 1 0 0 0 1 0 0 0 1 0 0 0 1 0 0 0 1 0 0 0 1 0 0 0 1 0 0 0 1 0 0 0 1 0 0 0 1 0 0 0 1 0 0 0 1 0 0 0 1 0 0 0 1 0 0 0 1 0 0 0 1 0 0 0 1 0 0 0 1 0 0 0 1 0 0 0 1 0 0 0 1 0 0 0 1 0 0 0 1 0 0 0 1 0 0 0 1 0 0 0 1 0 0 0 1 0 0 0 1 0 0 0 1 0 0 0 1 0 0 0 1 0 0 0 1 0 0 0 1 0 0 0 1 0 0 0 1 0 0 0 1 0 0 0 1 0 0 0 1 0 0 0 1 0 0 0 1 0 0 0 1 0 0 0 1 0 0 0 1 0 0 0 1 0 0 0 1 0 0 0 1 0 0 0 1 0 0 0 1 0 0 0 1 0 0 0 1 0 0 0 1 0 0 0 1 0 0 0 1 0 0 0 1 0 0 0 1 0 0 0 1 0 0 0 1 0 0 0 1 0 0 0 1 0 0 0 1 0 0 0 1 0 0 0 1 0 0 0 1 0 0 0 1 0 0 0 1 0 0 0 1 0 0 0 1 0 0 0 1 0 0 0 1 0 0 0 1 0 0 0 1 0 0 0 1 0 0 0 1 0 0 0 1 0 0 0 1 0 0 0 1 0 0 0 1 0 0 0 1 0 0 0 1 0 0 0 1 0 0 0 1 0 0 0 1 0 0 0 1 0 0 0 1 0 0 0 1 0 0 0 1 0 0 0 1 0 0 0 1 0 0 0 1 0 0 0 1 0 0 0 1 0 0 0 1 0 0 0 1 0 0 0 1 0 0 0 1 0 0 0 1 0 0 0 1 0 0 0 1 0 0 0 1 0 0 0 1 0 0 0 1 0 0 0 1 0 0 0 1 0 0 0 1 0 0 0 1 0 0 0 1 0 0 0 1 0 0 0 1 0 0 0 1 0 0 0 1 0 0 0 1 0 0 0 1 0 0 0 1 0 0 0 1 0 0 0 1 0 0 0 1 0 0 0 1 0 0 0 1 0 0 0 1 0 0 0 1 0 0 0 1 0 0 0 1 0 0 0 1 0 0 0 1 0 0 0 1 0 0 0 1 0 0 0 1 0 0 0 1 0 0 0 1 0 0 0 1 0 0 0 1 0 0 0 1 0 0 0 1 0 0 0 1 0 0 0 1 0 0 0 1 0 0 0 1 0 0 0 1 0 0 0 1 0 0 0 1 0 0 0 1 0 0 0 1 0 0 0 1 0 0 0 1 0 0 0 1 0 0 0 1 0 0 0 1 0 0 0 1 0 0 0 1 0 0 0 1 0 0 0 1 0 0 0 1 0 0 0 1 0 0 0 1 0 0 0 1 0 0 0 1 0 0 0 1 0 0 0 1 0 0 0 1 0 0 0 1 0 0 0 1 0 0 0 1 0 0 0 1 0 0 0 1 0 0 0 1 0 0 0 1 0 0 0 1 0 0 0 1 0 0 0 1 0 0 0 1 0 0 0 1 0 0 0 1 0 0 0 1 0 0 0 1 0 0 0 1 0 0 0 1 0 0 0 1 0 0 0 1 0 0 0 1 0 0 0 1 0 0 0 1 0 0 0 1 0 0 0 1 0 0 0 1 0 0 0 1 0 0 0 1 0 0 0 1 0 0 0 1 0 0 0 1 0 0 0 1 0 0 0 1 0 0 0 1 0 0 0 1 0 0 0 1 0 0 0 1 0 0 0 1 0 0 0 1 0 0 0 1 0 0 0 1 0 0 0 1 0 0 0 1 0 0 0 1 0 0 0 1 0 0 0 1 0 0 0 1 0 0 0 1 0 0 0 1 0 0 0 1 0 0 0 1 0 0 0 1 0 0 0 1 0 0 0 1 0 0 0 1 0 0 0 1 0 0 0 1 0 0 0 1 0 0 0 1 0 0 0 1 0 0 0 1 0 0 0 1 0 0 0 1 0 0 0 1 0 0 0 1 0 0 0 1 0 0 0 1 0 0 0 1 0 0 0 1 0 0 0 1 0 0 0 1 0 0 0 1 0 0 0 1 0 0 0 1 0 0 0 1 0 0 0 1 0 0 0 1 0 0 0 1 0 0 0 1 0 0 0 1 0 0 0 1 0 0 0 1 0 0 0 1 0 0 0 1 0 0 0 1 0 0 0 1 0 0 0 1 0 0 0 1 0 0 0 1 0 0 0 1 0 0 0 1 0 0 0 1 0 0 0 1 0 0 0 1 0 0 0 1 0 0 0 1 0 0 0 1 0 0 0 1 0 0 0 1 0 0 0 1 0 0 0 1 0 0 0 1 0 0 0 1 0 0 0 1 0 0 0 1 0 0 0 1 0 0 0 1 0 0 0 1 0 0 0 1 0 0 0 1 0 0 0 1 0 0 0 1 0 0 0 1 0 0 0 1 0 0 0 1 0 0 0 1 0 0 0 1 0 0 0 1 0 0 0 1 0 0 0 1 0 0 0 1 0 0 0 1 0 0 0 1 0 0 0 1 0 0 0 1 0 0 0 1 0 0 0 1 0 0 0 1 0 0 0 1 0 0 0 1 0 0 0 1 0 0 0 1 0 0 0 1 0 0 0 1 0 0 0 1 0 0 0 1 0 0 0 1 0 0 0 1 0 0 0 1 0 0 0 1 0 0 0 1 0 0 0 1 0 0 0 1 0 0 0 1 0 0 0 1 0 0 0 1 0 0 0 1 0 0 0 1 0 0 0 1 0 0 0 1 0 0 0 1 0 0 0 1 0 0 0 1 0 0 0 1 0 0 0 1 0 0 0 1 0 0 0 1 0 0 0 1 0 0 0 1 0 0 0 1 0 0 0 1 0 0 0 1 0 0 0 1 0 0 0 1 0 0 0 1 0 0 0 1 0 0 0 1 0 0 0 1 0 0 0 1 0 0 0 1 0 0 0 1 0 0 0 1 0 0 0 1 0 0 0 1 0 0 0 1 0 0 0 1 0 0 0 1 0 0 0 1 0 0 0 1 0 0 0 1 0 0 0 1 0 0 0 1 0 0 0 1 0 0 0 1 0 0 0 1 0 0 0 1 0 0 0 1 0 0 0 1 0 0 0 1 0 0 0 1 0 0 0 1 0 0 0 1 0 0 0 1 0 0 0 1 0 0 0 1 0 0 0 1 0 0 0 1 0 0 0 1 0 0 0 1 0 0 0 1 0 0 0 1 0 0 0 1 0 0 0 1 0 0 0 1 0 0 0 1 0 0 0 1 0 0 0 1 0 0 0 1 0 0 0 1 0 0 0 1 0 0 0 1 0 0 0 1 0 0 0 1 0 0 0 1 0 0 0 1 0 0 0 1 0 0 0 1 0 0 0 1 0 0 0 1 0 0 0 1 0 0 0 1 0 0 0 1 0 0 0 1 0 0 0 1 0 0 0 1 0 0 0 1 0 0 0 1 0 0 0 1 0 0 0 1 0 0 0 1 0 0 0 1 0 0 0 1 0 0 0 1 0 0 0 1 0 0 0 1 0 0 0 1 0 0 0 1 0 0 0 1 0 0 0 1 0 0 0 1 0 0 0 1 0 0 0 1 0 0 0 1 0 0 0 1 0 0 0 1 0 0 0 1 0 0 0 1 0 0 0 1 0 0 0 1 0 0 0 1 0 0 0 1 0 0 0 1 0 0 0 1 0 0 0 1 0 0 0 1 0 0 0 1 0 0 0 1 0 0 0 1 0 0 0 1 0 0 0 1 0 0 0 1 0 0 0 1 0 0 0 1 0 0 0 1 0 0 0 1 0 0 0 1 0 0 0 1 0 0 0 1</float_array>
          <technique_common>
            <accessor source="#unnamed_015-mesh-colors-Col-array" count="1782" stride="4">
              <param name="R" type="float"/>
              <param name="G" type="float"/>
              <param name="B" type="float"/>
              <param name="A" type="float"/>
            </accessor>
          </technique_common>
        </source>
        <vertices id="unnamed_015-mesh-vertices">
          <input semantic="POSITION" source="#unnamed_015-mesh-positions"/>
        </vertices>
        <triangles material="unnamed_005-material" count="594">
          <input semantic="VERTEX" source="#unnamed_015-mesh-vertices" offset="0"/>
          <input semantic="NORMAL" source="#unnamed_015-mesh-normals" offset="1"/>
          <input semantic="TEXCOORD" source="#unnamed_015-mesh-map-0" offset="2" set="0"/>
          <input semantic="COLOR" source="#unnamed_015-mesh-colors-Col" offset="3" set="0"/>
          <p>0 0 0 0 300 1 1 1 218 2 2 2 218 2 3 3 300 1 4 4 1 3 5 5 218 2 6 6 1 3 7 7 2 4 8 8 2 4 9 9 1 3 10 10 3 5 11 11 3 5 12 12 1 3 13 13 301 6 14 14 3 5 15 15 301 6 16 16 4 7 17 17 4 7 18 18 301 6 19 19 302 8 20 20 4 7 21 21 302 8 22 22 5 9 23 23 5 9 24 24 302 8 25 25 6 10 26 26 5 9 27 27 7 11 28 28 4 7 29 29 4 7 30 30 7 11 31 31 12 12 32 32 4 7 33 33 12 12 34 34 8 13 35 35 4 7 36 36 8 13 37 37 3 5 38 38 3 5 39 39 8 13 40 40 9 14 41 41 3 5 42 42 9 14 43 43 2 4 44 44 2 4 45 45 9 14 46 46 218 2 47 47 218 2 48 48 9 14 49 49 10 15 50 50 218 2 51 51 10 15 52 52 216 16 53 53 216 16 54 54 10 15 55 55 16 17 56 56 16 17 57 57 10 15 58 58 9 14 59 59 16 17 60 60 9 14 61 61 11 18 62 62 11 18 63 63 9 14 64 64 8 13 65 65 11 18 66 66 8 13 67 67 14 19 68 68 14 19 69 69 8 13 70 70 12 12 71 71 14 19 72 72 12 12 73 73 13 20 74 74 13 20 75 75 12 12 76 76 7 11 77 77 13 20 78 78 7 11 79 79 108 21 80 80 108 21 81 81 109 22 82 82 13 20 83 83 13 20 84 84 109 22 85 85 48 23 86 86 13 20 87 87 48 23 88 88 14 19 89 89 14 19 90 90 48 23 91 91 15 24 92 92 14 19 93 93 15 24 94 94 29 25 95 95 14 19 96 96 29 25 97 97 11 18 98 98 11 18 99 99 29 25 100 100 26 26 101 101 11 18 102 102 26 26 103 103 16 17 104 104 16 17 105 105 26 26 106 106 25 27 107 107 16 17 108 108 25 27 109 109 216 16 110 110 216 16 111 111 25 27 112 112 24 28 113 113 216 16 114 114 24 28 115 115 214 29 116 116 214 29 117 117 24 28 118 118 212 30 119 119 212 30 120 120 24 28 121 121 22 31 122 122 212 30 123 123 22 31 124 124 17 32 125 125 17 32 126 126 22 31 127 127 21 33 128 128 17 32 129 129 21 33 130 130 18 34 131 131 18 34 132 132 21 33 133 133 20 35 134 134 18 34 135 135 20 35 136 136 247 36 137 137 247 36 138 138 20 35 139 139 19 37 140 140 250 38 141 141 19 37 142 142 20 35 143 143 250 38 144 144 20 35 145 145 62 39 146 146 62 39 147 147 20 35 148 148 21 33 149 149 62 39 150 150 21 33 151 151 31 40 152 152 31 40 153 153 21 33 154 154 30 41 155 155 30 41 156 156 21 33 157 157 22 31 158 158 30 41 159 159 22 31 160 160 23 42 161 161 23 42 162 162 22 31 163 163 24 28 164 164 23 42 165 165 24 28 166 166 25 27 167 167 23 42 168 168 25 27 169 169 41 43 170 170 41 43 171 171 25 27 172 172 26 26 173 173 27 44 174 174 38 45 175 175 28 46 176 176 28 46 177 177 38 45 178 178 39 47 179 179 28 46 180 180 39 47 181 181 40 48 182 182 28 46 183 183 40 48 184 184 51 49 185 185 51 49 186 186 40 48 187 187 41 43 188 188 51 49 189 189 41 43 190 190 50 50 191 191 50 50 192 192 41 43 193 193 26 26 194 194 50 50 195 195 26 26 196 196 29 25 197 197 31 40 198 198 30 41 199 199 32 51 200 200 31 40 201 201 32 51 202 202 62 39 203 203 62 39 204 204 32 51 205 205 33 52 206 206 33 52 207 207 32 51 208 208 37 53 209 209 33 52 210 210 37 53 211 211 61 54 212 212 61 54 213 213 37 53 214 214 34 55 215 215 34 55 216 216 37 53 217 217 35 56 218 218 34 55 219 219 35 56 220 220 60 57 221 221 60 57 222 222 35 56 223 223 54 58 224 224 60 57 225 225 54 58 226 226 58 59 227 227 58 59 228 228 54 58 229 229 36 60 230 230 54 58 231 231 35 56 232 232 27 44 233 233 27 44 234 234 35 56 235 235 37 53 236 236 27 44 237 237 37 53 238 238 38 45 239 239 38 45 240 240 37 53 241 241 32 51 242 242 38 45 243 243 32 51 244 244 39 47 245 245 39 47 246 246 32 51 247 247 30 41 248 248 39 47 249 249 30 41 250 250 40 48 251 251 40 48 252 252 30 41 253 253 23 42 254 254 40 48 255 255 23 42 256 256 41 43 257 257 42 61 258 258 283 62 259 259 43 63 260 260 42 61 261 261 43 63 262 262 284 64 263 263 284 64 264 264 43 63 265 265 176 65 266 266 284 64 267 267 176 65 268 268 285 66 269 269 285 66 270 270 176 65 271 271 45 67 272 272 285 66 273 273 45 67 274 274 44 68 275 275 44 68 276 276 45 67 277 277 46 69 278 278 46 69 279 279 45 67 280 280 47 70 281 281 46 69 282 282 47 70 283 283 48 23 284 284 48 23 285 285 47 70 286 286 15 24 287 287 15 24 288 288 47 70 289 289 29 25 290 290 29 25 291 291 47 70 292 292 49 71 293 293 29 25 294 294 49 71 295 295 50 50 296 296 50 50 297 297 49 71 298 298 179 72 299 299 50 50 300 300 179 72 301 301 51 49 302 302 51 49 303 303 179 72 304 304 180 73 305 305 51 49 306 306 180 73 307 307 28 46 308 308 28 46 309 309 180 73 310 310 52 74 311 311 28 46 312 312 52 74 313 313 27 44 314 314 27 44 315 315 52 74 316 316 53 75 317 317 27 44 318 318 53 75 319 319 54 58 320 320 54 58 321 321 53 75 322 322 183 76 323 323 54 58 324 324 183 76 325 325 36 60 326 326 36 60 327 327 183 76 328 328 185 77 329 329 36 60 330 330 185 77 331 331 56 78 332 332 56 78 333 333 185 77 334 334 55 79 335 335 56 78 336 336 55 79 337 337 234 80 338 338 56 78 339 339 234 80 340 340 57 81 341 341 56 78 342 342 57 81 343 343 36 60 344 344 36 60 345 345 57 81 346 346 232 82 347 347 36 60 348 348 232 82 349 349 58 59 350 350 58 59 351 351 232 82 352 352 59 83 353 353 58 59 354 354 59 83 355 355 60 57 356 356 60 57 357 357 59 83 358 358 34 55 359 359 34 55 360 360 59 83 361 361 231 84 362 362 34 55 363 363 231 84 364 364 61 54 365 365 61 54 366 366 231 84 367 367 230 85 368 368 61 54 369 369 230 85 370 370 249 86 371 371 61 54 372 372 249 86 373 373 33 52 374 374 33 52 375 375 249 86 376 376 62 39 377 377 62 39 378 378 249 86 379 379 250 38 380 380 186 87 381 381 63 88 382 382 64 89 383 383 64 89 384 384 63 88 385 385 65 90 386 386 64 89 387 387 65 90 388 388 66 91 389 389 66 91 390 390 65 90 391 391 71 92 392 392 66 91 393 393 71 92 394 394 67 93 395 395 67 93 396 396 71 92 397 397 96 94 398 398 96 94 399 399 71 92 400 400 70 95 401 401 96 94 402 402 70 95 403 403 94 96 404 404 94 96 405 405 70 95 406 406 68 97 407 407 94 96 408 408 68 97 409 409 92 98 410 410 92 98 411 411 68 97 412 412 69 99 413 413 69 99 414 414 68 97 415 415 76 100 416 416 76 100 417 417 68 97 418 418 70 95 419 419 76 100 420 420 70 95 421 421 72 101 422 422 72 101 423 423 70 95 424 424 71 92 425 425 72 101 426 426 71 92 427 427 65 90 428 428 72 101 429 429 65 90 430 430 73 102 431 431 73 102 432 432 65 90 433 433 63 88 434 434 73 102 435 435 63 88 436 436 74 103 437 437 73 102 438 438 74 103 439 439 72 101 440 440 72 101 441 441 74 103 442 442 75 104 443 443 72 101 444 444 75 104 445 445 76 100 446 446 76 100 447 447 75 104 448 448 175 105 449 449 76 100 450 450 175 105 451 451 69 99 452 452 69 99 453 453 175 105 454 454 43 63 455 455 69 99 456 456 43 63 457 457 283 62 458 458 69 99 459 459 283 62 460 460 92 98 461 461 92 98 462 462 283 62 463 463 282 106 464 464 92 98 465 465 282 106 466 466 77 107 467 467 92 98 468 468 77 107 469 469 78 108 470 470 78 108 471 471 77 107 472 472 90 109 473 473 90 109 474 474 77 107 475 475 129 110 476 476 90 109 477 477 129 110 478 478 89 111 479 479 89 111 480 480 129 110 481 481 130 112 482 482 89 111 483 483 130 112 484 484 87 113 485 485 87 113 486 486 130 112 487 487 79 114 488 488 87 113 489 489 79 114 490 490 80 115 491 491 87 113 492 492 80 115 493 493 81 116 494 494 81 116 495 495 80 115 496 496 82 117 497 497 81 116 498 498 82 117 499 499 83 118 500 500 83 118 501 501 82 117 502 502 55 79 503 503 83 118 504 504 55 79 505 505 84 119 506 506 84 119 507 507 55 79 508 508 185 77 509 509 84 119 510 510 185 77 511 511 103 120 512 512 84 119 513 513 103 120 514 514 83 118 515 515 83 118 516 516 103 120 517 517 85 121 518 518 83 118 519 519 85 121 520 520 86 122 521 521 83 118 522 522 86 122 523 523 81 116 524 524 81 116 525 525 86 122 526 526 88 123 527 527 81 116 528 528 88 123 529 529 87 113 530 530 87 113 531 531 88 123 532 532 89 111 533 533 89 111 534 534 88 123 535 535 105 124 536 536 89 111 537 537 105 124 538 538 90 109 539 539 90 109 540 540 105 124 541 541 107 125 542 542 90 109 543 543 107 125 544 544 91 126 545 545 90 109 546 546 91 126 547 547 78 108 548 548 78 108 549 549 91 126 550 550 92 98 551 551 93 127 552 552 163 128 553 553 91 126 554 554 91 126 555 555 163 128 556 556 162 129 557 557 91 126 558 558 162 129 559 559 92 98 560 560 92 98 561 561 162 129 562 562 161 130 563 563 92 98 564 564 161 130 565 565 94 96 566 566 94 96 567 567 161 130 568 568 95 131 569 569 94 96 570 570 95 131 571 571 96 94 572 572 96 94 573 573 95 131 574 574 97 132 575 575 96 94 576 576 97 132 577 577 67 93 578 578 67 93 579 579 97 132 580 580 66 91 581 581 66 91 582 582 97 132 583 583 98 133 584 584 66 91 585 585 98 133 586 586 99 134 587 587 66 91 588 588 99 134 589 589 100 135 590 590 100 135 591 591 99 134 592 592 101 136 593 593 101 136 594 594 99 134 595 595 171 137 596 596 101 136 597 597 171 137 598 598 102 138 599 599 102 138 600 600 171 137 601 601 170 139 602 602 102 138 603 603 170 139 604 604 185 77 605 605 185 77 606 606 170 139 607 607 169 140 608 608 185 77 609 609 169 140 610 610 103 120 611 611 103 120 612 612 169 140 613 613 104 141 614 614 103 120 615 615 104 141 616 616 167 142 617 617 103 120 618 618 167 142 619 619 85 121 620 620 85 121 621 621 167 142 622 622 165 143 623 623 85 121 624 624 165 143 625 625 86 122 626 626 86 122 627 627 165 143 628 628 88 123 629 629 88 123 630 630 165 143 631 631 164 144 632 632 88 123 633 633 164 144 634 634 106 145 635 635 88 123 636 636 106 145 637 637 105 124 638 638 105 124 639 639 106 145 640 640 107 125 641 641 107 125 642 642 106 145 643 643 93 127 644 644 107 125 645 645 93 127 646 646 91 126 647 647 7 11 648 648 5 9 649 649 110 146 650 650 7 11 651 651 110 146 652 652 108 21 653 653 108 21 654 654 110 146 655 655 111 147 656 656 108 21 657 657 111 147 658 658 109 22 659 659 111 147 660 660 110 146 661 661 127 148 662 662 111 147 663 663 127 148 664 664 286 149 665 665 286 149 666 666 127 148 667 667 126 150 668 668 286 149 669 669 126 150 670 670 112 151 671 671 112 151 672 672 126 150 673 673 113 152 674 674 112 151 675 675 113 152 676 676 114 153 677 677 114 153 678 678 113 152 679 679 115 154 680 680 115 154 681 681 113 152 682 682 125 155 683 683 115 154 684 684 125 155 685 685 116 156 686 686 115 154 687 687 116 156 688 688 117 157 689 689 117 157 690 690 116 156 691 691 118 158 692 692 118 158 693 693 116 156 694 694 119 159 695 695 118 158 696 696 119 159 697 697 303 160 698 698 303 160 699 699 119 159 700 700 305 161 701 701 307 162 702 702 305 161 703 703 119 159 704 704 307 162 705 705 119 159 706 706 120 163 707 707 120 163 708 708 119 159 709 709 121 164 710 710 121 164 711 711 119 159 712 712 122 165 713 713 122 165 714 714 119 159 715 715 116 156 716 716 122 165 717 717 116 156 718 718 123 166 719 719 123 166 720 720 116 156 721 721 124 167 722 722 124 167 723 723 116 156 724 724 125 155 725 725 124 167 726 726 125 155 727 727 113 152 728 728 124 167 729 729 113 152 730 730 200 168 731 731 200 168 732 732 113 152 733 733 197 169 734 734 197 169 735 735 113 152 736 736 126 150 737 737 197 169 738 738 126 150 739 739 127 148 740 740 197 169 741 741 127 148 742 742 195 170 743 743 195 170 744 744 127 148 745 745 110 146 746 746 195 170 747 747 110 146 748 748 194 171 749 749 194 171 750 750 110 146 751 751 5 9 752 752 194 171 753 753 5 9 754 754 6 10 755 755 77 107 756 756 281 172 757 757 128 173 758 758 77 107 759 759 128 173 760 760 129 110 761 761 129 110 762 762 128 173 763 763 278 174 764 764 129 110 765 765 278 174 766 766 130 112 767 767 130 112 768 768 278 174 769 769 131 175 770 770 130 112 771 771 131 175 772 772 79 114 773 773 79 114 774 774 131 175 775 775 274 176 776 776 79 114 777 777 274 176 778 778 272 177 779 779 79 114 780 780 272 177 781 781 80 115 782 782 80 115 783 783 272 177 784 784 132 178 785 785 80 115 786 786 132 178 787 787 133 179 788 788 80 115 789 789 133 179 790 790 82 117 791 791 82 117 792 792 133 179 793 793 134 180 794 794 82 117 795 795 134 180 796 796 55 79 797 797 55 79 798 798 134 180 799 799 234 80 800 800 234 80 801 801 134 180 802 802 268 181 803 803 135 182 804 804 136 183 805 805 137 184 806 806 137 184 807 807 136 183 808 808 143 185 809 809 137 184 810 810 143 185 811 811 144 186 812 812 137 184 813 813 144 186 814 814 140 187 815 815 140 187 816 816 144 186 817 817 138 188 818 818 140 187 819 819 138 188 820 820 139 189 821 821 139 189 822 822 145 190 823 823 140 187 824 824 140 187 825 825 145 190 826 826 141 191 827 827 140 187 828 828 141 191 829 829 137 184 830 830 137 184 831 831 141 191 832 832 292 192 833 833 137 184 834 834 292 192 835 835 135 182 836 836 135 182 837 837 292 192 838 838 294 193 839 839 135 182 840 840 294 193 841 841 136 183 842 842 136 183 843 843 294 193 844 844 142 194 845 845 136 183 846 846 142 194 847 847 143 185 848 848 143 185 849 849 142 194 850 850 296 195 851 851 143 185 852 852 296 195 853 853 154 196 854 854 143 185 855 855 154 196 856 856 144 186 857 857 145 190 858 858 139 189 859 859 159 197 860 860 145 190 861 861 159 197 862 862 290 198 863 863 290 198 864 864 159 197 865 865 160 199 866 866 290 198 867 867 160 199 868 868 146 200 869 869 146 200 870 870 147 201 871 871 290 198 872 872 290 198 873 873 147 201 874 874 148 202 875 875 290 198 876 876 148 202 877 877 289 203 878 878 289 203 879 879 148 202 880 880 149 204 881 881 289 203 882 882 149 204 883 883 150 205 884 884 289 203 885 885 150 205 886 886 152 206 887 887 152 206 888 888 150 205 889 889 151 207 890 890 152 206 891 891 151 207 892 892 153 208 893 893 152 206 894 894 153 208 895 895 154 196 896 896 154 196 897 897 153 208 898 898 144 186 899 899 144 186 900 900 153 208 901 901 166 209 902 902 144 186 903 903 166 209 904 904 168 210 905 905 144 186 906 906 168 210 907 907 138 188 908 908 138 188 909 909 168 210 910 910 155 211 911 911 138 188 912 912 155 211 913 913 156 212 914 914 138 188 915 915 156 212 916 916 139 189 917 917 139 189 918 918 156 212 919 919 157 213 920 920 139 189 921 921 157 213 922 922 158 214 923 923 139 189 924 924 158 214 925 925 172 215 926 926 139 189 927 927 172 215 928 928 159 197 929 929 159 197 930 930 172 215 931 931 98 133 932 932 159 197 933 933 98 133 934 934 160 199 935 935 160 199 936 936 98 133 937 937 97 132 938 938 160 199 939 939 97 132 940 940 95 131 941 941 160 199 942 942 95 131 943 943 146 200 944 944 146 200 945 945 95 131 946 946 161 130 947 947 146 200 948 948 161 130 949 949 147 201 950 950 147 201 951 951 161 130 952 952 162 129 953 953 147 201 954 954 162 129 955 955 148 202 956 956 148 202 957 957 162 129 958 958 163 128 959 959 148 202 960 960 163 128 961 961 149 204 962 962 149 204 963 963 163 128 964 964 93 127 965 965 149 204 966 966 93 127 967 967 150 205 968 968 150 205 969 969 93 127 970 970 151 207 971 971 151 207 972 972 93 127 973 973 106 145 974 974 151 207 975 975 106 145 976 976 164 144 977 977 151 207 978 978 164 144 979 979 153 208 980 980 153 208 981 981 164 144 982 982 166 209 983 983 166 209 984 984 164 144 985 985 165 143 986 986 166 209 987 987 165 143 988 988 167 142 989 989 166 209 990 990 167 142 991 991 168 210 992 992 168 210 993 993 167 142 994 994 155 211 995 995 155 211 996 996 167 142 997 997 104 141 998 998 155 211 999 999 104 141 1000 1000 156 212 1001 1001 156 212 1002 1002 104 141 1003 1003 169 140 1004 1004 156 212 1005 1005 169 140 1006 1006 157 213 1007 1007 157 213 1008 1008 169 140 1009 1009 170 139 1010 1010 157 213 1011 1011 170 139 1012 1012 158 214 1013 1013 158 214 1014 1014 170 139 1015 1015 171 137 1016 1016 158 214 1017 1017 171 137 1018 1018 172 215 1019 1019 172 215 1020 1020 171 137 1021 1021 99 134 1022 1022 172 215 1023 1023 99 134 1024 1024 98 133 1025 1025 186 87 1026 1026 184 216 1027 1027 173 217 1028 1028 186 87 1029 1029 173 217 1030 1030 63 88 1031 1031 63 88 1032 1032 173 217 1033 1033 182 218 1034 1034 63 88 1035 1035 182 218 1036 1036 74 103 1037 1037 74 103 1038 1038 182 218 1039 1039 181 219 1040 1040 74 103 1041 1041 181 219 1042 1042 75 104 1043 1043 75 104 1044 1044 181 219 1045 1045 174 220 1046 1046 75 104 1047 1047 174 220 1048 1048 175 105 1049 1049 175 105 1050 1050 174 220 1051 1051 178 221 1052 1052 175 105 1053 1053 178 221 1054 1054 43 63 1055 1055 43 63 1056 1056 178 221 1057 1057 176 65 1058 1058 176 65 1059 1059 178 221 1060 1060 45 67 1061 1061 45 67 1062 1062 178 221 1063 1063 177 222 1064 1064 45 67 1065 1065 177 222 1066 1066 47 70 1067 1067 47 70 1068 1068 177 222 1069 1069 49 71 1070 1070 49 71 1071 1071 177 222 1072 1072 179 72 1073 1073 179 72 1074 1074 177 222 1075 1075 178 221 1076 1076 179 72 1077 1077 178 221 1078 1078 174 220 1079 1079 179 72 1080 1080 174 220 1081 1081 180 73 1082 1082 180 73 1083 1083 174 220 1084 1084 181 219 1085 1085 180 73 1086 1086 181 219 1087 1087 52 74 1088 1088 52 74 1089 1089 181 219 1090 1090 182 218 1091 1091 52 74 1092 1092 182 218 1093 1093 53 75 1094 1094 53 75 1095 1095 182 218 1096 1096 173 217 1097 1097 53 75 1098 1098 173 217 1099 1099 183 76 1100 1100 183 76 1101 1101 173 217 1102 1102 184 216 1103 1103 183 76 1104 1104 184 216 1105 1105 185 77 1106 1106 185 77 1107 1107 184 216 1108 1108 102 138 1109 1109 102 138 1110 1110 184 216 1111 1111 186 87 1112 1112 102 138 1113 1113 186 87 1114 1114 101 136 1115 1115 101 136 1116 1116 186 87 1117 1117 64 89 1118 1118 101 136 1119 1119 64 89 1120 1120 100 135 1121 1121 100 135 1122 1122 64 89 1123 1123 66 91 1124 1124 187 223 1125 1125 188 224 1126 1126 189 225 1127 1127 189 225 1128 1128 188 224 1129 1129 199 226 1130 1130 189 225 1131 1131 199 226 1132 1132 190 227 1133 1133 190 227 1134 1134 199 226 1135 1135 198 228 1136 1136 190 227 1137 1137 198 228 1138 1138 191 229 1139 1139 191 229 1140 1140 198 228 1141 1141 196 230 1142 1142 191 229 1143 1143 196 230 1144 1144 192 231 1145 1145 192 231 1146 1146 196 230 1147 1147 193 232 1148 1148 194 171 1149 1149 193 232 1150 1150 196 230 1151 1151 194 171 1152 1152 196 230 1153 1153 195 170 1154 1154 195 170 1155 1155 196 230 1156 1156 197 169 1157 1157 197 169 1158 1158 196 230 1159 1159 198 228 1160 1160 197 169 1161 1161 198 228 1162 1162 199 226 1163 1163 197 169 1164 1164 199 226 1165 1165 200 168 1166 1166 200 168 1167 1167 199 226 1168 1168 124 167 1169 1169 124 167 1170 1170 199 226 1171 1171 188 224 1172 1172 124 167 1173 1173 188 224 1174 1174 210 233 1175 1175 210 233 1176 1176 188 224 1177 1177 187 223 1178 1178 210 233 1179 1179 187 223 1180 1180 201 234 1181 1181 201 234 1182 1182 187 223 1183 1183 202 235 1184 1184 202 235 1185 1185 187 223 1186 1186 207 236 1187 1187 207 236 1188 1188 187 223 1189 1189 189 225 1190 1190 207 236 1191 1191 189 225 1192 1192 206 237 1193 1193 206 237 1194 1194 189 225 1195 1195 190 227 1196 1196 206 237 1197 1197 190 227 1198 1198 203 238 1199 1199 203 238 1200 1200 190 227 1201 1201 191 229 1202 1202 203 238 1203 1203 191 229 1204 1204 204 239 1205 1205 204 239 1206 1206 191 229 1207 1207 192 231 1208 1208 204 239 1209 1209 192 231 1210 1210 298 240 1211 1211 298 240 1212 1212 245 241 1213 1213 204 239 1214 1214 204 239 1215 1215 245 241 1216 1216 244 242 1217 1217 204 239 1218 1218 244 242 1219 1219 241 243 1220 1220 204 239 1221 1221 241 243 1222 1222 203 238 1223 1223 203 238 1224 1224 241 243 1225 1225 206 237 1226 1226 206 237 1227 1227 241 243 1228 1228 205 244 1229 1229 206 237 1230 1230 205 244 1231 1231 208 245 1232 1232 206 237 1233 1233 208 245 1234 1234 207 236 1235 1235 207 236 1236 1236 208 245 1237 1237 202 235 1238 1238 202 235 1239 1239 208 245 1240 1240 239 246 1241 1241 202 235 1242 1242 239 246 1243 1243 209 247 1244 1244 209 247 1245 1245 263 248 1246 1246 202 235 1247 1247 202 235 1248 1248 263 248 1249 1249 265 249 1250 1250 202 235 1251 1251 265 249 1252 1252 201 234 1253 1253 201 234 1254 1254 265 249 1255 1255 210 233 1256 1256 210 233 1257 1257 265 249 1258 1258 211 250 1259 1259 210 233 1260 1260 211 250 1261 1261 122 165 1262 1262 210 233 1263 1263 122 165 1264 1264 123 166 1265 1265 210 233 1266 1266 123 166 1267 1267 124 167 1268 1268 247 36 1269 1269 246 251 1270 1270 222 252 1271 1271 247 36 1272 1272 222 252 1273 1273 18 34 1274 1274 18 34 1275 1275 222 252 1276 1276 17 32 1277 1277 17 32 1278 1278 222 252 1279 1279 221 253 1280 1280 17 32 1281 1281 221 253 1282 1282 212 30 1283 1283 212 30 1284 1284 221 253 1285 1285 213 254 1286 1286 212 30 1287 1287 213 254 1288 1288 215 255 1289 1289 212 30 1290 1290 215 255 1291 1291 214 29 1292 1292 214 29 1293 1293 215 255 1294 1294 216 16 1295 1295 216 16 1296 1296 215 255 1297 1297 217 256 1298 1298 216 16 1299 1299 217 256 1300 1300 218 2 1301 1301 218 2 1302 1302 217 256 1303 1303 0 0 1304 1304 0 0 1305 1305 217 256 1306 1306 215 255 1307 1307 0 0 1308 1308 215 255 1309 1309 219 257 1310 1310 219 257 1311 1311 215 255 1312 1312 220 258 1313 1313 220 258 1314 1314 215 255 1315 1315 213 254 1316 1316 220 258 1317 1317 213 254 1318 1318 221 253 1319 1319 220 258 1320 1320 221 253 1321 1321 299 259 1322 1322 299 259 1323 1323 221 253 1324 1324 222 252 1325 1325 299 259 1326 1326 222 252 1327 1327 297 260 1328 1328 297 260 1329 1329 222 252 1330 1330 246 251 1331 1331 297 260 1332 1332 246 251 1333 1333 223 261 1334 1334 224 262 1335 1335 236 263 1336 1336 225 264 1337 1337 224 262 1338 1338 225 264 1339 1339 226 265 1340 1340 226 265 1341 1341 225 264 1342 1342 235 266 1343 1343 226 265 1344 1344 235 266 1345 1345 227 267 1346 1346 227 267 1347 1347 235 266 1348 1348 228 268 1349 1349 228 268 1350 1350 235 266 1351 1351 229 269 1352 1352 228 268 1353 1353 229 269 1354 1354 267 270 1355 1355 267 270 1356 1356 229 269 1357 1357 268 181 1358 1358 248 271 1359 1359 249 86 1360 1360 243 272 1361 1361 243 272 1362 1362 249 86 1363 1363 230 85 1364 1364 243 272 1365 1365 230 85 1366 1366 242 273 1367 1367 242 273 1368 1368 230 85 1369 1369 231 84 1370 1370 242 273 1371 1371 231 84 1372 1372 240 274 1373 1373 240 274 1374 1374 231 84 1375 1375 59 83 1376 1376 240 274 1377 1377 59 83 1378 1378 232 82 1379 1379 240 274 1380 1380 232 82 1381 1381 233 275 1382 1382 233 275 1383 1383 232 82 1384 1384 238 276 1385 1385 238 276 1386 1386 232 82 1387 1387 57 81 1388 1388 238 276 1389 1389 57 81 1390 1390 234 80 1391 1391 238 276 1392 1392 234 80 1393 1393 237 277 1394 1394 237 277 1395 1395 234 80 1396 1396 268 181 1397 1397 237 277 1398 1398 268 181 1399 1399 229 269 1400 1400 229 269 1401 1401 235 266 1402 1402 237 277 1403 1403 237 277 1404 1404 235 266 1405 1405 225 264 1406 1406 237 277 1407 1407 225 264 1408 1408 236 263 1409 1409 237 277 1410 1410 236 263 1411 1411 209 247 1412 1412 237 277 1413 1413 209 247 1414 1414 238 276 1415 1415 238 276 1416 1416 209 247 1417 1417 239 246 1418 1418 238 276 1419 1419 239 246 1420 1420 208 245 1421 1421 238 276 1422 1422 208 245 1423 1423 233 275 1424 1424 233 275 1425 1425 208 245 1426 1426 240 274 1427 1427 240 274 1428 1428 208 245 1429 1429 205 244 1430 1430 240 274 1431 1431 205 244 1432 1432 241 243 1433 1433 240 274 1434 1434 241 243 1435 1435 242 273 1436 1436 242 273 1437 1437 241 243 1438 1438 243 272 1439 1439 243 272 1440 1440 241 243 1441 1441 244 242 1442 1442 243 272 1443 1443 244 242 1444 1444 248 271 1445 1445 248 271 1446 1446 244 242 1447 1447 245 241 1448 1448 248 271 1449 1449 245 241 1450 1450 246 251 1451 1451 246 251 1452 1452 245 241 1453 1453 223 261 1454 1454 246 251 1455 1455 247 36 1456 1456 248 271 1457 1457 248 271 1458 1458 247 36 1459 1459 19 37 1460 1460 248 271 1461 1461 19 37 1462 1462 249 86 1463 1463 249 86 1464 1464 19 37 1465 1465 250 38 1466 1466 236 263 1467 1467 224 262 1468 1468 262 278 1469 1469 262 278 1470 1470 224 262 1471 1471 251 279 1472 1472 262 278 1473 1473 251 279 1474 1474 253 280 1475 1475 253 280 1476 1476 251 279 1477 1477 252 281 1478 1478 253 280 1479 1479 252 281 1480 1480 254 282 1481 1481 253 280 1482 1482 254 282 1483 1483 264 283 1484 1484 264 283 1485 1485 254 282 1486 1486 256 284 1487 1487 256 284 1488 1488 254 282 1489 1489 255 285 1490 1490 256 284 1491 1491 255 285 1492 1492 257 286 1493 1493 256 284 1494 1494 257 286 1495 1495 266 287 1496 1496 266 287 1497 1497 257 286 1498 1498 259 288 1499 1499 259 288 1500 1500 257 286 1501 1501 258 289 1502 1502 259 288 1503 1503 258 289 1504 1504 260 290 1505 1505 259 288 1506 1506 260 290 1507 1507 261 291 1508 1508 261 291 1509 1509 260 290 1510 1510 310 292 1511 1511 261 291 1512 1512 310 292 1513 1513 121 164 1514 1514 209 247 1515 1515 236 263 1516 1516 262 278 1517 1517 209 247 1518 1518 262 278 1519 1519 263 248 1520 1520 263 248 1521 1521 262 278 1522 1522 253 280 1523 1523 263 248 1524 1524 253 280 1525 1525 264 283 1526 1526 263 248 1527 1527 264 283 1528 1528 265 249 1529 1529 265 249 1530 1530 264 283 1531 1531 256 284 1532 1532 265 249 1533 1533 256 284 1534 1534 266 287 1535 1535 265 249 1536 1536 266 287 1537 1537 211 250 1538 1538 211 250 1539 1539 266 287 1540 1540 259 288 1541 1541 211 250 1542 1542 259 288 1543 1543 261 291 1544 1544 211 250 1545 1545 261 291 1546 1546 122 165 1547 1547 122 165 1548 1548 261 291 1549 1549 121 164 1550 1550 267 270 1551 1551 268 181 1552 1552 269 293 1553 1553 269 293 1554 1554 268 181 1555 1555 134 180 1556 1556 269 293 1557 1557 134 180 1558 1558 270 294 1559 1559 270 294 1560 1560 134 180 1561 1561 133 179 1562 1562 270 294 1563 1563 133 179 1564 1564 271 295 1565 1565 271 295 1566 1566 133 179 1567 1567 132 178 1568 1568 271 295 1569 1569 132 178 1570 1570 272 177 1571 1571 271 295 1572 1572 272 177 1573 1573 273 296 1574 1574 273 296 1575 1575 272 177 1576 1576 274 176 1577 1577 273 296 1578 1578 274 176 1579 1579 275 297 1580 1580 275 297 1581 1581 274 176 1582 1582 276 298 1583 1583 276 298 1584 1584 274 176 1585 1585 131 175 1586 1586 276 298 1587 1587 131 175 1588 1588 277 299 1589 1589 277 299 1590 1590 131 175 1591 1591 278 174 1592 1592 277 299 1593 1593 278 174 1594 1594 279 300 1595 1595 279 300 1596 1596 278 174 1597 1597 128 173 1598 1598 279 300 1599 1599 128 173 1600 1600 280 301 1601 1601 280 301 1602 1602 128 173 1603 1603 281 172 1604 1604 280 301 1605 1605 281 172 1606 1606 304 302 1607 1607 304 302 1608 1608 281 172 1609 1609 303 160 1610 1610 303 160 1611 1611 281 172 1612 1612 77 107 1613 1613 303 160 1614 1614 77 107 1615 1615 118 158 1616 1616 118 158 1617 1617 77 107 1618 1618 282 106 1619 1619 118 158 1620 1620 282 106 1621 1621 117 157 1622 1622 117 157 1623 1623 282 106 1624 1624 283 62 1625 1625 117 157 1626 1626 283 62 1627 1627 115 154 1628 1628 115 154 1629 1629 283 62 1630 1630 42 61 1631 1631 115 154 1632 1632 42 61 1633 1633 114 153 1634 1634 114 153 1635 1635 42 61 1636 1636 284 64 1637 1637 114 153 1638 1638 284 64 1639 1639 285 66 1640 1640 114 153 1641 1641 285 66 1642 1642 112 151 1643 1643 112 151 1644 1644 285 66 1645 1645 44 68 1646 1646 112 151 1647 1647 44 68 1648 1648 286 149 1649 1649 286 149 1650 1650 44 68 1651 1651 111 147 1652 1652 111 147 1653 1653 44 68 1654 1654 46 69 1655 1655 111 147 1656 1656 46 69 1657 1657 48 23 1658 1658 111 147 1659 1659 48 23 1660 1660 109 22 1661 1661 295 303 1662 1662 293 304 1663 1663 287 305 1664 1664 295 303 1665 1665 287 305 1666 1666 288 306 1667 1667 288 306 1668 1668 287 305 1669 1669 152 206 1670 1670 152 206 1671 1671 287 305 1672 1672 291 307 1673 1673 152 206 1674 1674 291 307 1675 1675 289 203 1676 1676 289 203 1677 1677 291 307 1678 1678 290 198 1679 1679 145 190 1680 1680 290 198 1681 1681 291 307 1682 1682 145 190 1683 1683 291 307 1684 1684 141 191 1685 1685 141 191 1686 1686 291 307 1687 1687 287 305 1688 1688 141 191 1689 1689 287 305 1690 1690 292 192 1691 1691 292 192 1692 1692 287 305 1693 1693 293 304 1694 1694 292 192 1695 1695 293 304 1696 1696 294 193 1697 1697 294 193 1698 1698 293 304 1699 1699 295 303 1700 1700 294 193 1701 1701 295 303 1702 1702 142 194 1703 1703 142 194 1704 1704 295 303 1705 1705 288 306 1706 1706 142 194 1707 1707 288 306 1708 1708 296 195 1709 1709 296 195 1710 1710 288 306 1711 1711 154 196 1712 1712 154 196 1713 1713 288 306 1714 1714 152 206 1715 1715 223 261 1716 1716 245 241 1717 1717 297 260 1718 1718 297 260 1719 1719 245 241 1720 1720 298 240 1721 1721 297 260 1722 1722 298 240 1723 1723 299 259 1724 1724 299 259 1725 1725 298 240 1726 1726 220 258 1727 1727 220 258 1728 1728 298 240 1729 1729 192 231 1730 1730 220 258 1731 1731 192 231 1732 1732 219 257 1733 1733 219 257 1734 1734 192 231 1735 1735 0 0 1736 1736 300 1 1737 1737 0 0 1738 1738 192 231 1739 1739 300 1 1740 1740 192 231 1741 1741 1 3 1742 1742 1 3 1743 1743 192 231 1744 1744 193 232 1745 1745 1 3 1746 1746 193 232 1747 1747 301 6 1748 1748 301 6 1749 1749 193 232 1750 1750 302 8 1751 1751 302 8 1752 1752 193 232 1753 1753 194 171 1754 1754 302 8 1755 1755 194 171 1756 1756 6 10 1757 1757 304 302 1758 1758 303 160 1759 1759 305 161 1760 1760 304 302 1761 1761 305 161 1762 1762 306 308 1763 1763 306 308 1764 1764 305 161 1765 1765 307 162 1766 1766 306 308 1767 1767 307 162 1768 1768 308 309 1769 1769 308 309 1770 1770 307 162 1771 1771 309 310 1772 1772 309 310 1773 1773 307 162 1774 1774 120 163 1775 1775 309 310 1776 1776 120 163 1777 1777 310 292 1778 1778 310 292 1779 1779 120 163 1780 1780 121 164 1781 1781</p>
        </triangles>
      </mesh>
    </geometry>
    <geometry id="unnamed_014-mesh" name="unnamed.014">
      <mesh>
        <source id="unnamed_014-mesh-positions">
          <float_array id="unnamed_014-mesh-positions-array" count="12">-0.2479979 -0.1461791 0.6206629 -0.200208 -0.1521362 0.549048 -0.150892 -0.1627022 0.6868379 -0.103102 -0.1686592 0.6152219</float_array>
          <technique_common>
            <accessor source="#unnamed_014-mesh-positions-array" count="4" stride="3">
              <param name="X" type="float"/>
              <param name="Y" type="float"/>
              <param name="Z" type="float"/>
            </accessor>
          </technique_common>
        </source>
        <source id="unnamed_014-mesh-normals">
          <float_array id="unnamed_014-mesh-normals-array" count="12">-0.154035 -0.9878502 -0.0206204 -0.1540351 -0.9878503 -0.02062028 -0.1540352 -0.9878502 -0.02062022 -0.1540353 -0.9878501 -0.0206201</float_array>
          <technique_common>
            <accessor source="#unnamed_014-mesh-normals-array" count="4" stride="3">
              <param name="X" type="float"/>
              <param name="Y" type="float"/>
              <param name="Z" type="float"/>
            </accessor>
          </technique_common>
        </source>
        <source id="unnamed_014-mesh-map-0">
          <float_array id="unnamed_014-mesh-map-0-array" count="12">0.9878 0.9948 0.9878 0.2985 0.01209998 0.9948 0.01209998 0.9948 0.9878 0.2985 0.01209998 0.2985</float_array>
          <technique_common>
            <accessor source="#unnamed_014-mesh-map-0-array" count="6" stride="2">
              <param name="S" type="float"/>
              <param name="T" type="float"/>
            </accessor>
          </technique_common>
        </source>
        <source id="unnamed_014-mesh-colors-Col" name="Col">
          <float_array id="unnamed_014-mesh-colors-Col-array" count="24">0 0 0 1 0 0 0 1 0 0 0 1 0 0 0 1 0 0 0 1 0 0 0 1</float_array>
          <technique_common>
            <accessor source="#unnamed_014-mesh-colors-Col-array" count="6" stride="4">
              <param name="R" type="float"/>
              <param name="G" type="float"/>
              <param name="B" type="float"/>
              <param name="A" type="float"/>
            </accessor>
          </technique_common>
        </source>
        <vertices id="unnamed_014-mesh-vertices">
          <input semantic="POSITION" source="#unnamed_014-mesh-positions"/>
        </vertices>
        <triangles material="unnamed_007-material" count="2">
          <input semantic="VERTEX" source="#unnamed_014-mesh-vertices" offset="0"/>
          <input semantic="NORMAL" source="#unnamed_014-mesh-normals" offset="1"/>
          <input semantic="TEXCOORD" source="#unnamed_014-mesh-map-0" offset="2" set="0"/>
          <input semantic="COLOR" source="#unnamed_014-mesh-colors-Col" offset="3" set="0"/>
          <p>0 0 0 0 1 1 1 1 2 2 2 2 2 2 3 3 1 1 4 4 3 3 5 5</p>
        </triangles>
      </mesh>
    </geometry>
    <geometry id="unnamed_013-mesh" name="unnamed.013">
      <mesh>
        <source id="unnamed_013-mesh-positions">
          <float_array id="unnamed_013-mesh-positions-array" count="12">0.09929698 -0.1692411 0.557703 -0.11401 -0.1692411 0.557703 0.09929698 -0.1692411 0.4995279 -0.11401 -0.1692411 0.4995279</float_array>
          <technique_common>
            <accessor source="#unnamed_013-mesh-positions-array" count="4" stride="3">
              <param name="X" type="float"/>
              <param name="Y" type="float"/>
              <param name="Z" type="float"/>
            </accessor>
          </technique_common>
        </source>
        <source id="unnamed_013-mesh-normals">
          <float_array id="unnamed_013-mesh-normals-array" count="12">0 -1 -6.00411e-7 0 -1 0 0 -1 -4.9864e-7 0 -1 0</float_array>
          <technique_common>
            <accessor source="#unnamed_013-mesh-normals-array" count="4" stride="3">
              <param name="X" type="float"/>
              <param name="Y" type="float"/>
              <param name="Z" type="float"/>
            </accessor>
          </technique_common>
        </source>
        <source id="unnamed_013-mesh-map-0">
          <float_array id="unnamed_013-mesh-map-0-array" count="12">0.8859 0.2894 0.01209998 0.2894 0.8859 0.01670002 0.8859 0.01670002 0.01209998 0.2894 0.01209998 0.01670002</float_array>
          <technique_common>
            <accessor source="#unnamed_013-mesh-map-0-array" count="6" stride="2">
              <param name="S" type="float"/>
              <param name="T" type="float"/>
            </accessor>
          </technique_common>
        </source>
        <source id="unnamed_013-mesh-colors-Col" name="Col">
          <float_array id="unnamed_013-mesh-colors-Col-array" count="24">0 0 0 1 0 0 0 1 0 0 0 1 0 0 0 1 0 0 0 1 0 0 0 1</float_array>
          <technique_common>
            <accessor source="#unnamed_013-mesh-colors-Col-array" count="6" stride="4">
              <param name="R" type="float"/>
              <param name="G" type="float"/>
              <param name="B" type="float"/>
              <param name="A" type="float"/>
            </accessor>
          </technique_common>
        </source>
        <vertices id="unnamed_013-mesh-vertices">
          <input semantic="POSITION" source="#unnamed_013-mesh-positions"/>
        </vertices>
        <triangles material="unnamed_007-material" count="2">
          <input semantic="VERTEX" source="#unnamed_013-mesh-vertices" offset="0"/>
          <input semantic="NORMAL" source="#unnamed_013-mesh-normals" offset="1"/>
          <input semantic="TEXCOORD" source="#unnamed_013-mesh-map-0" offset="2" set="0"/>
          <input semantic="COLOR" source="#unnamed_013-mesh-colors-Col" offset="3" set="0"/>
          <p>0 0 0 0 1 1 1 1 2 2 2 2 2 2 3 3 1 1 4 4 3 3 5 5</p>
        </triangles>
      </mesh>
    </geometry>
    <geometry id="unnamed_012-mesh" name="unnamed.012">
      <mesh>
        <source id="unnamed_012-mesh-positions">
          <float_array id="unnamed_012-mesh-positions-array" count="12">0.2479979 -0.1461791 0.6206629 0.150892 -0.1627022 0.6868379 0.200208 -0.1521362 0.549048 0.103102 -0.1686592 0.6152219</float_array>
          <technique_common>
            <accessor source="#unnamed_012-mesh-positions-array" count="4" stride="3">
              <param name="X" type="float"/>
              <param name="Y" type="float"/>
              <param name="Z" type="float"/>
            </accessor>
          </technique_common>
        </source>
        <source id="unnamed_012-mesh-normals">
          <float_array id="unnamed_012-mesh-normals-array" count="12">0.154035 -0.9878502 -0.0206204 0.1540352 -0.9878502 -0.02062022 0.1540351 -0.9878503 -0.02062028 0.1540353 -0.9878501 -0.0206201</float_array>
          <technique_common>
            <accessor source="#unnamed_012-mesh-normals-array" count="4" stride="3">
              <param name="X" type="float"/>
              <param name="Y" type="float"/>
              <param name="Z" type="float"/>
            </accessor>
          </technique_common>
        </source>
        <source id="unnamed_012-mesh-map-0">
          <float_array id="unnamed_012-mesh-map-0-array" count="12">0.9878 0.9948 0.01209998 0.9948 0.9878 0.2985 0.9878 0.2985 0.01209998 0.9948 0.01209998 0.2985</float_array>
          <technique_common>
            <accessor source="#unnamed_012-mesh-map-0-array" count="6" stride="2">
              <param name="S" type="float"/>
              <param name="T" type="float"/>
            </accessor>
          </technique_common>
        </source>
        <source id="unnamed_012-mesh-colors-Col" name="Col">
          <float_array id="unnamed_012-mesh-colors-Col-array" count="24">0 0 0 1 0 0 0 1 0 0 0 1 0 0 0 1 0 0 0 1 0 0 0 1</float_array>
          <technique_common>
            <accessor source="#unnamed_012-mesh-colors-Col-array" count="6" stride="4">
              <param name="R" type="float"/>
              <param name="G" type="float"/>
              <param name="B" type="float"/>
              <param name="A" type="float"/>
            </accessor>
          </technique_common>
        </source>
        <vertices id="unnamed_012-mesh-vertices">
          <input semantic="POSITION" source="#unnamed_012-mesh-positions"/>
        </vertices>
        <triangles material="unnamed_007-material" count="2">
          <input semantic="VERTEX" source="#unnamed_012-mesh-vertices" offset="0"/>
          <input semantic="NORMAL" source="#unnamed_012-mesh-normals" offset="1"/>
          <input semantic="TEXCOORD" source="#unnamed_012-mesh-map-0" offset="2" set="0"/>
          <input semantic="COLOR" source="#unnamed_012-mesh-colors-Col" offset="3" set="0"/>
          <p>0 0 0 0 1 1 1 1 2 2 2 2 2 2 3 3 1 1 4 4 3 3 5 5</p>
        </triangles>
      </mesh>
    </geometry>
    <geometry id="unnamed_011-mesh" name="unnamed.011">
      <mesh>
        <source id="unnamed_011-mesh-positions">
          <float_array id="unnamed_011-mesh-positions-array" count="48">0.010351 -0.1904591 0.549928 0.01020097 -0.1853261 0.5499489 0.06369096 -0.1905301 0.608106 0.06634896 -0.1905031 0.5499489 0.06378996 -0.1852751 0.5974549 0.01194798 -0.1853041 0.608119 0.01205897 -0.1904872 0.6081179 -0.01194798 -0.1853041 0.5974679 -0.010351 -0.1904591 0.549928 -0.01205897 -0.1904872 0.6081179 -0.06643897 -0.1852921 0.549924 -0.06378996 -0.1852751 0.608106 -0.06634998 -0.1905031 0.5499489 -0.01020199 -0.1853261 0.5499489 0.06643795 -0.1852921 0.549924 -0.06369096 -0.1905301 0.608106</float_array>
          <technique_common>
            <accessor source="#unnamed_011-mesh-positions-array" count="16" stride="3">
              <param name="X" type="float"/>
              <param name="Y" type="float"/>
              <param name="Z" type="float"/>
            </accessor>
          </technique_common>
        </source>
        <source id="unnamed_011-mesh-normals">
          <float_array id="unnamed_011-mesh-normals-array" count="48">0.5893126 -0.5802696 -0.5621368 -0.5775812 -0.5820257 -0.5724039 0.5996846 0.5687552 -0.5629351 -0.5964376 0.5686729 -0.5664569 -0.692856 -0.7207989 0.0199899 0.2768903 -0.9608237 0.01223176 0.7974483 0.6022758 0.03660899 -0.7549456 0.6554208 0.02192747 0.5984639 0.5683337 -0.5646572 0.8151021 0.5788215 0.02396541 0.5796282 -0.5815705 -0.5707951 0.2755556 -0.961255 0.00762546 -0.596569 0.5692845 -0.5657036 -0.7493276 0.6613236 0.03404915 -0.586313 -0.5809009 -0.564616 -0.6889491 -0.7241389 0.03117984</float_array>
          <technique_common>
            <accessor source="#unnamed_011-mesh-normals-array" count="16" stride="3">
              <param name="X" type="float"/>
              <param name="Y" type="float"/>
              <param name="Z" type="float"/>
            </accessor>
          </technique_common>
        </source>
        <source id="unnamed_011-mesh-map-0">
          <float_array id="unnamed_011-mesh-map-0-array" count="120">0.6218 0.7146 0.5899 0.7146 0.6218 0.708 0.6218 0.708 0.5899 0.7146 0.5899 0.708 0.5899 0.7444 0.5899 0.7146 0.6218 0.7421 0.6218 0.7421 0.5899 0.7146 0.6218 0.7146 0.6218 0.7146 0.5899 0.7146 0.6218 0.7421 0.6218 0.7421 0.5899 0.7146 0.5899 0.7444 0.5899 0.7146 0.5852 0.7146 0.5899 0.7444 0.5899 0.7444 0.5852 0.7146 0.5852 0.7444 0.5899 0.7146 0.5899 0.7444 0.5852 0.7146 0.5852 0.7146 0.5899 0.7444 0.5852 0.7444 0.5899 0.7146 0.6218 0.7146 0.5899 0.7444 0.5899 0.7444 0.6218 0.7146 0.6218 0.7421 0.6218 0.7146 0.6218 0.708 0.5899 0.7146 0.5899 0.7146 0.6218 0.708 0.5899 0.708 0.6218 0.7146 0.6269 0.7145 0.6269 0.7422 0.6218 0.7146 0.6269 0.7422 0.6218 0.7421 0.5899 0.7146 0.5899 0.7444 0.6218 0.7421 0.5899 0.7146 0.6218 0.7421 0.6218 0.7146 0.6218 0.7146 0.6218 0.7421 0.6269 0.7422 0.6218 0.7146 0.6269 0.7422 0.6269 0.7145</float_array>
          <technique_common>
            <accessor source="#unnamed_011-mesh-map-0-array" count="60" stride="2">
              <param name="S" type="float"/>
              <param name="T" type="float"/>
            </accessor>
          </technique_common>
        </source>
        <source id="unnamed_011-mesh-colors-Col" name="Col">
          <float_array id="unnamed_011-mesh-colors-Col-array" count="240">0 0 0 1 0 0 0 1 0 0 0 1 0 0 0 1 0 0 0 1 0 0 0 1 0 0 0 1 0 0 0 1 0 0 0 1 0 0 0 1 0 0 0 1 0 0 0 1 0 0 0 1 0 0 0 1 0 0 0 1 0 0 0 1 0 0 0 1 0 0 0 1 0 0 0 1 0 0 0 1 0 0 0 1 0 0 0 1 0 0 0 1 0 0 0 1 0 0 0 1 0 0 0 1 0 0 0 1 0 0 0 1 0 0 0 1 0 0 0 1 0 0 0 1 0 0 0 1 0 0 0 1 0 0 0 1 0 0 0 1 0 0 0 1 0 0 0 1 0 0 0 1 0 0 0 1 0 0 0 1 0 0 0 1 0 0 0 1 0 0 0 1 0 0 0 1 0 0 0 1 0 0 0 1 0 0 0 1 0 0 0 1 0 0 0 1 0 0 0 1 0 0 0 1 0 0 0 1 0 0 0 1 0 0 0 1 0 0 0 1 0 0 0 1 0 0 0 1 0 0 0 1 0 0 0 1 0 0 0 1</float_array>
          <technique_common>
            <accessor source="#unnamed_011-mesh-colors-Col-array" count="60" stride="4">
              <param name="R" type="float"/>
              <param name="G" type="float"/>
              <param name="B" type="float"/>
              <param name="A" type="float"/>
            </accessor>
          </technique_common>
        </source>
        <vertices id="unnamed_011-mesh-vertices">
          <input semantic="POSITION" source="#unnamed_011-mesh-positions"/>
        </vertices>
        <triangles material="unnamed_005-material" count="20">
          <input semantic="VERTEX" source="#unnamed_011-mesh-vertices" offset="0"/>
          <input semantic="NORMAL" source="#unnamed_011-mesh-normals" offset="1"/>
          <input semantic="TEXCOORD" source="#unnamed_011-mesh-map-0" offset="2" set="0"/>
          <input semantic="COLOR" source="#unnamed_011-mesh-colors-Col" offset="3" set="0"/>
          <p>3 0 0 0 0 1 1 1 14 2 2 2 14 2 3 3 0 1 4 4 1 3 5 5 6 4 6 6 0 1 7 7 2 5 8 8 2 5 9 9 0 1 10 10 3 0 11 11 14 2 12 12 1 3 13 13 4 6 14 14 4 6 15 15 1 3 16 16 5 7 17 17 1 3 18 18 0 1 19 19 5 7 20 20 5 7 21 21 0 1 22 22 6 4 23 23 13 8 24 24 7 9 25 25 8 10 26 26 8 10 27 27 7 9 28 28 9 11 29 29 13 8 30 30 10 12 31 31 7 9 32 32 7 9 33 33 10 12 34 34 11 13 35 35 12 14 36 36 10 12 37 37 8 10 38 38 8 10 39 39 10 12 40 40 13 8 41 41 3 0 42 42 14 2 43 43 4 6 44 44 3 0 45 45 4 6 46 46 2 5 47 47 8 10 48 48 9 11 49 49 15 15 50 50 8 10 51 51 15 15 52 52 12 14 53 53 12 14 54 54 15 15 55 55 11 13 56 56 12 14 57 57 11 13 58 58 10 12 59 59</p>
        </triangles>
      </mesh>
    </geometry>
    <geometry id="unnamed_010-mesh" name="unnamed.010">
      <mesh>
        <source id="unnamed_010-mesh-positions">
          <float_array id="unnamed_010-mesh-positions-array" count="39">-0.154 -0.1994292 0.78119 -0.1471689 -0.2009092 0.7557359 -0.128504 -0.2019922 0.7371029 -0.103008 -0.2023882 0.7302829 -0.07751196 -0.2019922 0.7371029 -0.05884695 -0.2009092 0.7557359 -0.05201596 -0.1994292 0.78119 -0.05884695 -0.1979502 0.8066429 -0.103008 -0.2073062 0.781778 -0.07751196 -0.1968672 0.825276 -0.103008 -0.1964702 0.8320959 -0.128504 -0.1968672 0.825276 -0.1471689 -0.1979502 0.8066429</float_array>
          <technique_common>
            <accessor source="#unnamed_010-mesh-positions-array" count="13" stride="3">
              <param name="X" type="float"/>
              <param name="Y" type="float"/>
              <param name="Z" type="float"/>
            </accessor>
          </technique_common>
        </source>
        <source id="unnamed_010-mesh-normals">
          <float_array id="unnamed_010-mesh-normals-array" count="39">-0.1530587 -0.9865549 0.05729371 -0.1323603 -0.9910199 -0.01898455 0 -0.9982915 0.05843144 -0.07632851 -0.99428 -0.07470738 0 -0.9954705 -0.09507185 0.07632845 -0.9942801 -0.07470715 0.1323603 -0.9910199 -0.01898497 0.1530587 -0.9865549 0.05729359 0.1327378 -0.9820806 0.133785 0.07670271 -0.9787949 0.1899403 0 -0.9775886 0.2105246 -0.07670271 -0.9787948 0.1899406 -0.1327378 -0.9820807 0.1337847</float_array>
          <technique_common>
            <accessor source="#unnamed_010-mesh-normals-array" count="13" stride="3">
              <param name="X" type="float"/>
              <param name="Y" type="float"/>
              <param name="Z" type="float"/>
            </accessor>
          </technique_common>
        </source>
        <source id="unnamed_010-mesh-map-0">
          <float_array id="unnamed_010-mesh-map-0-array" count="72">0.5951 0.6345 0.6079 0.587 0.6901 0.6345 0.6901 0.6345 0.6079 0.587 0.6426 0.5522 0.6901 0.6345 0.6426 0.5522 0.6901 0.5395 0.6901 0.5395 0.7376 0.5522 0.6901 0.6345 0.6901 0.6345 0.7376 0.5522 0.7724 0.587 0.6901 0.6345 0.7724 0.587 0.7851 0.6345 0.7851 0.6345 0.7724 0.682 0.6901 0.6345 0.6901 0.6345 0.7724 0.682 0.7376 0.7168 0.6901 0.6345 0.7376 0.7168 0.6901 0.7295 0.6901 0.7295 0.6426 0.7168 0.6901 0.6345 0.6901 0.6345 0.6426 0.7168 0.6079 0.682 0.6901 0.6345 0.6079 0.682 0.5951 0.6345</float_array>
          <technique_common>
            <accessor source="#unnamed_010-mesh-map-0-array" count="36" stride="2">
              <param name="S" type="float"/>
              <param name="T" type="float"/>
            </accessor>
          </technique_common>
        </source>
        <source id="unnamed_010-mesh-colors-Col" name="Col">
          <float_array id="unnamed_010-mesh-colors-Col-array" count="144">0 0 0 1 0 0 0 1 0 0 0 1 0 0 0 1 0 0 0 1 0 0 0 1 0 0 0 1 0 0 0 1 0 0 0 1 0 0 0 1 0 0 0 1 0 0 0 1 0 0 0 1 0 0 0 1 0 0 0 1 0 0 0 1 0 0 0 1 0 0 0 1 0 0 0 1 0 0 0 1 0 0 0 1 0 0 0 1 0 0 0 1 0 0 0 1 0 0 0 1 0 0 0 1 0 0 0 1 0 0 0 1 0 0 0 1 0 0 0 1 0 0 0 1 0 0 0 1 0 0 0 1 0 0 0 1 0 0 0 1 0 0 0 1</float_array>
          <technique_common>
            <accessor source="#unnamed_010-mesh-colors-Col-array" count="36" stride="4">
              <param name="R" type="float"/>
              <param name="G" type="float"/>
              <param name="B" type="float"/>
              <param name="A" type="float"/>
            </accessor>
          </technique_common>
        </source>
        <vertices id="unnamed_010-mesh-vertices">
          <input semantic="POSITION" source="#unnamed_010-mesh-positions"/>
        </vertices>
        <triangles material="unnamed_005-material" count="12">
          <input semantic="VERTEX" source="#unnamed_010-mesh-vertices" offset="0"/>
          <input semantic="NORMAL" source="#unnamed_010-mesh-normals" offset="1"/>
          <input semantic="TEXCOORD" source="#unnamed_010-mesh-map-0" offset="2" set="0"/>
          <input semantic="COLOR" source="#unnamed_010-mesh-colors-Col" offset="3" set="0"/>
          <p>0 0 0 0 1 1 1 1 8 2 2 2 8 2 3 3 1 1 4 4 2 3 5 5 8 2 6 6 2 3 7 7 3 4 8 8 3 4 9 9 4 5 10 10 8 2 11 11 8 2 12 12 4 5 13 13 5 6 14 14 8 2 15 15 5 6 16 16 6 7 17 17 6 7 18 18 7 8 19 19 8 2 20 20 8 2 21 21 7 8 22 22 9 9 23 23 8 2 24 24 9 9 25 25 10 10 26 26 10 10 27 27 11 11 28 28 8 2 29 29 8 2 30 30 11 11 31 31 12 12 32 32 8 2 33 33 12 12 34 34 0 0 35 35</p>
        </triangles>
      </mesh>
    </geometry>
    <geometry id="unnamed_009-mesh" name="unnamed.009">
      <mesh>
        <source id="unnamed_009-mesh-positions">
          <float_array id="unnamed_009-mesh-positions-array" count="129">-0.07962799 -0.2106012 0.738335 -0.06132495 -0.2066872 0.8056719 -0.006199955 -0.1483162 0.8339859 -0.04711598 -0.1459422 0.8748329 -0.02341097 -0.1794602 0.8256269 -0.05773895 -0.1774932 0.8594669 -0.104631 -0.2052552 0.8303189 -0.104631 -0.2179252 0.7815949 -0.129634 -0.2056392 0.8237149 -0.147938 -0.2066872 0.8056719 -0.151524 -0.1774932 0.8594669 -0.07962799 -0.2056392 0.8237149 -0.104631 -0.1795912 0.8718529 -0.103008 -0.1450732 0.8897839 -0.1589 -0.1459422 0.8748329 -0.1998159 -0.1483162 0.8339859 -0.1858519 -0.1794602 0.8256269 -0.154637 -0.2081202 0.7810249 -0.129634 -0.2106012 0.738335 -0.104631 -0.2109852 0.7317299 -0.06132495 -0.2095522 0.756377 -0.02341097 -0.1848332 0.733177 -0.05462497 -0.2081202 0.7810249 -0.01084595 -0.1821462 0.779402 -0.006199955 -0.1548022 0.7223899 -0.04711598 -0.1571761 0.6815429 -0.05773895 -0.1868002 0.699337 -0.1589 -0.1571761 0.6815429 -0.151524 -0.1868002 0.699337 -0.1858519 -0.1848332 0.7331759 -0.2178379 -0.1444062 0.778187 -0.1998159 -0.1548022 0.7223899 -0.2188529 -0.1465352 0.6601669 -0.103008 -0.1580452 0.666591 -0.104631 -0.1539822 0.6601669 0.009588956 -0.1598871 0.6601669 0.008573949 -0.1483712 0.7781879 0.009588956 -0.1378912 0.9030219 -0.104631 -0.1373533 0.9030219 -0.2188529 -0.1338393 0.9030219 -0.198417 -0.1821462 0.779402 -0.147938 -0.2095522 0.756377 -0.104631 -0.1889212 0.6869509</float_array>
          <technique_common>
            <accessor source="#unnamed_009-mesh-positions-array" count="43" stride="3">
              <param name="X" type="float"/>
              <param name="Y" type="float"/>
              <param name="Z" type="float"/>
            </accessor>
          </technique_common>
        </source>
        <source id="unnamed_009-mesh-normals">
          <float_array id="unnamed_009-mesh-normals-array" count="129">0 -0.9485301 -0.3166871 0.1921948 -0.9423791 -0.2738301 9.9765e-7 -0.9983153 0.05802184 0.3298463 -0.9337505 -0.1389661 0.3815866 -0.9227678 0.05377173 0.3302506 -0.9110835 0.2467014 0.6147067 -0.6815264 0.3970612 0.7254083 -0.6872437 0.03845655 0.48813 -0.8311533 0.2662958 0.2196084 -0.8330169 0.5077943 0.3678243 -0.6650787 0.6499043 0.1946932 -0.9053086 0.3775063 0 -0.9103366 0.4138686 -0.1946849 -0.9053101 0.3775067 -0.3302528 -0.9110837 0.2466974 -0.3819589 -0.6484847 0.6584643 -0.003883659 -0.662595 0.7489678 0.008280038 -0.7143628 0.6997267 -0.241237 -0.8028946 0.5451286 -0.5663313 -0.7730953 0.2856443 -0.6384443 -0.6541629 0.4055365 -0.3815831 -0.9227692 0.05377233 -0.3298476 -0.9337508 -0.1389613 -0.1921866 -0.9423806 -0.2738306 -0.001541912 -0.7310792 -0.6822909 0.3611191 -0.7281847 -0.5825291 0.6174167 -0.7185041 -0.3202321 0.393629 -0.9100019 -0.1302029 0.186092 -0.9206578 -0.3431604 0.0185095 -0.7296994 -0.6835175 -0.2571259 -0.8348977 -0.4866541 -0.3760784 -0.7146255 -0.5898097 -0.6412483 -0.6924124 -0.3307048 -0.5848814 -0.7848773 -0.2046496 -0.7463374 -0.6645485 0.03682154 -0.8198298 -0.5715305 0.03509908 -0.1909849 -0.9748958 -0.114468 -0.02773958 -0.8916026 -0.4519685 -0.01360696 -0.9981119 0.05989664 0.7931913 -0.6074535 0.04298722 0.0818051 -0.9817953 0.1714241 -0.01037138 -0.8947199 0.4465074 -0.1472353 -0.9671529 0.2072129</float_array>
          <technique_common>
            <accessor source="#unnamed_009-mesh-normals-array" count="43" stride="3">
              <param name="X" type="float"/>
              <param name="Y" type="float"/>
              <param name="Z" type="float"/>
            </accessor>
          </technique_common>
        </source>
        <source id="unnamed_009-mesh-map-0">
          <float_array id="unnamed_009-mesh-map-0-array" count="456">0.1256 0.648 0.09849995 0.6615 0.1256 0.7499 0.1256 0.7499 0.09849995 0.6615 0.07859998 0.6984 0.1256 0.7499 0.07859998 0.6984 0.07129997 0.7488 0.1256 0.7499 0.07129997 0.7488 0.07859998 0.7991001 0.07859998 0.7991001 0.07129997 0.7488 0.0388 0.8385 0.0388 0.8385 0.07129997 0.7488 0.02529996 0.7454 0.0388 0.8385 0.02529996 0.7454 0.01879996 0.857 0.01879996 0.857 0.06319999 0.9404 0.0388 0.8385 0.0388 0.8385 0.06319999 0.9404 0.07549995 0.9066 0.0388 0.8385 0.07549995 0.9066 0.07859998 0.7991001 0.07859998 0.7991001 0.07549995 0.9066 0.09849995 0.836 0.07859998 0.7991001 0.09849995 0.836 0.1256 0.7499 0.1256 0.7499 0.09849995 0.836 0.1256 0.8495 0.1256 0.7499 0.1256 0.8495 0.1527 0.836 0.1256 0.7499 0.1527 0.836 0.1726 0.7991001 0.1726 0.7991001 0.1527 0.836 0.1758 0.9066 0.1758 0.9066 0.1527 0.836 0.1256 0.9316 0.1256 0.9316 0.1527 0.836 0.1256 0.8495 0.1256 0.9316 0.1256 0.8495 0.09849995 0.836 0.09849995 0.836 0.07549995 0.9066 0.1256 0.9316 0.1256 0.9316 0.07549995 0.9066 0.06319999 0.9404 0.1256 0.9316 0.06319999 0.9404 0.1238 0.971 0.1256 0.9316 0.1238 0.971 0.1845 0.9404 0.1256 0.9316 0.1845 0.9404 0.1758 0.9066 0.1758 0.9066 0.1845 0.9404 0.2289 0.857 0.1758 0.9066 0.2289 0.857 0.2125 0.8385 0.1758 0.9066 0.2125 0.8385 0.1726 0.7991001 0.1726 0.7991001 0.2125 0.8385 0.1799 0.7488 0.1726 0.7991001 0.1799 0.7488 0.1256 0.7499 0.1256 0.7499 0.1799 0.7488 0.1726 0.6984 0.1256 0.7499 0.1726 0.6984 0.1527 0.6615 0.1256 0.7499 0.1527 0.6615 0.1256 0.648 0.1256 0.648 0.1527 0.6615 0.1256 0.5593 0.1256 0.648 0.1256 0.5593 0.09849995 0.6615 0.09849995 0.6615 0.1256 0.5593 0.07549995 0.5843 0.09849995 0.6615 0.07549995 0.5843 0.07859998 0.6984 0.07859998 0.6984 0.07549995 0.5843 0.0388 0.6524 0.07859998 0.6984 0.0388 0.6524 0.07129997 0.7488 0.07129997 0.7488 0.0388 0.6524 0.02529996 0.7454 0.01879996 0.6289 0.02529996 0.7454 0.0388 0.6524 0.01879996 0.6289 0.0388 0.6524 0.06319999 0.5455 0.06319999 0.5455 0.0388 0.6524 0.07549995 0.5843 0.06319999 0.5455 0.07549995 0.5843 0.1238 0.5149 0.1238 0.5149 0.07549995 0.5843 0.1256 0.5593 0.1238 0.5149 0.1256 0.5593 0.1845 0.5455 0.1845 0.5455 0.1256 0.5593 0.1758 0.5843 0.1845 0.5455 0.1758 0.5843 0.2125 0.6524 0.1845 0.5455 0.2125 0.6524 0.2289 0.6289 0.2289 0.6289 0.2125 0.6524 0.2258999 0.7454 0.2289 0.6289 0.2258999 0.7454 0.2495999 0.743 0.2289 0.6289 0.2495999 0.743 0.234 0.5226 0.2289 0.6289 0.234 0.5226 0.1845 0.5455 0.1845 0.5455 0.234 0.5226 0.1256 0.5018 0.1845 0.5455 0.1256 0.5018 0.1238 0.5149 0.1238 0.5149 0.1256 0.5018 0.06319999 0.5455 0.06319999 0.5455 0.1256 0.5018 0.001599967 0.5018 0.06319999 0.5455 0.001599967 0.5018 0.01879996 0.6289 0.01879996 0.6289 0.001599967 0.5018 0.001599967 0.743 0.01879996 0.6289 0.001599967 0.743 0.02529996 0.7454 0.02529996 0.7454 0.001599967 0.743 0.01879996 0.857 0.01879996 0.857 0.001599967 0.743 0.001599967 0.998 0.01879996 0.857 0.001599967 0.998 0.06319999 0.9404 0.06319999 0.9404 0.001599967 0.998 0.1256 0.998 0.06319999 0.9404 0.1256 0.998 0.1238 0.971 0.1238 0.971 0.1256 0.998 0.1845 0.9404 0.1845 0.9404 0.1256 0.998 0.2495999 0.998 0.1845 0.9404 0.2495999 0.998 0.2289 0.857 0.2289 0.857 0.2495999 0.998 0.2495999 0.743 0.2289 0.857 0.2495999 0.743 0.2258999 0.7454 0.2289 0.857 0.2258999 0.7454 0.2125 0.8385 0.2125 0.8385 0.2258999 0.7454 0.1799 0.7488 0.1799 0.7488 0.2258999 0.7454 0.2125 0.6524 0.1799 0.7488 0.2125 0.6524 0.1726 0.6984 0.1726 0.6984 0.2125 0.6524 0.1758 0.5843 0.1726 0.6984 0.1758 0.5843 0.1527 0.6615 0.1527 0.6615 0.1758 0.5843 0.1256 0.5593</float_array>
          <technique_common>
            <accessor source="#unnamed_009-mesh-map-0-array" count="228" stride="2">
              <param name="S" type="float"/>
              <param name="T" type="float"/>
            </accessor>
          </technique_common>
        </source>
        <source id="unnamed_009-mesh-colors-Col" name="Col">
          <float_array id="unnamed_009-mesh-colors-Col-array" count="912">0 0 0 1 0 0 0 1 0 0 0 1 0 0 0 1 0 0 0 1 0 0 0 1 0 0 0 1 0 0 0 1 0 0 0 1 0 0 0 1 0 0 0 1 0 0 0 1 0 0 0 1 0 0 0 1 0 0 0 1 0 0 0 1 0 0 0 1 0 0 0 1 0 0 0 1 0 0 0 1 0 0 0 1 0 0 0 1 0 0 0 1 0 0 0 1 0 0 0 1 0 0 0 1 0 0 0 1 0 0 0 1 0 0 0 1 0 0 0 1 0 0 0 1 0 0 0 1 0 0 0 1 0 0 0 1 0 0 0 1 0 0 0 1 0 0 0 1 0 0 0 1 0 0 0 1 0 0 0 1 0 0 0 1 0 0 0 1 0 0 0 1 0 0 0 1 0 0 0 1 0 0 0 1 0 0 0 1 0 0 0 1 0 0 0 1 0 0 0 1 0 0 0 1 0 0 0 1 0 0 0 1 0 0 0 1 0 0 0 1 0 0 0 1 0 0 0 1 0 0 0 1 0 0 0 1 0 0 0 1 0 0 0 1 0 0 0 1 0 0 0 1 0 0 0 1 0 0 0 1 0 0 0 1 0 0 0 1 0 0 0 1 0 0 0 1 0 0 0 1 0 0 0 1 0 0 0 1 0 0 0 1 0 0 0 1 0 0 0 1 0 0 0 1 0 0 0 1 0 0 0 1 0 0 0 1 0 0 0 1 0 0 0 1 0 0 0 1 0 0 0 1 0 0 0 1 0 0 0 1 0 0 0 1 0 0 0 1 0 0 0 1 0 0 0 1 0 0 0 1 0 0 0 1 0 0 0 1 0 0 0 1 0 0 0 1 0 0 0 1 0 0 0 1 0 0 0 1 0 0 0 1 0 0 0 1 0 0 0 1 0 0 0 1 0 0 0 1 0 0 0 1 0 0 0 1 0 0 0 1 0 0 0 1 0 0 0 1 0 0 0 1 0 0 0 1 0 0 0 1 0 0 0 1 0 0 0 1 0 0 0 1 0 0 0 1 0 0 0 1 0 0 0 1 0 0 0 1 0 0 0 1 0 0 0 1 0 0 0 1 0 0 0 1 0 0 0 1 0 0 0 1 0 0 0 1 0 0 0 1 0 0 0 1 0 0 0 1 0 0 0 1 0 0 0 1 0 0 0 1 0 0 0 1 0 0 0 1 0 0 0 1 0 0 0 1 0 0 0 1 0 0 0 1 0 0 0 1 0 0 0 1 0 0 0 1 0 0 0 1 0 0 0 1 0 0 0 1 0 0 0 1 0 0 0 1 0 0 0 1 0 0 0 1 0 0 0 1 0 0 0 1 0 0 0 1 0 0 0 1 0 0 0 1 0 0 0 1 0 0 0 1 0 0 0 1 0 0 0 1 0 0 0 1 0 0 0 1 0 0 0 1 0 0 0 1 0 0 0 1 0 0 0 1 0 0 0 1 0 0 0 1 0 0 0 1 0 0 0 1 0 0 0 1 0 0 0 1 0 0 0 1 0 0 0 1 0 0 0 1 0 0 0 1 0 0 0 1 0 0 0 1 0 0 0 1 0 0 0 1 0 0 0 1 0 0 0 1 0 0 0 1 0 0 0 1 0 0 0 1 0 0 0 1 0 0 0 1 0 0 0 1 0 0 0 1 0 0 0 1 0 0 0 1 0 0 0 1 0 0 0 1 0 0 0 1 0 0 0 1 0 0 0 1 0 0 0 1 0 0 0 1 0 0 0 1 0 0 0 1 0 0 0 1 0 0 0 1 0 0 0 1 0 0 0 1 0 0 0 1 0 0 0 1 0 0 0 1 0 0 0 1 0 0 0 1 0 0 0 1 0 0 0 1 0 0 0 1 0 0 0 1 0 0 0 1 0 0 0 1 0 0 0 1 0 0 0 1 0 0 0 1 0 0 0 1 0 0 0 1 0 0 0 1 0 0 0 1 0 0 0 1 0 0 0 1 0 0 0 1 0 0 0 1 0 0 0 1 0 0 0 1 0 0 0 1 0 0 0 1 0 0 0 1 0 0 0 1 0 0 0 1</float_array>
          <technique_common>
            <accessor source="#unnamed_009-mesh-colors-Col-array" count="228" stride="4">
              <param name="R" type="float"/>
              <param name="G" type="float"/>
              <param name="B" type="float"/>
              <param name="A" type="float"/>
            </accessor>
          </technique_common>
        </source>
        <vertices id="unnamed_009-mesh-vertices">
          <input semantic="POSITION" source="#unnamed_009-mesh-positions"/>
        </vertices>
        <triangles material="unnamed_006-material" count="76">
          <input semantic="VERTEX" source="#unnamed_009-mesh-vertices" offset="0"/>
          <input semantic="NORMAL" source="#unnamed_009-mesh-normals" offset="1"/>
          <input semantic="TEXCOORD" source="#unnamed_009-mesh-map-0" offset="2" set="0"/>
          <input semantic="COLOR" source="#unnamed_009-mesh-colors-Col" offset="3" set="0"/>
          <p>19 0 0 0 0 1 1 1 7 2 2 2 7 2 3 3 0 1 4 4 20 3 5 5 7 2 6 6 20 3 7 7 22 4 8 8 7 2 9 9 22 4 10 10 1 5 11 11 1 5 12 12 22 4 13 13 4 6 14 14 4 6 15 15 22 4 16 16 23 7 17 17 4 6 18 18 23 7 19 19 2 8 20 20 2 8 21 21 3 9 22 22 4 6 23 23 4 6 24 24 3 9 25 25 5 10 26 26 4 6 27 27 5 10 28 28 1 5 29 29 1 5 30 30 5 10 31 31 11 11 32 32 1 5 33 33 11 11 34 34 7 2 35 35 7 2 36 36 11 11 37 37 6 12 38 38 7 2 39 39 6 12 40 40 8 13 41 41 7 2 42 42 8 13 43 43 9 14 44 44 9 14 45 45 8 13 46 46 10 15 47 47 10 15 48 48 8 13 49 49 12 16 50 50 12 16 51 51 8 13 52 52 6 12 53 53 12 16 54 54 6 12 55 55 11 11 56 56 11 11 57 57 5 10 58 58 12 16 59 59 12 16 60 60 5 10 61 61 3 9 62 62 12 16 63 63 3 9 64 64 13 17 65 65 12 16 66 66 13 17 67 67 14 18 68 68 12 16 69 69 14 18 70 70 10 15 71 71 10 15 72 72 14 18 73 73 15 19 74 74 10 15 75 75 15 19 76 76 16 20 77 77 10 15 78 78 16 20 79 79 9 14 80 80 9 14 81 81 16 20 82 82 17 21 83 83 9 14 84 84 17 21 85 85 7 2 86 86 7 2 87 87 17 21 88 88 41 22 89 89 7 2 90 90 41 22 91 91 18 23 92 92 7 2 93 93 18 23 94 94 19 0 95 95 19 0 96 96 18 23 97 97 42 24 98 98 19 0 99 99 42 24 100 100 0 1 101 101 0 1 102 102 42 24 103 103 26 25 104 104 0 1 105 105 26 25 106 106 20 3 107 107 20 3 108 108 26 25 109 109 21 26 110 110 20 3 111 111 21 26 112 112 22 4 113 113 22 4 114 114 21 26 115 115 23 7 116 116 24 27 117 117 23 7 118 118 21 26 119 119 24 27 120 120 21 26 121 121 25 28 122 122 25 28 123 123 21 26 124 124 26 25 125 125 25 28 126 126 26 25 127 127 33 29 128 128 33 29 129 129 26 25 130 130 42 24 131 131 33 29 132 132 42 24 133 133 27 30 134 134 27 30 135 135 42 24 136 136 28 31 137 137 27 30 138 138 28 31 139 139 29 32 140 140 27 30 141 141 29 32 142 142 31 33 143 143 31 33 144 144 29 32 145 145 40 34 146 146 31 33 147 147 40 34 148 148 30 35 149 149 31 33 150 150 30 35 151 151 32 36 152 152 31 33 153 153 32 36 154 154 27 30 155 155 27 30 156 156 32 36 157 157 34 37 158 158 27 30 159 159 34 37 160 160 33 29 161 161 33 29 162 162 34 37 163 163 25 28 164 164 25 28 165 165 34 37 166 166 35 38 167 167 25 28 168 168 35 38 169 169 24 27 170 170 24 27 171 171 35 38 172 172 36 39 173 173 24 27 174 174 36 39 175 175 23 7 176 176 23 7 177 177 36 39 178 178 2 8 179 179 2 8 180 180 36 39 181 181 37 40 182 182 2 8 183 183 37 40 184 184 3 9 185 185 3 9 186 186 37 40 187 187 38 41 188 188 3 9 189 189 38 41 190 190 13 17 191 191 13 17 192 192 38 41 193 193 14 18 194 194 14 18 195 195 38 41 196 196 39 42 197 197 14 18 198 198 39 42 199 199 15 19 200 200 15 19 201 201 39 42 202 202 30 35 203 203 15 19 204 204 30 35 205 205 40 34 206 206 15 19 207 207 40 34 208 208 16 20 209 209 16 20 210 210 40 34 211 211 17 21 212 212 17 21 213 213 40 34 214 214 29 32 215 215 17 21 216 216 29 32 217 217 41 22 218 218 41 22 219 219 29 32 220 220 28 31 221 221 41 22 222 222 28 31 223 223 18 23 224 224 18 23 225 225 28 31 226 226 42 24 227 227</p>
        </triangles>
      </mesh>
    </geometry>
    <geometry id="unnamed_008-mesh" name="unnamed.008">
      <mesh>
        <source id="unnamed_008-mesh-positions">
          <float_array id="unnamed_008-mesh-positions-array" count="147">-0.09066396 -0.1999912 0.7600689 -0.08162695 -0.1980342 0.793738 -0.103008 -0.2018532 0.7815949 -0.103008 -0.1973182 0.8060619 -0.115353 -0.1975102 0.80276 -0.1276969 -0.1987502 0.781414 -0.124389 -0.1994672 0.769091 -0.115353 -0.1999912 0.7600689 -0.103008 -0.2001832 0.7567669 -0.08162695 -0.1994672 0.769091 -0.07831895 -0.1987502 0.781414 -0.06024599 -0.1906152 0.8056719 -0.07831895 -0.1895662 0.8237149 -0.09066396 -0.1975102 0.80276 -0.1276969 -0.1895662 0.8237149 -0.124389 -0.1980342 0.793738 -0.152386 -0.1920482 0.7810249 -0.145771 -0.1934802 0.756377 -0.1276969 -0.1945292 0.7383339 -0.103008 -0.1949132 0.7317299 -0.103008 -0.1730912 0.6928709 -0.07831895 -0.1945292 0.7383339 -0.06024599 -0.1934802 0.756377 -0.05362999 -0.1920482 0.7810249 -0.05966997 -0.1637062 0.8543389 -0.103008 -0.1891832 0.8303189 -0.103008 -0.1630322 0.8659319 -0.145771 -0.1906152 0.8056719 -0.178072 -0.1655472 0.822667 -0.189685 -0.1680622 0.779402 -0.1941339 -0.1502192 0.7256639 -0.178072 -0.1705762 0.7361369 -0.15562 -0.1524542 0.6872149 -0.146346 -0.1724172 0.704464 -0.103008 -0.1532722 0.673141 -0.05039596 -0.1524542 0.6872149 -0.05966997 -0.1724172 0.704464 -0.01188194 -0.1502192 0.7256639 -0.02794396 -0.1705762 0.7361369 0.002213954 -0.1471672 0.7781879 -0.01633197 -0.1680622 0.779402 -0.01188194 -0.1441142 0.8307109 -0.02794396 -0.1655472 0.822667 -0.05039596 -0.1418792 0.8691599 -0.103008 -0.1410613 0.883234 -0.15562 -0.1418792 0.8691599 -0.146346 -0.1637062 0.8543389 -0.1941339 -0.1441142 0.8307109 -0.208232 -0.1471672 0.7781879</float_array>
          <technique_common>
            <accessor source="#unnamed_008-mesh-positions-array" count="49" stride="3">
              <param name="X" type="float"/>
              <param name="Y" type="float"/>
              <param name="Z" type="float"/>
            </accessor>
          </technique_common>
        </source>
        <source id="unnamed_008-mesh-normals">
          <float_array id="unnamed_008-mesh-normals-array" count="147">-0.1778188 -0.9830026 -0.04567688 -0.1026542 -0.9873641 -0.1207246 4.25535e-7 -0.9983153 0.05802392 2.31399e-6 -0.9889609 -0.1481772 0.1026578 -0.9873635 -0.1207265 0.1778058 -0.9830042 -0.04569631 0.2053157 -0.9770456 0.05681151 0.1778275 -0.9710884 0.159263 0.1026784 -0.9667277 0.2342962 -4.47045e-6 -0.9651327 0.2617614 -0.1026679 -0.9667275 0.2343017 -0.1778165 -0.9710928 0.1592485 -0.205318 -0.9770463 0.05678963 -0.3698883 -0.9151264 -0.1603947 -0.2133571 -0.9244239 -0.3161001 -1.58661e-6 -0.927825 -0.3730159 0.21336 -0.9244258 -0.3160924 0.3698879 -0.9151261 -0.1603974 0.4276459 -0.902404 0.05278444 0.3708174 -0.8896423 0.2665168 0.2143133 -0.8802704 0.4233129 -1.6416e-6 -0.8768418 0.4807791 -0.2143047 -0.8802695 0.4233191 -0.3708293 -0.8896378 0.2665153 -0.4276379 -0.9024076 0.05278527 -0.6637884 -0.7466703 0.04322552 -0.5743962 -0.7663071 -0.2878238 -0.331438 -0.7806631 -0.5298246 -1.30351e-6 -0.7859135 -0.6183366 0.3314379 -0.7806636 -0.529824 0.5744019 -0.7663072 -0.2878121 0.6637989 -0.7466613 0.04321932 0.5753203 -0.7269969 0.3748094 0.3323546 -0.7125775 0.6178786 -1.11648e-6 -0.7072933 0.7069203 -0.3323553 -0.7125754 0.6178806 -0.5753189 -0.7269946 0.374816 -0.7484318 -0.6620945 0.03848206 -0.6481559 -0.6838082 -0.3351123 -0.374223 -0.6997003 -0.6085858 -5.86921e-7 -0.7055135 -0.7086964 0.3742235 -0.6996992 -0.6085867 0.6481633 -0.6838071 -0.3351002 0.748447 -0.6620776 0.0384764 0.6481598 -0.6403813 0.4120689 0.3742117 -0.6244961 0.6855438 -9.78206e-7 -0.6186845 0.7856396 -0.3742104 -0.6244986 0.6855422 -0.6481519 -0.6403846 0.4120763</float_array>
          <technique_common>
            <accessor source="#unnamed_008-mesh-normals-array" count="49" stride="3">
              <param name="X" type="float"/>
              <param name="Y" type="float"/>
              <param name="Z" type="float"/>
            </accessor>
          </technique_common>
        </source>
        <source id="unnamed_008-mesh-map-0">
          <float_array id="unnamed_008-mesh-map-0-array" count="504">0.6607 0.9546 0.6607 0.9546 0.6607 0.9546 0.6607 0.9546 0.6607 0.9546 0.6607 0.9546 0.6607 0.9546 0.6607 0.9546 0.6607 0.9546 0.6607 0.9546 0.6607 0.9546 0.6607 0.9546 0.6607 0.9546 0.6607 0.9546 0.6607 0.9546 0.6607 0.9546 0.6607 0.9546 0.6607 0.9546 0.6607 0.9546 0.6607 0.9546 0.6607 0.9546 0.6607 0.9546 0.6607 0.9546 0.6607 0.9546 0.6607 0.9546 0.6607 0.9546 0.6607 0.9546 0.6607 0.9546 0.6607 0.9546 0.6607 0.9546 0.6607 0.9546 0.6607 0.9546 0.6607 0.9546 0.6607 0.9546 0.6607 0.9546 0.6607 0.9546 0.6607 0.9546 0.6607 0.9546 0.6607 0.9546 0.6607 0.9546 0.6607 0.9546 0.6607 0.9546 0.6607 0.9546 0.6607 0.9546 0.6607 0.9546 0.6607 0.9546 0.6607 0.9546 0.6607 0.9546 0.6607 0.9546 0.6607 0.9546 0.6607 0.9546 0.6607 0.9546 0.6607 0.9546 0.6607 0.9546 0.6607 0.9546 0.6607 0.9546 0.6607 0.9546 0.6607 0.9546 0.6607 0.9546 0.6607 0.9546 0.6607 0.9546 0.6607 0.9546 0.6607 0.9546 0.6607 0.9546 0.6607 0.9546 0.6607 0.9546 0.6607 0.9546 0.6607 0.9546 0.6607 0.9546 0.6607 0.9546 0.6607 0.9546 0.6607 0.9546 0.6607 0.9546 0.6607 0.9546 0.6607 0.9546 0.6607 0.9546 0.6607 0.9546 0.6607 0.9546 0.6607 0.9546 0.6607 0.9546 0.6607 0.9546 0.6607 0.9546 0.6607 0.9546 0.6607 0.9546 0.6607 0.9546 0.6607 0.9546 0.6607 0.9546 0.6607 0.9546 0.6607 0.9546 0.6607 0.9546 0.6607 0.9546 0.6607 0.9546 0.6607 0.9546 0.6607 0.9546 0.6607 0.9546 0.6607 0.9546 0.6607 0.9546 0.6607 0.9546 0.6607 0.9546 0.6607 0.9546 0.6607 0.9546 0.6607 0.9546 0.6607 0.9546 0.6607 0.9546 0.6607 0.9546 0.6607 0.9546 0.6607 0.9546 0.6607 0.9546 0.6607 0.9546 0.6607 0.9546 0.6607 0.9546 0.6607 0.9546 0.6607 0.9546 0.6607 0.9546 0.6607 0.9546 0.6607 0.9546 0.6607 0.9546 0.6607 0.9546 0.6607 0.9546 0.6607 0.9546 0.6607 0.9546 0.6607 0.9546 0.6607 0.9546 0.6607 0.9546 0.6607 0.9546 0.6607 0.9546 0.6607 0.9546 0.6607 0.9546 0.6607 0.9546 0.6607 0.9546 0.6607 0.9546 0.6607 0.9546 0.6607 0.9546 0.6607 0.9546 0.6607 0.9546 0.6607 0.9546 0.6607 0.9546 0.6607 0.9546 0.6607 0.9546 0.6607 0.9546 0.6607 0.9546 0.6607 0.9546 0.6607 0.9546 0.6607 0.9546 0.6607 0.9546 0.6607 0.9546 0.6607 0.9546 0.6607 0.9546 0.6607 0.9546 0.6607 0.9546 0.6607 0.9546 0.6607 0.9546 0.6607 0.9546 0.6607 0.9546 0.6607 0.9546 0.6607 0.9546 0.6607 0.9546 0.6607 0.9546 0.6607 0.9546 0.6607 0.9546 0.6607 0.9546 0.6607 0.9546 0.6607 0.9546 0.6607 0.9546 0.6607 0.9546 0.6607 0.9546 0.6607 0.9546 0.6607 0.9546 0.6607 0.9546 0.6607 0.9546 0.6607 0.9546 0.6607 0.9546 0.6607 0.9546 0.6607 0.9546 0.6607 0.9546 0.6607 0.9546 0.6607 0.9546 0.6607 0.9546 0.6607 0.9546 0.6607 0.9546 0.6607 0.9546 0.6607 0.9546 0.6607 0.9546 0.6607 0.9546 0.6607 0.9546 0.6607 0.9546 0.6607 0.9546 0.6607 0.9546 0.6607 0.9546 0.6607 0.9546 0.6607 0.9546 0.6607 0.9546 0.6607 0.9546 0.6607 0.9546 0.6607 0.9546 0.6607 0.9546 0.6607 0.9546 0.6607 0.9546 0.6607 0.9546 0.6607 0.9546 0.6607 0.9546 0.6607 0.9546 0.6607 0.9546 0.6607 0.9546 0.6607 0.9546 0.6607 0.9546 0.6607 0.9546 0.6607 0.9546 0.6607 0.9546 0.6607 0.9546 0.6607 0.9546 0.6607 0.9546 0.6607 0.9546 0.6607 0.9546 0.6607 0.9546 0.6607 0.9546 0.6607 0.9546 0.6607 0.9546 0.6607 0.9546 0.6607 0.9546 0.6607 0.9546 0.6607 0.9546 0.6607 0.9546 0.6607 0.9546 0.6607 0.9546 0.6607 0.9546 0.6607 0.9546 0.6607 0.9546 0.6607 0.9546 0.6607 0.9546 0.6607 0.9546 0.6607 0.9546 0.6607 0.9546 0.6607 0.9546 0.6607 0.9546 0.6607 0.9546 0.6607 0.9546 0.6607 0.9546 0.6607 0.9546 0.6607 0.9546 0.6607 0.9546 0.6607 0.9546 0.6607 0.9546 0.6607 0.9546 0.6607 0.9546 0.6607 0.9546 0.6607 0.9546 0.6607 0.9546 0.6607 0.9546 0.6607 0.9546 0.6607 0.9546 0.6607 0.9546</float_array>
          <technique_common>
            <accessor source="#unnamed_008-mesh-map-0-array" count="252" stride="2">
              <param name="S" type="float"/>
              <param name="T" type="float"/>
            </accessor>
          </technique_common>
        </source>
        <source id="unnamed_008-mesh-colors-Col" name="Col">
          <float_array id="unnamed_008-mesh-colors-Col-array" count="1008">0 0 0 1 0 0 0 1 0 0 0 1 0 0 0 1 0 0 0 1 0 0 0 1 0 0 0 1 0 0 0 1 0 0 0 1 0 0 0 1 0 0 0 1 0 0 0 1 0 0 0 1 0 0 0 1 0 0 0 1 0 0 0 1 0 0 0 1 0 0 0 1 0 0 0 1 0 0 0 1 0 0 0 1 0 0 0 1 0 0 0 1 0 0 0 1 0 0 0 1 0 0 0 1 0 0 0 1 0 0 0 1 0 0 0 1 0 0 0 1 0 0 0 1 0 0 0 1 0 0 0 1 0 0 0 1 0 0 0 1 0 0 0 1 0 0 0 1 0 0 0 1 0 0 0 1 0 0 0 1 0 0 0 1 0 0 0 1 0 0 0 1 0 0 0 1 0 0 0 1 0 0 0 1 0 0 0 1 0 0 0 1 0 0 0 1 0 0 0 1 0 0 0 1 0 0 0 1 0 0 0 1 0 0 0 1 0 0 0 1 0 0 0 1 0 0 0 1 0 0 0 1 0 0 0 1 0 0 0 1 0 0 0 1 0 0 0 1 0 0 0 1 0 0 0 1 0 0 0 1 0 0 0 1 0 0 0 1 0 0 0 1 0 0 0 1 0 0 0 1 0 0 0 1 0 0 0 1 0 0 0 1 0 0 0 1 0 0 0 1 0 0 0 1 0 0 0 1 0 0 0 1 0 0 0 1 0 0 0 1 0 0 0 1 0 0 0 1 0 0 0 1 0 0 0 1 0 0 0 1 0 0 0 1 0 0 0 1 0 0 0 1 0 0 0 1 0 0 0 1 0 0 0 1 0 0 0 1 0 0 0 1 0 0 0 1 0 0 0 1 0 0 0 1 0 0 0 1 0 0 0 1 0 0 0 1 0 0 0 1 0 0 0 1 0 0 0 1 0 0 0 1 0 0 0 1 0 0 0 1 0 0 0 1 0 0 0 1 0 0 0 1 0 0 0 1 0 0 0 1 0 0 0 1 0 0 0 1 0 0 0 1 0 0 0 1 0 0 0 1 0 0 0 1 0 0 0 1 0 0 0 1 0 0 0 1 0 0 0 1 0 0 0 1 0 0 0 1 0 0 0 1 0 0 0 1 0 0 0 1 0 0 0 1 0 0 0 1 0 0 0 1 0 0 0 1 0 0 0 1 0 0 0 1 0 0 0 1 0 0 0 1 0 0 0 1 0 0 0 1 0 0 0 1 0 0 0 1 0 0 0 1 0 0 0 1 0 0 0 1 0 0 0 1 0 0 0 1 0 0 0 1 0 0 0 1 0 0 0 1 0 0 0 1 0 0 0 1 0 0 0 1 0 0 0 1 0 0 0 1 0 0 0 1 0 0 0 1 0 0 0 1 0 0 0 1 0 0 0 1 0 0 0 1 0 0 0 1 0 0 0 1 0 0 0 1 0 0 0 1 0 0 0 1 0 0 0 1 0 0 0 1 0 0 0 1 0 0 0 1 0 0 0 1 0 0 0 1 0 0 0 1 0 0 0 1 0 0 0 1 0 0 0 1 0 0 0 1 0 0 0 1 0 0 0 1 0 0 0 1 0 0 0 1 0 0 0 1 0 0 0 1 0 0 0 1 0 0 0 1 0 0 0 1 0 0 0 1 0 0 0 1 0 0 0 1 0 0 0 1 0 0 0 1 0 0 0 1 0 0 0 1 0 0 0 1 0 0 0 1 0 0 0 1 0 0 0 1 0 0 0 1 0 0 0 1 0 0 0 1 0 0 0 1 0 0 0 1 0 0 0 1 0 0 0 1 0 0 0 1 0 0 0 1 0 0 0 1 0 0 0 1 0 0 0 1 0 0 0 1 0 0 0 1 0 0 0 1 0 0 0 1 0 0 0 1 0 0 0 1 0 0 0 1 0 0 0 1 0 0 0 1 0 0 0 1 0 0 0 1 0 0 0 1 0 0 0 1 0 0 0 1 0 0 0 1 0 0 0 1 0 0 0 1 0 0 0 1 0 0 0 1 0 0 0 1 0 0 0 1 0 0 0 1 0 0 0 1 0 0 0 1 0 0 0 1 0 0 0 1 0 0 0 1 0 0 0 1 0 0 0 1 0 0 0 1 0 0 0 1 0 0 0 1 0 0 0 1 0 0 0 1 0 0 0 1 0 0 0 1 0 0 0 1 0 0 0 1 0 0 0 1 0 0 0 1 0 0 0 1 0 0 0 1 0 0 0 1 0 0 0 1 0 0 0 1 0 0 0 1 0 0 0 1 0 0 0 1</float_array>
          <technique_common>
            <accessor source="#unnamed_008-mesh-colors-Col-array" count="252" stride="4">
              <param name="R" type="float"/>
              <param name="G" type="float"/>
              <param name="B" type="float"/>
              <param name="A" type="float"/>
            </accessor>
          </technique_common>
        </source>
        <vertices id="unnamed_008-mesh-vertices">
          <input semantic="POSITION" source="#unnamed_008-mesh-positions"/>
        </vertices>
        <triangles material="unnamed_005-material" count="84">
          <input semantic="VERTEX" source="#unnamed_008-mesh-vertices" offset="0"/>
          <input semantic="NORMAL" source="#unnamed_008-mesh-normals" offset="1"/>
          <input semantic="TEXCOORD" source="#unnamed_008-mesh-map-0" offset="2" set="0"/>
          <input semantic="COLOR" source="#unnamed_008-mesh-colors-Col" offset="3" set="0"/>
          <p>6 0 0 0 7 1 1 1 2 2 2 2 2 2 3 3 7 1 4 4 8 3 5 5 2 2 6 6 8 3 7 7 0 4 8 8 0 4 9 9 9 5 10 10 2 2 11 11 2 2 12 12 9 5 13 13 10 6 14 14 2 2 15 15 10 6 16 16 1 7 17 17 1 7 18 18 13 8 19 19 2 2 20 20 2 2 21 21 13 8 22 22 3 9 23 23 2 2 24 24 3 9 25 25 4 10 26 26 4 10 27 27 15 11 28 28 2 2 29 29 2 2 30 30 15 11 31 31 5 12 32 32 2 2 33 33 5 12 34 34 6 0 35 35 6 0 36 36 5 12 37 37 17 13 38 38 6 0 39 39 17 13 40 40 18 14 41 41 6 0 42 42 18 14 43 43 7 1 44 44 7 1 45 45 18 14 46 46 19 15 47 47 7 1 48 48 19 15 49 49 8 3 50 50 8 3 51 51 19 15 52 52 21 16 53 53 8 3 54 54 21 16 55 55 0 4 56 56 0 4 57 57 21 16 58 58 22 17 59 59 0 4 60 60 22 17 61 61 9 5 62 62 9 5 63 63 22 17 64 64 23 18 65 65 9 5 66 66 23 18 67 67 10 6 68 68 10 6 69 69 23 18 70 70 11 19 71 71 10 6 72 72 11 19 73 73 1 7 74 74 1 7 75 75 11 19 76 76 12 20 77 77 1 7 78 78 12 20 79 79 13 8 80 80 13 8 81 81 12 20 82 82 25 21 83 83 13 8 84 84 25 21 85 85 3 9 86 86 3 9 87 87 25 21 88 88 14 22 89 89 3 9 90 90 14 22 91 91 4 10 92 92 4 10 93 93 14 22 94 94 27 23 95 95 4 10 96 96 27 23 97 97 15 11 98 98 15 11 99 99 27 23 100 100 16 24 101 101 15 11 102 102 16 24 103 103 5 12 104 104 5 12 105 105 16 24 106 106 17 13 107 107 17 13 108 108 16 24 109 109 29 25 110 110 17 13 111 111 29 25 112 112 31 26 113 113 17 13 114 114 31 26 115 115 18 14 116 116 18 14 117 117 31 26 118 118 33 27 119 119 18 14 120 120 33 27 121 121 19 15 122 122 19 15 123 123 33 27 124 124 20 28 125 125 19 15 126 126 20 28 127 127 21 16 128 128 21 16 129 129 20 28 130 130 36 29 131 131 21 16 132 132 36 29 133 133 38 30 134 134 21 16 135 135 38 30 136 136 22 17 137 137 22 17 138 138 38 30 139 139 40 31 140 140 22 17 141 141 40 31 142 142 23 18 143 143 23 18 144 144 40 31 145 145 42 32 146 146 23 18 147 147 42 32 148 148 11 19 149 149 11 19 150 150 42 32 151 151 24 33 152 152 11 19 153 153 24 33 154 154 12 20 155 155 12 20 156 156 24 33 157 157 26 34 158 158 12 20 159 159 26 34 160 160 25 21 161 161 25 21 162 162 26 34 163 163 14 22 164 164 14 22 165 165 26 34 166 166 46 35 167 167 14 22 168 168 46 35 169 169 27 23 170 170 27 23 171 171 46 35 172 172 28 36 173 173 27 23 174 174 28 36 175 175 16 24 176 176 16 24 177 177 28 36 178 178 29 25 179 179 29 25 180 180 28 36 181 181 48 37 182 182 29 25 183 183 48 37 184 184 30 38 185 185 29 25 186 186 30 38 187 187 31 26 188 188 31 26 189 189 30 38 190 190 32 39 191 191 31 26 192 192 32 39 193 193 33 27 194 194 33 27 195 195 32 39 196 196 34 40 197 197 33 27 198 198 34 40 199 199 20 28 200 200 20 28 201 201 34 40 202 202 35 41 203 203 20 28 204 204 35 41 205 205 36 29 206 206 36 29 207 207 35 41 208 208 37 42 209 209 36 29 210 210 37 42 211 211 38 30 212 212 38 30 213 213 37 42 214 214 39 43 215 215 38 30 216 216 39 43 217 217 40 31 218 218 40 31 219 219 39 43 220 220 41 44 221 221 40 31 222 222 41 44 223 223 42 32 224 224 42 32 225 225 41 44 226 226 43 45 227 227 42 32 228 228 43 45 229 229 24 33 230 230 24 33 231 231 43 45 232 232 44 46 233 233 24 33 234 234 44 46 235 235 26 34 236 236 26 34 237 237 44 46 238 238 45 47 239 239 26 34 240 240 45 47 241 241 46 35 242 242 46 35 243 243 45 47 244 244 47 48 245 245 46 35 246 246 47 48 247 247 28 36 248 248 28 36 249 249 47 48 250 250 48 37 251 251</p>
        </triangles>
      </mesh>
    </geometry>
    <geometry id="unnamed_007-mesh" name="unnamed.007">
      <mesh>
        <source id="unnamed_007-mesh-positions">
          <float_array id="unnamed_007-mesh-positions-array" count="36">-0.05027097 -0.1406702 0.8678259 -0.02917295 -0.1406702 0.9020879 -0.05997395 -0.1406702 0.871666 -0.04709398 -0.1406702 0.9106389 -0.09792798 -0.1398502 0.8811089 -0.09307098 -0.1398503 0.9199249 -0.108071 -0.1398502 0.8811089 -0.112928 -0.1398503 0.9199249 -0.155707 -0.1406702 0.8678259 -0.146004 -0.1406702 0.871666 -0.176805 -0.1406702 0.9020879 -0.158884 -0.1406702 0.9106389</float_array>
          <technique_common>
            <accessor source="#unnamed_007-mesh-positions-array" count="12" stride="3">
              <param name="X" type="float"/>
              <param name="Y" type="float"/>
              <param name="Z" type="float"/>
            </accessor>
          </technique_common>
        </source>
        <source id="unnamed_007-mesh-normals">
          <float_array id="unnamed_007-mesh-normals-array" count="30">0 -1 0 4.68876e-7 -1 0 1.6264e-7 -1 0 5.60646e-7 -1 0 0 -1 -5.02112e-7 0 -1 -1.75779e-7 0 -1 -6.04152e-7 -1.6264e-7 -1 0 -4.68877e-7 -1 -2.4082e-7 -5.60647e-7 -1 -2.87953e-7</float_array>
          <technique_common>
            <accessor source="#unnamed_007-mesh-normals-array" count="10" stride="3">
              <param name="X" type="float"/>
              <param name="Y" type="float"/>
              <param name="Z" type="float"/>
            </accessor>
          </technique_common>
        </source>
        <source id="unnamed_007-mesh-map-0">
          <float_array id="unnamed_007-mesh-map-0-array" count="36">0.2236 0.4859001 0.2236 0.4882 0.2255 0.4859001 0.2255 0.4859001 0.2236 0.4882 0.2255 0.4882 0.2236 0.4859001 0.2236 0.4882 0.2255 0.4859001 0.2255 0.4859001 0.2236 0.4882 0.2255 0.4882 0.2236 0.4859001 0.2255 0.4859001 0.2236 0.4882 0.2236 0.4882 0.2255 0.4859001 0.2255 0.4882</float_array>
          <technique_common>
            <accessor source="#unnamed_007-mesh-map-0-array" count="18" stride="2">
              <param name="S" type="float"/>
              <param name="T" type="float"/>
            </accessor>
          </technique_common>
        </source>
        <source id="unnamed_007-mesh-colors-Col" name="Col">
          <float_array id="unnamed_007-mesh-colors-Col-array" count="72">0 0 0 1 0 0 0 1 0 0 0 1 0 0 0 1 0 0 0 1 0 0 0 1 0 0 0 1 0 0 0 1 0 0 0 1 0 0 0 1 0 0 0 1 0 0 0 1 0 0 0 1 0 0 0 1 0 0 0 1 0 0 0 1 0 0 0 1 0 0 0 1</float_array>
          <technique_common>
            <accessor source="#unnamed_007-mesh-colors-Col-array" count="18" stride="4">
              <param name="R" type="float"/>
              <param name="G" type="float"/>
              <param name="B" type="float"/>
              <param name="A" type="float"/>
            </accessor>
          </technique_common>
        </source>
        <vertices id="unnamed_007-mesh-vertices">
          <input semantic="POSITION" source="#unnamed_007-mesh-positions"/>
        </vertices>
        <triangles material="unnamed_004-material" count="6">
          <input semantic="VERTEX" source="#unnamed_007-mesh-vertices" offset="0"/>
          <input semantic="NORMAL" source="#unnamed_007-mesh-normals" offset="1"/>
          <input semantic="TEXCOORD" source="#unnamed_007-mesh-map-0" offset="2" set="0"/>
          <input semantic="COLOR" source="#unnamed_007-mesh-colors-Col" offset="3" set="0"/>
          <p>0 0 0 0 1 1 1 1 2 2 2 2 2 2 3 3 1 1 4 4 3 3 5 5 4 0 6 6 5 4 7 7 6 5 8 8 6 5 9 9 5 4 10 10 7 6 11 11 8 0 12 12 9 7 13 13 10 8 14 14 10 8 15 15 9 7 16 16 11 9 17 17</p>
        </triangles>
      </mesh>
    </geometry>
    <geometry id="unnamed_006-mesh" name="unnamed.006">
      <mesh>
        <source id="unnamed_006-mesh-positions">
          <float_array id="unnamed_006-mesh-positions-array" count="36">0.155707 -0.1406702 0.8678259 0.176805 -0.1406702 0.9020879 0.146004 -0.1406702 0.871666 0.158884 -0.1406702 0.9106389 0.09792798 -0.1398502 0.8811089 0.108071 -0.1398502 0.8811089 0.09307098 -0.1398503 0.9199249 0.112928 -0.1398503 0.9199249 0.05027097 -0.1406702 0.8678259 0.05997395 -0.1406702 0.871666 0.02917295 -0.1406702 0.9020879 0.04709398 -0.1406702 0.9106389</float_array>
          <technique_common>
            <accessor source="#unnamed_006-mesh-positions-array" count="12" stride="3">
              <param name="X" type="float"/>
              <param name="Y" type="float"/>
              <param name="Z" type="float"/>
            </accessor>
          </technique_common>
        </source>
        <source id="unnamed_006-mesh-normals">
          <float_array id="unnamed_006-mesh-normals-array" count="30">0 -1 0 4.68878e-7 -1 -4.8164e-7 1.6264e-7 -1 -1.67067e-7 5.60647e-7 -1 -5.75907e-7 0 -1 -1.75779e-7 0 -1 -5.02112e-7 0 -1 -6.04152e-7 -1.6264e-7 -1 0 -4.68876e-7 -1 0 -5.60646e-7 -1 0</float_array>
          <technique_common>
            <accessor source="#unnamed_006-mesh-normals-array" count="10" stride="3">
              <param name="X" type="float"/>
              <param name="Y" type="float"/>
              <param name="Z" type="float"/>
            </accessor>
          </technique_common>
        </source>
        <source id="unnamed_006-mesh-map-0">
          <float_array id="unnamed_006-mesh-map-0-array" count="36">0.2236 0.4859001 0.2236 0.4882 0.2255 0.4859001 0.2255 0.4859001 0.2236 0.4882 0.2255 0.4882 0.2236 0.4859001 0.2255 0.4859001 0.2236 0.4882 0.2236 0.4882 0.2255 0.4859001 0.2255 0.4882 0.2236 0.4859001 0.2255 0.4859001 0.2236 0.4882 0.2236 0.4882 0.2255 0.4859001 0.2255 0.4882</float_array>
          <technique_common>
            <accessor source="#unnamed_006-mesh-map-0-array" count="18" stride="2">
              <param name="S" type="float"/>
              <param name="T" type="float"/>
            </accessor>
          </technique_common>
        </source>
        <source id="unnamed_006-mesh-colors-Col" name="Col">
          <float_array id="unnamed_006-mesh-colors-Col-array" count="72">0 0 0 1 0 0 0 1 0 0 0 1 0 0 0 1 0 0 0 1 0 0 0 1 0 0 0 1 0 0 0 1 0 0 0 1 0 0 0 1 0 0 0 1 0 0 0 1 0 0 0 1 0 0 0 1 0 0 0 1 0 0 0 1 0 0 0 1 0 0 0 1</float_array>
          <technique_common>
            <accessor source="#unnamed_006-mesh-colors-Col-array" count="18" stride="4">
              <param name="R" type="float"/>
              <param name="G" type="float"/>
              <param name="B" type="float"/>
              <param name="A" type="float"/>
            </accessor>
          </technique_common>
        </source>
        <vertices id="unnamed_006-mesh-vertices">
          <input semantic="POSITION" source="#unnamed_006-mesh-positions"/>
        </vertices>
        <triangles material="unnamed_003-material" count="6">
          <input semantic="VERTEX" source="#unnamed_006-mesh-vertices" offset="0"/>
          <input semantic="NORMAL" source="#unnamed_006-mesh-normals" offset="1"/>
          <input semantic="TEXCOORD" source="#unnamed_006-mesh-map-0" offset="2" set="0"/>
          <input semantic="COLOR" source="#unnamed_006-mesh-colors-Col" offset="3" set="0"/>
          <p>0 0 0 0 1 1 1 1 2 2 2 2 2 2 3 3 1 1 4 4 3 3 5 5 4 0 6 6 5 4 7 7 6 5 8 8 6 5 9 9 5 4 10 10 7 6 11 11 8 0 12 12 9 7 13 13 10 8 14 14 10 8 15 15 9 7 16 16 11 9 17 17</p>
        </triangles>
      </mesh>
    </geometry>
  </library_geometries>
  <library_controllers>
    <controller id="bob_root_mesh_017-skin" name="bob_root">
      <skin source="#unnamed_023-mesh">
        <bind_shape_matrix>1 0 0 0 0 1 0 0 0 0 1 0 0 0 0 1</bind_shape_matrix>
        <source id="bob_root_mesh_017-skin-joints">
          <Name_array id="bob_root_mesh_017-skin-joints-array" count="63">bob_root bob_sub_root bob_chest bob_clavicle_L bob_bicep_L bob_elbow_L bob_twist_L bob_wrist_L bob_index_base_L bob_index_tip_L bob_mid_base_L bob_mid_tp_L bob_pinky_base_L bob_pinky_tip_L bob_thumb_base_L bob_thumb_tip_L bob_clavicle_R bob_bicep_R bob_elbow_R bob_twist_R bob_wrist_R bob_index_base_R bob_index_tip_R bob_mid_base_R bob_mid_tip_R bob_pinky_base_R bob_pinky_tip_R bob_thumb_base_R bob_thumb_tip_R bob_head bob_eye_socket_shrink_L bob_eye_L bob_eye_stretch_L bob_lid_lower_L bob_lid_upper_L bob_eye_socket_shrink_R bob_eye_R bob_eye_stretch_R bob_lid_lower_R bob_lid_upper_R bob_forehead bob_lip_upper bob_teeth bob_mouth_L bob_mouth_R bob_nose bob_jaw bob_lip_lower bob_lip_lower_L bob_lip_lower_R bob_tongue_base bob_tongue_end bob_connect bob_thigh_L bob_knee_L bob_ankle_L bob_toe_L bob_thigh_R bob_knee_R bob_ankle_R bob_toe_R bob_tie_base bob_tie_end</Name_array>
          <technique_common>
            <accessor source="#bob_root_mesh_017-skin-joints-array" count="63" stride="1">
              <param name="JOINT" type="name"/>
            </accessor>
          </technique_common>
        </source>
        <source id="bob_root_mesh_017-skin-bind_poses">
          <float_array id="bob_root_mesh_017-skin-bind_poses-array" count="1008">1 0 0 0 0 -3.57628e-7 1 0 0 -1 -2.8213e-7 0 0 0 0 1 1 0 0 0 0 -3.57628e-7 1 -0.3631969 0 -1 -2.8213e-7 -0.01224803 0 0 0 1 1 0 0 0 0 -3.57628e-7 1 -0.4508612 0 -1 -2.8213e-7 -0.01024585 0 0 0 1 1 0 0 -0.08820319 0 -3.57628e-7 1 -0.4654444 0 -1 -2.8213e-7 -0.005732297 0 0 0 1 1 -1.15868e-5 0 -0.277226 0 -3.553e-7 1 -0.4634373 -1.15868e-5 -1 -2.79802e-7 -0.007435917 0 0 0 1 1 -1.18008e-5 0 -0.4199464 0 -3.54895e-7 1 -0.4634373 -1.18008e-5 -1 -2.79397e-7 -0.007435798 0 0 0 1 1 -1.18008e-5 0 -0.4600866 0 -3.26955e-7 1 -0.4634373 -1.18008e-5 -1 -2.51457e-7 -0.007435858 0 0 0 1 1 -6.51192e-5 0 -0.5002271 0 3.45581e-7 -1 0.4634373 6.51192e-5 1 2.70083e-7 0.007409155 0 0 0 1 0.9935342 -0.1135331 0 -0.5553187 0 2.71075e-7 -1 0.4804373 0.1135331 0.9935342 1.94312e-7 -0.03080087 0 0 0 1 0.9935342 -0.1135331 0 -0.5883189 0 3.00092e-7 -1 0.4804373 0.1135331 0.9935342 2.23517e-7 -0.03080087 0 0 0 1 1 -6.50009e-5 0 -0.5547661 0 3.36268e-7 -1 0.4804373 6.50009e-5 1 2.6077e-7 0.008272647 0 0 0 1 1 -6.50009e-5 0 -0.5927071 0 3.36268e-7 -1 0.4804373 6.50009e-5 1 2.6077e-7 0.008272647 0 0 0 1 0.9877629 0.1559637 0 -0.5511935 0 3.08328e-7 -1 0.4804373 -0.1559637 0.9877629 2.29982e-7 0.0691176 0 0 0 1 0.9877629 0.1559637 0 -0.5841937 0 3.29541e-7 -1 0.4804373 -0.1559637 0.9877629 2.51457e-7 0.0691176 0 0 0 1 0.806752 -0.5908901 5.73695e-7 -0.4475749 0.08500933 0.1160638 -0.9895972 0.4087883 0.5847432 0.7983596 0.1438658 -0.340138 0 0 0 1 0.8067505 -0.5908922 2.08616e-7 -0.4881426 0.08500933 0.1160638 -0.9895973 0.4087876 0.5847452 0.798358 0.1438658 -0.3465866 0 0 0 1 1 0 0 0.08815914 0 -3.57628e-7 1 -0.4654444 0 -1 -2.8213e-7 -0.005732297 0 0 0 1 1 0 0 0.2740172 0 -3.54895e-7 1 -0.4654444 0 -1 -2.79397e-7 -0.005732297 0 0 0 1 1 2.39856e-7 0 0.4171683 0 -3.54895e-7 1 -0.4654444 2.39856e-7 -1 -2.79397e-7 -0.005732178 0 0 0 1 1 1.36726e-5 0 0.4572482 0 -3.54895e-7 1 -0.4654444 1.36726e-5 -1 -2.79397e-7 -0.005726039 0 0 0 1 1 1.45971e-7 0 0.4973279 0 -3.54895e-7 1 -0.4654444 1.45971e-7 -1 -2.79397e-7 -0.005732774 0 0 0 1 0.9935415 0.1134688 0 0.552248 0 -3.54895e-7 1 -0.4824443 0.1134688 -0.9935415 -2.77592e-7 0.03213757 0 0 0 1 0.9935415 0.1134688 0 0.5852479 0 -3.01169e-7 1 -0.4824443 0.1134688 -0.9935415 -2.23517e-7 0.03213751 0 0 0 1 1 1.45971e-7 0 0.5518674 0 -3.64208e-7 1 -0.4824444 1.45971e-7 -1 -2.8871e-7 -0.006596207 0 0 0 1 1 1.45971e-7 0 0.5898085 0 -3.64208e-7 1 -0.4824444 1.45971e-7 -1 -2.8871e-7 -0.006596207 0 0 0 1 0.9877527 -0.1560278 0 0.5485914 0 -3.54895e-7 1 -0.4824444 -0.1560278 -0.9877527 -2.75975e-7 -0.06700938 0 0 0 1 0.9877527 -0.1560278 0 0.5815915 0 -3.76673e-7 1 -0.4824444 -0.1560278 -0.9877527 -2.98023e-7 -0.06700938 0 0 0 1 0.9909111 -0.09408807 -0.09613829 0.5577327 0.08499145 -0.1160554 0.9895998 -0.4108319 -0.1042669 -0.9887763 -0.1070039 -0.04394012 0 0 0 1 0.9909111 -0.09408807 -0.09613829 0.59222 0.08499145 -0.1160554 0.9895998 -0.4108318 -0.1042669 -0.9887763 -0.1070039 -0.06625717 0 0 0 1 1 0 0 0 0 -3.54895e-7 1 -0.6079697 0 -1 -2.79397e-7 -0.01024585 0 0 0 1 1 0 0 -0.103 0 -3.54895e-7 1 -0.7744012 0 -1 -2.79397e-7 -0.1281926 0 0 0 1 1 0 0 -0.103 0 -3.54895e-7 1 -0.7685519 0 -1 -2.79397e-7 -0.06312471 0 0 0 1 1 0 0 -0.103 0 -3.54895e-7 1 -0.7744012 0 -1 -2.79397e-7 -0.1796826 0 0 0 1 1 0 0 -0.103 0 -0.9988353 0.04824751 -0.1001321 0 -0.04824757 -0.9988353 0.7646111 0 0 0 1 1 0 0 -0.103 0 1 0 0.06312495 0 0 1 -0.7685519 0 0 0 1 1 1.50996e-7 0 0.103 0 3.54895e-7 -1 0.7744011 -1.50996e-7 1 2.79397e-7 0.1281926 0 0 0 1 1 0 0 0.103 0 -3.54895e-7 1 -0.7685519 0 -1 -2.79397e-7 -0.06312471 0 0 0 1 1 0 0 0.1028568 0 -3.54895e-7 1 -0.7744012 0 -1 -2.79397e-7 -0.1796826 0 0 0 1 1 0 0 0.103 0 -0.9988353 0.04824775 -0.1001323 0 -0.04824757 -0.9988353 0.7646111 0 0 0 1 1 0 0 0.103 0 -1 -1.11386e-6 -0.06312406 0 1.17446e-6 -1 0.768552 0 0 0 1 1 0 0 0 0 -3.54895e-7 1 -0.8750384 0 -1 -2.79397e-7 0.03980851 0 0 0 1 1 0 0 0 0 -3.54895e-7 1 -0.607031 0 -1 -2.79397e-7 -0.1423895 0 0 0 1 1 0 0 1.00436e-6 0 -3.54895e-7 1 -0.5983216 0 -1 -2.79397e-7 -0.1683276 0 0 0 1 1 0 0 -0.1679058 0 -2.05883e-7 1 -0.5968742 0 -1 -1.30385e-7 -0.1233199 0 0 0 1 1 0 0 0.1679078 0 -2.05883e-7 1 -0.5968742 0 -1 -1.30385e-7 -0.1233224 0 0 0 1 1 0 0 0 0 -3.54895e-7 1 -0.6707076 0 -1 -2.79397e-7 -0.1323786 0 0 0 1 1 0 0 0 0 -3.57628e-7 1 -0.520758 0 -1 -2.8213e-7 -0.1239921 0 0 0 1 1 0 0 1.00436e-6 0 -3.57628e-7 1 -0.5722039 0 -1 -2.8213e-7 -0.141271 0 0 0 1 1 0 0 -0.111 0 -3.94881e-7 1 -0.580758 0 -1 -3.19383e-7 -0.142992 0 0 0 1 1 1.50996e-7 0 0.111 0 4.32134e-7 -1 0.5805041 -1.50996e-7 1 3.56636e-7 0.1430059 0 0 0 1 1 0 0 0 0 -3.57628e-7 1 -0.5706831 0 -1 -2.8213e-7 -0.01338374 0 0 0 1 1 0 0 0 0 -3.57628e-7 1 -0.5713545 0 -1 -2.8213e-7 -0.06779658 0 0 0 1 1 0 0 0 0 -3.57628e-7 1 0 0 -1 -2.8213e-7 0 0 0 0 1 -0.002055704 -0.02905815 -0.9995757 0.3054539 0.0440514 0.9986049 -0.02912056 0.01029163 0.9990273 -0.04409241 -7.72825e-4 -0.1179401 0 0 0 1 0.002516746 0.07449424 -0.9972184 0.1578243 0.04402709 0.9962462 0.07453262 -0.006082296 0.9990273 -0.04409205 -7.72448e-4 -0.1179407 0 0 0 1 4.56402e-4 -0.8762145 -0.481921 0.03201848 0 -0.4819208 0.8762145 -0.06224334 -1 -4.00029e-4 -2.20016e-4 0.118041 0 0 0 1 1 0 0 -0.1180264 0 0 0.9999998 -0.03175383 -2.46626e-7 -0.9999998 -2.6965e-7 -0.07142281 0 0 0 1 0.002904653 -0.02905535 -0.9995736 0.3055534 -0.04398554 0.9986066 -0.02915513 0.01030999 0.9990279 0.04405128 0.001622557 0.1176803 0 0 0 1 -0.00166589 0.07448911 -0.9972205 0.1579253 -0.04404956 0.9962483 0.07449001 -0.006073117 0.999028 0.04405111 0.001621544 0.1176807 0 0 0 1 0 -0.8762143 -0.4819212 0.03207236 0 -0.4819211 0.8762145 -0.06224334 -1 1.51049e-7 0 -0.1178254 0 0 0 1 0.9999999 0 0 0.1178254 0 -3.57628e-7 0.9999999 -0.03175383 1.2713e-7 -0.9999998 -2.98023e-7 -0.07142281 0 0 0 1 1 0 0 0 0 -3.57628e-7 1 -0.406633 0 -1 -2.8213e-7 -0.1414517 0 0 0 1 1 0 0 0 0 -3.76254e-7 1 -0.3360888 0 -1 -3.00756e-7 -0.1471754 0 0 0 1</float_array>
          <technique_common>
            <accessor source="#bob_root_mesh_017-skin-bind_poses-array" count="63" stride="16">
              <param name="TRANSFORM" type="float4x4"/>
            </accessor>
          </technique_common>
        </source>
        <source id="bob_root_mesh_017-skin-weights">
          <float_array id="bob_root_mesh_017-skin-weights-array" count="33">0.9960783 0.003921687 0.9960783 0.003921687 0.9960783 0.003921687 1 1 1 1 1 1 1 1 1 1 1 1 1 1 1 1 1 1 0.9960783 0.003921687 1 0.9960783 0.003921687 1 1 1 1</float_array>
          <technique_common>
            <accessor source="#bob_root_mesh_017-skin-weights-array" count="33" stride="1">
              <param name="WEIGHT" type="float"/>
            </accessor>
          </technique_common>
        </source>
        <joints>
          <input semantic="JOINT" source="#bob_root_mesh_017-skin-joints"/>
          <input semantic="INV_BIND_MATRIX" source="#bob_root_mesh_017-skin-bind_poses"/>
        </joints>
        <vertex_weights count="28">
          <input semantic="JOINT" source="#bob_root_mesh_017-skin-joints" offset="0"/>
          <input semantic="WEIGHT" source="#bob_root_mesh_017-skin-weights" offset="1"/>
          <vcount>2 2 2 1 1 1 1 1 1 1 1 1 1 1 1 1 1 1 1 1 1 2 1 2 1 1 1 1 </vcount>
          <v>29 0 45 1 29 2 45 3 29 4 45 5 45 6 45 7 45 8 45 9 45 10 45 11 45 12 45 13 45 14 45 15 45 16 45 17 45 18 45 19 45 20 45 21 45 22 45 23 29 24 45 25 29 26 29 27 45 28 45 29 45 30 45 31 29 32</v>
        </vertex_weights>
      </skin>
    </controller>
    <controller id="bob_root_mesh_016-skin" name="bob_root">
      <skin source="#unnamed_022-mesh">
        <bind_shape_matrix>1 0 0 0 0 1 0 0 0 0 1 0 0 0 0 1</bind_shape_matrix>
        <source id="bob_root_mesh_016-skin-joints">
          <Name_array id="bob_root_mesh_016-skin-joints-array" count="63">bob_root bob_sub_root bob_chest bob_clavicle_L bob_bicep_L bob_elbow_L bob_twist_L bob_wrist_L bob_index_base_L bob_index_tip_L bob_mid_base_L bob_mid_tp_L bob_pinky_base_L bob_pinky_tip_L bob_thumb_base_L bob_thumb_tip_L bob_clavicle_R bob_bicep_R bob_elbow_R bob_twist_R bob_wrist_R bob_index_base_R bob_index_tip_R bob_mid_base_R bob_mid_tip_R bob_pinky_base_R bob_pinky_tip_R bob_thumb_base_R bob_thumb_tip_R bob_head bob_eye_socket_shrink_L bob_eye_L bob_eye_stretch_L bob_lid_lower_L bob_lid_upper_L bob_eye_socket_shrink_R bob_eye_R bob_eye_stretch_R bob_lid_lower_R bob_lid_upper_R bob_forehead bob_lip_upper bob_teeth bob_mouth_L bob_mouth_R bob_nose bob_jaw bob_lip_lower bob_lip_lower_L bob_lip_lower_R bob_tongue_base bob_tongue_end bob_connect bob_thigh_L bob_knee_L bob_ankle_L bob_toe_L bob_thigh_R bob_knee_R bob_ankle_R bob_toe_R bob_tie_base bob_tie_end</Name_array>
          <technique_common>
            <accessor source="#bob_root_mesh_016-skin-joints-array" count="63" stride="1">
              <param name="JOINT" type="name"/>
            </accessor>
          </technique_common>
        </source>
        <source id="bob_root_mesh_016-skin-bind_poses">
          <float_array id="bob_root_mesh_016-skin-bind_poses-array" count="1008">1 0 0 0 0 -3.57628e-7 1 0 0 -1 -2.8213e-7 0 0 0 0 1 1 0 0 0 0 -3.57628e-7 1 -0.3631969 0 -1 -2.8213e-7 -0.01224803 0 0 0 1 1 0 0 0 0 -3.57628e-7 1 -0.4508612 0 -1 -2.8213e-7 -0.01024585 0 0 0 1 1 0 0 -0.08820319 0 -3.57628e-7 1 -0.4654444 0 -1 -2.8213e-7 -0.005732297 0 0 0 1 1 -1.15868e-5 0 -0.277226 0 -3.553e-7 1 -0.4634373 -1.15868e-5 -1 -2.79802e-7 -0.007435917 0 0 0 1 1 -1.18008e-5 0 -0.4199464 0 -3.54895e-7 1 -0.4634373 -1.18008e-5 -1 -2.79397e-7 -0.007435798 0 0 0 1 1 -1.18008e-5 0 -0.4600866 0 -3.26955e-7 1 -0.4634373 -1.18008e-5 -1 -2.51457e-7 -0.007435858 0 0 0 1 1 -6.51192e-5 0 -0.5002271 0 3.45581e-7 -1 0.4634373 6.51192e-5 1 2.70083e-7 0.007409155 0 0 0 1 0.9935342 -0.1135331 0 -0.5553187 0 2.71075e-7 -1 0.4804373 0.1135331 0.9935342 1.94312e-7 -0.03080087 0 0 0 1 0.9935342 -0.1135331 0 -0.5883189 0 3.00092e-7 -1 0.4804373 0.1135331 0.9935342 2.23517e-7 -0.03080087 0 0 0 1 1 -6.50009e-5 0 -0.5547661 0 3.36268e-7 -1 0.4804373 6.50009e-5 1 2.6077e-7 0.008272647 0 0 0 1 1 -6.50009e-5 0 -0.5927071 0 3.36268e-7 -1 0.4804373 6.50009e-5 1 2.6077e-7 0.008272647 0 0 0 1 0.9877629 0.1559637 0 -0.5511935 0 3.08328e-7 -1 0.4804373 -0.1559637 0.9877629 2.29982e-7 0.0691176 0 0 0 1 0.9877629 0.1559637 0 -0.5841937 0 3.29541e-7 -1 0.4804373 -0.1559637 0.9877629 2.51457e-7 0.0691176 0 0 0 1 0.806752 -0.5908901 5.73695e-7 -0.4475749 0.08500933 0.1160638 -0.9895972 0.4087883 0.5847432 0.7983596 0.1438658 -0.340138 0 0 0 1 0.8067505 -0.5908922 2.08616e-7 -0.4881426 0.08500933 0.1160638 -0.9895973 0.4087876 0.5847452 0.798358 0.1438658 -0.3465866 0 0 0 1 1 0 0 0.08815914 0 -3.57628e-7 1 -0.4654444 0 -1 -2.8213e-7 -0.005732297 0 0 0 1 1 0 0 0.2740172 0 -3.54895e-7 1 -0.4654444 0 -1 -2.79397e-7 -0.005732297 0 0 0 1 1 2.39856e-7 0 0.4171683 0 -3.54895e-7 1 -0.4654444 2.39856e-7 -1 -2.79397e-7 -0.005732178 0 0 0 1 1 1.36726e-5 0 0.4572482 0 -3.54895e-7 1 -0.4654444 1.36726e-5 -1 -2.79397e-7 -0.005726039 0 0 0 1 1 1.45971e-7 0 0.4973279 0 -3.54895e-7 1 -0.4654444 1.45971e-7 -1 -2.79397e-7 -0.005732774 0 0 0 1 0.9935415 0.1134688 0 0.552248 0 -3.54895e-7 1 -0.4824443 0.1134688 -0.9935415 -2.77592e-7 0.03213757 0 0 0 1 0.9935415 0.1134688 0 0.5852479 0 -3.01169e-7 1 -0.4824443 0.1134688 -0.9935415 -2.23517e-7 0.03213751 0 0 0 1 1 1.45971e-7 0 0.5518674 0 -3.64208e-7 1 -0.4824444 1.45971e-7 -1 -2.8871e-7 -0.006596207 0 0 0 1 1 1.45971e-7 0 0.5898085 0 -3.64208e-7 1 -0.4824444 1.45971e-7 -1 -2.8871e-7 -0.006596207 0 0 0 1 0.9877527 -0.1560278 0 0.5485914 0 -3.54895e-7 1 -0.4824444 -0.1560278 -0.9877527 -2.75975e-7 -0.06700938 0 0 0 1 0.9877527 -0.1560278 0 0.5815915 0 -3.76673e-7 1 -0.4824444 -0.1560278 -0.9877527 -2.98023e-7 -0.06700938 0 0 0 1 0.9909111 -0.09408807 -0.09613829 0.5577327 0.08499145 -0.1160554 0.9895998 -0.4108319 -0.1042669 -0.9887763 -0.1070039 -0.04394012 0 0 0 1 0.9909111 -0.09408807 -0.09613829 0.59222 0.08499145 -0.1160554 0.9895998 -0.4108318 -0.1042669 -0.9887763 -0.1070039 -0.06625717 0 0 0 1 1 0 0 0 0 -3.54895e-7 1 -0.6079697 0 -1 -2.79397e-7 -0.01024585 0 0 0 1 1 0 0 -0.103 0 -3.54895e-7 1 -0.7744012 0 -1 -2.79397e-7 -0.1281926 0 0 0 1 1 0 0 -0.103 0 -3.54895e-7 1 -0.7685519 0 -1 -2.79397e-7 -0.06312471 0 0 0 1 1 0 0 -0.103 0 -3.54895e-7 1 -0.7744012 0 -1 -2.79397e-7 -0.1796826 0 0 0 1 1 0 0 -0.103 0 -0.9988353 0.04824751 -0.1001321 0 -0.04824757 -0.9988353 0.7646111 0 0 0 1 1 0 0 -0.103 0 1 0 0.06312495 0 0 1 -0.7685519 0 0 0 1 1 1.50996e-7 0 0.103 0 3.54895e-7 -1 0.7744011 -1.50996e-7 1 2.79397e-7 0.1281926 0 0 0 1 1 0 0 0.103 0 -3.54895e-7 1 -0.7685519 0 -1 -2.79397e-7 -0.06312471 0 0 0 1 1 0 0 0.1028568 0 -3.54895e-7 1 -0.7744012 0 -1 -2.79397e-7 -0.1796826 0 0 0 1 1 0 0 0.103 0 -0.9988353 0.04824775 -0.1001323 0 -0.04824757 -0.9988353 0.7646111 0 0 0 1 1 0 0 0.103 0 -1 -1.11386e-6 -0.06312406 0 1.17446e-6 -1 0.768552 0 0 0 1 1 0 0 0 0 -3.54895e-7 1 -0.8750384 0 -1 -2.79397e-7 0.03980851 0 0 0 1 1 0 0 0 0 -3.54895e-7 1 -0.607031 0 -1 -2.79397e-7 -0.1423895 0 0 0 1 1 0 0 1.00436e-6 0 -3.54895e-7 1 -0.5983216 0 -1 -2.79397e-7 -0.1683276 0 0 0 1 1 0 0 -0.1679058 0 -2.05883e-7 1 -0.5968742 0 -1 -1.30385e-7 -0.1233199 0 0 0 1 1 0 0 0.1679078 0 -2.05883e-7 1 -0.5968742 0 -1 -1.30385e-7 -0.1233224 0 0 0 1 1 0 0 0 0 -3.54895e-7 1 -0.6707076 0 -1 -2.79397e-7 -0.1323786 0 0 0 1 1 0 0 0 0 -3.57628e-7 1 -0.520758 0 -1 -2.8213e-7 -0.1239921 0 0 0 1 1 0 0 1.00436e-6 0 -3.57628e-7 1 -0.5722039 0 -1 -2.8213e-7 -0.141271 0 0 0 1 1 0 0 -0.111 0 -3.94881e-7 1 -0.580758 0 -1 -3.19383e-7 -0.142992 0 0 0 1 1 1.50996e-7 0 0.111 0 4.32134e-7 -1 0.5805041 -1.50996e-7 1 3.56636e-7 0.1430059 0 0 0 1 1 0 0 0 0 -3.57628e-7 1 -0.5706831 0 -1 -2.8213e-7 -0.01338374 0 0 0 1 1 0 0 0 0 -3.57628e-7 1 -0.5713545 0 -1 -2.8213e-7 -0.06779658 0 0 0 1 1 0 0 0 0 -3.57628e-7 1 0 0 -1 -2.8213e-7 0 0 0 0 1 -0.002055704 -0.02905815 -0.9995757 0.3054539 0.0440514 0.9986049 -0.02912056 0.01029163 0.9990273 -0.04409241 -7.72825e-4 -0.1179401 0 0 0 1 0.002516746 0.07449424 -0.9972184 0.1578243 0.04402709 0.9962462 0.07453262 -0.006082296 0.9990273 -0.04409205 -7.72448e-4 -0.1179407 0 0 0 1 4.56402e-4 -0.8762145 -0.481921 0.03201848 0 -0.4819208 0.8762145 -0.06224334 -1 -4.00029e-4 -2.20016e-4 0.118041 0 0 0 1 1 0 0 -0.1180264 0 0 0.9999998 -0.03175383 -2.46626e-7 -0.9999998 -2.6965e-7 -0.07142281 0 0 0 1 0.002904653 -0.02905535 -0.9995736 0.3055534 -0.04398554 0.9986066 -0.02915513 0.01030999 0.9990279 0.04405128 0.001622557 0.1176803 0 0 0 1 -0.00166589 0.07448911 -0.9972205 0.1579253 -0.04404956 0.9962483 0.07449001 -0.006073117 0.999028 0.04405111 0.001621544 0.1176807 0 0 0 1 0 -0.8762143 -0.4819212 0.03207236 0 -0.4819211 0.8762145 -0.06224334 -1 1.51049e-7 0 -0.1178254 0 0 0 1 0.9999999 0 0 0.1178254 0 -3.57628e-7 0.9999999 -0.03175383 1.2713e-7 -0.9999998 -2.98023e-7 -0.07142281 0 0 0 1 1 0 0 0 0 -3.57628e-7 1 -0.406633 0 -1 -2.8213e-7 -0.1414517 0 0 0 1 1 0 0 0 0 -3.76254e-7 1 -0.3360888 0 -1 -3.00756e-7 -0.1471754 0 0 0 1</float_array>
          <technique_common>
            <accessor source="#bob_root_mesh_016-skin-bind_poses-array" count="63" stride="16">
              <param name="TRANSFORM" type="float4x4"/>
            </accessor>
          </technique_common>
        </source>
        <source id="bob_root_mesh_016-skin-weights">
          <float_array id="bob_root_mesh_016-skin-weights-array" count="33">0.9960783 0.003921687 0.9960783 0.003921687 0.9960783 0.003921687 1 1 1 1 1 1 1 1 1 1 1 0.9960783 0.003921687 1 1 0.9960783 0.003921687 1 1 1 1 1 1 1 1 1 1</float_array>
          <technique_common>
            <accessor source="#bob_root_mesh_016-skin-weights-array" count="33" stride="1">
              <param name="WEIGHT" type="float"/>
            </accessor>
          </technique_common>
        </source>
        <joints>
          <input semantic="JOINT" source="#bob_root_mesh_016-skin-joints"/>
          <input semantic="INV_BIND_MATRIX" source="#bob_root_mesh_016-skin-bind_poses"/>
        </joints>
        <vertex_weights count="28">
          <input semantic="JOINT" source="#bob_root_mesh_016-skin-joints" offset="0"/>
          <input semantic="WEIGHT" source="#bob_root_mesh_016-skin-weights" offset="1"/>
          <vcount>2 2 2 1 1 1 1 1 1 1 1 1 1 1 2 1 1 2 1 1 1 1 1 1 1 1 1 1 </vcount>
          <v>29 0 45 1 29 2 45 3 29 4 45 5 45 6 45 7 45 8 45 9 45 10 45 11 45 12 45 13 45 14 45 15 45 16 29 17 45 18 29 19 45 20 29 21 45 22 45 23 29 24 45 25 45 26 45 27 45 28 45 29 45 30 45 31 45 32</v>
        </vertex_weights>
      </skin>
    </controller>
    <controller id="bob_root_mesh_015-skin" name="bob_root">
      <skin source="#unnamed_021-mesh">
        <bind_shape_matrix>1 0 0 0 0 1 0 0 0 0 1 0 0 0 0 1</bind_shape_matrix>
        <source id="bob_root_mesh_015-skin-joints">
          <Name_array id="bob_root_mesh_015-skin-joints-array" count="63">bob_root bob_sub_root bob_chest bob_clavicle_L bob_bicep_L bob_elbow_L bob_twist_L bob_wrist_L bob_index_base_L bob_index_tip_L bob_mid_base_L bob_mid_tp_L bob_pinky_base_L bob_pinky_tip_L bob_thumb_base_L bob_thumb_tip_L bob_clavicle_R bob_bicep_R bob_elbow_R bob_twist_R bob_wrist_R bob_index_base_R bob_index_tip_R bob_mid_base_R bob_mid_tip_R bob_pinky_base_R bob_pinky_tip_R bob_thumb_base_R bob_thumb_tip_R bob_head bob_eye_socket_shrink_L bob_eye_L bob_eye_stretch_L bob_lid_lower_L bob_lid_upper_L bob_eye_socket_shrink_R bob_eye_R bob_eye_stretch_R bob_lid_lower_R bob_lid_upper_R bob_forehead bob_lip_upper bob_teeth bob_mouth_L bob_mouth_R bob_nose bob_jaw bob_lip_lower bob_lip_lower_L bob_lip_lower_R bob_tongue_base bob_tongue_end bob_connect bob_thigh_L bob_knee_L bob_ankle_L bob_toe_L bob_thigh_R bob_knee_R bob_ankle_R bob_toe_R bob_tie_base bob_tie_end</Name_array>
          <technique_common>
            <accessor source="#bob_root_mesh_015-skin-joints-array" count="63" stride="1">
              <param name="JOINT" type="name"/>
            </accessor>
          </technique_common>
        </source>
        <source id="bob_root_mesh_015-skin-bind_poses">
          <float_array id="bob_root_mesh_015-skin-bind_poses-array" count="1008">1 0 0 0 0 -3.57628e-7 1 0 0 -1 -2.8213e-7 0 0 0 0 1 1 0 0 0 0 -3.57628e-7 1 -0.3631969 0 -1 -2.8213e-7 -0.01224803 0 0 0 1 1 0 0 0 0 -3.57628e-7 1 -0.4508612 0 -1 -2.8213e-7 -0.01024585 0 0 0 1 1 0 0 -0.08820319 0 -3.57628e-7 1 -0.4654444 0 -1 -2.8213e-7 -0.005732297 0 0 0 1 1 -1.15868e-5 0 -0.277226 0 -3.553e-7 1 -0.4634373 -1.15868e-5 -1 -2.79802e-7 -0.007435917 0 0 0 1 1 -1.18008e-5 0 -0.4199464 0 -3.54895e-7 1 -0.4634373 -1.18008e-5 -1 -2.79397e-7 -0.007435798 0 0 0 1 1 -1.18008e-5 0 -0.4600866 0 -3.26955e-7 1 -0.4634373 -1.18008e-5 -1 -2.51457e-7 -0.007435858 0 0 0 1 1 -6.51192e-5 0 -0.5002271 0 3.45581e-7 -1 0.4634373 6.51192e-5 1 2.70083e-7 0.007409155 0 0 0 1 0.9935342 -0.1135331 0 -0.5553187 0 2.71075e-7 -1 0.4804373 0.1135331 0.9935342 1.94312e-7 -0.03080087 0 0 0 1 0.9935342 -0.1135331 0 -0.5883189 0 3.00092e-7 -1 0.4804373 0.1135331 0.9935342 2.23517e-7 -0.03080087 0 0 0 1 1 -6.50009e-5 0 -0.5547661 0 3.36268e-7 -1 0.4804373 6.50009e-5 1 2.6077e-7 0.008272647 0 0 0 1 1 -6.50009e-5 0 -0.5927071 0 3.36268e-7 -1 0.4804373 6.50009e-5 1 2.6077e-7 0.008272647 0 0 0 1 0.9877629 0.1559637 0 -0.5511935 0 3.08328e-7 -1 0.4804373 -0.1559637 0.9877629 2.29982e-7 0.0691176 0 0 0 1 0.9877629 0.1559637 0 -0.5841937 0 3.29541e-7 -1 0.4804373 -0.1559637 0.9877629 2.51457e-7 0.0691176 0 0 0 1 0.806752 -0.5908901 5.73695e-7 -0.4475749 0.08500933 0.1160638 -0.9895972 0.4087883 0.5847432 0.7983596 0.1438658 -0.340138 0 0 0 1 0.8067505 -0.5908922 2.08616e-7 -0.4881426 0.08500933 0.1160638 -0.9895973 0.4087876 0.5847452 0.798358 0.1438658 -0.3465866 0 0 0 1 1 0 0 0.08815914 0 -3.57628e-7 1 -0.4654444 0 -1 -2.8213e-7 -0.005732297 0 0 0 1 1 0 0 0.2740172 0 -3.54895e-7 1 -0.4654444 0 -1 -2.79397e-7 -0.005732297 0 0 0 1 1 2.39856e-7 0 0.4171683 0 -3.54895e-7 1 -0.4654444 2.39856e-7 -1 -2.79397e-7 -0.005732178 0 0 0 1 1 1.36726e-5 0 0.4572482 0 -3.54895e-7 1 -0.4654444 1.36726e-5 -1 -2.79397e-7 -0.005726039 0 0 0 1 1 1.45971e-7 0 0.4973279 0 -3.54895e-7 1 -0.4654444 1.45971e-7 -1 -2.79397e-7 -0.005732774 0 0 0 1 0.9935415 0.1134688 0 0.552248 0 -3.54895e-7 1 -0.4824443 0.1134688 -0.9935415 -2.77592e-7 0.03213757 0 0 0 1 0.9935415 0.1134688 0 0.5852479 0 -3.01169e-7 1 -0.4824443 0.1134688 -0.9935415 -2.23517e-7 0.03213751 0 0 0 1 1 1.45971e-7 0 0.5518674 0 -3.64208e-7 1 -0.4824444 1.45971e-7 -1 -2.8871e-7 -0.006596207 0 0 0 1 1 1.45971e-7 0 0.5898085 0 -3.64208e-7 1 -0.4824444 1.45971e-7 -1 -2.8871e-7 -0.006596207 0 0 0 1 0.9877527 -0.1560278 0 0.5485914 0 -3.54895e-7 1 -0.4824444 -0.1560278 -0.9877527 -2.75975e-7 -0.06700938 0 0 0 1 0.9877527 -0.1560278 0 0.5815915 0 -3.76673e-7 1 -0.4824444 -0.1560278 -0.9877527 -2.98023e-7 -0.06700938 0 0 0 1 0.9909111 -0.09408807 -0.09613829 0.5577327 0.08499145 -0.1160554 0.9895998 -0.4108319 -0.1042669 -0.9887763 -0.1070039 -0.04394012 0 0 0 1 0.9909111 -0.09408807 -0.09613829 0.59222 0.08499145 -0.1160554 0.9895998 -0.4108318 -0.1042669 -0.9887763 -0.1070039 -0.06625717 0 0 0 1 1 0 0 0 0 -3.54895e-7 1 -0.6079697 0 -1 -2.79397e-7 -0.01024585 0 0 0 1 1 0 0 -0.103 0 -3.54895e-7 1 -0.7744012 0 -1 -2.79397e-7 -0.1281926 0 0 0 1 1 0 0 -0.103 0 -3.54895e-7 1 -0.7685519 0 -1 -2.79397e-7 -0.06312471 0 0 0 1 1 0 0 -0.103 0 -3.54895e-7 1 -0.7744012 0 -1 -2.79397e-7 -0.1796826 0 0 0 1 1 0 0 -0.103 0 -0.9988353 0.04824751 -0.1001321 0 -0.04824757 -0.9988353 0.7646111 0 0 0 1 1 0 0 -0.103 0 1 0 0.06312495 0 0 1 -0.7685519 0 0 0 1 1 1.50996e-7 0 0.103 0 3.54895e-7 -1 0.7744011 -1.50996e-7 1 2.79397e-7 0.1281926 0 0 0 1 1 0 0 0.103 0 -3.54895e-7 1 -0.7685519 0 -1 -2.79397e-7 -0.06312471 0 0 0 1 1 0 0 0.1028568 0 -3.54895e-7 1 -0.7744012 0 -1 -2.79397e-7 -0.1796826 0 0 0 1 1 0 0 0.103 0 -0.9988353 0.04824775 -0.1001323 0 -0.04824757 -0.9988353 0.7646111 0 0 0 1 1 0 0 0.103 0 -1 -1.11386e-6 -0.06312406 0 1.17446e-6 -1 0.768552 0 0 0 1 1 0 0 0 0 -3.54895e-7 1 -0.8750384 0 -1 -2.79397e-7 0.03980851 0 0 0 1 1 0 0 0 0 -3.54895e-7 1 -0.607031 0 -1 -2.79397e-7 -0.1423895 0 0 0 1 1 0 0 1.00436e-6 0 -3.54895e-7 1 -0.5983216 0 -1 -2.79397e-7 -0.1683276 0 0 0 1 1 0 0 -0.1679058 0 -2.05883e-7 1 -0.5968742 0 -1 -1.30385e-7 -0.1233199 0 0 0 1 1 0 0 0.1679078 0 -2.05883e-7 1 -0.5968742 0 -1 -1.30385e-7 -0.1233224 0 0 0 1 1 0 0 0 0 -3.54895e-7 1 -0.6707076 0 -1 -2.79397e-7 -0.1323786 0 0 0 1 1 0 0 0 0 -3.57628e-7 1 -0.520758 0 -1 -2.8213e-7 -0.1239921 0 0 0 1 1 0 0 1.00436e-6 0 -3.57628e-7 1 -0.5722039 0 -1 -2.8213e-7 -0.141271 0 0 0 1 1 0 0 -0.111 0 -3.94881e-7 1 -0.580758 0 -1 -3.19383e-7 -0.142992 0 0 0 1 1 1.50996e-7 0 0.111 0 4.32134e-7 -1 0.5805041 -1.50996e-7 1 3.56636e-7 0.1430059 0 0 0 1 1 0 0 0 0 -3.57628e-7 1 -0.5706831 0 -1 -2.8213e-7 -0.01338374 0 0 0 1 1 0 0 0 0 -3.57628e-7 1 -0.5713545 0 -1 -2.8213e-7 -0.06779658 0 0 0 1 1 0 0 0 0 -3.57628e-7 1 0 0 -1 -2.8213e-7 0 0 0 0 1 -0.002055704 -0.02905815 -0.9995757 0.3054539 0.0440514 0.9986049 -0.02912056 0.01029163 0.9990273 -0.04409241 -7.72825e-4 -0.1179401 0 0 0 1 0.002516746 0.07449424 -0.9972184 0.1578243 0.04402709 0.9962462 0.07453262 -0.006082296 0.9990273 -0.04409205 -7.72448e-4 -0.1179407 0 0 0 1 4.56402e-4 -0.8762145 -0.481921 0.03201848 0 -0.4819208 0.8762145 -0.06224334 -1 -4.00029e-4 -2.20016e-4 0.118041 0 0 0 1 1 0 0 -0.1180264 0 0 0.9999998 -0.03175383 -2.46626e-7 -0.9999998 -2.6965e-7 -0.07142281 0 0 0 1 0.002904653 -0.02905535 -0.9995736 0.3055534 -0.04398554 0.9986066 -0.02915513 0.01030999 0.9990279 0.04405128 0.001622557 0.1176803 0 0 0 1 -0.00166589 0.07448911 -0.9972205 0.1579253 -0.04404956 0.9962483 0.07449001 -0.006073117 0.999028 0.04405111 0.001621544 0.1176807 0 0 0 1 0 -0.8762143 -0.4819212 0.03207236 0 -0.4819211 0.8762145 -0.06224334 -1 1.51049e-7 0 -0.1178254 0 0 0 1 0.9999999 0 0 0.1178254 0 -3.57628e-7 0.9999999 -0.03175383 1.2713e-7 -0.9999998 -2.98023e-7 -0.07142281 0 0 0 1 1 0 0 0 0 -3.57628e-7 1 -0.406633 0 -1 -2.8213e-7 -0.1414517 0 0 0 1 1 0 0 0 0 -3.76254e-7 1 -0.3360888 0 -1 -3.00756e-7 -0.1471754 0 0 0 1</float_array>
          <technique_common>
            <accessor source="#bob_root_mesh_015-skin-bind_poses-array" count="63" stride="16">
              <param name="TRANSFORM" type="float4x4"/>
            </accessor>
          </technique_common>
        </source>
        <source id="bob_root_mesh_015-skin-weights">
          <float_array id="bob_root_mesh_015-skin-weights-array" count="318">1 0.5019545 0.4980455 1 1 1 9.88056e-4 9.80308e-4 0.4999924 0.4980393 2.79647e-7 0.9980463 0.001953125 2.79648e-7 1 1 0.1000023 0.8999977 0.1499983 0.3499857 0.500016 0.1499983 0.3499857 0.500016 0.4999999 0.5000001 0.6999936 0.3000064 0.6999936 0.3000064 1 1 0.8999976 0.1000024 1 1 0.8999976 0.1000024 0.6999936 0.3000064 0.4999999 0.5000001 0.1499983 0.3499857 0.500016 0.1000023 0.8999977 1 1 0.5003876 0.001576364 0.498036 1 0.001968443 0.4999923 0.4980392 0.001968443 0.4999923 0.4980392 1 1 9.88056e-4 9.80308e-4 0.4999924 0.4980393 1 0.8999976 0.1000024 0.8999976 0.1000024 0.6999936 0.3000064 0.4999999 0.5000001 0.4999999 0.5000001 0.1000023 0.8999977 1 1 0.5019693 0.4980307 1 0.9980469 0.001953125 2.79647e-7 0.9980463 0.001953125 2.79648e-7 0.5019697 0.4980303 1 1 1 0.5000165 0.4999835 1 0.5019697 0.4980303 0.5019697 0.4980303 1 1 9.89961e-4 0.50094 0.49807 9.89961e-4 0.50094 0.49807 1 1 1 1 0.001968443 0.4999923 0.4980392 1 1 1 9.88053e-4 9.80305e-4 0.4999924 0.4980393 9.88053e-4 9.80305e-4 0.4999924 0.4980393 0.9980463 0.001953125 2.79648e-7 2.79648e-7 1 1 1 0.5003868 0.001576364 0.4980368 1 0.5019685 0.4980315 1 0.1000022 0.8999978 0.1499984 0.3499861 0.5000156 0.4999999 0.5000001 0.6999937 0.3000062 0.6999937 0.3000062 0.8999977 0.1000023 1 0.001968443 0.4999923 0.4980392 0.9980463 0.001953125 2.79648e-7 2.79648e-7 1 1 1 0.1000022 0.8999978 0.1000022 0.8999978 0.1499984 0.3499861 0.5000156 0.1499984 0.3499861 0.5000156 0.6999937 0.3000062 0.6999937 0.3000062 0.8999977 0.1000023 1 0.8999977 0.1000023 1 1 0.8999977 0.1000023 1 0.4999999 0.5000001 0.4999999 0.5000001 0.4999999 0.5000001 0.1499984 0.3499861 0.5000156 0.1000022 0.8999978 0.5000157 0.4999843 0.5019689 0.4980311 0.9980469 0.001953125 0.5019693 0.4980307 1 0.5000161 0.4999839 1 1 1 0.5019236 0.4980764 0.5019693 0.4980307 1 0.5019685 0.4980315 1 0.5019689 0.4980311 1 1 1 1 0.5019689 0.4980311 0.9980463 0.001953125 2.79648e-7 2.79648e-7 0.5019537 0.4980463 0.5019537 0.4980463 0.1499983 0.3499857 0.500016 0.1000023 0.8999977 0.5019701 0.49803 0.5019243 0.4980757 0.5019693 0.4980307 0.5000169 0.4999831 1 1 0.5019701 0.49803 1 1 1 1 1 1 1 1 1 1 1 1 1 1 1 1 1 1 1 1 1 1 1 9.89963e-4 0.5009408 0.4980692 1 1 9.89963e-4 0.5009408 0.4980692 1 0.5019545 0.4980455 2.79647e-7 0.9980463 0.001953125 2.79648e-7 1 1 1 1 1 1 1 1 1 1 1 1 1 1 1 1 1 1 1 1 1 1 1 1 1</float_array>
          <technique_common>
            <accessor source="#bob_root_mesh_015-skin-weights-array" count="318" stride="1">
              <param name="WEIGHT" type="float"/>
            </accessor>
          </technique_common>
        </source>
        <joints>
          <input semantic="JOINT" source="#bob_root_mesh_015-skin-joints"/>
          <input semantic="INV_BIND_MATRIX" source="#bob_root_mesh_015-skin-bind_poses"/>
        </joints>
        <vertex_weights count="194">
          <input semantic="JOINT" source="#bob_root_mesh_015-skin-joints" offset="0"/>
          <input semantic="WEIGHT" source="#bob_root_mesh_015-skin-weights" offset="1"/>
          <vcount>1 2 1 1 1 4 4 1 1 2 3 3 2 2 2 1 1 2 1 1 2 2 2 3 2 1 1 3 1 3 3 1 1 4 1 2 2 2 2 2 2 1 1 2 1 2 4 2 1 1 1 2 1 2 2 1 1 3 3 1 1 1 1 3 1 1 1 4 4 4 1 1 1 3 1 2 1 2 3 2 2 2 2 1 3 4 1 1 1 2 2 3 3 2 2 2 1 2 1 1 2 1 2 2 2 3 2 2 2 2 2 1 2 1 1 1 2 2 1 2 1 2 1 1 1 1 2 4 2 2 3 2 2 2 2 2 1 1 2 1 1 1 1 1 1 1 1 1 1 1 1 1 1 1 1 1 1 1 1 1 1 1 3 1 1 3 1 2 4 1 1 1 1 1 1 1 1 1 1 1 1 1 1 1 1 1 1 1 1 1 1 1 1 1 </vcount>
          <v>20 0 23 1 24 2 20 3 26 4 26 5 21 6 24 7 25 8 26 9 18 10 20 11 23 12 25 13 20 14 19 15 18 16 19 17 17 18 18 19 19 20 17 21 18 22 19 23 17 24 18 25 17 26 18 27 17 28 18 29 17 30 17 31 17 32 18 33 17 34 17 35 17 36 18 37 17 38 18 39 17 40 18 41 17 42 18 43 19 44 18 45 19 46 19 47 19 48 20 49 21 50 27 51 20 52 23 53 25 54 26 55 23 56 25 57 26 58 26 59 26 60 21 61 24 62 25 63 26 64 20 65 17 66 18 67 17 68 18 69 17 70 18 71 17 72 18 73 17 74 18 75 18 76 19 77 19 78 19 79 20 80 27 81 20 82 20 83 21 84 18 85 20 86 21 87 25 88 21 89 22 90 22 91 22 92 22 93 21 94 22 95 22 96 21 97 22 98 21 99 22 100 11 101 11 102 8 103 10 104 11 105 8 106 10 107 11 108 11 109 11 110 7 111 7 112 10 113 12 114 13 115 13 116 13 117 13 118 8 119 11 120 12 121 13 122 8 123 11 124 12 125 13 126 7 127 10 128 18 129 19 130 6 131 6 132 7 133 7 134 8 135 14 136 7 137 7 138 14 139 6 140 5 141 6 142 4 143 5 144 6 145 4 146 5 147 4 148 5 149 4 150 5 151 4 152 5 153 13 154 10 155 12 156 13 157 7 158 10 159 18 160 19 161 7 162 7 163 6 164 5 165 6 166 5 167 6 168 4 169 5 170 6 171 4 172 5 173 6 174 4 175 5 176 4 177 5 178 4 179 5 180 4 181 4 182 5 183 4 184 4 185 4 186 5 187 4 188 4 189 5 190 4 191 5 192 4 193 5 194 4 195 5 196 6 197 5 198 6 199 8 200 9 201 8 202 9 203 7 204 8 205 14 206 15 207 15 208 14 209 15 210 15 211 15 212 15 213 14 214 15 215 14 216 15 217 7 218 7 219 14 220 6 221 8 222 9 223 9 224 9 225 9 226 9 227 8 228 9 229 7 230 8 231 18 232 19 233 10 234 11 235 10 236 11 237 17 238 18 239 19 240 18 241 19 242 27 243 28 244 27 245 28 246 20 247 27 248 27 249 28 250 28 251 28 252 27 253 28 254 28 255 28 256 17 257 17 258 17 259 17 260 17 261 17 262 17 263 17 264 17 265 17 266 17 267 17 268 17 269 17 270 17 271 17 272 17 273 17 274 17 275 17 276 24 277 21 278 23 279 24 280 24 281 24 282 21 283 23 284 24 285 24 286 23 287 24 288 18 289 20 290 23 291 25 292 20 293 4 294 4 295 4 296 4 297 4 298 4 299 4 300 4 301 4 302 4 303 4 304 4 305 4 306 4 307 4 308 4 309 4 310 17 311 17 312 4 313 4 314 4 315 4 316 4 317</v>
        </vertex_weights>
      </skin>
    </controller>
    <controller id="bob_root_mesh_014-skin" name="bob_root">
      <skin source="#unnamed_020-mesh">
        <bind_shape_matrix>1 0 0 0 0 1 0 0 0 0 1 0 0 0 0 1</bind_shape_matrix>
        <source id="bob_root_mesh_014-skin-joints">
          <Name_array id="bob_root_mesh_014-skin-joints-array" count="63">bob_root bob_sub_root bob_chest bob_clavicle_L bob_bicep_L bob_elbow_L bob_twist_L bob_wrist_L bob_index_base_L bob_index_tip_L bob_mid_base_L bob_mid_tp_L bob_pinky_base_L bob_pinky_tip_L bob_thumb_base_L bob_thumb_tip_L bob_clavicle_R bob_bicep_R bob_elbow_R bob_twist_R bob_wrist_R bob_index_base_R bob_index_tip_R bob_mid_base_R bob_mid_tip_R bob_pinky_base_R bob_pinky_tip_R bob_thumb_base_R bob_thumb_tip_R bob_head bob_eye_socket_shrink_L bob_eye_L bob_eye_stretch_L bob_lid_lower_L bob_lid_upper_L bob_eye_socket_shrink_R bob_eye_R bob_eye_stretch_R bob_lid_lower_R bob_lid_upper_R bob_forehead bob_lip_upper bob_teeth bob_mouth_L bob_mouth_R bob_nose bob_jaw bob_lip_lower bob_lip_lower_L bob_lip_lower_R bob_tongue_base bob_tongue_end bob_connect bob_thigh_L bob_knee_L bob_ankle_L bob_toe_L bob_thigh_R bob_knee_R bob_ankle_R bob_toe_R bob_tie_base bob_tie_end</Name_array>
          <technique_common>
            <accessor source="#bob_root_mesh_014-skin-joints-array" count="63" stride="1">
              <param name="JOINT" type="name"/>
            </accessor>
          </technique_common>
        </source>
        <source id="bob_root_mesh_014-skin-bind_poses">
          <float_array id="bob_root_mesh_014-skin-bind_poses-array" count="1008">1 0 0 0 0 -3.57628e-7 1 0 0 -1 -2.8213e-7 0 0 0 0 1 1 0 0 0 0 -3.57628e-7 1 -0.3631969 0 -1 -2.8213e-7 -0.01224803 0 0 0 1 1 0 0 0 0 -3.57628e-7 1 -0.4508612 0 -1 -2.8213e-7 -0.01024585 0 0 0 1 1 0 0 -0.08820319 0 -3.57628e-7 1 -0.4654444 0 -1 -2.8213e-7 -0.005732297 0 0 0 1 1 -1.15868e-5 0 -0.277226 0 -3.553e-7 1 -0.4634373 -1.15868e-5 -1 -2.79802e-7 -0.007435917 0 0 0 1 1 -1.18008e-5 0 -0.4199464 0 -3.54895e-7 1 -0.4634373 -1.18008e-5 -1 -2.79397e-7 -0.007435798 0 0 0 1 1 -1.18008e-5 0 -0.4600866 0 -3.26955e-7 1 -0.4634373 -1.18008e-5 -1 -2.51457e-7 -0.007435858 0 0 0 1 1 -6.51192e-5 0 -0.5002271 0 3.45581e-7 -1 0.4634373 6.51192e-5 1 2.70083e-7 0.007409155 0 0 0 1 0.9935342 -0.1135331 0 -0.5553187 0 2.71075e-7 -1 0.4804373 0.1135331 0.9935342 1.94312e-7 -0.03080087 0 0 0 1 0.9935342 -0.1135331 0 -0.5883189 0 3.00092e-7 -1 0.4804373 0.1135331 0.9935342 2.23517e-7 -0.03080087 0 0 0 1 1 -6.50009e-5 0 -0.5547661 0 3.36268e-7 -1 0.4804373 6.50009e-5 1 2.6077e-7 0.008272647 0 0 0 1 1 -6.50009e-5 0 -0.5927071 0 3.36268e-7 -1 0.4804373 6.50009e-5 1 2.6077e-7 0.008272647 0 0 0 1 0.9877629 0.1559637 0 -0.5511935 0 3.08328e-7 -1 0.4804373 -0.1559637 0.9877629 2.29982e-7 0.0691176 0 0 0 1 0.9877629 0.1559637 0 -0.5841937 0 3.29541e-7 -1 0.4804373 -0.1559637 0.9877629 2.51457e-7 0.0691176 0 0 0 1 0.806752 -0.5908901 5.73695e-7 -0.4475749 0.08500933 0.1160638 -0.9895972 0.4087883 0.5847432 0.7983596 0.1438658 -0.340138 0 0 0 1 0.8067505 -0.5908922 2.08616e-7 -0.4881426 0.08500933 0.1160638 -0.9895973 0.4087876 0.5847452 0.798358 0.1438658 -0.3465866 0 0 0 1 1 0 0 0.08815914 0 -3.57628e-7 1 -0.4654444 0 -1 -2.8213e-7 -0.005732297 0 0 0 1 1 0 0 0.2740172 0 -3.54895e-7 1 -0.4654444 0 -1 -2.79397e-7 -0.005732297 0 0 0 1 1 2.39856e-7 0 0.4171683 0 -3.54895e-7 1 -0.4654444 2.39856e-7 -1 -2.79397e-7 -0.005732178 0 0 0 1 1 1.36726e-5 0 0.4572482 0 -3.54895e-7 1 -0.4654444 1.36726e-5 -1 -2.79397e-7 -0.005726039 0 0 0 1 1 1.45971e-7 0 0.4973279 0 -3.54895e-7 1 -0.4654444 1.45971e-7 -1 -2.79397e-7 -0.005732774 0 0 0 1 0.9935415 0.1134688 0 0.552248 0 -3.54895e-7 1 -0.4824443 0.1134688 -0.9935415 -2.77592e-7 0.03213757 0 0 0 1 0.9935415 0.1134688 0 0.5852479 0 -3.01169e-7 1 -0.4824443 0.1134688 -0.9935415 -2.23517e-7 0.03213751 0 0 0 1 1 1.45971e-7 0 0.5518674 0 -3.64208e-7 1 -0.4824444 1.45971e-7 -1 -2.8871e-7 -0.006596207 0 0 0 1 1 1.45971e-7 0 0.5898085 0 -3.64208e-7 1 -0.4824444 1.45971e-7 -1 -2.8871e-7 -0.006596207 0 0 0 1 0.9877527 -0.1560278 0 0.5485914 0 -3.54895e-7 1 -0.4824444 -0.1560278 -0.9877527 -2.75975e-7 -0.06700938 0 0 0 1 0.9877527 -0.1560278 0 0.5815915 0 -3.76673e-7 1 -0.4824444 -0.1560278 -0.9877527 -2.98023e-7 -0.06700938 0 0 0 1 0.9909111 -0.09408807 -0.09613829 0.5577327 0.08499145 -0.1160554 0.9895998 -0.4108319 -0.1042669 -0.9887763 -0.1070039 -0.04394012 0 0 0 1 0.9909111 -0.09408807 -0.09613829 0.59222 0.08499145 -0.1160554 0.9895998 -0.4108318 -0.1042669 -0.9887763 -0.1070039 -0.06625717 0 0 0 1 1 0 0 0 0 -3.54895e-7 1 -0.6079697 0 -1 -2.79397e-7 -0.01024585 0 0 0 1 1 0 0 -0.103 0 -3.54895e-7 1 -0.7744012 0 -1 -2.79397e-7 -0.1281926 0 0 0 1 1 0 0 -0.103 0 -3.54895e-7 1 -0.7685519 0 -1 -2.79397e-7 -0.06312471 0 0 0 1 1 0 0 -0.103 0 -3.54895e-7 1 -0.7744012 0 -1 -2.79397e-7 -0.1796826 0 0 0 1 1 0 0 -0.103 0 -0.9988353 0.04824751 -0.1001321 0 -0.04824757 -0.9988353 0.7646111 0 0 0 1 1 0 0 -0.103 0 1 0 0.06312495 0 0 1 -0.7685519 0 0 0 1 1 1.50996e-7 0 0.103 0 3.54895e-7 -1 0.7744011 -1.50996e-7 1 2.79397e-7 0.1281926 0 0 0 1 1 0 0 0.103 0 -3.54895e-7 1 -0.7685519 0 -1 -2.79397e-7 -0.06312471 0 0 0 1 1 0 0 0.1028568 0 -3.54895e-7 1 -0.7744012 0 -1 -2.79397e-7 -0.1796826 0 0 0 1 1 0 0 0.103 0 -0.9988353 0.04824775 -0.1001323 0 -0.04824757 -0.9988353 0.7646111 0 0 0 1 1 0 0 0.103 0 -1 -1.11386e-6 -0.06312406 0 1.17446e-6 -1 0.768552 0 0 0 1 1 0 0 0 0 -3.54895e-7 1 -0.8750384 0 -1 -2.79397e-7 0.03980851 0 0 0 1 1 0 0 0 0 -3.54895e-7 1 -0.607031 0 -1 -2.79397e-7 -0.1423895 0 0 0 1 1 0 0 1.00436e-6 0 -3.54895e-7 1 -0.5983216 0 -1 -2.79397e-7 -0.1683276 0 0 0 1 1 0 0 -0.1679058 0 -2.05883e-7 1 -0.5968742 0 -1 -1.30385e-7 -0.1233199 0 0 0 1 1 0 0 0.1679078 0 -2.05883e-7 1 -0.5968742 0 -1 -1.30385e-7 -0.1233224 0 0 0 1 1 0 0 0 0 -3.54895e-7 1 -0.6707076 0 -1 -2.79397e-7 -0.1323786 0 0 0 1 1 0 0 0 0 -3.57628e-7 1 -0.520758 0 -1 -2.8213e-7 -0.1239921 0 0 0 1 1 0 0 1.00436e-6 0 -3.57628e-7 1 -0.5722039 0 -1 -2.8213e-7 -0.141271 0 0 0 1 1 0 0 -0.111 0 -3.94881e-7 1 -0.580758 0 -1 -3.19383e-7 -0.142992 0 0 0 1 1 1.50996e-7 0 0.111 0 4.32134e-7 -1 0.5805041 -1.50996e-7 1 3.56636e-7 0.1430059 0 0 0 1 1 0 0 0 0 -3.57628e-7 1 -0.5706831 0 -1 -2.8213e-7 -0.01338374 0 0 0 1 1 0 0 0 0 -3.57628e-7 1 -0.5713545 0 -1 -2.8213e-7 -0.06779658 0 0 0 1 1 0 0 0 0 -3.57628e-7 1 0 0 -1 -2.8213e-7 0 0 0 0 1 -0.002055704 -0.02905815 -0.9995757 0.3054539 0.0440514 0.9986049 -0.02912056 0.01029163 0.9990273 -0.04409241 -7.72825e-4 -0.1179401 0 0 0 1 0.002516746 0.07449424 -0.9972184 0.1578243 0.04402709 0.9962462 0.07453262 -0.006082296 0.9990273 -0.04409205 -7.72448e-4 -0.1179407 0 0 0 1 4.56402e-4 -0.8762145 -0.481921 0.03201848 0 -0.4819208 0.8762145 -0.06224334 -1 -4.00029e-4 -2.20016e-4 0.118041 0 0 0 1 1 0 0 -0.1180264 0 0 0.9999998 -0.03175383 -2.46626e-7 -0.9999998 -2.6965e-7 -0.07142281 0 0 0 1 0.002904653 -0.02905535 -0.9995736 0.3055534 -0.04398554 0.9986066 -0.02915513 0.01030999 0.9990279 0.04405128 0.001622557 0.1176803 0 0 0 1 -0.00166589 0.07448911 -0.9972205 0.1579253 -0.04404956 0.9962483 0.07449001 -0.006073117 0.999028 0.04405111 0.001621544 0.1176807 0 0 0 1 0 -0.8762143 -0.4819212 0.03207236 0 -0.4819211 0.8762145 -0.06224334 -1 1.51049e-7 0 -0.1178254 0 0 0 1 0.9999999 0 0 0.1178254 0 -3.57628e-7 0.9999999 -0.03175383 1.2713e-7 -0.9999998 -2.98023e-7 -0.07142281 0 0 0 1 1 0 0 0 0 -3.57628e-7 1 -0.406633 0 -1 -2.8213e-7 -0.1414517 0 0 0 1 1 0 0 0 0 -3.76254e-7 1 -0.3360888 0 -1 -3.00756e-7 -0.1471754 0 0 0 1</float_array>
          <technique_common>
            <accessor source="#bob_root_mesh_014-skin-bind_poses-array" count="63" stride="16">
              <param name="TRANSFORM" type="float4x4"/>
            </accessor>
          </technique_common>
        </source>
        <source id="bob_root_mesh_014-skin-weights">
          <float_array id="bob_root_mesh_014-skin-weights-array" count="172">1 1 1 1 1 1 1 1 1 1 1 1 1 1 1 1 1 1 0.8999975 0.1000025 0.5999951 0.4000049 0.5999951 0.4000049 0.1999999 0.8000001 0.1999999 0.8000001 1 0.1999999 0.8000001 0.1999999 0.8000001 1 0.5999951 0.4000049 0.5999951 0.4000049 0.8999975 0.1000025 0.8999975 0.1000025 1 0.8999975 0.1000025 1 1 0.8999975 0.1000025 0.5999951 0.4000049 0.1999999 0.8000001 1 1 1 1 1 1 1 1 1 1 1 1 1 1 1 1 1 1 1 1 1 1 1 1 1 1 1 1 1 1 1 1 1 1 1 1 1 1 1 1 1 1 1 1 1 1 1 1 1 1 1 1 1 1 1 0.1999999 0.8000001 1 0.1999999 0.8000001 0.5999952 0.4000048 0.5999952 0.4000048 0.1999999 0.8000001 0.1999999 0.8000001 0.5999952 0.4000048 0.1999999 0.8000001 0.5999952 0.4000048 0.8999975 0.1000025 0.5999952 0.4000048 0.8999975 0.1000025 0.8999975 0.1000025 1 1 0.8999975 0.1000025 0.8999975 0.1000025 1 1 1 1 1 1 1 1 1 1 1 1 1 1 1 1 1 1 1 1 1 1 1 1 1 1 1 1 1 1 1</float_array>
          <technique_common>
            <accessor source="#bob_root_mesh_014-skin-weights-array" count="172" stride="1">
              <param name="WEIGHT" type="float"/>
            </accessor>
          </technique_common>
        </source>
        <joints>
          <input semantic="JOINT" source="#bob_root_mesh_014-skin-joints"/>
          <input semantic="INV_BIND_MATRIX" source="#bob_root_mesh_014-skin-bind_poses"/>
        </joints>
        <vertex_weights count="142">
          <input semantic="JOINT" source="#bob_root_mesh_014-skin-joints" offset="0"/>
          <input semantic="WEIGHT" source="#bob_root_mesh_014-skin-weights" offset="1"/>
          <vcount>1 1 1 1 1 1 1 1 1 1 1 1 1 1 1 1 1 1 2 2 2 2 2 1 2 2 1 2 2 2 2 1 2 1 1 2 2 2 1 1 1 1 1 1 1 1 1 1 1 1 1 1 1 1 1 1 1 1 1 1 1 1 1 1 1 1 1 1 1 1 1 1 1 1 1 1 1 1 1 1 1 1 1 1 1 1 1 1 1 1 1 1 1 2 1 2 2 2 2 2 2 2 2 2 2 2 2 1 1 2 2 1 1 1 1 1 1 1 1 1 1 1 1 1 1 1 1 1 1 1 1 1 1 1 1 1 1 1 1 1 1 1 </vcount>
          <v>60 0 60 1 60 2 60 3 60 4 60 5 59 6 59 7 57 8 57 9 57 10 57 11 57 12 57 13 57 14 57 15 53 16 53 17 53 18 54 19 53 20 54 21 53 22 54 23 53 24 54 25 53 26 54 27 55 28 53 29 54 30 53 31 54 32 55 33 53 34 54 35 53 36 54 37 53 38 54 39 53 40 54 41 53 42 53 43 54 44 53 45 53 46 53 47 54 48 53 49 54 50 53 51 54 52 59 53 59 54 60 55 60 56 60 57 60 58 60 59 59 60 59 61 59 62 59 63 59 64 59 65 59 66 59 67 59 68 53 69 53 70 53 71 53 72 53 73 56 74 56 75 55 76 55 77 55 78 55 79 55 80 55 81 55 82 55 83 55 84 55 85 55 86 55 87 55 88 56 89 56 90 56 91 55 92 56 93 56 94 56 95 56 96 56 97 55 98 55 99 55 100 55 101 55 102 55 103 55 104 55 105 55 106 59 107 57 108 58 109 59 110 57 111 58 112 57 113 58 114 57 115 58 116 57 117 58 118 57 119 58 120 57 121 58 122 57 123 58 124 57 125 58 126 57 127 58 128 57 129 58 130 57 131 58 132 57 133 58 134 57 135 57 136 57 137 58 138 57 139 58 140 57 141 57 142 57 143 59 144 59 145 59 146 59 147 59 148 59 149 59 150 56 151 56 152 56 153 56 154 59 155 59 156 59 157 60 158 60 159 60 160 53 161 53 162 53 163 53 164 53 165 53 166 53 167 57 168 57 169 57 170 57 171</v>
        </vertex_weights>
      </skin>
    </controller>
    <controller id="bob_root_mesh_013-skin" name="bob_root">
      <skin source="#unnamed_019-mesh">
        <bind_shape_matrix>1 0 0 0 0 1 0 0 0 0 1 0 0 0 0 1</bind_shape_matrix>
        <source id="bob_root_mesh_013-skin-joints">
          <Name_array id="bob_root_mesh_013-skin-joints-array" count="63">bob_root bob_sub_root bob_chest bob_clavicle_L bob_bicep_L bob_elbow_L bob_twist_L bob_wrist_L bob_index_base_L bob_index_tip_L bob_mid_base_L bob_mid_tp_L bob_pinky_base_L bob_pinky_tip_L bob_thumb_base_L bob_thumb_tip_L bob_clavicle_R bob_bicep_R bob_elbow_R bob_twist_R bob_wrist_R bob_index_base_R bob_index_tip_R bob_mid_base_R bob_mid_tip_R bob_pinky_base_R bob_pinky_tip_R bob_thumb_base_R bob_thumb_tip_R bob_head bob_eye_socket_shrink_L bob_eye_L bob_eye_stretch_L bob_lid_lower_L bob_lid_upper_L bob_eye_socket_shrink_R bob_eye_R bob_eye_stretch_R bob_lid_lower_R bob_lid_upper_R bob_forehead bob_lip_upper bob_teeth bob_mouth_L bob_mouth_R bob_nose bob_jaw bob_lip_lower bob_lip_lower_L bob_lip_lower_R bob_tongue_base bob_tongue_end bob_connect bob_thigh_L bob_knee_L bob_ankle_L bob_toe_L bob_thigh_R bob_knee_R bob_ankle_R bob_toe_R bob_tie_base bob_tie_end</Name_array>
          <technique_common>
            <accessor source="#bob_root_mesh_013-skin-joints-array" count="63" stride="1">
              <param name="JOINT" type="name"/>
            </accessor>
          </technique_common>
        </source>
        <source id="bob_root_mesh_013-skin-bind_poses">
          <float_array id="bob_root_mesh_013-skin-bind_poses-array" count="1008">1 0 0 0 0 -3.57628e-7 1 0 0 -1 -2.8213e-7 0 0 0 0 1 1 0 0 0 0 -3.57628e-7 1 -0.3631969 0 -1 -2.8213e-7 -0.01224803 0 0 0 1 1 0 0 0 0 -3.57628e-7 1 -0.4508612 0 -1 -2.8213e-7 -0.01024585 0 0 0 1 1 0 0 -0.08820319 0 -3.57628e-7 1 -0.4654444 0 -1 -2.8213e-7 -0.005732297 0 0 0 1 1 -1.15868e-5 0 -0.277226 0 -3.553e-7 1 -0.4634373 -1.15868e-5 -1 -2.79802e-7 -0.007435917 0 0 0 1 1 -1.18008e-5 0 -0.4199464 0 -3.54895e-7 1 -0.4634373 -1.18008e-5 -1 -2.79397e-7 -0.007435798 0 0 0 1 1 -1.18008e-5 0 -0.4600866 0 -3.26955e-7 1 -0.4634373 -1.18008e-5 -1 -2.51457e-7 -0.007435858 0 0 0 1 1 -6.51192e-5 0 -0.5002271 0 3.45581e-7 -1 0.4634373 6.51192e-5 1 2.70083e-7 0.007409155 0 0 0 1 0.9935342 -0.1135331 0 -0.5553187 0 2.71075e-7 -1 0.4804373 0.1135331 0.9935342 1.94312e-7 -0.03080087 0 0 0 1 0.9935342 -0.1135331 0 -0.5883189 0 3.00092e-7 -1 0.4804373 0.1135331 0.9935342 2.23517e-7 -0.03080087 0 0 0 1 1 -6.50009e-5 0 -0.5547661 0 3.36268e-7 -1 0.4804373 6.50009e-5 1 2.6077e-7 0.008272647 0 0 0 1 1 -6.50009e-5 0 -0.5927071 0 3.36268e-7 -1 0.4804373 6.50009e-5 1 2.6077e-7 0.008272647 0 0 0 1 0.9877629 0.1559637 0 -0.5511935 0 3.08328e-7 -1 0.4804373 -0.1559637 0.9877629 2.29982e-7 0.0691176 0 0 0 1 0.9877629 0.1559637 0 -0.5841937 0 3.29541e-7 -1 0.4804373 -0.1559637 0.9877629 2.51457e-7 0.0691176 0 0 0 1 0.806752 -0.5908901 5.73695e-7 -0.4475749 0.08500933 0.1160638 -0.9895972 0.4087883 0.5847432 0.7983596 0.1438658 -0.340138 0 0 0 1 0.8067505 -0.5908922 2.08616e-7 -0.4881426 0.08500933 0.1160638 -0.9895973 0.4087876 0.5847452 0.798358 0.1438658 -0.3465866 0 0 0 1 1 0 0 0.08815914 0 -3.57628e-7 1 -0.4654444 0 -1 -2.8213e-7 -0.005732297 0 0 0 1 1 0 0 0.2740172 0 -3.54895e-7 1 -0.4654444 0 -1 -2.79397e-7 -0.005732297 0 0 0 1 1 2.39856e-7 0 0.4171683 0 -3.54895e-7 1 -0.4654444 2.39856e-7 -1 -2.79397e-7 -0.005732178 0 0 0 1 1 1.36726e-5 0 0.4572482 0 -3.54895e-7 1 -0.4654444 1.36726e-5 -1 -2.79397e-7 -0.005726039 0 0 0 1 1 1.45971e-7 0 0.4973279 0 -3.54895e-7 1 -0.4654444 1.45971e-7 -1 -2.79397e-7 -0.005732774 0 0 0 1 0.9935415 0.1134688 0 0.552248 0 -3.54895e-7 1 -0.4824443 0.1134688 -0.9935415 -2.77592e-7 0.03213757 0 0 0 1 0.9935415 0.1134688 0 0.5852479 0 -3.01169e-7 1 -0.4824443 0.1134688 -0.9935415 -2.23517e-7 0.03213751 0 0 0 1 1 1.45971e-7 0 0.5518674 0 -3.64208e-7 1 -0.4824444 1.45971e-7 -1 -2.8871e-7 -0.006596207 0 0 0 1 1 1.45971e-7 0 0.5898085 0 -3.64208e-7 1 -0.4824444 1.45971e-7 -1 -2.8871e-7 -0.006596207 0 0 0 1 0.9877527 -0.1560278 0 0.5485914 0 -3.54895e-7 1 -0.4824444 -0.1560278 -0.9877527 -2.75975e-7 -0.06700938 0 0 0 1 0.9877527 -0.1560278 0 0.5815915 0 -3.76673e-7 1 -0.4824444 -0.1560278 -0.9877527 -2.98023e-7 -0.06700938 0 0 0 1 0.9909111 -0.09408807 -0.09613829 0.5577327 0.08499145 -0.1160554 0.9895998 -0.4108319 -0.1042669 -0.9887763 -0.1070039 -0.04394012 0 0 0 1 0.9909111 -0.09408807 -0.09613829 0.59222 0.08499145 -0.1160554 0.9895998 -0.4108318 -0.1042669 -0.9887763 -0.1070039 -0.06625717 0 0 0 1 1 0 0 0 0 -3.54895e-7 1 -0.6079697 0 -1 -2.79397e-7 -0.01024585 0 0 0 1 1 0 0 -0.103 0 -3.54895e-7 1 -0.7744012 0 -1 -2.79397e-7 -0.1281926 0 0 0 1 1 0 0 -0.103 0 -3.54895e-7 1 -0.7685519 0 -1 -2.79397e-7 -0.06312471 0 0 0 1 1 0 0 -0.103 0 -3.54895e-7 1 -0.7744012 0 -1 -2.79397e-7 -0.1796826 0 0 0 1 1 0 0 -0.103 0 -0.9988353 0.04824751 -0.1001321 0 -0.04824757 -0.9988353 0.7646111 0 0 0 1 1 0 0 -0.103 0 1 0 0.06312495 0 0 1 -0.7685519 0 0 0 1 1 1.50996e-7 0 0.103 0 3.54895e-7 -1 0.7744011 -1.50996e-7 1 2.79397e-7 0.1281926 0 0 0 1 1 0 0 0.103 0 -3.54895e-7 1 -0.7685519 0 -1 -2.79397e-7 -0.06312471 0 0 0 1 1 0 0 0.1028568 0 -3.54895e-7 1 -0.7744012 0 -1 -2.79397e-7 -0.1796826 0 0 0 1 1 0 0 0.103 0 -0.9988353 0.04824775 -0.1001323 0 -0.04824757 -0.9988353 0.7646111 0 0 0 1 1 0 0 0.103 0 -1 -1.11386e-6 -0.06312406 0 1.17446e-6 -1 0.768552 0 0 0 1 1 0 0 0 0 -3.54895e-7 1 -0.8750384 0 -1 -2.79397e-7 0.03980851 0 0 0 1 1 0 0 0 0 -3.54895e-7 1 -0.607031 0 -1 -2.79397e-7 -0.1423895 0 0 0 1 1 0 0 1.00436e-6 0 -3.54895e-7 1 -0.5983216 0 -1 -2.79397e-7 -0.1683276 0 0 0 1 1 0 0 -0.1679058 0 -2.05883e-7 1 -0.5968742 0 -1 -1.30385e-7 -0.1233199 0 0 0 1 1 0 0 0.1679078 0 -2.05883e-7 1 -0.5968742 0 -1 -1.30385e-7 -0.1233224 0 0 0 1 1 0 0 0 0 -3.54895e-7 1 -0.6707076 0 -1 -2.79397e-7 -0.1323786 0 0 0 1 1 0 0 0 0 -3.57628e-7 1 -0.520758 0 -1 -2.8213e-7 -0.1239921 0 0 0 1 1 0 0 1.00436e-6 0 -3.57628e-7 1 -0.5722039 0 -1 -2.8213e-7 -0.141271 0 0 0 1 1 0 0 -0.111 0 -3.94881e-7 1 -0.580758 0 -1 -3.19383e-7 -0.142992 0 0 0 1 1 1.50996e-7 0 0.111 0 4.32134e-7 -1 0.5805041 -1.50996e-7 1 3.56636e-7 0.1430059 0 0 0 1 1 0 0 0 0 -3.57628e-7 1 -0.5706831 0 -1 -2.8213e-7 -0.01338374 0 0 0 1 1 0 0 0 0 -3.57628e-7 1 -0.5713545 0 -1 -2.8213e-7 -0.06779658 0 0 0 1 1 0 0 0 0 -3.57628e-7 1 0 0 -1 -2.8213e-7 0 0 0 0 1 -0.002055704 -0.02905815 -0.9995757 0.3054539 0.0440514 0.9986049 -0.02912056 0.01029163 0.9990273 -0.04409241 -7.72825e-4 -0.1179401 0 0 0 1 0.002516746 0.07449424 -0.9972184 0.1578243 0.04402709 0.9962462 0.07453262 -0.006082296 0.9990273 -0.04409205 -7.72448e-4 -0.1179407 0 0 0 1 4.56402e-4 -0.8762145 -0.481921 0.03201848 0 -0.4819208 0.8762145 -0.06224334 -1 -4.00029e-4 -2.20016e-4 0.118041 0 0 0 1 1 0 0 -0.1180264 0 0 0.9999998 -0.03175383 -2.46626e-7 -0.9999998 -2.6965e-7 -0.07142281 0 0 0 1 0.002904653 -0.02905535 -0.9995736 0.3055534 -0.04398554 0.9986066 -0.02915513 0.01030999 0.9990279 0.04405128 0.001622557 0.1176803 0 0 0 1 -0.00166589 0.07448911 -0.9972205 0.1579253 -0.04404956 0.9962483 0.07449001 -0.006073117 0.999028 0.04405111 0.001621544 0.1176807 0 0 0 1 0 -0.8762143 -0.4819212 0.03207236 0 -0.4819211 0.8762145 -0.06224334 -1 1.51049e-7 0 -0.1178254 0 0 0 1 0.9999999 0 0 0.1178254 0 -3.57628e-7 0.9999999 -0.03175383 1.2713e-7 -0.9999998 -2.98023e-7 -0.07142281 0 0 0 1 1 0 0 0 0 -3.57628e-7 1 -0.406633 0 -1 -2.8213e-7 -0.1414517 0 0 0 1 1 0 0 0 0 -3.76254e-7 1 -0.3360888 0 -1 -3.00756e-7 -0.1471754 0 0 0 1</float_array>
          <technique_common>
            <accessor source="#bob_root_mesh_013-skin-bind_poses-array" count="63" stride="16">
              <param name="TRANSFORM" type="float4x4"/>
            </accessor>
          </technique_common>
        </source>
        <source id="bob_root_mesh_013-skin-weights">
          <float_array id="bob_root_mesh_013-skin-weights-array" count="43">1 1 1 1 1 1 1 1 1 1 1 1 1 1 1 1 1 1 1 1 1 1 1 1 1 1 1 1 1 1 1 1 1 1 1 1 1 1 1 1 1 1 1</float_array>
          <technique_common>
            <accessor source="#bob_root_mesh_013-skin-weights-array" count="43" stride="1">
              <param name="WEIGHT" type="float"/>
            </accessor>
          </technique_common>
        </source>
        <joints>
          <input semantic="JOINT" source="#bob_root_mesh_013-skin-joints"/>
          <input semantic="INV_BIND_MATRIX" source="#bob_root_mesh_013-skin-bind_poses"/>
        </joints>
        <vertex_weights count="43">
          <input semantic="JOINT" source="#bob_root_mesh_013-skin-joints" offset="0"/>
          <input semantic="WEIGHT" source="#bob_root_mesh_013-skin-weights" offset="1"/>
          <vcount>1 1 1 1 1 1 1 1 1 1 1 1 1 1 1 1 1 1 1 1 1 1 1 1 1 1 1 1 1 1 1 1 1 1 1 1 1 1 1 1 1 1 1 </vcount>
          <v>30 0 30 1 30 2 30 3 30 4 30 5 30 6 30 7 30 8 30 9 30 10 30 11 30 12 30 13 30 14 30 15 30 16 30 17 30 18 30 19 30 20 30 21 30 22 30 23 30 24 30 25 30 26 30 27 30 28 30 29 30 30 30 31 30 32 30 33 30 34 30 35 30 36 30 37 30 38 30 39 30 40 30 41 30 42</v>
        </vertex_weights>
      </skin>
    </controller>
    <controller id="bob_root_mesh_012-skin" name="bob_root">
      <skin source="#unnamed_018-mesh">
        <bind_shape_matrix>1 0 0 0 0 1 0 0 0 0 1 0 0 0 0 1</bind_shape_matrix>
        <source id="bob_root_mesh_012-skin-joints">
          <Name_array id="bob_root_mesh_012-skin-joints-array" count="63">bob_root bob_sub_root bob_chest bob_clavicle_L bob_bicep_L bob_elbow_L bob_twist_L bob_wrist_L bob_index_base_L bob_index_tip_L bob_mid_base_L bob_mid_tp_L bob_pinky_base_L bob_pinky_tip_L bob_thumb_base_L bob_thumb_tip_L bob_clavicle_R bob_bicep_R bob_elbow_R bob_twist_R bob_wrist_R bob_index_base_R bob_index_tip_R bob_mid_base_R bob_mid_tip_R bob_pinky_base_R bob_pinky_tip_R bob_thumb_base_R bob_thumb_tip_R bob_head bob_eye_socket_shrink_L bob_eye_L bob_eye_stretch_L bob_lid_lower_L bob_lid_upper_L bob_eye_socket_shrink_R bob_eye_R bob_eye_stretch_R bob_lid_lower_R bob_lid_upper_R bob_forehead bob_lip_upper bob_teeth bob_mouth_L bob_mouth_R bob_nose bob_jaw bob_lip_lower bob_lip_lower_L bob_lip_lower_R bob_tongue_base bob_tongue_end bob_connect bob_thigh_L bob_knee_L bob_ankle_L bob_toe_L bob_thigh_R bob_knee_R bob_ankle_R bob_toe_R bob_tie_base bob_tie_end</Name_array>
          <technique_common>
            <accessor source="#bob_root_mesh_012-skin-joints-array" count="63" stride="1">
              <param name="JOINT" type="name"/>
            </accessor>
          </technique_common>
        </source>
        <source id="bob_root_mesh_012-skin-bind_poses">
          <float_array id="bob_root_mesh_012-skin-bind_poses-array" count="1008">1 0 0 0 0 -3.57628e-7 1 0 0 -1 -2.8213e-7 0 0 0 0 1 1 0 0 0 0 -3.57628e-7 1 -0.3631969 0 -1 -2.8213e-7 -0.01224803 0 0 0 1 1 0 0 0 0 -3.57628e-7 1 -0.4508612 0 -1 -2.8213e-7 -0.01024585 0 0 0 1 1 0 0 -0.08820319 0 -3.57628e-7 1 -0.4654444 0 -1 -2.8213e-7 -0.005732297 0 0 0 1 1 -1.15868e-5 0 -0.277226 0 -3.553e-7 1 -0.4634373 -1.15868e-5 -1 -2.79802e-7 -0.007435917 0 0 0 1 1 -1.18008e-5 0 -0.4199464 0 -3.54895e-7 1 -0.4634373 -1.18008e-5 -1 -2.79397e-7 -0.007435798 0 0 0 1 1 -1.18008e-5 0 -0.4600866 0 -3.26955e-7 1 -0.4634373 -1.18008e-5 -1 -2.51457e-7 -0.007435858 0 0 0 1 1 -6.51192e-5 0 -0.5002271 0 3.45581e-7 -1 0.4634373 6.51192e-5 1 2.70083e-7 0.007409155 0 0 0 1 0.9935342 -0.1135331 0 -0.5553187 0 2.71075e-7 -1 0.4804373 0.1135331 0.9935342 1.94312e-7 -0.03080087 0 0 0 1 0.9935342 -0.1135331 0 -0.5883189 0 3.00092e-7 -1 0.4804373 0.1135331 0.9935342 2.23517e-7 -0.03080087 0 0 0 1 1 -6.50009e-5 0 -0.5547661 0 3.36268e-7 -1 0.4804373 6.50009e-5 1 2.6077e-7 0.008272647 0 0 0 1 1 -6.50009e-5 0 -0.5927071 0 3.36268e-7 -1 0.4804373 6.50009e-5 1 2.6077e-7 0.008272647 0 0 0 1 0.9877629 0.1559637 0 -0.5511935 0 3.08328e-7 -1 0.4804373 -0.1559637 0.9877629 2.29982e-7 0.0691176 0 0 0 1 0.9877629 0.1559637 0 -0.5841937 0 3.29541e-7 -1 0.4804373 -0.1559637 0.9877629 2.51457e-7 0.0691176 0 0 0 1 0.806752 -0.5908901 5.73695e-7 -0.4475749 0.08500933 0.1160638 -0.9895972 0.4087883 0.5847432 0.7983596 0.1438658 -0.340138 0 0 0 1 0.8067505 -0.5908922 2.08616e-7 -0.4881426 0.08500933 0.1160638 -0.9895973 0.4087876 0.5847452 0.798358 0.1438658 -0.3465866 0 0 0 1 1 0 0 0.08815914 0 -3.57628e-7 1 -0.4654444 0 -1 -2.8213e-7 -0.005732297 0 0 0 1 1 0 0 0.2740172 0 -3.54895e-7 1 -0.4654444 0 -1 -2.79397e-7 -0.005732297 0 0 0 1 1 2.39856e-7 0 0.4171683 0 -3.54895e-7 1 -0.4654444 2.39856e-7 -1 -2.79397e-7 -0.005732178 0 0 0 1 1 1.36726e-5 0 0.4572482 0 -3.54895e-7 1 -0.4654444 1.36726e-5 -1 -2.79397e-7 -0.005726039 0 0 0 1 1 1.45971e-7 0 0.4973279 0 -3.54895e-7 1 -0.4654444 1.45971e-7 -1 -2.79397e-7 -0.005732774 0 0 0 1 0.9935415 0.1134688 0 0.552248 0 -3.54895e-7 1 -0.4824443 0.1134688 -0.9935415 -2.77592e-7 0.03213757 0 0 0 1 0.9935415 0.1134688 0 0.5852479 0 -3.01169e-7 1 -0.4824443 0.1134688 -0.9935415 -2.23517e-7 0.03213751 0 0 0 1 1 1.45971e-7 0 0.5518674 0 -3.64208e-7 1 -0.4824444 1.45971e-7 -1 -2.8871e-7 -0.006596207 0 0 0 1 1 1.45971e-7 0 0.5898085 0 -3.64208e-7 1 -0.4824444 1.45971e-7 -1 -2.8871e-7 -0.006596207 0 0 0 1 0.9877527 -0.1560278 0 0.5485914 0 -3.54895e-7 1 -0.4824444 -0.1560278 -0.9877527 -2.75975e-7 -0.06700938 0 0 0 1 0.9877527 -0.1560278 0 0.5815915 0 -3.76673e-7 1 -0.4824444 -0.1560278 -0.9877527 -2.98023e-7 -0.06700938 0 0 0 1 0.9909111 -0.09408807 -0.09613829 0.5577327 0.08499145 -0.1160554 0.9895998 -0.4108319 -0.1042669 -0.9887763 -0.1070039 -0.04394012 0 0 0 1 0.9909111 -0.09408807 -0.09613829 0.59222 0.08499145 -0.1160554 0.9895998 -0.4108318 -0.1042669 -0.9887763 -0.1070039 -0.06625717 0 0 0 1 1 0 0 0 0 -3.54895e-7 1 -0.6079697 0 -1 -2.79397e-7 -0.01024585 0 0 0 1 1 0 0 -0.103 0 -3.54895e-7 1 -0.7744012 0 -1 -2.79397e-7 -0.1281926 0 0 0 1 1 0 0 -0.103 0 -3.54895e-7 1 -0.7685519 0 -1 -2.79397e-7 -0.06312471 0 0 0 1 1 0 0 -0.103 0 -3.54895e-7 1 -0.7744012 0 -1 -2.79397e-7 -0.1796826 0 0 0 1 1 0 0 -0.103 0 -0.9988353 0.04824751 -0.1001321 0 -0.04824757 -0.9988353 0.7646111 0 0 0 1 1 0 0 -0.103 0 1 0 0.06312495 0 0 1 -0.7685519 0 0 0 1 1 1.50996e-7 0 0.103 0 3.54895e-7 -1 0.7744011 -1.50996e-7 1 2.79397e-7 0.1281926 0 0 0 1 1 0 0 0.103 0 -3.54895e-7 1 -0.7685519 0 -1 -2.79397e-7 -0.06312471 0 0 0 1 1 0 0 0.1028568 0 -3.54895e-7 1 -0.7744012 0 -1 -2.79397e-7 -0.1796826 0 0 0 1 1 0 0 0.103 0 -0.9988353 0.04824775 -0.1001323 0 -0.04824757 -0.9988353 0.7646111 0 0 0 1 1 0 0 0.103 0 -1 -1.11386e-6 -0.06312406 0 1.17446e-6 -1 0.768552 0 0 0 1 1 0 0 0 0 -3.54895e-7 1 -0.8750384 0 -1 -2.79397e-7 0.03980851 0 0 0 1 1 0 0 0 0 -3.54895e-7 1 -0.607031 0 -1 -2.79397e-7 -0.1423895 0 0 0 1 1 0 0 1.00436e-6 0 -3.54895e-7 1 -0.5983216 0 -1 -2.79397e-7 -0.1683276 0 0 0 1 1 0 0 -0.1679058 0 -2.05883e-7 1 -0.5968742 0 -1 -1.30385e-7 -0.1233199 0 0 0 1 1 0 0 0.1679078 0 -2.05883e-7 1 -0.5968742 0 -1 -1.30385e-7 -0.1233224 0 0 0 1 1 0 0 0 0 -3.54895e-7 1 -0.6707076 0 -1 -2.79397e-7 -0.1323786 0 0 0 1 1 0 0 0 0 -3.57628e-7 1 -0.520758 0 -1 -2.8213e-7 -0.1239921 0 0 0 1 1 0 0 1.00436e-6 0 -3.57628e-7 1 -0.5722039 0 -1 -2.8213e-7 -0.141271 0 0 0 1 1 0 0 -0.111 0 -3.94881e-7 1 -0.580758 0 -1 -3.19383e-7 -0.142992 0 0 0 1 1 1.50996e-7 0 0.111 0 4.32134e-7 -1 0.5805041 -1.50996e-7 1 3.56636e-7 0.1430059 0 0 0 1 1 0 0 0 0 -3.57628e-7 1 -0.5706831 0 -1 -2.8213e-7 -0.01338374 0 0 0 1 1 0 0 0 0 -3.57628e-7 1 -0.5713545 0 -1 -2.8213e-7 -0.06779658 0 0 0 1 1 0 0 0 0 -3.57628e-7 1 0 0 -1 -2.8213e-7 0 0 0 0 1 -0.002055704 -0.02905815 -0.9995757 0.3054539 0.0440514 0.9986049 -0.02912056 0.01029163 0.9990273 -0.04409241 -7.72825e-4 -0.1179401 0 0 0 1 0.002516746 0.07449424 -0.9972184 0.1578243 0.04402709 0.9962462 0.07453262 -0.006082296 0.9990273 -0.04409205 -7.72448e-4 -0.1179407 0 0 0 1 4.56402e-4 -0.8762145 -0.481921 0.03201848 0 -0.4819208 0.8762145 -0.06224334 -1 -4.00029e-4 -2.20016e-4 0.118041 0 0 0 1 1 0 0 -0.1180264 0 0 0.9999998 -0.03175383 -2.46626e-7 -0.9999998 -2.6965e-7 -0.07142281 0 0 0 1 0.002904653 -0.02905535 -0.9995736 0.3055534 -0.04398554 0.9986066 -0.02915513 0.01030999 0.9990279 0.04405128 0.001622557 0.1176803 0 0 0 1 -0.00166589 0.07448911 -0.9972205 0.1579253 -0.04404956 0.9962483 0.07449001 -0.006073117 0.999028 0.04405111 0.001621544 0.1176807 0 0 0 1 0 -0.8762143 -0.4819212 0.03207236 0 -0.4819211 0.8762145 -0.06224334 -1 1.51049e-7 0 -0.1178254 0 0 0 1 0.9999999 0 0 0.1178254 0 -3.57628e-7 0.9999999 -0.03175383 1.2713e-7 -0.9999998 -2.98023e-7 -0.07142281 0 0 0 1 1 0 0 0 0 -3.57628e-7 1 -0.406633 0 -1 -2.8213e-7 -0.1414517 0 0 0 1 1 0 0 0 0 -3.76254e-7 1 -0.3360888 0 -1 -3.00756e-7 -0.1471754 0 0 0 1</float_array>
          <technique_common>
            <accessor source="#bob_root_mesh_012-skin-bind_poses-array" count="63" stride="16">
              <param name="TRANSFORM" type="float4x4"/>
            </accessor>
          </technique_common>
        </source>
        <source id="bob_root_mesh_012-skin-weights">
          <float_array id="bob_root_mesh_012-skin-weights-array" count="13">1 1 1 1 1 1 1 1 1 1 1 1 1</float_array>
          <technique_common>
            <accessor source="#bob_root_mesh_012-skin-weights-array" count="13" stride="1">
              <param name="WEIGHT" type="float"/>
            </accessor>
          </technique_common>
        </source>
        <joints>
          <input semantic="JOINT" source="#bob_root_mesh_012-skin-joints"/>
          <input semantic="INV_BIND_MATRIX" source="#bob_root_mesh_012-skin-bind_poses"/>
        </joints>
        <vertex_weights count="13">
          <input semantic="JOINT" source="#bob_root_mesh_012-skin-joints" offset="0"/>
          <input semantic="WEIGHT" source="#bob_root_mesh_012-skin-weights" offset="1"/>
          <vcount>1 1 1 1 1 1 1 1 1 1 1 1 1 </vcount>
          <v>32 0 32 1 32 2 32 3 32 4 32 5 32 6 32 7 32 8 32 9 32 10 32 11 32 12</v>
        </vertex_weights>
      </skin>
    </controller>
    <controller id="bob_root_mesh_011-skin" name="bob_root">
      <skin source="#unnamed_017-mesh">
        <bind_shape_matrix>1 0 0 0 0 1 0 0 0 0 1 0 0 0 0 1</bind_shape_matrix>
        <source id="bob_root_mesh_011-skin-joints">
          <Name_array id="bob_root_mesh_011-skin-joints-array" count="63">bob_root bob_sub_root bob_chest bob_clavicle_L bob_bicep_L bob_elbow_L bob_twist_L bob_wrist_L bob_index_base_L bob_index_tip_L bob_mid_base_L bob_mid_tp_L bob_pinky_base_L bob_pinky_tip_L bob_thumb_base_L bob_thumb_tip_L bob_clavicle_R bob_bicep_R bob_elbow_R bob_twist_R bob_wrist_R bob_index_base_R bob_index_tip_R bob_mid_base_R bob_mid_tip_R bob_pinky_base_R bob_pinky_tip_R bob_thumb_base_R bob_thumb_tip_R bob_head bob_eye_socket_shrink_L bob_eye_L bob_eye_stretch_L bob_lid_lower_L bob_lid_upper_L bob_eye_socket_shrink_R bob_eye_R bob_eye_stretch_R bob_lid_lower_R bob_lid_upper_R bob_forehead bob_lip_upper bob_teeth bob_mouth_L bob_mouth_R bob_nose bob_jaw bob_lip_lower bob_lip_lower_L bob_lip_lower_R bob_tongue_base bob_tongue_end bob_connect bob_thigh_L bob_knee_L bob_ankle_L bob_toe_L bob_thigh_R bob_knee_R bob_ankle_R bob_toe_R bob_tie_base bob_tie_end</Name_array>
          <technique_common>
            <accessor source="#bob_root_mesh_011-skin-joints-array" count="63" stride="1">
              <param name="JOINT" type="name"/>
            </accessor>
          </technique_common>
        </source>
        <source id="bob_root_mesh_011-skin-bind_poses">
          <float_array id="bob_root_mesh_011-skin-bind_poses-array" count="1008">1 0 0 0 0 -3.57628e-7 1 0 0 -1 -2.8213e-7 0 0 0 0 1 1 0 0 0 0 -3.57628e-7 1 -0.3631969 0 -1 -2.8213e-7 -0.01224803 0 0 0 1 1 0 0 0 0 -3.57628e-7 1 -0.4508612 0 -1 -2.8213e-7 -0.01024585 0 0 0 1 1 0 0 -0.08820319 0 -3.57628e-7 1 -0.4654444 0 -1 -2.8213e-7 -0.005732297 0 0 0 1 1 -1.15868e-5 0 -0.277226 0 -3.553e-7 1 -0.4634373 -1.15868e-5 -1 -2.79802e-7 -0.007435917 0 0 0 1 1 -1.18008e-5 0 -0.4199464 0 -3.54895e-7 1 -0.4634373 -1.18008e-5 -1 -2.79397e-7 -0.007435798 0 0 0 1 1 -1.18008e-5 0 -0.4600866 0 -3.26955e-7 1 -0.4634373 -1.18008e-5 -1 -2.51457e-7 -0.007435858 0 0 0 1 1 -6.51192e-5 0 -0.5002271 0 3.45581e-7 -1 0.4634373 6.51192e-5 1 2.70083e-7 0.007409155 0 0 0 1 0.9935342 -0.1135331 0 -0.5553187 0 2.71075e-7 -1 0.4804373 0.1135331 0.9935342 1.94312e-7 -0.03080087 0 0 0 1 0.9935342 -0.1135331 0 -0.5883189 0 3.00092e-7 -1 0.4804373 0.1135331 0.9935342 2.23517e-7 -0.03080087 0 0 0 1 1 -6.50009e-5 0 -0.5547661 0 3.36268e-7 -1 0.4804373 6.50009e-5 1 2.6077e-7 0.008272647 0 0 0 1 1 -6.50009e-5 0 -0.5927071 0 3.36268e-7 -1 0.4804373 6.50009e-5 1 2.6077e-7 0.008272647 0 0 0 1 0.9877629 0.1559637 0 -0.5511935 0 3.08328e-7 -1 0.4804373 -0.1559637 0.9877629 2.29982e-7 0.0691176 0 0 0 1 0.9877629 0.1559637 0 -0.5841937 0 3.29541e-7 -1 0.4804373 -0.1559637 0.9877629 2.51457e-7 0.0691176 0 0 0 1 0.806752 -0.5908901 5.73695e-7 -0.4475749 0.08500933 0.1160638 -0.9895972 0.4087883 0.5847432 0.7983596 0.1438658 -0.340138 0 0 0 1 0.8067505 -0.5908922 2.08616e-7 -0.4881426 0.08500933 0.1160638 -0.9895973 0.4087876 0.5847452 0.798358 0.1438658 -0.3465866 0 0 0 1 1 0 0 0.08815914 0 -3.57628e-7 1 -0.4654444 0 -1 -2.8213e-7 -0.005732297 0 0 0 1 1 0 0 0.2740172 0 -3.54895e-7 1 -0.4654444 0 -1 -2.79397e-7 -0.005732297 0 0 0 1 1 2.39856e-7 0 0.4171683 0 -3.54895e-7 1 -0.4654444 2.39856e-7 -1 -2.79397e-7 -0.005732178 0 0 0 1 1 1.36726e-5 0 0.4572482 0 -3.54895e-7 1 -0.4654444 1.36726e-5 -1 -2.79397e-7 -0.005726039 0 0 0 1 1 1.45971e-7 0 0.4973279 0 -3.54895e-7 1 -0.4654444 1.45971e-7 -1 -2.79397e-7 -0.005732774 0 0 0 1 0.9935415 0.1134688 0 0.552248 0 -3.54895e-7 1 -0.4824443 0.1134688 -0.9935415 -2.77592e-7 0.03213757 0 0 0 1 0.9935415 0.1134688 0 0.5852479 0 -3.01169e-7 1 -0.4824443 0.1134688 -0.9935415 -2.23517e-7 0.03213751 0 0 0 1 1 1.45971e-7 0 0.5518674 0 -3.64208e-7 1 -0.4824444 1.45971e-7 -1 -2.8871e-7 -0.006596207 0 0 0 1 1 1.45971e-7 0 0.5898085 0 -3.64208e-7 1 -0.4824444 1.45971e-7 -1 -2.8871e-7 -0.006596207 0 0 0 1 0.9877527 -0.1560278 0 0.5485914 0 -3.54895e-7 1 -0.4824444 -0.1560278 -0.9877527 -2.75975e-7 -0.06700938 0 0 0 1 0.9877527 -0.1560278 0 0.5815915 0 -3.76673e-7 1 -0.4824444 -0.1560278 -0.9877527 -2.98023e-7 -0.06700938 0 0 0 1 0.9909111 -0.09408807 -0.09613829 0.5577327 0.08499145 -0.1160554 0.9895998 -0.4108319 -0.1042669 -0.9887763 -0.1070039 -0.04394012 0 0 0 1 0.9909111 -0.09408807 -0.09613829 0.59222 0.08499145 -0.1160554 0.9895998 -0.4108318 -0.1042669 -0.9887763 -0.1070039 -0.06625717 0 0 0 1 1 0 0 0 0 -3.54895e-7 1 -0.6079697 0 -1 -2.79397e-7 -0.01024585 0 0 0 1 1 0 0 -0.103 0 -3.54895e-7 1 -0.7744012 0 -1 -2.79397e-7 -0.1281926 0 0 0 1 1 0 0 -0.103 0 -3.54895e-7 1 -0.7685519 0 -1 -2.79397e-7 -0.06312471 0 0 0 1 1 0 0 -0.103 0 -3.54895e-7 1 -0.7744012 0 -1 -2.79397e-7 -0.1796826 0 0 0 1 1 0 0 -0.103 0 -0.9988353 0.04824751 -0.1001321 0 -0.04824757 -0.9988353 0.7646111 0 0 0 1 1 0 0 -0.103 0 1 0 0.06312495 0 0 1 -0.7685519 0 0 0 1 1 1.50996e-7 0 0.103 0 3.54895e-7 -1 0.7744011 -1.50996e-7 1 2.79397e-7 0.1281926 0 0 0 1 1 0 0 0.103 0 -3.54895e-7 1 -0.7685519 0 -1 -2.79397e-7 -0.06312471 0 0 0 1 1 0 0 0.1028568 0 -3.54895e-7 1 -0.7744012 0 -1 -2.79397e-7 -0.1796826 0 0 0 1 1 0 0 0.103 0 -0.9988353 0.04824775 -0.1001323 0 -0.04824757 -0.9988353 0.7646111 0 0 0 1 1 0 0 0.103 0 -1 -1.11386e-6 -0.06312406 0 1.17446e-6 -1 0.768552 0 0 0 1 1 0 0 0 0 -3.54895e-7 1 -0.8750384 0 -1 -2.79397e-7 0.03980851 0 0 0 1 1 0 0 0 0 -3.54895e-7 1 -0.607031 0 -1 -2.79397e-7 -0.1423895 0 0 0 1 1 0 0 1.00436e-6 0 -3.54895e-7 1 -0.5983216 0 -1 -2.79397e-7 -0.1683276 0 0 0 1 1 0 0 -0.1679058 0 -2.05883e-7 1 -0.5968742 0 -1 -1.30385e-7 -0.1233199 0 0 0 1 1 0 0 0.1679078 0 -2.05883e-7 1 -0.5968742 0 -1 -1.30385e-7 -0.1233224 0 0 0 1 1 0 0 0 0 -3.54895e-7 1 -0.6707076 0 -1 -2.79397e-7 -0.1323786 0 0 0 1 1 0 0 0 0 -3.57628e-7 1 -0.520758 0 -1 -2.8213e-7 -0.1239921 0 0 0 1 1 0 0 1.00436e-6 0 -3.57628e-7 1 -0.5722039 0 -1 -2.8213e-7 -0.141271 0 0 0 1 1 0 0 -0.111 0 -3.94881e-7 1 -0.580758 0 -1 -3.19383e-7 -0.142992 0 0 0 1 1 1.50996e-7 0 0.111 0 4.32134e-7 -1 0.5805041 -1.50996e-7 1 3.56636e-7 0.1430059 0 0 0 1 1 0 0 0 0 -3.57628e-7 1 -0.5706831 0 -1 -2.8213e-7 -0.01338374 0 0 0 1 1 0 0 0 0 -3.57628e-7 1 -0.5713545 0 -1 -2.8213e-7 -0.06779658 0 0 0 1 1 0 0 0 0 -3.57628e-7 1 0 0 -1 -2.8213e-7 0 0 0 0 1 -0.002055704 -0.02905815 -0.9995757 0.3054539 0.0440514 0.9986049 -0.02912056 0.01029163 0.9990273 -0.04409241 -7.72825e-4 -0.1179401 0 0 0 1 0.002516746 0.07449424 -0.9972184 0.1578243 0.04402709 0.9962462 0.07453262 -0.006082296 0.9990273 -0.04409205 -7.72448e-4 -0.1179407 0 0 0 1 4.56402e-4 -0.8762145 -0.481921 0.03201848 0 -0.4819208 0.8762145 -0.06224334 -1 -4.00029e-4 -2.20016e-4 0.118041 0 0 0 1 1 0 0 -0.1180264 0 0 0.9999998 -0.03175383 -2.46626e-7 -0.9999998 -2.6965e-7 -0.07142281 0 0 0 1 0.002904653 -0.02905535 -0.9995736 0.3055534 -0.04398554 0.9986066 -0.02915513 0.01030999 0.9990279 0.04405128 0.001622557 0.1176803 0 0 0 1 -0.00166589 0.07448911 -0.9972205 0.1579253 -0.04404956 0.9962483 0.07449001 -0.006073117 0.999028 0.04405111 0.001621544 0.1176807 0 0 0 1 0 -0.8762143 -0.4819212 0.03207236 0 -0.4819211 0.8762145 -0.06224334 -1 1.51049e-7 0 -0.1178254 0 0 0 1 0.9999999 0 0 0.1178254 0 -3.57628e-7 0.9999999 -0.03175383 1.2713e-7 -0.9999998 -2.98023e-7 -0.07142281 0 0 0 1 1 0 0 0 0 -3.57628e-7 1 -0.406633 0 -1 -2.8213e-7 -0.1414517 0 0 0 1 1 0 0 0 0 -3.76254e-7 1 -0.3360888 0 -1 -3.00756e-7 -0.1471754 0 0 0 1</float_array>
          <technique_common>
            <accessor source="#bob_root_mesh_011-skin-bind_poses-array" count="63" stride="16">
              <param name="TRANSFORM" type="float4x4"/>
            </accessor>
          </technique_common>
        </source>
        <source id="bob_root_mesh_011-skin-weights">
          <float_array id="bob_root_mesh_011-skin-weights-array" count="49">1 1 1 1 1 1 1 1 1 1 1 1 1 1 1 1 1 1 1 1 1 1 1 1 1 1 1 1 1 1 1 1 1 1 1 1 1 1 1 1 1 1 1 1 1 1 1 1 1</float_array>
          <technique_common>
            <accessor source="#bob_root_mesh_011-skin-weights-array" count="49" stride="1">
              <param name="WEIGHT" type="float"/>
            </accessor>
          </technique_common>
        </source>
        <joints>
          <input semantic="JOINT" source="#bob_root_mesh_011-skin-joints"/>
          <input semantic="INV_BIND_MATRIX" source="#bob_root_mesh_011-skin-bind_poses"/>
        </joints>
        <vertex_weights count="49">
          <input semantic="JOINT" source="#bob_root_mesh_011-skin-joints" offset="0"/>
          <input semantic="WEIGHT" source="#bob_root_mesh_011-skin-weights" offset="1"/>
          <vcount>1 1 1 1 1 1 1 1 1 1 1 1 1 1 1 1 1 1 1 1 1 1 1 1 1 1 1 1 1 1 1 1 1 1 1 1 1 1 1 1 1 1 1 1 1 1 1 1 1 </vcount>
          <v>30 0 30 1 30 2 30 3 30 4 30 5 30 6 30 7 30 8 30 9 30 10 30 11 30 12 30 13 30 14 30 15 30 16 30 17 30 18 30 19 30 20 30 21 30 22 30 23 30 24 30 25 30 26 30 27 30 28 30 29 30 30 30 31 30 32 30 33 30 34 30 35 30 36 30 37 30 38 30 39 30 40 30 41 30 42 30 43 30 44 30 45 30 46 30 47 30 48</v>
        </vertex_weights>
      </skin>
    </controller>
    <controller id="bob_root_mesh_010-skin" name="bob_root">
      <skin source="#unnamed_016-mesh">
        <bind_shape_matrix>1 0 0 0 0 1 0 0 0 0 1 0 0 0 0 1</bind_shape_matrix>
        <source id="bob_root_mesh_010-skin-joints">
          <Name_array id="bob_root_mesh_010-skin-joints-array" count="63">bob_root bob_sub_root bob_chest bob_clavicle_L bob_bicep_L bob_elbow_L bob_twist_L bob_wrist_L bob_index_base_L bob_index_tip_L bob_mid_base_L bob_mid_tp_L bob_pinky_base_L bob_pinky_tip_L bob_thumb_base_L bob_thumb_tip_L bob_clavicle_R bob_bicep_R bob_elbow_R bob_twist_R bob_wrist_R bob_index_base_R bob_index_tip_R bob_mid_base_R bob_mid_tip_R bob_pinky_base_R bob_pinky_tip_R bob_thumb_base_R bob_thumb_tip_R bob_head bob_eye_socket_shrink_L bob_eye_L bob_eye_stretch_L bob_lid_lower_L bob_lid_upper_L bob_eye_socket_shrink_R bob_eye_R bob_eye_stretch_R bob_lid_lower_R bob_lid_upper_R bob_forehead bob_lip_upper bob_teeth bob_mouth_L bob_mouth_R bob_nose bob_jaw bob_lip_lower bob_lip_lower_L bob_lip_lower_R bob_tongue_base bob_tongue_end bob_connect bob_thigh_L bob_knee_L bob_ankle_L bob_toe_L bob_thigh_R bob_knee_R bob_ankle_R bob_toe_R bob_tie_base bob_tie_end</Name_array>
          <technique_common>
            <accessor source="#bob_root_mesh_010-skin-joints-array" count="63" stride="1">
              <param name="JOINT" type="name"/>
            </accessor>
          </technique_common>
        </source>
        <source id="bob_root_mesh_010-skin-bind_poses">
          <float_array id="bob_root_mesh_010-skin-bind_poses-array" count="1008">1 0 0 0 0 -3.57628e-7 1 0 0 -1 -2.8213e-7 0 0 0 0 1 1 0 0 0 0 -3.57628e-7 1 -0.3631969 0 -1 -2.8213e-7 -0.01224803 0 0 0 1 1 0 0 0 0 -3.57628e-7 1 -0.4508612 0 -1 -2.8213e-7 -0.01024585 0 0 0 1 1 0 0 -0.08820319 0 -3.57628e-7 1 -0.4654444 0 -1 -2.8213e-7 -0.005732297 0 0 0 1 1 -1.15868e-5 0 -0.277226 0 -3.553e-7 1 -0.4634373 -1.15868e-5 -1 -2.79802e-7 -0.007435917 0 0 0 1 1 -1.18008e-5 0 -0.4199464 0 -3.54895e-7 1 -0.4634373 -1.18008e-5 -1 -2.79397e-7 -0.007435798 0 0 0 1 1 -1.18008e-5 0 -0.4600866 0 -3.26955e-7 1 -0.4634373 -1.18008e-5 -1 -2.51457e-7 -0.007435858 0 0 0 1 1 -6.51192e-5 0 -0.5002271 0 3.45581e-7 -1 0.4634373 6.51192e-5 1 2.70083e-7 0.007409155 0 0 0 1 0.9935342 -0.1135331 0 -0.5553187 0 2.71075e-7 -1 0.4804373 0.1135331 0.9935342 1.94312e-7 -0.03080087 0 0 0 1 0.9935342 -0.1135331 0 -0.5883189 0 3.00092e-7 -1 0.4804373 0.1135331 0.9935342 2.23517e-7 -0.03080087 0 0 0 1 1 -6.50009e-5 0 -0.5547661 0 3.36268e-7 -1 0.4804373 6.50009e-5 1 2.6077e-7 0.008272647 0 0 0 1 1 -6.50009e-5 0 -0.5927071 0 3.36268e-7 -1 0.4804373 6.50009e-5 1 2.6077e-7 0.008272647 0 0 0 1 0.9877629 0.1559637 0 -0.5511935 0 3.08328e-7 -1 0.4804373 -0.1559637 0.9877629 2.29982e-7 0.0691176 0 0 0 1 0.9877629 0.1559637 0 -0.5841937 0 3.29541e-7 -1 0.4804373 -0.1559637 0.9877629 2.51457e-7 0.0691176 0 0 0 1 0.806752 -0.5908901 5.73695e-7 -0.4475749 0.08500933 0.1160638 -0.9895972 0.4087883 0.5847432 0.7983596 0.1438658 -0.340138 0 0 0 1 0.8067505 -0.5908922 2.08616e-7 -0.4881426 0.08500933 0.1160638 -0.9895973 0.4087876 0.5847452 0.798358 0.1438658 -0.3465866 0 0 0 1 1 0 0 0.08815914 0 -3.57628e-7 1 -0.4654444 0 -1 -2.8213e-7 -0.005732297 0 0 0 1 1 0 0 0.2740172 0 -3.54895e-7 1 -0.4654444 0 -1 -2.79397e-7 -0.005732297 0 0 0 1 1 2.39856e-7 0 0.4171683 0 -3.54895e-7 1 -0.4654444 2.39856e-7 -1 -2.79397e-7 -0.005732178 0 0 0 1 1 1.36726e-5 0 0.4572482 0 -3.54895e-7 1 -0.4654444 1.36726e-5 -1 -2.79397e-7 -0.005726039 0 0 0 1 1 1.45971e-7 0 0.4973279 0 -3.54895e-7 1 -0.4654444 1.45971e-7 -1 -2.79397e-7 -0.005732774 0 0 0 1 0.9935415 0.1134688 0 0.552248 0 -3.54895e-7 1 -0.4824443 0.1134688 -0.9935415 -2.77592e-7 0.03213757 0 0 0 1 0.9935415 0.1134688 0 0.5852479 0 -3.01169e-7 1 -0.4824443 0.1134688 -0.9935415 -2.23517e-7 0.03213751 0 0 0 1 1 1.45971e-7 0 0.5518674 0 -3.64208e-7 1 -0.4824444 1.45971e-7 -1 -2.8871e-7 -0.006596207 0 0 0 1 1 1.45971e-7 0 0.5898085 0 -3.64208e-7 1 -0.4824444 1.45971e-7 -1 -2.8871e-7 -0.006596207 0 0 0 1 0.9877527 -0.1560278 0 0.5485914 0 -3.54895e-7 1 -0.4824444 -0.1560278 -0.9877527 -2.75975e-7 -0.06700938 0 0 0 1 0.9877527 -0.1560278 0 0.5815915 0 -3.76673e-7 1 -0.4824444 -0.1560278 -0.9877527 -2.98023e-7 -0.06700938 0 0 0 1 0.9909111 -0.09408807 -0.09613829 0.5577327 0.08499145 -0.1160554 0.9895998 -0.4108319 -0.1042669 -0.9887763 -0.1070039 -0.04394012 0 0 0 1 0.9909111 -0.09408807 -0.09613829 0.59222 0.08499145 -0.1160554 0.9895998 -0.4108318 -0.1042669 -0.9887763 -0.1070039 -0.06625717 0 0 0 1 1 0 0 0 0 -3.54895e-7 1 -0.6079697 0 -1 -2.79397e-7 -0.01024585 0 0 0 1 1 0 0 -0.103 0 -3.54895e-7 1 -0.7744012 0 -1 -2.79397e-7 -0.1281926 0 0 0 1 1 0 0 -0.103 0 -3.54895e-7 1 -0.7685519 0 -1 -2.79397e-7 -0.06312471 0 0 0 1 1 0 0 -0.103 0 -3.54895e-7 1 -0.7744012 0 -1 -2.79397e-7 -0.1796826 0 0 0 1 1 0 0 -0.103 0 -0.9988353 0.04824751 -0.1001321 0 -0.04824757 -0.9988353 0.7646111 0 0 0 1 1 0 0 -0.103 0 1 0 0.06312495 0 0 1 -0.7685519 0 0 0 1 1 1.50996e-7 0 0.103 0 3.54895e-7 -1 0.7744011 -1.50996e-7 1 2.79397e-7 0.1281926 0 0 0 1 1 0 0 0.103 0 -3.54895e-7 1 -0.7685519 0 -1 -2.79397e-7 -0.06312471 0 0 0 1 1 0 0 0.1028568 0 -3.54895e-7 1 -0.7744012 0 -1 -2.79397e-7 -0.1796826 0 0 0 1 1 0 0 0.103 0 -0.9988353 0.04824775 -0.1001323 0 -0.04824757 -0.9988353 0.7646111 0 0 0 1 1 0 0 0.103 0 -1 -1.11386e-6 -0.06312406 0 1.17446e-6 -1 0.768552 0 0 0 1 1 0 0 0 0 -3.54895e-7 1 -0.8750384 0 -1 -2.79397e-7 0.03980851 0 0 0 1 1 0 0 0 0 -3.54895e-7 1 -0.607031 0 -1 -2.79397e-7 -0.1423895 0 0 0 1 1 0 0 1.00436e-6 0 -3.54895e-7 1 -0.5983216 0 -1 -2.79397e-7 -0.1683276 0 0 0 1 1 0 0 -0.1679058 0 -2.05883e-7 1 -0.5968742 0 -1 -1.30385e-7 -0.1233199 0 0 0 1 1 0 0 0.1679078 0 -2.05883e-7 1 -0.5968742 0 -1 -1.30385e-7 -0.1233224 0 0 0 1 1 0 0 0 0 -3.54895e-7 1 -0.6707076 0 -1 -2.79397e-7 -0.1323786 0 0 0 1 1 0 0 0 0 -3.57628e-7 1 -0.520758 0 -1 -2.8213e-7 -0.1239921 0 0 0 1 1 0 0 1.00436e-6 0 -3.57628e-7 1 -0.5722039 0 -1 -2.8213e-7 -0.141271 0 0 0 1 1 0 0 -0.111 0 -3.94881e-7 1 -0.580758 0 -1 -3.19383e-7 -0.142992 0 0 0 1 1 1.50996e-7 0 0.111 0 4.32134e-7 -1 0.5805041 -1.50996e-7 1 3.56636e-7 0.1430059 0 0 0 1 1 0 0 0 0 -3.57628e-7 1 -0.5706831 0 -1 -2.8213e-7 -0.01338374 0 0 0 1 1 0 0 0 0 -3.57628e-7 1 -0.5713545 0 -1 -2.8213e-7 -0.06779658 0 0 0 1 1 0 0 0 0 -3.57628e-7 1 0 0 -1 -2.8213e-7 0 0 0 0 1 -0.002055704 -0.02905815 -0.9995757 0.3054539 0.0440514 0.9986049 -0.02912056 0.01029163 0.9990273 -0.04409241 -7.72825e-4 -0.1179401 0 0 0 1 0.002516746 0.07449424 -0.9972184 0.1578243 0.04402709 0.9962462 0.07453262 -0.006082296 0.9990273 -0.04409205 -7.72448e-4 -0.1179407 0 0 0 1 4.56402e-4 -0.8762145 -0.481921 0.03201848 0 -0.4819208 0.8762145 -0.06224334 -1 -4.00029e-4 -2.20016e-4 0.118041 0 0 0 1 1 0 0 -0.1180264 0 0 0.9999998 -0.03175383 -2.46626e-7 -0.9999998 -2.6965e-7 -0.07142281 0 0 0 1 0.002904653 -0.02905535 -0.9995736 0.3055534 -0.04398554 0.9986066 -0.02915513 0.01030999 0.9990279 0.04405128 0.001622557 0.1176803 0 0 0 1 -0.00166589 0.07448911 -0.9972205 0.1579253 -0.04404956 0.9962483 0.07449001 -0.006073117 0.999028 0.04405111 0.001621544 0.1176807 0 0 0 1 0 -0.8762143 -0.4819212 0.03207236 0 -0.4819211 0.8762145 -0.06224334 -1 1.51049e-7 0 -0.1178254 0 0 0 1 0.9999999 0 0 0.1178254 0 -3.57628e-7 0.9999999 -0.03175383 1.2713e-7 -0.9999998 -2.98023e-7 -0.07142281 0 0 0 1 1 0 0 0 0 -3.57628e-7 1 -0.406633 0 -1 -2.8213e-7 -0.1414517 0 0 0 1 1 0 0 0 0 -3.76254e-7 1 -0.3360888 0 -1 -3.00756e-7 -0.1471754 0 0 0 1</float_array>
          <technique_common>
            <accessor source="#bob_root_mesh_010-skin-bind_poses-array" count="63" stride="16">
              <param name="TRANSFORM" type="float4x4"/>
            </accessor>
          </technique_common>
        </source>
        <source id="bob_root_mesh_010-skin-weights">
          <float_array id="bob_root_mesh_010-skin-weights-array" count="136">1 1 1 1 1 1 1 1 1 1 1 1 1 1 1 1 1 1 1 1 1 1 1 1 1 1 1 1 1 1 1 0.4962612 0.5037388 1 0.4761641 0.5238359 0.4995419 0.500458 1 1 1 1 0.4999845 0.5000155 0.4999845 0.5000155 1 1 1 1 1 1 0.4998014 0.5001986 0.4997404 0.5002596 1 0.4950405 0.5049595 0.4999845 0.5000155 0.4976041 0.5023959 1 1 1 1 0.4974666 0.5025334 0.4999235 0.5000765 0.4985196 0.5014804 0.4999693 0.5000308 1 1 0.4886927 0.5113074 0.4998624 0.5001376 1 0.4990537 0.5009464 0.4753096 0.5246905 1 1 1 1 1 1 1 1 0.4999082 0.5000918 0.003494799 0.9965052 0.9997045 0 2.955e-4 3.93361e-6 0.9999961 4.3299e-6 0.9999957 1.63687e-6 0.9999985 1 1 0.9995389 0 4.61091e-4 0.5000153 0.4999847 0.4999845 0.5000155 1 0.4999845 0.5000155 1 0.4747152 0.5252848 1 1 0.4972378 0.5027621 0.4999693 0.5000308 1 0.4938654 0.5061346 1 1 1 1 1</float_array>
          <technique_common>
            <accessor source="#bob_root_mesh_010-skin-weights-array" count="136" stride="1">
              <param name="WEIGHT" type="float"/>
            </accessor>
          </technique_common>
        </source>
        <joints>
          <input semantic="JOINT" source="#bob_root_mesh_010-skin-joints"/>
          <input semantic="INV_BIND_MATRIX" source="#bob_root_mesh_010-skin-bind_poses"/>
        </joints>
        <vertex_weights count="102">
          <input semantic="JOINT" source="#bob_root_mesh_010-skin-joints" offset="0"/>
          <input semantic="WEIGHT" source="#bob_root_mesh_010-skin-weights" offset="1"/>
          <vcount>1 1 1 1 1 1 1 1 1 1 1 1 1 1 1 1 1 1 1 1 1 1 1 1 1 1 1 1 1 1 1 2 1 2 2 1 1 1 1 2 2 1 1 1 1 1 1 2 2 1 2 2 2 1 1 1 1 2 2 2 2 1 1 2 2 1 2 2 1 1 1 1 1 1 1 1 2 2 3 2 2 2 1 1 3 2 2 1 2 1 2 1 1 2 2 1 2 1 1 1 1 1 </vcount>
          <v>1 0 1 1 1 2 1 3 1 4 1 5 1 6 1 7 1 8 1 9 1 10 1 11 1 12 1 13 1 14 1 15 1 16 1 17 1 18 1 19 1 20 1 21 1 22 1 23 1 24 1 25 1 26 1 27 1 28 1 29 1 30 1 31 2 32 1 33 1 34 2 35 1 36 2 37 1 38 1 39 1 40 1 41 1 42 2 43 1 44 2 45 1 46 1 47 1 48 1 49 1 50 1 51 1 52 2 53 1 54 2 55 1 56 1 57 2 58 1 59 2 60 1 61 2 62 1 63 1 64 1 65 1 66 1 67 2 68 1 69 2 70 1 71 2 72 1 73 2 74 1 75 1 76 1 77 2 78 1 79 2 80 1 81 1 82 2 83 1 84 2 85 1 86 1 87 1 88 1 89 1 90 1 91 1 92 1 93 1 94 2 95 1 96 62 97 1 98 2 99 61 100 1 101 61 102 1 103 62 104 1 105 62 106 1 107 1 108 1 109 2 110 61 111 1 112 2 113 1 114 2 115 1 116 1 117 2 118 1 119 1 120 2 121 1 122 1 123 1 124 2 125 1 126 2 127 1 128 1 129 2 130 1 131 1 132 1 133 1 134 1 135</v>
        </vertex_weights>
      </skin>
    </controller>
    <controller id="bob_root_mesh_009-skin" name="bob_root">
      <skin source="#unnamed_015-mesh">
        <bind_shape_matrix>1 0 0 0 0 1 0 0 0 0 1 0 0 0 0 1</bind_shape_matrix>
        <source id="bob_root_mesh_009-skin-joints">
          <Name_array id="bob_root_mesh_009-skin-joints-array" count="63">bob_root bob_sub_root bob_chest bob_clavicle_L bob_bicep_L bob_elbow_L bob_twist_L bob_wrist_L bob_index_base_L bob_index_tip_L bob_mid_base_L bob_mid_tp_L bob_pinky_base_L bob_pinky_tip_L bob_thumb_base_L bob_thumb_tip_L bob_clavicle_R bob_bicep_R bob_elbow_R bob_twist_R bob_wrist_R bob_index_base_R bob_index_tip_R bob_mid_base_R bob_mid_tip_R bob_pinky_base_R bob_pinky_tip_R bob_thumb_base_R bob_thumb_tip_R bob_head bob_eye_socket_shrink_L bob_eye_L bob_eye_stretch_L bob_lid_lower_L bob_lid_upper_L bob_eye_socket_shrink_R bob_eye_R bob_eye_stretch_R bob_lid_lower_R bob_lid_upper_R bob_forehead bob_lip_upper bob_teeth bob_mouth_L bob_mouth_R bob_nose bob_jaw bob_lip_lower bob_lip_lower_L bob_lip_lower_R bob_tongue_base bob_tongue_end bob_connect bob_thigh_L bob_knee_L bob_ankle_L bob_toe_L bob_thigh_R bob_knee_R bob_ankle_R bob_toe_R bob_tie_base bob_tie_end</Name_array>
          <technique_common>
            <accessor source="#bob_root_mesh_009-skin-joints-array" count="63" stride="1">
              <param name="JOINT" type="name"/>
            </accessor>
          </technique_common>
        </source>
        <source id="bob_root_mesh_009-skin-bind_poses">
          <float_array id="bob_root_mesh_009-skin-bind_poses-array" count="1008">1 0 0 0 0 -3.57628e-7 1 0 0 -1 -2.8213e-7 0 0 0 0 1 1 0 0 0 0 -3.57628e-7 1 -0.3631969 0 -1 -2.8213e-7 -0.01224803 0 0 0 1 1 0 0 0 0 -3.57628e-7 1 -0.4508612 0 -1 -2.8213e-7 -0.01024585 0 0 0 1 1 0 0 -0.08820319 0 -3.57628e-7 1 -0.4654444 0 -1 -2.8213e-7 -0.005732297 0 0 0 1 1 -1.15868e-5 0 -0.277226 0 -3.553e-7 1 -0.4634373 -1.15868e-5 -1 -2.79802e-7 -0.007435917 0 0 0 1 1 -1.18008e-5 0 -0.4199464 0 -3.54895e-7 1 -0.4634373 -1.18008e-5 -1 -2.79397e-7 -0.007435798 0 0 0 1 1 -1.18008e-5 0 -0.4600866 0 -3.26955e-7 1 -0.4634373 -1.18008e-5 -1 -2.51457e-7 -0.007435858 0 0 0 1 1 -6.51192e-5 0 -0.5002271 0 3.45581e-7 -1 0.4634373 6.51192e-5 1 2.70083e-7 0.007409155 0 0 0 1 0.9935342 -0.1135331 0 -0.5553187 0 2.71075e-7 -1 0.4804373 0.1135331 0.9935342 1.94312e-7 -0.03080087 0 0 0 1 0.9935342 -0.1135331 0 -0.5883189 0 3.00092e-7 -1 0.4804373 0.1135331 0.9935342 2.23517e-7 -0.03080087 0 0 0 1 1 -6.50009e-5 0 -0.5547661 0 3.36268e-7 -1 0.4804373 6.50009e-5 1 2.6077e-7 0.008272647 0 0 0 1 1 -6.50009e-5 0 -0.5927071 0 3.36268e-7 -1 0.4804373 6.50009e-5 1 2.6077e-7 0.008272647 0 0 0 1 0.9877629 0.1559637 0 -0.5511935 0 3.08328e-7 -1 0.4804373 -0.1559637 0.9877629 2.29982e-7 0.0691176 0 0 0 1 0.9877629 0.1559637 0 -0.5841937 0 3.29541e-7 -1 0.4804373 -0.1559637 0.9877629 2.51457e-7 0.0691176 0 0 0 1 0.806752 -0.5908901 5.73695e-7 -0.4475749 0.08500933 0.1160638 -0.9895972 0.4087883 0.5847432 0.7983596 0.1438658 -0.340138 0 0 0 1 0.8067505 -0.5908922 2.08616e-7 -0.4881426 0.08500933 0.1160638 -0.9895973 0.4087876 0.5847452 0.798358 0.1438658 -0.3465866 0 0 0 1 1 0 0 0.08815914 0 -3.57628e-7 1 -0.4654444 0 -1 -2.8213e-7 -0.005732297 0 0 0 1 1 0 0 0.2740172 0 -3.54895e-7 1 -0.4654444 0 -1 -2.79397e-7 -0.005732297 0 0 0 1 1 2.39856e-7 0 0.4171683 0 -3.54895e-7 1 -0.4654444 2.39856e-7 -1 -2.79397e-7 -0.005732178 0 0 0 1 1 1.36726e-5 0 0.4572482 0 -3.54895e-7 1 -0.4654444 1.36726e-5 -1 -2.79397e-7 -0.005726039 0 0 0 1 1 1.45971e-7 0 0.4973279 0 -3.54895e-7 1 -0.4654444 1.45971e-7 -1 -2.79397e-7 -0.005732774 0 0 0 1 0.9935415 0.1134688 0 0.552248 0 -3.54895e-7 1 -0.4824443 0.1134688 -0.9935415 -2.77592e-7 0.03213757 0 0 0 1 0.9935415 0.1134688 0 0.5852479 0 -3.01169e-7 1 -0.4824443 0.1134688 -0.9935415 -2.23517e-7 0.03213751 0 0 0 1 1 1.45971e-7 0 0.5518674 0 -3.64208e-7 1 -0.4824444 1.45971e-7 -1 -2.8871e-7 -0.006596207 0 0 0 1 1 1.45971e-7 0 0.5898085 0 -3.64208e-7 1 -0.4824444 1.45971e-7 -1 -2.8871e-7 -0.006596207 0 0 0 1 0.9877527 -0.1560278 0 0.5485914 0 -3.54895e-7 1 -0.4824444 -0.1560278 -0.9877527 -2.75975e-7 -0.06700938 0 0 0 1 0.9877527 -0.1560278 0 0.5815915 0 -3.76673e-7 1 -0.4824444 -0.1560278 -0.9877527 -2.98023e-7 -0.06700938 0 0 0 1 0.9909111 -0.09408807 -0.09613829 0.5577327 0.08499145 -0.1160554 0.9895998 -0.4108319 -0.1042669 -0.9887763 -0.1070039 -0.04394012 0 0 0 1 0.9909111 -0.09408807 -0.09613829 0.59222 0.08499145 -0.1160554 0.9895998 -0.4108318 -0.1042669 -0.9887763 -0.1070039 -0.06625717 0 0 0 1 1 0 0 0 0 -3.54895e-7 1 -0.6079697 0 -1 -2.79397e-7 -0.01024585 0 0 0 1 1 0 0 -0.103 0 -3.54895e-7 1 -0.7744012 0 -1 -2.79397e-7 -0.1281926 0 0 0 1 1 0 0 -0.103 0 -3.54895e-7 1 -0.7685519 0 -1 -2.79397e-7 -0.06312471 0 0 0 1 1 0 0 -0.103 0 -3.54895e-7 1 -0.7744012 0 -1 -2.79397e-7 -0.1796826 0 0 0 1 1 0 0 -0.103 0 -0.9988353 0.04824751 -0.1001321 0 -0.04824757 -0.9988353 0.7646111 0 0 0 1 1 0 0 -0.103 0 1 0 0.06312495 0 0 1 -0.7685519 0 0 0 1 1 1.50996e-7 0 0.103 0 3.54895e-7 -1 0.7744011 -1.50996e-7 1 2.79397e-7 0.1281926 0 0 0 1 1 0 0 0.103 0 -3.54895e-7 1 -0.7685519 0 -1 -2.79397e-7 -0.06312471 0 0 0 1 1 0 0 0.1028568 0 -3.54895e-7 1 -0.7744012 0 -1 -2.79397e-7 -0.1796826 0 0 0 1 1 0 0 0.103 0 -0.9988353 0.04824775 -0.1001323 0 -0.04824757 -0.9988353 0.7646111 0 0 0 1 1 0 0 0.103 0 -1 -1.11386e-6 -0.06312406 0 1.17446e-6 -1 0.768552 0 0 0 1 1 0 0 0 0 -3.54895e-7 1 -0.8750384 0 -1 -2.79397e-7 0.03980851 0 0 0 1 1 0 0 0 0 -3.54895e-7 1 -0.607031 0 -1 -2.79397e-7 -0.1423895 0 0 0 1 1 0 0 1.00436e-6 0 -3.54895e-7 1 -0.5983216 0 -1 -2.79397e-7 -0.1683276 0 0 0 1 1 0 0 -0.1679058 0 -2.05883e-7 1 -0.5968742 0 -1 -1.30385e-7 -0.1233199 0 0 0 1 1 0 0 0.1679078 0 -2.05883e-7 1 -0.5968742 0 -1 -1.30385e-7 -0.1233224 0 0 0 1 1 0 0 0 0 -3.54895e-7 1 -0.6707076 0 -1 -2.79397e-7 -0.1323786 0 0 0 1 1 0 0 0 0 -3.57628e-7 1 -0.520758 0 -1 -2.8213e-7 -0.1239921 0 0 0 1 1 0 0 1.00436e-6 0 -3.57628e-7 1 -0.5722039 0 -1 -2.8213e-7 -0.141271 0 0 0 1 1 0 0 -0.111 0 -3.94881e-7 1 -0.580758 0 -1 -3.19383e-7 -0.142992 0 0 0 1 1 1.50996e-7 0 0.111 0 4.32134e-7 -1 0.5805041 -1.50996e-7 1 3.56636e-7 0.1430059 0 0 0 1 1 0 0 0 0 -3.57628e-7 1 -0.5706831 0 -1 -2.8213e-7 -0.01338374 0 0 0 1 1 0 0 0 0 -3.57628e-7 1 -0.5713545 0 -1 -2.8213e-7 -0.06779658 0 0 0 1 1 0 0 0 0 -3.57628e-7 1 0 0 -1 -2.8213e-7 0 0 0 0 1 -0.002055704 -0.02905815 -0.9995757 0.3054539 0.0440514 0.9986049 -0.02912056 0.01029163 0.9990273 -0.04409241 -7.72825e-4 -0.1179401 0 0 0 1 0.002516746 0.07449424 -0.9972184 0.1578243 0.04402709 0.9962462 0.07453262 -0.006082296 0.9990273 -0.04409205 -7.72448e-4 -0.1179407 0 0 0 1 4.56402e-4 -0.8762145 -0.481921 0.03201848 0 -0.4819208 0.8762145 -0.06224334 -1 -4.00029e-4 -2.20016e-4 0.118041 0 0 0 1 1 0 0 -0.1180264 0 0 0.9999998 -0.03175383 -2.46626e-7 -0.9999998 -2.6965e-7 -0.07142281 0 0 0 1 0.002904653 -0.02905535 -0.9995736 0.3055534 -0.04398554 0.9986066 -0.02915513 0.01030999 0.9990279 0.04405128 0.001622557 0.1176803 0 0 0 1 -0.00166589 0.07448911 -0.9972205 0.1579253 -0.04404956 0.9962483 0.07449001 -0.006073117 0.999028 0.04405111 0.001621544 0.1176807 0 0 0 1 0 -0.8762143 -0.4819212 0.03207236 0 -0.4819211 0.8762145 -0.06224334 -1 1.51049e-7 0 -0.1178254 0 0 0 1 0.9999999 0 0 0.1178254 0 -3.57628e-7 0.9999999 -0.03175383 1.2713e-7 -0.9999998 -2.98023e-7 -0.07142281 0 0 0 1 1 0 0 0 0 -3.57628e-7 1 -0.406633 0 -1 -2.8213e-7 -0.1414517 0 0 0 1 1 0 0 0 0 -3.76254e-7 1 -0.3360888 0 -1 -3.00756e-7 -0.1471754 0 0 0 1</float_array>
          <technique_common>
            <accessor source="#bob_root_mesh_009-skin-bind_poses-array" count="63" stride="16">
              <param name="TRANSFORM" type="float4x4"/>
            </accessor>
          </technique_common>
        </source>
        <source id="bob_root_mesh_009-skin-weights">
          <float_array id="bob_root_mesh_009-skin-weights-array" count="622">0.003921687 0.9960784 1.53788e-5 0.9999846 1.53788e-5 0.9999846 0.003921687 0.9960784 1.53788e-5 0.9999846 1.53788e-5 0.9999846 1.53788e-5 0.9999846 0.003921687 0.9960784 0.003921687 0.9960784 0.003921687 0.9960784 0.003921687 0.9960784 0.003921687 0.9960784 0.003921687 0.9960784 0.003921687 0.9960784 0.003921687 0.9960784 0.003921687 0.9960784 0.003921687 0.9960784 0.003921687 0.9960784 0.003921687 0.9960784 0.003921687 0.9960784 0.003921687 0.9960784 0.003921687 0.9960784 0.003921687 0.9960784 1.53788e-5 0.9999846 0.003921687 0.9960784 0.003921687 0.9960784 1.53788e-5 0.9999846 1 0.298846 0.7011541 1.53788e-5 0.9999846 1.53788e-5 0.9999846 0.003921687 0.9960784 0.09962213 0.9003779 0.09961527 0.9003848 1 1 0.1000688 0.3020715 0.5978596 0.298846 0.7011541 0.298846 0.7011541 0.09961527 0.9003848 0.09960234 0.9003976 0.003921687 0.9960784 0.900397 0.09960299 0.900397 0.09960299 0.3000057 0.6999943 0.298846 0.7011541 0.1000021 0.899998 0.09960234 0.9003976 1.53788e-5 0.9999846 0.09961527 0.9003848 0.09960234 0.9003976 0.09960234 0.9003976 1 1 0.7011917 0.2988083 0.3323893 0.5015662 0.1660445 0.1000688 0.3020715 0.5978596 0.1992052 0.8007948 0.7011917 0.2988083 1 0.7011917 0.2988083 0.298846 0.7011541 1.53788e-5 0.9999846 1 0.2031368 0.7968632 0.1035285 0.8964715 0.003921687 0.9960784 0.3027523 0.6972477 0.298806 0.701194 0.4023661 0.5976339 0.641264 0.1992126 0.1595234 0.5019695 0.4980305 1 1 1 1 1 0.3323893 0.5015662 0.1660445 0.001968443 0.4999921 0.4980395 0.3086674 0.5219436 0.1222597 0.04712933 0.3086674 0.5219436 0.1222597 0.04712933 1.89434e-4 0.06412941 0.778185 0.1574962 0.2697558 0.2718954 0.05992043 0.3984284 7.71918e-6 0.001953065 0.001960575 0.9960786 0.7011923 0.2988077 1 1.89434e-4 0.06412941 0.778185 0.1574962 0.02844363 0.04809463 0.9191188 0.004342794 0 1.53174e-5 0.9999846 1.89434e-4 0.06412941 0.7781848 0.1574962 7.71917e-6 0.001953065 0.001960575 0.9960786 0.699993 0.3000071 1 0.00251466 7.81215e-4 6.25583e-4 0.9960786 0.298806 0.701194 0.641264 0.1992126 0.1595234 0.641264 0.1992126 0.1595234 0.3027523 0.6972477 0.003921687 0.9960784 0.003921687 0.9960784 0.003921687 0.9960784 0.1454248 0.6950498 0.1595254 0.2988061 0.7011939 0.7003989 0.2996011 0.7003989 0.2996011 1.89434e-4 0.06412941 0.7781848 0.1574962 0.001187205 0.002734303 0.9960785 0.00251466 7.81215e-4 6.25583e-4 0.9960786 0.003921687 0.9960784 1.53788e-5 0.9999846 0.09960234 0.9003976 0.09960234 0.9003976 1 1 1 0.1992052 0.8007948 0.1992052 0.8007948 0.1992052 0.8007948 0.4999999 0.5000001 0.4999999 0.5000001 0.4999999 0.5000001 0.4999999 0.5000001 0.4999999 0.5000001 0.1992052 0.8007948 0.1992052 0.8007948 0.1992052 0.8007948 1 0.2988063 0.7011937 0.4999999 0.5000001 0.3590891 0.3619306 0.07976323 0.199217 0.3086674 0.5219436 0.1222597 0.04712933 0.4999999 0.5000001 0.4999999 0.5000001 0.4999999 0.5000001 0.4999999 0.5000001 0.9960783 0.003921687 0.9960783 0.003921687 1 1 1 1 0.9960783 0.003921687 0.9960783 0.003921687 1 1 0.9960783 0.003921687 0.641264 0.1992126 0.1595234 0.641264 0.1992126 0.1595234 7.65869e-6 7.68943e-6 0.9960785 0.00390619 0.003921687 0.9960784 0.9960783 0.003921687 0.9960783 0.003921687 0.003921687 0.9960784 0.9960783 0.003921687 0.9960783 0.003921687 0.003921687 0.9960784 7.65869e-6 7.68943e-6 0.9960785 0.00390619 0.03273057 0.807751 0.1595183 0.03273057 0.807751 0.1595183 1 1 0.298806 0.701194 1 0.699993 0.3000071 1.53787e-5 0.00390613 0.9960785 1 0.9960783 0.003921687 1 0.9960783 0.003921687 1 0.2988061 0.7011939 0.1454248 0.6950498 0.1595254 1 1 1 1 1 0.298846 0.7011541 1 0.298846 0.7011541 0.298846 0.7011541 1 1 0.1035285 0.8964716 0.2988061 0.7011939 1 0.03273057 0.807751 0.1595183 0.1992052 0.8007948 0.1992218 0.7992742 0.001504063 1 1 0.298846 0.7011541 0.09961527 0.9003848 0.09961527 0.9003848 0.09961527 0.9003848 0.2988063 0.7011937 0.298846 0.7011541 1 1 1 1 0.1992052 0.8007948 0.1992218 0.7992742 0.001504063 1 0.298846 0.7011541 1 1 0.1992218 0.7992742 0.001504063 0.1992052 0.8007948 0.4999999 0.5000001 0.1992218 0.7992742 0.001504063 0.4999999 0.5000001 0.003921687 0.9960784 1.53788e-5 0.9999846 0.003921687 0.9960784 1.53788e-5 0.9999846 0.003921687 0.9960784 0.003921687 0.9960784 1.53788e-5 0.9999846 1.53788e-5 0.9999846 1.53788e-5 0.9999846 0.003921687 0.9960784 1.53788e-5 0.9999846 1.53788e-5 0.9999846 0.4999999 0.5000001 0.4999999 0.5000001 0.4999999 0.5000001 0.4999999 0.5000001 0.4999999 0.5000001 0.4999999 0.5000001 0.298846 0.7011541 1 0.1992052 0.8007948 0.1992052 0.8007948 0.4999999 0.5000001 0.4999999 0.5000001 0.4999999 0.5000001 0.4999999 0.5000001 0.1992052 0.8007948 0.1992052 0.8007948 1 1 1 0.298846 0.7011541 0.298846 0.7011541 0.09961527 0.9003848 1.53788e-5 0.9999846 0.003921687 0.9960784 0.09961527 0.9003848 0.09961527 0.9003848 1.53788e-5 0.9999846 0.4999999 0.5000001 0.4999999 0.5000001 0.4999999 0.5000001 0.4999999 0.5000001 1 1 0.4999999 0.5000001 0.4999999 0.5000001 0.4999999 0.5000001 0.4999999 0.5000001 0.4999999 0.5000001 0.4999999 0.5000001 0.4999999 0.5000001 0.4999999 0.5000001 1 0.4999999 0.5000001 0.4999999 0.5000001 0.4999999 0.5000001 0.4999999 0.5000001 0.4999999 0.5000001 0.4999999 0.5000001 0.4999999 0.5000001 0.4999999 0.5000001 0.5000764 0.4999237 0.5000153 0.4999847 0.4999999 0.5000001 0.4999999 0.5000001 0.4999999 0.5000001 0.4999999 0.5000001 0.4999999 0.5000001 0.4999999 0.5000001 0.1992169 0.6013654 0.1994177 0.1992169 0.6013654 0.1994177 0.900397 0.09960299 1 0.3000057 0.6999943 0.9960783 0.003921687 0.003921687 0.9960784 0.003921687 0.9960784 0.003921687 0.9960784 0.003921687 0.9960784 0.9960783 0.003921687 0.9960783 0.003921687 0.9960783 0.003921687 0.9960783 0.003921687 0.9960783 0.003921687 0.003921687 0.9960784 0.09961527 0.9003848 0.003921687 0.9960784 1.53788e-5 0.9999846 0.003921687 0.9960784 0.003921687 0.9960784 0.4999999 0.5000001 0.4999999 0.5000001 0.4999999 0.5000001 0.4999999 0.5000001 0.4999999 0.5000001 0.4999999 0.5000001 0.4999999 0.5000001 0.4999999 0.5000001</float_array>
          <technique_common>
            <accessor source="#bob_root_mesh_009-skin-weights-array" count="622" stride="1">
              <param name="WEIGHT" type="float"/>
            </accessor>
          </technique_common>
        </source>
        <joints>
          <input semantic="JOINT" source="#bob_root_mesh_009-skin-joints"/>
          <input semantic="INV_BIND_MATRIX" source="#bob_root_mesh_009-skin-bind_poses"/>
        </joints>
        <vertex_weights count="311">
          <input semantic="JOINT" source="#bob_root_mesh_009-skin-joints" offset="0"/>
          <input semantic="WEIGHT" source="#bob_root_mesh_009-skin-weights" offset="1"/>
          <vcount>2 2 2 2 2 2 2 2 2 2 2 2 2 2 2 2 2 2 2 2 2 2 2 2 2 2 2 1 2 2 2 2 2 2 1 1 3 2 2 2 2 2 2 2 2 2 2 2 2 2 2 2 1 1 2 3 3 2 2 1 2 2 2 1 2 2 2 2 2 2 3 2 1 1 1 1 1 3 3 4 4 4 4 4 2 1 4 4 3 4 4 2 1 4 2 3 3 2 2 2 2 3 2 2 2 4 3 4 2 2 2 2 1 1 1 2 2 2 2 2 2 2 2 2 2 2 1 2 2 4 4 2 2 2 2 2 2 1 1 1 1 2 2 1 1 2 3 3 4 2 2 2 2 2 2 2 4 3 3 1 1 2 1 2 3 1 2 1 2 1 2 3 1 1 1 1 1 2 1 2 2 1 1 2 2 1 3 2 3 1 1 2 2 2 2 2 2 1 1 1 1 2 3 1 2 1 1 3 2 2 3 2 2 2 2 2 2 2 2 2 2 2 2 2 2 2 2 2 2 2 2 1 2 2 2 2 2 2 2 2 1 1 1 2 2 2 2 2 2 2 2 2 2 2 2 1 1 2 2 2 2 2 2 2 2 1 2 2 2 2 2 2 2 2 2 2 2 2 2 2 2 2 3 3 2 1 2 2 2 2 2 2 2 2 2 2 2 2 2 2 2 2 2 2 2 2 2 2 2 2 2 </vcount>
          <v>29 0 40 1 29 2 40 3 29 4 40 5 29 6 40 7 29 8 40 9 29 10 40 11 29 12 40 13 29 14 40 15 29 16 40 17 29 18 40 19 29 20 40 21 29 22 40 23 29 24 40 25 29 26 40 27 29 28 40 29 29 30 40 31 29 32 40 33 29 34 40 35 29 36 40 37 29 38 40 39 29 40 40 41 29 42 40 43 29 44 40 45 29 46 40 47 29 48 40 49 29 50 40 51 29 52 40 53 29 54 29 55 40 56 29 57 40 58 29 59 40 60 29 61 40 62 29 63 40 64 29 65 40 66 29 67 29 68 2 69 29 70 43 71 29 72 40 73 29 74 40 75 29 76 40 77 29 78 40 79 29 80 40 81 29 82 44 83 29 84 44 85 29 86 40 87 29 88 40 89 29 90 40 91 29 92 40 93 29 94 40 95 29 96 40 97 29 98 40 99 29 100 40 101 29 102 29 103 29 104 43 105 2 106 29 107 43 108 2 109 29 110 43 111 2 112 29 113 29 114 43 115 29 116 29 117 43 118 29 119 40 120 29 121 40 122 29 123 29 124 41 125 29 126 41 127 29 128 41 129 29 130 41 131 29 132 44 133 29 134 44 135 29 136 41 137 44 138 29 139 41 140 29 141 29 142 29 143 29 144 29 145 2 146 29 147 44 148 29 149 44 150 49 151 2 152 46 153 47 154 49 155 2 156 46 157 47 158 48 159 29 160 46 161 47 162 48 163 2 164 29 165 43 166 48 167 29 168 43 169 46 170 48 171 43 172 48 173 48 174 29 175 46 176 47 177 48 178 2 179 46 180 47 181 49 182 29 183 41 184 47 185 29 186 46 187 47 188 49 189 29 190 44 191 46 192 49 193 44 194 49 195 44 196 29 197 41 198 44 199 49 200 29 201 44 202 29 203 41 204 44 205 29 206 41 207 44 208 29 209 41 210 29 211 41 212 29 213 41 214 29 215 41 216 29 217 41 218 43 219 29 220 43 221 43 222 48 223 43 224 48 225 29 226 46 227 47 228 49 229 29 230 41 231 47 232 29 233 41 234 44 235 49 236 29 237 40 238 29 239 40 240 29 241 40 242 29 243 40 244 29 245 29 246 29 247 2 248 29 249 2 250 29 251 2 252 29 253 1 254 2 255 1 256 2 257 1 258 2 259 1 260 2 261 1 262 2 263 2 264 29 265 2 266 29 267 2 268 29 269 29 270 29 271 40 272 1 273 2 274 2 275 29 276 44 277 49 278 2 279 46 280 47 281 49 282 1 283 2 284 1 285 2 286 1 287 2 288 1 289 2 290 47 291 50 292 47 293 50 294 47 295 47 296 47 297 47 298 47 299 50 300 47 301 50 302 47 303 47 304 47 305 50 306 29 307 41 308 44 309 29 310 41 311 44 312 44 313 46 314 47 315 49 316 29 317 47 318 47 319 50 320 47 321 50 322 29 323 47 324 47 325 50 326 47 327 50 328 29 329 47 330 43 331 46 332 47 333 48 334 29 335 41 336 43 337 29 338 41 339 43 340 50 341 50 342 29 343 44 344 44 345 44 346 49 347 29 348 41 349 47 350 47 351 47 352 50 353 48 354 47 355 50 356 43 357 29 358 43 359 29 360 41 361 43 362 50 363 29 364 29 365 29 366 29 367 29 368 40 369 29 370 29 371 40 372 29 373 40 374 29 375 29 376 29 377 43 378 29 379 43 380 43 381 29 382 41 383 43 384 2 385 29 386 2 387 29 388 44 389 29 390 29 391 29 392 40 393 29 394 40 395 29 396 40 397 29 398 40 399 29 400 40 401 29 402 40 403 29 404 29 405 29 406 29 407 2 408 29 409 2 410 29 411 43 412 29 413 29 414 40 415 29 416 29 417 2 418 29 419 43 420 2 421 29 422 1 423 2 424 2 425 29 426 44 427 1 428 2 429 29 430 40 431 29 432 40 433 29 434 40 435 29 436 40 437 29 438 40 439 29 440 40 441 29 442 40 443 29 444 40 445 29 446 40 447 29 448 40 449 29 450 40 451 29 452 40 453 1 454 2 455 1 456 2 457 1 458 2 459 1 460 2 461 1 462 2 463 1 464 2 465 29 466 40 467 29 468 2 469 29 470 2 471 29 472 1 473 2 474 1 475 2 476 1 477 2 478 1 479 2 480 2 481 29 482 2 483 29 484 29 485 29 486 29 487 29 488 40 489 29 490 40 491 29 492 40 493 29 494 40 495 29 496 40 497 29 498 40 499 29 500 40 501 29 502 40 503 1 504 2 505 1 506 2 507 1 508 2 509 1 510 2 511 1 512 1 513 1 514 2 515 1 516 2 517 1 518 2 519 1 520 2 521 1 522 2 523 1 524 2 525 1 526 2 527 1 528 2 529 1 530 1 531 2 532 1 533 2 534 1 535 2 536 1 537 2 538 1 539 2 540 1 541 2 542 1 543 2 544 1 545 2 546 1 547 2 548 1 549 2 550 1 551 2 552 1 553 2 554 1 555 2 556 1 557 2 558 1 559 2 560 1 561 2 562 2 563 29 564 44 565 2 566 29 567 44 568 29 569 44 570 29 571 29 572 40 573 47 574 50 575 29 576 47 577 29 578 47 579 29 580 47 581 29 582 47 583 47 584 50 585 47 586 50 587 47 588 50 589 47 590 50 591 47 592 50 593 29 594 40 595 29 596 40 597 29 598 40 599 29 600 40 601 29 602 40 603 29 604 40 605 1 606 2 607 1 608 2 609 1 610 2 611 1 612 2 613 1 614 2 615 1 616 2 617 1 618 2 619 1 620 2 621</v>
        </vertex_weights>
      </skin>
    </controller>
    <controller id="bob_root_mesh_008-skin" name="bob_root">
      <skin source="#unnamed_014-mesh">
        <bind_shape_matrix>1 0 0 0 0 1 0 0 0 0 1 0 0 0 0 1</bind_shape_matrix>
        <source id="bob_root_mesh_008-skin-joints">
          <Name_array id="bob_root_mesh_008-skin-joints-array" count="63">bob_root bob_sub_root bob_chest bob_clavicle_L bob_bicep_L bob_elbow_L bob_twist_L bob_wrist_L bob_index_base_L bob_index_tip_L bob_mid_base_L bob_mid_tp_L bob_pinky_base_L bob_pinky_tip_L bob_thumb_base_L bob_thumb_tip_L bob_clavicle_R bob_bicep_R bob_elbow_R bob_twist_R bob_wrist_R bob_index_base_R bob_index_tip_R bob_mid_base_R bob_mid_tip_R bob_pinky_base_R bob_pinky_tip_R bob_thumb_base_R bob_thumb_tip_R bob_head bob_eye_socket_shrink_L bob_eye_L bob_eye_stretch_L bob_lid_lower_L bob_lid_upper_L bob_eye_socket_shrink_R bob_eye_R bob_eye_stretch_R bob_lid_lower_R bob_lid_upper_R bob_forehead bob_lip_upper bob_teeth bob_mouth_L bob_mouth_R bob_nose bob_jaw bob_lip_lower bob_lip_lower_L bob_lip_lower_R bob_tongue_base bob_tongue_end bob_connect bob_thigh_L bob_knee_L bob_ankle_L bob_toe_L bob_thigh_R bob_knee_R bob_ankle_R bob_toe_R bob_tie_base bob_tie_end</Name_array>
          <technique_common>
            <accessor source="#bob_root_mesh_008-skin-joints-array" count="63" stride="1">
              <param name="JOINT" type="name"/>
            </accessor>
          </technique_common>
        </source>
        <source id="bob_root_mesh_008-skin-bind_poses">
          <float_array id="bob_root_mesh_008-skin-bind_poses-array" count="1008">1 0 0 0 0 -3.57628e-7 1 0 0 -1 -2.8213e-7 0 0 0 0 1 1 0 0 0 0 -3.57628e-7 1 -0.3631969 0 -1 -2.8213e-7 -0.01224803 0 0 0 1 1 0 0 0 0 -3.57628e-7 1 -0.4508612 0 -1 -2.8213e-7 -0.01024585 0 0 0 1 1 0 0 -0.08820319 0 -3.57628e-7 1 -0.4654444 0 -1 -2.8213e-7 -0.005732297 0 0 0 1 1 -1.15868e-5 0 -0.277226 0 -3.553e-7 1 -0.4634373 -1.15868e-5 -1 -2.79802e-7 -0.007435917 0 0 0 1 1 -1.18008e-5 0 -0.4199464 0 -3.54895e-7 1 -0.4634373 -1.18008e-5 -1 -2.79397e-7 -0.007435798 0 0 0 1 1 -1.18008e-5 0 -0.4600866 0 -3.26955e-7 1 -0.4634373 -1.18008e-5 -1 -2.51457e-7 -0.007435858 0 0 0 1 1 -6.51192e-5 0 -0.5002271 0 3.45581e-7 -1 0.4634373 6.51192e-5 1 2.70083e-7 0.007409155 0 0 0 1 0.9935342 -0.1135331 0 -0.5553187 0 2.71075e-7 -1 0.4804373 0.1135331 0.9935342 1.94312e-7 -0.03080087 0 0 0 1 0.9935342 -0.1135331 0 -0.5883189 0 3.00092e-7 -1 0.4804373 0.1135331 0.9935342 2.23517e-7 -0.03080087 0 0 0 1 1 -6.50009e-5 0 -0.5547661 0 3.36268e-7 -1 0.4804373 6.50009e-5 1 2.6077e-7 0.008272647 0 0 0 1 1 -6.50009e-5 0 -0.5927071 0 3.36268e-7 -1 0.4804373 6.50009e-5 1 2.6077e-7 0.008272647 0 0 0 1 0.9877629 0.1559637 0 -0.5511935 0 3.08328e-7 -1 0.4804373 -0.1559637 0.9877629 2.29982e-7 0.0691176 0 0 0 1 0.9877629 0.1559637 0 -0.5841937 0 3.29541e-7 -1 0.4804373 -0.1559637 0.9877629 2.51457e-7 0.0691176 0 0 0 1 0.806752 -0.5908901 5.73695e-7 -0.4475749 0.08500933 0.1160638 -0.9895972 0.4087883 0.5847432 0.7983596 0.1438658 -0.340138 0 0 0 1 0.8067505 -0.5908922 2.08616e-7 -0.4881426 0.08500933 0.1160638 -0.9895973 0.4087876 0.5847452 0.798358 0.1438658 -0.3465866 0 0 0 1 1 0 0 0.08815914 0 -3.57628e-7 1 -0.4654444 0 -1 -2.8213e-7 -0.005732297 0 0 0 1 1 0 0 0.2740172 0 -3.54895e-7 1 -0.4654444 0 -1 -2.79397e-7 -0.005732297 0 0 0 1 1 2.39856e-7 0 0.4171683 0 -3.54895e-7 1 -0.4654444 2.39856e-7 -1 -2.79397e-7 -0.005732178 0 0 0 1 1 1.36726e-5 0 0.4572482 0 -3.54895e-7 1 -0.4654444 1.36726e-5 -1 -2.79397e-7 -0.005726039 0 0 0 1 1 1.45971e-7 0 0.4973279 0 -3.54895e-7 1 -0.4654444 1.45971e-7 -1 -2.79397e-7 -0.005732774 0 0 0 1 0.9935415 0.1134688 0 0.552248 0 -3.54895e-7 1 -0.4824443 0.1134688 -0.9935415 -2.77592e-7 0.03213757 0 0 0 1 0.9935415 0.1134688 0 0.5852479 0 -3.01169e-7 1 -0.4824443 0.1134688 -0.9935415 -2.23517e-7 0.03213751 0 0 0 1 1 1.45971e-7 0 0.5518674 0 -3.64208e-7 1 -0.4824444 1.45971e-7 -1 -2.8871e-7 -0.006596207 0 0 0 1 1 1.45971e-7 0 0.5898085 0 -3.64208e-7 1 -0.4824444 1.45971e-7 -1 -2.8871e-7 -0.006596207 0 0 0 1 0.9877527 -0.1560278 0 0.5485914 0 -3.54895e-7 1 -0.4824444 -0.1560278 -0.9877527 -2.75975e-7 -0.06700938 0 0 0 1 0.9877527 -0.1560278 0 0.5815915 0 -3.76673e-7 1 -0.4824444 -0.1560278 -0.9877527 -2.98023e-7 -0.06700938 0 0 0 1 0.9909111 -0.09408807 -0.09613829 0.5577327 0.08499145 -0.1160554 0.9895998 -0.4108319 -0.1042669 -0.9887763 -0.1070039 -0.04394012 0 0 0 1 0.9909111 -0.09408807 -0.09613829 0.59222 0.08499145 -0.1160554 0.9895998 -0.4108318 -0.1042669 -0.9887763 -0.1070039 -0.06625717 0 0 0 1 1 0 0 0 0 -3.54895e-7 1 -0.6079697 0 -1 -2.79397e-7 -0.01024585 0 0 0 1 1 0 0 -0.103 0 -3.54895e-7 1 -0.7744012 0 -1 -2.79397e-7 -0.1281926 0 0 0 1 1 0 0 -0.103 0 -3.54895e-7 1 -0.7685519 0 -1 -2.79397e-7 -0.06312471 0 0 0 1 1 0 0 -0.103 0 -3.54895e-7 1 -0.7744012 0 -1 -2.79397e-7 -0.1796826 0 0 0 1 1 0 0 -0.103 0 -0.9988353 0.04824751 -0.1001321 0 -0.04824757 -0.9988353 0.7646111 0 0 0 1 1 0 0 -0.103 0 1 0 0.06312495 0 0 1 -0.7685519 0 0 0 1 1 1.50996e-7 0 0.103 0 3.54895e-7 -1 0.7744011 -1.50996e-7 1 2.79397e-7 0.1281926 0 0 0 1 1 0 0 0.103 0 -3.54895e-7 1 -0.7685519 0 -1 -2.79397e-7 -0.06312471 0 0 0 1 1 0 0 0.1028568 0 -3.54895e-7 1 -0.7744012 0 -1 -2.79397e-7 -0.1796826 0 0 0 1 1 0 0 0.103 0 -0.9988353 0.04824775 -0.1001323 0 -0.04824757 -0.9988353 0.7646111 0 0 0 1 1 0 0 0.103 0 -1 -1.11386e-6 -0.06312406 0 1.17446e-6 -1 0.768552 0 0 0 1 1 0 0 0 0 -3.54895e-7 1 -0.8750384 0 -1 -2.79397e-7 0.03980851 0 0 0 1 1 0 0 0 0 -3.54895e-7 1 -0.607031 0 -1 -2.79397e-7 -0.1423895 0 0 0 1 1 0 0 1.00436e-6 0 -3.54895e-7 1 -0.5983216 0 -1 -2.79397e-7 -0.1683276 0 0 0 1 1 0 0 -0.1679058 0 -2.05883e-7 1 -0.5968742 0 -1 -1.30385e-7 -0.1233199 0 0 0 1 1 0 0 0.1679078 0 -2.05883e-7 1 -0.5968742 0 -1 -1.30385e-7 -0.1233224 0 0 0 1 1 0 0 0 0 -3.54895e-7 1 -0.6707076 0 -1 -2.79397e-7 -0.1323786 0 0 0 1 1 0 0 0 0 -3.57628e-7 1 -0.520758 0 -1 -2.8213e-7 -0.1239921 0 0 0 1 1 0 0 1.00436e-6 0 -3.57628e-7 1 -0.5722039 0 -1 -2.8213e-7 -0.141271 0 0 0 1 1 0 0 -0.111 0 -3.94881e-7 1 -0.580758 0 -1 -3.19383e-7 -0.142992 0 0 0 1 1 1.50996e-7 0 0.111 0 4.32134e-7 -1 0.5805041 -1.50996e-7 1 3.56636e-7 0.1430059 0 0 0 1 1 0 0 0 0 -3.57628e-7 1 -0.5706831 0 -1 -2.8213e-7 -0.01338374 0 0 0 1 1 0 0 0 0 -3.57628e-7 1 -0.5713545 0 -1 -2.8213e-7 -0.06779658 0 0 0 1 1 0 0 0 0 -3.57628e-7 1 0 0 -1 -2.8213e-7 0 0 0 0 1 -0.002055704 -0.02905815 -0.9995757 0.3054539 0.0440514 0.9986049 -0.02912056 0.01029163 0.9990273 -0.04409241 -7.72825e-4 -0.1179401 0 0 0 1 0.002516746 0.07449424 -0.9972184 0.1578243 0.04402709 0.9962462 0.07453262 -0.006082296 0.9990273 -0.04409205 -7.72448e-4 -0.1179407 0 0 0 1 4.56402e-4 -0.8762145 -0.481921 0.03201848 0 -0.4819208 0.8762145 -0.06224334 -1 -4.00029e-4 -2.20016e-4 0.118041 0 0 0 1 1 0 0 -0.1180264 0 0 0.9999998 -0.03175383 -2.46626e-7 -0.9999998 -2.6965e-7 -0.07142281 0 0 0 1 0.002904653 -0.02905535 -0.9995736 0.3055534 -0.04398554 0.9986066 -0.02915513 0.01030999 0.9990279 0.04405128 0.001622557 0.1176803 0 0 0 1 -0.00166589 0.07448911 -0.9972205 0.1579253 -0.04404956 0.9962483 0.07449001 -0.006073117 0.999028 0.04405111 0.001621544 0.1176807 0 0 0 1 0 -0.8762143 -0.4819212 0.03207236 0 -0.4819211 0.8762145 -0.06224334 -1 1.51049e-7 0 -0.1178254 0 0 0 1 0.9999999 0 0 0.1178254 0 -3.57628e-7 0.9999999 -0.03175383 1.2713e-7 -0.9999998 -2.98023e-7 -0.07142281 0 0 0 1 1 0 0 0 0 -3.57628e-7 1 -0.406633 0 -1 -2.8213e-7 -0.1414517 0 0 0 1 1 0 0 0 0 -3.76254e-7 1 -0.3360888 0 -1 -3.00756e-7 -0.1471754 0 0 0 1</float_array>
          <technique_common>
            <accessor source="#bob_root_mesh_008-skin-bind_poses-array" count="63" stride="16">
              <param name="TRANSFORM" type="float4x4"/>
            </accessor>
          </technique_common>
        </source>
        <source id="bob_root_mesh_008-skin-weights">
          <float_array id="bob_root_mesh_008-skin-weights-array" count="4">1 1 1 1</float_array>
          <technique_common>
            <accessor source="#bob_root_mesh_008-skin-weights-array" count="4" stride="1">
              <param name="WEIGHT" type="float"/>
            </accessor>
          </technique_common>
        </source>
        <joints>
          <input semantic="JOINT" source="#bob_root_mesh_008-skin-joints"/>
          <input semantic="INV_BIND_MATRIX" source="#bob_root_mesh_008-skin-bind_poses"/>
        </joints>
        <vertex_weights count="4">
          <input semantic="JOINT" source="#bob_root_mesh_008-skin-joints" offset="0"/>
          <input semantic="WEIGHT" source="#bob_root_mesh_008-skin-weights" offset="1"/>
          <vcount>1 1 1 1 </vcount>
          <v>44 0 44 1 44 2 44 3</v>
        </vertex_weights>
      </skin>
    </controller>
    <controller id="bob_root_mesh_007-skin" name="bob_root">
      <skin source="#unnamed_013-mesh">
        <bind_shape_matrix>1 0 0 0 0 1 0 0 0 0 1 0 0 0 0 1</bind_shape_matrix>
        <source id="bob_root_mesh_007-skin-joints">
          <Name_array id="bob_root_mesh_007-skin-joints-array" count="63">bob_root bob_sub_root bob_chest bob_clavicle_L bob_bicep_L bob_elbow_L bob_twist_L bob_wrist_L bob_index_base_L bob_index_tip_L bob_mid_base_L bob_mid_tp_L bob_pinky_base_L bob_pinky_tip_L bob_thumb_base_L bob_thumb_tip_L bob_clavicle_R bob_bicep_R bob_elbow_R bob_twist_R bob_wrist_R bob_index_base_R bob_index_tip_R bob_mid_base_R bob_mid_tip_R bob_pinky_base_R bob_pinky_tip_R bob_thumb_base_R bob_thumb_tip_R bob_head bob_eye_socket_shrink_L bob_eye_L bob_eye_stretch_L bob_lid_lower_L bob_lid_upper_L bob_eye_socket_shrink_R bob_eye_R bob_eye_stretch_R bob_lid_lower_R bob_lid_upper_R bob_forehead bob_lip_upper bob_teeth bob_mouth_L bob_mouth_R bob_nose bob_jaw bob_lip_lower bob_lip_lower_L bob_lip_lower_R bob_tongue_base bob_tongue_end bob_connect bob_thigh_L bob_knee_L bob_ankle_L bob_toe_L bob_thigh_R bob_knee_R bob_ankle_R bob_toe_R bob_tie_base bob_tie_end</Name_array>
          <technique_common>
            <accessor source="#bob_root_mesh_007-skin-joints-array" count="63" stride="1">
              <param name="JOINT" type="name"/>
            </accessor>
          </technique_common>
        </source>
        <source id="bob_root_mesh_007-skin-bind_poses">
          <float_array id="bob_root_mesh_007-skin-bind_poses-array" count="1008">1 0 0 0 0 -3.57628e-7 1 0 0 -1 -2.8213e-7 0 0 0 0 1 1 0 0 0 0 -3.57628e-7 1 -0.3631969 0 -1 -2.8213e-7 -0.01224803 0 0 0 1 1 0 0 0 0 -3.57628e-7 1 -0.4508612 0 -1 -2.8213e-7 -0.01024585 0 0 0 1 1 0 0 -0.08820319 0 -3.57628e-7 1 -0.4654444 0 -1 -2.8213e-7 -0.005732297 0 0 0 1 1 -1.15868e-5 0 -0.277226 0 -3.553e-7 1 -0.4634373 -1.15868e-5 -1 -2.79802e-7 -0.007435917 0 0 0 1 1 -1.18008e-5 0 -0.4199464 0 -3.54895e-7 1 -0.4634373 -1.18008e-5 -1 -2.79397e-7 -0.007435798 0 0 0 1 1 -1.18008e-5 0 -0.4600866 0 -3.26955e-7 1 -0.4634373 -1.18008e-5 -1 -2.51457e-7 -0.007435858 0 0 0 1 1 -6.51192e-5 0 -0.5002271 0 3.45581e-7 -1 0.4634373 6.51192e-5 1 2.70083e-7 0.007409155 0 0 0 1 0.9935342 -0.1135331 0 -0.5553187 0 2.71075e-7 -1 0.4804373 0.1135331 0.9935342 1.94312e-7 -0.03080087 0 0 0 1 0.9935342 -0.1135331 0 -0.5883189 0 3.00092e-7 -1 0.4804373 0.1135331 0.9935342 2.23517e-7 -0.03080087 0 0 0 1 1 -6.50009e-5 0 -0.5547661 0 3.36268e-7 -1 0.4804373 6.50009e-5 1 2.6077e-7 0.008272647 0 0 0 1 1 -6.50009e-5 0 -0.5927071 0 3.36268e-7 -1 0.4804373 6.50009e-5 1 2.6077e-7 0.008272647 0 0 0 1 0.9877629 0.1559637 0 -0.5511935 0 3.08328e-7 -1 0.4804373 -0.1559637 0.9877629 2.29982e-7 0.0691176 0 0 0 1 0.9877629 0.1559637 0 -0.5841937 0 3.29541e-7 -1 0.4804373 -0.1559637 0.9877629 2.51457e-7 0.0691176 0 0 0 1 0.806752 -0.5908901 5.73695e-7 -0.4475749 0.08500933 0.1160638 -0.9895972 0.4087883 0.5847432 0.7983596 0.1438658 -0.340138 0 0 0 1 0.8067505 -0.5908922 2.08616e-7 -0.4881426 0.08500933 0.1160638 -0.9895973 0.4087876 0.5847452 0.798358 0.1438658 -0.3465866 0 0 0 1 1 0 0 0.08815914 0 -3.57628e-7 1 -0.4654444 0 -1 -2.8213e-7 -0.005732297 0 0 0 1 1 0 0 0.2740172 0 -3.54895e-7 1 -0.4654444 0 -1 -2.79397e-7 -0.005732297 0 0 0 1 1 2.39856e-7 0 0.4171683 0 -3.54895e-7 1 -0.4654444 2.39856e-7 -1 -2.79397e-7 -0.005732178 0 0 0 1 1 1.36726e-5 0 0.4572482 0 -3.54895e-7 1 -0.4654444 1.36726e-5 -1 -2.79397e-7 -0.005726039 0 0 0 1 1 1.45971e-7 0 0.4973279 0 -3.54895e-7 1 -0.4654444 1.45971e-7 -1 -2.79397e-7 -0.005732774 0 0 0 1 0.9935415 0.1134688 0 0.552248 0 -3.54895e-7 1 -0.4824443 0.1134688 -0.9935415 -2.77592e-7 0.03213757 0 0 0 1 0.9935415 0.1134688 0 0.5852479 0 -3.01169e-7 1 -0.4824443 0.1134688 -0.9935415 -2.23517e-7 0.03213751 0 0 0 1 1 1.45971e-7 0 0.5518674 0 -3.64208e-7 1 -0.4824444 1.45971e-7 -1 -2.8871e-7 -0.006596207 0 0 0 1 1 1.45971e-7 0 0.5898085 0 -3.64208e-7 1 -0.4824444 1.45971e-7 -1 -2.8871e-7 -0.006596207 0 0 0 1 0.9877527 -0.1560278 0 0.5485914 0 -3.54895e-7 1 -0.4824444 -0.1560278 -0.9877527 -2.75975e-7 -0.06700938 0 0 0 1 0.9877527 -0.1560278 0 0.5815915 0 -3.76673e-7 1 -0.4824444 -0.1560278 -0.9877527 -2.98023e-7 -0.06700938 0 0 0 1 0.9909111 -0.09408807 -0.09613829 0.5577327 0.08499145 -0.1160554 0.9895998 -0.4108319 -0.1042669 -0.9887763 -0.1070039 -0.04394012 0 0 0 1 0.9909111 -0.09408807 -0.09613829 0.59222 0.08499145 -0.1160554 0.9895998 -0.4108318 -0.1042669 -0.9887763 -0.1070039 -0.06625717 0 0 0 1 1 0 0 0 0 -3.54895e-7 1 -0.6079697 0 -1 -2.79397e-7 -0.01024585 0 0 0 1 1 0 0 -0.103 0 -3.54895e-7 1 -0.7744012 0 -1 -2.79397e-7 -0.1281926 0 0 0 1 1 0 0 -0.103 0 -3.54895e-7 1 -0.7685519 0 -1 -2.79397e-7 -0.06312471 0 0 0 1 1 0 0 -0.103 0 -3.54895e-7 1 -0.7744012 0 -1 -2.79397e-7 -0.1796826 0 0 0 1 1 0 0 -0.103 0 -0.9988353 0.04824751 -0.1001321 0 -0.04824757 -0.9988353 0.7646111 0 0 0 1 1 0 0 -0.103 0 1 0 0.06312495 0 0 1 -0.7685519 0 0 0 1 1 1.50996e-7 0 0.103 0 3.54895e-7 -1 0.7744011 -1.50996e-7 1 2.79397e-7 0.1281926 0 0 0 1 1 0 0 0.103 0 -3.54895e-7 1 -0.7685519 0 -1 -2.79397e-7 -0.06312471 0 0 0 1 1 0 0 0.1028568 0 -3.54895e-7 1 -0.7744012 0 -1 -2.79397e-7 -0.1796826 0 0 0 1 1 0 0 0.103 0 -0.9988353 0.04824775 -0.1001323 0 -0.04824757 -0.9988353 0.7646111 0 0 0 1 1 0 0 0.103 0 -1 -1.11386e-6 -0.06312406 0 1.17446e-6 -1 0.768552 0 0 0 1 1 0 0 0 0 -3.54895e-7 1 -0.8750384 0 -1 -2.79397e-7 0.03980851 0 0 0 1 1 0 0 0 0 -3.54895e-7 1 -0.607031 0 -1 -2.79397e-7 -0.1423895 0 0 0 1 1 0 0 1.00436e-6 0 -3.54895e-7 1 -0.5983216 0 -1 -2.79397e-7 -0.1683276 0 0 0 1 1 0 0 -0.1679058 0 -2.05883e-7 1 -0.5968742 0 -1 -1.30385e-7 -0.1233199 0 0 0 1 1 0 0 0.1679078 0 -2.05883e-7 1 -0.5968742 0 -1 -1.30385e-7 -0.1233224 0 0 0 1 1 0 0 0 0 -3.54895e-7 1 -0.6707076 0 -1 -2.79397e-7 -0.1323786 0 0 0 1 1 0 0 0 0 -3.57628e-7 1 -0.520758 0 -1 -2.8213e-7 -0.1239921 0 0 0 1 1 0 0 1.00436e-6 0 -3.57628e-7 1 -0.5722039 0 -1 -2.8213e-7 -0.141271 0 0 0 1 1 0 0 -0.111 0 -3.94881e-7 1 -0.580758 0 -1 -3.19383e-7 -0.142992 0 0 0 1 1 1.50996e-7 0 0.111 0 4.32134e-7 -1 0.5805041 -1.50996e-7 1 3.56636e-7 0.1430059 0 0 0 1 1 0 0 0 0 -3.57628e-7 1 -0.5706831 0 -1 -2.8213e-7 -0.01338374 0 0 0 1 1 0 0 0 0 -3.57628e-7 1 -0.5713545 0 -1 -2.8213e-7 -0.06779658 0 0 0 1 1 0 0 0 0 -3.57628e-7 1 0 0 -1 -2.8213e-7 0 0 0 0 1 -0.002055704 -0.02905815 -0.9995757 0.3054539 0.0440514 0.9986049 -0.02912056 0.01029163 0.9990273 -0.04409241 -7.72825e-4 -0.1179401 0 0 0 1 0.002516746 0.07449424 -0.9972184 0.1578243 0.04402709 0.9962462 0.07453262 -0.006082296 0.9990273 -0.04409205 -7.72448e-4 -0.1179407 0 0 0 1 4.56402e-4 -0.8762145 -0.481921 0.03201848 0 -0.4819208 0.8762145 -0.06224334 -1 -4.00029e-4 -2.20016e-4 0.118041 0 0 0 1 1 0 0 -0.1180264 0 0 0.9999998 -0.03175383 -2.46626e-7 -0.9999998 -2.6965e-7 -0.07142281 0 0 0 1 0.002904653 -0.02905535 -0.9995736 0.3055534 -0.04398554 0.9986066 -0.02915513 0.01030999 0.9990279 0.04405128 0.001622557 0.1176803 0 0 0 1 -0.00166589 0.07448911 -0.9972205 0.1579253 -0.04404956 0.9962483 0.07449001 -0.006073117 0.999028 0.04405111 0.001621544 0.1176807 0 0 0 1 0 -0.8762143 -0.4819212 0.03207236 0 -0.4819211 0.8762145 -0.06224334 -1 1.51049e-7 0 -0.1178254 0 0 0 1 0.9999999 0 0 0.1178254 0 -3.57628e-7 0.9999999 -0.03175383 1.2713e-7 -0.9999998 -2.98023e-7 -0.07142281 0 0 0 1 1 0 0 0 0 -3.57628e-7 1 -0.406633 0 -1 -2.8213e-7 -0.1414517 0 0 0 1 1 0 0 0 0 -3.76254e-7 1 -0.3360888 0 -1 -3.00756e-7 -0.1471754 0 0 0 1</float_array>
          <technique_common>
            <accessor source="#bob_root_mesh_007-skin-bind_poses-array" count="63" stride="16">
              <param name="TRANSFORM" type="float4x4"/>
            </accessor>
          </technique_common>
        </source>
        <source id="bob_root_mesh_007-skin-weights">
          <float_array id="bob_root_mesh_007-skin-weights-array" count="4">1 1 1 1</float_array>
          <technique_common>
            <accessor source="#bob_root_mesh_007-skin-weights-array" count="4" stride="1">
              <param name="WEIGHT" type="float"/>
            </accessor>
          </technique_common>
        </source>
        <joints>
          <input semantic="JOINT" source="#bob_root_mesh_007-skin-joints"/>
          <input semantic="INV_BIND_MATRIX" source="#bob_root_mesh_007-skin-bind_poses"/>
        </joints>
        <vertex_weights count="4">
          <input semantic="JOINT" source="#bob_root_mesh_007-skin-joints" offset="0"/>
          <input semantic="WEIGHT" source="#bob_root_mesh_007-skin-weights" offset="1"/>
          <vcount>1 1 1 1 </vcount>
          <v>46 0 46 1 46 2 46 3</v>
        </vertex_weights>
      </skin>
    </controller>
    <controller id="bob_root_mesh_006-skin" name="bob_root">
      <skin source="#unnamed_012-mesh">
        <bind_shape_matrix>1 0 0 0 0 1 0 0 0 0 1 0 0 0 0 1</bind_shape_matrix>
        <source id="bob_root_mesh_006-skin-joints">
          <Name_array id="bob_root_mesh_006-skin-joints-array" count="63">bob_root bob_sub_root bob_chest bob_clavicle_L bob_bicep_L bob_elbow_L bob_twist_L bob_wrist_L bob_index_base_L bob_index_tip_L bob_mid_base_L bob_mid_tp_L bob_pinky_base_L bob_pinky_tip_L bob_thumb_base_L bob_thumb_tip_L bob_clavicle_R bob_bicep_R bob_elbow_R bob_twist_R bob_wrist_R bob_index_base_R bob_index_tip_R bob_mid_base_R bob_mid_tip_R bob_pinky_base_R bob_pinky_tip_R bob_thumb_base_R bob_thumb_tip_R bob_head bob_eye_socket_shrink_L bob_eye_L bob_eye_stretch_L bob_lid_lower_L bob_lid_upper_L bob_eye_socket_shrink_R bob_eye_R bob_eye_stretch_R bob_lid_lower_R bob_lid_upper_R bob_forehead bob_lip_upper bob_teeth bob_mouth_L bob_mouth_R bob_nose bob_jaw bob_lip_lower bob_lip_lower_L bob_lip_lower_R bob_tongue_base bob_tongue_end bob_connect bob_thigh_L bob_knee_L bob_ankle_L bob_toe_L bob_thigh_R bob_knee_R bob_ankle_R bob_toe_R bob_tie_base bob_tie_end</Name_array>
          <technique_common>
            <accessor source="#bob_root_mesh_006-skin-joints-array" count="63" stride="1">
              <param name="JOINT" type="name"/>
            </accessor>
          </technique_common>
        </source>
        <source id="bob_root_mesh_006-skin-bind_poses">
          <float_array id="bob_root_mesh_006-skin-bind_poses-array" count="1008">1 0 0 0 0 -3.57628e-7 1 0 0 -1 -2.8213e-7 0 0 0 0 1 1 0 0 0 0 -3.57628e-7 1 -0.3631969 0 -1 -2.8213e-7 -0.01224803 0 0 0 1 1 0 0 0 0 -3.57628e-7 1 -0.4508612 0 -1 -2.8213e-7 -0.01024585 0 0 0 1 1 0 0 -0.08820319 0 -3.57628e-7 1 -0.4654444 0 -1 -2.8213e-7 -0.005732297 0 0 0 1 1 -1.15868e-5 0 -0.277226 0 -3.553e-7 1 -0.4634373 -1.15868e-5 -1 -2.79802e-7 -0.007435917 0 0 0 1 1 -1.18008e-5 0 -0.4199464 0 -3.54895e-7 1 -0.4634373 -1.18008e-5 -1 -2.79397e-7 -0.007435798 0 0 0 1 1 -1.18008e-5 0 -0.4600866 0 -3.26955e-7 1 -0.4634373 -1.18008e-5 -1 -2.51457e-7 -0.007435858 0 0 0 1 1 -6.51192e-5 0 -0.5002271 0 3.45581e-7 -1 0.4634373 6.51192e-5 1 2.70083e-7 0.007409155 0 0 0 1 0.9935342 -0.1135331 0 -0.5553187 0 2.71075e-7 -1 0.4804373 0.1135331 0.9935342 1.94312e-7 -0.03080087 0 0 0 1 0.9935342 -0.1135331 0 -0.5883189 0 3.00092e-7 -1 0.4804373 0.1135331 0.9935342 2.23517e-7 -0.03080087 0 0 0 1 1 -6.50009e-5 0 -0.5547661 0 3.36268e-7 -1 0.4804373 6.50009e-5 1 2.6077e-7 0.008272647 0 0 0 1 1 -6.50009e-5 0 -0.5927071 0 3.36268e-7 -1 0.4804373 6.50009e-5 1 2.6077e-7 0.008272647 0 0 0 1 0.9877629 0.1559637 0 -0.5511935 0 3.08328e-7 -1 0.4804373 -0.1559637 0.9877629 2.29982e-7 0.0691176 0 0 0 1 0.9877629 0.1559637 0 -0.5841937 0 3.29541e-7 -1 0.4804373 -0.1559637 0.9877629 2.51457e-7 0.0691176 0 0 0 1 0.806752 -0.5908901 5.73695e-7 -0.4475749 0.08500933 0.1160638 -0.9895972 0.4087883 0.5847432 0.7983596 0.1438658 -0.340138 0 0 0 1 0.8067505 -0.5908922 2.08616e-7 -0.4881426 0.08500933 0.1160638 -0.9895973 0.4087876 0.5847452 0.798358 0.1438658 -0.3465866 0 0 0 1 1 0 0 0.08815914 0 -3.57628e-7 1 -0.4654444 0 -1 -2.8213e-7 -0.005732297 0 0 0 1 1 0 0 0.2740172 0 -3.54895e-7 1 -0.4654444 0 -1 -2.79397e-7 -0.005732297 0 0 0 1 1 2.39856e-7 0 0.4171683 0 -3.54895e-7 1 -0.4654444 2.39856e-7 -1 -2.79397e-7 -0.005732178 0 0 0 1 1 1.36726e-5 0 0.4572482 0 -3.54895e-7 1 -0.4654444 1.36726e-5 -1 -2.79397e-7 -0.005726039 0 0 0 1 1 1.45971e-7 0 0.4973279 0 -3.54895e-7 1 -0.4654444 1.45971e-7 -1 -2.79397e-7 -0.005732774 0 0 0 1 0.9935415 0.1134688 0 0.552248 0 -3.54895e-7 1 -0.4824443 0.1134688 -0.9935415 -2.77592e-7 0.03213757 0 0 0 1 0.9935415 0.1134688 0 0.5852479 0 -3.01169e-7 1 -0.4824443 0.1134688 -0.9935415 -2.23517e-7 0.03213751 0 0 0 1 1 1.45971e-7 0 0.5518674 0 -3.64208e-7 1 -0.4824444 1.45971e-7 -1 -2.8871e-7 -0.006596207 0 0 0 1 1 1.45971e-7 0 0.5898085 0 -3.64208e-7 1 -0.4824444 1.45971e-7 -1 -2.8871e-7 -0.006596207 0 0 0 1 0.9877527 -0.1560278 0 0.5485914 0 -3.54895e-7 1 -0.4824444 -0.1560278 -0.9877527 -2.75975e-7 -0.06700938 0 0 0 1 0.9877527 -0.1560278 0 0.5815915 0 -3.76673e-7 1 -0.4824444 -0.1560278 -0.9877527 -2.98023e-7 -0.06700938 0 0 0 1 0.9909111 -0.09408807 -0.09613829 0.5577327 0.08499145 -0.1160554 0.9895998 -0.4108319 -0.1042669 -0.9887763 -0.1070039 -0.04394012 0 0 0 1 0.9909111 -0.09408807 -0.09613829 0.59222 0.08499145 -0.1160554 0.9895998 -0.4108318 -0.1042669 -0.9887763 -0.1070039 -0.06625717 0 0 0 1 1 0 0 0 0 -3.54895e-7 1 -0.6079697 0 -1 -2.79397e-7 -0.01024585 0 0 0 1 1 0 0 -0.103 0 -3.54895e-7 1 -0.7744012 0 -1 -2.79397e-7 -0.1281926 0 0 0 1 1 0 0 -0.103 0 -3.54895e-7 1 -0.7685519 0 -1 -2.79397e-7 -0.06312471 0 0 0 1 1 0 0 -0.103 0 -3.54895e-7 1 -0.7744012 0 -1 -2.79397e-7 -0.1796826 0 0 0 1 1 0 0 -0.103 0 -0.9988353 0.04824751 -0.1001321 0 -0.04824757 -0.9988353 0.7646111 0 0 0 1 1 0 0 -0.103 0 1 0 0.06312495 0 0 1 -0.7685519 0 0 0 1 1 1.50996e-7 0 0.103 0 3.54895e-7 -1 0.7744011 -1.50996e-7 1 2.79397e-7 0.1281926 0 0 0 1 1 0 0 0.103 0 -3.54895e-7 1 -0.7685519 0 -1 -2.79397e-7 -0.06312471 0 0 0 1 1 0 0 0.1028568 0 -3.54895e-7 1 -0.7744012 0 -1 -2.79397e-7 -0.1796826 0 0 0 1 1 0 0 0.103 0 -0.9988353 0.04824775 -0.1001323 0 -0.04824757 -0.9988353 0.7646111 0 0 0 1 1 0 0 0.103 0 -1 -1.11386e-6 -0.06312406 0 1.17446e-6 -1 0.768552 0 0 0 1 1 0 0 0 0 -3.54895e-7 1 -0.8750384 0 -1 -2.79397e-7 0.03980851 0 0 0 1 1 0 0 0 0 -3.54895e-7 1 -0.607031 0 -1 -2.79397e-7 -0.1423895 0 0 0 1 1 0 0 1.00436e-6 0 -3.54895e-7 1 -0.5983216 0 -1 -2.79397e-7 -0.1683276 0 0 0 1 1 0 0 -0.1679058 0 -2.05883e-7 1 -0.5968742 0 -1 -1.30385e-7 -0.1233199 0 0 0 1 1 0 0 0.1679078 0 -2.05883e-7 1 -0.5968742 0 -1 -1.30385e-7 -0.1233224 0 0 0 1 1 0 0 0 0 -3.54895e-7 1 -0.6707076 0 -1 -2.79397e-7 -0.1323786 0 0 0 1 1 0 0 0 0 -3.57628e-7 1 -0.520758 0 -1 -2.8213e-7 -0.1239921 0 0 0 1 1 0 0 1.00436e-6 0 -3.57628e-7 1 -0.5722039 0 -1 -2.8213e-7 -0.141271 0 0 0 1 1 0 0 -0.111 0 -3.94881e-7 1 -0.580758 0 -1 -3.19383e-7 -0.142992 0 0 0 1 1 1.50996e-7 0 0.111 0 4.32134e-7 -1 0.5805041 -1.50996e-7 1 3.56636e-7 0.1430059 0 0 0 1 1 0 0 0 0 -3.57628e-7 1 -0.5706831 0 -1 -2.8213e-7 -0.01338374 0 0 0 1 1 0 0 0 0 -3.57628e-7 1 -0.5713545 0 -1 -2.8213e-7 -0.06779658 0 0 0 1 1 0 0 0 0 -3.57628e-7 1 0 0 -1 -2.8213e-7 0 0 0 0 1 -0.002055704 -0.02905815 -0.9995757 0.3054539 0.0440514 0.9986049 -0.02912056 0.01029163 0.9990273 -0.04409241 -7.72825e-4 -0.1179401 0 0 0 1 0.002516746 0.07449424 -0.9972184 0.1578243 0.04402709 0.9962462 0.07453262 -0.006082296 0.9990273 -0.04409205 -7.72448e-4 -0.1179407 0 0 0 1 4.56402e-4 -0.8762145 -0.481921 0.03201848 0 -0.4819208 0.8762145 -0.06224334 -1 -4.00029e-4 -2.20016e-4 0.118041 0 0 0 1 1 0 0 -0.1180264 0 0 0.9999998 -0.03175383 -2.46626e-7 -0.9999998 -2.6965e-7 -0.07142281 0 0 0 1 0.002904653 -0.02905535 -0.9995736 0.3055534 -0.04398554 0.9986066 -0.02915513 0.01030999 0.9990279 0.04405128 0.001622557 0.1176803 0 0 0 1 -0.00166589 0.07448911 -0.9972205 0.1579253 -0.04404956 0.9962483 0.07449001 -0.006073117 0.999028 0.04405111 0.001621544 0.1176807 0 0 0 1 0 -0.8762143 -0.4819212 0.03207236 0 -0.4819211 0.8762145 -0.06224334 -1 1.51049e-7 0 -0.1178254 0 0 0 1 0.9999999 0 0 0.1178254 0 -3.57628e-7 0.9999999 -0.03175383 1.2713e-7 -0.9999998 -2.98023e-7 -0.07142281 0 0 0 1 1 0 0 0 0 -3.57628e-7 1 -0.406633 0 -1 -2.8213e-7 -0.1414517 0 0 0 1 1 0 0 0 0 -3.76254e-7 1 -0.3360888 0 -1 -3.00756e-7 -0.1471754 0 0 0 1</float_array>
          <technique_common>
            <accessor source="#bob_root_mesh_006-skin-bind_poses-array" count="63" stride="16">
              <param name="TRANSFORM" type="float4x4"/>
            </accessor>
          </technique_common>
        </source>
        <source id="bob_root_mesh_006-skin-weights">
          <float_array id="bob_root_mesh_006-skin-weights-array" count="4">1 1 1 1</float_array>
          <technique_common>
            <accessor source="#bob_root_mesh_006-skin-weights-array" count="4" stride="1">
              <param name="WEIGHT" type="float"/>
            </accessor>
          </technique_common>
        </source>
        <joints>
          <input semantic="JOINT" source="#bob_root_mesh_006-skin-joints"/>
          <input semantic="INV_BIND_MATRIX" source="#bob_root_mesh_006-skin-bind_poses"/>
        </joints>
        <vertex_weights count="4">
          <input semantic="JOINT" source="#bob_root_mesh_006-skin-joints" offset="0"/>
          <input semantic="WEIGHT" source="#bob_root_mesh_006-skin-weights" offset="1"/>
          <vcount>1 1 1 1 </vcount>
          <v>43 0 43 1 43 2 43 3</v>
        </vertex_weights>
      </skin>
    </controller>
    <controller id="bob_root_mesh_005-skin" name="bob_root">
      <skin source="#unnamed_011-mesh">
        <bind_shape_matrix>1 0 0 0 0 1 0 0 0 0 1 0 0 0 0 1</bind_shape_matrix>
        <source id="bob_root_mesh_005-skin-joints">
          <Name_array id="bob_root_mesh_005-skin-joints-array" count="63">bob_root bob_sub_root bob_chest bob_clavicle_L bob_bicep_L bob_elbow_L bob_twist_L bob_wrist_L bob_index_base_L bob_index_tip_L bob_mid_base_L bob_mid_tp_L bob_pinky_base_L bob_pinky_tip_L bob_thumb_base_L bob_thumb_tip_L bob_clavicle_R bob_bicep_R bob_elbow_R bob_twist_R bob_wrist_R bob_index_base_R bob_index_tip_R bob_mid_base_R bob_mid_tip_R bob_pinky_base_R bob_pinky_tip_R bob_thumb_base_R bob_thumb_tip_R bob_head bob_eye_socket_shrink_L bob_eye_L bob_eye_stretch_L bob_lid_lower_L bob_lid_upper_L bob_eye_socket_shrink_R bob_eye_R bob_eye_stretch_R bob_lid_lower_R bob_lid_upper_R bob_forehead bob_lip_upper bob_teeth bob_mouth_L bob_mouth_R bob_nose bob_jaw bob_lip_lower bob_lip_lower_L bob_lip_lower_R bob_tongue_base bob_tongue_end bob_connect bob_thigh_L bob_knee_L bob_ankle_L bob_toe_L bob_thigh_R bob_knee_R bob_ankle_R bob_toe_R bob_tie_base bob_tie_end</Name_array>
          <technique_common>
            <accessor source="#bob_root_mesh_005-skin-joints-array" count="63" stride="1">
              <param name="JOINT" type="name"/>
            </accessor>
          </technique_common>
        </source>
        <source id="bob_root_mesh_005-skin-bind_poses">
          <float_array id="bob_root_mesh_005-skin-bind_poses-array" count="1008">1 0 0 0 0 -3.57628e-7 1 0 0 -1 -2.8213e-7 0 0 0 0 1 1 0 0 0 0 -3.57628e-7 1 -0.3631969 0 -1 -2.8213e-7 -0.01224803 0 0 0 1 1 0 0 0 0 -3.57628e-7 1 -0.4508612 0 -1 -2.8213e-7 -0.01024585 0 0 0 1 1 0 0 -0.08820319 0 -3.57628e-7 1 -0.4654444 0 -1 -2.8213e-7 -0.005732297 0 0 0 1 1 -1.15868e-5 0 -0.277226 0 -3.553e-7 1 -0.4634373 -1.15868e-5 -1 -2.79802e-7 -0.007435917 0 0 0 1 1 -1.18008e-5 0 -0.4199464 0 -3.54895e-7 1 -0.4634373 -1.18008e-5 -1 -2.79397e-7 -0.007435798 0 0 0 1 1 -1.18008e-5 0 -0.4600866 0 -3.26955e-7 1 -0.4634373 -1.18008e-5 -1 -2.51457e-7 -0.007435858 0 0 0 1 1 -6.51192e-5 0 -0.5002271 0 3.45581e-7 -1 0.4634373 6.51192e-5 1 2.70083e-7 0.007409155 0 0 0 1 0.9935342 -0.1135331 0 -0.5553187 0 2.71075e-7 -1 0.4804373 0.1135331 0.9935342 1.94312e-7 -0.03080087 0 0 0 1 0.9935342 -0.1135331 0 -0.5883189 0 3.00092e-7 -1 0.4804373 0.1135331 0.9935342 2.23517e-7 -0.03080087 0 0 0 1 1 -6.50009e-5 0 -0.5547661 0 3.36268e-7 -1 0.4804373 6.50009e-5 1 2.6077e-7 0.008272647 0 0 0 1 1 -6.50009e-5 0 -0.5927071 0 3.36268e-7 -1 0.4804373 6.50009e-5 1 2.6077e-7 0.008272647 0 0 0 1 0.9877629 0.1559637 0 -0.5511935 0 3.08328e-7 -1 0.4804373 -0.1559637 0.9877629 2.29982e-7 0.0691176 0 0 0 1 0.9877629 0.1559637 0 -0.5841937 0 3.29541e-7 -1 0.4804373 -0.1559637 0.9877629 2.51457e-7 0.0691176 0 0 0 1 0.806752 -0.5908901 5.73695e-7 -0.4475749 0.08500933 0.1160638 -0.9895972 0.4087883 0.5847432 0.7983596 0.1438658 -0.340138 0 0 0 1 0.8067505 -0.5908922 2.08616e-7 -0.4881426 0.08500933 0.1160638 -0.9895973 0.4087876 0.5847452 0.798358 0.1438658 -0.3465866 0 0 0 1 1 0 0 0.08815914 0 -3.57628e-7 1 -0.4654444 0 -1 -2.8213e-7 -0.005732297 0 0 0 1 1 0 0 0.2740172 0 -3.54895e-7 1 -0.4654444 0 -1 -2.79397e-7 -0.005732297 0 0 0 1 1 2.39856e-7 0 0.4171683 0 -3.54895e-7 1 -0.4654444 2.39856e-7 -1 -2.79397e-7 -0.005732178 0 0 0 1 1 1.36726e-5 0 0.4572482 0 -3.54895e-7 1 -0.4654444 1.36726e-5 -1 -2.79397e-7 -0.005726039 0 0 0 1 1 1.45971e-7 0 0.4973279 0 -3.54895e-7 1 -0.4654444 1.45971e-7 -1 -2.79397e-7 -0.005732774 0 0 0 1 0.9935415 0.1134688 0 0.552248 0 -3.54895e-7 1 -0.4824443 0.1134688 -0.9935415 -2.77592e-7 0.03213757 0 0 0 1 0.9935415 0.1134688 0 0.5852479 0 -3.01169e-7 1 -0.4824443 0.1134688 -0.9935415 -2.23517e-7 0.03213751 0 0 0 1 1 1.45971e-7 0 0.5518674 0 -3.64208e-7 1 -0.4824444 1.45971e-7 -1 -2.8871e-7 -0.006596207 0 0 0 1 1 1.45971e-7 0 0.5898085 0 -3.64208e-7 1 -0.4824444 1.45971e-7 -1 -2.8871e-7 -0.006596207 0 0 0 1 0.9877527 -0.1560278 0 0.5485914 0 -3.54895e-7 1 -0.4824444 -0.1560278 -0.9877527 -2.75975e-7 -0.06700938 0 0 0 1 0.9877527 -0.1560278 0 0.5815915 0 -3.76673e-7 1 -0.4824444 -0.1560278 -0.9877527 -2.98023e-7 -0.06700938 0 0 0 1 0.9909111 -0.09408807 -0.09613829 0.5577327 0.08499145 -0.1160554 0.9895998 -0.4108319 -0.1042669 -0.9887763 -0.1070039 -0.04394012 0 0 0 1 0.9909111 -0.09408807 -0.09613829 0.59222 0.08499145 -0.1160554 0.9895998 -0.4108318 -0.1042669 -0.9887763 -0.1070039 -0.06625717 0 0 0 1 1 0 0 0 0 -3.54895e-7 1 -0.6079697 0 -1 -2.79397e-7 -0.01024585 0 0 0 1 1 0 0 -0.103 0 -3.54895e-7 1 -0.7744012 0 -1 -2.79397e-7 -0.1281926 0 0 0 1 1 0 0 -0.103 0 -3.54895e-7 1 -0.7685519 0 -1 -2.79397e-7 -0.06312471 0 0 0 1 1 0 0 -0.103 0 -3.54895e-7 1 -0.7744012 0 -1 -2.79397e-7 -0.1796826 0 0 0 1 1 0 0 -0.103 0 -0.9988353 0.04824751 -0.1001321 0 -0.04824757 -0.9988353 0.7646111 0 0 0 1 1 0 0 -0.103 0 1 0 0.06312495 0 0 1 -0.7685519 0 0 0 1 1 1.50996e-7 0 0.103 0 3.54895e-7 -1 0.7744011 -1.50996e-7 1 2.79397e-7 0.1281926 0 0 0 1 1 0 0 0.103 0 -3.54895e-7 1 -0.7685519 0 -1 -2.79397e-7 -0.06312471 0 0 0 1 1 0 0 0.1028568 0 -3.54895e-7 1 -0.7744012 0 -1 -2.79397e-7 -0.1796826 0 0 0 1 1 0 0 0.103 0 -0.9988353 0.04824775 -0.1001323 0 -0.04824757 -0.9988353 0.7646111 0 0 0 1 1 0 0 0.103 0 -1 -1.11386e-6 -0.06312406 0 1.17446e-6 -1 0.768552 0 0 0 1 1 0 0 0 0 -3.54895e-7 1 -0.8750384 0 -1 -2.79397e-7 0.03980851 0 0 0 1 1 0 0 0 0 -3.54895e-7 1 -0.607031 0 -1 -2.79397e-7 -0.1423895 0 0 0 1 1 0 0 1.00436e-6 0 -3.54895e-7 1 -0.5983216 0 -1 -2.79397e-7 -0.1683276 0 0 0 1 1 0 0 -0.1679058 0 -2.05883e-7 1 -0.5968742 0 -1 -1.30385e-7 -0.1233199 0 0 0 1 1 0 0 0.1679078 0 -2.05883e-7 1 -0.5968742 0 -1 -1.30385e-7 -0.1233224 0 0 0 1 1 0 0 0 0 -3.54895e-7 1 -0.6707076 0 -1 -2.79397e-7 -0.1323786 0 0 0 1 1 0 0 0 0 -3.57628e-7 1 -0.520758 0 -1 -2.8213e-7 -0.1239921 0 0 0 1 1 0 0 1.00436e-6 0 -3.57628e-7 1 -0.5722039 0 -1 -2.8213e-7 -0.141271 0 0 0 1 1 0 0 -0.111 0 -3.94881e-7 1 -0.580758 0 -1 -3.19383e-7 -0.142992 0 0 0 1 1 1.50996e-7 0 0.111 0 4.32134e-7 -1 0.5805041 -1.50996e-7 1 3.56636e-7 0.1430059 0 0 0 1 1 0 0 0 0 -3.57628e-7 1 -0.5706831 0 -1 -2.8213e-7 -0.01338374 0 0 0 1 1 0 0 0 0 -3.57628e-7 1 -0.5713545 0 -1 -2.8213e-7 -0.06779658 0 0 0 1 1 0 0 0 0 -3.57628e-7 1 0 0 -1 -2.8213e-7 0 0 0 0 1 -0.002055704 -0.02905815 -0.9995757 0.3054539 0.0440514 0.9986049 -0.02912056 0.01029163 0.9990273 -0.04409241 -7.72825e-4 -0.1179401 0 0 0 1 0.002516746 0.07449424 -0.9972184 0.1578243 0.04402709 0.9962462 0.07453262 -0.006082296 0.9990273 -0.04409205 -7.72448e-4 -0.1179407 0 0 0 1 4.56402e-4 -0.8762145 -0.481921 0.03201848 0 -0.4819208 0.8762145 -0.06224334 -1 -4.00029e-4 -2.20016e-4 0.118041 0 0 0 1 1 0 0 -0.1180264 0 0 0.9999998 -0.03175383 -2.46626e-7 -0.9999998 -2.6965e-7 -0.07142281 0 0 0 1 0.002904653 -0.02905535 -0.9995736 0.3055534 -0.04398554 0.9986066 -0.02915513 0.01030999 0.9990279 0.04405128 0.001622557 0.1176803 0 0 0 1 -0.00166589 0.07448911 -0.9972205 0.1579253 -0.04404956 0.9962483 0.07449001 -0.006073117 0.999028 0.04405111 0.001621544 0.1176807 0 0 0 1 0 -0.8762143 -0.4819212 0.03207236 0 -0.4819211 0.8762145 -0.06224334 -1 1.51049e-7 0 -0.1178254 0 0 0 1 0.9999999 0 0 0.1178254 0 -3.57628e-7 0.9999999 -0.03175383 1.2713e-7 -0.9999998 -2.98023e-7 -0.07142281 0 0 0 1 1 0 0 0 0 -3.57628e-7 1 -0.406633 0 -1 -2.8213e-7 -0.1414517 0 0 0 1 1 0 0 0 0 -3.76254e-7 1 -0.3360888 0 -1 -3.00756e-7 -0.1471754 0 0 0 1</float_array>
          <technique_common>
            <accessor source="#bob_root_mesh_005-skin-bind_poses-array" count="63" stride="16">
              <param name="TRANSFORM" type="float4x4"/>
            </accessor>
          </technique_common>
        </source>
        <source id="bob_root_mesh_005-skin-weights">
          <float_array id="bob_root_mesh_005-skin-weights-array" count="16">1 1 1 1 1 1 1 1 1 1 1 1 1 1 1 1</float_array>
          <technique_common>
            <accessor source="#bob_root_mesh_005-skin-weights-array" count="16" stride="1">
              <param name="WEIGHT" type="float"/>
            </accessor>
          </technique_common>
        </source>
        <joints>
          <input semantic="JOINT" source="#bob_root_mesh_005-skin-joints"/>
          <input semantic="INV_BIND_MATRIX" source="#bob_root_mesh_005-skin-bind_poses"/>
        </joints>
        <vertex_weights count="16">
          <input semantic="JOINT" source="#bob_root_mesh_005-skin-joints" offset="0"/>
          <input semantic="WEIGHT" source="#bob_root_mesh_005-skin-weights" offset="1"/>
          <vcount>1 1 1 1 1 1 1 1 1 1 1 1 1 1 1 1 </vcount>
          <v>42 0 42 1 42 2 42 3 42 4 42 5 42 6 42 7 42 8 42 9 42 10 42 11 42 12 42 13 42 14 42 15</v>
        </vertex_weights>
      </skin>
    </controller>
    <controller id="bob_root_mesh_004-skin" name="bob_root">
      <skin source="#unnamed_010-mesh">
        <bind_shape_matrix>1 0 0 0 0 1 0 0 0 0 1 0 0 0 0 1</bind_shape_matrix>
        <source id="bob_root_mesh_004-skin-joints">
          <Name_array id="bob_root_mesh_004-skin-joints-array" count="63">bob_root bob_sub_root bob_chest bob_clavicle_L bob_bicep_L bob_elbow_L bob_twist_L bob_wrist_L bob_index_base_L bob_index_tip_L bob_mid_base_L bob_mid_tp_L bob_pinky_base_L bob_pinky_tip_L bob_thumb_base_L bob_thumb_tip_L bob_clavicle_R bob_bicep_R bob_elbow_R bob_twist_R bob_wrist_R bob_index_base_R bob_index_tip_R bob_mid_base_R bob_mid_tip_R bob_pinky_base_R bob_pinky_tip_R bob_thumb_base_R bob_thumb_tip_R bob_head bob_eye_socket_shrink_L bob_eye_L bob_eye_stretch_L bob_lid_lower_L bob_lid_upper_L bob_eye_socket_shrink_R bob_eye_R bob_eye_stretch_R bob_lid_lower_R bob_lid_upper_R bob_forehead bob_lip_upper bob_teeth bob_mouth_L bob_mouth_R bob_nose bob_jaw bob_lip_lower bob_lip_lower_L bob_lip_lower_R bob_tongue_base bob_tongue_end bob_connect bob_thigh_L bob_knee_L bob_ankle_L bob_toe_L bob_thigh_R bob_knee_R bob_ankle_R bob_toe_R bob_tie_base bob_tie_end</Name_array>
          <technique_common>
            <accessor source="#bob_root_mesh_004-skin-joints-array" count="63" stride="1">
              <param name="JOINT" type="name"/>
            </accessor>
          </technique_common>
        </source>
        <source id="bob_root_mesh_004-skin-bind_poses">
          <float_array id="bob_root_mesh_004-skin-bind_poses-array" count="1008">1 0 0 0 0 -3.57628e-7 1 0 0 -1 -2.8213e-7 0 0 0 0 1 1 0 0 0 0 -3.57628e-7 1 -0.3631969 0 -1 -2.8213e-7 -0.01224803 0 0 0 1 1 0 0 0 0 -3.57628e-7 1 -0.4508612 0 -1 -2.8213e-7 -0.01024585 0 0 0 1 1 0 0 -0.08820319 0 -3.57628e-7 1 -0.4654444 0 -1 -2.8213e-7 -0.005732297 0 0 0 1 1 -1.15868e-5 0 -0.277226 0 -3.553e-7 1 -0.4634373 -1.15868e-5 -1 -2.79802e-7 -0.007435917 0 0 0 1 1 -1.18008e-5 0 -0.4199464 0 -3.54895e-7 1 -0.4634373 -1.18008e-5 -1 -2.79397e-7 -0.007435798 0 0 0 1 1 -1.18008e-5 0 -0.4600866 0 -3.26955e-7 1 -0.4634373 -1.18008e-5 -1 -2.51457e-7 -0.007435858 0 0 0 1 1 -6.51192e-5 0 -0.5002271 0 3.45581e-7 -1 0.4634373 6.51192e-5 1 2.70083e-7 0.007409155 0 0 0 1 0.9935342 -0.1135331 0 -0.5553187 0 2.71075e-7 -1 0.4804373 0.1135331 0.9935342 1.94312e-7 -0.03080087 0 0 0 1 0.9935342 -0.1135331 0 -0.5883189 0 3.00092e-7 -1 0.4804373 0.1135331 0.9935342 2.23517e-7 -0.03080087 0 0 0 1 1 -6.50009e-5 0 -0.5547661 0 3.36268e-7 -1 0.4804373 6.50009e-5 1 2.6077e-7 0.008272647 0 0 0 1 1 -6.50009e-5 0 -0.5927071 0 3.36268e-7 -1 0.4804373 6.50009e-5 1 2.6077e-7 0.008272647 0 0 0 1 0.9877629 0.1559637 0 -0.5511935 0 3.08328e-7 -1 0.4804373 -0.1559637 0.9877629 2.29982e-7 0.0691176 0 0 0 1 0.9877629 0.1559637 0 -0.5841937 0 3.29541e-7 -1 0.4804373 -0.1559637 0.9877629 2.51457e-7 0.0691176 0 0 0 1 0.806752 -0.5908901 5.73695e-7 -0.4475749 0.08500933 0.1160638 -0.9895972 0.4087883 0.5847432 0.7983596 0.1438658 -0.340138 0 0 0 1 0.8067505 -0.5908922 2.08616e-7 -0.4881426 0.08500933 0.1160638 -0.9895973 0.4087876 0.5847452 0.798358 0.1438658 -0.3465866 0 0 0 1 1 0 0 0.08815914 0 -3.57628e-7 1 -0.4654444 0 -1 -2.8213e-7 -0.005732297 0 0 0 1 1 0 0 0.2740172 0 -3.54895e-7 1 -0.4654444 0 -1 -2.79397e-7 -0.005732297 0 0 0 1 1 2.39856e-7 0 0.4171683 0 -3.54895e-7 1 -0.4654444 2.39856e-7 -1 -2.79397e-7 -0.005732178 0 0 0 1 1 1.36726e-5 0 0.4572482 0 -3.54895e-7 1 -0.4654444 1.36726e-5 -1 -2.79397e-7 -0.005726039 0 0 0 1 1 1.45971e-7 0 0.4973279 0 -3.54895e-7 1 -0.4654444 1.45971e-7 -1 -2.79397e-7 -0.005732774 0 0 0 1 0.9935415 0.1134688 0 0.552248 0 -3.54895e-7 1 -0.4824443 0.1134688 -0.9935415 -2.77592e-7 0.03213757 0 0 0 1 0.9935415 0.1134688 0 0.5852479 0 -3.01169e-7 1 -0.4824443 0.1134688 -0.9935415 -2.23517e-7 0.03213751 0 0 0 1 1 1.45971e-7 0 0.5518674 0 -3.64208e-7 1 -0.4824444 1.45971e-7 -1 -2.8871e-7 -0.006596207 0 0 0 1 1 1.45971e-7 0 0.5898085 0 -3.64208e-7 1 -0.4824444 1.45971e-7 -1 -2.8871e-7 -0.006596207 0 0 0 1 0.9877527 -0.1560278 0 0.5485914 0 -3.54895e-7 1 -0.4824444 -0.1560278 -0.9877527 -2.75975e-7 -0.06700938 0 0 0 1 0.9877527 -0.1560278 0 0.5815915 0 -3.76673e-7 1 -0.4824444 -0.1560278 -0.9877527 -2.98023e-7 -0.06700938 0 0 0 1 0.9909111 -0.09408807 -0.09613829 0.5577327 0.08499145 -0.1160554 0.9895998 -0.4108319 -0.1042669 -0.9887763 -0.1070039 -0.04394012 0 0 0 1 0.9909111 -0.09408807 -0.09613829 0.59222 0.08499145 -0.1160554 0.9895998 -0.4108318 -0.1042669 -0.9887763 -0.1070039 -0.06625717 0 0 0 1 1 0 0 0 0 -3.54895e-7 1 -0.6079697 0 -1 -2.79397e-7 -0.01024585 0 0 0 1 1 0 0 -0.103 0 -3.54895e-7 1 -0.7744012 0 -1 -2.79397e-7 -0.1281926 0 0 0 1 1 0 0 -0.103 0 -3.54895e-7 1 -0.7685519 0 -1 -2.79397e-7 -0.06312471 0 0 0 1 1 0 0 -0.103 0 -3.54895e-7 1 -0.7744012 0 -1 -2.79397e-7 -0.1796826 0 0 0 1 1 0 0 -0.103 0 -0.9988353 0.04824751 -0.1001321 0 -0.04824757 -0.9988353 0.7646111 0 0 0 1 1 0 0 -0.103 0 1 0 0.06312495 0 0 1 -0.7685519 0 0 0 1 1 1.50996e-7 0 0.103 0 3.54895e-7 -1 0.7744011 -1.50996e-7 1 2.79397e-7 0.1281926 0 0 0 1 1 0 0 0.103 0 -3.54895e-7 1 -0.7685519 0 -1 -2.79397e-7 -0.06312471 0 0 0 1 1 0 0 0.1028568 0 -3.54895e-7 1 -0.7744012 0 -1 -2.79397e-7 -0.1796826 0 0 0 1 1 0 0 0.103 0 -0.9988353 0.04824775 -0.1001323 0 -0.04824757 -0.9988353 0.7646111 0 0 0 1 1 0 0 0.103 0 -1 -1.11386e-6 -0.06312406 0 1.17446e-6 -1 0.768552 0 0 0 1 1 0 0 0 0 -3.54895e-7 1 -0.8750384 0 -1 -2.79397e-7 0.03980851 0 0 0 1 1 0 0 0 0 -3.54895e-7 1 -0.607031 0 -1 -2.79397e-7 -0.1423895 0 0 0 1 1 0 0 1.00436e-6 0 -3.54895e-7 1 -0.5983216 0 -1 -2.79397e-7 -0.1683276 0 0 0 1 1 0 0 -0.1679058 0 -2.05883e-7 1 -0.5968742 0 -1 -1.30385e-7 -0.1233199 0 0 0 1 1 0 0 0.1679078 0 -2.05883e-7 1 -0.5968742 0 -1 -1.30385e-7 -0.1233224 0 0 0 1 1 0 0 0 0 -3.54895e-7 1 -0.6707076 0 -1 -2.79397e-7 -0.1323786 0 0 0 1 1 0 0 0 0 -3.57628e-7 1 -0.520758 0 -1 -2.8213e-7 -0.1239921 0 0 0 1 1 0 0 1.00436e-6 0 -3.57628e-7 1 -0.5722039 0 -1 -2.8213e-7 -0.141271 0 0 0 1 1 0 0 -0.111 0 -3.94881e-7 1 -0.580758 0 -1 -3.19383e-7 -0.142992 0 0 0 1 1 1.50996e-7 0 0.111 0 4.32134e-7 -1 0.5805041 -1.50996e-7 1 3.56636e-7 0.1430059 0 0 0 1 1 0 0 0 0 -3.57628e-7 1 -0.5706831 0 -1 -2.8213e-7 -0.01338374 0 0 0 1 1 0 0 0 0 -3.57628e-7 1 -0.5713545 0 -1 -2.8213e-7 -0.06779658 0 0 0 1 1 0 0 0 0 -3.57628e-7 1 0 0 -1 -2.8213e-7 0 0 0 0 1 -0.002055704 -0.02905815 -0.9995757 0.3054539 0.0440514 0.9986049 -0.02912056 0.01029163 0.9990273 -0.04409241 -7.72825e-4 -0.1179401 0 0 0 1 0.002516746 0.07449424 -0.9972184 0.1578243 0.04402709 0.9962462 0.07453262 -0.006082296 0.9990273 -0.04409205 -7.72448e-4 -0.1179407 0 0 0 1 4.56402e-4 -0.8762145 -0.481921 0.03201848 0 -0.4819208 0.8762145 -0.06224334 -1 -4.00029e-4 -2.20016e-4 0.118041 0 0 0 1 1 0 0 -0.1180264 0 0 0.9999998 -0.03175383 -2.46626e-7 -0.9999998 -2.6965e-7 -0.07142281 0 0 0 1 0.002904653 -0.02905535 -0.9995736 0.3055534 -0.04398554 0.9986066 -0.02915513 0.01030999 0.9990279 0.04405128 0.001622557 0.1176803 0 0 0 1 -0.00166589 0.07448911 -0.9972205 0.1579253 -0.04404956 0.9962483 0.07449001 -0.006073117 0.999028 0.04405111 0.001621544 0.1176807 0 0 0 1 0 -0.8762143 -0.4819212 0.03207236 0 -0.4819211 0.8762145 -0.06224334 -1 1.51049e-7 0 -0.1178254 0 0 0 1 0.9999999 0 0 0.1178254 0 -3.57628e-7 0.9999999 -0.03175383 1.2713e-7 -0.9999998 -2.98023e-7 -0.07142281 0 0 0 1 1 0 0 0 0 -3.57628e-7 1 -0.406633 0 -1 -2.8213e-7 -0.1414517 0 0 0 1 1 0 0 0 0 -3.76254e-7 1 -0.3360888 0 -1 -3.00756e-7 -0.1471754 0 0 0 1</float_array>
          <technique_common>
            <accessor source="#bob_root_mesh_004-skin-bind_poses-array" count="63" stride="16">
              <param name="TRANSFORM" type="float4x4"/>
            </accessor>
          </technique_common>
        </source>
        <source id="bob_root_mesh_004-skin-weights">
          <float_array id="bob_root_mesh_004-skin-weights-array" count="13">1 1 1 1 1 1 1 1 1 1 1 1 1</float_array>
          <technique_common>
            <accessor source="#bob_root_mesh_004-skin-weights-array" count="13" stride="1">
              <param name="WEIGHT" type="float"/>
            </accessor>
          </technique_common>
        </source>
        <joints>
          <input semantic="JOINT" source="#bob_root_mesh_004-skin-joints"/>
          <input semantic="INV_BIND_MATRIX" source="#bob_root_mesh_004-skin-bind_poses"/>
        </joints>
        <vertex_weights count="13">
          <input semantic="JOINT" source="#bob_root_mesh_004-skin-joints" offset="0"/>
          <input semantic="WEIGHT" source="#bob_root_mesh_004-skin-weights" offset="1"/>
          <vcount>1 1 1 1 1 1 1 1 1 1 1 1 1 </vcount>
          <v>37 0 37 1 37 2 37 3 37 4 37 5 37 6 37 7 37 8 37 9 37 10 37 11 37 12</v>
        </vertex_weights>
      </skin>
    </controller>
    <controller id="bob_root_mesh_003-skin" name="bob_root">
      <skin source="#unnamed_009-mesh">
        <bind_shape_matrix>1 0 0 0 0 1 0 0 0 0 1 0 0 0 0 1</bind_shape_matrix>
        <source id="bob_root_mesh_003-skin-joints">
          <Name_array id="bob_root_mesh_003-skin-joints-array" count="63">bob_root bob_sub_root bob_chest bob_clavicle_L bob_bicep_L bob_elbow_L bob_twist_L bob_wrist_L bob_index_base_L bob_index_tip_L bob_mid_base_L bob_mid_tp_L bob_pinky_base_L bob_pinky_tip_L bob_thumb_base_L bob_thumb_tip_L bob_clavicle_R bob_bicep_R bob_elbow_R bob_twist_R bob_wrist_R bob_index_base_R bob_index_tip_R bob_mid_base_R bob_mid_tip_R bob_pinky_base_R bob_pinky_tip_R bob_thumb_base_R bob_thumb_tip_R bob_head bob_eye_socket_shrink_L bob_eye_L bob_eye_stretch_L bob_lid_lower_L bob_lid_upper_L bob_eye_socket_shrink_R bob_eye_R bob_eye_stretch_R bob_lid_lower_R bob_lid_upper_R bob_forehead bob_lip_upper bob_teeth bob_mouth_L bob_mouth_R bob_nose bob_jaw bob_lip_lower bob_lip_lower_L bob_lip_lower_R bob_tongue_base bob_tongue_end bob_connect bob_thigh_L bob_knee_L bob_ankle_L bob_toe_L bob_thigh_R bob_knee_R bob_ankle_R bob_toe_R bob_tie_base bob_tie_end</Name_array>
          <technique_common>
            <accessor source="#bob_root_mesh_003-skin-joints-array" count="63" stride="1">
              <param name="JOINT" type="name"/>
            </accessor>
          </technique_common>
        </source>
        <source id="bob_root_mesh_003-skin-bind_poses">
          <float_array id="bob_root_mesh_003-skin-bind_poses-array" count="1008">1 0 0 0 0 -3.57628e-7 1 0 0 -1 -2.8213e-7 0 0 0 0 1 1 0 0 0 0 -3.57628e-7 1 -0.3631969 0 -1 -2.8213e-7 -0.01224803 0 0 0 1 1 0 0 0 0 -3.57628e-7 1 -0.4508612 0 -1 -2.8213e-7 -0.01024585 0 0 0 1 1 0 0 -0.08820319 0 -3.57628e-7 1 -0.4654444 0 -1 -2.8213e-7 -0.005732297 0 0 0 1 1 -1.15868e-5 0 -0.277226 0 -3.553e-7 1 -0.4634373 -1.15868e-5 -1 -2.79802e-7 -0.007435917 0 0 0 1 1 -1.18008e-5 0 -0.4199464 0 -3.54895e-7 1 -0.4634373 -1.18008e-5 -1 -2.79397e-7 -0.007435798 0 0 0 1 1 -1.18008e-5 0 -0.4600866 0 -3.26955e-7 1 -0.4634373 -1.18008e-5 -1 -2.51457e-7 -0.007435858 0 0 0 1 1 -6.51192e-5 0 -0.5002271 0 3.45581e-7 -1 0.4634373 6.51192e-5 1 2.70083e-7 0.007409155 0 0 0 1 0.9935342 -0.1135331 0 -0.5553187 0 2.71075e-7 -1 0.4804373 0.1135331 0.9935342 1.94312e-7 -0.03080087 0 0 0 1 0.9935342 -0.1135331 0 -0.5883189 0 3.00092e-7 -1 0.4804373 0.1135331 0.9935342 2.23517e-7 -0.03080087 0 0 0 1 1 -6.50009e-5 0 -0.5547661 0 3.36268e-7 -1 0.4804373 6.50009e-5 1 2.6077e-7 0.008272647 0 0 0 1 1 -6.50009e-5 0 -0.5927071 0 3.36268e-7 -1 0.4804373 6.50009e-5 1 2.6077e-7 0.008272647 0 0 0 1 0.9877629 0.1559637 0 -0.5511935 0 3.08328e-7 -1 0.4804373 -0.1559637 0.9877629 2.29982e-7 0.0691176 0 0 0 1 0.9877629 0.1559637 0 -0.5841937 0 3.29541e-7 -1 0.4804373 -0.1559637 0.9877629 2.51457e-7 0.0691176 0 0 0 1 0.806752 -0.5908901 5.73695e-7 -0.4475749 0.08500933 0.1160638 -0.9895972 0.4087883 0.5847432 0.7983596 0.1438658 -0.340138 0 0 0 1 0.8067505 -0.5908922 2.08616e-7 -0.4881426 0.08500933 0.1160638 -0.9895973 0.4087876 0.5847452 0.798358 0.1438658 -0.3465866 0 0 0 1 1 0 0 0.08815914 0 -3.57628e-7 1 -0.4654444 0 -1 -2.8213e-7 -0.005732297 0 0 0 1 1 0 0 0.2740172 0 -3.54895e-7 1 -0.4654444 0 -1 -2.79397e-7 -0.005732297 0 0 0 1 1 2.39856e-7 0 0.4171683 0 -3.54895e-7 1 -0.4654444 2.39856e-7 -1 -2.79397e-7 -0.005732178 0 0 0 1 1 1.36726e-5 0 0.4572482 0 -3.54895e-7 1 -0.4654444 1.36726e-5 -1 -2.79397e-7 -0.005726039 0 0 0 1 1 1.45971e-7 0 0.4973279 0 -3.54895e-7 1 -0.4654444 1.45971e-7 -1 -2.79397e-7 -0.005732774 0 0 0 1 0.9935415 0.1134688 0 0.552248 0 -3.54895e-7 1 -0.4824443 0.1134688 -0.9935415 -2.77592e-7 0.03213757 0 0 0 1 0.9935415 0.1134688 0 0.5852479 0 -3.01169e-7 1 -0.4824443 0.1134688 -0.9935415 -2.23517e-7 0.03213751 0 0 0 1 1 1.45971e-7 0 0.5518674 0 -3.64208e-7 1 -0.4824444 1.45971e-7 -1 -2.8871e-7 -0.006596207 0 0 0 1 1 1.45971e-7 0 0.5898085 0 -3.64208e-7 1 -0.4824444 1.45971e-7 -1 -2.8871e-7 -0.006596207 0 0 0 1 0.9877527 -0.1560278 0 0.5485914 0 -3.54895e-7 1 -0.4824444 -0.1560278 -0.9877527 -2.75975e-7 -0.06700938 0 0 0 1 0.9877527 -0.1560278 0 0.5815915 0 -3.76673e-7 1 -0.4824444 -0.1560278 -0.9877527 -2.98023e-7 -0.06700938 0 0 0 1 0.9909111 -0.09408807 -0.09613829 0.5577327 0.08499145 -0.1160554 0.9895998 -0.4108319 -0.1042669 -0.9887763 -0.1070039 -0.04394012 0 0 0 1 0.9909111 -0.09408807 -0.09613829 0.59222 0.08499145 -0.1160554 0.9895998 -0.4108318 -0.1042669 -0.9887763 -0.1070039 -0.06625717 0 0 0 1 1 0 0 0 0 -3.54895e-7 1 -0.6079697 0 -1 -2.79397e-7 -0.01024585 0 0 0 1 1 0 0 -0.103 0 -3.54895e-7 1 -0.7744012 0 -1 -2.79397e-7 -0.1281926 0 0 0 1 1 0 0 -0.103 0 -3.54895e-7 1 -0.7685519 0 -1 -2.79397e-7 -0.06312471 0 0 0 1 1 0 0 -0.103 0 -3.54895e-7 1 -0.7744012 0 -1 -2.79397e-7 -0.1796826 0 0 0 1 1 0 0 -0.103 0 -0.9988353 0.04824751 -0.1001321 0 -0.04824757 -0.9988353 0.7646111 0 0 0 1 1 0 0 -0.103 0 1 0 0.06312495 0 0 1 -0.7685519 0 0 0 1 1 1.50996e-7 0 0.103 0 3.54895e-7 -1 0.7744011 -1.50996e-7 1 2.79397e-7 0.1281926 0 0 0 1 1 0 0 0.103 0 -3.54895e-7 1 -0.7685519 0 -1 -2.79397e-7 -0.06312471 0 0 0 1 1 0 0 0.1028568 0 -3.54895e-7 1 -0.7744012 0 -1 -2.79397e-7 -0.1796826 0 0 0 1 1 0 0 0.103 0 -0.9988353 0.04824775 -0.1001323 0 -0.04824757 -0.9988353 0.7646111 0 0 0 1 1 0 0 0.103 0 -1 -1.11386e-6 -0.06312406 0 1.17446e-6 -1 0.768552 0 0 0 1 1 0 0 0 0 -3.54895e-7 1 -0.8750384 0 -1 -2.79397e-7 0.03980851 0 0 0 1 1 0 0 0 0 -3.54895e-7 1 -0.607031 0 -1 -2.79397e-7 -0.1423895 0 0 0 1 1 0 0 1.00436e-6 0 -3.54895e-7 1 -0.5983216 0 -1 -2.79397e-7 -0.1683276 0 0 0 1 1 0 0 -0.1679058 0 -2.05883e-7 1 -0.5968742 0 -1 -1.30385e-7 -0.1233199 0 0 0 1 1 0 0 0.1679078 0 -2.05883e-7 1 -0.5968742 0 -1 -1.30385e-7 -0.1233224 0 0 0 1 1 0 0 0 0 -3.54895e-7 1 -0.6707076 0 -1 -2.79397e-7 -0.1323786 0 0 0 1 1 0 0 0 0 -3.57628e-7 1 -0.520758 0 -1 -2.8213e-7 -0.1239921 0 0 0 1 1 0 0 1.00436e-6 0 -3.57628e-7 1 -0.5722039 0 -1 -2.8213e-7 -0.141271 0 0 0 1 1 0 0 -0.111 0 -3.94881e-7 1 -0.580758 0 -1 -3.19383e-7 -0.142992 0 0 0 1 1 1.50996e-7 0 0.111 0 4.32134e-7 -1 0.5805041 -1.50996e-7 1 3.56636e-7 0.1430059 0 0 0 1 1 0 0 0 0 -3.57628e-7 1 -0.5706831 0 -1 -2.8213e-7 -0.01338374 0 0 0 1 1 0 0 0 0 -3.57628e-7 1 -0.5713545 0 -1 -2.8213e-7 -0.06779658 0 0 0 1 1 0 0 0 0 -3.57628e-7 1 0 0 -1 -2.8213e-7 0 0 0 0 1 -0.002055704 -0.02905815 -0.9995757 0.3054539 0.0440514 0.9986049 -0.02912056 0.01029163 0.9990273 -0.04409241 -7.72825e-4 -0.1179401 0 0 0 1 0.002516746 0.07449424 -0.9972184 0.1578243 0.04402709 0.9962462 0.07453262 -0.006082296 0.9990273 -0.04409205 -7.72448e-4 -0.1179407 0 0 0 1 4.56402e-4 -0.8762145 -0.481921 0.03201848 0 -0.4819208 0.8762145 -0.06224334 -1 -4.00029e-4 -2.20016e-4 0.118041 0 0 0 1 1 0 0 -0.1180264 0 0 0.9999998 -0.03175383 -2.46626e-7 -0.9999998 -2.6965e-7 -0.07142281 0 0 0 1 0.002904653 -0.02905535 -0.9995736 0.3055534 -0.04398554 0.9986066 -0.02915513 0.01030999 0.9990279 0.04405128 0.001622557 0.1176803 0 0 0 1 -0.00166589 0.07448911 -0.9972205 0.1579253 -0.04404956 0.9962483 0.07449001 -0.006073117 0.999028 0.04405111 0.001621544 0.1176807 0 0 0 1 0 -0.8762143 -0.4819212 0.03207236 0 -0.4819211 0.8762145 -0.06224334 -1 1.51049e-7 0 -0.1178254 0 0 0 1 0.9999999 0 0 0.1178254 0 -3.57628e-7 0.9999999 -0.03175383 1.2713e-7 -0.9999998 -2.98023e-7 -0.07142281 0 0 0 1 1 0 0 0 0 -3.57628e-7 1 -0.406633 0 -1 -2.8213e-7 -0.1414517 0 0 0 1 1 0 0 0 0 -3.76254e-7 1 -0.3360888 0 -1 -3.00756e-7 -0.1471754 0 0 0 1</float_array>
          <technique_common>
            <accessor source="#bob_root_mesh_003-skin-bind_poses-array" count="63" stride="16">
              <param name="TRANSFORM" type="float4x4"/>
            </accessor>
          </technique_common>
        </source>
        <source id="bob_root_mesh_003-skin-weights">
          <float_array id="bob_root_mesh_003-skin-weights-array" count="43">1 1 1 1 1 1 1 1 1 1 1 1 1 1 1 1 1 1 1 1 1 1 1 1 1 1 1 1 1 1 1 1 1 1 1 1 1 1 1 1 1 1 1</float_array>
          <technique_common>
            <accessor source="#bob_root_mesh_003-skin-weights-array" count="43" stride="1">
              <param name="WEIGHT" type="float"/>
            </accessor>
          </technique_common>
        </source>
        <joints>
          <input semantic="JOINT" source="#bob_root_mesh_003-skin-joints"/>
          <input semantic="INV_BIND_MATRIX" source="#bob_root_mesh_003-skin-bind_poses"/>
        </joints>
        <vertex_weights count="43">
          <input semantic="JOINT" source="#bob_root_mesh_003-skin-joints" offset="0"/>
          <input semantic="WEIGHT" source="#bob_root_mesh_003-skin-weights" offset="1"/>
          <vcount>1 1 1 1 1 1 1 1 1 1 1 1 1 1 1 1 1 1 1 1 1 1 1 1 1 1 1 1 1 1 1 1 1 1 1 1 1 1 1 1 1 1 1 </vcount>
          <v>35 0 35 1 35 2 35 3 35 4 35 5 35 6 35 7 35 8 35 9 35 10 35 11 35 12 35 13 35 14 35 15 35 16 35 17 35 18 35 19 35 20 35 21 35 22 35 23 35 24 35 25 35 26 35 27 35 28 35 29 35 30 35 31 35 32 35 33 35 34 35 35 35 36 35 37 35 38 35 39 35 40 35 41 35 42</v>
        </vertex_weights>
      </skin>
    </controller>
    <controller id="bob_root_mesh_002-skin" name="bob_root">
      <skin source="#unnamed_008-mesh">
        <bind_shape_matrix>1 0 0 0 0 1 0 0 0 0 1 0 0 0 0 1</bind_shape_matrix>
        <source id="bob_root_mesh_002-skin-joints">
          <Name_array id="bob_root_mesh_002-skin-joints-array" count="63">bob_root bob_sub_root bob_chest bob_clavicle_L bob_bicep_L bob_elbow_L bob_twist_L bob_wrist_L bob_index_base_L bob_index_tip_L bob_mid_base_L bob_mid_tp_L bob_pinky_base_L bob_pinky_tip_L bob_thumb_base_L bob_thumb_tip_L bob_clavicle_R bob_bicep_R bob_elbow_R bob_twist_R bob_wrist_R bob_index_base_R bob_index_tip_R bob_mid_base_R bob_mid_tip_R bob_pinky_base_R bob_pinky_tip_R bob_thumb_base_R bob_thumb_tip_R bob_head bob_eye_socket_shrink_L bob_eye_L bob_eye_stretch_L bob_lid_lower_L bob_lid_upper_L bob_eye_socket_shrink_R bob_eye_R bob_eye_stretch_R bob_lid_lower_R bob_lid_upper_R bob_forehead bob_lip_upper bob_teeth bob_mouth_L bob_mouth_R bob_nose bob_jaw bob_lip_lower bob_lip_lower_L bob_lip_lower_R bob_tongue_base bob_tongue_end bob_connect bob_thigh_L bob_knee_L bob_ankle_L bob_toe_L bob_thigh_R bob_knee_R bob_ankle_R bob_toe_R bob_tie_base bob_tie_end</Name_array>
          <technique_common>
            <accessor source="#bob_root_mesh_002-skin-joints-array" count="63" stride="1">
              <param name="JOINT" type="name"/>
            </accessor>
          </technique_common>
        </source>
        <source id="bob_root_mesh_002-skin-bind_poses">
          <float_array id="bob_root_mesh_002-skin-bind_poses-array" count="1008">1 0 0 0 0 -3.57628e-7 1 0 0 -1 -2.8213e-7 0 0 0 0 1 1 0 0 0 0 -3.57628e-7 1 -0.3631969 0 -1 -2.8213e-7 -0.01224803 0 0 0 1 1 0 0 0 0 -3.57628e-7 1 -0.4508612 0 -1 -2.8213e-7 -0.01024585 0 0 0 1 1 0 0 -0.08820319 0 -3.57628e-7 1 -0.4654444 0 -1 -2.8213e-7 -0.005732297 0 0 0 1 1 -1.15868e-5 0 -0.277226 0 -3.553e-7 1 -0.4634373 -1.15868e-5 -1 -2.79802e-7 -0.007435917 0 0 0 1 1 -1.18008e-5 0 -0.4199464 0 -3.54895e-7 1 -0.4634373 -1.18008e-5 -1 -2.79397e-7 -0.007435798 0 0 0 1 1 -1.18008e-5 0 -0.4600866 0 -3.26955e-7 1 -0.4634373 -1.18008e-5 -1 -2.51457e-7 -0.007435858 0 0 0 1 1 -6.51192e-5 0 -0.5002271 0 3.45581e-7 -1 0.4634373 6.51192e-5 1 2.70083e-7 0.007409155 0 0 0 1 0.9935342 -0.1135331 0 -0.5553187 0 2.71075e-7 -1 0.4804373 0.1135331 0.9935342 1.94312e-7 -0.03080087 0 0 0 1 0.9935342 -0.1135331 0 -0.5883189 0 3.00092e-7 -1 0.4804373 0.1135331 0.9935342 2.23517e-7 -0.03080087 0 0 0 1 1 -6.50009e-5 0 -0.5547661 0 3.36268e-7 -1 0.4804373 6.50009e-5 1 2.6077e-7 0.008272647 0 0 0 1 1 -6.50009e-5 0 -0.5927071 0 3.36268e-7 -1 0.4804373 6.50009e-5 1 2.6077e-7 0.008272647 0 0 0 1 0.9877629 0.1559637 0 -0.5511935 0 3.08328e-7 -1 0.4804373 -0.1559637 0.9877629 2.29982e-7 0.0691176 0 0 0 1 0.9877629 0.1559637 0 -0.5841937 0 3.29541e-7 -1 0.4804373 -0.1559637 0.9877629 2.51457e-7 0.0691176 0 0 0 1 0.806752 -0.5908901 5.73695e-7 -0.4475749 0.08500933 0.1160638 -0.9895972 0.4087883 0.5847432 0.7983596 0.1438658 -0.340138 0 0 0 1 0.8067505 -0.5908922 2.08616e-7 -0.4881426 0.08500933 0.1160638 -0.9895973 0.4087876 0.5847452 0.798358 0.1438658 -0.3465866 0 0 0 1 1 0 0 0.08815914 0 -3.57628e-7 1 -0.4654444 0 -1 -2.8213e-7 -0.005732297 0 0 0 1 1 0 0 0.2740172 0 -3.54895e-7 1 -0.4654444 0 -1 -2.79397e-7 -0.005732297 0 0 0 1 1 2.39856e-7 0 0.4171683 0 -3.54895e-7 1 -0.4654444 2.39856e-7 -1 -2.79397e-7 -0.005732178 0 0 0 1 1 1.36726e-5 0 0.4572482 0 -3.54895e-7 1 -0.4654444 1.36726e-5 -1 -2.79397e-7 -0.005726039 0 0 0 1 1 1.45971e-7 0 0.4973279 0 -3.54895e-7 1 -0.4654444 1.45971e-7 -1 -2.79397e-7 -0.005732774 0 0 0 1 0.9935415 0.1134688 0 0.552248 0 -3.54895e-7 1 -0.4824443 0.1134688 -0.9935415 -2.77592e-7 0.03213757 0 0 0 1 0.9935415 0.1134688 0 0.5852479 0 -3.01169e-7 1 -0.4824443 0.1134688 -0.9935415 -2.23517e-7 0.03213751 0 0 0 1 1 1.45971e-7 0 0.5518674 0 -3.64208e-7 1 -0.4824444 1.45971e-7 -1 -2.8871e-7 -0.006596207 0 0 0 1 1 1.45971e-7 0 0.5898085 0 -3.64208e-7 1 -0.4824444 1.45971e-7 -1 -2.8871e-7 -0.006596207 0 0 0 1 0.9877527 -0.1560278 0 0.5485914 0 -3.54895e-7 1 -0.4824444 -0.1560278 -0.9877527 -2.75975e-7 -0.06700938 0 0 0 1 0.9877527 -0.1560278 0 0.5815915 0 -3.76673e-7 1 -0.4824444 -0.1560278 -0.9877527 -2.98023e-7 -0.06700938 0 0 0 1 0.9909111 -0.09408807 -0.09613829 0.5577327 0.08499145 -0.1160554 0.9895998 -0.4108319 -0.1042669 -0.9887763 -0.1070039 -0.04394012 0 0 0 1 0.9909111 -0.09408807 -0.09613829 0.59222 0.08499145 -0.1160554 0.9895998 -0.4108318 -0.1042669 -0.9887763 -0.1070039 -0.06625717 0 0 0 1 1 0 0 0 0 -3.54895e-7 1 -0.6079697 0 -1 -2.79397e-7 -0.01024585 0 0 0 1 1 0 0 -0.103 0 -3.54895e-7 1 -0.7744012 0 -1 -2.79397e-7 -0.1281926 0 0 0 1 1 0 0 -0.103 0 -3.54895e-7 1 -0.7685519 0 -1 -2.79397e-7 -0.06312471 0 0 0 1 1 0 0 -0.103 0 -3.54895e-7 1 -0.7744012 0 -1 -2.79397e-7 -0.1796826 0 0 0 1 1 0 0 -0.103 0 -0.9988353 0.04824751 -0.1001321 0 -0.04824757 -0.9988353 0.7646111 0 0 0 1 1 0 0 -0.103 0 1 0 0.06312495 0 0 1 -0.7685519 0 0 0 1 1 1.50996e-7 0 0.103 0 3.54895e-7 -1 0.7744011 -1.50996e-7 1 2.79397e-7 0.1281926 0 0 0 1 1 0 0 0.103 0 -3.54895e-7 1 -0.7685519 0 -1 -2.79397e-7 -0.06312471 0 0 0 1 1 0 0 0.1028568 0 -3.54895e-7 1 -0.7744012 0 -1 -2.79397e-7 -0.1796826 0 0 0 1 1 0 0 0.103 0 -0.9988353 0.04824775 -0.1001323 0 -0.04824757 -0.9988353 0.7646111 0 0 0 1 1 0 0 0.103 0 -1 -1.11386e-6 -0.06312406 0 1.17446e-6 -1 0.768552 0 0 0 1 1 0 0 0 0 -3.54895e-7 1 -0.8750384 0 -1 -2.79397e-7 0.03980851 0 0 0 1 1 0 0 0 0 -3.54895e-7 1 -0.607031 0 -1 -2.79397e-7 -0.1423895 0 0 0 1 1 0 0 1.00436e-6 0 -3.54895e-7 1 -0.5983216 0 -1 -2.79397e-7 -0.1683276 0 0 0 1 1 0 0 -0.1679058 0 -2.05883e-7 1 -0.5968742 0 -1 -1.30385e-7 -0.1233199 0 0 0 1 1 0 0 0.1679078 0 -2.05883e-7 1 -0.5968742 0 -1 -1.30385e-7 -0.1233224 0 0 0 1 1 0 0 0 0 -3.54895e-7 1 -0.6707076 0 -1 -2.79397e-7 -0.1323786 0 0 0 1 1 0 0 0 0 -3.57628e-7 1 -0.520758 0 -1 -2.8213e-7 -0.1239921 0 0 0 1 1 0 0 1.00436e-6 0 -3.57628e-7 1 -0.5722039 0 -1 -2.8213e-7 -0.141271 0 0 0 1 1 0 0 -0.111 0 -3.94881e-7 1 -0.580758 0 -1 -3.19383e-7 -0.142992 0 0 0 1 1 1.50996e-7 0 0.111 0 4.32134e-7 -1 0.5805041 -1.50996e-7 1 3.56636e-7 0.1430059 0 0 0 1 1 0 0 0 0 -3.57628e-7 1 -0.5706831 0 -1 -2.8213e-7 -0.01338374 0 0 0 1 1 0 0 0 0 -3.57628e-7 1 -0.5713545 0 -1 -2.8213e-7 -0.06779658 0 0 0 1 1 0 0 0 0 -3.57628e-7 1 0 0 -1 -2.8213e-7 0 0 0 0 1 -0.002055704 -0.02905815 -0.9995757 0.3054539 0.0440514 0.9986049 -0.02912056 0.01029163 0.9990273 -0.04409241 -7.72825e-4 -0.1179401 0 0 0 1 0.002516746 0.07449424 -0.9972184 0.1578243 0.04402709 0.9962462 0.07453262 -0.006082296 0.9990273 -0.04409205 -7.72448e-4 -0.1179407 0 0 0 1 4.56402e-4 -0.8762145 -0.481921 0.03201848 0 -0.4819208 0.8762145 -0.06224334 -1 -4.00029e-4 -2.20016e-4 0.118041 0 0 0 1 1 0 0 -0.1180264 0 0 0.9999998 -0.03175383 -2.46626e-7 -0.9999998 -2.6965e-7 -0.07142281 0 0 0 1 0.002904653 -0.02905535 -0.9995736 0.3055534 -0.04398554 0.9986066 -0.02915513 0.01030999 0.9990279 0.04405128 0.001622557 0.1176803 0 0 0 1 -0.00166589 0.07448911 -0.9972205 0.1579253 -0.04404956 0.9962483 0.07449001 -0.006073117 0.999028 0.04405111 0.001621544 0.1176807 0 0 0 1 0 -0.8762143 -0.4819212 0.03207236 0 -0.4819211 0.8762145 -0.06224334 -1 1.51049e-7 0 -0.1178254 0 0 0 1 0.9999999 0 0 0.1178254 0 -3.57628e-7 0.9999999 -0.03175383 1.2713e-7 -0.9999998 -2.98023e-7 -0.07142281 0 0 0 1 1 0 0 0 0 -3.57628e-7 1 -0.406633 0 -1 -2.8213e-7 -0.1414517 0 0 0 1 1 0 0 0 0 -3.76254e-7 1 -0.3360888 0 -1 -3.00756e-7 -0.1471754 0 0 0 1</float_array>
          <technique_common>
            <accessor source="#bob_root_mesh_002-skin-bind_poses-array" count="63" stride="16">
              <param name="TRANSFORM" type="float4x4"/>
            </accessor>
          </technique_common>
        </source>
        <source id="bob_root_mesh_002-skin-weights">
          <float_array id="bob_root_mesh_002-skin-weights-array" count="49">1 1 1 1 1 1 1 1 1 1 1 1 1 1 1 1 1 1 1 1 1 1 1 1 1 1 1 1 1 1 1 1 1 1 1 1 1 1 1 1 1 1 1 1 1 1 1 1 1</float_array>
          <technique_common>
            <accessor source="#bob_root_mesh_002-skin-weights-array" count="49" stride="1">
              <param name="WEIGHT" type="float"/>
            </accessor>
          </technique_common>
        </source>
        <joints>
          <input semantic="JOINT" source="#bob_root_mesh_002-skin-joints"/>
          <input semantic="INV_BIND_MATRIX" source="#bob_root_mesh_002-skin-bind_poses"/>
        </joints>
        <vertex_weights count="49">
          <input semantic="JOINT" source="#bob_root_mesh_002-skin-joints" offset="0"/>
          <input semantic="WEIGHT" source="#bob_root_mesh_002-skin-weights" offset="1"/>
          <vcount>1 1 1 1 1 1 1 1 1 1 1 1 1 1 1 1 1 1 1 1 1 1 1 1 1 1 1 1 1 1 1 1 1 1 1 1 1 1 1 1 1 1 1 1 1 1 1 1 1 </vcount>
          <v>35 0 35 1 35 2 35 3 35 4 35 5 35 6 35 7 35 8 35 9 35 10 35 11 35 12 35 13 35 14 35 15 35 16 35 17 35 18 35 19 35 20 35 21 35 22 35 23 35 24 35 25 35 26 35 27 35 28 35 29 35 30 35 31 35 32 35 33 35 34 35 35 35 36 35 37 35 38 35 39 35 40 35 41 35 42 35 43 35 44 35 45 35 46 35 47 35 48</v>
        </vertex_weights>
      </skin>
    </controller>
    <controller id="bob_root_mesh_001-skin" name="bob_root">
      <skin source="#unnamed_007-mesh">
        <bind_shape_matrix>1 0 0 0 0 1 0 0 0 0 1 0 0 0 0 1</bind_shape_matrix>
        <source id="bob_root_mesh_001-skin-joints">
          <Name_array id="bob_root_mesh_001-skin-joints-array" count="63">bob_root bob_sub_root bob_chest bob_clavicle_L bob_bicep_L bob_elbow_L bob_twist_L bob_wrist_L bob_index_base_L bob_index_tip_L bob_mid_base_L bob_mid_tp_L bob_pinky_base_L bob_pinky_tip_L bob_thumb_base_L bob_thumb_tip_L bob_clavicle_R bob_bicep_R bob_elbow_R bob_twist_R bob_wrist_R bob_index_base_R bob_index_tip_R bob_mid_base_R bob_mid_tip_R bob_pinky_base_R bob_pinky_tip_R bob_thumb_base_R bob_thumb_tip_R bob_head bob_eye_socket_shrink_L bob_eye_L bob_eye_stretch_L bob_lid_lower_L bob_lid_upper_L bob_eye_socket_shrink_R bob_eye_R bob_eye_stretch_R bob_lid_lower_R bob_lid_upper_R bob_forehead bob_lip_upper bob_teeth bob_mouth_L bob_mouth_R bob_nose bob_jaw bob_lip_lower bob_lip_lower_L bob_lip_lower_R bob_tongue_base bob_tongue_end bob_connect bob_thigh_L bob_knee_L bob_ankle_L bob_toe_L bob_thigh_R bob_knee_R bob_ankle_R bob_toe_R bob_tie_base bob_tie_end</Name_array>
          <technique_common>
            <accessor source="#bob_root_mesh_001-skin-joints-array" count="63" stride="1">
              <param name="JOINT" type="name"/>
            </accessor>
          </technique_common>
        </source>
        <source id="bob_root_mesh_001-skin-bind_poses">
          <float_array id="bob_root_mesh_001-skin-bind_poses-array" count="1008">1 0 0 0 0 -3.57628e-7 1 0 0 -1 -2.8213e-7 0 0 0 0 1 1 0 0 0 0 -3.57628e-7 1 -0.3631969 0 -1 -2.8213e-7 -0.01224803 0 0 0 1 1 0 0 0 0 -3.57628e-7 1 -0.4508612 0 -1 -2.8213e-7 -0.01024585 0 0 0 1 1 0 0 -0.08820319 0 -3.57628e-7 1 -0.4654444 0 -1 -2.8213e-7 -0.005732297 0 0 0 1 1 -1.15868e-5 0 -0.277226 0 -3.553e-7 1 -0.4634373 -1.15868e-5 -1 -2.79802e-7 -0.007435917 0 0 0 1 1 -1.18008e-5 0 -0.4199464 0 -3.54895e-7 1 -0.4634373 -1.18008e-5 -1 -2.79397e-7 -0.007435798 0 0 0 1 1 -1.18008e-5 0 -0.4600866 0 -3.26955e-7 1 -0.4634373 -1.18008e-5 -1 -2.51457e-7 -0.007435858 0 0 0 1 1 -6.51192e-5 0 -0.5002271 0 3.45581e-7 -1 0.4634373 6.51192e-5 1 2.70083e-7 0.007409155 0 0 0 1 0.9935342 -0.1135331 0 -0.5553187 0 2.71075e-7 -1 0.4804373 0.1135331 0.9935342 1.94312e-7 -0.03080087 0 0 0 1 0.9935342 -0.1135331 0 -0.5883189 0 3.00092e-7 -1 0.4804373 0.1135331 0.9935342 2.23517e-7 -0.03080087 0 0 0 1 1 -6.50009e-5 0 -0.5547661 0 3.36268e-7 -1 0.4804373 6.50009e-5 1 2.6077e-7 0.008272647 0 0 0 1 1 -6.50009e-5 0 -0.5927071 0 3.36268e-7 -1 0.4804373 6.50009e-5 1 2.6077e-7 0.008272647 0 0 0 1 0.9877629 0.1559637 0 -0.5511935 0 3.08328e-7 -1 0.4804373 -0.1559637 0.9877629 2.29982e-7 0.0691176 0 0 0 1 0.9877629 0.1559637 0 -0.5841937 0 3.29541e-7 -1 0.4804373 -0.1559637 0.9877629 2.51457e-7 0.0691176 0 0 0 1 0.806752 -0.5908901 5.73695e-7 -0.4475749 0.08500933 0.1160638 -0.9895972 0.4087883 0.5847432 0.7983596 0.1438658 -0.340138 0 0 0 1 0.8067505 -0.5908922 2.08616e-7 -0.4881426 0.08500933 0.1160638 -0.9895973 0.4087876 0.5847452 0.798358 0.1438658 -0.3465866 0 0 0 1 1 0 0 0.08815914 0 -3.57628e-7 1 -0.4654444 0 -1 -2.8213e-7 -0.005732297 0 0 0 1 1 0 0 0.2740172 0 -3.54895e-7 1 -0.4654444 0 -1 -2.79397e-7 -0.005732297 0 0 0 1 1 2.39856e-7 0 0.4171683 0 -3.54895e-7 1 -0.4654444 2.39856e-7 -1 -2.79397e-7 -0.005732178 0 0 0 1 1 1.36726e-5 0 0.4572482 0 -3.54895e-7 1 -0.4654444 1.36726e-5 -1 -2.79397e-7 -0.005726039 0 0 0 1 1 1.45971e-7 0 0.4973279 0 -3.54895e-7 1 -0.4654444 1.45971e-7 -1 -2.79397e-7 -0.005732774 0 0 0 1 0.9935415 0.1134688 0 0.552248 0 -3.54895e-7 1 -0.4824443 0.1134688 -0.9935415 -2.77592e-7 0.03213757 0 0 0 1 0.9935415 0.1134688 0 0.5852479 0 -3.01169e-7 1 -0.4824443 0.1134688 -0.9935415 -2.23517e-7 0.03213751 0 0 0 1 1 1.45971e-7 0 0.5518674 0 -3.64208e-7 1 -0.4824444 1.45971e-7 -1 -2.8871e-7 -0.006596207 0 0 0 1 1 1.45971e-7 0 0.5898085 0 -3.64208e-7 1 -0.4824444 1.45971e-7 -1 -2.8871e-7 -0.006596207 0 0 0 1 0.9877527 -0.1560278 0 0.5485914 0 -3.54895e-7 1 -0.4824444 -0.1560278 -0.9877527 -2.75975e-7 -0.06700938 0 0 0 1 0.9877527 -0.1560278 0 0.5815915 0 -3.76673e-7 1 -0.4824444 -0.1560278 -0.9877527 -2.98023e-7 -0.06700938 0 0 0 1 0.9909111 -0.09408807 -0.09613829 0.5577327 0.08499145 -0.1160554 0.9895998 -0.4108319 -0.1042669 -0.9887763 -0.1070039 -0.04394012 0 0 0 1 0.9909111 -0.09408807 -0.09613829 0.59222 0.08499145 -0.1160554 0.9895998 -0.4108318 -0.1042669 -0.9887763 -0.1070039 -0.06625717 0 0 0 1 1 0 0 0 0 -3.54895e-7 1 -0.6079697 0 -1 -2.79397e-7 -0.01024585 0 0 0 1 1 0 0 -0.103 0 -3.54895e-7 1 -0.7744012 0 -1 -2.79397e-7 -0.1281926 0 0 0 1 1 0 0 -0.103 0 -3.54895e-7 1 -0.7685519 0 -1 -2.79397e-7 -0.06312471 0 0 0 1 1 0 0 -0.103 0 -3.54895e-7 1 -0.7744012 0 -1 -2.79397e-7 -0.1796826 0 0 0 1 1 0 0 -0.103 0 -0.9988353 0.04824751 -0.1001321 0 -0.04824757 -0.9988353 0.7646111 0 0 0 1 1 0 0 -0.103 0 1 0 0.06312495 0 0 1 -0.7685519 0 0 0 1 1 1.50996e-7 0 0.103 0 3.54895e-7 -1 0.7744011 -1.50996e-7 1 2.79397e-7 0.1281926 0 0 0 1 1 0 0 0.103 0 -3.54895e-7 1 -0.7685519 0 -1 -2.79397e-7 -0.06312471 0 0 0 1 1 0 0 0.1028568 0 -3.54895e-7 1 -0.7744012 0 -1 -2.79397e-7 -0.1796826 0 0 0 1 1 0 0 0.103 0 -0.9988353 0.04824775 -0.1001323 0 -0.04824757 -0.9988353 0.7646111 0 0 0 1 1 0 0 0.103 0 -1 -1.11386e-6 -0.06312406 0 1.17446e-6 -1 0.768552 0 0 0 1 1 0 0 0 0 -3.54895e-7 1 -0.8750384 0 -1 -2.79397e-7 0.03980851 0 0 0 1 1 0 0 0 0 -3.54895e-7 1 -0.607031 0 -1 -2.79397e-7 -0.1423895 0 0 0 1 1 0 0 1.00436e-6 0 -3.54895e-7 1 -0.5983216 0 -1 -2.79397e-7 -0.1683276 0 0 0 1 1 0 0 -0.1679058 0 -2.05883e-7 1 -0.5968742 0 -1 -1.30385e-7 -0.1233199 0 0 0 1 1 0 0 0.1679078 0 -2.05883e-7 1 -0.5968742 0 -1 -1.30385e-7 -0.1233224 0 0 0 1 1 0 0 0 0 -3.54895e-7 1 -0.6707076 0 -1 -2.79397e-7 -0.1323786 0 0 0 1 1 0 0 0 0 -3.57628e-7 1 -0.520758 0 -1 -2.8213e-7 -0.1239921 0 0 0 1 1 0 0 1.00436e-6 0 -3.57628e-7 1 -0.5722039 0 -1 -2.8213e-7 -0.141271 0 0 0 1 1 0 0 -0.111 0 -3.94881e-7 1 -0.580758 0 -1 -3.19383e-7 -0.142992 0 0 0 1 1 1.50996e-7 0 0.111 0 4.32134e-7 -1 0.5805041 -1.50996e-7 1 3.56636e-7 0.1430059 0 0 0 1 1 0 0 0 0 -3.57628e-7 1 -0.5706831 0 -1 -2.8213e-7 -0.01338374 0 0 0 1 1 0 0 0 0 -3.57628e-7 1 -0.5713545 0 -1 -2.8213e-7 -0.06779658 0 0 0 1 1 0 0 0 0 -3.57628e-7 1 0 0 -1 -2.8213e-7 0 0 0 0 1 -0.002055704 -0.02905815 -0.9995757 0.3054539 0.0440514 0.9986049 -0.02912056 0.01029163 0.9990273 -0.04409241 -7.72825e-4 -0.1179401 0 0 0 1 0.002516746 0.07449424 -0.9972184 0.1578243 0.04402709 0.9962462 0.07453262 -0.006082296 0.9990273 -0.04409205 -7.72448e-4 -0.1179407 0 0 0 1 4.56402e-4 -0.8762145 -0.481921 0.03201848 0 -0.4819208 0.8762145 -0.06224334 -1 -4.00029e-4 -2.20016e-4 0.118041 0 0 0 1 1 0 0 -0.1180264 0 0 0.9999998 -0.03175383 -2.46626e-7 -0.9999998 -2.6965e-7 -0.07142281 0 0 0 1 0.002904653 -0.02905535 -0.9995736 0.3055534 -0.04398554 0.9986066 -0.02915513 0.01030999 0.9990279 0.04405128 0.001622557 0.1176803 0 0 0 1 -0.00166589 0.07448911 -0.9972205 0.1579253 -0.04404956 0.9962483 0.07449001 -0.006073117 0.999028 0.04405111 0.001621544 0.1176807 0 0 0 1 0 -0.8762143 -0.4819212 0.03207236 0 -0.4819211 0.8762145 -0.06224334 -1 1.51049e-7 0 -0.1178254 0 0 0 1 0.9999999 0 0 0.1178254 0 -3.57628e-7 0.9999999 -0.03175383 1.2713e-7 -0.9999998 -2.98023e-7 -0.07142281 0 0 0 1 1 0 0 0 0 -3.57628e-7 1 -0.406633 0 -1 -2.8213e-7 -0.1414517 0 0 0 1 1 0 0 0 0 -3.76254e-7 1 -0.3360888 0 -1 -3.00756e-7 -0.1471754 0 0 0 1</float_array>
          <technique_common>
            <accessor source="#bob_root_mesh_001-skin-bind_poses-array" count="63" stride="16">
              <param name="TRANSFORM" type="float4x4"/>
            </accessor>
          </technique_common>
        </source>
        <source id="bob_root_mesh_001-skin-weights">
          <float_array id="bob_root_mesh_001-skin-weights-array" count="12">1 1 1 1 1 1 1 1 1 1 1 1</float_array>
          <technique_common>
            <accessor source="#bob_root_mesh_001-skin-weights-array" count="12" stride="1">
              <param name="WEIGHT" type="float"/>
            </accessor>
          </technique_common>
        </source>
        <joints>
          <input semantic="JOINT" source="#bob_root_mesh_001-skin-joints"/>
          <input semantic="INV_BIND_MATRIX" source="#bob_root_mesh_001-skin-bind_poses"/>
        </joints>
        <vertex_weights count="12">
          <input semantic="JOINT" source="#bob_root_mesh_001-skin-joints" offset="0"/>
          <input semantic="WEIGHT" source="#bob_root_mesh_001-skin-weights" offset="1"/>
          <vcount>1 1 1 1 1 1 1 1 1 1 1 1 </vcount>
          <v>35 0 35 1 35 2 35 3 35 4 35 5 35 6 35 7 35 8 35 9 35 10 35 11</v>
        </vertex_weights>
      </skin>
    </controller>
    <controller id="bob_root_mesh-skin" name="bob_root">
      <skin source="#unnamed_006-mesh">
        <bind_shape_matrix>1 0 0 0 0 1 0 0 0 0 1 0 0 0 0 1</bind_shape_matrix>
        <source id="bob_root_mesh-skin-joints">
          <Name_array id="bob_root_mesh-skin-joints-array" count="63">bob_root bob_sub_root bob_chest bob_clavicle_L bob_bicep_L bob_elbow_L bob_twist_L bob_wrist_L bob_index_base_L bob_index_tip_L bob_mid_base_L bob_mid_tp_L bob_pinky_base_L bob_pinky_tip_L bob_thumb_base_L bob_thumb_tip_L bob_clavicle_R bob_bicep_R bob_elbow_R bob_twist_R bob_wrist_R bob_index_base_R bob_index_tip_R bob_mid_base_R bob_mid_tip_R bob_pinky_base_R bob_pinky_tip_R bob_thumb_base_R bob_thumb_tip_R bob_head bob_eye_socket_shrink_L bob_eye_L bob_eye_stretch_L bob_lid_lower_L bob_lid_upper_L bob_eye_socket_shrink_R bob_eye_R bob_eye_stretch_R bob_lid_lower_R bob_lid_upper_R bob_forehead bob_lip_upper bob_teeth bob_mouth_L bob_mouth_R bob_nose bob_jaw bob_lip_lower bob_lip_lower_L bob_lip_lower_R bob_tongue_base bob_tongue_end bob_connect bob_thigh_L bob_knee_L bob_ankle_L bob_toe_L bob_thigh_R bob_knee_R bob_ankle_R bob_toe_R bob_tie_base bob_tie_end</Name_array>
          <technique_common>
            <accessor source="#bob_root_mesh-skin-joints-array" count="63" stride="1">
              <param name="JOINT" type="name"/>
            </accessor>
          </technique_common>
        </source>
        <source id="bob_root_mesh-skin-bind_poses">
          <float_array id="bob_root_mesh-skin-bind_poses-array" count="1008">1 0 0 0 0 -3.57628e-7 1 0 0 -1 -2.8213e-7 0 0 0 0 1 1 0 0 0 0 -3.57628e-7 1 -0.3631969 0 -1 -2.8213e-7 -0.01224803 0 0 0 1 1 0 0 0 0 -3.57628e-7 1 -0.4508612 0 -1 -2.8213e-7 -0.01024585 0 0 0 1 1 0 0 -0.08820319 0 -3.57628e-7 1 -0.4654444 0 -1 -2.8213e-7 -0.005732297 0 0 0 1 1 -1.15868e-5 0 -0.277226 0 -3.553e-7 1 -0.4634373 -1.15868e-5 -1 -2.79802e-7 -0.007435917 0 0 0 1 1 -1.18008e-5 0 -0.4199464 0 -3.54895e-7 1 -0.4634373 -1.18008e-5 -1 -2.79397e-7 -0.007435798 0 0 0 1 1 -1.18008e-5 0 -0.4600866 0 -3.26955e-7 1 -0.4634373 -1.18008e-5 -1 -2.51457e-7 -0.007435858 0 0 0 1 1 -6.51192e-5 0 -0.5002271 0 3.45581e-7 -1 0.4634373 6.51192e-5 1 2.70083e-7 0.007409155 0 0 0 1 0.9935342 -0.1135331 0 -0.5553187 0 2.71075e-7 -1 0.4804373 0.1135331 0.9935342 1.94312e-7 -0.03080087 0 0 0 1 0.9935342 -0.1135331 0 -0.5883189 0 3.00092e-7 -1 0.4804373 0.1135331 0.9935342 2.23517e-7 -0.03080087 0 0 0 1 1 -6.50009e-5 0 -0.5547661 0 3.36268e-7 -1 0.4804373 6.50009e-5 1 2.6077e-7 0.008272647 0 0 0 1 1 -6.50009e-5 0 -0.5927071 0 3.36268e-7 -1 0.4804373 6.50009e-5 1 2.6077e-7 0.008272647 0 0 0 1 0.9877629 0.1559637 0 -0.5511935 0 3.08328e-7 -1 0.4804373 -0.1559637 0.9877629 2.29982e-7 0.0691176 0 0 0 1 0.9877629 0.1559637 0 -0.5841937 0 3.29541e-7 -1 0.4804373 -0.1559637 0.9877629 2.51457e-7 0.0691176 0 0 0 1 0.806752 -0.5908901 5.73695e-7 -0.4475749 0.08500933 0.1160638 -0.9895972 0.4087883 0.5847432 0.7983596 0.1438658 -0.340138 0 0 0 1 0.8067505 -0.5908922 2.08616e-7 -0.4881426 0.08500933 0.1160638 -0.9895973 0.4087876 0.5847452 0.798358 0.1438658 -0.3465866 0 0 0 1 1 0 0 0.08815914 0 -3.57628e-7 1 -0.4654444 0 -1 -2.8213e-7 -0.005732297 0 0 0 1 1 0 0 0.2740172 0 -3.54895e-7 1 -0.4654444 0 -1 -2.79397e-7 -0.005732297 0 0 0 1 1 2.39856e-7 0 0.4171683 0 -3.54895e-7 1 -0.4654444 2.39856e-7 -1 -2.79397e-7 -0.005732178 0 0 0 1 1 1.36726e-5 0 0.4572482 0 -3.54895e-7 1 -0.4654444 1.36726e-5 -1 -2.79397e-7 -0.005726039 0 0 0 1 1 1.45971e-7 0 0.4973279 0 -3.54895e-7 1 -0.4654444 1.45971e-7 -1 -2.79397e-7 -0.005732774 0 0 0 1 0.9935415 0.1134688 0 0.552248 0 -3.54895e-7 1 -0.4824443 0.1134688 -0.9935415 -2.77592e-7 0.03213757 0 0 0 1 0.9935415 0.1134688 0 0.5852479 0 -3.01169e-7 1 -0.4824443 0.1134688 -0.9935415 -2.23517e-7 0.03213751 0 0 0 1 1 1.45971e-7 0 0.5518674 0 -3.64208e-7 1 -0.4824444 1.45971e-7 -1 -2.8871e-7 -0.006596207 0 0 0 1 1 1.45971e-7 0 0.5898085 0 -3.64208e-7 1 -0.4824444 1.45971e-7 -1 -2.8871e-7 -0.006596207 0 0 0 1 0.9877527 -0.1560278 0 0.5485914 0 -3.54895e-7 1 -0.4824444 -0.1560278 -0.9877527 -2.75975e-7 -0.06700938 0 0 0 1 0.9877527 -0.1560278 0 0.5815915 0 -3.76673e-7 1 -0.4824444 -0.1560278 -0.9877527 -2.98023e-7 -0.06700938 0 0 0 1 0.9909111 -0.09408807 -0.09613829 0.5577327 0.08499145 -0.1160554 0.9895998 -0.4108319 -0.1042669 -0.9887763 -0.1070039 -0.04394012 0 0 0 1 0.9909111 -0.09408807 -0.09613829 0.59222 0.08499145 -0.1160554 0.9895998 -0.4108318 -0.1042669 -0.9887763 -0.1070039 -0.06625717 0 0 0 1 1 0 0 0 0 -3.54895e-7 1 -0.6079697 0 -1 -2.79397e-7 -0.01024585 0 0 0 1 1 0 0 -0.103 0 -3.54895e-7 1 -0.7744012 0 -1 -2.79397e-7 -0.1281926 0 0 0 1 1 0 0 -0.103 0 -3.54895e-7 1 -0.7685519 0 -1 -2.79397e-7 -0.06312471 0 0 0 1 1 0 0 -0.103 0 -3.54895e-7 1 -0.7744012 0 -1 -2.79397e-7 -0.1796826 0 0 0 1 1 0 0 -0.103 0 -0.9988353 0.04824751 -0.1001321 0 -0.04824757 -0.9988353 0.7646111 0 0 0 1 1 0 0 -0.103 0 1 0 0.06312495 0 0 1 -0.7685519 0 0 0 1 1 1.50996e-7 0 0.103 0 3.54895e-7 -1 0.7744011 -1.50996e-7 1 2.79397e-7 0.1281926 0 0 0 1 1 0 0 0.103 0 -3.54895e-7 1 -0.7685519 0 -1 -2.79397e-7 -0.06312471 0 0 0 1 1 0 0 0.1028568 0 -3.54895e-7 1 -0.7744012 0 -1 -2.79397e-7 -0.1796826 0 0 0 1 1 0 0 0.103 0 -0.9988353 0.04824775 -0.1001323 0 -0.04824757 -0.9988353 0.7646111 0 0 0 1 1 0 0 0.103 0 -1 -1.11386e-6 -0.06312406 0 1.17446e-6 -1 0.768552 0 0 0 1 1 0 0 0 0 -3.54895e-7 1 -0.8750384 0 -1 -2.79397e-7 0.03980851 0 0 0 1 1 0 0 0 0 -3.54895e-7 1 -0.607031 0 -1 -2.79397e-7 -0.1423895 0 0 0 1 1 0 0 1.00436e-6 0 -3.54895e-7 1 -0.5983216 0 -1 -2.79397e-7 -0.1683276 0 0 0 1 1 0 0 -0.1679058 0 -2.05883e-7 1 -0.5968742 0 -1 -1.30385e-7 -0.1233199 0 0 0 1 1 0 0 0.1679078 0 -2.05883e-7 1 -0.5968742 0 -1 -1.30385e-7 -0.1233224 0 0 0 1 1 0 0 0 0 -3.54895e-7 1 -0.6707076 0 -1 -2.79397e-7 -0.1323786 0 0 0 1 1 0 0 0 0 -3.57628e-7 1 -0.520758 0 -1 -2.8213e-7 -0.1239921 0 0 0 1 1 0 0 1.00436e-6 0 -3.57628e-7 1 -0.5722039 0 -1 -2.8213e-7 -0.141271 0 0 0 1 1 0 0 -0.111 0 -3.94881e-7 1 -0.580758 0 -1 -3.19383e-7 -0.142992 0 0 0 1 1 1.50996e-7 0 0.111 0 4.32134e-7 -1 0.5805041 -1.50996e-7 1 3.56636e-7 0.1430059 0 0 0 1 1 0 0 0 0 -3.57628e-7 1 -0.5706831 0 -1 -2.8213e-7 -0.01338374 0 0 0 1 1 0 0 0 0 -3.57628e-7 1 -0.5713545 0 -1 -2.8213e-7 -0.06779658 0 0 0 1 1 0 0 0 0 -3.57628e-7 1 0 0 -1 -2.8213e-7 0 0 0 0 1 -0.002055704 -0.02905815 -0.9995757 0.3054539 0.0440514 0.9986049 -0.02912056 0.01029163 0.9990273 -0.04409241 -7.72825e-4 -0.1179401 0 0 0 1 0.002516746 0.07449424 -0.9972184 0.1578243 0.04402709 0.9962462 0.07453262 -0.006082296 0.9990273 -0.04409205 -7.72448e-4 -0.1179407 0 0 0 1 4.56402e-4 -0.8762145 -0.481921 0.03201848 0 -0.4819208 0.8762145 -0.06224334 -1 -4.00029e-4 -2.20016e-4 0.118041 0 0 0 1 1 0 0 -0.1180264 0 0 0.9999998 -0.03175383 -2.46626e-7 -0.9999998 -2.6965e-7 -0.07142281 0 0 0 1 0.002904653 -0.02905535 -0.9995736 0.3055534 -0.04398554 0.9986066 -0.02915513 0.01030999 0.9990279 0.04405128 0.001622557 0.1176803 0 0 0 1 -0.00166589 0.07448911 -0.9972205 0.1579253 -0.04404956 0.9962483 0.07449001 -0.006073117 0.999028 0.04405111 0.001621544 0.1176807 0 0 0 1 0 -0.8762143 -0.4819212 0.03207236 0 -0.4819211 0.8762145 -0.06224334 -1 1.51049e-7 0 -0.1178254 0 0 0 1 0.9999999 0 0 0.1178254 0 -3.57628e-7 0.9999999 -0.03175383 1.2713e-7 -0.9999998 -2.98023e-7 -0.07142281 0 0 0 1 1 0 0 0 0 -3.57628e-7 1 -0.406633 0 -1 -2.8213e-7 -0.1414517 0 0 0 1 1 0 0 0 0 -3.76254e-7 1 -0.3360888 0 -1 -3.00756e-7 -0.1471754 0 0 0 1</float_array>
          <technique_common>
            <accessor source="#bob_root_mesh-skin-bind_poses-array" count="63" stride="16">
              <param name="TRANSFORM" type="float4x4"/>
            </accessor>
          </technique_common>
        </source>
        <source id="bob_root_mesh-skin-weights">
          <float_array id="bob_root_mesh-skin-weights-array" count="12">1 1 1 1 1 1 1 1 1 1 1 1</float_array>
          <technique_common>
            <accessor source="#bob_root_mesh-skin-weights-array" count="12" stride="1">
              <param name="WEIGHT" type="float"/>
            </accessor>
          </technique_common>
        </source>
        <joints>
          <input semantic="JOINT" source="#bob_root_mesh-skin-joints"/>
          <input semantic="INV_BIND_MATRIX" source="#bob_root_mesh-skin-bind_poses"/>
        </joints>
        <vertex_weights count="12">
          <input semantic="JOINT" source="#bob_root_mesh-skin-joints" offset="0"/>
          <input semantic="WEIGHT" source="#bob_root_mesh-skin-weights" offset="1"/>
          <vcount>1 1 1 1 1 1 1 1 1 1 1 1 </vcount>
          <v>30 0 30 1 30 2 30 3 30 4 30 5 30 6 30 7 30 8 30 9 30 10 30 11</v>
        </vertex_weights>
      </skin>
    </controller>
  </library_controllers>
  <library_visual_scenes>
    <visual_scene id="Scene" name="Scene">
      <node id="unnamed" name="unnamed" type="NODE">
        <matrix sid="transform">1 0 0 0 0 1 0 0 0 0 1 0 0 0 0 1</matrix>
        <node id="bob_root" name="bob_root" type="NODE">
          <matrix sid="transform">1 0 0 0 0 1 0 0 0 0 1 0 0 0 0 1</matrix>
          <node id="bob_root_bob_root" name="bob_root" sid="bob_root" type="JOINT">
            <matrix sid="transform">1 0 0 0 0 -2.8213e-7 -1 0 0 1 -3.57628e-7 0 0 0 0 1</matrix>
            <node id="bob_root_bob_sub_root" name="bob_sub_root" sid="bob_sub_root" type="JOINT">
              <matrix sid="transform">1 0 0 0 0 1 0 0.3631968 0 0 1 0.01224808 0 0 0 1</matrix>
              <node id="bob_root_bob_chest" name="bob_chest" sid="bob_chest" type="JOINT">
                <matrix sid="transform">1 0 0 0 0 1 0 0.08766431 0 0 1 -0.002002177 0 0 0 1</matrix>
                <node id="bob_root_bob_clavicle_L" name="bob_clavicle_L" sid="bob_clavicle_L" type="JOINT">
                  <matrix sid="transform">1 0 0 0.0882032 0 1 0 0.01458323 0 0 1 -0.004513582 0 0 0 1</matrix>
                  <node id="bob_root_bob_bicep_L" name="bob_bicep_L" sid="bob_bicep_L" type="JOINT">
                    <matrix sid="transform">1 0 -1.15868e-5 0.1890228 2.69776e-14 1 2.32831e-9 -0.002007094 1.15868e-5 -2.32831e-9 1 0.001706821 0 0 0 1</matrix>
                    <node id="bob_root_bob_elbow_L" name="bob_elbow_L" sid="bob_elbow_L" type="JOINT">
                      <matrix sid="transform">1 0 -2.13972e-7 0.1427204 0 1 4.04754e-10 2.64376e-9 2.13972e-7 -4.04754e-10 1 0 0 0 0 1</matrix>
                      <node id="bob_root_bob_twist_L" name="bob_twist_L" sid="bob_twist_L" type="JOINT">
                        <matrix sid="transform">1 0 0 0.04014012 0 1 2.79397e-8 2.64092e-9 0 -2.79397e-8 1 0 0 0 0 1</matrix>
                        <node id="bob_root_bob_wrist_L" name="bob_wrist_L" sid="bob_wrist_L" type="JOINT">
                          <matrix sid="transform">1 4.96558e-13 5.33183e-5 0.04014009 -4.96558e-13 -1 1.86262e-8 2.43333e-9 5.33183e-5 -1.86262e-8 -1 -4.65661e-10 0 0 0 1</matrix>
                          <node id="bob_root_bob_index_base_L" name="bob_index_base_L" sid="bob_index_base_L" type="JOINT">
                            <matrix sid="transform">0.9935416 0 0.1134685 0.05500007 -8.45406e-9 1 7.40246e-8 -0.017 -0.1134685 -7.45058e-8 0.9935416 -0.02499998 0 0 0 1</matrix>
                            <node id="bob_root_bob_index_tip_L" name="bob_index_tip_L" sid="bob_index_tip_L" type="JOINT">
                              <matrix sid="transform">1 -1.77636e-15 -6.62998e-15 0.03300017 -3.55271e-15 1 -2.92048e-8 -9.81341e-9 -5.98103e-15 2.92049e-8 1 -2.98023e-8 0 0 0 1</matrix>
                              <extra>
                                <technique profile="blender">
                                  <roll sid="roll" type="float">0.1137785</roll>
                                  <tip_x sid="tip_x" type="float">0</tip_x>
                                  <tip_y sid="tip_y" type="float">0</tip_y>
                                  <tip_z sid="tip_z" type="float">-0.05000001</tip_z>
                                </technique>
                              </extra>
                            </node>
                            <extra>
                              <technique profile="blender">
                                <roll sid="roll" type="float">0.1137785</roll>
                                <tip_x sid="tip_x" type="float">0</tip_x>
                                <tip_y sid="tip_y" type="float">0</tip_y>
                                <tip_z sid="tip_z" type="float">-0.05000001</tip_z>
                              </technique>
                            </extra>
                          </node>
                          <node id="bob_root_bob_mid_base_L" name="bob_mid_base_L" sid="bob_mid_base_L" type="JOINT">
                            <matrix sid="transform">1 0 -1.18307e-7 0.05453902 1.10328e-15 1 9.31323e-9 -0.01699999 1.18307e-7 -9.31323e-9 1 -8.63455e-4 0 0 0 1</matrix>
                            <node id="bob_root_bob_mid_tp_L" name="bob_mid_tp_L" sid="bob_mid_tp_L" type="JOINT">
                              <matrix sid="transform">1 0 0 0.03794098 0 1 -1.42109e-13 -2.79498e-9 0 1.42109e-13 1 -9.31323e-10 0 0 0 1</matrix>
                              <extra>
                                <technique profile="blender">
                                  <roll sid="roll" type="float">6.50009e-5</roll>
                                  <tip_x sid="tip_x" type="float">0</tip_x>
                                  <tip_y sid="tip_y" type="float">0</tip_y>
                                  <tip_z sid="tip_z" type="float">-0.05000001</tip_z>
                                </technique>
                              </extra>
                            </node>
                            <extra>
                              <technique profile="blender">
                                <roll sid="roll" type="float">6.50009e-5</roll>
                                <tip_x sid="tip_x" type="float">0</tip_x>
                                <tip_y sid="tip_y" type="float">0</tip_y>
                                <tip_z sid="tip_z" type="float">-0.05000001</tip_z>
                              </technique>
                            </extra>
                          </node>
                          <node id="bob_root_bob_pinky_base_L" name="bob_pinky_base_L" sid="bob_pinky_base_L" type="JOINT">
                            <matrix sid="transform">0.9877526 0 -0.156028 0.05500007 5.81249e-9 1 3.67966e-8 -0.01700001 0.156028 -3.72529e-8 0.9877526 0.02513973 0 0 0 1</matrix>
                            <node id="bob_root_bob_pinky_tip_L" name="bob_pinky_tip_L" sid="bob_pinky_tip_L" type="JOINT">
                              <matrix sid="transform">1 -7.10543e-15 1.49012e-8 0.03300023 0 1 -2.14754e-8 3.68437e-8 -1.49012e-8 2.14754e-8 1 -4.47035e-8 0 0 0 1</matrix>
                              <extra>
                                <technique profile="blender">
                                  <roll sid="roll" type="float">-0.156603</roll>
                                  <tip_x sid="tip_x" type="float">0</tip_x>
                                  <tip_y sid="tip_y" type="float">0</tip_y>
                                  <tip_z sid="tip_z" type="float">-0.05000001</tip_z>
                                </technique>
                              </extra>
                            </node>
                            <extra>
                              <technique profile="blender">
                                <roll sid="roll" type="float">-0.156603</roll>
                                <tip_x sid="tip_x" type="float">0</tip_x>
                                <tip_y sid="tip_y" type="float">0</tip_y>
                                <tip_z sid="tip_z" type="float">-0.05000001</tip_z>
                              </technique>
                            </extra>
                          </node>
                          <node id="bob_root_bob_thumb_base_L" name="bob_thumb_base_L" sid="bob_thumb_base_L" type="JOINT">
                            <matrix sid="transform">0.8067905 0.0850018 0.5846912 0.02499998 -7.25107e-7 0.9895972 -0.1438656 0.009967015 -0.5908377 0.116069 0.7983978 -0.03291719 0 0 0 1</matrix>
                            <node id="bob_root_bob_thumb_tip_L" name="bob_thumb_tip_L" sid="bob_thumb_tip_L" type="JOINT">
                              <matrix sid="transform">0.9999999 5.96805e-9 2.55613e-6 0.04056853 5.86512e-9 1 1.49012e-8 8.12113e-7 -2.57091e-6 0 1 0.006447405 0 0 0 1</matrix>
                              <extra>
                                <technique profile="blender">
                                  <roll sid="roll" type="float">0.5514644</roll>
                                  <tip_x sid="tip_x" type="float">0.004250466</tip_x>
                                  <tip_y sid="tip_y" type="float">0.005803167</tip_y>
                                  <tip_z sid="tip_z" type="float">-0.04947984</tip_z>
                                </technique>
                              </extra>
                            </node>
                            <extra>
                              <technique profile="blender">
                                <roll sid="roll" type="float">0.5514621</roll>
                                <tip_x sid="tip_x" type="float">0.004250466</tip_x>
                                <tip_y sid="tip_y" type="float">0.005803167</tip_y>
                                <tip_z sid="tip_z" type="float">-0.04947984</tip_z>
                              </technique>
                            </extra>
                          </node>
                          <extra>
                            <technique profile="blender">
                              <roll sid="roll" type="float">6.51192e-5</roll>
                              <tip_x sid="tip_x" type="float">0</tip_x>
                              <tip_y sid="tip_y" type="float">0</tip_y>
                              <tip_z sid="tip_z" type="float">-0.05000001</tip_z>
                            </technique>
                          </extra>
                        </node>
                        <extra>
                          <technique profile="blender">
                            <roll sid="roll" type="float">-1.18008e-5</roll>
                            <tip_x sid="tip_x" type="float">0</tip_x>
                            <tip_y sid="tip_y" type="float">0</tip_y>
                            <tip_z sid="tip_z" type="float">0.04999995</tip_z>
                          </technique>
                        </extra>
                      </node>
                      <extra>
                        <technique profile="blender">
                          <roll sid="roll" type="float">-1.18008e-5</roll>
                          <tip_x sid="tip_x" type="float">0</tip_x>
                          <tip_y sid="tip_y" type="float">0</tip_y>
                          <tip_z sid="tip_z" type="float">0.04999995</tip_z>
                        </technique>
                      </extra>
                    </node>
                    <extra>
                      <technique profile="blender">
                        <roll sid="roll" type="float">-1.15868e-5</roll>
                        <tip_x sid="tip_x" type="float">0</tip_x>
                        <tip_y sid="tip_y" type="float">0</tip_y>
                        <tip_z sid="tip_z" type="float">0.04999995</tip_z>
                      </technique>
                    </extra>
                  </node>
                  <extra>
                    <technique profile="blender">
                      <tip_x sid="tip_x" type="float">0</tip_x>
                      <tip_y sid="tip_y" type="float">0</tip_y>
                      <tip_z sid="tip_z" type="float">0.05000001</tip_z>
                    </technique>
                  </extra>
                </node>
                <node id="bob_root_bob_clavicle_R" name="bob_clavicle_R" sid="bob_clavicle_R" type="JOINT">
                  <matrix sid="transform">1 0 0 -0.08815919 0 1 0 0.01458323 0 0 1 -0.004513582 0 0 0 1</matrix>
                  <node id="bob_root_bob_bicep_R" name="bob_bicep_R" sid="bob_bicep_R" type="JOINT">
                    <matrix sid="transform">1 0 -9.42432e-8 -0.1858581 2.57589e-16 1 2.73323e-9 2.05009e-9 9.42432e-8 -2.73323e-9 1 0 0 0 0 1</matrix>
                    <node id="bob_root_bob_elbow_R" name="bob_elbow_R" sid="bob_elbow_R" type="JOINT">
                      <matrix sid="transform">1 0 3.34099e-7 -0.1431511 0 1 2.84217e-14 2.03441e-9 -3.34099e-7 -2.84217e-14 1 0 0 0 0 1</matrix>
                      <node id="bob_root_bob_twist_R" name="bob_twist_R" sid="bob_twist_R" type="JOINT">
                        <matrix sid="transform">1 0 1.34328e-5 -0.0400798 0 1 -2.84217e-14 2.03442e-9 -1.34328e-5 2.84217e-14 1 0 0 0 0 1</matrix>
                        <node id="bob_root_bob_wrist_R" name="bob_wrist_R" sid="bob_wrist_R" type="JOINT">
                          <matrix sid="transform">1 0 -1.35267e-5 -0.0400798 0 1 2.84217e-14 2.03461e-9 1.35267e-5 -2.84217e-14 1 4.65661e-10 0 0 0 1</matrix>
                          <node id="bob_root_bob_index_base_R" name="bob_index_base_R" sid="bob_index_base_R" type="JOINT">
                            <matrix sid="transform">0.9935416 0 0.1134687 -0.05500001 0 1 0 0.01699997 -0.1134687 0 0.9935416 0.02500001 0 0 0 1</matrix>
                            <node id="bob_root_bob_index_tip_R" name="bob_index_tip_R" sid="bob_index_tip_R" type="JOINT">
                              <matrix sid="transform">1 3.55271e-15 -9.46417e-15 -0.03299993 0 1 5.40748e-8 4.20382e-8 -1.11785e-14 -5.40748e-8 1 3.72529e-9 0 0 0 1</matrix>
                              <extra>
                                <technique profile="blender">
                                  <roll sid="roll" type="float">0.1137137</roll>
                                  <tip_x sid="tip_x" type="float">0</tip_x>
                                  <tip_y sid="tip_y" type="float">0</tip_y>
                                  <tip_z sid="tip_z" type="float">0.05000001</tip_z>
                                </technique>
                              </extra>
                            </node>
                            <extra>
                              <technique profile="blender">
                                <roll sid="roll" type="float">0.1137137</roll>
                                <tip_x sid="tip_x" type="float">0</tip_x>
                                <tip_y sid="tip_y" type="float">0</tip_y>
                                <tip_z sid="tip_z" type="float">0.05000001</tip_z>
                              </technique>
                            </extra>
                          </node>
                          <node id="bob_root_bob_mid_base_R" name="bob_mid_base_R" sid="bob_mid_base_R" type="JOINT">
                            <matrix sid="transform">1 0 0 -0.0545395 0 1 -9.31323e-9 0.01699999 0 9.31323e-9 1 8.63458e-4 0 0 0 1</matrix>
                            <node id="bob_root_bob_mid_tip_R" name="bob_mid_tip_R" sid="bob_mid_tip_R" type="JOINT">
                              <matrix sid="transform">1 0 0 -0.03794104 0 1 -1.98952e-13 2.40249e-9 0 1.98952e-13 1 0 0 0 0 1</matrix>
                              <extra>
                                <technique profile="blender">
                                  <roll sid="roll" type="float">1.45971e-7</roll>
                                  <tip_x sid="tip_x" type="float">0</tip_x>
                                  <tip_y sid="tip_y" type="float">0</tip_y>
                                  <tip_z sid="tip_z" type="float">0.04999995</tip_z>
                                </technique>
                              </extra>
                            </node>
                            <extra>
                              <technique profile="blender">
                                <roll sid="roll" type="float">1.45971e-7</roll>
                                <tip_x sid="tip_x" type="float">0</tip_x>
                                <tip_y sid="tip_y" type="float">0</tip_y>
                                <tip_z sid="tip_z" type="float">0.04999995</tip_z>
                              </technique>
                            </extra>
                          </node>
                          <node id="bob_root_bob_pinky_base_R" name="bob_pinky_base_R" sid="bob_pinky_base_R" type="JOINT">
                            <matrix sid="transform">0.9877526 0 -0.156028 -0.05500001 -3.55271e-15 1 0 0.01700001 0.156028 0 0.9877526 -0.0251397 0 0 0 1</matrix>
                            <node id="bob_root_bob_pinky_tip_R" name="bob_pinky_tip_R" sid="bob_pinky_tip_R" type="JOINT">
                              <matrix sid="transform">1 3.55271e-15 -1.49011e-8 -0.03300011 -3.55271e-15 1 -2.20483e-8 -3.8517e-8 1.49012e-8 2.20484e-8 1 7.45058e-9 0 0 0 1</matrix>
                              <extra>
                                <technique profile="blender">
                                  <roll sid="roll" type="float">-0.1566679</roll>
                                  <tip_x sid="tip_x" type="float">0</tip_x>
                                  <tip_y sid="tip_y" type="float">0</tip_y>
                                  <tip_z sid="tip_z" type="float">0.05000001</tip_z>
                                </technique>
                              </extra>
                            </node>
                            <extra>
                              <technique profile="blender">
                                <roll sid="roll" type="float">-0.1566679</roll>
                                <tip_x sid="tip_x" type="float">0</tip_x>
                                <tip_y sid="tip_y" type="float">0</tip_y>
                                <tip_z sid="tip_z" type="float">0.05000001</tip_z>
                              </technique>
                            </extra>
                          </node>
                          <node id="bob_root_bob_thumb_base_R" name="bob_thumb_base_R" sid="bob_thumb_base_R" type="JOINT">
                            <matrix sid="transform">0.9909111 0.08499144 -0.1042671 -0.02499992 -0.09613825 0.9895996 -0.1070036 -0.009967641 0.09408827 0.1160551 0.9887764 0.03291721 0 0 0 1</matrix>
                            <node id="bob_root_bob_thumb_tip_R" name="bob_thumb_tip_R" sid="bob_thumb_tip_R" type="JOINT">
                              <matrix sid="transform">1 -7.45058e-9 1.11759e-8 -0.03448719 0 1 4.47035e-8 -3.72529e-8 -7.45058e-9 -2.98023e-8 1 0.02231706 0 0 0 1</matrix>
                              <extra>
                                <technique profile="blender">
                                  <roll sid="roll" type="float">-0.009195983</roll>
                                  <tip_x sid="tip_x" type="float">0.004249572</tip_x>
                                  <tip_y sid="tip_y" type="float">-0.00580275</tip_y>
                                  <tip_z sid="tip_z" type="float">0.04947996</tip_z>
                                </technique>
                              </extra>
                            </node>
                            <extra>
                              <technique profile="blender">
                                <roll sid="roll" type="float">-0.009195983</roll>
                                <tip_x sid="tip_x" type="float">0.004249572</tip_x>
                                <tip_y sid="tip_y" type="float">-0.00580275</tip_y>
                                <tip_z sid="tip_z" type="float">0.04947996</tip_z>
                              </technique>
                            </extra>
                          </node>
                          <extra>
                            <technique profile="blender">
                              <roll sid="roll" type="float">1.45971e-7</roll>
                              <tip_x sid="tip_x" type="float">0</tip_x>
                              <tip_y sid="tip_y" type="float">0</tip_y>
                              <tip_z sid="tip_z" type="float">0.05000001</tip_z>
                            </technique>
                          </extra>
                        </node>
                        <extra>
                          <technique profile="blender">
                            <roll sid="roll" type="float">1.36726e-5</roll>
                            <tip_x sid="tip_x" type="float">0</tip_x>
                            <tip_y sid="tip_y" type="float">0</tip_y>
                            <tip_z sid="tip_z" type="float">0.05000001</tip_z>
                          </technique>
                        </extra>
                      </node>
                      <extra>
                        <technique profile="blender">
                          <roll sid="roll" type="float">2.39856e-7</roll>
                          <tip_x sid="tip_x" type="float">0</tip_x>
                          <tip_y sid="tip_y" type="float">0</tip_y>
                          <tip_z sid="tip_z" type="float">0.05000001</tip_z>
                        </technique>
                      </extra>
                    </node>
                    <extra>
                      <technique profile="blender">
                        <roll sid="roll" type="float">0</roll>
                        <tip_x sid="tip_x" type="float">0</tip_x>
                        <tip_y sid="tip_y" type="float">0</tip_y>
                        <tip_z sid="tip_z" type="float">0.05000001</tip_z>
                      </technique>
                    </extra>
                  </node>
                  <extra>
                    <technique profile="blender">
                      <tip_x sid="tip_x" type="float">0</tip_x>
                      <tip_y sid="tip_y" type="float">0</tip_y>
                      <tip_z sid="tip_z" type="float">0.05000001</tip_z>
                    </technique>
                  </extra>
                </node>
                <node id="bob_root_bob_head" name="bob_head" sid="bob_head" type="JOINT">
                  <matrix sid="transform">1 0 0 0 0 1 2.73317e-9 0.1571085 0 -2.73317e-9 1 9.31323e-10 0 0 0 1</matrix>
                  <node id="bob_root_bob_eye_socket_shrink_L" name="bob_eye_socket_shrink_L" sid="bob_eye_socket_shrink_L" type="JOINT">
                    <matrix sid="transform">1 0 0 0.103 0 1 0 0.1664315 0 0 1 0.1179467 0 0 0 1</matrix>
                    <node id="bob_root_bob_eye_L" name="bob_eye_L" sid="bob_eye_L" type="JOINT">
                      <matrix sid="transform">1 0 0 0 0 1 0 -0.005849279 0 0 1 -0.06506793 0 0 0 1</matrix>
                      <node id="bob_root_bob_eye_stretch_L" name="bob_eye_stretch_L" sid="bob_eye_stretch_L" type="JOINT">
                        <matrix sid="transform">1 0 0 0 0 1 0 0.005849306 0 0 1 0.1165579 0 0 0 1</matrix>
                        <extra>
                          <technique profile="blender">
                            <tip_x sid="tip_x" type="float">0</tip_x>
                            <tip_y sid="tip_y" type="float">0</tip_y>
                            <tip_z sid="tip_z" type="float">0.05000001</tip_z>
                          </technique>
                        </extra>
                      </node>
                      <extra>
                        <technique profile="blender">
                          <tip_x sid="tip_x" type="float">0</tip_x>
                          <tip_y sid="tip_y" type="float">0</tip_y>
                          <tip_z sid="tip_z" type="float">0.05000001</tip_z>
                        </technique>
                      </extra>
                    </node>
                    <node id="bob_root_bob_lid_lower_L" name="bob_lid_lower_L" sid="bob_lid_lower_L" type="JOINT">
                      <matrix sid="transform">1 0 0 0 0 0.04824795 -0.9988354 -0.005849339 0 0.9988354 0.04824781 -0.06506794 0 0 0 1</matrix>
                      <extra>
                        <technique profile="blender">
                          <roll sid="roll" type="float">0</roll>
                          <tip_x sid="tip_x" type="float">0</tip_x>
                          <tip_y sid="tip_y" type="float">-0.04994171</tip_y>
                          <tip_z sid="tip_z" type="float">0.002412378</tip_z>
                        </technique>
                      </extra>
                    </node>
                    <node id="bob_root_bob_lid_upper_L" name="bob_lid_upper_L" sid="bob_lid_upper_L" type="JOINT">
                      <matrix sid="transform">1 0 0 0 0 -3.72529e-7 1 -0.005849279 0 -1 -3.57628e-7 -0.06506793 0 0 0 1</matrix>
                      <extra>
                        <technique profile="blender">
                          <roll sid="roll" type="float">0</roll>
                          <tip_x sid="tip_x" type="float">0</tip_x>
                          <tip_y sid="tip_y" type="float">0.04999995</tip_y>
                          <tip_z sid="tip_z" type="float">0</tip_z>
                        </technique>
                      </extra>
                    </node>
                    <extra>
                      <technique profile="blender">
                        <tip_x sid="tip_x" type="float">0</tip_x>
                        <tip_y sid="tip_y" type="float">0</tip_y>
                        <tip_z sid="tip_z" type="float">0.05000001</tip_z>
                      </technique>
                    </extra>
                  </node>
                  <node id="bob_root_bob_eye_socket_shrink_R" name="bob_eye_socket_shrink_R" sid="bob_eye_socket_shrink_R" type="JOINT">
                    <matrix sid="transform">1 0 -1.50996e-7 -0.103 0 -1 0 0.1664314 -1.50996e-7 0 -1 0.1179467 0 0 0 1</matrix>
                    <node id="bob_root_bob_eye_R" name="bob_eye_R" sid="bob_eye_R" type="JOINT">
                      <matrix sid="transform">1 0 -1.50996e-7 1.49012e-8 0 -1 0 0.00584922 -1.50996e-7 0 -1 0.06506793 0 0 0 1</matrix>
                      <node id="bob_root_bob_eye_stretch_R" name="bob_eye_stretch_R" sid="bob_eye_stretch_R" type="JOINT">
                        <matrix sid="transform">1 0 0 1.43208e-4 0 1 0 0.005849306 0 0 1 0.1165579 0 0 0 1</matrix>
                        <extra>
                          <technique profile="blender">
                            <tip_x sid="tip_x" type="float">0</tip_x>
                            <tip_y sid="tip_y" type="float">0</tip_y>
                            <tip_z sid="tip_z" type="float">0.05000001</tip_z>
                          </technique>
                        </extra>
                      </node>
                      <extra>
                        <technique profile="blender">
                          <tip_x sid="tip_x" type="float">0</tip_x>
                          <tip_y sid="tip_y" type="float">0</tip_y>
                          <tip_z sid="tip_z" type="float">0.05000001</tip_z>
                        </technique>
                      </extra>
                    </node>
                    <node id="bob_root_bob_lid_lower_R" name="bob_lid_lower_R" sid="bob_lid_lower_R" type="JOINT">
                      <matrix sid="transform">1 -1.5082e-7 -7.28522e-9 1.49012e-8 -1.42109e-14 -0.04824795 0.9988354 0.005849279 -1.50996e-7 -0.9988354 -0.04824805 0.06506794 0 0 0 1</matrix>
                      <extra>
                        <technique profile="blender">
                          <roll sid="roll" type="float">0</roll>
                          <tip_x sid="tip_x" type="float">0</tip_x>
                          <tip_y sid="tip_y" type="float">-0.04994171</tip_y>
                          <tip_z sid="tip_z" type="float">0.002412378</tip_z>
                        </technique>
                      </extra>
                    </node>
                    <node id="bob_root_bob_lid_upper_R" name="bob_lid_upper_R" sid="bob_lid_upper_R" type="JOINT">
                      <matrix sid="transform">1 -1.50996e-7 1.27898e-13 1.49012e-8 0 8.19564e-7 1 0.00584922 -1.50996e-7 -1 8.34465e-7 0.06506793 0 0 0 1</matrix>
                      <extra>
                        <technique profile="blender">
                          <roll sid="roll" type="float">-3.141593</roll>
                          <tip_x sid="tip_x" type="float">0</tip_x>
                          <tip_y sid="tip_y" type="float">-0.04999995</tip_y>
                          <tip_z sid="tip_z" type="float">0</tip_z>
                        </technique>
                      </extra>
                    </node>
                    <extra>
                      <technique profile="blender">
                        <roll sid="roll" type="float">-1.50996e-7</roll>
                        <tip_x sid="tip_x" type="float">0</tip_x>
                        <tip_y sid="tip_y" type="float">0</tip_y>
                        <tip_z sid="tip_z" type="float">-0.05000007</tip_z>
                      </technique>
                    </extra>
                  </node>
                  <node id="bob_root_bob_forehead" name="bob_forehead" sid="bob_forehead" type="JOINT">
                    <matrix sid="transform">1 0 0 0 0 1 0 0.2670687 0 0 1 -0.05005442 0 0 0 1</matrix>
                    <extra>
                      <technique profile="blender">
                        <tip_x sid="tip_x" type="float">0</tip_x>
                        <tip_y sid="tip_y" type="float">0</tip_y>
                        <tip_z sid="tip_z" type="float">0.05000001</tip_z>
                      </technique>
                    </extra>
                  </node>
                  <node id="bob_root_bob_lip_upper" name="bob_lip_upper" sid="bob_lip_upper" type="JOINT">
                    <matrix sid="transform">1 0 0 0 0 1 0 -9.38723e-4 0 0 1 0.1321437 0 0 0 1</matrix>
                    <node id="bob_root_bob_teeth" name="bob_teeth" sid="bob_teeth" type="JOINT">
                      <matrix sid="transform">1 0 0 -1.00436e-6 0 1 0 -0.008709371 0 0 1 0.02593805 0 0 0 1</matrix>
                      <extra>
                        <technique profile="blender">
                          <tip_x sid="tip_x" type="float">0</tip_x>
                          <tip_y sid="tip_y" type="float">0</tip_y>
                          <tip_z sid="tip_z" type="float">0.05000001</tip_z>
                        </technique>
                      </extra>
                    </node>
                    <extra>
                      <technique profile="blender">
                        <tip_x sid="tip_x" type="float">0</tip_x>
                        <tip_y sid="tip_y" type="float">0</tip_y>
                        <tip_z sid="tip_z" type="float">0.05000001</tip_z>
                      </technique>
                    </extra>
                  </node>
                  <node id="bob_root_bob_mouth_L" name="bob_mouth_L" sid="bob_mouth_L" type="JOINT">
                    <matrix sid="transform">1 0 0 0.1679058 0 1 1.49012e-7 -0.01109542 0 -1.49012e-7 1 0.1130739 0 0 0 1</matrix>
                    <extra>
                      <technique profile="blender">
                        <tip_x sid="tip_x" type="float">0</tip_x>
                        <tip_y sid="tip_y" type="float">0</tip_y>
                        <tip_z sid="tip_z" type="float">0.05000001</tip_z>
                      </technique>
                    </extra>
                  </node>
                  <node id="bob_root_bob_mouth_R" name="bob_mouth_R" sid="bob_mouth_R" type="JOINT">
                    <matrix sid="transform">1 0 0 -0.1679078 0 1 1.49012e-7 -0.01109542 0 -1.49012e-7 1 0.1130764 0 0 0 1</matrix>
                    <extra>
                      <technique profile="blender">
                        <tip_x sid="tip_x" type="float">0</tip_x>
                        <tip_y sid="tip_y" type="float">0</tip_y>
                        <tip_z sid="tip_z" type="float">0.05000001</tip_z>
                      </technique>
                    </extra>
                  </node>
                  <node id="bob_root_bob_nose" name="bob_nose" sid="bob_nose" type="JOINT">
                    <matrix sid="transform">1 0 0 0 0 1 0 0.06273787 0 0 1 0.1221328 0 0 0 1</matrix>
                    <extra>
                      <technique profile="blender">
                        <tip_x sid="tip_x" type="float">0</tip_x>
                        <tip_y sid="tip_y" type="float">0</tip_y>
                        <tip_z sid="tip_z" type="float">0.05000001</tip_z>
                      </technique>
                    </extra>
                  </node>
                  <extra>
                    <technique profile="blender">
                      <tip_x sid="tip_x" type="float">0</tip_x>
                      <tip_y sid="tip_y" type="float">0</tip_y>
                      <tip_z sid="tip_z" type="float">0.05000001</tip_z>
                    </technique>
                  </extra>
                </node>
                <node id="bob_root_bob_jaw" name="bob_jaw" sid="bob_jaw" type="JOINT">
                  <matrix sid="transform">1 0 0 0 0 1 0 0.0698968 0 0 1 0.1137462 0 0 0 1</matrix>
                  <node id="bob_root_bob_lip_lower" name="bob_lip_lower" sid="bob_lip_lower" type="JOINT">
                    <matrix sid="transform">1 0 0 -1.00436e-6 0 1 0 0.05144595 0 0 1 0.01727895 0 0 0 1</matrix>
                    <extra>
                      <technique profile="blender">
                        <tip_x sid="tip_x" type="float">0</tip_x>
                        <tip_y sid="tip_y" type="float">0</tip_y>
                        <tip_z sid="tip_z" type="float">0.05000001</tip_z>
                      </technique>
                    </extra>
                  </node>
                  <node id="bob_root_bob_lip_lower_L" name="bob_lip_lower_L" sid="bob_lip_lower_L" type="JOINT">
                    <matrix sid="transform">1 0 0 0.111 0 1 -3.72529e-8 0.05999999 0 3.72529e-8 1 0.01899999 0 0 0 1</matrix>
                    <extra>
                      <technique profile="blender">
                        <tip_x sid="tip_x" type="float">0</tip_x>
                        <tip_y sid="tip_y" type="float">0</tip_y>
                        <tip_z sid="tip_z" type="float">0.05000001</tip_z>
                      </technique>
                    </extra>
                  </node>
                  <node id="bob_root_bob_lip_lower_R" name="bob_lip_lower_R" sid="bob_lip_lower_R" type="JOINT">
                    <matrix sid="transform">1 -5.62503e-15 -1.50996e-7 -0.111 5.62503e-15 -1 7.45058e-8 0.05974608 -1.50996e-7 -7.45058e-8 -1 0.0190139 0 0 0 1</matrix>
                    <extra>
                      <technique profile="blender">
                        <roll sid="roll" type="float">-1.50996e-7</roll>
                        <tip_x sid="tip_x" type="float">0</tip_x>
                        <tip_y sid="tip_y" type="float">0</tip_y>
                        <tip_z sid="tip_z" type="float">-0.05000001</tip_z>
                      </technique>
                    </extra>
                  </node>
                  <extra>
                    <technique profile="blender">
                      <tip_x sid="tip_x" type="float">0</tip_x>
                      <tip_y sid="tip_y" type="float">0</tip_y>
                      <tip_z sid="tip_z" type="float">0.05000001</tip_z>
                    </technique>
                  </extra>
                </node>
                <node id="bob_root_bob_tongue_base" name="bob_tongue_base" sid="bob_tongue_base" type="JOINT">
                  <matrix sid="transform">1 0 0 0 0 1 0 0.1198219 0 0 1 0.003137861 0 0 0 1</matrix>
                  <node id="bob_root_bob_tongue_end" name="bob_tongue_end" sid="bob_tongue_end" type="JOINT">
                    <matrix sid="transform">1 0 0 0 0 1 0 6.71411e-4 0 0 1 0.05441284 0 0 0 1</matrix>
                    <extra>
                      <technique profile="blender">
                        <tip_x sid="tip_x" type="float">0</tip_x>
                        <tip_y sid="tip_y" type="float">0</tip_y>
                        <tip_z sid="tip_z" type="float">0.05000001</tip_z>
                      </technique>
                    </extra>
                  </node>
                  <extra>
                    <technique profile="blender">
                      <tip_x sid="tip_x" type="float">0</tip_x>
                      <tip_y sid="tip_y" type="float">0</tip_y>
                      <tip_z sid="tip_z" type="float">0.05000001</tip_z>
                    </technique>
                  </extra>
                </node>
                <extra>
                  <technique profile="blender">
                    <tip_x sid="tip_x" type="float">0</tip_x>
                    <tip_y sid="tip_y" type="float">0</tip_y>
                    <tip_z sid="tip_z" type="float">0.05000001</tip_z>
                  </technique>
                </extra>
              </node>
              <node id="bob_root_bob_connect" name="bob_connect" sid="bob_connect" type="JOINT">
                <matrix sid="transform">1 0 3.6916e-8 0 0 1 0 -0.3631968 -3.6916e-8 0 1 -0.01224808 0 0 0 1</matrix>
                <extra>
                  <technique profile="blender">
                    <roll sid="roll" type="float">0</roll>
                    <tip_x sid="tip_x" type="float">0</tip_x>
                    <tip_y sid="tip_y" type="float">0</tip_y>
                    <tip_z sid="tip_z" type="float">0.05000001</tip_z>
                  </technique>
                </extra>
              </node>
              <node id="bob_root_bob_thigh_L" name="bob_thigh_L" sid="bob_thigh_L" type="JOINT">
                <matrix sid="transform">-0.002055744 0.04405125 0.9990271 0.118 -0.9995756 -0.02912088 -7.7282e-4 -0.05766406 0.02905851 -0.9986047 0.04409257 -0.005646542 0 0 0 1</matrix>
                <node id="bob_root_bob_knee_L" name="bob_knee_L" sid="bob_knee_L" type="JOINT">
                  <matrix sid="transform">0.9946252 -0.1035407 -3.86499e-7 0.147848 0.1035407 0.9946253 3.40189e-7 6.00703e-8 3.48722e-7 -3.83992e-7 1 5.43892e-7 0 0 0 1</matrix>
                  <node id="bob_root_bob_ankle_L" name="bob_ankle_L" sid="bob_ankle_L" type="JOINT">
                    <matrix sid="transform">0.4153086 -0.909678 -0.00232715 0.08818009 -0.9088244 -0.4148056 -0.04444188 0.002443963 0.03946248 0.02057208 -0.9990093 2.75671e-7 0 0 0 1</matrix>
                    <node id="bob_root_bob_toe_L" name="bob_toe_L" sid="bob_toe_L" type="JOINT">
                      <matrix sid="transform">4.56625e-4 -0.4819209 0.8762147 0.07935132 4.53566e-8 0.8762149 0.4819209 -3.72529e-9 -0.9999999 -2.20012e-4 4.00134e-4 3.62322e-5 0 0 0 1</matrix>
                      <extra>
                        <technique profile="blender">
                          <roll sid="roll" type="float">-1.79323e-7</roll>
                          <tip_x sid="tip_x" type="float">0</tip_x>
                          <tip_y sid="tip_y" type="float">0</tip_y>
                          <tip_z sid="tip_z" type="float">0.04999995</tip_z>
                        </technique>
                      </extra>
                    </node>
                    <extra>
                      <technique profile="blender">
                        <roll sid="roll" type="float">-1.57034</roll>
                        <tip_x sid="tip_x" type="float">0</tip_x>
                        <tip_y sid="tip_y" type="float">-0.02409607</tip_y>
                        <tip_z sid="tip_z" type="float">0.04381072</tip_z>
                      </technique>
                    </extra>
                  </node>
                  <extra>
                    <technique profile="blender">
                      <roll sid="roll" type="float">1.569923</roll>
                      <tip_x sid="tip_x" type="float">0.002201318</tip_x>
                      <tip_y sid="tip_y" type="float">0.04981231</tip_y>
                      <tip_z sid="tip_z" type="float">0.003726601</tip_z>
                    </technique>
                  </extra>
                </node>
                <extra>
                  <technique profile="blender">
                    <roll sid="roll" type="float">1.572211</roll>
                    <tip_x sid="tip_x" type="float">0.00220251</tip_x>
                    <tip_y sid="tip_y" type="float">0.04993021</tip_y>
                    <tip_z sid="tip_z" type="float">-0.001456022</tip_z>
                  </technique>
                </extra>
              </node>
              <node id="bob_root_bob_thigh_R" name="bob_thigh_R" sid="bob_thigh_R" type="JOINT">
                <matrix sid="transform">0.002904662 -0.0439854 0.999028 -0.118 -0.9995736 -0.02915546 0.001622579 -0.05766406 0.02905575 -0.9986067 -0.04405147 -0.005646541 0 0 0 1</matrix>
                <node id="bob_root_bob_knee_R" name="bob_knee_R" sid="bob_knee_R" type="JOINT">
                  <matrix sid="transform">0.994626 -0.1035327 1.02469e-6 0.147848 0.1035327 0.9946262 -1.78468e-7 1.03377e-7 -1.00094e-6 2.79928e-7 0.9999999 -2.38419e-7 0 0 0 1</matrix>
                  <node id="bob_root_bob_ankle_R" name="bob_ankle_R" sid="bob_ankle_R" type="JOINT">
                    <matrix sid="transform">0.4153132 -0.9096769 0.001665806 0.08818009 -0.9088258 -0.4148441 0.04404962 0.002443943 -0.03937989 -0.01980833 -0.999028 -7.45058e-8 0 0 0 1</matrix>
                    <node id="bob_root_bob_toe_R" name="bob_toe_R" sid="bob_toe_R" type="JOINT">
                      <matrix sid="transform">-1.75496e-7 -0.481921 0.8762147 0.07935128 3.98229e-8 0.8762147 0.4819209 1.11759e-8 -1 8.9407e-8 -1.42128e-7 -2.23517e-8 0 0 0 1</matrix>
                      <extra>
                        <technique profile="blender">
                          <roll sid="roll" type="float">0</roll>
                          <tip_x sid="tip_x" type="float">0</tip_x>
                          <tip_y sid="tip_y" type="float">0</tip_y>
                          <tip_z sid="tip_z" type="float">0.04999995</tip_z>
                        </technique>
                      </extra>
                    </node>
                    <extra>
                      <technique profile="blender">
                        <roll sid="roll" type="float">-1.570796</roll>
                        <tip_x sid="tip_x" type="float">0</tip_x>
                        <tip_y sid="tip_y" type="float">-0.02409601</tip_y>
                        <tip_z sid="tip_z" type="float">0.04381072</tip_z>
                      </technique>
                    </extra>
                  </node>
                  <extra>
                    <technique profile="blender">
                      <roll sid="roll" type="float">1.570819</roll>
                      <tip_x sid="tip_x" type="float">-0.002202451</tip_x>
                      <tip_y sid="tip_y" type="float">0.04981237</tip_y>
                      <tip_z sid="tip_z" type="float">0.003724455</tip_z>
                    </technique>
                  </extra>
                </node>
                <extra>
                  <technique profile="blender">
                    <roll sid="roll" type="float">1.568531</roll>
                    <tip_x sid="tip_x" type="float">-0.002199232</tip_x>
                    <tip_y sid="tip_y" type="float">0.04993033</tip_y>
                    <tip_z sid="tip_z" type="float">-0.00145775</tip_z>
                  </technique>
                </extra>
              </node>
              <node id="bob_root_bob_tie_base" name="bob_tie_base" sid="bob_tie_base" type="JOINT">
                <matrix sid="transform">1 0 0 0 0 1 0 0.0434361 0 0 1 0.1292036 0 0 0 1</matrix>
                <node id="bob_root_bob_tie_end" name="bob_tie_end" sid="bob_tie_end" type="JOINT">
                  <matrix sid="transform">1 0 0 0 0 1 -1.86264e-8 -0.07054413 0 1.86264e-8 1 0.0057237 0 0 0 1</matrix>
                  <extra>
                    <technique profile="blender">
                      <tip_x sid="tip_x" type="float">0</tip_x>
                      <tip_y sid="tip_y" type="float">0</tip_y>
                      <tip_z sid="tip_z" type="float">0.05000001</tip_z>
                    </technique>
                  </extra>
                </node>
                <extra>
                  <technique profile="blender">
                    <tip_x sid="tip_x" type="float">0</tip_x>
                    <tip_y sid="tip_y" type="float">0</tip_y>
                    <tip_z sid="tip_z" type="float">0.05000001</tip_z>
                  </technique>
                </extra>
              </node>
              <extra>
                <technique profile="blender">
                  <tip_x sid="tip_x" type="float">0</tip_x>
                  <tip_y sid="tip_y" type="float">0</tip_y>
                  <tip_z sid="tip_z" type="float">0.05000001</tip_z>
                </technique>
              </extra>
            </node>
            <extra>
              <technique profile="blender">
                <tip_x sid="tip_x" type="float">0</tip_x>
                <tip_y sid="tip_y" type="float">0</tip_y>
                <tip_z sid="tip_z" type="float">0.05000001</tip_z>
              </technique>
            </extra>
          </node>
          <node id="mesh" name="mesh" type="NODE">
            <matrix sid="transform">1 0 0 0 0 1 0 0 0 0 1 0 0 0 0 1</matrix>
            <instance_controller url="#bob_root_mesh-skin">
              <skeleton>#bob_root_bob_root</skeleton>
              <bind_material>
                <technique_common>
                  <instance_material symbol="unnamed_003-material" target="#unnamed_003-material">
                    <bind_vertex_input semantic="Float2" input_semantic="TEXCOORD" input_set="0"/>
                  </instance_material>
                </technique_common>
              </bind_material>
            </instance_controller>
          </node>
          <node id="mesh_001" name="mesh.001" type="NODE">
            <matrix sid="transform">1 0 0 0 0 1 0 0 0 0 1 0 0 0 0 1</matrix>
            <instance_controller url="#bob_root_mesh_001-skin">
              <skeleton>#bob_root_bob_root</skeleton>
              <bind_material>
                <technique_common>
                  <instance_material symbol="unnamed_004-material" target="#unnamed_004-material">
                    <bind_vertex_input semantic="Float2" input_semantic="TEXCOORD" input_set="0"/>
                  </instance_material>
                </technique_common>
              </bind_material>
            </instance_controller>
          </node>
          <node id="mesh_002" name="mesh.002" type="NODE">
            <matrix sid="transform">1 0 0 0 0 1 0 0 0 0 1 0 0 0 0 1</matrix>
            <instance_controller url="#bob_root_mesh_002-skin">
              <skeleton>#bob_root_bob_root</skeleton>
              <bind_material>
                <technique_common>
                  <instance_material symbol="unnamed_005-material" target="#unnamed_005-material">
                    <bind_vertex_input semantic="Float2" input_semantic="TEXCOORD" input_set="0"/>
                  </instance_material>
                </technique_common>
              </bind_material>
            </instance_controller>
          </node>
          <node id="mesh_003" name="mesh.003" type="NODE">
            <matrix sid="transform">1 0 0 0 0 1 0 0 0 0 1 0 0 0 0 1</matrix>
            <instance_controller url="#bob_root_mesh_003-skin">
              <skeleton>#bob_root_bob_root</skeleton>
              <bind_material>
                <technique_common>
                  <instance_material symbol="unnamed_006-material" target="#unnamed_006-material">
                    <bind_vertex_input semantic="Float2" input_semantic="TEXCOORD" input_set="0"/>
                  </instance_material>
                </technique_common>
              </bind_material>
            </instance_controller>
          </node>
          <node id="mesh_004" name="mesh.004" type="NODE">
            <matrix sid="transform">1 0 0 0 0 1 0 0 0 0 1 0 0 0 0 1</matrix>
            <instance_controller url="#bob_root_mesh_004-skin">
              <skeleton>#bob_root_bob_root</skeleton>
              <bind_material>
                <technique_common>
                  <instance_material symbol="unnamed_005-material" target="#unnamed_005-material">
                    <bind_vertex_input semantic="Float2" input_semantic="TEXCOORD" input_set="0"/>
                  </instance_material>
                </technique_common>
              </bind_material>
            </instance_controller>
          </node>
          <node id="mesh_005" name="mesh.005" type="NODE">
            <matrix sid="transform">1 0 0 0 0 1 0 0 0 0 1 0 0 0 0 1</matrix>
            <instance_controller url="#bob_root_mesh_005-skin">
              <skeleton>#bob_root_bob_root</skeleton>
              <bind_material>
                <technique_common>
                  <instance_material symbol="unnamed_005-material" target="#unnamed_005-material">
                    <bind_vertex_input semantic="Float2" input_semantic="TEXCOORD" input_set="0"/>
                  </instance_material>
                </technique_common>
              </bind_material>
            </instance_controller>
          </node>
          <node id="mesh_006" name="mesh.006" type="NODE">
            <matrix sid="transform">1 0 0 0 0 1 0 0 0 0 1 0 0 0 0 1</matrix>
            <instance_controller url="#bob_root_mesh_006-skin">
              <skeleton>#bob_root_bob_root</skeleton>
              <bind_material>
                <technique_common>
                  <instance_material symbol="unnamed_007-material" target="#unnamed_007-material">
                    <bind_vertex_input semantic="Float2" input_semantic="TEXCOORD" input_set="0"/>
                  </instance_material>
                </technique_common>
              </bind_material>
            </instance_controller>
          </node>
          <node id="mesh_007" name="mesh.007" type="NODE">
            <matrix sid="transform">1 0 0 0 0 1 0 0 0 0 1 0 0 0 0 1</matrix>
            <instance_controller url="#bob_root_mesh_007-skin">
              <skeleton>#bob_root_bob_root</skeleton>
              <bind_material>
                <technique_common>
                  <instance_material symbol="unnamed_007-material" target="#unnamed_007-material">
                    <bind_vertex_input semantic="Float2" input_semantic="TEXCOORD" input_set="0"/>
                  </instance_material>
                </technique_common>
              </bind_material>
            </instance_controller>
          </node>
          <node id="mesh_008" name="mesh.008" type="NODE">
            <matrix sid="transform">1 0 0 0 0 1 0 0 0 0 1 0 0 0 0 1</matrix>
            <instance_controller url="#bob_root_mesh_008-skin">
              <skeleton>#bob_root_bob_root</skeleton>
              <bind_material>
                <technique_common>
                  <instance_material symbol="unnamed_007-material" target="#unnamed_007-material">
                    <bind_vertex_input semantic="Float2" input_semantic="TEXCOORD" input_set="0"/>
                  </instance_material>
                </technique_common>
              </bind_material>
            </instance_controller>
          </node>
          <node id="mesh_009" name="mesh.009" type="NODE">
            <matrix sid="transform">1 0 0 0 0 1 0 0 0 0 1 0 0 0 0 1</matrix>
            <instance_controller url="#bob_root_mesh_009-skin">
              <skeleton>#bob_root_bob_root</skeleton>
              <bind_material>
                <technique_common>
                  <instance_material symbol="unnamed_005-material" target="#unnamed_005-material">
                    <bind_vertex_input semantic="Float2" input_semantic="TEXCOORD" input_set="0"/>
                  </instance_material>
                </technique_common>
              </bind_material>
            </instance_controller>
          </node>
          <node id="mesh_010" name="mesh.010" type="NODE">
            <matrix sid="transform">1 0 0 0 0 1 0 0 0 0 1 0 0 0 0 1</matrix>
            <instance_controller url="#bob_root_mesh_010-skin">
              <skeleton>#bob_root_bob_root</skeleton>
              <bind_material>
                <technique_common>
                  <instance_material symbol="unnamed_005-material" target="#unnamed_005-material">
                    <bind_vertex_input semantic="Float2" input_semantic="TEXCOORD" input_set="0"/>
                  </instance_material>
                </technique_common>
              </bind_material>
            </instance_controller>
          </node>
          <node id="mesh_011" name="mesh.011" type="NODE">
            <matrix sid="transform">1 0 0 0 0 1 0 0 0 0 1 0 0 0 0 1</matrix>
            <instance_controller url="#bob_root_mesh_011-skin">
              <skeleton>#bob_root_bob_root</skeleton>
              <bind_material>
                <technique_common>
                  <instance_material symbol="unnamed_005-material" target="#unnamed_005-material">
                    <bind_vertex_input semantic="Float2" input_semantic="TEXCOORD" input_set="0"/>
                  </instance_material>
                </technique_common>
              </bind_material>
            </instance_controller>
          </node>
          <node id="mesh_012" name="mesh.012" type="NODE">
            <matrix sid="transform">1 0 0 0 0 1 0 0 0 0 1 0 0 0 0 1</matrix>
            <instance_controller url="#bob_root_mesh_012-skin">
              <skeleton>#bob_root_bob_root</skeleton>
              <bind_material>
                <technique_common>
                  <instance_material symbol="unnamed_005-material" target="#unnamed_005-material">
                    <bind_vertex_input semantic="Float2" input_semantic="TEXCOORD" input_set="0"/>
                  </instance_material>
                </technique_common>
              </bind_material>
            </instance_controller>
          </node>
          <node id="mesh_013" name="mesh.013" type="NODE">
            <matrix sid="transform">1 0 0 0 0 1 0 0 0 0 1 0 0 0 0 1</matrix>
            <instance_controller url="#bob_root_mesh_013-skin">
              <skeleton>#bob_root_bob_root</skeleton>
              <bind_material>
                <technique_common>
                  <instance_material symbol="unnamed_008-material" target="#unnamed_008-material">
                    <bind_vertex_input semantic="Float2" input_semantic="TEXCOORD" input_set="0"/>
                  </instance_material>
                </technique_common>
              </bind_material>
            </instance_controller>
          </node>
          <node id="mesh_014" name="mesh.014" type="NODE">
            <matrix sid="transform">1 0 0 0 0 1 0 0 0 0 1 0 0 0 0 1</matrix>
            <instance_controller url="#bob_root_mesh_014-skin">
              <skeleton>#bob_root_bob_root</skeleton>
              <bind_material>
                <technique_common>
                  <instance_material symbol="unnamed_005-material" target="#unnamed_005-material">
                    <bind_vertex_input semantic="Float2" input_semantic="TEXCOORD" input_set="0"/>
                  </instance_material>
                </technique_common>
              </bind_material>
            </instance_controller>
          </node>
          <node id="mesh_015" name="mesh.015" type="NODE">
            <matrix sid="transform">1 0 0 0 0 1 0 0 0 0 1 0 0 0 0 1</matrix>
            <instance_controller url="#bob_root_mesh_015-skin">
              <skeleton>#bob_root_bob_root</skeleton>
              <bind_material>
                <technique_common>
                  <instance_material symbol="unnamed_005-material" target="#unnamed_005-material">
                    <bind_vertex_input semantic="Float2" input_semantic="TEXCOORD" input_set="0"/>
                  </instance_material>
                </technique_common>
              </bind_material>
            </instance_controller>
          </node>
          <node id="mesh_016" name="mesh.016" type="NODE">
            <matrix sid="transform">1 0 0 0 0 1 0 0 0 0 1 0 0 0 0 1</matrix>
            <instance_controller url="#bob_root_mesh_016-skin">
              <skeleton>#bob_root_bob_root</skeleton>
              <bind_material>
                <technique_common>
                  <instance_material symbol="unnamed_009-material" target="#unnamed_009-material">
                    <bind_vertex_input semantic="Float2" input_semantic="TEXCOORD" input_set="0"/>
                  </instance_material>
                </technique_common>
              </bind_material>
            </instance_controller>
          </node>
          <node id="mesh_017" name="mesh.017" type="NODE">
            <matrix sid="transform">1 0 0 0 0 1 0 0 0 0 1 0 0 0 0 1</matrix>
            <instance_controller url="#bob_root_mesh_017-skin">
              <skeleton>#bob_root_bob_root</skeleton>
              <bind_material>
                <technique_common>
                  <instance_material symbol="unnamed_009-material" target="#unnamed_009-material">
                    <bind_vertex_input semantic="Float2" input_semantic="TEXCOORD" input_set="0"/>
                  </instance_material>
                </technique_common>
              </bind_material>
            </instance_controller>
          </node>
        </node>
      </node>
    </visual_scene>
  </library_visual_scenes>
  <scene>
    <instance_visual_scene url="#Scene"/>
  </scene>
</COLLADA>