<?xml version="1.0" encoding="utf-8"?>
<COLLADA xmlns="http://www.collada.org/2005/11/COLLADASchema" version="1.4.1">
<asset><contributor><authoring_tool>Wiggly one-time glTF-to-Collada compatibility conversion</authoring_tool></contributor><created>2026-08-14T00:00:00Z</created><modified>2026-08-14T00:00:00Z</modified><unit name="meter" meter="1"/><up_axis>Y_UP</up_axis></asset>
<library_images><image id="aqua-image-0" name="Aqua_PS2_Hair"><init_from>Aqua_PS2_Hair.png</init_from></image><image id="aqua-image-1" name="Aqua_PS2_Skin"><init_from>Aqua_PS2_Skin.png</init_from></image><image id="aqua-image-2" name="Aqua_PS2_Cloth"><init_from>Aqua_PS2_Cloth.png</init_from></image></library_images>
<library_effects><effect id="aqua-effect-0" name="Aqua_PS2_Hair"><profile_COMMON><newparam sid="aqua-surface-0"><surface type="2D"><init_from>aqua-image-0</init_from></surface></newparam><newparam sid="aqua-sampler-0"><sampler2D><source>aqua-surface-0</source><wrap_s>WRAP</wrap_s><wrap_t>WRAP</wrap_t></sampler2D></newparam><technique sid="common"><phong><emission><color>0 0 0 1</color></emission><ambient><color>0.35 0.35 0.35 1</color></ambient><diffuse><texture texture="aqua-sampler-0" texcoord="UVSET0"/></diffuse><specular><color>0.1 0.1 0.1 1</color></specular><shininess><float>12</float></shininess></phong><extra><technique profile="GOOGLEEARTH"><double_sided>1</double_sided></technique></extra></technique></profile_COMMON></effect><effect id="aqua-effect-1" name="Aqua_PS2_Skin"><profile_COMMON><newparam sid="aqua-surface-1"><surface type="2D"><init_from>aqua-image-1</init_from></surface></newparam><newparam sid="aqua-sampler-1"><sampler2D><source>aqua-surface-1</source><wrap_s>WRAP</wrap_s><wrap_t>WRAP</wrap_t></sampler2D></newparam><technique sid="common"><phong><emission><color>0 0 0 1</color></emission><ambient><color>0.35 0.35 0.35 1</color></ambient><diffuse><texture texture="aqua-sampler-1" texcoord="UVSET0"/></diffuse><specular><color>0.1 0.1 0.1 1</color></specular><shininess><float>12</float></shininess></phong><extra><technique profile="GOOGLEEARTH"><double_sided>1</double_sided></technique></extra></technique></profile_COMMON></effect><effect id="aqua-effect-2" name="Aqua_PS2_Cloth"><profile_COMMON><newparam sid="aqua-surface-2"><surface type="2D"><init_from>aqua-image-2</init_from></surface></newparam><newparam sid="aqua-sampler-2"><sampler2D><source>aqua-surface-2</source><wrap_s>WRAP</wrap_s><wrap_t>WRAP</wrap_t></sampler2D></newparam><technique sid="common"><phong><emission><color>0 0 0 1</color></emission><ambient><color>0.35 0.35 0.35 1</color></ambient><diffuse><texture texture="aqua-sampler-2" texcoord="UVSET0"/></diffuse><specular><color>0.1 0.1 0.1 1</color></specular><shininess><float>12</float></shininess></phong><extra><technique profile="GOOGLEEARTH"><double_sided>1</double_sided></technique></extra></technique></profile_COMMON></effect></library_effects>
<library_materials><material id="aqua-material-0" name="Aqua_PS2_Hair"><instance_effect url="#aqua-effect-0"/></material><material id="aqua-material-1" name="Aqua_PS2_Skin"><instance_effect url="#aqua-effect-1"/></material><material id="aqua-material-2" name="Aqua_PS2_Cloth"><instance_effect url="#aqua-effect-2"/></material></library_materials>
<library_geometries><geometry id="aqua-geometry-0" name="Aqua_PS2_Hair"><mesh><source id="aqua-geometry-0-positions"><float_array id="aqua-geometry-0-positions-array" count="1524">-0.15719831 3.69684887 0.0482837893 -0.124927431 3.40714407 -0.220028937 -0.124927431 3.40714407 -0.220028937 -0.138251379 3.42340159 -0.205360353 -0.0629526898 3.4889214 -0.202426642 -0.0629526898 3.4889214 -0.202426642 -0.0629526898 3.4889214 -0.202426642 -0.101702191 3.4878211 -0.153775871 0.102924488 3.4878211 -0.153775871 0.13507314 3.4269464 -0.203037828 0.0729761422 3.4755969 -0.202671111 0.0729761422 3.4755969 -0.202671111 0.0729761422 3.4755969 -0.202671111 0.124927357 3.40457678 -0.220028937 0.124927357 3.40457678 -0.220028937 0.0276257917 3.45322752 -0.269046456 0.0276257917 3.45322752 -0.269046456 0.0276257917 3.45322752 -0.269046456 0.0276257917 3.45322752 -0.269046456 0.0721204728 3.41105556 -0.278458774 0.0585520416 3.38489652 -0.330165535 0.135684326 3.56642008 0.102557547 0.135684326 3.56642008 0.102557547 0.135684326 3.56642008 0.102557547 0.114781588 3.42547989 0.103657693 0.114781588 3.42547989 0.103657693 0.186779872 3.59844637 0.0569627099 0.145218909 3.54429507 0.0532955676 0.145218909 3.54429507 0.0532955676 -0.15108639 3.63866282 -0.078477174 -0.134339765 3.60651422 -0.0718763173 -0.134339765 3.60651422 -0.0718763173 -0.134339765 3.60651422 -0.0718763173 -0.134339765 3.60651422 -0.0718763173 0.15108633 3.63866282 -0.0785994083 0.134339705 3.60651422 -0.0718763173 0.134339705 3.60651422 -0.0718763173 0.134339705 3.60651422 -0.0718763173 0.134339705 3.60651422 -0.0718763173 -0.0572074912 3.88692856 0.134706154 -0.0572074912 3.88692856 0.134706154 -3.45507232e-8 3.88815093 0.141673729 0.0870335326 3.5345161 -0.174556345 0.0870335326 3.5345161 -0.174556345 0.0870335326 3.5345161 -0.174556345 0.0870335326 3.5345161 -0.174556345 -3.46996991e-8 3.51752472 -0.235064253 -3.46650211e-8 3.59025645 -0.209394231 0.152430952 3.5577414 0.0185799319 0.152430952 3.5577414 0.0185799319 0.152430952 3.5577414 0.0185799319 0.140696093 3.4620285 0.0590407699 0.140696093 3.4620285 0.0590407699 0.140696093 3.4620285 0.0590407699 0.189102396 3.6123817 0.0190688837 0.189102396 3.6123817 0.0190688837 0.153531089 3.4765749 0.0189466551 0.153531089 3.4765749 0.0189466551 -0.14350763 3.54429507 0.0548846647 -0.14350763 3.54429507 0.0548846647 -0.18775785 3.58145547 0.0541512296 -0.14729701 3.45432782 0.0584295765 -0.14729701 3.45432782 0.0584295765 -0.02114724 3.46875191 -0.273691505 -0.02114724 3.46875191 -0.273691505 -0.02114724 3.46875191 -0.273691505 -0.02114724 3.46875191 -0.273691505 -0.02114724 3.46875191 -0.273691505 -0.02114724 3.46875191 -0.273691505 -0.02114724 3.46875191 -0.273691505 0.01039021 3.42780209 -0.305351168 0.01039021 3.42780209 -0.305351168 -0.00916789565 3.41484475 -0.342756063 -0.128105611 3.59514618 0.127494127 -0.128105611 3.59514618 0.127494127 -0.148397148 3.66592193 0.116859399 -0.148397148 3.66592193 0.116859399 0.0981572047 3.52119184 0.134217232 0.135195374 3.60296941 0.120526552 0.135195374 3.60296941 0.120526552 0.135195374 3.60296941 0.120526552 0.0937566236 3.54136133 -0.0800662637 0.112825774 3.55969691 -0.143141136 0.112825774 3.55969691 -0.143141136 0.112825774 3.55969691 -0.143141136 0.112825774 3.55969691 -0.143141136 0.112825774 3.55969691 -0.143141136 -0.190324858 3.59306788 -0.0213919505 -0.190324858 3.59306788 -0.0213919505 -0.214772478 3.69892621 -0.0367939658 -0.214772478 3.69892621 -0.0367939658 -0.214772478 3.69892621 -0.0367939658 -0.180545807 3.69904852 -0.0162579529 -0.180545807 3.69904852 -0.0162579529 -0.237875506 3.74879956 -0.0293374415 -0.237875506 3.74879956 -0.0293374415 -0.237875506 3.74879956 -0.0293374415 -0.237875506 3.74879956 -0.0293374415 -0.237875506 3.74879956 -0.0293374415 -0.211472034 3.76322341 0.0589185134 -0.211472034 3.76322341 0.0589185134 -0.207438186 3.52009225 -0.149742022 -0.207438186 3.52009225 -0.149742022 -0.230663449 3.63597393 -0.0716318414 -0.230663449 3.63597393 -0.0716318414 -0.23958683 3.67252302 -0.141552076 -0.234575048 3.78424859 -0.128717065 -0.21599485 3.86382556 -0.0418057442 -0.21599485 3.86382556 -0.0418057442 -0.202059701 3.86125851 -0.149253085 -0.169544354 3.9405911 -0.0519515127 -0.169544354 3.9405911 -0.0519515127 -0.156342626 3.92494464 -0.167711049 -0.124805197 3.97078371 -0.065642193 -0.124805197 3.97078371 -0.065642193 -0.0738318861 3.96247172 -0.192525402 -0.0872780755 3.97298431 -0.0589190871 -0.0872780755 3.97298431 -0.0589190871 -0.0872780755 3.97298431 -0.0589190871 -0.197292417 3.6406188 -0.174311876 -0.197292417 3.6406188 -0.174311876 -0.207193717 3.75405574 -0.204382494 -0.174922824 3.61996031 -0.229930237 -0.152308762 3.74280977 -0.265257061 -0.138373613 3.60003567 -0.232130542 -0.138373613 3.60003567 -0.232130542 -0.138373613 3.60003567 -0.232130542 -0.0727317408 3.53317142 -0.28664875 -0.0727317408 3.53317142 -0.28664875 -0.142285243 3.86186981 -0.240564987 -0.140696153 3.66983342 -0.206705019 -0.140696153 3.66983342 -0.206705019 -0.140696153 3.66983342 -0.206705019 -0.140696153 3.66983342 -0.206705019 -0.176511943 3.68841386 -0.0781104639 -0.176511943 3.68841386 -0.0781104639 -0.183723986 3.59905767 -0.204749182 -0.183723986 3.59905767 -0.204749182 -0.173944935 3.53671622 -0.242520764 -0.173944935 3.53671622 -0.242520764 -0.219295293 3.59539056 0.0235916935 -0.219295293 3.59539056 0.0235916935 -0.187146649 3.42376828 0.103168748 -0.187146649 3.42376828 0.103168748 -0.225284949 3.61458206 0.0770097598 -0.159887552 3.6506424 0.144607469 -0.159887552 3.6506424 0.144607469 -0.159887552 3.6506424 0.144607469 -0.225162715 3.74623227 0.067597419 -0.156464875 3.76175666 0.151452795 -0.191424996 3.86309195 0.061118789 -0.125783101 3.84390044 0.152063981 -0.0921676084 3.88729525 0.146929979 -0.0627082065 3.83888888 0.149985939 -0.0627082065 3.83888888 0.149985939 -0.0627082065 3.83888888 0.149985939 -0.0627082065 3.83888888 0.149985939 -0.0691868365 3.89120674 0.140329108 -0.0691868365 3.89120674 0.140329108 -0.113559283 3.94156933 0.0634413138 -0.12822786 3.69892621 0.151452795 -0.12822786 3.69892621 0.151452795 -0.12822786 3.69892621 0.151452795 -0.143874332 3.7646904 0.127616361 -0.143874332 3.7646904 0.127616361 -0.143874332 3.7646904 0.127616361 -0.108425282 3.75955653 0.154630989 -0.108425282 3.75955653 0.154630989 -0.134095296 3.83094335 0.0952232331 -0.134095296 3.83094335 0.0952232331 -0.10573604 3.85710239 0.119181916 -0.137762442 3.54857326 0.124927126 -3.47225324e-8 3.48904324 -0.16306597 -3.47225324e-8 3.48904324 -0.16306597 -3.47225324e-8 3.48904324 -0.16306597 0.0930232033 3.50297832 -0.123460792 0.0930232033 3.50297832 -0.123460792 0.0930232033 3.50297832 -0.123460792 0.0997463018 3.45310521 -0.150964379 0.0997463018 3.45310521 -0.150964379 0.114659354 3.42474604 -0.127616897 0.114659354 3.42474604 -0.127616897 0.114659354 3.42474604 -0.127616897 0.122849308 3.4405148 -0.143507868 0.122849308 3.4405148 -0.143507868 0.122849308 3.4405148 -0.143507868 0.151697531 3.39834285 -0.121627226 -0.0790881291 3.38685226 -0.330165535 -0.057207495 3.44479299 -0.256333679 -0.057207495 3.44479299 -0.256333679 -0.057207495 3.44479299 -0.256333679 -0.0927787945 3.50297856 -0.125294387 -0.0927787945 3.50297856 -0.125294387 -0.101457715 3.45603919 -0.151453346 -0.101457715 3.45603919 -0.151453346 -0.114537194 3.42474604 -0.127616897 -0.114537194 3.42474604 -0.127616897 -0.114537194 3.42474604 -0.127616897 -0.122849382 3.4405148 -0.143507868 -0.122849382 3.4405148 -0.143507868 -0.122849382 3.4405148 -0.143507868 -0.151697591 3.39834285 -0.121627226 0.181768119 3.45652819 -0.195703551 0.144485474 3.4923439 -0.164777324 0.144485474 3.4923439 -0.164777324 0.144485474 3.4923439 -0.164777324 0.120771267 3.47901988 -0.182868555 0.120771267 3.47901988 -0.182868555 0.087278001 3.52131414 -0.15316467 0.203159794 3.36546063 -0.238486886 0.203159794 3.36546063 -0.238486886 0.144607708 3.39516449 -0.187024638 0.144607708 3.39516449 -0.187024638 -0.13580662 3.37303925 -0.290315896 -0.13580662 3.37303925 -0.290315896 -0.0818996057 3.41508937 -0.258533984 -0.0818996057 3.41508937 -0.258533984 -0.102313377 3.40812159 -0.2333529 -0.102313377 3.40812159 -0.2333529 -0.0435168222 3.48733211 -0.208171844 -0.0435168222 3.48733211 -0.208171844 -0.0733429268 3.49381065 -0.175534263 -0.0733429268 3.49381065 -0.175534263 -0.144607767 3.40274334 -0.187024638 -0.144607767 3.40274334 -0.187024638 -0.203159854 3.36546063 -0.238486886 -0.203159854 3.36546063 -0.238486886 0.0793325305 3.48366499 -0.180057079 0.0793325305 3.48366499 -0.180057079 0.106102683 3.40689969 -0.227485493 0.106102683 3.40689969 -0.227485493 0.124805123 3.36374927 -0.2958166 0.124805123 3.36374927 -0.2958166 0.0376493149 3.48158693 -0.211350054 0.0376493149 3.48158693 -0.211350054 -0.154264584 3.81065202 0.0697977021 0.134095237 3.83094335 0.0952232331 0.134095237 3.83094335 0.0952232331 0.134095237 3.83094335 0.0952232331 0.0572074242 3.88692856 0.134706154 0.176634118 3.69904852 -0.0162579529 0.176634118 3.69904852 -0.0162579529 0.176634118 3.69904852 -0.0162579529 0.148763806 3.66531086 0.113314502 0.148763806 3.66531086 0.113314502 0.208904967 3.74843264 0.0739537999 0.208904967 3.74843264 0.0739537999 0.208904967 3.74843264 0.0739537999 0.147419184 3.75588918 0.124438167 0.147419184 3.75588918 0.124438167 0.176511884 3.68841386 -0.0781104639 0.157198235 3.69684839 0.0482837893 0.154264525 3.81065202 0.0697977021 0.205604553 3.76456809 -0.0354493484 0.205604553 3.76456809 -0.0354493484 0.205604553 3.76456809 -0.0354493484 0.205604553 3.76456809 -0.0354493484 0.205604553 3.76456809 -0.0354493484 0.205604553 3.76456809 -0.0354493484 -0.100846514 3.42547965 0.104513362 -0.100846514 3.42547965 0.104513362 -0.129327998 3.55920815 0.111603171 -0.129327998 3.55920815 0.111603171 -0.0761544034 3.52351451 0.128472045 -0.156587124 3.46312881 0.0150350332 -0.156587124 3.46312881 0.0150350332 -0.15573144 3.55774117 0.0221248399 -0.15573144 3.55774117 0.0221248399 0.177612022 3.59807968 -0.0139354216 0.177612022 3.59807968 -0.0139354216 -0.20377104 3.60761428 0.0133236889 -0.0937566981 3.54123902 -0.0800662637 0.161965534 3.87702727 -0.145219237 0.161965534 3.87702727 -0.145219237 0.161965534 3.87702727 -0.145219237 0.21293883 3.86883736 -0.0883784816 0.21293883 3.86883736 -0.0883784816 0.21293883 3.86883736 -0.0883784816 0.150719613 3.81615281 -0.202426657 0.150719613 3.81615281 -0.202426657 0.150719613 3.81615281 -0.202426657 0.150719613 3.81615281 -0.202426657 0.183234975 3.72459626 -0.183846489 0.183234975 3.72459626 -0.183846489 0.183234975 3.72459626 -0.183846489 0.145952329 3.75112224 -0.23860918 0.145952329 3.75112224 -0.23860918 0.145952329 3.75112224 -0.23860918 0.221251041 3.54405046 -0.325276017 0.221251041 3.54405046 -0.325276017 0.105247021 3.75258875 -0.267579615 0.0935121551 3.6852355 -0.254500121 0.0935121551 3.6852355 -0.254500121 0.0935121551 3.6852355 -0.254500121 0.0935121551 3.6852355 -0.254500121 0.0863000974 3.74513245 -0.278092057 0.0863000974 3.74513245 -0.278092057 0.0863000974 3.74513245 -0.278092057 0.0863000974 3.74513245 -0.278092057 0.213550031 3.75344443 -0.108181052 0.213550031 3.75344443 -0.108181052 0.213550031 3.75344443 -0.108181052 0.213550031 3.75344443 -0.108181052 0.213550031 3.75344443 -0.108181052 0.266479164 3.65284252 -0.0904565156 0.266479164 3.65284252 -0.0904565156 0.258778155 3.6766789 -0.128472596 0.258778155 3.6766789 -0.128472596 0.317941457 3.58365607 -0.161843598 0.317941457 3.58365607 -0.161843598 0.200348333 3.84793472 -0.0194361564 0.200348333 3.84793472 -0.0194361564 0.200348333 3.84793472 -0.0194361564 0.200348333 3.84793472 -0.0194361564 0.274424642 3.72459626 -0.102435865 -0.0867891312 3.4968667 -0.0993798971 -0.0867891312 3.4968667 -0.0993798971 0.0867890567 3.4968667 -0.0993798971 0.0867890567 3.4968667 -0.0993798971 0.0933899134 3.60272479 -0.175900996 0.0933899134 3.60272479 -0.175900996 0.121626936 3.57583237 -0.122971855 0.106958352 3.4747417 -0.118815742 0.106958352 3.4747417 -0.118815742 0.106958352 3.4747417 -0.118815742 0.108425207 3.51556921 -0.106958658 0.108425207 3.51556921 -0.106958658 0.108425207 3.51556921 -0.106958658 0.108425207 3.51556921 -0.106958658 0.0963236317 3.43256927 -0.0971795917 -0.0963237062 3.43256927 -0.0971795917 -0.107691847 3.51556921 -0.106958658 -0.107691847 3.51556921 -0.106958658 -0.107691847 3.51556921 -0.106958658 -0.106958427 3.4747417 -0.118815742 -0.106958427 3.4747417 -0.118815742 -0.106958427 3.4747417 -0.118815742 -0.122360431 3.57583237 -0.122971855 -0.112703621 3.55957484 -0.143263415 -0.112703621 3.55957484 -0.143263415 -0.112703621 3.55957484 -0.143263415 -0.112703621 3.55957484 -0.143263415 -0.0933899879 3.60272479 -0.175900996 -0.0933899879 3.60272479 -0.175900996 -0.0870336071 3.5345161 -0.174556345 -0.0870336071 3.5345161 -0.174556345 -0.0870336071 3.5345161 -0.174556345 -0.0870336071 3.5345161 -0.174556345 -0.181768179 3.46105099 -0.195703551 -0.142040774 3.49503303 -0.164777309 -0.142040774 3.49503303 -0.164777309 -0.142040774 3.49503303 -0.164777309 -0.118326575 3.48170924 -0.182868555 -0.118326575 3.48170924 -0.182868555 -0.0907007456 3.51410222 -0.142774433 0.000733394409 3.68865824 -0.350212634 0.000733394409 3.68865824 -0.350212634 -0.0569630191 3.70809412 -0.308284909 -0.0569630191 3.70809412 -0.308284909 -0.049995441 3.75760055 -0.325887233 -0.0911897048 3.73388624 -0.288849026 -0.0911897048 3.73388624 -0.288849026 -0.0911897048 3.73388624 -0.288849026 -0.0768878385 3.85001254 -0.273080349 -0.00488956086 3.88558388 -0.287504464 -0.00342270313 3.96565032 -0.216973037 -0.00550075201 4.00342178 -0.125538886 0.0598966666 3.98154116 -0.105491824 0.00134458521 4.00537729 -0.0530516617 0.110014305 3.97310638 -0.0293374564 0.00806768425 3.98973083 0.0240806174 0.13128376 3.91871047 0.0682085976 0.0310484562 3.94205809 0.109280616 0.139229223 3.86260295 0.132872581 0.0585520454 3.86541462 0.170399696 0.0964458659 3.79084945 0.177245051 0.0964458659 3.79084945 0.177245051 0.0964458659 3.79084945 0.177245051 0.0964458659 3.79084945 0.177245051 0.0189468786 3.80099511 0.182501286 0.0189468786 3.80099511 0.182501286 0.0189468786 3.80099511 0.182501286 0.0702869073 3.75955629 0.18347919 0.0702869073 3.75955629 0.18347919 -0.00843446795 3.76236796 0.177856237 -0.00843446795 3.76236796 0.177856237 0.040827509 3.6716671 0.180300996 0.040827509 3.6716671 0.180300996 0.000855632476 3.7822926 0.192891523 -0.0233475231 3.86785936 0.174678028 -0.0449836738 3.92665577 0.129449919 -0.0575742088 3.95941591 0.0630745888 -0.066130884 3.99572062 -0.0580634288 0.312562943 3.80869603 -0.191914201 0.312562943 3.80869603 -0.191914201 0.178956643 3.92445564 -0.0746878162 0.202059641 3.8216536 0.0752984136 0.183846146 3.80478454 0.125171587 0.165632665 3.76456809 0.149985939 0.165632665 3.76456809 0.149985939 0.165632665 3.76456809 0.149985939 0.165632665 3.76456809 0.149985939 0.217217177 3.7436657 0.107569292 0.211838692 3.68511343 0.0982792005 0.211838692 3.68511343 0.0982792005 0.254255325 3.61299276 0.0284812227 0.254255325 3.61299276 0.0284812227 0.140696093 3.66983342 -0.206705004 0.140696093 3.66983342 -0.206705004 0.140696093 3.66983342 -0.206705004 0.116126217 3.56531978 -0.0755434483 0.116126217 3.56531978 -0.0755434483 0.116126217 3.56531978 -0.0755434483 0.116126217 3.56531978 -0.0755434483 0.118448734 3.56862044 -0.0573299639 0.107569538 3.53427148 -0.0388720036 0.0938788727 3.80759597 -0.269413203 0.0938788727 3.80759597 -0.269413203 0.0938788727 3.80759597 -0.269413203 0.0938788727 3.80759597 -0.269413203 0.0482840426 3.82030869 -0.286037594 0.0482840426 3.82030869 -0.286037594 0.0482840426 3.82030869 -0.286037594 0.0524401404 3.69721484 -0.299361527 -0.0320264325 3.80282879 -0.30033949 -0.0320264325 3.80282879 -0.30033949 -0.0320264325 3.80282879 -0.30033949 -0.0320264325 3.80282879 -0.30033949 0.00941230357 3.63352871 -0.293249577 0.00941230357 3.63352871 -0.293249577 0.00941230357 3.63352871 -0.293249577 -0.033126574 3.63083959 -0.297894657 0.0111236377 3.51874733 -0.293983042 0.0111236377 3.51874733 -0.293983042 -0.0358158201 3.56140828 -0.276991934 -0.0358158201 3.56140828 -0.276991934 -0.108180806 3.53427148 -0.0388720036 -0.119060002 3.56862044 -0.0573299639 -0.116737477 3.56531978 -0.0755434483 -0.116737477 3.56531978 -0.0755434483 -0.116737477 3.56531978 -0.0755434483 -0.116737477 3.56531978 -0.0755434483 -0.102557853 3.52351451 -0.0523181967 -0.110625573 3.54356146 -0.0789661109 -0.110625573 3.54356146 -0.0789661109 -0.110625573 3.54356146 -0.0789661109 -0.107814096 3.52290344 -0.0902120322 -0.107814096 3.52290344 -0.0902120322 -0.107814096 3.52290344 -0.0902120322 -0.107814096 3.52290344 -0.0902120322 -0.0909452215 3.46655178 -0.0856892094 0.226018324 3.72337389 0.0652748942 0.226018324 3.72337389 0.0652748942 0.226018324 3.72337389 0.0652748942 0.226018324 3.72337389 0.0652748942 0.242398247 3.70467162 0.00892310683 0.235552907 3.64013004 0.00427806191 0.235552907 3.64013004 0.00427806191 0.256822348 3.59624648 -0.070409447 0.256822348 3.59624648 -0.070409447 -0.0932677537 3.49136591 -0.0608748682 0.0916785821 3.46655178 -0.0856892094 0.108547442 3.52290344 -0.0902120322 0.108547442 3.52290344 -0.0902120322 0.108547442 3.52290344 -0.0902120322 0.108547442 3.52290344 -0.0902120322 0.111358918 3.54356146 -0.0789661109 0.111358918 3.54356146 -0.0789661109 0.103291206 3.52351451 -0.0523181967 0.0940011069 3.49136591 -0.0608748682 0.148397088 3.63634038 -0.206949458 0.148397088 3.63634038 -0.206949458 0.145463377 3.69000292 -0.254744589 0.107814021 3.53586054 -0.280414611 0.107814021 3.53586054 -0.280414611 0.0836108699 3.6265614 -0.253033251 0.0836108699 3.6265614 -0.253033251 0.0836108699 3.6265614 -0.253033251 -0.0818996057 3.943892 0.0620966889 -0.0818996057 3.943892 0.0620966889 0.160009712 3.69917083 0.150352642 0.160009712 3.69917083 0.150352642 0.160009712 3.69917083 0.150352642 0.183357209 3.71249485 0.133606017 0.183357209 3.71249485 0.133606017 0.183357209 3.71249485 0.133606017 0.201326206 3.64232993 0.098890394 0.224673688 3.72875237 -0.0305598192 0.224673688 3.72875237 -0.0305598192 0.224673688 3.72875237 -0.0305598192 -3.46302151e-8 3.64746404 -0.255966961 -3.46302151e-8 3.64746404 -0.255966961 -3.46302151e-8 3.64746404 -0.255966961 0.0771322399 3.52314806 -0.333099246 0.0771322399 3.52314806 -0.333099246 -0.0733429268 3.63303971 -0.270146638 -0.0733429268 3.63303971 -0.270146638 -0.0733429268 3.63303971 -0.270146638 -0.0733429268 3.63303971 -0.270146638 0.10989207 3.90819788 -0.224796265 0.186046451 3.72227383 -0.363292068 0.186046451 3.72227383 -0.363292068 0.0405830368 3.73975396 -0.38590613 0.0405830368 3.73975396 -0.38590613 0.125294074 3.81749725 -0.257922798 0.121260211 3.6158042 -0.362803102 0.121260211 3.6158042 -0.362803102 0.143385321 3.69868183 0.158053651</float_array><technique_common><accessor source="#aqua-geometry-0-positions-array" count="508" stride="3"><param name="X" type="float"/><param name="Y" type="float"/><param name="Z" type="float"/></accessor></technique_common></source><source id="aqua-geometry-0-normals"><float_array id="aqua-geometry-0-normals-array" count="1524">0.97954005 0.046901904 -0.195707992 0.531011879 -0.390508831 -0.752016723 0.531011879 -0.390508831 -0.752016723 -0.680802464 0.635102272 -0.364901364 -0.764303327 0.101600409 -0.636802733 -0.764303327 0.101600409 -0.636802733 -0.764303327 0.101600409 -0.636802733 -0.91072315 0.383909792 -0.152303904 0.921914339 0.363405704 -0.134202138 0.710608661 0.604807317 -0.359504402 0.665720403 0.221006736 -0.712721825 0.665720403 0.221006736 -0.712721825 0.665776014 0.220992029 -0.712674379 -0.559888065 -0.340692818 -0.755283892 -0.559888065 -0.340692818 -0.755283892 0.515474677 0.4004803 -0.757562876 0.515474677 0.4004803 -0.757562876 0.5154953 0.400396287 -0.757593095 0.515534341 0.400426656 -0.757550538 0.529686332 0.673882663 -0.51508683 0.543789268 0.682686508 -0.488090426 0.214111358 -0.263313919 0.940649867 0.214302197 -0.263302654 0.940609574 0.214302197 -0.263302654 0.940609574 -0.25410226 -0.943408489 0.213101968 -0.25410226 -0.943408489 0.213101968 0.920026362 -0.241606921 0.308508843 -0.993235826 -0.0827030018 -0.0815029368 -0.993235826 -0.0827030018 -0.0815029368 -0.906805456 -0.405102491 -0.116600692 -0.865459025 -0.489376932 0.107194968 -0.865459025 -0.489376932 0.107194968 -0.865501463 -0.489300877 0.10720022 -0.865510643 -0.489306122 0.107101366 0.905061126 -0.408027589 -0.11990808 0.881760836 -0.468179226 0.057497479 0.881760836 -0.468179226 0.057497479 0.881807148 -0.468103826 0.0574004948 0.881870687 -0.467984527 0.0573981255 0.257203072 -0.319503933 -0.912010908 0.257203072 -0.319503933 -0.912010908 0.0377994552 -0.39919433 -0.916086853 0.614625037 0.0414016359 -0.787732124 0.614625037 0.0414016359 -0.787732124 0.614687324 0.0413990952 -0.787683725 0.614687324 0.0413990952 -0.787683725 0.0131005645 0.49422127 -0.869237483 0 -0.239593506 -0.970873296 -0.89737308 -0.188494384 -0.398987979 -0.89737308 -0.188494384 -0.398987979 -0.89737308 -0.188494384 -0.398987979 -0.19039616 -0.965380549 0.178296447 -0.19039616 -0.965380549 0.178296447 -0.19039616 -0.965380549 0.178296447 0.969359457 -0.183692336 -0.163093165 0.969359457 -0.183692336 -0.163093165 -0.14459689 -0.985578775 0.0878981724 -0.14459689 -0.985578775 0.0878981724 0.937162459 -0.131194785 -0.32328707 0.937162459 -0.131194785 -0.32328707 -0.867949784 -0.233713388 0.43822512 0.163704187 -0.972424924 0.166104317 0.163704187 -0.972424924 0.166104317 -0.210898861 0.387097895 -0.897595108 -0.210898861 0.387097895 -0.897595108 -0.210907012 0.387012839 -0.897629857 -0.210994393 0.3870897 -0.897576153 -0.210994393 0.3870897 -0.897576153 -0.211002558 0.387004673 -0.897610962 -0.211002558 0.387004673 -0.897610962 0.406000644 0.733801186 -0.54470098 0.406000644 0.733801186 -0.54470098 0.459482521 0.737071931 -0.49558118 0.0553001538 -0.178400442 0.982402742 0.0553001538 -0.178400442 0.982402742 0.372309059 -0.0525012128 0.926622629 0.372309059 -0.0525012128 0.926622629 0.787497044 -0.263398945 0.557197869 0.0890971497 -0.196393654 0.976468682 0.0892033055 -0.19650723 0.976436198 0.0892033055 -0.19650723 0.976436198 0.908767283 -0.386686116 0.156894371 0.925279081 -0.152696595 -0.347192168 0.925279081 -0.152696595 -0.347192168 0.925325394 -0.152604237 -0.347109497 0.925325394 -0.152604237 -0.347109497 0.925325394 -0.152604237 -0.347109497 -0.184897169 -0.311195344 -0.932185829 -0.184897169 -0.311195344 -0.932185829 -0.532369614 -0.752057016 0.388577819 -0.532369614 -0.752057016 0.388577819 -0.532369614 -0.752057016 0.388577819 0.72281611 -0.346807808 -0.597713292 0.72281611 -0.346807808 -0.597713292 -0.986404836 -0.0639003068 0.151400745 -0.986404836 -0.0639003068 0.151400745 -0.986404836 -0.0639003068 0.151400745 -0.986404836 -0.0639003068 0.151400745 -0.986404836 -0.0639003068 0.151400745 0.166904986 -0.967629075 -0.189305574 0.166904986 -0.967629075 -0.189305574 0.101295054 -0.983952105 -0.146892756 0.101295054 -0.983952105 -0.146892756 -0.201902419 -0.708408535 0.676308155 -0.201902419 -0.708408535 0.676308155 -0.940894544 -0.11549937 -0.318398148 -0.961936295 0.19000718 -0.196407422 -0.919048965 0.389778376 0.0584967174 -0.919048965 0.389778376 0.0584967174 -0.85920161 0.401600778 -0.317000628 -0.709492385 0.702492476 0.0558993444 -0.709492385 0.702492476 0.0558993444 -0.650690556 0.653090537 -0.387394428 -0.339298844 0.940596879 0.0123998886 -0.339298844 0.940596879 0.0123998886 -0.358583689 0.798963666 -0.482778072 -0.423405707 0.902212262 0.0821010321 -0.423405707 0.902212262 0.0821010321 -0.423405707 0.902212262 0.0821010321 -0.233208209 -0.944833457 -0.230008051 -0.233208209 -0.944833457 -0.230008051 -0.832825661 0.0891027227 -0.546316862 -0.650988042 -0.0869984627 -0.754086137 -0.540629387 0.0433022976 -0.840145648 0.455590904 -0.888482392 0.0550989732 0.455590904 -0.888482392 0.0550989732 0.455590904 -0.888482392 0.0550989732 0.344619751 -0.897951543 -0.273715585 0.344619751 -0.897951543 -0.273715585 -0.56870687 0.391104728 -0.723608792 0.0935027674 -0.941628039 0.323409617 0.0935027674 -0.941628039 0.323409617 0.0935027674 -0.941628039 0.323409617 0.0935027674 -0.941628039 0.323409617 -0.128894016 -0.962255418 0.239688948 -0.128894016 -0.962255418 0.239688948 -0.598225057 -0.538822532 0.593124866 -0.598225057 -0.538822532 0.593124866 -0.122300312 -0.950902641 -0.284300655 -0.122300312 -0.950902641 -0.284300655 -0.161100894 -0.331201971 -0.929705203 -0.161100894 -0.331201971 -0.929705203 0.084103629 -0.988342822 0.12690556 0.084103629 -0.988342822 0.12690556 -0.931463599 -0.0801968426 0.354886115 0.174598783 -0.239798278 0.954993188 0.174691528 -0.239888296 0.954953671 0.174691528 -0.239888296 0.954953671 -0.909814239 0.124802001 0.395806193 -0.492411107 0.081701912 0.86651957 -0.79468745 0.446992993 0.410693467 -0.399681181 0.27838701 0.873358846 -0.166603148 0.525509953 0.834315658 0.255307049 -0.957626462 0.133303747 0.255307049 -0.957626462 0.133303747 0.255307049 -0.957626462 0.133303747 0.255307049 -0.957626462 0.133303747 -0.222499683 0.535499394 0.814698875 -0.222499683 0.535499394 0.814698875 -0.358674645 0.832541227 0.422170043 0.72251904 -0.399110496 0.564514875 0.722566843 -0.399081677 0.564474106 0.722566843 -0.399081677 0.564474106 0.785215199 -0.250004947 -0.566510975 0.785215199 -0.250004947 -0.566510975 0.785215199 -0.250004947 -0.566510975 0.81611973 -0.412109971 0.405109823 0.81611973 -0.412109971 0.405109823 0.766292095 -0.310296863 -0.562594175 0.766292095 -0.310296863 -0.562594175 0.576605439 -0.293702841 -0.762407184 0.0575016849 -0.177005127 0.982528687 -0.0472974963 -0.968548775 0.244287148 -0.0472974963 -0.968548775 0.244287148 -0.0472974963 -0.968548775 0.244287148 0.781593323 -0.596494913 0.18249847 0.781593323 -0.596494913 0.18249847 0.781593323 -0.596494913 0.18249847 -0.697573245 -0.693873465 0.17869319 -0.697573245 -0.693873465 0.17869319 0.336411476 0.311710745 0.888630211 0.336500078 0.311700195 0.888600349 0.336500078 0.311700195 0.888600349 0.995989025 -0.0747991875 -0.0490994491 0.995989025 -0.0747991875 -0.0490994491 0.996001422 -0.0747001171 -0.049000062 0.302796036 0.593892336 0.745390177 -0.629918754 0.690620601 -0.355310649 -0.783792078 0.340896517 -0.519094765 -0.783857405 0.34078145 -0.519071817 -0.783857405 0.34078145 -0.519071817 -0.771992564 -0.616794109 0.153598562 -0.771992564 -0.616794109 0.153598562 0.661014259 -0.739615977 0.126602769 0.661014259 -0.739615977 0.126602769 0.259288818 -0.771666825 -0.580774903 0.259288818 -0.771666825 -0.580774903 0.259298712 -0.771496236 -0.58099705 -0.573092222 -0.535192907 -0.620591581 -0.573127747 -0.535226047 -0.620530069 -0.573127747 -0.535226047 -0.620530069 0.301297218 -0.593394697 -0.746393144 0.120200753 0.717504442 -0.686104357 0.449082643 0.595876992 -0.665774345 0.449082643 0.595876992 -0.665774345 0.449112505 0.595916629 -0.665718675 0.165395901 0.312892199 -0.935276866 0.165395901 0.312892199 -0.935276866 -0.540210724 -0.614812255 0.574611485 0.775421083 -0.484613299 -0.404811025 0.775421083 -0.484613299 -0.404811025 0.208504125 -0.588411689 0.781215549 0.208504125 -0.588411689 0.781215549 -0.549689949 -0.593289196 -0.588089228 -0.549689949 -0.593289196 -0.588089228 0.779910207 -0.185702488 -0.597707808 0.779910207 -0.185702488 -0.597707808 -0.305106908 -0.548612475 0.778417706 -0.305106908 -0.548612475 0.778417706 0.9640221 -0.260706007 -0.0519011766 0.9640221 -0.260706007 -0.0519011766 -0.252503306 -0.481106311 0.839511037 -0.252503306 -0.481106311 0.839511037 -0.306304425 -0.509807408 0.803911686 -0.306304425 -0.509807408 0.803911686 -0.761572599 -0.515181601 -0.393185824 -0.761572599 -0.515181601 -0.393185824 -0.0440976992 -0.536171973 0.842956066 -0.0440976992 -0.536171973 0.842956066 0.513383925 -0.568682194 0.64267993 0.513383925 -0.568682194 0.64267993 0.365402848 -0.660705328 -0.655705094 0.365402848 -0.660705328 -0.655705094 -0.901083589 -0.342793763 0.265595198 -0.901083589 -0.342793763 0.265595198 0.933076143 -0.188395202 -0.306392133 -0.764105141 -0.568003893 -0.305801988 -0.764105141 -0.568003893 -0.305801988 -0.764105141 -0.568003893 -0.305801988 -0.287779927 -0.513264239 -0.808543503 0.222606242 -0.427612096 -0.87612462 0.222606242 -0.427612096 -0.87612462 0.222606242 -0.427612096 -0.87612462 -0.421188802 -0.115596876 0.899576187 -0.421188802 -0.115596876 0.899576187 -0.29338339 -0.902648985 0.314882278 -0.29338339 -0.902648985 0.314882278 -0.29338339 -0.902648985 0.314882278 -0.424200803 0.169300422 0.889601588 -0.424200803 0.169300422 0.889601588 0.870000064 -0.488100052 -0.0696999729 -0.983887374 0.0501993485 -0.171597794 -0.930998683 -0.19239977 -0.310199529 0.922700524 -0.38010028 -0.0644000098 0.922700524 -0.38010028 -0.0644000098 0.922700524 -0.38010028 -0.0644000098 0.922700524 -0.38010028 -0.0644000098 0.922700524 -0.38010028 -0.0644000098 0.922700524 -0.38010028 -0.0644000098 0.337788135 -0.919967771 0.19889307 0.337788135 -0.919967771 0.19889307 -0.047100991 -0.316806644 0.947319925 -0.047100991 -0.316806644 0.947319925 -0.484005928 -0.340004176 0.806309819 0.184795633 -0.980476856 0.0671984777 0.184795633 -0.980476856 0.0671984777 0.817905545 -0.166601181 -0.550703764 0.817905545 -0.166601181 -0.550703764 0.224698707 -0.183499038 -0.956994474 0.224698707 -0.183499038 -0.956994474 -0.971986175 -0.233996674 0.0220997017 -0.908991337 -0.388696343 0.150498584 0.595685959 0.493688315 -0.633585036 0.595685959 0.493688315 -0.633585036 0.595685959 0.493688315 -0.633585036 0.905875206 0.323491156 -0.273392558 0.905875206 0.323491156 -0.273392558 0.905875206 0.323491156 -0.273392558 0.921090484 0.176398173 -0.347096443 0.921090484 0.176398173 -0.347096443 0.921090484 0.176398173 -0.347096443 0.921090484 0.176398173 -0.347096443 0.953514457 -0.0819012746 -0.290004402 0.953514457 -0.0819012746 -0.290004402 0.953514457 -0.0819012746 -0.290004402 0.863483906 0.256995201 -0.433991879 0.863483906 0.256995201 -0.433991879 0.863483906 0.256995201 -0.433991879 0.413998961 -0.811398149 -0.412598938 0.413998961 -0.811398149 -0.412598938 0.328804761 0.100701407 -0.93901372 0.102096178 -0.336687505 -0.936065018 0.102096178 -0.336687505 -0.936065018 0.102096178 -0.336687505 -0.936065018 0.102096178 -0.336687505 -0.936065018 0.202706262 -0.046601519 -0.978130162 0.202706262 -0.046601519 -0.978130162 0.202706262 -0.046601519 -0.978130162 0.202706262 -0.046601519 -0.978130162 0.631095409 -0.308097839 -0.71189487 0.631095409 -0.308097839 -0.71189487 0.631095409 -0.308097839 -0.71189487 0.631095409 -0.308097839 -0.71189487 0.631095409 -0.308097839 -0.71189487 -0.110203408 -0.673720777 0.730722547 -0.110203408 -0.673720777 0.730722547 -0.55900377 -0.0651005059 -0.826605558 -0.55900377 -0.0651005059 -0.826605558 0.425494134 -0.788389266 -0.444293797 0.425494134 -0.788389266 -0.444293797 0.91262269 0.308607727 0.268106639 0.91262269 0.308607727 0.268106639 0.91262269 0.308607727 0.268106639 0.91262269 0.308607727 0.268106639 0.92231369 0.348205209 -0.167602539 -0.778511286 -0.62680912 0.0321005099 -0.778511286 -0.62680912 0.0321005099 0.769750714 -0.637242079 0.0375025235 0.769750714 -0.637242079 0.0375025235 0.516996086 -0.415296942 -0.748494208 0.516996086 -0.415296942 -0.748494208 0.941845298 -0.277513385 -0.189509079 0.957196832 -0.130399585 0.258399159 0.957246304 -0.13040632 0.258212477 0.957246304 -0.13040632 0.258212477 0.794416964 -0.379508138 0.474210203 0.794447064 -0.379422516 0.474228203 0.79448396 -0.379392385 0.474190533 0.794491529 -0.379495949 0.474094957 0.959835947 -0.109504104 0.258309662 -0.955421269 -0.098002173 0.27850619 0.870319486 0.0165004097 0.492211014 0.87038517 0.0165997557 0.492091596 0.87038517 0.0165997557 0.492091596 -0.95252192 -0.122802816 0.278606415 -0.952533603 -0.122704305 0.278609842 -0.952533603 -0.122704305 0.278609842 -0.939258873 -0.284687579 -0.191691563 -0.923391283 -0.130498812 -0.360996604 -0.923391283 -0.130498812 -0.360996604 -0.923391283 -0.130498812 -0.360996604 -0.923391283 -0.130498812 -0.360996604 -0.514616132 -0.415313154 -0.750123501 -0.514616132 -0.415313154 -0.750123501 -0.6191836 0.0161995143 -0.785079181 -0.6191836 0.0161995143 -0.785079181 -0.619184613 0.0160995442 -0.785080492 -0.619184613 0.0160995442 -0.785080492 -0.1021979 0.732284904 -0.6732862 -0.627096832 0.480097592 -0.613396943 -0.627196014 0.480096936 -0.613296151 -0.627196014 0.480096936 -0.613296151 -0.132895976 0.106696717 -0.985370159 -0.132895976 0.106696717 -0.985370159 0.320023417 -0.635946572 0.702251434 0.577907383 -0.685008883 -0.443605661 0.577907383 -0.685008883 -0.443605661 -0.311195821 -0.921087682 0.233996913 -0.311195821 -0.921087682 0.233996913 -0.33661291 0.218108311 -0.916035175 -0.43759802 -0.0800997019 -0.895595908 -0.43759802 -0.0800997019 -0.895595908 -0.43759802 -0.0800997019 -0.895595908 -0.373793662 0.293394953 -0.879885018 -0.00949963368 0.516280234 -0.856367111 0.062498901 0.814285696 -0.577089846 0.0476973951 0.973447025 -0.223887876 0.420486778 0.87687248 -0.232992738 0.072600916 0.99501276 0.0684007853 0.464793772 0.878088415 0.113698423 0.0555994883 0.938491404 0.340796769 0.585373521 0.708768129 0.393682152 0.177295864 0.795681596 0.57918644 0.544176638 0.512978137 0.663871467 0.213204831 0.428309828 0.878119826 0.132093966 -0.251288474 0.958856225 0.132093966 -0.251288474 0.958856225 0.132097289 -0.251194775 0.958880305 0.132097289 -0.251194775 0.958880305 0.862163007 -0.179992273 0.473579705 0.862219334 -0.179904029 0.473510623 0.862219334 -0.179904029 0.473510623 0.186491311 0.039698232 0.981654227 0.186491311 0.039698232 0.981654227 -0.771376669 -0.517484426 -0.370388776 -0.771376669 -0.517484426 -0.370388776 0.330794066 -0.943083048 -0.0341993161 0.330794066 -0.943083048 -0.0341993161 -0.147195473 -0.0381987542 0.988369584 -0.225694388 0.322192073 0.919377089 -0.308797896 0.713095248 0.629395664 -0.355291039 0.842178881 0.4055897 -0.480797946 0.874396443 0.06529966 0.715009689 -0.394305468 -0.57730782 0.715009689 -0.394305468 -0.57730782 0.66687727 0.74047482 -0.0834972113 0.867324233 0.42811206 0.253907055 0.697297156 0.340398699 0.630797386 -0.0293986686 -0.47487849 0.879560113 -0.0293986686 -0.47487849 0.879560113 -0.029498579 -0.474877119 0.87955761 -0.029498579 -0.474877119 0.87955761 0.851895511 0.0757996514 0.518197238 -0.364317268 -0.774636686 0.5169245 -0.364317268 -0.774636686 0.5169245 0.291009575 -0.819727123 -0.493316203 0.291009575 -0.819727123 -0.493316203 -0.0723031908 -0.884439051 0.46102038 -0.0723031908 -0.884439051 0.46102038 -0.0723031908 -0.884439051 0.46102038 0.943492591 -0.326997489 0.0537996106 0.943497717 -0.326999247 0.0536998995 0.943497717 -0.326999247 0.0536998995 0.943523407 -0.326908201 0.0538013652 0.93078357 -0.36169365 -0.0530990399 0.94184351 -0.330615312 -0.060202755 0.0521982536 0.0626978353 -0.99666667 0.0521982536 0.0626978353 -0.99666667 0.0521982536 0.0626978353 -0.99666667 0.0521982536 0.0626978353 -0.99666667 0.53062427 0.198909059 -0.823937595 0.53062427 0.198909059 -0.823937595 0.53062427 0.198909059 -0.823937595 0.35060817 -0.00100009434 -0.936521769 -0.138500676 0.189800858 -0.972004771 -0.138500676 0.189800858 -0.972004771 -0.138500676 0.189800858 -0.972004771 -0.138500676 0.189800858 -0.972004771 -0.179498509 -0.732394099 -0.656794548 -0.179498509 -0.732394099 -0.656794548 -0.179498509 -0.732394099 -0.656794548 -0.24450478 -0.11980243 -0.962218761 0.392381817 -0.915857613 -0.0850959867 0.392381817 -0.915857613 -0.0850959867 -0.647706509 -0.648006499 0.400704056 -0.647706509 -0.648006499 0.400704056 0.94184351 0.330615312 0.060202755 0.932713926 0.356505394 0.0543007888 0.889165759 0.397884727 0.225991264 0.889201105 0.397800595 0.226000264 0.889221191 0.397809565 0.225905374 0.889221191 0.397809565 0.225905374 -0.956515074 -0.281004429 0.0782012492 -0.909301758 -0.346600652 0.230300441 -0.909322739 -0.346608698 0.230205789 -0.909322739 -0.346608698 0.230205789 0.97679466 0.186898977 -0.104599439 0.976802647 0.18680051 -0.104700305 0.97681284 0.186802462 -0.104601391 0.97681284 0.186802462 -0.104601391 0.954214931 0.276504338 -0.114101805 0.788072526 -0.346087933 0.509082317 0.788072526 -0.346087933 0.509082317 0.788072526 -0.346087933 0.509082317 0.788072526 -0.346087933 0.509082317 0.991209269 0.112701058 0.0693006441 -0.125202775 -0.82551837 0.550312281 -0.125202775 -0.82551837 0.550312281 0.199895993 -0.777484536 -0.596288025 0.199895993 -0.777484536 -0.596288025 0.947371244 0.242592618 -0.208893687 0.954214931 -0.276504338 0.114101805 0.921256781 -0.314185262 0.229289278 0.921256781 -0.314185262 0.229289278 0.921277881 -0.314192444 0.229194522 0.921306849 -0.314102381 0.229201749 0.936697185 -0.255699217 0.239199296 0.936719596 -0.255705327 0.239105016 0.965803623 -0.230300888 0.119100451 0.947371244 -0.242592618 0.208893687 0.323001772 -0.695803821 0.641503572 0.323001772 -0.695803821 0.641503572 0.693386912 -0.149497226 -0.704886675 -0.104401566 -0.936914146 -0.333604932 -0.104401566 -0.936914146 -0.333604932 -0.0627002642 -0.952504039 0.298001319 -0.0627002642 -0.952504039 0.298001319 -0.0627002642 -0.952504039 0.298001319 -0.284501374 0.865104437 0.413101941 -0.284501374 0.865104437 0.413101941 0.562302768 -0.409701973 0.718303502 0.562302768 -0.409701973 0.718303502 0.562394083 -0.409595668 0.718292534 0.737602055 -0.261600673 0.622501731 0.737693489 -0.261597693 0.622394502 0.737693489 -0.261597693 0.622394502 0.644005477 -0.200401694 0.738306344 -0.00839977525 -0.105597273 -0.9943735 -0.00839977525 -0.105597273 -0.9943735 -0.00839977525 -0.105597273 -0.9943735 -0.0369988568 -0.994969368 -0.0930970386 -0.0369988568 -0.994969368 -0.0930970386 -0.0369988568 -0.994969368 -0.0930970386 0.205303654 -0.900216222 -0.384006768 0.205303654 -0.900216222 -0.384006768 0.10570161 -0.933514297 -0.342605144 0.10570161 -0.933514297 -0.342605144 0.10570161 -0.933514297 -0.342605144 0.10570161 -0.933514297 -0.342605144 0.58059603 0.616695702 -0.531596363 0.372794449 -0.618090868 -0.692089617 0.372794449 -0.618090868 -0.692089617 0.264079422 -0.669747949 -0.694045961 0.264079422 -0.669747949 -0.694045961 0.678851962 0.227783844 -0.698050559 0.0235011894 -0.824941993 -0.564728618 0.0235011894 -0.824941993 -0.564728618 0.289496154 -0.051599253 0.95578742</float_array><technique_common><accessor source="#aqua-geometry-0-normals-array" count="508" stride="3"><param name="X" type="float"/><param name="Y" type="float"/><param name="Z" type="float"/></accessor></technique_common></source><source id="aqua-geometry-0-uvs"><float_array id="aqua-geometry-0-uvs-array" count="1016">0.625 0.625 0.58984375 0.33203125 0.640625 0.27734375 0.56640625 0.3515625 0.04296875 0.00390625 0.6015625 0.44921875 0.6875 0.3828125 0.5546875 0.47265625 0.5546875 0.47265625 0.56640625 0.3515625 0.6015625 0.44921875 0.6796875 0.41015625 0.04296875 0.00390625 0.58984375 0.33203125 0.65625 0.32421875 0.64453125 0.41015625 0.70703125 0.375 0.70703125 0.375 0.64453125 0.41015625 0.59765625 0.33203125 0.625 0.2578125 0.63671875 0.5859375 0.515625 0.77734375 0.63671875 0.5859375 0.53125 0.64453125 0.640625 0.546875 0.56640625 0.828125 0.55859375 0.73828125 0.62109375 0.58203125 0.6171875 0.3515625 0.5 0.6328125 0.6484375 0.99609375 0.60546875 0.30859375 0.60546875 0.30859375 0.6171875 0.3515625 0.5 0.6328125 0.6484375 0.99609375 0.60546875 0.30859375 0.60546875 0.30859375 0.59375 0.0078125 0.62890625 0.984375 0.6171875 0.98046875 0.5859375 0.5234375 0.7734375 0.2265625 0.5625 0.078125 0.7734375 0.2265625 0.68359375 0.50390625 0.67578125 0.59765625 0.578125 0.796875 0.60546875 0.5859375 0.609375 0.76953125 0.5546875 0.7265625 0.5703125 0.67578125 0.62109375 0.55859375 0.5625 0.8359375 0.609375 0.84375 0.60546875 0.5625 0.6484375 0.6953125 0.55859375 0.73828125 0.62109375 0.58203125 0.56640625 0.828125 0.5703125 0.67578125 0.62109375 0.55859375 0.7265625 0.40234375 0.75390625 0.328125 0.75390625 0.328125 0.64453125 0.41015625 0.69921875 0.41796875 0.69921875 0.41796875 0.7265625 0.40234375 0.6640625 0.33203125 0.71875 0.34765625 0.69140625 0.25390625 0.49609375 0.8125 0.59765625 0.59765625 0.50390625 0.87890625 0.6015625 0.6171875 0.65625 0.57421875 0.64453125 0.59765625 0.49609375 0.8125 0.64453125 0.59765625 0.5 0.5546875 0.36328125 0.08203125 0.72265625 0.2578125 0.5234375 0.97265625 0.55859375 0.56640625 0.72265625 0.2578125 0.6484375 0.59765625 0.65234375 0.828125 0.65234375 0.92578125 0.65625 0.62890625 0.7109375 0.1171875 0.64453125 0.625 0.7265625 0.13671875 0.1640625 0.27734375 0.375 0.0625 0.65234375 0.98046875 0.69140625 0.12890625 0.92578125 0.86328125 0.44140625 0.05859375 0.5625 0.96875 0.76953125 0.00390625 0.99609375 0.62890625 0.71875 0.0703125 0.9921875 0.76171875 0.9453125 0.7265625 0.8828125 0.79296875 0.1640625 0.375 0.83203125 0.91015625 0.80859375 0.8125 0.18359375 0.453125 0.74609375 0.93359375 0.734375 0.81640625 0.2109375 0.4921875 0.69921875 0.93359375 0.609375 0.83984375 0.234375 0.515625 0.484375 0.96484375 0.6640625 0.93359375 0.7890625 0.06640625 0.92578125 0.66015625 0.8671875 0.703125 0.91015625 0.59765625 0.81640625 0.6328125 0.51953125 0.1640625 0.85546875 0.0625 0.8828125 0.57421875 0.46484375 0.296875 0.85546875 0.4765625 0.734375 0.73046875 0.5625 0.06640625 0.5703125 0.6640625 0.7734375 0.41796875 0.8359375 0.11328125 0.6171875 0.4140625 0.7734375 0.11328125 0.81640625 0.03515625 0.9375 0.609375 0.85546875 0.00390625 0.953125 0.53515625 0.2109375 0.14453125 0.4140625 0.171875 0.296875 0.0078125 0.4609375 0.30859375 0.26953125 0.1484375 0.375 0.1796875 0.375 0.1796875 0.515625 0.14453125 0.26171875 0.25 0.38671875 0.265625 0.2734375 0.35546875 0.40625 0.33984375 0.41796875 0.38671875 0.109375 0.953125 0.44921875 0.359375 0.59375 0.0390625 0.6328125 0.98046875 0.2109375 0.984375 0.4296875 0.40625 0.31640625 0.44921875 0.41015625 0.22265625 0.41015625 0.22265625 0.54296875 0.109375 0.49609375 0.9609375 0.5234375 0.05859375 0.59375 0.6171875 0.42578125 0.28125 0.5625 0.0703125 0.53125 0.0078125 0.6015625 0.6640625 0.5546875 0.0078125 0.37109375 0.11328125 0.69140625 0.44140625 0.703125 0.453125 0.72265625 0.44921875 0.52734375 0.49609375 0.63671875 0.484375 0.65625 0.4453125 0.5390625 0.3984375 0.65234375 0.390625 0.63671875 0.36328125 0.4921875 0.40234375 0.63671875 0.36328125 0.5234375 0.40234375 0.640625 0.375 0.640625 0.375 0.62109375 0.33203125 0.7265625 0.17578125 0.71484375 0.3046875 0.59765625 0.390625 0.71484375 0.3046875 0.52734375 0.49609375 0.6328125 0.453125 0.5390625 0.3984375 0.63671875 0.38671875 0.4921875 0.40234375 0.609375 0.3828125 0.609375 0.3828125 0.609375 0.375 0.5234375 0.40234375 0.609375 0.375 0.57421875 0.34765625 0.4453125 0.3046875 0.390625 0.1953125 0.734375 0.18359375 0.390625 0.1953125 0.5234375 0.17578125 0.76953125 0.16796875 0.46484375 0.06640625 0.5625 0.25 0.62890625 0.26171875 0.54296875 0.33984375 0.640625 0.31640625 0.0234375 0.203125 0.6640625 0.17578125 0.0703125 0.08984375 0.69140625 0.26953125 0.00390625 0.08203125 0.6640625 0.27734375 0.08984375 0.0078125 0.703125 0.38671875 0.00390625 0.00390625 0.6640625 0.41015625 0.54296875 0.33984375 0.609375 0.30078125 0.5625 0.25 0.578125 0.19140625 0.00390625 0.00390625 0.67578125 0.421875 0.00390625 0.08203125 0.6640625 0.328125 0.0234375 0.203125 0.671875 0.2578125 0.09375 0.00390625 0.69140625 0.41796875 0.6171875 0.65625 0.515625 1 0.58203125 0.96875 0.63671875 0.65625 0.60546875 0.9765625 0.55859375 0.41796875 0.59375 0.62109375 0.65234375 0.921875 0.50390625 0.87890625 0.640625 0.61328125 0.39453125 0.06640625 0.5625 0.96875 0.5625 0.953125 0.49609375 0.9609375 0.64453125 0.63671875 0.6171875 0.4140625 0.6171875 0.62109375 0.625 0.65234375 0.00390625 0.39453125 0.27734375 0.6015625 0.3828125 0.0546875 0.5625 0.06640625 0.5703125 0.4921875 0.65234375 0.98828125 0.53125 0.64453125 0.6015625 0.546875 0.515625 0.77734375 0.6015625 0.5859375 0.484375 0.72265625 0.6328125 0.55859375 0.6484375 0.6953125 0.609375 0.76953125 0.6328125 0.5859375 0.59375 0.59375 0.65234375 0.828125 0.609375 0.84375 0.5 0.5546875 0.4375 0.63671875 0.47265625 0.515625 0.54296875 0.0703125 0.11328125 0.48828125 0.140625 0.3515625 0.40625 0.515625 0.36328125 0.06640625 0.48046875 0.56640625 0.515625 0.4609375 0.9921875 0.99609375 0.15625 0.21484375 0.36328125 0.06640625 0.4765625 0.390625 0.36328125 0.06640625 0.52734375 0.40625 0.91796875 0.9921875 0.4609375 0.3046875 0.52734375 0.21484375 0.55859375 0.40625 0.20703125 0.125 0.5625 0.078125 0.58984375 0.359375 0.78125 0.3515625 0.53515625 0.08203125 0.609375 0.40234375 0.7890625 0.4140625 0.91796875 0.88671875 0.12109375 0.29296875 0.12890625 0.3671875 0.56640625 0.0546875 0.65625 0.48046875 0.9921875 0.265625 0.015625 0.25390625 0.421875 0.19140625 0.10546875 0.265625 0.5 0.1875 0.0703125 0.12109375 0.46484375 0.30078125 0.0078125 0.48828125 0.2890625 0.66015625 0.2890625 0.6328125 0.38671875 0.07421875 0.0625 0.31640625 0.5 0.49609375 0.625 0.4765625 0.5 0.49609375 0.63671875 0.48828125 0.57421875 0.59375 0.7734375 0.3046875 0.68359375 0.27734375 0.69140625 0.15625 0.5625 0.91015625 0.69140625 0.15625 0.66796875 0.19921875 0.578125 0.93359375 0.66796875 0.19921875 0.66796875 0.19921875 0.66015625 0.1015625 0.66015625 0.1015625 0.66796875 0.19921875 0.578125 0.93359375 0.66796875 0.19921875 0.69140625 0.15625 0.5625 0.91015625 0.69140625 0.15625 0.68359375 0.27734375 0.5234375 0.97265625 0.546875 0.078125 0.55859375 0.56640625 0.72265625 0.2578125 0.57421875 0.59375 0.7734375 0.3046875 0.5859375 0.5234375 0.7734375 0.2265625 0.37890625 0.0703125 0.7734375 0.2265625 0.75 0.13671875 0.734375 0.18359375 0.5 0.17578125 0.734375 0.18359375 0.41015625 0.17578125 0.76953125 0.16796875 0.46484375 0.06640625 0.4609375 0.3046875 0.703125 0.4921875 0.5234375 0.15625 0.74609375 0.5546875 0.71875 0.5703125 0.5625 0.06640625 0.765625 0.59375 0.9921875 0.4140625 0.69921875 0.671875 0.62109375 0.66796875 0.5703125 0.75390625 0.515625 0.859375 0.4375 0.7578125 0.4296875 0.85546875 0.36328125 0.7578125 0.34765625 0.8828125 0.26953125 0.75390625 0.25390625 0.87890625 0.18359375 0.7421875 0.15625 0.828125 0.09765625 0.76171875 0.596979022 0.929196119 0.09765625 0.76171875 0.596979022 0.929196119 0.0859375 0.8359375 0.0859375 0.8359375 0.6171875 0.9609375 0.0546875 0.76953125 0.599077582 0.934199393 0.046875 0.859375 0.62109375 0.9609375 0.00390625 0.765625 0.61328125 0.9453125 0.06640625 0.8515625 0.14453125 0.9140625 0.21484375 0.94921875 0.33203125 0.96875 0.4765625 0.94140625 0.37890625 0.45703125 0.4609375 0.2890625 0.37109375 0.625 0.1953125 0.66015625 0.1484375 0.6796875 0.10546875 0.68359375 0.58203125 0.94921875 0.10546875 0.68359375 0.58203125 0.94921875 0.12109375 0.62109375 0.07421875 0.59375 0.56640625 0.94140625 0.06640625 0.50390625 0.55078125 0.94140625 0.5703125 0.6640625 0.7734375 0.41796875 0.95703125 0.16015625 0.6171875 0.26171875 0.6171875 0.26171875 0.63671875 0.97265625 0.6171875 0.26171875 0.5859375 0.26953125 0.5625 0.2265625 0.55859375 0.57421875 0.5625 0.11328125 0.796875 0.46484375 0.9921875 0.875 0.36328125 0.0703125 0.59375 0.58984375 0.83984375 0.46484375 0.83203125 0.359375 0.375 0.07421875 0.5625 0.06640625 0.6796875 0.609375 0.92578125 0.46484375 0.41796875 0.19140625 0.8515625 0.12109375 0.87890625 0.2890625 0.9296875 0.2890625 0.46484375 0.29296875 0.87890625 0.1640625 0.49609375 0.2265625 0.9375 0.21484375 0.5625 0.2265625 0.5859375 0.26953125 0.6171875 0.26171875 0.6171875 0.26171875 0.6171875 0.26171875 0.63671875 0.97265625 0.58203125 0.2109375 0.62109375 0.95703125 0.62109375 0.95703125 0.625 0.234375 0.640625 0.20703125 0.59765625 0.94140625 0.59765625 0.94140625 0.640625 0.20703125 0.63671875 0.140625 0.1484375 0.60546875 0.1484375 0.5859375 0.39453125 0.109375 0.55859375 0.953125 0.17578125 0.55078125 0.1328125 0.51171875 0.42578125 0.22265625 0.15234375 0.43359375 0.45703125 0.29296875 0.6328125 0.91796875 0.63671875 0.140625 0.59765625 0.94140625 0.640625 0.20703125 0.640625 0.20703125 0.59765625 0.94140625 0.62109375 0.95703125 0.625 0.234375 0.58203125 0.2109375 0.6328125 0.91796875 0.10546875 0.1328125 0.9765625 0.125 0.16796875 0.1484375 0.10546875 0.00390625 0.921875 0.01953125 0.18359375 0.07421875 0.7890625 0.2890625 0.90625 0.11328125 0.328125 0.99609375 0.3359375 0.46875 0.0390625 0.66796875 0.5859375 0.94140625 0.0390625 0.66796875 0.06640625 0.64453125 0.06640625 0.64453125 0.578125 0.9453125 0.015625 0.58984375 0.21484375 0.52734375 0.23046875 0.5390625 0.51953125 0.13671875 0.375 0.0703125 0.68359375 0.6640625 0.85546875 0.1484375 0.80859375 0.16015625 0.87890625 0.0078125 0.40234375 0.15234375 0.515625 0.16015625 0.80859375 0.546875 0.9765625 0.296875 0.51171875 0.64453125 0.48046875 0.3046875 0.53515625 0.4375 0.4140625 0.3046875 0.65234375 0.48828125 0.9921875 0.9296875 0.5625 0.3046875 0.7578125 0.953125 0.605693102 0.907890618</float_array><technique_common><accessor source="#aqua-geometry-0-uvs-array" count="508" stride="2"><param name="S" type="float"/><param name="T" type="float"/></accessor></technique_common></source><vertices id="aqua-geometry-0-vertices"><input semantic="POSITION" source="#aqua-geometry-0-positions"/></vertices><triangles material="aqua-material-0-symbol" count="434"><input semantic="VERTEX" source="#aqua-geometry-0-vertices" offset="0"/><input semantic="NORMAL" source="#aqua-geometry-0-normals" offset="1"/><input semantic="TEXCOORD" source="#aqua-geometry-0-uvs" offset="2" set="0"/><p>1 1 1 3 3 3 5 5 5 5 5 5 3 3 3 7 7 7 8 8 8 9 9 9 10 10 10 13 13 13 10 10 10 9 9 9 18 18 18 10 10 10 19 19 19 18 18 18 19 19 19 20 20 20 22 22 22 24 24 24 26 26 26 27 27 27 26 26 26 24 24 24 42 42 42 46 46 46 47 47 47 28 28 28 49 49 49 53 53 53 51 51 51 48 48 48 54 54 54 57 57 57 55 55 55 50 50 50 58 58 58 60 60 60 61 61 61 68 68 68 70 70 70 72 72 72 74 74 74 59 59 59 76 76 76 21 21 21 78 78 78 77 77 77 35 35 35 81 81 81 85 85 85 87 87 87 90 90 90 92 92 92 75 75 75 60 60 60 73 73 73 96 96 96 89 89 89 100 100 100 102 102 102 104 104 104 105 105 105 104 104 104 98 98 98 105 105 105 105 105 105 98 98 98 106 106 106 98 98 98 108 108 108 106 106 106 106 106 106 108 108 108 109 109 109 108 108 108 111 111 111 109 109 109 109 109 109 111 111 111 112 112 112 111 111 111 114 114 114 112 112 112 112 112 112 114 114 114 115 115 115 114 114 114 118 118 118 115 115 115 102 102 102 105 105 105 120 120 120 105 105 105 121 121 121 120 120 120 120 120 120 121 121 121 122 122 122 121 121 121 123 123 123 122 122 122 122 122 122 123 123 123 126 126 126 123 123 123 128 128 128 126 126 126 105 105 105 106 106 106 121 121 121 106 106 106 109 109 109 121 121 121 121 121 121 109 109 109 129 129 129 109 109 109 112 112 112 129 129 129 129 129 129 112 112 112 115 115 115 133 133 133 135 135 135 119 119 119 135 135 135 91 91 91 119 119 119 119 119 119 91 91 91 103 103 103 91 91 91 97 97 97 103 103 103 133 133 133 119 119 119 125 125 125 119 119 119 136 136 136 125 125 125 125 125 125 136 136 136 138 138 138 126 126 126 139 139 139 122 122 122 139 139 139 137 137 137 122 122 122 122 122 122 137 137 137 120 120 120 140 140 140 142 142 142 144 144 144 142 142 142 146 146 146 144 144 144 144 144 144 146 146 146 148 148 148 146 146 146 149 149 149 148 148 148 148 148 148 149 149 149 150 150 150 149 149 149 151 151 151 150 150 150 150 150 150 151 151 151 152 152 152 151 151 151 154 154 154 152 152 152 152 152 152 154 154 154 158 158 158 116 116 116 113 113 113 159 159 159 113 113 113 110 110 110 159 159 159 159 159 159 110 110 110 150 150 150 110 110 110 107 107 107 150 150 150 150 150 150 107 107 107 148 148 148 107 107 107 94 94 94 148 148 148 148 148 148 94 94 94 144 144 144 94 94 94 140 140 140 144 144 144 143 143 143 141 141 141 147 147 147 141 141 141 99 99 99 147 147 147 147 147 147 99 99 99 162 162 162 99 99 99 164 164 164 162 162 162 162 162 162 164 164 164 167 167 167 164 164 164 168 168 168 167 167 167 167 167 167 168 168 168 170 170 170 154 154 154 151 151 151 166 166 166 151 151 151 149 149 149 166 166 166 166 166 166 149 149 149 161 161 161 149 149 149 146 146 146 161 161 161 160 160 160 145 145 145 171 171 171 71 71 71 69 69 69 16 16 16 63 63 63 17 17 17 172 172 172 17 17 17 11 11 11 172 172 172 172 172 172 11 11 11 177 177 177 11 11 11 179 179 179 177 177 177 177 177 177 179 179 179 182 182 182 179 179 179 184 184 184 182 182 182 180 180 180 186 186 186 185 185 185 187 187 187 188 188 188 65 65 65 64 64 64 174 174 174 190 190 190 190 190 190 174 174 174 6 6 6 174 174 174 192 192 192 6 6 6 6 6 6 192 192 192 194 194 194 192 192 192 196 196 196 194 194 194 194 194 194 196 196 196 200 200 200 197 197 197 201 201 201 198 198 198 202 202 202 206 206 206 205 205 205 203 203 203 208 208 208 206 206 206 206 206 206 208 208 208 44 44 44 210 210 210 212 212 212 14 14 14 212 212 212 179 179 179 14 14 14 14 14 14 179 179 179 11 11 11 214 214 214 216 216 216 218 218 218 216 216 216 220 220 220 218 218 218 218 218 218 220 220 220 222 222 222 6 6 6 194 194 194 2 2 2 194 194 194 224 224 224 2 2 2 2 2 2 224 224 224 226 226 226 227 227 227 229 229 229 12 12 12 229 229 229 231 231 231 12 12 12 12 12 12 231 231 231 233 233 233 215 215 215 213 213 213 4 4 4 213 213 213 217 217 217 4 4 4 4 4 4 217 217 217 221 221 221 22 22 22 26 26 26 79 79 79 79 79 79 26 26 26 243 243 243 26 26 26 246 246 246 243 243 243 243 243 243 246 246 246 248 248 248 246 246 246 236 236 236 248 248 248 49 49 49 28 28 28 251 251 251 28 28 28 244 244 244 251 251 251 251 251 251 244 244 244 252 252 252 244 244 244 249 249 249 252 252 252 252 252 252 249 249 249 238 238 238 27 27 27 52 52 52 26 26 26 52 52 52 55 55 55 26 26 26 26 26 26 55 55 55 246 246 246 55 55 55 258 258 258 246 246 246 58 58 58 259 259 259 60 60 60 259 259 259 261 261 261 60 60 60 60 60 60 261 261 261 73 73 73 261 261 261 263 263 263 73 73 73 264 264 264 87 87 87 267 267 267 87 87 87 92 92 92 267 267 267 267 267 267 92 92 92 0 0 0 260 260 260 59 59 59 262 262 262 59 59 59 74 74 74 262 262 262 25 25 25 23 23 23 28 28 28 23 23 23 80 80 80 28 28 28 28 28 28 80 80 80 244 244 244 57 57 57 269 269 269 55 55 55 269 269 269 242 242 242 55 55 55 55 55 55 242 242 242 258 258 258 251 251 251 241 241 241 49 49 49 241 241 241 268 268 268 49 49 49 49 49 49 268 268 268 56 56 56 100 100 100 89 89 89 270 270 270 89 89 89 88 88 88 270 270 270 270 270 270 88 88 88 265 265 265 273 273 273 277 277 277 280 280 280 277 277 277 284 284 284 280 280 280 280 280 280 284 284 284 286 286 286 284 284 284 289 289 289 286 286 286 286 286 286 289 289 289 290 290 290 289 289 289 293 293 293 290 290 290 290 290 290 293 293 293 296 296 296 255 255 255 301 301 301 305 305 305 301 301 301 307 307 307 305 305 305 305 305 305 307 307 307 309 309 309 310 310 310 253 253 253 314 314 314 253 253 253 304 304 304 314 314 314 314 314 314 304 304 304 308 308 308 308 308 308 306 306 306 314 314 314 306 306 306 300 300 300 314 314 314 314 314 314 300 300 300 275 275 275 266 266 266 270 270 270 265 265 265 191 191 191 315 315 315 271 271 271 62 62 62 267 267 267 59 59 59 267 267 267 0 0 0 59 59 59 59 59 59 0 0 0 76 76 76 0 0 0 235 235 235 76 76 76 76 76 76 235 235 235 165 165 165 235 235 235 169 169 169 165 165 165 266 266 266 61 61 61 270 270 270 61 61 61 60 60 60 270 270 270 270 270 270 60 60 60 100 100 100 60 60 60 75 75 75 100 100 100 100 100 100 75 75 75 163 163 163 43 43 43 320 320 320 86 86 86 320 320 320 321 321 321 86 86 86 86 86 86 321 321 321 324 324 324 321 321 321 328 328 328 324 324 324 322 322 322 327 327 327 329 329 329 330 330 330 333 333 333 334 334 334 333 333 333 337 337 337 336 336 336 336 336 336 337 337 337 341 341 341 337 337 337 343 343 343 341 341 341 341 341 341 343 343 343 345 345 345 45 45 45 83 83 83 207 207 207 83 83 83 204 204 204 207 207 207 348 348 348 349 349 349 353 353 353 351 351 351 341 341 341 353 353 353 353 353 353 341 341 341 347 347 347 352 352 352 354 354 354 350 350 350 350 350 350 354 354 354 339 339 339 356 356 356 358 358 358 359 359 359 358 358 358 361 361 361 359 359 359 359 359 359 361 361 361 363 363 363 361 361 361 129 129 129 363 363 363 363 363 363 129 129 129 364 364 364 129 129 129 115 115 115 364 364 364 364 364 364 115 115 115 365 365 365 115 115 115 366 366 366 365 365 365 365 365 365 366 366 366 367 367 367 366 366 366 368 368 368 367 367 367 367 367 367 368 368 368 369 369 369 368 368 368 370 370 370 369 369 369 369 369 369 370 370 370 371 371 371 370 370 370 372 372 372 371 371 371 371 371 371 372 372 372 373 373 373 372 372 372 374 374 374 373 373 373 373 373 373 374 374 374 377 377 377 374 374 374 380 380 380 377 377 377 377 377 377 379 379 379 382 382 382 384 384 384 386 386 386 388 388 388 386 386 386 380 380 380 388 388 388 388 388 388 380 380 380 389 389 389 380 380 380 374 374 374 389 389 389 389 389 389 374 374 374 390 390 390 374 374 374 372 372 372 390 390 390 390 390 390 372 372 372 391 391 391 372 372 372 370 370 370 391 391 391 391 391 391 370 370 370 392 392 392 370 370 370 368 368 368 392 392 392 392 392 392 368 368 368 366 366 366 393 393 393 395 395 395 312 312 312 395 395 395 371 371 371 312 312 312 312 312 312 371 371 371 396 396 396 371 371 371 373 373 373 396 396 396 396 396 396 373 373 373 397 397 397 373 373 373 400 400 400 397 397 397 397 397 397 400 400 400 402 402 402 400 400 400 403 403 403 402 402 402 402 402 402 403 403 403 405 405 405 257 257 257 240 240 240 302 302 302 240 240 240 250 250 250 302 302 302 302 302 302 250 250 250 408 408 408 250 250 250 34 34 34 408 408 408 408 408 408 34 34 34 321 321 321 34 34 34 37 37 37 321 321 321 321 321 321 37 37 37 410 410 410 38 38 38 414 414 414 411 411 411 411 411 411 414 414 414 415 415 415 418 418 418 297 297 297 422 422 422 297 297 297 423 423 423 422 422 422 422 422 422 423 423 423 427 427 427 423 423 423 430 430 430 427 427 427 427 427 427 430 430 430 431 431 431 430 430 430 433 433 433 431 431 431 431 431 431 433 433 433 435 435 435 436 436 436 440 440 440 437 437 437 437 437 437 440 440 440 32 32 32 438 438 438 33 33 33 337 337 337 33 33 33 29 29 29 337 337 337 337 337 337 29 29 29 132 132 132 29 29 29 134 134 134 132 132 132 442 442 442 439 439 439 445 445 445 438 438 438 337 337 337 445 445 445 445 445 445 337 337 337 449 449 449 337 337 337 333 333 333 449 449 449 446 446 446 450 450 450 331 331 331 381 381 381 239 239 239 378 378 378 378 378 378 239 239 239 401 401 401 239 239 239 237 237 237 401 401 401 401 401 401 237 237 237 247 247 247 397 397 397 402 402 402 396 396 396 402 402 402 452 452 452 396 396 396 396 396 396 452 452 452 455 455 455 452 452 452 456 456 456 455 455 455 455 455 455 456 456 456 458 458 458 335 335 335 338 338 338 332 332 332 332 332 332 338 338 338 448 448 448 338 338 338 444 444 444 448 448 448 447 447 447 443 443 443 460 460 460 461 461 461 325 325 325 464 464 464 328 328 328 321 321 321 463 463 463 463 463 463 321 321 321 467 467 467 321 321 321 410 410 410 467 467 467 467 467 467 413 413 413 468 468 468 469 469 469 462 462 462 466 466 466 466 466 466 84 84 84 465 465 465 465 465 465 84 84 84 326 326 326 84 84 84 323 323 323 326 326 326 276 276 276 299 299 299 282 282 282 299 299 299 470 470 470 282 282 282 282 282 282 470 470 470 472 472 472 470 470 470 473 473 473 472 472 472 472 472 472 473 473 473 475 475 475 366 366 366 115 115 115 392 392 392 115 115 115 117 117 117 392 392 392 392 392 392 117 117 117 391 391 391 117 117 117 478 478 478 391 391 391 391 391 391 478 478 478 157 157 157 384 384 384 388 388 388 153 153 153 388 388 388 389 389 389 153 153 153 153 153 153 389 389 389 157 157 157 389 389 389 390 390 390 157 157 157 157 157 157 390 390 390 391 391 391 40 40 40 41 41 41 156 156 156 41 41 41 381 381 381 156 156 156 156 156 156 381 381 381 385 385 385 381 381 381 387 387 387 385 385 385 373 373 373 377 377 377 400 400 400 375 375 375 480 480 480 398 398 398 398 398 398 480 480 480 484 484 484 482 482 482 486 486 486 483 483 483 481 481 481 376 376 376 485 485 485 485 485 485 376 376 376 399 399 399 406 406 406 404 404 404 454 454 454 404 404 404 401 401 401 454 454 454 454 454 454 401 401 401 247 247 247 256 256 256 489 489 489 245 245 245 489 489 489 457 457 457 245 245 245 245 245 245 457 457 457 453 453 453 158 158 158 479 479 479 152 152 152 479 479 479 159 159 159 152 152 152 152 152 152 159 159 159 150 150 150 356 356 356 359 359 359 426 426 426 359 359 359 363 363 363 426 426 426 426 426 426 363 363 363 364 364 364 477 477 477 474 474 474 409 409 409 474 474 474 471 471 471 409 409 409 409 409 409 471 471 471 303 303 303 409 409 409 492 492 492 477 477 477 492 492 492 429 429 429 477 477 477 477 477 477 429 429 429 494 494 494 490 490 490 496 496 496 428 428 428 496 496 496 434 434 434 428 428 428 428 428 428 434 434 434 432 432 432 412 412 412 36 36 36 84 84 84 297 297 297 294 294 294 423 423 423 294 294 294 476 476 476 423 423 423 423 423 423 476 476 476 493 493 493 458 458 458 488 488 488 455 455 455 488 488 488 312 312 312 455 455 455 455 455 455 312 312 312 396 396 396 435 435 435 498 498 498 431 431 431 498 498 498 362 362 362 431 431 431 431 431 431 362 362 362 427 427 427 129 129 129 361 361 361 123 123 123 361 361 361 497 497 497 123 123 123 123 123 123 497 497 497 128 128 128 338 338 338 31 31 31 441 441 441 369 369 369 395 395 395 367 367 367 395 395 395 272 272 272 367 367 367 367 367 367 272 272 272 499 499 499 272 272 272 279 279 279 499 499 499 499 499 499 279 279 279 501 501 501 501 501 501 416 416 416 499 499 499 416 416 416 421 421 421 499 499 499 499 499 499 421 421 421 364 364 364 421 421 421 503 503 503 364 364 364 364 364 364 503 503 503 426 426 426 281 281 281 287 287 287 504 504 504 287 287 287 506 506 506 504 504 504 504 504 504 506 506 506 298 298 298 288 288 288 283 283 283 292 292 292 275 275 275 310 310 310 314 314 314 67 67 67 46 46 46 15 15 15 15 15 15 46 46 46 10 10 10 46 46 46 42 42 42 10 10 10 10 10 10 42 42 42 8 8 8 42 42 42 175 175 175 8 8 8 8 8 8 175 175 175 183 183 183 175 175 175 181 181 181 183 183 183 195 195 195 191 191 191 199 199 199 199 199 199 191 191 191 7 7 7 191 191 191 344 344 344 7 7 7 7 7 7 344 344 344 5 5 5 344 344 344 46 46 46 5 5 5 5 5 5 46 46 46 189 189 189 46 46 46 66 66 66 189 189 189 183 183 183 178 178 178 8 8 8 178 178 178 211 211 211 8 8 8 8 8 8 211 211 211 9 9 9 211 211 211 209 209 209 9 9 9 9 9 9 209 209 209 13 13 13 1 1 1 225 225 225 3 3 3 225 225 225 223 223 223 3 3 3 3 3 3 223 223 223 7 7 7 223 223 223 193 193 193 7 7 7 7 7 7 193 193 193 199 199 199 46 46 46 344 344 344 47 47 47 344 344 344 342 342 342 47 47 47 47 47 47 342 342 342 491 491 491 342 342 342 131 131 131 491 491 491 344 344 344 191 191 191 340 340 340 191 191 191 271 271 271 340 340 340 340 340 340 271 271 271 30 30 30 42 42 42 85 85 85 175 175 175 85 85 85 81 81 81 175 175 175 175 175 175 81 81 81 317 317 317 42 42 42 47 47 47 319 319 319 47 47 47 491 491 491 319 319 319 319 319 319 491 491 491 407 407 407 167 167 167 170 170 170 155 155 155 170 170 170 39 39 39 155 155 155 424 424 424 357 357 357 355 355 355 360 360 360 357 357 357 424 424 424 232 232 232 230 230 230 234 234 234 234 234 234 230 230 230 228 228 228 124 124 124 127 127 127 495 495 495 130 130 130 124 124 124 495 495 495 364 364 364 365 365 365 499 499 499 499 499 499 365 365 365 367 367 367 84 84 84 466 466 466 412 412 412 441 441 441 444 444 444 338 338 338 132 132 132 343 343 343 337 337 337 321 321 321 320 320 320 408 408 408 381 381 381 41 41 41 239 239 239 507 507 507 378 378 378 383 383 383 99 99 99 141 141 141 95 95 95 457 457 457 489 489 489 459 459 459 417 417 417 500 500 500 278 278 278 430 430 430 423 423 423 493 493 493 254 254 254 311 311 311 487 487 487 219 219 219 215 215 215 4 4 4 101 101 101 119 119 119 103 103 103 130 130 130 496 496 496 490 490 490 346 346 346 354 354 354 352 352 352 82 82 82 208 208 208 203 203 203 173 173 173 176 176 176 318 318 318 395 395 395 369 369 369 371 371 371 504 504 504 298 298 298 419 419 419 475 475 475 291 291 291 472 472 472 395 395 395 393 393 393 272 272 272 285 285 285 295 295 295 505 505 505 174 174 174 316 316 316 192 192 192 159 159 159 479 479 479 116 116 116 313 313 313 274 274 274 394 394 394 451 451 451 402 402 402 405 405 405 502 502 502 420 420 420 425 425 425 121 121 121 129 129 129 123 123 123 135 135 135 93 93 93 91 91 91</p></triangles></mesh></geometry><geometry id="aqua-geometry-1" name="Aqua_PS2_Skin"><mesh><source id="aqua-geometry-1-positions"><float_array id="aqua-geometry-1-positions-array" count="3237">0.0837331042 3.51654744 0.0927784964 0.0556183234 3.49442172 0.107813798 0.0865445808 3.50505662 0.0496284254 0.0530513227 3.48097563 0.0866665915 -0.15719831 3.69684887 0.0482837893 -0.15719831 3.69684887 0.0482837893 -0.135562152 3.68156862 0.0924117714 -0.135562152 3.70186019 0.0946120471 -0.137151256 3.66396618 0.0931451991 -0.0509733483 3.54637313 0.141184807 -0.0509733483 3.54637313 0.141184807 -0.0509733483 3.54637313 0.141184807 -0.0411943011 3.54967356 0.150352657 -0.0411943011 3.54967356 0.150352657 -0.0446169674 3.54637313 0.138617799 -0.0446169674 3.54637313 0.138617799 -0.0573297292 3.68841386 0.0655193776 -0.0470617265 3.68609142 0.123582512 -0.0495064892 3.69440341 0.134828404 -0.0495064892 3.69440341 0.134828404 -0.0495064892 3.69440341 0.134828404 -0.0495064892 3.69440341 0.134828404 -0.0454726368 3.68535805 0.134094983 -0.0454726368 3.68535805 0.134094983 -0.0454726368 3.68535805 0.134094983 -0.0454726368 3.68535805 0.134094983 -0.0470617265 3.72777438 0.162943184 -0.0470617265 3.72777438 0.162943184 -0.0275036208 3.74464345 0.167466 -0.0590410642 3.75540018 0.161720797 -0.0339822434 3.72031784 0.163432136 -0.0339822434 3.72031784 0.163432136 -0.0431501009 3.6768012 0.12920545 -0.0436390527 3.67533422 0.133728266 -0.0436390527 3.67533422 0.133728266 -0.0429056287 3.6772902 0.133728266 -0.0429056287 3.6772902 0.133728266 -0.0433945805 3.6812017 0.133728266 -0.0433945805 3.6812017 0.133728266 -3.47008076e-8 3.6123817 0.209271461 -0.00794551428 3.61164808 0.206459984 -3.47043674e-8 3.60602522 0.211716235 -0.00745656248 3.60419178 0.207926854 -0.104635902 3.67423439 0.125660539 -0.104635902 3.67423439 0.125660539 -0.0921676084 3.67227864 0.130672321 -0.0921676084 3.67227864 0.130672321 -0.113314815 3.68254614 0.118937455 -0.113314815 3.68254614 0.118937455 -0.115270622 3.66653323 0.116859399 -0.0926565602 3.66201067 0.129449934 -0.0288482402 3.60614729 0.170033023 -0.0323931463 3.6078589 0.158420384 -0.0314152427 3.59832454 0.158664867 -0.0520734973 3.58940077 0.149741486 -0.0459615812 3.54502845 0.140206903 -0.0459615812 3.54502845 0.140206903 -0.0424166769 3.54857349 0.135439619 -0.0424166769 3.54857349 0.135439619 -0.0611191168 3.56984258 0.142529428 -0.0418054909 3.56483102 0.151819527 -0.0441280156 3.57888818 0.151819527 -0.0308040511 3.5702095 0.159276053 0.0107569229 3.55346274 0.169910774 0.0179689769 3.55444098 0.165632427 0.0112458756 3.56140876 0.175778195 0.0112458756 3.56140876 0.175778195 -3.47244402e-8 3.55969715 0.177489534 -3.47244402e-8 3.55969715 0.177489534 0.0446168929 3.54637313 0.138617799 0.0446168929 3.54637313 0.138617799 0.0509732738 3.54637313 0.141184807 0.0509732738 3.54637313 0.141184807 0.0509732738 3.54637313 0.141184807 0.0411942266 3.54967356 0.150352657 0.0411942266 3.54967356 0.150352657 -3.46401592e-8 3.72129583 0.170399711 0.0275035501 3.74464345 0.167466 -3.46087035e-8 3.78168154 0.168077171 0.0590409972 3.75540018 0.161720797 0.0429055616 3.6772902 0.133728266 0.0429055616 3.6772902 0.133728266 0.0431500338 3.6768012 0.12920545 0.0433945134 3.6812017 0.133728266 0.0433945134 3.6812017 0.133728266 0.0436389856 3.67533422 0.133728266 0.0436389856 3.67533422 0.133728266 0.0546404198 3.53402734 0.132139176 0.0443724133 3.53573823 0.141918227 0.0442501754 3.51569104 0.130794555 0.0623414218 3.52375937 0.120526552 0.0612412877 3.71909547 0.136417508 0.0628303736 3.71689534 0.140573606 0.0521956608 3.71286178 0.139595702 0.0738318115 3.72190738 0.135684073 1.77098644 3.25666857 -0.154020309 1.77318668 3.25434613 -0.183601946 1.77318668 3.25434613 -0.183601946 1.82941628 3.21070695 -0.172722757 1.82941628 3.21070695 -0.172722757 1.82941628 3.21070695 -0.172722757 1.69519877 3.28832841 -0.195092365 1.69519877 3.28832841 -0.195092365 1.69519877 3.28832841 -0.195092365 1.70204413 3.29126191 -0.15536496 1.70204413 3.29126191 -0.15536496 1.70204413 3.29126191 -0.15536496 1.70204413 3.29126191 -0.15536496 1.70204413 3.29126191 -0.15536496 1.78968894 3.25679088 -0.144241259 1.78968894 3.25679088 -0.144241259 1.78712189 3.259969 -0.106102966 1.71536815 3.30055213 -0.108303249 1.71536815 3.30055213 -0.108303249 1.71536815 3.30055213 -0.108303249 1.71536815 3.30055213 -0.108303249 1.71536815 3.30055213 -0.108303249 1.69495428 3.32854462 -0.194970131 1.59092975 3.34578013 -0.182012871 1.70277762 3.33539009 -0.158054188 1.59007418 3.28123856 -0.192036405 1.89664721 3.24224448 -0.0371606424 1.89579165 3.24432254 -0.0110016791 1.87452209 3.22659802 -0.0103904856 1.87452209 3.22659802 -0.0103904856 1.87537789 3.22464228 -0.0365494527 1.87537789 3.22464228 -0.0365494527 1.87537789 3.22464228 -0.0365494527 1.89163554 3.22268653 -0.0839778706 1.89065754 3.22476435 -0.0564742684 1.86718798 3.20997357 -0.056107562 1.86718798 3.20997357 -0.056107562 1.86828816 3.20777345 -0.08410009 1.86828816 3.20777345 -0.08410009 1.86828816 3.20777345 -0.08410009 1.7123121 3.35507035 -0.0607526153 1.71964645 3.34590244 -0.0179692619 1.71964645 3.34590244 -0.0179692619 1.72306895 3.35189223 -0.0524404198 1.72306895 3.35189223 -0.0524404198 1.71463466 3.30446339 -0.0583078489 1.71463466 3.30446339 -0.0583078489 1.71463466 3.30446339 -0.0583078489 1.71463466 3.30446339 -0.0583078489 1.71463466 3.30446339 -0.0583078489 1.87696683 3.22329783 -0.129205972 1.87537777 3.22537565 -0.103291489 1.85386384 3.21009588 -0.102802537 1.85386384 3.21009588 -0.102802537 1.8555752 3.20777345 -0.130061641 1.8555752 3.20777345 -0.130061641 1.8555752 3.20777345 -0.130061641 1.84970772 3.22244215 -0.172967225 1.84799647 3.22464228 -0.149008557 1.82782722 3.21278548 -0.149986476 1.82782722 3.21278548 -0.149986476 1.76646376 3.25251269 0.0250585768 1.76145196 3.22794247 0.0198023394 1.74128246 3.23344326 -0.00635662721 1.74128246 3.23344326 -0.00635662721 1.74776125 3.26363635 -2.45379084e-7 1.74776125 3.26363635 -2.45379084e-7 1.74776125 3.26363635 -2.45379084e-7 -1.82379329 3.25642443 -0.153409153 -1.84640753 3.21901917 -0.149008557 -1.82562685 3.20814013 -0.149986476 -1.82562685 3.20814013 -0.149986476 -1.82501566 3.25446868 -0.178467959 -1.72331357 3.34333563 -0.118937984 -1.72331357 3.34333563 -0.118937984 -1.70448899 3.30055213 -0.108303249 -1.70448899 3.30055213 -0.108303249 -1.70448899 3.30055213 -0.108303249 -1.70448899 3.30055213 -0.108303249 -1.70448899 3.30055213 -0.108303249 -1.7123121 3.34932494 -0.11111474 -1.71769059 3.33624601 -0.151942283 -1.71769059 3.33624601 -0.151942283 -1.70277762 3.33539009 -0.158054188 -1.59092975 3.34578013 -0.182012871 -1.69495428 3.32854462 -0.194970131 -1.59007418 3.28123856 -0.192036405 -1.87366652 3.21755242 -0.0365494527 -1.87366652 3.21755242 -0.0365494527 -1.87366652 3.21755242 -0.0365494527 -1.87293303 3.21963048 -0.0103904856 -1.87293303 3.21963048 -0.0103904856 -1.89505816 3.23625517 -0.0110016782 -1.89579165 3.23417687 -0.0371606424 -1.85313046 3.20178366 -0.130061641 -1.85313046 3.20178366 -0.130061641 -1.85313046 3.20178366 -0.130061641 -1.85154128 3.20410633 -0.10280253 -1.85154128 3.20410633 -0.10280253 -1.87366664 3.21840811 -0.103291497 -1.87525558 3.21620774 -0.129205972 -1.71964645 3.34590244 -0.0179692637 -1.71964645 3.34590244 -0.0179692637 -1.69813251 3.30263019 -0.00660110917 -1.69813251 3.30263019 -0.00660110917 -1.69813251 3.30263019 -0.00660110917 -1.70644486 3.34468031 -0.017847022 -1.66940653 3.29786325 -0.00904587097 -1.66940653 3.29786325 -0.00904587097 -1.69104278 3.29126239 -0.15536496 -1.69104278 3.29126239 -0.15536496 -1.69104278 3.29126239 -0.15536496 -1.69104278 3.29126239 -0.15536496 -1.69104278 3.29126239 -0.15536496 -1.8015461 3.29688501 -0.142774418 -1.79971254 3.29932976 -0.112948306 -1.6944654 3.23344326 0.0218803883 -1.70277774 3.26938128 0.0292146746 -1.76646376 3.25251269 0.0250585768 -1.74776125 3.26363635 -2.45404493e-7 -1.74776125 3.26363635 -2.45404493e-7 -1.74776125 3.26363635 -2.45404493e-7 -0.15108639 3.63866282 -0.078477174 -0.15108639 3.63866282 -0.078477174 -0.1633102 3.60700321 -0.016991375 -0.1633102 3.60700321 -0.016991375 -0.1633102 3.60700321 -0.016991375 -0.18005684 3.60443616 -0.0421724357 -0.18005684 3.60443616 -0.0421724357 -0.127127707 3.54148388 -0.00171160069 -0.134339765 3.60651422 -0.0718763173 -0.08544451 3.50713491 -0.0190694164 0.180056781 3.60443616 -0.0421724357 0.180056781 3.60443616 -0.0421724357 0.16331014 3.60700321 -0.016991375 0.16331014 3.60700321 -0.016991375 0.16331014 3.60700321 -0.016991375 0.15108633 3.63866282 -0.0785994083 0.15108633 3.63866282 -0.0785994083 0.089111574 3.50713491 -0.0190694164 0.134339705 3.60651422 -0.0718763173 0.127127647 3.54148388 -0.00171160069 -0.0460838228 3.54221702 0.141551524 -0.0523179695 3.54209471 0.138740048 -0.0443724915 3.53573823 0.141918242 -0.0475506783 3.68230176 0.123093545 -0.0488952957 3.67949033 0.123460256 -0.00990132522 3.54881811 0.163065448 -0.0165021867 3.54930663 0.159398288 -0.00818999112 3.54686213 0.15524219 -0.0524402 3.71457267 0.147785649 -0.0397274345 3.70748305 0.156953514 -0.0397274345 3.70748305 0.156953514 -0.050606627 3.71469522 0.156586811 -0.050606627 3.71469522 0.156586811 -0.124560721 3.67411184 0.10671363 -0.118204333 3.68988061 0.113681212 -0.118204333 3.68988061 0.113681212 -0.126149803 3.68462443 0.106224686 -3.46645095e-8 3.67362285 0.167954952 -0.0068453718 3.65553164 0.174433589 -3.46742617e-8 3.65650964 0.176022664 -0.0920453817 3.6411078 0.132872611 -0.118815519 3.66017723 0.116003744 -0.121015817 3.63915181 0.116614923 -0.017846806 3.52571464 0.149008051 -0.00990132522 3.52974868 0.162454233 -0.00990132522 3.52974868 0.162454233 -0.0200470928 3.53133774 0.159520537 -0.0200470928 3.53133774 0.159520537 -3.4710844e-8 3.59050107 0.19802554 -3.47076998e-8 3.59893537 0.208782509 -0.00672313292 3.59147906 0.19643645 -0.0190691892 3.69672585 0.163065434 -3.46519222e-8 3.69745946 0.165510193 -0.0618525408 3.71726203 0.138617784 -0.0513400584 3.7144506 0.136784226 -0.0612413548 3.71909547 0.136417508 -0.0376493856 3.68376875 0.134950653 -0.0364270061 3.67044473 0.139840171 -0.0220029056 3.67790151 0.149252504 -0.0407053456 3.54612851 0.145096436 -0.00990132522 3.54808426 0.157931432 -3.4732242e-8 3.54160571 0.163798869 -3.47288847e-8 3.54698443 0.158664867 -0.0290927179 3.70185995 0.15903157 -0.0290927179 3.70185995 0.15903157 0.11331474 3.68254614 0.118937455 0.11331474 3.68254614 0.118937455 0.118204258 3.68988061 0.113681212 0.118204258 3.68988061 0.113681212 0.0573296659 3.68841386 0.0655193776 0.029337123 3.54686213 0.145707622 0.0385049805 3.54649544 0.137884378 0.0391161777 3.54527307 0.141307041 0.0459615067 3.54502845 0.140206903 0.0459615067 3.54502845 0.140206903 0.121260218 3.69574833 0.11245884 0.121260218 3.69574833 0.11245884 0.121260218 3.69574833 0.11245884 0.126027524 3.68841386 0.106102444 0.124682881 3.70247126 0.111969866 0.029092649 3.70186019 0.15903157 0.029092649 3.70186019 0.15903157 0.0339821763 3.72031784 0.163432136 0.0339821763 3.72031784 0.163432136 0.0190691184 3.69672585 0.163065434 0.1282278 3.74427676 0.118204013 0.1282278 3.74427676 0.118204013 0.136173278 3.74060965 0.107324816 0.136173278 3.74060965 0.107324816 0.130305842 3.7646904 0.113436729 0.0376493186 3.68376875 0.134950653 0.0454725698 3.68535805 0.134094983 0.0454725698 3.68535805 0.134094983 0.0454725698 3.68535805 0.134094983 0.0454725698 3.68535805 0.134094983 0.0495064221 3.69440365 0.134828404 0.0495064221 3.69440365 0.134828404 0.0495064221 3.69440365 0.134828404 0.0495064221 3.69440365 0.134828404 0.0314151682 3.59832454 0.158664867 0.0270146001 3.59147906 0.160987392 0.0441279411 3.57888818 0.151819542 0.0240808818 3.59856868 0.178467453 0.025914453 3.59587955 0.171255395 0.0288481712 3.60614729 0.170033023 0.0545181893 3.64477468 0.142651662 0.0503620878 3.6159265 0.149985969 0.0920453072 3.6411078 0.132872611 0.00574515946 3.5819447 0.172722265 0.0072120172 3.57192087 0.172600016 0.0182134509 3.57265449 0.167466015 0.0513399914 3.71445036 0.136784226 0.0438834652 3.69733715 0.136539742 0.0441279449 3.69892621 0.135561839 0.020047022 3.53133774 0.159520537 0.020047022 3.53133774 0.159520537 0.0099012563 3.52974868 0.162454233 0.0099012563 3.52974868 0.162454233 0.0178467352 3.52571464 0.149008051 0.128472283 3.73119712 0.116003737 0.117837556 3.73144174 0.127983063 0.126883179 3.7089498 0.112458825 0.106836118 3.71775103 0.131039023 0.106958352 3.72190738 0.127494127 0.119304411 3.71469522 0.121504441 0.0072120172 3.58707857 0.186412916 0.006723064 3.59147906 0.19643645 -3.47138105e-8 3.57949972 0.173944652 0.0488952287 3.67949033 0.123460256 0.0475506112 3.68230176 0.123093545 -0.0414387733 3.54722905 0.139473468 -0.0338600092 3.54698443 0.144974187 -0.0407053456 3.54783988 0.133850515 -0.0572074912 3.88692856 0.134706154 -3.45507232e-8 3.88815093 0.141673729 -0.0922898501 3.71652889 0.134706169 -0.0756654516 3.71383953 0.137517646 -0.0756654516 3.71383953 0.137517646 -0.0756654516 3.71383953 0.137517646 -0.0756654516 3.71383953 0.137517646 -0.0748097897 3.71677303 0.13849555 0.0937566236 3.54136133 -0.0800662637 -0.180545807 3.69904852 -0.0162579529 -0.180545807 3.69904852 -0.0162579529 1.79959023 3.2655921 -0.0119795855 1.7091341 3.30263019 -0.00660110917 1.7091341 3.30263019 -0.00660110917 1.7091341 3.30263019 -0.00660110917 1.71769059 3.33624601 -0.151942283 1.71769059 3.33624601 -0.151942283 1.7123121 3.34932494 -0.11111474 1.59960854 3.35873747 -0.114048451 1.6431253 3.27023721 -0.0200473033 1.6431253 3.27023721 -0.0200473033 1.64520347 3.29688501 0.0107567096 1.64520347 3.29688501 0.0107567096 1.64520347 3.29688501 0.0107567096 1.64055824 3.2796495 0.0374046303 1.64055824 3.2796495 0.0374046303 1.64495885 3.29211783 0.00818970893 1.64495885 3.29211783 0.00818970893 1.64495885 3.29211783 0.00818970893 1.64495885 3.29211783 0.00818970893 1.79897892 3.26033568 -0.0959571972 1.79897892 3.26033568 -0.0959571972 1.79751205 3.26339173 -0.0574521795 1.68725324 3.24053335 -0.0158912018 1.69642115 3.27928257 -0.00794572663 1.69642115 3.27928257 -0.00794572663 -1.64520335 3.29688501 0.0107567096 -1.64520335 3.29688501 0.0107567096 -1.64520335 3.29688501 0.0107567096 -1.64055824 3.2796495 0.0374046303 -1.64055824 3.2796495 0.0374046303 -1.59557462 3.344069 -0.0284817424 -1.81205845 3.25752425 -0.0474286526 -1.81205845 3.25752425 -0.0474286526 -1.86584318 3.20105052 -0.08410009 -1.86584318 3.20105052 -0.08410009 -1.86584318 3.20105052 -0.08410009 -1.86486542 3.20337272 -0.0561075546 -1.86486542 3.20337272 -0.0561075546 -1.88894641 3.21706343 -0.0564742722 -1.6431253 3.27023697 -0.0200473033 -1.6431253 3.27023697 -0.0200473033 -1.70375538 3.30446339 -0.0583078489 -1.70375538 3.30446339 -0.0583078489 -1.70375538 3.30446339 -0.0583078489 -1.70375538 3.30446339 -0.0583078489 -1.70375538 3.30446339 -0.0583078489 -1.74128246 3.23344326 -0.00635662768 -1.74128246 3.23344326 -0.00635662768 -1.76145196 3.22794247 0.0198023394 -1.47798157 3.33526778 -0.042172417 -1.47798157 3.34089065 -0.161599085 -1.59960854 3.35873747 -0.114048451 -1.64495885 3.29211783 0.00818970893 -1.64495885 3.29211783 0.00818970893 -1.64495885 3.29211783 0.00818970893 -1.64495885 3.29211783 0.00818970893 -1.72306895 3.35189223 -0.0524404198 -1.72306895 3.35189223 -0.0524404198 -1.8096137 3.30177474 -0.0476731285 -1.80875814 3.30409718 -0.0189471636 -1.68725324 3.24053335 -0.0158912018 -1.69642115 3.27928257 -0.00794572663 -1.69642115 3.27928257 -0.00794572663 1.85398602 3.26522541 -0.0892341062 1.8108362 3.30409718 -0.0944903493 -1.81743693 3.25654626 -0.0118573466 -1.85655308 3.26644778 -0.0152800158 -1.85740876 3.26436949 -0.0416834578 -1.82709384 3.20593977 -0.172722772 -1.82709384 3.20593977 -0.172722772 -1.82709384 3.20593977 -0.172722772 -1.79017782 3.24175549 -0.183601946 -1.79017782 3.24175549 -0.183601946 -1.79042232 3.23906636 -0.153286889 -1.78259909 3.28967309 -0.157320768 -1.78492153 3.2871058 -0.184702098 -1.70766699 3.32830024 -0.194847867 -1.70766699 3.32830024 -0.194847867 -1.69507658 3.28832841 -0.195092365 -1.69507658 3.28832841 -0.195092365 -1.69507658 3.28832841 -0.195092365 -1.8042351 3.24872327 -0.144241259 -1.8042351 3.24872327 -0.144241259 -1.80839133 3.2465229 -0.105736256 -1.84164011 3.25764656 -0.108547725 -1.84322917 3.2554462 -0.135195643 -1.88980198 3.21486306 -0.0839778632 -1.85423052 3.25923586 -0.0892341062 -1.85325277 3.26155806 -0.0601414181 -1.81193614 3.30250788 -0.0629528984 -1.81193614 3.25177908 -0.0574521795 -1.81328094 3.24872327 -0.0959571972 -1.81328094 3.24872327 -0.0959571972 -1.7128011 3.3305006 -0.165144011 -1.7128011 3.3305006 -0.165144011 -1.84799647 3.21669674 -0.172967225 -1.7272253 3.3531146 -0.0686981007 -1.7272253 3.3531146 -0.0686981007 -1.81303644 3.30006313 -0.0944903418 -1.7272253 3.34700274 -0.10206911 -1.7272253 3.34700274 -0.10206911 0.0999907777 3.73571992 0.103168726 0.0999907777 3.73571992 0.103168726 0.0958346799 3.72801876 0.118204013 0.109769829 3.71396136 0.118081778 0.109769829 3.71396136 0.118081778 0.0985239297 3.70711637 0.129327685 0.115026064 3.69464803 0.118081786 0.115026064 3.69464803 0.118081786 0.101824343 3.69452596 0.129327685 0.0986461565 3.68193531 0.129327685 0.0845887735 3.69000292 0.135317355 0.089478299 3.67264509 0.129327685 0.0771322399 3.68560243 0.13543959 0.0771322399 3.66910005 0.129449934 0.0646639466 3.67252278 0.129572168 0.0580630936 3.66078782 0.118326262 0.0554960892 3.68169093 0.129572168 0.0440057032 3.67496753 0.118448496 0.0388717018 3.69428134 0.118570738 -0.0960792303 3.66103244 0.118081786 -0.0771323144 3.65577602 0.11820402 -0.0771323144 3.66910005 0.129449934 -0.0580631606 3.66078782 0.118326262 -0.0580631606 3.66078782 0.118326262 -0.0646640211 3.67252278 0.129572168 -0.0554961562 3.68169069 0.129572168 -0.0554961562 3.68169069 0.129572168 -0.0554961562 3.68169069 0.129572168 -0.0695535466 3.69000292 0.13543959 -0.0521957278 3.69428134 0.129694402 -0.0521957278 3.69428134 0.129694402 -0.0695535466 3.69868183 0.135561839 -0.0553739183 3.70687175 0.129694402 -0.0553739183 3.70687175 0.129694402 -0.0644195452 3.71616173 0.129572168 -0.0576964431 3.72777438 0.118448488 -0.0576964431 3.72777438 0.118448488 -0.0768878385 3.71958447 0.129572168 -0.0767655969 3.73303056 0.118326254 -0.0958347544 3.72801876 0.118204013 -0.0999908522 3.73571992 0.103168726 -0.117104195 3.71836233 0.102924243 -0.109769911 3.71396136 0.118081778 -0.123582818 3.69464803 0.10292425 -0.115026139 3.69464827 0.118081786 -0.110014379 3.67521214 0.117959552 -0.098646231 3.68193531 0.129327685 -0.0894783735 3.67264533 0.129327685 -0.0771323144 3.68560266 0.135439605 0.0844665244 3.69880414 0.135439605 0.0893560573 3.71628428 0.129449934 0.0770099983 3.70320463 0.135439605 0.076887764 3.71958447 0.129572168 0.0644194707 3.71616173 0.129572168 0.057696376 3.72777438 0.118448488 0.0553738512 3.70687175 0.129694402 0.0438834652 3.71359491 0.11857073 -0.0985239968 3.70711613 0.129327685 -0.0893561319 3.71628404 0.129449934 -0.0844665989 3.69880414 0.13543959 -0.0770100728 3.70320463 0.13543959 -0.0770100728 3.69440341 0.136784226 -0.101824418 3.69073629 0.129327685 -0.0845888481 3.69000292 0.135317355 0.0770099983 3.69440341 0.136784226 0.0695534721 3.69000292 0.13543959 0.0695534721 3.69868183 0.135561839 0.0521956608 3.69428134 0.129694402 0.0960791558 3.66103244 0.118081786 0.0771322399 3.65577602 0.11820402 0.0767655224 3.73315287 0.118326254 0.123582751 3.69464827 0.10292425 0.117104121 3.71836233 0.102924243 -0.0438835323 3.71359491 0.11857073 -0.0388717689 3.69428134 0.118570738 -0.176511943 3.68841386 -0.0781104639 -1.47798157 3.27830505 -0.161599085 -1.59459698 3.27207088 -0.107936546 -1.47480345 3.27255964 -0.114048444 -1.57748342 3.25165677 -0.0542739853 -1.47785926 3.28160501 -0.0421724096 -1.47785926 3.28160501 -0.0421724096 -1.55963659 3.25960231 0.00293347077 -1.55963659 3.25960231 0.00293347077 -1.7123121 3.35507035 -0.0607526153 -1.56085896 3.30764198 0.00721180253 -1.69972157 3.27035928 0.0301925801 -1.63346851 3.24248886 0.0292146765 -1.63346851 3.24248886 0.0292146765 -1.63346851 3.24248886 0.0292146765 -1.69140947 3.23405457 0.0227360539 -1.63566875 3.24224448 -0.00195605424 -1.63566875 3.24224448 -0.00195605424 0.110014305 3.67521214 0.117959552 0.110014305 3.67521214 0.117959552 0.117348596 3.67093372 0.10292425 -0.0440057702 3.67496753 0.118448496 -0.117348671 3.67093372 0.10292425 -0.134095296 3.83094335 0.0952232331 -0.10573604 3.85710239 0.119181916 1.72331357 3.34333563 -0.118937984 1.72331357 3.34333563 -0.118937984 1.47798157 3.34089065 -0.161599085 1.47798157 3.27830482 -0.161599085 1.59459698 3.27207088 -0.107936546 1.47480345 3.27255964 -0.114048444 1.57748342 3.25165677 -0.0542739853 1.47785926 3.28160548 -0.0421724096 1.47785926 3.28160548 -0.0421724096 1.55963671 3.25960231 0.00293347077 1.55963671 3.25960231 0.00293347077 1.7128011 3.3305006 -0.165144011 1.7128011 3.3305006 -0.165144011 1.70766699 3.32830024 -0.194847867 1.70766699 3.32830024 -0.194847867 1.69972157 3.27035928 0.0301925801 1.69140947 3.23405457 0.0227360539 1.63346851 3.24248886 0.0292146765 1.63346851 3.24248886 0.0292146765 1.63346851 3.24248886 0.0292146765 1.63566875 3.24224448 -0.00195605424 1.63566875 3.24224448 -0.00195605424 1.69446528 3.23344326 0.0218803883 1.70277762 3.26938128 0.0292146746 1.72722518 3.3531146 -0.0686981007 1.72722518 3.3531146 -0.0686981007 1.72722518 3.34700274 -0.10206911 1.72722518 3.34700274 -0.10206911 1.3984046 3.34113503 -0.0398498923 1.3984046 3.27524877 -0.0414389819 1.3984046 3.27524877 -0.0414389819 1.47798157 3.33526778 -0.042172417 1.56085896 3.30764198 0.00721180253 1.59557462 3.344069 -0.0284817424 1.66940653 3.29786301 -0.00904587097 1.66940653 3.29786301 -0.00904587097 1.70644474 3.34468031 -0.017847022 1.39889348 3.27537107 -0.162943721 -1.3984046 3.27524877 -0.0414389819 -1.3984046 3.27524877 -0.0414389819 -1.3984046 3.34113503 -0.0398498923 -1.39889348 3.34223533 -0.162943721 -1.39889348 3.27537107 -0.162943736 -0.0294594336 3.53402734 0.155731142 -0.0294594336 3.53402734 0.155731142 -0.03239315 3.52632594 0.144485235 -0.0173578542 3.50811243 0.14142929 -0.0333710536 3.50358987 0.133728281 -0.0183357596 3.48036432 0.138495564 -0.0306818131 3.48439813 0.130305603 -0.017724568 3.47241902 0.133483797 -0.030926289 3.47681952 0.124315955 -0.017846806 3.46569586 0.121871181 -0.0310485289 3.46924114 0.111114226 -3.47559883e-8 3.46398449 0.0188244171 -0.0530513972 3.48097563 0.0866665915 -0.0865446553 3.50505662 0.0496284254 -0.114170469 3.53292704 0.0411939919 -0.138373628 3.56434202 0.0352043211 -0.104269184 3.54233932 0.0915561095 -0.119426712 3.57045388 0.0937563926 -0.0938789472 3.55114031 0.11319226 -0.105491564 3.57656598 0.114659123 -0.0783547014 3.56238627 0.130427852 -0.082999751 3.58280015 0.133850515 -0.0270146709 3.59147906 0.160987392 -0.0259145238 3.59587955 0.171255395 -0.0240809526 3.59856868 0.178467453 -0.0205360465 3.59245706 0.173700169 -0.0167466626 3.59233451 0.180789962 -0.0085567059 3.59135675 0.173088968 -0.0114904204 3.59111238 0.187390834 -0.00721208565 3.58707833 0.186412916 0.00745649356 3.60419178 0.207926854 0.00794544537 3.61164808 0.206459984 -3.46892861e-8 3.63108444 0.192769304 -0.00660089497 3.63010621 0.1917914 -0.0157687571 3.61397076 0.192891538 -0.0277480967 3.61947131 0.167221546 -0.0244476665 3.60846996 0.18042326 -3.47178606e-8 3.57130957 0.172355533 0.00855663698 3.59135675 0.173088968 0.0114903515 3.59111238 0.187390834 0.0167465918 3.59233451 0.180789962 0.0205359757 3.59245706 0.173700169 0.0323930793 3.6078589 0.158420384 0.0520734228 3.58940077 0.149741486 0.0889893398 3.61152601 0.135561854 0.12101575 3.63915181 0.116614923 0.118815444 3.66017675 0.116003729 0.137151197 3.66396618 0.0931451991 0.124560647 3.67411184 0.10671363 0.135562092 3.68156862 0.0924117714 0.135562092 3.70186019 0.0946120471 0.119059928 3.71127224 0.120526537 0.106836118 3.71860647 0.12920545 0.0924120098 3.71970677 0.134339452 0.0926564857 3.72239614 0.13226141 0.0741985217 3.71946216 0.13849555 0.0618524738 3.71726203 0.138617784 0.0364269391 3.69733715 0.144240737 0.0220028348 3.67790151 0.149252504 0.0364269391 3.67044473 0.139840171 0.0189468786 3.6637218 0.153897554 0.0323930793 3.65773201 0.145463124 0.0223695487 3.6480751 0.16282095 0.027748026 3.61947131 0.167221546 -0.151453108 3.60064697 0.0308037456 -0.149619535 3.63695168 0.0605076142 -0.131406054 3.60394716 0.0960789174 -0.137151241 3.63719583 0.0948565379 -0.115759574 3.6073699 0.117103882 -0.0889894143 3.61152601 0.135561854 -0.0503621548 3.6159265 0.149985954 -0.0545182563 3.64477468 0.142651662 -0.0223696195 3.6480751 0.16282095 0.00684530288 3.65553164 0.174433589 0.00929006469 3.67240071 0.165510193 0.0129572097 3.68413544 0.161476329 0.025547741 3.69391441 0.154019788 0.0397273675 3.70748329 0.156953514 0.0397273675 3.70748329 0.156953514 0.0524401329 3.71457267 0.147785649 0.05060656 3.71469498 0.156586796 0.05060656 3.71469498 0.156586796 0.0650306642 3.72202945 0.147663414 0.0666197613 3.72312927 0.154875457 0.0666197613 3.72312927 0.154875457 0.0829996765 3.72765207 0.145096406 0.0850777179 3.73070812 0.150352642 0.0850777179 3.73070812 0.150352642 0.102802254 3.73070812 0.137395412 0.102557778 3.73523116 0.14228493 0.102557778 3.73523116 0.14228493 0.118082024 3.73828697 0.129816636 0.118082024 3.73828697 0.129816636 0.1282278 3.74036503 0.118692964 0.1282278 3.74036503 0.118692964 -0.121015824 3.69440365 0.110625267 -0.121015824 3.69440365 0.110625267 -0.121260285 3.69574833 0.112458833 -0.121260285 3.69574833 0.112458833 -0.121260285 3.69574833 0.112458833 -0.124682955 3.70247126 0.111969866 -0.118204333 3.70748305 0.119548634 -0.119060002 3.71127224 0.120526537 -0.106469467 3.71457267 0.128349781 -0.106836192 3.71860647 0.12920545 -0.0924120843 3.71970677 0.134339452 -0.0741985962 3.71946216 0.13849555 -0.0738318861 3.72190738 0.135684073 -0.0628304482 3.71689534 0.140573606 -0.0521957278 3.71286154 0.139595702 -0.0364270061 3.69733715 0.144240737 -0.0255478118 3.69391441 0.154019788 -0.103046797 3.76615715 0.140329123 0.0611190423 3.56984258 0.142529428 0.0829996765 3.58280015 0.133850515 0.0783546269 3.56238627 0.130427852 0.105491489 3.57656598 0.114659123 0.0938788727 3.55114031 0.11319226 0.119426638 3.57045388 0.0937563926 0.10426911 3.54233932 0.0915561095 0.138373569 3.56434202 0.0352043211 0.114170395 3.53292704 0.0411939919 0.0310484581 3.46924114 0.111114226 0.0178467352 3.46569586 0.121871181 0.0309262183 3.47681952 0.12431594 0.0177244972 3.47241902 0.133483797 0.0306817424 3.48439813 0.130305603 0.0183356889 3.48036432 0.138495564 0.0333709791 3.50358987 0.133728281 0.0173577834 3.50811243 0.14142929 0.0323930755 3.52632594 0.144485235 0.0294593628 3.53402734 0.155731142 0.0294593628 3.53402734 0.155731142 -0.0641750693 3.71261692 0.137762114 -0.0641750693 3.71261692 0.137762114 -0.0641750693 3.71261692 0.137762114 -0.0641750693 3.71261692 0.137762114 -0.0629526898 3.71506166 0.138617784 -0.0525624417 3.71383953 0.138128832 -0.0441280119 3.69892621 0.135561839 -0.0438835323 3.69733715 0.136539742 -0.0129572786 3.68413544 0.161476329 -3.4658342e-8 3.68486881 0.164776757 0.0470616594 3.72777438 0.162943184 0.0470616594 3.72777438 0.162943184 0.0645417124 3.73388624 0.159398273 0.0645417124 3.73388624 0.159398273 0.0853221938 3.73926497 0.152797416 0.0853221938 3.73926497 0.152797416 0.0525623746 3.71383953 0.138128832 0.0537847541 3.71188354 0.138128832 0.0629526153 3.71506166 0.138617784 0.0641749948 3.71261716 0.137762129 0.0641749948 3.71261716 0.137762129 0.0641749948 3.71261716 0.137762129 0.0641749948 3.71261716 0.137762129 0.0748097152 3.71677303 0.13849555 0.0756653845 3.71383953 0.137517646 0.0756653845 3.71383953 0.137517646 0.0756653845 3.71383953 0.137517646 0.0756653845 3.71383953 0.137517646 0.0922897756 3.71652865 0.134706169 0.0920452997 3.71396184 0.133728266 0.0920452997 3.71396184 0.133728266 0.0920452997 3.71396184 0.133728266 0.0920452997 3.71396184 0.133728266 0.106469393 3.71457267 0.128349781 0.105980448 3.7105391 0.125416055 0.105980448 3.7105391 0.125416055 0.105980448 3.7105391 0.125416055 0.105980448 3.7105391 0.125416055 0.118204258 3.70748305 0.119548634 0.115881726 3.70357156 0.118081778 0.115881726 3.70357156 0.118081778 0.115881726 3.70357156 0.118081778 0.115881726 3.70357156 0.118081778 0.115881726 3.70357156 0.118081778 0.121015742 3.69440341 0.11062526 0.121015742 3.69440341 0.11062526 0.115270548 3.66653323 0.116859399 0.104635827 3.67423415 0.125660539 0.104635827 3.67423415 0.125660539 0.0926564857 3.66201067 0.129449934 0.0921675339 3.6722784 0.130672306 0.0921675339 3.6722784 0.130672306 0.0765210539 3.67252278 0.132872596 0.0765210539 3.67252278 0.132872596 -0.0092901336 3.67240071 0.165510193 -0.0189469494 3.6637218 0.153897554 -0.0323931463 3.65773201 0.145463124 -0.0501176752 3.66482186 0.137150943 -0.0707759336 3.66249943 0.134706169 -0.0442502499 3.51569104 0.130794555 -0.0546404943 3.53402686 0.132139176 -0.0630749241 3.54722857 0.132872611 -0.0517067797 3.55676317 0.145463139 -0.0332488157 3.55358505 0.158787087 -0.0332488157 3.55358505 0.158787087 -0.0259145238 3.55712986 0.165387958 -0.0259145238 3.55712986 0.165387958 -0.0182135217 3.57265425 0.167466015 -0.0173578542 3.56043053 0.171622112 -0.0173578542 3.56043053 0.171622112 -0.00721208565 3.57192087 0.172600001 -0.0112459445 3.56140828 0.175778195 -0.0112459445 3.56140828 0.175778195 0.0363046974 3.53842735 0.150474906 0.0363046974 3.53842735 0.150474906 0.04278332 3.54197264 0.144729704 0.04278332 3.54197264 0.144729704 0.0460837483 3.54221702 0.141551524 0.052317895 3.54209471 0.138740048 0.0630748495 3.54722905 0.132872611 0.0517067052 3.55676317 0.145463139 0.0418054163 3.56483102 0.151819527 0.0308039803 3.5702095 0.159276053 0.0182134509 3.58756709 0.166243628 -0.042049963 3.54906225 0.135684088 -0.0391162485 3.54527283 0.141307041 -0.0310485289 3.54588413 0.149619237 -0.03239315 3.54735112 0.1536531 -0.0245699044 3.54759526 0.15524219 -0.0254255719 3.55065155 0.159887254 -0.0179690477 3.55444098 0.165632427 -0.0107569918 3.55346274 0.169910774 -0.00476732291 3.54710627 0.1635544 -3.47283091e-8 3.55089593 0.171499863 -3.47299824e-8 3.54600644 0.163921103 0.00476725399 3.54710627 0.1635544 -3.47293998e-8 3.54539514 0.15597561 0.0081899222 3.54686213 0.15524219 -0.126883239 3.7089498 0.112458825 -0.119304478 3.71469498 0.121504441 -0.106958427 3.72190714 0.127494112 -0.0926565602 3.72239614 0.13226141 -0.0419277251 3.54392815 0.143385082 -0.0427833945 3.54197264 0.144729704 -0.0427833945 3.54197264 0.144729704 -0.0349601507 3.54429507 0.149130285 -0.0363047719 3.53842735 0.150474906 -0.0363047719 3.53842735 0.150474906 -0.0279925726 3.54453945 0.155364439 -0.019680379 3.54441714 0.159398288 -0.00977908727 3.54307246 0.162698731 -3.47384734e-8 3.52938175 0.163065448 -3.47384734e-8 3.52938175 0.163065448 0.117470831 3.74452114 0.130916789 0.117470831 3.74452114 0.130916789 0.102802254 3.74293208 0.144240737 0.102802254 3.74293208 0.144240737 -0.0666198358 3.72312927 0.154875457 -0.0666198358 3.72312927 0.154875457 -0.0645417869 3.73388624 0.159398273 -0.0645417869 3.73388624 0.159398273 -0.0850777924 3.73070812 0.150352642 -0.0850777924 3.73070812 0.150352642 -0.0853222683 3.73926497 0.152797416 -0.0853222683 3.73926497 0.152797416 -0.102557853 3.73523116 0.14228493 -0.102557853 3.73523116 0.14228493 -0.102802329 3.74293208 0.144240737 -0.102802329 3.74293208 0.144240737 -0.118082099 3.73828697 0.129816636 -0.118082099 3.73828697 0.129816636 -0.117470905 3.74452114 0.130916789 -0.117470905 3.74452114 0.130916789 -0.12822786 3.74036503 0.118692964 -0.12822786 3.74036503 0.118692964 -0.12822786 3.74427676 0.118204013 -0.12822786 3.74427676 0.118204013 -0.136173338 3.74060965 0.107324816 -0.136173338 3.74060965 0.107324816 0.00977901928 3.54307246 0.162698731 0.0099012563 3.54808426 0.157931432 -3.47272717e-8 3.54820657 0.149985954 -0.00916789565 3.54845095 0.148519099 -0.0185802337 3.54857326 0.155853391 -0.0188247114 3.54930663 0.14680776 -0.0267701913 3.54820657 0.151330575 -0.0264034774 3.54857326 0.144363001 -0.0336155295 3.54759526 0.139595717 0.0244475957 3.60846996 0.18042326 0.0157686863 3.61397076 0.192891538 0.00660082605 3.63010621 0.1917914 0.151453048 3.60064697 0.0308037456 0.131405994 3.60394716 0.0960789174 0.115759499 3.6073699 0.117103882 -0.0650307387 3.72202945 0.147663414 -0.082999751 3.72765207 0.145096406 -0.102802329 3.73070812 0.137395412 -0.11783763 3.73144174 0.127983063 -0.128472343 3.73119712 0.116003737 0.0099012563 3.54881787 0.163065434 0.0165021159 3.54930663 0.159398288 0.01430183 3.54759526 0.153408632 0.0202914998 3.54796195 0.151330575 -0.154264584 3.81065202 0.0697977021 -0.141307339 3.75747848 0.097668007 -0.138373628 3.72997475 0.0997460559 -0.106836192 3.71775103 0.131039023 0.0746874809 3.71933985 0.139962405 0.0922897756 3.71995115 0.137028694 0.0750541911 3.54893994 0.126271755 0.0789658055 3.52657056 0.110991977 -0.0556183979 3.49442172 0.107813798 -0.0837331787 3.51654696 0.092778489 -0.07896588 3.52657056 0.110991977 -0.0750542656 3.54893994 0.126271755 -0.0518290102 3.67765665 0.125049353 -0.0510955863 3.67533422 0.131894693 -0.0510955863 3.67533422 0.131894693 0.0332487412 3.55358505 0.158787087 0.0332487412 3.55358505 0.158787087 0.025914453 3.55712986 0.165387958 0.025914453 3.55712986 0.165387958 0.0173577834 3.56043053 0.171622112 0.0173577834 3.56043053 0.171622112 0.0414386988 3.54722857 0.139473468 0.0419276506 3.54392815 0.143385082 0.0338599309 3.54698443 0.144974187 0.0349600762 3.54429507 0.149130285 0.0267701205 3.54820657 0.151330575 0.0279925019 3.54453945 0.155364439 0.0185801629 3.54857326 0.155853391 0.0196803082 3.54441714 0.159398288 0.0254255012 3.55065155 0.159887254 0.0245698337 3.54759526 0.15524219 0.0323930755 3.54735112 0.1536531 0.0310484562 3.54588413 0.149619237 0.0407052673 3.54612851 0.145096421 0.0510955192 3.67533422 0.131894693 0.0510955192 3.67533422 0.131894693 0.0518289432 3.67765665 0.125049353 0.0470616594 3.68609142 0.123582505 0.138373569 3.72997475 0.0997460559 0.141307279 3.75747848 0.097668007 0.134095237 3.83094335 0.0952232331 0.103046738 3.76615715 0.140329123 0.105735965 3.85710239 0.119181916 0.0572074242 3.88692856 0.134706154 -3.47686502e-8 3.46325111 0.12773861 -3.47663303e-8 3.46985197 0.137395427 -3.47618503e-8 3.47975302 0.14301838 -3.47470568e-8 3.50884628 0.145096436 0.0501176082 3.66482186 0.137150943 0.0707758591 3.66249943 0.134706169 0.0413164571 3.47914219 0.113436751 0.040949747 3.48892093 0.12309356 0.0487729907 3.50224495 0.121748947 0.176634118 3.69904852 -0.0162579529 0.176634118 3.69904852 -0.0162579529 0.149619475 3.63695168 0.0605076142 0.137151182 3.63719583 0.0948565379 -0.0409498215 3.48892093 0.12309356 -0.0487730652 3.50224495 0.121748947 -0.0623414963 3.52375937 0.120526552 -0.0606301576 3.67374516 0.132628113 -0.0606301576 3.67374516 0.132628113 -0.0922898501 3.71995115 0.137028694 -0.0746875554 3.71933985 0.139962405 0.00916782673 3.54845095 0.148519099 0.0188246407 3.54930663 0.14680776 0.0264034066 3.54857326 0.144363001 0.033615455 3.54759526 0.139595717 0.0606300905 3.67374516 0.132628113 0.0606300905 3.67374516 0.132628113 -0.00574522745 3.58194447 0.17272225 -0.0182135217 3.58756709 0.166243628 -0.0920453742 3.71396184 0.133728266 -0.0920453742 3.71396184 0.133728266 -0.0920453742 3.71396184 0.133728266 -0.0920453742 3.71396184 0.133728266 -0.105980523 3.7105391 0.125416055 -0.105980523 3.7105391 0.125416055 -0.105980523 3.7105391 0.125416055 -0.105980523 3.7105391 0.125416055 -0.115881801 3.7035718 0.118081778 -0.115881801 3.7035718 0.118081778 -0.115881801 3.7035718 0.118081778 -0.115881801 3.7035718 0.118081778 -0.115881801 3.7035718 0.118081778 0.188857928 3.72044015 -0.0331268199 0.188857928 3.72044015 -0.0331268199 0.210127354 3.73914266 -0.0658866465 0.210127354 3.73914266 -0.0658866465 0.176511884 3.68841386 -0.0781104639 0.214283451 3.69342542 -0.0965684131 0.214283451 3.69342542 -0.0965684131 0.201081738 3.62509441 -0.0836111829 0.201081738 3.62509441 -0.0836111829 -0.214283511 3.69342542 -0.0965684131 -0.214283511 3.69342542 -0.0965684131 -0.201081797 3.62509441 -0.0836111829 -0.201081797 3.62509441 -0.0836111829 -0.210127413 3.73914266 -0.0658866465 -0.210127413 3.73914266 -0.0658866465 -0.188857988 3.72044015 -0.0331268199 -0.0765211284 3.67252278 0.132872596 -0.0765211284 3.67252278 0.132872596 -0.0537848212 3.71188354 0.138128832 -0.0293371938 3.54686213 0.145707622 -0.0202915706 3.54796195 0.151330575 -0.0143018989 3.54759526 0.153408632 -0.130305901 3.7646904 0.113436729 0.0553738512 3.70956087 0.136661991 0.0553738512 3.70956087 0.136661991 0.0553738512 3.70956087 0.136661991 0.0553738512 3.70956087 0.136661991 -3.47400828e-8 3.52351451 0.150474906 -0.0413165316 3.47914219 0.113436751 0.157198235 3.69684839 0.0482837893 0.154264525 3.81065202 0.0697977021 -0.0553739183 3.70956087 0.136661991 -0.0553739183 3.70956087 0.136661991 -0.0553739183 3.70956087 0.136661991 -0.0553739183 3.70956087 0.136661991 -0.038505055 3.54649544 0.137884378 -0.0937566981 3.54123902 -0.0800662637 -0.0792103633 3.45567226 -0.0359382816 -3.47722846e-8 3.42841315 0.000366456661 0.0793325305 3.45567226 -0.0359382853 0.0410719886 3.68865824 0.141795978 0.0508510396 3.69464803 0.148274601 0.0509732775 3.68352413 0.142651647 0.0432722755 3.68022394 0.13763988 0.126883179 3.68584681 0.121626697 0.115881734 3.69550371 0.135195121 -0.0508511066 3.69464803 0.148274601 -0.0410720557 3.68865824 0.141795978 -0.0432723425 3.68022394 0.13763988 -0.0509733446 3.68352413 0.142651647 -0.115881808 3.69550371 0.135195121 -0.126883239 3.68584681 0.121626697 -0.0867891312 3.4968667 -0.0993798971 0.0867890567 3.4968667 -0.0993798971 1.39889348 3.34223533 -0.162943721 0.132383898 3.68939161 0.115025826 0.142651901 3.68584681 0.114536881 -0.14265196 3.68584681 0.114536881 -0.132383958 3.68939161 0.115025826 0.0984016731 3.70467162 0.148885801 0.0784768611 3.70613837 0.154508755 0.0579408519 3.70247126 0.154630989 -0.057940919 3.70247126 0.154630989 -0.0784769356 3.70613837 0.154508755 -0.0984017476 3.70467162 0.148885801 0.0788435712 3.6953814 0.154386505 0.0982794389 3.69379234 0.148396835 0.11490383 3.68645811 0.135806307 0.126271993 3.67814565 0.122237884 0.14350757 3.67716789 0.11478135 -0.14350763 3.67716789 0.11478135 -0.126272053 3.67814565 0.122237884 -0.114903904 3.68645811 0.135806307 -0.0982795134 3.69379234 0.148396835 -0.0788436458 3.6953814 0.154386505 0.0605078563 3.69293666 0.15218623 -0.0605079234 3.69293666 0.15218623 1.8236711 3.26094699 -0.153409153 1.82501566 3.25911355 -0.178467974 1.7834549 3.28979516 -0.184702098 1.85288596 3.26754785 -0.0601414181 1.84139562 3.26314735 -0.108547725 1.84310687 3.26094699 -0.135195658 1.8063134 3.3078866 -0.0189471636 1.85594201 3.27255964 -0.0152800158 1.85679758 3.27048159 -0.0416834578 1.80069029 3.26290298 -0.0474286526 1.80069029 3.26290298 -0.0474286526 1.8096137 3.30654192 -0.0629528984 1.79751205 3.30275249 -0.112948298 1.79946792 3.30030751 -0.142774418 1.78088772 3.2922399 -0.157320768 1.80729115 3.305686 -0.0476731285</float_array><technique_common><accessor source="#aqua-geometry-1-positions-array" count="1079" stride="3"><param name="X" type="float"/><param name="Y" type="float"/><param name="Z" type="float"/></accessor></technique_common></source><source id="aqua-geometry-1-normals"><float_array id="aqua-geometry-1-normals-array" count="3237">0.719420969 -0.604817629 0.341510028 0.718826354 -0.536819696 0.441716194 0.673505664 -0.730906188 0.110300966 0.601787925 -0.791684091 0.105297931 -0.932527721 -0.0868025646 0.350510389 -0.932527721 -0.0868025646 0.350510389 -0.850514174 0.0160003081 0.525708735 -0.868056953 -0.124593794 0.480576158 -0.856557369 0.0524974354 0.513374507 -0.358188093 -0.496683449 0.790573776 -0.358188093 -0.496683449 0.790573776 -0.358188093 -0.496683449 0.790573776 -0.502318025 -0.504118025 0.702525139 -0.502318025 -0.504118025 0.702525139 0.430372834 -0.90124321 -0.0503967479 0.430372834 -0.90124321 -0.0503967479 -0.344710737 0.0490016006 0.93742913 -0.945899427 -0.248599842 0.208499894 0.39259842 0.0592998341 0.917796254 0.39259842 0.0592998341 0.917796254 0.392682999 0.0592975132 0.917760253 0.392682999 0.0592975132 0.917760253 -0.111900143 0.110100232 0.98760128 -0.111900143 0.110100232 0.98760128 -0.112000123 0.110000215 0.987601101 -0.112098865 0.109998979 0.987590075 -0.217395574 -0.209295675 0.953380585 -0.217395574 -0.209295675 0.953380585 -0.141995236 -0.00109988824 0.989866793 -0.27289173 0.0936972499 0.957471073 -0.227106065 -0.219005778 0.948925316 -0.227106065 -0.219005778 0.948925316 -0.77208221 0.48768881 0.407490551 -0.497516572 0.55421859 0.667322159 -0.497516572 0.55421859 0.667322159 -0.810736954 0.163807541 0.562025607 -0.810736954 0.163807541 0.562025607 -0.583499372 -0.252999723 0.77169919 -0.583499372 -0.252999723 0.77169919 0 0.509487271 0.860478163 -0.618409991 0.336405545 0.710211515 0 -0.0116003053 0.999932766 -0.643297076 -0.214698985 0.734896719 -0.274188519 0.41028294 0.869763494 -0.274188519 0.41028294 0.869763494 -0.18020381 0.53111136 0.827917457 -0.18020381 0.53111136 0.827917457 -0.227393538 0.479486525 0.847575903 -0.227393538 0.479486525 0.847575903 -0.594477475 0.0753972158 0.800569654 -0.33969447 0.0256996527 0.940184653 -0.940076053 -0.043398872 0.33819139 -0.711721003 -0.111103229 0.693620443 -0.658500731 -0.138100117 0.739800751 -0.39700529 -0.0742009133 0.914812088 -0.154303461 0.533012033 0.831918597 -0.154303461 0.533012033 0.831918597 0.855260491 0.415480882 0.309685677 0.855260491 0.415480882 0.309685677 -0.472288996 -0.191095486 0.860479891 -0.531690359 -0.0669987276 0.844284654 -0.44379282 -0.0737987384 0.89308548 -0.554791749 0.0515993088 0.830387712 0.354094386 -0.672889352 0.64948982 0.296210587 -0.703225136 0.646323144 0.376722664 -0.0556032844 0.924655676 0.376722664 -0.0556032844 0.924655676 0 -0.139993221 0.990152419 0 -0.139993221 0.990152419 -0.0286008064 -0.956627011 0.28990823 -0.0286008064 -0.956627011 0.28990823 0.358188093 -0.496683449 0.790573776 0.358188093 -0.496683449 0.790573776 0.358188093 -0.496683449 0.790573776 0.502318025 -0.504118025 0.702525139 0.502318025 -0.504118025 0.702525139 0 -0.0965031013 0.995332658 0.141995236 -0.00109988847 0.989866793 0 0.157307982 0.987549543 0.27289173 0.0936972499 0.957471073 0.810736954 0.163807541 0.562025607 0.810736954 0.163807541 0.562025607 0.77208221 0.48768881 0.407490551 0.583499372 -0.252999723 0.77169919 0.583499372 -0.252999723 0.77169919 0.497516572 0.55421859 0.667322159 0.497516572 0.55421859 0.667322159 0.580894709 -0.395396352 0.711493552 0.586310208 -0.325505674 0.741812944 0.565697849 -0.349898666 0.746697247 0.547519684 -0.406314582 0.731526315 0.294114441 -0.575428247 0.763137519 0.333687723 -0.941765428 -0.0415983982 0.644278467 -0.747975111 -0.159494638 0.213794932 -0.62798512 0.748282313 -0.362106383 -0.531709373 0.765613616 -0.268899262 -0.640998363 -0.718897998 -0.268899262 -0.640998363 -0.718897998 -0.0136997718 -0.865285695 -0.501091599 -0.0136997718 -0.865285695 -0.501091599 -0.0136997718 -0.865285695 -0.501091599 -0.0674979538 -0.658580124 -0.749477208 -0.0674979538 -0.658580124 -0.749477208 -0.0674979538 -0.658580124 -0.749477208 -0.0516978614 -0.98875922 0.140294299 -0.0516978614 -0.98875922 0.140294299 -0.0516978614 -0.98875922 0.140294299 -0.0516978614 -0.98875922 0.140294299 -0.0516978614 -0.98875922 0.140294299 -0.228893057 -0.625281155 -0.746077359 -0.228893057 -0.625281155 -0.746077359 -0.327409834 -0.510315299 0.795223951 -0.0246998072 -0.981992364 0.187298596 -0.0246998072 -0.981992364 0.187298596 -0.0246998072 -0.981992364 0.187298596 -0.0246998072 -0.981992364 0.187298596 -0.0246998072 -0.981992364 0.187298596 0.0346978232 0.612961531 -0.789350569 -0.0641993657 0.708293021 -0.702993095 0.366202831 0.879406869 -0.304202408 -0.0665000752 -0.613100767 -0.787200809 0.853261352 -0.0146993753 -0.521276414 0.811872542 0.075897485 0.57888037 0.0752996355 -0.760296404 0.645197034 0.0752996355 -0.760296404 0.645197034 0.117000043 -0.852000475 -0.5103001 0.117000043 -0.852000475 -0.5103001 0.117000043 -0.852000475 -0.5103001 0.845635056 -0.158706635 -0.509621084 0.79670161 -0.0750001147 0.599701166 -0.0490013324 -0.759620726 0.648517728 -0.0490013324 -0.759620726 0.648517728 -0.00039999545 -0.856290519 -0.516494215 -0.00039999545 -0.856290519 -0.516494215 -0.00039999545 -0.856290519 -0.516494215 0.310700327 0.945201159 0.100300036 0.13899757 0.739287198 0.658888459 0.13899757 0.739287198 0.658888459 0.453582674 0.789069951 -0.414284259 0.453582674 0.789069951 -0.414284259 0.0757999346 -0.997099161 -0.00689991843 0.0757999346 -0.997099161 -0.00689991843 0.0757999346 -0.997099161 -0.00689991843 0.0757999346 -0.997099161 -0.00689991843 0.0757999346 -0.997099161 -0.00689991843 0.865247428 -0.132107288 -0.483626515 0.783607304 -0.039400328 0.620005786 -0.0341986343 -0.750070035 0.660473645 -0.0341986343 -0.750070035 0.660473645 0.0448985696 -0.860372722 -0.507683814 0.0448985696 -0.860372722 -0.507683814 0.0448985696 -0.860372722 -0.507683814 0.836996794 -0.238499135 -0.49249813 0.759208918 -0.136801586 0.636307478 -0.0906993896 -0.766094804 0.636295795 -0.0906993896 -0.766094804 0.636295795 0.851914883 0.269004762 0.449307799 0.669604719 -0.699805021 0.248801783 0.330114096 -0.56732434 -0.754432142 0.330114096 -0.56732434 -0.754432142 0.563606024 0.644406915 -0.516805589 0.563606024 0.644406915 -0.516805589 0.563606024 0.644406915 -0.516805589 -0.532736063 0.536436439 0.654544234 -0.744206846 -0.167501509 0.646605968 0.151298299 -0.749491632 0.644492865 0.151298299 -0.749491632 0.644492865 -0.632679403 0.424686134 -0.647578835 -0.525706828 0.765110135 0.371804804 -0.525706828 0.765110135 0.371804804 0.0209004674 -0.984822094 0.17230393 0.0209004674 -0.984822094 0.17230393 0.0209004674 -0.984822094 0.17230393 0.0209004674 -0.984822094 0.17230393 0.0209004674 -0.984822094 0.17230393 -0.42598924 0.874478042 -0.231994227 -0.301888525 0.630276024 -0.715272903 -0.301888525 0.630276024 -0.715272903 -0.410613239 0.854927599 -0.317010283 0.0641993657 0.708293021 -0.702993095 -0.0347005576 0.61300987 -0.78931284 0.063100554 -0.614605486 -0.786306858 -0.0559998602 -0.864097953 -0.500198662 -0.0559998602 -0.864097953 -0.500198662 -0.0559998602 -0.864097953 -0.500198662 -0.015900014 -0.765700579 0.643000603 -0.015900014 -0.765700579 0.643000603 -0.814622641 0.035301026 0.578916073 -0.853720069 -0.0560013615 -0.517712176 0.0262003429 -0.854611397 -0.518606722 0.0262003429 -0.854611397 -0.518606722 0.0262003429 -0.854611397 -0.518606722 0.102400839 -0.760506272 0.641205311 0.102400839 -0.760506272 0.641205311 -0.788231969 -0.0787031576 0.61032474 -0.851379991 -0.17159602 -0.495688289 -0.145610407 0.738852859 0.657946885 -0.145610407 0.738852859 0.657946885 -0.0290013328 -0.44282037 0.896141231 -0.0290013328 -0.44282037 0.896141231 -0.0290013328 -0.44282037 0.896141231 0.0638008937 0.702710032 0.708609939 -0.113496728 -0.0363988802 0.992871404 -0.113496728 -0.0363988802 0.992871404 0.0372004062 -0.993410945 0.108401261 0.0372004062 -0.993410945 0.108401261 0.0372004062 -0.993410945 0.108401261 0.0372004062 -0.993410945 0.108401261 0.0372004062 -0.993410945 0.108401261 -0.486488402 0.587585986 -0.64658469 -0.437015057 0.668723166 0.601520658 0.0411015488 -0.856132329 0.515119493 -0.30229944 0.511899173 0.804098368 -0.850927234 0.271108747 0.449914426 -0.562123656 0.645527244 -0.517021894 -0.562123656 0.645527244 -0.517021894 -0.562123656 0.645527244 -0.517021894 0.00299990317 -0.578081489 -0.81597358 0.00299990317 -0.578081489 -0.81597358 -0.884028614 -0.46481505 0.0494016334 -0.884028614 -0.46481505 0.0494016334 -0.884028614 -0.46481505 0.0494016334 -0.379494458 -0.919686675 0.100798592 -0.379494458 -0.919686675 0.100798592 -0.768696487 -0.617697179 -0.165999174 -0.787467003 -0.505478919 -0.352685183 -0.810900867 -0.581300735 0.0673001185 0.379685223 -0.919564247 0.101196125 0.379685223 -0.919564247 0.101196125 0.883648932 -0.466225803 0.0424023792 0.883648932 -0.466225803 0.0424023792 0.883648932 -0.466225803 0.0424023792 -0.00250000763 -0.5779019 -0.816102445 -0.00250000763 -0.5779019 -0.816102445 0.810616136 -0.584011674 0.0428008959 0.78911674 -0.500410736 -0.35620755 0.781185269 -0.605588675 -0.151697099 -0.54949367 0.159198254 0.820190668 -0.49349007 -0.306693792 0.813883603 -0.586310208 -0.325505674 0.741812944 -0.870006084 0.228101641 0.437103063 -0.545287311 0.699183822 0.462389171 -0.313885063 -0.87175858 0.376182169 -0.157503307 -0.904419005 0.396508396 -0.209893972 -0.963872433 0.16399537 -0.546686292 -0.813979745 0.196395159 -0.486813933 -0.559716046 0.670619249 -0.486813933 -0.559716046 0.670619249 -0.446909398 -0.673914194 0.588312447 -0.446909398 -0.673914194 0.588312447 -0.750631928 0.0362015963 0.65972805 -0.173099682 0.46949926 0.865798414 -0.173099682 0.46949926 0.865798414 -0.745702446 -0.088300243 0.660402119 0 0.345000952 0.938602269 -0.498103768 0.439803421 0.747305572 0 0.488993198 0.872287631 -0.38718909 0.102597199 0.91627419 -0.623878598 0.132695511 0.770173609 -0.672024429 -0.00170000584 0.740526915 -0.246205419 -0.67511493 0.695415378 -0.192606896 -0.546619534 0.814929187 -0.192606896 -0.546619534 0.814929187 -0.379400432 -0.503400564 0.776300907 -0.379400432 -0.503400564 0.776300907 0 -0.849567533 0.527479827 0 -0.603418589 0.797424614 -0.482091159 -0.721586764 0.496890932 -0.397501796 -0.314001381 0.862203956 0 -0.13239947 0.991196454 0.131998211 0.406894594 0.903887808 -0.33070448 -0.687409282 0.64660877 -0.294205785 -0.57541132 0.763115108 -0.506594121 -0.0962988138 0.856790006 -0.482797503 0.273598671 0.831895649 -0.699401498 -0.0812001377 0.710101545 -0.201902762 -0.929912865 0.30740428 -0.0122006051 0.898344636 0.439121753 0 0.314787507 0.949162126 0 0.878090382 0.478494734 -0.472300738 -0.477800786 0.740701318 -0.472300738 -0.477800786 0.740701318 0.227393538 0.479486525 0.847575903 0.227393538 0.479486525 0.847575903 0.176807061 0.468418837 0.865634561 0.176807061 0.468418837 0.865634561 0.344710737 0.0490016006 0.93742913 -0.238287777 -0.964350641 -0.115094021 -0.275205553 -0.919918597 -0.279305547 -0.0103995558 -0.999357462 -0.0342984609 0.132704988 0.484918386 0.864432514 0.132704988 0.484918386 0.864432514 0.609427869 -0.043701943 0.791636229 0.609490693 -0.0436992794 0.791587889 0.609601796 -0.0437000766 0.791502357 0.752332568 -0.0927039683 0.652228236 0.717402399 -0.260300845 0.646202147 0.472300738 -0.477800786 0.740701318 0.472300738 -0.477800786 0.740701318 0.227106065 -0.219005778 0.948925316 0.227106065 -0.219005778 0.948925316 0.397501796 -0.314001381 0.862203956 0.788385391 0.0690987706 0.611288667 0.788385391 0.0690987706 0.611288667 0.864145458 -0.0650033802 0.499026269 0.864145458 -0.0650033802 0.499026269 0.774753451 0.110893399 0.62246263 0.506594121 -0.0962988138 0.856790006 0.111900143 0.110100232 0.98760128 0.111900143 0.110100232 0.98760128 0.111902609 0.109902658 0.987623036 0.112001374 0.109901428 0.987612009 -0.39259842 0.0592998341 0.917796254 -0.392600745 0.05920019 0.917801678 -0.392680615 0.0593971424 0.917754769 -0.392682999 0.0592975132 0.917760253 0.658500731 -0.138100117 0.739800751 0.657497704 -0.230299145 0.717397451 0.44379282 -0.0737987384 0.89308548 0.816717386 -0.388008296 0.427109122 0.814908266 -0.475704908 0.331103384 0.940076053 -0.043398872 0.33819139 0.347087592 0.268190503 0.898667872 0.447593868 0.0365995727 0.893487632 0.38718909 0.102597199 0.91627419 0.592176914 -0.313387752 0.742371023 0.217501983 0.143801406 0.965408742 0.49991256 0.141603634 0.854421377 0.3307935 -0.687386572 0.646587431 0.878969729 -0.45518434 0.14219512 0.732097149 -0.418998361 0.537097991 0.379400432 -0.503400564 0.776300907 0.379400432 -0.503400564 0.776300907 0.192606896 -0.546619534 0.814929187 0.192606896 -0.546619534 0.814929187 0.246205419 -0.67511493 0.695415378 0.790030718 -0.166506454 0.590022922 0.647996902 -0.236798853 0.723896623 0.772411525 -0.224003315 0.594308853 0.0902958736 -0.963456035 0.252188563 -0.0301007591 -0.875922263 0.481512249 0.578187227 -0.263794154 0.772082925 0.542888224 -0.807782531 0.229695067 0.48211512 -0.721622586 0.496815622 0 -0.530376315 0.847762287 0.545287311 0.699183822 0.462389171 0.870006084 0.228101641 0.437103063 -0.200112611 0.909157336 0.365222931 -0.298902303 0.915907145 0.267901957 0.206308439 0.969239712 0.134205416 -0.252004504 0.215103924 0.94351685 0 0.240699992 0.970599532 -0.283390969 -0.136295602 0.949269772 -0.123595461 0.179493502 0.975964248 -0.123605311 0.179607809 0.975941956 -0.123605311 0.179607809 0.975941956 -0.123605311 0.179607809 0.975941956 -0.122294873 -0.118794963 0.985358715 0.923224807 -0.362909824 -0.126303375 -0.944790959 -0.179098293 0.274397373 -0.944790959 -0.179098293 0.274397373 -0.288403124 -0.558006048 0.778108418 0.0492980964 -0.462082177 0.88546586 0.0492980964 -0.462082177 0.88546586 0.0492980964 -0.462082177 0.88546586 0.303600937 0.644001901 -0.702202201 0.303600937 0.644001901 -0.702202201 0.385091305 0.894779861 -0.225994959 -0.0208000485 0.999102414 -0.036900159 0.538797975 -0.666997552 -0.514597952 0.538797975 -0.666997552 -0.514597952 0.715407729 0.423404694 0.555805981 0.715407729 0.423404694 0.555805981 0.715407729 0.423404694 0.555805981 0.0198997911 0.340896547 0.939890146 0.0198997911 0.340896547 0.939890146 0.911056697 0.406980693 -0.0658968911 0.911056697 0.406980693 -0.0658968911 0.911056697 0.406980693 -0.0658968911 0.911056697 0.406980693 -0.0658968911 -0.279488504 -0.624774456 -0.729069948 -0.279488504 -0.624774456 -0.729069948 -0.344786525 -0.512280047 0.786569357 -0.0356014408 -0.537621856 -0.842434108 0.163298905 0.776494861 -0.608596027 0.163298905 0.776494861 -0.608596027 -0.715407729 0.423404694 0.555805981 -0.715407729 0.423404694 0.555805981 -0.715407729 0.423404694 0.555805981 -0.0474991947 0.349894226 0.935584188 -0.0474991947 0.349894226 0.935584188 0.0357986391 0.880666614 0.472382009 0.246003464 -0.639909089 -0.728010118 0.246003464 -0.639909089 -0.728010118 0.0546009205 -0.848414481 -0.526508808 0.0546009205 -0.848414481 -0.526508808 0.0546009205 -0.848414481 -0.526508808 0.100503772 -0.765428782 0.635623872 0.100503772 -0.765428782 0.635623872 -0.798794687 -0.112999223 0.59089607 -0.554509044 -0.64591068 -0.524708569 -0.554509044 -0.64591068 -0.524708569 -0.0767015591 -0.997020364 -0.00820009131 -0.0767015591 -0.997020364 -0.00820009131 -0.0767015591 -0.997020364 -0.00820009131 -0.0767015591 -0.997020364 -0.00820009131 -0.0767015591 -0.997020364 -0.00820009131 -0.328399301 -0.567699015 -0.754898429 -0.328399301 -0.567699015 -0.754898429 -0.667871475 -0.701570094 0.248489425 0.162696019 0.728282332 0.665683687 0.114100009 0.728200078 -0.675800145 0.0208000485 0.999102414 -0.036900159 -0.927024126 0.373009741 -0.0386010371 -0.927024126 0.373009741 -0.0386010371 -0.927024126 0.373009741 -0.0386010371 -0.927024126 0.373009741 -0.0386010371 -0.448300987 0.773801744 -0.447501004 -0.448300987 0.773801744 -0.447501004 -0.451313704 0.567917287 -0.688320994 -0.436091363 0.674786747 0.595388174 0.0193000101 -0.528200328 -0.848900378 -0.143599242 0.792595744 -0.592596889 -0.143599242 0.792595744 -0.592596889 0.566911221 0.472909331 -0.67451334 0.478696436 0.576495707 -0.662195086 0.307387799 -0.524979115 0.793668509 -0.442792058 0.643388629 0.624488771 -0.497212231 0.527813017 -0.688616931 0.0754966512 -0.860762 -0.503377676 0.0754966512 -0.860762 -0.503377676 0.0754966512 -0.860762 -0.503377676 0.23790887 -0.579021692 -0.779829025 0.23790887 -0.579021692 -0.779829025 0.420113891 -0.543217957 0.726924062 -0.404099345 0.645099044 0.648498893 -0.479604989 0.562105834 -0.673807085 -0.218698934 0.651996851 -0.725996494 -0.218698934 0.651996851 -0.725996494 0.106899455 -0.629396915 -0.769695997 0.106899455 -0.629396915 -0.769695997 0.106899455 -0.629396915 -0.769695997 0.193105265 -0.576815844 -0.793721557 0.193105265 -0.576815844 -0.793721557 0.370315552 -0.469819725 0.801333725 -0.528215051 0.558116019 0.639918208 -0.631901503 0.434501022 -0.641801536 -0.8301723 -0.196093515 -0.521882594 -0.603821039 0.435215145 -0.667823315 -0.542924285 0.538824201 0.64412868 -0.458488137 0.633683741 0.62308383 0.357601732 -0.496102393 0.791203856 0.278314471 -0.589330733 -0.758439422 0.278314471 -0.589330733 -0.758439422 -0.493172556 0.745058715 0.449074954 -0.493172556 0.745058715 0.449074954 -0.819429517 -0.276610017 -0.502018034 -0.335295409 0.830288768 0.445193857 -0.335295409 0.830288768 0.445193857 -0.502003789 0.562204301 -0.657205045 -0.398610413 0.671817541 -0.624316335 -0.398610413 0.671817541 -0.624316335 0.624980271 0.612580836 0.483884692 0.624980271 0.612580836 0.483884692 0.450421512 0.588928282 0.671032071 0.679210603 0.389106154 0.622309685 0.679210603 0.389106154 0.622309685 0.460190058 0.259394467 0.849081576 0.78331542 0.00390012353 0.621612251 0.78331542 0.00390012353 0.621612251 0.525685847 0.00160002115 0.850677252 0.459889203 -0.258293897 0.84958005 0.230290711 -0.12879476 0.964561164 0.271106124 -0.446510077 0.852719307 0.00990013499 -0.250703365 0.968013287 0.0105995163 -0.521376252 0.853261113 -0.256884247 -0.447972506 0.856347501 -0.316305757 -0.558110118 0.767113984 -0.448401064 -0.261900604 0.854602039 -0.55338186 -0.323889375 0.767374873 -0.64161104 -0.00510003045 0.767013252 -0.332081765 -0.554769516 0.762858152 -0.00919948798 -0.644964099 0.764157474 -0.0105995163 -0.521376252 0.853261113 0.316305757 -0.558110118 0.767113984 0.316305757 -0.558110118 0.767113984 0.256884247 -0.447972506 0.856347501 0.448401064 -0.261900604 0.854602039 0.448401064 -0.261900604 0.854602039 0.448401064 -0.261900604 0.854602039 0.215506464 -0.13060385 0.967729092 0.515718281 -0.00690018106 0.856730461 0.515718281 -0.00690018106 0.856730461 0.212296665 0.120198198 0.969784796 0.449812859 0.255407393 0.855824471 0.449812859 0.255407393 0.855824471 0.258996367 0.446293801 0.856587887 0.3203924 0.553187013 0.768981695 0.3203924 0.553187013 0.768981695 -0.00189990515 0.517374277 0.855757177 -0.00119994336 0.641569853 0.767063677 -0.450170606 0.589661658 0.670556188 -0.624980271 0.612580836 0.483884692 -0.755715549 0.432908982 0.491410047 -0.679210603 0.389106154 0.622309685 -0.871095419 0.00400001695 0.49109742 -0.783000052 0.00520004844 0.622000039 -0.690585315 -0.289493829 0.662785947 -0.455599606 -0.273899734 0.846999347 -0.271106124 -0.446510077 0.852719307 -0.00990013499 -0.250703365 0.968013287 0.225301817 0.122101076 0.96660769 0.266898513 0.446797609 0.853895187 0.005400063 0.252003044 0.96771127 0.0018999445 0.516185045 0.856474996 -0.258996367 0.446293801 0.856587887 -0.321002305 0.552103996 0.769505441 -0.449812859 0.255407393 0.855824471 -0.556785226 0.317991614 0.767379582 -0.462403625 0.250302047 0.85060674 -0.266898513 0.446797609 0.853895187 -0.227189183 0.122194275 0.966154039 -0.005400063 0.252003044 0.96771127 -0.00699977297 -0.00399979437 0.999967515 -0.533909976 -0.0640011355 0.843115687 -0.227808446 -0.128904715 0.965135694 0.00699977297 -0.00399979437 0.999967515 -0.215506464 -0.13060385 0.967729092 -0.212296665 0.120198198 0.969784796 -0.515718281 -0.00690018106 0.856730461 0.332107097 -0.554811835 0.76281637 0.00919948798 -0.644964099 0.764157474 0.00130005239 0.638125837 0.769930959 0.871095419 0.00400001602 0.49109742 0.755715549 0.432908982 0.491410047 0.556785226 0.317991614 0.767379582 0.64161104 -0.00510003138 0.767013252 0.450014621 0.318410307 -0.834327102 0.0651978105 -0.69517684 -0.715875924 -0.155398861 -0.97409296 -0.164298728 0.0335013978 -0.998641789 -0.0399015881 -0.0180990808 -0.987749875 -0.154992029 0.257407993 -0.674320996 0.692121565 0.257407993 -0.674320996 0.692121565 0.429423362 -0.652535439 0.624334037 0.429423362 -0.652535439 0.624334037 -0.353407562 0.928919911 0.110502303 0.293780655 0.372175634 0.880442083 -0.28970015 0.50540036 0.812800348 0.218506202 -0.713120222 0.666118979 0.218506202 -0.713120222 0.666118979 0.218506202 -0.713120222 0.666118979 0.00339982565 -0.801958919 0.597369432 0.0667024404 -0.937434494 -0.341712445 0.0667024404 -0.937434494 -0.341712445 0.690585315 -0.289493829 0.662785947 0.690585315 -0.289493829 0.662785947 0.849541783 -0.223310962 0.477923483 0.55338186 -0.323889375 0.767374873 -0.849501252 -0.223300308 0.47800073 -0.755094171 0.125999078 0.643395007 -0.524875343 0.177991718 0.832360923 0.533697605 0.77739656 0.332898438 0.533697605 0.77739656 0.332898438 -0.114100009 0.728200078 -0.675800145 -0.0651978105 -0.69517684 -0.715875924 0.145297721 -0.975684702 -0.164097354 -0.0335013978 -0.998641789 -0.0399015881 0.0180990808 -0.987749875 -0.154992029 -0.257407993 -0.674320996 0.692121565 -0.257407993 -0.674320996 0.692121565 -0.429423362 -0.652535439 0.624334037 -0.429423362 -0.652535439 0.624334037 0.516776443 0.752765834 0.407781392 0.516776443 0.752765834 0.407781392 0.223897502 0.650792718 -0.725491941 0.223897502 0.650792718 -0.725491941 0.316194624 0.483591914 0.81618619 -0.0226012953 -0.807646334 0.589233816 -0.204900295 -0.725601077 0.656900942 -0.204900295 -0.725601077 0.656900942 -0.204900295 -0.725601077 0.656900942 -0.0375995785 -0.945789516 -0.322596312 -0.0375995785 -0.945789516 -0.322596312 -0.0401981398 -0.855960429 0.515476227 0.303110212 0.511217356 0.804226995 0.354292989 0.833083749 0.424791574 0.354292989 0.833083749 0.424791574 0.411195278 0.688592136 -0.597293258 0.411195278 0.688592136 -0.597293258 0.056902349 0.695128858 0.716629565 0.0278012995 -0.706133068 0.707533181 0.0278012995 -0.706133068 0.707533181 -0.162696019 0.728282332 0.665683687 -0.293780655 0.372175634 0.880442083 -0.0357986391 0.880666614 0.472382009 0.12079484 -0.0377983116 0.991957545 0.12079484 -0.0377983116 0.991957545 -0.0639036223 0.700139821 0.711140275 0.0050998684 -0.697382033 -0.716681421 -0.0278012995 -0.706133068 0.707533181 -0.0278012995 -0.706133068 0.707533181 -0.056902349 0.695128858 0.716629565 -0.0239996985 0.710991144 -0.702791274 -0.0050998684 -0.697382033 -0.716681421 -0.519910395 -0.365207285 0.772215486 -0.519910395 -0.365207285 0.772215486 -0.444686204 -0.5006845 0.742676973 -0.271096408 -0.257796526 0.927387536 -0.507513762 -0.266107202 0.819522262 -0.404294431 -0.320895523 0.856488228 -0.615927875 -0.352515936 0.704531968 -0.414597571 -0.655996144 0.630696237 -0.604010642 -0.60101068 0.523409307 -0.331785202 -0.90915966 0.251688838 -0.465980917 -0.868564546 0.16869314 -0.00500027835 -0.896050036 0.443924785 -0.602617443 -0.79152298 0.10170301 -0.664290607 -0.741489589 0.0943987221 -0.757004499 -0.629203737 0.176201075 -0.873182058 -0.444290906 0.200395942 -0.752969742 -0.525578916 0.395984113 -0.811290622 -0.379895627 0.444394916 -0.651575327 -0.407284558 0.639975786 -0.667906821 -0.305603057 0.678606868 -0.52530092 -0.308300495 0.793101311 -0.510626614 -0.203210548 0.835443556 -0.657497704 -0.230299145 0.717397451 -0.814908266 -0.475704908 0.331103384 -0.816717386 -0.388008296 0.427109122 -0.441104949 -0.822609305 0.358804077 -0.449100763 -0.866301656 0.218700483 -0.602500021 -0.700600028 0.382300049 -0.613401949 -0.759402514 0.216900751 -0.542817593 -0.80782634 0.229707509 0.643297076 -0.214698985 0.734896719 0.618409991 0.336405545 0.710211515 0 0.599311888 0.800515592 -0.499899685 0.517599821 0.694399536 -0.809410393 0.297503889 0.506306469 -0.774320185 0.155004129 0.613516033 -0.884781122 0.0733984709 0.460190207 0 0.0902022198 0.99592346 0.602500021 -0.700600028 0.382300049 0.613401949 -0.759402514 0.216900751 0.449100763 -0.866301656 0.218700483 0.441104949 -0.822609305 0.358804077 0.711721003 -0.111103229 0.693620443 0.39700529 -0.0742009133 0.914812088 0.458709925 -0.0544011146 0.8869192 0.672024429 -0.00170000654 0.740526915 0.623878598 0.132695511 0.770173609 0.856530786 0.0525019318 0.513418496 0.752188087 0.0452993326 0.657389581 0.846974015 0.0192994531 0.531283736 0.865287721 -0.128998131 0.48439312 0.551401556 -0.285400808 0.783902228 0.454007357 0.116001949 0.883414268 0.258485436 0.350080401 0.900349259 0.045602344 -0.695335686 0.717236817 0.0500004552 0.42670399 0.903008103 -0.131998211 0.406894594 0.903887808 0.667919993 -0.520015538 0.532415986 0.699401498 -0.0812001377 0.710101545 0.482797503 0.273598671 0.831895649 0.697502375 0.257800996 0.668602347 0.483473182 0.410277277 0.773256958 0.636087477 0.400092214 0.659786999 0.774320185 0.155004129 0.613516033 -0.944432259 -0.223307624 0.24120827 -0.955042124 -0.101693831 0.278483123 -0.855220973 -0.235805795 0.461511314 -0.879547298 -0.0541028827 0.472725451 -0.675410151 -0.177302629 0.715810716 -0.458709925 -0.0544011146 0.8869192 -0.447593868 0.0365995727 0.893487632 -0.347087592 0.268190503 0.898667872 -0.636087477 0.400092214 0.659786999 0.498103768 0.439803421 0.747305572 0.57149905 0.211799726 0.792798698 0.528894722 -0.137398586 0.837491572 0.630607963 -0.486106128 0.605007708 0.486813933 -0.559716046 0.670619249 0.486813933 -0.559716046 0.670619249 0.54669708 -0.813995719 0.196299016 0.446909398 -0.673914194 0.588312447 0.446909398 -0.673914194 0.588312447 0.379005194 -0.878812075 0.289904058 0.409703016 -0.70010519 0.584804356 0.409703016 -0.70010519 0.584804356 0.320805132 -0.773712397 0.546308756 0.414813906 -0.579719424 0.701323628 0.414813906 -0.579719424 0.701323628 0.429104865 -0.518505871 0.739608407 0.523702979 -0.414602339 0.744204283 0.523702979 -0.414602339 0.744204283 0.698809922 -0.138301924 0.701809943 0.698809922 -0.138301924 0.701809943 0.785532355 -0.0444017872 0.617225468 0.785532355 -0.0444017872 0.617225468 0.41239956 -0.365199596 0.834599197 0.41239956 -0.365199596 0.834599197 -0.574110925 -0.0275004636 0.818315566 -0.57417953 -0.0273989663 0.818270862 -0.57418108 -0.0272990447 0.818273067 -0.716001034 -0.247900337 0.652600944 -0.446778059 -0.389180869 0.80556047 -0.551401556 -0.285400808 0.783902228 -0.370808214 -0.389208585 0.843218744 -0.454007357 0.116001949 0.883414268 -0.258508742 0.350111961 0.900330424 -0.0500004552 0.42670399 0.903008103 -0.213810921 -0.628032088 0.748238266 -0.333686322 -0.941761494 -0.0416982174 -0.644326627 -0.747931004 -0.159506544 -0.667919993 -0.520015538 0.532415986 -0.630607963 -0.486106128 0.605007708 -0.551198244 0.162499562 0.818397462 0.472288996 -0.191095486 0.860479891 0.510626614 -0.203210548 0.835443556 0.52530092 -0.308300495 0.793101311 0.667906821 -0.305603057 0.678606868 0.651575327 -0.407284558 0.639975786 0.811290622 -0.379895627 0.444394916 0.752969742 -0.525578916 0.395984113 0.873182058 -0.444290906 0.200395942 0.757004499 -0.629203737 0.176201075 0.465980917 -0.868564546 0.16869314 0.331785202 -0.90915966 0.251688838 0.604010642 -0.60101068 0.523409307 0.414597571 -0.655996144 0.630696237 0.615927875 -0.352515936 0.704531968 0.404294431 -0.320895523 0.856488228 0.507513762 -0.266107202 0.819522262 0.271096408 -0.257796526 0.927387536 0.444686204 -0.5006845 0.742676973 0.519910395 -0.365207285 0.772215486 0.519910395 -0.365207285 0.772215486 0.062197376 0.107495554 0.992258132 0.0622028708 0.10760507 0.992245913 0.0622969791 0.107494883 0.992251873 0.0623031631 0.107505552 0.992250383 -0.0184998941 -0.148799092 0.98869437 0.334497392 0.331697524 0.882093012 -0.732097149 -0.418998361 0.537097991 -0.878969729 -0.45518434 0.14219512 -0.528894722 -0.137398586 0.837491572 0 0.0691007525 0.997609735 0.217395574 -0.209295675 0.953380585 0.217395574 -0.209295675 0.953380585 0.29318431 -0.170390844 0.940749705 0.29318431 -0.170390844 0.940749705 0.404108852 -0.0714014992 0.911919892 0.404108852 -0.0714014992 0.911919892 -0.334497392 0.331697524 0.882093012 0.0121002793 -0.18680425 0.982322574 0.0184996184 -0.148896873 0.988679588 -0.062197376 0.107495554 0.992258132 -0.0622969791 0.107494883 0.992251873 -0.0622969791 0.107494883 0.992251873 -0.0623031631 0.107505552 0.992250383 0.122306921 -0.11880666 0.985355794 0.123593248 0.179590285 0.975946724 0.123595461 0.179493502 0.975964248 0.123605311 0.179607809 0.975941956 0.123605311 0.179607809 0.975941956 0.283390969 -0.136295602 0.949269772 0.393095672 0.0888991132 0.915189981 0.393095672 0.0888991132 0.915189981 0.393095672 0.0888991132 0.915189981 0.393180251 0.088895604 0.91515398 0.370808214 -0.389208585 0.843218744 0.500420749 -0.130205333 0.855935514 0.500495732 -0.130198836 0.855892658 0.500502288 -0.130100518 0.855903804 0.500502288 -0.130100518 0.855903804 0.446778059 -0.389180869 0.80556047 0.574100912 -0.0946000963 0.813301265 0.574100912 -0.0946000963 0.813301265 0.574100912 -0.0946000963 0.813301265 0.574167907 -0.0945946649 0.813254535 0.574173331 -0.0944955647 0.813262284 -0.231591478 -0.424584329 0.875267744 -0.231591478 -0.424584329 0.875267744 0.594525039 0.0754032433 0.800533712 0.274188519 0.41028294 0.869763494 0.274188519 0.41028294 0.869763494 0.33969447 0.0256996527 0.940184653 0.18020381 0.53111136 0.827917457 0.18020381 0.53111136 0.827917457 0.122294649 0.629072607 0.767666399 0.122294649 0.629072607 0.767666399 -0.57149905 0.211799726 0.792798698 -0.697502375 0.257800996 0.668602347 -0.483473182 0.410277277 0.773256958 -0.214594543 0.356091052 0.909476936 -0.172907889 0.187408626 0.966944039 -0.565697849 -0.349898666 0.746697247 -0.580894709 -0.395396352 0.711493552 -0.524477363 -0.362784326 0.770266771 -0.535621107 -0.230709076 0.812332034 -0.547119439 -0.325611532 0.771127403 -0.547119439 -0.325611532 0.771127403 -0.506722391 -0.270611972 0.818536222 -0.506722391 -0.270611972 0.818536222 -0.49991256 0.141603634 0.854421377 -0.509202361 -0.184200808 0.840703905 -0.509202361 -0.184200808 0.840703905 -0.217501983 0.143801406 0.965408742 -0.376687884 -0.0555981435 0.924670279 -0.376687884 -0.0555981435 0.924670279 0.653216422 -0.0907022431 0.751718938 0.653216422 -0.0907022431 0.751718938 0.630488455 0.245095581 0.736486554 0.630488455 0.245095581 0.736486554 0.54949367 0.159198254 0.820190668 0.49349007 -0.306693792 0.813883603 0.524477363 -0.362784326 0.770266771 0.535621107 -0.230709076 0.812332034 0.531690359 -0.0669987276 0.844284654 0.554791749 0.0515993088 0.830387712 0.494412035 -0.37740922 0.783019185 0.370208323 -0.873619795 -0.315807074 -0.0165999476 -0.990097046 -0.139399499 0.0863956586 -0.991350234 0.0987951159 -0.242109045 -0.819630623 0.519219458 0.0330004245 -0.954212368 0.297303915 -0.201394439 -0.735779703 0.646582186 -0.296210587 -0.703225136 0.646323144 -0.354094386 -0.672889352 0.64948982 -0.266004384 -0.906415105 0.328105479 0 -0.715012133 0.699111998 0 -0.947718859 0.31910634 0.266004384 -0.906415105 0.328105479 0 -0.995352745 0.0962954983 0.209893972 -0.963872433 0.16399537 -0.772411525 -0.224003315 0.594308853 -0.578187227 -0.263794154 0.772082925 0.0301992204 -0.87587738 0.481587619 -0.0457021296 -0.695332468 0.717233539 -0.396704614 0.693408191 0.601506889 -0.630488455 0.245095581 0.736486554 -0.630488455 0.245095581 0.736486554 -0.540524602 0.588726938 0.60102731 -0.653216422 -0.0907022431 0.751718938 -0.653216422 -0.0907022431 0.751718938 -0.484883875 0.445385307 0.752674937 -0.310299724 0.381799787 0.87059921 -0.14359352 0.361983746 0.921058416 0 -0.561374247 0.827562094 0 -0.561374247 0.827562094 0.707991898 0.0432995595 0.70489198 0.707991898 0.0432995595 0.70489198 0.549297094 -0.0297997817 0.835095525 0.549297094 -0.0297997817 0.835095525 -0.409703016 -0.70010519 0.584804356 -0.409703016 -0.70010519 0.584804356 -0.29318431 -0.170390844 0.940749705 -0.29318431 -0.170390844 0.940749705 -0.414813906 -0.579719424 0.701323628 -0.414813906 -0.579719424 0.701323628 -0.404108852 -0.0714014992 0.911919892 -0.404108852 -0.0714014992 0.911919892 -0.523702979 -0.414602339 0.744204283 -0.523702979 -0.414602339 0.744204283 -0.549297094 -0.0297997817 0.835095525 -0.549297094 -0.0297997817 0.835095525 -0.698809922 -0.138301924 0.701809943 -0.698809922 -0.138301924 0.701809943 -0.707991898 0.0432995595 0.70489198 -0.707991898 0.0432995595 0.70489198 -0.785532355 -0.0444017872 0.617225468 -0.785532355 -0.0444017872 0.617225468 -0.788385391 0.0690987706 0.611288667 -0.788385391 0.0690987706 0.611288667 -0.864145458 -0.0650033802 0.499026269 -0.864145458 -0.0650033802 0.499026269 0.14359352 0.361983746 0.921058416 0.0122006051 0.898344636 0.439121753 0 0.995777726 0.0917978585 0.0413013995 0.997833967 0.0512016639 -0.132994726 0.893564582 0.42878288 -0.0269009285 0.997034431 0.0721024126 -0.298998505 0.901495636 0.312898368 -0.167799428 0.984296858 0.054799743 -0.102003723 0.988936305 0.107703865 0.884781122 0.0733984709 0.460190207 0.809410393 0.297503889 0.506306469 0.499899685 0.517599821 0.694399536 0.940111279 -0.237402827 0.244602948 0.855220973 -0.235805795 0.461511314 0.675410151 -0.177302629 0.715810716 -0.379005194 -0.878812075 0.289904058 -0.320805132 -0.773712397 0.546308756 -0.429104865 -0.518505871 0.739608407 -0.647996902 -0.236798853 0.723896623 -0.790030718 -0.166506454 0.590022922 0.313885063 -0.87175858 0.376182169 0.157497033 -0.904383123 0.396592647 0.158502698 -0.963216603 0.217003793 -0.0698009804 -0.992814004 0.0972014442 -0.859798014 0.0564999171 0.50749886 -0.888691247 0.0138998963 0.458295435 -0.884128153 -0.133004203 0.447914243 -0.0901966915 -0.963464737 0.252190799 0.184192613 -0.976760924 0.109595671 0.129595071 -0.934764445 0.33078748 0.518895328 -0.389796525 0.760793269 0.629097283 -0.475797921 0.614697397 -0.718826354 -0.536819696 0.441716194 -0.719420969 -0.604817629 0.341510028 -0.629097283 -0.475797921 0.614697397 -0.518895328 -0.389796525 0.760793269 -0.232297033 0.923588336 0.304996073 -0.109596938 0.772178531 0.625882387 -0.109596938 0.772178531 0.625882387 0.547119439 -0.325611532 0.771127403 0.547119439 -0.325611532 0.771127403 0.506722391 -0.270611972 0.818536222 0.506722391 -0.270611972 0.818536222 0.509202361 -0.184200808 0.840703905 0.509202361 -0.184200808 0.840703905 0.33100605 0.741113782 0.584110737 0.396704614 0.693408191 0.601506889 0.342905045 0.891713262 0.295404285 0.540524602 0.588726938 0.60102731 0.298998505 0.901495636 0.312898368 0.484883875 0.445385307 0.752674937 0.132994726 0.893564582 0.42878288 0.310299724 0.381799787 0.87059921 0.201394439 -0.735779703 0.646582186 -0.0330004245 -0.954212368 0.297303915 0.242109045 -0.819630623 0.519219458 -0.0862972587 -0.991368532 0.0986969396 0.201908961 -0.929941416 0.30731374 0.109596938 0.772178531 0.625882387 0.109596938 0.772178531 0.625882387 0.232297033 0.923588336 0.304996073 0.945899427 -0.248599842 0.208499894 0.884128153 -0.133004203 0.447914243 0.888691247 0.0138998963 0.458295435 0.755094171 0.125999078 0.643395007 0.551198244 0.162499562 0.818397462 0.524875343 0.177991718 0.832360923 0.252004504 0.215103924 0.94351685 0 -0.946531653 0.322610855 0 -0.679591417 0.733590841 0 -0.284796387 0.958587945 0 -0.241405979 0.970424175 0.214594543 0.356091052 0.909476936 0.172907889 0.187408626 0.966944039 0.68112725 -0.619324803 0.390515685 0.668183446 -0.381090522 0.638984203 0.650509357 -0.349104971 0.674509764 0.913719535 -0.122602597 0.387408286 0.913719535 -0.122602597 0.387408286 0.945917904 -0.110502064 0.305005759 0.879547298 -0.0541028827 0.472725451 -0.668183446 -0.381090522 0.638984203 -0.650509357 -0.349104971 0.674509764 -0.547519684 -0.406314582 0.731526315 -0.114400752 0.721304893 0.683104455 -0.114400752 0.721304893 0.683104455 -0.129595071 -0.934764445 0.33078748 -0.184192613 -0.976760924 0.109595671 -0.0413013995 0.997833967 0.0512016639 0.0269009285 0.997034431 0.0721024126 0.167799428 0.984296858 0.054799743 0.199407145 0.974635065 0.101603568 0.114400752 0.721304893 0.683104455 0.114400752 0.721304893 0.683104455 -0.592111945 -0.313406289 0.742414951 -0.494412035 -0.37740922 0.783019185 -0.393095672 0.0888991132 0.915189981 -0.393095672 0.0888991132 0.915189981 -0.393095672 0.0888991132 0.915189981 -0.393095672 0.0888991132 0.915189981 -0.50038445 -0.130095884 0.855973363 -0.50038445 -0.130095884 0.855973363 -0.500495732 -0.130198836 0.855892658 -0.500502288 -0.130100518 0.855903804 -0.574095488 -0.094699204 0.813293636 -0.574095488 -0.094699204 0.813293636 -0.574100912 -0.0946000963 0.813301265 -0.574100912 -0.0946000963 0.813301265 -0.574106336 -0.0945009962 0.813308954 0.73920089 0.247900352 0.626200736 0.73920089 0.247900352 0.626200736 0.38238439 0.922162473 -0.0582976863 0.38238439 0.922162473 -0.0582976863 -0.542028666 0.386820465 -0.74603945 0.630263567 0.202688262 -0.749456644 0.630263567 0.202688262 -0.749456644 0.611785829 -0.602386117 -0.512688041 0.611785829 -0.602386117 -0.512688041 -0.63011235 0.202203915 -0.749714673 -0.63011235 0.202203915 -0.749714673 -0.611190498 -0.602390826 -0.513392031 -0.611190498 -0.602390826 -0.513392031 -0.983435035 0.126104534 0.130204618 -0.983435035 0.126104534 0.130204618 -0.880019069 -0.119302556 0.459709972 -0.122294649 0.629072607 0.767666399 -0.122294649 0.629072607 0.767666399 -0.0121002793 -0.18680425 0.982322574 0.238287777 -0.964350641 -0.115094021 0.0698009804 -0.992814004 0.0972014442 -0.158502698 -0.963216603 0.217003793 -0.774753451 0.110893399 0.62246263 -0.0641985238 -0.0754981861 0.995077074 -0.0641985238 -0.0754981861 0.995077074 -0.0642985925 -0.0753982738 0.995078266 -0.0642990842 -0.0752988458 0.995085716 0 -0.684197187 0.729297101 -0.68112725 -0.619324803 0.390515685 0.932816088 -0.0558009334 0.356006116 0.859798014 0.0564999171 0.50749886 0.064199008 -0.0753987655 0.995084703 0.0642985925 -0.0753982738 0.995078266 0.0642985925 -0.0753982738 0.995078266 0.0642990842 -0.0752988458 0.995085716 -0.164295375 -0.919274211 -0.357689828 -0.927927136 -0.363010615 -0.0847024471 -0.793080449 -0.291592777 0.53478682 -0.000300002052 -0.460603178 0.887606204 0.790700018 -0.323100001 0.519999981 -0.203193977 0.852574706 -0.481485754 -0.838809311 0.537905991 0.0840008929 -0.761034071 0.353515923 0.543924272 -0.598410249 0.612810612 0.516108751 0.566590786 0.689688861 0.450892568 0.683582366 0.656183124 0.319591671 0.838809311 0.537905991 0.0840008929 0.203193977 0.852574706 -0.481485754 0.598410249 0.612810612 0.516108751 0.76100713 0.353603423 0.543905079 -0.683582366 0.656183124 0.319591671 -0.566590786 0.689688861 0.450892568 -0.986894786 -0.160799176 0.0134999417 0.987058938 -0.159893364 0.0121995043 0.0239996985 0.710991144 -0.702791274 0.278600335 0.729900956 0.624200642 0.281099796 0.727999628 0.625299513 -0.281099796 0.727999628 0.625299513 -0.278600335 0.729900956 0.624200642 0.386014581 0.858532488 0.337512672 0.0225996114 0.906084478 0.422492653 -0.505596876 0.756295443 0.415197372 0.505617857 0.756326914 0.415114671 -0.0225996114 0.906084478 0.422492653 -0.386014581 0.858532488 0.337512672 0.0534981042 0.645277262 0.76207298 0.46231854 0.582523465 0.668526769 0.734384954 0.453390807 0.505089641 0.603734672 0.494428486 0.625335872 0.362008721 0.529312849 0.767318487 -0.362008721 0.529312849 0.767318487 -0.603734672 0.494428486 0.625335872 -0.734384954 0.453390807 0.505089641 -0.46231854 0.582523465 0.668526769 -0.0534981042 0.645277262 0.76207298 -0.50612253 0.480321467 0.71633178 0.50612253 0.480321467 0.71633178 0.512689829 0.570988715 0.641187191 0.594064116 0.456472397 -0.662360013 0.450577825 0.565772176 -0.690566063 0.520193517 0.551993191 0.651691794 0.505102396 0.568802834 0.649103045 0.589601517 0.474801183 -0.653401732 0.400675744 0.683758736 0.609863043 0.411996573 0.666894495 0.62089479 0.463913232 0.539415359 -0.702720106 -0.250396609 -0.673390985 -0.695590496 -0.250396609 -0.673390985 -0.695590496 0.415494651 0.660491645 0.625391901 0.413113922 0.683923125 0.601320148 0.471011817 0.589514792 -0.656216502 0.370993853 0.668289006 0.644789279 0.435987949 0.573584139 -0.693480849</float_array><technique_common><accessor source="#aqua-geometry-1-normals-array" count="1079" stride="3"><param name="X" type="float"/><param name="Y" type="float"/><param name="Z" type="float"/></accessor></technique_common></source><source id="aqua-geometry-1-uvs"><float_array id="aqua-geometry-1-uvs-array" count="2158">0.24609375 0.484375 0.21484375 0.46484375 0.29296875 0.4609375 0.24609375 0.4375 0.359375 0.640625 0.37109375 0.72265625 0.296875 0.7109375 0.29296875 0.76953125 0.296875 0.671875 0.015625 0.4765625 0.1484375 0.5390625 0.48828125 0.484375 0.04296875 0.4453125 0.1328125 0.53515625 0.0078125 0.45703125 0.48828125 0.46484375 0.43359375 0.9375 0.3828125 0.9453125 0.078125 0.234375 0.125 0.73828125 0.0703125 0.13671875 0.36328125 0.95703125 0.1171875 0.734375 0.37109375 0.93359375 0.046875 0.2578125 0.0390625 0.15625 0.0859375 0.83984375 0.7265625 0.7421875 0.0625 0.85546875 0.11328125 0.8828125 0.0625 0.828125 0.6953125 0.72265625 0.375 0.921875 0.11328125 0.7265625 0.37109375 0.9140625 0.1015625 0.7265625 0.3671875 0.91796875 0.109375 0.73046875 0.36328125 0.92578125 0.00390625 0.6328125 0.015625 0.62109375 0.00390625 0.6171875 0.015625 0.61328125 0.1953125 0.73046875 0.46484375 0.9140625 0.18359375 0.72265625 0.453125 0.90625 0.203125 0.734375 0.47265625 0.921875 0.21484375 0.70703125 0.19140625 0.6953125 0.078125 0.6171875 0.0859375 0.62109375 0.0859375 0.60546875 0.12109375 0.609375 0.14453125 0.53515625 0.48046875 0.48046875 0.00390625 0.4453125 0.48828125 0.45703125 0.15234375 0.578125 0.12109375 0.55859375 0.11328125 0.58984375 0.10546875 0.5546875 0.09765625 0.33984375 0.0859375 0.3671875 0.0625 0.51953125 0.12109375 0.33984375 0.046875 0.51953125 0.12109375 0.3046875 0.0078125 0.45703125 0.48828125 0.46484375 0.015625 0.4765625 0.1484375 0.5390625 0.48828125 0.484375 0.04296875 0.4453125 0.1328125 0.53515625 0.0078125 0.81640625 0.0625 0.85546875 0.0078125 0.8671875 0.11328125 0.8828125 0.1015625 0.7265625 0.3671875 0.91796875 0.375 0.921875 0.109375 0.73046875 0.36328125 0.92578125 0.11328125 0.7265625 0.37109375 0.9140625 0.171875 0.515625 0.1484375 0.5078125 0.1640625 0.4921875 0.1953125 0.5 0.1328125 0.79296875 0.12890625 0.8046875 0.109375 0.79296875 0.15625 0.796875 0.95703125 0.2109375 0.90234375 0.2109375 0.98046875 0.2109375 0.90234375 0.26953125 0.91796875 0.28125 0.9765625 0.265625 0.8671875 0.234375 0.90234375 0.13671875 0.98046875 0.13671875 0.8671875 0.25390625 0.88671875 0.17578125 0.90234375 0.13671875 0.95703125 0.13671875 0.98046875 0.13671875 0.90234375 0.2109375 0.98046875 0.2109375 0.95703125 0.2109375 0.8671875 0.28125 0.88671875 0.14453125 0.90234375 0.13671875 0.95703125 0.13671875 0.98046875 0.13671875 0.859375 0.203125 0.7890625 0.19921875 0.859375 0.171875 0.7890625 0.234375 0.9140625 0.26953125 0.93359375 0.26953125 0.9296875 0.28125 0.953125 0.26953125 0.90234375 0.26953125 0.91796875 0.28125 0.9765625 0.265625 0.9140625 0.26953125 0.93359375 0.26953125 0.9296875 0.28125 0.953125 0.26953125 0.90234375 0.26953125 0.91796875 0.28125 0.9765625 0.265625 0.859375 0.11328125 0.87109375 0.0859375 0.93359375 0.13671875 0.87109375 0.10546875 0.91796875 0.13671875 0.8671875 0.31640625 0.88671875 0.11328125 0.90234375 0.13671875 0.95703125 0.13671875 0.98046875 0.13671875 0.9140625 0.26953125 0.93359375 0.26953125 0.9296875 0.28125 0.953125 0.26953125 0.90234375 0.26953125 0.91796875 0.28125 0.9765625 0.265625 0.9140625 0.26953125 0.93359375 0.26953125 0.9296875 0.28125 0.953125 0.26953125 0.92578125 0.08984375 0.94921875 0.08984375 0.94921875 0.109375 0.96484375 0.08984375 0.91015625 0.0859375 0.93359375 0.109375 0.98046875 0.0859375 0.93359375 0.234375 0.93359375 0.26953125 0.9296875 0.28125 0.953125 0.26953125 0.91796875 0.234375 0.87109375 0.15234375 0.93359375 0.13671875 0.8671875 0.28125 0.88671875 0.14453125 0.90234375 0.13671875 0.95703125 0.13671875 0.98046875 0.13671875 0.859375 0.14453125 0.87109375 0.16796875 0.91796875 0.13671875 0.859375 0.171875 0.7890625 0.19921875 0.859375 0.203125 0.7890625 0.234375 0.90234375 0.26953125 0.91796875 0.28125 0.9765625 0.265625 0.9296875 0.28125 0.953125 0.26953125 0.93359375 0.26953125 0.9140625 0.26953125 0.90234375 0.26953125 0.91796875 0.28125 0.9765625 0.265625 0.9296875 0.28125 0.953125 0.26953125 0.93359375 0.26953125 0.9140625 0.26953125 0.87109375 0.0859375 0.93359375 0.13671875 0.8671875 0.3515625 0.8671875 0.0625 0.95703125 0.13671875 0.859375 0.0859375 0.84375 0.0625 0.84765625 0.359375 0.8671875 0.25390625 0.88671875 0.17578125 0.90234375 0.13671875 0.95703125 0.13671875 0.98046875 0.13671875 0.91796875 0.1875 0.93359375 0.1875 0.94140625 0.0546875 0.92578125 0.0546875 0.92578125 0.08984375 0.91015625 0.0859375 0.93359375 0.109375 0.98046875 0.0859375 0.3359375 0.9453125 0.453125 0.5859375 0.328125 0.9296875 0.375 0.7265625 0.41796875 0.59375 0.3203125 0.92578125 0.41015625 0.734375 0.37890625 0.48046875 0.4140625 0.47265625 0.3046875 0.40625 0.3203125 0.92578125 0.41015625 0.734375 0.328125 0.9296875 0.375 0.7265625 0.41796875 0.59375 0.3359375 0.9453125 0.453125 0.5859375 0.3046875 0.40625 0.4140625 0.47265625 0.37890625 0.48046875 0.1484375 0.5234375 0.16015625 0.53515625 0.1484375 0.5078125 0.390625 0.9375 0.39453125 0.9296875 0.0703125 0.34765625 0.0625 0.3671875 0.05078125 0.3359375 0.09765625 0.8125 0.07421875 0.8203125 0.7109375 0.69140625 0.08984375 0.828125 0.7421875 0.703125 0.2421875 0.72265625 0.2109375 0.7421875 0.48046875 0.9296875 0.2421875 0.73828125 0.01953125 0.7265625 0.03125 0.69921875 0.01953125 0.69921875 0.1953125 0.65625 0.25 0.66796875 0.25390625 0.640625 0.109375 0.47265625 0.08203125 0.49609375 0.37890625 0.33984375 0.09375 0.50390625 0.38671875 0.3671875 0.015625 0.58984375 0.0078125 0.6015625 0.02734375 0.59375 0.04296875 0.7890625 0.015625 0.78515625 0.140625 0.77734375 0.12109375 0.7734375 0.1328125 0.79296875 0.09375 0.7421875 0.09375 0.71875 0.06640625 0.734375 0.01953125 0.4453125 0.42578125 0.33984375 0.40625 0.3125 0.42578125 0.3125 0.0625 0.80078125 0.66796875 0.68359375 0.203125 0.734375 0.47265625 0.921875 0.2109375 0.7421875 0.48046875 0.9296875 0.43359375 0.9375 0.0234375 0.40625 0.0078125 0.4296875 0.01171875 0.44140625 0.14453125 0.53515625 0.48046875 0.48046875 0.39453125 0.2265625 0.41796875 0.12890625 0.22265625 0.74609375 0.2421875 0.73828125 0.23828125 0.75390625 0.0625 0.80078125 0.66796875 0.68359375 0.0625 0.828125 0.6953125 0.72265625 0.04296875 0.7890625 0.2421875 0.8515625 0.9609375 0.765625 0.26171875 0.84765625 0.99609375 0.75 0.25390625 0.88671875 0.09375 0.7421875 0.1171875 0.734375 0.37109375 0.93359375 0.046875 0.2578125 0.0390625 0.15625 0.078125 0.234375 0.125 0.73828125 0.36328125 0.95703125 0.0703125 0.13671875 0.0859375 0.60546875 0.08203125 0.59375 0.11328125 0.58984375 0.0625 0.609375 0.07421875 0.6015625 0.078125 0.6171875 0.12890625 0.66796875 0.12890625 0.6328125 0.1953125 0.65625 0.0546875 0.57421875 0.0625 0.546875 0.0859375 0.5546875 0.12109375 0.7734375 0.1015625 0.76953125 0.109375 0.75 0.09375 0.50390625 0.38671875 0.3671875 0.08203125 0.49609375 0.37890625 0.33984375 0.109375 0.47265625 0.2578125 0.8125 0.23046875 0.8125 0.2421875 0.76171875 0.20703125 0.78515625 0.203125 0.78125 0.22265625 0.7734375 0.0390625 0.58984375 0.02734375 0.59375 0.0390625 0.56640625 0.39453125 0.9296875 0.390625 0.9375 0.48046875 0.453125 0.46875 0.42578125 0.48828125 0.4453125 0.109375 0.99609375 0.0078125 0.99609375 0.1796875 0.76171875 0.203125 0.09765625 0.16015625 0.75390625 0.19921875 0.203125 0.4140625 0.9921875 0.16015625 0.76171875 0.375 0.42578125 0.3828125 0.84765625 0.41796875 0.640625 0.95703125 0.2109375 0.8671875 0.3515625 0.8671875 0.0625 0.95703125 0.13671875 0.87109375 0.16796875 0.91796875 0.13671875 0.859375 0.14453125 0.7890625 0.1484375 0.828125 0.34765625 0.98046875 0.01171875 0.82421875 0.0546875 0.83203125 0.04296875 0.8359375 0.37890625 0.8203125 0.02734375 0.921875 0.01171875 0.82421875 0.3828125 0.82421875 0.0546875 0.91015625 0.01171875 0.984375 0.02734375 0.90234375 0.2109375 0.98046875 0.2109375 0.95703125 0.2109375 0.95703125 0.05078125 0.91015625 0.05078125 0.984375 0.0625 0.82421875 0.0546875 0.83203125 0.04296875 0.8359375 0.37890625 0.8203125 0.02734375 0.921875 0.01171875 0.7890625 0.0859375 0.90234375 0.2109375 0.98046875 0.2109375 0.90234375 0.26953125 0.91796875 0.28125 0.9765625 0.265625 0.9296875 0.28125 0.953125 0.26953125 0.93359375 0.26953125 0.828125 0.34765625 0.98046875 0.01171875 0.8671875 0.31640625 0.88671875 0.11328125 0.90234375 0.13671875 0.95703125 0.13671875 0.98046875 0.13671875 0.94921875 0.109375 0.96484375 0.08984375 0.94921875 0.08984375 0.72265625 0.09765625 0.72265625 0.19140625 0.7890625 0.1484375 0.82421875 0.3828125 0.82421875 0.0546875 0.91015625 0.01171875 0.984375 0.02734375 0.87109375 0.10546875 0.91796875 0.13671875 0.91796875 0.1875 0.93359375 0.1875 0.95703125 0.05078125 0.91015625 0.05078125 0.984375 0.0625 0.91796875 0.234375 0.91796875 0.1875 0.956695557 0.216094971 0.93359375 0.234375 0.91796875 0.234375 0.90234375 0.26953125 0.91796875 0.28125 0.9765625 0.265625 0.90234375 0.2109375 0.98046875 0.2109375 0.956298828 0.222015381 0.93359375 0.1875 0.91796875 0.1875 0.87109375 0.20703125 0.91796875 0.13671875 0.8671875 0.234375 0.90234375 0.13671875 0.98046875 0.13671875 0.90234375 0.2109375 0.98046875 0.2109375 0.956634521 0.216949463 0.93359375 0.234375 0.91796875 0.234375 0.9140625 0.26953125 0.91796875 0.234375 0.93359375 0.234375 0.93359375 0.1875 0.95703125 0.2109375 0.90234375 0.2109375 0.98046875 0.2109375 0.87109375 0.18359375 0.93359375 0.13671875 0.9140625 0.26953125 0.87109375 0.12109375 0.93359375 0.13671875 0.91796875 0.1875 0.87109375 0.13671875 0.91796875 0.13671875 0.77734375 0.42578125 0.9296875 0.703125 0.91796875 0.671875 0.7421875 0.48046875 0.9609375 0.6171875 0.921875 0.59375 0.7265625 0.55078125 0.98046875 0.55078125 0.93359375 0.55078125 0.921875 0.5078125 0.875 0.53515625 0.89453125 0.4765625 0.8515625 0.515625 0.8515625 0.4609375 0.8125 0.47265625 0.7890625 0.43359375 0.77734375 0.50390625 0.7421875 0.48046875 0.72265625 0.55078125 0.8046875 0.4375 0.87109375 0.41796875 0.875 0.46484375 0.78515625 0.4296875 0.94140625 0.44140625 0.9140625 0.4765625 0.765625 0.50390625 0.7734375 0.50390625 0.94921875 0.5078125 0.90234375 0.53515625 0.75 0.55078125 0.9609375 0.55078125 0.90234375 0.56640625 0.75390625 0.59765625 0.9453125 0.59765625 0.921875 0.62109375 0.7734375 0.6796875 0.94140625 0.67578125 0.875 0.63671875 0.875 0.69140625 0.8046875 0.67578125 0.7890625 0.70703125 0.73046875 0.64453125 0.7578125 0.625 0.70703125 0.55859375 0.73828125 0.5546875 0.7578125 0.48828125 0.796875 0.5078125 0.83203125 0.4765625 0.875 0.51953125 0.875 0.56640625 0.890625 0.625 0.8515625 0.58203125 0.84765625 0.63671875 0.80859375 0.625 0.78515625 0.66796875 0.77734375 0.59375 0.73828125 0.62109375 0.796875 0.58984375 0.83203125 0.625 0.84765625 0.56640625 0.875 0.58203125 0.875 0.55078125 0.78515625 0.546875 0.84765625 0.53515625 0.84765625 0.546875 0.82421875 0.53125 0.82421875 0.56640625 0.765625 0.55078125 0.9140625 0.43359375 0.8515625 0.421875 0.8515625 0.69140625 0.703125 0.546875 0.7265625 0.46484375 0.734375 0.62109375 0.71875 0.55078125 0.3203125 0.96484375 0.72265625 0.234375 0.7890625 0.28125 0.72265625 0.28125 0.78515625 0.33203125 0.72265625 0.328125 0.72265625 0.05859375 0.765625 0.03125 0.77734375 0.359375 0.859375 0.11328125 0.7734375 0.05078125 0.92578125 0.046875 0.81640625 0.3828125 0.8203125 0.0078125 0.9453125 0.01171875 0.94140625 0.046875 0.8203125 0.37109375 0.96875 0.01171875 0.7421875 0.48046875 0.9609375 0.484375 0.7265625 0.46484375 0.73828125 0.48046875 0.7265625 0.47265625 0.27734375 0.9609375 0.20703125 0.9921875 0.87109375 0.15234375 0.93359375 0.13671875 0.72265625 0.19140625 0.72265625 0.234375 0.7890625 0.28125 0.72265625 0.28125 0.78515625 0.33203125 0.72265625 0.328125 0.72265625 0.05859375 0.765625 0.03125 0.77734375 0.359375 0.87109375 0.18359375 0.93359375 0.13671875 0.87109375 0.20703125 0.91796875 0.13671875 0.92578125 0.046875 0.94140625 0.046875 0.81640625 0.3828125 0.8203125 0.0078125 0.9453125 0.01171875 0.8203125 0.37109375 0.96875 0.01171875 0.94140625 0.0546875 0.92578125 0.0546875 0.87109375 0.12109375 0.93359375 0.13671875 0.87109375 0.13671875 0.91796875 0.13671875 0.70703125 0.09765625 0.70703125 0.328125 0.70703125 0.05859375 0.72265625 0.09765625 0.7734375 0.05078125 0.7890625 0.0859375 0.84375 0.0625 0.84765625 0.359375 0.859375 0.0859375 0.70703125 0.234375 0.70703125 0.328125 0.70703125 0.05859375 0.70703125 0.09765625 0.70703125 0.19140625 0.70703125 0.234375 0.10546875 0.5078125 0.3984375 0.3984375 0.12890625 0.48828125 0.1171875 0.453125 0.140625 0.46484375 0.1328125 0.4140625 0.1640625 0.43359375 0.1484375 0.3984375 0.1796875 0.41796875 0.16796875 0.38671875 0.19921875 0.41015625 0.21875 0.34765625 0.24609375 0.4375 0.29296875 0.4609375 0.328125 0.49609375 0.34765625 0.5390625 0.26953125 0.51171875 0.28515625 0.5625 0.234375 0.5390625 0.25 0.57421875 0.203125 0.56640625 0.19921875 0.59375 0.08203125 0.59375 0.07421875 0.6015625 0.0625 0.609375 0.06640625 0.59375 0.0625 0.58984375 0.0546875 0.58203125 0.046875 0.59375 0.0390625 0.58984375 0.015625 0.61328125 0.015625 0.62109375 0.01171875 0.66796875 0.02734375 0.66796875 0.046875 0.63671875 0.07421875 0.63671875 0.05859375 0.62109375 0.046875 0.54296875 0.0546875 0.58203125 0.046875 0.59375 0.0625 0.58984375 0.06640625 0.59375 0.0859375 0.62109375 0.12109375 0.609375 0.1953125 0.625 0.25390625 0.640625 0.25 0.66796875 0.296875 0.671875 0.2421875 0.72265625 0.296875 0.7109375 0.29296875 0.76953125 0.21484375 0.765625 0.19921875 0.7734375 0.18359375 0.77734375 0.18359375 0.7890625 0.16015625 0.78125 0.140625 0.77734375 0.08203125 0.76953125 0.06640625 0.734375 0.09375 0.71875 0.06640625 0.72265625 0.09375 0.703125 0.0703125 0.6875 0.07421875 0.63671875 0.359375 0.59375 0.359375 0.640625 0.29296875 0.59765625 0.296875 0.6328125 0.25390625 0.609375 0.1953125 0.625 0.12890625 0.6328125 0.12890625 0.66796875 0.0703125 0.6875 0.03125 0.69921875 0.03125 0.7265625 0.03515625 0.7578125 0.06640625 0.77734375 0.07421875 0.8203125 0.7109375 0.69140625 0.09765625 0.8125 0.08984375 0.828125 0.7421875 0.703125 0.12890625 0.82421875 0.12890625 0.83984375 0.77734375 0.71875 0.1640625 0.828125 0.1640625 0.84375 0.8203125 0.734375 0.203125 0.8203125 0.1953125 0.84375 0.8671875 0.7578125 0.21875 0.84375 0.90234375 0.765625 0.2421875 0.84375 0.95703125 0.75390625 0.21484375 0.74609375 0.48828125 0.9453125 0.39453125 0.2265625 0.41796875 0.12890625 0.22265625 0.74609375 0.23828125 0.75390625 0.2109375 0.7578125 0.21484375 0.765625 0.1953125 0.76171875 0.19921875 0.7734375 0.18359375 0.77734375 0.16015625 0.78125 0.15625 0.796875 0.12890625 0.8046875 0.109375 0.79296875 0.08203125 0.76953125 0.06640625 0.77734375 0.1953125 0.8984375 0.15234375 0.578125 0.19921875 0.59375 0.203125 0.56640625 0.25 0.57421875 0.234375 0.5390625 0.28515625 0.5625 0.26953125 0.51171875 0.34765625 0.5390625 0.328125 0.49609375 0.19921875 0.41015625 0.16796875 0.38671875 0.1796875 0.41796875 0.1484375 0.3984375 0.1640625 0.43359375 0.1328125 0.4140625 0.140625 0.46484375 0.1171875 0.453125 0.12890625 0.48828125 0.10546875 0.5078125 0.3984375 0.3984375 0.1484375 0.75 0.3984375 0.9921875 0.16015625 0.20703125 0.14453125 0.10546875 0.1484375 0.7578125 0.12890625 0.76171875 0.109375 0.75 0.1015625 0.76953125 0.03515625 0.7578125 0.01953125 0.7578125 0.0859375 0.83984375 0.7265625 0.7421875 0.125 0.8515625 0.76171875 0.75390625 0.1640625 0.8515625 0.80859375 0.76953125 0.12890625 0.76171875 0.13671875 0.75390625 0.1484375 0.7578125 0.1484375 0.75 0.14453125 0.10546875 0.16015625 0.20703125 0.3984375 0.9921875 0.16015625 0.76171875 0.19921875 0.203125 0.203125 0.09765625 0.16015625 0.75390625 0.4140625 0.9921875 0.1796875 0.76171875 0.24609375 0.203125 0.26953125 0.09375 0.4375 0.9921875 0.1796875 0.75390625 0.1953125 0.76171875 0.45703125 0.98046875 0.29296875 0.203125 0.1953125 0.75 0.32421875 0.10546875 0.2109375 0.7578125 0.20703125 0.75 0.3515625 0.21875 0.47265625 0.96875 0.37890625 0.1171875 0.20703125 0.75 0.21484375 0.74609375 0.48828125 0.9453125 0.21484375 0.70703125 0.1953125 0.73046875 0.46484375 0.9140625 0.19140625 0.6953125 0.18359375 0.72265625 0.453125 0.90625 0.16796875 0.72265625 0.4140625 0.90625 0.03125 0.7265625 0.06640625 0.72265625 0.09375 0.703125 0.12109375 0.703125 0.15625 0.6953125 0.1640625 0.4921875 0.171875 0.515625 0.1796875 0.5546875 0.1484375 0.55859375 0.0703125 0.4140625 0.109375 0.52734375 0.09375 0.5234375 0.09375 0.38671875 0.0859375 0.5546875 0.078125 0.5234375 0.109375 0.36328125 0.0625 0.546875 0.0625 0.51953125 0.12109375 0.33984375 0.1171875 0.515625 0.421875 0.4296875 0.1328125 0.5234375 0.4453125 0.453125 0.1484375 0.5234375 0.16015625 0.53515625 0.1796875 0.5546875 0.1484375 0.55859375 0.12109375 0.55859375 0.10546875 0.5546875 0.0703125 0.5859375 0.0078125 0.44140625 0.01171875 0.44140625 0.03515625 0.41015625 0.046875 0.4140625 0.05078125 0.38671875 0.0703125 0.39453125 0.0859375 0.3671875 0.09765625 0.33984375 0.0703125 0.32421875 0.09375 0.3046875 0.0703125 0.3046875 0.0703125 0.32421875 0.05078125 0.3046875 0.05078125 0.3359375 0.2421875 0.76171875 0.22265625 0.7734375 0.203125 0.78125 0.18359375 0.7890625 0.46875 0.45703125 0.1328125 0.5234375 0.4453125 0.453125 0.453125 0.4296875 0.1171875 0.515625 0.421875 0.4296875 0.43359375 0.39453125 0.41796875 0.3671875 0.41015625 0.33984375 0.06640625 0.48828125 0.37890625 0.3125 0.21875 0.8515625 0.8984375 0.78125 0.1953125 0.8515625 0.859375 0.78125 0.12890625 0.83984375 0.77734375 0.71875 0.125 0.8515625 0.76171875 0.75390625 0.1640625 0.84375 0.8203125 0.734375 0.1640625 0.8515625 0.80859375 0.76953125 0.1953125 0.84375 0.8671875 0.7578125 0.1953125 0.8515625 0.859375 0.78125 0.21875 0.84375 0.90234375 0.765625 0.21875 0.8515625 0.8984375 0.78125 0.2421875 0.84375 0.95703125 0.75390625 0.2421875 0.8515625 0.9609375 0.765625 0.26171875 0.84765625 0.99609375 0.75 0.41015625 0.33984375 0.42578125 0.33984375 0.46484375 0.3125 0.46484375 0.33984375 0.4375 0.3671875 0.46484375 0.3671875 0.44921875 0.39453125 0.46875 0.39453125 0.484375 0.42578125 0.05859375 0.62109375 0.046875 0.63671875 0.02734375 0.66796875 0.359375 0.59375 0.29296875 0.59765625 0.25390625 0.609375 0.12890625 0.82421875 0.1640625 0.828125 0.203125 0.8203125 0.23046875 0.8125 0.2578125 0.8125 0.0703125 0.34765625 0.0625 0.3671875 0.04296875 0.35546875 0.03515625 0.375 0.33984375 0.91796875 0.2890625 0.8671875 0.28515625 0.80859375 0.20703125 0.78515625 0.15234375 0.8046875 0.1796875 0.8046875 0.20703125 0.5390625 0.2265625 0.50390625 0.21484375 0.46484375 0.24609375 0.484375 0.2265625 0.50390625 0.20703125 0.5390625 0.39453125 0.921875 0.13671875 0.72265625 0.38671875 0.9140625 0.0703125 0.4140625 0.109375 0.52734375 0.09375 0.5234375 0.09375 0.38671875 0.078125 0.5234375 0.109375 0.36328125 0.48046875 0.453125 0.46875 0.45703125 0.46875 0.42578125 0.453125 0.4296875 0.44921875 0.39453125 0.43359375 0.39453125 0.4375 0.3671875 0.41796875 0.3671875 0.0703125 0.39453125 0.05078125 0.38671875 0.046875 0.4140625 0.03515625 0.41015625 0.01953125 0.4453125 0.13671875 0.72265625 0.38671875 0.9140625 0.39453125 0.921875 0.3828125 0.9453125 0.28515625 0.80859375 0.2890625 0.8671875 0.27734375 0.9609375 0.1953125 0.8984375 0.20703125 0.9921875 0.109375 0.99609375 0.140625 0.37109375 0.12109375 0.38671875 0.109375 0.40234375 0.09375 0.44140625 0.12109375 0.703125 0.15625 0.6953125 0.203125 0.43359375 0.1796875 0.44140625 0.1796875 0.47265625 0.3828125 0.84765625 0.44140625 0.71875 0.359375 0.640625 0.296875 0.6328125 0.1796875 0.44140625 0.1796875 0.47265625 0.1953125 0.5 0.15625 0.71875 0.3984375 0.9140625 0.1796875 0.8046875 0.15234375 0.8046875 0.46484375 0.33984375 0.46484375 0.3671875 0.46875 0.39453125 0.484375 0.42578125 0.15625 0.71875 0.3984375 0.9140625 0.0546875 0.57421875 0.0703125 0.5859375 0.1796875 0.75390625 0.24609375 0.203125 0.26953125 0.09375 0.4375 0.9921875 0.29296875 0.203125 0.32421875 0.10546875 0.45703125 0.98046875 0.1953125 0.75 0.20703125 0.75 0.47265625 0.96875 0.3515625 0.21875 0.37890625 0.1171875 0.20703125 0.75 0.31640625 0.98046875 0.40234375 0.87890625 0.3046875 0.98828125 0.453125 0.90234375 0.3203125 0.96484375 0.3046875 0.96875 0.48828125 0.8515625 0.30859375 0.9375 0.46484375 0.78125 0.3046875 0.96875 0.48828125 0.8515625 0.30859375 0.9375 0.46484375 0.78125 0.3046875 0.98828125 0.453125 0.90234375 0.40234375 0.87890625 0.16796875 0.72265625 0.4140625 0.90625 0.13671875 0.75390625 0.0234375 0.40625 0.03515625 0.375 0.04296875 0.35546875 0.25390625 0.88671875 0.12109375 0.21484375 0.37890625 0.98046875 0.140625 0.74609375 0.1015625 0.12109375 0.0859375 0.4609375 0.203125 0.43359375 0.37109375 0.72265625 0.33984375 0.91796875 0.12109375 0.21484375 0.140625 0.74609375 0.37890625 0.98046875 0.1015625 0.12109375 0.0078125 0.4296875 0.375 0.42578125 0.32421875 0.359375 0.26171875 0.3125 0.32421875 0.359375 0.00390625 0.109375 0.0390625 0.07421875 0.04296875 0.1796875 0.00390625 0.21484375 0.3984375 0.0625 0.3359375 0.02734375 0.0390625 0.07421875 0.00390625 0.109375 0.00390625 0.21484375 0.04296875 0.1796875 0.3359375 0.02734375 0.3984375 0.0625 0.3828125 0.39453125 0.3828125 0.39453125 0.70703125 0.19140625 0.44140625 0.1015625 0.46484375 0.06640625 0.46484375 0.06640625 0.44140625 0.1015625 0.2421875 0.0078125 0.1640625 0.01171875 0.09375 0.03515625 0.09375 0.03515625 0.1640625 0.01171875 0.2421875 0.0078125 0.18359375 0.11328125 0.24609375 0.1171875 0.30859375 0.12890625 0.38671875 0.16015625 0.46484375 0.16796875 0.46484375 0.16796875 0.38671875 0.16015625 0.30859375 0.12890625 0.24609375 0.1171875 0.18359375 0.11328125 0.1015625 0.13671875 0.1015625 0.13671875 0.93359375 0.234375 0.91796875 0.234375 0.91796875 0.1875 0.93359375 0.234375 0.93359375 0.234375 0.91796875 0.234375 0.93359375 0.1875 0.93359375 0.234375 0.91796875 0.234375 0.90234375 0.2109375 0.98046875 0.2109375 0.93359375 0.1875 0.93359375 0.1875 0.91796875 0.1875 0.93359375 0.1875 0.91796875 0.1875</float_array><technique_common><accessor source="#aqua-geometry-1-uvs-array" count="1079" stride="2"><param name="S" type="float"/><param name="T" type="float"/></accessor></technique_common></source><vertices id="aqua-geometry-1-vertices"><input semantic="POSITION" source="#aqua-geometry-1-positions"/></vertices><triangles material="aqua-material-1-symbol" count="1485"><input semantic="VERTEX" source="#aqua-geometry-1-vertices" offset="0"/><input semantic="NORMAL" source="#aqua-geometry-1-normals" offset="1"/><input semantic="TEXCOORD" source="#aqua-geometry-1-uvs" offset="2" set="0"/><p>0 0 0 1 1 1 2 2 2 3 3 3 2 2 2 1 1 1 5 5 5 6 6 6 7 7 7 6 6 6 5 5 5 8 8 8 16 16 16 17 17 17 21 21 21 23 23 23 21 21 21 17 17 17 26 26 26 28 28 28 29 29 29 26 26 26 30 30 30 28 28 28 32 32 32 34 34 34 36 36 36 38 38 38 32 32 32 36 36 36 39 39 39 40 40 40 41 41 41 41 41 41 40 40 40 42 42 42 44 44 44 46 46 46 16 16 16 48 48 48 44 44 44 16 16 16 49 49 49 50 50 50 43 43 43 47 47 47 49 49 49 43 43 43 51 51 51 52 52 52 53 53 53 54 54 54 53 53 53 52 52 52 11 11 11 56 56 56 15 15 15 15 15 15 56 56 56 58 58 58 59 59 59 60 60 60 61 61 61 62 62 62 61 61 61 60 60 60 63 63 63 64 64 64 66 66 66 68 68 68 63 63 63 66 66 66 76 76 76 77 77 77 78 78 78 78 78 78 77 77 77 79 79 79 81 81 81 82 82 82 84 84 84 81 81 81 86 86 86 82 82 82 87 87 87 88 88 88 89 89 89 87 87 87 89 89 89 90 90 90 91 91 91 92 92 92 93 93 93 91 91 91 94 94 94 92 92 92 95 95 95 97 97 97 100 100 100 103 103 103 97 97 97 95 95 95 108 108 108 110 110 110 111 111 111 111 111 111 115 115 115 108 108 108 117 117 117 118 118 118 119 119 119 118 118 118 117 117 117 120 120 120 121 121 121 122 122 122 123 123 123 123 123 123 126 126 126 121 121 121 128 128 128 129 129 129 130 130 130 130 130 130 133 133 133 128 128 128 135 135 135 136 136 136 138 138 138 135 135 135 138 138 138 141 141 141 145 145 145 146 146 146 147 147 147 147 147 147 150 150 150 145 145 145 152 152 152 153 153 153 154 154 154 154 154 154 99 99 99 152 152 152 156 156 156 157 157 157 158 158 158 158 158 158 161 161 161 156 156 156 163 163 163 164 164 164 166 166 166 164 164 164 163 163 163 167 167 167 168 168 168 171 171 171 175 175 175 175 175 175 176 176 176 168 168 168 178 178 178 179 179 179 180 180 180 181 181 181 180 180 180 179 179 179 183 183 183 185 185 185 187 187 187 187 187 187 188 188 188 183 183 183 190 190 190 192 192 192 194 194 194 194 194 194 195 195 195 190 190 190 196 196 196 199 199 199 201 201 201 202 202 202 201 201 201 199 199 199 206 206 206 209 209 209 177 177 177 177 177 177 209 209 209 210 210 210 211 211 211 212 212 212 213 213 213 212 212 212 214 214 214 213 213 213 217 217 217 219 219 219 222 222 222 224 224 224 225 225 225 226 226 226 227 227 227 229 229 229 232 232 232 234 234 234 235 235 235 236 236 236 237 237 237 238 238 238 239 239 239 32 32 32 240 240 240 241 241 241 242 242 242 243 243 243 244 244 244 245 245 245 246 246 246 248 248 248 250 250 250 251 251 251 253 253 253 254 254 254 255 255 255 256 256 256 257 257 257 258 258 258 259 259 259 260 260 260 261 261 261 263 263 263 265 265 265 266 266 266 267 267 267 76 76 76 268 268 268 269 269 269 270 270 270 271 271 271 272 272 272 273 273 273 274 274 274 275 275 275 276 276 276 9 9 9 14 14 14 277 277 277 278 278 278 279 279 279 247 247 247 281 281 281 31 31 31 283 283 283 285 285 285 286 286 286 287 287 287 288 288 288 289 289 289 70 70 70 291 291 291 73 73 73 294 294 294 295 295 295 296 296 296 297 297 297 299 299 299 301 301 301 302 302 302 304 304 304 306 306 306 307 307 307 308 308 308 313 313 313 316 316 316 317 317 317 318 318 318 319 319 319 320 320 320 321 321 321 322 322 322 323 323 323 324 324 324 325 325 325 326 326 326 327 327 327 328 328 328 329 329 329 330 330 330 331 331 331 333 333 333 335 335 335 336 336 336 337 337 337 338 338 338 339 339 339 340 340 340 341 341 341 342 342 342 343 343 343 344 344 344 345 345 345 346 346 346 82 82 82 347 347 347 348 348 348 349 349 349 350 350 350 78 78 78 351 351 351 352 352 352 354 354 354 357 357 357 152 152 152 98 98 98 96 96 96 361 361 361 124 124 124 122 122 122 137 137 137 364 364 364 361 361 361 119 119 119 365 365 365 105 105 105 367 367 367 368 368 368 135 135 135 140 140 140 362 362 362 369 369 369 372 372 372 374 374 374 377 377 377 116 116 116 381 381 381 382 382 382 370 370 370 379 379 379 383 383 383 159 159 159 385 385 385 162 162 162 386 386 386 389 389 389 391 391 391 392 392 392 182 182 182 188 188 188 205 205 205 176 176 176 178 178 178 395 395 395 397 397 397 399 399 399 400 400 400 198 198 198 402 402 402 215 215 215 407 407 407 409 409 409 410 410 410 411 411 411 412 412 412 414 414 414 389 389 389 387 387 387 418 418 418 419 419 419 420 420 420 416 416 416 421 421 421 423 423 423 216 216 216 423 423 423 408 408 408 424 424 424 380 380 380 425 425 425 184 184 184 393 393 393 186 186 186 393 393 393 426 426 426 186 186 186 186 186 186 426 426 426 187 187 187 426 426 426 427 427 427 187 187 187 187 187 187 427 427 427 188 188 188 427 427 427 428 428 428 188 188 188 188 188 188 428 428 428 392 392 392 428 428 428 419 419 419 392 392 392 392 392 392 419 419 419 404 404 404 419 419 419 418 418 418 404 404 404 431 431 431 433 433 433 166 166 166 433 433 433 434 434 434 166 166 166 166 166 166 434 434 434 163 163 163 434 434 434 435 435 435 163 163 163 163 163 163 435 435 435 167 167 167 435 435 435 436 436 436 167 167 167 167 167 167 436 436 436 432 432 432 436 436 436 438 438 438 432 432 432 432 432 432 438 438 438 440 440 440 191 191 191 443 443 443 193 193 193 443 443 443 444 444 444 193 193 193 193 193 193 444 444 444 194 194 194 444 444 444 445 445 445 194 194 194 194 194 194 445 445 445 195 195 195 445 445 445 446 446 446 195 195 195 195 195 195 446 446 446 189 189 189 446 446 446 442 442 442 189 189 189 394 394 394 447 447 447 448 448 448 447 447 447 449 449 449 448 448 448 448 448 448 449 449 449 450 450 450 449 449 449 451 451 451 450 450 450 450 450 450 451 451 451 405 405 405 451 451 451 453 453 453 405 405 405 405 405 405 453 453 453 174 174 174 433 433 433 441 441 441 434 434 434 441 441 441 207 207 207 434 434 434 434 434 434 207 207 207 435 435 435 207 207 207 455 455 455 435 435 435 435 435 435 455 455 455 436 436 436 455 455 455 438 438 438 436 436 436 432 432 432 429 429 429 167 167 167 429 429 429 456 456 456 167 167 167 167 167 167 456 456 456 164 164 164 456 456 456 430 430 430 164 164 164 164 164 164 430 430 430 165 165 165 393 393 393 406 406 406 426 426 426 406 406 406 200 200 200 426 426 426 426 426 426 200 200 200 420 420 420 200 200 200 197 197 197 420 420 420 420 420 420 197 197 197 418 418 418 206 206 206 442 442 442 209 209 209 442 442 442 446 446 446 209 209 209 209 209 209 446 446 446 210 210 210 446 446 446 445 445 445 210 210 210 210 210 210 445 445 445 444 444 444 443 443 443 208 208 208 444 444 444 208 208 208 173 173 173 444 444 444 444 444 444 173 173 173 210 210 210 173 173 173 169 169 169 210 210 210 210 210 210 169 169 169 177 177 177 405 405 405 458 458 458 450 450 450 458 458 458 459 459 459 450 450 450 450 450 450 459 459 459 448 448 448 459 459 459 452 452 452 448 448 448 448 448 448 452 452 452 394 394 394 399 399 399 398 398 398 451 451 451 398 398 398 396 396 396 451 451 451 451 451 451 396 396 396 453 453 453 451 451 451 449 449 449 399 399 399 449 449 449 447 447 447 399 399 399 399 399 399 447 447 447 395 395 395 419 419 419 428 428 428 420 420 420 428 428 428 427 427 427 420 420 420 420 420 420 427 427 427 426 426 426 458 458 458 461 461 461 459 459 459 461 461 461 172 172 172 459 459 459 459 459 459 172 172 172 452 452 452 463 463 463 464 464 464 466 466 466 464 464 464 467 467 467 466 466 466 466 466 466 467 467 467 469 469 469 467 467 467 470 470 470 469 469 469 469 469 469 470 470 470 471 471 471 470 470 470 472 472 472 471 471 471 471 471 471 472 472 472 473 473 473 472 472 472 474 474 474 473 473 473 473 473 473 474 474 474 475 475 475 474 474 474 476 476 476 475 475 475 475 475 475 476 476 476 477 477 477 476 476 476 478 478 478 477 477 477 477 477 477 478 478 478 479 479 479 478 478 478 480 480 480 479 479 479 481 481 481 482 482 482 483 483 483 482 482 482 485 485 485 483 483 483 483 483 483 485 485 485 486 486 486 485 485 485 489 489 489 486 486 486 486 486 486 489 489 489 490 490 490 489 489 489 492 492 492 490 490 490 490 490 490 492 492 492 493 493 493 492 492 492 495 495 495 493 493 493 493 493 493 495 495 495 496 496 496 495 495 495 498 498 498 496 496 496 496 496 496 498 498 498 499 499 499 498 498 498 500 500 500 499 499 499 499 499 499 500 500 500 501 501 501 502 502 502 503 503 503 504 504 504 503 503 503 505 505 505 504 504 504 504 504 504 505 505 505 506 506 506 505 505 505 507 507 507 506 506 506 506 506 506 507 507 507 508 508 508 507 507 507 481 481 481 508 508 508 508 508 508 481 481 481 509 509 509 481 481 481 483 483 483 509 509 509 509 509 509 483 483 483 510 510 510 483 483 483 486 486 486 510 510 510 510 510 510 486 486 486 490 490 490 470 470 470 467 467 467 511 511 511 467 467 467 512 512 512 511 511 511 511 511 511 512 512 512 513 513 513 512 512 512 514 514 514 513 513 513 513 513 513 514 514 514 515 515 515 514 514 514 516 516 516 515 515 515 515 515 515 516 516 516 517 517 517 516 516 516 518 518 518 517 517 517 517 517 517 518 518 518 480 480 480 502 502 502 504 504 504 501 501 501 504 504 504 519 519 519 501 501 501 501 501 501 519 519 519 520 520 520 519 519 519 521 521 521 520 520 520 520 520 520 521 521 521 522 522 522 521 521 521 523 523 523 522 522 522 522 522 522 523 523 523 493 493 493 523 523 523 490 490 490 493 493 493 504 504 504 506 506 506 519 519 519 506 506 506 524 524 524 519 519 519 519 519 519 524 524 524 521 521 521 524 524 524 525 525 525 521 521 521 521 521 521 525 525 525 523 523 523 525 525 525 510 510 510 523 523 523 523 523 523 510 510 510 490 490 490 470 470 470 511 511 511 472 472 472 511 511 511 526 526 526 472 472 472 472 472 472 526 526 526 474 474 474 526 526 526 527 527 527 474 474 474 474 474 474 527 527 527 476 476 476 527 527 527 478 478 478 476 476 476 511 511 511 513 513 513 526 526 526 513 513 513 528 528 528 526 526 526 526 526 526 528 528 528 527 527 527 528 528 528 529 529 529 527 527 527 527 527 527 529 529 529 478 478 478 529 529 529 480 480 480 478 478 478 513 513 513 515 515 515 528 528 528 515 515 515 517 517 517 528 528 528 528 528 528 517 517 517 529 529 529 517 517 517 480 480 480 529 529 529 471 471 471 473 473 473 530 530 530 473 473 473 475 475 475 530 530 530 530 530 530 475 475 475 531 531 531 475 475 475 477 477 477 531 531 531 501 501 501 520 520 520 499 499 499 520 520 520 522 522 522 499 499 499 499 499 499 522 522 522 496 496 496 522 522 522 493 493 493 496 496 496 512 512 512 464 464 464 514 514 514 464 464 464 532 532 532 514 514 514 514 514 514 532 532 532 516 516 516 468 468 468 533 533 533 465 465 465 533 533 533 534 534 534 465 465 465 465 465 465 534 534 534 462 462 462 509 509 509 525 525 525 508 508 508 525 525 525 524 524 524 508 508 508 508 508 508 524 524 524 506 506 506 535 535 535 494 494 494 536 536 536 494 494 494 491 491 491 536 536 536 536 536 536 491 491 491 487 487 487 176 176 176 175 175 175 178 178 178 175 175 175 412 412 412 178 178 178 178 178 178 412 412 412 179 179 179 412 412 412 411 411 411 179 179 179 179 179 179 411 411 411 181 181 181 411 411 411 538 538 538 181 181 181 181 181 181 538 538 538 539 539 539 538 538 538 540 540 540 539 539 539 539 539 539 540 540 540 541 541 541 540 540 540 542 542 542 541 541 541 541 541 541 542 542 542 545 545 545 402 402 402 170 170 170 539 539 539 170 170 170 204 204 204 539 539 539 539 539 539 204 204 204 181 181 181 204 204 204 439 439 439 181 181 181 181 181 181 439 439 439 180 180 180 439 439 439 437 437 437 180 180 180 180 180 180 437 437 437 178 178 178 437 437 437 454 454 454 178 178 178 178 178 178 454 454 454 205 205 205 171 171 171 460 460 460 175 175 175 460 460 460 546 546 546 175 175 175 175 175 175 546 546 546 412 412 412 546 546 546 391 391 391 412 412 412 412 412 412 391 391 391 410 410 410 391 391 391 547 547 547 410 410 410 410 410 410 547 547 547 543 543 543 547 547 547 544 544 544 543 543 543 415 415 415 422 422 422 390 390 390 422 422 422 548 548 548 390 390 390 390 390 390 548 548 548 551 551 551 548 548 548 552 552 552 551 551 551 551 551 551 552 552 552 554 554 554 552 552 552 421 421 421 554 554 554 554 554 554 421 421 421 401 401 401 421 421 421 416 416 416 401 401 401 423 423 423 421 421 421 408 408 408 421 421 421 211 211 211 408 408 408 408 408 408 211 211 211 409 409 409 211 211 211 213 213 213 409 409 409 409 409 409 213 213 213 215 215 215 421 421 421 552 552 552 211 211 211 552 552 552 548 548 548 211 211 211 211 211 211 548 548 548 212 212 212 548 548 548 422 422 422 212 212 212 212 212 212 422 422 422 214 214 214 417 417 417 196 196 196 546 546 546 196 196 196 201 201 201 546 546 546 546 546 546 201 201 201 391 391 391 201 201 201 202 202 202 391 391 391 391 391 391 202 202 202 386 386 386 402 402 402 539 539 539 400 400 400 539 539 539 541 541 541 400 400 400 400 400 400 541 541 541 553 553 553 541 541 541 545 545 545 553 553 553 553 553 553 545 545 545 549 549 549 460 460 460 457 457 457 546 546 546 457 457 457 403 403 403 546 546 546 546 546 546 403 403 403 417 417 417 413 413 413 388 388 388 400 400 400 388 388 388 203 203 203 400 400 400 400 400 400 203 203 203 198 198 198 391 391 391 389 389 389 547 547 547 389 389 389 550 550 550 547 547 547 547 547 547 550 550 550 544 544 544 556 556 556 471 471 471 530 530 530 556 556 556 469 469 469 471 471 471 468 468 468 555 555 555 533 533 533 557 557 557 533 533 533 555 555 555 536 536 536 487 487 487 558 558 558 464 464 464 512 512 512 467 467 467 507 507 507 505 505 505 559 559 559 497 497 497 494 494 494 535 535 535 510 510 510 525 525 525 509 509 509 488 488 488 484 484 484 558 558 558 562 562 562 365 365 365 367 367 367 365 365 365 119 119 119 367 367 367 367 367 367 119 119 119 368 368 368 119 119 119 118 118 118 368 368 368 368 368 368 118 118 118 564 564 564 118 118 118 120 120 120 564 564 564 564 564 564 120 120 120 565 565 565 120 120 120 566 566 566 565 565 565 565 565 565 566 566 566 567 567 567 566 566 566 568 568 568 567 567 567 567 567 567 568 568 568 569 569 569 568 568 568 572 572 572 569 569 569 105 105 105 573 573 573 119 119 119 573 573 573 575 575 575 119 119 119 119 119 119 575 575 575 117 117 117 575 575 575 101 101 101 117 117 117 117 117 117 101 101 101 120 120 120 101 101 101 104 104 104 120 120 120 120 120 120 104 104 104 566 566 566 104 104 104 112 112 112 566 566 566 566 566 566 112 112 112 140 140 140 384 384 384 378 378 378 577 577 577 378 378 378 375 375 375 577 577 577 577 577 577 375 375 375 578 578 578 375 375 375 581 581 581 578 578 578 578 578 578 581 581 581 383 383 383 581 581 581 583 583 583 383 383 383 383 383 383 583 583 583 370 370 370 379 379 379 385 385 385 383 383 383 385 385 385 159 159 159 383 383 383 383 383 383 159 159 159 584 584 584 159 159 159 157 157 157 584 584 584 584 584 584 157 157 157 585 585 585 157 157 157 156 156 156 585 585 585 585 585 585 156 156 156 160 160 160 141 141 141 586 586 586 135 135 135 586 586 586 588 588 588 135 135 135 135 135 135 588 588 588 367 367 367 588 588 588 113 113 113 367 367 367 367 367 367 113 113 113 562 562 562 590 590 590 592 592 592 593 593 593 592 592 592 570 570 570 593 593 593 593 593 593 570 570 570 594 594 594 570 570 570 571 571 571 594 594 594 594 594 594 571 571 571 580 580 580 579 579 579 572 572 572 582 582 582 572 572 572 568 568 568 582 582 582 582 582 582 568 568 568 369 369 369 568 568 568 566 566 566 369 369 369 369 369 369 566 566 566 140 140 140 160 160 160 384 384 384 585 585 585 384 384 384 577 577 577 585 585 585 585 585 585 577 577 577 584 584 584 577 577 577 578 578 578 584 584 584 584 584 584 578 578 578 383 383 383 374 374 374 371 371 371 595 595 595 371 371 371 596 596 596 595 595 595 595 595 595 596 596 596 598 598 598 596 596 596 363 363 363 598 598 598 564 564 564 565 565 565 599 599 599 565 565 565 567 567 567 599 599 599 599 599 599 567 567 567 591 591 591 567 567 567 569 569 569 591 591 591 362 362 362 597 597 597 369 369 369 597 597 597 373 373 373 369 369 369 369 369 369 373 373 373 376 376 376 580 580 580 374 374 374 594 594 594 374 374 374 595 595 595 594 594 594 594 594 594 595 595 595 593 593 593 543 543 543 601 601 601 410 410 410 601 601 601 602 602 602 410 410 410 410 410 410 602 602 602 411 411 411 602 602 602 603 603 603 411 411 411 411 411 411 603 603 603 604 604 604 538 538 538 604 604 604 540 540 540 604 604 604 600 600 600 540 540 540 540 540 540 600 600 600 542 542 542 263 263 263 605 605 605 260 260 260 605 605 605 607 607 607 260 260 260 260 260 260 607 607 607 608 608 608 607 607 607 609 609 609 608 608 608 608 608 608 609 609 609 610 610 610 609 609 609 611 611 611 610 610 610 610 610 610 611 611 611 612 612 612 611 611 611 613 613 613 612 612 612 612 612 612 613 613 613 614 614 614 613 613 613 615 615 615 614 614 614 614 614 614 615 615 615 616 616 616 615 615 615 617 617 617 616 616 616 616 616 616 617 617 617 226 226 226 617 617 617 618 618 618 226 226 226 226 226 226 618 618 618 224 224 224 618 618 618 619 619 619 224 224 224 224 224 224 619 619 619 620 620 620 619 619 619 621 621 621 620 620 620 620 620 620 621 621 621 622 622 622 621 621 621 623 623 623 622 622 622 622 622 622 623 623 623 624 624 624 623 623 623 625 625 625 624 624 624 624 624 624 625 625 625 626 626 626 625 625 625 59 59 59 626 626 626 626 626 626 59 59 59 54 54 54 59 59 59 61 61 61 54 54 54 54 54 54 61 61 61 53 53 53 61 61 61 627 627 627 53 53 53 53 53 53 627 627 627 51 51 51 627 627 627 628 628 628 51 51 51 51 51 51 628 628 628 629 629 629 628 628 628 630 630 630 629 629 629 629 629 629 630 630 630 631 631 631 630 630 630 632 632 632 631 631 631 631 631 631 632 632 632 633 633 633 632 632 632 634 634 634 633 633 633 633 633 633 634 634 634 267 267 267 634 634 634 344 344 344 267 267 267 267 267 267 344 344 344 265 265 265 344 344 344 343 343 343 265 265 265 265 265 265 343 343 343 266 266 266 343 343 343 635 635 635 266 266 266 266 266 266 635 635 635 41 41 41 635 635 635 636 636 636 41 41 41 41 41 41 636 636 636 39 39 39 636 636 636 637 637 637 39 39 39 39 39 39 637 637 637 40 40 40 637 637 637 638 638 638 40 40 40 40 40 40 638 638 638 639 639 639 638 638 638 640 640 640 639 639 639 639 639 639 640 640 640 641 641 641 640 640 640 51 51 51 641 641 641 641 641 641 51 51 51 629 629 629 67 67 67 65 65 65 642 642 642 65 65 65 326 326 326 642 642 642 642 642 642 326 326 326 344 344 344 326 326 326 325 325 325 344 344 344 344 344 344 325 325 325 342 342 342 325 325 325 643 643 643 342 342 342 342 342 342 643 643 643 644 644 644 643 643 643 645 645 645 644 644 644 644 644 644 645 645 645 319 319 319 645 645 645 646 646 646 319 319 319 319 319 319 646 646 646 320 320 320 646 646 646 317 317 317 320 320 320 320 320 320 317 317 317 321 321 321 317 317 317 316 316 316 321 321 321 321 321 321 316 316 316 647 647 647 316 316 316 648 648 648 647 647 647 647 647 647 648 648 648 323 323 323 648 648 648 649 649 649 323 323 323 323 323 323 649 649 649 324 324 324 649 649 649 650 650 650 324 324 324 324 324 324 650 650 650 651 651 651 650 650 650 652 652 652 651 651 651 651 651 651 652 652 652 653 653 653 652 652 652 654 654 654 653 653 653 653 653 653 654 654 654 295 295 295 654 654 654 655 655 655 295 295 295 295 295 295 655 655 655 296 296 296 655 655 655 338 338 338 296 296 296 296 296 296 338 338 338 656 656 656 338 338 338 341 341 341 656 656 656 656 656 656 341 341 341 657 657 657 341 341 341 340 340 340 657 657 657 657 657 657 340 340 340 658 658 658 340 340 340 659 659 659 658 658 658 658 658 658 659 659 659 660 660 660 659 659 659 94 94 94 660 660 660 660 660 660 94 94 94 661 661 661 94 94 94 91 91 91 661 661 661 661 661 661 91 91 91 328 328 328 91 91 91 93 93 93 328 328 328 328 328 328 93 93 93 329 329 329 93 93 93 662 662 662 329 329 329 329 329 329 662 662 662 307 307 307 662 662 662 663 663 663 307 307 307 307 307 307 663 663 663 664 664 664 663 663 663 665 665 665 664 664 664 664 664 664 665 665 665 666 666 666 665 665 665 667 667 667 666 666 666 666 666 666 667 667 667 322 322 322 667 667 667 668 668 668 322 322 322 322 322 322 668 668 668 323 323 323 668 668 668 647 647 647 323 323 323 360 360 360 221 221 221 4 4 4 221 221 221 669 669 669 4 4 4 4 4 4 669 669 669 670 670 670 669 669 669 671 671 671 670 670 670 670 670 670 671 671 671 672 672 672 671 671 671 673 673 673 672 672 672 672 672 672 673 673 673 259 259 259 673 673 673 674 674 674 259 259 259 259 259 259 674 674 674 257 257 257 674 674 674 675 675 675 257 257 257 257 257 257 675 675 675 676 676 676 675 675 675 640 640 640 676 676 676 676 676 676 640 640 640 677 677 677 640 640 640 638 638 638 677 677 677 677 677 677 638 638 638 255 255 255 638 638 638 637 637 637 255 255 255 255 255 255 637 637 637 256 256 256 637 637 637 678 678 678 256 256 256 256 256 256 678 678 678 254 254 254 678 678 678 679 679 679 254 254 254 254 254 254 679 679 679 680 680 680 679 679 679 663 663 663 680 680 680 680 680 680 663 663 663 681 681 681 663 663 663 662 662 662 681 681 681 681 681 681 662 662 662 682 682 682 662 662 662 684 684 684 682 682 682 682 682 682 684 684 684 685 685 685 684 684 684 687 687 687 685 685 685 685 685 685 687 687 687 688 688 688 687 687 687 690 690 690 688 688 688 688 688 688 690 690 690 691 691 691 690 690 690 693 693 693 691 691 691 691 691 691 693 693 693 694 694 694 693 693 693 337 337 337 694 694 694 694 694 694 337 337 337 696 696 696 337 337 337 336 336 336 696 696 696 696 696 696 336 336 336 698 698 698 336 336 336 304 304 304 698 698 698 251 251 251 700 700 700 253 253 253 700 700 700 704 704 704 253 253 253 253 253 253 704 704 704 705 705 705 704 704 704 706 706 706 705 705 705 705 705 705 706 706 706 707 707 707 706 706 706 708 708 708 707 707 707 707 707 707 708 708 708 709 709 709 708 708 708 352 352 352 709 709 709 709 709 709 352 352 352 710 710 710 352 352 352 357 357 357 710 710 710 710 710 710 357 357 357 711 711 711 357 357 357 270 270 270 711 711 711 711 711 711 270 270 270 712 712 712 270 270 270 272 272 272 712 712 712 712 712 712 272 272 272 713 713 713 272 272 272 714 714 714 713 713 713 713 713 713 714 714 714 245 245 245 714 714 714 715 715 715 245 245 245 245 245 245 715 715 715 246 246 246 715 715 715 716 716 716 246 246 246 246 246 246 716 716 716 280 280 280 716 716 716 268 268 268 280 280 280 280 280 280 268 268 268 30 30 30 268 268 268 76 76 76 30 30 30 30 30 30 76 76 76 28 28 28 76 76 76 78 78 78 28 28 28 28 28 28 78 78 78 29 29 29 78 78 78 350 350 350 29 29 29 29 29 29 350 350 350 717 717 717 350 350 350 561 561 561 717 717 717 717 717 717 561 561 561 560 560 560 316 316 316 318 318 318 648 648 648 318 318 318 718 718 718 648 648 648 648 648 648 718 718 718 719 719 719 718 718 718 720 720 720 719 719 719 719 719 719 720 720 720 721 721 721 720 720 720 722 722 722 721 721 721 721 721 721 722 722 722 723 723 723 722 722 722 724 724 724 723 723 723 723 723 723 724 724 724 725 725 725 724 724 724 726 726 726 725 725 725 725 725 725 726 726 726 236 236 236 726 726 726 2 2 2 236 236 236 236 236 236 2 2 2 234 234 234 2 2 2 3 3 3 234 234 234 234 234 234 3 3 3 616 616 616 3 3 3 727 727 727 616 616 616 616 616 616 727 727 727 728 728 728 727 727 727 729 729 729 728 728 728 728 728 728 729 729 729 730 730 730 729 729 729 731 731 731 730 730 730 730 730 730 731 731 731 732 732 732 731 731 731 733 733 733 732 732 732 732 732 732 733 733 733 734 734 734 733 733 733 735 735 735 734 734 734 734 734 734 735 735 735 335 335 335 735 735 735 736 736 736 335 335 335 335 335 335 736 736 736 331 331 331 354 354 354 738 738 738 357 357 357 738 738 738 742 742 742 357 357 357 357 357 357 742 742 742 270 270 270 742 742 742 743 743 743 270 270 270 270 270 270 743 743 743 271 271 271 743 743 743 744 744 744 271 271 271 271 271 271 744 744 744 745 745 745 744 744 744 273 273 273 745 745 745 745 745 745 273 273 273 715 715 715 273 273 273 275 275 275 715 715 715 715 715 715 275 275 275 716 716 716 275 275 275 746 746 746 716 716 716 716 716 716 746 746 746 268 268 268 746 746 746 747 747 747 268 268 268 268 268 268 747 747 747 269 269 269 747 747 747 301 301 301 269 269 269 269 269 269 301 301 301 76 76 76 301 301 301 299 299 299 76 76 76 76 76 76 299 299 299 77 77 77 299 299 299 748 748 748 77 77 77 77 77 77 748 748 748 79 79 79 748 748 748 750 750 750 79 79 79 79 79 79 750 750 750 752 752 752 328 328 328 330 330 330 754 754 754 330 330 330 755 755 755 754 754 754 754 754 754 755 755 755 756 756 756 755 755 755 757 757 757 756 756 756 756 756 756 757 757 757 761 761 761 757 757 757 764 764 764 761 761 761 761 761 761 764 764 764 766 766 766 764 764 764 770 770 770 766 766 766 766 766 766 770 770 770 771 771 771 770 770 770 774 774 774 771 771 771 771 771 771 774 774 774 776 776 776 774 774 774 781 781 781 776 776 776 776 776 776 781 781 781 294 294 294 777 777 777 782 782 782 294 294 294 294 294 294 782 782 782 295 295 295 782 782 782 284 284 284 295 295 295 295 295 295 284 284 284 653 653 653 284 284 284 282 282 282 653 653 653 653 653 653 282 282 282 784 784 784 282 282 282 785 785 785 784 784 784 784 784 784 785 785 785 787 787 787 785 785 785 788 788 788 787 787 787 787 787 787 788 788 788 790 790 790 682 682 682 297 297 297 681 681 681 297 297 297 301 301 301 681 681 681 681 681 681 301 301 301 680 680 680 301 301 301 747 747 747 680 680 680 680 680 680 747 747 747 254 254 254 747 747 747 746 746 746 254 254 254 254 254 254 746 746 746 792 792 792 746 746 746 275 275 275 792 792 792 792 792 792 275 275 275 793 793 793 275 275 275 274 274 274 793 793 793 793 793 793 274 274 274 794 794 794 274 274 274 795 795 795 794 794 794 794 794 794 795 795 795 676 676 676 795 795 795 796 796 796 676 676 676 676 676 676 796 796 796 257 257 257 796 796 796 50 50 50 257 257 257 257 257 257 50 50 50 258 258 258 50 50 50 49 49 49 258 258 258 258 258 258 49 49 49 250 250 250 49 49 49 47 47 47 250 250 250 250 250 250 47 47 47 251 251 251 609 609 609 607 607 607 797 797 797 607 607 607 239 239 239 797 797 797 797 797 797 239 239 239 798 798 798 239 239 239 238 238 238 798 798 798 798 798 798 238 238 238 799 799 799 238 238 238 10 10 10 799 799 799 799 799 799 10 10 10 800 800 800 10 10 10 13 13 13 800 800 800 800 800 800 13 13 13 60 60 60 13 13 13 802 802 802 60 60 60 60 60 60 802 802 802 62 62 62 802 802 802 803 803 803 62 62 62 62 62 62 803 803 803 805 805 805 803 803 803 806 806 806 805 805 805 805 805 805 806 806 806 808 808 808 806 806 806 809 809 809 808 808 808 808 808 808 809 809 809 642 642 642 809 809 809 67 67 67 642 642 642 736 736 736 735 735 735 811 811 811 735 735 735 88 88 88 811 811 811 811 811 811 88 88 88 813 813 813 88 88 88 815 815 815 813 813 813 813 813 813 815 815 815 290 290 290 815 815 815 816 816 816 290 290 290 290 290 290 816 816 816 72 72 72 816 816 816 817 817 817 72 72 72 72 72 72 817 817 817 818 818 818 817 817 817 718 718 718 818 818 818 818 818 818 718 718 718 819 819 819 718 718 718 318 318 318 819 819 819 819 819 819 318 318 318 820 820 820 318 318 318 317 317 317 820 820 820 820 820 820 317 317 317 821 821 821 317 317 317 646 646 646 821 821 821 821 821 821 646 646 646 643 643 643 646 646 646 645 645 645 643 643 643 57 57 57 822 822 822 14 14 14 822 822 822 823 823 823 14 14 14 14 14 14 823 823 823 276 276 276 823 823 823 824 824 824 276 276 276 276 276 276 824 824 824 825 825 825 824 824 824 826 826 826 825 825 825 825 825 825 826 826 826 827 827 827 826 826 826 243 243 243 827 827 827 827 827 827 243 243 243 828 828 828 243 243 243 242 242 242 828 828 828 828 828 828 242 242 242 829 829 829 242 242 242 830 830 830 829 829 829 829 829 829 830 830 830 831 831 831 830 830 830 832 832 832 831 831 831 831 831 831 832 832 832 833 833 833 832 832 832 834 834 834 833 833 833 833 833 833 834 834 834 835 835 835 259 259 259 258 258 258 8 8 8 258 258 258 250 250 250 8 8 8 8 8 8 250 250 250 6 6 6 250 250 250 253 253 253 6 6 6 6 6 6 253 253 253 7 7 7 253 253 253 705 705 705 7 7 7 7 7 7 705 705 705 836 836 836 705 705 705 707 707 707 836 836 836 836 836 836 707 707 707 837 837 837 707 707 707 709 709 709 837 837 837 837 837 837 709 709 709 838 838 838 709 709 709 710 710 710 838 838 838 838 838 838 710 710 710 839 839 839 710 710 710 711 711 711 839 839 839 839 839 839 711 711 711 712 712 712 51 51 51 640 640 640 52 52 52 640 640 640 675 675 675 52 52 52 52 52 52 675 675 675 54 54 54 675 675 675 674 674 674 54 54 54 54 54 54 674 674 674 626 626 626 674 674 674 673 673 673 626 626 626 626 626 626 673 673 673 624 624 624 673 673 673 671 671 671 624 624 624 624 624 624 671 671 671 622 622 622 671 671 671 669 669 669 622 622 622 622 622 622 669 669 669 620 620 620 669 669 669 221 221 221 620 620 620 620 620 620 221 221 221 224 224 224 221 221 221 218 218 218 224 224 224 224 224 224 218 218 218 225 225 225 349 349 349 58 58 58 347 347 347 58 58 58 56 56 56 347 347 347 347 347 347 56 56 56 840 840 840 56 56 56 842 842 842 840 840 840 840 840 840 842 842 842 843 843 843 842 842 842 845 845 845 843 843 843 843 843 843 845 845 845 846 846 846 845 845 845 606 606 606 846 846 846 846 846 846 606 606 606 847 847 847 606 606 606 264 264 264 847 847 847 847 847 847 264 264 264 848 848 848 264 264 264 262 262 262 848 848 848 848 848 848 262 262 262 278 278 278 262 262 262 850 850 850 278 278 278 278 278 278 850 850 850 334 334 334 305 305 305 303 303 303 699 699 699 303 303 303 852 852 852 699 699 699 699 699 699 852 852 852 697 697 697 852 852 852 854 854 854 697 697 697 697 697 697 854 854 854 695 695 695 854 854 854 753 753 753 695 695 695 695 695 695 753 753 753 692 692 692 753 753 753 751 751 751 692 692 692 692 692 692 751 751 751 689 689 689 751 751 751 749 749 749 689 689 689 689 689 689 749 749 749 686 686 686 749 749 749 300 300 300 686 686 686 686 686 686 300 300 300 683 683 683 300 300 300 298 298 298 683 683 683 247 247 247 31 31 31 249 249 249 31 31 31 27 27 27 249 249 249 249 249 249 27 27 27 856 856 856 27 27 27 858 858 858 856 856 856 856 856 856 858 858 858 860 860 860 858 858 858 862 862 862 860 860 860 860 860 860 862 862 862 864 864 864 862 862 862 866 866 866 864 864 864 864 864 864 866 866 866 868 868 868 866 866 866 870 870 870 868 868 868 868 868 868 870 870 870 872 872 872 870 870 870 874 874 874 872 872 872 872 872 872 874 874 874 876 876 876 334 334 334 877 877 877 278 278 278 877 877 877 878 878 878 278 278 278 278 278 278 878 878 878 279 279 279 878 878 878 879 879 879 279 279 279 279 279 279 879 879 879 277 277 277 879 879 879 880 880 880 277 277 277 277 277 277 880 880 880 881 881 881 880 880 880 882 882 882 881 881 881 881 881 881 882 882 882 883 883 883 882 882 882 884 884 884 883 883 883 883 883 883 884 884 884 348 348 348 884 884 884 885 885 885 348 348 348 348 348 348 885 885 885 349 349 349 342 342 342 644 644 644 343 343 343 644 644 644 319 319 319 343 343 343 343 343 343 319 319 319 635 635 635 319 319 319 886 886 886 635 635 635 635 635 635 886 886 886 887 887 887 886 886 886 668 668 668 887 887 887 887 887 887 668 668 668 888 888 888 668 668 668 667 667 667 888 888 888 888 888 888 667 667 667 678 678 678 667 667 667 665 665 665 678 678 678 678 678 678 665 665 665 679 679 679 665 665 665 663 663 663 679 679 679 235 235 235 233 233 233 236 236 236 233 233 233 231 231 231 236 236 236 236 236 236 231 231 231 725 725 725 231 231 231 889 889 889 725 725 725 725 725 725 889 889 889 723 723 723 889 889 889 890 890 890 723 723 723 723 723 723 890 890 890 721 721 721 890 890 890 891 891 891 721 721 721 721 721 721 891 891 891 719 719 719 891 891 891 649 649 649 719 719 719 719 719 719 649 649 649 648 648 648 245 245 245 248 248 248 892 892 892 248 248 248 855 855 855 892 892 892 892 892 892 855 855 855 893 893 893 855 855 855 859 859 859 893 893 893 893 893 893 859 859 859 894 894 894 859 859 859 863 863 863 894 894 894 894 894 894 863 863 863 895 895 895 863 863 863 867 867 867 895 895 895 895 895 895 867 867 867 896 896 896 867 867 867 871 871 871 896 896 896 896 896 896 871 871 871 875 875 875 807 807 807 828 828 828 810 810 810 828 828 828 829 829 829 810 810 810 810 810 810 829 829 829 68 68 68 829 829 829 831 831 831 68 68 68 68 68 68 831 831 831 63 63 63 831 831 831 833 833 833 63 63 63 63 63 63 833 833 833 897 897 897 833 833 833 835 835 835 897 897 897 897 897 897 835 835 835 898 898 898 835 835 835 899 899 899 898 898 898 898 898 898 899 899 899 900 900 900 560 560 560 901 901 901 902 902 902 901 901 901 5 5 5 902 902 902 902 902 902 5 5 5 903 903 903 5 5 5 7 7 7 903 903 903 903 903 903 7 7 7 896 896 896 7 7 7 836 836 836 896 896 896 896 896 896 836 836 836 895 895 895 836 836 836 837 837 837 895 895 895 895 895 895 837 837 837 904 904 904 837 837 837 838 838 838 904 904 904 904 904 904 838 838 838 839 839 839 662 662 662 93 93 93 684 684 684 93 93 93 92 92 92 684 684 684 684 684 684 92 92 92 687 687 687 92 92 92 905 905 905 687 687 687 687 687 687 905 905 905 690 690 690 905 905 905 906 906 906 690 690 690 690 690 690 906 906 906 693 693 693 906 906 906 339 339 339 693 693 693 693 693 693 339 339 339 337 337 337 339 339 339 341 341 341 337 337 337 337 337 337 341 341 341 338 338 338 815 815 815 88 88 88 816 816 816 88 88 88 87 87 87 816 816 816 816 816 816 87 87 87 817 817 817 87 87 87 90 90 90 817 817 817 817 817 817 90 90 90 907 907 907 90 90 90 908 908 908 907 907 907 907 907 907 908 908 908 722 722 722 908 908 908 0 0 0 722 722 722 722 722 722 0 0 0 724 724 724 0 0 0 2 2 2 724 724 724 724 724 724 2 2 2 726 726 726 618 618 618 909 909 909 910 910 910 909 909 909 911 911 911 910 910 910 910 910 910 911 911 911 623 623 623 911 911 911 912 912 912 623 623 623 623 623 623 912 912 912 625 625 625 912 912 912 799 799 799 625 625 625 625 625 625 799 799 799 59 59 59 799 799 799 800 800 800 59 59 59 59 59 59 800 800 800 60 60 60 347 347 347 840 840 840 348 348 348 840 840 840 843 843 843 348 348 348 348 348 348 843 843 843 883 883 883 843 843 843 846 846 846 883 883 883 883 883 883 846 846 846 881 881 881 846 846 846 847 847 847 881 881 881 881 881 881 847 847 847 277 277 277 847 847 847 848 848 848 277 277 277 277 277 277 848 848 848 278 278 278 38 38 38 23 23 23 32 32 32 23 23 23 17 17 17 32 32 32 32 32 32 17 17 17 240 240 240 17 17 17 16 16 16 240 240 240 240 240 240 16 16 16 241 241 241 16 16 16 913 913 913 241 241 241 241 241 241 913 913 913 32 32 32 913 913 913 915 915 915 32 32 32 32 32 32 915 915 915 34 34 34 294 294 294 296 296 296 776 776 776 296 296 296 656 656 656 776 776 776 776 776 776 656 656 656 771 771 771 656 656 656 657 657 657 771 771 771 771 771 771 657 657 657 766 766 766 657 657 657 658 658 658 766 766 766 766 766 766 658 658 658 761 761 761 658 658 658 660 660 660 761 761 761 761 761 761 660 660 660 661 661 661 72 72 72 818 818 818 75 75 75 818 818 818 819 819 819 75 75 75 75 75 75 819 819 819 917 917 917 819 819 819 820 820 820 917 917 917 917 917 917 820 820 820 918 918 918 820 820 820 327 327 327 918 918 918 918 918 918 327 327 327 920 920 920 327 327 327 326 326 326 920 920 920 920 920 920 326 326 326 65 65 65 291 291 291 922 922 922 923 923 923 922 922 922 924 924 924 923 923 923 923 923 923 924 924 924 925 925 925 924 924 924 926 926 926 925 925 925 925 925 925 926 926 926 927 927 927 926 926 926 928 928 928 927 927 927 927 927 927 928 928 928 929 929 929 928 928 928 878 878 878 929 929 929 929 929 929 878 878 878 877 877 877 63 63 63 897 897 897 64 64 64 897 897 897 898 898 898 64 64 64 64 64 64 898 898 898 930 930 930 898 898 898 931 931 931 930 930 930 930 930 930 931 931 931 932 932 932 931 931 931 933 933 933 932 932 932 932 932 932 933 933 933 934 934 934 933 933 933 289 289 289 934 934 934 934 934 934 289 289 289 69 69 69 69 69 69 71 71 71 934 934 934 71 71 71 74 74 74 934 934 934 934 934 934 74 74 74 932 932 932 74 74 74 916 916 916 932 932 932 932 932 932 916 916 916 930 930 930 916 916 916 919 919 919 930 930 930 930 930 930 919 919 919 64 64 64 919 919 919 921 921 921 64 64 64 64 64 64 921 921 921 66 66 66 86 86 86 936 936 936 82 82 82 936 936 936 937 937 937 82 82 82 82 82 82 937 937 937 345 345 345 937 937 937 286 286 286 345 345 345 345 345 345 286 286 286 346 346 346 286 286 286 938 938 938 346 346 346 346 346 346 938 938 938 82 82 82 938 938 938 309 309 309 82 82 82 82 82 82 309 309 309 84 84 84 338 338 338 655 655 655 336 336 336 655 655 655 939 939 939 336 336 336 336 336 336 939 939 939 304 304 304 939 939 939 940 940 940 304 304 304 304 304 304 940 940 940 306 306 306 940 940 940 941 941 941 306 306 306 306 306 306 941 941 941 942 942 942 941 941 941 943 943 943 942 942 942 942 942 942 943 943 943 944 944 944 291 291 291 923 923 923 814 814 814 923 923 923 925 925 925 814 814 814 814 814 814 925 925 925 812 812 812 925 925 925 927 927 927 812 812 812 812 812 812 927 927 927 737 737 737 927 927 927 929 929 929 737 737 737 737 737 737 929 929 929 332 332 332 929 929 929 877 877 877 332 332 332 332 332 332 877 877 877 334 334 334 616 616 616 728 728 728 945 945 945 728 728 728 730 730 730 945 945 945 945 945 945 730 730 730 946 946 946 730 730 730 732 732 732 946 946 946 946 946 946 732 732 732 947 947 947 732 732 732 948 948 948 947 947 947 947 947 947 948 948 948 610 610 610 948 948 948 608 608 608 610 610 610 664 664 664 666 666 666 949 949 949 666 666 666 322 322 322 949 949 949 949 949 949 322 322 322 950 950 950 322 322 322 324 324 324 950 950 950 950 950 950 324 324 324 787 787 787 324 324 324 651 651 651 787 787 787 787 787 787 651 651 651 784 784 784 651 651 651 653 653 653 784 784 784 727 727 727 3 3 3 951 951 951 3 3 3 1 1 1 951 951 951 951 951 951 1 1 1 952 952 952 1 1 1 953 953 953 952 952 952 952 952 952 953 953 953 733 733 733 953 953 953 89 89 89 733 733 733 733 733 733 89 89 89 735 735 735 89 89 89 88 88 88 735 735 735 231 231 231 955 955 955 889 889 889 955 955 955 956 956 956 889 889 889 889 889 889 956 956 956 890 890 890 956 956 956 957 957 957 890 890 890 890 890 890 957 957 957 891 891 891 957 957 957 650 650 650 891 891 891 891 891 891 650 650 650 649 649 649 613 613 613 611 611 611 958 958 958 611 611 611 609 609 609 958 958 958 958 958 958 609 609 609 959 959 959 609 609 609 797 797 797 959 959 959 959 959 959 797 797 797 960 960 960 797 797 797 798 798 798 960 960 960 960 960 960 798 798 798 799 799 799 22 22 22 37 37 37 273 273 273 37 37 37 35 35 35 273 273 273 273 273 273 35 35 35 274 274 274 35 35 35 33 33 33 274 274 274 274 274 274 33 33 33 795 795 795 33 33 33 914 914 914 795 795 795 795 795 795 914 914 914 961 961 961 895 895 895 904 904 904 894 894 894 904 904 904 963 963 963 894 894 894 894 894 894 963 963 963 893 893 893 963 963 963 964 964 964 893 893 893 893 893 893 964 964 964 892 892 892 964 964 964 713 713 713 892 892 892 892 892 892 713 713 713 245 245 245 9 9 9 276 276 276 12 12 12 276 276 276 825 825 825 12 12 12 12 12 12 825 825 825 801 801 801 825 825 825 827 827 827 801 801 801 801 801 801 827 827 827 804 804 804 827 827 827 828 828 828 804 804 804 804 804 804 828 828 828 807 807 807 879 879 879 878 878 878 965 965 965 878 878 878 928 928 928 965 965 965 965 965 965 928 928 928 966 966 966 928 928 928 926 926 926 966 966 966 966 966 966 926 926 926 967 967 967 926 926 926 924 924 924 967 967 967 967 967 967 924 924 924 968 968 968 969 969 969 935 935 935 949 949 949 935 935 935 85 85 85 949 949 949 949 949 949 85 85 85 664 664 664 85 85 85 80 80 80 664 664 664 664 664 664 80 80 80 307 307 307 80 80 80 83 83 83 307 307 307 307 307 307 83 83 83 308 308 308 642 642 642 344 344 344 808 808 808 344 344 344 971 971 971 808 808 808 808 808 808 971 971 971 805 805 805 971 971 971 972 972 972 805 805 805 805 805 805 972 972 972 62 62 62 972 972 972 627 627 627 62 62 62 62 62 62 627 627 627 61 61 61 10 10 10 238 238 238 55 55 55 238 238 238 237 237 237 55 55 55 55 55 55 237 237 237 841 841 841 237 237 237 239 239 239 841 841 841 841 841 841 239 239 239 844 844 844 239 239 239 607 607 607 844 844 844 844 844 844 607 607 607 605 605 605 354 354 354 352 352 352 973 973 973 352 352 352 708 708 708 973 973 973 973 973 973 708 708 708 980 980 980 708 708 708 706 706 706 980 980 980 980 980 980 706 706 706 985 985 985 706 706 706 704 704 704 985 985 985 981 981 981 704 704 704 700 700 700 628 628 628 627 627 627 630 630 630 627 627 627 972 972 972 630 630 630 630 630 630 972 972 972 632 632 632 972 972 972 971 971 971 632 632 632 632 632 632 971 971 971 634 634 634 971 971 971 344 344 344 634 634 634 986 986 986 988 988 988 990 990 990 988 988 988 991 991 991 990 990 990 990 990 990 991 991 991 232 232 232 991 991 991 993 993 993 232 232 232 232 232 232 993 993 993 227 227 227 996 996 996 998 998 998 1000 1000 1000 998 998 998 223 223 223 1000 1000 1000 1000 1000 1000 223 223 223 1001 1001 1001 223 223 223 220 220 220 1001 1001 1001 1001 1001 1001 220 220 220 359 359 359 954 954 954 230 230 230 987 987 987 230 230 230 228 228 228 987 987 987 987 987 987 228 228 228 989 989 989 228 228 228 994 994 994 989 989 989 989 989 989 994 994 994 992 992 992 631 631 631 633 633 633 629 629 629 633 633 633 267 267 267 629 629 629 629 629 629 267 267 267 42 42 42 267 267 267 266 266 266 42 42 42 42 42 42 266 266 266 41 41 41 947 947 947 610 610 610 946 946 946 610 610 610 612 612 612 946 946 946 946 946 946 612 612 612 945 945 945 612 612 612 614 614 614 945 945 945 945 945 945 614 614 614 616 616 616 795 795 795 961 961 961 796 796 796 961 961 961 1002 1002 1002 796 796 796 796 796 796 1002 1002 1002 50 50 50 1002 1002 1002 45 45 45 50 50 50 50 50 50 45 45 45 43 43 43 254 254 254 792 792 792 255 255 255 792 792 792 793 793 793 255 255 255 255 255 255 793 793 793 677 677 677 793 793 793 794 794 794 677 677 677 677 677 677 794 794 794 676 676 676 22 22 22 273 273 273 19 19 19 273 273 273 744 744 744 19 19 19 19 19 19 744 744 744 1004 1004 1004 744 744 744 743 743 743 1004 1004 1004 1004 1004 1004 743 743 743 742 742 742 824 824 824 1005 1005 1005 826 826 826 1005 1005 1005 1006 1006 1006 826 826 826 826 826 826 1006 1006 1006 243 243 243 1006 1006 1006 1007 1007 1007 243 243 243 243 243 243 1007 1007 1007 244 244 244 869 869 869 865 865 865 717 717 717 865 865 865 861 861 861 717 717 717 717 717 717 861 861 861 29 29 29 861 861 861 857 857 857 29 29 29 29 29 29 857 857 857 26 26 26 717 717 717 560 560 560 1008 1008 1008 560 560 560 902 902 902 1008 1008 1008 1008 1008 1008 902 902 902 875 875 875 902 902 902 903 903 903 875 875 875 875 875 875 903 903 903 896 896 896 351 351 351 78 78 78 944 944 944 78 78 78 79 79 79 944 944 944 944 944 944 79 79 79 942 942 942 79 79 79 752 752 752 942 942 942 942 942 942 752 752 752 853 853 853 329 329 329 307 307 307 330 330 330 307 307 307 313 313 313 330 330 330 330 330 330 313 313 313 755 755 755 313 313 313 1011 1011 1011 755 755 755 755 755 755 1011 1011 1011 757 757 757 340 340 340 339 339 339 659 659 659 339 339 339 906 906 906 659 659 659 659 659 659 906 906 906 94 94 94 906 906 906 905 905 905 94 94 94 94 94 94 905 905 905 92 92 92 732 732 732 734 734 734 948 948 948 734 734 734 335 335 335 948 948 948 948 948 948 335 335 335 1013 1013 1013 335 335 335 333 333 333 1013 1013 1013 1013 1013 1013 333 333 333 849 849 849 615 615 615 613 613 613 1014 1014 1014 613 613 613 958 958 958 1014 1014 1014 1014 1014 1014 958 958 958 909 909 909 958 958 958 959 959 959 909 909 909 909 909 909 959 959 959 960 960 960 999 999 999 537 537 537 995 995 995 537 537 537 217 217 217 995 995 995 995 995 995 217 217 217 997 997 997 217 217 217 222 222 222 997 997 997 608 608 608 948 948 948 260 260 260 948 948 948 1013 1013 1013 260 260 260 260 260 260 1013 1013 1013 261 261 261 1013 1013 1013 849 849 849 261 261 261 713 713 713 964 964 964 712 712 712 964 964 964 963 963 963 712 712 712 712 712 712 963 963 963 839 839 839 963 963 963 904 904 904 839 839 839 915 915 915 913 913 913 962 962 962 913 913 913 16 16 16 962 962 962 962 962 962 16 16 16 1003 1003 1003 16 16 16 46 46 46 1003 1003 1003 727 727 727 951 951 951 729 729 729 951 951 951 952 952 952 729 729 729 729 729 729 952 952 952 731 731 731 952 952 952 733 733 733 731 731 731 0 0 0 908 908 908 1 1 1 908 908 908 90 90 90 1 1 1 1 1 1 90 90 90 953 953 953 90 90 90 89 89 89 953 953 953 678 678 678 637 637 637 888 888 888 637 637 637 636 636 636 888 888 888 888 888 888 636 636 636 887 887 887 636 636 636 635 635 635 887 887 887 289 289 289 933 933 933 287 287 287 933 933 933 931 931 931 287 287 287 287 287 287 931 931 931 900 900 900 931 931 931 898 898 898 900 900 900 309 309 309 938 938 938 314 314 314 938 938 938 286 286 286 314 314 314 314 314 314 286 286 286 1010 1010 1010 286 286 286 760 760 760 1010 1010 1010 650 650 650 957 957 957 652 652 652 957 957 957 956 956 956 652 652 652 652 652 652 956 956 956 1015 1015 1015 956 956 956 955 955 955 1015 1015 1015 619 619 619 618 618 618 621 621 621 618 618 618 910 910 910 621 621 621 621 621 621 910 910 910 623 623 623 242 242 242 244 244 244 830 830 830 244 244 244 834 834 834 830 830 830 830 830 830 834 834 834 832 832 832 5 5 5 670 670 670 8 8 8 670 670 670 672 672 672 8 8 8 8 8 8 672 672 672 259 259 259 356 356 356 976 976 976 16 16 16 976 976 976 979 979 979 16 16 16 16 16 16 979 979 979 982 982 982 21 21 21 1019 1019 1019 16 16 16 1019 1019 1019 739 739 739 16 16 16 16 16 16 739 739 739 356 356 356 615 615 615 1014 1014 1014 617 617 617 1014 1014 1014 909 909 909 617 617 617 617 617 617 909 909 909 618 618 618 272 272 272 271 271 271 714 714 714 271 271 271 745 745 745 714 714 714 714 714 714 745 745 745 715 715 715 40 40 40 639 639 639 42 42 42 639 639 639 641 641 641 42 42 42 42 42 42 641 641 641 629 629 629 742 742 742 738 738 738 1004 1004 1004 738 738 738 1018 1018 1018 1004 1004 1004 1004 1004 1004 1018 1018 1018 19 19 19 875 875 875 873 873 873 1008 1008 1008 873 873 873 869 869 869 1008 1008 1008 1008 1008 1008 869 869 869 717 717 717 799 799 799 912 912 912 960 960 960 912 912 912 911 911 911 960 960 960 960 960 960 911 911 911 909 909 909 982 982 982 701 701 701 16 16 16 701 701 701 252 252 252 16 16 16 16 16 16 252 252 252 48 48 48 285 285 285 783 783 783 286 286 286 783 783 783 779 779 779 286 286 286 286 286 286 779 779 779 772 772 772 791 791 791 789 789 789 286 286 286 789 789 789 786 786 786 286 286 286 286 286 286 786 786 786 283 283 283 643 643 643 325 325 325 821 821 821 325 325 325 327 327 327 821 821 821 821 821 821 327 327 327 820 820 820 302 302 302 306 306 306 851 851 851 306 306 306 942 942 942 851 851 851 851 851 851 942 942 942 853 853 853 787 787 787 790 790 790 950 950 950 790 790 790 969 969 969 950 950 950 950 950 950 969 969 969 949 949 949 647 647 647 668 668 668 321 321 321 668 668 668 886 886 886 321 321 321 321 321 321 886 886 886 319 319 319 791 791 791 286 286 286 970 970 970 286 286 286 937 937 937 970 970 970 970 970 970 937 937 937 936 936 936 939 939 939 655 655 655 1015 1015 1015 655 655 655 654 654 654 1015 1015 1015 1015 1015 1015 654 654 654 652 652 652 772 772 772 769 769 769 286 286 286 769 769 769 765 765 765 286 286 286 286 286 286 765 765 765 760 760 760 718 718 718 817 817 817 720 720 720 817 817 817 907 907 907 720 720 720 720 720 720 907 907 907 722 722 722 939 939 939 1015 1015 1015 940 940 940 1015 1015 1015 1016 1016 1016 940 940 940 940 940 940 1016 1016 1016 941 941 941 328 328 328 754 754 754 661 661 661 754 754 754 756 756 756 661 661 661 661 661 661 756 756 756 761 761 761 822 822 822 1021 1021 1021 823 823 823 1021 1021 1021 1005 1005 1005 823 823 823 823 823 823 1005 1005 1005 824 824 824 225 225 225 1022 1022 1022 226 226 226 1022 1022 1022 1023 1023 1023 226 226 226 226 226 226 1023 1023 1023 616 616 616 1023 1023 1023 1024 1024 1024 616 616 616 616 616 616 1024 1024 1024 1025 1025 1025 616 616 616 1025 1025 1025 234 234 234 1025 1025 1025 358 358 358 234 234 234 234 234 234 358 358 358 235 235 235 1026 1026 1026 1027 1027 1027 311 311 311 310 310 310 1029 1029 1029 1028 1028 1028 1030 1030 1030 780 780 780 1031 1031 1031 25 25 25 1032 1032 1032 1033 1033 1033 1034 1034 1034 24 24 24 1035 1035 1035 1036 1036 1036 984 984 984 1037 1037 1037 1023 1023 1023 1022 1022 1022 1038 1038 1038 1039 1039 1039 358 358 358 1025 1025 1025 1040 1040 1040 564 564 564 599 599 599 411 411 411 604 604 604 538 538 538 1030 1030 1030 1042 1042 1042 1041 1041 1041 1043 1043 1043 1037 1037 1037 1044 1044 1044 780 780 780 775 775 775 1031 1031 1031 775 775 775 768 768 768 1031 1031 1031 1031 1031 1031 768 768 768 1045 1045 1045 768 768 768 763 763 763 1045 1045 1045 1045 1045 1045 763 763 763 1046 1046 1046 763 763 763 758 758 758 1046 1046 1046 1046 1046 1046 758 758 758 1047 1047 1047 758 758 758 1012 1012 1012 1047 1047 1047 1047 1047 1047 1012 1012 1012 1027 1027 1027 1012 1012 1012 315 315 315 1027 1027 1027 1027 1027 1027 315 315 315 311 311 311 25 25 25 20 20 20 1032 1032 1032 20 20 20 1020 1020 1020 1032 1032 1032 1032 1032 1032 1020 1020 1020 1048 1048 1048 1020 1020 1020 741 741 741 1048 1048 1048 1048 1048 1048 741 741 741 1049 1049 1049 741 741 741 353 353 353 1049 1049 1049 1049 1049 1049 353 353 353 1050 1050 1050 353 353 353 975 975 975 1050 1050 1050 1050 1050 1050 975 975 975 1036 1036 1036 975 975 975 978 978 978 1036 1036 1036 1036 1036 1036 978 978 978 984 984 984 759 759 759 1051 1051 1051 762 762 762 762 762 762 1051 1051 1051 767 767 767 1051 1051 1051 1052 1052 1052 767 767 767 767 767 767 1052 1052 1052 773 773 773 1052 1052 1052 1053 1053 1053 773 773 773 773 773 773 1053 1053 1053 778 778 778 1053 1053 1053 1054 1054 1054 778 778 778 778 778 778 1054 1054 1054 292 292 292 1054 1054 1054 1055 1055 1055 292 292 292 1056 1056 1056 1057 1057 1057 702 702 702 702 702 702 1057 1057 1057 983 983 983 1057 1057 1057 1058 1058 1058 983 983 983 983 983 983 1058 1058 1058 977 977 977 1058 1058 1058 1059 1059 1059 977 977 977 977 977 977 1059 1059 1059 974 974 974 1059 1059 1059 1060 1060 1060 974 974 974 974 974 974 1060 1060 1060 355 355 355 1060 1060 1060 740 740 740 355 355 355 310 310 310 1028 1028 1028 312 312 312 312 312 312 1028 1028 1028 1009 1009 1009 1028 1028 1028 1061 1061 1061 1009 1009 1009 1009 1009 1009 1061 1061 1061 759 759 759 1061 1061 1061 1051 1051 1051 759 759 759 1060 1060 1060 1062 1062 1062 740 740 740 740 740 740 1062 1062 1062 1017 1017 1017 1062 1062 1062 1035 1035 1035 1017 1017 1017 1017 1017 1017 1035 1035 1035 18 18 18 1035 1035 1035 24 24 24 18 18 18 1041 1041 1041 293 293 293 1030 1030 1030 1030 1030 1030 293 293 293 780 780 780 984 984 984 703 703 703 1037 1037 1037 703 703 703 1044 1044 1044 1037 1037 1037 363 363 363 136 136 136 598 598 598 598 598 598 136 136 136 135 135 135 598 598 598 135 135 135 595 595 595 595 595 595 135 135 135 368 368 368 595 595 595 368 368 368 593 593 593 593 593 593 368 368 368 564 564 564 593 593 593 564 564 564 590 590 590 590 590 590 564 564 564 1040 1040 1040 100 100 100 155 155 155 95 95 95 155 155 155 153 153 153 95 95 95 95 95 95 153 153 153 1063 1063 1063 153 153 153 152 152 152 1063 1063 1063 1063 1063 1063 152 152 152 1064 1064 1064 152 152 152 96 96 96 1064 1064 1064 1064 1064 1064 96 96 96 1065 1065 1065 96 96 96 102 102 102 1065 1065 1065 1065 1065 1065 102 102 102 576 576 576 381 381 381 134 134 134 382 382 382 134 134 134 131 131 131 382 382 382 382 382 382 131 131 131 1066 1066 1066 131 131 131 129 129 129 1066 1066 1066 1066 1066 1066 129 129 129 424 424 424 129 129 129 128 128 128 424 424 424 424 424 424 128 128 128 380 380 380 128 128 128 132 132 132 380 380 380 110 110 110 151 151 151 111 111 111 151 151 151 148 148 148 111 111 111 111 111 111 148 148 148 1067 1067 1067 148 148 148 146 146 146 1067 1067 1067 1067 1067 1067 146 146 146 1068 1068 1068 146 146 146 145 145 145 1068 1068 1068 1068 1068 1068 145 145 145 109 109 109 145 145 145 149 149 149 109 109 109 139 139 139 137 137 137 1069 1069 1069 137 137 137 361 361 361 1069 1069 1069 1069 1069 1069 361 361 361 1070 1070 1070 361 361 361 122 122 122 1070 1070 1070 1070 1070 1070 122 122 122 1071 1071 1071 122 122 122 121 121 121 1071 1071 1071 1071 1071 1071 121 121 121 1072 1072 1072 121 121 121 125 125 125 1072 1072 1072 380 380 380 114 114 114 425 425 425 114 114 114 589 589 589 425 425 425 425 425 425 589 589 589 1074 1074 1074 589 589 589 587 587 587 1074 1074 1074 1074 1074 1074 587 587 587 382 382 382 587 587 587 143 143 143 382 382 382 382 382 382 143 143 143 116 116 116 115 115 115 111 111 111 1075 1075 1075 111 111 111 1067 1067 1067 1075 1075 1075 1075 1075 1075 1067 1067 1067 1076 1076 1076 1067 1067 1067 1068 1068 1068 1076 1076 1076 1076 1076 1076 1068 1068 1068 109 109 109 1064 1064 1064 1065 1065 1065 1063 1063 1063 1065 1065 1065 1077 1077 1077 1063 1063 1063 1063 1063 1063 1077 1077 1077 95 95 95 1077 1077 1077 107 107 107 95 95 95 95 95 95 107 107 107 103 103 103 109 109 109 106 106 106 1076 1076 1076 106 106 106 366 366 366 1076 1076 1076 1076 1076 1076 366 366 366 1075 1075 1075 366 366 366 563 563 563 1075 1075 1075 1075 1075 1075 563 563 563 115 115 115 364 364 364 144 144 144 361 361 361 144 144 144 1073 1073 1073 361 361 361 361 361 361 1073 1073 1073 124 124 124 1073 1073 1073 127 127 127 124 124 124 1072 1072 1072 142 142 142 1078 1078 1078 142 142 142 139 139 139 1078 1078 1078 1078 1078 1078 139 139 139 1069 1069 1069 1069 1069 1069 1070 1070 1070 1078 1078 1078 1070 1070 1070 1071 1071 1071 1078 1078 1078 1078 1078 1078 1071 1071 1071 1072 1072 1072 424 424 424 425 425 425 1066 1066 1066 425 425 425 1074 1074 1074 1066 1066 1066 1066 1066 1066 1074 1074 1074 382 382 382 1065 1065 1065 576 576 576 1077 1077 1077 576 576 576 574 574 574 1077 1077 1077 1077 1077 1077 574 574 574 107 107 107</p></triangles></mesh></geometry><geometry id="aqua-geometry-2" name="Aqua_PS2_Cloth"><mesh><source id="aqua-geometry-2-positions"><float_array id="aqua-geometry-2-positions-array" count="2265">-0.125660852 2.28169727 0.1565869 -0.125660852 2.28169727 0.1565869 -0.173822686 2.52751803 0.12993896 -0.173822686 2.52751803 0.12993896 -0.173822686 2.52751803 0.12993896 -0.246187672 2.31824636 0.146074429 -0.246187672 2.31824636 0.146074429 -0.246187672 2.31824636 0.146074429 -0.246187672 2.31824636 0.146074429 -0.246187672 2.31824636 0.146074429 -3.52900855e-8 2.46468759 0.177245155 -3.52900855e-8 2.46468759 0.177245155 0.580019951 3.41997886 -0.175534248 0.583076 3.3581264 -0.216972992 0.583076 3.3581264 -0.216972992 0.513033509 3.4199791 -0.175534248 0.507654965 3.36802745 -0.202182159 0.507654965 3.36802745 -0.202182159 0.513033509 3.4199791 -0.0625862032 0.580019951 3.41997886 -0.0625861958 0.613513291 3.41997886 -0.119060226 0.47941801 3.4199791 -0.119060226 0.583076 3.3581264 -0.0211474542 0.583076 3.3581264 -0.0211474542 0.507655025 3.36802745 -0.0358160362 0.507655025 3.36802745 -0.0358160362 0.462060213 3.36802745 -0.119060218 0.462060213 3.36802745 -0.119060218 0.269535124 3.34260201 -0.113315031 0.32209751 3.31314278 -0.0364272222 0.297527641 3.35201454 -0.114170685 0.278702974 3.28893971 -0.194114447 0.313907564 3.30140805 -0.196925938 0.617791593 3.30030751 -0.200593069 0.358280003 3.21926379 -0.201326489 0.582953751 3.36741662 -0.114170685 1.26418698 3.14726543 -0.11722663 1.26418698 3.14726543 -0.11722663 1.44607759 3.12391806 -0.117471106 1.44607759 3.12391806 -0.117471106 1.44607759 3.12391806 -0.117471106 1.30354774 3.20960712 0.043638777 0.826085389 3.21840811 -0.0876450166 0.826085389 3.21840811 -0.0876450166 0.213916749 3.34736967 -0.121138275 0.213916749 3.34736967 -0.121138275 0.178712159 3.31815434 -0.0209029745 0.223451316 3.3309896 -0.115393072 0.223451316 3.3309896 -0.115393072 0.223451316 3.3309896 -0.115393072 0.818017662 3.37951803 -0.117593355 1.12129056 3.42902446 -0.110503562 1.09745419 3.34419131 -0.2516886 -0.148152679 2.71221995 0.129572242 -0.357791126 2.38401055 -0.0361826718 -0.357791126 2.38401055 -0.0361826718 -0.357791126 2.38401055 -0.0361826718 -0.357791126 2.38401055 -0.0361826718 -0.169666588 2.86624002 -0.107447565 -0.169666588 2.86624002 -0.107447565 -0.199492708 2.74241257 0.00892317947 -0.216972768 2.89557719 -0.00232274248 -0.216972768 2.89557719 -0.00232274248 -3.507839e-8 2.87797499 0.1932583 0.16795522 2.83543611 0.144729763 0.0701646656 2.9278481 0.18567954 -3.4890931e-8 3.21694136 0.0837328956 0.145585611 3.18821526 0.0875222832 1.29706919 3.21535206 -0.23946479 0.510711014 3.38624096 -0.117471121 0.510711014 3.38624096 -0.117471121 0.567429423 3.29896307 -0.216361791 0.567429423 3.29896307 -0.216361791 0.626348257 3.30593061 -0.117471114 0.621458769 3.20398402 -0.1180823 0.621458769 3.20398402 -0.1180823 0.621458769 3.20398402 -0.1180823 0.569263041 3.3001852 -0.0161356851 0.569263041 3.3001852 -0.0161356851 0.760932505 3.32512212 -0.033249028 0.898939312 3.32341051 -0.0103904931 1.13534796 3.34174633 0.0286034793 1.37175655 3.37169456 0.0601409189 1.41282856 3.4787755 -0.108058795 1.68493068 3.4742527 -0.101091214 1.68493068 3.4742527 -0.101091214 1.36405563 3.36118221 -0.270635545 1.61684418 3.3485918 -0.278214276 1.61684418 3.3485918 -0.278214276 1.51868689 3.20178366 -0.268924177 1.51868689 3.20178366 -0.268924177 0.624514699 3.37536192 -0.0358160362 0.688200772 3.37340593 -0.119060218 0.624514699 3.37536192 -0.202182159 0.717049003 3.32023239 -0.11918246 0.717049003 3.32023239 -0.11918246 0.612290978 3.31289864 -0.213061377 0.612290978 3.31289864 -0.213061377 0.829997003 3.24444485 -0.206949428 0.830730438 3.33404541 -0.213305846 0.804571509 3.3334341 -0.212083459 0.804816008 3.24542284 -0.206216007 0.612290919 3.31302047 -0.0251813084 0.612290919 3.31302047 -0.0251813084 1.51893139 3.19493842 0.0603854097 1.51893139 3.19493842 0.0603854097 1.61684418 3.36521602 0.0800657421 1.61684418 3.36521602 0.0800657421 1.0830301 3.34516907 -0.250588447 1.11823463 3.43256927 -0.118449032 1.05381513 3.47278571 -0.118449032 1.0830301 3.34516907 0.0135681834 0.868135333 3.33807921 -0.0167468768 0.893194139 3.4083662 -0.118449032 0.868135333 3.33807921 -0.220273405 0.824251771 3.43366957 -0.118449032 0.78317982 3.3344121 -0.00195606123 0.756776333 3.45224977 -0.118449032 0.617791593 3.33331203 -0.0243256427 0.670476317 3.3958981 -0.118326791 0.617791593 3.33331203 -0.212694645 0.783179879 3.33441234 -0.235064238 1.39253712 3.31522059 -0.117104411 -0.322342038 2.38535523 -0.094612509 -0.322342038 2.38535523 -0.094612509 -0.357791126 2.38401055 -0.0361826718 -0.357791126 2.38401055 -0.0361826718 -0.357791126 2.38401055 -0.0361826718 -0.357791126 2.38401055 -0.0361826718 -0.357791126 2.38401055 -0.0361826718 -0.335543752 2.38572192 -0.105736181 -0.335543752 2.38572192 -0.105736181 -0.335543752 2.38572192 -0.105736181 -0.381016374 2.05360079 -0.0796994343 -0.329920799 2.08904982 -0.195825696 -0.351679206 1.82733822 -0.242887348 -0.321608603 2.3588295 0.0415607952 -0.321608603 2.3588295 0.0415607952 -0.321608603 2.3588295 0.0415607952 -0.373315334 2.05628991 0.000977750984 -0.311829537 2.09076118 0.112825662 -0.31745255 1.8220818 0.141307175 0.357791066 2.38401055 -0.0361826718 0.357791066 2.38401055 -0.0361826718 0.357791066 2.38401055 -0.0361826718 0.357791066 2.38401055 -0.0361826718 0.357791066 2.38401055 -0.0361826718 0.321608543 2.3588295 0.0415607952 0.321608543 2.3588295 0.0415607952 0.321608543 2.3588295 0.0415607952 0.373315275 2.05628991 0.000977750984 0.373315275 2.05628991 0.000977750984 0.311829478 2.09076118 0.112825662 0.31745249 1.8220818 0.141307175 0.31745249 1.8220818 0.141307175 0.351679146 1.8273381 -0.242887348 0.351679146 1.8273381 -0.242887348 0.329920739 2.08905005 -0.195825696 0.381016314 2.05360079 -0.0796994418 0.381016314 2.05360079 -0.0796994418 0.335543692 2.38572192 -0.105736189 0.335543692 2.38572192 -0.105736189 0.335543692 2.38572192 -0.105736189 -0.617791712 3.33331203 -0.0243256427 -0.670476437 3.3958981 -0.118326791 -0.756776452 3.45224977 -0.118449032 -0.617791712 3.33331203 -0.212694645 -0.783179998 3.33441234 -0.235064238 -0.82425189 3.43366957 -0.118449032 -0.783179939 3.3344121 -0.00195606123 -0.39385137 1.63542414 0.0161353163 -0.403874904 1.63689101 -0.112214752 0.0377715528 2.09259486 -0.444335908 0.210249603 2.0939393 -0.443480194 0.0212694053 2.36359692 -0.292760551 -0.021269476 2.36359692 -0.292760551 -0.210249662 2.0939393 -0.443480194 -0.147419259 2.36359692 -0.292760551 -0.0444947258 1.93625224 -0.52953583 -0.0377716273 2.09259486 -0.444335908 -0.246065482 1.94065285 -0.526846647 -0.289337724 1.75252831 -0.629526615 0.246065423 1.94065285 -0.526846647 -0.00476732384 2.48497963 -0.22418499 -0.0963237062 2.55709982 -0.175778657 -0.218561858 0.976438344 0.217461616 -0.343489259 1.23118269 -0.0684534609 -0.34348923 0.985606253 -0.0700425357 -0.228585392 1.23118258 0.203037485 -0.241787121 1.24523997 -0.365614414 -0.257800311 1.64300299 -0.317208141 -0.359380215 2.04589987 -0.0531737506 -0.231030166 0.995751917 -0.395685047 -0.343733758 1.63945794 -0.0661309734 -0.275891542 2.04736662 -0.261834294 -0.237508774 1.63945794 0.177122965 -0.245576486 2.04516625 0.159276173 0.289337665 1.75252831 -0.629526615 0.0444946513 1.93625224 -0.52953583 0.00476725399 2.48497963 -0.22418499 0.147419199 2.36359692 -0.292760551 0.0963236317 2.55709982 -0.175778657 0.052317895 1.75252831 -0.629526615 -0.0523179695 1.75252831 -0.629526615 -0.327109367 0.000244503375 -0.0453503542 -0.327109367 0.000244503375 -0.0453503542 -0.332487851 0.00024452043 0.180545762 -0.332487851 0.00024452043 0.180545762 -0.324420094 0.0631971434 -0.0528068878 -0.324420094 0.0631971434 -0.0528068878 -0.187024415 0.186902151 0.0954679847 -0.291415811 0.26097846 -0.110625558 -0.187024415 0.328942865 0.0158909373 -0.322342038 0.288848758 -0.11795985 -0.296549797 0.396296084 -0.134461999 -0.187024415 0.317696929 -0.300583631 -0.187024415 0.486018866 -0.282981366 -0.077499032 0.396296084 -0.134461999 -0.0387495346 0.432478577 -0.141796291 -0.0387495346 0.432478577 -0.141796291 -0.187024415 0.495431215 -0.00513403909 -0.187024415 0.0691868588 0.482718498 -0.187024415 0.0691868588 0.482718498 -0.0750542656 0.000244532392 0.338721931 -0.0750542656 0.000244532392 0.338721931 -0.187024415 0.0863001794 0.272346616 -0.0416832492 0.000855711172 0.180423528 -0.0416832492 0.000855711172 0.180423528 -0.0496287271 0.0631971434 -0.0528068915 -0.0496287271 0.0631971434 -0.0528068915 -0.0826330259 0.26097846 -0.110625558 -0.0771323144 0.0965681449 -0.198881477 -0.0771323144 0.0965681449 -0.198881477 -0.187024415 0.126394242 -0.345811725 -0.296916515 0.0965681523 -0.198881477 -0.296916515 0.0965681523 -0.198881477 -0.269412935 0.000244491384 -0.204259962 -0.269412935 0.000244491384 -0.204259962 -0.269412935 0.000244491384 -0.204259962 -0.0517067797 0.288848758 -0.11795985 -0.335299313 0.432478607 -0.141796291 -0.335299313 0.432478607 -0.141796291 -0.335299313 0.432478607 -0.141796291 -0.298994541 0.000244532363 0.338721931 -0.298994541 0.000244532363 0.338721931 -0.0469394922 0.000244503375 -0.0453503542 -0.0469394922 0.000244503375 -0.0453503542 -0.104758143 0.000244491413 -0.204259962 -0.104758143 0.000244491413 -0.204259962 -0.104758143 0.000244491413 -0.204259962 -0.187024415 0.000244485127 -0.2870152 -0.187024415 0.000244485127 -0.2870152 0.317085743 2.36005187 0.0294592176 0.317085743 2.36005187 0.0294592176 0.322341979 2.38535523 -0.094612509 0.322341979 2.38535523 -0.094612509 -1.11823475 3.4325695 -0.118449032 -1.0830301 3.34516907 0.0135681834 -1.05381513 3.47278571 -0.118449032 -0.868135512 3.33807945 -0.0167468768 -0.893194377 3.4083662 -0.118449032 -0.868135452 3.33807921 -0.220273405 -1.0830301 3.34516954 -0.250588447 0.34348917 0.985606253 -0.0700425357 0.3434892 1.23118269 -0.0684534609 0.218561798 0.976438344 0.217461616 0.343733698 1.63945794 -0.0661309734 0.228585333 1.23118258 0.203037485 0.241787061 1.24523997 -0.365614414 0.257800251 1.64300299 -0.317208141 0.246187612 2.31824636 0.146074429 0.246187612 2.31824636 0.146074429 0.246187612 2.31824636 0.146074429 0.246187612 2.31824636 0.146074429 0.245576426 2.04516625 0.159276173 0.359380156 2.04589987 -0.0531737506 0.231030107 0.995751917 -0.395685047 -1.37175667 3.37169456 0.0601409227 -1.68493068 3.4742527 -0.101091214 -1.68493068 3.4742527 -0.101091214 -1.61684418 3.36521602 0.0800657421 -1.61684418 3.36521602 0.0800657421 0.275891483 2.04736662 -0.261834294 0.237508714 1.63945794 0.177122965 0.357791066 2.38401055 -0.0361826718 0.357791066 2.38401055 -0.0361826718 0.357791066 2.38401055 -0.0361826718 0.357791066 2.38401055 -0.0361826718 0.187024355 0.495431215 -0.00513403909 0.0387494601 0.432478577 -0.141796291 0.0387494601 0.432478577 -0.141796291 0.0774989575 0.396296084 -0.134461999 0.187024355 0.486018866 -0.282981366 0.187024355 0.317696929 -0.300583631 0.296549737 0.396296084 -0.134461999 0.322341979 0.288848758 -0.11795985 0.187024355 0.328942865 0.0158909373 0.291415751 0.26097846 -0.110625558 0.187024355 0.186902151 0.0954679847 0.324420035 0.0631971434 -0.0528068915 0.324420035 0.0631971434 -0.0528068915 0.332487792 0.000244520488 0.180545762 0.332487792 0.000244520488 0.180545762 0.327109307 0.000244503404 -0.0453503542 0.327109307 0.000244503404 -0.0453503542 0.0750541985 0.000244532421 0.338721931 0.0750541985 0.000244532421 0.338721931 0.187024355 0.0863001868 0.272346616 0.0416831747 0.000855711172 0.180423528 0.0416831747 0.000855711172 0.180423528 0.0496286526 0.0631971434 -0.0528068878 0.0496286526 0.0631971434 -0.0528068878 0.0826329514 0.26097846 -0.110625558 0.0771322399 0.0965681523 -0.198881477 0.0771322399 0.0965681523 -0.198881477 0.187024355 0.126394242 -0.345811725 0.296916455 0.0965681449 -0.198881477 0.296916455 0.0965681449 -0.198881477 0.269412875 0.000244491384 -0.204259962 0.269412875 0.000244491384 -0.204259962 0.269412875 0.000244491384 -0.204259962 0.335299253 0.432478607 -0.141796291 0.335299253 0.432478607 -0.141796291 0.335299253 0.432478607 -0.141796291 0.0517067052 0.288848758 -0.11795985 0.187024355 0.0691868588 0.482718498 0.187024355 0.0691868588 0.482718498 0.298994482 0.000244532421 0.338721931 0.298994482 0.000244532421 0.338721931 0.0469394177 0.000244503404 -0.0453503542 0.0469394177 0.000244503404 -0.0453503542 0.104758061 0.000244491384 -0.204259962 0.104758061 0.000244491384 -0.204259962 0.104758061 0.000244491384 -0.204259962 0.187024355 0.000244485127 -0.2870152 0.187024355 0.000244485127 -0.2870152 -0.960303009 3.44027019 -0.118449032 -0.937811196 3.34247971 -0.24472104 -0.896127999 3.45713902 -0.118449032 -0.711670578 3.33050084 -0.218195349 -0.745041609 3.40090966 -0.118449025 -0.711670578 3.3305006 -0.0187026877 -0.937811196 3.34247971 0.00770075247 -0.116981961 1.82819378 0.11392583 -0.248876944 1.37933528 0.0189468134 -0.137884676 1.37933528 0.0189468116 -0.0576964468 1.4020716 -0.0872781426 -0.0576964468 1.4020716 -0.0872781426 -0.113070339 1.80680203 -0.23261936 -0.0393607244 1.97818005 -0.056474179 -0.0393607244 1.97818005 -0.056474179 -0.245332018 1.34486401 -0.20670484 -0.30522871 1.35953271 -0.0872781426 -0.253644198 1.47749245 -0.205971405 -0.0537848249 2.08880544 0.0699200705 -3.54360488e-8 2.10763025 -0.164043769 -3.54360488e-8 2.10763025 -0.164043769 -3.54805607e-8 2.07144761 0.0649083033 -0.0504844002 2.12975526 -0.233108342 -0.0504844002 2.12975526 -0.233108342 -0.0488952994 2.16288185 -0.254866719 -0.253155261 3.05717587 -0.0507290699 -0.245943204 3.04751921 0.0407050736 -0.238853395 3.16926813 -0.0678424165 -0.238853395 3.16926813 -0.0678424165 -0.238853395 3.16926813 -0.0678424165 -0.226874053 3.15362191 0.0524399281 -0.226018399 3.21853042 -0.00220052875 -0.226018399 3.21853042 -0.00220052875 -0.145585671 3.18821526 0.0875222832 -0.178712219 3.31815481 -0.0209029745 -3.48286129e-8 3.31680989 -0.0113683976 -3.48286129e-8 3.31680989 -0.0113683976 0.0767655224 3.34956956 -0.057329949 0.0767655224 3.34956956 -0.057329949 0.0915563405 3.39357543 -0.128472567 0.0915563405 3.39357543 -0.128472567 0.0915563405 3.39357543 -0.128472567 0.216972709 2.89557719 -0.00232274248 0.216972709 2.89557719 -0.00232274248 0.169666529 2.86624002 -0.107447557 0.169666529 2.86624002 -0.107447557 0.201815173 3.01280355 -0.18372418 -3.50497338e-8 2.8585391 -0.149864197 -3.50497338e-8 2.8585391 -0.149864197 -3.49261882e-8 3.08125687 -0.225162923 -0.201815248 3.01280379 -0.18372418 -0.0663753599 3.15142179 -0.239098087 -0.0663753599 3.15142179 -0.239098087 -0.223084658 3.21351862 -0.22039564 -0.223084658 3.21351862 -0.22039564 -3.48409941e-8 3.2431004 -0.239220336 -0.207315937 3.31460977 -0.19900398 -0.207315937 3.31460977 -0.19900398 -3.47906521e-8 3.34516907 -0.21807313 -0.059041068 3.39149737 -0.173578441 -0.059041068 3.39149737 -0.173578441 -3.47684299e-8 3.39357543 -0.193381026 -3.47684299e-8 3.39357543 -0.193381026 0.0590409935 3.39149737 -0.173578441 0.0590409935 3.39149737 -0.173578441 0.207315877 3.31460977 -0.19900398 0.207315877 3.31460977 -0.19900398 0.221128792 3.21351862 -0.22039564 0.221128792 3.21351862 -0.22039564 -3.47225324e-8 3.48904324 -0.16306597 -0.0465727746 3.49759984 -0.147419482 -0.091556415 3.39357543 -0.128472567 -0.091556415 3.39357543 -0.128472567 -0.091556415 3.39357543 -0.128472567 -0.213916808 3.34736967 -0.121138275 -0.213916808 3.34736967 -0.121138275 -0.0767655969 3.34956956 -0.0573299527 -0.0767655969 3.34956956 -0.0573299527 0.960302889 3.44027019 -0.118449032 0.937811077 3.34247971 0.00770075247 0.89612788 3.45713902 -0.118449032 0.711670458 3.33050084 -0.0187026877 0.74504149 3.40090966 -0.118449025 0.711670458 3.3305006 -0.218195349 0.937811077 3.34247971 -0.24472104 -0.225651681 2.94826198 0.0805547237 -0.255966723 3.02246022 0.130427897 -0.217094988 3.09128046 0.151941791 -0.130061433 3.10655999 0.179812089 -0.0614858307 3.16327906 0.129816681 -0.0614858307 3.16327906 0.129816681 -0.0425389148 3.08186841 0.197658852 -3.49457743e-8 3.12465143 0.147296742 -3.50087284e-8 3.01255918 0.192035928 0.0425388403 3.08186841 0.197658852 0.0955901965 3.01744843 0.231029898 0.130061373 3.10655999 0.179812089 0.189591348 3.0192821 0.206582263 0.216728225 3.09128046 0.151941791 0.255722195 3.02246022 0.130427897 0.226507276 3.15362191 0.0524399355 0.245576426 3.04751921 0.0407050736 0.238731101 3.16926813 -0.0678424165 0.238731101 3.16926813 -0.0678424165 0.238731101 3.16926813 -0.0678424165 0.252788484 3.05717587 -0.0507290699 0.252055079 3.16217852 -0.162210271 0.252055079 3.16217852 -0.162210271 0.0663752854 3.15142179 -0.239098087 -0.276991695 2.55318832 -0.0122240074 -0.276991695 2.55318832 -0.0122240074 -0.149619535 2.71979856 -0.0849557295 -3.51263054e-8 2.71613169 -0.123216271 0.149619475 2.71979856 -0.0849557295 0.199492648 2.74241257 0.00892317947 0.176634103 2.91000128 0.141429335 0.176634103 2.91000128 0.141429335 0.225284889 2.94826198 0.0805547237 0.231641278 2.95779657 0.160987437 0.143018618 2.95730758 0.20633781 -0.0701647401 2.9278481 0.185679555 -0.167955279 2.83543611 0.144729763 -0.176634163 2.91000128 0.141429335 -0.176634163 2.91000128 0.141429335 -3.51838665e-8 2.59670496 -0.159887716 -3.51838665e-8 2.59670496 -0.159887716 0.18629092 2.58228087 -0.13874051 0.18629092 2.58228087 -0.13874051 0.276991636 2.55318832 -0.0122240074 0.276991636 2.55318832 -0.0122240074 0.14815262 2.71221995 0.129572242 -3.51779654e-8 2.68068242 0.172477841 -0.0955902711 3.01744843 0.231029898 -0.189835891 3.0192821 0.206582263 -0.143385395 2.95730758 0.20633781 -0.23200804 2.95779657 0.160987437 0.173822626 2.52751803 0.12993896 0.173822626 2.52751803 0.12993896 -0.0206582826 2.47104406 -0.212450117 -0.0564740635 2.58961511 -0.152186707 -0.0437612981 2.59095979 -0.18140161 -0.0437612981 2.59095979 -0.18140161 -3.51834117e-8 2.59670496 -0.163921565 0.0437612236 2.59095979 -0.18140161 0.0437612236 2.59095979 -0.18140161 0.056473989 2.58961511 -0.152186707 0.0206582118 2.47104406 -0.212450117 0.0614857562 3.16327906 0.129816681 -0.0250588562 3.23246527 0.0783544183 -0.0633194074 3.19787216 0.0996238589 -3.48919365e-8 3.21694136 0.0926562771 -3.48919365e-8 3.21694136 0.0926562771 -0.0193136651 3.1725688 0.126027301 -3.4918763e-8 3.17232442 0.126149535 -3.4918763e-8 3.17232442 0.126149535 -0.0193136651 3.1415205 0.149374798 -3.495634e-8 3.10986066 0.173211232 -3.495634e-8 3.10986066 0.173211232 0.0193135943 3.1415205 0.149374798 0.0193135943 3.1725688 0.126027301 0.0633193329 3.19787216 0.0996238589 0.0250587855 3.23246527 0.0783544183 -0.317085803 2.36005187 0.0294592176 -0.317085803 2.36005187 0.0294592176 -0.281514496 2.44354057 0.0327596404 -0.281514496 2.44354057 0.0327596404 -0.347156405 2.4613874 -0.0246922933 0.289948881 2.46248746 -0.0766435117 0.347156346 2.4613874 -0.0246922933 -0.186290979 2.58228087 -0.13874051 -0.186290979 2.58228087 -0.13874051 -3.52686733e-8 2.40980268 -0.264034599 -3.52686733e-8 2.40980268 -0.264034599 0.245820895 2.38804436 -0.22039558 0.245820895 2.38804436 -0.22039558 0.245820895 2.38804436 -0.22039558 0.245820895 2.38804436 -0.22039558 -0.245820954 2.38804436 -0.22039558 -0.245820954 2.38804436 -0.22039558 -0.245820954 2.38804436 -0.22039558 -0.245820954 2.38804436 -0.22039558 -0.28994894 2.46248746 -0.0766435117 -3.52539402e-8 2.4457407 -0.230052382 -3.52311069e-8 2.48937988 -0.23261942 -0.0910674706 2.26103926 -0.294594139 -0.263056546 2.2658062 -0.250343919 -0.338477492 2.38401055 -0.0361826718 -0.338477492 2.38401055 -0.0361826718 -0.252055109 3.16217852 -0.162210271 -0.252055109 3.16217852 -0.162210271 -0.64248383 3.22769833 -0.117104404 -0.64248383 3.22769833 -0.117104404 -0.617791712 3.30030751 -0.200593069 -0.358280063 3.21926379 -0.201326489 -0.313907623 3.30140805 -0.196925938 -0.278703034 3.28893971 -0.194114447 -0.297527701 3.3520143 -0.114170685 -0.269535184 3.34260201 -0.113315031 -0.32209757 3.31314278 -0.0364272222 -0.273446798 3.26571417 -0.0272593554 -0.273446798 3.26571417 -0.0272593554 -0.3602359 3.24407816 -0.0305597819 -0.223451376 3.3309896 -0.115393072 -0.223451376 3.3309896 -0.115393072 -0.223451376 3.3309896 -0.115393072 -0.3647587 3.21302962 -0.101824626 -0.3647587 3.21302962 -0.101824626 -0.125905335 2.29318762 0.139718041 -0.125905335 2.29318762 0.139718041 -0.236164153 2.31824636 0.136295363 -0.236164153 2.31824636 0.136295363 -0.250954956 2.26409483 0.132505998 -0.352168173 2.24795938 -0.0396053344 -0.277358413 2.13317776 -0.206460416 -3.53672718e-8 2.21898913 -0.263790131 0.0488952249 2.16288185 -0.254866719 0.050484322 2.12975526 -0.233108342 0.050484322 2.12975526 -0.233108342 0.277358353 2.13317776 -0.206460416 0.113070257 1.80680203 -0.232619345 0.247043282 1.80680203 -0.231641442 0.253644139 1.47749245 -0.205971405 0.305228651 1.35953271 -0.0872781426 0.245331943 1.34486401 -0.206704825 0.297038704 1.24915159 -0.0833665207 0.237264246 1.09354246 -0.280903369 0.312196225 1.06493878 -0.130917147 0.215628088 0.885248721 -0.240931466 0.247043282 0.536870003 -0.153531164 0.186779872 0.537481189 -0.232985973 0.0393606499 1.97817993 -0.0564741753 0.0393606499 1.97817993 -0.0564741753 0.0537847504 2.08880544 0.0699200705 0.116981886 1.82819378 0.11392583 0.122238122 2.23304653 0.129450053 0.276013732 1.97145689 0.110258669 0.250954896 2.26409483 0.132505998 0.352168113 2.24795938 -0.0396053344 0.338477433 2.38401055 -0.0361826718 0.338477433 2.38401055 -0.0361826718 0.263056487 2.2658062 -0.250343919 0.0910673961 2.26103902 -0.294594139 0.0708980933 1.05344832 -0.118693344 0.0708980933 1.05344832 -0.118693344 0.199125931 1.20465684 -0.00305604399 0.0837331042 1.2399838 -0.0803105682 0.0837331042 1.2399838 -0.0803105682 0.158909574 1.30672574 0.0235918686 0.0576963723 1.4020716 -0.0872781426 0.0576963723 1.4020716 -0.0872781426 0.137884617 1.37933528 0.0189468116 0.24887687 1.37933528 0.0189468116 0.355468541 1.98038018 -0.0520736054 0.116126217 1.47749245 -0.205971405 0.129450187 1.34486401 -0.206704825 0.116003968 1.09354246 -0.280903369 0.149619475 0.885248721 -0.240931466 0.111603402 0.840265095 -0.142529756 0.111603402 0.840265095 -0.142529756 0.118204258 0.536870003 -0.154509082 0.118204258 0.536870003 -0.154509082 0.236164093 2.31824636 0.136295363 0.236164093 2.31824636 0.136295363 0.125905275 2.29318762 0.139718041 0.125905275 2.29318762 0.139718041 -3.53860052e-8 2.27375174 0.153164223 -3.53860052e-8 2.27375174 0.153164223 -3.54613299e-8 2.12156534 0.123949334 -0.122238196 2.23304653 0.129450053 0.240686923 1.30672574 0.0235918686 0.187880009 0.537481189 -0.0752987415 0.298750073 0.575252712 -0.140696168 0.298750073 0.575252712 -0.140696168 0.298750073 0.575252712 -0.140696168 0.187024355 0.675732493 -0.0231030602 0.187024355 0.675732493 -0.0231030602 0.075298667 0.575252712 -0.140696168 0.075298667 0.575252712 -0.140696168 0.187024355 0.634171546 -0.281881243 0.187024355 0.634171546 -0.281881243 0.36475867 3.21302962 -0.101824626 0.36475867 3.21302962 -0.101824626 0.642483711 3.22769833 -0.117104404 0.642483711 3.22769833 -0.117104404 0.36023587 3.24407816 -0.0305597819 0.612902045 3.30165219 -0.0364272222 0.273446739 3.26571417 -0.0272593554 0.273446739 3.26571417 -0.0272593554 0.226018339 3.21853042 -0.00220052875 0.226018339 3.21853042 -0.00220052875 0.281514436 2.44354081 0.0327596404 0.281514436 2.44354081 0.0327596404 0.403874844 1.63689101 -0.112214752 -0.58002007 3.41997886 -0.0625861958 -0.583076119 3.3581264 -0.0211474542 -0.583076119 3.3581264 -0.0211474542 -0.513033628 3.4199791 -0.0625862032 -0.507655084 3.36802745 -0.0358160399 -0.507655084 3.36802745 -0.0358160399 -1.30354774 3.20960712 0.043638777 -1.44607759 3.12391806 -0.117471106 -1.44607759 3.12391806 -0.117471106 -1.44607759 3.12391806 -0.117471106 -1.26418698 3.14726543 -0.11722663 -1.26418698 3.14726543 -0.11722663 -0.826085508 3.21840835 -0.0876450092 -0.826085508 3.21840835 -0.0876450092 -1.29706931 3.21535206 -0.239464775 -0.507655144 3.36802745 -0.202182159 -0.507655144 3.36802745 -0.202182159 -0.462060273 3.36802745 -0.119060218 -0.462060273 3.36802745 -0.119060218 -0.583076119 3.3581264 -0.216972992 -0.583076119 3.3581264 -0.216972992 -0.479418069 3.4199791 -0.119060226 -0.513033628 3.4199791 -0.175534248 -0.61351341 3.41997886 -0.119060226 -0.58002007 3.41997886 -0.175534248 0.39385131 1.63542414 0.0161353163 -0.818017781 3.37951803 -0.117593355 -1.09745419 3.34419131 -0.2516886 -1.12129056 3.42902446 -0.110503562 -0.621458888 3.20398402 -0.1180823 -0.621458888 3.20398402 -0.1180823 -0.621458888 3.20398402 -0.1180823 -0.626348376 3.30593061 -0.117471114 -0.56926316 3.3001852 -0.0161356851 -0.56926316 3.3001852 -0.0161356851 -0.0581854023 3.15704441 0.137762174 -0.58295387 3.36741662 -0.114170685 0.0581853278 3.15704441 0.137762174 -0.0837331787 1.2399838 -0.0803105682 -0.0837331787 1.2399838 -0.0803105682 -0.116004042 1.09354246 -0.280903369 -0.129450247 1.34486401 -0.20670484 -0.23726429 1.09354246 -0.280903369 -0.297038764 1.24915159 -0.0833665207 -0.240686968 1.30672574 0.0235918667 -0.158909634 1.30672574 0.0235918686 -0.116126291 1.47749245 -0.205971405 -0.247043341 1.80680203 -0.231641442 -0.355468601 1.98038018 -0.0520736054 -0.276013792 1.97145689 0.110258669 -0.19912599 1.20465684 -0.00305604399 -0.312196285 1.06493878 -0.130917147 -0.215628147 0.885248721 -0.240931466 -0.149619535 0.885248721 -0.240931466 -0.111603476 0.840265095 -0.142529756 -0.111603476 0.840265095 -0.142529756 -0.118204333 0.536870003 -0.154509082 -0.118204333 0.536870003 -0.154509082 -0.187880069 0.537481189 -0.0752987415 -0.247043341 0.536870003 -0.153531164 -0.186779931 0.537481189 -0.232985973 -0.0752987415 0.575252712 -0.140696168 -0.0752987415 0.575252712 -0.140696168 -0.187024415 0.675732493 -0.0231030602 -0.187024415 0.675732493 -0.0231030602 -0.298750132 0.575252712 -0.140696168 -0.298750132 0.575252712 -0.140696168 -0.298750132 0.575252712 -0.140696168 -0.187024415 0.634171546 -0.281881243 -0.187024415 0.634171546 -0.281881243 -0.0708981678 1.05344832 -0.118693344 -0.0708981678 1.05344832 -0.118693344 -3.47722846e-8 3.42841315 0.000366456661 0.0793325305 3.45567226 -0.0359382816 0.0867890567 3.4968667 -0.0993798897 0.0465727001 3.49759984 -0.147419482 -0.0867891312 3.4968667 -0.0993798897 -0.0792103633 3.45567226 -0.0359382816 -0.531247079 0.270879745 -0.141674042 -0.476728857 0.431867391 -0.141674057 -0.539559305 0.434801102 -0.141674057 -0.515233934 0.533325076 -0.141674072 -0.429667145 0.466583043 -0.141674042 -0.381260902 0.653974235 -0.141674072 0.381260842 0.653974235 -0.141674072 0.429667085 0.466583043 -0.141674042 0.453870237 0.600800574 -0.141674072 0.515233815 0.533325076 -0.141674072 0.476728797 0.431867391 -0.141674057 0.53124696 0.270879745 -0.141674042 0.539559186 0.434801102 -0.141674057 -0.453870296 0.600800574 -0.141674072 -1.51868689 3.2017839 -0.268924177 -1.51868689 3.2017839 -0.268924177 -1.61684418 3.3485918 -0.278214276 -1.61684418 3.3485918 -0.278214276 -1.36405563 3.36118221 -0.270635545 -1.41282856 3.4787755 -0.108058795 -1.13534796 3.34174633 0.0286034793 -0.898939431 3.32341051 -0.0103904931 -0.760932624 3.32512212 -0.033249028 -0.510711074 3.38624096 -0.117471121 -0.510711074 3.38624096 -0.117471121 -0.567429543 3.29896307 -0.216361806 -0.567429543 3.29896307 -0.216361806 -0.624514818 3.37536192 -0.202182159 -0.688200891 3.37340593 -0.119060218 -0.624514818 3.37536192 -0.0358160362 -0.717049122 3.32023239 -0.11918246 -0.717049122 3.32023239 -0.11918246 -0.612291098 3.31302047 -0.0251813084 -0.612291098 3.31302047 -0.0251813084 -0.829997122 3.24444485 -0.206949428 -0.830730557 3.33404541 -0.213305846 -0.804571629 3.3334341 -0.212083459 -0.804816127 3.24542284 -0.206216007 -0.612902164 3.30165219 -0.0364272222 -0.612291038 3.3128984 -0.213061363 -0.612291038 3.3128984 -0.213061363 -1.51893139 3.19493842 0.0603854097 -1.51893139 3.19493842 0.0603854097 -1.39253712 3.31522059 -0.117104411 -3.53922012e-8 2.26482844 0.16722165 -3.53922012e-8 2.26482844 0.16722165 0.125660792 2.28169727 0.1565869 0.125660792 2.28169727 0.1565869</float_array><technique_common><accessor source="#aqua-geometry-2-positions-array" count="755" stride="3"><param name="X" type="float"/><param name="Y" type="float"/><param name="Z" type="float"/></accessor></technique_common></source><source id="aqua-geometry-2-normals"><float_array id="aqua-geometry-2-normals-array" count="2265">-0.262588769 -0.854663491 0.447880894 -0.262588769 -0.854663491 0.447880894 -0.519894779 0.134398714 0.843591452 -0.519894779 0.134398714 0.843591452 -0.519894779 0.134398714 0.843591452 -0.713690817 -0.3330957 0.616192043 -0.713690817 -0.3330957 0.616192043 -0.713690817 -0.3330957 0.616192043 -0.713690817 -0.3330957 0.616192043 -0.713787436 -0.332894087 0.616189122 0 0.0267012361 0.999643445 0 0.0267012361 0.999643445 0.17620118 0.87020582 -0.460103124 -0.28710112 -0.204100907 -0.935903668 -0.28710112 -0.204100907 -0.935903668 -0.359077364 0.780550778 -0.511667728 -0.519611418 -0.403508991 -0.753116548 -0.519611418 -0.403508991 -0.753116548 -0.358718246 0.780939817 0.511325955 0.175903231 0.870316207 0.460008442 0.373889238 0.927473307 -0.000100067118 -0.68099165 0.732291102 -0.00020005292 -0.287187904 -0.205091327 0.935660541 -0.287187904 -0.205091327 0.935660541 -0.519100666 -0.402700514 0.753901005 -0.519100666 -0.402700514 0.753901005 -0.871717036 -0.490009606 -0.000199967006 -0.871717036 -0.490009606 -0.000199967006 -0.320194155 0.946682811 0.0355992801 -0.152100027 0.576800227 0.802600145 -0.200796679 0.978883982 -0.0382994413 0.00739991199 0.52399379 -0.851689994 -0.131499007 0.506096125 -0.852393568 0.157093734 -0.0529979654 -0.986160636 0.177703798 -0.588512659 -0.788716793 0.00269998494 0.999994457 0.001899914 -0.148302555 -0.985717058 -0.0798012987 -0.148302555 -0.985717058 -0.0798012987 0.541589797 -0.839184284 -0.0494990051 0.541589797 -0.839184284 -0.0494990051 0.541589797 -0.839184284 -0.0494990051 -0.136999294 -0.566497087 0.812595963 -0.0715969279 -0.919260681 0.387083501 -0.0715969279 -0.919260681 0.387083501 0.615801752 0.787602246 0.0217000004 0.615801752 0.787602246 0.0217000004 0.294114619 0.742737114 0.601529837 0.473387331 0.872476757 0.121196695 0.473387331 0.872476757 0.121196695 0.473387331 0.872476757 0.121196695 -0.100703903 0.994338691 0.0339012407 -0.16560109 0.985806465 0.0276001059 -0.125200659 0.395702064 -0.909804761 -0.62826407 -0.026298441 0.777555525 -0.985760748 -0.161993563 -0.0450981893 -0.985765159 -0.161994278 -0.0449983962 -0.985776722 -0.161896184 -0.0450989157 -0.985776722 -0.161896184 -0.0450989157 -0.652495503 -0.331997782 -0.681195319 -0.652495503 -0.331997782 -0.681195319 -0.996261239 0.0817968249 -0.0277989246 -0.970103025 -0.236700788 -0.0536001548 -0.970103025 -0.236700788 -0.0536001548 0 -0.0916987136 0.995786786 0.693098068 -0.123999618 0.710098028 0.0777020901 -0.2728073 0.958925784 0 0.65549767 0.755197167 0.311815619 0.656633019 0.686734319 -0.110702395 -0.572612524 -0.81231761 -0.880155504 0.474676013 -0.00299988408 -0.880155504 0.474676013 -0.00299988408 -0.717585862 -0.0724986345 -0.692686379 -0.717585862 -0.0724986345 -0.692686379 -0.915438056 -0.402316749 0.0107004754 -0.5187186 -0.854330778 0.0324012302 -0.5187186 -0.854330778 0.0324012302 -0.5187186 -0.854330778 0.0324012302 -0.667298317 -0.0910997242 0.739198148 -0.667298317 -0.0910997242 0.739198148 -0.0291992687 0.331291825 0.943076432 -0.226690874 0.243790314 0.94296211 -0.17531091 0.431827009 0.884755015 -0.114598714 0.4782947 0.870690048 -0.0581008755 0.997915149 -0.0281004999 0.907278061 0.42038992 -0.0108997691 0.907278061 0.42038992 -0.0108997691 -0.0514009371 0.387307048 -0.920516908 0.809477568 -0.0558985025 -0.584483862 0.809477568 -0.0558985025 -0.584483862 0.640175164 -0.580677569 -0.502980471 0.640175164 -0.580677569 -0.502980471 0.482081592 0.44758299 0.753171146 0.771106839 0.636705697 0.00029995467 0.482400775 0.448700726 -0.752301276 0.923292577 -0.38409698 -0.000699965283 0.923292577 -0.38409698 -0.000699965283 -0.102201477 -0.691810071 -0.714810252 -0.102201477 -0.691810071 -0.714810252 -0.0865994841 -0.660296202 -0.745995522 -0.0993004963 0.504802525 -0.857504427 -0.0601007976 0.525106966 -0.848911345 -0.0078002885 -0.638323724 -0.769728422 -0.101800367 -0.692702591 0.714002609 -0.101800367 -0.692702591 0.714002609 0.634291112 -0.616791368 0.466093481 0.634291112 -0.616791368 0.466093481 0.785502911 0.0504002385 0.616802275 0.785502911 0.0504002385 0.616802275 0.010499849 0.720389605 -0.693490088 0.529576361 0.848262191 0.000199927061 0.0962954238 0.995352745 0.000199915332 0.0103999441 0.72009629 0.693796217 -0.219111443 0.762039959 0.609331787 -0.372218072 0.92814523 0.000299944455 -0.219101399 0.762304902 -0.609003901 0.265502751 0.964110076 0.000199929287 -0.0292007029 0.699416935 0.71411711 -0.0593023784 0.998240054 0.00019993259 -0.243500024 0.760700226 0.601700068 -0.546712756 0.837319672 0.000899957668 -0.24400948 0.761229634 -0.600823402 -0.0292008705 0.699820876 -0.713721335 0.928658664 -0.368183702 0.0450980254 0.456127316 -0.68834132 -0.564033687 0.456127316 -0.68834132 -0.564033687 -0.997030139 0.0551016852 0.053801626 -0.997035563 0.0551019832 0.0537019148 -0.997035563 0.0551019832 0.0537019148 -0.997035682 0.0550019816 0.053801924 -0.997040868 0.0551022775 0.0536021963 -0.730430841 -0.167107135 -0.662227929 -0.730430841 -0.167107135 -0.662227929 -0.730477512 -0.167094931 -0.662179589 -0.930966496 0.110795997 -0.347887486 -0.92168504 0.118198067 -0.369494021 -0.952021182 0.0880019516 -0.293106526 -0.685399055 -0.245599613 0.685499072 -0.685415924 -0.245505661 0.68551594 -0.685415924 -0.245505661 0.68551594 -0.8852247 0.0760021657 0.45891282 -0.883687735 0.079398945 0.461293578 -0.887913704 0.0613009818 0.455907077 0.997030139 0.0551016852 0.053801626 0.997035563 0.0551019832 0.0537019148 0.997035682 0.0550019816 0.053801924 0.997040868 0.0551022775 0.0536021963 0.997040868 0.0551022775 0.0536021963 0.685399055 -0.245599613 0.685499072 0.685468912 -0.245488822 0.685468912 0.685468912 -0.245488822 0.685468912 0.8852247 0.0760021657 0.45891282 0.8852247 0.0760021657 0.45891282 0.883687735 0.079398945 0.461293578 0.887913704 0.0613009818 0.455907077 0.887913704 0.0613009818 0.455907077 0.952021182 0.0880019516 -0.293106526 0.952021182 0.0880019516 -0.293106526 0.92168504 0.118198067 -0.369494021 0.930966496 0.110795997 -0.347887486 0.930966496 0.110795997 -0.347887486 0.730430841 -0.167107135 -0.662227929 0.730430841 -0.167107135 -0.662227929 0.730465353 -0.167192131 -0.662168562 0.243500024 0.760700226 0.601700068 0.546712756 0.837319672 0.0008999579 0.0593023784 0.998240054 0.000199932605 0.24400948 0.761229634 -0.600823402 0.0292008705 0.699820876 -0.713721335 -0.265502751 0.964110076 0.000199929214 0.0292007029 0.699416935 0.71411711 -0.889202774 0.059700232 0.45360142 -0.958592772 0.0739994347 -0.27499795 0.000700033386 0.483323067 -0.87544179 0.000499978487 0.482379228 -0.875962317 0.000100001933 0.490009546 -0.871717095 -0.000100001977 0.490009546 -0.871717095 -0.000499978487 0.482379228 -0.875962317 -0.00679980544 0.495685846 -0.868475258 -0.000900025712 0.478613675 -0.878025115 -0.000700033386 0.483323067 -0.87544179 -0.00110002246 0.478809744 -0.877918005 -0.000599988562 0.478690863 -0.877983272 0.00110002246 0.478809744 -0.877918005 -0.0729981661 0.473288119 -0.877877891 -0.168205634 0.393213153 -0.903930366 -0.919231951 -0.0090002818 0.393613666 -0.99933821 -0.00230008503 0.0363013893 -0.999013841 -0.000300000363 0.0444006138 -0.920105577 -0.00730001554 0.391602397 -0.946122825 -0.000300031243 -0.323807806 -0.943579197 -0.00599989295 -0.331092685 -0.998740673 -0.004100163 0.050002031 -0.945743322 -0.000100028621 -0.324914873 -0.999140143 -0.0189007595 0.0369014814 -0.917310536 0.0353003815 -0.396604568 -0.911013007 -0.011900139 0.412205875 -0.876154661 -0.000299981941 0.482030094 0.000599988562 0.478690863 -0.877983272 0.000900025712 0.478613675 -0.878025115 0.0729981661 0.473288119 -0.877877891 0.00679980544 0.495685846 -0.868475258 0.168205634 0.393213153 -0.903930366 0 0.478025138 -0.878346145 0 0.478025138 -0.878346145 -0.589478493 -0.596978366 -0.544180095 -0.589478493 -0.596978366 -0.544180095 -0.888889551 -0.381395549 0.253797054 -0.888889551 -0.381395549 0.253797054 -0.943512201 -0.0785010457 -0.321904153 -0.943512201 -0.0785010457 -0.321904153 -0.000300006592 0.786717296 0.617313385 -0.974079013 -0.177996188 0.139597014 0 0.288191885 0.957572639 -0.957184255 -0.281595409 0.0670989156 -0.978463531 -0.199892566 0.0514980964 0 0.157697931 -0.987487435 0 0.029698709 -0.999558926 0.978463531 -0.199892566 0.0514980964 0.954675257 -0.297092348 -0.0181995071 0.954675257 -0.297092348 -0.0181995071 0 0.0881011114 0.996111572 0 0.25709632 0.966385782 0 0.25709632 0.966385782 0.865422845 -0.322908521 0.383110136 0.865422845 -0.322908521 0.383110136 -0.000600006199 0.964109957 0.265502632 0.890108585 -0.378403634 0.254002482 0.890108585 -0.378403634 0.254002482 0.943433046 -0.0786027759 -0.322111279 0.943433046 -0.0786027759 -0.322111279 0.974079013 -0.177996188 0.139597014 0.901368082 -0.352187604 -0.251991063 0.901368082 -0.352187604 -0.251991063 0.000100004705 -0.038801901 -0.999246895 -0.901504695 -0.351901919 -0.251901269 -0.901504695 -0.351901919 -0.251901269 -0.665616274 -0.659816086 0.34870857 -0.665616274 -0.659816086 0.34870857 -0.665616274 -0.659816086 0.34870857 0.957184255 -0.281595409 0.0670989156 -0.856743813 -0.266713649 0.441422582 -0.856770396 -0.266690791 0.441384733 -0.856770396 -0.266690791 0.441384733 -0.865386009 -0.322194785 0.383793801 -0.865386009 -0.322194785 0.383793801 0.589793026 -0.597293079 -0.543493509 0.589793026 -0.597293079 -0.543493509 0.665192008 -0.660092056 0.348995835 0.665192008 -0.660092056 0.348995835 0.665192008 -0.660092056 0.348995835 0.000300005835 -0.736614287 -0.676312983 0.000300005835 -0.736614287 -0.676312983 -0.332100391 -0.942801178 0.0289000999 -0.332100391 -0.942801178 0.0289000999 -0.456127316 -0.68834132 -0.564033687 -0.456127316 -0.68834132 -0.564033687 -0.529576361 0.848262191 0.00019992693 -0.0103999441 0.72009629 0.693796217 -0.0962954238 0.995352745 0.000199915303 0.219111443 0.762039959 0.609331787 0.372218072 0.92814523 0.000299944542 0.219101399 0.762304902 -0.609003901 -0.0103998613 0.720390379 -0.693490744 0.999013841 -0.000300001382 0.0444006138 0.99933821 -0.0023000862 0.0363013893 0.919231951 -0.00900028367 0.393613666 0.999140143 -0.0189007595 0.0369014814 0.920105577 -0.00730001694 0.391602397 0.946122825 -0.000300032232 -0.323807806 0.943579197 -0.00599989388 -0.331092685 0.713690817 -0.3330957 0.616192043 0.713690817 -0.3330957 0.616192043 0.713690817 -0.3330957 0.616192043 0.713787436 -0.332894087 0.616189122 0.876154661 -0.000299982872 0.482030094 0.998740673 -0.00410016393 0.050002031 0.945743322 -0.000100029603 -0.324914873 0.114598714 0.4782947 0.870690048 -0.907278061 0.42038992 -0.0108997691 -0.907278061 0.42038992 -0.0108997691 -0.785502911 0.0504002385 0.616802275 -0.785502911 0.0504002385 0.616802275 0.917310536 0.0353003815 -0.396604568 0.911013007 -0.0119001409 0.412205875 0.985760748 -0.161993563 -0.0450981893 0.985776722 -0.161896184 -0.0450989157 0.985776722 -0.161896184 -0.0450989157 0.985776722 -0.161896184 -0.0450989157 0 0.0881011114 0.996111572 -0.954675257 -0.297092348 -0.0181995071 -0.954675257 -0.297092348 -0.0181995071 -0.978463531 -0.199892566 0.0514980964 0 0.029698709 -0.999558926 0 0.157697931 -0.987487435 0.978463531 -0.199892566 0.0514980964 0.957184255 -0.281595409 0.0670989156 0 0.288191885 0.957572639 0.974079013 -0.177996188 0.139597014 0.000300006504 0.786717296 0.617313385 0.943512201 -0.0785010457 -0.321904153 0.943512201 -0.0785010457 -0.321904153 0.888589025 -0.381295294 0.254996866 0.888589025 -0.381295294 0.254996866 0.589720666 -0.59652102 -0.54441905 0.589720666 -0.59652102 -0.54441905 -0.865570188 -0.323488861 0.382286847 -0.865570188 -0.323488861 0.382286847 0.000600006082 0.964109957 0.265502632 -0.889808059 -0.378303438 0.255202323 -0.889808059 -0.378303438 0.255202323 -0.943433046 -0.0786027759 -0.322111279 -0.943433046 -0.0786027759 -0.322111279 -0.974079013 -0.177996188 0.139597014 -0.901368082 -0.352187604 -0.251991063 -0.901368082 -0.352187604 -0.251991063 -0.00010000469 -0.038801901 -0.999246895 0.901527405 -0.35191077 -0.2518076 0.901527405 -0.35191077 -0.2518076 0.665616274 -0.659816086 0.34870857 0.665616274 -0.659816086 0.34870857 0.665616274 -0.659816086 0.34870857 0.856770396 -0.266690791 0.441384733 0.856770396 -0.266690791 0.441384733 0.856770396 -0.266690791 0.441384733 -0.957184255 -0.281595409 0.0670989156 0 0.25709632 0.966385782 0 0.25709632 0.966385782 0.865509033 -0.322803408 0.38300404 0.865509033 -0.322803408 0.38300404 -0.590000212 -0.596900344 -0.543700099 -0.590000212 -0.596900344 -0.543700099 -0.665192008 -0.660092056 0.348995835 -0.665192008 -0.660092056 0.348995835 -0.665192008 -0.660092056 0.348995835 -0.000300005777 -0.736614287 -0.676312983 -0.000300005777 -0.736614287 -0.676312983 -0.254212677 0.967148304 0.000199936898 0.0453994609 0.732091308 -0.679691911 0.0226010047 0.999744534 0.000199933391 0.206303209 0.773012042 -0.599909365 0.34879902 0.937197566 -7.07379684e-8 0.206198648 0.772895098 0.600095987 0.0451007783 0.731812775 0.68001169 0.475507975 -0.134202227 0.869414687 -0.53751421 -0.0973025039 0.837622046 0.494704932 -0.155101508 0.8551085 0.990402281 -0.130300313 0.0461001173 0.990402281 -0.130300313 0.0461001173 0.527320802 -0.0398016348 -0.848733485 0.997309685 -0.0685006678 0.0261002574 0.997309685 -0.0685006678 0.0261002574 -0.565898955 0.0722998008 -0.82129848 -0.996927202 -0.0780021325 0.00720020151 -0.555401742 -0.0360001773 -0.83080256 0.407691091 -0.600386858 0.687985122 0 -0.959440351 -0.281911761 0 -0.959440351 -0.281911761 0 -0.972950876 0.231012151 0.424007058 -0.455607682 -0.782713056 0.424007058 -0.455607682 -0.782713056 0.209698498 -0.499596506 -0.840493917 -0.993154764 -0.0989954993 -0.0619971678 -0.99995172 -0.00949954148 0.00249988004 -0.881328464 -0.373112112 0.289909422 -0.881328464 -0.373112112 0.289909422 -0.881328464 -0.373112112 0.289909422 -0.83267045 0.424185008 0.35598734 -0.644172609 0.148793727 0.750268042 -0.644172609 0.148793727 0.750268042 -0.311101675 0.657003641 0.686703622 -0.294114619 0.742737114 0.601529837 0 0.491803646 0.870706141 0 0.491803646 0.870706141 0.472778589 0.529876053 0.704068065 0.472778589 0.529876053 0.704068065 0.792136312 0.598127484 -0.121505596 0.792136312 0.598127484 -0.121505596 0.792136312 0.598127484 -0.121505596 0.970500827 -0.235200211 -0.0530000292 0.970500827 -0.235200211 -0.0530000292 0.652292907 -0.332196474 -0.681292593 0.652292907 -0.332196474 -0.681292593 0.595521033 -0.347012341 -0.724525571 0.00019998978 -0.297084898 -0.954851091 0.00019998978 -0.297084898 -0.954851091 0 -0.277295679 -0.960784614 -0.594796598 -0.347898096 -0.724695742 -0.0876977444 -0.112497188 -0.989774466 -0.0876977444 -0.112497188 -0.989774466 -0.241903275 -0.079801172 -0.96701318 -0.241903275 -0.079801172 -0.96701318 0.000199993316 0.129595608 -0.991566896 -0.287792772 0.612184644 -0.736481607 -0.287792772 0.612184644 -0.736481607 0 0.377795488 -0.925889075 -0.408686727 0.505383611 -0.759975374 -0.408686727 0.505383611 -0.759975374 0 0.38421762 -0.923242509 0 0.38421762 -0.923242509 0.408686727 0.505383611 -0.759975374 0.408686727 0.505383611 -0.759975374 0.288011074 0.611423552 -0.73702842 0.288011074 0.611423552 -0.73702842 0.240403503 -0.0770011917 -0.967614055 0.240403503 -0.0770011917 -0.967614055 0 0.279907823 -0.96002686 -0.545910716 0.26050508 -0.79631561 -0.792070329 0.598277628 -0.121195503 -0.792070329 0.598277628 -0.121195503 -0.792070329 0.598277628 -0.121195503 -0.615801752 0.787602246 0.0217000004 -0.615801752 0.787602246 0.0217000004 -0.472684115 0.530082285 0.703976274 -0.472684115 0.530082285 0.703976274 0.254212677 0.967148304 0.000199936971 -0.0451007783 0.731812775 0.68001169 -0.0226010047 0.999744534 0.000199933391 -0.206198648 0.772895098 0.600095987 -0.34879902 0.937197566 -7.08166468e-8 -0.206303209 0.773012042 -0.599909365 -0.0453994609 0.732091308 -0.679691911 -0.896645784 -0.437322408 0.0691035688 -0.967751145 0.00779962633 0.251787305 -0.627173185 0.491679043 0.604074061 -0.179397047 0.594290316 0.783987045 -0.0028999683 0.677092791 0.735891998 -0.0028999683 0.677092791 0.735891998 0.281404912 0.436007708 0.854814887 0 0.584497154 0.811395764 0 0.00789983012 0.999968886 -0.281404912 0.436007708 0.854814887 -0.0521017611 0.0248009153 0.998333752 0.180002436 0.594208181 0.783910573 0.475693345 0.0947987586 0.874487817 0.627278745 0.49178341 0.603879452 0.967856407 0.00759967649 0.251388669 0.833018661 0.422809541 0.356807947 0.9999488 -0.00990048517 0.00210010307 0.880711675 -0.374104947 0.29050383 0.880711675 -0.374104947 0.29050383 0.880711675 -0.374104947 0.29050383 0.993211925 -0.0991012007 -0.0609007217 0.731024921 -0.570519567 -0.374312699 0.731024921 -0.570519567 -0.374312699 0.0883952603 -0.112194069 -0.989746869 -0.92100662 0.384102732 0.0649004355 -0.92100662 0.384102732 0.0649004355 -0.601863623 0.145391151 -0.785252571 0.00020000439 0.0924019516 -0.995721817 0.60159874 0.14569962 -0.785398245 0.996261239 0.0817968249 -0.0277989246 0.652508855 -0.473406464 0.591708183 0.652508855 -0.473406464 0.591708183 0.897638083 -0.435218573 0.0695029795 0.754289687 -0.465393662 0.463093668 0.197198257 -0.503495514 0.841192603 -0.0777020901 -0.2728073 0.958925784 -0.693098068 -0.123999618 0.710098028 -0.65144372 -0.47483179 0.591739774 -0.65144372 -0.47483179 0.591739774 0 0.390706509 -0.920515358 0 0.390706509 -0.920515358 0.512720346 0.446317673 -0.733429134 0.512720346 0.446317673 -0.733429134 0.92100662 0.384102732 0.0649004355 0.92100662 0.384102732 0.0649004355 0.62826407 -0.026298441 0.777555525 0 -0.0454983078 0.998964369 0.0524008162 0.0249004662 0.998315632 -0.475282609 0.0951965898 0.874668002 -0.197503194 -0.503508091 0.841113627 -0.754324436 -0.465515107 0.462915093 0.519894779 0.134398714 0.843591452 0.519894779 0.134398714 0.843591452 -0.719285548 -0.00629992643 -0.694686055 -0.751227975 0.588021934 -0.299811214 -0.486597389 0.549097061 -0.679496408 -0.486680061 0.549177468 -0.679372251 0 0.976659954 -0.214791253 0.486597389 0.549097061 -0.679496408 0.486713111 0.54921484 -0.679318368 0.751227975 0.588021934 -0.299811214 0.719285548 -0.00629992737 -0.694686055 0.0028999683 0.677092791 0.735891998 -0.0902000293 0.592100322 0.800800264 -0.0990001559 0.614601076 0.782601118 0 0.610111833 0.792315245 0 0.610111833 0.792315245 -0.0229997542 0.607493639 0.793991506 0 0.600799799 0.799399555 0 0.600799799 0.799399555 0.00110004155 0.601422846 0.798930168 0 0.601710796 0.798714101 0 0.601710796 0.798714101 -0.00110004155 0.601422846 0.798930168 0.0229997542 0.607493639 0.793991506 0.0990001559 0.614601076 0.782601118 0.0902000293 0.592100322 0.800800264 0.332100391 -0.942801178 0.0289000999 0.332100391 -0.942801178 0.0289000999 -0.335484415 0.645570159 0.686068058 -0.335484415 0.645570159 0.686068058 -0.668066978 0.733663738 0.124193802 0.289189517 0.856868982 -0.426784575 0.668066978 0.733663738 0.124193802 -0.512720346 0.446317673 -0.733429134 -0.512720346 0.446317673 -0.733429134 0 0.337596655 -0.941290855 0 0.337596655 -0.941290855 0.642872751 0.307886928 -0.701370239 0.642872751 0.307886928 -0.701370239 0.642872751 0.307886928 -0.701370239 0.642976522 0.307888776 -0.701274455 -0.642872751 0.307886928 -0.701370239 -0.642872751 0.307886928 -0.701370239 -0.642872751 0.307886928 -0.701370239 -0.642996252 0.307798177 -0.701295912 -0.289189517 0.856868982 -0.426784575 0 -0.0586986542 -0.998275757 0 0.0890027434 -0.996031404 -0.0292000324 -0.0578001477 -0.997901082 -0.611899793 0.0290999338 -0.79039979 -0.574773073 -0.801362574 -0.16569218 -0.574773073 -0.801362574 -0.16569218 -0.73538059 -0.569485068 -0.367290229 -0.73538059 -0.569485068 -0.367290229 -0.217999756 -0.975799024 0.0171000566 -0.217999756 -0.975799024 0.0171000566 -0.157093734 -0.0529979654 -0.986160636 -0.178202003 -0.588506699 -0.788608789 0.131499007 0.506096125 -0.852393568 -0.00800017919 0.524911761 -0.851119041 0.200796679 0.978883982 -0.0382994413 0.320194155 0.946682811 0.0355992801 0.152100027 0.576800227 0.802600145 -0.0768023506 0.483214885 0.872126579 -0.0768023506 0.483214885 0.872126579 -0.168795511 -0.446188182 0.878876686 -0.473387331 0.872476757 0.121196695 -0.473387331 0.872476757 0.121196695 -0.473387331 0.872476757 0.121196695 -0.241201326 -0.953805387 0.179101065 -0.241201326 -0.953805387 0.179101065 -0.191591516 -0.885460854 0.423381299 -0.191591516 -0.885460854 0.423381299 -0.492176235 -0.795361638 0.353782952 -0.492176235 -0.795361638 0.353782952 -0.51380837 0.0125002693 0.857813895 -0.997063696 0.0540980324 0.0541980229 -0.643113554 -0.0904019699 -0.760415971 0 -0.297084898 -0.954851091 -0.209698498 -0.499596506 -0.840493917 -0.424007058 -0.455607682 -0.782713056 -0.424007058 -0.455607682 -0.782713056 0.643113554 -0.0904019699 -0.760415971 -0.527713656 -0.0391010754 -0.848521888 0.488885045 -0.0218993966 -0.872073293 0.555689335 -0.0365993641 -0.830584109 0.996927202 -0.0780021325 0.00720020151 0.565898955 0.0722998008 -0.82129848 0.977701902 -0.0907001793 0.18940039 0.510106981 0.0293003377 -0.85961175 0.992726028 -0.0496012978 0.109702885 0.472209126 -0.119002372 -0.873416781 0.991971433 -0.125496387 -0.0155995404 0.0396987982 -0.127296224 -0.991069973 -0.997309685 -0.0685006678 0.0261002574 -0.997309685 -0.0685006678 0.0261002574 -0.407691091 -0.600386858 0.687985122 -0.475507975 -0.134202227 0.869414687 0.0378987081 -0.164394334 0.985666335 0.562719941 -0.0682023615 0.823829293 0.51380837 0.0125002693 0.857813895 0.997063696 0.0540980324 0.0541980229 0.574773073 -0.801362574 -0.16569218 0.574773073 -0.801362574 -0.16569218 0.611899793 0.0290999338 -0.79039979 0.0292000324 -0.0578001477 -0.997901082 -0.941761255 -0.119095095 0.31448707 -0.941761255 -0.119095095 0.31448707 0.0533019863 -0.309711486 0.949335337 -0.948950469 -0.101005375 0.298815906 -0.948950469 -0.101005375 0.298815906 -0.391215354 -0.169606596 0.904535413 -0.990402281 -0.130300313 0.0461001173 -0.990402281 -0.130300313 0.0461001173 -0.494704932 -0.155101508 0.8551085 0.53751421 -0.0973025039 0.837622046 0.998977184 -0.0420990512 -0.0164996218 -0.530017555 -0.0576019771 -0.84602803 -0.555620372 0.0632022545 -0.829030454 -0.581802845 0.0319000967 -0.812703967 -0.524115503 -0.156604722 -0.837124765 -0.981140077 -0.0918037444 0.170106962 -0.981140077 -0.0918037444 0.170106962 -0.99669683 -0.079099752 0.0183999483 -0.99669683 -0.079099752 0.0183999483 0.492176235 -0.795361638 0.353782952 0.492176235 -0.795361638 0.353782952 0.191591516 -0.885460854 0.423381299 0.191591516 -0.885460854 0.423381299 0 -0.926414192 0.376505822 0 -0.926414192 0.376505822 0 -0.520790577 0.853684545 -0.0378987081 -0.164394334 0.985666335 0.477174252 -0.155991539 0.864853323 0.00930021238 -0.126502827 0.991922677 0.737786293 0.485991091 0.468491226 0.737867713 0.485878885 0.468479425 0.737867713 0.485878885 0.468479425 0 0.870089412 0.492893875 0 0.870089412 0.492893875 -0.831630528 0.555220425 -0.011000447 -0.831630528 0.555220425 -0.011000447 0 0.737905025 -0.674904585 0 0.737905025 -0.674904585 0.241107106 -0.953828335 0.179105371 0.241107106 -0.953828335 0.179105371 0.217999756 -0.975799024 0.0171000566 0.217999756 -0.975799024 0.0171000566 0.168705672 -0.446314961 0.878829539 0.146401718 -0.0809008852 0.985911489 0.0768023506 0.483214885 0.872126579 0.0768023506 0.483214885 0.872126579 0.644392669 0.146698415 0.75049156 0.644392669 0.146698415 0.75049156 0.335484415 0.645570159 0.686068058 0.335484415 0.645570159 0.686068058 0.958592772 0.0739994347 -0.27499795 -0.175903231 0.870316207 0.460008442 0.287208885 -0.205206305 0.935628891 0.287208885 -0.205206305 0.935628891 0.358718246 0.780939817 0.511325955 0.519100666 -0.402700514 0.753901005 0.519100666 -0.402700514 0.753901005 0.136999294 -0.566497087 0.812595963 -0.541587114 -0.839180112 -0.0495987609 -0.541587114 -0.839180112 -0.0495987609 -0.541587114 -0.839180112 -0.0495987609 0.148302555 -0.985717058 -0.0798012987 0.148302555 -0.985717058 -0.0798012987 0.0715969279 -0.919260681 0.387083501 0.0715969279 -0.919260681 0.387083501 0.110702395 -0.572612524 -0.81231761 0.519611418 -0.403508991 -0.753116548 0.519611418 -0.403508991 -0.753116548 0.871717036 -0.490009606 -0.000199966802 0.871717036 -0.490009606 -0.000199966802 0.287009388 -0.204106763 -0.93593061 0.287009388 -0.204106763 -0.93593061 0.68099165 0.732291102 -0.000200052775 0.359105408 0.780511677 -0.511707664 -0.373889238 0.927473307 -0.000100067198 -0.17620118 0.87020582 -0.460103124 0.889202774 0.059700232 0.45360142 0.100703903 0.994338691 0.0339012407 0.125200659 0.395702064 -0.909804761 0.16560109 0.985806465 0.0276001059 0.5187186 -0.854330778 0.0324012302 0.5187186 -0.854330778 0.0324012302 0.5187186 -0.854330778 0.0324012302 0.915438056 -0.402316749 0.0107004754 0.667298317 -0.0910997242 0.739198148 0.667298317 -0.0910997242 0.739198148 0.00130004983 0.601023138 0.799230576 -0.00269998494 0.999994457 0.001899914 -0.00130004983 0.601023138 0.799230576 0.948950469 -0.101005375 0.298815906 0.948950469 -0.101005375 0.298815906 0.581800997 0.0319999978 -0.812701404 0.555620372 0.0632022545 -0.829030454 -0.510034442 0.0292019118 -0.859658122 -0.977701902 -0.0907001793 0.18940039 -0.477174252 -0.155991539 0.864853323 0.391215354 -0.169606596 0.904535413 0.529616594 -0.0569018498 -0.846326411 -0.48848772 -0.0225994997 -0.872278094 -0.998977184 -0.0420990512 -0.0164996218 -0.562719941 -0.0682023615 0.823829293 -0.0533019863 -0.309711486 0.949335337 -0.992726028 -0.0496012978 0.109702885 -0.472209126 -0.119002372 -0.873416781 0.524115503 -0.156604722 -0.837124765 0.981140077 -0.0918037444 0.170106962 0.981140077 -0.0918037444 0.170106962 0.99669683 -0.079099752 0.0183999483 0.99669683 -0.079099752 0.0183999483 -0.00930021238 -0.126502827 0.991922677 -0.991971433 -0.125496387 -0.0155995404 -0.0396987982 -0.127296224 -0.991069973 0.831630528 0.555220425 -0.011000446 0.831630528 0.555220425 -0.011000446 0 0.870089412 0.492893875 0 0.870089412 0.492893875 -0.737822175 0.485914737 0.468514025 -0.737867713 0.485878885 0.468479425 -0.737867713 0.485878885 0.468479425 0 0.737905025 -0.674904585 0 0.737905025 -0.674904585 0.941761255 -0.119095095 0.31448707 0.941761255 -0.119095095 0.31448707 -0.000199995469 -0.163896233 0.986477613 0.867039442 -0.0959043354 0.488922268 0.949349403 0.136107057 -0.283214718 0.545910716 0.26050508 -0.79631561 -0.949592769 0.135898992 -0.282497883 -0.866701186 -0.0955001041 0.489600688 0 7.54756115e-8 1 0 7.54756115e-8 1 0 7.54756115e-8 1 0 7.54756115e-8 1 0.000499999966 -0.0000999245094 0.999999881 -0.0049999319 -0.00139990565 0.99998647 0.0049999319 -0.00139990565 0.99998647 -0.000499999966 -0.0000999245094 0.999999881 0 7.54756115e-8 1 0 7.54756115e-8 1 0 7.54756115e-8 1 0 7.54756115e-8 1 0 7.54756115e-8 1 0 7.54756115e-8 1 -0.640175164 -0.580677569 -0.502980471 -0.640175164 -0.580677569 -0.502980471 -0.809477568 -0.0558985025 -0.584483862 -0.809477568 -0.0558985025 -0.584483862 0.0514009371 0.387307048 -0.920516908 0.0581008755 0.997915149 -0.0281004999 0.17531091 0.431827009 0.884755015 0.226690874 0.243790314 0.94296211 0.0291992687 0.331291825 0.943076432 0.880155504 0.474676013 -0.00299988384 0.880155504 0.474676013 -0.00299988384 0.717585862 -0.0724986345 -0.692686379 0.717585862 -0.0724986345 -0.692686379 -0.482400775 0.448700726 -0.752301276 -0.771106839 0.636705697 0.000299954496 -0.482081592 0.44758299 0.753171146 -0.923292577 -0.38409698 -0.000699965516 -0.923292577 -0.38409698 -0.000699965516 0.101899333 -0.692695498 0.713995397 0.101899333 -0.692695498 0.713995397 0.0874019191 -0.659714639 -0.74641633 0.0999980718 0.504190266 -0.857783496 0.059396755 0.524471402 -0.849353731 0.00709973788 -0.637676597 -0.77027148 -0.146401718 -0.0809008852 0.985911489 0.102300428 -0.691802919 -0.714802921 0.102300428 -0.691802919 -0.714802921 -0.634291112 -0.616791368 0.466093481 -0.634291112 -0.616791368 0.466093481 -0.928658664 -0.368183702 0.0450980254 0 -0.885100365 0.465400219 0 -0.885100365 0.465400219 0.262588769 -0.854663491 0.447880894 0.262588769 -0.854663491 0.447880894</float_array><technique_common><accessor source="#aqua-geometry-2-normals-array" count="755" stride="3"><param name="X" type="float"/><param name="Y" type="float"/><param name="Z" type="float"/></accessor></technique_common></source><source id="aqua-geometry-2-uvs"><float_array id="aqua-geometry-2-uvs-array" count="1510">0.359375 0.07421875 0.423828125 0.005859375 0.392578125 0.095703125 0.544921875 0.095703125 0.677734375 0.41015625 0.37890625 0.0078125 0.38671875 0.05078125 0.38671875 0.046875 0.5625 0.0078125 0.90234375 0.375 0.470703125 0.08203125 0.58203125 0.38671875 0.376953125 0.5703125 0.19921875 0.232421875 0.423828125 0.58984375 0.375 0.61328125 0.197265625 0.236328125 0.416015625 0.654296875 0.375 0.61328125 0.376953125 0.5703125 0.345703125 0.548828125 0.345703125 0.634765625 0.19921875 0.2578125 0.423828125 0.58984375 0.197265625 0.2578125 0.416015625 0.654296875 0.197265625 0.248046875 0.3515625 0.6796875 0.806640625 0.337890625 0.7890625 0.353515625 0.79296875 0.337890625 0.81640625 0.318359375 0.796875 0.318359375 0.71484375 0.314453125 0.79296875 0.30078125 0.71484375 0.337890625 0.32421875 0.25 0.57421875 0.26171875 0.3125 0.19921875 0.59375 0.2109375 0.603515625 0.126953125 0.5390625 0.234375 0.35546875 0.3671875 0.5078125 0.3671875 0.751953125 0.8984375 0.826171875 0.91796875 0.712890625 0.86328125 0.75 0.8828125 0.810546875 0.912109375 0.81640625 0.337890625 0.44921875 0.359375 0.44921875 0.27734375 0.40625 0.28515625 0.685546875 0.490234375 0.619140625 0.029296875 0.44140625 0.0234375 0.99609375 0.375 0.99609375 0.373046875 0.828125 0.576171875 0.876953125 0.634765625 0.7578125 0.5 0.771484375 0.578125 0.806640625 0.615234375 0.595703125 0.560546875 0.69140625 0.55078125 0.630859375 0.59375 0.587890625 0.78515625 0.669921875 0.767578125 0.359375 0.234375 0.302734375 0.076171875 0.4453125 0.44140625 0.265625 0.041015625 0.40625 0.42578125 0.302734375 0.0390625 0.302734375 0.00390625 0.37109375 0.421875 0.51953125 0.4296875 0.33984375 0.0390625 0.484375 0.4375 0.4765625 0.37890625 0.48046875 0.33984375 0.4921875 0.2734375 0.50390625 0.2109375 0.453125 0.19921875 0.453125 0.125 0.603515625 0.244140625 0.3984375 0.21484375 0.39453125 0.14453125 0.646484375 0.203125 0.35546875 0.171875 0.646484375 0.16796875 0.400390625 0.5390625 0.345703125 0.50390625 0.400390625 0.5390625 0.205078125 0.240234375 0.345703125 0.455078125 0.201171875 0.2265625 0.423828125 0.5078125 0.390625 0.36328125 0.4140625 0.359375 0.4140625 0.359375 0.390625 0.36328125 0.201171875 0.25390625 0.423828125 0.5078125 0.5546875 0.17578125 0.646484375 0.16796875 0.515625 0.140625 0.646484375 0.203125 0.44921875 0.72265625 0.5390625 0.69140625 0.5390625 0.74609375 0.44921875 0.72265625 0.46484375 0.86328125 0.5390625 0.86328125 0.46484375 0.86328125 0.99609375 0.39453125 0.90625 0.42578125 0.99609375 0.44921875 0.921875 0.56640625 0.99609375 0.560546875 0.921875 0.56640625 0.90625 0.42578125 0.603515625 0.185546875 0.009765625 0.904296875 0.021484375 0.287109375 0.056640625 0.279296875 0.056640625 0.904296875 0.056640625 0.279296875 0.056640625 0.279296875 0.056640625 0.279296875 0.021484375 0.279296875 0.0234375 0.904296875 0.021484375 0.279296875 0.056640625 0.14453125 0.015625 0.169921875 0.0078125 0.076171875 0.021484375 0.279296875 0.021484375 0.279296875 0.091796875 0.904296875 0.056640625 0.14453125 0.015625 0.169921875 0.0078125 0.076171875 0.056640625 0.904296875 0.056640625 0.904296875 0.056640625 0.279296875 0.056640625 0.904296875 0.056640625 0.279296875 0.091796875 0.904296875 0.021484375 0.279296875 0.091796875 0.904296875 0.056640625 0.783203125 0.056640625 0.14453125 0.103515625 0.791015625 0.0078125 0.076171875 0.10546875 0.69921875 0.0078125 0.69921875 0.0078125 0.076171875 0.015625 0.79296875 0.056640625 0.783203125 0.056640625 0.14453125 0.021484375 0.279296875 0.0234375 0.904296875 0.0234375 0.904296875 0.921875 0.56640625 0.99609375 0.560546875 0.99609375 0.44921875 0.921875 0.56640625 0.90625 0.42578125 0.99609375 0.39453125 0.90625 0.42578125 0.056640625 0.01171875 0.056640625 0.01171875 0.19921875 0.732421875 0.119140625 0.732421875 0.19921875 0.857421875 0.19921875 0.857421875 0.119140625 0.732421875 0.119140625 0.857421875 0.19921875 0.669921875 0.19921875 0.732421875 0.119140625 0.669921875 0.119140625 0.603515625 0.119140625 0.669921875 0.19921875 0.92578125 0.119140625 0.953125 0.890625 0.00390625 0.99609375 0.07421875 0.99609375 0.00390625 0.890625 0.07421875 0.890625 0.07421875 0.89453125 0.18359375 0.99609375 0.2890625 0.890625 0.00390625 0.99609375 0.18359375 0.8984375 0.2890625 0.89453125 0.18359375 0.8984375 0.2890625 0.119140625 0.603515625 0.19921875 0.669921875 0.19921875 0.92578125 0.119140625 0.857421875 0.119140625 0.953125 0.19921875 0.603515625 0.19921875 0.603515625 0.111328125 0.064453125 0.7890625 0.0078125 0.111328125 0.09375 0.7265625 0.00390625 0.107421875 0.052734375 0.7890625 0.0234375 0.7421875 0.07421875 0.80859375 0.08203125 0.765625 0.11328125 0.8125 0.09765625 0.81640625 0.125 0.8671875 0.09765625 0.8671875 0.1484375 0.81640625 0.125 0.814453125 0.140625 0.81640625 0.140625 0.76953125 0.16015625 0.08984375 0.13671875 0.646484375 0.037109375 0.07421875 0.115234375 0.68359375 0.005859375 0.69140625 0.046875 0.0703125 0.09375 0.7265625 0.00390625 0.07421875 0.052734375 0.7890625 0.0234375 0.80859375 0.08203125 0.07421875 0.033203125 0.828125 0.033203125 0.880859375 0.044921875 0.107421875 0.033203125 0.828125 0.033203125 0.107421875 0.01953125 0.107421875 0.015625 0.8359375 0.00390625 0.8125 0.09765625 0.56640625 0.294921875 0.814453125 0.140625 0.81640625 0.140625 0.10546875 0.115234375 0.68359375 0.005859375 0.0703125 0.064453125 0.7890625 0.0078125 0.07421875 0.01953125 0.07421875 0.015625 0.8359375 0.00390625 0.091796875 0.001953125 0.8671875 0.00390625 0.021484375 0.287109375 0.10546875 0.904296875 0.009765625 0.904296875 0.021484375 0.287109375 0.5390625 0.69140625 0.44921875 0.72265625 0.5390625 0.74609375 0.46484375 0.86328125 0.5390625 0.86328125 0.46484375 0.86328125 0.44921875 0.72265625 0.99609375 0.00390625 0.99609375 0.07421875 0.890625 0.00390625 0.99609375 0.18359375 0.890625 0.07421875 0.890625 0.07421875 0.89453125 0.18359375 0.38671875 0.05078125 0.38671875 0.046875 0.5625 0.0078125 0.90234375 0.375 0.8984375 0.2890625 0.99609375 0.2890625 0.890625 0.00390625 0.50390625 0.2109375 0.453125 0.125 0.603515625 0.244140625 0.515625 0.140625 0.646484375 0.203125 0.8984375 0.2890625 0.89453125 0.18359375 0.619140625 0.029296875 0.44140625 0.0234375 0.99609375 0.375 0.99609375 0.373046875 0.76953125 0.16015625 0.814453125 0.140625 0.81640625 0.140625 0.81640625 0.125 0.8671875 0.1484375 0.8671875 0.09765625 0.81640625 0.125 0.8125 0.09765625 0.765625 0.11328125 0.80859375 0.08203125 0.7421875 0.07421875 0.107421875 0.052734375 0.7890625 0.0234375 0.111328125 0.09375 0.7265625 0.00390625 0.111328125 0.064453125 0.7890625 0.0078125 0.07421875 0.115234375 0.68359375 0.005859375 0.69140625 0.046875 0.0703125 0.09375 0.7265625 0.00390625 0.07421875 0.052734375 0.7890625 0.0234375 0.80859375 0.08203125 0.07421875 0.033203125 0.828125 0.033203125 0.880859375 0.044921875 0.107421875 0.033203125 0.828125 0.033203125 0.107421875 0.01953125 0.107421875 0.015625 0.8359375 0.00390625 0.56640625 0.294921875 0.814453125 0.140625 0.81640625 0.140625 0.8125 0.09765625 0.08984375 0.13671875 0.646484375 0.037109375 0.10546875 0.115234375 0.68359375 0.005859375 0.0703125 0.064453125 0.7890625 0.0078125 0.07421875 0.01953125 0.07421875 0.015625 0.8359375 0.00390625 0.091796875 0.001953125 0.8671875 0.00390625 0.55078125 0.482421875 0.4609375 0.513671875 0.55078125 0.537109375 0.4765625 0.654296875 0.55078125 0.654296875 0.4765625 0.654296875 0.4609375 0.513671875 0.11328125 0.32421875 0.15234375 0.21875 0.125 0.21875 0.08984375 0.220703125 0.296875 0.220703125 0.2890625 0.31640625 0.05859375 0.359375 0.34375 0.359375 0.23046875 0.203125 0.19140625 0.2109375 0.23828125 0.23828125 0.08203125 0.390625 0.01953125 0.41796875 0.33203125 0.3828125 0.0625 0.40625 0.0078125 0.3984375 0.30859375 0.39453125 0.3125 0.40625 0.8125 0.7265625 0.76171875 0.708984375 0.794921875 0.8046875 0.80078125 0.265625 0.8203125 0.392578125 0.734375 0.75390625 0.736328125 0.8125 0.8203125 0.376953125 0.669921875 0.767578125 0.712890625 0.86328125 0.509765625 0.9453125 0.607421875 0.87109375 0.560546875 0.9453125 0.65625 0.89453125 0.60546875 0.9453125 0.6875 0.94140625 0.896484375 0.94921875 0.771484375 0.578125 0.806640625 0.615234375 0.828125 0.576171875 0.876953125 0.634765625 0.87109375 0.7265625 0.8984375 0.576171875 0.96484375 0.6328125 0.96875 0.76171875 0.87109375 0.7265625 0.93359375 0.794921875 1 0.794921875 0.822265625 0.298828125 0.8359375 0.833984375 0.96875 0.83984375 0.830078125 0.3203125 0.84765625 0.880859375 0.96484375 0.90625 0.638671875 0.94140625 0.921875 0.939453125 0.669921875 0.939453125 0.962890625 0.939453125 0.638671875 0.94140625 0.921875 0.939453125 0.830078125 0.3203125 0.84765625 0.880859375 0.822265625 0.298828125 0.8359375 0.833984375 0.669921875 0.9921875 0.638671875 0.994140625 0.60546875 0.9453125 0.6875 0.94140625 0.896484375 0.94921875 0.751953125 0.8984375 0.826171875 0.91796875 0.560546875 0.9453125 0.65625 0.89453125 0.55078125 0.482421875 0.4609375 0.513671875 0.55078125 0.537109375 0.4765625 0.654296875 0.55078125 0.654296875 0.4765625 0.654296875 0.4609375 0.513671875 0.755859375 0.63671875 0.73828125 0.67578125 0.712890625 0.712890625 0.65625 0.7109375 0.55859375 0.75390625 0.62109375 0.748046875 0.626953125 0.681640625 0.587890625 0.724609375 0.58984375 0.65234375 0.626953125 0.681640625 0.6484375 0.65234375 0.65625 0.7109375 0.693359375 0.65625 0.712890625 0.712890625 0.73828125 0.67578125 0.734375 0.75390625 0.76171875 0.708984375 0.794921875 0.8046875 0.80078125 0.265625 0.8203125 0.392578125 0.8125 0.7265625 0.80859375 0.279296875 0.828125 0.796875 0.93359375 0.794921875 0.587890625 0.107421875 0.7734375 0.412109375 0.828125 0.4921875 0.8984375 0.4921875 0.828125 0.4921875 0.7578125 0.5 0.693359375 0.591796875 0.69921875 0.6015625 0.755859375 0.63671875 0.716796875 0.6328125 0.67578125 0.625 0.630859375 0.59375 0.69140625 0.55078125 0.693359375 0.591796875 0.69921875 0.6015625 0.671875 0.15625 0.8984375 0.427734375 0.62890625 0.125 0.828125 0.416015625 0.587890625 0.107421875 0.7734375 0.412109375 0.685546875 0.490234375 0.599609375 0.4765625 0.6484375 0.65234375 0.693359375 0.65625 0.67578125 0.625 0.716796875 0.6328125 0.544921875 0.095703125 0.677734375 0.41015625 0.166015625 0.49609375 0.205078125 0.583984375 0.171875 0.9765625 0.173828125 0.568359375 0.142578125 0.583984375 0.171875 0.9765625 0.1171875 0.568359375 0.08984375 0.583984375 0.12109375 0.49609375 0.62109375 0.748046875 0.29296875 0.66796875 0.326171875 0.63671875 0.279296875 0.654296875 0.28125 0.654296875 0.298828125 0.603515625 0.279296875 0.603515625 0.28125 0.603515625 0.30078125 0.568359375 0.279296875 0.513671875 0.28125 0.513671875 0.30078125 0.568359375 0.298828125 0.603515625 0.326171875 0.63671875 0.29296875 0.66796875 0.021484375 0.287109375 0.10546875 0.904296875 0.046875 0.98828125 0.087890625 0.951171875 0.056640625 0.951171875 0.02734375 0.951171875 0.056640625 0.951171875 0.62890625 0.125 0.828125 0.416015625 0.32421875 0.49609375 0.71484375 0.09375 0.25 0.46484375 0.5 0.015625 0.669921875 0.05859375 0.90234375 0.375 0.25 0.46484375 0.5 0.015625 0.669921875 0.05859375 0.90234375 0.375 0.02734375 0.951171875 0.14453125 0.474609375 0.14453125 0.50390625 0.3046875 0.44921875 0.25390625 0.4296875 0.1953125 0.46875 0.44140625 0.0234375 0.80859375 0.279296875 0.828125 0.796875 0.712890625 0.3828125 0.712890625 0.287109375 0.71484375 0.314453125 0.79296875 0.30078125 0.796875 0.318359375 0.81640625 0.318359375 0.79296875 0.337890625 0.806640625 0.337890625 0.7890625 0.353515625 0.763671875 0.830078125 0.814453125 0.359375 0.78515625 0.37109375 0.75 0.8828125 0.810546875 0.912109375 0.81640625 0.337890625 0.78515625 0.38671875 0.791015625 0.283203125 0.1171875 0.453125 0.35546875 0.06640625 0.14453125 0.45703125 0.38671875 0.046875 0.14453125 0.4375 0.1953125 0.4296875 0.25 0.39453125 0.31640625 0.42578125 0.3125 0.40625 0.0078125 0.3984375 0.30859375 0.39453125 0.25 0.39453125 0.2890625 0.31640625 0.25 0.31640625 0.23828125 0.23828125 0.19140625 0.2109375 0.23046875 0.203125 0.1875 0.18359375 0.23828125 0.14453125 0.19140625 0.14453125 0.22265625 0.09765625 0.19140625 0.015625 0.21484375 0.01171875 0.05859375 0.359375 0.34375 0.359375 0.08203125 0.390625 0.11328125 0.32421875 0.11328125 0.4296875 0.1484375 0.359375 0.14453125 0.4375 0.1953125 0.4296875 0.1953125 0.46875 0.44140625 0.0234375 0.25390625 0.4296875 0.3046875 0.44921875 0.1171875 0.12890625 0.306640625 0.125 0.1484375 0.16796875 0.111328125 0.16796875 0.29296875 0.1640625 0.1328125 0.1953125 0.08984375 0.220703125 0.296875 0.220703125 0.125 0.21875 0.15234375 0.21875 0.19921875 0.359375 0.26953125 0.23046875 0.2578125 0.1953125 0.265625 0.13671875 0.2421875 0.09375 0.12890625 0.078125 0.26953125 0.07421875 0.13671875 0.0078125 0.2421875 0.00390625 0.14453125 0.45703125 0.38671875 0.046875 0.1171875 0.453125 0.35546875 0.06640625 0.08203125 0.46875 0.33203125 0.09375 0.07421875 0.4140625 0.11328125 0.4296875 0.15234375 0.19921875 0.1640625 0.015625 0.546875 0.3515625 0.77734375 0.0703125 0.814453125 0.173828125 0.771484375 0.2109375 0.7734375 0.080078125 0.779296875 0.08203125 0.814453125 0.173828125 0.787109375 0.076171875 0.87109375 0.19140625 0.78515625 0.38671875 0.791015625 0.283203125 0.712890625 0.3828125 0.712890625 0.287109375 0.78515625 0.37109375 0.712890625 0.35546875 0.763671875 0.830078125 0.814453125 0.359375 0.736328125 0.8125 0.8203125 0.376953125 0.046875 0.98828125 0.087890625 0.951171875 0.056640625 0.01171875 0.376953125 0.5703125 0.19921875 0.2578125 0.42578125 0.578125 0.375 0.61328125 0.197265625 0.2578125 0.416015625 0.654296875 0.5390625 0.234375 0.3125 0.19921875 0.59375 0.2109375 0.603515625 0.126953125 0.32421875 0.25 0.57421875 0.26171875 0.35546875 0.3671875 0.5078125 0.3671875 0.359375 0.234375 0.197265625 0.236328125 0.416015625 0.654296875 0.197265625 0.248046875 0.3515625 0.6796875 0.19921875 0.232421875 0.423828125 0.58984375 0.345703125 0.634765625 0.375 0.61328125 0.345703125 0.548828125 0.376953125 0.5703125 0.056640625 0.01171875 0.44921875 0.359375 0.40625 0.28515625 0.44921875 0.27734375 0.302734375 0.00390625 0.37109375 0.421875 0.51953125 0.4296875 0.302734375 0.0390625 0.33984375 0.0390625 0.484375 0.4375 0.328125 0.5859375 0.71484375 0.337890625 0.328125 0.5859375 0.111328125 0.16796875 0.29296875 0.1640625 0.265625 0.13671875 0.2578125 0.1953125 0.23828125 0.14453125 0.1875 0.18359375 0.15234375 0.19921875 0.1328125 0.1953125 0.26953125 0.23046875 0.25 0.31640625 0.19921875 0.359375 0.1484375 0.359375 0.1484375 0.16796875 0.19140625 0.14453125 0.22265625 0.09765625 0.2421875 0.09375 0.12890625 0.078125 0.26953125 0.07421875 0.13671875 0.0078125 0.2421875 0.00390625 0.1640625 0.015625 0.19140625 0.015625 0.21484375 0.01171875 0.779296875 0.08203125 0.814453125 0.173828125 0.771484375 0.2109375 0.7734375 0.080078125 0.546875 0.3515625 0.77734375 0.0703125 0.814453125 0.173828125 0.787109375 0.076171875 0.87109375 0.19140625 0.1171875 0.12890625 0.306640625 0.125 0.509765625 0.998046875 0.560546875 0.998046875 0.60546875 0.998046875 0.638671875 0.994140625 0.60546875 0.998046875 0.560546875 0.998046875 0.646484375 0.228515625 0.625 0.29296875 0.65234375 0.294921875 0.64453125 0.333984375 0.60546875 0.30859375 0.583984375 0.380859375 0.583984375 0.380859375 0.60546875 0.30859375 0.619140625 0.36328125 0.64453125 0.333984375 0.625 0.29296875 0.646484375 0.228515625 0.65234375 0.294921875 0.619140625 0.36328125 0.35546875 0.171875 0.646484375 0.16796875 0.39453125 0.14453125 0.646484375 0.203125 0.3984375 0.21484375 0.453125 0.19921875 0.4921875 0.2734375 0.48046875 0.33984375 0.4765625 0.37890625 0.302734375 0.076171875 0.4453125 0.44140625 0.265625 0.041015625 0.40625 0.42578125 0.400390625 0.5390625 0.345703125 0.50390625 0.416015625 0.546875 0.205078125 0.240234375 0.345703125 0.455078125 0.201171875 0.25390625 0.423828125 0.509765625 0.390625 0.36328125 0.4140625 0.359375 0.4140625 0.359375 0.390625 0.36328125 0.712890625 0.35546875 0.201171875 0.2265625 0.423828125 0.5078125 0.5546875 0.17578125 0.646484375 0.16796875 0.603515625 0.185546875 0.33203125 0.09375 0.470703125 0.001953125 0.359375 0.07421875 0.517578125 0.005859375</float_array><technique_common><accessor source="#aqua-geometry-2-uvs-array" count="755" stride="2"><param name="S" type="float"/><param name="T" type="float"/></accessor></technique_common></source><vertices id="aqua-geometry-2-vertices"><input semantic="POSITION" source="#aqua-geometry-2-positions"/></vertices><triangles material="aqua-material-2-symbol" count="876"><input semantic="VERTEX" source="#aqua-geometry-2-vertices" offset="0"/><input semantic="NORMAL" source="#aqua-geometry-2-normals" offset="1"/><input semantic="TEXCOORD" source="#aqua-geometry-2-uvs" offset="2" set="0"/><p>1 1 1 2 2 2 5 5 5 1 1 1 10 10 10 2 2 2 12 12 12 14 14 14 15 15 15 15 15 15 14 14 14 17 17 17 18 18 18 19 19 19 20 20 20 21 21 21 18 18 18 20 20 20 22 22 22 24 24 24 16 16 16 24 24 24 26 26 26 16 16 16 28 28 28 29 29 29 30 30 30 28 28 28 30 30 30 31 31 31 32 32 32 33 33 33 34 34 34 35 35 35 33 33 33 32 32 32 37 37 37 39 39 39 41 41 41 37 37 37 41 41 41 43 43 43 44 44 44 46 46 46 47 47 47 50 50 50 51 51 51 52 52 52 4 4 4 11 11 11 53 53 53 3 3 3 54 54 54 8 8 8 58 58 58 60 60 60 61 61 61 63 63 63 64 64 64 65 65 65 46 46 46 66 66 66 67 67 67 36 36 36 68 68 68 38 38 38 69 69 69 71 71 71 73 73 73 76 76 76 43 43 43 78 78 78 72 72 72 70 70 70 50 50 50 70 70 70 78 78 78 50 50 50 50 50 50 78 78 78 79 79 79 78 78 78 43 43 43 79 79 79 79 79 79 43 43 43 80 80 80 43 43 43 41 41 41 80 80 80 80 80 80 41 41 41 81 81 81 41 41 41 82 82 82 81 81 81 81 81 81 82 82 82 83 83 83 82 82 82 84 84 84 83 83 83 83 83 83 84 84 84 86 86 86 84 84 84 87 87 87 86 86 86 86 86 86 87 87 87 68 68 68 87 87 87 89 89 89 68 68 68 68 68 68 89 89 89 38 38 38 17 17 17 27 27 27 21 21 21 27 27 27 25 25 25 21 21 21 21 21 21 25 25 25 18 18 18 25 25 25 23 23 23 18 18 18 18 18 18 23 23 23 19 19 19 23 23 23 91 91 91 19 19 19 19 19 19 91 91 91 20 20 20 91 91 91 92 92 92 20 20 20 20 20 20 92 92 92 93 93 93 92 92 92 95 95 95 93 93 93 93 93 93 95 95 95 97 97 97 36 36 36 42 42 42 68 68 68 42 42 42 98 98 98 68 68 68 68 68 68 98 98 98 52 52 52 98 98 98 99 99 99 52 52 52 52 52 52 99 99 99 50 50 50 99 99 99 100 100 100 50 50 50 50 50 50 100 100 100 72 72 72 100 100 100 101 101 101 72 72 72 72 72 72 101 101 101 75 75 75 101 101 101 42 42 42 75 75 75 79 79 79 80 80 80 50 50 50 80 80 80 81 81 81 50 50 50 50 50 50 81 81 81 51 51 51 81 81 81 83 83 83 51 51 51 51 51 51 83 83 83 52 52 52 83 83 83 86 86 86 52 52 52 52 52 52 86 86 86 68 68 68 17 17 17 21 21 21 15 15 15 21 21 21 20 20 20 15 15 15 15 15 15 20 20 20 12 12 12 20 20 20 93 93 93 12 12 12 12 12 12 93 93 93 14 14 14 93 93 93 97 97 97 14 14 14 94 94 94 102 102 102 96 96 96 102 102 102 22 22 22 96 96 96 96 96 96 22 22 22 13 13 13 22 22 22 16 16 16 13 13 13 39 39 39 104 104 104 41 41 41 104 104 104 106 106 106 41 41 41 41 41 41 106 106 106 82 82 82 106 106 106 84 84 84 82 82 82 23 23 23 103 103 103 91 91 91 103 103 103 95 95 95 91 91 91 91 91 91 95 95 95 92 92 92 108 108 108 110 110 110 109 109 109 109 109 109 110 110 110 111 111 111 110 110 110 112 112 112 111 111 111 112 112 112 110 110 110 113 113 113 113 113 113 110 110 110 114 114 114 110 110 110 108 108 108 114 114 114 115 115 115 117 117 117 116 116 116 116 116 116 117 117 117 118 118 118 117 117 117 119 119 119 118 118 118 119 119 119 117 117 117 120 120 120 120 120 120 117 117 117 121 121 121 117 117 117 115 115 115 121 121 121 71 71 71 74 74 74 73 73 73 74 74 74 77 77 77 73 73 73 73 73 73 77 77 77 69 69 69 40 40 40 90 90 90 122 122 122 90 90 90 88 88 88 122 122 122 122 122 122 88 88 88 85 85 85 85 85 85 107 107 107 122 122 122 107 107 107 105 105 105 122 122 122 122 122 122 105 105 105 40 40 40 100 100 100 99 99 99 101 101 101 99 99 99 98 98 98 101 101 101 101 101 101 98 98 98 42 42 42 124 124 124 128 128 128 130 130 130 129 129 129 132 132 132 133 133 133 132 132 132 134 134 134 133 133 133 133 133 133 134 134 134 135 135 135 125 125 125 139 139 139 136 136 136 136 136 136 139 139 139 140 140 140 139 139 139 141 141 141 140 140 140 142 142 142 147 147 147 150 150 150 147 147 147 152 152 152 150 150 150 150 150 150 152 152 152 154 154 154 155 155 155 157 157 157 158 158 158 157 157 157 162 162 162 158 158 158 158 158 158 162 162 162 145 145 145 163 163 163 164 164 164 165 165 165 164 164 164 166 166 166 165 165 165 165 165 165 166 166 166 167 167 167 167 167 167 168 168 168 165 165 165 168 168 168 169 169 169 165 165 165 165 165 165 169 169 169 163 163 163 170 170 170 141 141 141 139 139 139 171 171 171 133 133 133 135 135 135 172 172 172 174 174 174 173 173 173 175 175 175 176 176 176 177 177 177 178 178 178 180 180 180 179 179 179 175 175 175 179 179 179 176 176 176 180 180 180 176 176 176 179 179 179 178 178 178 181 181 181 180 180 180 173 173 173 182 182 182 172 172 172 177 177 177 184 184 184 183 183 183 185 185 185 186 186 186 187 187 187 188 188 188 193 193 193 186 186 186 193 193 193 189 189 189 186 186 186 189 189 189 193 193 193 190 190 190 186 186 186 185 185 185 188 188 188 195 195 195 191 191 191 193 193 193 192 192 192 186 186 186 189 189 189 195 195 195 193 193 193 188 188 188 186 186 186 192 192 192 187 187 187 193 193 193 191 191 191 190 190 190 195 195 195 196 196 196 191 191 191 191 191 191 194 194 194 190 190 190 177 177 177 183 183 183 175 175 175 182 182 182 197 197 197 198 198 198 174 174 174 199 199 199 200 200 200 201 201 201 200 200 200 199 199 199 182 182 182 198 198 198 172 172 172 174 174 174 200 200 200 173 173 173 197 197 197 202 202 202 198 198 198 203 203 203 181 181 181 178 178 178 205 205 205 207 207 207 209 209 209 207 207 207 210 210 210 209 209 209 209 209 209 210 210 210 211 211 211 210 210 210 212 212 212 211 211 211 211 211 211 212 212 212 213 213 213 212 212 212 214 214 214 213 213 213 213 213 213 214 214 214 215 215 215 214 214 214 216 216 216 215 215 215 215 215 215 216 216 216 217 217 217 216 216 216 219 219 219 217 217 217 217 217 217 219 219 219 220 220 220 222 222 222 224 224 224 225 225 225 224 224 224 227 227 227 225 225 225 225 225 225 227 227 227 210 210 210 227 227 227 229 229 229 210 210 210 210 210 210 229 229 229 230 230 230 229 229 229 232 232 232 230 230 230 230 230 230 232 232 232 215 215 215 232 232 232 233 233 233 215 215 215 215 215 215 233 233 233 235 235 235 233 233 233 238 238 238 235 235 235 230 230 230 215 215 215 239 239 239 215 215 215 217 217 217 239 239 239 239 239 239 217 217 217 212 212 212 217 217 217 220 220 220 212 212 212 212 212 212 220 220 220 214 214 214 220 220 220 242 242 242 214 214 214 214 214 214 242 242 242 216 216 216 221 221 221 243 243 243 223 223 223 243 243 243 206 206 206 223 223 223 223 223 223 206 206 206 226 226 226 206 206 206 204 204 204 226 226 226 226 226 226 204 204 204 245 245 245 204 204 204 228 228 228 245 245 245 228 228 228 208 208 208 231 231 231 208 208 208 234 234 234 231 231 231 231 231 231 234 234 234 236 236 236 213 213 213 215 215 215 211 211 211 215 215 215 235 235 235 211 211 211 211 211 211 235 235 235 209 209 209 232 232 232 249 249 249 233 233 233 249 249 249 251 251 251 233 233 233 233 233 233 251 251 251 238 238 238 210 210 210 207 207 207 225 225 225 207 207 207 244 244 244 225 225 225 225 225 225 244 244 244 222 222 222 252 252 252 146 146 146 148 148 148 160 160 160 144 144 144 255 255 255 256 256 256 257 257 257 258 258 258 257 257 257 259 259 259 258 258 258 258 258 258 259 259 259 260 260 260 260 260 260 261 261 261 258 258 258 261 261 261 262 262 262 258 258 258 258 258 258 262 262 262 256 256 256 263 263 263 264 264 264 265 265 265 264 264 264 266 266 266 267 267 267 264 264 264 268 268 268 266 266 266 269 269 269 266 266 266 268 268 268 273 273 273 274 274 274 286 286 286 267 267 267 265 265 265 264 264 264 266 266 266 275 275 275 283 283 283 268 268 268 264 264 264 276 276 276 267 267 267 266 266 266 283 283 283 263 263 263 276 276 276 264 264 264 269 269 269 275 275 275 266 266 266 269 269 269 282 282 282 275 275 275 277 277 277 278 278 278 280 280 280 275 275 275 274 274 274 283 283 283 9 9 9 56 56 56 196 196 196 288 288 288 290 290 290 291 291 291 290 290 290 292 292 292 291 291 291 291 291 291 292 292 292 293 293 293 292 292 292 294 294 294 293 293 293 293 293 293 294 294 294 295 295 295 294 294 294 296 296 296 295 295 295 295 295 295 296 296 296 297 297 297 296 296 296 298 298 298 297 297 297 297 297 297 298 298 298 300 300 300 298 298 298 302 302 302 300 300 300 300 300 300 302 302 302 304 304 304 306 306 306 307 307 307 309 309 309 307 307 307 298 298 298 309 309 309 309 309 309 298 298 298 311 311 311 298 298 298 312 312 312 311 311 311 311 311 311 312 312 312 314 314 314 312 312 312 293 293 293 314 314 314 314 314 314 293 293 293 315 315 315 293 293 293 317 317 317 315 315 315 315 315 315 317 317 317 320 320 320 292 292 292 323 323 323 294 294 294 323 323 323 288 288 288 294 294 294 294 294 294 288 288 288 296 296 296 288 288 288 291 291 291 296 296 296 296 296 296 291 291 291 324 324 324 291 291 291 293 293 293 324 324 324 324 324 324 293 293 293 312 312 312 325 325 325 305 305 305 327 327 327 305 305 305 308 308 308 327 327 327 327 327 327 308 308 308 301 301 301 308 308 308 329 329 329 301 301 301 301 301 301 329 329 329 303 303 303 329 329 329 299 299 299 303 303 303 299 299 299 310 310 310 316 316 316 310 310 310 313 313 313 316 316 316 316 316 316 313 313 313 331 331 331 300 300 300 317 317 317 297 297 297 317 317 317 293 293 293 297 297 297 297 297 297 293 293 293 295 295 295 326 326 326 328 328 328 307 307 307 328 328 328 302 302 302 307 307 307 307 307 307 302 302 302 298 298 298 320 320 320 335 335 335 315 315 315 335 335 335 333 333 333 315 315 315 315 315 315 333 333 333 314 314 314 336 336 336 338 338 338 337 337 337 337 337 337 338 338 338 339 339 339 338 338 338 340 340 340 339 339 339 340 340 340 338 338 338 341 341 341 341 341 341 338 338 338 342 342 342 338 338 338 336 336 336 342 342 342 343 343 343 344 344 344 345 345 345 347 347 347 348 348 348 350 350 350 351 351 351 352 352 352 353 353 353 354 354 354 355 355 355 357 357 357 359 359 359 360 360 360 356 356 356 246 246 246 229 229 229 227 227 227 307 307 307 306 306 306 326 326 326 309 309 309 311 311 311 330 330 330 361 361 361 362 362 362 363 363 363 362 362 362 366 366 366 363 363 363 363 363 363 366 366 366 367 367 367 366 366 366 369 369 369 367 367 367 367 367 367 369 369 369 370 370 370 369 369 369 66 66 66 370 370 370 370 370 370 66 66 66 372 372 372 66 66 66 46 46 46 372 372 372 372 372 372 46 46 46 374 374 374 46 46 46 44 44 44 374 374 374 374 374 374 44 44 44 376 376 376 379 379 379 381 381 381 382 382 382 381 381 381 384 384 384 382 382 382 382 382 382 384 384 384 385 385 385 384 384 384 386 386 386 385 385 385 385 385 385 386 386 386 387 387 387 386 386 386 390 390 390 387 387 387 387 387 387 390 390 390 391 391 391 390 390 390 393 393 393 391 391 391 391 391 391 393 393 393 394 394 394 393 393 393 396 396 396 394 394 394 394 394 394 396 396 396 398 398 398 398 398 398 400 400 400 394 394 394 400 400 400 402 402 402 394 394 394 394 394 394 402 402 402 391 391 391 402 402 402 404 404 404 391 391 391 399 399 399 397 397 397 405 405 405 397 397 397 395 395 395 405 405 405 405 405 405 395 395 395 406 406 406 408 408 408 410 410 410 413 413 413 410 410 410 370 370 370 413 413 413 413 413 413 370 370 370 372 372 372 414 414 414 416 416 416 415 415 415 415 415 415 416 416 416 417 417 417 416 416 416 418 418 418 417 417 417 418 418 418 416 416 416 419 419 419 419 419 419 416 416 416 420 420 420 416 416 416 414 414 414 420 420 420 384 384 384 59 59 59 386 386 386 59 59 59 62 62 62 386 386 386 386 386 386 62 62 62 361 361 361 62 62 62 421 421 421 361 361 361 361 361 361 421 421 421 362 362 362 421 421 421 422 422 422 362 362 362 362 362 362 422 422 422 366 366 366 422 422 422 423 423 423 366 366 366 366 366 366 423 423 423 369 369 369 423 423 423 424 424 424 369 369 369 369 369 369 424 424 424 426 426 426 424 424 424 427 427 427 426 426 426 426 426 426 427 427 427 428 428 428 427 427 427 429 429 429 428 428 428 428 428 428 429 429 429 430 430 430 429 429 429 431 431 431 430 430 430 430 430 430 431 431 431 432 432 432 431 431 431 433 433 433 432 432 432 432 432 432 433 433 433 434 434 434 433 433 433 435 435 435 434 434 434 434 434 434 435 435 435 436 436 436 435 435 435 437 437 437 436 436 436 436 436 436 437 437 437 438 438 438 437 437 437 441 441 441 438 438 438 438 438 438 441 441 441 443 443 443 441 441 441 382 382 382 443 443 443 443 443 443 382 382 382 404 404 404 382 382 382 444 444 444 404 404 404 404 404 404 444 444 444 391 391 391 444 444 444 388 388 388 391 391 391 4 4 4 53 53 53 446 446 446 53 53 53 60 60 60 446 446 446 446 446 446 60 60 60 447 447 447 60 60 60 58 58 58 447 447 447 447 447 447 58 58 58 448 448 448 58 58 58 383 383 383 448 448 448 448 448 448 383 383 383 449 449 449 383 383 383 380 380 380 449 449 449 449 449 449 380 380 380 450 450 450 380 380 380 378 378 378 450 450 450 450 450 450 378 378 378 64 64 64 378 378 378 451 451 451 64 64 64 64 64 64 451 451 451 65 65 65 441 441 441 437 437 437 453 453 453 437 437 437 435 435 435 453 453 453 453 453 453 435 435 435 454 454 454 435 435 435 433 433 433 454 454 454 454 454 454 433 433 433 455 455 455 433 433 433 431 431 431 455 455 455 455 455 455 431 431 431 65 65 65 431 431 431 429 429 429 65 65 65 65 65 65 429 429 429 63 63 63 429 429 429 456 456 456 63 63 63 63 63 63 456 456 456 457 457 457 456 456 456 458 458 458 457 457 457 457 457 457 458 458 458 61 61 61 461 461 461 448 448 448 463 463 463 448 448 448 449 449 449 463 463 463 463 463 463 449 449 449 465 465 465 449 449 449 450 450 450 465 465 465 465 465 465 450 450 450 466 466 466 450 450 450 64 64 64 466 466 466 466 466 466 64 64 64 467 467 467 64 64 64 63 63 63 467 467 467 467 467 467 63 63 63 457 457 457 427 427 427 424 424 424 468 468 468 424 424 424 469 469 469 468 468 468 468 468 468 469 469 469 470 470 470 469 469 469 471 471 471 470 470 470 470 470 470 471 471 471 459 459 459 471 471 471 421 421 421 459 459 459 459 459 459 421 421 421 62 62 62 61 61 61 60 60 60 457 457 457 60 60 60 53 53 53 457 457 457 457 457 457 53 53 53 467 467 467 53 53 53 11 11 11 467 467 467 467 467 467 11 11 11 466 466 466 11 11 11 473 473 473 466 466 466 466 466 466 473 473 473 465 465 465 474 474 474 475 475 475 477 477 477 475 475 475 478 478 478 477 477 477 477 477 477 478 478 478 480 480 480 478 478 478 481 481 481 480 480 480 480 480 480 481 481 481 482 482 482 425 425 425 428 428 428 66 66 66 428 428 428 483 483 483 66 66 66 66 66 66 483 483 483 67 67 67 483 483 483 432 432 432 67 67 67 67 67 67 432 432 432 434 434 434 484 484 484 485 485 485 487 487 487 485 485 485 488 488 488 487 487 487 487 487 487 488 488 488 490 490 490 488 488 488 491 491 491 490 490 490 490 490 490 491 491 491 493 493 493 492 492 492 494 494 494 489 489 489 494 494 494 495 495 495 489 489 489 489 489 489 495 495 495 486 486 486 495 495 495 496 496 496 486 486 486 486 486 486 496 496 496 497 497 497 382 382 382 441 441 441 379 379 379 441 441 441 453 453 453 379 379 379 379 379 379 453 453 453 452 452 452 453 453 453 454 454 454 452 452 452 452 452 452 454 454 454 455 455 455 499 499 499 501 501 501 138 138 138 501 501 501 502 502 502 138 138 138 138 138 138 502 502 502 126 126 126 502 502 502 131 131 131 126 126 126 254 254 254 503 503 503 161 161 161 503 503 503 504 504 504 161 161 161 161 161 161 504 504 504 143 143 143 504 504 504 149 149 149 143 143 143 505 505 505 460 460 460 508 508 508 460 460 460 462 462 462 508 508 508 508 508 508 462 462 462 511 511 511 462 462 462 284 284 284 511 511 511 424 424 424 423 423 423 469 469 469 423 423 423 422 422 422 469 469 469 469 469 469 422 422 422 471 471 471 422 422 422 421 421 421 471 471 471 508 508 508 515 515 515 505 505 505 515 515 515 54 54 54 505 505 505 505 505 505 54 54 54 445 445 445 54 54 54 3 3 3 445 445 445 123 123 123 131 131 131 517 517 517 131 131 131 502 502 502 517 517 517 517 517 517 502 502 502 500 500 500 518 518 518 474 474 474 519 519 519 474 474 474 477 477 477 519 519 519 519 519 519 477 477 477 480 480 480 507 507 507 520 520 520 513 513 513 520 520 520 521 521 521 513 513 513 513 513 513 521 521 521 522 522 522 470 470 470 456 456 456 468 468 468 456 456 456 429 429 429 468 468 468 468 468 468 429 429 429 427 427 427 390 390 390 386 386 386 525 525 525 386 386 386 361 361 361 525 525 525 525 525 525 361 361 361 363 363 363 446 446 446 447 447 447 506 506 506 447 447 447 448 448 448 506 506 506 506 506 506 448 448 448 461 461 461 527 527 527 528 528 528 529 529 529 528 528 528 530 530 530 529 529 529 529 529 529 530 530 530 531 531 531 530 530 530 532 532 532 531 531 531 531 531 531 532 532 532 533 533 533 532 532 532 534 534 534 533 533 533 533 533 533 534 534 534 536 536 536 534 534 534 537 537 537 536 536 536 536 536 536 537 537 537 368 368 368 537 537 537 365 365 365 368 368 368 540 540 540 392 392 392 531 531 531 392 392 392 389 389 389 531 531 531 531 531 531 389 389 389 529 529 529 389 389 389 524 524 524 529 529 529 529 529 529 524 524 524 542 542 542 524 524 524 364 364 364 542 542 542 410 410 410 538 538 538 370 370 370 538 538 538 535 535 535 370 370 370 370 370 370 535 535 535 367 367 367 539 539 539 411 411 411 393 393 393 411 411 411 409 409 409 393 393 393 393 393 393 409 409 409 396 396 396 543 543 543 545 545 545 547 547 547 545 545 545 522 522 522 547 547 547 547 547 547 522 522 522 548 548 548 522 522 522 521 521 521 548 548 548 548 548 548 521 521 521 549 549 549 521 521 521 520 520 520 549 549 549 549 549 549 520 520 520 360 360 360 520 520 520 550 550 550 360 360 360 360 360 360 550 550 550 356 356 356 550 550 550 551 551 551 356 356 356 356 356 356 551 551 551 553 553 553 551 551 551 554 554 554 553 553 553 553 553 553 554 554 554 555 555 555 554 554 554 556 556 556 555 555 555 555 555 555 556 556 556 557 557 557 556 556 556 558 558 558 557 557 557 557 557 557 558 558 558 559 559 559 558 558 558 560 560 560 559 559 559 559 559 559 560 560 560 561 561 561 560 560 560 562 562 562 561 561 561 561 561 561 562 562 562 563 563 563 562 562 562 564 564 564 563 563 563 563 563 563 564 564 564 565 565 565 552 552 552 566 566 566 568 568 568 566 566 566 569 569 569 568 568 568 568 568 568 569 569 569 570 570 570 569 569 569 571 571 571 570 570 570 570 570 570 571 571 571 572 572 572 571 571 571 573 573 573 572 572 572 572 572 572 573 573 573 574 574 574 573 573 573 576 576 576 574 574 574 574 574 574 576 576 576 509 509 509 576 576 576 577 577 577 509 509 509 509 509 509 577 577 577 507 507 507 577 577 577 550 550 550 507 507 507 507 507 507 550 550 550 520 520 520 578 578 578 580 580 580 581 581 581 580 580 580 583 583 583 581 581 581 581 581 581 583 583 583 584 584 584 583 583 583 586 586 586 584 584 584 584 584 584 586 586 586 569 569 569 586 586 586 587 587 587 569 569 569 569 569 569 587 587 587 571 571 571 587 587 587 558 558 558 571 571 571 571 571 571 558 558 558 588 588 588 558 558 558 556 556 556 588 588 588 588 588 588 556 556 556 554 554 554 555 555 555 557 557 557 589 589 589 557 557 557 559 559 559 589 589 589 589 589 589 559 559 559 590 590 590 559 559 559 561 561 561 590 590 590 590 590 590 561 561 561 591 591 591 561 561 561 592 592 592 591 591 591 591 591 591 592 592 592 594 594 594 592 592 592 596 596 596 594 594 594 555 555 555 589 589 589 585 585 585 589 589 589 590 590 590 585 585 585 585 585 585 590 590 590 582 582 582 590 590 590 591 591 591 582 582 582 582 582 582 591 591 591 579 579 579 591 591 591 594 594 594 579 579 579 574 574 574 597 597 597 572 572 572 597 597 597 599 599 599 572 572 572 572 572 572 599 599 599 570 570 570 599 599 599 601 601 601 570 570 570 570 570 570 601 601 601 603 603 603 601 601 601 604 604 604 603 603 603 558 558 558 605 605 605 560 560 560 605 605 605 580 580 580 560 560 560 560 560 560 580 580 580 562 562 562 580 580 580 606 606 606 562 562 562 562 562 562 606 606 606 564 564 564 571 571 571 588 588 588 573 573 573 588 588 588 554 554 554 573 573 573 573 573 573 554 554 554 576 576 576 554 554 554 577 577 577 576 576 576 609 609 609 610 610 610 288 288 288 610 610 610 613 613 613 288 288 288 288 288 288 613 613 613 289 289 289 613 613 613 292 292 292 289 289 289 288 288 288 322 322 322 609 609 609 322 322 322 292 292 292 609 609 609 609 609 609 292 292 292 615 615 615 292 292 292 613 613 613 615 615 615 586 586 586 583 583 583 587 587 587 583 583 583 605 605 605 587 587 587 587 587 587 605 605 605 558 558 558 350 350 350 348 348 348 359 359 359 348 348 348 549 549 549 359 359 359 359 359 359 549 549 549 360 360 360 561 561 561 563 563 563 592 592 592 563 563 563 565 565 565 592 592 592 592 592 592 565 565 565 596 596 596 595 595 595 606 606 606 593 593 593 606 606 606 580 580 580 593 593 593 593 593 593 580 580 580 578 578 578 616 616 616 618 618 618 620 620 620 618 618 618 621 621 621 620 620 620 620 620 620 621 621 621 29 29 29 621 621 621 35 35 35 29 29 29 29 29 29 35 35 35 30 30 30 35 35 35 32 32 32 30 30 30 30 30 30 32 32 32 31 31 31 32 32 32 34 34 34 31 31 31 31 31 31 34 34 34 403 403 403 34 34 34 442 442 442 403 403 403 403 403 403 401 401 401 31 31 31 401 401 401 49 49 49 31 31 31 31 31 31 49 49 49 28 28 28 49 49 49 623 623 623 28 28 28 28 28 28 623 623 623 29 29 29 623 623 623 620 620 620 29 29 29 434 434 434 436 436 436 67 67 67 436 436 436 624 624 624 67 67 67 67 67 67 624 624 624 46 46 46 624 624 624 622 622 622 46 46 46 46 46 46 622 622 622 47 47 47 33 33 33 619 619 619 34 34 34 619 619 619 617 617 617 34 34 34 34 34 34 617 617 617 442 442 442 617 617 617 439 439 439 442 442 442 400 400 400 377 377 377 402 402 402 377 377 377 45 45 45 402 402 402 402 402 402 45 45 45 48 48 48 623 623 623 625 625 625 620 620 620 625 625 625 440 440 440 620 620 620 620 620 620 440 440 440 616 616 616 464 464 464 284 284 284 462 462 462 284 284 284 464 464 464 472 472 472 504 504 504 627 627 627 149 149 149 253 253 253 149 149 149 627 627 627 159 159 159 628 628 628 156 156 156 629 629 629 631 631 631 632 632 632 632 632 632 631 631 631 634 634 634 57 57 57 194 194 194 191 191 191 275 275 275 282 282 282 287 287 287 541 541 541 365 365 365 537 537 537 541 541 541 537 537 537 526 526 526 635 635 635 637 637 637 640 640 640 642 642 642 635 635 635 640 640 640 636 636 636 643 643 643 639 639 639 639 639 639 643 643 643 641 641 641 551 551 551 550 550 550 577 577 577 56 56 56 516 516 516 194 194 194 512 512 512 286 286 286 282 282 282 479 479 479 201 201 201 199 199 199 476 476 476 183 183 183 184 184 184 482 482 482 519 519 519 480 480 480 518 518 518 519 519 519 482 482 482 644 644 644 646 646 646 633 633 633 648 648 648 644 644 644 633 633 633 444 444 444 382 382 382 385 385 385 385 385 385 388 388 388 444 444 444 650 650 650 651 651 651 652 652 652 651 651 651 653 653 653 652 652 652 430 430 430 432 432 432 483 483 483 483 483 483 428 428 428 430 430 430 137 137 137 127 127 127 498 498 498 153 153 153 654 654 654 151 151 151 503 503 503 626 626 626 504 504 504 191 191 191 196 196 196 56 56 56 286 286 286 274 274 274 275 275 275 655 655 655 656 656 656 657 657 657 658 658 658 661 661 661 662 662 662 663 663 663 642 642 642 660 660 660 456 456 456 470 470 470 459 459 459 488 488 488 664 664 664 491 491 491 542 542 542 527 527 527 529 529 529 66 66 66 369 369 369 426 426 426 530 530 530 528 528 528 665 665 665 624 624 624 436 436 436 438 438 438 494 494 494 666 666 666 495 495 495 452 452 452 455 455 455 65 65 65 668 668 668 669 669 669 670 670 670 669 669 669 671 671 671 670 670 670 670 670 670 671 671 671 351 351 351 671 671 671 672 672 672 351 351 351 351 351 351 672 672 672 352 352 352 672 672 672 673 673 673 352 352 352 352 352 352 673 673 673 344 344 344 673 673 673 674 674 674 344 344 344 344 344 344 674 674 674 345 345 345 674 674 674 346 346 346 345 345 345 345 345 345 346 346 346 343 343 343 346 346 346 349 349 349 343 343 343 343 343 343 349 349 349 354 354 354 349 349 349 358 358 358 354 354 354 354 354 354 358 358 358 355 355 355 668 668 668 670 670 670 347 347 347 670 670 670 675 675 675 347 347 347 347 347 347 675 675 675 348 348 348 675 675 675 676 676 676 348 348 348 348 348 348 676 676 676 549 549 549 676 676 676 677 677 677 549 549 549 549 549 549 677 677 677 548 548 548 677 677 677 678 678 678 548 548 548 548 548 548 678 678 678 547 547 547 678 678 678 604 604 604 547 547 547 547 547 547 604 604 604 543 543 543 604 604 604 601 601 601 543 543 543 352 352 352 344 344 344 678 678 678 344 344 344 343 343 343 678 678 678 678 678 678 343 343 343 604 604 604 343 343 343 354 354 354 604 604 604 604 604 604 354 354 354 603 603 603 354 354 354 357 357 357 603 603 603 603 603 603 357 357 357 568 568 568 357 357 357 355 355 355 568 568 568 568 568 568 355 355 355 552 552 552 674 674 674 673 673 673 679 679 679 673 673 673 672 672 672 679 679 679 679 679 679 672 672 672 680 680 680 672 672 672 671 671 671 680 680 680 680 680 680 671 671 671 681 681 681 671 671 671 669 669 669 681 681 681 681 681 681 669 669 669 682 682 682 669 669 669 684 684 684 682 682 682 682 682 682 684 684 684 686 686 686 683 683 683 679 679 679 687 687 687 679 679 679 680 680 680 687 687 687 687 687 687 680 680 680 688 688 688 680 680 680 681 681 681 688 688 688 688 688 688 681 681 681 689 689 689 681 681 681 682 682 682 689 689 689 689 689 689 682 682 682 686 686 686 678 678 678 677 677 677 352 352 352 677 677 677 676 676 676 352 352 352 352 352 352 676 676 676 353 353 353 676 676 676 675 675 675 353 353 353 353 353 353 675 675 675 351 351 351 675 675 675 670 670 670 351 351 351 691 691 691 692 692 692 220 220 220 692 692 692 696 696 696 220 220 220 220 220 220 696 696 696 241 241 241 696 696 696 216 216 216 241 241 241 220 220 220 218 218 218 691 691 691 218 218 218 216 216 216 691 691 691 691 691 691 216 216 216 698 698 698 216 216 216 696 696 696 698 698 698 683 683 683 699 699 699 679 679 679 699 699 699 667 667 667 679 679 679 679 679 679 667 667 667 674 674 674 667 667 667 346 346 346 674 674 674 412 412 412 371 371 371 701 701 701 371 371 371 373 373 373 701 701 701 701 701 701 373 373 373 702 702 702 373 373 373 375 375 375 702 702 702 702 702 702 375 375 375 703 703 703 375 375 375 399 399 399 703 703 703 703 703 703 399 399 399 704 704 704 399 399 399 405 405 405 704 704 704 406 406 406 395 395 395 705 705 705 395 395 395 407 407 407 705 705 705 705 705 705 407 407 407 706 706 706 407 407 407 412 412 412 706 706 706 706 706 706 412 412 412 701 701 701 707 707 707 708 708 708 709 709 709 710 710 710 708 708 708 711 711 711 712 712 712 240 240 240 694 694 694 713 713 713 607 607 607 321 321 321 321 321 321 714 714 714 713 713 713 714 714 714 715 715 715 713 713 713 714 714 714 716 716 716 715 715 715 716 716 716 714 714 714 717 717 717 718 718 718 719 719 719 717 717 717 719 719 719 716 716 716 717 717 717 711 711 711 720 720 720 710 710 710 711 711 711 712 712 712 720 720 720 710 710 710 709 709 709 708 708 708 711 711 711 240 240 240 712 712 712 567 567 567 553 553 553 555 555 555 567 567 567 555 555 555 585 585 585 669 669 669 668 668 668 700 700 700 684 684 684 669 669 669 700 700 700 210 210 210 230 230 230 212 212 212 230 230 230 239 239 239 212 212 212 690 690 690 697 697 697 695 695 695 693 693 693 690 690 690 695 695 695 296 296 296 312 312 312 298 298 298 296 296 296 324 324 324 312 312 312 608 608 608 612 612 612 611 611 611 608 608 608 614 614 614 612 612 612 551 551 551 577 577 577 554 554 554 533 533 533 540 540 540 531 531 531 533 533 533 536 536 536 540 540 540 566 566 566 584 584 584 569 569 569 570 570 570 603 603 603 568 568 568 248 248 248 237 237 237 250 250 250 236 236 236 247 247 247 231 231 231 204 204 204 208 208 208 228 228 228 583 583 583 580 580 580 605 605 605 683 683 683 687 687 687 685 685 685 331 331 331 318 318 318 316 316 316 329 329 329 310 310 310 299 299 299 334 334 334 319 319 319 332 332 332 636 636 636 721 721 721 643 643 643 721 721 721 723 723 723 643 643 643 643 643 643 723 723 723 725 725 725 723 723 723 278 278 278 725 725 725 725 725 725 278 278 278 726 726 726 278 278 278 277 277 277 726 726 726 726 726 726 277 277 277 727 727 727 277 277 277 635 635 635 727 727 727 727 727 727 635 635 635 728 728 728 635 635 635 642 642 642 728 728 728 728 728 728 642 642 642 729 729 729 642 642 642 663 663 663 729 729 729 729 729 729 663 663 663 655 655 655 663 663 663 731 731 731 655 655 655 655 655 655 731 731 731 733 733 733 634 634 634 647 647 647 650 650 650 647 647 647 645 645 645 650 650 650 650 650 650 645 645 645 651 651 651 645 645 645 649 649 649 651 651 651 651 651 651 649 649 649 653 653 653 649 649 649 734 734 734 653 653 653 653 653 653 734 734 734 652 652 652 734 734 734 735 735 735 652 652 652 652 652 652 735 735 735 736 736 736 735 735 735 738 738 738 736 736 736 736 736 736 738 738 738 740 740 740 641 641 641 643 643 643 741 741 741 643 643 643 656 656 656 741 741 741 741 741 741 656 656 656 742 742 742 656 656 656 655 655 655 742 742 742 742 742 742 655 655 655 743 743 743 655 655 655 733 733 733 743 743 743 743 743 743 733 733 733 744 744 744 733 733 733 659 659 659 744 744 744 744 744 744 659 659 659 641 641 641 643 643 643 725 725 725 656 656 656 725 725 725 726 726 726 656 656 656 656 656 656 726 726 726 657 657 657 726 726 726 727 727 727 657 657 657 657 657 657 727 727 727 655 655 655 727 727 727 728 728 728 655 655 655 655 655 655 728 728 728 729 729 729 634 634 634 650 650 650 632 632 632 650 650 650 652 652 652 632 632 632 632 632 632 652 652 652 629 629 629 652 652 652 736 736 736 629 629 629 629 629 629 736 736 736 631 631 631 736 736 736 740 740 740 631 631 631 526 526 526 537 537 537 745 745 745 537 537 537 534 534 534 745 745 745 745 745 745 534 534 534 665 665 665 534 534 534 532 532 532 665 665 665 665 665 665 532 532 532 530 530 530 633 633 633 630 630 630 648 648 648 630 630 630 739 739 739 648 648 648 648 648 648 739 739 739 746 746 746 739 739 739 737 737 737 746 746 746 277 277 277 280 280 280 635 635 635 280 280 280 748 748 748 635 635 635 635 635 635 748 748 748 637 637 637 658 658 658 732 732 732 661 661 661 732 732 732 730 730 730 661 661 661 661 661 661 730 730 730 662 662 662 722 722 722 638 638 638 750 750 750 638 638 638 749 749 749 750 750 750 750 750 750 749 749 749 281 281 281 281 281 281 279 279 279 750 750 750 279 279 279 724 724 724 750 750 750 750 750 750 724 724 724 722 722 722 742 742 742 743 743 743 741 741 741 743 743 743 744 744 744 741 741 741 741 741 741 744 744 744 641 641 641 649 649 649 747 747 747 734 734 734 747 747 747 738 738 738 734 734 734 734 734 734 738 738 738 735 735 735 1 1 1 752 752 752 10 10 10 752 752 752 754 754 754 10 10 10 10 10 10 754 754 754 472 472 472 754 754 754 272 272 272 472 472 472 472 472 472 272 272 272 284 284 284 598 598 598 270 270 270 600 600 600 270 270 270 753 753 753 600 600 600 600 600 600 753 753 753 602 602 602 753 753 753 751 751 751 602 602 602 602 602 602 751 751 751 0 0 0 514 514 514 523 523 523 55 55 55 523 523 523 546 546 546 55 55 55 55 55 55 546 546 546 7 7 7 271 271 271 598 598 598 285 285 285 598 598 598 575 575 575 285 285 285 285 285 285 575 575 575 510 510 510 602 602 602 0 0 0 544 544 544 0 0 0 6 6 6 544 544 544 544 544 544 6 6 6 546 546 546</p></triangles></mesh></geometry></library_geometries>
<library_controllers><controller id="aqua-controller-0"><skin source="#aqua-geometry-0"><bind_shape_matrix>1 0 0 0 0 1 0 0 0 0 1 0 0 0 0 1</bind_shape_matrix><source id="aqua-controller-0-joints"><Name_array id="aqua-controller-0-joints-array" count="77">Root center hara mune kubi atama ago ago_end kamiA kamiA_end kamiB kamiB_end kamiC kamiC_end kamiD kamiD_end kamiE kamiE_end kamiF kamiF_end kamiG kamiG_end R_kata R_ude1 R_ude2 R_te R_yubiB R_yubiB_end R_yubiA R_yubiA_end R_buki R_buki_end R_sodeB R_sodeB_end R_sodeA R_sodeA_end R_armour R_armour_end L_kata L_ude1 L_ude2 L_te L_yubiB L_yubiB_end L_yubiA L_yubiA_end L_sodeA L_sodeA_end L_sodeB L_sodeB_end L_armour L_armour_end koshi L_susoB L_susoB_end L_susoA1 L_susoA1_end L_susoC1 L_susoC1_end R_susoC1 R_susoC1_end L_momo L_sune L_ashi1 L_ashi1_end L_skt L_skt_end R_skt R_skt_end R_momo R_sune R_ashi1 R_ashi1_end R_susoB R_susoB_end R_susoA1 R_susoA1_end</Name_array><technique_common><accessor source="#aqua-controller-0-joints-array" count="77" stride="1"><param name="JOINT" type="Name"/></accessor></technique_common></source><source id="aqua-controller-0-bind-poses"><float_array id="aqua-controller-0-bind-poses-array" count="1232">0.436637044 0 0 0 0 0.436637044 -3.29651826e-8 0 0 3.29651826e-8 0.436637044 0 0 0 0 1 0 0.436637044 3.29651826e-8 -1.10674703 0.436637044 0 0 0 0 3.29651826e-8 -0.436637044 -0.00711636292 0 0 0 1 -2.92780538e-8 -0.00132421043 0.436635137 0.0104727345 -2.92110724e-10 0.436635256 0.00132411439 -1.10672081 -0.436637104 0 -2.96853191e-8 -7.12005122e-10 0 0 0 1 -2.0383931e-8 0.0804660097 0.429158747 -0.221475825 -3.63222091e-10 0.429158807 -0.0804661065 -1.21768439 -0.436637074 -3.82012555e-9 -2.03743848e-8 1.05145688e-8 0 0 0 1 -2.05444035e-8 -0.115271322 0.42114675 0.440099746 -1.7559168e-10 0.421146721 0.115271233 -1.41181695 -0.436637104 5.54766366e-9 -2.02684269e-8 -2.11806608e-8 0 0 0 1 -1.897841e-8 -0.0516409017 0.43357265 0.214883193 -2.42835613e-10 0.433572531 0.0516408086 -1.53699601 -0.436637074 2.29678254e-9 -1.92804421e-8 -9.55691526e-9 0 0 0 1 -1.96535801e-8 -0.355258644 -0.25385654 1.26029098 5.00628261e-10 -0.253856719 0.355258733 0.916824102 -0.436637104 1.59929172e-8 1.14272147e-8 -5.6735395e-8 0 0 0 1 -1.66525158e-8 -0.355258644 -0.25385654 1.26029098 5.00629427e-10 -0.253856719 0.355258733 0.796273768 -0.436637104 1.35511771e-8 9.68242642e-9 -4.80732503e-8 0 0 0 1 0.283696413 0.230118454 -0.239193916 -0.876551628 0.174580455 -0.371071845 -0.149930894 1.43627346 -0.282294005 0.00177787221 -0.333104581 0.0812244117 0 0 0 1 0.283696592 0.230118454 -0.239193723 -0.876551747 0.17458047 -0.371071815 -0.149930894 1.31572294 -0.282293886 0.0017779913 -0.33310467 0.0812239349 0 0 0 1 0.436617404 0.0046757441 0.0000271180506 0.068379879 0.00467515457 -0.43660596 -0.00233049528 1.64785969 0.00000114894499 0.00233068387 -0.436630964 0.0296722166 0 0 0 1 0.436617404 0.00467574503 0.0000271057252 0.0683798566 0.00467515644 -0.43660596 -0.00233049481 1.5273093 0.0000011366227 0.00233068294 -0.436630964 0.029672211 0 0 0 1 0.216330886 0.351348013 -0.142854944 -1.42773283 0.261957884 -0.257341474 -0.236231714 0.957291722 -0.274282724 0.0313355699 -0.338288546 -0.100068457 0 0 0 1 0.216330916 0.351347983 -0.142854825 -1.42773247 0.261957884 -0.257341474 -0.236231655 0.836741209 -0.274282604 0.0313356295 -0.338288516 -0.100068808 0 0 0 1 0.138965636 0.247141346 -0.33205682 -1.0495832 0.143721282 -0.35728699 -0.205772161 1.32168698 -0.388181269 -0.0438083559 -0.19505918 0.120973118 0 0 0 1 0.138965636 0.247141317 -0.33205682 -1.04958308 0.143721312 -0.35728699 -0.205772117 1.20113671 -0.388181269 -0.043808382 -0.19505918 0.120973155 0 0 0 1 0.389995843 0.171995521 -0.094724454 -0.735960424 0.112835497 -0.368696541 -0.204897344 1.3240788 -0.160696372 0.158531815 -0.373759747 -0.617005944 0 0 0 1 0.389995813 0.17199555 -0.0947244465 -0.735960424 0.112835504 -0.368696511 -0.204897359 1.20352817 -0.160696372 0.15853183 -0.373759747 -0.617005944 0 0 0 1 0.40435034 -0.0398600399 0.159896329 0.250934601 -0.0362672992 -0.434808493 -0.0166796725 1.60867047 0.160755903 0.00216528145 -0.405965537 -0.0469542928 0 0 0 1 0.404349566 -0.0398600511 0.159898341 0.250934869 -0.0362672992 -0.434808493 -0.0166796651 1.48812032 0.160757899 0.00216507423 -0.405964732 -0.0469530076 0 0 0 1 -5.29674864e-8 0.220965788 -0.376598448 -0.838627517 -1.12156853e-8 -0.37659809 -0.220965669 1.29797328 -0.436637044 -1.68380314e-8 5.09536484e-8 6.72924685e-8 0 0 0 1 -5.88086841e-8 0.220965788 -0.376598448 -0.838627636 -1.12156817e-8 -0.37659809 -0.220965669 1.17742288 -0.436637044 -1.97940491e-8 5.599167e-8 7.85113912e-8 0 0 0 1 -0.163773805 0.403781742 0.0281153098 -1.36975074 -0.404584378 -0.164199144 0.00143140531 0.501394451 0.0118966149 -0.0255146381 0.435728699 0.136840597 0 0 0 1 0.0037660962 -0.0144205606 -0.4363828 -0.00127584627 -0.436575472 0.00616989005 -0.00397169683 -0.143169194 0.00629746821 0.436355412 -0.0143654179 -1.43394721 0 0 0 1 -0.0113256294 -0.0141988704 -0.436259329 -0.0145181064 -0.436444819 0.0066644568 0.0111134956 -0.38289541 0.00629729452 0.436355412 -0.014365592 -1.43394721 0 0 0 1 0.0367871858 0.434858024 -0.0140453083 -1.38383639 -0.435067475 0.0366409868 -0.00507534947 -0.765562177 -0.00387599063 0.0144223096 0.436381698 -0.0087086549 0 0 0 1 -0.225356057 0.372355998 -0.0348960012 -1.62950361 -0.373705924 -0.225784808 0.00414286321 0.0676815808 -0.0145116961 0.0320046321 0.435220748 -0.0906367823 0 0 0 1 -0.225356027 0.372355998 -0.0348959975 -1.62950349 -0.373705924 -0.225784808 0.00414286694 -0.0309488419 -0.0145116923 0.0320046321 0.435220748 -0.0906367674 0 0 0 1 -0.163458407 -0.0802407637 -0.396856129 -0.00218097679 -0.369140953 -0.146289662 0.181621417 -0.102765068 -0.166338101 0.403500706 -0.0130724832 -1.58633518 0 0 0 1 -0.163458377 -0.080240868 -0.396856129 -0.0021805875 -0.369140923 -0.146289691 0.181621432 -0.201395378 -0.166338131 0.403500676 -0.0130725689 -1.58633506 0 0 0 1 -3.52002405e-9 0.43663168 9.73888177e-7 -1.42451227 0.436637193 4.74579707e-7 1.01663602e-7 0.739077806 1.21993204e-9 0.0000022605127 -0.436637104 -0.0354941189 0 0 0 1 0 0.43663168 9.69874577e-7 -1.42451227 0.436637193 4.71059707e-7 1.00443664e-7 0.640447438 0 0.0000022564991 -0.436637104 -0.0354941078 0 0 0 1 -0.0378099754 0.434997022 -1.2562063e-7 -1.42179918 -0.434996903 -0.0378099866 -3.14173008e-8 -0.425277561 1.14306173e-8 9.46773504e-9 0.436637163 0.0511754677 0 0 0 1 -0.0378099866 0.434997022 -3.04995957e-8 -1.42179918 -0.434996933 -0.0378100052 -3.3990144e-8 -0.665185571 1.71043091e-8 -8.55187992e-8 0.436637163 0.0511757694 0 0 0 1 0.00310560572 0.436626196 -1.39990291e-7 -1.48595273 -0.436626107 0.0031055992 -4.697376e-8 -0.609558046 -7.94881216e-10 2.48376377e-8 0.436637163 0.0475264192 0 0 0 1 0.00310561317 0.436626196 -4.51545148e-8 -1.4859525 -0.436626107 0.00310560688 -4.62367105e-8 -0.849465966 -7.32372774e-10 -7.00010077e-8 0.436637163 0.0475267433 0 0 0 1 -4.87980367e-9 0.436637223 -1.67973099e-7 -1.49000084 -0.436637253 -1.01662634e-8 -4.54431728e-8 -0.338494003 -3.55819318e-10 5.73642183e-8 0.436637253 0.051672928 0 0 0 1 0 0.436637223 -4.6783871e-8 -1.49000084 -0.436637253 -5.28646016e-9 -4.50873578e-8 -0.569962263 0 -6.38249986e-8 0.436637253 0.0516733415 0 0 0 1 0.163774028 0.403781593 0.0281152725 -1.3697505 0.404584169 -0.164199367 0.00143153686 0.501395285 0.0118965944 0.0255145561 -0.43572855 -0.136840299 0 0 0 1 -0.00376610621 -0.0144205363 -0.436382592 -0.00127593789 0.436575443 0.00616965024 -0.00397153571 -0.143168226 0.00629720138 -0.436355382 0.0143653797 1.43394685 0 0 0 1 0.0113256257 -0.0141988797 -0.436259121 -0.0145180374 0.436444819 0.00666448334 0.0111136474 -0.38289541 0.00629729498 -0.436355382 0.0143655865 1.43394709 0 0 0 1 -0.0367874913 0.434857965 -0.0140452692 -1.38383591 0.435067445 0.0366413221 -0.00507518277 -0.765563428 -0.00387597666 -0.0144222733 -0.436381519 0.00870853383 0 0 0 1 0.225355864 0.372356117 -0.0348958746 -1.62950385 0.373706043 -0.225784615 0.00414299499 0.0676811039 -0.0145116644 -0.0320046172 -0.435220659 0.0906367227 0 0 0 1 0.225355864 0.372356087 -0.0348958857 -1.62950397 0.373706073 -0.22578463 0.00414299499 -0.0327656232 -0.0145116681 -0.0320046246 -0.435220659 0.09063676 0 0 0 1 0.163458407 -0.0802408531 -0.39685595 -0.00218055444 0.369141072 -0.146289304 0.181621522 -0.102766179 -0.166337833 -0.403500795 0.0130725987 1.58633542 0 0 0 1 0.163458481 -0.0802407786 -0.396855921 -0.00218090392 0.369141012 -0.146289364 0.181621581 -0.203212559 -0.166337848 -0.403500825 0.0130724879 1.58633542 0 0 0 1 -0.0031056162 0.436626136 -1.91559124e-7 -1.48595273 0.436626017 0.00310563971 1.13722315e-7 -0.609558165 -1.34984535e-9 -9.15338703e-8 -0.436636984 -0.0475261472 0 0 0 1 -0.00310561294 0.436626136 -9.88947804e-8 -1.48595273 0.436626017 0.00310563692 1.15488703e-7 -0.849466085 -2.4258659e-10 1.14071841e-9 -0.436636984 -0.0475264639 0 0 0 1 0.0378099456 0.434997052 -1.62261259e-7 -1.42179954 0.434996963 -0.0378099345 1.29351719e-7 -0.425277919 3.91173138e-9 -7.24907778e-8 -0.436637014 -0.051175233 0 0 0 1 0.0378099605 0.434996992 -9.13767693e-8 -1.42179942 0.434996933 -0.0378099494 1.28812118e-7 -0.665185869 9.5122985e-9 -1.82579241e-9 -0.436636984 -0.0511754565 0 0 0 1 -4.87980012e-9 0.436637133 -1.84239013e-7 -1.49000061 0.436637074 2.64322768e-8 1.14573616e-7 -0.338494062 5.97267735e-10 -8.989619e-8 -0.436637074 -0.0516727939 0 0 0 1 0 0.436637133 -9.88955904e-8 -1.49000061 0.436637104 2.15524789e-8 1.13976355e-7 -0.569962382 0 -4.55275595e-9 -0.436637044 -0.0516730845 0 0 0 1 -1.87404083e-7 0.025013078 -0.43592003 -0.0705054179 6.51701082e-10 -0.43592003 -0.0250130817 1.10452199 -0.436637074 -1.40568499e-8 1.88189361e-7 3.86970953e-8 0 0 0 1 0.434716344 0.0409099646 -1.60904563e-7 -0.240237683 0.0409099646 -0.434716284 4.41091323e-8 0.891170979 -1.5506339e-7 -6.26299084e-8 -0.436637074 -0.0149998823 0 0 0 1 0.434716344 0.0409099646 -1.41831947e-7 -0.240237683 0.0409099646 -0.434716284 4.03474374e-8 0.710343421 -1.36427133e-7 -5.70977896e-8 -0.436637074 -0.0149998963 0 0 0 1 0.436622173 0.00360840466 6.64953177e-8 -0.154106691 0.0036075972 -0.436524302 -0.00924563035 0.891533256 -0.0000763388016 0.00924530998 -0.436539143 -0.0424755029 0 0 0 1 0.436622173 0.00360839721 2.13252118e-8 -0.154106662 0.00360758882 -0.436524302 -0.00924562849 0.710705876 -0.0000763838107 0.00924530905 -0.436539143 -0.042475488 0 0 0 1 0.43013522 0.0657847896 0.036165636 -0.179313019 0.0750705972 -0.376930296 -0.207219303 0.821807921 1.01717511e-7 0.210351601 -0.382627964 -0.6102193 0 0 0 1 0.43013522 0.0657847896 0.0361656807 -0.179312989 0.0750706121 -0.376930267 -0.207219332 0.640980482 1.38931213e-7 0.210351586 -0.382627934 -0.61021924 0 0 0 1 -0.43013531 0.0657848641 0.0361655205 -0.179391369 -0.0750705972 -0.376930386 -0.207219347 0.821495831 -2.48091574e-8 -0.210351616 0.382627904 0.610375643 0 0 0 1 -0.43013531 0.0657848641 0.0361655354 -0.179391325 -0.0750706047 -0.376930386 -0.207219347 0.640668154 -1.24045787e-8 -0.210351586 0.382627904 0.610375583 0 0 0 1 7.80509168e-9 0.0311513022 -0.435524434 -0.0758259594 -1.98828265e-9 -0.435524404 -0.0311513022 0.979975164 -0.436637104 -1.30580102e-10 -6.51296528e-9 0.0800452009 0 0 0 1 -1.91967739e-8 0.0355241001 -0.435189605 -0.0817414746 -2.56982013e-9 -0.435189605 -0.0355241001 0.588556051 -0.436637074 -1.67115888e-9 2.04726014e-8 0.0800452232 0 0 0 1 -3.34343575e-8 -0.436636329 -0.000813569583 0.140323728 1.3186253e-8 -0.000813634659 0.436636269 0.0708097219 -0.436636984 3.07390913e-8 1.43789212e-8 0.0800451934 0 0 0 1 -3.3434354e-8 -0.436636329 -0.000813564227 0.140323713 1.3186253e-8 -0.000813629245 0.436636269 -0.383496284 -0.436636984 3.07390877e-8 1.43789212e-8 0.0800451934 0 0 0 1 -0.000775590946 0.00614034617 -0.436593175 0.0616296902 0.0547196381 -0.4331505 -0.0061891363 1.07831597 -0.433194041 -0.0547251441 -1.1365691e-7 0.182702273 0 0 0 1 -0.000775592111 0.00614034897 -0.436593175 0.0616296791 0.0547196269 -0.4331505 -0.00618914003 0.897488594 -0.433194041 -0.0547251366 -1.12881622e-7 0.182702273 0 0 0 1 0.000775364751 0.00614037039 -0.436593175 0.0616296269 -0.0547195747 -0.43315053 -0.00618913211 1.07831609 -0.433194041 0.0547250658 3.42211194e-7 -0.182702109 0 0 0 1 0.000774586515 0.00614047237 -0.436593175 0.0616292916 -0.0547195822 -0.43315053 -0.00618913677 0.897488594 -0.433194041 0.0547250621 0.0000011270331 -0.182702273 0 0 0 1 7.80509168e-9 0.0311513022 -0.435524434 -0.0758259594 -1.98828265e-9 -0.435524404 -0.0311513022 0.979975164 -0.436637104 -1.30580102e-10 -6.51296528e-9 -0.0800452009 0 0 0 1 -1.91967793e-8 0.0355241075 -0.435189605 -0.0817414895 -2.56982013e-9 -0.435189605 -0.0355241075 0.588556051 -0.436637074 -1.67115921e-9 2.04726067e-8 -0.0800451934 0 0 0 1 -4.73747264e-9 -0.436636299 -0.000813436054 0.14032346 -1.54569779e-8 -0.000813436054 0.436636299 0.0708096847 -0.436636984 2.09562323e-9 -1.43177328e-8 -0.0800451934 0 0 0 1 -4.73747708e-9 -0.436636299 -0.00081343489 0.140323445 -1.54569815e-8 -0.00081343489 0.436636299 -0.383496433 -0.436636984 2.09562767e-9 -1.43177363e-8 -0.0800451934 0 0 0 1 -0.434716374 0.0409099534 -9.66053122e-8 -0.240237653 -0.0409099497 -0.434716314 4.03574312e-8 0.891171038 -9.28524884e-8 5.76730912e-8 0.436637104 0.0149999149 0 0 0 1 -0.434716344 0.0409099571 -5.20214556e-8 -0.240237653 -0.0409099571 -0.434716284 3.795083e-8 0.71034354 -4.86902429e-8 5.10998746e-8 0.436637074 0.014999941 0 0 0 1 -0.436622173 0.00360833551 0.00000231626882 -0.154106423 -0.0036075809 -0.436524302 -0.00924562849 0.891533494 -0.0000740906398 -0.00924532861 0.436539143 0.0424763002 0 0 0 1 -0.436622173 0.00360835507 0.00000201195462 -0.154106468 -0.00360759394 -0.436524302 -0.00924563222 0.710705996 -0.0000743953133 -0.00924532954 0.436539143 0.0424761958 0 0 0 1</float_array><technique_common><accessor source="#aqua-controller-0-bind-poses-array" count="77" stride="16"><param name="TRANSFORM" type="float4x4"/></accessor></technique_common></source><source id="aqua-controller-0-weights"><float_array id="aqua-controller-0-weights-array" count="2032">1 0 0 0 1 0 0 0 1 0 0 0 1 0 0 0 1 0 0 0 1 0 0 0 1 0 0 0 1 0 0 0 1 0 0 0 1 0 0 0 1 0 0 0 1 0 0 0 1 0 0 0 1 0 0 0 1 0 0 0 1 0 0 0 1 0 0 0 1 0 0 0 1 0 0 0 1 0 0 0 1 0 0 0 1 0 0 0 1 0 0 0 1 0 0 0 1 0 0 0 1 0 0 0 1 0 0 0 1 0 0 0 1 0 0 0 1 0 0 0 1 0 0 0 1 0 0 0 1 0 0 0 1 0 0 0 1 0 0 0 1 0 0 0 1 0 0 0 1 0 0 0 1 0 0 0 1 0 0 0 1 0 0 0 1 0 0 0 1 0 0 0 1 0 0 0 1 0 0 0 1 0 0 0 1 0 0 0 1 0 0 0 1 0 0 0 1 0 0 0 1 0 0 0 1 0 0 0 1 0 0 0 1 0 0 0 1 0 0 0 1 0 0 0 1 0 0 0 1 0 0 0 1 0 0 0 1 0 0 0 1 0 0 0 1 0 0 0 1 0 0 0 1 0 0 0 1 0 0 0 1 0 0 0 1 0 0 0 1 0 0 0 1 0 0 0 1 0 0 0 1 0 0 0 1 0 0 0 1 0 0 0 1 0 0 0 1 0 0 0 1 0 0 0 1 0 0 0 1 0 0 0 1 0 0 0 1 0 0 0 1 0 0 0 1 0 0 0 1 0 0 0 1 0 0 0 1 0 0 0 1 0 0 0 1 0 0 0 1 0 0 0 1 0 0 0 1 0 0 0 1 0 0 0 1 0 0 0 1 0 0 0 1 0 0 0 1 0 0 0 1 0 0 0 1 0 0 0 1 0 0 0 1 0 0 0 1 0 0 0 1 0 0 0 1 0 0 0 1 0 0 0 0.5 0.5 0 0 0.5 0.5 0 0 0.5 0.5 0 0 1 0 0 0 1 0 0 0 1 0 0 0 1 0 0 0 1 0 0 0 1 0 0 0 1 0 0 0 1 0 0 0 1 0 0 0 1 0 0 0 1 0 0 0 1 0 0 0 1 0 0 0 0.5 0.5 0 0 0.5 0.5 0 0 1 0 0 0 0.59375 0.40625 0 0 1 0 0 0 0.5 0.5 0 0 0.5 0.5 0 0 0.5 0.5 0 0 1 0 0 0 1 0 0 0 1 0 0 0 1 0 0 0 1 0 0 0 1 0 0 0 1 0 0 0 1 0 0 0 1 0 0 0 0.5 0.5 0 0 0.5 0.5 0 0 0.8984375 0.1015625 0 0 0.8984375 0.1015625 0 0 0.6953125 0.3046875 0 0 0.6953125 0.3046875 0 0 1 0 0 0 1 0 0 0 0.6953125 0.3046875 0 0 0.59375 0.40625 0 0 0.59375 0.40625 0 0 0.59375 0.40625 0 0 0.703125 0.296875 0 0 1 0 0 0 1 0 0 0 1 0 0 0 1 0 0 0 1 0 0 0 1 0 0 0 1 0 0 0 1 0 0 0 1 0 0 0 1 0 0 0 1 0 0 0 0.59375 0.40625 0 0 0.59375 0.40625 0 0 0.59375 0.40625 0 0 1 0 0 0 1 0 0 0 1 0 0 0 1 0 0 0 1 0 0 0 1 0 0 0 1 0 0 0 1 0 0 0 0.578125 0.421875 0 0 1 0 0 0 1 0 0 0 1 0 0 0 1 0 0 0 1 0 0 0 1 0 0 0 1 0 0 0 1 0 0 0 1 0 0 0 1 0 0 0 1 0 0 0 1 0 0 0 1 0 0 0 1 0 0 0 1 0 0 0 1 0 0 0 1 0 0 0 1 0 0 0 1 0 0 0 1 0 0 0 1 0 0 0 1 0 0 0 1 0 0 0 1 0 0 0 1 0 0 0 1 0 0 0 1 0 0 0 1 0 0 0 1 0 0 0 1 0 0 0 1 0 0 0 1 0 0 0 1 0 0 0 1 0 0 0 1 0 0 0 1 0 0 0 1 0 0 0 1 0 0 0 1 0 0 0 1 0 0 0 1 0 0 0 1 0 0 0 1 0 0 0 1 0 0 0 1 0 0 0 1 0 0 0 1 0 0 0 1 0 0 0 1 0 0 0 1 0 0 0 1 0 0 0 1 0 0 0 1 0 0 0 1 0 0 0 1 0 0 0 1 0 0 0 1 0 0 0 1 0 0 0 1 0 0 0 1 0 0 0 1 0 0 0 1 0 0 0 1 0 0 0 1 0 0 0 1 0 0 0 1 0 0 0 1 0 0 0 1 0 0 0 1 0 0 0 1 0 0 0 1 0 0 0 1 0 0 0 1 0 0 0 1 0 0 0 1 0 0 0 1 0 0 0 1 0 0 0 1 0 0 0 1 0 0 0 1 0 0 0 1 0 0 0 1 0 0 0 1 0 0 0 1 0 0 0 1 0 0 0 1 0 0 0 1 0 0 0 1 0 0 0 1 0 0 0 1 0 0 0 1 0 0 0 1 0 0 0 1 0 0 0 1 0 0 0 1 0 0 0 1 0 0 0 1 0 0 0 1 0 0 0 1 0 0 0 1 0 0 0 1 0 0 0 1 0 0 0 1 0 0 0 0.5 0.5 0 0 0.5 0.5 0 0 0.5 0.5 0 0 1 0 0 0 1 0 0 0 1 0 0 0 1 0 0 0 1 0 0 0 1 0 0 0 1 0 0 0 1 0 0 0 1 0 0 0 1 0 0 0 1 0 0 0 1 0 0 0 1 0 0 0 1 0 0 0 1 0 0 0 1 0 0 0 1 0 0 0 1 0 0 0 1 0 0 0 1 0 0 0 1 0 0 0 1 0 0 0 1 0 0 0 1 0 0 0 1 0 0 0 1 0 0 0 0.5 0.5 0 0 0.5 0.5 0 0 0.5 0.5 0 0 0.5 0.5 0 0 1 0 0 0 1 0 0 0 1 0 0 0 1 0 0 0 1 0 0 0 1 0 0 0 0.5 0.5 0 0 1 0 0 0 1 0 0 0 1 0 0 0 1 0 0 0 1 0 0 0 1 0 0 0 1 0 0 0 1 0 0 0 1 0 0 0 1 0 0 0 1 0 0 0 1 0 0 0 1 0 0 0 1 0 0 0 1 0 0 0 1 0 0 0 1 0 0 0 1 0 0 0 1 0 0 0 1 0 0 0 1 0 0 0 1 0 0 0 1 0 0 0 1 0 0 0 1 0 0 0 1 0 0 0 1 0 0 0 1 0 0 0 1 0 0 0 1 0 0 0 1 0 0 0 1 0 0 0 1 0 0 0 1 0 0 0 1 0 0 0 1 0 0 0 1 0 0 0 1 0 0 0 1 0 0 0 1 0 0 0 1 0 0 0 1 0 0 0 1 0 0 0 1 0 0 0 1 0 0 0 1 0 0 0 1 0 0 0 1 0 0 0 1 0 0 0 1 0 0 0 1 0 0 0 1 0 0 0 1 0 0 0 1 0 0 0 1 0 0 0 1 0 0 0 1 0 0 0 1 0 0 0 1 0 0 0 1 0 0 0 1 0 0 0 1 0 0 0 1 0 0 0 1 0 0 0 1 0 0 0 1 0 0 0 1 0 0 0 1 0 0 0 1 0 0 0 1 0 0 0 1 0 0 0 0.8046875 0.1953125 0 0 0.8046875 0.1953125 0 0 1 0 0 0 1 0 0 0 1 0 0 0 1 0 0 0 1 0 0 0 1 0 0 0 1 0 0 0 0.5 0.5 0 0 1 0 0 0 1 0 0 0 1 0 0 0 1 0 0 0 1 0 0 0 1 0 0 0 0.6015625 0.3984375 0 0 0.6015625 0.3984375 0 0 0.6015625 0.3984375 0 0 1 0 0 0 1 0 0 0 1 0 0 0 1 0 0 0 1 0 0 0 1 0 0 0 1 0 0 0 1 0 0 0 1 0 0 0 1 0 0 0 1 0 0 0 1 0 0 0 1 0 0 0 1 0 0 0 1 0 0 0 1 0 0 0 1 0 0 0 1 0 0 0 1 0 0 0 1 0 0 0 1 0 0 0 1 0 0 0 1 0 0 0 1 0 0 0 1 0 0 0 1 0 0 0 1 0 0 0 1 0 0 0 1 0 0 0 1 0 0 0 1 0 0 0 1 0 0 0 1 0 0 0 1 0 0 0 1 0 0 0 1 0 0 0 1 0 0 0 1 0 0 0 1 0 0 0 1 0 0 0 1 0 0 0 1 0 0 0 1 0 0 0 1 0 0 0 1 0 0 0 1 0 0 0 0.609375 0.390625 0 0 0.609375 0.390625 0 0 0.609375 0.390625 0 0 0.609375 0.390625 0 0 1 0 0 0 1 0 0 0 1 0 0 0 1 0 0 0 1 0 0 0 1 0 0 0 1 0 0 0 1 0 0 0 1 0 0 0 1 0 0 0 1 0 0 0 1 0 0 0 1 0 0 0 1 0 0 0 1 0 0 0 1 0 0 0 1 0 0 0 1 0 0 0 1 0 0 0 1 0 0 0 1 0 0 0 1 0 0 0 1 0 0 0 1 0 0 0 1 0 0 0 0.5 0.5 0 0 0.5 0.5 0 0 0.5 0.5 0 0 0.5 0.5 0 0 0.5 0.5 0 0 0.5 0.5 0 0 1 0 0 0 1 0 0 0 1 0 0 0 1 0 0 0 1 0 0 0 1 0 0 0 1 0 0 0 1 0 0 0 1 0 0 0 1 0 0 0 1 0 0 0 1 0 0 0 1 0 0 0 1 0 0 0 1 0 0 0 1 0 0 0 1 0 0 0 1 0 0 0 1 0 0 0 0.8046875 0.1953125 0 0 0.8046875 0.1953125 0 0 0.6015625 0.3984375 0 0</float_array><technique_common><accessor source="#aqua-controller-0-weights-array" count="2032" stride="1"><param name="WEIGHT" type="float"/></accessor></technique_common></source><joints><input semantic="JOINT" source="#aqua-controller-0-joints"/><input semantic="INV_BIND_MATRIX" source="#aqua-controller-0-bind-poses"/></joints><vertex_weights count="508"><input semantic="JOINT" source="#aqua-controller-0-joints" offset="0"/><input semantic="WEIGHT" source="#aqua-controller-0-weights" offset="1"/><vcount>4 4 4 4 4 4 4 4 4 4 4 4 4 4 4 4 4 4 4 4 4 4 4 4 4 4 4 4 4 4 4 4 4 4 4 4 4 4 4 4 4 4 4 4 4 4 4 4 4 4 4 4 4 4 4 4 4 4 4 4 4 4 4 4 4 4 4 4 4 4 4 4 4 4 4 4 4 4 4 4 4 4 4 4 4 4 4 4 4 4 4 4 4 4 4 4 4 4 4 4 4 4 4 4 4 4 4 4 4 4 4 4 4 4 4 4 4 4 4 4 4 4 4 4 4 4 4 4 4 4 4 4 4 4 4 4 4 4 4 4 4 4 4 4 4 4 4 4 4 4 4 4 4 4 4 4 4 4 4 4 4 4 4 4 4 4 4 4 4 4 4 4 4 4 4 4 4 4 4 4 4 4 4 4 4 4 4 4 4 4 4 4 4 4 4 4 4 4 4 4 4 4 4 4 4 4 4 4 4 4 4 4 4 4 4 4 4 4 4 4 4 4 4 4 4 4 4 4 4 4 4 4 4 4 4 4 4 4 4 4 4 4 4 4 4 4 4 4 4 4 4 4 4 4 4 4 4 4 4 4 4 4 4 4 4 4 4 4 4 4 4 4 4 4 4 4 4 4 4 4 4 4 4 4 4 4 4 4 4 4 4 4 4 4 4 4 4 4 4 4 4 4 4 4 4 4 4 4 4 4 4 4 4 4 4 4 4 4 4 4 4 4 4 4 4 4 4 4 4 4 4 4 4 4 4 4 4 4 4 4 4 4 4 4 4 4 4 4 4 4 4 4 4 4 4 4 4 4 4 4 4 4 4 4 4 4 4 4 4 4 4 4 4 4 4 4 4 4 4 4 4 4 4 4 4 4 4 4 4 4 4 4 4 4 4 4 4 4 4 4 4 4 4 4 4 4 4 4 4 4 4 4 4 4 4 4 4 4 4 4 4 4 4 4 4 4 4 4 4 4 4 4 4 4 4 4 4 4 4 4 4 4 4 4 4 4 4 4 4 4 4 4 4 4 4 4 4 4 4 4 4 4 4 4 4 4 4 4 4 4 4 4 4 4 4 4 4 4 4 4 4 4 4 4 4 4 4 4 4 4 4 4 4 4 4 4 4 4 4 4 4 4 4 4 4 4 4 4</vcount><v>5 0 0 1 0 2 0 3 20 4 0 5 0 6 0 7 20 8 0 9 0 10 0 11 20 12 0 13 0 14 0 15 20 16 0 17 0 18 0 19 20 20 0 21 0 22 0 23 20 24 0 25 0 26 0 27 20 28 0 29 0 30 0 31 20 32 0 33 0 34 0 35 20 36 0 37 0 38 0 39 20 40 0 41 0 42 0 43 20 44 0 45 0 46 0 47 20 48 0 49 0 50 0 51 20 52 0 53 0 54 0 55 20 56 0 57 0 58 0 59 20 60 0 61 0 62 0 63 20 64 0 65 0 66 0 67 20 68 0 69 0 70 0 71 20 72 0 73 0 74 0 75 20 76 0 77 0 78 0 79 20 80 0 81 0 82 0 83 5 84 0 85 0 86 0 87 5 88 0 89 0 90 0 91 5 92 0 93 0 94 0 95 5 96 0 97 0 98 0 99 5 100 0 101 0 102 0 103 5 104 0 105 0 106 0 107 5 108 0 109 0 110 0 111 5 112 0 113 0 114 0 115 5 116 0 117 0 118 0 119 5 120 0 121 0 122 0 123 5 124 0 125 0 126 0 127 5 128 0 129 0 130 0 131 5 132 0 133 0 134 0 135 5 136 0 137 0 138 0 139 5 140 0 141 0 142 0 143 5 144 0 145 0 146 0 147 5 148 0 149 0 150 0 151 5 152 0 153 0 154 0 155 5 156 0 157 0 158 0 159 5 160 0 161 0 162 0 163 5 164 0 165 0 166 0 167 20 168 0 169 0 170 0 171 20 172 0 173 0 174 0 175 20 176 0 177 0 178 0 179 20 180 0 181 0 182 0 183 20 184 0 185 0 186 0 187 5 188 0 189 0 190 0 191 5 192 0 193 0 194 0 195 5 196 0 197 0 198 0 199 5 200 0 201 0 202 0 203 5 204 0 205 0 206 0 207 5 208 0 209 0 210 0 211 5 212 0 213 0 214 0 215 5 216 0 217 0 218 0 219 5 220 0 221 0 222 0 223 5 224 0 225 0 226 0 227 5 228 0 229 0 230 0 231 5 232 0 233 0 234 0 235 5 236 0 237 0 238 0 239 5 240 0 241 0 242 0 243 5 244 0 245 0 246 0 247 5 248 0 249 0 250 0 251 20 252 0 253 0 254 0 255 20 256 0 257 0 258 0 259 20 260 0 261 0 262 0 263 20 264 0 265 0 266 0 267 20 268 0 269 0 270 0 271 20 272 0 273 0 274 0 275 20 276 0 277 0 278 0 279 20 280 0 281 0 282 0 283 20 284 0 285 0 286 0 287 20 288 0 289 0 290 0 291 5 292 0 293 0 294 0 295 5 296 0 297 0 298 0 299 5 300 0 301 0 302 0 303 5 304 0 305 0 306 0 307 5 308 0 309 0 310 0 311 5 312 0 313 0 314 0 315 5 316 0 317 0 318 0 319 5 320 0 321 0 322 0 323 5 324 0 325 0 326 0 327 5 328 0 329 0 330 0 331 5 332 0 333 0 334 0 335 5 336 0 337 0 338 0 339 5 340 0 341 0 342 0 343 5 344 0 345 0 346 0 347 5 348 0 349 0 350 0 351 5 352 0 353 0 354 0 355 5 356 0 357 0 358 0 359 5 360 0 361 0 362 0 363 5 364 0 365 0 366 0 367 5 368 0 369 0 370 0 371 5 372 0 373 0 374 0 375 5 376 0 377 0 378 0 379 5 380 0 381 0 382 0 383 5 384 0 385 0 386 0 387 5 388 0 389 0 390 0 391 5 392 0 393 0 394 0 395 5 396 0 397 0 398 0 399 5 400 0 401 0 402 0 403 18 404 0 405 0 406 0 407 18 408 0 409 0 410 0 411 5 412 18 413 0 414 0 415 5 416 18 417 0 418 0 419 5 420 18 421 0 422 0 423 5 424 0 425 0 426 0 427 5 428 0 429 0 430 0 431 5 432 0 433 0 434 0 435 5 436 0 437 0 438 0 439 5 440 0 441 0 442 0 443 5 444 0 445 0 446 0 447 5 448 0 449 0 450 0 451 5 452 0 453 0 454 0 455 5 456 0 457 0 458 0 459 5 460 0 461 0 462 0 463 5 464 0 465 0 466 0 467 5 468 0 469 0 470 0 471 5 472 0 473 0 474 0 475 5 476 18 477 0 478 0 479 5 480 18 481 0 482 0 483 5 484 0 485 0 486 0 487 18 488 5 489 0 490 0 491 5 492 0 493 0 494 0 495 5 496 18 497 0 498 0 499 5 500 18 501 0 502 0 503 5 504 18 505 0 506 0 507 5 508 0 509 0 510 0 511 5 512 0 513 0 514 0 515 5 516 0 517 0 518 0 519 5 520 0 521 0 522 0 523 5 524 0 525 0 526 0 527 5 528 0 529 0 530 0 531 5 532 0 533 0 534 0 535 5 536 0 537 0 538 0 539 5 540 0 541 0 542 0 543 5 544 18 545 0 546 0 547 5 548 18 549 0 550 0 551 18 552 5 553 0 554 0 555 18 556 5 557 0 558 0 559 10 560 5 561 0 562 0 563 10 564 5 565 0 566 0 567 10 568 0 569 0 570 0 571 10 572 0 573 0 574 0 575 10 576 5 577 0 578 0 579 10 580 5 581 0 582 0 583 10 584 5 585 0 586 0 587 10 588 5 589 0 590 0 591 5 592 10 593 0 594 0 595 5 596 0 597 0 598 0 599 5 600 0 601 0 602 0 603 5 604 0 605 0 606 0 607 5 608 0 609 0 610 0 611 5 612 0 613 0 614 0 615 5 616 0 617 0 618 0 619 5 620 0 621 0 622 0 623 5 624 0 625 0 626 0 627 5 628 0 629 0 630 0 631 5 632 0 633 0 634 0 635 5 636 0 637 0 638 0 639 10 640 5 641 0 642 0 643 10 644 5 645 0 646 0 647 10 648 5 649 0 650 0 651 5 652 0 653 0 654 0 655 5 656 0 657 0 658 0 659 5 660 0 661 0 662 0 663 5 664 0 665 0 666 0 667 5 668 0 669 0 670 0 671 5 672 0 673 0 674 0 675 5 676 0 677 0 678 0 679 5 680 0 681 0 682 0 683 10 684 5 685 0 686 0 687 4 688 0 689 0 690 0 691 4 692 0 693 0 694 0 695 4 696 0 697 0 698 0 699 20 700 0 701 0 702 0 703 20 704 0 705 0 706 0 707 20 708 0 709 0 710 0 711 20 712 0 713 0 714 0 715 20 716 0 717 0 718 0 719 20 720 0 721 0 722 0 723 20 724 0 725 0 726 0 727 20 728 0 729 0 730 0 731 20 732 0 733 0 734 0 735 20 736 0 737 0 738 0 739 20 740 0 741 0 742 0 743 20 744 0 745 0 746 0 747 20 748 0 749 0 750 0 751 20 752 0 753 0 754 0 755 20 756 0 757 0 758 0 759 20 760 0 761 0 762 0 763 20 764 0 765 0 766 0 767 20 768 0 769 0 770 0 771 20 772 0 773 0 774 0 775 20 776 0 777 0 778 0 779 20 780 0 781 0 782 0 783 20 784 0 785 0 786 0 787 20 788 0 789 0 790 0 791 20 792 0 793 0 794 0 795 20 796 0 797 0 798 0 799 20 800 0 801 0 802 0 803 20 804 0 805 0 806 0 807 20 808 0 809 0 810 0 811 20 812 0 813 0 814 0 815 20 816 0 817 0 818 0 819 20 820 0 821 0 822 0 823 20 824 0 825 0 826 0 827 20 828 0 829 0 830 0 831 20 832 0 833 0 834 0 835 20 836 0 837 0 838 0 839 20 840 0 841 0 842 0 843 20 844 0 845 0 846 0 847 20 848 0 849 0 850 0 851 20 852 0 853 0 854 0 855 20 856 0 857 0 858 0 859 20 860 0 861 0 862 0 863 20 864 0 865 0 866 0 867 20 868 0 869 0 870 0 871 20 872 0 873 0 874 0 875 20 876 0 877 0 878 0 879 20 880 0 881 0 882 0 883 20 884 0 885 0 886 0 887 20 888 0 889 0 890 0 891 20 892 0 893 0 894 0 895 20 896 0 897 0 898 0 899 20 900 0 901 0 902 0 903 20 904 0 905 0 906 0 907 20 908 0 909 0 910 0 911 20 912 0 913 0 914 0 915 20 916 0 917 0 918 0 919 20 920 0 921 0 922 0 923 20 924 0 925 0 926 0 927 20 928 0 929 0 930 0 931 20 932 0 933 0 934 0 935 20 936 0 937 0 938 0 939 5 940 0 941 0 942 0 943 5 944 0 945 0 946 0 947 5 948 0 949 0 950 0 951 5 952 0 953 0 954 0 955 5 956 0 957 0 958 0 959 5 960 0 961 0 962 0 963 5 964 0 965 0 966 0 967 5 968 0 969 0 970 0 971 5 972 0 973 0 974 0 975 5 976 0 977 0 978 0 979 5 980 0 981 0 982 0 983 5 984 0 985 0 986 0 987 5 988 0 989 0 990 0 991 5 992 0 993 0 994 0 995 5 996 0 997 0 998 0 999 5 1000 0 1001 0 1002 0 1003 5 1004 0 1005 0 1006 0 1007 5 1008 0 1009 0 1010 0 1011 5 1012 0 1013 0 1014 0 1015 5 1016 0 1017 0 1018 0 1019 5 1020 0 1021 0 1022 0 1023 5 1024 0 1025 0 1026 0 1027 5 1028 0 1029 0 1030 0 1031 5 1032 0 1033 0 1034 0 1035 5 1036 0 1037 0 1038 0 1039 5 1040 0 1041 0 1042 0 1043 5 1044 0 1045 0 1046 0 1047 5 1048 0 1049 0 1050 0 1051 5 1052 0 1053 0 1054 0 1055 6 1056 0 1057 0 1058 0 1059 6 1060 0 1061 0 1062 0 1063 5 1064 0 1065 0 1066 0 1067 5 1068 0 1069 0 1070 0 1071 5 1072 0 1073 0 1074 0 1075 5 1076 0 1077 0 1078 0 1079 5 1080 0 1081 0 1082 0 1083 5 1084 0 1085 0 1086 0 1087 5 1088 0 1089 0 1090 0 1091 5 1092 0 1093 0 1094 0 1095 5 1096 0 1097 0 1098 0 1099 5 1100 12 1101 0 1102 0 1103 5 1104 12 1105 0 1106 0 1107 5 1108 12 1109 0 1110 0 1111 5 1112 0 1113 0 1114 0 1115 5 1116 0 1117 0 1118 0 1119 5 1120 0 1121 0 1122 0 1123 5 1124 0 1125 0 1126 0 1127 5 1128 0 1129 0 1130 0 1131 5 1132 0 1133 0 1134 0 1135 5 1136 0 1137 0 1138 0 1139 5 1140 0 1141 0 1142 0 1143 5 1144 0 1145 0 1146 0 1147 5 1148 0 1149 0 1150 0 1151 16 1152 0 1153 0 1154 0 1155 16 1156 0 1157 0 1158 0 1159 5 1160 0 1161 0 1162 0 1163 5 1164 0 1165 0 1166 0 1167 5 1168 0 1169 0 1170 0 1171 5 1172 0 1173 0 1174 0 1175 5 1176 0 1177 0 1178 0 1179 5 1180 0 1181 0 1182 0 1183 5 1184 0 1185 0 1186 0 1187 5 1188 0 1189 0 1190 0 1191 5 1192 0 1193 0 1194 0 1195 5 1196 0 1197 0 1198 0 1199 5 1200 0 1201 0 1202 0 1203 5 1204 0 1205 0 1206 0 1207 5 1208 0 1209 0 1210 0 1211 5 1212 0 1213 0 1214 0 1215 5 1216 16 1217 0 1218 0 1219 5 1220 16 1221 0 1222 0 1223 5 1224 16 1225 0 1226 0 1227 5 1228 16 1229 0 1230 0 1231 16 1232 0 1233 0 1234 0 1235 16 1236 0 1237 0 1238 0 1239 5 1240 0 1241 0 1242 0 1243 5 1244 0 1245 0 1246 0 1247 5 1248 0 1249 0 1250 0 1251 5 1252 0 1253 0 1254 0 1255 5 1256 16 1257 0 1258 0 1259 4 1260 0 1261 0 1262 0 1263 4 1264 0 1265 0 1266 0 1267 4 1268 0 1269 0 1270 0 1271 4 1272 0 1273 0 1274 0 1275 5 1276 0 1277 0 1278 0 1279 5 1280 0 1281 0 1282 0 1283 5 1284 0 1285 0 1286 0 1287 5 1288 0 1289 0 1290 0 1291 5 1292 0 1293 0 1294 0 1295 5 1296 0 1297 0 1298 0 1299 5 1300 0 1301 0 1302 0 1303 5 1304 0 1305 0 1306 0 1307 5 1308 0 1309 0 1310 0 1311 5 1312 0 1313 0 1314 0 1315 5 1316 0 1317 0 1318 0 1319 5 1320 0 1321 0 1322 0 1323 5 1324 0 1325 0 1326 0 1327 5 1328 0 1329 0 1330 0 1331 5 1332 0 1333 0 1334 0 1335 5 1336 0 1337 0 1338 0 1339 5 1340 0 1341 0 1342 0 1343 5 1344 0 1345 0 1346 0 1347 5 1348 0 1349 0 1350 0 1351 5 1352 0 1353 0 1354 0 1355 5 1356 0 1357 0 1358 0 1359 5 1360 0 1361 0 1362 0 1363 5 1364 0 1365 0 1366 0 1367 5 1368 0 1369 0 1370 0 1371 5 1372 0 1373 0 1374 0 1375 20 1376 0 1377 0 1378 0 1379 20 1380 0 1381 0 1382 0 1383 20 1384 0 1385 0 1386 0 1387 20 1388 0 1389 0 1390 0 1391 20 1392 0 1393 0 1394 0 1395 20 1396 0 1397 0 1398 0 1399 20 1400 0 1401 0 1402 0 1403 20 1404 0 1405 0 1406 0 1407 20 1408 0 1409 0 1410 0 1411 20 1412 0 1413 0 1414 0 1415 20 1416 0 1417 0 1418 0 1419 5 1420 0 1421 0 1422 0 1423 5 1424 0 1425 0 1426 0 1427 5 1428 0 1429 0 1430 0 1431 5 1432 0 1433 0 1434 0 1435 5 1436 0 1437 0 1438 0 1439 5 1440 0 1441 0 1442 0 1443 5 1444 0 1445 0 1446 0 1447 5 1448 0 1449 0 1450 0 1451 5 1452 0 1453 0 1454 0 1455 5 1456 0 1457 0 1458 0 1459 5 1460 0 1461 0 1462 0 1463 5 1464 0 1465 0 1466 0 1467 5 1468 0 1469 0 1470 0 1471 5 1472 0 1473 0 1474 0 1475 5 1476 0 1477 0 1478 0 1479 5 1480 0 1481 0 1482 0 1483 5 1484 0 1485 0 1486 0 1487 5 1488 0 1489 0 1490 0 1491 5 1492 0 1493 0 1494 0 1495 5 1496 0 1497 0 1498 0 1499 5 1500 0 1501 0 1502 0 1503 5 1504 0 1505 0 1506 0 1507 5 1508 0 1509 0 1510 0 1511 5 1512 0 1513 0 1514 0 1515 5 1516 0 1517 0 1518 0 1519 5 1520 0 1521 0 1522 0 1523 5 1524 0 1525 0 1526 0 1527 5 1528 0 1529 0 1530 0 1531 5 1532 0 1533 0 1534 0 1535 5 1536 0 1537 0 1538 0 1539 5 1540 0 1541 0 1542 0 1543 5 1544 8 1545 0 1546 0 1547 5 1548 8 1549 0 1550 0 1551 5 1552 0 1553 0 1554 0 1555 5 1556 0 1557 0 1558 0 1559 5 1560 0 1561 0 1562 0 1563 5 1564 0 1565 0 1566 0 1567 5 1568 0 1569 0 1570 0 1571 12 1572 0 1573 0 1574 0 1575 12 1576 0 1577 0 1578 0 1579 5 1580 12 1581 0 1582 0 1583 5 1584 0 1585 0 1586 0 1587 5 1588 0 1589 0 1590 0 1591 5 1592 0 1593 0 1594 0 1595 5 1596 0 1597 0 1598 0 1599 5 1600 0 1601 0 1602 0 1603 5 1604 0 1605 0 1606 0 1607 5 1608 8 1609 0 1610 0 1611 5 1612 8 1613 0 1614 0 1615 5 1616 8 1617 0 1618 0 1619 8 1620 0 1621 0 1622 0 1623 8 1624 0 1625 0 1626 0 1627 5 1628 0 1629 0 1630 0 1631 5 1632 0 1633 0 1634 0 1635 5 1636 0 1637 0 1638 0 1639 5 1640 0 1641 0 1642 0 1643 5 1644 0 1645 0 1646 0 1647 5 1648 0 1649 0 1650 0 1651 5 1652 0 1653 0 1654 0 1655 5 1656 0 1657 0 1658 0 1659 5 1660 0 1661 0 1662 0 1663 5 1664 0 1665 0 1666 0 1667 5 1668 0 1669 0 1670 0 1671 5 1672 0 1673 0 1674 0 1675 5 1676 0 1677 0 1678 0 1679 5 1680 0 1681 0 1682 0 1683 5 1684 0 1685 0 1686 0 1687 5 1688 0 1689 0 1690 0 1691 5 1692 0 1693 0 1694 0 1695 5 1696 0 1697 0 1698 0 1699 5 1700 0 1701 0 1702 0 1703 5 1704 0 1705 0 1706 0 1707 5 1708 0 1709 0 1710 0 1711 5 1712 0 1713 0 1714 0 1715 5 1716 0 1717 0 1718 0 1719 5 1720 0 1721 0 1722 0 1723 5 1724 0 1725 0 1726 0 1727 5 1728 0 1729 0 1730 0 1731 5 1732 0 1733 0 1734 0 1735 5 1736 0 1737 0 1738 0 1739 5 1740 0 1741 0 1742 0 1743 5 1744 0 1745 0 1746 0 1747 5 1748 0 1749 0 1750 0 1751 5 1752 0 1753 0 1754 0 1755 5 1756 0 1757 0 1758 0 1759 5 1760 0 1761 0 1762 0 1763 5 1764 0 1765 0 1766 0 1767 5 1768 0 1769 0 1770 0 1771 5 1772 0 1773 0 1774 0 1775 5 1776 0 1777 0 1778 0 1779 5 1780 0 1781 0 1782 0 1783 5 1784 0 1785 0 1786 0 1787 5 1788 0 1789 0 1790 0 1791 5 1792 0 1793 0 1794 0 1795 5 1796 0 1797 0 1798 0 1799 5 1800 0 1801 0 1802 0 1803 5 1804 8 1805 0 1806 0 1807 5 1808 8 1809 0 1810 0 1811 5 1812 8 1813 0 1814 0 1815 5 1816 8 1817 0 1818 0 1819 5 1820 0 1821 0 1822 0 1823 5 1824 0 1825 0 1826 0 1827 5 1828 0 1829 0 1830 0 1831 5 1832 0 1833 0 1834 0 1835 5 1836 0 1837 0 1838 0 1839 5 1840 0 1841 0 1842 0 1843 5 1844 0 1845 0 1846 0 1847 5 1848 0 1849 0 1850 0 1851 5 1852 0 1853 0 1854 0 1855 5 1856 0 1857 0 1858 0 1859 5 1860 0 1861 0 1862 0 1863 5 1864 0 1865 0 1866 0 1867 5 1868 0 1869 0 1870 0 1871 5 1872 0 1873 0 1874 0 1875 5 1876 0 1877 0 1878 0 1879 5 1880 0 1881 0 1882 0 1883 5 1884 0 1885 0 1886 0 1887 5 1888 0 1889 0 1890 0 1891 5 1892 0 1893 0 1894 0 1895 5 1896 0 1897 0 1898 0 1899 5 1900 0 1901 0 1902 0 1903 5 1904 0 1905 0 1906 0 1907 5 1908 0 1909 0 1910 0 1911 5 1912 0 1913 0 1914 0 1915 5 1916 0 1917 0 1918 0 1919 5 1920 8 1921 0 1922 0 1923 5 1924 8 1925 0 1926 0 1927 5 1928 8 1929 0 1930 0 1931 5 1932 8 1933 0 1934 0 1935 5 1936 8 1937 0 1938 0 1939 5 1940 8 1941 0 1942 0 1943 8 1944 0 1945 0 1946 0 1947 5 1948 0 1949 0 1950 0 1951 5 1952 0 1953 0 1954 0 1955 5 1956 0 1957 0 1958 0 1959 5 1960 0 1961 0 1962 0 1963 5 1964 0 1965 0 1966 0 1967 5 1968 0 1969 0 1970 0 1971 5 1972 0 1973 0 1974 0 1975 5 1976 0 1977 0 1978 0 1979 5 1980 0 1981 0 1982 0 1983 5 1984 0 1985 0 1986 0 1987 5 1988 0 1989 0 1990 0 1991 5 1992 0 1993 0 1994 0 1995 5 1996 0 1997 0 1998 0 1999 14 2000 0 2001 0 2002 0 2003 14 2004 0 2005 0 2006 0 2007 14 2008 0 2009 0 2010 0 2011 14 2012 0 2013 0 2014 0 2015 5 2016 0 2017 0 2018 0 2019 5 2020 14 2021 0 2022 0 2023 5 2024 14 2025 0 2026 0 2027 5 2028 8 2029 0 2030 0 2031</v></vertex_weights></skin></controller><controller id="aqua-controller-1"><skin source="#aqua-geometry-1"><bind_shape_matrix>1 0 0 0 0 1 0 0 0 0 1 0 0 0 0 1</bind_shape_matrix><source id="aqua-controller-1-joints"><Name_array id="aqua-controller-1-joints-array" count="77">Root center hara mune kubi atama ago ago_end kamiA kamiA_end kamiB kamiB_end kamiC kamiC_end kamiD kamiD_end kamiE kamiE_end kamiF kamiF_end kamiG kamiG_end R_kata R_ude1 R_ude2 R_te R_yubiB R_yubiB_end R_yubiA R_yubiA_end R_buki R_buki_end R_sodeB R_sodeB_end R_sodeA R_sodeA_end R_armour R_armour_end L_kata L_ude1 L_ude2 L_te L_yubiB L_yubiB_end L_yubiA L_yubiA_end L_sodeA L_sodeA_end L_sodeB L_sodeB_end L_armour L_armour_end koshi L_susoB L_susoB_end L_susoA1 L_susoA1_end L_susoC1 L_susoC1_end R_susoC1 R_susoC1_end L_momo L_sune L_ashi1 L_ashi1_end L_skt L_skt_end R_skt R_skt_end R_momo R_sune R_ashi1 R_ashi1_end R_susoB R_susoB_end R_susoA1 R_susoA1_end</Name_array><technique_common><accessor source="#aqua-controller-1-joints-array" count="77" stride="1"><param name="JOINT" type="Name"/></accessor></technique_common></source><source id="aqua-controller-1-bind-poses"><float_array id="aqua-controller-1-bind-poses-array" count="1232">0.436637044 0 0 0 0 0.436637044 -3.29651826e-8 0 0 3.29651826e-8 0.436637044 0 0 0 0 1 0 0.436637044 3.29651826e-8 -1.10674703 0.436637044 0 0 0 0 3.29651826e-8 -0.436637044 -0.00711636292 0 0 0 1 -2.92780538e-8 -0.00132421043 0.436635137 0.0104727345 -2.92110724e-10 0.436635256 0.00132411439 -1.10672081 -0.436637104 0 -2.96853191e-8 -7.12005122e-10 0 0 0 1 -2.0383931e-8 0.0804660097 0.429158747 -0.221475825 -3.63222091e-10 0.429158807 -0.0804661065 -1.21768439 -0.436637074 -3.82012555e-9 -2.03743848e-8 1.05145688e-8 0 0 0 1 -2.05444035e-8 -0.115271322 0.42114675 0.440099746 -1.7559168e-10 0.421146721 0.115271233 -1.41181695 -0.436637104 5.54766366e-9 -2.02684269e-8 -2.11806608e-8 0 0 0 1 -1.897841e-8 -0.0516409017 0.43357265 0.214883193 -2.42835613e-10 0.433572531 0.0516408086 -1.53699601 -0.436637074 2.29678254e-9 -1.92804421e-8 -9.55691526e-9 0 0 0 1 -1.96535801e-8 -0.355258644 -0.25385654 1.26029098 5.00628261e-10 -0.253856719 0.355258733 0.916824102 -0.436637104 1.59929172e-8 1.14272147e-8 -5.6735395e-8 0 0 0 1 -1.66525158e-8 -0.355258644 -0.25385654 1.26029098 5.00629427e-10 -0.253856719 0.355258733 0.796273768 -0.436637104 1.35511771e-8 9.68242642e-9 -4.80732503e-8 0 0 0 1 0.283696413 0.230118454 -0.239193916 -0.876551628 0.174580455 -0.371071845 -0.149930894 1.43627346 -0.282294005 0.00177787221 -0.333104581 0.0812244117 0 0 0 1 0.283696592 0.230118454 -0.239193723 -0.876551747 0.17458047 -0.371071815 -0.149930894 1.31572294 -0.282293886 0.0017779913 -0.33310467 0.0812239349 0 0 0 1 0.436617404 0.0046757441 0.0000271180506 0.068379879 0.00467515457 -0.43660596 -0.00233049528 1.64785969 0.00000114894499 0.00233068387 -0.436630964 0.0296722166 0 0 0 1 0.436617404 0.00467574503 0.0000271057252 0.0683798566 0.00467515644 -0.43660596 -0.00233049481 1.5273093 0.0000011366227 0.00233068294 -0.436630964 0.029672211 0 0 0 1 0.216330886 0.351348013 -0.142854944 -1.42773283 0.261957884 -0.257341474 -0.236231714 0.957291722 -0.274282724 0.0313355699 -0.338288546 -0.100068457 0 0 0 1 0.216330916 0.351347983 -0.142854825 -1.42773247 0.261957884 -0.257341474 -0.236231655 0.836741209 -0.274282604 0.0313356295 -0.338288516 -0.100068808 0 0 0 1 0.138965636 0.247141346 -0.33205682 -1.0495832 0.143721282 -0.35728699 -0.205772161 1.32168698 -0.388181269 -0.0438083559 -0.19505918 0.120973118 0 0 0 1 0.138965636 0.247141317 -0.33205682 -1.04958308 0.143721312 -0.35728699 -0.205772117 1.20113671 -0.388181269 -0.043808382 -0.19505918 0.120973155 0 0 0 1 0.389995843 0.171995521 -0.094724454 -0.735960424 0.112835497 -0.368696541 -0.204897344 1.3240788 -0.160696372 0.158531815 -0.373759747 -0.617005944 0 0 0 1 0.389995813 0.17199555 -0.0947244465 -0.735960424 0.112835504 -0.368696511 -0.204897359 1.20352817 -0.160696372 0.15853183 -0.373759747 -0.617005944 0 0 0 1 0.40435034 -0.0398600399 0.159896329 0.250934601 -0.0362672992 -0.434808493 -0.0166796725 1.60867047 0.160755903 0.00216528145 -0.405965537 -0.0469542928 0 0 0 1 0.404349566 -0.0398600511 0.159898341 0.250934869 -0.0362672992 -0.434808493 -0.0166796651 1.48812032 0.160757899 0.00216507423 -0.405964732 -0.0469530076 0 0 0 1 -5.29674864e-8 0.220965788 -0.376598448 -0.838627517 -1.12156853e-8 -0.37659809 -0.220965669 1.29797328 -0.436637044 -1.68380314e-8 5.09536484e-8 6.72924685e-8 0 0 0 1 -5.88086841e-8 0.220965788 -0.376598448 -0.838627636 -1.12156817e-8 -0.37659809 -0.220965669 1.17742288 -0.436637044 -1.97940491e-8 5.599167e-8 7.85113912e-8 0 0 0 1 -0.163773805 0.403781742 0.0281153098 -1.36975074 -0.404584378 -0.164199144 0.00143140531 0.501394451 0.0118966149 -0.0255146381 0.435728699 0.136840597 0 0 0 1 0.0037660962 -0.0144205606 -0.4363828 -0.00127584627 -0.436575472 0.00616989005 -0.00397169683 -0.143169194 0.00629746821 0.436355412 -0.0143654179 -1.43394721 0 0 0 1 -0.0113256294 -0.0141988704 -0.436259329 -0.0145181064 -0.436444819 0.0066644568 0.0111134956 -0.38289541 0.00629729452 0.436355412 -0.014365592 -1.43394721 0 0 0 1 0.0367871858 0.434858024 -0.0140453083 -1.38383639 -0.435067475 0.0366409868 -0.00507534947 -0.765562177 -0.00387599063 0.0144223096 0.436381698 -0.0087086549 0 0 0 1 -0.225356057 0.372355998 -0.0348960012 -1.62950361 -0.373705924 -0.225784808 0.00414286321 0.0676815808 -0.0145116961 0.0320046321 0.435220748 -0.0906367823 0 0 0 1 -0.225356027 0.372355998 -0.0348959975 -1.62950349 -0.373705924 -0.225784808 0.00414286694 -0.0309488419 -0.0145116923 0.0320046321 0.435220748 -0.0906367674 0 0 0 1 -0.163458407 -0.0802407637 -0.396856129 -0.00218097679 -0.369140953 -0.146289662 0.181621417 -0.102765068 -0.166338101 0.403500706 -0.0130724832 -1.58633518 0 0 0 1 -0.163458377 -0.080240868 -0.396856129 -0.0021805875 -0.369140923 -0.146289691 0.181621432 -0.201395378 -0.166338131 0.403500676 -0.0130725689 -1.58633506 0 0 0 1 -3.52002405e-9 0.43663168 9.73888177e-7 -1.42451227 0.436637193 4.74579707e-7 1.01663602e-7 0.739077806 1.21993204e-9 0.0000022605127 -0.436637104 -0.0354941189 0 0 0 1 0 0.43663168 9.69874577e-7 -1.42451227 0.436637193 4.71059707e-7 1.00443664e-7 0.640447438 0 0.0000022564991 -0.436637104 -0.0354941078 0 0 0 1 -0.0378099754 0.434997022 -1.2562063e-7 -1.42179918 -0.434996903 -0.0378099866 -3.14173008e-8 -0.425277561 1.14306173e-8 9.46773504e-9 0.436637163 0.0511754677 0 0 0 1 -0.0378099866 0.434997022 -3.04995957e-8 -1.42179918 -0.434996933 -0.0378100052 -3.3990144e-8 -0.665185571 1.71043091e-8 -8.55187992e-8 0.436637163 0.0511757694 0 0 0 1 0.00310560572 0.436626196 -1.39990291e-7 -1.48595273 -0.436626107 0.0031055992 -4.697376e-8 -0.609558046 -7.94881216e-10 2.48376377e-8 0.436637163 0.0475264192 0 0 0 1 0.00310561317 0.436626196 -4.51545148e-8 -1.4859525 -0.436626107 0.00310560688 -4.62367105e-8 -0.849465966 -7.32372774e-10 -7.00010077e-8 0.436637163 0.0475267433 0 0 0 1 -4.87980367e-9 0.436637223 -1.67973099e-7 -1.49000084 -0.436637253 -1.01662634e-8 -4.54431728e-8 -0.338494003 -3.55819318e-10 5.73642183e-8 0.436637253 0.051672928 0 0 0 1 0 0.436637223 -4.6783871e-8 -1.49000084 -0.436637253 -5.28646016e-9 -4.50873578e-8 -0.569962263 0 -6.38249986e-8 0.436637253 0.0516733415 0 0 0 1 0.163774028 0.403781593 0.0281152725 -1.3697505 0.404584169 -0.164199367 0.00143153686 0.501395285 0.0118965944 0.0255145561 -0.43572855 -0.136840299 0 0 0 1 -0.00376610621 -0.0144205363 -0.436382592 -0.00127593789 0.436575443 0.00616965024 -0.00397153571 -0.143168226 0.00629720138 -0.436355382 0.0143653797 1.43394685 0 0 0 1 0.0113256257 -0.0141988797 -0.436259121 -0.0145180374 0.436444819 0.00666448334 0.0111136474 -0.38289541 0.00629729498 -0.436355382 0.0143655865 1.43394709 0 0 0 1 -0.0367874913 0.434857965 -0.0140452692 -1.38383591 0.435067445 0.0366413221 -0.00507518277 -0.765563428 -0.00387597666 -0.0144222733 -0.436381519 0.00870853383 0 0 0 1 0.225355864 0.372356117 -0.0348958746 -1.62950385 0.373706043 -0.225784615 0.00414299499 0.0676811039 -0.0145116644 -0.0320046172 -0.435220659 0.0906367227 0 0 0 1 0.225355864 0.372356087 -0.0348958857 -1.62950397 0.373706073 -0.22578463 0.00414299499 -0.0327656232 -0.0145116681 -0.0320046246 -0.435220659 0.09063676 0 0 0 1 0.163458407 -0.0802408531 -0.39685595 -0.00218055444 0.369141072 -0.146289304 0.181621522 -0.102766179 -0.166337833 -0.403500795 0.0130725987 1.58633542 0 0 0 1 0.163458481 -0.0802407786 -0.396855921 -0.00218090392 0.369141012 -0.146289364 0.181621581 -0.203212559 -0.166337848 -0.403500825 0.0130724879 1.58633542 0 0 0 1 -0.0031056162 0.436626136 -1.91559124e-7 -1.48595273 0.436626017 0.00310563971 1.13722315e-7 -0.609558165 -1.34984535e-9 -9.15338703e-8 -0.436636984 -0.0475261472 0 0 0 1 -0.00310561294 0.436626136 -9.88947804e-8 -1.48595273 0.436626017 0.00310563692 1.15488703e-7 -0.849466085 -2.4258659e-10 1.14071841e-9 -0.436636984 -0.0475264639 0 0 0 1 0.0378099456 0.434997052 -1.62261259e-7 -1.42179954 0.434996963 -0.0378099345 1.29351719e-7 -0.425277919 3.91173138e-9 -7.24907778e-8 -0.436637014 -0.051175233 0 0 0 1 0.0378099605 0.434996992 -9.13767693e-8 -1.42179942 0.434996933 -0.0378099494 1.28812118e-7 -0.665185869 9.5122985e-9 -1.82579241e-9 -0.436636984 -0.0511754565 0 0 0 1 -4.87980012e-9 0.436637133 -1.84239013e-7 -1.49000061 0.436637074 2.64322768e-8 1.14573616e-7 -0.338494062 5.97267735e-10 -8.989619e-8 -0.436637074 -0.0516727939 0 0 0 1 0 0.436637133 -9.88955904e-8 -1.49000061 0.436637104 2.15524789e-8 1.13976355e-7 -0.569962382 0 -4.55275595e-9 -0.436637044 -0.0516730845 0 0 0 1 -1.87404083e-7 0.025013078 -0.43592003 -0.0705054179 6.51701082e-10 -0.43592003 -0.0250130817 1.10452199 -0.436637074 -1.40568499e-8 1.88189361e-7 3.86970953e-8 0 0 0 1 0.434716344 0.0409099646 -1.60904563e-7 -0.240237683 0.0409099646 -0.434716284 4.41091323e-8 0.891170979 -1.5506339e-7 -6.26299084e-8 -0.436637074 -0.0149998823 0 0 0 1 0.434716344 0.0409099646 -1.41831947e-7 -0.240237683 0.0409099646 -0.434716284 4.03474374e-8 0.710343421 -1.36427133e-7 -5.70977896e-8 -0.436637074 -0.0149998963 0 0 0 1 0.436622173 0.00360840466 6.64953177e-8 -0.154106691 0.0036075972 -0.436524302 -0.00924563035 0.891533256 -0.0000763388016 0.00924530998 -0.436539143 -0.0424755029 0 0 0 1 0.436622173 0.00360839721 2.13252118e-8 -0.154106662 0.00360758882 -0.436524302 -0.00924562849 0.710705876 -0.0000763838107 0.00924530905 -0.436539143 -0.042475488 0 0 0 1 0.43013522 0.0657847896 0.036165636 -0.179313019 0.0750705972 -0.376930296 -0.207219303 0.821807921 1.01717511e-7 0.210351601 -0.382627964 -0.6102193 0 0 0 1 0.43013522 0.0657847896 0.0361656807 -0.179312989 0.0750706121 -0.376930267 -0.207219332 0.640980482 1.38931213e-7 0.210351586 -0.382627934 -0.61021924 0 0 0 1 -0.43013531 0.0657848641 0.0361655205 -0.179391369 -0.0750705972 -0.376930386 -0.207219347 0.821495831 -2.48091574e-8 -0.210351616 0.382627904 0.610375643 0 0 0 1 -0.43013531 0.0657848641 0.0361655354 -0.179391325 -0.0750706047 -0.376930386 -0.207219347 0.640668154 -1.24045787e-8 -0.210351586 0.382627904 0.610375583 0 0 0 1 7.80509168e-9 0.0311513022 -0.435524434 -0.0758259594 -1.98828265e-9 -0.435524404 -0.0311513022 0.979975164 -0.436637104 -1.30580102e-10 -6.51296528e-9 0.0800452009 0 0 0 1 -1.91967739e-8 0.0355241001 -0.435189605 -0.0817414746 -2.56982013e-9 -0.435189605 -0.0355241001 0.588556051 -0.436637074 -1.67115888e-9 2.04726014e-8 0.0800452232 0 0 0 1 -3.34343575e-8 -0.436636329 -0.000813569583 0.140323728 1.3186253e-8 -0.000813634659 0.436636269 0.0708097219 -0.436636984 3.07390913e-8 1.43789212e-8 0.0800451934 0 0 0 1 -3.3434354e-8 -0.436636329 -0.000813564227 0.140323713 1.3186253e-8 -0.000813629245 0.436636269 -0.383496284 -0.436636984 3.07390877e-8 1.43789212e-8 0.0800451934 0 0 0 1 -0.000775590946 0.00614034617 -0.436593175 0.0616296902 0.0547196381 -0.4331505 -0.0061891363 1.07831597 -0.433194041 -0.0547251441 -1.1365691e-7 0.182702273 0 0 0 1 -0.000775592111 0.00614034897 -0.436593175 0.0616296791 0.0547196269 -0.4331505 -0.00618914003 0.897488594 -0.433194041 -0.0547251366 -1.12881622e-7 0.182702273 0 0 0 1 0.000775364751 0.00614037039 -0.436593175 0.0616296269 -0.0547195747 -0.43315053 -0.00618913211 1.07831609 -0.433194041 0.0547250658 3.42211194e-7 -0.182702109 0 0 0 1 0.000774586515 0.00614047237 -0.436593175 0.0616292916 -0.0547195822 -0.43315053 -0.00618913677 0.897488594 -0.433194041 0.0547250621 0.0000011270331 -0.182702273 0 0 0 1 7.80509168e-9 0.0311513022 -0.435524434 -0.0758259594 -1.98828265e-9 -0.435524404 -0.0311513022 0.979975164 -0.436637104 -1.30580102e-10 -6.51296528e-9 -0.0800452009 0 0 0 1 -1.91967793e-8 0.0355241075 -0.435189605 -0.0817414895 -2.56982013e-9 -0.435189605 -0.0355241075 0.588556051 -0.436637074 -1.67115921e-9 2.04726067e-8 -0.0800451934 0 0 0 1 -4.73747264e-9 -0.436636299 -0.000813436054 0.14032346 -1.54569779e-8 -0.000813436054 0.436636299 0.0708096847 -0.436636984 2.09562323e-9 -1.43177328e-8 -0.0800451934 0 0 0 1 -4.73747708e-9 -0.436636299 -0.00081343489 0.140323445 -1.54569815e-8 -0.00081343489 0.436636299 -0.383496433 -0.436636984 2.09562767e-9 -1.43177363e-8 -0.0800451934 0 0 0 1 -0.434716374 0.0409099534 -9.66053122e-8 -0.240237653 -0.0409099497 -0.434716314 4.03574312e-8 0.891171038 -9.28524884e-8 5.76730912e-8 0.436637104 0.0149999149 0 0 0 1 -0.434716344 0.0409099571 -5.20214556e-8 -0.240237653 -0.0409099571 -0.434716284 3.795083e-8 0.71034354 -4.86902429e-8 5.10998746e-8 0.436637074 0.014999941 0 0 0 1 -0.436622173 0.00360833551 0.00000231626882 -0.154106423 -0.0036075809 -0.436524302 -0.00924562849 0.891533494 -0.0000740906398 -0.00924532861 0.436539143 0.0424763002 0 0 0 1 -0.436622173 0.00360835507 0.00000201195462 -0.154106468 -0.00360759394 -0.436524302 -0.00924563222 0.710705996 -0.0000743953133 -0.00924532954 0.436539143 0.0424761958 0 0 0 1</float_array><technique_common><accessor source="#aqua-controller-1-bind-poses-array" count="77" stride="16"><param name="TRANSFORM" type="float4x4"/></accessor></technique_common></source><source id="aqua-controller-1-weights"><float_array id="aqua-controller-1-weights-array" count="4316">1 0 0 0 1 0 0 0 1 0 0 0 1 0 0 0 1 0 0 0 1 0 0 0 1 0 0 0 1 0 0 0 1 0 0 0 1 0 0 0 1 0 0 0 1 0 0 0 1 0 0 0 1 0 0 0 1 0 0 0 1 0 0 0 1 0 0 0 1 0 0 0 1 0 0 0 1 0 0 0 1 0 0 0 1 0 0 0 1 0 0 0 1 0 0 0 1 0 0 0 1 0 0 0 1 0 0 0 1 0 0 0 1 0 0 0 1 0 0 0 1 0 0 0 1 0 0 0 1 0 0 0 1 0 0 0 1 0 0 0 1 0 0 0 1 0 0 0 1 0 0 0 1 0 0 0 1 0 0 0 1 0 0 0 1 0 0 0 1 0 0 0 1 0 0 0 1 0 0 0 1 0 0 0 1 0 0 0 1 0 0 0 1 0 0 0 1 0 0 0 1 0 0 0 1 0 0 0 1 0 0 0 1 0 0 0 1 0 0 0 1 0 0 0 1 0 0 0 1 0 0 0 1 0 0 0 1 0 0 0 1 0 0 0 1 0 0 0 1 0 0 0 1 0 0 0 1 0 0 0 1 0 0 0 1 0 0 0 1 0 0 0 1 0 0 0 1 0 0 0 1 0 0 0 1 0 0 0 1 0 0 0 1 0 0 0 1 0 0 0 1 0 0 0 1 0 0 0 1 0 0 0 1 0 0 0 1 0 0 0 1 0 0 0 1 0 0 0 1 0 0 0 1 0 0 0 1 0 0 0 1 0 0 0 1 0 0 0 1 0 0 0 1 0 0 0 1 0 0 0 1 0 0 0 1 0 0 0 1 0 0 0 1 0 0 0 1 0 0 0 1 0 0 0 1 0 0 0 1 0 0 0 1 0 0 0 1 0 0 0 1 0 0 0 1 0 0 0 1 0 0 0 1 0 0 0 1 0 0 0 1 0 0 0 1 0 0 0 1 0 0 0 1 0 0 0 1 0 0 0 1 0 0 0 1 0 0 0 1 0 0 0 1 0 0 0 1 0 0 0 1 0 0 0 1 0 0 0 1 0 0 0 1 0 0 0 1 0 0 0 1 0 0 0 1 0 0 0 1 0 0 0 1 0 0 0 1 0 0 0 1 0 0 0 1 0 0 0 1 0 0 0 1 0 0 0 1 0 0 0 1 0 0 0 1 0 0 0 1 0 0 0 1 0 0 0 1 0 0 0 1 0 0 0 1 0 0 0 1 0 0 0 1 0 0 0 1 0 0 0 1 0 0 0 1 0 0 0 1 0 0 0 1 0 0 0 1 0 0 0 1 0 0 0 1 0 0 0 1 0 0 0 1 0 0 0 1 0 0 0 1 0 0 0 1 0 0 0 1 0 0 0 1 0 0 0 1 0 0 0 1 0 0 0 1 0 0 0 1 0 0 0 1 0 0 0 1 0 0 0 1 0 0 0 1 0 0 0 1 0 0 0 1 0 0 0 1 0 0 0 1 0 0 0 1 0 0 0 1 0 0 0 1 0 0 0 1 0 0 0 1 0 0 0 1 0 0 0 1 0 0 0 1 0 0 0 1 0 0 0 1 0 0 0 1 0 0 0 1 0 0 0 1 0 0 0 1 0 0 0 1 0 0 0 1 0 0 0 1 0 0 0 1 0 0 0 1 0 0 0 1 0 0 0 1 0 0 0 1 0 0 0 1 0 0 0 1 0 0 0 1 0 0 0 1 0 0 0 1 0 0 0 1 0 0 0 1 0 0 0 1 0 0 0 1 0 0 0 1 0 0 0 1 0 0 0 1 0 0 0 1 0 0 0 1 0 0 0 1 0 0 0 1 0 0 0 1 0 0 0 1 0 0 0 1 0 0 0 1 0 0 0 1 0 0 0 1 0 0 0 1 0 0 0 1 0 0 0 1 0 0 0 1 0 0 0 1 0 0 0 1 0 0 0 1 0 0 0 1 0 0 0 1 0 0 0 1 0 0 0 1 0 0 0 1 0 0 0 1 0 0 0 1 0 0 0 1 0 0 0 1 0 0 0 1 0 0 0 1 0 0 0 1 0 0 0 1 0 0 0 1 0 0 0 1 0 0 0 1 0 0 0 1 0 0 0 1 0 0 0 1 0 0 0 1 0 0 0 1 0 0 0 1 0 0 0 1 0 0 0 1 0 0 0 1 0 0 0 1 0 0 0 1 0 0 0 1 0 0 0 1 0 0 0 1 0 0 0 1 0 0 0 1 0 0 0 1 0 0 0 1 0 0 0 1 0 0 0 1 0 0 0 1 0 0 0 1 0 0 0 1 0 0 0 1 0 0 0 1 0 0 0 1 0 0 0 1 0 0 0 1 0 0 0 1 0 0 0 1 0 0 0 1 0 0 0 1 0 0 0 1 0 0 0 1 0 0 0 1 0 0 0 1 0 0 0 1 0 0 0 1 0 0 0 1 0 0 0 1 0 0 0 1 0 0 0 1 0 0 0 1 0 0 0 1 0 0 0 1 0 0 0 1 0 0 0 1 0 0 0 1 0 0 0 1 0 0 0 1 0 0 0 1 0 0 0 1 0 0 0 1 0 0 0 1 0 0 0 1 0 0 0 1 0 0 0 1 0 0 0 1 0 0 0 1 0 0 0 1 0 0 0 1 0 0 0 1 0 0 0 1 0 0 0 1 0 0 0 1 0 0 0 1 0 0 0 1 0 0 0 1 0 0 0 1 0 0 0 1 0 0 0 1 0 0 0 1 0 0 0 1 0 0 0 1 0 0 0 1 0 0 0 1 0 0 0 1 0 0 0 1 0 0 0 1 0 0 0 1 0 0 0 1 0 0 0 1 0 0 0 1 0 0 0 1 0 0 0 1 0 0 0 1 0 0 0 1 0 0 0 1 0 0 0 1 0 0 0 1 0 0 0 1 0 0 0 1 0 0 0 1 0 0 0 1 0 0 0 1 0 0 0 1 0 0 0 1 0 0 0 1 0 0 0 1 0 0 0 1 0 0 0 1 0 0 0 1 0 0 0 1 0 0 0 1 0 0 0 1 0 0 0 1 0 0 0 1 0 0 0 1 0 0 0 1 0 0 0 1 0 0 0 1 0 0 0 1 0 0 0 1 0 0 0 1 0 0 0 1 0 0 0 1 0 0 0 1 0 0 0 1 0 0 0 1 0 0 0 1 0 0 0 1 0 0 0 1 0 0 0 1 0 0 0 1 0 0 0 1 0 0 0 1 0 0 0 1 0 0 0 1 0 0 0 1 0 0 0 1 0 0 0 1 0 0 0 1 0 0 0 1 0 0 0 1 0 0 0 1 0 0 0 1 0 0 0 0.6953125 0.3046875 0 0 0.6953125 0.3046875 0 0 0.6953125 0.3046875 0 0 0.6953125 0.3046875 0 0 0.6953125 0.3046875 0 0 1 0 0 0 1 0 0 0 0.6953125 0.3046875 0 0 0.6953125 0.3046875 0 0 0.6953125 0.3046875 0 0 0.6953125 0.3046875 0 0 1 0 0 0 1 0 0 0 1 0 0 0 1 0 0 0 1 0 0 0 1 0 0 0 0.6953125 0.3046875 0 0 0.6953125 0.3046875 0 0 0.6953125 0.3046875 0 0 1 0 0 0 1 0 0 0 1 0 0 0 1 0 0 0 1 0 0 0 1 0 0 0 1 0 0 0 1 0 0 0 1 0 0 0 1 0 0 0 1 0 0 0 0.6953125 0.3046875 0 0 0.6953125 0.3046875 0 0 1 0 0 0 1 0 0 0 1 0 0 0 1 0 0 0 1 0 0 0 1 0 0 0 1 0 0 0 1 0 0 0 1 0 0 0 1 0 0 0 1 0 0 0 0.6953125 0.3046875 0 0 0.6953125 0.3046875 0 0 0.6953125 0.3046875 0 0 0.6953125 0.3046875 0 0 1 0 0 0 1 0 0 0 1 0 0 0 1 0 0 0 1 0 0 0 1 0 0 0 1 0 0 0 1 0 0 0 1 0 0 0 1 0 0 0 1 0 0 0 1 0 0 0 1 0 0 0 1 0 0 0 1 0 0 0 1 0 0 0 1 0 0 0 1 0 0 0 1 0 0 0 1 0 0 0 1 0 0 0 1 0 0 0 1 0 0 0 1 0 0 0 1 0 0 0 1 0 0 0 1 0 0 0 1 0 0 0 1 0 0 0 1 0 0 0 1 0 0 0 1 0 0 0 1 0 0 0 1 0 0 0 1 0 0 0 1 0 0 0 1 0 0 0 1 0 0 0 1 0 0 0 1 0 0 0 1 0 0 0 1 0 0 0 1 0 0 0 1 0 0 0 1 0 0 0 1 0 0 0 1 0 0 0 1 0 0 0 1 0 0 0 1 0 0 0 1 0 0 0 1 0 0 0 1 0 0 0 1 0 0 0 1 0 0 0 1 0 0 0 1 0 0 0 1 0 0 0 1 0 0 0 1 0 0 0 1 0 0 0 1 0 0 0 1 0 0 0 1 0 0 0 1 0 0 0 1 0 0 0 1 0 0 0 1 0 0 0 1 0 0 0 1 0 0 0 1 0 0 0 1 0 0 0 1 0 0 0 1 0 0 0 1 0 0 0 1 0 0 0 1 0 0 0 1 0 0 0 1 0 0 0 1 0 0 0 1 0 0 0 1 0 0 0 1 0 0 0 1 0 0 0 1 0 0 0 1 0 0 0 1 0 0 0 1 0 0 0 1 0 0 0 1 0 0 0 1 0 0 0 1 0 0 0 1 0 0 0 1 0 0 0 1 0 0 0 1 0 0 0 1 0 0 0 1 0 0 0 1 0 0 0 1 0 0 0 1 0 0 0 1 0 0 0 1 0 0 0 1 0 0 0 1 0 0 0 1 0 0 0 1 0 0 0 1 0 0 0 1 0 0 0 1 0 0 0 1 0 0 0 1 0 0 0 1 0 0 0 1 0 0 0 1 0 0 0 1 0 0 0 1 0 0 0 1 0 0 0 1 0 0 0 1 0 0 0 1 0 0 0 1 0 0 0 1 0 0 0 1 0 0 0 1 0 0 0 1 0 0 0 1 0 0 0 1 0 0 0 1 0 0 0 1 0 0 0 1 0 0 0 1 0 0 0 1 0 0 0 1 0 0 0 1 0 0 0 1 0 0 0 0.6953125 0.3046875 0 0 0.6953125 0.3046875 0 0 1 0 0 0 1 0 0 0 1 0 0 0 1 0 0 0 1 0 0 0 1 0 0 0 1 0 0 0 1 0 0 0 1 0 0 0 1 0 0 0 1 0 0 0 1 0 0 0 1 0 0 0 1 0 0 0 1 0 0 0 1 0 0 0 1 0 0 0 1 0 0 0 1 0 0 0 1 0 0 0 1 0 0 0 1 0 0 0 1 0 0 0 1 0 0 0 1 0 0 0 1 0 0 0 1 0 0 0 0.6953125 0.3046875 0 0 0.6953125 0.3046875 0 0 1 0 0 0 1 0 0 0 1 0 0 0 1 0 0 0 1 0 0 0 1 0 0 0 1 0 0 0 1 0 0 0 1 0 0 0 1 0 0 0 1 0 0 0 1 0 0 0 1 0 0 0 1 0 0 0 1 0 0 0 1 0 0 0 1 0 0 0 1 0 0 0 1 0 0 0 1 0 0 0 1 0 0 0 1 0 0 0 1 0 0 0 1 0 0 0 1 0 0 0 1 0 0 0 1 0 0 0 1 0 0 0 1 0 0 0 1 0 0 0 1 0 0 0 1 0 0 0 1 0 0 0 1 0 0 0 1 0 0 0 1 0 0 0 1 0 0 0 1 0 0 0 1 0 0 0 1 0 0 0 1 0 0 0 1 0 0 0 1 0 0 0 1 0 0 0 1 0 0 0 1 0 0 0 1 0 0 0 1 0 0 0 1 0 0 0 1 0 0 0 1 0 0 0 1 0 0 0 1 0 0 0 1 0 0 0 1 0 0 0 1 0 0 0 1 0 0 0 1 0 0 0 1 0 0 0 1 0 0 0 1 0 0 0 1 0 0 0 1 0 0 0 1 0 0 0 1 0 0 0 1 0 0 0 1 0 0 0 1 0 0 0 1 0 0 0 1 0 0 0 1 0 0 0 1 0 0 0 1 0 0 0 1 0 0 0 1 0 0 0 1 0 0 0 1 0 0 0 1 0 0 0 1 0 0 0 1 0 0 0 1 0 0 0 1 0 0 0 1 0 0 0 1 0 0 0 1 0 0 0 1 0 0 0 1 0 0 0 1 0 0 0 1 0 0 0 1 0 0 0 1 0 0 0 1 0 0 0 1 0 0 0 1 0 0 0 1 0 0 0 1 0 0 0 1 0 0 0 1 0 0 0 1 0 0 0 1 0 0 0 1 0 0 0 1 0 0 0 1 0 0 0 1 0 0 0 1 0 0 0 1 0 0 0 1 0 0 0 1 0 0 0 1 0 0 0 1 0 0 0 1 0 0 0 1 0 0 0 1 0 0 0 1 0 0 0 1 0 0 0 1 0 0 0 1 0 0 0 1 0 0 0 1 0 0 0 1 0 0 0 1 0 0 0 1 0 0 0 1 0 0 0 1 0 0 0 1 0 0 0 1 0 0 0 1 0 0 0 1 0 0 0 1 0 0 0 1 0 0 0 1 0 0 0 1 0 0 0 1 0 0 0 1 0 0 0 1 0 0 0 1 0 0 0 1 0 0 0 1 0 0 0 1 0 0 0 1 0 0 0 1 0 0 0 1 0 0 0 1 0 0 0 1 0 0 0 1 0 0 0 1 0 0 0 1 0 0 0 1 0 0 0 1 0 0 0 1 0 0 0 1 0 0 0 1 0 0 0 1 0 0 0 1 0 0 0 1 0 0 0 1 0 0 0 1 0 0 0 1 0 0 0 1 0 0 0 1 0 0 0 1 0 0 0 1 0 0 0 1 0 0 0 1 0 0 0 1 0 0 0 1 0 0 0 1 0 0 0 1 0 0 0 1 0 0 0 1 0 0 0 1 0 0 0 1 0 0 0 1 0 0 0 1 0 0 0 1 0 0 0 1 0 0 0 1 0 0 0 1 0 0 0 1 0 0 0 1 0 0 0 1 0 0 0 1 0 0 0 1 0 0 0 1 0 0 0 1 0 0 0 1 0 0 0 1 0 0 0 1 0 0 0 1 0 0 0 1 0 0 0 1 0 0 0 1 0 0 0 1 0 0 0 1 0 0 0 1 0 0 0 1 0 0 0 1 0 0 0 1 0 0 0 1 0 0 0 1 0 0 0 1 0 0 0 1 0 0 0 1 0 0 0 1 0 0 0 1 0 0 0 1 0 0 0 1 0 0 0 1 0 0 0 1 0 0 0 1 0 0 0 1 0 0 0 1 0 0 0 1 0 0 0 1 0 0 0 1 0 0 0 1 0 0 0 1 0 0 0 1 0 0 0 1 0 0 0 1 0 0 0 1 0 0 0 1 0 0 0 1 0 0 0 1 0 0 0 1 0 0 0 1 0 0 0 1 0 0 0 1 0 0 0 1 0 0 0 1 0 0 0 1 0 0 0 1 0 0 0 1 0 0 0 1 0 0 0 1 0 0 0 1 0 0 0 1 0 0 0 1 0 0 0 1 0 0 0 1 0 0 0 1 0 0 0 1 0 0 0 1 0 0 0 1 0 0 0 1 0 0 0 1 0 0 0 1 0 0 0 1 0 0 0 1 0 0 0 1 0 0 0 1 0 0 0 1 0 0 0 1 0 0 0 1 0 0 0 1 0 0 0 1 0 0 0 1 0 0 0 1 0 0 0 1 0 0 0 1 0 0 0 1 0 0 0 1 0 0 0 1 0 0 0 1 0 0 0 1 0 0 0 1 0 0 0 1 0 0 0 1 0 0 0 1 0 0 0 1 0 0 0 1 0 0 0 1 0 0 0 1 0 0 0 1 0 0 0 1 0 0 0 1 0 0 0 1 0 0 0 1 0 0 0 1 0 0 0 1 0 0 0 1 0 0 0 1 0 0 0 1 0 0 0 1 0 0 0 1 0 0 0 1 0 0 0 1 0 0 0 1 0 0 0 1 0 0 0 1 0 0 0 1 0 0 0 1 0 0 0 1 0 0 0 1 0 0 0 1 0 0 0 1 0 0 0 1 0 0 0 1 0 0 0 1 0 0 0 1 0 0 0 1 0 0 0 1 0 0 0 1 0 0 0 1 0 0 0 1 0 0 0 1 0 0 0 1 0 0 0 1 0 0 0 1 0 0 0 1 0 0 0 1 0 0 0 1 0 0 0 1 0 0 0 1 0 0 0 1 0 0 0 1 0 0 0 1 0 0 0 1 0 0 0 1 0 0 0 1 0 0 0 1 0 0 0 1 0 0 0 1 0 0 0 1 0 0 0 1 0 0 0 1 0 0 0 1 0 0 0 1 0 0 0 1 0 0 0 1 0 0 0 1 0 0 0 1 0 0 0 1 0 0 0 1 0 0 0 1 0 0 0 1 0 0 0 1 0 0 0 1 0 0 0 1 0 0 0 1 0 0 0 1 0 0 0 1 0 0 0 1 0 0 0 1 0 0 0 1 0 0 0 1 0 0 0 1 0 0 0 1 0 0 0 1 0 0 0 1 0 0 0 1 0 0 0 1 0 0 0 1 0 0 0 1 0 0 0 1 0 0 0 1 0 0 0 1 0 0 0 1 0 0 0 1 0 0 0 1 0 0 0 1 0 0 0 1 0 0 0 1 0 0 0 1 0 0 0 1 0 0 0 1 0 0 0 1 0 0 0 1 0 0 0 1 0 0 0 1 0 0 0 1 0 0 0 1 0 0 0 1 0 0 0 1 0 0 0 1 0 0 0 1 0 0 0 1 0 0 0 1 0 0 0 1 0 0 0 1 0 0 0 1 0 0 0 1 0 0 0 1 0 0 0 1 0 0 0 1 0 0 0 1 0 0 0 1 0 0 0 1 0 0 0 1 0 0 0 1 0 0 0 1 0 0 0 1 0 0 0 1 0 0 0 1 0 0 0 1 0 0 0 1 0 0 0 1 0 0 0 1 0 0 0 1 0 0 0 1 0 0 0 1 0 0 0 1 0 0 0 1 0 0 0 1 0 0 0 1 0 0 0 1 0 0 0 1 0 0 0 1 0 0 0 1 0 0 0 1 0 0 0 1 0 0 0 1 0 0 0 1 0 0 0 1 0 0 0 1 0 0 0 1 0 0 0 1 0 0 0 1 0 0 0 1 0 0 0 1 0 0 0 1 0 0 0 1 0 0 0 1 0 0 0 1 0 0 0 1 0 0 0 1 0 0 0 1 0 0 0 1 0 0 0 1 0 0 0 1 0 0 0 1 0 0 0 1 0 0 0 1 0 0 0 1 0 0 0 1 0 0 0 1 0 0 0 1 0 0 0 1 0 0 0 1 0 0 0 1 0 0 0 0.703125 0.296875 0 0 1 0 0 0 1 0 0 0 1 0 0 0 1 0 0 0 1 0 0 0 1 0 0 0 1 0 0 0 1 0 0 0 1 0 0 0 1 0 0 0 1 0 0 0 1 0 0 0 1 0 0 0 1 0 0 0 1 0 0 0 1 0 0 0 1 0 0 0 1 0 0 0 1 0 0 0 1 0 0 0 1 0 0 0 1 0 0 0 1 0 0 0 1 0 0 0 1 0 0 0 1 0 0 0 1 0 0 0 1 0 0 0 1 0 0 0 1 0 0 0 1 0 0 0 1 0 0 0 1 0 0 0 1 0 0 0 1 0 0 0 1 0 0 0 1 0 0 0 1 0 0 0 1 0 0 0 1 0 0 0 1 0 0 0 1 0 0 0 1 0 0 0 1 0 0 0 1 0 0 0 1 0 0 0 1 0 0 0 1 0 0 0 1 0 0 0 1 0 0 0 1 0 0 0 1 0 0 0 1 0 0 0 1 0 0 0</float_array><technique_common><accessor source="#aqua-controller-1-weights-array" count="4316" stride="1"><param name="WEIGHT" type="float"/></accessor></technique_common></source><joints><input semantic="JOINT" source="#aqua-controller-1-joints"/><input semantic="INV_BIND_MATRIX" source="#aqua-controller-1-bind-poses"/></joints><vertex_weights count="1079"><input semantic="JOINT" source="#aqua-controller-1-joints" offset="0"/><input semantic="WEIGHT" source="#aqua-controller-1-weights" offset="1"/><vcount>4 4 4 4 4 4 4 4 4 4 4 4 4 4 4 4 4 4 4 4 4 4 4 4 4 4 4 4 4 4 4 4 4 4 4 4 4 4 4 4 4 4 4 4 4 4 4 4 4 4 4 4 4 4 4 4 4 4 4 4 4 4 4 4 4 4 4 4 4 4 4 4 4 4 4 4 4 4 4 4 4 4 4 4 4 4 4 4 4 4 4 4 4 4 4 4 4 4 4 4 4 4 4 4 4 4 4 4 4 4 4 4 4 4 4 4 4 4 4 4 4 4 4 4 4 4 4 4 4 4 4 4 4 4 4 4 4 4 4 4 4 4 4 4 4 4 4 4 4 4 4 4 4 4 4 4 4 4 4 4 4 4 4 4 4 4 4 4 4 4 4 4 4 4 4 4 4 4 4 4 4 4 4 4 4 4 4 4 4 4 4 4 4 4 4 4 4 4 4 4 4 4 4 4 4 4 4 4 4 4 4 4 4 4 4 4 4 4 4 4 4 4 4 4 4 4 4 4 4 4 4 4 4 4 4 4 4 4 4 4 4 4 4 4 4 4 4 4 4 4 4 4 4 4 4 4 4 4 4 4 4 4 4 4 4 4 4 4 4 4 4 4 4 4 4 4 4 4 4 4 4 4 4 4 4 4 4 4 4 4 4 4 4 4 4 4 4 4 4 4 4 4 4 4 4 4 4 4 4 4 4 4 4 4 4 4 4 4 4 4 4 4 4 4 4 4 4 4 4 4 4 4 4 4 4 4 4 4 4 4 4 4 4 4 4 4 4 4 4 4 4 4 4 4 4 4 4 4 4 4 4 4 4 4 4 4 4 4 4 4 4 4 4 4 4 4 4 4 4 4 4 4 4 4 4 4 4 4 4 4 4 4 4 4 4 4 4 4 4 4 4 4 4 4 4 4 4 4 4 4 4 4 4 4 4 4 4 4 4 4 4 4 4 4 4 4 4 4 4 4 4 4 4 4 4 4 4 4 4 4 4 4 4 4 4 4 4 4 4 4 4 4 4 4 4 4 4 4 4 4 4 4 4 4 4 4 4 4 4 4 4 4 4 4 4 4 4 4 4 4 4 4 4 4 4 4 4 4 4 4 4 4 4 4 4 4 4 4 4 4 4 4 4 4 4 4 4 4 4 4 4 4 4 4 4 4 4 4 4 4 4 4 4 4 4 4 4 4 4 4 4 4 4 4 4 4 4 4 4 4 4 4 4 4 4 4 4 4 4 4 4 4 4 4 4 4 4 4 4 4 4 4 4 4 4 4 4 4 4 4 4 4 4 4 4 4 4 4 4 4 4 4 4 4 4 4 4 4 4 4 4 4 4 4 4 4 4 4 4 4 4 4 4 4 4 4 4 4 4 4 4 4 4 4 4 4 4 4 4 4 4 4 4 4 4 4 4 4 4 4 4 4 4 4 4 4 4 4 4 4 4 4 4 4 4 4 4 4 4 4 4 4 4 4 4 4 4 4 4 4 4 4 4 4 4 4 4 4 4 4 4 4 4 4 4 4 4 4 4 4 4 4 4 4 4 4 4 4 4 4 4 4 4 4 4 4 4 4 4 4 4 4 4 4 4 4 4 4 4 4 4 4 4 4 4 4 4 4 4 4 4 4 4 4 4 4 4 4 4 4 4 4 4 4 4 4 4 4 4 4 4 4 4 4 4 4 4 4 4 4 4 4 4 4 4 4 4 4 4 4 4 4 4 4 4 4 4 4 4 4 4 4 4 4 4 4 4 4 4 4 4 4 4 4 4 4 4 4 4 4 4 4 4 4 4 4 4 4 4 4 4 4 4 4 4 4 4 4 4 4 4 4 4 4 4 4 4 4 4 4 4 4 4 4 4 4 4 4 4 4 4 4 4 4 4 4 4 4 4 4 4 4 4 4 4 4 4 4 4 4 4 4 4 4 4 4 4 4 4 4 4 4 4 4 4 4 4 4 4 4 4 4 4 4 4 4 4 4 4 4 4 4 4 4 4 4 4 4 4 4 4 4 4 4 4 4 4 4 4 4 4 4 4 4 4 4 4 4 4 4 4 4 4 4 4 4 4 4 4 4 4 4 4 4 4 4 4 4 4 4 4 4 4 4 4 4 4 4 4 4 4 4 4 4 4 4 4 4 4 4 4 4 4 4 4 4 4 4 4 4 4 4 4 4 4 4 4 4 4 4 4 4 4 4 4 4 4 4 4 4 4 4 4 4 4 4 4 4 4 4 4 4 4 4 4 4 4 4 4 4 4 4 4 4 4 4 4 4 4 4 4 4 4 4 4 4 4 4 4 4 4 4 4 4 4 4 4 4 4 4 4 4 4 4 4 4 4 4 4 4 4 4 4 4 4 4 4 4 4 4 4 4 4 4 4 4 4 4 4 4 4 4 4 4 4 4 4 4 4 4 4 4 4 4 4 4 4 4 4</vcount><v>5 0 0 1 0 2 0 3 5 4 0 5 0 6 0 7 5 8 0 9 0 10 0 11 5 12 0 13 0 14 0 15 5 16 0 17 0 18 0 19 5 20 0 21 0 22 0 23 5 24 0 25 0 26 0 27 5 28 0 29 0 30 0 31 5 32 0 33 0 34 0 35 5 36 0 37 0 38 0 39 5 40 0 41 0 42 0 43 5 44 0 45 0 46 0 47 5 48 0 49 0 50 0 51 5 52 0 53 0 54 0 55 5 56 0 57 0 58 0 59 5 60 0 61 0 62 0 63 5 64 0 65 0 66 0 67 5 68 0 69 0 70 0 71 5 72 0 73 0 74 0 75 5 76 0 77 0 78 0 79 5 80 0 81 0 82 0 83 5 84 0 85 0 86 0 87 5 88 0 89 0 90 0 91 5 92 0 93 0 94 0 95 5 96 0 97 0 98 0 99 5 100 0 101 0 102 0 103 5 104 0 105 0 106 0 107 5 108 0 109 0 110 0 111 5 112 0 113 0 114 0 115 5 116 0 117 0 118 0 119 5 120 0 121 0 122 0 123 5 124 0 125 0 126 0 127 5 128 0 129 0 130 0 131 5 132 0 133 0 134 0 135 5 136 0 137 0 138 0 139 5 140 0 141 0 142 0 143 5 144 0 145 0 146 0 147 5 148 0 149 0 150 0 151 5 152 0 153 0 154 0 155 5 156 0 157 0 158 0 159 5 160 0 161 0 162 0 163 5 164 0 165 0 166 0 167 5 168 0 169 0 170 0 171 5 172 0 173 0 174 0 175 5 176 0 177 0 178 0 179 5 180 0 181 0 182 0 183 5 184 0 185 0 186 0 187 5 188 0 189 0 190 0 191 5 192 0 193 0 194 0 195 5 196 0 197 0 198 0 199 5 200 0 201 0 202 0 203 5 204 0 205 0 206 0 207 5 208 0 209 0 210 0 211 5 212 0 213 0 214 0 215 5 216 0 217 0 218 0 219 5 220 0 221 0 222 0 223 5 224 0 225 0 226 0 227 5 228 0 229 0 230 0 231 5 232 0 233 0 234 0 235 5 236 0 237 0 238 0 239 5 240 0 241 0 242 0 243 5 244 0 245 0 246 0 247 5 248 0 249 0 250 0 251 5 252 0 253 0 254 0 255 5 256 0 257 0 258 0 259 5 260 0 261 0 262 0 263 5 264 0 265 0 266 0 267 5 268 0 269 0 270 0 271 5 272 0 273 0 274 0 275 5 276 0 277 0 278 0 279 5 280 0 281 0 282 0 283 5 284 0 285 0 286 0 287 5 288 0 289 0 290 0 291 5 292 0 293 0 294 0 295 5 296 0 297 0 298 0 299 5 300 0 301 0 302 0 303 5 304 0 305 0 306 0 307 5 308 0 309 0 310 0 311 5 312 0 313 0 314 0 315 5 316 0 317 0 318 0 319 5 320 0 321 0 322 0 323 5 324 0 325 0 326 0 327 5 328 0 329 0 330 0 331 5 332 0 333 0 334 0 335 5 336 0 337 0 338 0 339 5 340 0 341 0 342 0 343 5 344 0 345 0 346 0 347 5 348 0 349 0 350 0 351 5 352 0 353 0 354 0 355 5 356 0 357 0 358 0 359 5 360 0 361 0 362 0 363 5 364 0 365 0 366 0 367 5 368 0 369 0 370 0 371 5 372 0 373 0 374 0 375 5 376 0 377 0 378 0 379 42 380 0 381 0 382 0 383 42 384 0 385 0 386 0 387 42 388 0 389 0 390 0 391 42 392 0 393 0 394 0 395 42 396 0 397 0 398 0 399 42 400 0 401 0 402 0 403 41 404 0 405 0 406 0 407 41 408 0 409 0 410 0 411 41 412 0 413 0 414 0 415 41 416 0 417 0 418 0 419 41 420 0 421 0 422 0 423 41 424 0 425 0 426 0 427 41 428 0 429 0 430 0 431 41 432 0 433 0 434 0 435 42 436 0 437 0 438 0 439 42 440 0 441 0 442 0 443 42 444 0 445 0 446 0 447 41 448 0 449 0 450 0 451 41 452 0 453 0 454 0 455 41 456 0 457 0 458 0 459 41 460 0 461 0 462 0 463 41 464 0 465 0 466 0 467 41 468 0 469 0 470 0 471 41 472 0 473 0 474 0 475 41 476 0 477 0 478 0 479 41 480 0 481 0 482 0 483 42 484 0 485 0 486 0 487 42 488 0 489 0 490 0 491 42 492 0 493 0 494 0 495 42 496 0 497 0 498 0 499 42 500 0 501 0 502 0 503 42 504 0 505 0 506 0 507 42 508 0 509 0 510 0 511 42 512 0 513 0 514 0 515 42 516 0 517 0 518 0 519 42 520 0 521 0 522 0 523 42 524 0 525 0 526 0 527 42 528 0 529 0 530 0 531 42 532 0 533 0 534 0 535 42 536 0 537 0 538 0 539 41 540 0 541 0 542 0 543 41 544 0 545 0 546 0 547 41 548 0 549 0 550 0 551 41 552 0 553 0 554 0 555 41 556 0 557 0 558 0 559 41 560 0 561 0 562 0 563 41 564 0 565 0 566 0 567 41 568 0 569 0 570 0 571 41 572 0 573 0 574 0 575 41 576 0 577 0 578 0 579 42 580 0 581 0 582 0 583 42 584 0 585 0 586 0 587 42 588 0 589 0 590 0 591 42 592 0 593 0 594 0 595 42 596 0 597 0 598 0 599 42 600 0 601 0 602 0 603 42 604 0 605 0 606 0 607 42 608 0 609 0 610 0 611 42 612 0 613 0 614 0 615 42 616 0 617 0 618 0 619 42 620 0 621 0 622 0 623 44 624 0 625 0 626 0 627 44 628 0 629 0 630 0 631 44 632 0 633 0 634 0 635 44 636 0 637 0 638 0 639 44 640 0 641 0 642 0 643 44 644 0 645 0 646 0 647 44 648 0 649 0 650 0 651 26 652 0 653 0 654 0 655 26 656 0 657 0 658 0 659 26 660 0 661 0 662 0 663 26 664 0 665 0 666 0 667 26 668 0 669 0 670 0 671 25 672 0 673 0 674 0 675 25 676 0 677 0 678 0 679 25 680 0 681 0 682 0 683 25 684 0 685 0 686 0 687 25 688 0 689 0 690 0 691 25 692 0 693 0 694 0 695 25 696 0 697 0 698 0 699 25 700 0 701 0 702 0 703 25 704 0 705 0 706 0 707 25 708 0 709 0 710 0 711 25 712 0 713 0 714 0 715 25 716 0 717 0 718 0 719 25 720 0 721 0 722 0 723 25 724 0 725 0 726 0 727 26 728 0 729 0 730 0 731 26 732 0 733 0 734 0 735 26 736 0 737 0 738 0 739 26 740 0 741 0 742 0 743 26 744 0 745 0 746 0 747 26 748 0 749 0 750 0 751 26 752 0 753 0 754 0 755 26 756 0 757 0 758 0 759 26 760 0 761 0 762 0 763 26 764 0 765 0 766 0 767 26 768 0 769 0 770 0 771 26 772 0 773 0 774 0 775 26 776 0 777 0 778 0 779 26 780 0 781 0 782 0 783 25 784 0 785 0 786 0 787 25 788 0 789 0 790 0 791 25 792 0 793 0 794 0 795 25 796 0 797 0 798 0 799 25 800 0 801 0 802 0 803 25 804 0 805 0 806 0 807 25 808 0 809 0 810 0 811 25 812 0 813 0 814 0 815 25 816 0 817 0 818 0 819 25 820 0 821 0 822 0 823 25 824 0 825 0 826 0 827 25 828 0 829 0 830 0 831 25 832 0 833 0 834 0 835 26 836 0 837 0 838 0 839 26 840 0 841 0 842 0 843 28 844 0 845 0 846 0 847 28 848 0 849 0 850 0 851 28 852 0 853 0 854 0 855 28 856 0 857 0 858 0 859 28 860 0 861 0 862 0 863 28 864 0 865 0 866 0 867 5 868 0 869 0 870 0 871 5 872 0 873 0 874 0 875 5 876 0 877 0 878 0 879 5 880 0 881 0 882 0 883 5 884 0 885 0 886 0 887 5 888 0 889 0 890 0 891 5 892 0 893 0 894 0 895 5 896 0 897 0 898 0 899 5 900 0 901 0 902 0 903 5 904 0 905 0 906 0 907 5 908 0 909 0 910 0 911 5 912 0 913 0 914 0 915 5 916 0 917 0 918 0 919 5 920 0 921 0 922 0 923 5 924 0 925 0 926 0 927 5 928 0 929 0 930 0 931 5 932 0 933 0 934 0 935 5 936 0 937 0 938 0 939 5 940 0 941 0 942 0 943 5 944 0 945 0 946 0 947 5 948 0 949 0 950 0 951 5 952 0 953 0 954 0 955 5 956 0 957 0 958 0 959 5 960 0 961 0 962 0 963 5 964 0 965 0 966 0 967 5 968 0 969 0 970 0 971 5 972 0 973 0 974 0 975 5 976 0 977 0 978 0 979 5 980 0 981 0 982 0 983 5 984 0 985 0 986 0 987 5 988 0 989 0 990 0 991 5 992 0 993 0 994 0 995 5 996 0 997 0 998 0 999 5 1000 0 1001 0 1002 0 1003 5 1004 0 1005 0 1006 0 1007 5 1008 0 1009 0 1010 0 1011 5 1012 0 1013 0 1014 0 1015 5 1016 0 1017 0 1018 0 1019 5 1020 0 1021 0 1022 0 1023 5 1024 0 1025 0 1026 0 1027 5 1028 0 1029 0 1030 0 1031 5 1032 0 1033 0 1034 0 1035 5 1036 0 1037 0 1038 0 1039 5 1040 0 1041 0 1042 0 1043 5 1044 0 1045 0 1046 0 1047 5 1048 0 1049 0 1050 0 1051 5 1052 0 1053 0 1054 0 1055 5 1056 0 1057 0 1058 0 1059 5 1060 0 1061 0 1062 0 1063 5 1064 0 1065 0 1066 0 1067 5 1068 0 1069 0 1070 0 1071 5 1072 0 1073 0 1074 0 1075 5 1076 0 1077 0 1078 0 1079 5 1080 0 1081 0 1082 0 1083 5 1084 0 1085 0 1086 0 1087 5 1088 0 1089 0 1090 0 1091 5 1092 0 1093 0 1094 0 1095 5 1096 0 1097 0 1098 0 1099 5 1100 0 1101 0 1102 0 1103 5 1104 0 1105 0 1106 0 1107 5 1108 0 1109 0 1110 0 1111 5 1112 0 1113 0 1114 0 1115 5 1116 0 1117 0 1118 0 1119 5 1120 0 1121 0 1122 0 1123 5 1124 0 1125 0 1126 0 1127 5 1128 0 1129 0 1130 0 1131 5 1132 0 1133 0 1134 0 1135 5 1136 0 1137 0 1138 0 1139 5 1140 0 1141 0 1142 0 1143 5 1144 0 1145 0 1146 0 1147 5 1148 0 1149 0 1150 0 1151 5 1152 0 1153 0 1154 0 1155 5 1156 0 1157 0 1158 0 1159 5 1160 0 1161 0 1162 0 1163 5 1164 0 1165 0 1166 0 1167 5 1168 0 1169 0 1170 0 1171 5 1172 0 1173 0 1174 0 1175 5 1176 0 1177 0 1178 0 1179 5 1180 0 1181 0 1182 0 1183 5 1184 0 1185 0 1186 0 1187 5 1188 0 1189 0 1190 0 1191 5 1192 0 1193 0 1194 0 1195 5 1196 0 1197 0 1198 0 1199 5 1200 0 1201 0 1202 0 1203 5 1204 0 1205 0 1206 0 1207 5 1208 0 1209 0 1210 0 1211 5 1212 0 1213 0 1214 0 1215 5 1216 0 1217 0 1218 0 1219 5 1220 0 1221 0 1222 0 1223 5 1224 0 1225 0 1226 0 1227 5 1228 0 1229 0 1230 0 1231 5 1232 0 1233 0 1234 0 1235 5 1236 0 1237 0 1238 0 1239 5 1240 0 1241 0 1242 0 1243 5 1244 0 1245 0 1246 0 1247 5 1248 0 1249 0 1250 0 1251 5 1252 0 1253 0 1254 0 1255 5 1256 0 1257 0 1258 0 1259 5 1260 0 1261 0 1262 0 1263 5 1264 0 1265 0 1266 0 1267 5 1268 0 1269 0 1270 0 1271 5 1272 0 1273 0 1274 0 1275 5 1276 0 1277 0 1278 0 1279 5 1280 0 1281 0 1282 0 1283 5 1284 0 1285 0 1286 0 1287 5 1288 0 1289 0 1290 0 1291 5 1292 0 1293 0 1294 0 1295 5 1296 0 1297 0 1298 0 1299 5 1300 0 1301 0 1302 0 1303 5 1304 0 1305 0 1306 0 1307 5 1308 0 1309 0 1310 0 1311 5 1312 0 1313 0 1314 0 1315 5 1316 0 1317 0 1318 0 1319 5 1320 0 1321 0 1322 0 1323 5 1324 0 1325 0 1326 0 1327 5 1328 0 1329 0 1330 0 1331 5 1332 0 1333 0 1334 0 1335 5 1336 0 1337 0 1338 0 1339 5 1340 0 1341 0 1342 0 1343 5 1344 0 1345 0 1346 0 1347 5 1348 0 1349 0 1350 0 1351 5 1352 0 1353 0 1354 0 1355 5 1356 0 1357 0 1358 0 1359 5 1360 0 1361 0 1362 0 1363 5 1364 0 1365 0 1366 0 1367 5 1368 0 1369 0 1370 0 1371 5 1372 0 1373 0 1374 0 1375 5 1376 0 1377 0 1378 0 1379 5 1380 0 1381 0 1382 0 1383 5 1384 0 1385 0 1386 0 1387 5 1388 0 1389 0 1390 0 1391 5 1392 0 1393 0 1394 0 1395 5 1396 0 1397 0 1398 0 1399 5 1400 0 1401 0 1402 0 1403 5 1404 0 1405 0 1406 0 1407 5 1408 0 1409 0 1410 0 1411 5 1412 0 1413 0 1414 0 1415 5 1416 0 1417 0 1418 0 1419 5 1420 0 1421 0 1422 0 1423 5 1424 0 1425 0 1426 0 1427 5 1428 0 1429 0 1430 0 1431 5 1432 0 1433 0 1434 0 1435 5 1436 0 1437 0 1438 0 1439 5 1440 0 1441 0 1442 0 1443 42 1444 0 1445 0 1446 0 1447 41 1448 0 1449 0 1450 0 1451 41 1452 0 1453 0 1454 0 1455 41 1456 0 1457 0 1458 0 1459 41 1460 0 1461 0 1462 0 1463 41 1464 0 1465 0 1466 0 1467 41 1468 0 1469 0 1470 0 1471 41 1472 0 1473 0 1474 0 1475 44 1476 41 1477 0 1478 0 1479 44 1480 41 1481 0 1482 0 1483 44 1484 41 1485 0 1486 0 1487 44 1488 41 1489 0 1490 0 1491 44 1492 41 1493 0 1494 0 1495 44 1496 0 1497 0 1498 0 1499 44 1500 0 1501 0 1502 0 1503 44 1504 41 1505 0 1506 0 1507 44 1508 41 1509 0 1510 0 1511 44 1512 41 1513 0 1514 0 1515 44 1516 41 1517 0 1518 0 1519 42 1520 0 1521 0 1522 0 1523 42 1524 0 1525 0 1526 0 1527 42 1528 0 1529 0 1530 0 1531 44 1532 0 1533 0 1534 0 1535 44 1536 0 1537 0 1538 0 1539 44 1540 0 1541 0 1542 0 1543 28 1544 25 1545 0 1546 0 1547 28 1548 25 1549 0 1550 0 1551 28 1552 25 1553 0 1554 0 1555 28 1556 0 1557 0 1558 0 1559 28 1560 0 1561 0 1562 0 1563 25 1564 0 1565 0 1566 0 1567 26 1568 0 1569 0 1570 0 1571 26 1572 0 1573 0 1574 0 1575 26 1576 0 1577 0 1578 0 1579 26 1580 0 1581 0 1582 0 1583 26 1584 0 1585 0 1586 0 1587 26 1588 0 1589 0 1590 0 1591 26 1592 0 1593 0 1594 0 1595 26 1596 0 1597 0 1598 0 1599 28 1600 25 1601 0 1602 0 1603 28 1604 25 1605 0 1606 0 1607 25 1608 0 1609 0 1610 0 1611 25 1612 0 1613 0 1614 0 1615 25 1616 0 1617 0 1618 0 1619 25 1620 0 1621 0 1622 0 1623 25 1624 0 1625 0 1626 0 1627 28 1628 0 1629 0 1630 0 1631 28 1632 0 1633 0 1634 0 1635 28 1636 0 1637 0 1638 0 1639 25 1640 0 1641 0 1642 0 1643 25 1644 0 1645 0 1646 0 1647 25 1648 0 1649 0 1650 0 1651 28 1652 25 1653 0 1654 0 1655 28 1656 25 1657 0 1658 0 1659 28 1660 25 1661 0 1662 0 1663 28 1664 25 1665 0 1666 0 1667 25 1668 0 1669 0 1670 0 1671 25 1672 0 1673 0 1674 0 1675 26 1676 0 1677 0 1678 0 1679 26 1680 0 1681 0 1682 0 1683 28 1684 0 1685 0 1686 0 1687 28 1688 0 1689 0 1690 0 1691 28 1692 0 1693 0 1694 0 1695 42 1696 0 1697 0 1698 0 1699 42 1700 0 1701 0 1702 0 1703 26 1704 0 1705 0 1706 0 1707 26 1708 0 1709 0 1710 0 1711 26 1712 0 1713 0 1714 0 1715 26 1716 0 1717 0 1718 0 1719 26 1720 0 1721 0 1722 0 1723 26 1724 0 1725 0 1726 0 1727 26 1728 0 1729 0 1730 0 1731 26 1732 0 1733 0 1734 0 1735 26 1736 0 1737 0 1738 0 1739 26 1740 0 1741 0 1742 0 1743 26 1744 0 1745 0 1746 0 1747 25 1748 0 1749 0 1750 0 1751 25 1752 0 1753 0 1754 0 1755 25 1756 0 1757 0 1758 0 1759 25 1760 0 1761 0 1762 0 1763 25 1764 0 1765 0 1766 0 1767 26 1768 0 1769 0 1770 0 1771 26 1772 0 1773 0 1774 0 1775 26 1776 0 1777 0 1778 0 1779 26 1780 0 1781 0 1782 0 1783 26 1784 0 1785 0 1786 0 1787 26 1788 0 1789 0 1790 0 1791 26 1792 0 1793 0 1794 0 1795 26 1796 0 1797 0 1798 0 1799 26 1800 0 1801 0 1802 0 1803 26 1804 0 1805 0 1806 0 1807 26 1808 0 1809 0 1810 0 1811 26 1812 0 1813 0 1814 0 1815 25 1816 0 1817 0 1818 0 1819 25 1820 0 1821 0 1822 0 1823 26 1824 0 1825 0 1826 0 1827 25 1828 0 1829 0 1830 0 1831 25 1832 0 1833 0 1834 0 1835 26 1836 0 1837 0 1838 0 1839 25 1840 0 1841 0 1842 0 1843 25 1844 0 1845 0 1846 0 1847 5 1848 0 1849 0 1850 0 1851 5 1852 0 1853 0 1854 0 1855 5 1856 0 1857 0 1858 0 1859 5 1860 0 1861 0 1862 0 1863 5 1864 0 1865 0 1866 0 1867 5 1868 0 1869 0 1870 0 1871 5 1872 0 1873 0 1874 0 1875 5 1876 0 1877 0 1878 0 1879 5 1880 0 1881 0 1882 0 1883 5 1884 0 1885 0 1886 0 1887 5 1888 0 1889 0 1890 0 1891 5 1892 0 1893 0 1894 0 1895 5 1896 0 1897 0 1898 0 1899 5 1900 0 1901 0 1902 0 1903 5 1904 0 1905 0 1906 0 1907 5 1908 0 1909 0 1910 0 1911 5 1912 0 1913 0 1914 0 1915 5 1916 0 1917 0 1918 0 1919 5 1920 0 1921 0 1922 0 1923 5 1924 0 1925 0 1926 0 1927 5 1928 0 1929 0 1930 0 1931 5 1932 0 1933 0 1934 0 1935 5 1936 0 1937 0 1938 0 1939 5 1940 0 1941 0 1942 0 1943 5 1944 0 1945 0 1946 0 1947 5 1948 0 1949 0 1950 0 1951 5 1952 0 1953 0 1954 0 1955 5 1956 0 1957 0 1958 0 1959 5 1960 0 1961 0 1962 0 1963 5 1964 0 1965 0 1966 0 1967 5 1968 0 1969 0 1970 0 1971 5 1972 0 1973 0 1974 0 1975 5 1976 0 1977 0 1978 0 1979 5 1980 0 1981 0 1982 0 1983 5 1984 0 1985 0 1986 0 1987 5 1988 0 1989 0 1990 0 1991 5 1992 0 1993 0 1994 0 1995 5 1996 0 1997 0 1998 0 1999 5 2000 0 2001 0 2002 0 2003 5 2004 0 2005 0 2006 0 2007 5 2008 0 2009 0 2010 0 2011 5 2012 0 2013 0 2014 0 2015 5 2016 0 2017 0 2018 0 2019 5 2020 0 2021 0 2022 0 2023 5 2024 0 2025 0 2026 0 2027 5 2028 0 2029 0 2030 0 2031 5 2032 0 2033 0 2034 0 2035 5 2036 0 2037 0 2038 0 2039 5 2040 0 2041 0 2042 0 2043 5 2044 0 2045 0 2046 0 2047 5 2048 0 2049 0 2050 0 2051 5 2052 0 2053 0 2054 0 2055 5 2056 0 2057 0 2058 0 2059 5 2060 0 2061 0 2062 0 2063 5 2064 0 2065 0 2066 0 2067 5 2068 0 2069 0 2070 0 2071 5 2072 0 2073 0 2074 0 2075 5 2076 0 2077 0 2078 0 2079 5 2080 0 2081 0 2082 0 2083 5 2084 0 2085 0 2086 0 2087 5 2088 0 2089 0 2090 0 2091 5 2092 0 2093 0 2094 0 2095 5 2096 0 2097 0 2098 0 2099 5 2100 0 2101 0 2102 0 2103 5 2104 0 2105 0 2106 0 2107 5 2108 0 2109 0 2110 0 2111 5 2112 0 2113 0 2114 0 2115 5 2116 0 2117 0 2118 0 2119 5 2120 0 2121 0 2122 0 2123 5 2124 0 2125 0 2126 0 2127 5 2128 0 2129 0 2130 0 2131 5 2132 0 2133 0 2134 0 2135 5 2136 0 2137 0 2138 0 2139 5 2140 0 2141 0 2142 0 2143 5 2144 0 2145 0 2146 0 2147 5 2148 0 2149 0 2150 0 2151 25 2152 0 2153 0 2154 0 2155 25 2156 0 2157 0 2158 0 2159 25 2160 0 2161 0 2162 0 2163 25 2164 0 2165 0 2166 0 2167 25 2168 0 2169 0 2170 0 2171 25 2172 0 2173 0 2174 0 2175 28 2176 0 2177 0 2178 0 2179 28 2180 0 2181 0 2182 0 2183 25 2184 0 2185 0 2186 0 2187 28 2188 0 2189 0 2190 0 2191 28 2192 0 2193 0 2194 0 2195 28 2196 0 2197 0 2198 0 2199 28 2200 0 2201 0 2202 0 2203 28 2204 0 2205 0 2206 0 2207 28 2208 0 2209 0 2210 0 2211 28 2212 25 2213 0 2214 0 2215 28 2216 25 2217 0 2218 0 2219 5 2220 0 2221 0 2222 0 2223 5 2224 0 2225 0 2226 0 2227 5 2228 0 2229 0 2230 0 2231 5 2232 0 2233 0 2234 0 2235 5 2236 0 2237 0 2238 0 2239 5 2240 0 2241 0 2242 0 2243 5 2244 0 2245 0 2246 0 2247 41 2248 0 2249 0 2250 0 2251 41 2252 0 2253 0 2254 0 2255 41 2256 0 2257 0 2258 0 2259 41 2260 0 2261 0 2262 0 2263 41 2264 0 2265 0 2266 0 2267 41 2268 0 2269 0 2270 0 2271 41 2272 0 2273 0 2274 0 2275 41 2276 0 2277 0 2278 0 2279 41 2280 0 2281 0 2282 0 2283 44 2284 0 2285 0 2286 0 2287 44 2288 0 2289 0 2290 0 2291 41 2292 0 2293 0 2294 0 2295 41 2296 0 2297 0 2298 0 2299 41 2300 0 2301 0 2302 0 2303 41 2304 0 2305 0 2306 0 2307 44 2308 0 2309 0 2310 0 2311 44 2312 0 2313 0 2314 0 2315 44 2316 0 2317 0 2318 0 2319 44 2320 0 2321 0 2322 0 2323 44 2324 0 2325 0 2326 0 2327 44 2328 41 2329 0 2330 0 2331 44 2332 41 2333 0 2334 0 2335 44 2336 0 2337 0 2338 0 2339 44 2340 0 2341 0 2342 0 2343 41 2344 0 2345 0 2346 0 2347 41 2348 0 2349 0 2350 0 2351 41 2352 0 2353 0 2354 0 2355 41 2356 0 2357 0 2358 0 2359 40 2360 0 2361 0 2362 0 2363 40 2364 0 2365 0 2366 0 2367 40 2368 0 2369 0 2370 0 2371 41 2372 0 2373 0 2374 0 2375 44 2376 0 2377 0 2378 0 2379 41 2380 0 2381 0 2382 0 2383 41 2384 0 2385 0 2386 0 2387 41 2388 0 2389 0 2390 0 2391 41 2392 0 2393 0 2394 0 2395 40 2396 0 2397 0 2398 0 2399 24 2400 0 2401 0 2402 0 2403 24 2404 0 2405 0 2406 0 2407 24 2408 0 2409 0 2410 0 2411 24 2412 0 2413 0 2414 0 2415 24 2416 0 2417 0 2418 0 2419 5 2420 0 2421 0 2422 0 2423 5 2424 0 2425 0 2426 0 2427 5 2428 0 2429 0 2430 0 2431 5 2432 0 2433 0 2434 0 2435 5 2436 0 2437 0 2438 0 2439 6 2440 0 2441 0 2442 0 2443 6 2444 0 2445 0 2446 0 2447 6 2448 0 2449 0 2450 0 2451 6 2452 0 2453 0 2454 0 2455 6 2456 0 2457 0 2458 0 2459 6 2460 0 2461 0 2462 0 2463 5 2464 0 2465 0 2466 0 2467 5 2468 0 2469 0 2470 0 2471 5 2472 0 2473 0 2474 0 2475 5 2476 0 2477 0 2478 0 2479 5 2480 0 2481 0 2482 0 2483 5 2484 0 2485 0 2486 0 2487 5 2488 0 2489 0 2490 0 2491 5 2492 0 2493 0 2494 0 2495 5 2496 0 2497 0 2498 0 2499 5 2500 0 2501 0 2502 0 2503 5 2504 0 2505 0 2506 0 2507 5 2508 0 2509 0 2510 0 2511 5 2512 0 2513 0 2514 0 2515 5 2516 0 2517 0 2518 0 2519 5 2520 0 2521 0 2522 0 2523 5 2524 0 2525 0 2526 0 2527 5 2528 0 2529 0 2530 0 2531 5 2532 0 2533 0 2534 0 2535 5 2536 0 2537 0 2538 0 2539 5 2540 0 2541 0 2542 0 2543 5 2544 0 2545 0 2546 0 2547 5 2548 0 2549 0 2550 0 2551 5 2552 0 2553 0 2554 0 2555 5 2556 0 2557 0 2558 0 2559 5 2560 0 2561 0 2562 0 2563 5 2564 0 2565 0 2566 0 2567 5 2568 0 2569 0 2570 0 2571 5 2572 0 2573 0 2574 0 2575 5 2576 0 2577 0 2578 0 2579 5 2580 0 2581 0 2582 0 2583 5 2584 0 2585 0 2586 0 2587 5 2588 0 2589 0 2590 0 2591 5 2592 0 2593 0 2594 0 2595 5 2596 0 2597 0 2598 0 2599 5 2600 0 2601 0 2602 0 2603 5 2604 0 2605 0 2606 0 2607 5 2608 0 2609 0 2610 0 2611 5 2612 0 2613 0 2614 0 2615 5 2616 0 2617 0 2618 0 2619 5 2620 0 2621 0 2622 0 2623 5 2624 0 2625 0 2626 0 2627 5 2628 0 2629 0 2630 0 2631 5 2632 0 2633 0 2634 0 2635 5 2636 0 2637 0 2638 0 2639 5 2640 0 2641 0 2642 0 2643 5 2644 0 2645 0 2646 0 2647 5 2648 0 2649 0 2650 0 2651 5 2652 0 2653 0 2654 0 2655 5 2656 0 2657 0 2658 0 2659 5 2660 0 2661 0 2662 0 2663 5 2664 0 2665 0 2666 0 2667 5 2668 0 2669 0 2670 0 2671 5 2672 0 2673 0 2674 0 2675 5 2676 0 2677 0 2678 0 2679 5 2680 0 2681 0 2682 0 2683 5 2684 0 2685 0 2686 0 2687 5 2688 0 2689 0 2690 0 2691 5 2692 0 2693 0 2694 0 2695 5 2696 0 2697 0 2698 0 2699 5 2700 0 2701 0 2702 0 2703 5 2704 0 2705 0 2706 0 2707 5 2708 0 2709 0 2710 0 2711 5 2712 0 2713 0 2714 0 2715 5 2716 0 2717 0 2718 0 2719 5 2720 0 2721 0 2722 0 2723 5 2724 0 2725 0 2726 0 2727 5 2728 0 2729 0 2730 0 2731 5 2732 0 2733 0 2734 0 2735 5 2736 0 2737 0 2738 0 2739 5 2740 0 2741 0 2742 0 2743 5 2744 0 2745 0 2746 0 2747 5 2748 0 2749 0 2750 0 2751 5 2752 0 2753 0 2754 0 2755 5 2756 0 2757 0 2758 0 2759 5 2760 0 2761 0 2762 0 2763 5 2764 0 2765 0 2766 0 2767 5 2768 0 2769 0 2770 0 2771 5 2772 0 2773 0 2774 0 2775 5 2776 0 2777 0 2778 0 2779 5 2780 0 2781 0 2782 0 2783 5 2784 0 2785 0 2786 0 2787 5 2788 0 2789 0 2790 0 2791 5 2792 0 2793 0 2794 0 2795 5 2796 0 2797 0 2798 0 2799 5 2800 0 2801 0 2802 0 2803 5 2804 0 2805 0 2806 0 2807 5 2808 0 2809 0 2810 0 2811 5 2812 0 2813 0 2814 0 2815 5 2816 0 2817 0 2818 0 2819 5 2820 0 2821 0 2822 0 2823 5 2824 0 2825 0 2826 0 2827 5 2828 0 2829 0 2830 0 2831 5 2832 0 2833 0 2834 0 2835 5 2836 0 2837 0 2838 0 2839 5 2840 0 2841 0 2842 0 2843 5 2844 0 2845 0 2846 0 2847 5 2848 0 2849 0 2850 0 2851 5 2852 0 2853 0 2854 0 2855 5 2856 0 2857 0 2858 0 2859 5 2860 0 2861 0 2862 0 2863 5 2864 0 2865 0 2866 0 2867 5 2868 0 2869 0 2870 0 2871 5 2872 0 2873 0 2874 0 2875 5 2876 0 2877 0 2878 0 2879 5 2880 0 2881 0 2882 0 2883 5 2884 0 2885 0 2886 0 2887 5 2888 0 2889 0 2890 0 2891 5 2892 0 2893 0 2894 0 2895 5 2896 0 2897 0 2898 0 2899 5 2900 0 2901 0 2902 0 2903 5 2904 0 2905 0 2906 0 2907 6 2908 0 2909 0 2910 0 2911 6 2912 0 2913 0 2914 0 2915 6 2916 0 2917 0 2918 0 2919 6 2920 0 2921 0 2922 0 2923 6 2924 0 2925 0 2926 0 2927 6 2928 0 2929 0 2930 0 2931 5 2932 0 2933 0 2934 0 2935 5 2936 0 2937 0 2938 0 2939 5 2940 0 2941 0 2942 0 2943 5 2944 0 2945 0 2946 0 2947 5 2948 0 2949 0 2950 0 2951 5 2952 0 2953 0 2954 0 2955 5 2956 0 2957 0 2958 0 2959 5 2960 0 2961 0 2962 0 2963 5 2964 0 2965 0 2966 0 2967 5 2968 0 2969 0 2970 0 2971 5 2972 0 2973 0 2974 0 2975 5 2976 0 2977 0 2978 0 2979 5 2980 0 2981 0 2982 0 2983 5 2984 0 2985 0 2986 0 2987 5 2988 0 2989 0 2990 0 2991 5 2992 0 2993 0 2994 0 2995 5 2996 0 2997 0 2998 0 2999 5 3000 0 3001 0 3002 0 3003 5 3004 0 3005 0 3006 0 3007 5 3008 0 3009 0 3010 0 3011 5 3012 0 3013 0 3014 0 3015 5 3016 0 3017 0 3018 0 3019 5 3020 0 3021 0 3022 0 3023 5 3024 0 3025 0 3026 0 3027 5 3028 0 3029 0 3030 0 3031 5 3032 0 3033 0 3034 0 3035 5 3036 0 3037 0 3038 0 3039 5 3040 0 3041 0 3042 0 3043 5 3044 0 3045 0 3046 0 3047 5 3048 0 3049 0 3050 0 3051 5 3052 0 3053 0 3054 0 3055 5 3056 0 3057 0 3058 0 3059 5 3060 0 3061 0 3062 0 3063 5 3064 0 3065 0 3066 0 3067 5 3068 0 3069 0 3070 0 3071 5 3072 0 3073 0 3074 0 3075 5 3076 0 3077 0 3078 0 3079 5 3080 0 3081 0 3082 0 3083 5 3084 0 3085 0 3086 0 3087 5 3088 0 3089 0 3090 0 3091 5 3092 0 3093 0 3094 0 3095 5 3096 0 3097 0 3098 0 3099 5 3100 0 3101 0 3102 0 3103 5 3104 0 3105 0 3106 0 3107 5 3108 0 3109 0 3110 0 3111 5 3112 0 3113 0 3114 0 3115 5 3116 0 3117 0 3118 0 3119 5 3120 0 3121 0 3122 0 3123 5 3124 0 3125 0 3126 0 3127 5 3128 0 3129 0 3130 0 3131 5 3132 0 3133 0 3134 0 3135 5 3136 0 3137 0 3138 0 3139 5 3140 0 3141 0 3142 0 3143 5 3144 0 3145 0 3146 0 3147 5 3148 0 3149 0 3150 0 3151 5 3152 0 3153 0 3154 0 3155 5 3156 0 3157 0 3158 0 3159 5 3160 0 3161 0 3162 0 3163 5 3164 0 3165 0 3166 0 3167 5 3168 0 3169 0 3170 0 3171 5 3172 0 3173 0 3174 0 3175 5 3176 0 3177 0 3178 0 3179 5 3180 0 3181 0 3182 0 3183 5 3184 0 3185 0 3186 0 3187 5 3188 0 3189 0 3190 0 3191 5 3192 0 3193 0 3194 0 3195 5 3196 0 3197 0 3198 0 3199 5 3200 0 3201 0 3202 0 3203 5 3204 0 3205 0 3206 0 3207 5 3208 0 3209 0 3210 0 3211 5 3212 0 3213 0 3214 0 3215 5 3216 0 3217 0 3218 0 3219 5 3220 0 3221 0 3222 0 3223 5 3224 0 3225 0 3226 0 3227 5 3228 0 3229 0 3230 0 3231 5 3232 0 3233 0 3234 0 3235 5 3236 0 3237 0 3238 0 3239 5 3240 0 3241 0 3242 0 3243 5 3244 0 3245 0 3246 0 3247 5 3248 0 3249 0 3250 0 3251 5 3252 0 3253 0 3254 0 3255 5 3256 0 3257 0 3258 0 3259 5 3260 0 3261 0 3262 0 3263 5 3264 0 3265 0 3266 0 3267 5 3268 0 3269 0 3270 0 3271 5 3272 0 3273 0 3274 0 3275 5 3276 0 3277 0 3278 0 3279 5 3280 0 3281 0 3282 0 3283 5 3284 0 3285 0 3286 0 3287 5 3288 0 3289 0 3290 0 3291 5 3292 0 3293 0 3294 0 3295 5 3296 0 3297 0 3298 0 3299 5 3300 0 3301 0 3302 0 3303 5 3304 0 3305 0 3306 0 3307 5 3308 0 3309 0 3310 0 3311 5 3312 0 3313 0 3314 0 3315 5 3316 0 3317 0 3318 0 3319 5 3320 0 3321 0 3322 0 3323 5 3324 0 3325 0 3326 0 3327 5 3328 0 3329 0 3330 0 3331 5 3332 0 3333 0 3334 0 3335 5 3336 0 3337 0 3338 0 3339 5 3340 0 3341 0 3342 0 3343 5 3344 0 3345 0 3346 0 3347 5 3348 0 3349 0 3350 0 3351 5 3352 0 3353 0 3354 0 3355 5 3356 0 3357 0 3358 0 3359 5 3360 0 3361 0 3362 0 3363 5 3364 0 3365 0 3366 0 3367 5 3368 0 3369 0 3370 0 3371 5 3372 0 3373 0 3374 0 3375 5 3376 0 3377 0 3378 0 3379 5 3380 0 3381 0 3382 0 3383 5 3384 0 3385 0 3386 0 3387 5 3388 0 3389 0 3390 0 3391 5 3392 0 3393 0 3394 0 3395 5 3396 0 3397 0 3398 0 3399 5 3400 0 3401 0 3402 0 3403 5 3404 0 3405 0 3406 0 3407 5 3408 0 3409 0 3410 0 3411 5 3412 0 3413 0 3414 0 3415 5 3416 0 3417 0 3418 0 3419 5 3420 0 3421 0 3422 0 3423 5 3424 0 3425 0 3426 0 3427 5 3428 0 3429 0 3430 0 3431 5 3432 0 3433 0 3434 0 3435 5 3436 0 3437 0 3438 0 3439 5 3440 0 3441 0 3442 0 3443 5 3444 0 3445 0 3446 0 3447 5 3448 0 3449 0 3450 0 3451 5 3452 0 3453 0 3454 0 3455 5 3456 0 3457 0 3458 0 3459 5 3460 0 3461 0 3462 0 3463 5 3464 0 3465 0 3466 0 3467 5 3468 0 3469 0 3470 0 3471 5 3472 0 3473 0 3474 0 3475 5 3476 0 3477 0 3478 0 3479 5 3480 0 3481 0 3482 0 3483 5 3484 0 3485 0 3486 0 3487 5 3488 0 3489 0 3490 0 3491 5 3492 0 3493 0 3494 0 3495 5 3496 0 3497 0 3498 0 3499 5 3500 0 3501 0 3502 0 3503 5 3504 0 3505 0 3506 0 3507 5 3508 0 3509 0 3510 0 3511 5 3512 0 3513 0 3514 0 3515 5 3516 0 3517 0 3518 0 3519 5 3520 0 3521 0 3522 0 3523 5 3524 0 3525 0 3526 0 3527 5 3528 0 3529 0 3530 0 3531 5 3532 0 3533 0 3534 0 3535 5 3536 0 3537 0 3538 0 3539 5 3540 0 3541 0 3542 0 3543 5 3544 0 3545 0 3546 0 3547 5 3548 0 3549 0 3550 0 3551 5 3552 0 3553 0 3554 0 3555 5 3556 0 3557 0 3558 0 3559 5 3560 0 3561 0 3562 0 3563 5 3564 0 3565 0 3566 0 3567 5 3568 0 3569 0 3570 0 3571 5 3572 0 3573 0 3574 0 3575 5 3576 0 3577 0 3578 0 3579 5 3580 0 3581 0 3582 0 3583 5 3584 0 3585 0 3586 0 3587 5 3588 0 3589 0 3590 0 3591 5 3592 0 3593 0 3594 0 3595 5 3596 0 3597 0 3598 0 3599 5 3600 0 3601 0 3602 0 3603 5 3604 0 3605 0 3606 0 3607 5 3608 0 3609 0 3610 0 3611 5 3612 0 3613 0 3614 0 3615 5 3616 0 3617 0 3618 0 3619 5 3620 0 3621 0 3622 0 3623 5 3624 0 3625 0 3626 0 3627 5 3628 0 3629 0 3630 0 3631 5 3632 0 3633 0 3634 0 3635 5 3636 0 3637 0 3638 0 3639 5 3640 0 3641 0 3642 0 3643 5 3644 0 3645 0 3646 0 3647 5 3648 0 3649 0 3650 0 3651 5 3652 0 3653 0 3654 0 3655 5 3656 0 3657 0 3658 0 3659 5 3660 0 3661 0 3662 0 3663 5 3664 0 3665 0 3666 0 3667 5 3668 0 3669 0 3670 0 3671 5 3672 0 3673 0 3674 0 3675 5 3676 0 3677 0 3678 0 3679 5 3680 0 3681 0 3682 0 3683 5 3684 0 3685 0 3686 0 3687 5 3688 0 3689 0 3690 0 3691 5 3692 0 3693 0 3694 0 3695 5 3696 0 3697 0 3698 0 3699 5 3700 0 3701 0 3702 0 3703 5 3704 0 3705 0 3706 0 3707 5 3708 0 3709 0 3710 0 3711 5 3712 0 3713 0 3714 0 3715 5 3716 0 3717 0 3718 0 3719 5 3720 0 3721 0 3722 0 3723 5 3724 0 3725 0 3726 0 3727 5 3728 0 3729 0 3730 0 3731 5 3732 0 3733 0 3734 0 3735 5 3736 0 3737 0 3738 0 3739 5 3740 0 3741 0 3742 0 3743 5 3744 0 3745 0 3746 0 3747 5 3748 0 3749 0 3750 0 3751 5 3752 0 3753 0 3754 0 3755 5 3756 0 3757 0 3758 0 3759 5 3760 0 3761 0 3762 0 3763 5 3764 0 3765 0 3766 0 3767 5 3768 0 3769 0 3770 0 3771 5 3772 0 3773 0 3774 0 3775 5 3776 0 3777 0 3778 0 3779 6 3780 0 3781 0 3782 0 3783 6 3784 0 3785 0 3786 0 3787 6 3788 0 3789 0 3790 0 3791 5 3792 0 3793 0 3794 0 3795 5 3796 0 3797 0 3798 0 3799 5 3800 0 3801 0 3802 0 3803 6 3804 0 3805 0 3806 0 3807 6 3808 0 3809 0 3810 0 3811 5 3812 0 3813 0 3814 0 3815 5 3816 0 3817 0 3818 0 3819 5 3820 0 3821 0 3822 0 3823 5 3824 0 3825 0 3826 0 3827 5 3828 0 3829 0 3830 0 3831 5 3832 0 3833 0 3834 0 3835 5 3836 0 3837 0 3838 0 3839 5 3840 0 3841 0 3842 0 3843 5 3844 0 3845 0 3846 0 3847 5 3848 0 3849 0 3850 0 3851 5 3852 0 3853 0 3854 0 3855 5 3856 0 3857 0 3858 0 3859 5 3860 0 3861 0 3862 0 3863 5 3864 0 3865 0 3866 0 3867 5 3868 0 3869 0 3870 0 3871 5 3872 0 3873 0 3874 0 3875 5 3876 0 3877 0 3878 0 3879 5 3880 0 3881 0 3882 0 3883 5 3884 0 3885 0 3886 0 3887 5 3888 0 3889 0 3890 0 3891 5 3892 0 3893 0 3894 0 3895 5 3896 0 3897 0 3898 0 3899 5 3900 0 3901 0 3902 0 3903 5 3904 0 3905 0 3906 0 3907 5 3908 0 3909 0 3910 0 3911 5 3912 0 3913 0 3914 0 3915 5 3916 0 3917 0 3918 0 3919 5 3920 0 3921 0 3922 0 3923 5 3924 0 3925 0 3926 0 3927 5 3928 0 3929 0 3930 0 3931 5 3932 0 3933 0 3934 0 3935 5 3936 0 3937 0 3938 0 3939 5 3940 0 3941 0 3942 0 3943 5 3944 0 3945 0 3946 0 3947 5 3948 0 3949 0 3950 0 3951 5 3952 0 3953 0 3954 0 3955 5 3956 0 3957 0 3958 0 3959 5 3960 0 3961 0 3962 0 3963 5 3964 0 3965 0 3966 0 3967 5 3968 0 3969 0 3970 0 3971 5 3972 0 3973 0 3974 0 3975 5 3976 0 3977 0 3978 0 3979 5 3980 0 3981 0 3982 0 3983 5 3984 0 3985 0 3986 0 3987 5 3988 0 3989 0 3990 0 3991 5 3992 0 3993 0 3994 0 3995 5 3996 0 3997 0 3998 0 3999 5 4000 0 4001 0 4002 0 4003 5 4004 0 4005 0 4006 0 4007 5 4008 0 4009 0 4010 0 4011 5 4012 0 4013 0 4014 0 4015 5 4016 0 4017 0 4018 0 4019 5 4020 0 4021 0 4022 0 4023 5 4024 0 4025 0 4026 0 4027 5 4028 0 4029 0 4030 0 4031 5 4032 0 4033 0 4034 0 4035 5 4036 0 4037 0 4038 0 4039 5 4040 0 4041 0 4042 0 4043 5 4044 0 4045 0 4046 0 4047 5 4048 0 4049 0 4050 0 4051 5 4052 0 4053 0 4054 0 4055 6 4056 0 4057 0 4058 0 4059 5 4060 0 4061 0 4062 0 4063 5 4064 0 4065 0 4066 0 4067 5 4068 0 4069 0 4070 0 4071 5 4072 0 4073 0 4074 0 4075 5 4076 0 4077 0 4078 0 4079 5 4080 0 4081 0 4082 0 4083 5 4084 0 4085 0 4086 0 4087 5 4088 0 4089 0 4090 0 4091 4 4092 0 4093 0 4094 0 4095 4 4096 5 4097 0 4098 0 4099 4 4100 0 4101 0 4102 0 4103 5 4104 0 4105 0 4106 0 4107 5 4108 0 4109 0 4110 0 4111 5 4112 0 4113 0 4114 0 4115 5 4116 0 4117 0 4118 0 4119 5 4120 0 4121 0 4122 0 4123 5 4124 0 4125 0 4126 0 4127 5 4128 0 4129 0 4130 0 4131 5 4132 0 4133 0 4134 0 4135 5 4136 0 4137 0 4138 0 4139 5 4140 0 4141 0 4142 0 4143 5 4144 0 4145 0 4146 0 4147 5 4148 0 4149 0 4150 0 4151 4 4152 0 4153 0 4154 0 4155 4 4156 0 4157 0 4158 0 4159 40 4160 0 4161 0 4162 0 4163 5 4164 0 4165 0 4166 0 4167 5 4168 0 4169 0 4170 0 4171 5 4172 0 4173 0 4174 0 4175 5 4176 0 4177 0 4178 0 4179 5 4180 0 4181 0 4182 0 4183 5 4184 0 4185 0 4186 0 4187 5 4188 0 4189 0 4190 0 4191 5 4192 0 4193 0 4194 0 4195 5 4196 0 4197 0 4198 0 4199 5 4200 0 4201 0 4202 0 4203 5 4204 0 4205 0 4206 0 4207 5 4208 0 4209 0 4210 0 4211 5 4212 0 4213 0 4214 0 4215 5 4216 0 4217 0 4218 0 4219 5 4220 0 4221 0 4222 0 4223 5 4224 0 4225 0 4226 0 4227 5 4228 0 4229 0 4230 0 4231 5 4232 0 4233 0 4234 0 4235 5 4236 0 4237 0 4238 0 4239 5 4240 0 4241 0 4242 0 4243 5 4244 0 4245 0 4246 0 4247 5 4248 0 4249 0 4250 0 4251 42 4252 0 4253 0 4254 0 4255 42 4256 0 4257 0 4258 0 4259 42 4260 0 4261 0 4262 0 4263 42 4264 0 4265 0 4266 0 4267 42 4268 0 4269 0 4270 0 4271 42 4272 0 4273 0 4274 0 4275 42 4276 0 4277 0 4278 0 4279 42 4280 0 4281 0 4282 0 4283 42 4284 0 4285 0 4286 0 4287 42 4288 0 4289 0 4290 0 4291 42 4292 0 4293 0 4294 0 4295 42 4296 0 4297 0 4298 0 4299 42 4300 0 4301 0 4302 0 4303 42 4304 0 4305 0 4306 0 4307 42 4308 0 4309 0 4310 0 4311 42 4312 0 4313 0 4314 0 4315</v></vertex_weights></skin></controller><controller id="aqua-controller-2"><skin source="#aqua-geometry-2"><bind_shape_matrix>1 0 0 0 0 1 0 0 0 0 1 0 0 0 0 1</bind_shape_matrix><source id="aqua-controller-2-joints"><Name_array id="aqua-controller-2-joints-array" count="77">Root center hara mune kubi atama ago ago_end kamiA kamiA_end kamiB kamiB_end kamiC kamiC_end kamiD kamiD_end kamiE kamiE_end kamiF kamiF_end kamiG kamiG_end R_kata R_ude1 R_ude2 R_te R_yubiB R_yubiB_end R_yubiA R_yubiA_end R_buki R_buki_end R_sodeB R_sodeB_end R_sodeA R_sodeA_end R_armour R_armour_end L_kata L_ude1 L_ude2 L_te L_yubiB L_yubiB_end L_yubiA L_yubiA_end L_sodeA L_sodeA_end L_sodeB L_sodeB_end L_armour L_armour_end koshi L_susoB L_susoB_end L_susoA1 L_susoA1_end L_susoC1 L_susoC1_end R_susoC1 R_susoC1_end L_momo L_sune L_ashi1 L_ashi1_end L_skt L_skt_end R_skt R_skt_end R_momo R_sune R_ashi1 R_ashi1_end R_susoB R_susoB_end R_susoA1 R_susoA1_end</Name_array><technique_common><accessor source="#aqua-controller-2-joints-array" count="77" stride="1"><param name="JOINT" type="Name"/></accessor></technique_common></source><source id="aqua-controller-2-bind-poses"><float_array id="aqua-controller-2-bind-poses-array" count="1232">0.436637044 0 0 0 0 0.436637044 -3.29651826e-8 0 0 3.29651826e-8 0.436637044 0 0 0 0 1 0 0.436637044 3.29651826e-8 -1.10674703 0.436637044 0 0 0 0 3.29651826e-8 -0.436637044 -0.00711636292 0 0 0 1 -2.92780538e-8 -0.00132421043 0.436635137 0.0104727345 -2.92110724e-10 0.436635256 0.00132411439 -1.10672081 -0.436637104 0 -2.96853191e-8 -7.12005122e-10 0 0 0 1 -2.0383931e-8 0.0804660097 0.429158747 -0.221475825 -3.63222091e-10 0.429158807 -0.0804661065 -1.21768439 -0.436637074 -3.82012555e-9 -2.03743848e-8 1.05145688e-8 0 0 0 1 -2.05444035e-8 -0.115271322 0.42114675 0.440099746 -1.7559168e-10 0.421146721 0.115271233 -1.41181695 -0.436637104 5.54766366e-9 -2.02684269e-8 -2.11806608e-8 0 0 0 1 -1.897841e-8 -0.0516409017 0.43357265 0.214883193 -2.42835613e-10 0.433572531 0.0516408086 -1.53699601 -0.436637074 2.29678254e-9 -1.92804421e-8 -9.55691526e-9 0 0 0 1 -1.96535801e-8 -0.355258644 -0.25385654 1.26029098 5.00628261e-10 -0.253856719 0.355258733 0.916824102 -0.436637104 1.59929172e-8 1.14272147e-8 -5.6735395e-8 0 0 0 1 -1.66525158e-8 -0.355258644 -0.25385654 1.26029098 5.00629427e-10 -0.253856719 0.355258733 0.796273768 -0.436637104 1.35511771e-8 9.68242642e-9 -4.80732503e-8 0 0 0 1 0.283696413 0.230118454 -0.239193916 -0.876551628 0.174580455 -0.371071845 -0.149930894 1.43627346 -0.282294005 0.00177787221 -0.333104581 0.0812244117 0 0 0 1 0.283696592 0.230118454 -0.239193723 -0.876551747 0.17458047 -0.371071815 -0.149930894 1.31572294 -0.282293886 0.0017779913 -0.33310467 0.0812239349 0 0 0 1 0.436617404 0.0046757441 0.0000271180506 0.068379879 0.00467515457 -0.43660596 -0.00233049528 1.64785969 0.00000114894499 0.00233068387 -0.436630964 0.0296722166 0 0 0 1 0.436617404 0.00467574503 0.0000271057252 0.0683798566 0.00467515644 -0.43660596 -0.00233049481 1.5273093 0.0000011366227 0.00233068294 -0.436630964 0.029672211 0 0 0 1 0.216330886 0.351348013 -0.142854944 -1.42773283 0.261957884 -0.257341474 -0.236231714 0.957291722 -0.274282724 0.0313355699 -0.338288546 -0.100068457 0 0 0 1 0.216330916 0.351347983 -0.142854825 -1.42773247 0.261957884 -0.257341474 -0.236231655 0.836741209 -0.274282604 0.0313356295 -0.338288516 -0.100068808 0 0 0 1 0.138965636 0.247141346 -0.33205682 -1.0495832 0.143721282 -0.35728699 -0.205772161 1.32168698 -0.388181269 -0.0438083559 -0.19505918 0.120973118 0 0 0 1 0.138965636 0.247141317 -0.33205682 -1.04958308 0.143721312 -0.35728699 -0.205772117 1.20113671 -0.388181269 -0.043808382 -0.19505918 0.120973155 0 0 0 1 0.389995843 0.171995521 -0.094724454 -0.735960424 0.112835497 -0.368696541 -0.204897344 1.3240788 -0.160696372 0.158531815 -0.373759747 -0.617005944 0 0 0 1 0.389995813 0.17199555 -0.0947244465 -0.735960424 0.112835504 -0.368696511 -0.204897359 1.20352817 -0.160696372 0.15853183 -0.373759747 -0.617005944 0 0 0 1 0.40435034 -0.0398600399 0.159896329 0.250934601 -0.0362672992 -0.434808493 -0.0166796725 1.60867047 0.160755903 0.00216528145 -0.405965537 -0.0469542928 0 0 0 1 0.404349566 -0.0398600511 0.159898341 0.250934869 -0.0362672992 -0.434808493 -0.0166796651 1.48812032 0.160757899 0.00216507423 -0.405964732 -0.0469530076 0 0 0 1 -5.29674864e-8 0.220965788 -0.376598448 -0.838627517 -1.12156853e-8 -0.37659809 -0.220965669 1.29797328 -0.436637044 -1.68380314e-8 5.09536484e-8 6.72924685e-8 0 0 0 1 -5.88086841e-8 0.220965788 -0.376598448 -0.838627636 -1.12156817e-8 -0.37659809 -0.220965669 1.17742288 -0.436637044 -1.97940491e-8 5.599167e-8 7.85113912e-8 0 0 0 1 -0.163773805 0.403781742 0.0281153098 -1.36975074 -0.404584378 -0.164199144 0.00143140531 0.501394451 0.0118966149 -0.0255146381 0.435728699 0.136840597 0 0 0 1 0.0037660962 -0.0144205606 -0.4363828 -0.00127584627 -0.436575472 0.00616989005 -0.00397169683 -0.143169194 0.00629746821 0.436355412 -0.0143654179 -1.43394721 0 0 0 1 -0.0113256294 -0.0141988704 -0.436259329 -0.0145181064 -0.436444819 0.0066644568 0.0111134956 -0.38289541 0.00629729452 0.436355412 -0.014365592 -1.43394721 0 0 0 1 0.0367871858 0.434858024 -0.0140453083 -1.38383639 -0.435067475 0.0366409868 -0.00507534947 -0.765562177 -0.00387599063 0.0144223096 0.436381698 -0.0087086549 0 0 0 1 -0.225356057 0.372355998 -0.0348960012 -1.62950361 -0.373705924 -0.225784808 0.00414286321 0.0676815808 -0.0145116961 0.0320046321 0.435220748 -0.0906367823 0 0 0 1 -0.225356027 0.372355998 -0.0348959975 -1.62950349 -0.373705924 -0.225784808 0.00414286694 -0.0309488419 -0.0145116923 0.0320046321 0.435220748 -0.0906367674 0 0 0 1 -0.163458407 -0.0802407637 -0.396856129 -0.00218097679 -0.369140953 -0.146289662 0.181621417 -0.102765068 -0.166338101 0.403500706 -0.0130724832 -1.58633518 0 0 0 1 -0.163458377 -0.080240868 -0.396856129 -0.0021805875 -0.369140923 -0.146289691 0.181621432 -0.201395378 -0.166338131 0.403500676 -0.0130725689 -1.58633506 0 0 0 1 -3.52002405e-9 0.43663168 9.73888177e-7 -1.42451227 0.436637193 4.74579707e-7 1.01663602e-7 0.739077806 1.21993204e-9 0.0000022605127 -0.436637104 -0.0354941189 0 0 0 1 0 0.43663168 9.69874577e-7 -1.42451227 0.436637193 4.71059707e-7 1.00443664e-7 0.640447438 0 0.0000022564991 -0.436637104 -0.0354941078 0 0 0 1 -0.0378099754 0.434997022 -1.2562063e-7 -1.42179918 -0.434996903 -0.0378099866 -3.14173008e-8 -0.425277561 1.14306173e-8 9.46773504e-9 0.436637163 0.0511754677 0 0 0 1 -0.0378099866 0.434997022 -3.04995957e-8 -1.42179918 -0.434996933 -0.0378100052 -3.3990144e-8 -0.665185571 1.71043091e-8 -8.55187992e-8 0.436637163 0.0511757694 0 0 0 1 0.00310560572 0.436626196 -1.39990291e-7 -1.48595273 -0.436626107 0.0031055992 -4.697376e-8 -0.609558046 -7.94881216e-10 2.48376377e-8 0.436637163 0.0475264192 0 0 0 1 0.00310561317 0.436626196 -4.51545148e-8 -1.4859525 -0.436626107 0.00310560688 -4.62367105e-8 -0.849465966 -7.32372774e-10 -7.00010077e-8 0.436637163 0.0475267433 0 0 0 1 -4.87980367e-9 0.436637223 -1.67973099e-7 -1.49000084 -0.436637253 -1.01662634e-8 -4.54431728e-8 -0.338494003 -3.55819318e-10 5.73642183e-8 0.436637253 0.051672928 0 0 0 1 0 0.436637223 -4.6783871e-8 -1.49000084 -0.436637253 -5.28646016e-9 -4.50873578e-8 -0.569962263 0 -6.38249986e-8 0.436637253 0.0516733415 0 0 0 1 0.163774028 0.403781593 0.0281152725 -1.3697505 0.404584169 -0.164199367 0.00143153686 0.501395285 0.0118965944 0.0255145561 -0.43572855 -0.136840299 0 0 0 1 -0.00376610621 -0.0144205363 -0.436382592 -0.00127593789 0.436575443 0.00616965024 -0.00397153571 -0.143168226 0.00629720138 -0.436355382 0.0143653797 1.43394685 0 0 0 1 0.0113256257 -0.0141988797 -0.436259121 -0.0145180374 0.436444819 0.00666448334 0.0111136474 -0.38289541 0.00629729498 -0.436355382 0.0143655865 1.43394709 0 0 0 1 -0.0367874913 0.434857965 -0.0140452692 -1.38383591 0.435067445 0.0366413221 -0.00507518277 -0.765563428 -0.00387597666 -0.0144222733 -0.436381519 0.00870853383 0 0 0 1 0.225355864 0.372356117 -0.0348958746 -1.62950385 0.373706043 -0.225784615 0.00414299499 0.0676811039 -0.0145116644 -0.0320046172 -0.435220659 0.0906367227 0 0 0 1 0.225355864 0.372356087 -0.0348958857 -1.62950397 0.373706073 -0.22578463 0.00414299499 -0.0327656232 -0.0145116681 -0.0320046246 -0.435220659 0.09063676 0 0 0 1 0.163458407 -0.0802408531 -0.39685595 -0.00218055444 0.369141072 -0.146289304 0.181621522 -0.102766179 -0.166337833 -0.403500795 0.0130725987 1.58633542 0 0 0 1 0.163458481 -0.0802407786 -0.396855921 -0.00218090392 0.369141012 -0.146289364 0.181621581 -0.203212559 -0.166337848 -0.403500825 0.0130724879 1.58633542 0 0 0 1 -0.0031056162 0.436626136 -1.91559124e-7 -1.48595273 0.436626017 0.00310563971 1.13722315e-7 -0.609558165 -1.34984535e-9 -9.15338703e-8 -0.436636984 -0.0475261472 0 0 0 1 -0.00310561294 0.436626136 -9.88947804e-8 -1.48595273 0.436626017 0.00310563692 1.15488703e-7 -0.849466085 -2.4258659e-10 1.14071841e-9 -0.436636984 -0.0475264639 0 0 0 1 0.0378099456 0.434997052 -1.62261259e-7 -1.42179954 0.434996963 -0.0378099345 1.29351719e-7 -0.425277919 3.91173138e-9 -7.24907778e-8 -0.436637014 -0.051175233 0 0 0 1 0.0378099605 0.434996992 -9.13767693e-8 -1.42179942 0.434996933 -0.0378099494 1.28812118e-7 -0.665185869 9.5122985e-9 -1.82579241e-9 -0.436636984 -0.0511754565 0 0 0 1 -4.87980012e-9 0.436637133 -1.84239013e-7 -1.49000061 0.436637074 2.64322768e-8 1.14573616e-7 -0.338494062 5.97267735e-10 -8.989619e-8 -0.436637074 -0.0516727939 0 0 0 1 0 0.436637133 -9.88955904e-8 -1.49000061 0.436637104 2.15524789e-8 1.13976355e-7 -0.569962382 0 -4.55275595e-9 -0.436637044 -0.0516730845 0 0 0 1 -1.87404083e-7 0.025013078 -0.43592003 -0.0705054179 6.51701082e-10 -0.43592003 -0.0250130817 1.10452199 -0.436637074 -1.40568499e-8 1.88189361e-7 3.86970953e-8 0 0 0 1 0.434716344 0.0409099646 -1.60904563e-7 -0.240237683 0.0409099646 -0.434716284 4.41091323e-8 0.891170979 -1.5506339e-7 -6.26299084e-8 -0.436637074 -0.0149998823 0 0 0 1 0.434716344 0.0409099646 -1.41831947e-7 -0.240237683 0.0409099646 -0.434716284 4.03474374e-8 0.710343421 -1.36427133e-7 -5.70977896e-8 -0.436637074 -0.0149998963 0 0 0 1 0.436622173 0.00360840466 6.64953177e-8 -0.154106691 0.0036075972 -0.436524302 -0.00924563035 0.891533256 -0.0000763388016 0.00924530998 -0.436539143 -0.0424755029 0 0 0 1 0.436622173 0.00360839721 2.13252118e-8 -0.154106662 0.00360758882 -0.436524302 -0.00924562849 0.710705876 -0.0000763838107 0.00924530905 -0.436539143 -0.042475488 0 0 0 1 0.43013522 0.0657847896 0.036165636 -0.179313019 0.0750705972 -0.376930296 -0.207219303 0.821807921 1.01717511e-7 0.210351601 -0.382627964 -0.6102193 0 0 0 1 0.43013522 0.0657847896 0.0361656807 -0.179312989 0.0750706121 -0.376930267 -0.207219332 0.640980482 1.38931213e-7 0.210351586 -0.382627934 -0.61021924 0 0 0 1 -0.43013531 0.0657848641 0.0361655205 -0.179391369 -0.0750705972 -0.376930386 -0.207219347 0.821495831 -2.48091574e-8 -0.210351616 0.382627904 0.610375643 0 0 0 1 -0.43013531 0.0657848641 0.0361655354 -0.179391325 -0.0750706047 -0.376930386 -0.207219347 0.640668154 -1.24045787e-8 -0.210351586 0.382627904 0.610375583 0 0 0 1 7.80509168e-9 0.0311513022 -0.435524434 -0.0758259594 -1.98828265e-9 -0.435524404 -0.0311513022 0.979975164 -0.436637104 -1.30580102e-10 -6.51296528e-9 0.0800452009 0 0 0 1 -1.91967739e-8 0.0355241001 -0.435189605 -0.0817414746 -2.56982013e-9 -0.435189605 -0.0355241001 0.588556051 -0.436637074 -1.67115888e-9 2.04726014e-8 0.0800452232 0 0 0 1 -3.34343575e-8 -0.436636329 -0.000813569583 0.140323728 1.3186253e-8 -0.000813634659 0.436636269 0.0708097219 -0.436636984 3.07390913e-8 1.43789212e-8 0.0800451934 0 0 0 1 -3.3434354e-8 -0.436636329 -0.000813564227 0.140323713 1.3186253e-8 -0.000813629245 0.436636269 -0.383496284 -0.436636984 3.07390877e-8 1.43789212e-8 0.0800451934 0 0 0 1 -0.000775590946 0.00614034617 -0.436593175 0.0616296902 0.0547196381 -0.4331505 -0.0061891363 1.07831597 -0.433194041 -0.0547251441 -1.1365691e-7 0.182702273 0 0 0 1 -0.000775592111 0.00614034897 -0.436593175 0.0616296791 0.0547196269 -0.4331505 -0.00618914003 0.897488594 -0.433194041 -0.0547251366 -1.12881622e-7 0.182702273 0 0 0 1 0.000775364751 0.00614037039 -0.436593175 0.0616296269 -0.0547195747 -0.43315053 -0.00618913211 1.07831609 -0.433194041 0.0547250658 3.42211194e-7 -0.182702109 0 0 0 1 0.000774586515 0.00614047237 -0.436593175 0.0616292916 -0.0547195822 -0.43315053 -0.00618913677 0.897488594 -0.433194041 0.0547250621 0.0000011270331 -0.182702273 0 0 0 1 7.80509168e-9 0.0311513022 -0.435524434 -0.0758259594 -1.98828265e-9 -0.435524404 -0.0311513022 0.979975164 -0.436637104 -1.30580102e-10 -6.51296528e-9 -0.0800452009 0 0 0 1 -1.91967793e-8 0.0355241075 -0.435189605 -0.0817414895 -2.56982013e-9 -0.435189605 -0.0355241075 0.588556051 -0.436637074 -1.67115921e-9 2.04726067e-8 -0.0800451934 0 0 0 1 -4.73747264e-9 -0.436636299 -0.000813436054 0.14032346 -1.54569779e-8 -0.000813436054 0.436636299 0.0708096847 -0.436636984 2.09562323e-9 -1.43177328e-8 -0.0800451934 0 0 0 1 -4.73747708e-9 -0.436636299 -0.00081343489 0.140323445 -1.54569815e-8 -0.00081343489 0.436636299 -0.383496433 -0.436636984 2.09562767e-9 -1.43177363e-8 -0.0800451934 0 0 0 1 -0.434716374 0.0409099534 -9.66053122e-8 -0.240237653 -0.0409099497 -0.434716314 4.03574312e-8 0.891171038 -9.28524884e-8 5.76730912e-8 0.436637104 0.0149999149 0 0 0 1 -0.434716344 0.0409099571 -5.20214556e-8 -0.240237653 -0.0409099571 -0.434716284 3.795083e-8 0.71034354 -4.86902429e-8 5.10998746e-8 0.436637074 0.014999941 0 0 0 1 -0.436622173 0.00360833551 0.00000231626882 -0.154106423 -0.0036075809 -0.436524302 -0.00924562849 0.891533494 -0.0000740906398 -0.00924532861 0.436539143 0.0424763002 0 0 0 1 -0.436622173 0.00360835507 0.00000201195462 -0.154106468 -0.00360759394 -0.436524302 -0.00924563222 0.710705996 -0.0000743953133 -0.00924532954 0.436539143 0.0424761958 0 0 0 1</float_array><technique_common><accessor source="#aqua-controller-2-bind-poses-array" count="77" stride="16"><param name="TRANSFORM" type="float4x4"/></accessor></technique_common></source><source id="aqua-controller-2-weights"><float_array id="aqua-controller-2-weights-array" count="3020">0.8984375 0.1015625 0 0 0.8984375 0.1015625 0 0 1 0 0 0 1 0 0 0 1 0 0 0 1 0 0 0 1 0 0 0 1 0 0 0 1 0 0 0 1 0 0 0 0.8984375 0.1015625 0 0 0.8984375 0.1015625 0 0 1 0 0 0 1 0 0 0 1 0 0 0 1 0 0 0 1 0 0 0 1 0 0 0 1 0 0 0 1 0 0 0 1 0 0 0 1 0 0 0 1 0 0 0 1 0 0 0 1 0 0 0 1 0 0 0 1 0 0 0 1 0 0 0 0.796875 0.203125 0 0 1 0 0 0 1 0 0 0 0.796875 0.203125 0 0 1 0 0 0 1 0 0 0 0.796875 0.203125 0 0 1 0 0 0 1 0 0 0 1 0 0 0 1 0 0 0 1 0 0 0 1 0 0 0 0.5 0.5 0 0 1 0 0 0 1 0 0 0 1 0 0 0 1 0 0 0 0.6015625 0.3984375 0 0 0.703125 0.296875 0 0 0.703125 0.296875 0 0 0.703125 0.296875 0 0 1 0 0 0 1 0 0 0 1 0 0 0 1 0 0 0 1 0 0 0 1 0 0 0 1 0 0 0 1 0 0 0 1 0 0 0 1 0 0 0 1 0 0 0 1 0 0 0 1 0 0 0 0.8984375 0.1015625 0 0 0.796875 0.203125 0 0 1 0 0 0 1 0 0 0 1 0 0 0 0.5 0.5 0 0 1 0 0 0 1 0 0 0 1 0 0 0 1 0 0 0 1 0 0 0 1 0 0 0 1 0 0 0 1 0 0 0 1 0 0 0 1 0 0 0 1 0 0 0 1 0 0 0 1 0 0 0 0.5 0.5 0 0 1 0 0 0 1 0 0 0 1 0 0 0 0.5 0.5 0 0 0.5 0.5 0 0 0.5 0.5 0 0 0.5 0.5 0 0 0.5 0.5 0 0 1 0 0 0 1 0 0 0 1 0 0 0 1 0 0 0 1 0 0 0 1 0 0 0 1 0 0 0 1 0 0 0 1 0 0 0 1 0 0 0 1 0 0 0 1 0 0 0 1 0 0 0 0.5 0.5 0 0 0.5 0.5 0 0 0.5 0.5 0 0 0.5 0.5 0 0 0.984375 0.015625 0 0 1 0 0 0 1 0 0 0 0.8984375 0.1015625 0 0 1 0 0 0 1 0 0 0 1 0 0 0 0.90625 0.09375 0 0 1 0 0 0 1 0 0 0 1 0 0 0 1 0 0 0 1 0 0 0 1 0 0 0 1 0 0 0 1 0 0 0 1 0 0 0 1 0 0 0 1 0 0 0 1 0 0 0 1 0 0 0 1 0 0 0 1 0 0 0 1 0 0 0 1 0 0 0 1 0 0 0 1 0 0 0 1 0 0 0 1 0 0 0 1 0 0 0 1 0 0 0 1 0 0 0 1 0 0 0 1 0 0 0 1 0 0 0 1 0 0 0 1 0 0 0 1 0 0 0 1 0 0 0 1 0 0 0 1 0 0 0 1 0 0 0 1 0 0 0 1 0 0 0 1 0 0 0 1 0 0 0 1 0 0 0 1 0 0 0 1 0 0 0 1 0 0 0 1 0 0 0 1 0 0 0 1 0 0 0 1 0 0 0 1 0 0 0 1 0 0 0 1 0 0 0 1 0 0 0 1 0 0 0 1 0 0 0 0.90625 0.09375 0 0 1 0 0 0 1 0 0 0 1 0 0 0 1 0 0 0 1 0 0 0 1 0 0 0 1 0 0 0 1 0 0 0 1 0 0 0 1 0 0 0 1 0 0 0 1 0 0 0 1 0 0 0 1 0 0 0 1 0 0 0 1 0 0 0 1 0 0 0 1 0 0 0 1 0 0 0 1 0 0 0 1 0 0 0 1 0 0 0 1 0 0 0 1 0 0 0 1 0 0 0 1 0 0 0 1 0 0 0 1 0 0 0 1 0 0 0 1 0 0 0 1 0 0 0 1 0 0 0 1 0 0 0 1 0 0 0 1 0 0 0 1 0 0 0 1 0 0 0 1 0 0 0 1 0 0 0 1 0 0 0 1 0 0 0 1 0 0 0 1 0 0 0 1 0 0 0 1 0 0 0 1 0 0 0 1 0 0 0 1 0 0 0 1 0 0 0 1 0 0 0 1 0 0 0 1 0 0 0 1 0 0 0 1 0 0 0 1 0 0 0 1 0 0 0 1 0 0 0 1 0 0 0 1 0 0 0 1 0 0 0 1 0 0 0 1 0 0 0 1 0 0 0 1 0 0 0 1 0 0 0 1 0 0 0 1 0 0 0 1 0 0 0 1 0 0 0 1 0 0 0 1 0 0 0 1 0 0 0 1 0 0 0 1 0 0 0 1 0 0 0 1 0 0 0 1 0 0 0 1 0 0 0 1 0 0 0 1 0 0 0 1 0 0 0 1 0 0 0 1 0 0 0 1 0 0 0 1 0 0 0 1 0 0 0 1 0 0 0 1 0 0 0 0.8984375 0.1015625 0 0 1 0 0 0 1 0 0 0 1 0 0 0 1 0 0 0 0.984375 0.015625 0 0 1 0 0 0 1 0 0 0 1 0 0 0 1 0 0 0 1 0 0 0 1 0 0 0 1 0 0 0 1 0 0 0 1 0 0 0 1 0 0 0 1 0 0 0 1 0 0 0 1 0 0 0 1 0 0 0 0.5 0.5 0 0 1 0 0 0 1 0 0 0 0.5 0.5 0 0 0.5 0.5 0 0 1 0 0 0 1 0 0 0 1 0 0 0 1 0 0 0 1 0 0 0 1 0 0 0 1 0 0 0 1 0 0 0 1 0 0 0 1 0 0 0 1 0 0 0 1 0 0 0 1 0 0 0 1 0 0 0 1 0 0 0 1 0 0 0 1 0 0 0 1 0 0 0 1 0 0 0 1 0 0 0 1 0 0 0 1 0 0 0 1 0 0 0 1 0 0 0 1 0 0 0 1 0 0 0 1 0 0 0 1 0 0 0 1 0 0 0 1 0 0 0 1 0 0 0 1 0 0 0 1 0 0 0 1 0 0 0 1 0 0 0 1 0 0 0 1 0 0 0 1 0 0 0 1 0 0 0 1 0 0 0 1 0 0 0 1 0 0 0 1 0 0 0 1 0 0 0 1 0 0 0 1 0 0 0 1 0 0 0 1 0 0 0 1 0 0 0 1 0 0 0 1 0 0 0 1 0 0 0 1 0 0 0 1 0 0 0 1 0 0 0 1 0 0 0 1 0 0 0 1 0 0 0 1 0 0 0 1 0 0 0 1 0 0 0 1 0 0 0 1 0 0 0 1 0 0 0 1 0 0 0 1 0 0 0 1 0 0 0 1 0 0 0 1 0 0 0 1 0 0 0 1 0 0 0 1 0 0 0 0.8046875 0.1953125 0 0 1 0 0 0 1 0 0 0 1 0 0 0 1 0 0 0 1 0 0 0 1 0 0 0 1 0 0 0 1 0 0 0 1 0 0 0 1 0 0 0 1 0 0 0 1 0 0 0 1 0 0 0 1 0 0 0 1 0 0 0 0.6015625 0.3984375 0 0 0.90625 0.09375 0 0 0.90625 0.09375 0 0 0.90625 0.09375 0 0 0.90625 0.09375 0 0 0.8984375 0.1015625 0 0 0.8984375 0.1015625 0 0 0.8984375 0.1015625 0 0 1 0 0 0 1 0 0 0 1 0 0 0 1 0 0 0 1 0 0 0 1 0 0 0 1 0 0 0 1 0 0 0 1 0 0 0 1 0 0 0 1 0 0 0 1 0 0 0 1 0 0 0 1 0 0 0 0.8046875 0.1953125 0 0 0.8046875 0.1953125 0 0 1 0 0 0 0.8984375 0.1015625 0 0 0.8984375 0.1015625 0 0 0.8984375 0.1015625 0 0 0.8984375 0.1015625 0 0 0.8984375 0.1015625 0 0 0.8984375 0.1015625 0 0 0.8046875 0.1953125 0 0 0.8046875 0.1953125 0 0 1 0 0 0 1 0 0 0 1 0 0 0 1 0 0 0 0.8984375 0.1015625 0 0 0.8984375 0.1015625 0 0 0.8984375 0.1015625 0 0 1 0 0 0 1 0 0 0 0.90625 0.09375 0 0 0.90625 0.09375 0 0 1 0 0 0 1 0 0 0 1 0 0 0 1 0 0 0 1 0 0 0 1 0 0 0 1 0 0 0 1 0 0 0 1 0 0 0 1 0 0 0 1 0 0 0 1 0 0 0 1 0 0 0 1 0 0 0 1 0 0 0 1 0 0 0 1 0 0 0 1 0 0 0 1 0 0 0 1 0 0 0 1 0 0 0 1 0 0 0 1 0 0 0 1 0 0 0 1 0 0 0 1 0 0 0 1 0 0 0 1 0 0 0 1 0 0 0 1 0 0 0 1 0 0 0 1 0 0 0 1 0 0 0 1 0 0 0 1 0 0 0 1 0 0 0 1 0 0 0 1 0 0 0 1 0 0 0 1 0 0 0 1 0 0 0 1 0 0 0 1 0 0 0 0.796875 0.203125 0 0 1 0 0 0 1 0 0 0 1 0 0 0 1 0 0 0 1 0 0 0 1 0 0 0 1 0 0 0 1 0 0 0 1 0 0 0 1 0 0 0 1 0 0 0 1 0 0 0 1 0 0 0 1 0 0 0 1 0 0 0 1 0 0 0 1 0 0 0 1 0 0 0 1 0 0 0 1 0 0 0 1 0 0 0 1 0 0 0 1 0 0 0 1 0 0 0 1 0 0 0 1 0 0 0 1 0 0 0 1 0 0 0 1 0 0 0 1 0 0 0 1 0 0 0 1 0 0 0 1 0 0 0 1 0 0 0 1 0 0 0 1 0 0 0 1 0 0 0 1 0 0 0 1 0 0 0 1 0 0 0 1 0 0 0 1 0 0 0 1 0 0 0 1 0 0 0 1 0 0 0 1 0 0 0 1 0 0 0 1 0 0 0 1 0 0 0 1 0 0 0 1 0 0 0 1 0 0 0 1 0 0 0 1 0 0 0 1 0 0 0 1 0 0 0 1 0 0 0 1 0 0 0 1 0 0 0 1 0 0 0 1 0 0 0 1 0 0 0 1 0 0 0 1 0 0 0 1 0 0 0 1 0 0 0 1 0 0 0 1 0 0 0 1 0 0 0 1 0 0 0 1 0 0 0 0.796875 0.203125 0 0 1 0 0 0 0.796875 0.203125 0 0 1 0 0 0 0.796875 0.203125 0 0 1 0 0 0 0.796875 0.203125 0 0 0.796875 0.203125 0 0 1 0 0 0 0.703125 0.296875 0 0 0.703125 0.296875 0 0 0.703125 0.296875 0 0 1 0 0 0 1 0 0 0 1 0 0 0 1 0 0 0 1 0 0 0 1 0 0 0 0.5 0.5 0 0 1 0 0 0 1 0 0 0 1 0 0 0 1 0 0 0 1 0 0 0 1 0 0 0 1 0 0 0 1 0 0 0 1 0 0 0 1 0 0 0 1 0 0 0 1 0 0 0 1 0 0 0 1 0 0 0 1 0 0 0 1 0 0 0 1 0 0 0 1 0 0 0 1 0 0 0 1 0 0 0 0.8046875 0.1953125 0 0 1 0 0 0 0.5 0.5 0 0 1 0 0 0 0.5 0.5 0 0 1 0 0 0 1 0 0 0 1 0 0 0 1 0 0 0 1 0 0 0 1 0 0 0 1 0 0 0 1 0 0 0 1 0 0 0 1 0 0 0 0.703125 0.296875 0 0 1 0 0 0 1 0 0 0 1 0 0 0 1 0 0 0 1 0 0 0 1 0 0 0 1 0 0 0 1 0 0 0 1 0 0 0 1 0 0 0 1 0 0 0 1 0 0 0 1 0 0 0 1 0 0 0 1 0 0 0 1 0 0 0 1 0 0 0 1 0 0 0 1 0 0 0 1 0 0 0 0.5 0.5 0 0 0.703125 0.296875 0 0 1 0 0 0 1 0 0 0 1 0 0 0 1 0 0 0 1 0 0 0 1 0 0 0 1 0 0 0 1 0 0 0 1 0 0 0 1 0 0 0 1 0 0 0 1 0 0 0 1 0 0 0 1 0 0 0 1 0 0 0 1 0 0 0 0.796875 0.203125 0 0 0.796875 0.203125 0 0 1 0 0 0 1 0 0 0 1 0 0 0 1 0 0 0 1 0 0 0 1 0 0 0 1 0 0 0 1 0 0 0 1 0 0 0 1 0 0 0 1 0 0 0 0.5 0.5 0 0 1 0 0 0 1 0 0 0 1 0 0 0 1 0 0 0 1 0 0 0 1 0 0 0 1 0 0 0 0.5 0.5 0 0 1 0 0 0 1 0 0 0 1 0 0 0 1 0 0 0 1 0 0 0 1 0 0 0 1 0 0 0 1 0 0 0 1 0 0 0 1 0 0 0 1 0 0 0 1 0 0 0 1 0 0 0 1 0 0 0 1 0 0 0 1 0 0 0 1 0 0 0 1 0 0 0 1 0 0 0 1 0 0 0 1 0 0 0 1 0 0 0 1 0 0 0 1 0 0 0 1 0 0 0 1 0 0 0 1 0 0 0 1 0 0 0 1 0 0 0 0.703125 0.296875 0 0 0.703125 0.296875 0 0 1 0 0 0 1 0 0 0 1 0 0 0 1 0 0 0 1 0 0 0 1 0 0 0 1 0 0 0 1 0 0 0 1 0 0 0 1 0 0 0 1 0 0 0 1 0 0 0 1 0 0 0 1 0 0 0 1 0 0 0 1 0 0 0 1 0 0 0 1 0 0 0 1 0 0 0 1 0 0 0 1 0 0 0 1 0 0 0 1 0 0 0 1 0 0 0 1 0 0 0 1 0 0 0 0.703125 0.296875 0 0 1 0 0 0 1 0 0 0 1 0 0 0 1 0 0 0 1 0 0 0 1 0 0 0 1 0 0 0 1 0 0 0 1 0 0 0 1 0 0 0 1 0 0 0 1 0 0 0 1 0 0 0 1 0 0 0 1 0 0 0 1 0 0 0 1 0 0 0 1 0 0 0 1 0 0 0 0.5 0.5 0 0 0.5 0.5 0 0 0.5 0.5 0 0 0.5 0.5 0 0 0.5 0.5 0 0 1 0 0 0 1 0 0 0 1 0 0 0 1 0 0 0 1 0 0 0 1 0 0 0 1 0 0 0 1 0 0 0 1 0 0 0 1 0 0 0 1 0 0 0 1 0 0 0 1 0 0 0 1 0 0 0 1 0 0 0 1 0 0 0 1 0 0 0 1 0 0 0 1 0 0 0 1 0 0 0 1 0 0 0 1 0 0 0 0.5 0.5 0 0 0.5 0.5 0 0 1 0 0 0 0.5 0.5 0 0 0.5 0.5 0 0 0.8984375 0.1015625 0 0 0.8984375 0.1015625 0 0</float_array><technique_common><accessor source="#aqua-controller-2-weights-array" count="3020" stride="1"><param name="WEIGHT" type="float"/></accessor></technique_common></source><joints><input semantic="JOINT" source="#aqua-controller-2-joints"/><input semantic="INV_BIND_MATRIX" source="#aqua-controller-2-bind-poses"/></joints><vertex_weights count="755"><input semantic="JOINT" source="#aqua-controller-2-joints" offset="0"/><input semantic="WEIGHT" source="#aqua-controller-2-weights" offset="1"/><vcount>4 4 4 4 4 4 4 4 4 4 4 4 4 4 4 4 4 4 4 4 4 4 4 4 4 4 4 4 4 4 4 4 4 4 4 4 4 4 4 4 4 4 4 4 4 4 4 4 4 4 4 4 4 4 4 4 4 4 4 4 4 4 4 4 4 4 4 4 4 4 4 4 4 4 4 4 4 4 4 4 4 4 4 4 4 4 4 4 4 4 4 4 4 4 4 4 4 4 4 4 4 4 4 4 4 4 4 4 4 4 4 4 4 4 4 4 4 4 4 4 4 4 4 4 4 4 4 4 4 4 4 4 4 4 4 4 4 4 4 4 4 4 4 4 4 4 4 4 4 4 4 4 4 4 4 4 4 4 4 4 4 4 4 4 4 4 4 4 4 4 4 4 4 4 4 4 4 4 4 4 4 4 4 4 4 4 4 4 4 4 4 4 4 4 4 4 4 4 4 4 4 4 4 4 4 4 4 4 4 4 4 4 4 4 4 4 4 4 4 4 4 4 4 4 4 4 4 4 4 4 4 4 4 4 4 4 4 4 4 4 4 4 4 4 4 4 4 4 4 4 4 4 4 4 4 4 4 4 4 4 4 4 4 4 4 4 4 4 4 4 4 4 4 4 4 4 4 4 4 4 4 4 4 4 4 4 4 4 4 4 4 4 4 4 4 4 4 4 4 4 4 4 4 4 4 4 4 4 4 4 4 4 4 4 4 4 4 4 4 4 4 4 4 4 4 4 4 4 4 4 4 4 4 4 4 4 4 4 4 4 4 4 4 4 4 4 4 4 4 4 4 4 4 4 4 4 4 4 4 4 4 4 4 4 4 4 4 4 4 4 4 4 4 4 4 4 4 4 4 4 4 4 4 4 4 4 4 4 4 4 4 4 4 4 4 4 4 4 4 4 4 4 4 4 4 4 4 4 4 4 4 4 4 4 4 4 4 4 4 4 4 4 4 4 4 4 4 4 4 4 4 4 4 4 4 4 4 4 4 4 4 4 4 4 4 4 4 4 4 4 4 4 4 4 4 4 4 4 4 4 4 4 4 4 4 4 4 4 4 4 4 4 4 4 4 4 4 4 4 4 4 4 4 4 4 4 4 4 4 4 4 4 4 4 4 4 4 4 4 4 4 4 4 4 4 4 4 4 4 4 4 4 4 4 4 4 4 4 4 4 4 4 4 4 4 4 4 4 4 4 4 4 4 4 4 4 4 4 4 4 4 4 4 4 4 4 4 4 4 4 4 4 4 4 4 4 4 4 4 4 4 4 4 4 4 4 4 4 4 4 4 4 4 4 4 4 4 4 4 4 4 4 4 4 4 4 4 4 4 4 4 4 4 4 4 4 4 4 4 4 4 4 4 4 4 4 4 4 4 4 4 4 4 4 4 4 4 4 4 4 4 4 4 4 4 4 4 4 4 4 4 4 4 4 4 4 4 4 4 4 4 4 4 4 4 4 4 4 4 4 4 4 4 4 4 4 4 4 4 4 4 4 4 4 4 4 4 4 4 4 4 4 4 4 4 4 4 4 4 4 4 4 4 4 4 4 4 4 4 4 4 4 4 4 4 4 4 4 4 4 4 4 4 4 4 4 4 4 4 4 4 4 4 4 4 4 4 4 4 4 4 4 4 4 4 4 4 4 4 4 4 4 4 4 4 4 4 4 4 4 4 4 4 4 4 4 4 4 4 4 4 4 4 4 4</vcount><v>67 0 52 1 0 2 0 3 67 4 52 5 0 6 0 7 52 8 0 9 0 10 0 11 52 12 0 13 0 14 0 15 52 16 0 17 0 18 0 19 67 20 0 21 0 22 0 23 67 24 0 25 0 26 0 27 67 28 0 29 0 30 0 31 67 32 0 33 0 34 0 35 67 36 0 37 0 38 0 39 52 40 2 41 0 42 0 43 52 44 2 45 0 46 0 47 39 48 0 49 0 50 0 51 39 52 0 53 0 54 0 55 39 56 0 57 0 58 0 59 39 60 0 61 0 62 0 63 39 64 0 65 0 66 0 67 39 68 0 69 0 70 0 71 39 72 0 73 0 74 0 75 39 76 0 77 0 78 0 79 39 80 0 81 0 82 0 83 39 84 0 85 0 86 0 87 39 88 0 89 0 90 0 91 39 92 0 93 0 94 0 95 39 96 0 97 0 98 0 99 39 100 0 101 0 102 0 103 39 104 0 105 0 106 0 107 39 108 0 109 0 110 0 111 39 112 38 113 0 114 0 115 39 116 0 117 0 118 0 119 39 120 0 121 0 122 0 123 39 124 38 125 0 126 0 127 39 128 0 129 0 130 0 131 39 132 0 133 0 134 0 135 39 136 3 137 0 138 0 139 39 140 0 141 0 142 0 143 48 144 0 145 0 146 0 147 48 148 0 149 0 150 0 151 48 152 0 153 0 154 0 155 48 156 0 157 0 158 0 159 48 160 0 161 0 162 0 163 40 164 48 165 0 166 0 167 39 168 0 169 0 170 0 171 39 172 0 173 0 174 0 175 38 176 0 177 0 178 0 179 38 180 0 181 0 182 0 183 3 184 38 185 0 186 0 187 38 188 39 189 0 190 0 191 38 192 39 193 0 194 0 195 38 196 39 197 0 198 0 199 39 200 0 201 0 202 0 203 40 204 0 205 0 206 0 207 40 208 0 209 0 210 0 211 2 212 0 213 0 214 0 215 52 216 0 217 0 218 0 219 52 220 0 221 0 222 0 223 52 224 0 225 0 226 0 227 52 228 0 229 0 230 0 231 3 232 0 233 0 234 0 235 3 236 0 237 0 238 0 239 2 240 0 241 0 242 0 243 3 244 0 245 0 246 0 247 3 248 0 249 0 250 0 251 3 252 2 253 0 254 0 255 3 256 2 257 0 258 0 259 3 260 0 261 0 262 0 263 3 264 0 265 0 266 0 267 3 268 0 269 0 270 0 271 40 272 48 273 0 274 0 275 39 276 0 277 0 278 0 279 39 280 0 281 0 282 0 283 39 284 0 285 0 286 0 287 39 288 0 289 0 290 0 291 39 292 0 293 0 294 0 295 39 296 0 297 0 298 0 299 39 300 0 301 0 302 0 303 39 304 0 305 0 306 0 307 39 308 0 309 0 310 0 311 39 312 0 313 0 314 0 315 39 316 0 317 0 318 0 319 40 320 0 321 0 322 0 323 40 324 0 325 0 326 0 327 40 328 46 329 0 330 0 331 46 332 0 333 0 334 0 335 46 336 0 337 0 338 0 339 46 340 0 341 0 342 0 343 40 344 46 345 0 346 0 347 40 348 46 349 0 350 0 351 40 352 46 353 0 354 0 355 40 356 48 357 0 358 0 359 40 360 48 361 0 362 0 363 39 364 0 365 0 366 0 367 39 368 0 369 0 370 0 371 39 372 0 373 0 374 0 375 39 376 0 377 0 378 0 379 39 380 0 381 0 382 0 383 39 384 0 385 0 386 0 387 39 388 0 389 0 390 0 391 40 392 0 393 0 394 0 395 40 396 0 397 0 398 0 399 39 400 0 401 0 402 0 403 39 404 0 405 0 406 0 407 39 408 0 409 0 410 0 411 39 412 0 413 0 414 0 415 40 416 48 417 0 418 0 419 40 420 48 421 0 422 0 423 40 424 46 425 0 426 0 427 40 428 46 429 0 430 0 431 40 432 39 433 0 434 0 435 40 436 0 437 0 438 0 439 40 440 0 441 0 442 0 443 40 444 39 445 0 446 0 447 40 448 0 449 0 450 0 451 40 452 0 453 0 454 0 455 40 456 0 457 0 458 0 459 39 460 40 461 0 462 0 463 39 464 0 465 0 466 0 467 39 468 0 469 0 470 0 471 39 472 0 473 0 474 0 475 39 476 0 477 0 478 0 479 39 480 0 481 0 482 0 483 39 484 0 485 0 486 0 487 40 488 0 489 0 490 0 491 52 492 0 493 0 494 0 495 52 496 0 497 0 498 0 499 52 500 0 501 0 502 0 503 52 504 0 505 0 506 0 507 52 508 0 509 0 510 0 511 52 512 0 513 0 514 0 515 52 516 0 517 0 518 0 519 52 520 0 521 0 522 0 523 52 524 0 525 0 526 0 527 52 528 0 529 0 530 0 531 73 532 0 533 0 534 0 535 73 536 0 537 0 538 0 539 73 540 0 541 0 542 0 543 52 544 0 545 0 546 0 547 52 548 0 549 0 550 0 551 52 552 0 553 0 554 0 555 73 556 0 557 0 558 0 559 73 560 0 561 0 562 0 563 73 564 0 565 0 566 0 567 52 568 0 569 0 570 0 571 52 572 0 573 0 574 0 575 52 576 0 577 0 578 0 579 52 580 0 581 0 582 0 583 52 584 0 585 0 586 0 587 52 588 0 589 0 590 0 591 52 592 0 593 0 594 0 595 52 596 0 597 0 598 0 599 53 600 0 601 0 602 0 603 53 604 0 605 0 606 0 607 53 608 0 609 0 610 0 611 53 612 0 613 0 614 0 615 53 616 0 617 0 618 0 619 53 620 0 621 0 622 0 623 53 624 0 625 0 626 0 627 53 628 0 629 0 630 0 631 53 632 0 633 0 634 0 635 53 636 0 637 0 638 0 639 52 640 0 641 0 642 0 643 52 644 0 645 0 646 0 647 52 648 0 649 0 650 0 651 23 652 0 653 0 654 0 655 23 656 0 657 0 658 0 659 23 660 0 661 0 662 0 663 23 664 0 665 0 666 0 667 23 668 0 669 0 670 0 671 23 672 24 673 0 674 0 675 23 676 0 677 0 678 0 679 73 680 0 681 0 682 0 683 73 684 0 685 0 686 0 687 57 688 0 689 0 690 0 691 57 692 0 693 0 694 0 695 57 696 0 697 0 698 0 699 59 700 0 701 0 702 0 703 59 704 0 705 0 706 0 707 59 708 0 709 0 710 0 711 59 712 0 713 0 714 0 715 59 716 0 717 0 718 0 719 59 720 0 721 0 722 0 723 59 724 0 725 0 726 0 727 57 728 0 729 0 730 0 731 52 732 0 733 0 734 0 735 52 736 0 737 0 738 0 739 75 740 0 741 0 742 0 743 75 744 0 745 0 746 0 747 75 748 0 749 0 750 0 751 75 752 0 753 0 754 0 755 75 756 0 757 0 758 0 759 75 760 0 761 0 762 0 763 75 764 0 765 0 766 0 767 75 768 0 769 0 770 0 771 75 772 0 773 0 774 0 775 75 776 0 777 0 778 0 779 75 780 0 781 0 782 0 783 75 784 0 785 0 786 0 787 57 788 0 789 0 790 0 791 57 792 0 793 0 794 0 795 52 796 0 797 0 798 0 799 57 800 0 801 0 802 0 803 52 804 0 805 0 806 0 807 57 808 0 809 0 810 0 811 59 812 0 813 0 814 0 815 71 816 0 817 0 818 0 819 71 820 0 821 0 822 0 823 71 824 0 825 0 826 0 827 71 828 0 829 0 830 0 831 71 832 0 833 0 834 0 835 71 836 0 837 0 838 0 839 71 840 0 841 0 842 0 843 71 844 0 845 0 846 0 847 71 848 0 849 0 850 0 851 71 852 0 853 0 854 0 855 70 856 0 857 0 858 0 859 71 860 0 861 0 862 0 863 70 864 0 865 0 866 0 867 70 868 0 869 0 870 0 871 70 872 0 873 0 874 0 875 70 876 0 877 0 878 0 879 70 880 0 881 0 882 0 883 71 884 0 885 0 886 0 887 71 888 0 889 0 890 0 891 71 892 0 893 0 894 0 895 71 896 0 897 0 898 0 899 71 900 0 901 0 902 0 903 71 904 0 905 0 906 0 907 71 908 0 909 0 910 0 911 71 912 0 913 0 914 0 915 71 916 0 917 0 918 0 919 71 920 0 921 0 922 0 923 71 924 0 925 0 926 0 927 71 928 0 929 0 930 0 931 71 932 0 933 0 934 0 935 71 936 0 937 0 938 0 939 71 940 0 941 0 942 0 943 71 944 0 945 0 946 0 947 71 948 0 949 0 950 0 951 71 952 0 953 0 954 0 955 71 956 0 957 0 958 0 959 70 960 0 961 0 962 0 963 70 964 0 965 0 966 0 967 70 968 0 969 0 970 0 971 71 972 0 973 0 974 0 975 71 976 0 977 0 978 0 979 71 980 0 981 0 982 0 983 71 984 0 985 0 986 0 987 71 988 0 989 0 990 0 991 71 992 0 993 0 994 0 995 71 996 0 997 0 998 0 999 71 1000 0 1001 0 1002 0 1003 71 1004 0 1005 0 1006 0 1007 52 1008 0 1009 0 1010 0 1011 52 1012 0 1013 0 1014 0 1015 52 1016 0 1017 0 1018 0 1019 52 1020 0 1021 0 1022 0 1023 24 1024 0 1025 0 1026 0 1027 24 1028 23 1029 0 1030 0 1031 24 1032 0 1033 0 1034 0 1035 24 1036 0 1037 0 1038 0 1039 24 1040 0 1041 0 1042 0 1043 24 1044 0 1045 0 1046 0 1047 24 1048 23 1049 0 1050 0 1051 55 1052 0 1053 0 1054 0 1055 55 1056 0 1057 0 1058 0 1059 55 1060 0 1061 0 1062 0 1063 55 1064 0 1065 0 1066 0 1067 55 1068 0 1069 0 1070 0 1071 55 1072 0 1073 0 1074 0 1075 55 1076 0 1077 0 1078 0 1079 65 1080 0 1081 0 1082 0 1083 65 1084 0 1085 0 1086 0 1087 65 1088 0 1089 0 1090 0 1091 65 1092 0 1093 0 1094 0 1095 55 1096 0 1097 0 1098 0 1099 55 1100 0 1101 0 1102 0 1103 55 1104 0 1105 0 1106 0 1107 24 1108 34 1109 0 1110 0 1111 34 1112 0 1113 0 1114 0 1115 34 1116 0 1117 0 1118 0 1119 24 1120 34 1121 0 1122 0 1123 24 1124 34 1125 0 1126 0 1127 55 1128 0 1129 0 1130 0 1131 55 1132 0 1133 0 1134 0 1135 52 1136 0 1137 0 1138 0 1139 52 1140 0 1141 0 1142 0 1143 52 1144 0 1145 0 1146 0 1147 52 1148 0 1149 0 1150 0 1151 62 1152 0 1153 0 1154 0 1155 62 1156 0 1157 0 1158 0 1159 62 1160 0 1161 0 1162 0 1163 62 1164 0 1165 0 1166 0 1167 62 1168 0 1169 0 1170 0 1171 63 1172 0 1173 0 1174 0 1175 62 1176 0 1177 0 1178 0 1179 63 1180 0 1181 0 1182 0 1183 63 1184 0 1185 0 1186 0 1187 63 1188 0 1189 0 1190 0 1191 63 1192 0 1193 0 1194 0 1195 63 1196 0 1197 0 1198 0 1199 63 1200 0 1201 0 1202 0 1203 63 1204 0 1205 0 1206 0 1207 63 1208 0 1209 0 1210 0 1211 63 1212 0 1213 0 1214 0 1215 63 1216 0 1217 0 1218 0 1219 63 1220 0 1221 0 1222 0 1223 63 1224 0 1225 0 1226 0 1227 63 1228 0 1229 0 1230 0 1231 63 1232 0 1233 0 1234 0 1235 63 1236 0 1237 0 1238 0 1239 63 1240 0 1241 0 1242 0 1243 63 1244 0 1245 0 1246 0 1247 63 1248 0 1249 0 1250 0 1251 63 1252 0 1253 0 1254 0 1255 63 1256 0 1257 0 1258 0 1259 63 1260 0 1261 0 1262 0 1263 63 1264 0 1265 0 1266 0 1267 63 1268 0 1269 0 1270 0 1271 63 1272 0 1273 0 1274 0 1275 63 1276 0 1277 0 1278 0 1279 63 1280 0 1281 0 1282 0 1283 62 1284 0 1285 0 1286 0 1287 62 1288 0 1289 0 1290 0 1291 62 1292 0 1293 0 1294 0 1295 63 1296 0 1297 0 1298 0 1299 63 1300 0 1301 0 1302 0 1303 63 1304 0 1305 0 1306 0 1307 63 1308 0 1309 0 1310 0 1311 63 1312 0 1313 0 1314 0 1315 63 1316 0 1317 0 1318 0 1319 63 1320 0 1321 0 1322 0 1323 63 1324 0 1325 0 1326 0 1327 63 1328 0 1329 0 1330 0 1331 63 1332 0 1333 0 1334 0 1335 63 1336 0 1337 0 1338 0 1339 63 1340 0 1341 0 1342 0 1343 36 1344 0 1345 0 1346 0 1347 36 1348 0 1349 0 1350 0 1351 36 1352 0 1353 0 1354 0 1355 36 1356 0 1357 0 1358 0 1359 36 1360 0 1361 0 1362 0 1363 36 1364 0 1365 0 1366 0 1367 36 1368 0 1369 0 1370 0 1371 69 1372 0 1373 0 1374 0 1375 69 1376 0 1377 0 1378 0 1379 69 1380 0 1381 0 1382 0 1383 69 1384 0 1385 0 1386 0 1387 69 1388 0 1389 0 1390 0 1391 69 1392 0 1393 0 1394 0 1395 69 1396 0 1397 0 1398 0 1399 69 1400 0 1401 0 1402 0 1403 70 1404 0 1405 0 1406 0 1407 70 1408 0 1409 0 1410 0 1411 69 1412 0 1413 0 1414 0 1415 52 1416 69 1417 0 1418 0 1419 52 1420 0 1421 0 1422 0 1423 52 1424 0 1425 0 1426 0 1427 52 1428 0 1429 0 1430 0 1431 69 1432 0 1433 0 1434 0 1435 69 1436 0 1437 0 1438 0 1439 52 1440 0 1441 0 1442 0 1443 3 1444 0 1445 0 1446 0 1447 3 1448 0 1449 0 1450 0 1451 3 1452 0 1453 0 1454 0 1455 3 1456 0 1457 0 1458 0 1459 3 1460 0 1461 0 1462 0 1463 3 1464 0 1465 0 1466 0 1467 3 1468 0 1469 0 1470 0 1471 3 1472 0 1473 0 1474 0 1475 3 1476 0 1477 0 1478 0 1479 3 1480 22 1481 0 1482 0 1483 3 1484 4 1485 0 1486 0 1487 3 1488 4 1489 0 1490 0 1491 3 1492 4 1493 0 1494 0 1495 3 1496 4 1497 0 1498 0 1499 4 1500 3 1501 0 1502 0 1503 4 1504 3 1505 0 1506 0 1507 4 1508 3 1509 0 1510 0 1511 3 1512 0 1513 0 1514 0 1515 3 1516 0 1517 0 1518 0 1519 3 1520 0 1521 0 1522 0 1523 3 1524 0 1525 0 1526 0 1527 3 1528 0 1529 0 1530 0 1531 3 1532 0 1533 0 1534 0 1535 3 1536 0 1537 0 1538 0 1539 3 1540 0 1541 0 1542 0 1543 3 1544 0 1545 0 1546 0 1547 3 1548 0 1549 0 1550 0 1551 3 1552 0 1553 0 1554 0 1555 3 1556 0 1557 0 1558 0 1559 3 1560 0 1561 0 1562 0 1563 3 1564 0 1565 0 1566 0 1567 3 1568 22 1569 0 1570 0 1571 3 1572 22 1573 0 1574 0 1575 3 1576 0 1577 0 1578 0 1579 4 1580 3 1581 0 1582 0 1583 4 1584 3 1585 0 1586 0 1587 4 1588 3 1589 0 1590 0 1591 4 1592 3 1593 0 1594 0 1595 4 1596 3 1597 0 1598 0 1599 4 1600 3 1601 0 1602 0 1603 3 1604 38 1605 0 1606 0 1607 3 1608 38 1609 0 1610 0 1611 3 1612 0 1613 0 1614 0 1615 3 1616 0 1617 0 1618 0 1619 4 1620 0 1621 0 1622 0 1623 4 1624 0 1625 0 1626 0 1627 4 1628 3 1629 0 1630 0 1631 4 1632 3 1633 0 1634 0 1635 4 1636 3 1637 0 1638 0 1639 22 1640 0 1641 0 1642 0 1643 22 1644 0 1645 0 1646 0 1647 3 1648 4 1649 0 1650 0 1651 3 1652 4 1653 0 1654 0 1655 50 1656 0 1657 0 1658 0 1659 50 1660 0 1661 0 1662 0 1663 50 1664 0 1665 0 1666 0 1667 50 1668 0 1669 0 1670 0 1671 50 1672 0 1673 0 1674 0 1675 50 1676 0 1677 0 1678 0 1679 50 1680 0 1681 0 1682 0 1683 3 1684 0 1685 0 1686 0 1687 3 1688 0 1689 0 1690 0 1691 3 1692 0 1693 0 1694 0 1695 3 1696 0 1697 0 1698 0 1699 3 1700 0 1701 0 1702 0 1703 3 1704 0 1705 0 1706 0 1707 3 1708 0 1709 0 1710 0 1711 3 1712 0 1713 0 1714 0 1715 3 1716 0 1717 0 1718 0 1719 3 1720 0 1721 0 1722 0 1723 3 1724 0 1725 0 1726 0 1727 3 1728 0 1729 0 1730 0 1731 3 1732 0 1733 0 1734 0 1735 3 1736 0 1737 0 1738 0 1739 3 1740 0 1741 0 1742 0 1743 3 1744 0 1745 0 1746 0 1747 3 1748 0 1749 0 1750 0 1751 3 1752 0 1753 0 1754 0 1755 3 1756 0 1757 0 1758 0 1759 3 1760 0 1761 0 1762 0 1763 3 1764 0 1765 0 1766 0 1767 3 1768 0 1769 0 1770 0 1771 3 1772 0 1773 0 1774 0 1775 3 1776 0 1777 0 1778 0 1779 52 1780 0 1781 0 1782 0 1783 52 1784 0 1785 0 1786 0 1787 2 1788 0 1789 0 1790 0 1791 2 1792 0 1793 0 1794 0 1795 2 1796 0 1797 0 1798 0 1799 2 1800 0 1801 0 1802 0 1803 3 1804 0 1805 0 1806 0 1807 3 1808 0 1809 0 1810 0 1811 3 1812 0 1813 0 1814 0 1815 3 1816 0 1817 0 1818 0 1819 3 1820 0 1821 0 1822 0 1823 3 1824 0 1825 0 1826 0 1827 3 1828 2 1829 0 1830 0 1831 3 1832 0 1833 0 1834 0 1835 3 1836 0 1837 0 1838 0 1839 52 1840 0 1841 0 1842 0 1843 52 1844 0 1845 0 1846 0 1847 52 1848 0 1849 0 1850 0 1851 52 1852 0 1853 0 1854 0 1855 52 1856 0 1857 0 1858 0 1859 52 1860 0 1861 0 1862 0 1863 2 1864 0 1865 0 1866 0 1867 2 1868 0 1869 0 1870 0 1871 3 1872 0 1873 0 1874 0 1875 3 1876 0 1877 0 1878 0 1879 3 1880 0 1881 0 1882 0 1883 3 1884 0 1885 0 1886 0 1887 52 1888 0 1889 0 1890 0 1891 52 1892 0 1893 0 1894 0 1895 52 1896 0 1897 0 1898 0 1899 52 1900 0 1901 0 1902 0 1903 52 1904 0 1905 0 1906 0 1907 52 1908 0 1909 0 1910 0 1911 52 1912 0 1913 0 1914 0 1915 52 1916 0 1917 0 1918 0 1919 52 1920 0 1921 0 1922 0 1923 52 1924 0 1925 0 1926 0 1927 52 1928 0 1929 0 1930 0 1931 3 1932 0 1933 0 1934 0 1935 3 1936 0 1937 0 1938 0 1939 3 1940 0 1941 0 1942 0 1943 3 1944 0 1945 0 1946 0 1947 3 1948 0 1949 0 1950 0 1951 3 1952 0 1953 0 1954 0 1955 3 1956 0 1957 0 1958 0 1959 3 1960 0 1961 0 1962 0 1963 3 1964 0 1965 0 1966 0 1967 3 1968 0 1969 0 1970 0 1971 3 1972 0 1973 0 1974 0 1975 3 1976 0 1977 0 1978 0 1979 3 1980 0 1981 0 1982 0 1983 3 1984 0 1985 0 1986 0 1987 3 1988 0 1989 0 1990 0 1991 52 1992 0 1993 0 1994 0 1995 52 1996 0 1997 0 1998 0 1999 52 2000 0 2001 0 2002 0 2003 52 2004 0 2005 0 2006 0 2007 52 2008 0 2009 0 2010 0 2011 52 2012 0 2013 0 2014 0 2015 52 2016 0 2017 0 2018 0 2019 52 2020 0 2021 0 2022 0 2023 52 2024 0 2025 0 2026 0 2027 52 2028 0 2029 0 2030 0 2031 52 2032 0 2033 0 2034 0 2035 52 2036 0 2037 0 2038 0 2039 52 2040 0 2041 0 2042 0 2043 52 2044 0 2045 0 2046 0 2047 52 2048 0 2049 0 2050 0 2051 52 2052 0 2053 0 2054 0 2055 52 2056 0 2057 0 2058 0 2059 52 2060 0 2061 0 2062 0 2063 52 2064 0 2065 0 2066 0 2067 52 2068 0 2069 0 2070 0 2071 52 2072 0 2073 0 2074 0 2075 52 2076 0 2077 0 2078 0 2079 52 2080 0 2081 0 2082 0 2083 52 2084 0 2085 0 2086 0 2087 52 2088 0 2089 0 2090 0 2091 52 2092 0 2093 0 2094 0 2095 3 2096 0 2097 0 2098 0 2099 3 2100 0 2101 0 2102 0 2103 23 2104 0 2105 0 2106 0 2107 23 2108 0 2109 0 2110 0 2111 23 2112 0 2113 0 2114 0 2115 23 2116 3 2117 0 2118 0 2119 23 2120 0 2121 0 2122 0 2123 23 2124 22 2125 0 2126 0 2127 23 2128 0 2129 0 2130 0 2131 23 2132 22 2133 0 2134 0 2135 23 2136 0 2137 0 2138 0 2139 23 2140 22 2141 0 2142 0 2143 23 2144 22 2145 0 2146 0 2147 23 2148 0 2149 0 2150 0 2151 22 2152 23 2153 0 2154 0 2155 22 2156 23 2157 0 2158 0 2159 22 2160 23 2161 0 2162 0 2163 23 2164 0 2165 0 2166 0 2167 23 2168 0 2169 0 2170 0 2171 52 2172 0 2173 0 2174 0 2175 52 2176 0 2177 0 2178 0 2179 52 2180 0 2181 0 2182 0 2183 52 2184 0 2185 0 2186 0 2187 52 2188 69 2189 0 2190 0 2191 69 2192 0 2193 0 2194 0 2195 69 2196 0 2197 0 2198 0 2199 52 2200 0 2201 0 2202 0 2203 52 2204 0 2205 0 2206 0 2207 61 2208 0 2209 0 2210 0 2211 61 2212 0 2213 0 2214 0 2215 61 2216 0 2217 0 2218 0 2219 61 2220 0 2221 0 2222 0 2223 61 2224 0 2225 0 2226 0 2227 61 2228 0 2229 0 2230 0 2231 62 2232 0 2233 0 2234 0 2235 62 2236 0 2237 0 2238 0 2239 62 2240 0 2241 0 2242 0 2243 62 2244 0 2245 0 2246 0 2247 62 2248 0 2249 0 2250 0 2251 62 2252 0 2253 0 2254 0 2255 62 2256 0 2257 0 2258 0 2259 62 2260 0 2261 0 2262 0 2263 61 2264 0 2265 0 2266 0 2267 61 2268 0 2269 0 2270 0 2271 52 2272 61 2273 0 2274 0 2275 61 2276 0 2277 0 2278 0 2279 52 2280 61 2281 0 2282 0 2283 61 2284 0 2285 0 2286 0 2287 52 2288 61 2289 0 2290 0 2291 61 2292 0 2293 0 2294 0 2295 52 2296 0 2297 0 2298 0 2299 52 2300 0 2301 0 2302 0 2303 52 2304 0 2305 0 2306 0 2307 52 2308 0 2309 0 2310 0 2311 62 2312 0 2313 0 2314 0 2315 62 2316 0 2317 0 2318 0 2319 62 2320 0 2321 0 2322 0 2323 62 2324 0 2325 0 2326 0 2327 62 2328 0 2329 0 2330 0 2331 61 2332 62 2333 0 2334 0 2335 61 2336 0 2337 0 2338 0 2339 61 2340 0 2341 0 2342 0 2343 61 2344 0 2345 0 2346 0 2347 61 2348 0 2349 0 2350 0 2351 61 2352 0 2353 0 2354 0 2355 61 2356 0 2357 0 2358 0 2359 62 2360 0 2361 0 2362 0 2363 62 2364 0 2365 0 2366 0 2367 62 2368 0 2369 0 2370 0 2371 62 2372 0 2373 0 2374 0 2375 62 2376 0 2377 0 2378 0 2379 62 2380 0 2381 0 2382 0 2383 62 2384 0 2385 0 2386 0 2387 52 2388 0 2389 0 2390 0 2391 52 2392 0 2393 0 2394 0 2395 52 2396 0 2397 0 2398 0 2399 52 2400 0 2401 0 2402 0 2403 52 2404 0 2405 0 2406 0 2407 52 2408 0 2409 0 2410 0 2411 52 2412 0 2413 0 2414 0 2415 52 2416 69 2417 0 2418 0 2419 61 2420 62 2421 0 2422 0 2423 62 2424 0 2425 0 2426 0 2427 62 2428 0 2429 0 2430 0 2431 62 2432 0 2433 0 2434 0 2435 62 2436 0 2437 0 2438 0 2439 62 2440 0 2441 0 2442 0 2443 62 2444 0 2445 0 2446 0 2447 62 2448 0 2449 0 2450 0 2451 62 2452 0 2453 0 2454 0 2455 62 2456 0 2457 0 2458 0 2459 62 2460 0 2461 0 2462 0 2463 39 2464 0 2465 0 2466 0 2467 39 2468 0 2469 0 2470 0 2471 39 2472 0 2473 0 2474 0 2475 39 2476 0 2477 0 2478 0 2479 39 2480 0 2481 0 2482 0 2483 39 2484 0 2485 0 2486 0 2487 39 2488 38 2489 0 2490 0 2491 39 2492 38 2493 0 2494 0 2495 3 2496 0 2497 0 2498 0 2499 3 2500 0 2501 0 2502 0 2503 52 2504 0 2505 0 2506 0 2507 52 2508 0 2509 0 2510 0 2511 53 2512 0 2513 0 2514 0 2515 23 2516 0 2517 0 2518 0 2519 23 2520 0 2521 0 2522 0 2523 23 2524 0 2525 0 2526 0 2527 23 2528 0 2529 0 2530 0 2531 23 2532 0 2533 0 2534 0 2535 23 2536 0 2537 0 2538 0 2539 24 2540 32 2541 0 2542 0 2543 32 2544 0 2545 0 2546 0 2547 32 2548 0 2549 0 2550 0 2551 32 2552 0 2553 0 2554 0 2555 32 2556 0 2557 0 2558 0 2559 32 2560 0 2561 0 2562 0 2563 23 2564 0 2565 0 2566 0 2567 23 2568 0 2569 0 2570 0 2571 24 2572 32 2573 0 2574 0 2575 23 2576 0 2577 0 2578 0 2579 23 2580 0 2581 0 2582 0 2583 23 2584 0 2585 0 2586 0 2587 23 2588 0 2589 0 2590 0 2591 23 2592 0 2593 0 2594 0 2595 23 2596 0 2597 0 2598 0 2599 23 2600 0 2601 0 2602 0 2603 23 2604 0 2605 0 2606 0 2607 23 2608 0 2609 0 2610 0 2611 23 2612 0 2613 0 2614 0 2615 53 2616 0 2617 0 2618 0 2619 23 2620 0 2621 0 2622 0 2623 24 2624 0 2625 0 2626 0 2627 24 2628 0 2629 0 2630 0 2631 23 2632 0 2633 0 2634 0 2635 23 2636 0 2637 0 2638 0 2639 23 2640 0 2641 0 2642 0 2643 23 2644 0 2645 0 2646 0 2647 23 2648 0 2649 0 2650 0 2651 23 2652 0 2653 0 2654 0 2655 3 2656 0 2657 0 2658 0 2659 23 2660 0 2661 0 2662 0 2663 3 2664 0 2665 0 2666 0 2667 70 2668 0 2669 0 2670 0 2671 70 2672 0 2673 0 2674 0 2675 70 2676 0 2677 0 2678 0 2679 70 2680 0 2681 0 2682 0 2683 70 2684 0 2685 0 2686 0 2687 70 2688 0 2689 0 2690 0 2691 69 2692 70 2693 0 2694 0 2695 69 2696 70 2697 0 2698 0 2699 69 2700 0 2701 0 2702 0 2703 69 2704 0 2705 0 2706 0 2707 69 2708 0 2709 0 2710 0 2711 69 2712 0 2713 0 2714 0 2715 70 2716 0 2717 0 2718 0 2719 70 2720 0 2721 0 2722 0 2723 70 2724 0 2725 0 2726 0 2727 70 2728 0 2729 0 2730 0 2731 70 2732 0 2733 0 2734 0 2735 70 2736 0 2737 0 2738 0 2739 70 2740 0 2741 0 2742 0 2743 70 2744 0 2745 0 2746 0 2747 70 2748 0 2749 0 2750 0 2751 70 2752 0 2753 0 2754 0 2755 70 2756 0 2757 0 2758 0 2759 70 2760 0 2761 0 2762 0 2763 70 2764 0 2765 0 2766 0 2767 70 2768 0 2769 0 2770 0 2771 70 2772 0 2773 0 2774 0 2775 70 2776 0 2777 0 2778 0 2779 70 2780 0 2781 0 2782 0 2783 70 2784 0 2785 0 2786 0 2787 70 2788 0 2789 0 2790 0 2791 70 2792 0 2793 0 2794 0 2795 70 2796 0 2797 0 2798 0 2799 70 2800 0 2801 0 2802 0 2803 4 2804 5 2805 0 2806 0 2807 4 2808 0 2809 0 2810 0 2811 4 2812 0 2813 0 2814 0 2815 4 2816 0 2817 0 2818 0 2819 4 2820 0 2821 0 2822 0 2823 4 2824 0 2825 0 2826 0 2827 70 2828 0 2829 0 2830 0 2831 70 2832 0 2833 0 2834 0 2835 70 2836 0 2837 0 2838 0 2839 70 2840 0 2841 0 2842 0 2843 70 2844 0 2845 0 2846 0 2847 70 2848 0 2849 0 2850 0 2851 62 2852 0 2853 0 2854 0 2855 62 2856 0 2857 0 2858 0 2859 62 2860 0 2861 0 2862 0 2863 62 2864 0 2865 0 2866 0 2867 62 2868 0 2869 0 2870 0 2871 62 2872 0 2873 0 2874 0 2875 62 2876 0 2877 0 2878 0 2879 70 2880 0 2881 0 2882 0 2883 24 2884 32 2885 0 2886 0 2887 24 2888 32 2889 0 2890 0 2891 24 2892 34 2893 0 2894 0 2895 24 2896 34 2897 0 2898 0 2899 24 2900 34 2901 0 2902 0 2903 34 2904 0 2905 0 2906 0 2907 24 2908 0 2909 0 2910 0 2911 24 2912 0 2913 0 2914 0 2915 23 2916 0 2917 0 2918 0 2919 23 2920 0 2921 0 2922 0 2923 23 2924 0 2925 0 2926 0 2927 23 2928 0 2929 0 2930 0 2931 23 2932 0 2933 0 2934 0 2935 23 2936 0 2937 0 2938 0 2939 23 2940 0 2941 0 2942 0 2943 23 2944 0 2945 0 2946 0 2947 23 2948 0 2949 0 2950 0 2951 23 2952 0 2953 0 2954 0 2955 23 2956 0 2957 0 2958 0 2959 23 2960 0 2961 0 2962 0 2963 24 2964 0 2965 0 2966 0 2967 24 2968 0 2969 0 2970 0 2971 23 2972 0 2973 0 2974 0 2975 23 2976 0 2977 0 2978 0 2979 23 2980 0 2981 0 2982 0 2983 23 2984 0 2985 0 2986 0 2987 23 2988 0 2989 0 2990 0 2991 24 2992 32 2993 0 2994 0 2995 24 2996 32 2997 0 2998 0 2999 24 3000 0 3001 0 3002 0 3003 65 3004 67 3005 0 3006 0 3007 65 3008 67 3009 0 3010 0 3011 65 3012 52 3013 0 3014 0 3015 65 3016 52 3017 0 3018 0 3019</v></vertex_weights></skin></controller></library_controllers>
<library_visual_scenes><visual_scene id="aqua-scene" name="Aqua"><node id="node-78-Armature" name="Armature" type="NODE"><matrix sid="transform">2.2902317 0 0 0 0 -3.07712913e-7 -2.29023201 0 0 2.29023201 -3.07712913e-7 0 0 0 0 1</matrix><node id="node-76-Root" name="Root" sid="Root" type="JOINT"><matrix sid="transform">1 0 0 0 0 3.42285418e-8 0.999999966 0 0 -0.999999966 3.42285418e-8 0 0 0 0 1</matrix><node id="node-75-center" name="center" sid="center" type="JOINT"><matrix sid="transform">3.42285361e-8 0.999999966 0 0 0.999999966 3.42285361e-8 1.50995814e-7 1.10674703 1.50995814e-7 0 -0.999999932 -0.00711619528 0 0 0 1</matrix><node id="node-49-hara" name="hara" sid="hara" type="JOINT"><matrix sid="transform">-0.00303271467 0.999995168 -1.48695118e-7 -5.37264011e-10 -2.08390057e-7 -3.32431488e-7 -1.00000006 0 -0.999995406 -0.00303253084 2.57381197e-8 -7.27609972e-10 0 0 0 1</matrix><node id="node-48-mune" name="mune" sid="mune" type="JOINT"><matrix sid="transform">0.982309238 -0.18726573 2.13512503e-8 1.16415322e-9 0.187265697 0.982309414 -8.89044296e-9 0.130896941 -1.93086554e-8 1.27315233e-8 1 0 0 0 0 1</matrix><node id="node-17-kubi" name="kubi" sid="kubi" type="JOINT"><matrix sid="transform">0.899352523 0.437224299 4.19226225e-9 1.11758709e-8 -0.437224247 0.89935263 2.10422218e-8 0.244459257 5.42984815e-9 -2.07573377e-8 0.99999994 0 0 0 0 1</matrix><node id="node-16-atama" name="atama" sid="atama" type="JOINT"><matrix sid="transform">0.988976688 -0.148071338 4.1479669e-9 2.25380063e-7 0.148071303 0.988976924 -6.58378509e-9 0.0764184296 -3.12737293e-9 7.12540654e-9 1 0 0 0 0 1</matrix><node id="node-1-ago" name="ago" sid="ago" type="JOINT"><matrix sid="transform">-0.481082972 0.876675122 6.61242602e-8 0.0174311362 -0.876675122 -0.481082972 3.94648028e-8 0.00893808715 6.64090768e-8 -3.89836516e-8 0.99999994 -7.7512452e-10 0 0 0 1</matrix><node id="node-0-ago_end" name="ago_end" sid="ago_end" type="JOINT"><matrix sid="transform">1 -1.49011612e-8 6.87312962e-9 3.35276127e-8 1.49011612e-8 1 0 0.120550409 -6.87312962e-9 0 1 0 0 0 0 1</matrix></node></node><node id="node-3-kamiA" name="kamiA" sid="kamiA" type="JOINT"><matrix sid="transform">-0.60629595 -0.240456556 -0.758014933 0.090364106 0.458536525 -0.88448665 -0.0861831965 0.142299592 -0.649730616 -0.399829711 0.646519135 -0.0477706827 0 0 0 1</matrix><node id="node-2-kamiA_end" name="kamiA_end" sid="kamiA_end" type="JOINT"><matrix sid="transform">1 5.21540739e-8 5.25033101e-7 0 -5.21540536e-8 1.00000012 -2.68919495e-8 0.120550558 -5.25033102e-7 2.68919253e-8 1 -1.39698386e-9 0 0 0 1</matrix></node></node><node id="node-5-kamiB" name="kamiB" sid="kamiB" type="JOINT"><matrix sid="transform">-0.00120590118 0.112961813 -0.993598653 0.058303941 0.0106395041 -0.993541567 -0.112968275 0.102845289 -0.99993051 -0.01070774 -0.00000397874677 0.0860214904 0 0 0 1</matrix><node id="node-4-kamiB_end" name="kamiB_end" sid="kamiB_end" type="JOINT"><matrix sid="transform">1 3.50041776e-9 -2.82396968e-8 3.7805421e-9 -3.50041771e-9 1 1.76493491e-9 0.120550551 2.82396968e-8 -1.76493482e-9 1 5.21825427e-9 0 0 0 1</matrix></node></node><node id="node-7-kamiC" name="kamiC" sid="kamiC" type="JOINT"><matrix sid="transform">-0.420042112 -0.467523273 -0.777808831 -0.0151026482 0.760326316 -0.649221841 -0.0203684281 0.168003038 -0.495447759 -0.599944138 0.628170719 -0.0701853931 0 0 0 1</matrix><node id="node-6-kamiC_end" name="kamiC_end" sid="kamiC_end" type="JOINT"><matrix sid="transform">1 3.72528917e-8 2.64495644e-7 -3.85567546e-7 -3.72529143e-8 1 8.5681675e-8 0.120550424 -2.6449561e-7 -8.56816747e-8 1.00000012 4.47034836e-8 0 0 0 1</matrix></node></node><node id="node-9-kamiD" name="kamiD" sid="kamiD" type="JOINT"><matrix sid="transform">-0.82209136 -0.37118192 -0.431729181 -0.105155937 0.472095837 -0.868263266 -0.152461772 0.124523357 -0.318263503 -0.32915497 0.88902494 -0.00655224314 0 0 0 1</matrix><node id="node-8-kamiD_end" name="kamiD_end" sid="kamiD_end" type="JOINT"><matrix sid="transform">1 -4.84287742e-8 7.45058021e-9 -3.35276127e-8 4.84287735e-8 1 8.94069709e-8 0.120550476 -7.45058365e-9 -8.94069599e-8 1.00000012 -3.7252903e-9 0 0 0 1</matrix></node></node><node id="node-11-kamiE" name="kamiE" sid="kamiE" type="JOINT"><matrix sid="transform">-0.262005863 -0.366102126 -0.892929125 -0.0441371165 0.365487451 -0.893973734 0.259288025 0.0756618008 -0.893180896 -0.258419407 0.36803183 -0.0881001353 0 0 0 1</matrix><node id="node-10-kamiE_end" name="kamiE_end" sid="kamiE_end" type="JOINT"><matrix sid="transform">1 6.33299351e-8 0 9.31322575e-9 -6.33299351e-8 1 -4.09781933e-8 0.120550394 0 4.09781933e-8 1 5.58793545e-8 0 0 0 1</matrix></node></node><node id="node-13-kamiF" name="kamiF" sid="kamiF" type="JOINT"><matrix sid="transform">0.374427714 0.079841236 -0.923803473 -0.050890293 -0.0473367078 -0.993340892 -0.105035783 0.0679090694 -0.926038735 0.0830594401 -0.368154755 0.0814740509 0 0 0 1</matrix><node id="node-12-kamiF_end" name="kamiF_end" sid="kamiF_end" type="JOINT"><matrix sid="transform">0.99999994 4.65610979e-10 0.00000496172288 2.60770321e-8 -4.65711513e-10 0.999999881 2.02562666e-8 0.12055032 -0.00000496172258 -2.02562665e-8 1 -6.51925802e-9 0 0 0 1</matrix></node></node><node id="node-15-kamiG" name="kamiG" sid="kamiG" type="JOINT"><matrix sid="transform">-0.916294593 -0.400503516 1.64906217e-7 -0.0337039605 0.400503325 -0.91629503 -2.44916166e-8 -0.0117963152 1.60911669e-7 4.36039765e-8 0.99999994 1.49885249e-9 0 0 0 1</matrix><node id="node-14-kamiG_end" name="kamiG_end" sid="kamiG_end" type="JOINT"><matrix sid="transform">1 0 -1.33776929e-8 2.23517418e-8 0 1 0 0.120550469 1.33776945e-8 0 0.999999881 0 0 0 0 1</matrix></node></node></node></node><node id="node-33-R_kata" name="R_kata" sid="R_kata" type="JOINT"><matrix sid="transform">0.233706682 -0.0660793326 0.970059148 -0.000967328786 0.897048656 -0.370217339 -0.241335869 0.229698226 0.37507991 0.926592043 -0.027246008 0.0529063493 0 0 0 1</matrix><node id="node-32-R_ude1" name="R_ude1" sid="R_ude1" type="JOINT"><matrix sid="transform">-0.0981297543 0.387508414 0.916628462 -2.5308691e-7 0.00115129425 0.921117202 -0.38928301 0.0750603229 -0.995172859 -0.0371449056 -0.0908351847 9.87201929e-8 0 0 0 1</matrix><node id="node-29-R_ude2" name="R_ude2" sid="R_ude2" type="JOINT"><matrix sid="transform">0.999402512 -0.0345632655 3.92239798e-7 3.3644028e-8 0.0345632655 0.999402512 4.00003473e-7 0.239999831 -4.05830865e-7 -3.86207388e-7 1 -2.55182385e-7 0 0 0 1</matrix><node id="node-24-R_te" name="R_te" sid="R_te" type="JOINT"><matrix sid="transform">-0.00243260385 0.0347297537 -0.999393985 -1.67638063e-8 -0.0698318142 0.996950896 0.0348148482 0.284000069 0.99755584 0.0698741601 5.46465429e-8 -2.04774551e-7 0 0 0 1</matrix><node id="node-19-R_yubiB" name="R_yubiB" sid="R_yubiB" type="JOINT"><matrix sid="transform">0.808393565 -0.587405615 0.0381368148 -0.0233428851 0.586753047 0.809292637 0.0276806572 0.138288736 -0.0471236158 2.36647801e-8 0.998889065 0.00503933104 0 0 0 1</matrix><node id="node-18-R_yubiB_end" name="R_yubiB_end" sid="R_yubiB_end" type="JOINT"><matrix sid="transform">0.99999994 4.48199033e-8 -2.79396799e-9 8.84756446e-8 -4.48199034e-8 0.99999994 -9.31322602e-9 0.0986303613 2.79396757e-9 9.31322614e-9 0.99999994 1.86264515e-9 0 0 0 1</matrix></node></node><node id="node-21-R_yubiA" name="R_yubiA" sid="R_yubiA" type="JOINT"><matrix sid="transform">-0.185325107 -0.418279323 0.889211578 -0.0166373514 0.368155029 0.809428649 0.457479067 0.0441366471 -0.911107413 0.412149959 0.00398414754 0.0379791707 0 0 0 1</matrix><node id="node-20-R_yubiA_end" name="R_yubiA_end" sid="R_yubiA_end" type="JOINT"><matrix sid="transform">1 -2.98023286e-8 2.44006514e-7 6.75208867e-9 2.98023161e-8 1 5.12227452e-8 0.0986304134 -2.44006515e-7 -5.1222738e-8 1 -1.97906047e-8 0 0 0 1</matrix></node></node><node id="node-23-R_buki" name="R_buki" sid="R_buki" type="JOINT"><matrix sid="transform">0.995937755 0.0842516671 0.0321705843 -0.0262369718 0.0839178721 -0.996404923 0.0116238034 0.0908140913 0.0330346762 -0.00887678351 -0.999414874 0.00943894126 0 0 0 1</matrix><node id="node-22-R_buki_end" name="R_buki_end" sid="R_buki_end" type="JOINT"><matrix sid="transform">1 -8.0616904e-9 -9.19203502e-9 -7.39875929e-8 8.06169086e-9 0.99999994 -2.79392652e-9 0.0986303613 9.19203559e-9 2.79392644e-9 0.99999994 7.92688248e-10 0 0 0 1</matrix></node></node></node><node id="node-26-R_sodeB" name="R_sodeB" sid="R_sodeB" type="JOINT"><matrix sid="transform">-0.0301503466 0.0286567798 -0.999134674 0.00593228173 0.101761286 0.994483543 0.0254525762 0.183417723 0.994352025 -0.100905833 -0.0329001626 -0.0614073649 0 0 0 1</matrix><node id="node-25-R_sodeB_end" name="R_sodeB_end" sid="R_sodeB_end" type="JOINT"><matrix sid="transform">1 -3.352761e-8 -2.1784915e-7 -8.95849297e-8 3.35276133e-8 0.99999994 5.892407e-9 0.23990801 2.17849163e-7 -5.8924143e-9 0.99999994 1.44252255e-9 0 0 0 1</matrix></node></node><node id="node-28-R_sodeA" name="R_sodeA" sid="R_sodeA" type="JOINT"><matrix sid="transform">-0.0327022816 0.0257063672 -0.999134659 0.0000426312909 0.00815334737 0.999642781 0.025452584 0.237350717 0.999431924 -0.00731393426 -0.0329001966 0.0482665747 0 0 0 1</matrix><node id="node-27-R_sodeA_end" name="R_sodeA_end" sid="R_sodeA_end" type="JOINT"><matrix sid="transform">1 1.69966457e-8 -2.17195848e-7 -1.08162766e-7 -1.69966461e-8 1 -1.68801667e-9 0.239907876 2.17195861e-7 1.68802046e-9 0.99999994 1.18896892e-8 0 0 0 1</matrix></node></node></node><node id="node-31-R_armour" name="R_armour" sid="R_armour" type="JOINT"><matrix sid="transform">-0.0330263449 -0.00862522823 -0.999417223 -0.00176181097 0.0141304971 0.999858428 -0.00909599172 0.21680139 0.999354606 -0.0144226648 -0.0328998003 0.0519100465 0 0 0 1</matrix><node id="node-30-R_armour_end" name="R_armour_end" sid="R_armour_end" type="JOINT"><matrix sid="transform">1 1.11758754e-8 -2.77551249e-7 2.6248328e-8 -1.11758763e-8 0.99999994 -8.14907541e-10 0.231468171 2.77551266e-7 8.14910643e-10 0.99999994 6.2269403e-9 0 0 0 1</matrix></node></node></node></node><node id="node-47-L_kata" name="L_kata" sid="L_kata" type="JOINT"><matrix sid="transform">0.23370658 -0.0660794229 -0.970059506 -0.000967333675 0.897048507 -0.370217978 0.241335753 0.229698226 -0.375080606 -0.926591959 -0.027245939 -0.0529063493 0 0 0 1</matrix><node id="node-46-L_ude1" name="L_ude1" sid="L_ude1" type="JOINT"><matrix sid="transform">-0.0981294371 0.387508498 -0.916628457 -3.59257683e-7 0.00115125322 0.921117106 0.389283109 0.075060308 0.995173015 0.0371448209 -0.0908348623 -6.7288056e-8 0 0 0 1</matrix><node id="node-43-L_ude2" name="L_ude2" sid="L_ude2" type="JOINT"><matrix sid="transform">0.999402511 -0.0345632784 -4.72372312e-7 -1.90921128e-8 0.0345632804 0.999402452 2.09231997e-7 0.23999989 4.64858331e-7 -2.25433706e-7 1 -2.005836e-7 0 0 0 1</matrix><node id="node-38-L_te" name="L_te" sid="L_te" type="JOINT"><matrix sid="transform">-0.0024326386 0.0347297055 0.999394011 -9.31322575e-9 -0.0698325315 0.996951026 -0.0348147947 0.284000248 -0.997555814 -0.0698748898 4.10981715e-8 8.81263986e-8 0 0 0 1</matrix><node id="node-35-L_yubiB" name="L_yubiB" sid="L_yubiB" type="JOINT"><matrix sid="transform">0.808393391 -0.587405882 -0.0381368353 -0.0233428385 0.586753349 0.809292416 -0.0276806552 0.138288543 0.0471236396 -5.67859243e-8 0.998888945 -0.00503934966 0 0 0 1</matrix><node id="node-34-L_yubiB_end" name="L_yubiB_end" sid="L_yubiB_end" type="JOINT"><matrix sid="transform">1 -1.42608769e-9 -2.32830644e-8 -2.0256266e-8 1.4260877e-9 1 4.65661271e-10 0.100446686 2.32830644e-8 -4.65661304e-10 1 5.58793545e-9 0 0 0 1</matrix></node></node><node id="node-37-L_yubiA" name="L_yubiA" sid="L_yubiA" type="JOINT"><matrix sid="transform">-0.185325505 -0.418279135 -0.889211506 -0.0166372247 0.368154778 0.809428723 -0.457479052 0.0441364162 0.91110722 -0.412149999 0.00398364311 -0.0379791707 0 0 0 1</matrix><node id="node-36-L_yubiA_end" name="L_yubiA_end" sid="L_yubiA_end" type="JOINT"><matrix sid="transform">1 -1.24797222e-7 2.18860815e-7 1.58324838e-8 1.24797243e-7 1.00000012 -1.67172388e-7 0.100446656 -2.18860795e-7 1.67172436e-7 1 5.79748303e-8 0 0 0 1</matrix></node></node></node><node id="node-40-L_sodeA" name="L_sodeA" sid="L_sodeA" type="JOINT"><matrix sid="transform">-0.0327022818 0.0257063597 0.99913466 0.0000426163897 0.00815331819 0.99964302 -0.0254525713 0.237350851 -0.999431924 0.00731390725 -0.0329001959 -0.0482668094 0 0 0 1</matrix><node id="node-39-L_sodeA_end" name="L_sodeA_end" sid="L_sodeA_end" type="JOINT"><matrix sid="transform">1 -6.98491974e-9 2.12222817e-7 -1.23970096e-7 6.98491888e-9 1 4.04543027e-9 0.239907876 -2.1222283e-7 -4.04542903e-9 0.99999994 -6.15870999e-9 0 0 0 1</matrix></node></node><node id="node-42-L_sodeB" name="L_sodeB" sid="L_sodeB" type="JOINT"><matrix sid="transform">-0.0301501692 0.0286567827 0.999134674 0.00593228731 0.101761214 0.99448343 -0.0254526015 0.183417901 -0.994351912 0.100905765 -0.0328999889 0.0614072494 0 0 0 1</matrix><node id="node-41-L_sodeB_end" name="L_sodeB_end" sid="L_sodeB_end" type="JOINT"><matrix sid="transform">1 -4.4703487e-8 1.62341919e-7 -1.07847118e-8 4.47034872e-8 1 -1.2358096e-9 0.23990801 -1.62341919e-7 1.23581686e-9 1 -2.4917779e-9 0 0 0 1</matrix></node></node></node><node id="node-45-L_armour" name="L_armour" sid="L_armour" type="JOINT"><matrix sid="transform">-0.0330261703 -0.0086252578 0.999417222 -0.00176184997 0.0141298666 0.999858914 0.00909599391 0.216801628 -0.999354733 0.0144220384 -0.0328996272 -0.0519104861 0 0 0 1</matrix><node id="node-44-L_armour_end" name="L_armour_end" sid="L_armour_end" type="JOINT"><matrix sid="transform">1 -1.11758719e-8 1.95456233e-7 -1.03775648e-7 1.11758728e-8 0.99999994 -1.36787244e-9 0.231468275 -1.95456209e-7 1.36787438e-9 1.00000012 3.21285176e-9 0 0 0 1</matrix></node></node></node></node></node></node><node id="node-74-koshi" name="koshi" sid="koshi" type="JOINT"><matrix sid="transform">0.0572855368 -0.998357822 -4.08917273e-8 -5.37264011e-10 -3.88125061e-7 -3.07461842e-8 -1.00000005 0 0.998357822 0.0572855863 -4.35851769e-7 -7.27609972e-10 0 0 0 1</matrix><node id="node-51-L_susoB" name="L_susoB" sid="L_susoB" type="JOINT"><matrix sid="transform">0.00536715082 -0.0570339031 0.998357817 -0.00341380085 -0.0935394168 0.993966149 0.0572858855 0.197115749 -0.995601172 -0.0936932733 -1.51847458e-7 -0.155684143 0 0 0 1</matrix><node id="node-50-L_susoB_end" name="L_susoB_end" sid="L_susoB_end" type="JOINT"><matrix sid="transform">1 0 4.36806902e-8 -1.92293292e-9 0 1 -8.61514897e-9 0.180827543 -4.36806928e-8 8.61514948e-9 0.99999994 -1.13085008e-9 0 0 0 1</matrix></node></node><node id="node-53-L_susoA1" name="L_susoA1" sid="L_susoA1" type="JOINT"><matrix sid="transform">0.000472856304 -0.0361310851 0.999346935 0.00422728295 -0.00825051309 0.999312785 0.0361337624 0.213864654 -0.99996584 -0.00826220974 0.000174431384 -0.146727934 0 0 0 1</matrix><node id="node-52-L_susoA1_end" name="L_susoA1_end" sid="L_susoA1_end" type="JOINT"><matrix sid="transform">1 -1.96900432e-8 -1.03078173e-7 -2.18704592e-8 1.96900435e-8 1 3.28498019e-9 0.180827439 1.03078179e-7 -3.28498241e-9 0.99999994 -1.04955689e-9 0 0 0 1</matrix></node></node><node id="node-55-L_susoC1" name="L_susoC1" sid="L_susoC1" type="JOINT"><matrix sid="transform">-0.0740612571 0.424348492 0.902465217 0.118183099 -0.155159974 0.889026954 -0.430762881 0.0832305327 -0.985109359 -0.171929302 -5.64551172e-7 -0.0353504792 0 0 0 1</matrix><node id="node-54-L_susoC1_end" name="L_susoC1_end" sid="L_susoC1_end" type="JOINT"><matrix sid="transform">1 4.0978193e-8 8.46737965e-8 -1.3038516e-8 -4.09781936e-8 1 7.62610159e-9 0.180827513 -8.4673786e-8 -7.62610415e-9 1.00000012 -4.41270238e-8 0 0 0 1</matrix></node></node><node id="node-57-R_susoC1" name="R_susoC1" sid="R_susoC1" type="JOINT"><matrix sid="transform">-0.0740602249 0.424348639 -0.902465217 0.118451029 -0.155159996 0.889026719 0.430762911 0.0834287703 0.985109452 0.171928815 3.88925887e-7 0.0354810655 0 0 0 1</matrix><node id="node-56-R_susoC1_end" name="R_susoC1_end" sid="R_susoC1_end" type="JOINT"><matrix sid="transform">1 2.23517397e-8 -2.47902864e-8 -1.11758709e-8 -2.23517426e-8 0.99999994 -6.13305776e-8 0.180827707 2.47902865e-8 6.13305781e-8 0.99999994 3.35847794e-8 0 0 0 1</matrix></node></node><node id="node-61-L_momo" name="L_momo" sid="L_momo" type="JOINT"><matrix sid="transform">0.999900777 0.0140867706 4.47008304e-7 -0.00849170517 -0.0140867689 0.999900896 -6.29753052e-9 0.123575881 -4.47052609e-7 0 1.00000012 -0.0800452009 0 0 0 1</matrix><node id="node-60-L_sune" name="L_sune" sid="L_sune" type="JOINT"><matrix sid="transform">0.999949559 0.0100439071 -6.18974361e-8 -9.74502523e-9 -0.0100439077 0.999949499 -8.89977335e-10 0.390627891 6.18853677e-8 1.51162434e-9 1.00000012 -7.12701542e-9 0 0 0 1</matrix><node id="node-59-L_ashi1" name="L_ashi1" sid="L_ashi1" type="JOINT"><matrix sid="transform">-0.0795011586 -0.996834862 1.99486538e-8 8.58800142e-9 0.996834803 -0.0795011633 -7.28454931e-8 0.454305947 7.42008472e-8 1.40942153e-8 1.00000012 3.60522012e-9 0 0 0 1</matrix><node id="node-58-L_ashi1_end" name="L_ashi1_end" sid="L_ashi1_end" type="JOINT"><matrix sid="transform">0.99999994 -1.23400252e-8 0 1.55822004e-8 1.23400252e-8 0.99999994 0 0.454305977 0 0 0.999999881 7.56478347e-9 0 0 0 1</matrix></node></node></node></node><node id="node-63-L_skt" name="L_skt" sid="L_skt" type="JOINT"><matrix sid="transform">0.999063124 -0.0426770975 -0.00717911963 -0.0847463384 0.0432402677 0.991197965 0.125127431 0.0101714069 0.0017758535 -0.125320629 0.992114705 -0.04623577 0 0 0 1</matrix><node id="node-62-L_skt_end" name="L_skt_end" sid="L_skt_end" type="JOINT"><matrix sid="transform">1 7.73434247e-9 -1.57307065e-9 1.3387762e-9 -7.73434296e-9 0.99999994 -2.23542393e-8 0.180827424 1.57307048e-9 2.2354238e-8 1 2.99967873e-9 0 0 0 1</matrix></node></node><node id="node-65-R_skt" name="R_skt" sid="R_skt" type="JOINT"><matrix sid="transform">0.999063126 -0.0426770026 0.00717944514 -0.0847463161 0.043240214 0.991197985 -0.125127305 0.010171405 -0.00177619327 0.125320502 0.992114838 0.046235837 0 0 0 1</matrix><node id="node-64-R_skt_end" name="R_skt_end" sid="R_skt_end" type="JOINT"><matrix sid="transform">1 8.28730764e-9 -0.0000017977336 8.19272827e-9 -8.28732381e-9 1 -8.99259655e-9 0.180827588 0.0000017977336 8.99261144e-9 1 2.10145146e-8 0 0 0 1</matrix></node></node><node id="node-69-R_momo" name="R_momo" sid="R_momo" type="JOINT"><matrix sid="transform">0.999900777 0.0140867706 4.47008304e-7 -0.00849163812 -0.0140867689 0.999900896 -6.29753052e-9 0.123575881 -4.47052609e-7 0 1.00000012 0.0800452083 0 0 0 1</matrix><node id="node-68-R_sune" name="R_sune" sid="R_sune" type="JOINT"><matrix sid="transform">0.999949559 0.010043922 -6.18974503e-8 -1.26067166e-8 -0.0100439226 0.999949499 -8.89977025e-10 0.390627891 6.18853819e-8 1.51162509e-9 1.00000012 7.77414577e-9 0 0 0 1</matrix><node id="node-67-R_ashi1" name="R_ashi1" sid="R_ashi1" type="JOINT"><matrix sid="transform">-0.0795016888 -0.996834842 8.01156736e-8 4.45051551e-9 0.996834842 -0.0795016888 -2.11572652e-9 0.454306215 8.47835117e-9 7.96938736e-8 1.00000012 3.60521923e-9 0 0 0 1</matrix><node id="node-66-R_ashi1_end" name="R_ashi1_end" sid="R_ashi1_end" type="JOINT"><matrix sid="transform">1 -2.44472176e-9 0 5.5833036e-9 2.44472176e-9 1 0 0.454306185 0 0 0.999999881 -1.19137074e-8 0 0 0 1</matrix></node></node></node></node><node id="node-71-R_susoB" name="R_susoB" sid="R_susoB" type="JOINT"><matrix sid="transform">0.00536782257 -0.0570338268 -0.998357817 -0.00341367093 -0.0935393896 0.993966152 -0.0572858724 0.197115749 0.99560117 0.0936932846 5.24554899e-7 0.155684143 0 0 0 1</matrix><node id="node-70-R_susoB_end" name="R_susoB_end" sid="R_susoB_end" type="JOINT"><matrix sid="transform">1 1.86264447e-8 -1.02107336e-7 -2.64835851e-8 -1.86264441e-8 1 5.51166985e-9 0.180827528 1.02107336e-7 -5.51166795e-9 1 1.77903203e-9 0 0 0 1</matrix></node></node><node id="node-73-R_susoA1" name="R_susoA1" sid="R_susoA1" type="JOINT"><matrix sid="transform">0.000468644416 -0.0361310788 -0.999346937 0.00422741612 -0.00825066563 0.999312785 -0.0361337213 0.213864595 0.99996584 0.00826220996 0.000170216931 0.146727934 0 0 0 1</matrix><node id="node-72-R_susoA1_end" name="R_susoA1_end" sid="R_susoA1_end" type="JOINT"><matrix sid="transform">1 2.98486404e-8 6.9773087e-7 -7.14024395e-9 -2.9848645e-8 1 6.59564522e-9 0.180827558 -6.97730911e-7 -6.59566643e-9 0.99999994 2.49747245e-9 0 0 0 1</matrix></node></node></node></node></node><node id="aqua-mesh-0" name="Aqua_PS2_Hair" type="NODE"><matrix sid="transform">1 0 0 0 0 1 0 0 0 0 1 0 0 0 0 1</matrix><instance_controller url="#aqua-controller-0"><skeleton>#node-76-Root</skeleton><bind_material><technique_common><instance_material symbol="aqua-material-0-symbol" target="#aqua-material-0"><bind_vertex_input semantic="UVSET0" input_semantic="TEXCOORD" input_set="0"/></instance_material></technique_common></bind_material></instance_controller></node><node id="aqua-mesh-1" name="Aqua_PS2_Skin" type="NODE"><matrix sid="transform">1 0 0 0 0 1 0 0 0 0 1 0 0 0 0 1</matrix><instance_controller url="#aqua-controller-1"><skeleton>#node-76-Root</skeleton><bind_material><technique_common><instance_material symbol="aqua-material-1-symbol" target="#aqua-material-1"><bind_vertex_input semantic="UVSET0" input_semantic="TEXCOORD" input_set="0"/></instance_material></technique_common></bind_material></instance_controller></node><node id="aqua-mesh-2" name="Aqua_PS2_Cloth" type="NODE"><matrix sid="transform">1 0 0 0 0 1 0 0 0 0 1 0 0 0 0 1</matrix><instance_controller url="#aqua-controller-2"><skeleton>#node-76-Root</skeleton><bind_material><technique_common><instance_material symbol="aqua-material-2-symbol" target="#aqua-material-2"><bind_vertex_input semantic="UVSET0" input_semantic="TEXCOORD" input_set="0"/></instance_material></technique_common></bind_material></instance_controller></node></node></visual_scene></library_visual_scenes>
<scene><instance_visual_scene url="#aqua-scene"/></scene>
</COLLADA>